time_s,batch_id,run_id,mission_id,seed,mode,status,authority,wall_time_s,simulation_rate,terrain_source,terrain_valid,completion_reason,report_path
0,"","KTEX_EMERGENCY_RTB_01-00001000","KTEX_EMERGENCY_RTB_01",1000,Manual,Running,ManualPilot,0,0,None,False,"",""
0,"","KTEX_EMERGENCY_RTB_01-00001000","KTEX_EMERGENCY_RTB_01",1000,Batch,Running,AutomationPilot,0,0,None,False,"",""
0.19000000000000003,"smoke-00001000","KTEX_EMERGENCY_RTB_01-00001000","KTEX_EMERGENCY_RTB_01",1000,Batch,Running,AutomationPilot,0.0045705,2.1879444262115744,MissionCache,True,"","D:\Workspace\MM\FlightSim\FlightSimProject\Artifacts\FlightSimVerification\Missions\smoke-00001000\KTEX_EMERGENCY_RTB_01-00001000"
0.39000000000000018,"smoke-00001000","KTEX_EMERGENCY_RTB_01-00001000","KTEX_EMERGENCY_RTB_01",1000,Batch,Running,AutomationPilot,0.0073725,28.484231943031542,MissionCache,True,"","D:\Workspace\MM\FlightSim\FlightSimProject\Artifacts\FlightSimVerification\Missions\smoke-00001000\KTEX_EMERGENCY_RTB_01-00001000"
0.5900000000000003,"smoke-00001000","KTEX_EMERGENCY_RTB_01-00001000","KTEX_EMERGENCY_RTB_01",1000,Batch,Running,AutomationPilot,0.0097720999999999988,41.95618137350214,MissionCache,True,"","D:\Workspace\MM\FlightSim\FlightSimProject\Artifacts\FlightSimVerification\Missions\smoke-00001000\KTEX_EMERGENCY_RTB_01-00001000"
0.79000000000000048,"smoke-00001000","KTEX_EMERGENCY_RTB_01-00001000","KTEX_EMERGENCY_RTB_01",1000,Batch,Running,AutomationPilot,0.0112667,54.141851651326505,MissionCache,True,"","D:\Workspace\MM\FlightSim\FlightSimProject\Artifacts\FlightSimVerification\Missions\smoke-00001000\KTEX_EMERGENCY_RTB_01-00001000"
0.99000000000000066,"smoke-00001000","KTEX_EMERGENCY_RTB_01-00001000","KTEX_EMERGENCY_RTB_01",1000,Batch,Running,AutomationPilot,0.012685,63.854946787544385,MissionCache,True,"","D:\Workspace\MM\FlightSim\FlightSimProject\Artifacts\FlightSimVerification\Missions\smoke-00001000\KTEX_EMERGENCY_RTB_01-00001000"
1.1900000000000008,"smoke-00001000","KTEX_EMERGENCY_RTB_01-00001000","KTEX_EMERGENCY_RTB_01",1000,Batch,Running,AutomationPilot,0.014102799999999999,71.616983861360922,MissionCache,True,"","D:\Workspace\MM\FlightSim\FlightSimProject\Artifacts\FlightSimVerification\Missions\smoke-00001000\KTEX_EMERGENCY_RTB_01-00001000"
1.390000000000001,"smoke-00001000","KTEX_EMERGENCY_RTB_01-00001000","KTEX_EMERGENCY_RTB_01",1000,Batch,Running,AutomationPilot,0.015514199999999999,77.993064418403847,MissionCache,True,"","D:\Workspace\MM\FlightSim\FlightSimProject\Artifacts\FlightSimVerification\Missions\smoke-00001000\KTEX_EMERGENCY_RTB_01-00001000"
1.5900000000000012,"smoke-00001000","KTEX_EMERGENCY_RTB_01-00001000","KTEX_EMERGENCY_RTB_01",1000,Batch,Running,AutomationPilot,0.016969599999999998,83.0897605129173,MissionCache,True,"","D:\Workspace\MM\FlightSim\FlightSimProject\Artifacts\FlightSimVerification\Missions\smoke-00001000\KTEX_EMERGENCY_RTB_01-00001000"
1.7900000000000014,"smoke-00001000","KTEX_EMERGENCY_RTB_01-00001000","KTEX_EMERGENCY_RTB_01",1000,Batch,Running,AutomationPilot,0.018526499999999998,86.902545003103739,MissionCache,True,"","D:\Workspace\MM\FlightSim\FlightSimProject\Artifacts\FlightSimVerification\Missions\smoke-00001000\KTEX_EMERGENCY_RTB_01-00001000"
1.9900000000000015,"smoke-00001000","KTEX_EMERGENCY_RTB_01-00001000","KTEX_EMERGENCY_RTB_01",1000,Batch,Running,AutomationPilot,0.0212517,85.169657015674119,MissionCache,True,"","D:\Workspace\MM\FlightSim\FlightSimProject\Artifacts\FlightSimVerification\Missions\smoke-00001000\KTEX_EMERGENCY_RTB_01-00001000"
2.1899999999999973,"smoke-00001000","KTEX_EMERGENCY_RTB_01-00001000","KTEX_EMERGENCY_RTB_01",1000,Batch,Running,AutomationPilot,0.0226459,88.757788385535619,MissionCache,True,"","D:\Workspace\MM\FlightSim\FlightSimProject\Artifacts\FlightSimVerification\Missions\smoke-00001000\KTEX_EMERGENCY_RTB_01-00001000"
2.389999999999993,"smoke-00001000","KTEX_EMERGENCY_RTB_01-00001000","KTEX_EMERGENCY_RTB_01",1000,Batch,Running,AutomationPilot,0.0242555,91.113355733750979,MissionCache,True,"","D:\Workspace\MM\FlightSim\FlightSimProject\Artifacts\FlightSimVerification\Missions\smoke-00001000\KTEX_EMERGENCY_RTB_01-00001000"
2.5899999999999888,"smoke-00001000","KTEX_EMERGENCY_RTB_01-00001000","KTEX_EMERGENCY_RTB_01",1000,Batch,Running,AutomationPilot,0.0258124,93.365979141807529,MissionCache,True,"","D:\Workspace\MM\FlightSim\FlightSimProject\Artifacts\FlightSimVerification\Missions\smoke-00001000\KTEX_EMERGENCY_RTB_01-00001000"
2.7899999999999845,"smoke-00001000","KTEX_EMERGENCY_RTB_01-00001000","KTEX_EMERGENCY_RTB_01",1000,Batch,Running,AutomationPilot,0.027206599999999997,95.932604588592056,MissionCache,True,"","D:\Workspace\MM\FlightSim\FlightSimProject\Artifacts\FlightSimVerification\Missions\smoke-00001000\KTEX_EMERGENCY_RTB_01-00001000"
2.9899999999999802,"smoke-00001000","KTEX_EMERGENCY_RTB_01-00001000","KTEX_EMERGENCY_RTB_01",1000,Batch,Running,AutomationPilot,0.028591199999999997,98.281988863705763,MissionCache,True,"","D:\Workspace\MM\FlightSim\FlightSimProject\Artifacts\FlightSimVerification\Missions\smoke-00001000\KTEX_EMERGENCY_RTB_01-00001000"
3.189999999999976,"smoke-00001000","KTEX_EMERGENCY_RTB_01-00001000","KTEX_EMERGENCY_RTB_01",1000,Batch,Running,AutomationPilot,0.030060299999999998,100.13206787690009,MissionCache,True,"","D:\Workspace\MM\FlightSim\FlightSimProject\Artifacts\FlightSimVerification\Missions\smoke-00001000\KTEX_EMERGENCY_RTB_01-00001000"
3.3899999999999717,"smoke-00001000","KTEX_EMERGENCY_RTB_01-00001000","KTEX_EMERGENCY_RTB_01",1000,Batch,Running,AutomationPilot,0.0314112,102.19284841075716,MissionCache,True,"","D:\Workspace\MM\FlightSim\FlightSimProject\Artifacts\FlightSimVerification\Missions\smoke-00001000\KTEX_EMERGENCY_RTB_01-00001000"
3.5899999999999674,"smoke-00001000","KTEX_EMERGENCY_RTB_01-00001000","KTEX_EMERGENCY_RTB_01",1000,Batch,Running,AutomationPilot,0.0327721,104.05192221432168,MissionCache,True,"","D:\Workspace\MM\FlightSim\FlightSimProject\Artifacts\FlightSimVerification\Missions\smoke-00001000\KTEX_EMERGENCY_RTB_01-00001000"
3.7899999999999632,"smoke-00001000","KTEX_EMERGENCY_RTB_01-00001000","KTEX_EMERGENCY_RTB_01",1000,Batch,Running,AutomationPilot,0.0341087,105.83809995690153,MissionCache,True,"","D:\Workspace\MM\FlightSim\FlightSimProject\Artifacts\FlightSimVerification\Missions\smoke-00001000\KTEX_EMERGENCY_RTB_01-00001000"
3.9899999999999589,"smoke-00001000","KTEX_EMERGENCY_RTB_01-00001000","KTEX_EMERGENCY_RTB_01",1000,Batch,Running,AutomationPilot,0.0354637,107.43379850382117,MissionCache,True,"","D:\Workspace\MM\FlightSim\FlightSimProject\Artifacts\FlightSimVerification\Missions\smoke-00001000\KTEX_EMERGENCY_RTB_01-00001000"
4.1899999999999551,"smoke-00001000","KTEX_EMERGENCY_RTB_01-00001000","KTEX_EMERGENCY_RTB_01",1000,Batch,Running,AutomationPilot,0.036798,108.97331376705145,MissionCache,True,"","D:\Workspace\MM\FlightSim\FlightSimProject\Artifacts\FlightSimVerification\Missions\smoke-00001000\KTEX_EMERGENCY_RTB_01-00001000"
4.3899999999999508,"smoke-00001000","KTEX_EMERGENCY_RTB_01-00001000","KTEX_EMERGENCY_RTB_01",1000,Batch,Running,AutomationPilot,0.0382224,110.14483653564284,MissionCache,True,"","D:\Workspace\MM\FlightSim\FlightSimProject\Artifacts\FlightSimVerification\Missions\smoke-00001000\KTEX_EMERGENCY_RTB_01-00001000"
4.5899999999999466,"smoke-00001000","KTEX_EMERGENCY_RTB_01-00001000","KTEX_EMERGENCY_RTB_01",1000,Batch,Running,AutomationPilot,0.039941,110.41285896697505,MissionCache,True,"","D:\Workspace\MM\FlightSim\FlightSimProject\Artifacts\FlightSimVerification\Missions\smoke-00001000\KTEX_EMERGENCY_RTB_01-00001000"
4.7899999999999423,"smoke-00001000","KTEX_EMERGENCY_RTB_01-00001000","KTEX_EMERGENCY_RTB_01",1000,Batch,Running,AutomationPilot,0.0413869,111.38790293546863,MissionCache,True,"","D:\Workspace\MM\FlightSim\FlightSimProject\Artifacts\FlightSimVerification\Missions\smoke-00001000\KTEX_EMERGENCY_RTB_01-00001000"
4.989999999999938,"smoke-00001000","KTEX_EMERGENCY_RTB_01-00001000","KTEX_EMERGENCY_RTB_01",1000,Batch,Running,AutomationPilot,0.043718299999999995,110.02257635818279,MissionCache,True,"","D:\Workspace\MM\FlightSim\FlightSimProject\Artifacts\FlightSimVerification\Missions\smoke-00001000\KTEX_EMERGENCY_RTB_01-00001000"
5.1899999999999338,"smoke-00001000","KTEX_EMERGENCY_RTB_01-00001000","KTEX_EMERGENCY_RTB_01",1000,Batch,Running,AutomationPilot,0.045078599999999996,111.13921017955167,MissionCache,True,"","D:\Workspace\MM\FlightSim\FlightSimProject\Artifacts\FlightSimVerification\Missions\smoke-00001000\KTEX_EMERGENCY_RTB_01-00001000"
5.3899999999999295,"smoke-00001000","KTEX_EMERGENCY_RTB_01-00001000","KTEX_EMERGENCY_RTB_01",1000,Batch,Running,AutomationPilot,0.046420499999999996,112.23489622041843,MissionCache,True,"","D:\Workspace\MM\FlightSim\FlightSimProject\Artifacts\FlightSimVerification\Missions\smoke-00001000\KTEX_EMERGENCY_RTB_01-00001000"
5.5899999999999253,"smoke-00001000","KTEX_EMERGENCY_RTB_01-00001000","KTEX_EMERGENCY_RTB_01",1000,Batch,Running,AutomationPilot,0.047753399999999994,113.29036257104059,MissionCache,True,"","D:\Workspace\MM\FlightSim\FlightSimProject\Artifacts\FlightSimVerification\Missions\smoke-00001000\KTEX_EMERGENCY_RTB_01-00001000"
5.789999999999921,"smoke-00001000","KTEX_EMERGENCY_RTB_01-00001000","KTEX_EMERGENCY_RTB_01",1000,Batch,Running,AutomationPilot,0.049462,113.42040354211161,MissionCache,True,"","D:\Workspace\MM\FlightSim\FlightSimProject\Artifacts\FlightSimVerification\Missions\smoke-00001000\KTEX_EMERGENCY_RTB_01-00001000"
5.9899999999999167,"smoke-00001000","KTEX_EMERGENCY_RTB_01-00001000","KTEX_EMERGENCY_RTB_01",1000,Batch,Running,AutomationPilot,0.0508861,114.17656295137417,MissionCache,True,"","D:\Workspace\MM\FlightSim\FlightSimProject\Artifacts\FlightSimVerification\Missions\smoke-00001000\KTEX_EMERGENCY_RTB_01-00001000"
6.1899999999999125,"smoke-00001000","KTEX_EMERGENCY_RTB_01-00001000","KTEX_EMERGENCY_RTB_01",1000,Batch,Running,AutomationPilot,0.0522259,115.07700202389842,MissionCache,True,"","D:\Workspace\MM\FlightSim\FlightSimProject\Artifacts\FlightSimVerification\Missions\smoke-00001000\KTEX_EMERGENCY_RTB_01-00001000"
6.3899999999999082,"smoke-00001000","KTEX_EMERGENCY_RTB_01-00001000","KTEX_EMERGENCY_RTB_01",1000,Batch,Running,AutomationPilot,0.053561199999999996,115.94213721873133,MissionCache,True,"","D:\Workspace\MM\FlightSim\FlightSimProject\Artifacts\FlightSimVerification\Missions\smoke-00001000\KTEX_EMERGENCY_RTB_01-00001000"
6.5899999999999039,"smoke-00001000","KTEX_EMERGENCY_RTB_01-00001000","KTEX_EMERGENCY_RTB_01",1000,Batch,Running,AutomationPilot,0.0552883,115.93773004414872,MissionCache,True,"","D:\Workspace\MM\FlightSim\FlightSimProject\Artifacts\FlightSimVerification\Missions\smoke-00001000\KTEX_EMERGENCY_RTB_01-00001000"
6.7899999999999,"smoke-00001000","KTEX_EMERGENCY_RTB_01-00001000","KTEX_EMERGENCY_RTB_01",1000,Batch,Running,AutomationPilot,0.057465699999999995,115.02513673373689,MissionCache,True,"","D:\Workspace\MM\FlightSim\FlightSimProject\Artifacts\FlightSimVerification\Missions\smoke-00001000\KTEX_EMERGENCY_RTB_01-00001000"
6.9899999999998954,"smoke-00001000","KTEX_EMERGENCY_RTB_01-00001000","KTEX_EMERGENCY_RTB_01",1000,Batch,Running,AutomationPilot,0.059153399999999995,115.1244053596226,MissionCache,True,"","D:\Workspace\MM\FlightSim\FlightSimProject\Artifacts\FlightSimVerification\Missions\smoke-00001000\KTEX_EMERGENCY_RTB_01-00001000"
7.1899999999998911,"smoke-00001000","KTEX_EMERGENCY_RTB_01-00001000","KTEX_EMERGENCY_RTB_01",1000,Batch,Running,AutomationPilot,0.060509999999999994,115.84862006279781,MissionCache,True,"","D:\Workspace\MM\FlightSim\FlightSimProject\Artifacts\FlightSimVerification\Missions\smoke-00001000\KTEX_EMERGENCY_RTB_01-00001000"
7.3899999999998869,"smoke-00001000","KTEX_EMERGENCY_RTB_01-00001000","KTEX_EMERGENCY_RTB_01",1000,Batch,Running,AutomationPilot,0.061865399999999994,116.54333440016377,MissionCache,True,"","D:\Workspace\MM\FlightSim\FlightSimProject\Artifacts\FlightSimVerification\Missions\smoke-00001000\KTEX_EMERGENCY_RTB_01-00001000"
7.5899999999998826,"smoke-00001000","KTEX_EMERGENCY_RTB_01-00001000","KTEX_EMERGENCY_RTB_01",1000,Batch,Running,AutomationPilot,0.0632051,117.23737483209244,MissionCache,True,"","D:\Workspace\MM\FlightSim\FlightSimProject\Artifacts\FlightSimVerification\Missions\smoke-00001000\KTEX_EMERGENCY_RTB_01-00001000"
7.7899999999998784,"smoke-00001000","KTEX_EMERGENCY_RTB_01-00001000","KTEX_EMERGENCY_RTB_01",1000,Batch,Running,AutomationPilot,0.0645487,117.89548046668456,MissionCache,True,"","D:\Workspace\MM\FlightSim\FlightSimProject\Artifacts\FlightSimVerification\Missions\smoke-00001000\KTEX_EMERGENCY_RTB_01-00001000"
7.9899999999998741,"smoke-00001000","KTEX_EMERGENCY_RTB_01-00001000","KTEX_EMERGENCY_RTB_01",1000,Batch,Running,AutomationPilot,0.0669387,116.67391210166731,MissionCache,True,"","D:\Workspace\MM\FlightSim\FlightSimProject\Artifacts\FlightSimVerification\Missions\smoke-00001000\KTEX_EMERGENCY_RTB_01-00001000"
8.18999999999987,"smoke-00001000","KTEX_EMERGENCY_RTB_01-00001000","KTEX_EMERGENCY_RTB_01",1000,Batch,Running,AutomationPilot,0.0684887,116.95359964490308,MissionCache,True,"","D:\Workspace\MM\FlightSim\FlightSimProject\Artifacts\FlightSimVerification\Missions\smoke-00001000\KTEX_EMERGENCY_RTB_01-00001000"
8.3899999999998656,"smoke-00001000","KTEX_EMERGENCY_RTB_01-00001000","KTEX_EMERGENCY_RTB_01",1000,Batch,Running,AutomationPilot,0.0698562,117.52714862818003,MissionCache,True,"","D:\Workspace\MM\FlightSim\FlightSimProject\Artifacts\FlightSimVerification\Missions\smoke-00001000\KTEX_EMERGENCY_RTB_01-00001000"
8.5899999999998613,"smoke-00001000","KTEX_EMERGENCY_RTB_01-00001000","KTEX_EMERGENCY_RTB_01",1000,Batch,Running,AutomationPilot,0.0713124,117.93180428648967,MissionCache,True,"","D:\Workspace\MM\FlightSim\FlightSimProject\Artifacts\FlightSimVerification\Missions\smoke-00001000\KTEX_EMERGENCY_RTB_01-00001000"
8.789999999999857,"smoke-00001000","KTEX_EMERGENCY_RTB_01-00001000","KTEX_EMERGENCY_RTB_01",1000,Batch,Running,AutomationPilot,0.072822,118.23350086512127,MissionCache,True,"","D:\Workspace\MM\FlightSim\FlightSimProject\Artifacts\FlightSimVerification\Missions\smoke-00001000\KTEX_EMERGENCY_RTB_01-00001000"
8.9899999999998528,"smoke-00001000","KTEX_EMERGENCY_RTB_01-00001000","KTEX_EMERGENCY_RTB_01",1000,Batch,Running,AutomationPilot,0.07424349999999999,118.66358671129268,MissionCache,True,"","D:\Workspace\MM\FlightSim\FlightSimProject\Artifacts\FlightSimVerification\Missions\smoke-00001000\KTEX_EMERGENCY_RTB_01-00001000"
9.1899999999998485,"smoke-00001000","KTEX_EMERGENCY_RTB_01-00001000","KTEX_EMERGENCY_RTB_01",1000,Batch,Running,AutomationPilot,0.0755928,119.19124572710433,MissionCache,True,"","D:\Workspace\MM\FlightSim\FlightSimProject\Artifacts\FlightSimVerification\Missions\smoke-00001000\KTEX_EMERGENCY_RTB_01-00001000"
9.3899999999998442,"smoke-00001000","KTEX_EMERGENCY_RTB_01-00001000","KTEX_EMERGENCY_RTB_01",1000,Batch,Running,AutomationPilot,0.0769127,119.74615375613973,MissionCache,True,"","D:\Workspace\MM\FlightSim\FlightSimProject\Artifacts\FlightSimVerification\Missions\smoke-00001000\KTEX_EMERGENCY_RTB_01-00001000"
9.58999999999984,"smoke-00001000","KTEX_EMERGENCY_RTB_01-00001000","KTEX_EMERGENCY_RTB_01",1000,Batch,Running,AutomationPilot,0.0783831,120.05138862841409,MissionCache,True,"","D:\Workspace\MM\FlightSim\FlightSimProject\Artifacts\FlightSimVerification\Missions\smoke-00001000\KTEX_EMERGENCY_RTB_01-00001000"
9.7899999999998357,"smoke-00001000","KTEX_EMERGENCY_RTB_01-00001000","KTEX_EMERGENCY_RTB_01",1000,Batch,Running,AutomationPilot,0.079797399999999991,120.42998894700631,MissionCache,True,"","D:\Workspace\MM\FlightSim\FlightSimProject\Artifacts\FlightSimVerification\Missions\smoke-00001000\KTEX_EMERGENCY_RTB_01-00001000"
9.9899999999998315,"smoke-00001000","KTEX_EMERGENCY_RTB_01-00001000","KTEX_EMERGENCY_RTB_01",1000,Batch,Running,AutomationPilot,0.0811427,120.89812145762755,MissionCache,True,"","D:\Workspace\MM\FlightSim\FlightSimProject\Artifacts\FlightSimVerification\Missions\smoke-00001000\KTEX_EMERGENCY_RTB_01-00001000"
10.189999999999827,"smoke-00001000","KTEX_EMERGENCY_RTB_01-00001000","KTEX_EMERGENCY_RTB_01",1000,Batch,Running,AutomationPilot,0.082484,121.35686921099645,MissionCache,True,"","D:\Workspace\MM\FlightSim\FlightSimProject\Artifacts\FlightSimVerification\Missions\smoke-00001000\KTEX_EMERGENCY_RTB_01-00001000"
10.389999999999823,"smoke-00001000","KTEX_EMERGENCY_RTB_01-00001000","KTEX_EMERGENCY_RTB_01",1000,Batch,Running,AutomationPilot,0.0839042,121.6863994889389,MissionCache,True,"","D:\Workspace\MM\FlightSim\FlightSimProject\Artifacts\FlightSimVerification\Missions\smoke-00001000\KTEX_EMERGENCY_RTB_01-00001000"
10.589999999999819,"smoke-00001000","KTEX_EMERGENCY_RTB_01-00001000","KTEX_EMERGENCY_RTB_01",1000,Batch,Running,AutomationPilot,0.08524989999999999,122.11158018953481,MissionCache,True,"","D:\Workspace\MM\FlightSim\FlightSimProject\Artifacts\FlightSimVerification\Missions\smoke-00001000\KTEX_EMERGENCY_RTB_01-00001000"
10.789999999999814,"smoke-00001000","KTEX_EMERGENCY_RTB_01-00001000","KTEX_EMERGENCY_RTB_01",1000,Batch,Running,AutomationPilot,0.0868804,122.1219055160867,MissionCache,True,"","D:\Workspace\MM\FlightSim\FlightSimProject\Artifacts\FlightSimVerification\Missions\smoke-00001000\KTEX_EMERGENCY_RTB_01-00001000"
10.98999999999981,"smoke-00001000","KTEX_EMERGENCY_RTB_01-00001000","KTEX_EMERGENCY_RTB_01",1000,Batch,Running,AutomationPilot,0.0897511,120.44420625485162,MissionCache,True,"","D:\Workspace\MM\FlightSim\FlightSimProject\Artifacts\FlightSimVerification\Missions\smoke-00001000\KTEX_EMERGENCY_RTB_01-00001000"
11.189999999999806,"smoke-00001000","KTEX_EMERGENCY_RTB_01-00001000","KTEX_EMERGENCY_RTB_01",1000,Batch,Running,AutomationPilot,0.0911765,120.75479975651413,MissionCache,True,"","D:\Workspace\MM\FlightSim\FlightSimProject\Artifacts\FlightSimVerification\Missions\smoke-00001000\KTEX_EMERGENCY_RTB_01-00001000"
11.389999999999802,"smoke-00001000","KTEX_EMERGENCY_RTB_01-00001000","KTEX_EMERGENCY_RTB_01",1000,Batch,Running,AutomationPilot,0.092516199999999993,121.1679684206637,MissionCache,True,"","D:\Workspace\MM\FlightSim\FlightSimProject\Artifacts\FlightSimVerification\Missions\smoke-00001000\KTEX_EMERGENCY_RTB_01-00001000"
11.589999999999797,"smoke-00001000","KTEX_EMERGENCY_RTB_01-00001000","KTEX_EMERGENCY_RTB_01",1000,Batch,Running,AutomationPilot,0.0938383,121.59214308016877,MissionCache,True,"","D:\Workspace\MM\FlightSim\FlightSimProject\Artifacts\FlightSimVerification\Missions\smoke-00001000\KTEX_EMERGENCY_RTB_01-00001000"
11.789999999999793,"smoke-00001000","KTEX_EMERGENCY_RTB_01-00001000","KTEX_EMERGENCY_RTB_01",1000,Batch,Running,AutomationPilot,0.0951384,122.03274387628757,MissionCache,True,"","D:\Workspace\MM\FlightSim\FlightSimProject\Artifacts\FlightSimVerification\Missions\smoke-00001000\KTEX_EMERGENCY_RTB_01-00001000"
11.989999999999789,"smoke-00001000","KTEX_EMERGENCY_RTB_01-00001000","KTEX_EMERGENCY_RTB_01",1000,Batch,Running,AutomationPilot,0.0964516,122.44483243408915,MissionCache,True,"","D:\Workspace\MM\FlightSim\FlightSimProject\Artifacts\FlightSimVerification\Missions\smoke-00001000\KTEX_EMERGENCY_RTB_01-00001000"
12.189999999999785,"smoke-00001000","KTEX_EMERGENCY_RTB_01-00001000","KTEX_EMERGENCY_RTB_01",1000,Batch,Running,AutomationPilot,0.097893,122.68497236778717,MissionCache,True,"","D:\Workspace\MM\FlightSim\FlightSimProject\Artifacts\FlightSimVerification\Missions\smoke-00001000\KTEX_EMERGENCY_RTB_01-00001000"
12.38999999999978,"smoke-00001000","KTEX_EMERGENCY_RTB_01-00001000","KTEX_EMERGENCY_RTB_01",1000,Batch,Running,AutomationPilot,0.09922439999999999,123.05441000398879,MissionCache,True,"","D:\Workspace\MM\FlightSim\FlightSimProject\Artifacts\FlightSimVerification\Missions\smoke-00001000\KTEX_EMERGENCY_RTB_01-00001000"
12.589999999999776,"smoke-00001000","KTEX_EMERGENCY_RTB_01-00001000","KTEX_EMERGENCY_RTB_01",1000,Batch,Running,AutomationPilot,0.1005751,123.39038191361261,MissionCache,True,"","D:\Workspace\MM\FlightSim\FlightSimProject\Artifacts\FlightSimVerification\Missions\smoke-00001000\KTEX_EMERGENCY_RTB_01-00001000"
12.789999999999772,"smoke-00001000","KTEX_EMERGENCY_RTB_01-00001000","KTEX_EMERGENCY_RTB_01",1000,Batch,Running,AutomationPilot,0.1019654,123.66940158131852,MissionCache,True,"","D:\Workspace\MM\FlightSim\FlightSimProject\Artifacts\FlightSimVerification\Missions\smoke-00001000\KTEX_EMERGENCY_RTB_01-00001000"
12.989999999999768,"smoke-00001000","KTEX_EMERGENCY_RTB_01-00001000","KTEX_EMERGENCY_RTB_01",1000,Batch,Running,AutomationPilot,0.1032985,124.00954515312198,MissionCache,True,"","D:\Workspace\MM\FlightSim\FlightSimProject\Artifacts\FlightSimVerification\Missions\smoke-00001000\KTEX_EMERGENCY_RTB_01-00001000"
13.189999999999763,"smoke-00001000","KTEX_EMERGENCY_RTB_01-00001000","KTEX_EMERGENCY_RTB_01",1000,Batch,Running,AutomationPilot,0.1046212,124.35338153261259,MissionCache,True,"","D:\Workspace\MM\FlightSim\FlightSimProject\Artifacts\FlightSimVerification\Missions\smoke-00001000\KTEX_EMERGENCY_RTB_01-00001000"
13.389999999999759,"smoke-00001000","KTEX_EMERGENCY_RTB_01-00001000","KTEX_EMERGENCY_RTB_01",1000,Batch,Running,AutomationPilot,0.1059777,124.64886480834896,MissionCache,True,"","D:\Workspace\MM\FlightSim\FlightSimProject\Artifacts\FlightSimVerification\Missions\smoke-00001000\KTEX_EMERGENCY_RTB_01-00001000"
13.589999999999755,"smoke-00001000","KTEX_EMERGENCY_RTB_01-00001000","KTEX_EMERGENCY_RTB_01",1000,Batch,Running,AutomationPilot,0.1073142,124.9601637061988,MissionCache,True,"","D:\Workspace\MM\FlightSim\FlightSimProject\Artifacts\FlightSimVerification\Missions\smoke-00001000\KTEX_EMERGENCY_RTB_01-00001000"
13.78999999999975,"smoke-00001000","KTEX_EMERGENCY_RTB_01-00001000","KTEX_EMERGENCY_RTB_01",1000,Batch,Running,AutomationPilot,0.10870089999999999,125.20595505648762,MissionCache,True,"","D:\Workspace\MM\FlightSim\FlightSimProject\Artifacts\FlightSimVerification\Missions\smoke-00001000\KTEX_EMERGENCY_RTB_01-00001000"
13.989999999999746,"smoke-00001000","KTEX_EMERGENCY_RTB_01-00001000","KTEX_EMERGENCY_RTB_01",1000,Batch,Running,AutomationPilot,0.1108937,124.53367504195234,MissionCache,True,"","D:\Workspace\MM\FlightSim\FlightSimProject\Artifacts\FlightSimVerification\Missions\smoke-00001000\KTEX_EMERGENCY_RTB_01-00001000"
14.189999999999742,"smoke-00001000","KTEX_EMERGENCY_RTB_01-00001000","KTEX_EMERGENCY_RTB_01",1000,Batch,Running,AutomationPilot,0.1122352,124.82714870200924,MissionCache,True,"","D:\Workspace\MM\FlightSim\FlightSimProject\Artifacts\FlightSimVerification\Missions\smoke-00001000\KTEX_EMERGENCY_RTB_01-00001000"
14.389999999999738,"smoke-00001000","KTEX_EMERGENCY_RTB_01-00001000","KTEX_EMERGENCY_RTB_01",1000,Batch,Running,AutomationPilot,0.11354829999999999,125.14498235552398,MissionCache,True,"","D:\Workspace\MM\FlightSim\FlightSimProject\Artifacts\FlightSimVerification\Missions\smoke-00001000\KTEX_EMERGENCY_RTB_01-00001000"
14.589999999999733,"smoke-00001000","KTEX_EMERGENCY_RTB_01-00001000","KTEX_EMERGENCY_RTB_01",1000,Batch,Running,AutomationPilot,0.11487789999999999,125.43752975985579,MissionCache,True,"","D:\Workspace\MM\FlightSim\FlightSimProject\Artifacts\FlightSimVerification\Missions\smoke-00001000\KTEX_EMERGENCY_RTB_01-00001000"
14.789999999999729,"smoke-00001000","KTEX_EMERGENCY_RTB_01-00001000","KTEX_EMERGENCY_RTB_01",1000,Batch,Running,AutomationPilot,0.11624509999999999,125.68271694892718,MissionCache,True,"","D:\Workspace\MM\FlightSim\FlightSimProject\Artifacts\FlightSimVerification\Missions\smoke-00001000\KTEX_EMERGENCY_RTB_01-00001000"
14.989999999999725,"smoke-00001000","KTEX_EMERGENCY_RTB_01-00001000","KTEX_EMERGENCY_RTB_01",1000,Batch,Running,AutomationPilot,0.1176189,125.91513778822731,MissionCache,True,"","D:\Workspace\MM\FlightSim\FlightSimProject\Artifacts\FlightSimVerification\Missions\smoke-00001000\KTEX_EMERGENCY_RTB_01-00001000"
15.189999999999721,"smoke-00001000","KTEX_EMERGENCY_RTB_01-00001000","KTEX_EMERGENCY_RTB_01",1000,Batch,Running,AutomationPilot,0.1190072,126.12682257879965,MissionCache,True,"","D:\Workspace\MM\FlightSim\FlightSimProject\Artifacts\FlightSimVerification\Missions\smoke-00001000\KTEX_EMERGENCY_RTB_01-00001000"
15.389999999999716,"smoke-00001000","KTEX_EMERGENCY_RTB_01-00001000","KTEX_EMERGENCY_RTB_01",1000,Batch,Running,AutomationPilot,0.1203993,126.32963812912301,MissionCache,True,"","D:\Workspace\MM\FlightSim\FlightSimProject\Artifacts\FlightSimVerification\Missions\smoke-00001000\KTEX_EMERGENCY_RTB_01-00001000"
15.589999999999712,"smoke-00001000","KTEX_EMERGENCY_RTB_01-00001000","KTEX_EMERGENCY_RTB_01",1000,Batch,Running,AutomationPilot,0.1218648,126.45160866796414,MissionCache,True,"","D:\Workspace\MM\FlightSim\FlightSimProject\Artifacts\FlightSimVerification\Missions\smoke-00001000\KTEX_EMERGENCY_RTB_01-00001000"
15.789999999999708,"smoke-00001000","KTEX_EMERGENCY_RTB_01-00001000","KTEX_EMERGENCY_RTB_01",1000,Batch,Running,AutomationPilot,0.12321449999999999,126.68963474266188,MissionCache,True,"","D:\Workspace\MM\FlightSim\FlightSimProject\Artifacts\FlightSimVerification\Missions\smoke-00001000\KTEX_EMERGENCY_RTB_01-00001000"
15.989999999999704,"smoke-00001000","KTEX_EMERGENCY_RTB_01-00001000","KTEX_EMERGENCY_RTB_01",1000,Batch,Running,AutomationPilot,0.1245659,126.92077045162206,MissionCache,True,"","D:\Workspace\MM\FlightSim\FlightSimProject\Artifacts\FlightSimVerification\Missions\smoke-00001000\KTEX_EMERGENCY_RTB_01-00001000"
16.189999999999731,"smoke-00001000","KTEX_EMERGENCY_RTB_01-00001000","KTEX_EMERGENCY_RTB_01",1000,Batch,Running,AutomationPilot,0.12590199999999999,127.16239614938368,MissionCache,True,"","D:\Workspace\MM\FlightSim\FlightSimProject\Artifacts\FlightSimVerification\Missions\smoke-00001000\KTEX_EMERGENCY_RTB_01-00001000"
16.389999999999763,"smoke-00001000","KTEX_EMERGENCY_RTB_01-00001000","KTEX_EMERGENCY_RTB_01",1000,Batch,Running,AutomationPilot,0.12733919999999999,127.29779989194007,MissionCache,True,"","D:\Workspace\MM\FlightSim\FlightSimProject\Artifacts\FlightSimVerification\Missions\smoke-00001000\KTEX_EMERGENCY_RTB_01-00001000"
16.589999999999794,"smoke-00001000","KTEX_EMERGENCY_RTB_01-00001000","KTEX_EMERGENCY_RTB_01",1000,Batch,Running,AutomationPilot,0.12878599999999998,127.42068237230575,MissionCache,True,"","D:\Workspace\MM\FlightSim\FlightSimProject\Artifacts\FlightSimVerification\Missions\smoke-00001000\KTEX_EMERGENCY_RTB_01-00001000"
16.789999999999825,"smoke-00001000","KTEX_EMERGENCY_RTB_01-00001000","KTEX_EMERGENCY_RTB_01",1000,Batch,Running,AutomationPilot,0.1301429,127.62893711450872,MissionCache,True,"","D:\Workspace\MM\FlightSim\FlightSimProject\Artifacts\FlightSimVerification\Missions\smoke-00001000\KTEX_EMERGENCY_RTB_01-00001000"
16.989999999999856,"smoke-00001000","KTEX_EMERGENCY_RTB_01-00001000","KTEX_EMERGENCY_RTB_01",1000,Batch,Running,AutomationPilot,0.1315556,127.77867304774429,MissionCache,True,"","D:\Workspace\MM\FlightSim\FlightSimProject\Artifacts\FlightSimVerification\Missions\smoke-00001000\KTEX_EMERGENCY_RTB_01-00001000"
17.189999999999888,"smoke-00001000","KTEX_EMERGENCY_RTB_01-00001000","KTEX_EMERGENCY_RTB_01",1000,Batch,Running,AutomationPilot,0.1340286,126.91321106092177,MissionCache,True,"","D:\Workspace\MM\FlightSim\FlightSimProject\Artifacts\FlightSimVerification\Missions\smoke-00001000\KTEX_EMERGENCY_RTB_01-00001000"
17.389999999999919,"smoke-00001000","KTEX_EMERGENCY_RTB_01-00001000","KTEX_EMERGENCY_RTB_01",1000,Batch,Running,AutomationPilot,0.1353935,127.11097652398298,MissionCache,True,"","D:\Workspace\MM\FlightSim\FlightSimProject\Artifacts\FlightSimVerification\Missions\smoke-00001000\KTEX_EMERGENCY_RTB_01-00001000"
17.58999999999995,"smoke-00001000","KTEX_EMERGENCY_RTB_01-00001000","KTEX_EMERGENCY_RTB_01",1000,Batch,Running,AutomationPilot,0.1367429,127.31922461787721,MissionCache,True,"","D:\Workspace\MM\FlightSim\FlightSimProject\Artifacts\FlightSimVerification\Missions\smoke-00001000\KTEX_EMERGENCY_RTB_01-00001000"
17.789999999999981,"smoke-00001000","KTEX_EMERGENCY_RTB_01-00001000","KTEX_EMERGENCY_RTB_01",1000,Batch,Running,AutomationPilot,0.13808199999999998,127.5329152242867,MissionCache,True,"","D:\Workspace\MM\FlightSim\FlightSimProject\Artifacts\FlightSimVerification\Missions\smoke-00001000\KTEX_EMERGENCY_RTB_01-00001000"
17.990000000000013,"smoke-00001000","KTEX_EMERGENCY_RTB_01-00001000","KTEX_EMERGENCY_RTB_01",1000,Batch,Running,AutomationPilot,0.139725,127.46466273036312,MissionCache,True,"","D:\Workspace\MM\FlightSim\FlightSimProject\Artifacts\FlightSimVerification\Missions\smoke-00001000\KTEX_EMERGENCY_RTB_01-00001000"
18.190000000000044,"smoke-00001000","KTEX_EMERGENCY_RTB_01-00001000","KTEX_EMERGENCY_RTB_01",1000,Batch,Running,AutomationPilot,0.14125179999999998,127.50279996431917,MissionCache,True,"","D:\Workspace\MM\FlightSim\FlightSimProject\Artifacts\FlightSimVerification\Missions\smoke-00001000\KTEX_EMERGENCY_RTB_01-00001000"
18.390000000000075,"smoke-00001000","KTEX_EMERGENCY_RTB_01-00001000","KTEX_EMERGENCY_RTB_01",1000,Batch,Running,AutomationPilot,0.1425999,127.69994929870251,MissionCache,True,"","D:\Workspace\MM\FlightSim\FlightSimProject\Artifacts\FlightSimVerification\Missions\smoke-00001000\KTEX_EMERGENCY_RTB_01-00001000"
18.590000000000106,"smoke-00001000","KTEX_EMERGENCY_RTB_01-00001000","KTEX_EMERGENCY_RTB_01",1000,Batch,Running,AutomationPilot,0.14399109999999998,127.85512437921567,MissionCache,True,"","D:\Workspace\MM\FlightSim\FlightSimProject\Artifacts\FlightSimVerification\Missions\smoke-00001000\KTEX_EMERGENCY_RTB_01-00001000"
18.790000000000138,"smoke-00001000","KTEX_EMERGENCY_RTB_01-00001000","KTEX_EMERGENCY_RTB_01",1000,Batch,Running,AutomationPilot,0.1453303,128.05313138416497,MissionCache,True,"","D:\Workspace\MM\FlightSim\FlightSimProject\Artifacts\FlightSimVerification\Missions\smoke-00001000\KTEX_EMERGENCY_RTB_01-00001000"
18.990000000000169,"smoke-00001000","KTEX_EMERGENCY_RTB_01-00001000","KTEX_EMERGENCY_RTB_01",1000,Batch,Running,AutomationPilot,0.1467327,128.19228433743905,MissionCache,True,"","D:\Workspace\MM\FlightSim\FlightSimProject\Artifacts\FlightSimVerification\Missions\smoke-00001000\KTEX_EMERGENCY_RTB_01-00001000"
19.1900000000002,"smoke-00001000","KTEX_EMERGENCY_RTB_01-00001000","KTEX_EMERGENCY_RTB_01",1000,Batch,Running,AutomationPilot,0.1483127,128.1751326757599,MissionCache,True,"","D:\Workspace\MM\FlightSim\FlightSimProject\Artifacts\FlightSimVerification\Missions\smoke-00001000\KTEX_EMERGENCY_RTB_01-00001000"
19.390000000000231,"smoke-00001000","KTEX_EMERGENCY_RTB_01-00001000","KTEX_EMERGENCY_RTB_01",1000,Batch,Running,AutomationPilot,0.149731,128.29674549692584,MissionCache,True,"","D:\Workspace\MM\FlightSim\FlightSimProject\Artifacts\FlightSimVerification\Missions\smoke-00001000\KTEX_EMERGENCY_RTB_01-00001000"
19.590000000000263,"smoke-00001000","KTEX_EMERGENCY_RTB_01-00001000","KTEX_EMERGENCY_RTB_01",1000,Batch,Running,AutomationPilot,0.1510862,128.46970802098559,MissionCache,True,"","D:\Workspace\MM\FlightSim\FlightSimProject\Artifacts\FlightSimVerification\Missions\smoke-00001000\KTEX_EMERGENCY_RTB_01-00001000"
19.790000000000294,"smoke-00001000","KTEX_EMERGENCY_RTB_01-00001000","KTEX_EMERGENCY_RTB_01",1000,Batch,Running,AutomationPilot,0.15246569999999998,128.61909268773414,MissionCache,True,"","D:\Workspace\MM\FlightSim\FlightSimProject\Artifacts\FlightSimVerification\Missions\smoke-00001000\KTEX_EMERGENCY_RTB_01-00001000"
19.990000000000325,"smoke-00001000","KTEX_EMERGENCY_RTB_01-00001000","KTEX_EMERGENCY_RTB_01",1000,Batch,Running,AutomationPilot,0.1538263,128.78161926796847,MissionCache,True,"","D:\Workspace\MM\FlightSim\FlightSimProject\Artifacts\FlightSimVerification\Missions\smoke-00001000\KTEX_EMERGENCY_RTB_01-00001000"
20.190000000000357,"smoke-00001000","KTEX_EMERGENCY_RTB_01-00001000","KTEX_EMERGENCY_RTB_01",1000,Batch,Running,AutomationPilot,0.1563533,127.97939026550976,MissionCache,True,"","D:\Workspace\MM\FlightSim\FlightSimProject\Artifacts\FlightSimVerification\Missions\smoke-00001000\KTEX_EMERGENCY_RTB_01-00001000"
20.390000000000388,"smoke-00001000","KTEX_EMERGENCY_RTB_01-00001000","KTEX_EMERGENCY_RTB_01",1000,Batch,Running,AutomationPilot,0.1577153,128.14229183852396,MissionCache,True,"","D:\Workspace\MM\FlightSim\FlightSimProject\Artifacts\FlightSimVerification\Missions\smoke-00001000\KTEX_EMERGENCY_RTB_01-00001000"
20.590000000000419,"smoke-00001000","KTEX_EMERGENCY_RTB_01-00001000","KTEX_EMERGENCY_RTB_01",1000,Batch,Running,AutomationPilot,0.159077,128.30264588847157,MissionCache,True,"","D:\Workspace\MM\FlightSim\FlightSimProject\Artifacts\FlightSimVerification\Missions\smoke-00001000\KTEX_EMERGENCY_RTB_01-00001000"
20.79000000000045,"smoke-00001000","KTEX_EMERGENCY_RTB_01-00001000","KTEX_EMERGENCY_RTB_01",1000,Batch,Running,AutomationPilot,0.1604033,128.48862835116498,MissionCache,True,"","D:\Workspace\MM\FlightSim\FlightSimProject\Artifacts\FlightSimVerification\Missions\smoke-00001000\KTEX_EMERGENCY_RTB_01-00001000"
20.990000000000482,"smoke-00001000","KTEX_EMERGENCY_RTB_01-00001000","KTEX_EMERGENCY_RTB_01",1000,Batch,Running,AutomationPilot,0.16178209999999998,128.6298051514998,MissionCache,True,"","D:\Workspace\MM\FlightSim\FlightSimProject\Artifacts\FlightSimVerification\Missions\smoke-00001000\KTEX_EMERGENCY_RTB_01-00001000"
21.190000000000513,"smoke-00001000","KTEX_EMERGENCY_RTB_01-00001000","KTEX_EMERGENCY_RTB_01",1000,Batch,Running,AutomationPilot,0.1631509,128.77648851462351,MissionCache,True,"","D:\Workspace\MM\FlightSim\FlightSimProject\Artifacts\FlightSimVerification\Missions\smoke-00001000\KTEX_EMERGENCY_RTB_01-00001000"
21.390000000000544,"smoke-00001000","KTEX_EMERGENCY_RTB_01-00001000","KTEX_EMERGENCY_RTB_01",1000,Batch,Running,AutomationPilot,0.1645627,128.88704426945179,MissionCache,True,"","D:\Workspace\MM\FlightSim\FlightSimProject\Artifacts\FlightSimVerification\Missions\smoke-00001000\KTEX_EMERGENCY_RTB_01-00001000"
21.590000000000575,"smoke-00001000","KTEX_EMERGENCY_RTB_01-00001000","KTEX_EMERGENCY_RTB_01",1000,Batch,Running,AutomationPilot,0.1659088,129.046801616313,MissionCache,True,"","D:\Workspace\MM\FlightSim\FlightSimProject\Artifacts\FlightSimVerification\Missions\smoke-00001000\KTEX_EMERGENCY_RTB_01-00001000"
21.790000000000607,"smoke-00001000","KTEX_EMERGENCY_RTB_01-00001000","KTEX_EMERGENCY_RTB_01",1000,Batch,Running,AutomationPilot,0.1673298,129.14615328531187,MissionCache,True,"","D:\Workspace\MM\FlightSim\FlightSimProject\Artifacts\FlightSimVerification\Missions\smoke-00001000\KTEX_EMERGENCY_RTB_01-00001000"
21.990000000000638,"smoke-00001000","KTEX_EMERGENCY_RTB_01-00001000","KTEX_EMERGENCY_RTB_01",1000,Batch,Running,AutomationPilot,0.1688111,129.19766531940502,MissionCache,True,"","D:\Workspace\MM\FlightSim\FlightSimProject\Artifacts\FlightSimVerification\Missions\smoke-00001000\KTEX_EMERGENCY_RTB_01-00001000"
22.190000000000669,"smoke-00001000","KTEX_EMERGENCY_RTB_01-00001000","KTEX_EMERGENCY_RTB_01",1000,Batch,Running,AutomationPilot,0.17014579999999999,129.35964331767605,MissionCache,True,"","D:\Workspace\MM\FlightSim\FlightSimProject\Artifacts\FlightSimVerification\Missions\smoke-00001000\KTEX_EMERGENCY_RTB_01-00001000"
22.3900000000007,"smoke-00001000","KTEX_EMERGENCY_RTB_01-00001000","KTEX_EMERGENCY_RTB_01",1000,Batch,Running,AutomationPilot,0.1715998,129.42905527862314,MissionCache,True,"","D:\Workspace\MM\FlightSim\FlightSimProject\Artifacts\FlightSimVerification\Missions\smoke-00001000\KTEX_EMERGENCY_RTB_01-00001000"
22.590000000000732,"smoke-00001000","KTEX_EMERGENCY_RTB_01-00001000","KTEX_EMERGENCY_RTB_01",1000,Batch,Running,AutomationPilot,0.17297959999999998,129.55284900647652,MissionCache,True,"","D:\Workspace\MM\FlightSim\FlightSimProject\Artifacts\FlightSimVerification\Missions\smoke-00001000\KTEX_EMERGENCY_RTB_01-00001000"
22.790000000000763,"smoke-00001000","KTEX_EMERGENCY_RTB_01-00001000","KTEX_EMERGENCY_RTB_01",1000,Batch,Running,AutomationPilot,0.1743862,129.65475479138107,MissionCache,True,"","D:\Workspace\MM\FlightSim\FlightSimProject\Artifacts\FlightSimVerification\Missions\smoke-00001000\KTEX_EMERGENCY_RTB_01-00001000"
22.990000000000794,"smoke-00001000","KTEX_EMERGENCY_RTB_01-00001000","KTEX_EMERGENCY_RTB_01",1000,Batch,Running,AutomationPilot,0.17591569999999998,129.66437901790897,MissionCache,True,"","D:\Workspace\MM\FlightSim\FlightSimProject\Artifacts\FlightSimVerification\Missions\smoke-00001000\KTEX_EMERGENCY_RTB_01-00001000"
23.190000000000826,"smoke-00001000","KTEX_EMERGENCY_RTB_01-00001000","KTEX_EMERGENCY_RTB_01",1000,Batch,Running,AutomationPilot,0.17814819999999998,129.16212456820108,MissionCache,True,"","D:\Workspace\MM\FlightSim\FlightSimProject\Artifacts\FlightSimVerification\Missions\smoke-00001000\KTEX_EMERGENCY_RTB_01-00001000"
23.390000000000857,"smoke-00001000","KTEX_EMERGENCY_RTB_01-00001000","KTEX_EMERGENCY_RTB_01",1000,Batch,Running,AutomationPilot,0.1798791,129.03111034022757,MissionCache,True,"","D:\Workspace\MM\FlightSim\FlightSimProject\Artifacts\FlightSimVerification\Missions\smoke-00001000\KTEX_EMERGENCY_RTB_01-00001000"
23.590000000000888,"smoke-00001000","KTEX_EMERGENCY_RTB_01-00001000","KTEX_EMERGENCY_RTB_01",1000,Batch,Running,AutomationPilot,0.1812121,129.1856338511659,MissionCache,True,"","D:\Workspace\MM\FlightSim\FlightSimProject\Artifacts\FlightSimVerification\Missions\smoke-00001000\KTEX_EMERGENCY_RTB_01-00001000"
23.790000000000919,"smoke-00001000","KTEX_EMERGENCY_RTB_01-00001000","KTEX_EMERGENCY_RTB_01",1000,Batch,Running,AutomationPilot,0.1825646,129.32408583044517,MissionCache,True,"","D:\Workspace\MM\FlightSim\FlightSimProject\Artifacts\FlightSimVerification\Missions\smoke-00001000\KTEX_EMERGENCY_RTB_01-00001000"
23.990000000000951,"smoke-00001000","KTEX_EMERGENCY_RTB_01-00001000","KTEX_EMERGENCY_RTB_01",1000,Batch,Running,AutomationPilot,0.1838794,129.48704422573124,MissionCache,True,"","D:\Workspace\MM\FlightSim\FlightSimProject\Artifacts\FlightSimVerification\Missions\smoke-00001000\KTEX_EMERGENCY_RTB_01-00001000"
24.190000000000982,"smoke-00001000","KTEX_EMERGENCY_RTB_01-00001000","KTEX_EMERGENCY_RTB_01",1000,Batch,Running,AutomationPilot,0.1852047,129.6403385011339,MissionCache,True,"","D:\Workspace\MM\FlightSim\FlightSimProject\Artifacts\FlightSimVerification\Missions\smoke-00001000\KTEX_EMERGENCY_RTB_01-00001000"
24.390000000001013,"smoke-00001000","KTEX_EMERGENCY_RTB_01-00001000","KTEX_EMERGENCY_RTB_01",1000,Batch,Running,AutomationPilot,0.1865299,129.79152403985091,MissionCache,True,"","D:\Workspace\MM\FlightSim\FlightSimProject\Artifacts\FlightSimVerification\Missions\smoke-00001000\KTEX_EMERGENCY_RTB_01-00001000"
24.590000000001044,"smoke-00001000","KTEX_EMERGENCY_RTB_01-00001000","KTEX_EMERGENCY_RTB_01",1000,Batch,Running,AutomationPilot,0.18784969999999998,129.94431186209516,MissionCache,True,"","D:\Workspace\MM\FlightSim\FlightSimProject\Artifacts\FlightSimVerification\Missions\smoke-00001000\KTEX_EMERGENCY_RTB_01-00001000"
24.790000000001076,"smoke-00001000","KTEX_EMERGENCY_RTB_01-00001000","KTEX_EMERGENCY_RTB_01",1000,Batch,Running,AutomationPilot,0.1892592,130.03330881669714,MissionCache,True,"","D:\Workspace\MM\FlightSim\FlightSimProject\Artifacts\FlightSimVerification\Missions\smoke-00001000\KTEX_EMERGENCY_RTB_01-00001000"
24.990000000001107,"smoke-00001000","KTEX_EMERGENCY_RTB_01-00001000","KTEX_EMERGENCY_RTB_01",1000,Batch,Running,AutomationPilot,0.1905895,130.175062109933,MissionCache,True,"","D:\Workspace\MM\FlightSim\FlightSimProject\Artifacts\FlightSimVerification\Missions\smoke-00001000\KTEX_EMERGENCY_RTB_01-00001000"
25.190000000001138,"smoke-00001000","KTEX_EMERGENCY_RTB_01-00001000","KTEX_EMERGENCY_RTB_01",1000,Batch,Running,AutomationPilot,0.1919686,130.28172315681371,MissionCache,True,"","D:\Workspace\MM\FlightSim\FlightSimProject\Artifacts\FlightSimVerification\Missions\smoke-00001000\KTEX_EMERGENCY_RTB_01-00001000"
25.390000000001169,"smoke-00001000","KTEX_EMERGENCY_RTB_01-00001000","KTEX_EMERGENCY_RTB_01",1000,Batch,Running,AutomationPilot,0.1933086,130.41323562428749,MissionCache,True,"","D:\Workspace\MM\FlightSim\FlightSimProject\Artifacts\FlightSimVerification\Missions\smoke-00001000\KTEX_EMERGENCY_RTB_01-00001000"
25.5900000000012,"smoke-00001000","KTEX_EMERGENCY_RTB_01-00001000","KTEX_EMERGENCY_RTB_01",1000,Batch,Running,AutomationPilot,0.1948222,130.42661462605992,MissionCache,True,"","D:\Workspace\MM\FlightSim\FlightSimProject\Artifacts\FlightSimVerification\Missions\smoke-00001000\KTEX_EMERGENCY_RTB_01-00001000"
25.790000000001232,"smoke-00001000","KTEX_EMERGENCY_RTB_01-00001000","KTEX_EMERGENCY_RTB_01",1000,Batch,Running,AutomationPilot,0.19619209999999998,130.53532736537917,MissionCache,True,"","D:\Workspace\MM\FlightSim\FlightSimProject\Artifacts\FlightSimVerification\Missions\smoke-00001000\KTEX_EMERGENCY_RTB_01-00001000"
25.990000000001263,"smoke-00001000","KTEX_EMERGENCY_RTB_01-00001000","KTEX_EMERGENCY_RTB_01",1000,Batch,Running,AutomationPilot,0.1975132,130.67481059494369,MissionCache,True,"","D:\Workspace\MM\FlightSim\FlightSimProject\Artifacts\FlightSimVerification\Missions\smoke-00001000\KTEX_EMERGENCY_RTB_01-00001000"
26.190000000001294,"smoke-00001000","KTEX_EMERGENCY_RTB_01-00001000","KTEX_EMERGENCY_RTB_01",1000,Batch,Running,AutomationPilot,0.19987239999999998,130.13302486987334,MissionCache,True,"","D:\Workspace\MM\FlightSim\FlightSimProject\Artifacts\FlightSimVerification\Missions\smoke-00001000\KTEX_EMERGENCY_RTB_01-00001000"
26.390000000001326,"smoke-00001000","KTEX_EMERGENCY_RTB_01-00001000","KTEX_EMERGENCY_RTB_01",1000,Batch,Running,AutomationPilot,0.2012096,130.26217436942025,MissionCache,True,"","D:\Workspace\MM\FlightSim\FlightSimProject\Artifacts\FlightSimVerification\Missions\smoke-00001000\KTEX_EMERGENCY_RTB_01-00001000"
26.590000000001357,"smoke-00001000","KTEX_EMERGENCY_RTB_01-00001000","KTEX_EMERGENCY_RTB_01",1000,Batch,Running,AutomationPilot,0.20251419999999998,130.41060824377416,MissionCache,True,"","D:\Workspace\MM\FlightSim\FlightSimProject\Artifacts\FlightSimVerification\Missions\smoke-00001000\KTEX_EMERGENCY_RTB_01-00001000"
26.790000000001388,"smoke-00001000","KTEX_EMERGENCY_RTB_01-00001000","KTEX_EMERGENCY_RTB_01",1000,Batch,Running,AutomationPilot,0.2038428,130.5417704230974,MissionCache,True,"","D:\Workspace\MM\FlightSim\FlightSimProject\Artifacts\FlightSimVerification\Missions\smoke-00001000\KTEX_EMERGENCY_RTB_01-00001000"
26.99000000000142,"smoke-00001000","KTEX_EMERGENCY_RTB_01-00001000","KTEX_EMERGENCY_RTB_01",1000,Batch,Running,AutomationPilot,0.2054633,130.48559037064717,MissionCache,True,"","D:\Workspace\MM\FlightSim\FlightSimProject\Artifacts\FlightSimVerification\Missions\smoke-00001000\KTEX_EMERGENCY_RTB_01-00001000"
27.190000000001451,"smoke-00001000","KTEX_EMERGENCY_RTB_01-00001000","KTEX_EMERGENCY_RTB_01",1000,Batch,Running,AutomationPilot,0.20709059999999999,130.42600678157979,MissionCache,True,"","D:\Workspace\MM\FlightSim\FlightSimProject\Artifacts\FlightSimVerification\Missions\smoke-00001000\KTEX_EMERGENCY_RTB_01-00001000"
27.390000000001482,"smoke-00001000","KTEX_EMERGENCY_RTB_01-00001000","KTEX_EMERGENCY_RTB_01",1000,Batch,Running,AutomationPilot,0.2084636,130.52638446233038,MissionCache,True,"","D:\Workspace\MM\FlightSim\FlightSimProject\Artifacts\FlightSimVerification\Missions\smoke-00001000\KTEX_EMERGENCY_RTB_01-00001000"
27.590000000001513,"smoke-00001000","KTEX_EMERGENCY_RTB_01-00001000","KTEX_EMERGENCY_RTB_01",1000,Batch,Running,AutomationPilot,0.2099613,130.54786763085144,MissionCache,True,"","D:\Workspace\MM\FlightSim\FlightSimProject\Artifacts\FlightSimVerification\Missions\smoke-00001000\KTEX_EMERGENCY_RTB_01-00001000"
27.790000000001545,"smoke-00001000","KTEX_EMERGENCY_RTB_01-00001000","KTEX_EMERGENCY_RTB_01",1000,Batch,Running,AutomationPilot,0.21187409999999998,130.31323790874637,MissionCache,True,"","D:\Workspace\MM\FlightSim\FlightSimProject\Artifacts\FlightSimVerification\Missions\smoke-00001000\KTEX_EMERGENCY_RTB_01-00001000"
27.990000000001576,"smoke-00001000","KTEX_EMERGENCY_RTB_01-00001000","KTEX_EMERGENCY_RTB_01",1000,Batch,Running,AutomationPilot,0.2132394,130.41679914688163,MissionCache,True,"","D:\Workspace\MM\FlightSim\FlightSimProject\Artifacts\FlightSimVerification\Missions\smoke-00001000\KTEX_EMERGENCY_RTB_01-00001000"
28.190000000001607,"smoke-00001000","KTEX_EMERGENCY_RTB_01-00001000","KTEX_EMERGENCY_RTB_01",1000,Batch,Running,AutomationPilot,0.2145972,130.52360422224325,MissionCache,True,"","D:\Workspace\MM\FlightSim\FlightSimProject\Artifacts\FlightSimVerification\Missions\smoke-00001000\KTEX_EMERGENCY_RTB_01-00001000"
28.390000000001638,"smoke-00001000","KTEX_EMERGENCY_RTB_01-00001000","KTEX_EMERGENCY_RTB_01",1000,Batch,Running,AutomationPilot,0.2159952,130.60475417972998,MissionCache,True,"","D:\Workspace\MM\FlightSim\FlightSimProject\Artifacts\FlightSimVerification\Missions\smoke-00001000\KTEX_EMERGENCY_RTB_01-00001000"
28.59000000000167,"smoke-00001000","KTEX_EMERGENCY_RTB_01-00001000","KTEX_EMERGENCY_RTB_01",1000,Batch,Running,AutomationPilot,0.2173502,130.71071478195853,MissionCache,True,"","D:\Workspace\MM\FlightSim\FlightSimProject\Artifacts\FlightSimVerification\Missions\smoke-00001000\KTEX_EMERGENCY_RTB_01-00001000"
28.7900000000017,"smoke-00001000","KTEX_EMERGENCY_RTB_01-00001000","KTEX_EMERGENCY_RTB_01",1000,Batch,Running,AutomationPilot,0.218776,130.77302812009395,MissionCache,True,"","D:\Workspace\MM\FlightSim\FlightSimProject\Artifacts\FlightSimVerification\Missions\smoke-00001000\KTEX_EMERGENCY_RTB_01-00001000"
28.990000000001732,"smoke-00001000","KTEX_EMERGENCY_RTB_01-00001000","KTEX_EMERGENCY_RTB_01",1000,Batch,Running,AutomationPilot,0.22010949999999999,130.8893982313426,MissionCache,True,"","D:\Workspace\MM\FlightSim\FlightSimProject\Artifacts\FlightSimVerification\Missions\smoke-00001000\KTEX_EMERGENCY_RTB_01-00001000"
29.190000000001763,"smoke-00001000","KTEX_EMERGENCY_RTB_01-00001000","KTEX_EMERGENCY_RTB_01",1000,Batch,Running,AutomationPilot,0.2224083,130.43577959995977,MissionCache,True,"","D:\Workspace\MM\FlightSim\FlightSimProject\Artifacts\FlightSimVerification\Missions\smoke-00001000\KTEX_EMERGENCY_RTB_01-00001000"
29.390000000001795,"smoke-00001000","KTEX_EMERGENCY_RTB_01-00001000","KTEX_EMERGENCY_RTB_01",1000,Batch,Running,AutomationPilot,0.22379449999999998,130.52152756212405,MissionCache,True,"","D:\Workspace\MM\FlightSim\FlightSimProject\Artifacts\FlightSimVerification\Missions\smoke-00001000\KTEX_EMERGENCY_RTB_01-00001000"
29.590000000001826,"smoke-00001000","KTEX_EMERGENCY_RTB_01-00001000","KTEX_EMERGENCY_RTB_01",1000,Batch,Running,AutomationPilot,0.2251086,130.64805165152197,MissionCache,True,"","D:\Workspace\MM\FlightSim\FlightSimProject\Artifacts\FlightSimVerification\Missions\smoke-00001000\KTEX_EMERGENCY_RTB_01-00001000"
29.790000000001857,"smoke-00001000","KTEX_EMERGENCY_RTB_01-00001000","KTEX_EMERGENCY_RTB_01",1000,Batch,Running,AutomationPilot,0.22662469999999998,130.65654361595108,MissionCache,True,"","D:\Workspace\MM\FlightSim\FlightSimProject\Artifacts\FlightSimVerification\Missions\smoke-00001000\KTEX_EMERGENCY_RTB_01-00001000"
29.990000000001888,"smoke-00001000","KTEX_EMERGENCY_RTB_01-00001000","KTEX_EMERGENCY_RTB_01",1000,Batch,Running,AutomationPilot,0.2279474,130.77578423795077,MissionCache,True,"","D:\Workspace\MM\FlightSim\FlightSimProject\Artifacts\FlightSimVerification\Missions\smoke-00001000\KTEX_EMERGENCY_RTB_01-00001000"
30.19000000000192,"smoke-00001000","KTEX_EMERGENCY_RTB_01-00001000","KTEX_EMERGENCY_RTB_01",1000,Batch,Running,AutomationPilot,0.2294958,130.76492031663278,MissionCache,True,"","D:\Workspace\MM\FlightSim\FlightSimProject\Artifacts\FlightSimVerification\Missions\smoke-00001000\KTEX_EMERGENCY_RTB_01-00001000"
30.390000000001951,"smoke-00001000","KTEX_EMERGENCY_RTB_01-00001000","KTEX_EMERGENCY_RTB_01",1000,Batch,Running,AutomationPilot,0.23083779999999998,130.87111382971906,MissionCache,True,"","D:\Workspace\MM\FlightSim\FlightSimProject\Artifacts\FlightSimVerification\Missions\smoke-00001000\KTEX_EMERGENCY_RTB_01-00001000"
30.590000000001982,"smoke-00001000","KTEX_EMERGENCY_RTB_01-00001000","KTEX_EMERGENCY_RTB_01",1000,Batch,Running,AutomationPilot,0.2321363,131.00062334069233,MissionCache,True,"","D:\Workspace\MM\FlightSim\FlightSimProject\Artifacts\FlightSimVerification\Missions\smoke-00001000\KTEX_EMERGENCY_RTB_01-00001000"
30.790000000002014,"smoke-00001000","KTEX_EMERGENCY_RTB_01-00001000","KTEX_EMERGENCY_RTB_01",1000,Batch,Running,AutomationPilot,0.2334875,131.09909524065307,MissionCache,True,"","D:\Workspace\MM\FlightSim\FlightSimProject\Artifacts\FlightSimVerification\Missions\smoke-00001000\KTEX_EMERGENCY_RTB_01-00001000"
30.990000000002045,"smoke-00001000","KTEX_EMERGENCY_RTB_01-00001000","KTEX_EMERGENCY_RTB_01",1000,Batch,Running,AutomationPilot,0.2347958,131.22040513502378,MissionCache,True,"","D:\Workspace\MM\FlightSim\FlightSimProject\Artifacts\FlightSimVerification\Missions\smoke-00001000\KTEX_EMERGENCY_RTB_01-00001000"
31.190000000002076,"smoke-00001000","KTEX_EMERGENCY_RTB_01-00001000","KTEX_EMERGENCY_RTB_01",1000,Batch,Running,AutomationPilot,0.23611459999999998,131.33452992742528,MissionCache,True,"","D:\Workspace\MM\FlightSim\FlightSimProject\Artifacts\FlightSimVerification\Missions\smoke-00001000\KTEX_EMERGENCY_RTB_01-00001000"
31.390000000002107,"smoke-00001000","KTEX_EMERGENCY_RTB_01-00001000","KTEX_EMERGENCY_RTB_01",1000,Batch,Running,AutomationPilot,0.23748729999999998,131.41755369656434,MissionCache,True,"","D:\Workspace\MM\FlightSim\FlightSimProject\Artifacts\FlightSimVerification\Missions\smoke-00001000\KTEX_EMERGENCY_RTB_01-00001000"
31.590000000002139,"smoke-00001000","KTEX_EMERGENCY_RTB_01-00001000","KTEX_EMERGENCY_RTB_01",1000,Batch,Running,AutomationPilot,0.2390203,131.41143241809215,MissionCache,True,"","D:\Workspace\MM\FlightSim\FlightSimProject\Artifacts\FlightSimVerification\Missions\smoke-00001000\KTEX_EMERGENCY_RTB_01-00001000"
31.79000000000217,"smoke-00001000","KTEX_EMERGENCY_RTB_01-00001000","KTEX_EMERGENCY_RTB_01",1000,Batch,Running,AutomationPilot,0.2403855,131.49711609062169,MissionCache,True,"","D:\Workspace\MM\FlightSim\FlightSimProject\Artifacts\FlightSimVerification\Missions\smoke-00001000\KTEX_EMERGENCY_RTB_01-00001000"
31.9900000000022,"smoke-00001000","KTEX_EMERGENCY_RTB_01-00001000","KTEX_EMERGENCY_RTB_01",1000,Batch,Running,AutomationPilot,0.2417964,131.55696280011685,MissionCache,True,"","D:\Workspace\MM\FlightSim\FlightSimProject\Artifacts\FlightSimVerification\Missions\smoke-00001000\KTEX_EMERGENCY_RTB_01-00001000"
32.190000000002165,"smoke-00001000","KTEX_EMERGENCY_RTB_01-00001000","KTEX_EMERGENCY_RTB_01",1000,Batch,Running,AutomationPilot,0.2440406,131.16669931151702,MissionCache,True,"","D:\Workspace\MM\FlightSim\FlightSimProject\Artifacts\FlightSimVerification\Missions\smoke-00001000\KTEX_EMERGENCY_RTB_01-00001000"
32.390000000002125,"smoke-00001000","KTEX_EMERGENCY_RTB_01-00001000","KTEX_EMERGENCY_RTB_01",1000,Batch,Running,AutomationPilot,0.24537959999999998,131.266005813043,MissionCache,True,"","D:\Workspace\MM\FlightSim\FlightSimProject\Artifacts\FlightSimVerification\Missions\smoke-00001000\KTEX_EMERGENCY_RTB_01-00001000"
32.590000000002085,"smoke-00001000","KTEX_EMERGENCY_RTB_01-00001000","KTEX_EMERGENCY_RTB_01",1000,Batch,Running,AutomationPilot,0.2467067,131.37057080331471,MissionCache,True,"","D:\Workspace\MM\FlightSim\FlightSimProject\Artifacts\FlightSimVerification\Missions\smoke-00001000\KTEX_EMERGENCY_RTB_01-00001000"
32.790000000002046,"smoke-00001000","KTEX_EMERGENCY_RTB_01-00001000","KTEX_EMERGENCY_RTB_01",1000,Batch,Running,AutomationPilot,0.2480141,131.48445995611573,MissionCache,True,"","D:\Workspace\MM\FlightSim\FlightSimProject\Artifacts\FlightSimVerification\Missions\smoke-00001000\KTEX_EMERGENCY_RTB_01-00001000"
32.990000000002006,"smoke-00001000","KTEX_EMERGENCY_RTB_01-00001000","KTEX_EMERGENCY_RTB_01",1000,Batch,Running,AutomationPilot,0.24936999999999998,131.57156033204492,MissionCache,True,"","D:\Workspace\MM\FlightSim\FlightSimProject\Artifacts\FlightSimVerification\Missions\smoke-00001000\KTEX_EMERGENCY_RTB_01-00001000"
33.190000000001966,"smoke-00001000","KTEX_EMERGENCY_RTB_01-00001000","KTEX_EMERGENCY_RTB_01",1000,Batch,Running,AutomationPilot,0.2506991,131.67179299806821,MissionCache,True,"","D:\Workspace\MM\FlightSim\FlightSimProject\Artifacts\FlightSimVerification\Missions\smoke-00001000\KTEX_EMERGENCY_RTB_01-00001000"
33.390000000001926,"smoke-00001000","KTEX_EMERGENCY_RTB_01-00001000","KTEX_EMERGENCY_RTB_01",1000,Batch,Running,AutomationPilot,0.252077,131.74545872888825,MissionCache,True,"","D:\Workspace\MM\FlightSim\FlightSimProject\Artifacts\FlightSimVerification\Missions\smoke-00001000\KTEX_EMERGENCY_RTB_01-00001000"
33.590000000001886,"smoke-00001000","KTEX_EMERGENCY_RTB_01-00001000","KTEX_EMERGENCY_RTB_01",1000,Batch,Running,AutomationPilot,0.2533916,131.85125315914939,MissionCache,True,"","D:\Workspace\MM\FlightSim\FlightSimProject\Artifacts\FlightSimVerification\Missions\smoke-00001000\KTEX_EMERGENCY_RTB_01-00001000"
33.790000000001847,"smoke-00001000","KTEX_EMERGENCY_RTB_01-00001000","KTEX_EMERGENCY_RTB_01",1000,Batch,Running,AutomationPilot,0.25475149999999996,131.93249107464288,MissionCache,True,"","D:\Workspace\MM\FlightSim\FlightSimProject\Artifacts\FlightSimVerification\Missions\smoke-00001000\KTEX_EMERGENCY_RTB_01-00001000"
33.990000000001807,"smoke-00001000","KTEX_EMERGENCY_RTB_01-00001000","KTEX_EMERGENCY_RTB_01",1000,Batch,Running,AutomationPilot,0.2560963,132.02065004454121,MissionCache,True,"","D:\Workspace\MM\FlightSim\FlightSimProject\Artifacts\FlightSimVerification\Missions\smoke-00001000\KTEX_EMERGENCY_RTB_01-00001000"
34.190000000001767,"smoke-00001000","KTEX_EMERGENCY_RTB_01-00001000","KTEX_EMERGENCY_RTB_01",1000,Batch,Running,AutomationPilot,0.2575385,132.05792531991062,MissionCache,True,"","D:\Workspace\MM\FlightSim\FlightSimProject\Artifacts\FlightSimVerification\Missions\smoke-00001000\KTEX_EMERGENCY_RTB_01-00001000"
34.390000000001727,"smoke-00001000","KTEX_EMERGENCY_RTB_01-00001000","KTEX_EMERGENCY_RTB_01",1000,Batch,Running,AutomationPilot,0.2588758,132.14831204771463,MissionCache,True,"","D:\Workspace\MM\FlightSim\FlightSimProject\Artifacts\FlightSimVerification\Missions\smoke-00001000\KTEX_EMERGENCY_RTB_01-00001000"
34.590000000001687,"smoke-00001000","KTEX_EMERGENCY_RTB_01-00001000","KTEX_EMERGENCY_RTB_01",1000,Batch,Running,AutomationPilot,0.2602286,132.22989325539825,MissionCache,True,"","D:\Workspace\MM\FlightSim\FlightSimProject\Artifacts\FlightSimVerification\Missions\smoke-00001000\KTEX_EMERGENCY_RTB_01-00001000"
34.790000000001648,"smoke-00001000","KTEX_EMERGENCY_RTB_01-00001000","KTEX_EMERGENCY_RTB_01",1000,Batch,Running,AutomationPilot,0.2615405,132.33132153529448,MissionCache,True,"","D:\Workspace\MM\FlightSim\FlightSimProject\Artifacts\FlightSimVerification\Missions\smoke-00001000\KTEX_EMERGENCY_RTB_01-00001000"
34.990000000001608,"smoke-00001000","KTEX_EMERGENCY_RTB_01-00001000","KTEX_EMERGENCY_RTB_01",1000,Batch,Running,AutomationPilot,0.262862,132.42690080727394,MissionCache,True,"","D:\Workspace\MM\FlightSim\FlightSimProject\Artifacts\FlightSimVerification\Missions\smoke-00001000\KTEX_EMERGENCY_RTB_01-00001000"
35.190000000001568,"smoke-00001000","KTEX_EMERGENCY_RTB_01-00001000","KTEX_EMERGENCY_RTB_01",1000,Batch,Running,AutomationPilot,0.2650401,132.09321910156842,MissionCache,True,"","D:\Workspace\MM\FlightSim\FlightSimProject\Artifacts\FlightSimVerification\Missions\smoke-00001000\KTEX_EMERGENCY_RTB_01-00001000"
35.390000000001528,"smoke-00001000","KTEX_EMERGENCY_RTB_01-00001000","KTEX_EMERGENCY_RTB_01",1000,Batch,Running,AutomationPilot,0.266361,132.18902166609061,MissionCache,True,"","D:\Workspace\MM\FlightSim\FlightSimProject\Artifacts\FlightSimVerification\Missions\smoke-00001000\KTEX_EMERGENCY_RTB_01-00001000"
35.590000000001488,"smoke-00001000","KTEX_EMERGENCY_RTB_01-00001000","KTEX_EMERGENCY_RTB_01",1000,Batch,Running,AutomationPilot,0.2677334,132.25843320258707,MissionCache,True,"","D:\Workspace\MM\FlightSim\FlightSimProject\Artifacts\FlightSimVerification\Missions\smoke-00001000\KTEX_EMERGENCY_RTB_01-00001000"
35.790000000001449,"smoke-00001000","KTEX_EMERGENCY_RTB_01-00001000","KTEX_EMERGENCY_RTB_01",1000,Batch,Running,AutomationPilot,0.2690566,132.35133425458244,MissionCache,True,"","D:\Workspace\MM\FlightSim\FlightSimProject\Artifacts\FlightSimVerification\Missions\smoke-00001000\KTEX_EMERGENCY_RTB_01-00001000"
35.990000000001409,"smoke-00001000","KTEX_EMERGENCY_RTB_01-00001000","KTEX_EMERGENCY_RTB_01",1000,Batch,Running,AutomationPilot,0.2704301,132.41869155837847,MissionCache,True,"","D:\Workspace\MM\FlightSim\FlightSimProject\Artifacts\FlightSimVerification\Missions\smoke-00001000\KTEX_EMERGENCY_RTB_01-00001000"
36.190000000001369,"smoke-00001000","KTEX_EMERGENCY_RTB_01-00001000","KTEX_EMERGENCY_RTB_01",1000,Batch,Running,AutomationPilot,0.27181849999999996,132.47810579486463,MissionCache,True,"","D:\Workspace\MM\FlightSim\FlightSimProject\Artifacts\FlightSimVerification\Missions\smoke-00001000\KTEX_EMERGENCY_RTB_01-00001000"
36.390000000001329,"smoke-00001000","KTEX_EMERGENCY_RTB_01-00001000","KTEX_EMERGENCY_RTB_01",1000,Batch,Running,AutomationPilot,0.2732362,132.52270379986754,MissionCache,True,"","D:\Workspace\MM\FlightSim\FlightSimProject\Artifacts\FlightSimVerification\Missions\smoke-00001000\KTEX_EMERGENCY_RTB_01-00001000"
36.590000000001289,"smoke-00001000","KTEX_EMERGENCY_RTB_01-00001000","KTEX_EMERGENCY_RTB_01",1000,Batch,Running,AutomationPilot,0.2745642,132.61015092281269,MissionCache,True,"","D:\Workspace\MM\FlightSim\FlightSimProject\Artifacts\FlightSimVerification\Missions\smoke-00001000\KTEX_EMERGENCY_RTB_01-00001000"
36.79000000000125,"smoke-00001000","KTEX_EMERGENCY_RTB_01-00001000","KTEX_EMERGENCY_RTB_01",1000,Batch,Running,AutomationPilot,0.2759211,132.6828575270296,MissionCache,True,"","D:\Workspace\MM\FlightSim\FlightSimProject\Artifacts\FlightSimVerification\Missions\smoke-00001000\KTEX_EMERGENCY_RTB_01-00001000"
36.99000000000121,"smoke-00001000","KTEX_EMERGENCY_RTB_01-00001000","KTEX_EMERGENCY_RTB_01",1000,Batch,Running,AutomationPilot,0.2772786,132.75456526396644,MissionCache,True,"","D:\Workspace\MM\FlightSim\FlightSimProject\Artifacts\FlightSimVerification\Missions\smoke-00001000\KTEX_EMERGENCY_RTB_01-00001000"
37.19000000000117,"smoke-00001000","KTEX_EMERGENCY_RTB_01-00001000","KTEX_EMERGENCY_RTB_01",1000,Batch,Running,AutomationPilot,0.27877969999999996,132.75715556047018,MissionCache,True,"","D:\Workspace\MM\FlightSim\FlightSimProject\Artifacts\FlightSimVerification\Missions\smoke-00001000\KTEX_EMERGENCY_RTB_01-00001000"
37.39000000000113,"smoke-00001000","KTEX_EMERGENCY_RTB_01-00001000","KTEX_EMERGENCY_RTB_01",1000,Batch,Running,AutomationPilot,0.28012729999999997,132.83246581108364,MissionCache,True,"","D:\Workspace\MM\FlightSim\FlightSimProject\Artifacts\FlightSimVerification\Missions\smoke-00001000\KTEX_EMERGENCY_RTB_01-00001000"
37.590000000001091,"smoke-00001000","KTEX_EMERGENCY_RTB_01-00001000","KTEX_EMERGENCY_RTB_01",1000,Batch,Running,AutomationPilot,0.2815276,132.88217567301083,MissionCache,True,"","D:\Workspace\MM\FlightSim\FlightSimProject\Artifacts\FlightSimVerification\Missions\smoke-00001000\KTEX_EMERGENCY_RTB_01-00001000"
37.790000000001051,"smoke-00001000","KTEX_EMERGENCY_RTB_01-00001000","KTEX_EMERGENCY_RTB_01",1000,Batch,Running,AutomationPilot,0.2828559,132.96523070581554,MissionCache,True,"","D:\Workspace\MM\FlightSim\FlightSimProject\Artifacts\FlightSimVerification\Missions\smoke-00001000\KTEX_EMERGENCY_RTB_01-00001000"
37.990000000001011,"smoke-00001000","KTEX_EMERGENCY_RTB_01-00001000","KTEX_EMERGENCY_RTB_01",1000,Batch,Running,AutomationPilot,0.2842108,133.03505707735613,MissionCache,True,"","D:\Workspace\MM\FlightSim\FlightSimProject\Artifacts\FlightSimVerification\Missions\smoke-00001000\KTEX_EMERGENCY_RTB_01-00001000"
38.190000000000971,"smoke-00001000","KTEX_EMERGENCY_RTB_01-00001000","KTEX_EMERGENCY_RTB_01",1000,Batch,Running,AutomationPilot,0.2864742,132.6821054042598,MissionCache,True,"","D:\Workspace\MM\FlightSim\FlightSimProject\Artifacts\FlightSimVerification\Missions\smoke-00001000\KTEX_EMERGENCY_RTB_01-00001000"
38.390000000000931,"smoke-00001000","KTEX_EMERGENCY_RTB_01-00001000","KTEX_EMERGENCY_RTB_01",1000,Batch,Running,AutomationPilot,0.2879259,132.70775571076086,MissionCache,True,"","D:\Workspace\MM\FlightSim\FlightSimProject\Artifacts\FlightSimVerification\Missions\smoke-00001000\KTEX_EMERGENCY_RTB_01-00001000"
38.590000000000892,"smoke-00001000","KTEX_EMERGENCY_RTB_01-00001000","KTEX_EMERGENCY_RTB_01",1000,Batch,Running,AutomationPilot,0.28952869999999997,132.66387753615075,MissionCache,True,"","D:\Workspace\MM\FlightSim\FlightSimProject\Artifacts\FlightSimVerification\Missions\smoke-00001000\KTEX_EMERGENCY_RTB_01-00001000"
38.790000000000852,"smoke-00001000","KTEX_EMERGENCY_RTB_01-00001000","KTEX_EMERGENCY_RTB_01",1000,Batch,Running,AutomationPilot,0.2909266,132.71388728291222,MissionCache,True,"","D:\Workspace\MM\FlightSim\FlightSimProject\Artifacts\FlightSimVerification\Missions\smoke-00001000\KTEX_EMERGENCY_RTB_01-00001000"
38.990000000000812,"smoke-00001000","KTEX_EMERGENCY_RTB_01-00001000","KTEX_EMERGENCY_RTB_01",1000,Batch,Running,AutomationPilot,0.2922604,132.792537066263,MissionCache,True,"","D:\Workspace\MM\FlightSim\FlightSimProject\Artifacts\FlightSimVerification\Missions\smoke-00001000\KTEX_EMERGENCY_RTB_01-00001000"
39.190000000000772,"smoke-00001000","KTEX_EMERGENCY_RTB_01-00001000","KTEX_EMERGENCY_RTB_01",1000,Batch,Running,AutomationPilot,0.29362,132.85879708467002,MissionCache,True,"","D:\Workspace\MM\FlightSim\FlightSimProject\Artifacts\FlightSimVerification\Missions\smoke-00001000\KTEX_EMERGENCY_RTB_01-00001000"
39.390000000000732,"smoke-00001000","KTEX_EMERGENCY_RTB_01-00001000","KTEX_EMERGENCY_RTB_01",1000,Batch,Running,AutomationPilot,0.29492389999999996,132.94955071461069,MissionCache,True,"","D:\Workspace\MM\FlightSim\FlightSimProject\Artifacts\FlightSimVerification\Missions\smoke-00001000\KTEX_EMERGENCY_RTB_01-00001000"
39.590000000000693,"smoke-00001000","KTEX_EMERGENCY_RTB_01-00001000","KTEX_EMERGENCY_RTB_01",1000,Batch,Running,AutomationPilot,0.2962669,133.02194743996284,MissionCache,True,"","D:\Workspace\MM\FlightSim\FlightSimProject\Artifacts\FlightSimVerification\Missions\smoke-00001000\KTEX_EMERGENCY_RTB_01-00001000"
39.790000000000653,"smoke-00001000","KTEX_EMERGENCY_RTB_01-00001000","KTEX_EMERGENCY_RTB_01",1000,Batch,Running,AutomationPilot,0.2975929,133.10129374726577,MissionCache,True,"","D:\Workspace\MM\FlightSim\FlightSimProject\Artifacts\FlightSimVerification\Missions\smoke-00001000\KTEX_EMERGENCY_RTB_01-00001000"
39.990000000000613,"smoke-00001000","KTEX_EMERGENCY_RTB_01-00001000","KTEX_EMERGENCY_RTB_01",1000,Batch,Running,AutomationPilot,0.2991501,133.07700716129011,MissionCache,True,"","D:\Workspace\MM\FlightSim\FlightSimProject\Artifacts\FlightSimVerification\Missions\smoke-00001000\KTEX_EMERGENCY_RTB_01-00001000"
40.190000000000573,"smoke-00001000","KTEX_EMERGENCY_RTB_01-00001000","KTEX_EMERGENCY_RTB_01",1000,Batch,Running,AutomationPilot,0.3007738,133.02355457822659,MissionCache,True,"","D:\Workspace\MM\FlightSim\FlightSimProject\Artifacts\FlightSimVerification\Missions\smoke-00001000\KTEX_EMERGENCY_RTB_01-00001000"
40.390000000000533,"smoke-00001000","KTEX_EMERGENCY_RTB_01-00001000","KTEX_EMERGENCY_RTB_01",1000,Batch,Running,AutomationPilot,0.3021154,133.09483727079311,MissionCache,True,"","D:\Workspace\MM\FlightSim\FlightSimProject\Artifacts\FlightSimVerification\Missions\smoke-00001000\KTEX_EMERGENCY_RTB_01-00001000"
40.590000000000494,"smoke-00001000","KTEX_EMERGENCY_RTB_01-00001000","KTEX_EMERGENCY_RTB_01",1000,Batch,Running,AutomationPilot,0.30349499999999996,133.14881629022071,MissionCache,True,"","D:\Workspace\MM\FlightSim\FlightSimProject\Artifacts\FlightSimVerification\Missions\smoke-00001000\KTEX_EMERGENCY_RTB_01-00001000"
40.790000000000454,"smoke-00001000","KTEX_EMERGENCY_RTB_01-00001000","KTEX_EMERGENCY_RTB_01",1000,Batch,Running,AutomationPilot,0.3048133,133.22909466220958,MissionCache,True,"","D:\Workspace\MM\FlightSim\FlightSimProject\Artifacts\FlightSimVerification\Missions\smoke-00001000\KTEX_EMERGENCY_RTB_01-00001000"
40.990000000000414,"smoke-00001000","KTEX_EMERGENCY_RTB_01-00001000","KTEX_EMERGENCY_RTB_01",1000,Batch,Running,AutomationPilot,0.3061427,133.30384817276536,MissionCache,True,"","D:\Workspace\MM\FlightSim\FlightSimProject\Artifacts\FlightSimVerification\Missions\smoke-00001000\KTEX_EMERGENCY_RTB_01-00001000"
41.190000000000374,"smoke-00001000","KTEX_EMERGENCY_RTB_01-00001000","KTEX_EMERGENCY_RTB_01",1000,Batch,Running,AutomationPilot,0.308395,132.97880964347806,MissionCache,True,"","D:\Workspace\MM\FlightSim\FlightSimProject\Artifacts\FlightSimVerification\Missions\smoke-00001000\KTEX_EMERGENCY_RTB_01-00001000"
41.390000000000335,"smoke-00001000","KTEX_EMERGENCY_RTB_01-00001000","KTEX_EMERGENCY_RTB_01",1000,Batch,Running,AutomationPilot,0.3098053,133.01902840267863,MissionCache,True,"","D:\Workspace\MM\FlightSim\FlightSimProject\Artifacts\FlightSimVerification\Missions\smoke-00001000\KTEX_EMERGENCY_RTB_01-00001000"
41.590000000000295,"smoke-00001000","KTEX_EMERGENCY_RTB_01-00001000","KTEX_EMERGENCY_RTB_01",1000,Batch,Running,AutomationPilot,0.3111104,133.10387566600258,MissionCache,True,"","D:\Workspace\MM\FlightSim\FlightSimProject\Artifacts\FlightSimVerification\Missions\smoke-00001000\KTEX_EMERGENCY_RTB_01-00001000"
41.790000000000255,"smoke-00001000","KTEX_EMERGENCY_RTB_01-00001000","KTEX_EMERGENCY_RTB_01",1000,Batch,Running,AutomationPilot,0.3124701,133.16474120243919,MissionCache,True,"","D:\Workspace\MM\FlightSim\FlightSimProject\Artifacts\FlightSimVerification\Missions\smoke-00001000\KTEX_EMERGENCY_RTB_01-00001000"
41.990000000000215,"smoke-00001000","KTEX_EMERGENCY_RTB_01-00001000","KTEX_EMERGENCY_RTB_01",1000,Batch,Running,AutomationPilot,0.3138062,133.23509860544581,MissionCache,True,"","D:\Workspace\MM\FlightSim\FlightSimProject\Artifacts\FlightSimVerification\Missions\smoke-00001000\KTEX_EMERGENCY_RTB_01-00001000"
42.190000000000175,"smoke-00001000","KTEX_EMERGENCY_RTB_01-00001000","KTEX_EMERGENCY_RTB_01",1000,Batch,Running,AutomationPilot,0.3151271,133.3112893178664,MissionCache,True,"","D:\Workspace\MM\FlightSim\FlightSimProject\Artifacts\FlightSimVerification\Missions\smoke-00001000\KTEX_EMERGENCY_RTB_01-00001000"
42.390000000000136,"smoke-00001000","KTEX_EMERGENCY_RTB_01-00001000","KTEX_EMERGENCY_RTB_01",1000,Batch,Running,AutomationPilot,0.3164402,133.39013184797687,MissionCache,True,"","D:\Workspace\MM\FlightSim\FlightSimProject\Artifacts\FlightSimVerification\Missions\smoke-00001000\KTEX_EMERGENCY_RTB_01-00001000"
42.590000000000096,"smoke-00001000","KTEX_EMERGENCY_RTB_01-00001000","KTEX_EMERGENCY_RTB_01",1000,Batch,Running,AutomationPilot,0.3177695,133.46151849060445,MissionCache,True,"","D:\Workspace\MM\FlightSim\FlightSimProject\Artifacts\FlightSimVerification\Missions\smoke-00001000\KTEX_EMERGENCY_RTB_01-00001000"
42.790000000000056,"smoke-00001000","KTEX_EMERGENCY_RTB_01-00001000","KTEX_EMERGENCY_RTB_01",1000,Batch,Running,AutomationPilot,0.3192656,133.46254654431951,MissionCache,True,"","D:\Workspace\MM\FlightSim\FlightSimProject\Artifacts\FlightSimVerification\Missions\smoke-00001000\KTEX_EMERGENCY_RTB_01-00001000"
42.990000000000016,"smoke-00001000","KTEX_EMERGENCY_RTB_01-00001000","KTEX_EMERGENCY_RTB_01",1000,Batch,Running,AutomationPilot,0.32067589999999996,133.49927450113981,MissionCache,True,"","D:\Workspace\MM\FlightSim\FlightSimProject\Artifacts\FlightSimVerification\Missions\smoke-00001000\KTEX_EMERGENCY_RTB_01-00001000"
43.189999999999976,"smoke-00001000","KTEX_EMERGENCY_RTB_01-00001000","KTEX_EMERGENCY_RTB_01",1000,Batch,Running,AutomationPilot,0.322003,133.57018412871935,MissionCache,True,"","D:\Workspace\MM\FlightSim\FlightSimProject\Artifacts\FlightSimVerification\Missions\smoke-00001000\KTEX_EMERGENCY_RTB_01-00001000"
43.389999999999937,"smoke-00001000","KTEX_EMERGENCY_RTB_01-00001000","KTEX_EMERGENCY_RTB_01",1000,Batch,Running,AutomationPilot,0.3233429,133.63522130840039,MissionCache,True,"","D:\Workspace\MM\FlightSim\FlightSimProject\Artifacts\FlightSimVerification\Missions\smoke-00001000\KTEX_EMERGENCY_RTB_01-00001000"
43.5899999999999,"smoke-00001000","KTEX_EMERGENCY_RTB_01-00001000","KTEX_EMERGENCY_RTB_01",1000,Batch,Running,AutomationPilot,0.324669,133.70540458128104,MissionCache,True,"","D:\Workspace\MM\FlightSim\FlightSimProject\Artifacts\FlightSimVerification\Missions\smoke-00001000\KTEX_EMERGENCY_RTB_01-00001000"
43.789999999999857,"smoke-00001000","KTEX_EMERGENCY_RTB_01-00001000","KTEX_EMERGENCY_RTB_01",1000,Batch,Running,AutomationPilot,0.32601379999999996,133.76734359097651,MissionCache,True,"","D:\Workspace\MM\FlightSim\FlightSimProject\Artifacts\FlightSimVerification\Missions\smoke-00001000\KTEX_EMERGENCY_RTB_01-00001000"
43.989999999999817,"smoke-00001000","KTEX_EMERGENCY_RTB_01-00001000","KTEX_EMERGENCY_RTB_01",1000,Batch,Running,AutomationPilot,0.3273506,133.83204429745922,MissionCache,True,"","D:\Workspace\MM\FlightSim\FlightSimProject\Artifacts\FlightSimVerification\Missions\smoke-00001000\KTEX_EMERGENCY_RTB_01-00001000"
44.189999999999777,"smoke-00001000","KTEX_EMERGENCY_RTB_01-00001000","KTEX_EMERGENCY_RTB_01",1000,Batch,Running,AutomationPilot,0.3286675,133.90432580039041,MissionCache,True,"","D:\Workspace\MM\FlightSim\FlightSimProject\Artifacts\FlightSimVerification\Missions\smoke-00001000\KTEX_EMERGENCY_RTB_01-00001000"
44.389999999999738,"smoke-00001000","KTEX_EMERGENCY_RTB_01-00001000","KTEX_EMERGENCY_RTB_01",1000,Batch,Running,AutomationPilot,0.33088829999999997,133.61004302660376,MissionCache,True,"","D:\Workspace\MM\FlightSim\FlightSimProject\Artifacts\FlightSimVerification\Missions\smoke-00001000\KTEX_EMERGENCY_RTB_01-00001000"
44.5899999999997,"smoke-00001000","KTEX_EMERGENCY_RTB_01-00001000","KTEX_EMERGENCY_RTB_01",1000,Batch,Running,AutomationPilot,0.33221419999999996,133.67881324759671,MissionCache,True,"","D:\Workspace\MM\FlightSim\FlightSimProject\Artifacts\FlightSimVerification\Missions\smoke-00001000\KTEX_EMERGENCY_RTB_01-00001000"
44.789999999999658,"smoke-00001000","KTEX_EMERGENCY_RTB_01-00001000","KTEX_EMERGENCY_RTB_01",1000,Batch,Running,AutomationPilot,0.3335284,133.75172848848763,MissionCache,True,"","D:\Workspace\MM\FlightSim\FlightSimProject\Artifacts\FlightSimVerification\Missions\smoke-00001000\KTEX_EMERGENCY_RTB_01-00001000"
44.989999999999618,"smoke-00001000","KTEX_EMERGENCY_RTB_01-00001000","KTEX_EMERGENCY_RTB_01",1000,Batch,Running,AutomationPilot,0.3349482,133.78188030268458,MissionCache,True,"","D:\Workspace\MM\FlightSim\FlightSimProject\Artifacts\FlightSimVerification\Missions\smoke-00001000\KTEX_EMERGENCY_RTB_01-00001000"
45.189999999999579,"smoke-00001000","KTEX_EMERGENCY_RTB_01-00001000","KTEX_EMERGENCY_RTB_01",1000,Batch,Running,AutomationPilot,0.3363559,133.81659129511215,MissionCache,True,"","D:\Workspace\MM\FlightSim\FlightSimProject\Artifacts\FlightSimVerification\Missions\smoke-00001000\KTEX_EMERGENCY_RTB_01-00001000"
45.389999999999539,"smoke-00001000","KTEX_EMERGENCY_RTB_01-00001000","KTEX_EMERGENCY_RTB_01",1000,Batch,Running,AutomationPilot,0.3376786,133.88470575274707,MissionCache,True,"","D:\Workspace\MM\FlightSim\FlightSimProject\Artifacts\FlightSimVerification\Missions\smoke-00001000\KTEX_EMERGENCY_RTB_01-00001000"
45.5899999999995,"smoke-00001000","KTEX_EMERGENCY_RTB_01-00001000","KTEX_EMERGENCY_RTB_01",1000,Batch,Running,AutomationPilot,0.3390684,133.92578016706815,MissionCache,True,"","D:\Workspace\MM\FlightSim\FlightSimProject\Artifacts\FlightSimVerification\Missions\smoke-00001000\KTEX_EMERGENCY_RTB_01-00001000"
45.789999999999459,"smoke-00001000","KTEX_EMERGENCY_RTB_01-00001000","KTEX_EMERGENCY_RTB_01",1000,Batch,Running,AutomationPilot,0.3404365,133.97505849108276,MissionCache,True,"","D:\Workspace\MM\FlightSim\FlightSimProject\Artifacts\FlightSimVerification\Missions\smoke-00001000\KTEX_EMERGENCY_RTB_01-00001000"
45.989999999999419,"smoke-00001000","KTEX_EMERGENCY_RTB_01-00001000","KTEX_EMERGENCY_RTB_01",1000,Batch,Running,AutomationPilot,0.3417906,134.02943205576588,MissionCache,True,"","D:\Workspace\MM\FlightSim\FlightSimProject\Artifacts\FlightSimVerification\Missions\smoke-00001000\KTEX_EMERGENCY_RTB_01-00001000"
46.18999999999938,"smoke-00001000","KTEX_EMERGENCY_RTB_01-00001000","KTEX_EMERGENCY_RTB_01",1000,Batch,Running,AutomationPilot,0.3431131,134.09572528708293,MissionCache,True,"","D:\Workspace\MM\FlightSim\FlightSimProject\Artifacts\FlightSimVerification\Missions\smoke-00001000\KTEX_EMERGENCY_RTB_01-00001000"
46.38999999999934,"smoke-00001000","KTEX_EMERGENCY_RTB_01-00001000","KTEX_EMERGENCY_RTB_01",1000,Batch,Running,AutomationPilot,0.344416,134.16914429062348,MissionCache,True,"","D:\Workspace\MM\FlightSim\FlightSimProject\Artifacts\FlightSimVerification\Missions\smoke-00001000\KTEX_EMERGENCY_RTB_01-00001000"
46.5899999999993,"smoke-00001000","KTEX_EMERGENCY_RTB_01-00001000","KTEX_EMERGENCY_RTB_01",1000,Batch,Running,AutomationPilot,0.3457291,134.23804938606364,MissionCache,True,"","D:\Workspace\MM\FlightSim\FlightSimProject\Artifacts\FlightSimVerification\Missions\smoke-00001000\KTEX_EMERGENCY_RTB_01-00001000"
46.78999999999926,"smoke-00001000","KTEX_EMERGENCY_RTB_01-00001000","KTEX_EMERGENCY_RTB_01",1000,Batch,Running,AutomationPilot,0.3470276,134.3120835345641,MissionCache,True,"","D:\Workspace\MM\FlightSim\FlightSimProject\Artifacts\FlightSimVerification\Missions\smoke-00001000\KTEX_EMERGENCY_RTB_01-00001000"
46.98999999999922,"smoke-00001000","KTEX_EMERGENCY_RTB_01-00001000","KTEX_EMERGENCY_RTB_01",1000,Batch,Running,AutomationPilot,0.3484158,134.3509680100594,MissionCache,True,"","D:\Workspace\MM\FlightSim\FlightSimProject\Artifacts\FlightSimVerification\Missions\smoke-00001000\KTEX_EMERGENCY_RTB_01-00001000"
47.189999999999181,"smoke-00001000","KTEX_EMERGENCY_RTB_01-00001000","KTEX_EMERGENCY_RTB_01",1000,Batch,Running,AutomationPilot,0.350004,134.3127507114182,MissionCache,True,"","D:\Workspace\MM\FlightSim\FlightSimProject\Artifacts\FlightSimVerification\Missions\smoke-00001000\KTEX_EMERGENCY_RTB_01-00001000"
47.389999999999141,"smoke-00001000","KTEX_EMERGENCY_RTB_01-00001000","KTEX_EMERGENCY_RTB_01",1000,Batch,Running,AutomationPilot,0.3521585,134.05895356778035,MissionCache,True,"","D:\Workspace\MM\FlightSim\FlightSimProject\Artifacts\FlightSimVerification\Missions\smoke-00001000\KTEX_EMERGENCY_RTB_01-00001000"
47.5899999999991,"smoke-00001000","KTEX_EMERGENCY_RTB_01-00001000","KTEX_EMERGENCY_RTB_01",1000,Batch,Running,AutomationPilot,0.3534641,134.12960467555018,MissionCache,True,"","D:\Workspace\MM\FlightSim\FlightSimProject\Artifacts\FlightSimVerification\Missions\smoke-00001000\KTEX_EMERGENCY_RTB_01-00001000"
47.789999999999061,"smoke-00001000","KTEX_EMERGENCY_RTB_01-00001000","KTEX_EMERGENCY_RTB_01",1000,Batch,Running,AutomationPilot,0.3547798,134.19591532550359,MissionCache,True,"","D:\Workspace\MM\FlightSim\FlightSimProject\Artifacts\FlightSimVerification\Missions\smoke-00001000\KTEX_EMERGENCY_RTB_01-00001000"
47.989999999999021,"smoke-00001000","KTEX_EMERGENCY_RTB_01-00001000","KTEX_EMERGENCY_RTB_01",1000,Batch,Running,AutomationPilot,0.3561472,134.24224590281506,MissionCache,True,"","D:\Workspace\MM\FlightSim\FlightSimProject\Artifacts\FlightSimVerification\Missions\smoke-00001000\KTEX_EMERGENCY_RTB_01-00001000"
48.189999999998982,"smoke-00001000","KTEX_EMERGENCY_RTB_01-00001000","KTEX_EMERGENCY_RTB_01",1000,Batch,Running,AutomationPilot,0.3574803,134.30110694211407,MissionCache,True,"","D:\Workspace\MM\FlightSim\FlightSimProject\Artifacts\FlightSimVerification\Missions\smoke-00001000\KTEX_EMERGENCY_RTB_01-00001000"
48.389999999998942,"smoke-00001000","KTEX_EMERGENCY_RTB_01-00001000","KTEX_EMERGENCY_RTB_01",1000,Batch,Running,AutomationPilot,0.3588571,134.34316891040746,MissionCache,True,"","D:\Workspace\MM\FlightSim\FlightSimProject\Artifacts\FlightSimVerification\Missions\smoke-00001000\KTEX_EMERGENCY_RTB_01-00001000"
48.5899999999989,"smoke-00001000","KTEX_EMERGENCY_RTB_01-00001000","KTEX_EMERGENCY_RTB_01",1000,Batch,Running,AutomationPilot,0.3601913,134.4008031287789,MissionCache,True,"","D:\Workspace\MM\FlightSim\FlightSimProject\Artifacts\FlightSimVerification\Missions\smoke-00001000\KTEX_EMERGENCY_RTB_01-00001000"
48.789999999998862,"smoke-00001000","KTEX_EMERGENCY_RTB_01-00001000","KTEX_EMERGENCY_RTB_01",1000,Batch,Running,AutomationPilot,0.3615304,134.45618957630921,MissionCache,True,"","D:\Workspace\MM\FlightSim\FlightSimProject\Artifacts\FlightSimVerification\Missions\smoke-00001000\KTEX_EMERGENCY_RTB_01-00001000"
48.989999999998822,"smoke-00001000","KTEX_EMERGENCY_RTB_01-00001000","KTEX_EMERGENCY_RTB_01",1000,Batch,Running,AutomationPilot,0.3629304,134.48859616058303,MissionCache,True,"","D:\Workspace\MM\FlightSim\FlightSimProject\Artifacts\FlightSimVerification\Missions\smoke-00001000\KTEX_EMERGENCY_RTB_01-00001000"
49.189999999998783,"smoke-00001000","KTEX_EMERGENCY_RTB_01-00001000","KTEX_EMERGENCY_RTB_01",1000,Batch,Running,AutomationPilot,0.364269,134.5434280710102,MissionCache,True,"","D:\Workspace\MM\FlightSim\FlightSimProject\Artifacts\FlightSimVerification\Missions\smoke-00001000\KTEX_EMERGENCY_RTB_01-00001000"
49.389999999998743,"smoke-00001000","KTEX_EMERGENCY_RTB_01-00001000","KTEX_EMERGENCY_RTB_01",1000,Batch,Running,AutomationPilot,0.3661251,134.40761095046142,MissionCache,True,"","D:\Workspace\MM\FlightSim\FlightSimProject\Artifacts\FlightSimVerification\Missions\smoke-00001000\KTEX_EMERGENCY_RTB_01-00001000"
49.5899999999987,"smoke-00001000","KTEX_EMERGENCY_RTB_01-00001000","KTEX_EMERGENCY_RTB_01",1000,Batch,Running,AutomationPilot,0.36745859999999997,134.46412738740838,MissionCache,True,"","D:\Workspace\MM\FlightSim\FlightSimProject\Artifacts\FlightSimVerification\Missions\smoke-00001000\KTEX_EMERGENCY_RTB_01-00001000"
49.789999999998663,"smoke-00001000","KTEX_EMERGENCY_RTB_01-00001000","KTEX_EMERGENCY_RTB_01",1000,Batch,Running,AutomationPilot,0.36892569999999997,134.47152095936582,MissionCache,True,"","D:\Workspace\MM\FlightSim\FlightSimProject\Artifacts\FlightSimVerification\Missions\smoke-00001000\KTEX_EMERGENCY_RTB_01-00001000"
49.989999999998624,"smoke-00001000","KTEX_EMERGENCY_RTB_01-00001000","KTEX_EMERGENCY_RTB_01",1000,Batch,Running,AutomationPilot,0.3702746,134.5217846430694,MissionCache,True,"","D:\Workspace\MM\FlightSim\FlightSimProject\Artifacts\FlightSimVerification\Missions\smoke-00001000\KTEX_EMERGENCY_RTB_01-00001000"
50.189999999998584,"smoke-00001000","KTEX_EMERGENCY_RTB_01-00001000","KTEX_EMERGENCY_RTB_01",1000,Batch,Running,AutomationPilot,0.37162649999999997,134.57059709143084,MissionCache,True,"","D:\Workspace\MM\FlightSim\FlightSimProject\Artifacts\FlightSimVerification\Missions\smoke-00001000\KTEX_EMERGENCY_RTB_01-00001000"
50.389999999998544,"smoke-00001000","KTEX_EMERGENCY_RTB_01-00001000","KTEX_EMERGENCY_RTB_01",1000,Batch,Running,AutomationPilot,0.37385979999999996,134.30168207439951,MissionCache,True,"","D:\Workspace\MM\FlightSim\FlightSimProject\Artifacts\FlightSimVerification\Missions\smoke-00001000\KTEX_EMERGENCY_RTB_01-00001000"
50.589999999998504,"smoke-00001000","KTEX_EMERGENCY_RTB_01-00001000","KTEX_EMERGENCY_RTB_01",1000,Batch,Running,AutomationPilot,0.37518389999999996,134.36077614204274,MissionCache,True,"","D:\Workspace\MM\FlightSim\FlightSimProject\Artifacts\FlightSimVerification\Missions\smoke-00001000\KTEX_EMERGENCY_RTB_01-00001000"
50.789999999998464,"smoke-00001000","KTEX_EMERGENCY_RTB_01-00001000","KTEX_EMERGENCY_RTB_01",1000,Batch,Running,AutomationPilot,0.3765493,134.40471141494223,MissionCache,True,"","D:\Workspace\MM\FlightSim\FlightSimProject\Artifacts\FlightSimVerification\Missions\smoke-00001000\KTEX_EMERGENCY_RTB_01-00001000"
50.989999999998425,"smoke-00001000","KTEX_EMERGENCY_RTB_01-00001000","KTEX_EMERGENCY_RTB_01",1000,Batch,Running,AutomationPilot,0.3778669,134.46533686861289,MissionCache,True,"","D:\Workspace\MM\FlightSim\FlightSimProject\Artifacts\FlightSimVerification\Missions\smoke-00001000\KTEX_EMERGENCY_RTB_01-00001000"
51.189999999998385,"smoke-00001000","KTEX_EMERGENCY_RTB_01-00001000","KTEX_EMERGENCY_RTB_01",1000,Batch,Running,AutomationPilot,0.3793742,134.45827365170965,MissionCache,True,"","D:\Workspace\MM\FlightSim\FlightSimProject\Artifacts\FlightSimVerification\Missions\smoke-00001000\KTEX_EMERGENCY_RTB_01-00001000"
51.389999999998345,"smoke-00001000","KTEX_EMERGENCY_RTB_01-00001000","KTEX_EMERGENCY_RTB_01",1000,Batch,Running,AutomationPilot,0.38080169999999997,134.4794416621522,MissionCache,True,"","D:\Workspace\MM\FlightSim\FlightSimProject\Artifacts\FlightSimVerification\Missions\smoke-00001000\KTEX_EMERGENCY_RTB_01-00001000"
51.589999999998305,"smoke-00001000","KTEX_EMERGENCY_RTB_01-00001000","KTEX_EMERGENCY_RTB_01",1000,Batch,Running,AutomationPilot,0.3821409,134.53153012409388,MissionCache,True,"","D:\Workspace\MM\FlightSim\FlightSimProject\Artifacts\FlightSimVerification\Missions\smoke-00001000\KTEX_EMERGENCY_RTB_01-00001000"
51.789999999998265,"smoke-00001000","KTEX_EMERGENCY_RTB_01-00001000","KTEX_EMERGENCY_RTB_01",1000,Batch,Running,AutomationPilot,0.3834691,134.58711536339774,MissionCache,True,"","D:\Workspace\MM\FlightSim\FlightSimProject\Artifacts\FlightSimVerification\Missions\smoke-00001000\KTEX_EMERGENCY_RTB_01-00001000"
51.989999999998226,"smoke-00001000","KTEX_EMERGENCY_RTB_01-00001000","KTEX_EMERGENCY_RTB_01",1000,Batch,Running,AutomationPilot,0.3848772,134.61436530924217,MissionCache,True,"","D:\Workspace\MM\FlightSim\FlightSimProject\Artifacts\FlightSimVerification\Missions\smoke-00001000\KTEX_EMERGENCY_RTB_01-00001000"
52.189999999998186,"smoke-00001000","KTEX_EMERGENCY_RTB_01-00001000","KTEX_EMERGENCY_RTB_01",1000,Batch,Running,AutomationPilot,0.3862103,134.66756324209433,MissionCache,True,"","D:\Workspace\MM\FlightSim\FlightSimProject\Artifacts\FlightSimVerification\Missions\smoke-00001000\KTEX_EMERGENCY_RTB_01-00001000"
52.389999999998146,"smoke-00001000","KTEX_EMERGENCY_RTB_01-00001000","KTEX_EMERGENCY_RTB_01",1000,Batch,Running,AutomationPilot,0.3875497,134.71820517471227,MissionCache,True,"","D:\Workspace\MM\FlightSim\FlightSimProject\Artifacts\FlightSimVerification\Missions\smoke-00001000\KTEX_EMERGENCY_RTB_01-00001000"
52.589999999998106,"smoke-00001000","KTEX_EMERGENCY_RTB_01-00001000","KTEX_EMERGENCY_RTB_01",1000,Batch,Running,AutomationPilot,0.3891048,134.69378943667141,MissionCache,True,"","D:\Workspace\MM\FlightSim\FlightSimProject\Artifacts\FlightSimVerification\Missions\smoke-00001000\KTEX_EMERGENCY_RTB_01-00001000"
52.789999999998066,"smoke-00001000","KTEX_EMERGENCY_RTB_01-00001000","KTEX_EMERGENCY_RTB_01",1000,Batch,Running,AutomationPilot,0.3905169,134.71888156440374,MissionCache,True,"","D:\Workspace\MM\FlightSim\FlightSimProject\Artifacts\FlightSimVerification\Missions\smoke-00001000\KTEX_EMERGENCY_RTB_01-00001000"
52.989999999998027,"smoke-00001000","KTEX_EMERGENCY_RTB_01-00001000","KTEX_EMERGENCY_RTB_01",1000,Batch,Running,AutomationPilot,0.39187079999999996,134.76380480504815,MissionCache,True,"","D:\Workspace\MM\FlightSim\FlightSimProject\Artifacts\FlightSimVerification\Missions\smoke-00001000\KTEX_EMERGENCY_RTB_01-00001000"
53.189999999997987,"smoke-00001000","KTEX_EMERGENCY_RTB_01-00001000","KTEX_EMERGENCY_RTB_01",1000,Batch,Running,AutomationPilot,0.3931993,134.81712709050609,MissionCache,True,"","D:\Workspace\MM\FlightSim\FlightSimProject\Artifacts\FlightSimVerification\Missions\smoke-00001000\KTEX_EMERGENCY_RTB_01-00001000"
53.389999999997947,"smoke-00001000","KTEX_EMERGENCY_RTB_01-00001000","KTEX_EMERGENCY_RTB_01",1000,Batch,Running,AutomationPilot,0.3953846,134.57782624815934,MissionCache,True,"","D:\Workspace\MM\FlightSim\FlightSimProject\Artifacts\FlightSimVerification\Missions\smoke-00001000\KTEX_EMERGENCY_RTB_01-00001000"
53.589999999997907,"smoke-00001000","KTEX_EMERGENCY_RTB_01-00001000","KTEX_EMERGENCY_RTB_01",1000,Batch,Running,AutomationPilot,0.39679159999999997,134.60466401001923,MissionCache,True,"","D:\Workspace\MM\FlightSim\FlightSimProject\Artifacts\FlightSimVerification\Missions\smoke-00001000\KTEX_EMERGENCY_RTB_01-00001000"
53.789999999997868,"smoke-00001000","KTEX_EMERGENCY_RTB_01-00001000","KTEX_EMERGENCY_RTB_01",1000,Batch,Running,AutomationPilot,0.39818689999999995,134.63526801107196,MissionCache,True,"","D:\Workspace\MM\FlightSim\FlightSimProject\Artifacts\FlightSimVerification\Missions\smoke-00001000\KTEX_EMERGENCY_RTB_01-00001000"
53.989999999997828,"smoke-00001000","KTEX_EMERGENCY_RTB_01-00001000","KTEX_EMERGENCY_RTB_01",1000,Batch,Running,AutomationPilot,0.39954,134.67988186413842,MissionCache,True,"","D:\Workspace\MM\FlightSim\FlightSimProject\Artifacts\FlightSimVerification\Missions\smoke-00001000\KTEX_EMERGENCY_RTB_01-00001000"
54.189999999997788,"smoke-00001000","KTEX_EMERGENCY_RTB_01-00001000","KTEX_EMERGENCY_RTB_01",1000,Batch,Running,AutomationPilot,0.4009156,134.71663362562552,MissionCache,True,"","D:\Workspace\MM\FlightSim\FlightSimProject\Artifacts\FlightSimVerification\Missions\smoke-00001000\KTEX_EMERGENCY_RTB_01-00001000"
54.389999999997748,"smoke-00001000","KTEX_EMERGENCY_RTB_01-00001000","KTEX_EMERGENCY_RTB_01",1000,Batch,Running,AutomationPilot,0.40224879999999996,134.76733802561446,MissionCache,True,"","D:\Workspace\MM\FlightSim\FlightSimProject\Artifacts\FlightSimVerification\Missions\smoke-00001000\KTEX_EMERGENCY_RTB_01-00001000"
54.589999999997708,"smoke-00001000","KTEX_EMERGENCY_RTB_01-00001000","KTEX_EMERGENCY_RTB_01",1000,Batch,Running,AutomationPilot,0.4035853,134.81660506464866,MissionCache,True,"","D:\Workspace\MM\FlightSim\FlightSimProject\Artifacts\FlightSimVerification\Missions\smoke-00001000\KTEX_EMERGENCY_RTB_01-00001000"
54.789999999997669,"smoke-00001000","KTEX_EMERGENCY_RTB_01-00001000","KTEX_EMERGENCY_RTB_01",1000,Batch,Running,AutomationPilot,0.40492659999999997,134.86394818220811,MissionCache,True,"","D:\Workspace\MM\FlightSim\FlightSimProject\Artifacts\FlightSimVerification\Missions\smoke-00001000\KTEX_EMERGENCY_RTB_01-00001000"
54.989999999997629,"smoke-00001000","KTEX_EMERGENCY_RTB_01-00001000","KTEX_EMERGENCY_RTB_01",1000,Batch,Running,AutomationPilot,0.4063208,134.89341426773541,MissionCache,True,"","D:\Workspace\MM\FlightSim\FlightSimProject\Artifacts\FlightSimVerification\Missions\smoke-00001000\KTEX_EMERGENCY_RTB_01-00001000"
55.189999999997589,"smoke-00001000","KTEX_EMERGENCY_RTB_01-00001000","KTEX_EMERGENCY_RTB_01",1000,Batch,Running,AutomationPilot,0.4076778,134.93499032814057,MissionCache,True,"","D:\Workspace\MM\FlightSim\FlightSimProject\Artifacts\FlightSimVerification\Missions\smoke-00001000\KTEX_EMERGENCY_RTB_01-00001000"
55.389999999997549,"smoke-00001000","KTEX_EMERGENCY_RTB_01-00001000","KTEX_EMERGENCY_RTB_01",1000,Batch,Running,AutomationPilot,0.4090333,134.97678550865561,MissionCache,True,"","D:\Workspace\MM\FlightSim\FlightSimProject\Artifacts\FlightSimVerification\Missions\smoke-00001000\KTEX_EMERGENCY_RTB_01-00001000"
55.589999999997509,"smoke-00001000","KTEX_EMERGENCY_RTB_01-00001000","KTEX_EMERGENCY_RTB_01",1000,Batch,Running,AutomationPilot,0.410386,135.01922580204379,MissionCache,True,"","D:\Workspace\MM\FlightSim\FlightSimProject\Artifacts\FlightSimVerification\Missions\smoke-00001000\KTEX_EMERGENCY_RTB_01-00001000"
55.78999999999747,"smoke-00001000","KTEX_EMERGENCY_RTB_01-00001000","KTEX_EMERGENCY_RTB_01",1000,Batch,Running,AutomationPilot,0.4119808,134.98201857950056,MissionCache,True,"","D:\Workspace\MM\FlightSim\FlightSimProject\Artifacts\FlightSimVerification\Missions\smoke-00001000\KTEX_EMERGENCY_RTB_01-00001000"
55.98999999999743,"smoke-00001000","KTEX_EMERGENCY_RTB_01-00001000","KTEX_EMERGENCY_RTB_01",1000,Batch,Running,AutomationPilot,0.41338559999999996,135.0071216800911,MissionCache,True,"","D:\Workspace\MM\FlightSim\FlightSimProject\Artifacts\FlightSimVerification\Missions\smoke-00001000\KTEX_EMERGENCY_RTB_01-00001000"
56.18999999999739,"smoke-00001000","KTEX_EMERGENCY_RTB_01-00001000","KTEX_EMERGENCY_RTB_01",1000,Batch,Running,AutomationPilot,0.41476409999999997,135.04061706400682,MissionCache,True,"","D:\Workspace\MM\FlightSim\FlightSimProject\Artifacts\FlightSimVerification\Missions\smoke-00001000\KTEX_EMERGENCY_RTB_01-00001000"
56.38999999999735,"smoke-00001000","KTEX_EMERGENCY_RTB_01-00001000","KTEX_EMERGENCY_RTB_01",1000,Batch,Running,AutomationPilot,0.41914769999999996,134.10547165115636,MissionCache,True,"","D:\Workspace\MM\FlightSim\FlightSimProject\Artifacts\FlightSimVerification\Missions\smoke-00001000\KTEX_EMERGENCY_RTB_01-00001000"
56.58999999999731,"smoke-00001000","KTEX_EMERGENCY_RTB_01-00001000","KTEX_EMERGENCY_RTB_01",1000,Batch,Running,AutomationPilot,0.4205056,134.148035127231,MissionCache,True,"","D:\Workspace\MM\FlightSim\FlightSimProject\Artifacts\FlightSimVerification\Missions\smoke-00001000\KTEX_EMERGENCY_RTB_01-00001000"
56.789999999997271,"smoke-00001000","KTEX_EMERGENCY_RTB_01-00001000","KTEX_EMERGENCY_RTB_01",1000,Batch,Running,AutomationPilot,0.42195109999999997,134.16246574543189,MissionCache,True,"","D:\Workspace\MM\FlightSim\FlightSimProject\Artifacts\FlightSimVerification\Missions\smoke-00001000\KTEX_EMERGENCY_RTB_01-00001000"
56.989999999997231,"smoke-00001000","KTEX_EMERGENCY_RTB_01-00001000","KTEX_EMERGENCY_RTB_01",1000,Batch,Running,AutomationPilot,0.42333289999999996,134.19698776068969,MissionCache,True,"","D:\Workspace\MM\FlightSim\FlightSimProject\Artifacts\FlightSimVerification\Missions\smoke-00001000\KTEX_EMERGENCY_RTB_01-00001000"
57.189999999997191,"smoke-00001000","KTEX_EMERGENCY_RTB_01-00001000","KTEX_EMERGENCY_RTB_01",1000,Batch,Running,AutomationPilot,0.4246984,134.23643696325965,MissionCache,True,"","D:\Workspace\MM\FlightSim\FlightSimProject\Artifacts\FlightSimVerification\Missions\smoke-00001000\KTEX_EMERGENCY_RTB_01-00001000"
57.389999999997151,"smoke-00001000","KTEX_EMERGENCY_RTB_01-00001000","KTEX_EMERGENCY_RTB_01",1000,Batch,Running,AutomationPilot,0.4260516,134.27950980584791,MissionCache,True,"","D:\Workspace\MM\FlightSim\FlightSimProject\Artifacts\FlightSimVerification\Missions\smoke-00001000\KTEX_EMERGENCY_RTB_01-00001000"
57.589999999997112,"smoke-00001000","KTEX_EMERGENCY_RTB_01-00001000","KTEX_EMERGENCY_RTB_01",1000,Batch,Running,AutomationPilot,0.4274283,134.31492486575445,MissionCache,True,"","D:\Workspace\MM\FlightSim\FlightSimProject\Artifacts\FlightSimVerification\Missions\smoke-00001000\KTEX_EMERGENCY_RTB_01-00001000"
57.789999999997072,"smoke-00001000","KTEX_EMERGENCY_RTB_01-00001000","KTEX_EMERGENCY_RTB_01",1000,Batch,Running,AutomationPilot,0.42906039999999995,134.27014005486666,MissionCache,True,"","D:\Workspace\MM\FlightSim\FlightSimProject\Artifacts\FlightSimVerification\Missions\smoke-00001000\KTEX_EMERGENCY_RTB_01-00001000"
57.989999999997032,"smoke-00001000","KTEX_EMERGENCY_RTB_01-00001000","KTEX_EMERGENCY_RTB_01",1000,Batch,Running,AutomationPilot,0.4304633,134.2971630798655,MissionCache,True,"","D:\Workspace\MM\FlightSim\FlightSimProject\Artifacts\FlightSimVerification\Missions\smoke-00001000\KTEX_EMERGENCY_RTB_01-00001000"
58.189999999996992,"smoke-00001000","KTEX_EMERGENCY_RTB_01-00001000","KTEX_EMERGENCY_RTB_01",1000,Batch,Running,AutomationPilot,0.43185009999999996,134.32901833297487,MissionCache,True,"","D:\Workspace\MM\FlightSim\FlightSimProject\Artifacts\FlightSimVerification\Missions\smoke-00001000\KTEX_EMERGENCY_RTB_01-00001000"
58.389999999996952,"smoke-00001000","KTEX_EMERGENCY_RTB_01-00001000","KTEX_EMERGENCY_RTB_01",1000,Batch,Running,AutomationPilot,0.4331775,134.37909402034268,MissionCache,True,"","D:\Workspace\MM\FlightSim\FlightSimProject\Artifacts\FlightSimVerification\Missions\smoke-00001000\KTEX_EMERGENCY_RTB_01-00001000"
58.589999999996913,"smoke-00001000","KTEX_EMERGENCY_RTB_01-00001000","KTEX_EMERGENCY_RTB_01",1000,Batch,Running,AutomationPilot,0.43451819999999997,134.42474906689054,MissionCache,True,"","D:\Workspace\MM\FlightSim\FlightSimProject\Artifacts\FlightSimVerification\Missions\smoke-00001000\KTEX_EMERGENCY_RTB_01-00001000"
58.789999999996873,"smoke-00001000","KTEX_EMERGENCY_RTB_01-00001000","KTEX_EMERGENCY_RTB_01",1000,Batch,Running,AutomationPilot,0.43589619999999996,134.45861652383508,MissionCache,True,"","D:\Workspace\MM\FlightSim\FlightSimProject\Artifacts\FlightSimVerification\Missions\smoke-00001000\KTEX_EMERGENCY_RTB_01-00001000"
58.989999999996833,"smoke-00001000","KTEX_EMERGENCY_RTB_01-00001000","KTEX_EMERGENCY_RTB_01",1000,Batch,Running,AutomationPilot,0.4372621,134.49599222067695,MissionCache,True,"","D:\Workspace\MM\FlightSim\FlightSimProject\Artifacts\FlightSimVerification\Missions\smoke-00001000\KTEX_EMERGENCY_RTB_01-00001000"
59.189999999996793,"smoke-00001000","KTEX_EMERGENCY_RTB_01-00001000","KTEX_EMERGENCY_RTB_01",1000,Batch,Running,AutomationPilot,0.43886519999999996,134.46042201568235,MissionCache,True,"","D:\Workspace\MM\FlightSim\FlightSimProject\Artifacts\FlightSimVerification\Missions\smoke-00001000\KTEX_EMERGENCY_RTB_01-00001000"
59.389999999996753,"smoke-00001000","KTEX_EMERGENCY_RTB_01-00001000","KTEX_EMERGENCY_RTB_01",1000,Batch,Running,AutomationPilot,0.441305,134.17024506859607,MissionCache,True,"","D:\Workspace\MM\FlightSim\FlightSimProject\Artifacts\FlightSimVerification\Missions\smoke-00001000\KTEX_EMERGENCY_RTB_01-00001000"
59.589999999996714,"smoke-00001000","KTEX_EMERGENCY_RTB_01-00001000","KTEX_EMERGENCY_RTB_01",1000,Batch,Running,AutomationPilot,0.44289019999999996,134.14159988185955,MissionCache,True,"","D:\Workspace\MM\FlightSim\FlightSimProject\Artifacts\FlightSimVerification\Missions\smoke-00001000\KTEX_EMERGENCY_RTB_01-00001000"
59.789999999996674,"smoke-00001000","KTEX_EMERGENCY_RTB_01-00001000","KTEX_EMERGENCY_RTB_01",1000,Batch,Running,AutomationPilot,0.4442752,134.17359330432288,MissionCache,True,"","D:\Workspace\MM\FlightSim\FlightSimProject\Artifacts\FlightSimVerification\Missions\smoke-00001000\KTEX_EMERGENCY_RTB_01-00001000"
59.989999999996634,"smoke-00001000","KTEX_EMERGENCY_RTB_01-00001000","KTEX_EMERGENCY_RTB_01",1000,Batch,Running,AutomationPilot,0.4456263,134.21559723920396,MissionCache,True,"","D:\Workspace\MM\FlightSim\FlightSimProject\Artifacts\FlightSimVerification\Missions\smoke-00001000\KTEX_EMERGENCY_RTB_01-00001000"
60.189999999996594,"smoke-00001000","KTEX_EMERGENCY_RTB_01-00001000","KTEX_EMERGENCY_RTB_01",1000,Batch,Running,AutomationPilot,0.446982,134.25596556460133,MissionCache,True,"","D:\Workspace\MM\FlightSim\FlightSimProject\Artifacts\FlightSimVerification\Missions\smoke-00001000\KTEX_EMERGENCY_RTB_01-00001000"
60.389999999996554,"smoke-00001000","KTEX_EMERGENCY_RTB_01-00001000","KTEX_EMERGENCY_RTB_01",1000,Batch,Running,AutomationPilot,0.4484971,134.24835968838281,MissionCache,True,"","D:\Workspace\MM\FlightSim\FlightSimProject\Artifacts\FlightSimVerification\Missions\smoke-00001000\KTEX_EMERGENCY_RTB_01-00001000"
60.589999999996515,"smoke-00001000","KTEX_EMERGENCY_RTB_01-00001000","KTEX_EMERGENCY_RTB_01",1000,Batch,Running,AutomationPilot,0.45042849999999995,134.1167355085137,MissionCache,True,"","D:\Workspace\MM\FlightSim\FlightSimProject\Artifacts\FlightSimVerification\Missions\smoke-00001000\KTEX_EMERGENCY_RTB_01-00001000"
60.789999999996475,"smoke-00001000","KTEX_EMERGENCY_RTB_01-00001000","KTEX_EMERGENCY_RTB_01",1000,Batch,Running,AutomationPilot,0.45211179999999995,134.05976132451423,MissionCache,True,"","D:\Workspace\MM\FlightSim\FlightSimProject\Artifacts\FlightSimVerification\Missions\smoke-00001000\KTEX_EMERGENCY_RTB_01-00001000"
60.989999999996435,"smoke-00001000","KTEX_EMERGENCY_RTB_01-00001000","KTEX_EMERGENCY_RTB_01",1000,Batch,Running,AutomationPilot,0.45350039999999997,134.0902896667709,MissionCache,True,"","D:\Workspace\MM\FlightSim\FlightSimProject\Artifacts\FlightSimVerification\Missions\smoke-00001000\KTEX_EMERGENCY_RTB_01-00001000"
61.189999999996395,"smoke-00001000","KTEX_EMERGENCY_RTB_01-00001000","KTEX_EMERGENCY_RTB_01",1000,Batch,Running,AutomationPilot,0.4548541,134.1309224210498,MissionCache,True,"","D:\Workspace\MM\FlightSim\FlightSimProject\Artifacts\FlightSimVerification\Missions\smoke-00001000\KTEX_EMERGENCY_RTB_01-00001000"
61.389999999996355,"smoke-00001000","KTEX_EMERGENCY_RTB_01-00001000","KTEX_EMERGENCY_RTB_01",1000,Batch,Running,AutomationPilot,0.4562232,134.16678502977575,MissionCache,True,"","D:\Workspace\MM\FlightSim\FlightSimProject\Artifacts\FlightSimVerification\Missions\smoke-00001000\KTEX_EMERGENCY_RTB_01-00001000"
61.589999999996316,"smoke-00001000","KTEX_EMERGENCY_RTB_01-00001000","KTEX_EMERGENCY_RTB_01",1000,Batch,Running,AutomationPilot,0.4575614,134.21149598719722,MissionCache,True,"","D:\Workspace\MM\FlightSim\FlightSimProject\Artifacts\FlightSimVerification\Missions\smoke-00001000\KTEX_EMERGENCY_RTB_01-00001000"
61.789999999996276,"smoke-00001000","KTEX_EMERGENCY_RTB_01-00001000","KTEX_EMERGENCY_RTB_01",1000,Batch,Running,AutomationPilot,0.45919129999999997,134.1706604632891,MissionCache,True,"","D:\Workspace\MM\FlightSim\FlightSimProject\Artifacts\FlightSimVerification\Missions\smoke-00001000\KTEX_EMERGENCY_RTB_01-00001000"
61.989999999996236,"smoke-00001000","KTEX_EMERGENCY_RTB_01-00001000","KTEX_EMERGENCY_RTB_01",1000,Batch,Running,AutomationPilot,0.46054999999999996,134.20909781781842,MissionCache,True,"","D:\Workspace\MM\FlightSim\FlightSimProject\Artifacts\FlightSimVerification\Missions\smoke-00001000\KTEX_EMERGENCY_RTB_01-00001000"
62.189999999996196,"smoke-00001000","KTEX_EMERGENCY_RTB_01-00001000","KTEX_EMERGENCY_RTB_01",1000,Batch,Running,AutomationPilot,0.4618912,134.25239536929092,MissionCache,True,"","D:\Workspace\MM\FlightSim\FlightSimProject\Artifacts\FlightSimVerification\Missions\smoke-00001000\KTEX_EMERGENCY_RTB_01-00001000"
62.389999999996157,"smoke-00001000","KTEX_EMERGENCY_RTB_01-00001000","KTEX_EMERGENCY_RTB_01",1000,Batch,Running,AutomationPilot,0.4642243,134.00849546220695,MissionCache,True,"","D:\Workspace\MM\FlightSim\FlightSimProject\Artifacts\FlightSimVerification\Missions\smoke-00001000\KTEX_EMERGENCY_RTB_01-00001000"
62.589999999996117,"smoke-00001000","KTEX_EMERGENCY_RTB_01-00001000","KTEX_EMERGENCY_RTB_01",1000,Batch,Running,AutomationPilot,0.4655793,134.0480558306526,MissionCache,True,"","D:\Workspace\MM\FlightSim\FlightSimProject\Artifacts\FlightSimVerification\Missions\smoke-00001000\KTEX_EMERGENCY_RTB_01-00001000"
62.789999999996077,"smoke-00001000","KTEX_EMERGENCY_RTB_01-00001000","KTEX_EMERGENCY_RTB_01",1000,Batch,Running,AutomationPilot,0.4669635,134.07900189200251,MissionCache,True,"","D:\Workspace\MM\FlightSim\FlightSimProject\Artifacts\FlightSimVerification\Missions\smoke-00001000\KTEX_EMERGENCY_RTB_01-00001000"
62.989999999996037,"smoke-00001000","KTEX_EMERGENCY_RTB_01-00001000","KTEX_EMERGENCY_RTB_01",1000,Batch,Running,AutomationPilot,0.4683506,134.10893463144077,MissionCache,True,"","D:\Workspace\MM\FlightSim\FlightSimProject\Artifacts\FlightSimVerification\Missions\smoke-00001000\KTEX_EMERGENCY_RTB_01-00001000"
63.189999999996,"smoke-00001000","KTEX_EMERGENCY_RTB_01-00001000","KTEX_EMERGENCY_RTB_01",1000,Batch,Running,AutomationPilot,0.4698074,134.11878995519447,MissionCache,True,"","D:\Workspace\MM\FlightSim\FlightSimProject\Artifacts\FlightSimVerification\Missions\smoke-00001000\KTEX_EMERGENCY_RTB_01-00001000"
63.389999999995958,"smoke-00001000","KTEX_EMERGENCY_RTB_01-00001000","KTEX_EMERGENCY_RTB_01",1000,Batch,Running,AutomationPilot,0.4711626,134.15750740826203,MissionCache,True,"","D:\Workspace\MM\FlightSim\FlightSimProject\Artifacts\FlightSimVerification\Missions\smoke-00001000\KTEX_EMERGENCY_RTB_01-00001000"
63.589999999995918,"smoke-00001000","KTEX_EMERGENCY_RTB_01-00001000","KTEX_EMERGENCY_RTB_01",1000,Batch,Running,AutomationPilot,0.4727129,134.14061685220767,MissionCache,True,"","D:\Workspace\MM\FlightSim\FlightSimProject\Artifacts\FlightSimVerification\Missions\smoke-00001000\KTEX_EMERGENCY_RTB_01-00001000"
63.789999999995878,"smoke-00001000","KTEX_EMERGENCY_RTB_01-00001000","KTEX_EMERGENCY_RTB_01",1000,Batch,Running,AutomationPilot,0.47418449999999995,134.14609714150487,MissionCache,True,"","D:\Workspace\MM\FlightSim\FlightSimProject\Artifacts\FlightSimVerification\Missions\smoke-00001000\KTEX_EMERGENCY_RTB_01-00001000"
63.989999999995838,"smoke-00001000","KTEX_EMERGENCY_RTB_01-00001000","KTEX_EMERGENCY_RTB_01",1000,Batch,Running,AutomationPilot,0.47532539999999995,134.24487729878496,MissionCache,True,"","D:\Workspace\MM\FlightSim\FlightSimProject\Artifacts\FlightSimVerification\Missions\smoke-00001000\KTEX_EMERGENCY_RTB_01-00001000"
64.189999999995933,"smoke-00001000","KTEX_EMERGENCY_RTB_01-00001000","KTEX_EMERGENCY_RTB_01",1000,Batch,Running,AutomationPilot,0.4765042,134.33249906295862,MissionCache,True,"","D:\Workspace\MM\FlightSim\FlightSimProject\Artifacts\FlightSimVerification\Missions\smoke-00001000\KTEX_EMERGENCY_RTB_01-00001000"
64.389999999996036,"smoke-00001000","KTEX_EMERGENCY_RTB_01-00001000","KTEX_EMERGENCY_RTB_01",1000,Batch,Running,AutomationPilot,0.4776186,134.43781293273742,MissionCache,True,"","D:\Workspace\MM\FlightSim\FlightSimProject\Artifacts\FlightSimVerification\Missions\smoke-00001000\KTEX_EMERGENCY_RTB_01-00001000"
64.589999999996138,"smoke-00001000","KTEX_EMERGENCY_RTB_01-00001000","KTEX_EMERGENCY_RTB_01",1000,Batch,Running,AutomationPilot,0.4788,134.52380952380128,MissionCache,True,"","D:\Workspace\MM\FlightSim\FlightSimProject\Artifacts\FlightSimVerification\Missions\smoke-00001000\KTEX_EMERGENCY_RTB_01-00001000"
64.78999999999624,"smoke-00001000","KTEX_EMERGENCY_RTB_01-00001000","KTEX_EMERGENCY_RTB_01",1000,Batch,Running,AutomationPilot,0.47995699999999997,134.61622603690779,MissionCache,True,"","D:\Workspace\MM\FlightSim\FlightSimProject\Artifacts\FlightSimVerification\Missions\smoke-00001000\KTEX_EMERGENCY_RTB_01-00001000"
64.989999999996343,"smoke-00001000","KTEX_EMERGENCY_RTB_01-00001000","KTEX_EMERGENCY_RTB_01",1000,Batch,Running,AutomationPilot,0.4810658,134.72169503630533,MissionCache,True,"","D:\Workspace\MM\FlightSim\FlightSimProject\Artifacts\FlightSimVerification\Missions\smoke-00001000\KTEX_EMERGENCY_RTB_01-00001000"
65.189999999996445,"smoke-00001000","KTEX_EMERGENCY_RTB_01-00001000","KTEX_EMERGENCY_RTB_01",1000,Batch,Running,AutomationPilot,0.4821934,134.82142227578467,MissionCache,True,"","D:\Workspace\MM\FlightSim\FlightSimProject\Artifacts\FlightSimVerification\Missions\smoke-00001000\KTEX_EMERGENCY_RTB_01-00001000"
65.389999999996547,"smoke-00001000","KTEX_EMERGENCY_RTB_01-00001000","KTEX_EMERGENCY_RTB_01",1000,Batch,Running,AutomationPilot,0.483322,134.92040503017958,MissionCache,True,"","D:\Workspace\MM\FlightSim\FlightSimProject\Artifacts\FlightSimVerification\Missions\smoke-00001000\KTEX_EMERGENCY_RTB_01-00001000"
65.58999999999665,"smoke-00001000","KTEX_EMERGENCY_RTB_01-00001000","KTEX_EMERGENCY_RTB_01",1000,Batch,Running,AutomationPilot,0.4844384,135.02232688407145,MissionCache,True,"","D:\Workspace\MM\FlightSim\FlightSimProject\Artifacts\FlightSimVerification\Missions\smoke-00001000\KTEX_EMERGENCY_RTB_01-00001000"
65.789999999996752,"smoke-00001000","KTEX_EMERGENCY_RTB_01-00001000","KTEX_EMERGENCY_RTB_01",1000,Batch,Running,AutomationPilot,0.4855526,135.12439229034436,MissionCache,True,"","D:\Workspace\MM\FlightSim\FlightSimProject\Artifacts\FlightSimVerification\Missions\smoke-00001000\KTEX_EMERGENCY_RTB_01-00001000"
65.989999999996854,"smoke-00001000","KTEX_EMERGENCY_RTB_01-00001000","KTEX_EMERGENCY_RTB_01",1000,Batch,Running,AutomationPilot,0.4875889,134.97025875690929,MissionCache,True,"","D:\Workspace\MM\FlightSim\FlightSimProject\Artifacts\FlightSimVerification\Missions\smoke-00001000\KTEX_EMERGENCY_RTB_01-00001000"
66.189999999996957,"smoke-00001000","KTEX_EMERGENCY_RTB_01-00001000","KTEX_EMERGENCY_RTB_01",1000,Batch,Running,AutomationPilot,0.4887701,135.05326942052483,MissionCache,True,"","D:\Workspace\MM\FlightSim\FlightSimProject\Artifacts\FlightSimVerification\Missions\smoke-00001000\KTEX_EMERGENCY_RTB_01-00001000"
66.389999999997059,"smoke-00001000","KTEX_EMERGENCY_RTB_01-00001000","KTEX_EMERGENCY_RTB_01",1000,Batch,Running,AutomationPilot,0.4904267,135.00488452198252,MissionCache,True,"","D:\Workspace\MM\FlightSim\FlightSimProject\Artifacts\FlightSimVerification\Missions\smoke-00001000\KTEX_EMERGENCY_RTB_01-00001000"
66.589999999997161,"smoke-00001000","KTEX_EMERGENCY_RTB_01-00001000","KTEX_EMERGENCY_RTB_01",1000,Batch,Running,AutomationPilot,0.4915852,135.09357075843022,MissionCache,True,"","D:\Workspace\MM\FlightSim\FlightSimProject\Artifacts\FlightSimVerification\Missions\smoke-00001000\KTEX_EMERGENCY_RTB_01-00001000"
66.789999999997264,"smoke-00001000","KTEX_EMERGENCY_RTB_01-00001000","KTEX_EMERGENCY_RTB_01",1000,Batch,Running,AutomationPilot,0.4927142,135.18993363697894,MissionCache,True,"","D:\Workspace\MM\FlightSim\FlightSimProject\Artifacts\FlightSimVerification\Missions\smoke-00001000\KTEX_EMERGENCY_RTB_01-00001000"
66.989999999997366,"smoke-00001000","KTEX_EMERGENCY_RTB_01-00001000","KTEX_EMERGENCY_RTB_01",1000,Batch,Running,AutomationPilot,0.49384239999999996,135.28607507171779,MissionCache,True,"","D:\Workspace\MM\FlightSim\FlightSimProject\Artifacts\FlightSimVerification\Missions\smoke-00001000\KTEX_EMERGENCY_RTB_01-00001000"
67.189999999997468,"smoke-00001000","KTEX_EMERGENCY_RTB_01-00001000","KTEX_EMERGENCY_RTB_01",1000,Batch,Running,AutomationPilot,0.49497949999999996,135.37934399302875,MissionCache,True,"","D:\Workspace\MM\FlightSim\FlightSimProject\Artifacts\FlightSimVerification\Missions\smoke-00001000\KTEX_EMERGENCY_RTB_01-00001000"
67.389999999997571,"smoke-00001000","KTEX_EMERGENCY_RTB_01-00001000","KTEX_EMERGENCY_RTB_01",1000,Batch,Running,AutomationPilot,0.49611279999999996,135.47322302508115,MissionCache,True,"","D:\Workspace\MM\FlightSim\FlightSimProject\Artifacts\FlightSimVerification\Missions\smoke-00001000\KTEX_EMERGENCY_RTB_01-00001000"
67.589999999997673,"smoke-00001000","KTEX_EMERGENCY_RTB_01-00001000","KTEX_EMERGENCY_RTB_01",1000,Batch,Running,AutomationPilot,0.49726509999999996,135.56149426130565,MissionCache,True,"","D:\Workspace\MM\FlightSim\FlightSimProject\Artifacts\FlightSimVerification\Missions\smoke-00001000\KTEX_EMERGENCY_RTB_01-00001000"
67.789999999997775,"smoke-00001000","KTEX_EMERGENCY_RTB_01-00001000","KTEX_EMERGENCY_RTB_01",1000,Batch,Running,AutomationPilot,0.4984401,135.64317959168551,MissionCache,True,"","D:\Workspace\MM\FlightSim\FlightSimProject\Artifacts\FlightSimVerification\Missions\smoke-00001000\KTEX_EMERGENCY_RTB_01-00001000"
67.989999999997877,"smoke-00001000","KTEX_EMERGENCY_RTB_01-00001000","KTEX_EMERGENCY_RTB_01",1000,Batch,Running,AutomationPilot,0.49963729999999995,135.71845016374436,MissionCache,True,"","D:\Workspace\MM\FlightSim\FlightSimProject\Artifacts\FlightSimVerification\Missions\smoke-00001000\KTEX_EMERGENCY_RTB_01-00001000"
68.18999999999798,"smoke-00001000","KTEX_EMERGENCY_RTB_01-00001000","KTEX_EMERGENCY_RTB_01",1000,Batch,Running,AutomationPilot,0.5007787,135.80849185478112,MissionCache,True,"","D:\Workspace\MM\FlightSim\FlightSimProject\Artifacts\FlightSimVerification\Missions\smoke-00001000\KTEX_EMERGENCY_RTB_01-00001000"
68.389999999998082,"smoke-00001000","KTEX_EMERGENCY_RTB_01-00001000","KTEX_EMERGENCY_RTB_01",1000,Batch,Running,AutomationPilot,0.5018889,135.90657215172121,MissionCache,True,"","D:\Workspace\MM\FlightSim\FlightSimProject\Artifacts\FlightSimVerification\Missions\smoke-00001000\KTEX_EMERGENCY_RTB_01-00001000"
68.589999999998184,"smoke-00001000","KTEX_EMERGENCY_RTB_01-00001000","KTEX_EMERGENCY_RTB_01",1000,Batch,Running,AutomationPilot,0.5030179,135.999136412438,MissionCache,True,"","D:\Workspace\MM\FlightSim\FlightSimProject\Artifacts\FlightSimVerification\Missions\smoke-00001000\KTEX_EMERGENCY_RTB_01-00001000"
68.789999999998287,"smoke-00001000","KTEX_EMERGENCY_RTB_01-00001000","KTEX_EMERGENCY_RTB_01",1000,Batch,Running,AutomationPilot,0.5041892,136.07986843033964,MissionCache,True,"","D:\Workspace\MM\FlightSim\FlightSimProject\Artifacts\FlightSimVerification\Missions\smoke-00001000\KTEX_EMERGENCY_RTB_01-00001000"
68.989999999998389,"smoke-00001000","KTEX_EMERGENCY_RTB_01-00001000","KTEX_EMERGENCY_RTB_01",1000,Batch,Running,AutomationPilot,0.5060257,135.98123573565195,MissionCache,True,"","D:\Workspace\MM\FlightSim\FlightSimProject\Artifacts\FlightSimVerification\Missions\smoke-00001000\KTEX_EMERGENCY_RTB_01-00001000"
69.189999999998491,"smoke-00001000","KTEX_EMERGENCY_RTB_01-00001000","KTEX_EMERGENCY_RTB_01",1000,Batch,Running,AutomationPilot,0.50770569999999993,135.92520233670493,MissionCache,True,"","D:\Workspace\MM\FlightSim\FlightSimProject\Artifacts\FlightSimVerification\Missions\smoke-00001000\KTEX_EMERGENCY_RTB_01-00001000"
69.3899999999986,"smoke-00001000","KTEX_EMERGENCY_RTB_01-00001000","KTEX_EMERGENCY_RTB_01",1000,Batch,Running,AutomationPilot,0.5090526,135.95844515870954,MissionCache,True,"","D:\Workspace\MM\FlightSim\FlightSimProject\Artifacts\FlightSimVerification\Missions\smoke-00001000\KTEX_EMERGENCY_RTB_01-00001000"
69.5899999999987,"smoke-00001000","KTEX_EMERGENCY_RTB_01-00001000","KTEX_EMERGENCY_RTB_01",1000,Batch,Running,AutomationPilot,0.51019439999999994,136.04618161233955,MissionCache,True,"","D:\Workspace\MM\FlightSim\FlightSimProject\Artifacts\FlightSimVerification\Missions\smoke-00001000\KTEX_EMERGENCY_RTB_01-00001000"
69.7899999999988,"smoke-00001000","KTEX_EMERGENCY_RTB_01-00001000","KTEX_EMERGENCY_RTB_01",1000,Batch,Running,AutomationPilot,0.5113608,136.12697727318698,MissionCache,True,"","D:\Workspace\MM\FlightSim\FlightSimProject\Artifacts\FlightSimVerification\Missions\smoke-00001000\KTEX_EMERGENCY_RTB_01-00001000"
69.9899999999989,"smoke-00001000","KTEX_EMERGENCY_RTB_01-00001000","KTEX_EMERGENCY_RTB_01",1000,Batch,Running,AutomationPilot,0.5125088,136.21229528156164,MissionCache,True,"","D:\Workspace\MM\FlightSim\FlightSimProject\Artifacts\FlightSimVerification\Missions\smoke-00001000\KTEX_EMERGENCY_RTB_01-00001000"
70.189999999999,"smoke-00001000","KTEX_EMERGENCY_RTB_01-00001000","KTEX_EMERGENCY_RTB_01",1000,Batch,Running,AutomationPilot,0.51466,136.03155481288405,MissionCache,True,"","D:\Workspace\MM\FlightSim\FlightSimProject\Artifacts\FlightSimVerification\Missions\smoke-00001000\KTEX_EMERGENCY_RTB_01-00001000"
70.3899999999991,"smoke-00001000","KTEX_EMERGENCY_RTB_01-00001000","KTEX_EMERGENCY_RTB_01",1000,Batch,Running,AutomationPilot,0.5157999,136.11867702959813,MissionCache,True,"","D:\Workspace\MM\FlightSim\FlightSimProject\Artifacts\FlightSimVerification\Missions\smoke-00001000\KTEX_EMERGENCY_RTB_01-00001000"
70.589999999999208,"smoke-00001000","KTEX_EMERGENCY_RTB_01-00001000","KTEX_EMERGENCY_RTB_01",1000,Batch,Running,AutomationPilot,0.51691999999999994,136.21063220614238,MissionCache,True,"","D:\Workspace\MM\FlightSim\FlightSimProject\Artifacts\FlightSimVerification\Missions\smoke-00001000\KTEX_EMERGENCY_RTB_01-00001000"
70.78999999999931,"smoke-00001000","KTEX_EMERGENCY_RTB_01-00001000","KTEX_EMERGENCY_RTB_01",1000,Batch,Running,AutomationPilot,0.5180338,136.30384735513246,MissionCache,True,"","D:\Workspace\MM\FlightSim\FlightSimProject\Artifacts\FlightSimVerification\Missions\smoke-00001000\KTEX_EMERGENCY_RTB_01-00001000"
70.989999999999412,"smoke-00001000","KTEX_EMERGENCY_RTB_01-00001000","KTEX_EMERGENCY_RTB_01",1000,Batch,Running,AutomationPilot,0.5192977,136.35723786182632,MissionCache,True,"","D:\Workspace\MM\FlightSim\FlightSimProject\Artifacts\FlightSimVerification\Missions\smoke-00001000\KTEX_EMERGENCY_RTB_01-00001000"
71.189999999999515,"smoke-00001000","KTEX_EMERGENCY_RTB_01-00001000","KTEX_EMERGENCY_RTB_01",1000,Batch,Running,AutomationPilot,0.5205131,136.42307945755724,MissionCache,True,"","D:\Workspace\MM\FlightSim\FlightSimProject\Artifacts\FlightSimVerification\Missions\smoke-00001000\KTEX_EMERGENCY_RTB_01-00001000"
71.389999999999617,"smoke-00001000","KTEX_EMERGENCY_RTB_01-00001000","KTEX_EMERGENCY_RTB_01",1000,Batch,Running,AutomationPilot,0.5216848,136.50004753828276,MissionCache,True,"","D:\Workspace\MM\FlightSim\FlightSimProject\Artifacts\FlightSimVerification\Missions\smoke-00001000\KTEX_EMERGENCY_RTB_01-00001000"
71.589999999999719,"smoke-00001000","KTEX_EMERGENCY_RTB_01-00001000","KTEX_EMERGENCY_RTB_01",1000,Batch,Running,AutomationPilot,0.5228509,136.57813346022667,MissionCache,True,"","D:\Workspace\MM\FlightSim\FlightSimProject\Artifacts\FlightSimVerification\Missions\smoke-00001000\KTEX_EMERGENCY_RTB_01-00001000"
71.789999999999822,"smoke-00001000","KTEX_EMERGENCY_RTB_01-00001000","KTEX_EMERGENCY_RTB_01",1000,Batch,Running,AutomationPilot,0.5239952,136.66155720510366,MissionCache,True,"","D:\Workspace\MM\FlightSim\FlightSimProject\Artifacts\FlightSimVerification\Missions\smoke-00001000\KTEX_EMERGENCY_RTB_01-00001000"
71.989999999999924,"smoke-00001000","KTEX_EMERGENCY_RTB_01-00001000","KTEX_EMERGENCY_RTB_01",1000,Batch,Running,AutomationPilot,0.5251745,136.73550410387372,MissionCache,True,"","D:\Workspace\MM\FlightSim\FlightSimProject\Artifacts\FlightSimVerification\Missions\smoke-00001000\KTEX_EMERGENCY_RTB_01-00001000"
72.190000000000026,"smoke-00001000","KTEX_EMERGENCY_RTB_01-00001000","KTEX_EMERGENCY_RTB_01",1000,Batch,Running,AutomationPilot,0.52634,136.81270661549556,MissionCache,True,"","D:\Workspace\MM\FlightSim\FlightSimProject\Artifacts\FlightSimVerification\Missions\smoke-00001000\KTEX_EMERGENCY_RTB_01-00001000"
72.390000000000128,"smoke-00001000","KTEX_EMERGENCY_RTB_01-00001000","KTEX_EMERGENCY_RTB_01",1000,Batch,Running,AutomationPilot,0.5274803,136.89610777881191,MissionCache,True,"","D:\Workspace\MM\FlightSim\FlightSimProject\Artifacts\FlightSimVerification\Missions\smoke-00001000\KTEX_EMERGENCY_RTB_01-00001000"
72.590000000000231,"smoke-00001000","KTEX_EMERGENCY_RTB_01-00001000","KTEX_EMERGENCY_RTB_01",1000,Batch,Running,AutomationPilot,0.5287038,136.9575932686698,MissionCache,True,"","D:\Workspace\MM\FlightSim\FlightSimProject\Artifacts\FlightSimVerification\Missions\smoke-00001000\KTEX_EMERGENCY_RTB_01-00001000"
72.790000000000333,"smoke-00001000","KTEX_EMERGENCY_RTB_01-00001000","KTEX_EMERGENCY_RTB_01",1000,Batch,Running,AutomationPilot,0.5298482,137.03925010974888,MissionCache,True,"","D:\Workspace\MM\FlightSim\FlightSimProject\Artifacts\FlightSimVerification\Missions\smoke-00001000\KTEX_EMERGENCY_RTB_01-00001000"
72.990000000000435,"smoke-00001000","KTEX_EMERGENCY_RTB_01-00001000","KTEX_EMERGENCY_RTB_01",1000,Batch,Running,AutomationPilot,0.53097359999999993,137.12546160487142,MissionCache,True,"","D:\Workspace\MM\FlightSim\FlightSimProject\Artifacts\FlightSimVerification\Missions\smoke-00001000\KTEX_EMERGENCY_RTB_01-00001000"
73.190000000000538,"smoke-00001000","KTEX_EMERGENCY_RTB_01-00001000","KTEX_EMERGENCY_RTB_01",1000,Batch,Running,AutomationPilot,0.53217459999999994,137.19181637004181,MissionCache,True,"","D:\Workspace\MM\FlightSim\FlightSimProject\Artifacts\FlightSimVerification\Missions\smoke-00001000\KTEX_EMERGENCY_RTB_01-00001000"
73.39000000000064,"smoke-00001000","KTEX_EMERGENCY_RTB_01-00001000","KTEX_EMERGENCY_RTB_01",1000,Batch,Running,AutomationPilot,0.5333382,137.26749743408695,MissionCache,True,"","D:\Workspace\MM\FlightSim\FlightSimProject\Artifacts\FlightSimVerification\Missions\smoke-00001000\KTEX_EMERGENCY_RTB_01-00001000"
73.590000000000742,"smoke-00001000","KTEX_EMERGENCY_RTB_01-00001000","KTEX_EMERGENCY_RTB_01",1000,Batch,Running,AutomationPilot,0.5344858,137.346960386975,MissionCache,True,"","D:\Workspace\MM\FlightSim\FlightSimProject\Artifacts\FlightSimVerification\Missions\smoke-00001000\KTEX_EMERGENCY_RTB_01-00001000"
73.790000000000845,"smoke-00001000","KTEX_EMERGENCY_RTB_01-00001000","KTEX_EMERGENCY_RTB_01",1000,Batch,Running,AutomationPilot,0.5357164,137.4047910424261,MissionCache,True,"","D:\Workspace\MM\FlightSim\FlightSimProject\Artifacts\FlightSimVerification\Missions\smoke-00001000\KTEX_EMERGENCY_RTB_01-00001000"
73.990000000000947,"smoke-00001000","KTEX_EMERGENCY_RTB_01-00001000","KTEX_EMERGENCY_RTB_01",1000,Batch,Running,AutomationPilot,0.5374251,137.34006841139509,MissionCache,True,"","D:\Workspace\MM\FlightSim\FlightSimProject\Artifacts\FlightSimVerification\Missions\smoke-00001000\KTEX_EMERGENCY_RTB_01-00001000"
74.190000000001049,"smoke-00001000","KTEX_EMERGENCY_RTB_01-00001000","KTEX_EMERGENCY_RTB_01",1000,Batch,Running,AutomationPilot,0.5391838,137.26302607756568,MissionCache,True,"","D:\Workspace\MM\FlightSim\FlightSimProject\Artifacts\FlightSimVerification\Missions\smoke-00001000\KTEX_EMERGENCY_RTB_01-00001000"
74.390000000001152,"smoke-00001000","KTEX_EMERGENCY_RTB_01-00001000","KTEX_EMERGENCY_RTB_01",1000,Batch,Running,AutomationPilot,0.54168589999999994,136.99821243270512,MissionCache,True,"","D:\Workspace\MM\FlightSim\FlightSimProject\Artifacts\FlightSimVerification\Missions\smoke-00001000\KTEX_EMERGENCY_RTB_01-00001000"
74.590000000001254,"smoke-00001000","KTEX_EMERGENCY_RTB_01-00001000","KTEX_EMERGENCY_RTB_01",1000,Batch,Running,AutomationPilot,0.5428393,137.07555808874037,MissionCache,True,"","D:\Workspace\MM\FlightSim\FlightSimProject\Artifacts\FlightSimVerification\Missions\smoke-00001000\KTEX_EMERGENCY_RTB_01-00001000"
74.790000000001356,"smoke-00001000","KTEX_EMERGENCY_RTB_01-00001000","KTEX_EMERGENCY_RTB_01",1000,Batch,Running,AutomationPilot,0.5439976,137.15134037356279,MissionCache,True,"","D:\Workspace\MM\FlightSim\FlightSimProject\Artifacts\FlightSimVerification\Missions\smoke-00001000\KTEX_EMERGENCY_RTB_01-00001000"
74.990000000001459,"smoke-00001000","KTEX_EMERGENCY_RTB_01-00001000","KTEX_EMERGENCY_RTB_01",1000,Batch,Running,AutomationPilot,0.5451444,137.22969547151428,MissionCache,True,"","D:\Workspace\MM\FlightSim\FlightSimProject\Artifacts\FlightSimVerification\Missions\smoke-00001000\KTEX_EMERGENCY_RTB_01-00001000"
75.190000000001561,"smoke-00001000","KTEX_EMERGENCY_RTB_01-00001000","KTEX_EMERGENCY_RTB_01",1000,Batch,Running,AutomationPilot,0.5463026,137.30485631955892,MissionCache,True,"","D:\Workspace\MM\FlightSim\FlightSimProject\Artifacts\FlightSimVerification\Missions\smoke-00001000\KTEX_EMERGENCY_RTB_01-00001000"
75.390000000001663,"smoke-00001000","KTEX_EMERGENCY_RTB_01-00001000","KTEX_EMERGENCY_RTB_01",1000,Batch,Running,AutomationPilot,0.5475215,137.36446879255257,MissionCache,True,"","D:\Workspace\MM\FlightSim\FlightSimProject\Artifacts\FlightSimVerification\Missions\smoke-00001000\KTEX_EMERGENCY_RTB_01-00001000"
75.590000000001766,"smoke-00001000","KTEX_EMERGENCY_RTB_01-00001000","KTEX_EMERGENCY_RTB_01",1000,Batch,Running,AutomationPilot,0.5486941,137.43541255501322,MissionCache,True,"","D:\Workspace\MM\FlightSim\FlightSimProject\Artifacts\FlightSimVerification\Missions\smoke-00001000\KTEX_EMERGENCY_RTB_01-00001000"
75.790000000001868,"smoke-00001000","KTEX_EMERGENCY_RTB_01-00001000","KTEX_EMERGENCY_RTB_01",1000,Batch,Running,AutomationPilot,0.549833,137.51448166989209,MissionCache,True,"","D:\Workspace\MM\FlightSim\FlightSimProject\Artifacts\FlightSimVerification\Missions\smoke-00001000\KTEX_EMERGENCY_RTB_01-00001000"
75.99000000000197,"smoke-00001000","KTEX_EMERGENCY_RTB_01-00001000","KTEX_EMERGENCY_RTB_01",1000,Batch,Running,AutomationPilot,0.5509888,137.58900362403352,MissionCache,True,"","D:\Workspace\MM\FlightSim\FlightSimProject\Artifacts\FlightSimVerification\Missions\smoke-00001000\KTEX_EMERGENCY_RTB_01-00001000"
76.190000000002073,"smoke-00001000","KTEX_EMERGENCY_RTB_01-00001000","KTEX_EMERGENCY_RTB_01",1000,Batch,Running,AutomationPilot,0.5521383,137.66478434841775,MissionCache,True,"","D:\Workspace\MM\FlightSim\FlightSimProject\Artifacts\FlightSimVerification\Missions\smoke-00001000\KTEX_EMERGENCY_RTB_01-00001000"
76.390000000002175,"smoke-00001000","KTEX_EMERGENCY_RTB_01-00001000","KTEX_EMERGENCY_RTB_01",1000,Batch,Running,AutomationPilot,0.55327039999999994,137.7445820343942,MissionCache,True,"","D:\Workspace\MM\FlightSim\FlightSimProject\Artifacts\FlightSimVerification\Missions\smoke-00001000\KTEX_EMERGENCY_RTB_01-00001000"
76.590000000002277,"smoke-00001000","KTEX_EMERGENCY_RTB_01-00001000","KTEX_EMERGENCY_RTB_01",1000,Batch,Running,AutomationPilot,0.5544058,137.82323345102486,MissionCache,True,"","D:\Workspace\MM\FlightSim\FlightSimProject\Artifacts\FlightSimVerification\Missions\smoke-00001000\KTEX_EMERGENCY_RTB_01-00001000"
76.790000000002379,"smoke-00001000","KTEX_EMERGENCY_RTB_01-00001000","KTEX_EMERGENCY_RTB_01",1000,Batch,Running,AutomationPilot,0.55557859999999992,137.89228022822027,MissionCache,True,"","D:\Workspace\MM\FlightSim\FlightSimProject\Artifacts\FlightSimVerification\Missions\smoke-00001000\KTEX_EMERGENCY_RTB_01-00001000"
76.990000000002482,"smoke-00001000","KTEX_EMERGENCY_RTB_01-00001000","KTEX_EMERGENCY_RTB_01",1000,Batch,Running,AutomationPilot,0.5567108,137.97109738126582,MissionCache,True,"","D:\Workspace\MM\FlightSim\FlightSimProject\Artifacts\FlightSimVerification\Missions\smoke-00001000\KTEX_EMERGENCY_RTB_01-00001000"
77.190000000002584,"smoke-00001000","KTEX_EMERGENCY_RTB_01-00001000","KTEX_EMERGENCY_RTB_01",1000,Batch,Running,AutomationPilot,0.5578955,138.03660362917876,MissionCache,True,"","D:\Workspace\MM\FlightSim\FlightSimProject\Artifacts\FlightSimVerification\Missions\smoke-00001000\KTEX_EMERGENCY_RTB_01-00001000"
77.390000000002686,"smoke-00001000","KTEX_EMERGENCY_RTB_01-00001000","KTEX_EMERGENCY_RTB_01",1000,Batch,Running,AutomationPilot,0.5592981,138.04802841275983,MissionCache,True,"","D:\Workspace\MM\FlightSim\FlightSimProject\Artifacts\FlightSimVerification\Missions\smoke-00001000\KTEX_EMERGENCY_RTB_01-00001000"
77.590000000002789,"smoke-00001000","KTEX_EMERGENCY_RTB_01-00001000","KTEX_EMERGENCY_RTB_01",1000,Batch,Running,AutomationPilot,0.5604648,138.11750532772567,MissionCache,True,"","D:\Workspace\MM\FlightSim\FlightSimProject\Artifacts\FlightSimVerification\Missions\smoke-00001000\KTEX_EMERGENCY_RTB_01-00001000"
77.790000000002891,"smoke-00001000","KTEX_EMERGENCY_RTB_01-00001000","KTEX_EMERGENCY_RTB_01",1000,Batch,Running,AutomationPilot,0.5615833,138.198553981222,MissionCache,True,"","D:\Workspace\MM\FlightSim\FlightSimProject\Artifacts\FlightSimVerification\Missions\smoke-00001000\KTEX_EMERGENCY_RTB_01-00001000"
77.990000000003,"smoke-00001000","KTEX_EMERGENCY_RTB_01-00001000","KTEX_EMERGENCY_RTB_01",1000,Batch,Running,AutomationPilot,0.5627392,138.27009030116065,MissionCache,True,"","D:\Workspace\MM\FlightSim\FlightSimProject\Artifacts\FlightSimVerification\Missions\smoke-00001000\KTEX_EMERGENCY_RTB_01-00001000"
78.1900000000031,"smoke-00001000","KTEX_EMERGENCY_RTB_01-00001000","KTEX_EMERGENCY_RTB_01",1000,Batch,Running,AutomationPilot,0.5638586,138.35028852978922,MissionCache,True,"","D:\Workspace\MM\FlightSim\FlightSimProject\Artifacts\FlightSimVerification\Missions\smoke-00001000\KTEX_EMERGENCY_RTB_01-00001000"
78.3900000000032,"smoke-00001000","KTEX_EMERGENCY_RTB_01-00001000","KTEX_EMERGENCY_RTB_01",1000,Batch,Running,AutomationPilot,0.5649905,138.42710629648306,MissionCache,True,"","D:\Workspace\MM\FlightSim\FlightSimProject\Artifacts\FlightSimVerification\Missions\smoke-00001000\KTEX_EMERGENCY_RTB_01-00001000"
78.5900000000033,"smoke-00001000","KTEX_EMERGENCY_RTB_01-00001000","KTEX_EMERGENCY_RTB_01",1000,Batch,Running,AutomationPilot,0.5671073,138.26307649364276,MissionCache,True,"","D:\Workspace\MM\FlightSim\FlightSimProject\Artifacts\FlightSimVerification\Missions\smoke-00001000\KTEX_EMERGENCY_RTB_01-00001000"
78.7900000000034,"smoke-00001000","KTEX_EMERGENCY_RTB_01-00001000","KTEX_EMERGENCY_RTB_01",1000,Batch,Running,AutomationPilot,0.5682282,138.34230684081382,MissionCache,True,"","D:\Workspace\MM\FlightSim\FlightSimProject\Artifacts\FlightSimVerification\Missions\smoke-00001000\KTEX_EMERGENCY_RTB_01-00001000"
78.9900000000035,"smoke-00001000","KTEX_EMERGENCY_RTB_01-00001000","KTEX_EMERGENCY_RTB_01",1000,Batch,Running,AutomationPilot,0.56940479999999993,138.40768465598362,MissionCache,True,"","D:\Workspace\MM\FlightSim\FlightSimProject\Artifacts\FlightSimVerification\Missions\smoke-00001000\KTEX_EMERGENCY_RTB_01-00001000"
79.190000000003607,"smoke-00001000","KTEX_EMERGENCY_RTB_01-00001000","KTEX_EMERGENCY_RTB_01",1000,Batch,Running,AutomationPilot,0.5705363,138.4837388961991,MissionCache,True,"","D:\Workspace\MM\FlightSim\FlightSimProject\Artifacts\FlightSimVerification\Missions\smoke-00001000\KTEX_EMERGENCY_RTB_01-00001000"
79.39000000000371,"smoke-00001000","KTEX_EMERGENCY_RTB_01-00001000","KTEX_EMERGENCY_RTB_01",1000,Batch,Running,AutomationPilot,0.5716504,138.56370956795206,MissionCache,True,"","D:\Workspace\MM\FlightSim\FlightSimProject\Artifacts\FlightSimVerification\Missions\smoke-00001000\KTEX_EMERGENCY_RTB_01-00001000"
79.590000000003812,"smoke-00001000","KTEX_EMERGENCY_RTB_01-00001000","KTEX_EMERGENCY_RTB_01",1000,Batch,Running,AutomationPilot,0.5727626,138.64382904890039,MissionCache,True,"","D:\Workspace\MM\FlightSim\FlightSimProject\Artifacts\FlightSimVerification\Missions\smoke-00001000\KTEX_EMERGENCY_RTB_01-00001000"
79.790000000003914,"smoke-00001000","KTEX_EMERGENCY_RTB_01-00001000","KTEX_EMERGENCY_RTB_01",1000,Batch,Running,AutomationPilot,0.5738801,138.72235681286705,MissionCache,True,"","D:\Workspace\MM\FlightSim\FlightSimProject\Artifacts\FlightSimVerification\Missions\smoke-00001000\KTEX_EMERGENCY_RTB_01-00001000"
79.990000000004017,"smoke-00001000","KTEX_EMERGENCY_RTB_01-00001000","KTEX_EMERGENCY_RTB_01",1000,Batch,Running,AutomationPilot,0.5750038,138.79908271911233,MissionCache,True,"","D:\Workspace\MM\FlightSim\FlightSimProject\Artifacts\FlightSimVerification\Missions\smoke-00001000\KTEX_EMERGENCY_RTB_01-00001000"
80.190000000004119,"smoke-00001000","KTEX_EMERGENCY_RTB_01-00001000","KTEX_EMERGENCY_RTB_01",1000,Batch,Running,AutomationPilot,0.57611709999999994,138.87801629218094,MissionCache,True,"","D:\Workspace\MM\FlightSim\FlightSimProject\Artifacts\FlightSimVerification\Missions\smoke-00001000\KTEX_EMERGENCY_RTB_01-00001000"
80.390000000004221,"smoke-00001000","KTEX_EMERGENCY_RTB_01-00001000","KTEX_EMERGENCY_RTB_01",1000,Batch,Running,AutomationPilot,0.5772974,138.94051835328574,MissionCache,True,"","D:\Workspace\MM\FlightSim\FlightSimProject\Artifacts\FlightSimVerification\Missions\smoke-00001000\KTEX_EMERGENCY_RTB_01-00001000"
80.590000000004324,"smoke-00001000","KTEX_EMERGENCY_RTB_01-00001000","KTEX_EMERGENCY_RTB_01",1000,Batch,Running,AutomationPilot,0.57850649999999992,138.99584533623087,MissionCache,True,"","D:\Workspace\MM\FlightSim\FlightSimProject\Artifacts\FlightSimVerification\Missions\smoke-00001000\KTEX_EMERGENCY_RTB_01-00001000"
80.790000000004426,"smoke-00001000","KTEX_EMERGENCY_RTB_01-00001000","KTEX_EMERGENCY_RTB_01",1000,Batch,Running,AutomationPilot,0.5796858,139.0580897444863,MissionCache,True,"","D:\Workspace\MM\FlightSim\FlightSimProject\Artifacts\FlightSimVerification\Missions\smoke-00001000\KTEX_EMERGENCY_RTB_01-00001000"
80.990000000004528,"smoke-00001000","KTEX_EMERGENCY_RTB_01-00001000","KTEX_EMERGENCY_RTB_01",1000,Batch,Running,AutomationPilot,0.5807914,139.13773516619639,MissionCache,True,"","D:\Workspace\MM\FlightSim\FlightSimProject\Artifacts\FlightSimVerification\Missions\smoke-00001000\KTEX_EMERGENCY_RTB_01-00001000"
81.19000000000463,"smoke-00001000","KTEX_EMERGENCY_RTB_01-00001000","KTEX_EMERGENCY_RTB_01",1000,Batch,Running,AutomationPilot,0.5819392,139.2069824476587,MissionCache,True,"","D:\Workspace\MM\FlightSim\FlightSimProject\Artifacts\FlightSimVerification\Missions\smoke-00001000\KTEX_EMERGENCY_RTB_01-00001000"
81.390000000004733,"smoke-00001000","KTEX_EMERGENCY_RTB_01-00001000","KTEX_EMERGENCY_RTB_01",1000,Batch,Running,AutomationPilot,0.5830525,139.28419824973676,MissionCache,True,"","D:\Workspace\MM\FlightSim\FlightSimProject\Artifacts\FlightSimVerification\Missions\smoke-00001000\KTEX_EMERGENCY_RTB_01-00001000"
81.590000000004835,"smoke-00001000","KTEX_EMERGENCY_RTB_01-00001000","KTEX_EMERGENCY_RTB_01",1000,Batch,Running,AutomationPilot,0.5841508,139.36469829366791,MissionCache,True,"","D:\Workspace\MM\FlightSim\FlightSimProject\Artifacts\FlightSimVerification\Missions\smoke-00001000\KTEX_EMERGENCY_RTB_01-00001000"
81.790000000004937,"smoke-00001000","KTEX_EMERGENCY_RTB_01-00001000","KTEX_EMERGENCY_RTB_01",1000,Batch,Running,AutomationPilot,0.5852717,139.43951159778416,MissionCache,True,"","D:\Workspace\MM\FlightSim\FlightSimProject\Artifacts\FlightSimVerification\Missions\smoke-00001000\KTEX_EMERGENCY_RTB_01-00001000"
81.99000000000504,"smoke-00001000","KTEX_EMERGENCY_RTB_01-00001000","KTEX_EMERGENCY_RTB_01",1000,Batch,Running,AutomationPilot,0.5863951,139.51344409256652,MissionCache,True,"","D:\Workspace\MM\FlightSim\FlightSimProject\Artifacts\FlightSimVerification\Missions\smoke-00001000\KTEX_EMERGENCY_RTB_01-00001000"
82.190000000005142,"smoke-00001000","KTEX_EMERGENCY_RTB_01-00001000","KTEX_EMERGENCY_RTB_01",1000,Batch,Running,AutomationPilot,0.5874963,139.59236849662722,MissionCache,True,"","D:\Workspace\MM\FlightSim\FlightSimProject\Artifacts\FlightSimVerification\Missions\smoke-00001000\KTEX_EMERGENCY_RTB_01-00001000"
82.390000000005244,"smoke-00001000","KTEX_EMERGENCY_RTB_01-00001000","KTEX_EMERGENCY_RTB_01",1000,Batch,Running,AutomationPilot,0.5886236,139.6648044692825,MissionCache,True,"","D:\Workspace\MM\FlightSim\FlightSimProject\Artifacts\FlightSimVerification\Missions\smoke-00001000\KTEX_EMERGENCY_RTB_01-00001000"
82.590000000005347,"smoke-00001000","KTEX_EMERGENCY_RTB_01-00001000","KTEX_EMERGENCY_RTB_01",1000,Batch,Running,AutomationPilot,0.5897838,139.72916855296,MissionCache,True,"","D:\Workspace\MM\FlightSim\FlightSimProject\Artifacts\FlightSimVerification\Missions\smoke-00001000\KTEX_EMERGENCY_RTB_01-00001000"
82.790000000005449,"smoke-00001000","KTEX_EMERGENCY_RTB_01-00001000","KTEX_EMERGENCY_RTB_01",1000,Batch,Running,AutomationPilot,0.591783,139.59508806438402,MissionCache,True,"","D:\Workspace\MM\FlightSim\FlightSimProject\Artifacts\FlightSimVerification\Missions\smoke-00001000\KTEX_EMERGENCY_RTB_01-00001000"
82.990000000005551,"smoke-00001000","KTEX_EMERGENCY_RTB_01-00001000","KTEX_EMERGENCY_RTB_01",1000,Batch,Running,AutomationPilot,0.59289209999999992,139.6712825149896,MissionCache,True,"","D:\Workspace\MM\FlightSim\FlightSimProject\Artifacts\FlightSimVerification\Missions\smoke-00001000\KTEX_EMERGENCY_RTB_01-00001000"
83.190000000005654,"smoke-00001000","KTEX_EMERGENCY_RTB_01-00001000","KTEX_EMERGENCY_RTB_01",1000,Batch,Running,AutomationPilot,0.5940073,139.74575733329465,MissionCache,True,"","D:\Workspace\MM\FlightSim\FlightSimProject\Artifacts\FlightSimVerification\Missions\smoke-00001000\KTEX_EMERGENCY_RTB_01-00001000"
83.390000000005756,"smoke-00001000","KTEX_EMERGENCY_RTB_01-00001000","KTEX_EMERGENCY_RTB_01",1000,Batch,Running,AutomationPilot,0.5951548,139.81236478308782,MissionCache,True,"","D:\Workspace\MM\FlightSim\FlightSimProject\Artifacts\FlightSimVerification\Missions\smoke-00001000\KTEX_EMERGENCY_RTB_01-00001000"
83.590000000005858,"smoke-00001000","KTEX_EMERGENCY_RTB_01-00001000","KTEX_EMERGENCY_RTB_01",1000,Batch,Running,AutomationPilot,0.5963001,139.87923195049902,MissionCache,True,"","D:\Workspace\MM\FlightSim\FlightSimProject\Artifacts\FlightSimVerification\Missions\smoke-00001000\KTEX_EMERGENCY_RTB_01-00001000"
83.790000000005961,"smoke-00001000","KTEX_EMERGENCY_RTB_01-00001000","KTEX_EMERGENCY_RTB_01",1000,Batch,Running,AutomationPilot,0.5974723,139.93954196706002,MissionCache,True,"","D:\Workspace\MM\FlightSim\FlightSimProject\Artifacts\FlightSimVerification\Missions\smoke-00001000\KTEX_EMERGENCY_RTB_01-00001000"
83.990000000006063,"smoke-00001000","KTEX_EMERGENCY_RTB_01-00001000","KTEX_EMERGENCY_RTB_01",1000,Batch,Running,AutomationPilot,0.5986519,139.99788524851581,MissionCache,True,"","D:\Workspace\MM\FlightSim\FlightSimProject\Artifacts\FlightSimVerification\Missions\smoke-00001000\KTEX_EMERGENCY_RTB_01-00001000"
84.190000000006165,"smoke-00001000","KTEX_EMERGENCY_RTB_01-00001000","KTEX_EMERGENCY_RTB_01",1000,Batch,Running,AutomationPilot,0.5997788,140.06830518185384,MissionCache,True,"","D:\Workspace\MM\FlightSim\FlightSimProject\Artifacts\FlightSimVerification\Missions\smoke-00001000\KTEX_EMERGENCY_RTB_01-00001000"
84.390000000006268,"smoke-00001000","KTEX_EMERGENCY_RTB_01-00001000","KTEX_EMERGENCY_RTB_01",1000,Batch,Running,AutomationPilot,0.60089059999999994,140.14198258386165,MissionCache,True,"","D:\Workspace\MM\FlightSim\FlightSimProject\Artifacts\FlightSimVerification\Missions\smoke-00001000\KTEX_EMERGENCY_RTB_01-00001000"
84.59000000000637,"smoke-00001000","KTEX_EMERGENCY_RTB_01-00001000","KTEX_EMERGENCY_RTB_01",1000,Batch,Running,AutomationPilot,0.6020109,140.21340809610967,MissionCache,True,"","D:\Workspace\MM\FlightSim\FlightSimProject\Artifacts\FlightSimVerification\Missions\smoke-00001000\KTEX_EMERGENCY_RTB_01-00001000"
84.790000000006472,"smoke-00001000","KTEX_EMERGENCY_RTB_01-00001000","KTEX_EMERGENCY_RTB_01",1000,Batch,Running,AutomationPilot,0.6031141,140.28854573289928,MissionCache,True,"","D:\Workspace\MM\FlightSim\FlightSimProject\Artifacts\FlightSimVerification\Missions\smoke-00001000\KTEX_EMERGENCY_RTB_01-00001000"
84.990000000006575,"smoke-00001000","KTEX_EMERGENCY_RTB_01-00001000","KTEX_EMERGENCY_RTB_01",1000,Batch,Running,AutomationPilot,0.60422579999999992,140.36143441740901,MissionCache,True,"","D:\Workspace\MM\FlightSim\FlightSimProject\Artifacts\FlightSimVerification\Missions\smoke-00001000\KTEX_EMERGENCY_RTB_01-00001000"
85.190000000006677,"smoke-00001000","KTEX_EMERGENCY_RTB_01-00001000","KTEX_EMERGENCY_RTB_01",1000,Batch,Running,AutomationPilot,0.6053431,140.4327562336245,MissionCache,True,"","D:\Workspace\MM\FlightSim\FlightSimProject\Artifacts\FlightSimVerification\Missions\smoke-00001000\KTEX_EMERGENCY_RTB_01-00001000"
85.390000000006779,"smoke-00001000","KTEX_EMERGENCY_RTB_01-00001000","KTEX_EMERGENCY_RTB_01",1000,Batch,Running,AutomationPilot,0.60645929999999992,140.50407010001609,MissionCache,True,"","D:\Workspace\MM\FlightSim\FlightSimProject\Artifacts\FlightSimVerification\Missions\smoke-00001000\KTEX_EMERGENCY_RTB_01-00001000"
85.590000000006881,"smoke-00001000","KTEX_EMERGENCY_RTB_01-00001000","KTEX_EMERGENCY_RTB_01",1000,Batch,Running,AutomationPilot,0.607565,140.57755137311528,MissionCache,True,"","D:\Workspace\MM\FlightSim\FlightSimProject\Artifacts\FlightSimVerification\Missions\smoke-00001000\KTEX_EMERGENCY_RTB_01-00001000"
85.790000000006984,"smoke-00001000","KTEX_EMERGENCY_RTB_01-00001000","KTEX_EMERGENCY_RTB_01",1000,Batch,Running,AutomationPilot,0.60885139999999993,140.60902216863903,MissionCache,True,"","D:\Workspace\MM\FlightSim\FlightSimProject\Artifacts\FlightSimVerification\Missions\smoke-00001000\KTEX_EMERGENCY_RTB_01-00001000"
85.990000000007086,"smoke-00001000","KTEX_EMERGENCY_RTB_01-00001000","KTEX_EMERGENCY_RTB_01",1000,Batch,Running,AutomationPilot,0.6100024,140.67157768560747,MissionCache,True,"","D:\Workspace\MM\FlightSim\FlightSimProject\Artifacts\FlightSimVerification\Missions\smoke-00001000\KTEX_EMERGENCY_RTB_01-00001000"
86.190000000007188,"smoke-00001000","KTEX_EMERGENCY_RTB_01-00001000","KTEX_EMERGENCY_RTB_01",1000,Batch,Running,AutomationPilot,0.6111282,140.73970076983372,MissionCache,True,"","D:\Workspace\MM\FlightSim\FlightSimProject\Artifacts\FlightSimVerification\Missions\smoke-00001000\KTEX_EMERGENCY_RTB_01-00001000"
86.390000000007291,"smoke-00001000","KTEX_EMERGENCY_RTB_01-00001000","KTEX_EMERGENCY_RTB_01",1000,Batch,Running,AutomationPilot,0.61223569999999994,140.81178212901861,MissionCache,True,"","D:\Workspace\MM\FlightSim\FlightSimProject\Artifacts\FlightSimVerification\Missions\smoke-00001000\KTEX_EMERGENCY_RTB_01-00001000"
86.5900000000074,"smoke-00001000","KTEX_EMERGENCY_RTB_01-00001000","KTEX_EMERGENCY_RTB_01",1000,Batch,Running,AutomationPilot,0.6137867,140.78180579671618,MissionCache,True,"","D:\Workspace\MM\FlightSim\FlightSimProject\Artifacts\FlightSimVerification\Missions\smoke-00001000\KTEX_EMERGENCY_RTB_01-00001000"
86.7900000000075,"smoke-00001000","KTEX_EMERGENCY_RTB_01-00001000","KTEX_EMERGENCY_RTB_01",1000,Batch,Running,AutomationPilot,0.61491449999999992,140.84884971814361,MissionCache,True,"","D:\Workspace\MM\FlightSim\FlightSimProject\Artifacts\FlightSimVerification\Missions\smoke-00001000\KTEX_EMERGENCY_RTB_01-00001000"
86.9900000000076,"smoke-00001000","KTEX_EMERGENCY_RTB_01-00001000","KTEX_EMERGENCY_RTB_01",1000,Batch,Running,AutomationPilot,0.6169707,140.703602294254,MissionCache,True,"","D:\Workspace\MM\FlightSim\FlightSimProject\Artifacts\FlightSimVerification\Missions\smoke-00001000\KTEX_EMERGENCY_RTB_01-00001000"
87.1900000000077,"smoke-00001000","KTEX_EMERGENCY_RTB_01-00001000","KTEX_EMERGENCY_RTB_01",1000,Batch,Running,AutomationPilot,0.6181478,140.75921648513122,MissionCache,True,"","D:\Workspace\MM\FlightSim\FlightSimProject\Artifacts\FlightSimVerification\Missions\smoke-00001000\KTEX_EMERGENCY_RTB_01-00001000"
87.3900000000078,"smoke-00001000","KTEX_EMERGENCY_RTB_01-00001000","KTEX_EMERGENCY_RTB_01",1000,Batch,Running,AutomationPilot,0.6194436,140.78763587194655,MissionCache,True,"","D:\Workspace\MM\FlightSim\FlightSimProject\Artifacts\FlightSimVerification\Missions\smoke-00001000\KTEX_EMERGENCY_RTB_01-00001000"
87.5900000000079,"smoke-00001000","KTEX_EMERGENCY_RTB_01-00001000","KTEX_EMERGENCY_RTB_01",1000,Batch,Running,AutomationPilot,0.6205642,140.85569228777265,MissionCache,True,"","D:\Workspace\MM\FlightSim\FlightSimProject\Artifacts\FlightSimVerification\Missions\smoke-00001000\KTEX_EMERGENCY_RTB_01-00001000"
87.790000000008,"smoke-00001000","KTEX_EMERGENCY_RTB_01-00001000","KTEX_EMERGENCY_RTB_01",1000,Batch,Running,AutomationPilot,0.6216834,140.92382071003973,MissionCache,True,"","D:\Workspace\MM\FlightSim\FlightSimProject\Artifacts\FlightSimVerification\Missions\smoke-00001000\KTEX_EMERGENCY_RTB_01-00001000"
87.990000000008109,"smoke-00001000","KTEX_EMERGENCY_RTB_01-00001000","KTEX_EMERGENCY_RTB_01",1000,Batch,Running,AutomationPilot,0.6228118,140.98962158393277,MissionCache,True,"","D:\Workspace\MM\FlightSim\FlightSimProject\Artifacts\FlightSimVerification\Missions\smoke-00001000\KTEX_EMERGENCY_RTB_01-00001000"
88.190000000008212,"smoke-00001000","KTEX_EMERGENCY_RTB_01-00001000","KTEX_EMERGENCY_RTB_01",1000,Batch,Running,AutomationPilot,0.6239404,141.05513924087643,MissionCache,True,"","D:\Workspace\MM\FlightSim\FlightSimProject\Artifacts\FlightSimVerification\Missions\smoke-00001000\KTEX_EMERGENCY_RTB_01-00001000"
88.390000000008314,"smoke-00001000","KTEX_EMERGENCY_RTB_01-00001000","KTEX_EMERGENCY_RTB_01",1000,Batch,Running,AutomationPilot,0.6250742,141.11924632308967,MissionCache,True,"","D:\Workspace\MM\FlightSim\FlightSimProject\Artifacts\FlightSimVerification\Missions\smoke-00001000\KTEX_EMERGENCY_RTB_01-00001000"
88.590000000008416,"smoke-00001000","KTEX_EMERGENCY_RTB_01-00001000","KTEX_EMERGENCY_RTB_01",1000,Batch,Running,AutomationPilot,0.62620219999999993,141.18442892728314,MissionCache,True,"","D:\Workspace\MM\FlightSim\FlightSimProject\Artifacts\FlightSimVerification\Missions\smoke-00001000\KTEX_EMERGENCY_RTB_01-00001000"
88.790000000008519,"smoke-00001000","KTEX_EMERGENCY_RTB_01-00001000","KTEX_EMERGENCY_RTB_01",1000,Batch,Running,AutomationPilot,0.6273453,141.24597729513303,MissionCache,True,"","D:\Workspace\MM\FlightSim\FlightSimProject\Artifacts\FlightSimVerification\Missions\smoke-00001000\KTEX_EMERGENCY_RTB_01-00001000"
88.990000000008621,"smoke-00001000","KTEX_EMERGENCY_RTB_01-00001000","KTEX_EMERGENCY_RTB_01",1000,Batch,Running,AutomationPilot,0.62855489999999992,141.29235171026198,MissionCache,True,"","D:\Workspace\MM\FlightSim\FlightSimProject\Artifacts\FlightSimVerification\Missions\smoke-00001000\KTEX_EMERGENCY_RTB_01-00001000"
89.190000000008723,"smoke-00001000","KTEX_EMERGENCY_RTB_01-00001000","KTEX_EMERGENCY_RTB_01",1000,Batch,Running,AutomationPilot,0.6296949,141.35417009095775,MissionCache,True,"","D:\Workspace\MM\FlightSim\FlightSimProject\Artifacts\FlightSimVerification\Missions\smoke-00001000\KTEX_EMERGENCY_RTB_01-00001000"
89.390000000008826,"smoke-00001000","KTEX_EMERGENCY_RTB_01-00001000","KTEX_EMERGENCY_RTB_01",1000,Batch,Running,AutomationPilot,0.63088329999999992,141.40491593296056,MissionCache,True,"","D:\Workspace\MM\FlightSim\FlightSimProject\Artifacts\FlightSimVerification\Missions\smoke-00001000\KTEX_EMERGENCY_RTB_01-00001000"
89.590000000008928,"smoke-00001000","KTEX_EMERGENCY_RTB_01-00001000","KTEX_EMERGENCY_RTB_01",1000,Batch,Running,AutomationPilot,0.6320464,141.46113323327026,MissionCache,True,"","D:\Workspace\MM\FlightSim\FlightSimProject\Artifacts\FlightSimVerification\Missions\smoke-00001000\KTEX_EMERGENCY_RTB_01-00001000"
89.79000000000903,"smoke-00001000","KTEX_EMERGENCY_RTB_01-00001000","KTEX_EMERGENCY_RTB_01",1000,Batch,Running,AutomationPilot,0.6331728,141.52534663524546,MissionCache,True,"","D:\Workspace\MM\FlightSim\FlightSimProject\Artifacts\FlightSimVerification\Missions\smoke-00001000\KTEX_EMERGENCY_RTB_01-00001000"
89.990000000009132,"smoke-00001000","KTEX_EMERGENCY_RTB_01-00001000","KTEX_EMERGENCY_RTB_01",1000,Batch,Running,AutomationPilot,0.63430069999999994,141.58899714285204,MissionCache,True,"","D:\Workspace\MM\FlightSim\FlightSimProject\Artifacts\FlightSimVerification\Missions\smoke-00001000\KTEX_EMERGENCY_RTB_01-00001000"
90.190000000009235,"smoke-00001000","KTEX_EMERGENCY_RTB_01-00001000","KTEX_EMERGENCY_RTB_01",1000,Batch,Running,AutomationPilot,0.63542539999999992,141.65313504938447,MissionCache,True,"","D:\Workspace\MM\FlightSim\FlightSimProject\Artifacts\FlightSimVerification\Missions\smoke-00001000\KTEX_EMERGENCY_RTB_01-00001000"
90.390000000009337,"smoke-00001000","KTEX_EMERGENCY_RTB_01-00001000","KTEX_EMERGENCY_RTB_01",1000,Batch,Running,AutomationPilot,0.6365427,141.71869381269983,MissionCache,True,"","D:\Workspace\MM\FlightSim\FlightSimProject\Artifacts\FlightSimVerification\Missions\smoke-00001000\KTEX_EMERGENCY_RTB_01-00001000"
90.590000000009439,"smoke-00001000","KTEX_EMERGENCY_RTB_01-00001000","KTEX_EMERGENCY_RTB_01",1000,Batch,Running,AutomationPilot,0.63768649999999993,141.7781307899875,MissionCache,True,"","D:\Workspace\MM\FlightSim\FlightSimProject\Artifacts\FlightSimVerification\Missions\smoke-00001000\KTEX_EMERGENCY_RTB_01-00001000"
90.790000000009542,"smoke-00001000","KTEX_EMERGENCY_RTB_01-00001000","KTEX_EMERGENCY_RTB_01",1000,Batch,Running,AutomationPilot,0.63892969999999993,141.81528891208134,MissionCache,True,"","D:\Workspace\MM\FlightSim\FlightSimProject\Artifacts\FlightSimVerification\Missions\smoke-00001000\KTEX_EMERGENCY_RTB_01-00001000"
90.990000000009644,"smoke-00001000","KTEX_EMERGENCY_RTB_01-00001000","KTEX_EMERGENCY_RTB_01",1000,Batch,Running,AutomationPilot,0.6400564,141.87812199051453,MissionCache,True,"","D:\Workspace\MM\FlightSim\FlightSimProject\Artifacts\FlightSimVerification\Missions\smoke-00001000\KTEX_EMERGENCY_RTB_01-00001000"
91.190000000009746,"smoke-00001000","KTEX_EMERGENCY_RTB_01-00001000","KTEX_EMERGENCY_RTB_01",1000,Batch,Running,AutomationPilot,0.6422774,141.69889832650136,MissionCache,True,"","D:\Workspace\MM\FlightSim\FlightSimProject\Artifacts\FlightSimVerification\Missions\smoke-00001000\KTEX_EMERGENCY_RTB_01-00001000"
91.390000000009849,"smoke-00001000","KTEX_EMERGENCY_RTB_01-00001000","KTEX_EMERGENCY_RTB_01",1000,Batch,Running,AutomationPilot,0.6434886,141.74299280517133,MissionCache,True,"","D:\Workspace\MM\FlightSim\FlightSimProject\Artifacts\FlightSimVerification\Missions\smoke-00001000\KTEX_EMERGENCY_RTB_01-00001000"
91.590000000009951,"smoke-00001000","KTEX_EMERGENCY_RTB_01-00001000","KTEX_EMERGENCY_RTB_01",1000,Batch,Running,AutomationPilot,0.6446723,141.79296985462204,MissionCache,True,"","D:\Workspace\MM\FlightSim\FlightSimProject\Artifacts\FlightSimVerification\Missions\smoke-00001000\KTEX_EMERGENCY_RTB_01-00001000"
91.790000000010053,"smoke-00001000","KTEX_EMERGENCY_RTB_01-00001000","KTEX_EMERGENCY_RTB_01",1000,Batch,Running,AutomationPilot,0.64588139999999994,141.83718558857706,MissionCache,True,"","D:\Workspace\MM\FlightSim\FlightSimProject\Artifacts\FlightSimVerification\Missions\smoke-00001000\KTEX_EMERGENCY_RTB_01-00001000"
91.990000000010156,"smoke-00001000","KTEX_EMERGENCY_RTB_01-00001000","KTEX_EMERGENCY_RTB_01",1000,Batch,Running,AutomationPilot,0.64702569999999993,141.89544557505224,MissionCache,True,"","D:\Workspace\MM\FlightSim\FlightSimProject\Artifacts\FlightSimVerification\Missions\smoke-00001000\KTEX_EMERGENCY_RTB_01-00001000"
92.190000000010258,"smoke-00001000","KTEX_EMERGENCY_RTB_01-00001000","KTEX_EMERGENCY_RTB_01",1000,Batch,Running,AutomationPilot,0.64816069999999992,141.95553664393751,MissionCache,True,"","D:\Workspace\MM\FlightSim\FlightSimProject\Artifacts\FlightSimVerification\Missions\smoke-00001000\KTEX_EMERGENCY_RTB_01-00001000"
92.39000000001036,"smoke-00001000","KTEX_EMERGENCY_RTB_01-00001000","KTEX_EMERGENCY_RTB_01",1000,Batch,Running,AutomationPilot,0.6494439,141.98301038782606,MissionCache,True,"","D:\Workspace\MM\FlightSim\FlightSimProject\Artifacts\FlightSimVerification\Missions\smoke-00001000\KTEX_EMERGENCY_RTB_01-00001000"
92.590000000010463,"smoke-00001000","KTEX_EMERGENCY_RTB_01-00001000","KTEX_EMERGENCY_RTB_01",1000,Batch,Running,AutomationPilot,0.6505597,142.04691744663921,MissionCache,True,"","D:\Workspace\MM\FlightSim\FlightSimProject\Artifacts\FlightSimVerification\Missions\smoke-00001000\KTEX_EMERGENCY_RTB_01-00001000"
92.790000000010565,"smoke-00001000","KTEX_EMERGENCY_RTB_01-00001000","KTEX_EMERGENCY_RTB_01",1000,Batch,Running,AutomationPilot,0.6517312,142.09846022410846,MissionCache,True,"","D:\Workspace\MM\FlightSim\FlightSimProject\Artifacts\FlightSimVerification\Missions\smoke-00001000\KTEX_EMERGENCY_RTB_01-00001000"
92.990000000010667,"smoke-00001000","KTEX_EMERGENCY_RTB_01-00001000","KTEX_EMERGENCY_RTB_01",1000,Batch,Running,AutomationPilot,0.652841,142.16325261435875,MissionCache,True,"","D:\Workspace\MM\FlightSim\FlightSimProject\Artifacts\FlightSimVerification\Missions\smoke-00001000\KTEX_EMERGENCY_RTB_01-00001000"
93.19000000001077,"smoke-00001000","KTEX_EMERGENCY_RTB_01-00001000","KTEX_EMERGENCY_RTB_01",1000,Batch,Running,AutomationPilot,0.6539474,142.22856456040759,MissionCache,True,"","D:\Workspace\MM\FlightSim\FlightSimProject\Artifacts\FlightSimVerification\Missions\smoke-00001000\KTEX_EMERGENCY_RTB_01-00001000"
93.390000000010872,"smoke-00001000","KTEX_EMERGENCY_RTB_01-00001000","KTEX_EMERGENCY_RTB_01",1000,Batch,Running,AutomationPilot,0.65505649999999993,142.29306937647485,MissionCache,True,"","D:\Workspace\MM\FlightSim\FlightSimProject\Artifacts\FlightSimVerification\Missions\smoke-00001000\KTEX_EMERGENCY_RTB_01-00001000"
93.590000000010974,"smoke-00001000","KTEX_EMERGENCY_RTB_01-00001000","KTEX_EMERGENCY_RTB_01",1000,Batch,Running,AutomationPilot,0.6561871,142.35269178563686,MissionCache,True,"","D:\Workspace\MM\FlightSim\FlightSimProject\Artifacts\FlightSimVerification\Missions\smoke-00001000\KTEX_EMERGENCY_RTB_01-00001000"
93.790000000011077,"smoke-00001000","KTEX_EMERGENCY_RTB_01-00001000","KTEX_EMERGENCY_RTB_01",1000,Batch,Running,AutomationPilot,0.6573133,142.41306238594439,MissionCache,True,"","D:\Workspace\MM\FlightSim\FlightSimProject\Artifacts\FlightSimVerification\Missions\smoke-00001000\KTEX_EMERGENCY_RTB_01-00001000"
93.990000000011179,"smoke-00001000","KTEX_EMERGENCY_RTB_01-00001000","KTEX_EMERGENCY_RTB_01",1000,Batch,Running,AutomationPilot,0.6585487,142.44960167715931,MissionCache,True,"","D:\Workspace\MM\FlightSim\FlightSimProject\Artifacts\FlightSimVerification\Missions\smoke-00001000\KTEX_EMERGENCY_RTB_01-00001000"
94.190000000011281,"smoke-00001000","KTEX_EMERGENCY_RTB_01-00001000","KTEX_EMERGENCY_RTB_01",1000,Batch,Running,AutomationPilot,0.6598756,142.46624666832838,MissionCache,True,"","D:\Workspace\MM\FlightSim\FlightSimProject\Artifacts\FlightSimVerification\Missions\smoke-00001000\KTEX_EMERGENCY_RTB_01-00001000"
94.390000000011383,"smoke-00001000","KTEX_EMERGENCY_RTB_01-00001000","KTEX_EMERGENCY_RTB_01",1000,Batch,Running,AutomationPilot,0.66117589999999993,142.48855712982174,MissionCache,True,"","D:\Workspace\MM\FlightSim\FlightSimProject\Artifacts\FlightSimVerification\Missions\smoke-00001000\KTEX_EMERGENCY_RTB_01-00001000"
94.590000000011486,"smoke-00001000","KTEX_EMERGENCY_RTB_01-00001000","KTEX_EMERGENCY_RTB_01",1000,Batch,Running,AutomationPilot,0.6623086,142.54684296717781,MissionCache,True,"","D:\Workspace\MM\FlightSim\FlightSimProject\Artifacts\FlightSimVerification\Missions\smoke-00001000\KTEX_EMERGENCY_RTB_01-00001000"
94.790000000011588,"smoke-00001000","KTEX_EMERGENCY_RTB_01-00001000","KTEX_EMERGENCY_RTB_01",1000,Batch,Running,AutomationPilot,0.66348719999999994,142.59506438106342,MissionCache,True,"","D:\Workspace\MM\FlightSim\FlightSimProject\Artifacts\FlightSimVerification\Missions\smoke-00001000\KTEX_EMERGENCY_RTB_01-00001000"
94.99000000001169,"smoke-00001000","KTEX_EMERGENCY_RTB_01-00001000","KTEX_EMERGENCY_RTB_01",1000,Batch,Running,AutomationPilot,0.6646038,142.65642176588759,MissionCache,True,"","D:\Workspace\MM\FlightSim\FlightSimProject\Artifacts\FlightSimVerification\Missions\smoke-00001000\KTEX_EMERGENCY_RTB_01-00001000"
95.190000000011793,"smoke-00001000","KTEX_EMERGENCY_RTB_01-00001000","KTEX_EMERGENCY_RTB_01",1000,Batch,Running,AutomationPilot,0.66573799999999994,142.71380032386872,MissionCache,True,"","D:\Workspace\MM\FlightSim\FlightSimProject\Artifacts\FlightSimVerification\Missions\smoke-00001000\KTEX_EMERGENCY_RTB_01-00001000"
95.3900000000119,"smoke-00001000","KTEX_EMERGENCY_RTB_01-00001000","KTEX_EMERGENCY_RTB_01",1000,Batch,Running,AutomationPilot,0.6668583,142.77395962532341,MissionCache,True,"","D:\Workspace\MM\FlightSim\FlightSimProject\Artifacts\FlightSimVerification\Missions\smoke-00001000\KTEX_EMERGENCY_RTB_01-00001000"
95.590000000012,"smoke-00001000","KTEX_EMERGENCY_RTB_01-00001000","KTEX_EMERGENCY_RTB_01",1000,Batch,Running,AutomationPilot,0.6690052,142.61473602897541,MissionCache,True,"","D:\Workspace\MM\FlightSim\FlightSimProject\Artifacts\FlightSimVerification\Missions\smoke-00001000\KTEX_EMERGENCY_RTB_01-00001000"
95.7900000000121,"smoke-00001000","KTEX_EMERGENCY_RTB_01-00001000","KTEX_EMERGENCY_RTB_01",1000,Batch,Running,AutomationPilot,0.67018689999999992,142.66169631189751,MissionCache,True,"","D:\Workspace\MM\FlightSim\FlightSimProject\Artifacts\FlightSimVerification\Missions\smoke-00001000\KTEX_EMERGENCY_RTB_01-00001000"
95.9900000000122,"smoke-00001000","KTEX_EMERGENCY_RTB_01-00001000","KTEX_EMERGENCY_RTB_01",1000,Batch,Running,AutomationPilot,0.6713433,142.71386934227559,MissionCache,True,"","D:\Workspace\MM\FlightSim\FlightSimProject\Artifacts\FlightSimVerification\Missions\smoke-00001000\KTEX_EMERGENCY_RTB_01-00001000"
96.1900000000123,"smoke-00001000","KTEX_EMERGENCY_RTB_01-00001000","KTEX_EMERGENCY_RTB_01",1000,Batch,Running,AutomationPilot,0.67251489999999992,142.76263618845059,MissionCache,True,"","D:\Workspace\MM\FlightSim\FlightSimProject\Artifacts\FlightSimVerification\Missions\smoke-00001000\KTEX_EMERGENCY_RTB_01-00001000"
96.3900000000124,"smoke-00001000","KTEX_EMERGENCY_RTB_01-00001000","KTEX_EMERGENCY_RTB_01",1000,Batch,Running,AutomationPilot,0.67366169999999992,142.81649082916888,MissionCache,True,"","D:\Workspace\MM\FlightSim\FlightSimProject\Artifacts\FlightSimVerification\Missions\smoke-00001000\KTEX_EMERGENCY_RTB_01-00001000"
96.590000000012509,"smoke-00001000","KTEX_EMERGENCY_RTB_01-00001000","KTEX_EMERGENCY_RTB_01",1000,Batch,Running,AutomationPilot,0.6749193,142.846707747152,MissionCache,True,"","D:\Workspace\MM\FlightSim\FlightSimProject\Artifacts\FlightSimVerification\Missions\smoke-00001000\KTEX_EMERGENCY_RTB_01-00001000"
96.790000000012611,"smoke-00001000","KTEX_EMERGENCY_RTB_01-00001000","KTEX_EMERGENCY_RTB_01",1000,Batch,Running,AutomationPilot,0.6763321,142.84402588611795,MissionCache,True,"","D:\Workspace\MM\FlightSim\FlightSimProject\Artifacts\FlightSimVerification\Missions\smoke-00001000\KTEX_EMERGENCY_RTB_01-00001000"
96.990000000012714,"smoke-00001000","KTEX_EMERGENCY_RTB_01-00001000","KTEX_EMERGENCY_RTB_01",1000,Batch,Running,AutomationPilot,0.6774933,142.89440205536,MissionCache,True,"","D:\Workspace\MM\FlightSim\FlightSimProject\Artifacts\FlightSimVerification\Missions\smoke-00001000\KTEX_EMERGENCY_RTB_01-00001000"
97.190000000012816,"smoke-00001000","KTEX_EMERGENCY_RTB_01-00001000","KTEX_EMERGENCY_RTB_01",1000,Batch,Running,AutomationPilot,0.6786791,142.93942453806625,MissionCache,True,"","D:\Workspace\MM\FlightSim\FlightSimProject\Artifacts\FlightSimVerification\Missions\smoke-00001000\KTEX_EMERGENCY_RTB_01-00001000"
97.390000000012918,"smoke-00001000","KTEX_EMERGENCY_RTB_01-00001000","KTEX_EMERGENCY_RTB_01",1000,Batch,Running,AutomationPilot,0.6798645,142.98437409220929,MissionCache,True,"","D:\Workspace\MM\FlightSim\FlightSimProject\Artifacts\FlightSimVerification\Missions\smoke-00001000\KTEX_EMERGENCY_RTB_01-00001000"
97.590000000013021,"smoke-00001000","KTEX_EMERGENCY_RTB_01-00001000","KTEX_EMERGENCY_RTB_01",1000,Batch,Running,AutomationPilot,0.68101499999999993,143.0364969934773,MissionCache,True,"","D:\Workspace\MM\FlightSim\FlightSimProject\Artifacts\FlightSimVerification\Missions\smoke-00001000\KTEX_EMERGENCY_RTB_01-00001000"
97.790000000013123,"smoke-00001000","KTEX_EMERGENCY_RTB_01-00001000","KTEX_EMERGENCY_RTB_01",1000,Batch,Running,AutomationPilot,0.6821706,143.0873743313081,MissionCache,True,"","D:\Workspace\MM\FlightSim\FlightSimProject\Artifacts\FlightSimVerification\Missions\smoke-00001000\KTEX_EMERGENCY_RTB_01-00001000"
97.990000000013225,"smoke-00001000","KTEX_EMERGENCY_RTB_01-00001000","KTEX_EMERGENCY_RTB_01",1000,Batch,Running,AutomationPilot,0.6833326,143.13673897603178,MissionCache,True,"","D:\Workspace\MM\FlightSim\FlightSimProject\Artifacts\FlightSimVerification\Missions\smoke-00001000\KTEX_EMERGENCY_RTB_01-00001000"
98.190000000013328,"smoke-00001000","KTEX_EMERGENCY_RTB_01-00001000","KTEX_EMERGENCY_RTB_01",1000,Batch,Running,AutomationPilot,0.6844992,143.18497377354603,MissionCache,True,"","D:\Workspace\MM\FlightSim\FlightSimProject\Artifacts\FlightSimVerification\Missions\smoke-00001000\KTEX_EMERGENCY_RTB_01-00001000"
98.39000000001343,"smoke-00001000","KTEX_EMERGENCY_RTB_01-00001000","KTEX_EMERGENCY_RTB_01",1000,Batch,Running,AutomationPilot,0.68564799999999992,143.23676288709856,MissionCache,True,"","D:\Workspace\MM\FlightSim\FlightSimProject\Artifacts\FlightSimVerification\Missions\smoke-00001000\KTEX_EMERGENCY_RTB_01-00001000"
98.590000000013532,"smoke-00001000","KTEX_EMERGENCY_RTB_01-00001000","KTEX_EMERGENCY_RTB_01",1000,Batch,Running,AutomationPilot,0.6868136,143.28487379983949,MissionCache,True,"","D:\Workspace\MM\FlightSim\FlightSimProject\Artifacts\FlightSimVerification\Missions\smoke-00001000\KTEX_EMERGENCY_RTB_01-00001000"
98.790000000013634,"smoke-00001000","KTEX_EMERGENCY_RTB_01-00001000","KTEX_EMERGENCY_RTB_01",1000,Batch,Running,AutomationPilot,0.68799349999999992,143.32984250579918,MissionCache,True,"","D:\Workspace\MM\FlightSim\FlightSimProject\Artifacts\FlightSimVerification\Missions\smoke-00001000\KTEX_EMERGENCY_RTB_01-00001000"
98.990000000013737,"smoke-00001000","KTEX_EMERGENCY_RTB_01-00001000","KTEX_EMERGENCY_RTB_01",1000,Batch,Running,AutomationPilot,0.6892463,143.35949282573392,MissionCache,True,"","D:\Workspace\MM\FlightSim\FlightSimProject\Artifacts\FlightSimVerification\Missions\smoke-00001000\KTEX_EMERGENCY_RTB_01-00001000"
99.190000000013839,"smoke-00001000","KTEX_EMERGENCY_RTB_01-00001000","KTEX_EMERGENCY_RTB_01",1000,Batch,Running,AutomationPilot,0.6906732,143.35289106340559,MissionCache,True,"","D:\Workspace\MM\FlightSim\FlightSimProject\Artifacts\FlightSimVerification\Missions\smoke-00001000\KTEX_EMERGENCY_RTB_01-00001000"
99.390000000013941,"smoke-00001000","KTEX_EMERGENCY_RTB_01-00001000","KTEX_EMERGENCY_RTB_01",1000,Batch,Running,AutomationPilot,0.6918493,143.39828052151509,MissionCache,True,"","D:\Workspace\MM\FlightSim\FlightSimProject\Artifacts\FlightSimVerification\Missions\smoke-00001000\KTEX_EMERGENCY_RTB_01-00001000"
99.590000000014044,"smoke-00001000","KTEX_EMERGENCY_RTB_01-00001000","KTEX_EMERGENCY_RTB_01",1000,Batch,Running,AutomationPilot,0.6929555,143.45798539735085,MissionCache,True,"","D:\Workspace\MM\FlightSim\FlightSimProject\Artifacts\FlightSimVerification\Missions\smoke-00001000\KTEX_EMERGENCY_RTB_01-00001000"
99.790000000014146,"smoke-00001000","KTEX_EMERGENCY_RTB_01-00001000","KTEX_EMERGENCY_RTB_01",1000,Batch,Running,AutomationPilot,0.6949827,143.32730872295679,MissionCache,True,"","D:\Workspace\MM\FlightSim\FlightSimProject\Artifacts\FlightSimVerification\Missions\smoke-00001000\KTEX_EMERGENCY_RTB_01-00001000"
99.990000000014248,"smoke-00001000","KTEX_EMERGENCY_RTB_01-00001000","KTEX_EMERGENCY_RTB_01",1000,Batch,Running,AutomationPilot,0.6961005,143.38446819103586,MissionCache,True,"","D:\Workspace\MM\FlightSim\FlightSimProject\Artifacts\FlightSimVerification\Missions\smoke-00001000\KTEX_EMERGENCY_RTB_01-00001000"
100.19000000001435,"smoke-00001000","KTEX_EMERGENCY_RTB_01-00001000","KTEX_EMERGENCY_RTB_01",1000,Batch,Running,AutomationPilot,0.6972265,143.43975738158872,MissionCache,True,"","D:\Workspace\MM\FlightSim\FlightSimProject\Artifacts\FlightSimVerification\Missions\smoke-00001000\KTEX_EMERGENCY_RTB_01-00001000"
100.39000000001445,"smoke-00001000","KTEX_EMERGENCY_RTB_01-00001000","KTEX_EMERGENCY_RTB_01",1000,Batch,Running,AutomationPilot,0.6983769,143.48985483342071,MissionCache,True,"","D:\Workspace\MM\FlightSim\FlightSimProject\Artifacts\FlightSimVerification\Missions\smoke-00001000\KTEX_EMERGENCY_RTB_01-00001000"
100.59000000001456,"smoke-00001000","KTEX_EMERGENCY_RTB_01-00001000","KTEX_EMERGENCY_RTB_01",1000,Batch,Running,AutomationPilot,0.69980979999999993,143.48184320941843,MissionCache,True,"","D:\Workspace\MM\FlightSim\FlightSimProject\Artifacts\FlightSimVerification\Missions\smoke-00001000\KTEX_EMERGENCY_RTB_01-00001000"
100.79000000001466,"smoke-00001000","KTEX_EMERGENCY_RTB_01-00001000","KTEX_EMERGENCY_RTB_01",1000,Batch,Running,AutomationPilot,0.7011655,143.48966114278949,MissionCache,True,"","D:\Workspace\MM\FlightSim\FlightSimProject\Artifacts\FlightSimVerification\Missions\smoke-00001000\KTEX_EMERGENCY_RTB_01-00001000"
100.99000000001476,"smoke-00001000","KTEX_EMERGENCY_RTB_01-00001000","KTEX_EMERGENCY_RTB_01",1000,Batch,Running,AutomationPilot,0.7023046,143.54170540818708,MissionCache,True,"","D:\Workspace\MM\FlightSim\FlightSimProject\Artifacts\FlightSimVerification\Missions\smoke-00001000\KTEX_EMERGENCY_RTB_01-00001000"
101.19000000001486,"smoke-00001000","KTEX_EMERGENCY_RTB_01-00001000","KTEX_EMERGENCY_RTB_01",1000,Batch,Running,AutomationPilot,0.703437,143.59494880140619,MissionCache,True,"","D:\Workspace\MM\FlightSim\FlightSimProject\Artifacts\FlightSimVerification\Missions\smoke-00001000\KTEX_EMERGENCY_RTB_01-00001000"
101.39000000001496,"smoke-00001000","KTEX_EMERGENCY_RTB_01-00001000","KTEX_EMERGENCY_RTB_01",1000,Batch,Running,AutomationPilot,0.7045553,143.65089582040596,MissionCache,True,"","D:\Workspace\MM\FlightSim\FlightSimProject\Artifacts\FlightSimVerification\Missions\smoke-00001000\KTEX_EMERGENCY_RTB_01-00001000"
101.59000000001507,"smoke-00001000","KTEX_EMERGENCY_RTB_01-00001000","KTEX_EMERGENCY_RTB_01",1000,Batch,Running,AutomationPilot,0.7058346,143.67388620508967,MissionCache,True,"","D:\Workspace\MM\FlightSim\FlightSimProject\Artifacts\FlightSimVerification\Missions\smoke-00001000\KTEX_EMERGENCY_RTB_01-00001000"
101.79000000001517,"smoke-00001000","KTEX_EMERGENCY_RTB_01-00001000","KTEX_EMERGENCY_RTB_01",1000,Batch,Running,AutomationPilot,0.70707749999999991,143.70419084190218,MissionCache,True,"","D:\Workspace\MM\FlightSim\FlightSimProject\Artifacts\FlightSimVerification\Missions\smoke-00001000\KTEX_EMERGENCY_RTB_01-00001000"
101.99000000001527,"smoke-00001000","KTEX_EMERGENCY_RTB_01-00001000","KTEX_EMERGENCY_RTB_01",1000,Batch,Running,AutomationPilot,0.708293,143.73994942773004,MissionCache,True,"","D:\Workspace\MM\FlightSim\FlightSimProject\Artifacts\FlightSimVerification\Missions\smoke-00001000\KTEX_EMERGENCY_RTB_01-00001000"
102.19000000001537,"smoke-00001000","KTEX_EMERGENCY_RTB_01-00001000","KTEX_EMERGENCY_RTB_01",1000,Batch,Running,AutomationPilot,0.70944259999999992,143.78894078254575,MissionCache,True,"","D:\Workspace\MM\FlightSim\FlightSimProject\Artifacts\FlightSimVerification\Missions\smoke-00001000\KTEX_EMERGENCY_RTB_01-00001000"
102.39000000001548,"smoke-00001000","KTEX_EMERGENCY_RTB_01-00001000","KTEX_EMERGENCY_RTB_01",1000,Batch,Running,AutomationPilot,0.7105749,143.84127556435695,MissionCache,True,"","D:\Workspace\MM\FlightSim\FlightSimProject\Artifacts\FlightSimVerification\Missions\smoke-00001000\KTEX_EMERGENCY_RTB_01-00001000"
102.59000000001558,"smoke-00001000","KTEX_EMERGENCY_RTB_01-00001000","KTEX_EMERGENCY_RTB_01",1000,Batch,Running,AutomationPilot,0.7117078,143.89332251243485,MissionCache,True,"","D:\Workspace\MM\FlightSim\FlightSimProject\Artifacts\FlightSimVerification\Missions\smoke-00001000\KTEX_EMERGENCY_RTB_01-00001000"
102.79000000001568,"smoke-00001000","KTEX_EMERGENCY_RTB_01-00001000","KTEX_EMERGENCY_RTB_01",1000,Batch,Running,AutomationPilot,0.712846,143.94413379610126,MissionCache,True,"","D:\Workspace\MM\FlightSim\FlightSimProject\Artifacts\FlightSimVerification\Missions\smoke-00001000\KTEX_EMERGENCY_RTB_01-00001000"
102.99000000001578,"smoke-00001000","KTEX_EMERGENCY_RTB_01-00001000","KTEX_EMERGENCY_RTB_01",1000,Batch,Running,AutomationPilot,0.713971,143.99744527440987,MissionCache,True,"","D:\Workspace\MM\FlightSim\FlightSimProject\Artifacts\FlightSimVerification\Missions\smoke-00001000\KTEX_EMERGENCY_RTB_01-00001000"
103.19000000001589,"smoke-00001000","KTEX_EMERGENCY_RTB_01-00001000","KTEX_EMERGENCY_RTB_01",1000,Batch,Running,AutomationPilot,0.71509649999999991,144.05048829076327,MissionCache,True,"","D:\Workspace\MM\FlightSim\FlightSimProject\Artifacts\FlightSimVerification\Missions\smoke-00001000\KTEX_EMERGENCY_RTB_01-00001000"
103.39000000001599,"smoke-00001000","KTEX_EMERGENCY_RTB_01-00001000","KTEX_EMERGENCY_RTB_01",1000,Batch,Running,AutomationPilot,0.7162294,144.10187573983404,MissionCache,True,"","D:\Workspace\MM\FlightSim\FlightSimProject\Artifacts\FlightSimVerification\Missions\smoke-00001000\KTEX_EMERGENCY_RTB_01-00001000"
103.59000000001609,"smoke-00001000","KTEX_EMERGENCY_RTB_01-00001000","KTEX_EMERGENCY_RTB_01",1000,Batch,Running,AutomationPilot,0.7173579,144.15398506103577,MissionCache,True,"","D:\Workspace\MM\FlightSim\FlightSimProject\Artifacts\FlightSimVerification\Missions\smoke-00001000\KTEX_EMERGENCY_RTB_01-00001000"
103.79000000001619,"smoke-00001000","KTEX_EMERGENCY_RTB_01-00001000","KTEX_EMERGENCY_RTB_01",1000,Batch,Running,AutomationPilot,0.718599,144.18333451621294,MissionCache,True,"","D:\Workspace\MM\FlightSim\FlightSimProject\Artifacts\FlightSimVerification\Missions\smoke-00001000\KTEX_EMERGENCY_RTB_01-00001000"
103.99000000001629,"smoke-00001000","KTEX_EMERGENCY_RTB_01-00001000","KTEX_EMERGENCY_RTB_01",1000,Batch,Running,AutomationPilot,0.7207176,144.03699868022679,MissionCache,True,"","D:\Workspace\MM\FlightSim\FlightSimProject\Artifacts\FlightSimVerification\Missions\smoke-00001000\KTEX_EMERGENCY_RTB_01-00001000"
104.1900000000164,"smoke-00001000","KTEX_EMERGENCY_RTB_01-00001000","KTEX_EMERGENCY_RTB_01",1000,Batch,Running,AutomationPilot,0.7224468,143.96907841520832,MissionCache,True,"","D:\Workspace\MM\FlightSim\FlightSimProject\Artifacts\FlightSimVerification\Missions\smoke-00001000\KTEX_EMERGENCY_RTB_01-00001000"
104.3900000000165,"smoke-00001000","KTEX_EMERGENCY_RTB_01-00001000","KTEX_EMERGENCY_RTB_01",1000,Batch,Running,AutomationPilot,0.7238386,143.96855873673553,MissionCache,True,"","D:\Workspace\MM\FlightSim\FlightSimProject\Artifacts\FlightSimVerification\Missions\smoke-00001000\KTEX_EMERGENCY_RTB_01-00001000"
104.5900000000166,"smoke-00001000","KTEX_EMERGENCY_RTB_01-00001000","KTEX_EMERGENCY_RTB_01",1000,Batch,Running,AutomationPilot,0.7249761,144.0185407491592,MissionCache,True,"","D:\Workspace\MM\FlightSim\FlightSimProject\Artifacts\FlightSimVerification\Missions\smoke-00001000\KTEX_EMERGENCY_RTB_01-00001000"
104.7900000000167,"smoke-00001000","KTEX_EMERGENCY_RTB_01-00001000","KTEX_EMERGENCY_RTB_01",1000,Batch,Running,AutomationPilot,0.7261126,144.06856457251482,MissionCache,True,"","D:\Workspace\MM\FlightSim\FlightSimProject\Artifacts\FlightSimVerification\Missions\smoke-00001000\KTEX_EMERGENCY_RTB_01-00001000"
104.99000000001681,"smoke-00001000","KTEX_EMERGENCY_RTB_01-00001000","KTEX_EMERGENCY_RTB_01",1000,Batch,Running,AutomationPilot,0.72724309999999992,144.11962107308645,MissionCache,True,"","D:\Workspace\MM\FlightSim\FlightSimProject\Artifacts\FlightSimVerification\Missions\smoke-00001000\KTEX_EMERGENCY_RTB_01-00001000"
105.19000000001691,"smoke-00001000","KTEX_EMERGENCY_RTB_01-00001000","KTEX_EMERGENCY_RTB_01",1000,Batch,Running,AutomationPilot,0.72851939999999993,144.14166595977653,MissionCache,True,"","D:\Workspace\MM\FlightSim\FlightSimProject\Artifacts\FlightSimVerification\Missions\smoke-00001000\KTEX_EMERGENCY_RTB_01-00001000"
105.39000000001701,"smoke-00001000","KTEX_EMERGENCY_RTB_01-00001000","KTEX_EMERGENCY_RTB_01",1000,Batch,Running,AutomationPilot,0.7297669,144.16932310853906,MissionCache,True,"","D:\Workspace\MM\FlightSim\FlightSimProject\Artifacts\FlightSimVerification\Missions\smoke-00001000\KTEX_EMERGENCY_RTB_01-00001000"
105.59000000001711,"smoke-00001000","KTEX_EMERGENCY_RTB_01-00001000","KTEX_EMERGENCY_RTB_01",1000,Batch,Running,AutomationPilot,0.7309025,144.21896217350059,MissionCache,True,"","D:\Workspace\MM\FlightSim\FlightSimProject\Artifacts\FlightSimVerification\Missions\smoke-00001000\KTEX_EMERGENCY_RTB_01-00001000"
105.79000000001722,"smoke-00001000","KTEX_EMERGENCY_RTB_01-00001000","KTEX_EMERGENCY_RTB_01",1000,Batch,Running,AutomationPilot,0.7320241,144.27120637150762,MissionCache,True,"","D:\Workspace\MM\FlightSim\FlightSimProject\Artifacts\FlightSimVerification\Missions\smoke-00001000\KTEX_EMERGENCY_RTB_01-00001000"
105.99000000001732,"smoke-00001000","KTEX_EMERGENCY_RTB_01-00001000","KTEX_EMERGENCY_RTB_01",1000,Batch,Running,AutomationPilot,0.733139,144.3246096579465,MissionCache,True,"","D:\Workspace\MM\FlightSim\FlightSimProject\Artifacts\FlightSimVerification\Missions\smoke-00001000\KTEX_EMERGENCY_RTB_01-00001000"
106.19000000001742,"smoke-00001000","KTEX_EMERGENCY_RTB_01-00001000","KTEX_EMERGENCY_RTB_01",1000,Batch,Running,AutomationPilot,0.7342675,144.37517662162267,MissionCache,True,"","D:\Workspace\MM\FlightSim\FlightSimProject\Artifacts\FlightSimVerification\Missions\smoke-00001000\KTEX_EMERGENCY_RTB_01-00001000"
106.39000000001752,"smoke-00001000","KTEX_EMERGENCY_RTB_01-00001000","KTEX_EMERGENCY_RTB_01",1000,Batch,Running,AutomationPilot,0.7353832,144.42810224658032,MissionCache,True,"","D:\Workspace\MM\FlightSim\FlightSimProject\Artifacts\FlightSimVerification\Missions\smoke-00001000\KTEX_EMERGENCY_RTB_01-00001000"
106.59000000001762,"smoke-00001000","KTEX_EMERGENCY_RTB_01-00001000","KTEX_EMERGENCY_RTB_01",1000,Batch,Running,AutomationPilot,0.736557,144.4694707945448,MissionCache,True,"","D:\Workspace\MM\FlightSim\FlightSimProject\Artifacts\FlightSimVerification\Missions\smoke-00001000\KTEX_EMERGENCY_RTB_01-00001000"
106.79000000001773,"smoke-00001000","KTEX_EMERGENCY_RTB_01-00001000","KTEX_EMERGENCY_RTB_01",1000,Batch,Running,AutomationPilot,0.7380201,144.45406026206825,MissionCache,True,"","D:\Workspace\MM\FlightSim\FlightSimProject\Artifacts\FlightSimVerification\Missions\smoke-00001000\KTEX_EMERGENCY_RTB_01-00001000"
106.99000000001783,"smoke-00001000","KTEX_EMERGENCY_RTB_01-00001000","KTEX_EMERGENCY_RTB_01",1000,Batch,Running,AutomationPilot,0.7392417,144.48589683187208,MissionCache,True,"","D:\Workspace\MM\FlightSim\FlightSimProject\Artifacts\FlightSimVerification\Missions\smoke-00001000\KTEX_EMERGENCY_RTB_01-00001000"
107.19000000001793,"smoke-00001000","KTEX_EMERGENCY_RTB_01-00001000","KTEX_EMERGENCY_RTB_01",1000,Batch,Running,AutomationPilot,0.7404263,144.5248500762572,MissionCache,True,"","D:\Workspace\MM\FlightSim\FlightSimProject\Artifacts\FlightSimVerification\Missions\smoke-00001000\KTEX_EMERGENCY_RTB_01-00001000"
107.39000000001803,"smoke-00001000","KTEX_EMERGENCY_RTB_01-00001000","KTEX_EMERGENCY_RTB_01",1000,Batch,Running,AutomationPilot,0.7415505,144.57545372839468,MissionCache,True,"","D:\Workspace\MM\FlightSim\FlightSimProject\Artifacts\FlightSimVerification\Missions\smoke-00001000\KTEX_EMERGENCY_RTB_01-00001000"
107.59000000001814,"smoke-00001000","KTEX_EMERGENCY_RTB_01-00001000","KTEX_EMERGENCY_RTB_01",1000,Batch,Running,AutomationPilot,0.7426617,144.62843580060485,MissionCache,True,"","D:\Workspace\MM\FlightSim\FlightSimProject\Artifacts\FlightSimVerification\Missions\smoke-00001000\KTEX_EMERGENCY_RTB_01-00001000"
107.79000000001824,"smoke-00001000","KTEX_EMERGENCY_RTB_01-00001000","KTEX_EMERGENCY_RTB_01",1000,Batch,Running,AutomationPilot,0.74376829999999994,144.6821543752512,MissionCache,True,"","D:\Workspace\MM\FlightSim\FlightSimProject\Artifacts\FlightSimVerification\Missions\smoke-00001000\KTEX_EMERGENCY_RTB_01-00001000"
107.99000000001834,"smoke-00001000","KTEX_EMERGENCY_RTB_01-00001000","KTEX_EMERGENCY_RTB_01",1000,Batch,Running,AutomationPilot,0.7448866,144.73343996256378,MissionCache,True,"","D:\Workspace\MM\FlightSim\FlightSimProject\Artifacts\FlightSimVerification\Missions\smoke-00001000\KTEX_EMERGENCY_RTB_01-00001000"
108.19000000001844,"smoke-00001000","KTEX_EMERGENCY_RTB_01-00001000","KTEX_EMERGENCY_RTB_01",1000,Batch,Running,AutomationPilot,0.74688389999999993,144.61417631310348,MissionCache,True,"","D:\Workspace\MM\FlightSim\FlightSimProject\Artifacts\FlightSimVerification\Missions\smoke-00001000\KTEX_EMERGENCY_RTB_01-00001000"
108.39000000001855,"smoke-00001000","KTEX_EMERGENCY_RTB_01-00001000","KTEX_EMERGENCY_RTB_01",1000,Batch,Running,AutomationPilot,0.7480536,144.65540971932822,MissionCache,True,"","D:\Workspace\MM\FlightSim\FlightSimProject\Artifacts\FlightSimVerification\Missions\smoke-00001000\KTEX_EMERGENCY_RTB_01-00001000"
108.59000000001865,"smoke-00001000","KTEX_EMERGENCY_RTB_01-00001000","KTEX_EMERGENCY_RTB_01",1000,Batch,Running,AutomationPilot,0.7493094,144.6798879074766,MissionCache,True,"","D:\Workspace\MM\FlightSim\FlightSimProject\Artifacts\FlightSimVerification\Missions\smoke-00001000\KTEX_EMERGENCY_RTB_01-00001000"
108.79000000001875,"smoke-00001000","KTEX_EMERGENCY_RTB_01-00001000","KTEX_EMERGENCY_RTB_01",1000,Batch,Running,AutomationPilot,0.7504422,144.72800170355382,MissionCache,True,"","D:\Workspace\MM\FlightSim\FlightSimProject\Artifacts\FlightSimVerification\Missions\smoke-00001000\KTEX_EMERGENCY_RTB_01-00001000"
108.99000000001885,"smoke-00001000","KTEX_EMERGENCY_RTB_01-00001000","KTEX_EMERGENCY_RTB_01",1000,Batch,Running,AutomationPilot,0.7515663,144.77764636335976,MissionCache,True,"","D:\Workspace\MM\FlightSim\FlightSimProject\Artifacts\FlightSimVerification\Missions\smoke-00001000\KTEX_EMERGENCY_RTB_01-00001000"
109.19000000001896,"smoke-00001000","KTEX_EMERGENCY_RTB_01-00001000","KTEX_EMERGENCY_RTB_01",1000,Batch,Running,AutomationPilot,0.7527704,144.81175136538161,MissionCache,True,"","D:\Workspace\MM\FlightSim\FlightSimProject\Artifacts\FlightSimVerification\Missions\smoke-00001000\KTEX_EMERGENCY_RTB_01-00001000"
109.39000000001906,"smoke-00001000","KTEX_EMERGENCY_RTB_01-00001000","KTEX_EMERGENCY_RTB_01",1000,Batch,Running,AutomationPilot,0.75388119999999992,144.86367348067438,MissionCache,True,"","D:\Workspace\MM\FlightSim\FlightSimProject\Artifacts\FlightSimVerification\Missions\smoke-00001000\KTEX_EMERGENCY_RTB_01-00001000"
109.59000000001916,"smoke-00001000","KTEX_EMERGENCY_RTB_01-00001000","KTEX_EMERGENCY_RTB_01",1000,Batch,Running,AutomationPilot,0.7549928,144.91528925841288,MissionCache,True,"","D:\Workspace\MM\FlightSim\FlightSimProject\Artifacts\FlightSimVerification\Missions\smoke-00001000\KTEX_EMERGENCY_RTB_01-00001000"
109.79000000001926,"smoke-00001000","KTEX_EMERGENCY_RTB_01-00001000","KTEX_EMERGENCY_RTB_01",1000,Batch,Running,AutomationPilot,0.7561004,144.96752018649795,MissionCache,True,"","D:\Workspace\MM\FlightSim\FlightSimProject\Artifacts\FlightSimVerification\Missions\smoke-00001000\KTEX_EMERGENCY_RTB_01-00001000"
109.99000000001936,"smoke-00001000","KTEX_EMERGENCY_RTB_01-00001000","KTEX_EMERGENCY_RTB_01",1000,Batch,Running,AutomationPilot,0.7572591,145.00981236147479,MissionCache,True,"","D:\Workspace\MM\FlightSim\FlightSimProject\Artifacts\FlightSimVerification\Missions\smoke-00001000\KTEX_EMERGENCY_RTB_01-00001000"
110.19000000001947,"smoke-00001000","KTEX_EMERGENCY_RTB_01-00001000","KTEX_EMERGENCY_RTB_01",1000,Batch,Running,AutomationPilot,0.7584136,145.05277858943901,MissionCache,True,"","D:\Workspace\MM\FlightSim\FlightSimProject\Artifacts\FlightSimVerification\Missions\smoke-00001000\KTEX_EMERGENCY_RTB_01-00001000"
110.39000000001957,"smoke-00001000","KTEX_EMERGENCY_RTB_01-00001000","KTEX_EMERGENCY_RTB_01",1000,Batch,Running,AutomationPilot,0.7597545,145.06001609733076,MissionCache,True,"","D:\Workspace\MM\FlightSim\FlightSimProject\Artifacts\FlightSimVerification\Missions\smoke-00001000\KTEX_EMERGENCY_RTB_01-00001000"
110.59000000001967,"smoke-00001000","KTEX_EMERGENCY_RTB_01-00001000","KTEX_EMERGENCY_RTB_01",1000,Batch,Running,AutomationPilot,0.7610905,145.06816206485243,MissionCache,True,"","D:\Workspace\MM\FlightSim\FlightSimProject\Artifacts\FlightSimVerification\Missions\smoke-00001000\KTEX_EMERGENCY_RTB_01-00001000"
110.79000000001977,"smoke-00001000","KTEX_EMERGENCY_RTB_01-00001000","KTEX_EMERGENCY_RTB_01",1000,Batch,Running,AutomationPilot,0.7621964,145.12007666268127,MissionCache,True,"","D:\Workspace\MM\FlightSim\FlightSimProject\Artifacts\FlightSimVerification\Missions\smoke-00001000\KTEX_EMERGENCY_RTB_01-00001000"
110.99000000001988,"smoke-00001000","KTEX_EMERGENCY_RTB_01-00001000","KTEX_EMERGENCY_RTB_01",1000,Batch,Running,AutomationPilot,0.76332919999999993,145.16672492028314,MissionCache,True,"","D:\Workspace\MM\FlightSim\FlightSimProject\Artifacts\FlightSimVerification\Missions\smoke-00001000\KTEX_EMERGENCY_RTB_01-00001000"
111.19000000001998,"smoke-00001000","KTEX_EMERGENCY_RTB_01-00001000","KTEX_EMERGENCY_RTB_01",1000,Batch,Running,AutomationPilot,0.764513,145.20354787952579,MissionCache,True,"","D:\Workspace\MM\FlightSim\FlightSimProject\Artifacts\FlightSimVerification\Missions\smoke-00001000\KTEX_EMERGENCY_RTB_01-00001000"
111.39000000002008,"smoke-00001000","KTEX_EMERGENCY_RTB_01-00001000","KTEX_EMERGENCY_RTB_01",1000,Batch,Running,AutomationPilot,0.7656602,145.24719973693288,MissionCache,True,"","D:\Workspace\MM\FlightSim\FlightSimProject\Artifacts\FlightSimVerification\Missions\smoke-00001000\KTEX_EMERGENCY_RTB_01-00001000"
111.59000000002018,"smoke-00001000","KTEX_EMERGENCY_RTB_01-00001000","KTEX_EMERGENCY_RTB_01",1000,Batch,Running,AutomationPilot,0.76677469999999992,145.2969170735812,MissionCache,True,"","D:\Workspace\MM\FlightSim\FlightSimProject\Artifacts\FlightSimVerification\Missions\smoke-00001000\KTEX_EMERGENCY_RTB_01-00001000"
111.79000000002029,"smoke-00001000","KTEX_EMERGENCY_RTB_01-00001000","KTEX_EMERGENCY_RTB_01",1000,Batch,Running,AutomationPilot,0.76804759999999994,145.31651423690434,MissionCache,True,"","D:\Workspace\MM\FlightSim\FlightSimProject\Artifacts\FlightSimVerification\Missions\smoke-00001000\KTEX_EMERGENCY_RTB_01-00001000"
111.99000000002039,"smoke-00001000","KTEX_EMERGENCY_RTB_01-00001000","KTEX_EMERGENCY_RTB_01",1000,Batch,Running,AutomationPilot,0.7693334,145.33360958983491,MissionCache,True,"","D:\Workspace\MM\FlightSim\FlightSimProject\Artifacts\FlightSimVerification\Missions\smoke-00001000\KTEX_EMERGENCY_RTB_01-00001000"
112.19000000002049,"smoke-00001000","KTEX_EMERGENCY_RTB_01-00001000","KTEX_EMERGENCY_RTB_01",1000,Batch,Running,AutomationPilot,0.7704419,145.38409710066443,MissionCache,True,"","D:\Workspace\MM\FlightSim\FlightSimProject\Artifacts\FlightSimVerification\Missions\smoke-00001000\KTEX_EMERGENCY_RTB_01-00001000"
112.39000000002059,"smoke-00001000","KTEX_EMERGENCY_RTB_01-00001000","KTEX_EMERGENCY_RTB_01",1000,Batch,Running,AutomationPilot,0.77270869999999992,145.21643149613885,MissionCache,True,"","D:\Workspace\MM\FlightSim\FlightSimProject\Artifacts\FlightSimVerification\Missions\smoke-00001000\KTEX_EMERGENCY_RTB_01-00001000"
112.59000000002069,"smoke-00001000","KTEX_EMERGENCY_RTB_01-00001000","KTEX_EMERGENCY_RTB_01",1000,Batch,Running,AutomationPilot,0.77388669999999993,145.25382074665532,MissionCache,True,"","D:\Workspace\MM\FlightSim\FlightSimProject\Artifacts\FlightSimVerification\Missions\smoke-00001000\KTEX_EMERGENCY_RTB_01-00001000"
112.7900000000208,"smoke-00001000","KTEX_EMERGENCY_RTB_01-00001000","KTEX_EMERGENCY_RTB_01",1000,Batch,Running,AutomationPilot,0.77500879999999994,145.30157593051939,MissionCache,True,"","D:\Workspace\MM\FlightSim\FlightSimProject\Artifacts\FlightSimVerification\Missions\smoke-00001000\KTEX_EMERGENCY_RTB_01-00001000"
112.9900000000209,"smoke-00001000","KTEX_EMERGENCY_RTB_01-00001000","KTEX_EMERGENCY_RTB_01",1000,Batch,Running,AutomationPilot,0.7761211,145.35102833825908,MissionCache,True,"","D:\Workspace\MM\FlightSim\FlightSimProject\Artifacts\FlightSimVerification\Missions\smoke-00001000\KTEX_EMERGENCY_RTB_01-00001000"
113.190000000021,"smoke-00001000","KTEX_EMERGENCY_RTB_01-00001000","KTEX_EMERGENCY_RTB_01",1000,Batch,Running,AutomationPilot,0.777249,145.39742090375273,MissionCache,True,"","D:\Workspace\MM\FlightSim\FlightSimProject\Artifacts\FlightSimVerification\Missions\smoke-00001000\KTEX_EMERGENCY_RTB_01-00001000"
113.3900000000211,"smoke-00001000","KTEX_EMERGENCY_RTB_01-00001000","KTEX_EMERGENCY_RTB_01",1000,Batch,Running,AutomationPilot,0.7784358,145.43267408824337,MissionCache,True,"","D:\Workspace\MM\FlightSim\FlightSimProject\Artifacts\FlightSimVerification\Missions\smoke-00001000\KTEX_EMERGENCY_RTB_01-00001000"
113.59000000002121,"smoke-00001000","KTEX_EMERGENCY_RTB_01-00001000","KTEX_EMERGENCY_RTB_01",1000,Batch,Running,AutomationPilot,0.7803279,145.33633873660179,MissionCache,True,"","D:\Workspace\MM\FlightSim\FlightSimProject\Artifacts\FlightSimVerification\Missions\smoke-00001000\KTEX_EMERGENCY_RTB_01-00001000"
113.79000000002131,"smoke-00001000","KTEX_EMERGENCY_RTB_01-00001000","KTEX_EMERGENCY_RTB_01",1000,Batch,Running,AutomationPilot,0.7821907,145.24590998080291,MissionCache,True,"","D:\Workspace\MM\FlightSim\FlightSimProject\Artifacts\FlightSimVerification\Missions\smoke-00001000\KTEX_EMERGENCY_RTB_01-00001000"
113.99000000002141,"smoke-00001000","KTEX_EMERGENCY_RTB_01-00001000","KTEX_EMERGENCY_RTB_01",1000,Batch,Running,AutomationPilot,0.7839174,145.18111219373537,MissionCache,True,"","D:\Workspace\MM\FlightSim\FlightSimProject\Artifacts\FlightSimVerification\Missions\smoke-00001000\KTEX_EMERGENCY_RTB_01-00001000"
114.19000000002151,"smoke-00001000","KTEX_EMERGENCY_RTB_01-00001000","KTEX_EMERGENCY_RTB_01",1000,Batch,Running,AutomationPilot,0.7850516,145.22612271603731,MissionCache,True,"","D:\Workspace\MM\FlightSim\FlightSimProject\Artifacts\FlightSimVerification\Missions\smoke-00001000\KTEX_EMERGENCY_RTB_01-00001000"
114.39000000002162,"smoke-00001000","KTEX_EMERGENCY_RTB_01-00001000","KTEX_EMERGENCY_RTB_01",1000,Batch,Running,AutomationPilot,0.7861583,145.27608498189426,MissionCache,True,"","D:\Workspace\MM\FlightSim\FlightSimProject\Artifacts\FlightSimVerification\Missions\smoke-00001000\KTEX_EMERGENCY_RTB_01-00001000"
114.59000000002172,"smoke-00001000","KTEX_EMERGENCY_RTB_01-00001000","KTEX_EMERGENCY_RTB_01",1000,Batch,Running,AutomationPilot,0.7873848,145.30379555208791,MissionCache,True,"","D:\Workspace\MM\FlightSim\FlightSimProject\Artifacts\FlightSimVerification\Missions\smoke-00001000\KTEX_EMERGENCY_RTB_01-00001000"
114.79000000002182,"smoke-00001000","KTEX_EMERGENCY_RTB_01-00001000","KTEX_EMERGENCY_RTB_01",1000,Batch,Running,AutomationPilot,0.7886245,145.32898736980874,MissionCache,True,"","D:\Workspace\MM\FlightSim\FlightSimProject\Artifacts\FlightSimVerification\Missions\smoke-00001000\KTEX_EMERGENCY_RTB_01-00001000"
114.99000000002192,"smoke-00001000","KTEX_EMERGENCY_RTB_01-00001000","KTEX_EMERGENCY_RTB_01",1000,Batch,Running,AutomationPilot,0.7898331,145.35982348678706,MissionCache,True,"","D:\Workspace\MM\FlightSim\FlightSimProject\Artifacts\FlightSimVerification\Missions\smoke-00001000\KTEX_EMERGENCY_RTB_01-00001000"
115.19000000002202,"smoke-00001000","KTEX_EMERGENCY_RTB_01-00001000","KTEX_EMERGENCY_RTB_01",1000,Batch,Running,AutomationPilot,0.7911229,145.37564264670121,MissionCache,True,"","D:\Workspace\MM\FlightSim\FlightSimProject\Artifacts\FlightSimVerification\Missions\smoke-00001000\KTEX_EMERGENCY_RTB_01-00001000"
115.39000000002213,"smoke-00001000","KTEX_EMERGENCY_RTB_01-00001000","KTEX_EMERGENCY_RTB_01",1000,Batch,Running,AutomationPilot,0.79225309999999993,145.42069952143078,MissionCache,True,"","D:\Workspace\MM\FlightSim\FlightSimProject\Artifacts\FlightSimVerification\Missions\smoke-00001000\KTEX_EMERGENCY_RTB_01-00001000"
115.59000000002223,"smoke-00001000","KTEX_EMERGENCY_RTB_01-00001000","KTEX_EMERGENCY_RTB_01",1000,Batch,Running,AutomationPilot,0.79337839999999993,145.46652643936633,MissionCache,True,"","D:\Workspace\MM\FlightSim\FlightSimProject\Artifacts\FlightSimVerification\Missions\smoke-00001000\KTEX_EMERGENCY_RTB_01-00001000"
115.79000000002233,"smoke-00001000","KTEX_EMERGENCY_RTB_01-00001000","KTEX_EMERGENCY_RTB_01",1000,Batch,Running,AutomationPilot,0.7945105,145.510978143174,MissionCache,True,"","D:\Workspace\MM\FlightSim\FlightSimProject\Artifacts\FlightSimVerification\Missions\smoke-00001000\KTEX_EMERGENCY_RTB_01-00001000"
115.99000000002243,"smoke-00001000","KTEX_EMERGENCY_RTB_01-00001000","KTEX_EMERGENCY_RTB_01",1000,Batch,Running,AutomationPilot,0.79563549999999994,145.55660223811324,MissionCache,True,"","D:\Workspace\MM\FlightSim\FlightSimProject\Artifacts\FlightSimVerification\Missions\smoke-00001000\KTEX_EMERGENCY_RTB_01-00001000"
116.19000000002254,"smoke-00001000","KTEX_EMERGENCY_RTB_01-00001000","KTEX_EMERGENCY_RTB_01",1000,Batch,Running,AutomationPilot,0.7967799,145.59855237314903,MissionCache,True,"","D:\Workspace\MM\FlightSim\FlightSimProject\Artifacts\FlightSimVerification\Missions\smoke-00001000\KTEX_EMERGENCY_RTB_01-00001000"
116.39000000002264,"smoke-00001000","KTEX_EMERGENCY_RTB_01-00001000","KTEX_EMERGENCY_RTB_01",1000,Batch,Running,AutomationPilot,0.7979123,145.642572498284,MissionCache,True,"","D:\Workspace\MM\FlightSim\FlightSimProject\Artifacts\FlightSimVerification\Missions\smoke-00001000\KTEX_EMERGENCY_RTB_01-00001000"
116.59000000002274,"smoke-00001000","KTEX_EMERGENCY_RTB_01-00001000","KTEX_EMERGENCY_RTB_01",1000,Batch,Running,AutomationPilot,0.8002108,145.47416755687706,MissionCache,True,"","D:\Workspace\MM\FlightSim\FlightSimProject\Artifacts\FlightSimVerification\Missions\smoke-00001000\KTEX_EMERGENCY_RTB_01-00001000"
116.79000000002284,"smoke-00001000","KTEX_EMERGENCY_RTB_01-00001000","KTEX_EMERGENCY_RTB_01",1000,Batch,Running,AutomationPilot,0.8013486,145.51719438958619,MissionCache,True,"","D:\Workspace\MM\FlightSim\FlightSimProject\Artifacts\FlightSimVerification\Missions\smoke-00001000\KTEX_EMERGENCY_RTB_01-00001000"
116.99000000002295,"smoke-00001000","KTEX_EMERGENCY_RTB_01-00001000","KTEX_EMERGENCY_RTB_01",1000,Batch,Running,AutomationPilot,0.8024699,145.56309214840689,MissionCache,True,"","D:\Workspace\MM\FlightSim\FlightSimProject\Artifacts\FlightSimVerification\Missions\smoke-00001000\KTEX_EMERGENCY_RTB_01-00001000"
117.19000000002305,"smoke-00001000","KTEX_EMERGENCY_RTB_01-00001000","KTEX_EMERGENCY_RTB_01",1000,Batch,Running,AutomationPilot,0.8035893,145.60920609572946,MissionCache,True,"","D:\Workspace\MM\FlightSim\FlightSimProject\Artifacts\FlightSimVerification\Missions\smoke-00001000\KTEX_EMERGENCY_RTB_01-00001000"
117.39000000002315,"smoke-00001000","KTEX_EMERGENCY_RTB_01-00001000","KTEX_EMERGENCY_RTB_01",1000,Batch,Running,AutomationPilot,0.80470639999999993,145.65560805782465,MissionCache,True,"","D:\Workspace\MM\FlightSim\FlightSimProject\Artifacts\FlightSimVerification\Missions\smoke-00001000\KTEX_EMERGENCY_RTB_01-00001000"
117.59000000002325,"smoke-00001000","KTEX_EMERGENCY_RTB_01-00001000","KTEX_EMERGENCY_RTB_01",1000,Batch,Running,AutomationPilot,0.8059223,145.6840194148036,MissionCache,True,"","D:\Workspace\MM\FlightSim\FlightSimProject\Artifacts\FlightSimVerification\Missions\smoke-00001000\KTEX_EMERGENCY_RTB_01-00001000"
117.79000000002335,"smoke-00001000","KTEX_EMERGENCY_RTB_01-00001000","KTEX_EMERGENCY_RTB_01",1000,Batch,Running,AutomationPilot,0.80711749999999993,145.71608223093077,MissionCache,True,"","D:\Workspace\MM\FlightSim\FlightSimProject\Artifacts\FlightSimVerification\Missions\smoke-00001000\KTEX_EMERGENCY_RTB_01-00001000"
117.99000000002346,"smoke-00001000","KTEX_EMERGENCY_RTB_01-00001000","KTEX_EMERGENCY_RTB_01",1000,Batch,Running,AutomationPilot,0.80825949999999991,145.75764343014018,MissionCache,True,"","D:\Workspace\MM\FlightSim\FlightSimProject\Artifacts\FlightSimVerification\Missions\smoke-00001000\KTEX_EMERGENCY_RTB_01-00001000"
118.19000000002356,"smoke-00001000","KTEX_EMERGENCY_RTB_01-00001000","KTEX_EMERGENCY_RTB_01",1000,Batch,Running,AutomationPilot,0.80941319999999994,145.79697983677988,MissionCache,True,"","D:\Workspace\MM\FlightSim\FlightSimProject\Artifacts\FlightSimVerification\Missions\smoke-00001000\KTEX_EMERGENCY_RTB_01-00001000"
118.39000000002366,"smoke-00001000","KTEX_EMERGENCY_RTB_01-00001000","KTEX_EMERGENCY_RTB_01",1000,Batch,Running,AutomationPilot,0.8105648,145.83658209685836,MissionCache,True,"","D:\Workspace\MM\FlightSim\FlightSimProject\Artifacts\FlightSimVerification\Missions\smoke-00001000\KTEX_EMERGENCY_RTB_01-00001000"
118.59000000002376,"smoke-00001000","KTEX_EMERGENCY_RTB_01-00001000","KTEX_EMERGENCY_RTB_01",1000,Batch,Running,AutomationPilot,0.81170389999999992,145.87831843609928,MissionCache,True,"","D:\Workspace\MM\FlightSim\FlightSimProject\Artifacts\FlightSimVerification\Missions\smoke-00001000\KTEX_EMERGENCY_RTB_01-00001000"
118.79000000002387,"smoke-00001000","KTEX_EMERGENCY_RTB_01-00001000","KTEX_EMERGENCY_RTB_01",1000,Batch,Running,AutomationPilot,0.81284669999999992,145.91927358507303,MissionCache,True,"","D:\Workspace\MM\FlightSim\FlightSimProject\Artifacts\FlightSimVerification\Missions\smoke-00001000\KTEX_EMERGENCY_RTB_01-00001000"
118.99000000002397,"smoke-00001000","KTEX_EMERGENCY_RTB_01-00001000","KTEX_EMERGENCY_RTB_01",1000,Batch,Running,AutomationPilot,0.81402619999999992,145.95353319097578,MissionCache,True,"","D:\Workspace\MM\FlightSim\FlightSimProject\Artifacts\FlightSimVerification\Missions\smoke-00001000\KTEX_EMERGENCY_RTB_01-00001000"
119.19000000002407,"smoke-00001000","KTEX_EMERGENCY_RTB_01-00001000","KTEX_EMERGENCY_RTB_01",1000,Batch,Running,AutomationPilot,0.81541489999999994,145.95023956518821,MissionCache,True,"","D:\Workspace\MM\FlightSim\FlightSimProject\Artifacts\FlightSimVerification\Missions\smoke-00001000\KTEX_EMERGENCY_RTB_01-00001000"
119.39000000002417,"smoke-00001000","KTEX_EMERGENCY_RTB_01-00001000","KTEX_EMERGENCY_RTB_01",1000,Batch,Running,AutomationPilot,0.8165502,145.9922488538048,MissionCache,True,"","D:\Workspace\MM\FlightSim\FlightSimProject\Artifacts\FlightSimVerification\Missions\smoke-00001000\KTEX_EMERGENCY_RTB_01-00001000"
119.59000000002428,"smoke-00001000","KTEX_EMERGENCY_RTB_01-00001000","KTEX_EMERGENCY_RTB_01",1000,Batch,Running,AutomationPilot,0.8177038,146.0308732820175,MissionCache,True,"","D:\Workspace\MM\FlightSim\FlightSimProject\Artifacts\FlightSimVerification\Missions\smoke-00001000\KTEX_EMERGENCY_RTB_01-00001000"
119.79000000002438,"smoke-00001000","KTEX_EMERGENCY_RTB_01-00001000","KTEX_EMERGENCY_RTB_01",1000,Batch,Running,AutomationPilot,0.8188761,146.0660532161389,MissionCache,True,"","D:\Workspace\MM\FlightSim\FlightSimProject\Artifacts\FlightSimVerification\Missions\smoke-00001000\KTEX_EMERGENCY_RTB_01-00001000"
119.99000000002448,"smoke-00001000","KTEX_EMERGENCY_RTB_01-00001000","KTEX_EMERGENCY_RTB_01",1000,Batch,Running,AutomationPilot,0.8200071,146.10849101187586,MissionCache,True,"","D:\Workspace\MM\FlightSim\FlightSimProject\Artifacts\FlightSimVerification\Missions\smoke-00001000\KTEX_EMERGENCY_RTB_01-00001000"
120.19000000002458,"smoke-00001000","KTEX_EMERGENCY_RTB_01-00001000","KTEX_EMERGENCY_RTB_01",1000,Batch,Running,AutomationPilot,0.82111859999999992,146.15428270657188,MissionCache,True,"","D:\Workspace\MM\FlightSim\FlightSimProject\Artifacts\FlightSimVerification\Missions\smoke-00001000\KTEX_EMERGENCY_RTB_01-00001000"
120.39000000002468,"smoke-00001000","KTEX_EMERGENCY_RTB_01-00001000","KTEX_EMERGENCY_RTB_01",1000,Batch,Running,AutomationPilot,0.8223912,146.17131117164749,MissionCache,True,"","D:\Workspace\MM\FlightSim\FlightSimProject\Artifacts\FlightSimVerification\Missions\smoke-00001000\KTEX_EMERGENCY_RTB_01-00001000"
120.59000000002479,"smoke-00001000","KTEX_EMERGENCY_RTB_01-00001000","KTEX_EMERGENCY_RTB_01",1000,Batch,Running,AutomationPilot,0.823531,146.21186087715543,MissionCache,True,"","D:\Workspace\MM\FlightSim\FlightSimProject\Artifacts\FlightSimVerification\Missions\smoke-00001000\KTEX_EMERGENCY_RTB_01-00001000"
120.79000000002489,"smoke-00001000","KTEX_EMERGENCY_RTB_01-00001000","KTEX_EMERGENCY_RTB_01",1000,Batch,Running,AutomationPilot,0.8257361,146.06361523981428,MissionCache,True,"","D:\Workspace\MM\FlightSim\FlightSimProject\Artifacts\FlightSimVerification\Missions\smoke-00001000\KTEX_EMERGENCY_RTB_01-00001000"
120.99000000002499,"smoke-00001000","KTEX_EMERGENCY_RTB_01-00001000","KTEX_EMERGENCY_RTB_01",1000,Batch,Running,AutomationPilot,0.82687309999999992,146.10464411047465,MissionCache,True,"","D:\Workspace\MM\FlightSim\FlightSimProject\Artifacts\FlightSimVerification\Missions\smoke-00001000\KTEX_EMERGENCY_RTB_01-00001000"
121.19000000002509,"smoke-00001000","KTEX_EMERGENCY_RTB_01-00001000","KTEX_EMERGENCY_RTB_01",1000,Batch,Running,AutomationPilot,0.8279814,146.15062608897375,MissionCache,True,"","D:\Workspace\MM\FlightSim\FlightSimProject\Artifacts\FlightSimVerification\Missions\smoke-00001000\KTEX_EMERGENCY_RTB_01-00001000"
121.3900000000252,"smoke-00001000","KTEX_EMERGENCY_RTB_01-00001000","KTEX_EMERGENCY_RTB_01",1000,Batch,Running,AutomationPilot,0.8292581,146.16679656192096,MissionCache,True,"","D:\Workspace\MM\FlightSim\FlightSimProject\Artifacts\FlightSimVerification\Missions\smoke-00001000\KTEX_EMERGENCY_RTB_01-00001000"
121.5900000000253,"smoke-00001000","KTEX_EMERGENCY_RTB_01-00001000","KTEX_EMERGENCY_RTB_01",1000,Batch,Running,AutomationPilot,0.83044219999999991,146.19921771801242,MissionCache,True,"","D:\Workspace\MM\FlightSim\FlightSimProject\Artifacts\FlightSimVerification\Missions\smoke-00001000\KTEX_EMERGENCY_RTB_01-00001000"
121.7900000000254,"smoke-00001000","KTEX_EMERGENCY_RTB_01-00001000","KTEX_EMERGENCY_RTB_01",1000,Batch,Running,AutomationPilot,0.83156279999999994,146.24271311802949,MissionCache,True,"","D:\Workspace\MM\FlightSim\FlightSimProject\Artifacts\FlightSimVerification\Missions\smoke-00001000\KTEX_EMERGENCY_RTB_01-00001000"
121.9900000000255,"smoke-00001000","KTEX_EMERGENCY_RTB_01-00001000","KTEX_EMERGENCY_RTB_01",1000,Batch,Running,AutomationPilot,0.8326787,146.28691715066736,MissionCache,True,"","D:\Workspace\MM\FlightSim\FlightSimProject\Artifacts\FlightSimVerification\Missions\smoke-00001000\KTEX_EMERGENCY_RTB_01-00001000"
122.19000000002561,"smoke-00001000","KTEX_EMERGENCY_RTB_01-00001000","KTEX_EMERGENCY_RTB_01",1000,Batch,Running,AutomationPilot,0.83380559999999992,146.32907238812683,MissionCache,True,"","D:\Workspace\MM\FlightSim\FlightSimProject\Artifacts\FlightSimVerification\Missions\smoke-00001000\KTEX_EMERGENCY_RTB_01-00001000"
122.39000000002571,"smoke-00001000","KTEX_EMERGENCY_RTB_01-00001000","KTEX_EMERGENCY_RTB_01",1000,Batch,Running,AutomationPilot,0.8349068,146.37561941048466,MissionCache,True,"","D:\Workspace\MM\FlightSim\FlightSimProject\Artifacts\FlightSimVerification\Missions\smoke-00001000\KTEX_EMERGENCY_RTB_01-00001000"
122.59000000002581,"smoke-00001000","KTEX_EMERGENCY_RTB_01-00001000","KTEX_EMERGENCY_RTB_01",1000,Batch,Running,AutomationPilot,0.8360261,146.418873764857,MissionCache,True,"","D:\Workspace\MM\FlightSim\FlightSimProject\Artifacts\FlightSimVerification\Missions\smoke-00001000\KTEX_EMERGENCY_RTB_01-00001000"
122.79000000002591,"smoke-00001000","KTEX_EMERGENCY_RTB_01-00001000","KTEX_EMERGENCY_RTB_01",1000,Batch,Running,AutomationPilot,0.83714559999999993,146.46197746249376,MissionCache,True,"","D:\Workspace\MM\FlightSim\FlightSimProject\Artifacts\FlightSimVerification\Missions\smoke-00001000\KTEX_EMERGENCY_RTB_01-00001000"
122.99000000002601,"smoke-00001000","KTEX_EMERGENCY_RTB_01-00001000","KTEX_EMERGENCY_RTB_01",1000,Batch,Running,AutomationPilot,0.83825659999999991,146.50645160446805,MissionCache,True,"","D:\Workspace\MM\FlightSim\FlightSimProject\Artifacts\FlightSimVerification\Missions\smoke-00001000\KTEX_EMERGENCY_RTB_01-00001000"
123.19000000002612,"smoke-00001000","KTEX_EMERGENCY_RTB_01-00001000","KTEX_EMERGENCY_RTB_01",1000,Batch,Running,AutomationPilot,0.840154,146.41363369099716,MissionCache,True,"","D:\Workspace\MM\FlightSim\FlightSimProject\Artifacts\FlightSimVerification\Missions\smoke-00001000\KTEX_EMERGENCY_RTB_01-00001000"
123.39000000002622,"smoke-00001000","KTEX_EMERGENCY_RTB_01-00001000","KTEX_EMERGENCY_RTB_01",1000,Batch,Running,AutomationPilot,0.8420198,146.32672533356833,MissionCache,True,"","D:\Workspace\MM\FlightSim\FlightSimProject\Artifacts\FlightSimVerification\Missions\smoke-00001000\KTEX_EMERGENCY_RTB_01-00001000"
123.59000000002632,"smoke-00001000","KTEX_EMERGENCY_RTB_01-00001000","KTEX_EMERGENCY_RTB_01",1000,Batch,Running,AutomationPilot,0.843962,146.22696282537157,MissionCache,True,"","D:\Workspace\MM\FlightSim\FlightSimProject\Artifacts\FlightSimVerification\Missions\smoke-00001000\KTEX_EMERGENCY_RTB_01-00001000"
123.79000000002642,"smoke-00001000","KTEX_EMERGENCY_RTB_01-00001000","KTEX_EMERGENCY_RTB_01",1000,Batch,Running,AutomationPilot,0.84600449999999994,146.11033392851496,MissionCache,True,"","D:\Workspace\MM\FlightSim\FlightSimProject\Artifacts\FlightSimVerification\Missions\smoke-00001000\KTEX_EMERGENCY_RTB_01-00001000"
123.99000000002653,"smoke-00001000","KTEX_EMERGENCY_RTB_01-00001000","KTEX_EMERGENCY_RTB_01",1000,Batch,Running,AutomationPilot,0.8474925,146.08978840523832,MissionCache,True,"","D:\Workspace\MM\FlightSim\FlightSimProject\Artifacts\FlightSimVerification\Missions\smoke-00001000\KTEX_EMERGENCY_RTB_01-00001000"
124.19000000002663,"smoke-00001000","KTEX_EMERGENCY_RTB_01-00001000","KTEX_EMERGENCY_RTB_01",1000,Batch,Running,AutomationPilot,0.84875859999999992,146.10750335846558,MissionCache,True,"","D:\Workspace\MM\FlightSim\FlightSimProject\Artifacts\FlightSimVerification\Missions\smoke-00001000\KTEX_EMERGENCY_RTB_01-00001000"
124.39000000002673,"smoke-00001000","KTEX_EMERGENCY_RTB_01-00001000","KTEX_EMERGENCY_RTB_01",1000,Batch,Running,AutomationPilot,0.84989359999999992,146.14770601876123,MissionCache,True,"","D:\Workspace\MM\FlightSim\FlightSimProject\Artifacts\FlightSimVerification\Missions\smoke-00001000\KTEX_EMERGENCY_RTB_01-00001000"
124.59000000002683,"smoke-00001000","KTEX_EMERGENCY_RTB_01-00001000","KTEX_EMERGENCY_RTB_01",1000,Batch,Running,AutomationPilot,0.8510175,146.18970820227167,MissionCache,True,"","D:\Workspace\MM\FlightSim\FlightSimProject\Artifacts\FlightSimVerification\Missions\smoke-00001000\KTEX_EMERGENCY_RTB_01-00001000"
124.79000000002694,"smoke-00001000","KTEX_EMERGENCY_RTB_01-00001000","KTEX_EMERGENCY_RTB_01",1000,Batch,Running,AutomationPilot,0.85216549999999991,146.22746403137285,MissionCache,True,"","D:\Workspace\MM\FlightSim\FlightSimProject\Artifacts\FlightSimVerification\Missions\smoke-00001000\KTEX_EMERGENCY_RTB_01-00001000"
124.99000000002704,"smoke-00001000","KTEX_EMERGENCY_RTB_01-00001000","KTEX_EMERGENCY_RTB_01",1000,Batch,Running,AutomationPilot,0.8532949,146.2683065374315,MissionCache,True,"","D:\Workspace\MM\FlightSim\FlightSimProject\Artifacts\FlightSimVerification\Missions\smoke-00001000\KTEX_EMERGENCY_RTB_01-00001000"
125.19000000002714,"smoke-00001000","KTEX_EMERGENCY_RTB_01-00001000","KTEX_EMERGENCY_RTB_01",1000,Batch,Running,AutomationPilot,0.8553657,146.14801598898231,MissionCache,True,"","D:\Workspace\MM\FlightSim\FlightSimProject\Artifacts\FlightSimVerification\Missions\smoke-00001000\KTEX_EMERGENCY_RTB_01-00001000"
125.39000000002724,"smoke-00001000","KTEX_EMERGENCY_RTB_01-00001000","KTEX_EMERGENCY_RTB_01",1000,Batch,Running,AutomationPilot,0.8565132,146.1857213642792,MissionCache,True,"","D:\Workspace\MM\FlightSim\FlightSimProject\Artifacts\FlightSimVerification\Missions\smoke-00001000\KTEX_EMERGENCY_RTB_01-00001000"
125.59000000002735,"smoke-00001000","KTEX_EMERGENCY_RTB_01-00001000","KTEX_EMERGENCY_RTB_01",1000,Batch,Running,AutomationPilot,0.85764639999999992,146.22576390459665,MissionCache,True,"","D:\Workspace\MM\FlightSim\FlightSimProject\Artifacts\FlightSimVerification\Missions\smoke-00001000\KTEX_EMERGENCY_RTB_01-00001000"
125.79000000002745,"smoke-00001000","KTEX_EMERGENCY_RTB_01-00001000","KTEX_EMERGENCY_RTB_01",1000,Batch,Running,AutomationPilot,0.8587785,146.26588811902877,MissionCache,True,"","D:\Workspace\MM\FlightSim\FlightSimProject\Artifacts\FlightSimVerification\Missions\smoke-00001000\KTEX_EMERGENCY_RTB_01-00001000"
125.99000000002755,"smoke-00001000","KTEX_EMERGENCY_RTB_01-00001000","KTEX_EMERGENCY_RTB_01",1000,Batch,Running,AutomationPilot,0.85992989999999991,146.30262303942155,MissionCache,True,"","D:\Workspace\MM\FlightSim\FlightSimProject\Artifacts\FlightSimVerification\Missions\smoke-00001000\KTEX_EMERGENCY_RTB_01-00001000"
126.19000000002765,"smoke-00001000","KTEX_EMERGENCY_RTB_01-00001000","KTEX_EMERGENCY_RTB_01",1000,Batch,Running,AutomationPilot,0.8611506,146.32748325325159,MissionCache,True,"","D:\Workspace\MM\FlightSim\FlightSimProject\Artifacts\FlightSimVerification\Missions\smoke-00001000\KTEX_EMERGENCY_RTB_01-00001000"
126.39000000002775,"smoke-00001000","KTEX_EMERGENCY_RTB_01-00001000","KTEX_EMERGENCY_RTB_01",1000,Batch,Running,AutomationPilot,0.8622818,146.36746362967148,MissionCache,True,"","D:\Workspace\MM\FlightSim\FlightSimProject\Artifacts\FlightSimVerification\Missions\smoke-00001000\KTEX_EMERGENCY_RTB_01-00001000"
126.59000000002786,"smoke-00001000","KTEX_EMERGENCY_RTB_01-00001000","KTEX_EMERGENCY_RTB_01",1000,Batch,Running,AutomationPilot,0.86340739999999994,146.40828883332222,MissionCache,True,"","D:\Workspace\MM\FlightSim\FlightSimProject\Artifacts\FlightSimVerification\Missions\smoke-00001000\KTEX_EMERGENCY_RTB_01-00001000"
126.79000000002796,"smoke-00001000","KTEX_EMERGENCY_RTB_01-00001000","KTEX_EMERGENCY_RTB_01",1000,Batch,Running,AutomationPilot,0.8645505,146.44604334857,MissionCache,True,"","D:\Workspace\MM\FlightSim\FlightSimProject\Artifacts\FlightSimVerification\Missions\smoke-00001000\KTEX_EMERGENCY_RTB_01-00001000"
126.99000000002806,"smoke-00001000","KTEX_EMERGENCY_RTB_01-00001000","KTEX_EMERGENCY_RTB_01",1000,Batch,Running,AutomationPilot,0.865722,146.47889276237402,MissionCache,True,"","D:\Workspace\MM\FlightSim\FlightSimProject\Artifacts\FlightSimVerification\Missions\smoke-00001000\KTEX_EMERGENCY_RTB_01-00001000"
127.19000000002816,"smoke-00001000","KTEX_EMERGENCY_RTB_01-00001000","KTEX_EMERGENCY_RTB_01",1000,Batch,Running,AutomationPilot,0.8668456,146.51974930717543,MissionCache,True,"","D:\Workspace\MM\FlightSim\FlightSimProject\Artifacts\FlightSimVerification\Missions\smoke-00001000\KTEX_EMERGENCY_RTB_01-00001000"
127.39000000002827,"smoke-00001000","KTEX_EMERGENCY_RTB_01-00001000","KTEX_EMERGENCY_RTB_01",1000,Batch,Running,AutomationPilot,0.8680327,146.54977859708302,MissionCache,True,"","D:\Workspace\MM\FlightSim\FlightSimProject\Artifacts\FlightSimVerification\Missions\smoke-00001000\KTEX_EMERGENCY_RTB_01-00001000"
127.59000000002837,"smoke-00001000","KTEX_EMERGENCY_RTB_01-00001000","KTEX_EMERGENCY_RTB_01",1000,Batch,Running,AutomationPilot,0.8693131,146.5639940316421,MissionCache,True,"","D:\Workspace\MM\FlightSim\FlightSimProject\Artifacts\FlightSimVerification\Missions\smoke-00001000\KTEX_EMERGENCY_RTB_01-00001000"
127.79000000002847,"smoke-00001000","KTEX_EMERGENCY_RTB_01-00001000","KTEX_EMERGENCY_RTB_01",1000,Batch,Running,AutomationPilot,0.87043589999999993,146.60470690607821,MissionCache,True,"","D:\Workspace\MM\FlightSim\FlightSimProject\Artifacts\FlightSimVerification\Missions\smoke-00001000\KTEX_EMERGENCY_RTB_01-00001000"
127.99000000002857,"smoke-00001000","KTEX_EMERGENCY_RTB_01-00001000","KTEX_EMERGENCY_RTB_01",1000,Batch,Running,AutomationPilot,0.87162679999999992,146.63385751795207,MissionCache,True,"","D:\Workspace\MM\FlightSim\FlightSimProject\Artifacts\FlightSimVerification\Missions\smoke-00001000\KTEX_EMERGENCY_RTB_01-00001000"
128.19000000002839,"smoke-00001000","KTEX_EMERGENCY_RTB_01-00001000","KTEX_EMERGENCY_RTB_01",1000,Batch,Running,AutomationPilot,0.87293919999999992,146.64251530923181,MissionCache,True,"","D:\Workspace\MM\FlightSim\FlightSimProject\Artifacts\FlightSimVerification\Missions\smoke-00001000\KTEX_EMERGENCY_RTB_01-00001000"
128.39000000002821,"smoke-00001000","KTEX_EMERGENCY_RTB_01-00001000","KTEX_EMERGENCY_RTB_01",1000,Batch,Running,AutomationPilot,0.87408559999999991,146.67899802951609,MissionCache,True,"","D:\Workspace\MM\FlightSim\FlightSimProject\Artifacts\FlightSimVerification\Missions\smoke-00001000\KTEX_EMERGENCY_RTB_01-00001000"
128.59000000002803,"smoke-00001000","KTEX_EMERGENCY_RTB_01-00001000","KTEX_EMERGENCY_RTB_01",1000,Batch,Running,AutomationPilot,0.875209,146.71924077566408,MissionCache,True,"","D:\Workspace\MM\FlightSim\FlightSimProject\Artifacts\FlightSimVerification\Missions\smoke-00001000\KTEX_EMERGENCY_RTB_01-00001000"
128.79000000002785,"smoke-00001000","KTEX_EMERGENCY_RTB_01-00001000","KTEX_EMERGENCY_RTB_01",1000,Batch,Running,AutomationPilot,0.87644479999999991,146.740559131651,MissionCache,True,"","D:\Workspace\MM\FlightSim\FlightSimProject\Artifacts\FlightSimVerification\Missions\smoke-00001000\KTEX_EMERGENCY_RTB_01-00001000"
128.99000000002766,"smoke-00001000","KTEX_EMERGENCY_RTB_01-00001000","KTEX_EMERGENCY_RTB_01",1000,Batch,Running,AutomationPilot,0.87766179999999994,146.76496117300289,MissionCache,True,"","D:\Workspace\MM\FlightSim\FlightSimProject\Artifacts\FlightSimVerification\Missions\smoke-00001000\KTEX_EMERGENCY_RTB_01-00001000"
129.19000000002748,"smoke-00001000","KTEX_EMERGENCY_RTB_01-00001000","KTEX_EMERGENCY_RTB_01",1000,Batch,Running,AutomationPilot,0.8788844,146.78836033501977,MissionCache,True,"","D:\Workspace\MM\FlightSim\FlightSimProject\Artifacts\FlightSimVerification\Missions\smoke-00001000\KTEX_EMERGENCY_RTB_01-00001000"
129.3900000000273,"smoke-00001000","KTEX_EMERGENCY_RTB_01-00001000","KTEX_EMERGENCY_RTB_01",1000,Batch,Running,AutomationPilot,0.8809227,146.67575259444158,MissionCache,True,"","D:\Workspace\MM\FlightSim\FlightSimProject\Artifacts\FlightSimVerification\Missions\smoke-00001000\KTEX_EMERGENCY_RTB_01-00001000"
129.59000000002712,"smoke-00001000","KTEX_EMERGENCY_RTB_01-00001000","KTEX_EMERGENCY_RTB_01",1000,Batch,Running,AutomationPilot,0.88204779999999994,146.71540476607649,MissionCache,True,"","D:\Workspace\MM\FlightSim\FlightSimProject\Artifacts\FlightSimVerification\Missions\smoke-00001000\KTEX_EMERGENCY_RTB_01-00001000"
129.79000000002694,"smoke-00001000","KTEX_EMERGENCY_RTB_01-00001000","KTEX_EMERGENCY_RTB_01",1000,Batch,Running,AutomationPilot,0.88314839999999994,146.75902713522112,MissionCache,True,"","D:\Workspace\MM\FlightSim\FlightSimProject\Artifacts\FlightSimVerification\Missions\smoke-00001000\KTEX_EMERGENCY_RTB_01-00001000"
129.99000000002675,"smoke-00001000","KTEX_EMERGENCY_RTB_01-00001000","KTEX_EMERGENCY_RTB_01",1000,Batch,Running,AutomationPilot,0.88429819999999992,146.79437321033438,MissionCache,True,"","D:\Workspace\MM\FlightSim\FlightSimProject\Artifacts\FlightSimVerification\Missions\smoke-00001000\KTEX_EMERGENCY_RTB_01-00001000"
130.19000000002657,"smoke-00001000","KTEX_EMERGENCY_RTB_01-00001000","KTEX_EMERGENCY_RTB_01",1000,Batch,Running,AutomationPilot,0.88540279999999993,146.83712317154038,MissionCache,True,"","D:\Workspace\MM\FlightSim\FlightSimProject\Artifacts\FlightSimVerification\Missions\smoke-00001000\KTEX_EMERGENCY_RTB_01-00001000"
130.39000000002639,"smoke-00001000","KTEX_EMERGENCY_RTB_01-00001000","KTEX_EMERGENCY_RTB_01",1000,Batch,Running,AutomationPilot,0.8865153,146.8784577096713,MissionCache,True,"","D:\Workspace\MM\FlightSim\FlightSimProject\Artifacts\FlightSimVerification\Missions\smoke-00001000\KTEX_EMERGENCY_RTB_01-00001000"
130.59000000002621,"smoke-00001000","KTEX_EMERGENCY_RTB_01-00001000","KTEX_EMERGENCY_RTB_01",1000,Batch,Running,AutomationPilot,0.88761839999999992,146.92124453484334,MissionCache,True,"","D:\Workspace\MM\FlightSim\FlightSimProject\Artifacts\FlightSimVerification\Missions\smoke-00001000\KTEX_EMERGENCY_RTB_01-00001000"
130.79000000002603,"smoke-00001000","KTEX_EMERGENCY_RTB_01-00001000","KTEX_EMERGENCY_RTB_01",1000,Batch,Running,AutomationPilot,0.8889378,146.92816527773505,MissionCache,True,"","D:\Workspace\MM\FlightSim\FlightSimProject\Artifacts\FlightSimVerification\Missions\smoke-00001000\KTEX_EMERGENCY_RTB_01-00001000"
130.99000000002584,"smoke-00001000","KTEX_EMERGENCY_RTB_01-00001000","KTEX_EMERGENCY_RTB_01",1000,Batch,Running,AutomationPilot,0.8901256,146.95678901946647,MissionCache,True,"","D:\Workspace\MM\FlightSim\FlightSimProject\Artifacts\FlightSimVerification\Missions\smoke-00001000\KTEX_EMERGENCY_RTB_01-00001000"
131.19000000002566,"smoke-00001000","KTEX_EMERGENCY_RTB_01-00001000","KTEX_EMERGENCY_RTB_01",1000,Batch,Running,AutomationPilot,0.8912684,146.99275773720444,MissionCache,True,"","D:\Workspace\MM\FlightSim\FlightSimProject\Artifacts\FlightSimVerification\Missions\smoke-00001000\KTEX_EMERGENCY_RTB_01-00001000"
131.39000000002548,"smoke-00001000","KTEX_EMERGENCY_RTB_01-00001000","KTEX_EMERGENCY_RTB_01",1000,Batch,Running,AutomationPilot,0.8924685,147.0191945150172,MissionCache,True,"","D:\Workspace\MM\FlightSim\FlightSimProject\Artifacts\FlightSimVerification\Missions\smoke-00001000\KTEX_EMERGENCY_RTB_01-00001000"
131.5900000000253,"smoke-00001000","KTEX_EMERGENCY_RTB_01-00001000","KTEX_EMERGENCY_RTB_01",1000,Batch,Running,AutomationPilot,0.8936117,147.05492329613125,MissionCache,True,"","D:\Workspace\MM\FlightSim\FlightSimProject\Artifacts\FlightSimVerification\Missions\smoke-00001000\KTEX_EMERGENCY_RTB_01-00001000"
131.79000000002512,"smoke-00001000","KTEX_EMERGENCY_RTB_01-00001000","KTEX_EMERGENCY_RTB_01",1000,Batch,Running,AutomationPilot,0.8947204,147.09623252138354,MissionCache,True,"","D:\Workspace\MM\FlightSim\FlightSimProject\Artifacts\FlightSimVerification\Missions\smoke-00001000\KTEX_EMERGENCY_RTB_01-00001000"
131.99000000002493,"smoke-00001000","KTEX_EMERGENCY_RTB_01-00001000","KTEX_EMERGENCY_RTB_01",1000,Batch,Running,AutomationPilot,0.8958453,147.13477873916969,MissionCache,True,"","D:\Workspace\MM\FlightSim\FlightSimProject\Artifacts\FlightSimVerification\Missions\smoke-00001000\KTEX_EMERGENCY_RTB_01-00001000"
132.19000000002475,"smoke-00001000","KTEX_EMERGENCY_RTB_01-00001000","KTEX_EMERGENCY_RTB_01",1000,Batch,Running,AutomationPilot,0.8969647,147.17413070996543,MissionCache,True,"","D:\Workspace\MM\FlightSim\FlightSimProject\Artifacts\FlightSimVerification\Missions\smoke-00001000\KTEX_EMERGENCY_RTB_01-00001000"
132.39000000002457,"smoke-00001000","KTEX_EMERGENCY_RTB_01-00001000","KTEX_EMERGENCY_RTB_01",1000,Batch,Running,AutomationPilot,0.89808409999999994,147.2133845817165,MissionCache,True,"","D:\Workspace\MM\FlightSim\FlightSimProject\Artifacts\FlightSimVerification\Missions\smoke-00001000\KTEX_EMERGENCY_RTB_01-00001000"
132.59000000002439,"smoke-00001000","KTEX_EMERGENCY_RTB_01-00001000","KTEX_EMERGENCY_RTB_01",1000,Batch,Running,AutomationPilot,0.8992232,147.24931474190674,MissionCache,True,"","D:\Workspace\MM\FlightSim\FlightSimProject\Artifacts\FlightSimVerification\Missions\smoke-00001000\KTEX_EMERGENCY_RTB_01-00001000"
132.79000000002421,"smoke-00001000","KTEX_EMERGENCY_RTB_01-00001000","KTEX_EMERGENCY_RTB_01",1000,Batch,Running,AutomationPilot,0.90043429999999991,147.27337685828314,MissionCache,True,"","D:\Workspace\MM\FlightSim\FlightSimProject\Artifacts\FlightSimVerification\Missions\smoke-00001000\KTEX_EMERGENCY_RTB_01-00001000"
132.99000000002403,"smoke-00001000","KTEX_EMERGENCY_RTB_01-00001000","KTEX_EMERGENCY_RTB_01",1000,Batch,Running,AutomationPilot,0.90157219999999993,147.30933362854822,MissionCache,True,"","D:\Workspace\MM\FlightSim\FlightSimProject\Artifacts\FlightSimVerification\Missions\smoke-00001000\KTEX_EMERGENCY_RTB_01-00001000"
133.19000000002384,"smoke-00001000","KTEX_EMERGENCY_RTB_01-00001000","KTEX_EMERGENCY_RTB_01",1000,Batch,Running,AutomationPilot,0.90273059999999994,147.34185370477527,MissionCache,True,"","D:\Workspace\MM\FlightSim\FlightSimProject\Artifacts\FlightSimVerification\Missions\smoke-00001000\KTEX_EMERGENCY_RTB_01-00001000"
133.39000000002366,"smoke-00001000","KTEX_EMERGENCY_RTB_01-00001000","KTEX_EMERGENCY_RTB_01",1000,Batch,Running,AutomationPilot,0.9038506,147.3805516088874,MissionCache,True,"","D:\Workspace\MM\FlightSim\FlightSimProject\Artifacts\FlightSimVerification\Missions\smoke-00001000\KTEX_EMERGENCY_RTB_01-00001000"
133.59000000002348,"smoke-00001000","KTEX_EMERGENCY_RTB_01-00001000","KTEX_EMERGENCY_RTB_01",1000,Batch,Running,AutomationPilot,0.9060399,147.24517099084008,MissionCache,True,"","D:\Workspace\MM\FlightSim\FlightSimProject\Artifacts\FlightSimVerification\Missions\smoke-00001000\KTEX_EMERGENCY_RTB_01-00001000"
133.7900000000233,"smoke-00001000","KTEX_EMERGENCY_RTB_01-00001000","KTEX_EMERGENCY_RTB_01",1000,Batch,Running,AutomationPilot,0.9071716,147.28194753894795,MissionCache,True,"","D:\Workspace\MM\FlightSim\FlightSimProject\Artifacts\FlightSimVerification\Missions\smoke-00001000\KTEX_EMERGENCY_RTB_01-00001000"
133.99000000002312,"smoke-00001000","KTEX_EMERGENCY_RTB_01-00001000","KTEX_EMERGENCY_RTB_01",1000,Batch,Running,AutomationPilot,0.90841739999999993,147.3001287734287,MissionCache,True,"","D:\Workspace\MM\FlightSim\FlightSimProject\Artifacts\FlightSimVerification\Missions\smoke-00001000\KTEX_EMERGENCY_RTB_01-00001000"
134.19000000002293,"smoke-00001000","KTEX_EMERGENCY_RTB_01-00001000","KTEX_EMERGENCY_RTB_01",1000,Batch,Running,AutomationPilot,0.909555,147.33578508174116,MissionCache,True,"","D:\Workspace\MM\FlightSim\FlightSimProject\Artifacts\FlightSimVerification\Missions\smoke-00001000\KTEX_EMERGENCY_RTB_01-00001000"
134.39000000002275,"smoke-00001000","KTEX_EMERGENCY_RTB_01-00001000","KTEX_EMERGENCY_RTB_01",1000,Batch,Running,AutomationPilot,0.9106903,147.37172450395369,MissionCache,True,"","D:\Workspace\MM\FlightSim\FlightSimProject\Artifacts\FlightSimVerification\Missions\smoke-00001000\KTEX_EMERGENCY_RTB_01-00001000"
134.59000000002257,"smoke-00001000","KTEX_EMERGENCY_RTB_01-00001000","KTEX_EMERGENCY_RTB_01",1000,Batch,Running,AutomationPilot,0.91183779999999992,147.4056021805882,MissionCache,True,"","D:\Workspace\MM\FlightSim\FlightSimProject\Artifacts\FlightSimVerification\Missions\smoke-00001000\KTEX_EMERGENCY_RTB_01-00001000"
134.79000000002239,"smoke-00001000","KTEX_EMERGENCY_RTB_01-00001000","KTEX_EMERGENCY_RTB_01",1000,Batch,Running,AutomationPilot,0.91298629999999992,147.43923320648136,MissionCache,True,"","D:\Workspace\MM\FlightSim\FlightSimProject\Artifacts\FlightSimVerification\Missions\smoke-00001000\KTEX_EMERGENCY_RTB_01-00001000"
134.99000000002221,"smoke-00001000","KTEX_EMERGENCY_RTB_01-00001000","KTEX_EMERGENCY_RTB_01",1000,Batch,Running,AutomationPilot,0.9141302,147.47352182437729,MissionCache,True,"","D:\Workspace\MM\FlightSim\FlightSimProject\Artifacts\FlightSimVerification\Missions\smoke-00001000\KTEX_EMERGENCY_RTB_01-00001000"
135.19000000002202,"smoke-00001000","KTEX_EMERGENCY_RTB_01-00001000","KTEX_EMERGENCY_RTB_01",1000,Batch,Running,AutomationPilot,0.9152456,147.51231800515859,MissionCache,True,"","D:\Workspace\MM\FlightSim\FlightSimProject\Artifacts\FlightSimVerification\Missions\smoke-00001000\KTEX_EMERGENCY_RTB_01-00001000"
135.39000000002184,"smoke-00001000","KTEX_EMERGENCY_RTB_01-00001000","KTEX_EMERGENCY_RTB_01",1000,Batch,Running,AutomationPilot,0.9163909,147.54620544575684,MissionCache,True,"","D:\Workspace\MM\FlightSim\FlightSimProject\Artifacts\FlightSimVerification\Missions\smoke-00001000\KTEX_EMERGENCY_RTB_01-00001000"
135.59000000002166,"smoke-00001000","KTEX_EMERGENCY_RTB_01-00001000","KTEX_EMERGENCY_RTB_01",1000,Batch,Running,AutomationPilot,0.9175352,147.58016913140969,MissionCache,True,"","D:\Workspace\MM\FlightSim\FlightSimProject\Artifacts\FlightSimVerification\Missions\smoke-00001000\KTEX_EMERGENCY_RTB_01-00001000"
135.79000000002148,"smoke-00001000","KTEX_EMERGENCY_RTB_01-00001000","KTEX_EMERGENCY_RTB_01",1000,Batch,Running,AutomationPilot,0.91867689999999991,147.61446597821461,MissionCache,True,"","D:\Workspace\MM\FlightSim\FlightSimProject\Artifacts\FlightSimVerification\Missions\smoke-00001000\KTEX_EMERGENCY_RTB_01-00001000"
135.9900000000213,"smoke-00001000","KTEX_EMERGENCY_RTB_01-00001000","KTEX_EMERGENCY_RTB_01",1000,Batch,Running,AutomationPilot,0.91981289999999993,147.64959265087657,MissionCache,True,"","D:\Workspace\MM\FlightSim\FlightSimProject\Artifacts\FlightSimVerification\Missions\smoke-00001000\KTEX_EMERGENCY_RTB_01-00001000"
136.19000000002112,"smoke-00001000","KTEX_EMERGENCY_RTB_01-00001000","KTEX_EMERGENCY_RTB_01",1000,Batch,Running,AutomationPilot,0.9210075,147.67523608659135,MissionCache,True,"","D:\Workspace\MM\FlightSim\FlightSimProject\Artifacts\FlightSimVerification\Missions\smoke-00001000\KTEX_EMERGENCY_RTB_01-00001000"
136.39000000002093,"smoke-00001000","KTEX_EMERGENCY_RTB_01-00001000","KTEX_EMERGENCY_RTB_01",1000,Batch,Running,AutomationPilot,0.9221554,147.70829298404706,MissionCache,True,"","D:\Workspace\MM\FlightSim\FlightSimProject\Artifacts\FlightSimVerification\Missions\smoke-00001000\KTEX_EMERGENCY_RTB_01-00001000"
136.59000000002075,"smoke-00001000","KTEX_EMERGENCY_RTB_01-00001000","KTEX_EMERGENCY_RTB_01",1000,Batch,Running,AutomationPilot,0.9236997,147.67786543615952,MissionCache,True,"","D:\Workspace\MM\FlightSim\FlightSimProject\Artifacts\FlightSimVerification\Missions\smoke-00001000\KTEX_EMERGENCY_RTB_01-00001000"
136.79000000002057,"smoke-00001000","KTEX_EMERGENCY_RTB_01-00001000","KTEX_EMERGENCY_RTB_01",1000,Batch,Running,AutomationPilot,0.92484269999999991,147.71160544384549,MissionCache,True,"","D:\Workspace\MM\FlightSim\FlightSimProject\Artifacts\FlightSimVerification\Missions\smoke-00001000\KTEX_EMERGENCY_RTB_01-00001000"
136.99000000002039,"smoke-00001000","KTEX_EMERGENCY_RTB_01-00001000","KTEX_EMERGENCY_RTB_01",1000,Batch,Running,AutomationPilot,0.92596729999999994,147.74819801954189,MissionCache,True,"","D:\Workspace\MM\FlightSim\FlightSimProject\Artifacts\FlightSimVerification\Missions\smoke-00001000\KTEX_EMERGENCY_RTB_01-00001000"
137.19000000002021,"smoke-00001000","KTEX_EMERGENCY_RTB_01-00001000","KTEX_EMERGENCY_RTB_01",1000,Batch,Running,AutomationPilot,0.9270742,147.78752337193762,MissionCache,True,"","D:\Workspace\MM\FlightSim\FlightSimProject\Artifacts\FlightSimVerification\Missions\smoke-00001000\KTEX_EMERGENCY_RTB_01-00001000"
137.39000000002002,"smoke-00001000","KTEX_EMERGENCY_RTB_01-00001000","KTEX_EMERGENCY_RTB_01",1000,Batch,Running,AutomationPilot,0.928249,147.81594162775309,MissionCache,True,"","D:\Workspace\MM\FlightSim\FlightSimProject\Artifacts\FlightSimVerification\Missions\smoke-00001000\KTEX_EMERGENCY_RTB_01-00001000"
137.59000000001984,"smoke-00001000","KTEX_EMERGENCY_RTB_01-00001000","KTEX_EMERGENCY_RTB_01",1000,Batch,Running,AutomationPilot,0.929589,147.81801419769383,MissionCache,True,"","D:\Workspace\MM\FlightSim\FlightSimProject\Artifacts\FlightSimVerification\Missions\smoke-00001000\KTEX_EMERGENCY_RTB_01-00001000"
137.79000000001966,"smoke-00001000","KTEX_EMERGENCY_RTB_01-00001000","KTEX_EMERGENCY_RTB_01",1000,Batch,Running,AutomationPilot,0.93362349999999994,147.39346213973818,MissionCache,True,"","D:\Workspace\MM\FlightSim\FlightSimProject\Artifacts\FlightSimVerification\Missions\smoke-00001000\KTEX_EMERGENCY_RTB_01-00001000"
137.99000000001948,"smoke-00001000","KTEX_EMERGENCY_RTB_01-00001000","KTEX_EMERGENCY_RTB_01",1000,Batch,Running,AutomationPilot,0.93474059999999992,147.43127665581196,MissionCache,True,"","D:\Workspace\MM\FlightSim\FlightSimProject\Artifacts\FlightSimVerification\Missions\smoke-00001000\KTEX_EMERGENCY_RTB_01-00001000"
138.1900000000193,"smoke-00001000","KTEX_EMERGENCY_RTB_01-00001000","KTEX_EMERGENCY_RTB_01",1000,Batch,Running,AutomationPilot,0.9358603,147.46859119894225,MissionCache,True,"","D:\Workspace\MM\FlightSim\FlightSimProject\Artifacts\FlightSimVerification\Missions\smoke-00001000\KTEX_EMERGENCY_RTB_01-00001000"
138.39000000001911,"smoke-00001000","KTEX_EMERGENCY_RTB_01-00001000","KTEX_EMERGENCY_RTB_01",1000,Batch,Running,AutomationPilot,0.93697469999999994,147.50665092666782,MissionCache,True,"","D:\Workspace\MM\FlightSim\FlightSimProject\Artifacts\FlightSimVerification\Missions\smoke-00001000\KTEX_EMERGENCY_RTB_01-00001000"
138.59000000001893,"smoke-00001000","KTEX_EMERGENCY_RTB_01-00001000","KTEX_EMERGENCY_RTB_01",1000,Batch,Running,AutomationPilot,0.9380773,147.54647618060804,MissionCache,True,"","D:\Workspace\MM\FlightSim\FlightSimProject\Artifacts\FlightSimVerification\Missions\smoke-00001000\KTEX_EMERGENCY_RTB_01-00001000"
138.79000000001875,"smoke-00001000","KTEX_EMERGENCY_RTB_01-00001000","KTEX_EMERGENCY_RTB_01",1000,Batch,Running,AutomationPilot,0.9394132,147.54955540332935,MissionCache,True,"","D:\Workspace\MM\FlightSim\FlightSimProject\Artifacts\FlightSimVerification\Missions\smoke-00001000\KTEX_EMERGENCY_RTB_01-00001000"
138.99000000001857,"smoke-00001000","KTEX_EMERGENCY_RTB_01-00001000","KTEX_EMERGENCY_RTB_01",1000,Batch,Running,AutomationPilot,0.9405349,147.58622992088729,MissionCache,True,"","D:\Workspace\MM\FlightSim\FlightSimProject\Artifacts\FlightSimVerification\Missions\smoke-00001000\KTEX_EMERGENCY_RTB_01-00001000"
139.19000000001839,"smoke-00001000","KTEX_EMERGENCY_RTB_01-00001000","KTEX_EMERGENCY_RTB_01",1000,Batch,Running,AutomationPilot,0.9416582,147.62256623477452,MissionCache,True,"","D:\Workspace\MM\FlightSim\FlightSimProject\Artifacts\FlightSimVerification\Missions\smoke-00001000\KTEX_EMERGENCY_RTB_01-00001000"
139.3900000000182,"smoke-00001000","KTEX_EMERGENCY_RTB_01-00001000","KTEX_EMERGENCY_RTB_01",1000,Batch,Running,AutomationPilot,0.94282499999999991,147.65200328801038,MissionCache,True,"","D:\Workspace\MM\FlightSim\FlightSimProject\Artifacts\FlightSimVerification\Missions\smoke-00001000\KTEX_EMERGENCY_RTB_01-00001000"
139.59000000001802,"smoke-00001000","KTEX_EMERGENCY_RTB_01-00001000","KTEX_EMERGENCY_RTB_01",1000,Batch,Running,AutomationPilot,0.9439487,147.68811059331739,MissionCache,True,"","D:\Workspace\MM\FlightSim\FlightSimProject\Artifacts\FlightSimVerification\Missions\smoke-00001000\KTEX_EMERGENCY_RTB_01-00001000"
139.79000000001784,"smoke-00001000","KTEX_EMERGENCY_RTB_01-00001000","KTEX_EMERGENCY_RTB_01",1000,Batch,Running,AutomationPilot,0.9450468,147.72813367551535,MissionCache,True,"","D:\Workspace\MM\FlightSim\FlightSimProject\Artifacts\FlightSimVerification\Missions\smoke-00001000\KTEX_EMERGENCY_RTB_01-00001000"
139.99000000001766,"smoke-00001000","KTEX_EMERGENCY_RTB_01-00001000","KTEX_EMERGENCY_RTB_01",1000,Batch,Running,AutomationPilot,0.9461394,147.76892284584895,MissionCache,True,"","D:\Workspace\MM\FlightSim\FlightSimProject\Artifacts\FlightSimVerification\Missions\smoke-00001000\KTEX_EMERGENCY_RTB_01-00001000"
140.19000000001748,"smoke-00001000","KTEX_EMERGENCY_RTB_01-00001000","KTEX_EMERGENCY_RTB_01",1000,Batch,Running,AutomationPilot,0.9472452,147.80755816975122,MissionCache,True,"","D:\Workspace\MM\FlightSim\FlightSimProject\Artifacts\FlightSimVerification\Missions\smoke-00001000\KTEX_EMERGENCY_RTB_01-00001000"
140.3900000000173,"smoke-00001000","KTEX_EMERGENCY_RTB_01-00001000","KTEX_EMERGENCY_RTB_01",1000,Batch,Running,AutomationPilot,0.94843079999999991,147.83366377390684,MissionCache,True,"","D:\Workspace\MM\FlightSim\FlightSimProject\Artifacts\FlightSimVerification\Missions\smoke-00001000\KTEX_EMERGENCY_RTB_01-00001000"
140.59000000001711,"smoke-00001000","KTEX_EMERGENCY_RTB_01-00001000","KTEX_EMERGENCY_RTB_01",1000,Batch,Running,AutomationPilot,0.9503784999999999,147.74113682076907,MissionCache,True,"","D:\Workspace\MM\FlightSim\FlightSimProject\Artifacts\FlightSimVerification\Missions\smoke-00001000\KTEX_EMERGENCY_RTB_01-00001000"
140.79000000001693,"smoke-00001000","KTEX_EMERGENCY_RTB_01-00001000","KTEX_EMERGENCY_RTB_01",1000,Batch,Running,AutomationPilot,0.95223779999999991,147.66269517973043,MissionCache,True,"","D:\Workspace\MM\FlightSim\FlightSimProject\Artifacts\FlightSimVerification\Missions\smoke-00001000\KTEX_EMERGENCY_RTB_01-00001000"
140.99000000001675,"smoke-00001000","KTEX_EMERGENCY_RTB_01-00001000","KTEX_EMERGENCY_RTB_01",1000,Batch,Running,AutomationPilot,0.9540325,147.59455259649636,MissionCache,True,"","D:\Workspace\MM\FlightSim\FlightSimProject\Artifacts\FlightSimVerification\Missions\smoke-00001000\KTEX_EMERGENCY_RTB_01-00001000"
141.19000000001657,"smoke-00001000","KTEX_EMERGENCY_RTB_01-00001000","KTEX_EMERGENCY_RTB_01",1000,Batch,Running,AutomationPilot,0.9551771,147.62707355527758,MissionCache,True,"","D:\Workspace\MM\FlightSim\FlightSimProject\Artifacts\FlightSimVerification\Missions\smoke-00001000\KTEX_EMERGENCY_RTB_01-00001000"
141.39000000001639,"smoke-00001000","KTEX_EMERGENCY_RTB_01-00001000","KTEX_EMERGENCY_RTB_01",1000,Batch,Running,AutomationPilot,0.9563573,147.65402010317331,MissionCache,True,"","D:\Workspace\MM\FlightSim\FlightSimProject\Artifacts\FlightSimVerification\Missions\smoke-00001000\KTEX_EMERGENCY_RTB_01-00001000"
141.5900000000162,"smoke-00001000","KTEX_EMERGENCY_RTB_01-00001000","KTEX_EMERGENCY_RTB_01",1000,Batch,Running,AutomationPilot,0.9574746,147.69060192303417,MissionCache,True,"","D:\Workspace\MM\FlightSim\FlightSimProject\Artifacts\FlightSimVerification\Missions\smoke-00001000\KTEX_EMERGENCY_RTB_01-00001000"
141.79000000001602,"smoke-00001000","KTEX_EMERGENCY_RTB_01-00001000","KTEX_EMERGENCY_RTB_01",1000,Batch,Running,AutomationPilot,0.9588584,147.68603998256279,MissionCache,True,"","D:\Workspace\MM\FlightSim\FlightSimProject\Artifacts\FlightSimVerification\Missions\smoke-00001000\KTEX_EMERGENCY_RTB_01-00001000"
141.99000000001584,"smoke-00001000","KTEX_EMERGENCY_RTB_01-00001000","KTEX_EMERGENCY_RTB_01",1000,Batch,Running,AutomationPilot,0.9617532,147.44947040469012,MissionCache,True,"","D:\Workspace\MM\FlightSim\FlightSimProject\Artifacts\FlightSimVerification\Missions\smoke-00001000\KTEX_EMERGENCY_RTB_01-00001000"
142.19000000001566,"smoke-00001000","KTEX_EMERGENCY_RTB_01-00001000","KTEX_EMERGENCY_RTB_01",1000,Batch,Running,AutomationPilot,0.9629491,147.474046135996,MissionCache,True,"","D:\Workspace\MM\FlightSim\FlightSimProject\Artifacts\FlightSimVerification\Missions\smoke-00001000\KTEX_EMERGENCY_RTB_01-00001000"
142.39000000001548,"smoke-00001000","KTEX_EMERGENCY_RTB_01-00001000","KTEX_EMERGENCY_RTB_01",1000,Batch,Running,AutomationPilot,0.964081,147.50835251396475,MissionCache,True,"","D:\Workspace\MM\FlightSim\FlightSimProject\Artifacts\FlightSimVerification\Missions\smoke-00001000\KTEX_EMERGENCY_RTB_01-00001000"
142.59000000001529,"smoke-00001000","KTEX_EMERGENCY_RTB_01-00001000","KTEX_EMERGENCY_RTB_01",1000,Batch,Running,AutomationPilot,0.9652554,147.53608216024014,MissionCache,True,"","D:\Workspace\MM\FlightSim\FlightSimProject\Artifacts\FlightSimVerification\Missions\smoke-00001000\KTEX_EMERGENCY_RTB_01-00001000"
142.79000000001511,"smoke-00001000","KTEX_EMERGENCY_RTB_01-00001000","KTEX_EMERGENCY_RTB_01",1000,Batch,Running,AutomationPilot,0.9665047,147.55230885066081,MissionCache,True,"","D:\Workspace\MM\FlightSim\FlightSimProject\Artifacts\FlightSimVerification\Missions\smoke-00001000\KTEX_EMERGENCY_RTB_01-00001000"
142.99000000001493,"smoke-00001000","KTEX_EMERGENCY_RTB_01-00001000","KTEX_EMERGENCY_RTB_01",1000,Batch,Running,AutomationPilot,0.9686203,147.436513564722,MissionCache,True,"","D:\Workspace\MM\FlightSim\FlightSimProject\Artifacts\FlightSimVerification\Missions\smoke-00001000\KTEX_EMERGENCY_RTB_01-00001000"
143.19000000001475,"smoke-00001000","KTEX_EMERGENCY_RTB_01-00001000","KTEX_EMERGENCY_RTB_01",1000,Batch,Running,AutomationPilot,0.97024349999999993,147.39598873892473,MissionCache,True,"","D:\Workspace\MM\FlightSim\FlightSimProject\Artifacts\FlightSimVerification\Missions\smoke-00001000\KTEX_EMERGENCY_RTB_01-00001000"
143.39000000001457,"smoke-00001000","KTEX_EMERGENCY_RTB_01-00001000","KTEX_EMERGENCY_RTB_01",1000,Batch,Running,AutomationPilot,0.971499,147.41137149911088,MissionCache,True,"","D:\Workspace\MM\FlightSim\FlightSimProject\Artifacts\FlightSimVerification\Missions\smoke-00001000\KTEX_EMERGENCY_RTB_01-00001000"
143.59000000001438,"smoke-00001000","KTEX_EMERGENCY_RTB_01-00001000","KTEX_EMERGENCY_RTB_01",1000,Batch,Running,AutomationPilot,0.9728852,147.40690885215906,MissionCache,True,"","D:\Workspace\MM\FlightSim\FlightSimProject\Artifacts\FlightSimVerification\Missions\smoke-00001000\KTEX_EMERGENCY_RTB_01-00001000"
143.7900000000142,"smoke-00001000","KTEX_EMERGENCY_RTB_01-00001000","KTEX_EMERGENCY_RTB_01",1000,Batch,Running,AutomationPilot,0.97406549999999992,147.43361714383107,MissionCache,True,"","D:\Workspace\MM\FlightSim\FlightSimProject\Artifacts\FlightSimVerification\Missions\smoke-00001000\KTEX_EMERGENCY_RTB_01-00001000"
143.99000000001402,"smoke-00001000","KTEX_EMERGENCY_RTB_01-00001000","KTEX_EMERGENCY_RTB_01",1000,Batch,Running,AutomationPilot,0.9752289999999999,147.46280104469227,MissionCache,True,"","D:\Workspace\MM\FlightSim\FlightSimProject\Artifacts\FlightSimVerification\Missions\smoke-00001000\KTEX_EMERGENCY_RTB_01-00001000"
144.19000000001384,"smoke-00001000","KTEX_EMERGENCY_RTB_01-00001000","KTEX_EMERGENCY_RTB_01",1000,Batch,Running,AutomationPilot,0.97639219999999993,147.49196071006509,MissionCache,True,"","D:\Workspace\MM\FlightSim\FlightSimProject\Artifacts\FlightSimVerification\Missions\smoke-00001000\KTEX_EMERGENCY_RTB_01-00001000"
144.39000000001366,"smoke-00001000","KTEX_EMERGENCY_RTB_01-00001000","KTEX_EMERGENCY_RTB_01",1000,Batch,Running,AutomationPilot,0.97758729999999994,147.51623716880715,MissionCache,True,"","D:\Workspace\MM\FlightSim\FlightSimProject\Artifacts\FlightSimVerification\Missions\smoke-00001000\KTEX_EMERGENCY_RTB_01-00001000"
144.59000000001348,"smoke-00001000","KTEX_EMERGENCY_RTB_01-00001000","KTEX_EMERGENCY_RTB_01",1000,Batch,Running,AutomationPilot,0.97909799999999991,147.49289652314033,MissionCache,True,"","D:\Workspace\MM\FlightSim\FlightSimProject\Artifacts\FlightSimVerification\Missions\smoke-00001000\KTEX_EMERGENCY_RTB_01-00001000"
144.79000000001329,"smoke-00001000","KTEX_EMERGENCY_RTB_01-00001000","KTEX_EMERGENCY_RTB_01",1000,Batch,Running,AutomationPilot,0.9810296,147.40635756557546,MissionCache,True,"","D:\Workspace\MM\FlightSim\FlightSimProject\Artifacts\FlightSimVerification\Missions\smoke-00001000\KTEX_EMERGENCY_RTB_01-00001000"
144.99000000001311,"smoke-00001000","KTEX_EMERGENCY_RTB_01-00001000","KTEX_EMERGENCY_RTB_01",1000,Batch,Running,AutomationPilot,0.98295289999999991,147.32140268370264,MissionCache,True,"","D:\Workspace\MM\FlightSim\FlightSimProject\Artifacts\FlightSimVerification\Missions\smoke-00001000\KTEX_EMERGENCY_RTB_01-00001000"
145.19000000001293,"smoke-00001000","KTEX_EMERGENCY_RTB_01-00001000","KTEX_EMERGENCY_RTB_01",1000,Batch,Running,AutomationPilot,0.9849462,147.22631550841365,MissionCache,True,"","D:\Workspace\MM\FlightSim\FlightSimProject\Artifacts\FlightSimVerification\Missions\smoke-00001000\KTEX_EMERGENCY_RTB_01-00001000"
145.39000000001275,"smoke-00001000","KTEX_EMERGENCY_RTB_01-00001000","KTEX_EMERGENCY_RTB_01",1000,Batch,Running,AutomationPilot,0.98652529999999994,147.19338672815886,MissionCache,True,"","D:\Workspace\MM\FlightSim\FlightSimProject\Artifacts\FlightSimVerification\Missions\smoke-00001000\KTEX_EMERGENCY_RTB_01-00001000"
145.59000000001257,"smoke-00001000","KTEX_EMERGENCY_RTB_01-00001000","KTEX_EMERGENCY_RTB_01",1000,Batch,Running,AutomationPilot,0.9877543,147.21272284009569,MissionCache,True,"","D:\Workspace\MM\FlightSim\FlightSimProject\Artifacts\FlightSimVerification\Missions\smoke-00001000\KTEX_EMERGENCY_RTB_01-00001000"
145.79000000001238,"smoke-00001000","KTEX_EMERGENCY_RTB_01-00001000","KTEX_EMERGENCY_RTB_01",1000,Batch,Running,AutomationPilot,0.9892679,147.18965408663573,MissionCache,True,"","D:\Workspace\MM\FlightSim\FlightSimProject\Artifacts\FlightSimVerification\Missions\smoke-00001000\KTEX_EMERGENCY_RTB_01-00001000"
145.9900000000122,"smoke-00001000","KTEX_EMERGENCY_RTB_01-00001000","KTEX_EMERGENCY_RTB_01",1000,Batch,Running,AutomationPilot,0.99047089999999993,147.21280554533442,MissionCache,True,"","D:\Workspace\MM\FlightSim\FlightSimProject\Artifacts\FlightSimVerification\Missions\smoke-00001000\KTEX_EMERGENCY_RTB_01-00001000"
146.19000000001202,"smoke-00001000","KTEX_EMERGENCY_RTB_01-00001000","KTEX_EMERGENCY_RTB_01",1000,Batch,Running,AutomationPilot,0.99270629999999993,147.08277765539736,MissionCache,True,"","D:\Workspace\MM\FlightSim\FlightSimProject\Artifacts\FlightSimVerification\Missions\smoke-00001000\KTEX_EMERGENCY_RTB_01-00001000"
146.39000000001184,"smoke-00001000","KTEX_EMERGENCY_RTB_01-00001000","KTEX_EMERGENCY_RTB_01",1000,Batch,Running,AutomationPilot,0.99395059999999991,147.09986592896269,MissionCache,True,"","D:\Workspace\MM\FlightSim\FlightSimProject\Artifacts\FlightSimVerification\Missions\smoke-00001000\KTEX_EMERGENCY_RTB_01-00001000"
146.59000000001166,"smoke-00001000","KTEX_EMERGENCY_RTB_01-00001000","KTEX_EMERGENCY_RTB_01",1000,Batch,Running,AutomationPilot,0.9951007,147.13083811518956,MissionCache,True,"","D:\Workspace\MM\FlightSim\FlightSimProject\Artifacts\FlightSimVerification\Missions\smoke-00001000\KTEX_EMERGENCY_RTB_01-00001000"
146.79000000001147,"smoke-00001000","KTEX_EMERGENCY_RTB_01-00001000","KTEX_EMERGENCY_RTB_01",1000,Batch,Running,AutomationPilot,0.9962673,147.15930152481332,MissionCache,True,"","D:\Workspace\MM\FlightSim\FlightSimProject\Artifacts\FlightSimVerification\Missions\smoke-00001000\KTEX_EMERGENCY_RTB_01-00001000"
146.99000000001129,"smoke-00001000","KTEX_EMERGENCY_RTB_01-00001000","KTEX_EMERGENCY_RTB_01",1000,Batch,Running,AutomationPilot,0.99746839999999992,147.18260748913096,MissionCache,True,"","D:\Workspace\MM\FlightSim\FlightSimProject\Artifacts\FlightSimVerification\Missions\smoke-00001000\KTEX_EMERGENCY_RTB_01-00001000"
147.19000000001111,"smoke-00001000","KTEX_EMERGENCY_RTB_01-00001000","KTEX_EMERGENCY_RTB_01",1000,Batch,Running,AutomationPilot,0.9986432999999999,147.20971942635703,MissionCache,True,"","D:\Workspace\MM\FlightSim\FlightSimProject\Artifacts\FlightSimVerification\Missions\smoke-00001000\KTEX_EMERGENCY_RTB_01-00001000"
147.39000000001093,"smoke-00001000","KTEX_EMERGENCY_RTB_01-00001000","KTEX_EMERGENCY_RTB_01",1000,Batch,Running,AutomationPilot,0.9998168,147.23697381361376,MissionCache,True,"","D:\Workspace\MM\FlightSim\FlightSimProject\Artifacts\FlightSimVerification\Missions\smoke-00001000\KTEX_EMERGENCY_RTB_01-00001000"
147.59000000001075,"smoke-00001000","KTEX_EMERGENCY_RTB_01-00001000","KTEX_EMERGENCY_RTB_01",1000,Batch,Running,AutomationPilot,1.0016108,147.17293383818438,MissionCache,True,"","D:\Workspace\MM\FlightSim\FlightSimProject\Artifacts\FlightSimVerification\Missions\smoke-00001000\KTEX_EMERGENCY_RTB_01-00001000"
147.79000000001056,"smoke-00001000","KTEX_EMERGENCY_RTB_01-00001000","KTEX_EMERGENCY_RTB_01",1000,Batch,Running,AutomationPilot,1.0035678,147.08522931884696,MissionCache,True,"","D:\Workspace\MM\FlightSim\FlightSimProject\Artifacts\FlightSimVerification\Missions\smoke-00001000\KTEX_EMERGENCY_RTB_01-00001000"
147.99000000001038,"smoke-00001000","KTEX_EMERGENCY_RTB_01-00001000","KTEX_EMERGENCY_RTB_01",1000,Batch,Running,AutomationPilot,1.0048082,147.10270079405257,MissionCache,True,"","D:\Workspace\MM\FlightSim\FlightSimProject\Artifacts\FlightSimVerification\Missions\smoke-00001000\KTEX_EMERGENCY_RTB_01-00001000"
148.1900000000102,"smoke-00001000","KTEX_EMERGENCY_RTB_01-00001000","KTEX_EMERGENCY_RTB_01",1000,Batch,Running,AutomationPilot,1.0063583999999999,147.07483934154112,MissionCache,True,"","D:\Workspace\MM\FlightSim\FlightSimProject\Artifacts\FlightSimVerification\Missions\smoke-00001000\KTEX_EMERGENCY_RTB_01-00001000"
148.39000000001002,"smoke-00001000","KTEX_EMERGENCY_RTB_01-00001000","KTEX_EMERGENCY_RTB_01",1000,Batch,Running,AutomationPilot,1.0075952,147.09280075968027,MissionCache,True,"","D:\Workspace\MM\FlightSim\FlightSimProject\Artifacts\FlightSimVerification\Missions\smoke-00001000\KTEX_EMERGENCY_RTB_01-00001000"
148.59000000000984,"smoke-00001000","KTEX_EMERGENCY_RTB_01-00001000","KTEX_EMERGENCY_RTB_01",1000,Batch,Running,AutomationPilot,1.0088579,147.10694142357411,MissionCache,True,"","D:\Workspace\MM\FlightSim\FlightSimProject\Artifacts\FlightSimVerification\Missions\smoke-00001000\KTEX_EMERGENCY_RTB_01-00001000"
148.79000000000966,"smoke-00001000","KTEX_EMERGENCY_RTB_01-00001000","KTEX_EMERGENCY_RTB_01",1000,Batch,Running,AutomationPilot,1.0101936999999999,147.11040070830956,MissionCache,True,"","D:\Workspace\MM\FlightSim\FlightSimProject\Artifacts\FlightSimVerification\Missions\smoke-00001000\KTEX_EMERGENCY_RTB_01-00001000"
148.99000000000947,"smoke-00001000","KTEX_EMERGENCY_RTB_01-00001000","KTEX_EMERGENCY_RTB_01",1000,Batch,Running,AutomationPilot,1.0114497999999998,147.12544310158512,MissionCache,True,"","D:\Workspace\MM\FlightSim\FlightSimProject\Artifacts\FlightSimVerification\Missions\smoke-00001000\KTEX_EMERGENCY_RTB_01-00001000"
149.19000000000929,"smoke-00001000","KTEX_EMERGENCY_RTB_01-00001000","KTEX_EMERGENCY_RTB_01",1000,Batch,Running,AutomationPilot,1.0126272,147.15188373372692,MissionCache,True,"","D:\Workspace\MM\FlightSim\FlightSimProject\Artifacts\FlightSimVerification\Missions\smoke-00001000\KTEX_EMERGENCY_RTB_01-00001000"
149.39000000000911,"smoke-00001000","KTEX_EMERGENCY_RTB_01-00001000","KTEX_EMERGENCY_RTB_01",1000,Batch,Running,AutomationPilot,1.0138158,147.17663701829196,MissionCache,True,"","D:\Workspace\MM\FlightSim\FlightSimProject\Artifacts\FlightSimVerification\Missions\smoke-00001000\KTEX_EMERGENCY_RTB_01-00001000"
149.59000000000893,"smoke-00001000","KTEX_EMERGENCY_RTB_01-00001000","KTEX_EMERGENCY_RTB_01",1000,Batch,Running,AutomationPilot,1.0150078,147.20083924479113,MissionCache,True,"","D:\Workspace\MM\FlightSim\FlightSimProject\Artifacts\FlightSimVerification\Missions\smoke-00001000\KTEX_EMERGENCY_RTB_01-00001000"
149.79000000000875,"smoke-00001000","KTEX_EMERGENCY_RTB_01-00001000","KTEX_EMERGENCY_RTB_01",1000,Batch,Running,AutomationPilot,1.0163421,147.20437144147519,MissionCache,True,"","D:\Workspace\MM\FlightSim\FlightSimProject\Artifacts\FlightSimVerification\Missions\smoke-00001000\KTEX_EMERGENCY_RTB_01-00001000"
149.99000000000856,"smoke-00001000","KTEX_EMERGENCY_RTB_01-00001000","KTEX_EMERGENCY_RTB_01",1000,Batch,Running,AutomationPilot,1.0180817,147.149290670885,MissionCache,True,"","D:\Workspace\MM\FlightSim\FlightSimProject\Artifacts\FlightSimVerification\Missions\smoke-00001000\KTEX_EMERGENCY_RTB_01-00001000"
150.19000000000838,"smoke-00001000","KTEX_EMERGENCY_RTB_01-00001000","KTEX_EMERGENCY_RTB_01",1000,Batch,Running,AutomationPilot,1.0196361,147.12111507233664,MissionCache,True,"","D:\Workspace\MM\FlightSim\FlightSimProject\Artifacts\FlightSimVerification\Missions\smoke-00001000\KTEX_EMERGENCY_RTB_01-00001000"
150.3900000000082,"smoke-00001000","KTEX_EMERGENCY_RTB_01-00001000","KTEX_EMERGENCY_RTB_01",1000,Batch,Running,AutomationPilot,1.0222160999999998,146.94544529283817,MissionCache,True,"","D:\Workspace\MM\FlightSim\FlightSimProject\Artifacts\FlightSimVerification\Missions\smoke-00001000\KTEX_EMERGENCY_RTB_01-00001000"
150.59000000000802,"smoke-00001000","KTEX_EMERGENCY_RTB_01-00001000","KTEX_EMERGENCY_RTB_01",1000,Batch,Running,AutomationPilot,1.0238744,146.9027841696288,MissionCache,True,"","D:\Workspace\MM\FlightSim\FlightSimProject\Artifacts\FlightSimVerification\Missions\smoke-00001000\KTEX_EMERGENCY_RTB_01-00001000"
150.79000000000784,"smoke-00001000","KTEX_EMERGENCY_RTB_01-00001000","KTEX_EMERGENCY_RTB_01",1000,Batch,Running,AutomationPilot,1.0258302,146.81767021482503,MissionCache,True,"","D:\Workspace\MM\FlightSim\FlightSimProject\Artifacts\FlightSimVerification\Missions\smoke-00001000\KTEX_EMERGENCY_RTB_01-00001000"
150.99000000000765,"smoke-00001000","KTEX_EMERGENCY_RTB_01-00001000","KTEX_EMERGENCY_RTB_01",1000,Batch,Running,AutomationPilot,1.0278872,146.71843369584505,MissionCache,True,"","D:\Workspace\MM\FlightSim\FlightSimProject\Artifacts\FlightSimVerification\Missions\smoke-00001000\KTEX_EMERGENCY_RTB_01-00001000"
151.19000000000747,"smoke-00001000","KTEX_EMERGENCY_RTB_01-00001000","KTEX_EMERGENCY_RTB_01",1000,Batch,Running,AutomationPilot,1.0292937,146.71225520957492,MissionCache,True,"","D:\Workspace\MM\FlightSim\FlightSimProject\Artifacts\FlightSimVerification\Missions\smoke-00001000\KTEX_EMERGENCY_RTB_01-00001000"
151.39000000000729,"smoke-00001000","KTEX_EMERGENCY_RTB_01-00001000","KTEX_EMERGENCY_RTB_01",1000,Batch,Running,AutomationPilot,1.0307243,146.70266336013177,MissionCache,True,"","D:\Workspace\MM\FlightSim\FlightSimProject\Artifacts\FlightSimVerification\Missions\smoke-00001000\KTEX_EMERGENCY_RTB_01-00001000"
151.59000000000711,"smoke-00001000","KTEX_EMERGENCY_RTB_01-00001000","KTEX_EMERGENCY_RTB_01",1000,Batch,Running,AutomationPilot,1.0320901,146.70230825778415,MissionCache,True,"","D:\Workspace\MM\FlightSim\FlightSimProject\Artifacts\FlightSimVerification\Missions\smoke-00001000\KTEX_EMERGENCY_RTB_01-00001000"
151.79000000000693,"smoke-00001000","KTEX_EMERGENCY_RTB_01-00001000","KTEX_EMERGENCY_RTB_01",1000,Batch,Running,AutomationPilot,1.0333364,146.71891941482664,MissionCache,True,"","D:\Workspace\MM\FlightSim\FlightSimProject\Artifacts\FlightSimVerification\Missions\smoke-00001000\KTEX_EMERGENCY_RTB_01-00001000"
151.99000000000675,"smoke-00001000","KTEX_EMERGENCY_RTB_01-00001000","KTEX_EMERGENCY_RTB_01",1000,Batch,Running,AutomationPilot,1.0345241,146.74380229518761,MissionCache,True,"","D:\Workspace\MM\FlightSim\FlightSimProject\Artifacts\FlightSimVerification\Missions\smoke-00001000\KTEX_EMERGENCY_RTB_01-00001000"
152.19000000000656,"smoke-00001000","KTEX_EMERGENCY_RTB_01-00001000","KTEX_EMERGENCY_RTB_01",1000,Batch,Running,AutomationPilot,1.0357174999999998,146.76782037573639,MissionCache,True,"","D:\Workspace\MM\FlightSim\FlightSimProject\Artifacts\FlightSimVerification\Missions\smoke-00001000\KTEX_EMERGENCY_RTB_01-00001000"
152.39000000000638,"smoke-00001000","KTEX_EMERGENCY_RTB_01-00001000","KTEX_EMERGENCY_RTB_01",1000,Batch,Running,AutomationPilot,1.0369097,146.79195305049856,MissionCache,True,"","D:\Workspace\MM\FlightSim\FlightSimProject\Artifacts\FlightSimVerification\Missions\smoke-00001000\KTEX_EMERGENCY_RTB_01-00001000"
152.5900000000062,"smoke-00001000","KTEX_EMERGENCY_RTB_01-00001000","KTEX_EMERGENCY_RTB_01",1000,Batch,Running,AutomationPilot,1.0380913,146.81752944081734,MissionCache,True,"","D:\Workspace\MM\FlightSim\FlightSimProject\Artifacts\FlightSimVerification\Missions\smoke-00001000\KTEX_EMERGENCY_RTB_01-00001000"
152.79000000000602,"smoke-00001000","KTEX_EMERGENCY_RTB_01-00001000","KTEX_EMERGENCY_RTB_01",1000,Batch,Running,AutomationPilot,1.0400439,146.73419073945456,MissionCache,True,"","D:\Workspace\MM\FlightSim\FlightSimProject\Artifacts\FlightSimVerification\Missions\smoke-00001000\KTEX_EMERGENCY_RTB_01-00001000"
152.99000000000584,"smoke-00001000","KTEX_EMERGENCY_RTB_01-00001000","KTEX_EMERGENCY_RTB_01",1000,Batch,Running,AutomationPilot,1.0420318,146.64619640207334,MissionCache,True,"","D:\Workspace\MM\FlightSim\FlightSimProject\Artifacts\FlightSimVerification\Missions\smoke-00001000\KTEX_EMERGENCY_RTB_01-00001000"
153.19000000000565,"smoke-00001000","KTEX_EMERGENCY_RTB_01-00001000","KTEX_EMERGENCY_RTB_01",1000,Batch,Running,AutomationPilot,1.0439992,146.56141498959559,MissionCache,True,"","D:\Workspace\MM\FlightSim\FlightSimProject\Artifacts\FlightSimVerification\Missions\smoke-00001000\KTEX_EMERGENCY_RTB_01-00001000"
153.39000000000547,"smoke-00001000","KTEX_EMERGENCY_RTB_01-00001000","KTEX_EMERGENCY_RTB_01",1000,Batch,Running,AutomationPilot,1.0459534,146.47880106322677,MissionCache,True,"","D:\Workspace\MM\FlightSim\FlightSimProject\Artifacts\FlightSimVerification\Missions\smoke-00001000\KTEX_EMERGENCY_RTB_01-00001000"
153.59000000000529,"smoke-00001000","KTEX_EMERGENCY_RTB_01-00001000","KTEX_EMERGENCY_RTB_01",1000,Batch,Running,AutomationPilot,1.0479182999999999,146.39500044994489,MissionCache,True,"","D:\Workspace\MM\FlightSim\FlightSimProject\Artifacts\FlightSimVerification\Missions\smoke-00001000\KTEX_EMERGENCY_RTB_01-00001000"
153.79000000000511,"smoke-00001000","KTEX_EMERGENCY_RTB_01-00001000","KTEX_EMERGENCY_RTB_01",1000,Batch,Running,AutomationPilot,1.0493527,146.38548125907073,MissionCache,True,"","D:\Workspace\MM\FlightSim\FlightSimProject\Artifacts\FlightSimVerification\Missions\smoke-00001000\KTEX_EMERGENCY_RTB_01-00001000"
153.99000000000493,"smoke-00001000","KTEX_EMERGENCY_RTB_01-00001000","KTEX_EMERGENCY_RTB_01",1000,Batch,Running,AutomationPilot,1.0506186,146.39946408716264,MissionCache,True,"","D:\Workspace\MM\FlightSim\FlightSimProject\Artifacts\FlightSimVerification\Missions\smoke-00001000\KTEX_EMERGENCY_RTB_01-00001000"
154.19000000000474,"smoke-00001000","KTEX_EMERGENCY_RTB_01-00001000","KTEX_EMERGENCY_RTB_01",1000,Batch,Running,AutomationPilot,1.0518948,146.41197960100661,MissionCache,True,"","D:\Workspace\MM\FlightSim\FlightSimProject\Artifacts\FlightSimVerification\Missions\smoke-00001000\KTEX_EMERGENCY_RTB_01-00001000"
154.39000000000456,"smoke-00001000","KTEX_EMERGENCY_RTB_01-00001000","KTEX_EMERGENCY_RTB_01",1000,Batch,Running,AutomationPilot,1.0531764,146.42371401410509,MissionCache,True,"","D:\Workspace\MM\FlightSim\FlightSimProject\Artifacts\FlightSimVerification\Missions\smoke-00001000\KTEX_EMERGENCY_RTB_01-00001000"
154.59000000000438,"smoke-00001000","KTEX_EMERGENCY_RTB_01-00001000","KTEX_EMERGENCY_RTB_01",1000,Batch,Running,AutomationPilot,1.0555972,146.27738686688875,MissionCache,True,"","D:\Workspace\MM\FlightSim\FlightSimProject\Artifacts\FlightSimVerification\Missions\smoke-00001000\KTEX_EMERGENCY_RTB_01-00001000"
154.7900000000042,"smoke-00001000","KTEX_EMERGENCY_RTB_01-00001000","KTEX_EMERGENCY_RTB_01",1000,Batch,Running,AutomationPilot,1.0569445,146.28014999841938,MissionCache,True,"","D:\Workspace\MM\FlightSim\FlightSimProject\Artifacts\FlightSimVerification\Missions\smoke-00001000\KTEX_EMERGENCY_RTB_01-00001000"
154.99000000000402,"smoke-00001000","KTEX_EMERGENCY_RTB_01-00001000","KTEX_EMERGENCY_RTB_01",1000,Batch,Running,AutomationPilot,1.0582117,146.2939787946062,MissionCache,True,"","D:\Workspace\MM\FlightSim\FlightSimProject\Artifacts\FlightSimVerification\Missions\smoke-00001000\KTEX_EMERGENCY_RTB_01-00001000"
155.19000000000383,"smoke-00001000","KTEX_EMERGENCY_RTB_01-00001000","KTEX_EMERGENCY_RTB_01",1000,Batch,Running,AutomationPilot,1.0601235,146.21881318544868,MissionCache,True,"","D:\Workspace\MM\FlightSim\FlightSimProject\Artifacts\FlightSimVerification\Missions\smoke-00001000\KTEX_EMERGENCY_RTB_01-00001000"
155.39000000000365,"smoke-00001000","KTEX_EMERGENCY_RTB_01-00001000","KTEX_EMERGENCY_RTB_01",1000,Batch,Running,AutomationPilot,1.0620121,146.1471107532615,MissionCache,True,"","D:\Workspace\MM\FlightSim\FlightSimProject\Artifacts\FlightSimVerification\Missions\smoke-00001000\KTEX_EMERGENCY_RTB_01-00001000"
155.59000000000347,"smoke-00001000","KTEX_EMERGENCY_RTB_01-00001000","KTEX_EMERGENCY_RTB_01",1000,Batch,Running,AutomationPilot,1.0640781,146.05130957962922,MissionCache,True,"","D:\Workspace\MM\FlightSim\FlightSimProject\Artifacts\FlightSimVerification\Missions\smoke-00001000\KTEX_EMERGENCY_RTB_01-00001000"
155.79000000000329,"smoke-00001000","KTEX_EMERGENCY_RTB_01-00001000","KTEX_EMERGENCY_RTB_01",1000,Batch,Running,AutomationPilot,1.0660779,145.96494308718289,MissionCache,True,"","D:\Workspace\MM\FlightSim\FlightSimProject\Artifacts\FlightSimVerification\Missions\smoke-00001000\KTEX_EMERGENCY_RTB_01-00001000"
155.99000000000311,"smoke-00001000","KTEX_EMERGENCY_RTB_01-00001000","KTEX_EMERGENCY_RTB_01",1000,Batch,Running,AutomationPilot,1.0678111,145.91532153955254,MissionCache,True,"","D:\Workspace\MM\FlightSim\FlightSimProject\Artifacts\FlightSimVerification\Missions\smoke-00001000\KTEX_EMERGENCY_RTB_01-00001000"
156.19000000000293,"smoke-00001000","KTEX_EMERGENCY_RTB_01-00001000","KTEX_EMERGENCY_RTB_01",1000,Batch,Running,AutomationPilot,1.0692978,145.89948656024831,MissionCache,True,"","D:\Workspace\MM\FlightSim\FlightSimProject\Artifacts\FlightSimVerification\Missions\smoke-00001000\KTEX_EMERGENCY_RTB_01-00001000"
156.39000000000274,"smoke-00001000","KTEX_EMERGENCY_RTB_01-00001000","KTEX_EMERGENCY_RTB_01",1000,Batch,Running,AutomationPilot,1.0705328,145.91799522630498,MissionCache,True,"","D:\Workspace\MM\FlightSim\FlightSimProject\Artifacts\FlightSimVerification\Missions\smoke-00001000\KTEX_EMERGENCY_RTB_01-00001000"
156.59000000000256,"smoke-00001000","KTEX_EMERGENCY_RTB_01-00001000","KTEX_EMERGENCY_RTB_01",1000,Batch,Running,AutomationPilot,1.071737,145.94065521672084,MissionCache,True,"","D:\Workspace\MM\FlightSim\FlightSimProject\Artifacts\FlightSimVerification\Missions\smoke-00001000\KTEX_EMERGENCY_RTB_01-00001000"
156.79000000000238,"smoke-00001000","KTEX_EMERGENCY_RTB_01-00001000","KTEX_EMERGENCY_RTB_01",1000,Batch,Running,AutomationPilot,1.0730404,145.94977039075374,MissionCache,True,"","D:\Workspace\MM\FlightSim\FlightSimProject\Artifacts\FlightSimVerification\Missions\smoke-00001000\KTEX_EMERGENCY_RTB_01-00001000"
156.9900000000022,"smoke-00001000","KTEX_EMERGENCY_RTB_01-00001000","KTEX_EMERGENCY_RTB_01",1000,Batch,Running,AutomationPilot,1.0742323,145.97401325579426,MissionCache,True,"","D:\Workspace\MM\FlightSim\FlightSimProject\Artifacts\FlightSimVerification\Missions\smoke-00001000\KTEX_EMERGENCY_RTB_01-00001000"
157.19000000000202,"smoke-00001000","KTEX_EMERGENCY_RTB_01-00001000","KTEX_EMERGENCY_RTB_01",1000,Batch,Running,AutomationPilot,1.0754312,145.99725207898209,MissionCache,True,"","D:\Workspace\MM\FlightSim\FlightSimProject\Artifacts\FlightSimVerification\Missions\smoke-00001000\KTEX_EMERGENCY_RTB_01-00001000"
157.39000000000183,"smoke-00001000","KTEX_EMERGENCY_RTB_01-00001000","KTEX_EMERGENCY_RTB_01",1000,Batch,Running,AutomationPilot,1.0766092,146.02327381189198,MissionCache,True,"","D:\Workspace\MM\FlightSim\FlightSimProject\Artifacts\FlightSimVerification\Missions\smoke-00001000\KTEX_EMERGENCY_RTB_01-00001000"
157.59000000000165,"smoke-00001000","KTEX_EMERGENCY_RTB_01-00001000","KTEX_EMERGENCY_RTB_01",1000,Batch,Running,AutomationPilot,1.077787,146.04926576401627,MissionCache,True,"","D:\Workspace\MM\FlightSim\FlightSimProject\Artifacts\FlightSimVerification\Missions\smoke-00001000\KTEX_EMERGENCY_RTB_01-00001000"
157.79000000000147,"smoke-00001000","KTEX_EMERGENCY_RTB_01-00001000","KTEX_EMERGENCY_RTB_01",1000,Batch,Running,AutomationPilot,1.0791043999999999,146.05630372742587,MissionCache,True,"","D:\Workspace\MM\FlightSim\FlightSimProject\Artifacts\FlightSimVerification\Missions\smoke-00001000\KTEX_EMERGENCY_RTB_01-00001000"
157.99000000000129,"smoke-00001000","KTEX_EMERGENCY_RTB_01-00001000","KTEX_EMERGENCY_RTB_01",1000,Batch,Running,AutomationPilot,1.0804004999999999,146.06620415299832,MissionCache,True,"","D:\Workspace\MM\FlightSim\FlightSimProject\Artifacts\FlightSimVerification\Missions\smoke-00001000\KTEX_EMERGENCY_RTB_01-00001000"
158.19000000000111,"smoke-00001000","KTEX_EMERGENCY_RTB_01-00001000","KTEX_EMERGENCY_RTB_01",1000,Batch,Running,AutomationPilot,1.0816122,146.08747941267794,MissionCache,True,"","D:\Workspace\MM\FlightSim\FlightSimProject\Artifacts\FlightSimVerification\Missions\smoke-00001000\KTEX_EMERGENCY_RTB_01-00001000"
158.39000000000092,"smoke-00001000","KTEX_EMERGENCY_RTB_01-00001000","KTEX_EMERGENCY_RTB_01",1000,Batch,Running,AutomationPilot,1.0828084999999998,146.11078505571493,MissionCache,True,"","D:\Workspace\MM\FlightSim\FlightSimProject\Artifacts\FlightSimVerification\Missions\smoke-00001000\KTEX_EMERGENCY_RTB_01-00001000"
158.59000000000074,"smoke-00001000","KTEX_EMERGENCY_RTB_01-00001000","KTEX_EMERGENCY_RTB_01",1000,Batch,Running,AutomationPilot,1.0839808,146.13727475615889,MissionCache,True,"","D:\Workspace\MM\FlightSim\FlightSimProject\Artifacts\FlightSimVerification\Missions\smoke-00001000\KTEX_EMERGENCY_RTB_01-00001000"
158.79000000000056,"smoke-00001000","KTEX_EMERGENCY_RTB_01-00001000","KTEX_EMERGENCY_RTB_01",1000,Batch,Running,AutomationPilot,1.085197,146.15779439124944,MissionCache,True,"","D:\Workspace\MM\FlightSim\FlightSimProject\Artifacts\FlightSimVerification\Missions\smoke-00001000\KTEX_EMERGENCY_RTB_01-00001000"
158.99000000000038,"smoke-00001000","KTEX_EMERGENCY_RTB_01-00001000","KTEX_EMERGENCY_RTB_01",1000,Batch,Running,AutomationPilot,1.0874647,146.03692423303539,MissionCache,True,"","D:\Workspace\MM\FlightSim\FlightSimProject\Artifacts\FlightSimVerification\Missions\smoke-00001000\KTEX_EMERGENCY_RTB_01-00001000"
159.1900000000002,"smoke-00001000","KTEX_EMERGENCY_RTB_01-00001000","KTEX_EMERGENCY_RTB_01",1000,Batch,Running,AutomationPilot,1.0889073999999999,146.02710937587565,MissionCache,True,"","D:\Workspace\MM\FlightSim\FlightSimProject\Artifacts\FlightSimVerification\Missions\smoke-00001000\KTEX_EMERGENCY_RTB_01-00001000"
159.39000000000001,"smoke-00001000","KTEX_EMERGENCY_RTB_01-00001000","KTEX_EMERGENCY_RTB_01",1000,Batch,Running,AutomationPilot,1.0903509,146.01721335764495,MissionCache,True,"","D:\Workspace\MM\FlightSim\FlightSimProject\Artifacts\FlightSimVerification\Missions\smoke-00001000\KTEX_EMERGENCY_RTB_01-00001000"
159.58999999999983,"smoke-00001000","KTEX_EMERGENCY_RTB_01-00001000","KTEX_EMERGENCY_RTB_01",1000,Batch,Running,AutomationPilot,1.0915994,146.03342581536779,MissionCache,True,"","D:\Workspace\MM\FlightSim\FlightSimProject\Artifacts\FlightSimVerification\Missions\smoke-00001000\KTEX_EMERGENCY_RTB_01-00001000"
159.78999999999965,"smoke-00001000","KTEX_EMERGENCY_RTB_01-00001000","KTEX_EMERGENCY_RTB_01",1000,Batch,Running,AutomationPilot,1.0927768,146.05910374378357,MissionCache,True,"","D:\Workspace\MM\FlightSim\FlightSimProject\Artifacts\FlightSimVerification\Missions\smoke-00001000\KTEX_EMERGENCY_RTB_01-00001000"
159.98999999999947,"smoke-00001000","KTEX_EMERGENCY_RTB_01-00001000","KTEX_EMERGENCY_RTB_01",1000,Batch,Running,AutomationPilot,1.094071,146.06913079681266,MissionCache,True,"","D:\Workspace\MM\FlightSim\FlightSimProject\Artifacts\FlightSimVerification\Missions\smoke-00001000\KTEX_EMERGENCY_RTB_01-00001000"
160.18999999999929,"smoke-00001000","KTEX_EMERGENCY_RTB_01-00001000","KTEX_EMERGENCY_RTB_01",1000,Batch,Running,AutomationPilot,1.0953121,146.0862159744236,MissionCache,True,"","D:\Workspace\MM\FlightSim\FlightSimProject\Artifacts\FlightSimVerification\Missions\smoke-00001000\KTEX_EMERGENCY_RTB_01-00001000"
160.38999999999911,"smoke-00001000","KTEX_EMERGENCY_RTB_01-00001000","KTEX_EMERGENCY_RTB_01",1000,Batch,Running,AutomationPilot,1.0964726,146.11400230156164,MissionCache,True,"","D:\Workspace\MM\FlightSim\FlightSimProject\Artifacts\FlightSimVerification\Missions\smoke-00001000\KTEX_EMERGENCY_RTB_01-00001000"
160.58999999999892,"smoke-00001000","KTEX_EMERGENCY_RTB_01-00001000","KTEX_EMERGENCY_RTB_01",1000,Batch,Running,AutomationPilot,1.0976271,146.1425287331181,MissionCache,True,"","D:\Workspace\MM\FlightSim\FlightSimProject\Artifacts\FlightSimVerification\Missions\smoke-00001000\KTEX_EMERGENCY_RTB_01-00001000"
160.78999999999874,"smoke-00001000","KTEX_EMERGENCY_RTB_01-00001000","KTEX_EMERGENCY_RTB_01",1000,Batch,Running,AutomationPilot,1.0989469,146.14900865546724,MissionCache,True,"","D:\Workspace\MM\FlightSim\FlightSimProject\Artifacts\FlightSimVerification\Missions\smoke-00001000\KTEX_EMERGENCY_RTB_01-00001000"
160.98999999999856,"smoke-00001000","KTEX_EMERGENCY_RTB_01-00001000","KTEX_EMERGENCY_RTB_01",1000,Batch,Running,AutomationPilot,1.1001564,146.17012635657869,MissionCache,True,"","D:\Workspace\MM\FlightSim\FlightSimProject\Artifacts\FlightSimVerification\Missions\smoke-00001000\KTEX_EMERGENCY_RTB_01-00001000"
161.18999999999838,"smoke-00001000","KTEX_EMERGENCY_RTB_01-00001000","KTEX_EMERGENCY_RTB_01",1000,Batch,Running,AutomationPilot,1.1014021,146.18639278061895,MissionCache,True,"","D:\Workspace\MM\FlightSim\FlightSimProject\Artifacts\FlightSimVerification\Missions\smoke-00001000\KTEX_EMERGENCY_RTB_01-00001000"
161.3899999999982,"smoke-00001000","KTEX_EMERGENCY_RTB_01-00001000","KTEX_EMERGENCY_RTB_01",1000,Batch,Running,AutomationPilot,1.1025810999999999,146.21146689345426,MissionCache,True,"","D:\Workspace\MM\FlightSim\FlightSimProject\Artifacts\FlightSimVerification\Missions\smoke-00001000\KTEX_EMERGENCY_RTB_01-00001000"
161.589999999998,"smoke-00001000","KTEX_EMERGENCY_RTB_01-00001000","KTEX_EMERGENCY_RTB_01",1000,Batch,Running,AutomationPilot,1.1037531999999999,146.23740162202765,MissionCache,True,"","D:\Workspace\MM\FlightSim\FlightSimProject\Artifacts\FlightSimVerification\Missions\smoke-00001000\KTEX_EMERGENCY_RTB_01-00001000"
161.78999999999783,"smoke-00001000","KTEX_EMERGENCY_RTB_01-00001000","KTEX_EMERGENCY_RTB_01",1000,Batch,Running,AutomationPilot,1.1049288,146.26281802048965,MissionCache,True,"","D:\Workspace\MM\FlightSim\FlightSimProject\Artifacts\FlightSimVerification\Missions\smoke-00001000\KTEX_EMERGENCY_RTB_01-00001000"
161.98999999999765,"smoke-00001000","KTEX_EMERGENCY_RTB_01-00001000","KTEX_EMERGENCY_RTB_01",1000,Batch,Running,AutomationPilot,1.1061147999999998,146.28680495008098,MissionCache,True,"","D:\Workspace\MM\FlightSim\FlightSimProject\Artifacts\FlightSimVerification\Missions\smoke-00001000\KTEX_EMERGENCY_RTB_01-00001000"
162.18999999999747,"smoke-00001000","KTEX_EMERGENCY_RTB_01-00001000","KTEX_EMERGENCY_RTB_01",1000,Batch,Running,AutomationPilot,1.1072947,146.31154651060612,MissionCache,True,"","D:\Workspace\MM\FlightSim\FlightSimProject\Artifacts\FlightSimVerification\Missions\smoke-00001000\KTEX_EMERGENCY_RTB_01-00001000"
162.38999999999729,"smoke-00001000","KTEX_EMERGENCY_RTB_01-00001000","KTEX_EMERGENCY_RTB_01",1000,Batch,Running,AutomationPilot,1.1087973,146.293646277816,MissionCache,True,"","D:\Workspace\MM\FlightSim\FlightSimProject\Artifacts\FlightSimVerification\Missions\smoke-00001000\KTEX_EMERGENCY_RTB_01-00001000"
162.5899999999971,"smoke-00001000","KTEX_EMERGENCY_RTB_01-00001000","KTEX_EMERGENCY_RTB_01",1000,Batch,Running,AutomationPilot,1.1101664,146.29338448722396,MissionCache,True,"","D:\Workspace\MM\FlightSim\FlightSimProject\Artifacts\FlightSimVerification\Missions\smoke-00001000\KTEX_EMERGENCY_RTB_01-00001000"
162.78999999999692,"smoke-00001000","KTEX_EMERGENCY_RTB_01-00001000","KTEX_EMERGENCY_RTB_01",1000,Batch,Running,AutomationPilot,1.1113849999999998,146.31293386180047,MissionCache,True,"","D:\Workspace\MM\FlightSim\FlightSimProject\Artifacts\FlightSimVerification\Missions\smoke-00001000\KTEX_EMERGENCY_RTB_01-00001000"
162.98999999999674,"smoke-00001000","KTEX_EMERGENCY_RTB_01-00001000","KTEX_EMERGENCY_RTB_01",1000,Batch,Running,AutomationPilot,1.1125509,146.3393719783939,MissionCache,True,"","D:\Workspace\MM\FlightSim\FlightSimProject\Artifacts\FlightSimVerification\Missions\smoke-00001000\KTEX_EMERGENCY_RTB_01-00001000"
163.18999999999656,"smoke-00001000","KTEX_EMERGENCY_RTB_01-00001000","KTEX_EMERGENCY_RTB_01",1000,Batch,Running,AutomationPilot,1.114768,146.22773527765125,MissionCache,True,"","D:\Workspace\MM\FlightSim\FlightSimProject\Artifacts\FlightSimVerification\Missions\smoke-00001000\KTEX_EMERGENCY_RTB_01-00001000"
163.38999999999638,"smoke-00001000","KTEX_EMERGENCY_RTB_01-00001000","KTEX_EMERGENCY_RTB_01",1000,Batch,Running,AutomationPilot,1.1159404,146.25333037498825,MissionCache,True,"","D:\Workspace\MM\FlightSim\FlightSimProject\Artifacts\FlightSimVerification\Missions\smoke-00001000\KTEX_EMERGENCY_RTB_01-00001000"
163.58999999999619,"smoke-00001000","KTEX_EMERGENCY_RTB_01-00001000","KTEX_EMERGENCY_RTB_01",1000,Batch,Running,AutomationPilot,1.1171072,146.27960503700663,MissionCache,True,"","D:\Workspace\MM\FlightSim\FlightSimProject\Artifacts\FlightSimVerification\Missions\smoke-00001000\KTEX_EMERGENCY_RTB_01-00001000"
163.789999999996,"smoke-00001000","KTEX_EMERGENCY_RTB_01-00001000","KTEX_EMERGENCY_RTB_01",1000,Batch,Running,AutomationPilot,1.118271,146.30621736591235,MissionCache,True,"","D:\Workspace\MM\FlightSim\FlightSimProject\Artifacts\FlightSimVerification\Missions\smoke-00001000\KTEX_EMERGENCY_RTB_01-00001000"
163.98999999999583,"smoke-00001000","KTEX_EMERGENCY_RTB_01-00001000","KTEX_EMERGENCY_RTB_01",1000,Batch,Running,AutomationPilot,1.1197682,146.28920521228946,MissionCache,True,"","D:\Workspace\MM\FlightSim\FlightSimProject\Artifacts\FlightSimVerification\Missions\smoke-00001000\KTEX_EMERGENCY_RTB_01-00001000"
164.18999999999565,"smoke-00001000","KTEX_EMERGENCY_RTB_01-00001000","KTEX_EMERGENCY_RTB_01",1000,Batch,Running,AutomationPilot,1.1213264,146.26428130114104,MissionCache,True,"","D:\Workspace\MM\FlightSim\FlightSimProject\Artifacts\FlightSimVerification\Missions\smoke-00001000\KTEX_EMERGENCY_RTB_01-00001000"
164.38999999999547,"smoke-00001000","KTEX_EMERGENCY_RTB_01-00001000","KTEX_EMERGENCY_RTB_01",1000,Batch,Running,AutomationPilot,1.1225612999999999,146.28154382303723,MissionCache,True,"","D:\Workspace\MM\FlightSim\FlightSimProject\Artifacts\FlightSimVerification\Missions\smoke-00001000\KTEX_EMERGENCY_RTB_01-00001000"
164.58999999999529,"smoke-00001000","KTEX_EMERGENCY_RTB_01-00001000","KTEX_EMERGENCY_RTB_01",1000,Batch,Running,AutomationPilot,1.1238164,146.29613876429946,MissionCache,True,"","D:\Workspace\MM\FlightSim\FlightSimProject\Artifacts\FlightSimVerification\Missions\smoke-00001000\KTEX_EMERGENCY_RTB_01-00001000"
164.7899999999951,"smoke-00001000","KTEX_EMERGENCY_RTB_01-00001000","KTEX_EMERGENCY_RTB_01",1000,Batch,Running,AutomationPilot,1.1250620999999998,146.31192358181409,MissionCache,True,"","D:\Workspace\MM\FlightSim\FlightSimProject\Artifacts\FlightSimVerification\Missions\smoke-00001000\KTEX_EMERGENCY_RTB_01-00001000"
164.98999999999492,"smoke-00001000","KTEX_EMERGENCY_RTB_01-00001000","KTEX_EMERGENCY_RTB_01",1000,Batch,Running,AutomationPilot,1.1262534,146.33474136459441,MissionCache,True,"","D:\Workspace\MM\FlightSim\FlightSimProject\Artifacts\FlightSimVerification\Missions\smoke-00001000\KTEX_EMERGENCY_RTB_01-00001000"
165.18999999999474,"smoke-00001000","KTEX_EMERGENCY_RTB_01-00001000","KTEX_EMERGENCY_RTB_01",1000,Batch,Running,AutomationPilot,1.1274267999999998,146.35983462517916,MissionCache,True,"","D:\Workspace\MM\FlightSim\FlightSimProject\Artifacts\FlightSimVerification\Missions\smoke-00001000\KTEX_EMERGENCY_RTB_01-00001000"
165.38999999999456,"smoke-00001000","KTEX_EMERGENCY_RTB_01-00001000","KTEX_EMERGENCY_RTB_01",1000,Batch,Running,AutomationPilot,1.1287208,146.36923497821138,MissionCache,True,"","D:\Workspace\MM\FlightSim\FlightSimProject\Artifacts\FlightSimVerification\Missions\smoke-00001000\KTEX_EMERGENCY_RTB_01-00001000"
165.58999999999438,"smoke-00001000","KTEX_EMERGENCY_RTB_01-00001000","KTEX_EMERGENCY_RTB_01",1000,Batch,Running,AutomationPilot,1.1299525,146.38668439602068,MissionCache,True,"","D:\Workspace\MM\FlightSim\FlightSimProject\Artifacts\FlightSimVerification\Missions\smoke-00001000\KTEX_EMERGENCY_RTB_01-00001000"
165.78999999999419,"smoke-00001000","KTEX_EMERGENCY_RTB_01-00001000","KTEX_EMERGENCY_RTB_01",1000,Batch,Running,AutomationPilot,1.1311233,146.41197825205649,MissionCache,True,"","D:\Workspace\MM\FlightSim\FlightSimProject\Artifacts\FlightSimVerification\Missions\smoke-00001000\KTEX_EMERGENCY_RTB_01-00001000"
165.989999999994,"smoke-00001000","KTEX_EMERGENCY_RTB_01-00001000","KTEX_EMERGENCY_RTB_01",1000,Batch,Running,AutomationPilot,1.1323068,146.43557735411829,MissionCache,True,"","D:\Workspace\MM\FlightSim\FlightSimProject\Artifacts\FlightSimVerification\Missions\smoke-00001000\KTEX_EMERGENCY_RTB_01-00001000"
166.18999999999383,"smoke-00001000","KTEX_EMERGENCY_RTB_01-00001000","KTEX_EMERGENCY_RTB_01",1000,Batch,Running,AutomationPilot,1.1334918999999999,146.45892043868511,MissionCache,True,"","D:\Workspace\MM\FlightSim\FlightSimProject\Artifacts\FlightSimVerification\Missions\smoke-00001000\KTEX_EMERGENCY_RTB_01-00001000"
166.38999999999365,"smoke-00001000","KTEX_EMERGENCY_RTB_01-00001000","KTEX_EMERGENCY_RTB_01",1000,Batch,Running,AutomationPilot,1.1346616,146.48420286717538,MissionCache,True,"","D:\Workspace\MM\FlightSim\FlightSimProject\Artifacts\FlightSimVerification\Missions\smoke-00001000\KTEX_EMERGENCY_RTB_01-00001000"
166.58999999999347,"smoke-00001000","KTEX_EMERGENCY_RTB_01-00001000","KTEX_EMERGENCY_RTB_01",1000,Batch,Running,AutomationPilot,1.1358435,146.50785957748019,MissionCache,True,"","D:\Workspace\MM\FlightSim\FlightSimProject\Artifacts\FlightSimVerification\Missions\smoke-00001000\KTEX_EMERGENCY_RTB_01-00001000"
166.78999999999328,"smoke-00001000","KTEX_EMERGENCY_RTB_01-00001000","KTEX_EMERGENCY_RTB_01",1000,Batch,Running,AutomationPilot,1.1370578,146.52729175244517,MissionCache,True,"","D:\Workspace\MM\FlightSim\FlightSimProject\Artifacts\FlightSimVerification\Missions\smoke-00001000\KTEX_EMERGENCY_RTB_01-00001000"
166.9899999999931,"smoke-00001000","KTEX_EMERGENCY_RTB_01-00001000","KTEX_EMERGENCY_RTB_01",1000,Batch,Running,AutomationPilot,1.1383147999999998,146.54118526790066,MissionCache,True,"","D:\Workspace\MM\FlightSim\FlightSimProject\Artifacts\FlightSimVerification\Missions\smoke-00001000\KTEX_EMERGENCY_RTB_01-00001000"
167.18999999999292,"smoke-00001000","KTEX_EMERGENCY_RTB_01-00001000","KTEX_EMERGENCY_RTB_01",1000,Batch,Running,AutomationPilot,1.1397445,146.53284135171793,MissionCache,True,"","D:\Workspace\MM\FlightSim\FlightSimProject\Artifacts\FlightSimVerification\Missions\smoke-00001000\KTEX_EMERGENCY_RTB_01-00001000"
167.38999999999274,"smoke-00001000","KTEX_EMERGENCY_RTB_01-00001000","KTEX_EMERGENCY_RTB_01",1000,Batch,Running,AutomationPilot,1.1422705,146.38389068087892,MissionCache,True,"","D:\Workspace\MM\FlightSim\FlightSimProject\Artifacts\FlightSimVerification\Missions\smoke-00001000\KTEX_EMERGENCY_RTB_01-00001000"
167.58999999999256,"smoke-00001000","KTEX_EMERGENCY_RTB_01-00001000","KTEX_EMERGENCY_RTB_01",1000,Batch,Running,AutomationPilot,1.1434711,146.40509935055877,MissionCache,True,"","D:\Workspace\MM\FlightSim\FlightSimProject\Artifacts\FlightSimVerification\Missions\smoke-00001000\KTEX_EMERGENCY_RTB_01-00001000"
167.78999999999238,"smoke-00001000","KTEX_EMERGENCY_RTB_01-00001000","KTEX_EMERGENCY_RTB_01",1000,Batch,Running,AutomationPilot,1.1446389,146.43045942261139,MissionCache,True,"","D:\Workspace\MM\FlightSim\FlightSimProject\Artifacts\FlightSimVerification\Missions\smoke-00001000\KTEX_EMERGENCY_RTB_01-00001000"
167.98999999999219,"smoke-00001000","KTEX_EMERGENCY_RTB_01-00001000","KTEX_EMERGENCY_RTB_01",1000,Batch,Running,AutomationPilot,1.1458343,146.45224008392171,MissionCache,True,"","D:\Workspace\MM\FlightSim\FlightSimProject\Artifacts\FlightSimVerification\Missions\smoke-00001000\KTEX_EMERGENCY_RTB_01-00001000"
168.189999999992,"smoke-00001000","KTEX_EMERGENCY_RTB_01-00001000","KTEX_EMERGENCY_RTB_01",1000,Batch,Running,AutomationPilot,1.147001,146.47764038565981,MissionCache,True,"","D:\Workspace\MM\FlightSim\FlightSimProject\Artifacts\FlightSimVerification\Missions\smoke-00001000\KTEX_EMERGENCY_RTB_01-00001000"
168.38999999999183,"smoke-00001000","KTEX_EMERGENCY_RTB_01-00001000","KTEX_EMERGENCY_RTB_01",1000,Batch,Running,AutomationPilot,1.1481618999999998,146.5037291343599,MissionCache,True,"","D:\Workspace\MM\FlightSim\FlightSimProject\Artifacts\FlightSimVerification\Missions\smoke-00001000\KTEX_EMERGENCY_RTB_01-00001000"
168.58999999999165,"smoke-00001000","KTEX_EMERGENCY_RTB_01-00001000","KTEX_EMERGENCY_RTB_01",1000,Batch,Running,AutomationPilot,1.1498819,146.45851891397874,MissionCache,True,"","D:\Workspace\MM\FlightSim\FlightSimProject\Artifacts\FlightSimVerification\Missions\smoke-00001000\KTEX_EMERGENCY_RTB_01-00001000"
168.78999999999147,"smoke-00001000","KTEX_EMERGENCY_RTB_01-00001000","KTEX_EMERGENCY_RTB_01",1000,Batch,Completed,AutomationPilot,1.1517913,146.38936758767986,MissionCache,True,"All required objectives succeeded.","D:\Workspace\MM\FlightSim\FlightSimProject\Artifacts\FlightSimVerification\Missions\smoke-00001000\KTEX_EMERGENCY_RTB_01-00001000"
168.78999999999147,"smoke-00001000","KTEX_EMERGENCY_RTB_01-00001000","KTEX_EMERGENCY_RTB_01",1000,Batch,Completed,AutomationPilot,1.1517913,146.38936758767986,MissionCache,True,"All required objectives succeeded.","D:\Workspace\MM\FlightSim\FlightSimProject\Artifacts\FlightSimVerification\Missions\smoke-00001000\KTEX_EMERGENCY_RTB_01-00001000"
