time_s,objective_id,name,type,status,progress,current_count,required_count,deadline_s,failure_reason
0,"SURVIVE","保持飞机可控",Survive,Active,0,0,1,700,""
0,"LAND","安全着陆KTEX",LandAtKtex,Active,0,0,1,700,""
0,"SURVIVE","保持飞机可控",Survive,Active,0,0,1,700,""
0,"LAND","安全着陆KTEX",LandAtKtex,Active,0,0,1,700,""
0.19000000000000003,"SURVIVE","保持飞机可控",Survive,Active,0,0,1,700,""
0.19000000000000003,"LAND","安全着陆KTEX",LandAtKtex,Active,0,0,1,700,""
0.39000000000000018,"SURVIVE","保持飞机可控",Survive,Active,0,0,1,700,""
0.39000000000000018,"LAND","安全着陆KTEX",LandAtKtex,Active,0,0,1,700,""
0.5900000000000003,"SURVIVE","保持飞机可控",Survive,Active,0,0,1,700,""
0.5900000000000003,"LAND","安全着陆KTEX",LandAtKtex,Active,0,0,1,700,""
0.79000000000000048,"SURVIVE","保持飞机可控",Survive,Active,0,0,1,700,""
0.79000000000000048,"LAND","安全着陆KTEX",LandAtKtex,Active,0,0,1,700,""
0.99000000000000066,"SURVIVE","保持飞机可控",Survive,Active,0,0,1,700,""
0.99000000000000066,"LAND","安全着陆KTEX",LandAtKtex,Active,0,0,1,700,""
1.1900000000000008,"SURVIVE","保持飞机可控",Survive,Active,0,0,1,700,""
1.1900000000000008,"LAND","安全着陆KTEX",LandAtKtex,Active,0,0,1,700,""
1.390000000000001,"SURVIVE","保持飞机可控",Survive,Active,0,0,1,700,""
1.390000000000001,"LAND","安全着陆KTEX",LandAtKtex,Active,0,0,1,700,""
1.5900000000000012,"SURVIVE","保持飞机可控",Survive,Active,0,0,1,700,""
1.5900000000000012,"LAND","安全着陆KTEX",LandAtKtex,Active,0,0,1,700,""
1.7900000000000014,"SURVIVE","保持飞机可控",Survive,Active,0,0,1,700,""
1.7900000000000014,"LAND","安全着陆KTEX",LandAtKtex,Active,0,0,1,700,""
1.9900000000000015,"SURVIVE","保持飞机可控",Survive,Active,0,0,1,700,""
1.9900000000000015,"LAND","安全着陆KTEX",LandAtKtex,Active,0,0,1,700,""
2.1899999999999973,"SURVIVE","保持飞机可控",Survive,Active,0,0,1,700,""
2.1899999999999973,"LAND","安全着陆KTEX",LandAtKtex,Active,0,0,1,700,""
2.389999999999993,"SURVIVE","保持飞机可控",Survive,Active,0,0,1,700,""
2.389999999999993,"LAND","安全着陆KTEX",LandAtKtex,Active,0,0,1,700,""
2.5899999999999888,"SURVIVE","保持飞机可控",Survive,Active,0,0,1,700,""
2.5899999999999888,"LAND","安全着陆KTEX",LandAtKtex,Active,0,0,1,700,""
2.7899999999999845,"SURVIVE","保持飞机可控",Survive,Active,0,0,1,700,""
2.7899999999999845,"LAND","安全着陆KTEX",LandAtKtex,Active,0,0,1,700,""
2.9899999999999802,"SURVIVE","保持飞机可控",Survive,Active,0,0,1,700,""
2.9899999999999802,"LAND","安全着陆KTEX",LandAtKtex,Active,0,0,1,700,""
3.189999999999976,"SURVIVE","保持飞机可控",Survive,Active,0,0,1,700,""
3.189999999999976,"LAND","安全着陆KTEX",LandAtKtex,Active,0,0,1,700,""
3.3899999999999717,"SURVIVE","保持飞机可控",Survive,Active,0,0,1,700,""
3.3899999999999717,"LAND","安全着陆KTEX",LandAtKtex,Active,0,0,1,700,""
3.5899999999999674,"SURVIVE","保持飞机可控",Survive,Active,0,0,1,700,""
3.5899999999999674,"LAND","安全着陆KTEX",LandAtKtex,Active,0,0,1,700,""
3.7899999999999632,"SURVIVE","保持飞机可控",Survive,Active,0,0,1,700,""
3.7899999999999632,"LAND","安全着陆KTEX",LandAtKtex,Active,0,0,1,700,""
3.9899999999999589,"SURVIVE","保持飞机可控",Survive,Active,0,0,1,700,""
3.9899999999999589,"LAND","安全着陆KTEX",LandAtKtex,Active,0,0,1,700,""
4.1899999999999551,"SURVIVE","保持飞机可控",Survive,Active,0,0,1,700,""
4.1899999999999551,"LAND","安全着陆KTEX",LandAtKtex,Active,0,0,1,700,""
4.3899999999999508,"SURVIVE","保持飞机可控",Survive,Active,0,0,1,700,""
4.3899999999999508,"LAND","安全着陆KTEX",LandAtKtex,Active,0,0,1,700,""
4.5899999999999466,"SURVIVE","保持飞机可控",Survive,Active,0,0,1,700,""
4.5899999999999466,"LAND","安全着陆KTEX",LandAtKtex,Active,0,0,1,700,""
4.7899999999999423,"SURVIVE","保持飞机可控",Survive,Active,0,0,1,700,""
4.7899999999999423,"LAND","安全着陆KTEX",LandAtKtex,Active,0,0,1,700,""
4.989999999999938,"SURVIVE","保持飞机可控",Survive,Active,0,0,1,700,""
4.989999999999938,"LAND","安全着陆KTEX",LandAtKtex,Active,0,0,1,700,""
5.1899999999999338,"SURVIVE","保持飞机可控",Survive,Active,0,0,1,700,""
5.1899999999999338,"LAND","安全着陆KTEX",LandAtKtex,Active,0,0,1,700,""
5.3899999999999295,"SURVIVE","保持飞机可控",Survive,Active,0,0,1,700,""
5.3899999999999295,"LAND","安全着陆KTEX",LandAtKtex,Active,0,0,1,700,""
5.5899999999999253,"SURVIVE","保持飞机可控",Survive,Active,0,0,1,700,""
5.5899999999999253,"LAND","安全着陆KTEX",LandAtKtex,Active,0,0,1,700,""
5.789999999999921,"SURVIVE","保持飞机可控",Survive,Active,0,0,1,700,""
5.789999999999921,"LAND","安全着陆KTEX",LandAtKtex,Active,0,0,1,700,""
5.9899999999999167,"SURVIVE","保持飞机可控",Survive,Active,0,0,1,700,""
5.9899999999999167,"LAND","安全着陆KTEX",LandAtKtex,Active,0,0,1,700,""
6.1899999999999125,"SURVIVE","保持飞机可控",Survive,Active,0,0,1,700,""
6.1899999999999125,"LAND","安全着陆KTEX",LandAtKtex,Active,0,0,1,700,""
6.3899999999999082,"SURVIVE","保持飞机可控",Survive,Active,0,0,1,700,""
6.3899999999999082,"LAND","安全着陆KTEX",LandAtKtex,Active,0,0,1,700,""
6.5899999999999039,"SURVIVE","保持飞机可控",Survive,Active,0,0,1,700,""
6.5899999999999039,"LAND","安全着陆KTEX",LandAtKtex,Active,0,0,1,700,""
6.7899999999999,"SURVIVE","保持飞机可控",Survive,Active,0,0,1,700,""
6.7899999999999,"LAND","安全着陆KTEX",LandAtKtex,Active,0,0,1,700,""
6.9899999999998954,"SURVIVE","保持飞机可控",Survive,Active,0,0,1,700,""
6.9899999999998954,"LAND","安全着陆KTEX",LandAtKtex,Active,0,0,1,700,""
7.1899999999998911,"SURVIVE","保持飞机可控",Survive,Active,0,0,1,700,""
7.1899999999998911,"LAND","安全着陆KTEX",LandAtKtex,Active,0,0,1,700,""
7.3899999999998869,"SURVIVE","保持飞机可控",Survive,Active,0,0,1,700,""
7.3899999999998869,"LAND","安全着陆KTEX",LandAtKtex,Active,0,0,1,700,""
7.5899999999998826,"SURVIVE","保持飞机可控",Survive,Active,0,0,1,700,""
7.5899999999998826,"LAND","安全着陆KTEX",LandAtKtex,Active,0,0,1,700,""
7.7899999999998784,"SURVIVE","保持飞机可控",Survive,Active,0,0,1,700,""
7.7899999999998784,"LAND","安全着陆KTEX",LandAtKtex,Active,0,0,1,700,""
7.9899999999998741,"SURVIVE","保持飞机可控",Survive,Active,0,0,1,700,""
7.9899999999998741,"LAND","安全着陆KTEX",LandAtKtex,Active,0,0,1,700,""
8.18999999999987,"SURVIVE","保持飞机可控",Survive,Active,0,0,1,700,""
8.18999999999987,"LAND","安全着陆KTEX",LandAtKtex,Active,0,0,1,700,""
8.3899999999998656,"SURVIVE","保持飞机可控",Survive,Active,0,0,1,700,""
8.3899999999998656,"LAND","安全着陆KTEX",LandAtKtex,Active,0,0,1,700,""
8.5899999999998613,"SURVIVE","保持飞机可控",Survive,Active,0,0,1,700,""
8.5899999999998613,"LAND","安全着陆KTEX",LandAtKtex,Active,0,0,1,700,""
8.789999999999857,"SURVIVE","保持飞机可控",Survive,Active,0,0,1,700,""
8.789999999999857,"LAND","安全着陆KTEX",LandAtKtex,Active,0,0,1,700,""
8.9899999999998528,"SURVIVE","保持飞机可控",Survive,Active,0,0,1,700,""
8.9899999999998528,"LAND","安全着陆KTEX",LandAtKtex,Active,0,0,1,700,""
9.1899999999998485,"SURVIVE","保持飞机可控",Survive,Active,0,0,1,700,""
9.1899999999998485,"LAND","安全着陆KTEX",LandAtKtex,Active,0,0,1,700,""
9.3899999999998442,"SURVIVE","保持飞机可控",Survive,Active,0,0,1,700,""
9.3899999999998442,"LAND","安全着陆KTEX",LandAtKtex,Active,0,0,1,700,""
9.58999999999984,"SURVIVE","保持飞机可控",Survive,Active,0,0,1,700,""
9.58999999999984,"LAND","安全着陆KTEX",LandAtKtex,Active,0,0,1,700,""
9.7899999999998357,"SURVIVE","保持飞机可控",Survive,Active,0,0,1,700,""
9.7899999999998357,"LAND","安全着陆KTEX",LandAtKtex,Active,0,0,1,700,""
9.9899999999998315,"SURVIVE","保持飞机可控",Survive,Active,0,0,1,700,""
9.9899999999998315,"LAND","安全着陆KTEX",LandAtKtex,Active,0,0,1,700,""
10.189999999999827,"SURVIVE","保持飞机可控",Survive,Active,0,0,1,700,""
10.189999999999827,"LAND","安全着陆KTEX",LandAtKtex,Active,0,0,1,700,""
10.389999999999823,"SURVIVE","保持飞机可控",Survive,Active,0,0,1,700,""
10.389999999999823,"LAND","安全着陆KTEX",LandAtKtex,Active,0,0,1,700,""
10.589999999999819,"SURVIVE","保持飞机可控",Survive,Active,0,0,1,700,""
10.589999999999819,"LAND","安全着陆KTEX",LandAtKtex,Active,0,0,1,700,""
10.789999999999814,"SURVIVE","保持飞机可控",Survive,Active,0,0,1,700,""
10.789999999999814,"LAND","安全着陆KTEX",LandAtKtex,Active,0,0,1,700,""
10.98999999999981,"SURVIVE","保持飞机可控",Survive,Active,0,0,1,700,""
10.98999999999981,"LAND","安全着陆KTEX",LandAtKtex,Active,0,0,1,700,""
11.189999999999806,"SURVIVE","保持飞机可控",Survive,Active,0,0,1,700,""
11.189999999999806,"LAND","安全着陆KTEX",LandAtKtex,Active,0,0,1,700,""
11.389999999999802,"SURVIVE","保持飞机可控",Survive,Active,0,0,1,700,""
11.389999999999802,"LAND","安全着陆KTEX",LandAtKtex,Active,0,0,1,700,""
11.589999999999797,"SURVIVE","保持飞机可控",Survive,Active,0,0,1,700,""
11.589999999999797,"LAND","安全着陆KTEX",LandAtKtex,Active,0,0,1,700,""
11.789999999999793,"SURVIVE","保持飞机可控",Survive,Active,0,0,1,700,""
11.789999999999793,"LAND","安全着陆KTEX",LandAtKtex,Active,0,0,1,700,""
11.989999999999789,"SURVIVE","保持飞机可控",Survive,Active,0,0,1,700,""
11.989999999999789,"LAND","安全着陆KTEX",LandAtKtex,Active,0,0,1,700,""
12.189999999999785,"SURVIVE","保持飞机可控",Survive,Active,0,0,1,700,""
12.189999999999785,"LAND","安全着陆KTEX",LandAtKtex,Active,0,0,1,700,""
12.38999999999978,"SURVIVE","保持飞机可控",Survive,Active,0,0,1,700,""
12.38999999999978,"LAND","安全着陆KTEX",LandAtKtex,Active,0,0,1,700,""
12.589999999999776,"SURVIVE","保持飞机可控",Survive,Active,0,0,1,700,""
12.589999999999776,"LAND","安全着陆KTEX",LandAtKtex,Active,0,0,1,700,""
12.789999999999772,"SURVIVE","保持飞机可控",Survive,Active,0,0,1,700,""
12.789999999999772,"LAND","安全着陆KTEX",LandAtKtex,Active,0,0,1,700,""
12.989999999999768,"SURVIVE","保持飞机可控",Survive,Active,0,0,1,700,""
12.989999999999768,"LAND","安全着陆KTEX",LandAtKtex,Active,0,0,1,700,""
13.189999999999763,"SURVIVE","保持飞机可控",Survive,Active,0,0,1,700,""
13.189999999999763,"LAND","安全着陆KTEX",LandAtKtex,Active,0,0,1,700,""
13.389999999999759,"SURVIVE","保持飞机可控",Survive,Active,0,0,1,700,""
13.389999999999759,"LAND","安全着陆KTEX",LandAtKtex,Active,0,0,1,700,""
13.589999999999755,"SURVIVE","保持飞机可控",Survive,Active,0,0,1,700,""
13.589999999999755,"LAND","安全着陆KTEX",LandAtKtex,Active,0,0,1,700,""
13.78999999999975,"SURVIVE","保持飞机可控",Survive,Active,0,0,1,700,""
13.78999999999975,"LAND","安全着陆KTEX",LandAtKtex,Active,0,0,1,700,""
13.989999999999746,"SURVIVE","保持飞机可控",Survive,Active,0,0,1,700,""
13.989999999999746,"LAND","安全着陆KTEX",LandAtKtex,Active,0,0,1,700,""
14.189999999999742,"SURVIVE","保持飞机可控",Survive,Active,0,0,1,700,""
14.189999999999742,"LAND","安全着陆KTEX",LandAtKtex,Active,0,0,1,700,""
14.389999999999738,"SURVIVE","保持飞机可控",Survive,Active,0,0,1,700,""
14.389999999999738,"LAND","安全着陆KTEX",LandAtKtex,Active,0,0,1,700,""
14.589999999999733,"SURVIVE","保持飞机可控",Survive,Active,0,0,1,700,""
14.589999999999733,"LAND","安全着陆KTEX",LandAtKtex,Active,0,0,1,700,""
14.789999999999729,"SURVIVE","保持飞机可控",Survive,Active,0,0,1,700,""
14.789999999999729,"LAND","安全着陆KTEX",LandAtKtex,Active,0,0,1,700,""
14.989999999999725,"SURVIVE","保持飞机可控",Survive,Active,0,0,1,700,""
14.989999999999725,"LAND","安全着陆KTEX",LandAtKtex,Active,0,0,1,700,""
15.189999999999721,"SURVIVE","保持飞机可控",Survive,Active,0,0,1,700,""
15.189999999999721,"LAND","安全着陆KTEX",LandAtKtex,Active,0,0,1,700,""
15.389999999999716,"SURVIVE","保持飞机可控",Survive,Active,0,0,1,700,""
15.389999999999716,"LAND","安全着陆KTEX",LandAtKtex,Active,0,0,1,700,""
15.589999999999712,"SURVIVE","保持飞机可控",Survive,Active,0,0,1,700,""
15.589999999999712,"LAND","安全着陆KTEX",LandAtKtex,Active,0,0,1,700,""
15.789999999999708,"SURVIVE","保持飞机可控",Survive,Active,0,0,1,700,""
15.789999999999708,"LAND","安全着陆KTEX",LandAtKtex,Active,0,0,1,700,""
15.989999999999704,"SURVIVE","保持飞机可控",Survive,Active,0,0,1,700,""
15.989999999999704,"LAND","安全着陆KTEX",LandAtKtex,Active,0,0,1,700,""
16.189999999999731,"SURVIVE","保持飞机可控",Survive,Active,0,0,1,700,""
16.189999999999731,"LAND","安全着陆KTEX",LandAtKtex,Active,0,0,1,700,""
16.389999999999763,"SURVIVE","保持飞机可控",Survive,Active,0,0,1,700,""
16.389999999999763,"LAND","安全着陆KTEX",LandAtKtex,Active,0,0,1,700,""
16.589999999999794,"SURVIVE","保持飞机可控",Survive,Active,0,0,1,700,""
16.589999999999794,"LAND","安全着陆KTEX",LandAtKtex,Active,0,0,1,700,""
16.789999999999825,"SURVIVE","保持飞机可控",Survive,Active,0,0,1,700,""
16.789999999999825,"LAND","安全着陆KTEX",LandAtKtex,Active,0,0,1,700,""
16.989999999999856,"SURVIVE","保持飞机可控",Survive,Active,0,0,1,700,""
16.989999999999856,"LAND","安全着陆KTEX",LandAtKtex,Active,0,0,1,700,""
17.189999999999888,"SURVIVE","保持飞机可控",Survive,Active,0,0,1,700,""
17.189999999999888,"LAND","安全着陆KTEX",LandAtKtex,Active,0,0,1,700,""
17.389999999999919,"SURVIVE","保持飞机可控",Survive,Active,0,0,1,700,""
17.389999999999919,"LAND","安全着陆KTEX",LandAtKtex,Active,0,0,1,700,""
17.58999999999995,"SURVIVE","保持飞机可控",Survive,Active,0,0,1,700,""
17.58999999999995,"LAND","安全着陆KTEX",LandAtKtex,Active,0,0,1,700,""
17.789999999999981,"SURVIVE","保持飞机可控",Survive,Active,0,0,1,700,""
17.789999999999981,"LAND","安全着陆KTEX",LandAtKtex,Active,0,0,1,700,""
17.990000000000013,"SURVIVE","保持飞机可控",Survive,Active,0,0,1,700,""
17.990000000000013,"LAND","安全着陆KTEX",LandAtKtex,Active,0,0,1,700,""
18.190000000000044,"SURVIVE","保持飞机可控",Survive,Active,0,0,1,700,""
18.190000000000044,"LAND","安全着陆KTEX",LandAtKtex,Active,0,0,1,700,""
18.390000000000075,"SURVIVE","保持飞机可控",Survive,Active,0,0,1,700,""
18.390000000000075,"LAND","安全着陆KTEX",LandAtKtex,Active,0,0,1,700,""
18.590000000000106,"SURVIVE","保持飞机可控",Survive,Active,0,0,1,700,""
18.590000000000106,"LAND","安全着陆KTEX",LandAtKtex,Active,0,0,1,700,""
18.790000000000138,"SURVIVE","保持飞机可控",Survive,Active,0,0,1,700,""
18.790000000000138,"LAND","安全着陆KTEX",LandAtKtex,Active,0,0,1,700,""
18.990000000000169,"SURVIVE","保持飞机可控",Survive,Active,0,0,1,700,""
18.990000000000169,"LAND","安全着陆KTEX",LandAtKtex,Active,0,0,1,700,""
19.1900000000002,"SURVIVE","保持飞机可控",Survive,Active,0,0,1,700,""
19.1900000000002,"LAND","安全着陆KTEX",LandAtKtex,Active,0,0,1,700,""
19.390000000000231,"SURVIVE","保持飞机可控",Survive,Active,0,0,1,700,""
19.390000000000231,"LAND","安全着陆KTEX",LandAtKtex,Active,0,0,1,700,""
19.590000000000263,"SURVIVE","保持飞机可控",Survive,Active,0,0,1,700,""
19.590000000000263,"LAND","安全着陆KTEX",LandAtKtex,Active,0,0,1,700,""
19.790000000000294,"SURVIVE","保持飞机可控",Survive,Active,0,0,1,700,""
19.790000000000294,"LAND","安全着陆KTEX",LandAtKtex,Active,0,0,1,700,""
19.990000000000325,"SURVIVE","保持飞机可控",Survive,Active,0,0,1,700,""
19.990000000000325,"LAND","安全着陆KTEX",LandAtKtex,Active,0,0,1,700,""
20.190000000000357,"SURVIVE","保持飞机可控",Survive,Active,0,0,1,700,""
20.190000000000357,"LAND","安全着陆KTEX",LandAtKtex,Active,0,0,1,700,""
20.390000000000388,"SURVIVE","保持飞机可控",Survive,Active,0,0,1,700,""
20.390000000000388,"LAND","安全着陆KTEX",LandAtKtex,Active,0,0,1,700,""
20.590000000000419,"SURVIVE","保持飞机可控",Survive,Active,0,0,1,700,""
20.590000000000419,"LAND","安全着陆KTEX",LandAtKtex,Active,0,0,1,700,""
20.79000000000045,"SURVIVE","保持飞机可控",Survive,Active,0,0,1,700,""
20.79000000000045,"LAND","安全着陆KTEX",LandAtKtex,Active,0,0,1,700,""
20.990000000000482,"SURVIVE","保持飞机可控",Survive,Active,0,0,1,700,""
20.990000000000482,"LAND","安全着陆KTEX",LandAtKtex,Active,0,0,1,700,""
21.190000000000513,"SURVIVE","保持飞机可控",Survive,Active,0,0,1,700,""
21.190000000000513,"LAND","安全着陆KTEX",LandAtKtex,Active,0,0,1,700,""
21.390000000000544,"SURVIVE","保持飞机可控",Survive,Active,0,0,1,700,""
21.390000000000544,"LAND","安全着陆KTEX",LandAtKtex,Active,0,0,1,700,""
21.590000000000575,"SURVIVE","保持飞机可控",Survive,Active,0,0,1,700,""
21.590000000000575,"LAND","安全着陆KTEX",LandAtKtex,Active,0,0,1,700,""
21.790000000000607,"SURVIVE","保持飞机可控",Survive,Active,0,0,1,700,""
21.790000000000607,"LAND","安全着陆KTEX",LandAtKtex,Active,0,0,1,700,""
21.990000000000638,"SURVIVE","保持飞机可控",Survive,Active,0,0,1,700,""
21.990000000000638,"LAND","安全着陆KTEX",LandAtKtex,Active,0,0,1,700,""
22.190000000000669,"SURVIVE","保持飞机可控",Survive,Active,0,0,1,700,""
22.190000000000669,"LAND","安全着陆KTEX",LandAtKtex,Active,0,0,1,700,""
22.3900000000007,"SURVIVE","保持飞机可控",Survive,Active,0,0,1,700,""
22.3900000000007,"LAND","安全着陆KTEX",LandAtKtex,Active,0,0,1,700,""
22.590000000000732,"SURVIVE","保持飞机可控",Survive,Active,0,0,1,700,""
22.590000000000732,"LAND","安全着陆KTEX",LandAtKtex,Active,0,0,1,700,""
22.790000000000763,"SURVIVE","保持飞机可控",Survive,Active,0,0,1,700,""
22.790000000000763,"LAND","安全着陆KTEX",LandAtKtex,Active,0,0,1,700,""
22.990000000000794,"SURVIVE","保持飞机可控",Survive,Active,0,0,1,700,""
22.990000000000794,"LAND","安全着陆KTEX",LandAtKtex,Active,0,0,1,700,""
23.190000000000826,"SURVIVE","保持飞机可控",Survive,Active,0,0,1,700,""
23.190000000000826,"LAND","安全着陆KTEX",LandAtKtex,Active,0,0,1,700,""
23.390000000000857,"SURVIVE","保持飞机可控",Survive,Active,0,0,1,700,""
23.390000000000857,"LAND","安全着陆KTEX",LandAtKtex,Active,0,0,1,700,""
23.590000000000888,"SURVIVE","保持飞机可控",Survive,Active,0,0,1,700,""
23.590000000000888,"LAND","安全着陆KTEX",LandAtKtex,Active,0,0,1,700,""
23.790000000000919,"SURVIVE","保持飞机可控",Survive,Active,0,0,1,700,""
23.790000000000919,"LAND","安全着陆KTEX",LandAtKtex,Active,0,0,1,700,""
23.990000000000951,"SURVIVE","保持飞机可控",Survive,Active,0,0,1,700,""
23.990000000000951,"LAND","安全着陆KTEX",LandAtKtex,Active,0,0,1,700,""
24.190000000000982,"SURVIVE","保持飞机可控",Survive,Active,0,0,1,700,""
24.190000000000982,"LAND","安全着陆KTEX",LandAtKtex,Active,0,0,1,700,""
24.390000000001013,"SURVIVE","保持飞机可控",Survive,Active,0,0,1,700,""
24.390000000001013,"LAND","安全着陆KTEX",LandAtKtex,Active,0,0,1,700,""
24.590000000001044,"SURVIVE","保持飞机可控",Survive,Active,0,0,1,700,""
24.590000000001044,"LAND","安全着陆KTEX",LandAtKtex,Active,0,0,1,700,""
24.790000000001076,"SURVIVE","保持飞机可控",Survive,Active,0,0,1,700,""
24.790000000001076,"LAND","安全着陆KTEX",LandAtKtex,Active,0,0,1,700,""
24.990000000001107,"SURVIVE","保持飞机可控",Survive,Active,0,0,1,700,""
24.990000000001107,"LAND","安全着陆KTEX",LandAtKtex,Active,0,0,1,700,""
25.190000000001138,"SURVIVE","保持飞机可控",Survive,Active,0,0,1,700,""
25.190000000001138,"LAND","安全着陆KTEX",LandAtKtex,Active,0,0,1,700,""
25.390000000001169,"SURVIVE","保持飞机可控",Survive,Active,0,0,1,700,""
25.390000000001169,"LAND","安全着陆KTEX",LandAtKtex,Active,0,0,1,700,""
25.5900000000012,"SURVIVE","保持飞机可控",Survive,Active,0,0,1,700,""
25.5900000000012,"LAND","安全着陆KTEX",LandAtKtex,Active,0,0,1,700,""
25.790000000001232,"SURVIVE","保持飞机可控",Survive,Active,0,0,1,700,""
25.790000000001232,"LAND","安全着陆KTEX",LandAtKtex,Active,0,0,1,700,""
25.990000000001263,"SURVIVE","保持飞机可控",Survive,Active,0,0,1,700,""
25.990000000001263,"LAND","安全着陆KTEX",LandAtKtex,Active,0,0,1,700,""
26.190000000001294,"SURVIVE","保持飞机可控",Survive,Active,0,0,1,700,""
26.190000000001294,"LAND","安全着陆KTEX",LandAtKtex,Active,0,0,1,700,""
26.390000000001326,"SURVIVE","保持飞机可控",Survive,Active,0,0,1,700,""
26.390000000001326,"LAND","安全着陆KTEX",LandAtKtex,Active,0,0,1,700,""
26.590000000001357,"SURVIVE","保持飞机可控",Survive,Active,0,0,1,700,""
26.590000000001357,"LAND","安全着陆KTEX",LandAtKtex,Active,0,0,1,700,""
26.790000000001388,"SURVIVE","保持飞机可控",Survive,Active,0,0,1,700,""
26.790000000001388,"LAND","安全着陆KTEX",LandAtKtex,Active,0,0,1,700,""
26.99000000000142,"SURVIVE","保持飞机可控",Survive,Active,0,0,1,700,""
26.99000000000142,"LAND","安全着陆KTEX",LandAtKtex,Active,0,0,1,700,""
27.190000000001451,"SURVIVE","保持飞机可控",Survive,Active,0,0,1,700,""
27.190000000001451,"LAND","安全着陆KTEX",LandAtKtex,Active,0,0,1,700,""
27.390000000001482,"SURVIVE","保持飞机可控",Survive,Active,0,0,1,700,""
27.390000000001482,"LAND","安全着陆KTEX",LandAtKtex,Active,0,0,1,700,""
27.590000000001513,"SURVIVE","保持飞机可控",Survive,Active,0,0,1,700,""
27.590000000001513,"LAND","安全着陆KTEX",LandAtKtex,Active,0,0,1,700,""
27.790000000001545,"SURVIVE","保持飞机可控",Survive,Active,0,0,1,700,""
27.790000000001545,"LAND","安全着陆KTEX",LandAtKtex,Active,0,0,1,700,""
27.990000000001576,"SURVIVE","保持飞机可控",Survive,Active,0,0,1,700,""
27.990000000001576,"LAND","安全着陆KTEX",LandAtKtex,Active,0,0,1,700,""
28.190000000001607,"SURVIVE","保持飞机可控",Survive,Active,0,0,1,700,""
28.190000000001607,"LAND","安全着陆KTEX",LandAtKtex,Active,0,0,1,700,""
28.390000000001638,"SURVIVE","保持飞机可控",Survive,Active,0,0,1,700,""
28.390000000001638,"LAND","安全着陆KTEX",LandAtKtex,Active,0,0,1,700,""
28.59000000000167,"SURVIVE","保持飞机可控",Survive,Active,0,0,1,700,""
28.59000000000167,"LAND","安全着陆KTEX",LandAtKtex,Active,0,0,1,700,""
28.7900000000017,"SURVIVE","保持飞机可控",Survive,Active,0,0,1,700,""
28.7900000000017,"LAND","安全着陆KTEX",LandAtKtex,Active,0,0,1,700,""
28.990000000001732,"SURVIVE","保持飞机可控",Survive,Active,0,0,1,700,""
28.990000000001732,"LAND","安全着陆KTEX",LandAtKtex,Active,0,0,1,700,""
29.190000000001763,"SURVIVE","保持飞机可控",Survive,Active,0,0,1,700,""
29.190000000001763,"LAND","安全着陆KTEX",LandAtKtex,Active,0,0,1,700,""
29.390000000001795,"SURVIVE","保持飞机可控",Survive,Active,0,0,1,700,""
29.390000000001795,"LAND","安全着陆KTEX",LandAtKtex,Active,0,0,1,700,""
29.590000000001826,"SURVIVE","保持飞机可控",Survive,Active,0,0,1,700,""
29.590000000001826,"LAND","安全着陆KTEX",LandAtKtex,Active,0,0,1,700,""
29.790000000001857,"SURVIVE","保持飞机可控",Survive,Active,0,0,1,700,""
29.790000000001857,"LAND","安全着陆KTEX",LandAtKtex,Active,0,0,1,700,""
29.990000000001888,"SURVIVE","保持飞机可控",Survive,Active,0,0,1,700,""
29.990000000001888,"LAND","安全着陆KTEX",LandAtKtex,Active,0,0,1,700,""
30.19000000000192,"SURVIVE","保持飞机可控",Survive,Active,0,0,1,700,""
30.19000000000192,"LAND","安全着陆KTEX",LandAtKtex,Active,0,0,1,700,""
30.390000000001951,"SURVIVE","保持飞机可控",Survive,Active,0,0,1,700,""
30.390000000001951,"LAND","安全着陆KTEX",LandAtKtex,Active,0,0,1,700,""
30.590000000001982,"SURVIVE","保持飞机可控",Survive,Active,0,0,1,700,""
30.590000000001982,"LAND","安全着陆KTEX",LandAtKtex,Active,0,0,1,700,""
30.790000000002014,"SURVIVE","保持飞机可控",Survive,Active,0,0,1,700,""
30.790000000002014,"LAND","安全着陆KTEX",LandAtKtex,Active,0,0,1,700,""
30.990000000002045,"SURVIVE","保持飞机可控",Survive,Active,0,0,1,700,""
30.990000000002045,"LAND","安全着陆KTEX",LandAtKtex,Active,0,0,1,700,""
31.190000000002076,"SURVIVE","保持飞机可控",Survive,Active,0,0,1,700,""
31.190000000002076,"LAND","安全着陆KTEX",LandAtKtex,Active,0,0,1,700,""
31.390000000002107,"SURVIVE","保持飞机可控",Survive,Active,0,0,1,700,""
31.390000000002107,"LAND","安全着陆KTEX",LandAtKtex,Active,0,0,1,700,""
31.590000000002139,"SURVIVE","保持飞机可控",Survive,Active,0,0,1,700,""
31.590000000002139,"LAND","安全着陆KTEX",LandAtKtex,Active,0,0,1,700,""
31.79000000000217,"SURVIVE","保持飞机可控",Survive,Active,0,0,1,700,""
31.79000000000217,"LAND","安全着陆KTEX",LandAtKtex,Active,0,0,1,700,""
31.9900000000022,"SURVIVE","保持飞机可控",Survive,Active,0,0,1,700,""
31.9900000000022,"LAND","安全着陆KTEX",LandAtKtex,Active,0,0,1,700,""
32.190000000002165,"SURVIVE","保持飞机可控",Survive,Active,0,0,1,700,""
32.190000000002165,"LAND","安全着陆KTEX",LandAtKtex,Active,0,0,1,700,""
32.390000000002125,"SURVIVE","保持飞机可控",Survive,Active,0,0,1,700,""
32.390000000002125,"LAND","安全着陆KTEX",LandAtKtex,Active,0,0,1,700,""
32.590000000002085,"SURVIVE","保持飞机可控",Survive,Active,0,0,1,700,""
32.590000000002085,"LAND","安全着陆KTEX",LandAtKtex,Active,0,0,1,700,""
32.790000000002046,"SURVIVE","保持飞机可控",Survive,Active,0,0,1,700,""
32.790000000002046,"LAND","安全着陆KTEX",LandAtKtex,Active,0,0,1,700,""
32.990000000002006,"SURVIVE","保持飞机可控",Survive,Active,0,0,1,700,""
32.990000000002006,"LAND","安全着陆KTEX",LandAtKtex,Active,0,0,1,700,""
33.190000000001966,"SURVIVE","保持飞机可控",Survive,Active,0,0,1,700,""
33.190000000001966,"LAND","安全着陆KTEX",LandAtKtex,Active,0,0,1,700,""
33.390000000001926,"SURVIVE","保持飞机可控",Survive,Active,0,0,1,700,""
33.390000000001926,"LAND","安全着陆KTEX",LandAtKtex,Active,0,0,1,700,""
33.590000000001886,"SURVIVE","保持飞机可控",Survive,Active,0,0,1,700,""
33.590000000001886,"LAND","安全着陆KTEX",LandAtKtex,Active,0,0,1,700,""
33.790000000001847,"SURVIVE","保持飞机可控",Survive,Active,0,0,1,700,""
33.790000000001847,"LAND","安全着陆KTEX",LandAtKtex,Active,0,0,1,700,""
33.990000000001807,"SURVIVE","保持飞机可控",Survive,Active,0,0,1,700,""
33.990000000001807,"LAND","安全着陆KTEX",LandAtKtex,Active,0,0,1,700,""
34.190000000001767,"SURVIVE","保持飞机可控",Survive,Active,0,0,1,700,""
34.190000000001767,"LAND","安全着陆KTEX",LandAtKtex,Active,0,0,1,700,""
34.390000000001727,"SURVIVE","保持飞机可控",Survive,Active,0,0,1,700,""
34.390000000001727,"LAND","安全着陆KTEX",LandAtKtex,Active,0,0,1,700,""
34.590000000001687,"SURVIVE","保持飞机可控",Survive,Active,0,0,1,700,""
34.590000000001687,"LAND","安全着陆KTEX",LandAtKtex,Active,0,0,1,700,""
34.790000000001648,"SURVIVE","保持飞机可控",Survive,Active,0,0,1,700,""
34.790000000001648,"LAND","安全着陆KTEX",LandAtKtex,Active,0,0,1,700,""
34.990000000001608,"SURVIVE","保持飞机可控",Survive,Active,0,0,1,700,""
34.990000000001608,"LAND","安全着陆KTEX",LandAtKtex,Active,0,0,1,700,""
35.190000000001568,"SURVIVE","保持飞机可控",Survive,Active,0,0,1,700,""
35.190000000001568,"LAND","安全着陆KTEX",LandAtKtex,Active,0,0,1,700,""
35.390000000001528,"SURVIVE","保持飞机可控",Survive,Active,0,0,1,700,""
35.390000000001528,"LAND","安全着陆KTEX",LandAtKtex,Active,0,0,1,700,""
35.590000000001488,"SURVIVE","保持飞机可控",Survive,Active,0,0,1,700,""
35.590000000001488,"LAND","安全着陆KTEX",LandAtKtex,Active,0,0,1,700,""
35.790000000001449,"SURVIVE","保持飞机可控",Survive,Active,0,0,1,700,""
35.790000000001449,"LAND","安全着陆KTEX",LandAtKtex,Active,0,0,1,700,""
35.990000000001409,"SURVIVE","保持飞机可控",Survive,Active,0,0,1,700,""
35.990000000001409,"LAND","安全着陆KTEX",LandAtKtex,Active,0,0,1,700,""
36.190000000001369,"SURVIVE","保持飞机可控",Survive,Active,0,0,1,700,""
36.190000000001369,"LAND","安全着陆KTEX",LandAtKtex,Active,0,0,1,700,""
36.390000000001329,"SURVIVE","保持飞机可控",Survive,Active,0,0,1,700,""
36.390000000001329,"LAND","安全着陆KTEX",LandAtKtex,Active,0,0,1,700,""
36.590000000001289,"SURVIVE","保持飞机可控",Survive,Active,0,0,1,700,""
36.590000000001289,"LAND","安全着陆KTEX",LandAtKtex,Active,0,0,1,700,""
36.79000000000125,"SURVIVE","保持飞机可控",Survive,Active,0,0,1,700,""
36.79000000000125,"LAND","安全着陆KTEX",LandAtKtex,Active,0,0,1,700,""
36.99000000000121,"SURVIVE","保持飞机可控",Survive,Active,0,0,1,700,""
36.99000000000121,"LAND","安全着陆KTEX",LandAtKtex,Active,0,0,1,700,""
37.19000000000117,"SURVIVE","保持飞机可控",Survive,Active,0,0,1,700,""
37.19000000000117,"LAND","安全着陆KTEX",LandAtKtex,Active,0,0,1,700,""
37.39000000000113,"SURVIVE","保持飞机可控",Survive,Active,0,0,1,700,""
37.39000000000113,"LAND","安全着陆KTEX",LandAtKtex,Active,0,0,1,700,""
37.590000000001091,"SURVIVE","保持飞机可控",Survive,Active,0,0,1,700,""
37.590000000001091,"LAND","安全着陆KTEX",LandAtKtex,Active,0,0,1,700,""
37.790000000001051,"SURVIVE","保持飞机可控",Survive,Active,0,0,1,700,""
37.790000000001051,"LAND","安全着陆KTEX",LandAtKtex,Active,0,0,1,700,""
37.990000000001011,"SURVIVE","保持飞机可控",Survive,Active,0,0,1,700,""
37.990000000001011,"LAND","安全着陆KTEX",LandAtKtex,Active,0,0,1,700,""
38.190000000000971,"SURVIVE","保持飞机可控",Survive,Active,0,0,1,700,""
38.190000000000971,"LAND","安全着陆KTEX",LandAtKtex,Active,0,0,1,700,""
38.390000000000931,"SURVIVE","保持飞机可控",Survive,Active,0,0,1,700,""
38.390000000000931,"LAND","安全着陆KTEX",LandAtKtex,Active,0,0,1,700,""
38.590000000000892,"SURVIVE","保持飞机可控",Survive,Active,0,0,1,700,""
38.590000000000892,"LAND","安全着陆KTEX",LandAtKtex,Active,0,0,1,700,""
38.790000000000852,"SURVIVE","保持飞机可控",Survive,Active,0,0,1,700,""
38.790000000000852,"LAND","安全着陆KTEX",LandAtKtex,Active,0,0,1,700,""
38.990000000000812,"SURVIVE","保持飞机可控",Survive,Active,0,0,1,700,""
38.990000000000812,"LAND","安全着陆KTEX",LandAtKtex,Active,0,0,1,700,""
39.190000000000772,"SURVIVE","保持飞机可控",Survive,Active,0,0,1,700,""
39.190000000000772,"LAND","安全着陆KTEX",LandAtKtex,Active,0,0,1,700,""
39.390000000000732,"SURVIVE","保持飞机可控",Survive,Active,0,0,1,700,""
39.390000000000732,"LAND","安全着陆KTEX",LandAtKtex,Active,0,0,1,700,""
39.590000000000693,"SURVIVE","保持飞机可控",Survive,Active,0,0,1,700,""
39.590000000000693,"LAND","安全着陆KTEX",LandAtKtex,Active,0,0,1,700,""
39.790000000000653,"SURVIVE","保持飞机可控",Survive,Active,0,0,1,700,""
39.790000000000653,"LAND","安全着陆KTEX",LandAtKtex,Active,0,0,1,700,""
39.990000000000613,"SURVIVE","保持飞机可控",Survive,Active,0,0,1,700,""
39.990000000000613,"LAND","安全着陆KTEX",LandAtKtex,Active,0,0,1,700,""
40.190000000000573,"SURVIVE","保持飞机可控",Survive,Active,0,0,1,700,""
40.190000000000573,"LAND","安全着陆KTEX",LandAtKtex,Active,0,0,1,700,""
40.390000000000533,"SURVIVE","保持飞机可控",Survive,Active,0,0,1,700,""
40.390000000000533,"LAND","安全着陆KTEX",LandAtKtex,Active,0,0,1,700,""
40.590000000000494,"SURVIVE","保持飞机可控",Survive,Active,0,0,1,700,""
40.590000000000494,"LAND","安全着陆KTEX",LandAtKtex,Active,0,0,1,700,""
40.790000000000454,"SURVIVE","保持飞机可控",Survive,Active,0,0,1,700,""
40.790000000000454,"LAND","安全着陆KTEX",LandAtKtex,Active,0,0,1,700,""
40.990000000000414,"SURVIVE","保持飞机可控",Survive,Active,0,0,1,700,""
40.990000000000414,"LAND","安全着陆KTEX",LandAtKtex,Active,0,0,1,700,""
41.190000000000374,"SURVIVE","保持飞机可控",Survive,Active,0,0,1,700,""
41.190000000000374,"LAND","安全着陆KTEX",LandAtKtex,Active,0,0,1,700,""
41.390000000000335,"SURVIVE","保持飞机可控",Survive,Active,0,0,1,700,""
41.390000000000335,"LAND","安全着陆KTEX",LandAtKtex,Active,0,0,1,700,""
41.590000000000295,"SURVIVE","保持飞机可控",Survive,Active,0,0,1,700,""
41.590000000000295,"LAND","安全着陆KTEX",LandAtKtex,Active,0,0,1,700,""
41.790000000000255,"SURVIVE","保持飞机可控",Survive,Active,0,0,1,700,""
41.790000000000255,"LAND","安全着陆KTEX",LandAtKtex,Active,0,0,1,700,""
41.990000000000215,"SURVIVE","保持飞机可控",Survive,Active,0,0,1,700,""
41.990000000000215,"LAND","安全着陆KTEX",LandAtKtex,Active,0,0,1,700,""
42.190000000000175,"SURVIVE","保持飞机可控",Survive,Active,0,0,1,700,""
42.190000000000175,"LAND","安全着陆KTEX",LandAtKtex,Active,0,0,1,700,""
42.390000000000136,"SURVIVE","保持飞机可控",Survive,Active,0,0,1,700,""
42.390000000000136,"LAND","安全着陆KTEX",LandAtKtex,Active,0,0,1,700,""
42.590000000000096,"SURVIVE","保持飞机可控",Survive,Active,0,0,1,700,""
42.590000000000096,"LAND","安全着陆KTEX",LandAtKtex,Active,0,0,1,700,""
42.790000000000056,"SURVIVE","保持飞机可控",Survive,Active,0,0,1,700,""
42.790000000000056,"LAND","安全着陆KTEX",LandAtKtex,Active,0,0,1,700,""
42.990000000000016,"SURVIVE","保持飞机可控",Survive,Active,0,0,1,700,""
42.990000000000016,"LAND","安全着陆KTEX",LandAtKtex,Active,0,0,1,700,""
43.189999999999976,"SURVIVE","保持飞机可控",Survive,Active,0,0,1,700,""
43.189999999999976,"LAND","安全着陆KTEX",LandAtKtex,Active,0,0,1,700,""
43.389999999999937,"SURVIVE","保持飞机可控",Survive,Active,0,0,1,700,""
43.389999999999937,"LAND","安全着陆KTEX",LandAtKtex,Active,0,0,1,700,""
43.5899999999999,"SURVIVE","保持飞机可控",Survive,Active,0,0,1,700,""
43.5899999999999,"LAND","安全着陆KTEX",LandAtKtex,Active,0,0,1,700,""
43.789999999999857,"SURVIVE","保持飞机可控",Survive,Active,0,0,1,700,""
43.789999999999857,"LAND","安全着陆KTEX",LandAtKtex,Active,0,0,1,700,""
43.989999999999817,"SURVIVE","保持飞机可控",Survive,Active,0,0,1,700,""
43.989999999999817,"LAND","安全着陆KTEX",LandAtKtex,Active,0,0,1,700,""
44.189999999999777,"SURVIVE","保持飞机可控",Survive,Active,0,0,1,700,""
44.189999999999777,"LAND","安全着陆KTEX",LandAtKtex,Active,0,0,1,700,""
44.389999999999738,"SURVIVE","保持飞机可控",Survive,Active,0,0,1,700,""
44.389999999999738,"LAND","安全着陆KTEX",LandAtKtex,Active,0,0,1,700,""
44.5899999999997,"SURVIVE","保持飞机可控",Survive,Active,0,0,1,700,""
44.5899999999997,"LAND","安全着陆KTEX",LandAtKtex,Active,0,0,1,700,""
44.789999999999658,"SURVIVE","保持飞机可控",Survive,Active,0,0,1,700,""
44.789999999999658,"LAND","安全着陆KTEX",LandAtKtex,Active,0,0,1,700,""
44.989999999999618,"SURVIVE","保持飞机可控",Survive,Active,0,0,1,700,""
44.989999999999618,"LAND","安全着陆KTEX",LandAtKtex,Active,0,0,1,700,""
45.189999999999579,"SURVIVE","保持飞机可控",Survive,Active,0,0,1,700,""
45.189999999999579,"LAND","安全着陆KTEX",LandAtKtex,Active,0,0,1,700,""
45.389999999999539,"SURVIVE","保持飞机可控",Survive,Active,0,0,1,700,""
45.389999999999539,"LAND","安全着陆KTEX",LandAtKtex,Active,0,0,1,700,""
45.5899999999995,"SURVIVE","保持飞机可控",Survive,Active,0,0,1,700,""
45.5899999999995,"LAND","安全着陆KTEX",LandAtKtex,Active,0,0,1,700,""
45.789999999999459,"SURVIVE","保持飞机可控",Survive,Active,0,0,1,700,""
45.789999999999459,"LAND","安全着陆KTEX",LandAtKtex,Active,0,0,1,700,""
45.989999999999419,"SURVIVE","保持飞机可控",Survive,Active,0,0,1,700,""
45.989999999999419,"LAND","安全着陆KTEX",LandAtKtex,Active,0,0,1,700,""
46.18999999999938,"SURVIVE","保持飞机可控",Survive,Active,0,0,1,700,""
46.18999999999938,"LAND","安全着陆KTEX",LandAtKtex,Active,0,0,1,700,""
46.38999999999934,"SURVIVE","保持飞机可控",Survive,Active,0,0,1,700,""
46.38999999999934,"LAND","安全着陆KTEX",LandAtKtex,Active,0,0,1,700,""
46.5899999999993,"SURVIVE","保持飞机可控",Survive,Active,0,0,1,700,""
46.5899999999993,"LAND","安全着陆KTEX",LandAtKtex,Active,0,0,1,700,""
46.78999999999926,"SURVIVE","保持飞机可控",Survive,Active,0,0,1,700,""
46.78999999999926,"LAND","安全着陆KTEX",LandAtKtex,Active,0,0,1,700,""
46.98999999999922,"SURVIVE","保持飞机可控",Survive,Active,0,0,1,700,""
46.98999999999922,"LAND","安全着陆KTEX",LandAtKtex,Active,0,0,1,700,""
47.189999999999181,"SURVIVE","保持飞机可控",Survive,Active,0,0,1,700,""
47.189999999999181,"LAND","安全着陆KTEX",LandAtKtex,Active,0,0,1,700,""
47.389999999999141,"SURVIVE","保持飞机可控",Survive,Active,0,0,1,700,""
47.389999999999141,"LAND","安全着陆KTEX",LandAtKtex,Active,0,0,1,700,""
47.5899999999991,"SURVIVE","保持飞机可控",Survive,Active,0,0,1,700,""
47.5899999999991,"LAND","安全着陆KTEX",LandAtKtex,Active,0,0,1,700,""
47.789999999999061,"SURVIVE","保持飞机可控",Survive,Active,0,0,1,700,""
47.789999999999061,"LAND","安全着陆KTEX",LandAtKtex,Active,0,0,1,700,""
47.989999999999021,"SURVIVE","保持飞机可控",Survive,Active,0,0,1,700,""
47.989999999999021,"LAND","安全着陆KTEX",LandAtKtex,Active,0,0,1,700,""
48.189999999998982,"SURVIVE","保持飞机可控",Survive,Active,0,0,1,700,""
48.189999999998982,"LAND","安全着陆KTEX",LandAtKtex,Active,0,0,1,700,""
48.389999999998942,"SURVIVE","保持飞机可控",Survive,Active,0,0,1,700,""
48.389999999998942,"LAND","安全着陆KTEX",LandAtKtex,Active,0,0,1,700,""
48.5899999999989,"SURVIVE","保持飞机可控",Survive,Active,0,0,1,700,""
48.5899999999989,"LAND","安全着陆KTEX",LandAtKtex,Active,0,0,1,700,""
48.789999999998862,"SURVIVE","保持飞机可控",Survive,Active,0,0,1,700,""
48.789999999998862,"LAND","安全着陆KTEX",LandAtKtex,Active,0,0,1,700,""
48.989999999998822,"SURVIVE","保持飞机可控",Survive,Active,0,0,1,700,""
48.989999999998822,"LAND","安全着陆KTEX",LandAtKtex,Active,0,0,1,700,""
49.189999999998783,"SURVIVE","保持飞机可控",Survive,Active,0,0,1,700,""
49.189999999998783,"LAND","安全着陆KTEX",LandAtKtex,Active,0,0,1,700,""
49.389999999998743,"SURVIVE","保持飞机可控",Survive,Active,0,0,1,700,""
49.389999999998743,"LAND","安全着陆KTEX",LandAtKtex,Active,0,0,1,700,""
49.5899999999987,"SURVIVE","保持飞机可控",Survive,Active,0,0,1,700,""
49.5899999999987,"LAND","安全着陆KTEX",LandAtKtex,Active,0,0,1,700,""
49.789999999998663,"SURVIVE","保持飞机可控",Survive,Active,0,0,1,700,""
49.789999999998663,"LAND","安全着陆KTEX",LandAtKtex,Active,0,0,1,700,""
49.989999999998624,"SURVIVE","保持飞机可控",Survive,Active,0,0,1,700,""
49.989999999998624,"LAND","安全着陆KTEX",LandAtKtex,Active,0,0,1,700,""
50.189999999998584,"SURVIVE","保持飞机可控",Survive,Active,0,0,1,700,""
50.189999999998584,"LAND","安全着陆KTEX",LandAtKtex,Active,0,0,1,700,""
50.389999999998544,"SURVIVE","保持飞机可控",Survive,Active,0,0,1,700,""
50.389999999998544,"LAND","安全着陆KTEX",LandAtKtex,Active,0,0,1,700,""
50.589999999998504,"SURVIVE","保持飞机可控",Survive,Active,0,0,1,700,""
50.589999999998504,"LAND","安全着陆KTEX",LandAtKtex,Active,0,0,1,700,""
50.789999999998464,"SURVIVE","保持飞机可控",Survive,Active,0,0,1,700,""
50.789999999998464,"LAND","安全着陆KTEX",LandAtKtex,Active,0,0,1,700,""
50.989999999998425,"SURVIVE","保持飞机可控",Survive,Active,0,0,1,700,""
50.989999999998425,"LAND","安全着陆KTEX",LandAtKtex,Active,0,0,1,700,""
51.189999999998385,"SURVIVE","保持飞机可控",Survive,Active,0,0,1,700,""
51.189999999998385,"LAND","安全着陆KTEX",LandAtKtex,Active,0,0,1,700,""
51.389999999998345,"SURVIVE","保持飞机可控",Survive,Active,0,0,1,700,""
51.389999999998345,"LAND","安全着陆KTEX",LandAtKtex,Active,0,0,1,700,""
51.589999999998305,"SURVIVE","保持飞机可控",Survive,Active,0,0,1,700,""
51.589999999998305,"LAND","安全着陆KTEX",LandAtKtex,Active,0,0,1,700,""
51.789999999998265,"SURVIVE","保持飞机可控",Survive,Active,0,0,1,700,""
51.789999999998265,"LAND","安全着陆KTEX",LandAtKtex,Active,0,0,1,700,""
51.989999999998226,"SURVIVE","保持飞机可控",Survive,Active,0,0,1,700,""
51.989999999998226,"LAND","安全着陆KTEX",LandAtKtex,Active,0,0,1,700,""
52.189999999998186,"SURVIVE","保持飞机可控",Survive,Active,0,0,1,700,""
52.189999999998186,"LAND","安全着陆KTEX",LandAtKtex,Active,0,0,1,700,""
52.389999999998146,"SURVIVE","保持飞机可控",Survive,Active,0,0,1,700,""
52.389999999998146,"LAND","安全着陆KTEX",LandAtKtex,Active,0,0,1,700,""
52.589999999998106,"SURVIVE","保持飞机可控",Survive,Active,0,0,1,700,""
52.589999999998106,"LAND","安全着陆KTEX",LandAtKtex,Active,0,0,1,700,""
52.789999999998066,"SURVIVE","保持飞机可控",Survive,Active,0,0,1,700,""
52.789999999998066,"LAND","安全着陆KTEX",LandAtKtex,Active,0,0,1,700,""
52.989999999998027,"SURVIVE","保持飞机可控",Survive,Active,0,0,1,700,""
52.989999999998027,"LAND","安全着陆KTEX",LandAtKtex,Active,0,0,1,700,""
53.189999999997987,"SURVIVE","保持飞机可控",Survive,Active,0,0,1,700,""
53.189999999997987,"LAND","安全着陆KTEX",LandAtKtex,Active,0,0,1,700,""
53.389999999997947,"SURVIVE","保持飞机可控",Survive,Active,0,0,1,700,""
53.389999999997947,"LAND","安全着陆KTEX",LandAtKtex,Active,0,0,1,700,""
53.589999999997907,"SURVIVE","保持飞机可控",Survive,Active,0,0,1,700,""
53.589999999997907,"LAND","安全着陆KTEX",LandAtKtex,Active,0,0,1,700,""
53.789999999997868,"SURVIVE","保持飞机可控",Survive,Active,0,0,1,700,""
53.789999999997868,"LAND","安全着陆KTEX",LandAtKtex,Active,0,0,1,700,""
53.989999999997828,"SURVIVE","保持飞机可控",Survive,Active,0,0,1,700,""
53.989999999997828,"LAND","安全着陆KTEX",LandAtKtex,Active,0,0,1,700,""
54.189999999997788,"SURVIVE","保持飞机可控",Survive,Active,0,0,1,700,""
54.189999999997788,"LAND","安全着陆KTEX",LandAtKtex,Active,0,0,1,700,""
54.389999999997748,"SURVIVE","保持飞机可控",Survive,Active,0,0,1,700,""
54.389999999997748,"LAND","安全着陆KTEX",LandAtKtex,Active,0,0,1,700,""
54.589999999997708,"SURVIVE","保持飞机可控",Survive,Active,0,0,1,700,""
54.589999999997708,"LAND","安全着陆KTEX",LandAtKtex,Active,0,0,1,700,""
54.789999999997669,"SURVIVE","保持飞机可控",Survive,Active,0,0,1,700,""
54.789999999997669,"LAND","安全着陆KTEX",LandAtKtex,Active,0,0,1,700,""
54.989999999997629,"SURVIVE","保持飞机可控",Survive,Active,0,0,1,700,""
54.989999999997629,"LAND","安全着陆KTEX",LandAtKtex,Active,0,0,1,700,""
55.189999999997589,"SURVIVE","保持飞机可控",Survive,Active,0,0,1,700,""
55.189999999997589,"LAND","安全着陆KTEX",LandAtKtex,Active,0,0,1,700,""
55.389999999997549,"SURVIVE","保持飞机可控",Survive,Active,0,0,1,700,""
55.389999999997549,"LAND","安全着陆KTEX",LandAtKtex,Active,0,0,1,700,""
55.589999999997509,"SURVIVE","保持飞机可控",Survive,Active,0,0,1,700,""
55.589999999997509,"LAND","安全着陆KTEX",LandAtKtex,Active,0,0,1,700,""
55.78999999999747,"SURVIVE","保持飞机可控",Survive,Active,0,0,1,700,""
55.78999999999747,"LAND","安全着陆KTEX",LandAtKtex,Active,0,0,1,700,""
55.98999999999743,"SURVIVE","保持飞机可控",Survive,Active,0,0,1,700,""
55.98999999999743,"LAND","安全着陆KTEX",LandAtKtex,Active,0,0,1,700,""
56.18999999999739,"SURVIVE","保持飞机可控",Survive,Active,0,0,1,700,""
56.18999999999739,"LAND","安全着陆KTEX",LandAtKtex,Active,0,0,1,700,""
56.38999999999735,"SURVIVE","保持飞机可控",Survive,Active,0,0,1,700,""
56.38999999999735,"LAND","安全着陆KTEX",LandAtKtex,Active,0,0,1,700,""
56.58999999999731,"SURVIVE","保持飞机可控",Survive,Active,0,0,1,700,""
56.58999999999731,"LAND","安全着陆KTEX",LandAtKtex,Active,0,0,1,700,""
56.789999999997271,"SURVIVE","保持飞机可控",Survive,Active,0,0,1,700,""
56.789999999997271,"LAND","安全着陆KTEX",LandAtKtex,Active,0,0,1,700,""
56.989999999997231,"SURVIVE","保持飞机可控",Survive,Active,0,0,1,700,""
56.989999999997231,"LAND","安全着陆KTEX",LandAtKtex,Active,0,0,1,700,""
57.189999999997191,"SURVIVE","保持飞机可控",Survive,Active,0,0,1,700,""
57.189999999997191,"LAND","安全着陆KTEX",LandAtKtex,Active,0,0,1,700,""
57.389999999997151,"SURVIVE","保持飞机可控",Survive,Active,0,0,1,700,""
57.389999999997151,"LAND","安全着陆KTEX",LandAtKtex,Active,0,0,1,700,""
57.589999999997112,"SURVIVE","保持飞机可控",Survive,Active,0,0,1,700,""
57.589999999997112,"LAND","安全着陆KTEX",LandAtKtex,Active,0,0,1,700,""
57.789999999997072,"SURVIVE","保持飞机可控",Survive,Active,0,0,1,700,""
57.789999999997072,"LAND","安全着陆KTEX",LandAtKtex,Active,0,0,1,700,""
57.989999999997032,"SURVIVE","保持飞机可控",Survive,Active,0,0,1,700,""
57.989999999997032,"LAND","安全着陆KTEX",LandAtKtex,Active,0,0,1,700,""
58.189999999996992,"SURVIVE","保持飞机可控",Survive,Active,0,0,1,700,""
58.189999999996992,"LAND","安全着陆KTEX",LandAtKtex,Active,0,0,1,700,""
58.389999999996952,"SURVIVE","保持飞机可控",Survive,Active,0,0,1,700,""
58.389999999996952,"LAND","安全着陆KTEX",LandAtKtex,Active,0,0,1,700,""
58.589999999996913,"SURVIVE","保持飞机可控",Survive,Active,0,0,1,700,""
58.589999999996913,"LAND","安全着陆KTEX",LandAtKtex,Active,0,0,1,700,""
58.789999999996873,"SURVIVE","保持飞机可控",Survive,Active,0,0,1,700,""
58.789999999996873,"LAND","安全着陆KTEX",LandAtKtex,Active,0,0,1,700,""
58.989999999996833,"SURVIVE","保持飞机可控",Survive,Active,0,0,1,700,""
58.989999999996833,"LAND","安全着陆KTEX",LandAtKtex,Active,0,0,1,700,""
59.189999999996793,"SURVIVE","保持飞机可控",Survive,Active,0,0,1,700,""
59.189999999996793,"LAND","安全着陆KTEX",LandAtKtex,Active,0,0,1,700,""
59.389999999996753,"SURVIVE","保持飞机可控",Survive,Active,0,0,1,700,""
59.389999999996753,"LAND","安全着陆KTEX",LandAtKtex,Active,0,0,1,700,""
59.589999999996714,"SURVIVE","保持飞机可控",Survive,Active,0,0,1,700,""
59.589999999996714,"LAND","安全着陆KTEX",LandAtKtex,Active,0,0,1,700,""
59.789999999996674,"SURVIVE","保持飞机可控",Survive,Active,0,0,1,700,""
59.789999999996674,"LAND","安全着陆KTEX",LandAtKtex,Active,0,0,1,700,""
59.989999999996634,"SURVIVE","保持飞机可控",Survive,Active,0,0,1,700,""
59.989999999996634,"LAND","安全着陆KTEX",LandAtKtex,Active,0,0,1,700,""
60.189999999996594,"SURVIVE","保持飞机可控",Survive,Active,0,0,1,700,""
60.189999999996594,"LAND","安全着陆KTEX",LandAtKtex,Active,0,0,1,700,""
60.389999999996554,"SURVIVE","保持飞机可控",Survive,Active,0,0,1,700,""
60.389999999996554,"LAND","安全着陆KTEX",LandAtKtex,Active,0,0,1,700,""
60.589999999996515,"SURVIVE","保持飞机可控",Survive,Active,0,0,1,700,""
60.589999999996515,"LAND","安全着陆KTEX",LandAtKtex,Active,0,0,1,700,""
60.789999999996475,"SURVIVE","保持飞机可控",Survive,Active,0,0,1,700,""
60.789999999996475,"LAND","安全着陆KTEX",LandAtKtex,Active,0,0,1,700,""
60.989999999996435,"SURVIVE","保持飞机可控",Survive,Active,0,0,1,700,""
60.989999999996435,"LAND","安全着陆KTEX",LandAtKtex,Active,0,0,1,700,""
61.189999999996395,"SURVIVE","保持飞机可控",Survive,Active,0,0,1,700,""
61.189999999996395,"LAND","安全着陆KTEX",LandAtKtex,Active,0,0,1,700,""
61.389999999996355,"SURVIVE","保持飞机可控",Survive,Active,0,0,1,700,""
61.389999999996355,"LAND","安全着陆KTEX",LandAtKtex,Active,0,0,1,700,""
61.589999999996316,"SURVIVE","保持飞机可控",Survive,Active,0,0,1,700,""
61.589999999996316,"LAND","安全着陆KTEX",LandAtKtex,Active,0,0,1,700,""
61.789999999996276,"SURVIVE","保持飞机可控",Survive,Active,0,0,1,700,""
61.789999999996276,"LAND","安全着陆KTEX",LandAtKtex,Active,0,0,1,700,""
61.989999999996236,"SURVIVE","保持飞机可控",Survive,Active,0,0,1,700,""
61.989999999996236,"LAND","安全着陆KTEX",LandAtKtex,Active,0,0,1,700,""
62.189999999996196,"SURVIVE","保持飞机可控",Survive,Active,0,0,1,700,""
62.189999999996196,"LAND","安全着陆KTEX",LandAtKtex,Active,0,0,1,700,""
62.389999999996157,"SURVIVE","保持飞机可控",Survive,Active,0,0,1,700,""
62.389999999996157,"LAND","安全着陆KTEX",LandAtKtex,Active,0,0,1,700,""
62.589999999996117,"SURVIVE","保持飞机可控",Survive,Active,0,0,1,700,""
62.589999999996117,"LAND","安全着陆KTEX",LandAtKtex,Active,0,0,1,700,""
62.789999999996077,"SURVIVE","保持飞机可控",Survive,Active,0,0,1,700,""
62.789999999996077,"LAND","安全着陆KTEX",LandAtKtex,Active,0,0,1,700,""
62.989999999996037,"SURVIVE","保持飞机可控",Survive,Active,0,0,1,700,""
62.989999999996037,"LAND","安全着陆KTEX",LandAtKtex,Active,0,0,1,700,""
63.189999999996,"SURVIVE","保持飞机可控",Survive,Active,0,0,1,700,""
63.189999999996,"LAND","安全着陆KTEX",LandAtKtex,Active,0,0,1,700,""
63.389999999995958,"SURVIVE","保持飞机可控",Survive,Active,0,0,1,700,""
63.389999999995958,"LAND","安全着陆KTEX",LandAtKtex,Active,0,0,1,700,""
63.589999999995918,"SURVIVE","保持飞机可控",Survive,Active,0,0,1,700,""
63.589999999995918,"LAND","安全着陆KTEX",LandAtKtex,Active,0,0,1,700,""
63.789999999995878,"SURVIVE","保持飞机可控",Survive,Active,0,0,1,700,""
63.789999999995878,"LAND","安全着陆KTEX",LandAtKtex,Active,0,0,1,700,""
63.989999999995838,"SURVIVE","保持飞机可控",Survive,Active,0,0,1,700,""
63.989999999995838,"LAND","安全着陆KTEX",LandAtKtex,Active,0,0,1,700,""
64.189999999995933,"SURVIVE","保持飞机可控",Survive,Active,0,0,1,700,""
64.189999999995933,"LAND","安全着陆KTEX",LandAtKtex,Active,0,0,1,700,""
64.389999999996036,"SURVIVE","保持飞机可控",Survive,Active,0,0,1,700,""
64.389999999996036,"LAND","安全着陆KTEX",LandAtKtex,Active,0,0,1,700,""
64.589999999996138,"SURVIVE","保持飞机可控",Survive,Active,0,0,1,700,""
64.589999999996138,"LAND","安全着陆KTEX",LandAtKtex,Active,0,0,1,700,""
64.78999999999624,"SURVIVE","保持飞机可控",Survive,Active,0,0,1,700,""
64.78999999999624,"LAND","安全着陆KTEX",LandAtKtex,Active,0,0,1,700,""
64.989999999996343,"SURVIVE","保持飞机可控",Survive,Active,0,0,1,700,""
64.989999999996343,"LAND","安全着陆KTEX",LandAtKtex,Active,0,0,1,700,""
65.189999999996445,"SURVIVE","保持飞机可控",Survive,Active,0,0,1,700,""
65.189999999996445,"LAND","安全着陆KTEX",LandAtKtex,Active,0,0,1,700,""
65.389999999996547,"SURVIVE","保持飞机可控",Survive,Active,0,0,1,700,""
65.389999999996547,"LAND","安全着陆KTEX",LandAtKtex,Active,0,0,1,700,""
65.58999999999665,"SURVIVE","保持飞机可控",Survive,Active,0,0,1,700,""
65.58999999999665,"LAND","安全着陆KTEX",LandAtKtex,Active,0,0,1,700,""
65.789999999996752,"SURVIVE","保持飞机可控",Survive,Active,0,0,1,700,""
65.789999999996752,"LAND","安全着陆KTEX",LandAtKtex,Active,0,0,1,700,""
65.989999999996854,"SURVIVE","保持飞机可控",Survive,Active,0,0,1,700,""
65.989999999996854,"LAND","安全着陆KTEX",LandAtKtex,Active,0,0,1,700,""
66.189999999996957,"SURVIVE","保持飞机可控",Survive,Active,0,0,1,700,""
66.189999999996957,"LAND","安全着陆KTEX",LandAtKtex,Active,0,0,1,700,""
66.389999999997059,"SURVIVE","保持飞机可控",Survive,Active,0,0,1,700,""
66.389999999997059,"LAND","安全着陆KTEX",LandAtKtex,Active,0,0,1,700,""
66.589999999997161,"SURVIVE","保持飞机可控",Survive,Active,0,0,1,700,""
66.589999999997161,"LAND","安全着陆KTEX",LandAtKtex,Active,0,0,1,700,""
66.789999999997264,"SURVIVE","保持飞机可控",Survive,Active,0,0,1,700,""
66.789999999997264,"LAND","安全着陆KTEX",LandAtKtex,Active,0,0,1,700,""
66.989999999997366,"SURVIVE","保持飞机可控",Survive,Active,0,0,1,700,""
66.989999999997366,"LAND","安全着陆KTEX",LandAtKtex,Active,0,0,1,700,""
67.189999999997468,"SURVIVE","保持飞机可控",Survive,Active,0,0,1,700,""
67.189999999997468,"LAND","安全着陆KTEX",LandAtKtex,Active,0,0,1,700,""
67.389999999997571,"SURVIVE","保持飞机可控",Survive,Active,0,0,1,700,""
67.389999999997571,"LAND","安全着陆KTEX",LandAtKtex,Active,0,0,1,700,""
67.589999999997673,"SURVIVE","保持飞机可控",Survive,Active,0,0,1,700,""
67.589999999997673,"LAND","安全着陆KTEX",LandAtKtex,Active,0,0,1,700,""
67.789999999997775,"SURVIVE","保持飞机可控",Survive,Active,0,0,1,700,""
67.789999999997775,"LAND","安全着陆KTEX",LandAtKtex,Active,0,0,1,700,""
67.989999999997877,"SURVIVE","保持飞机可控",Survive,Active,0,0,1,700,""
67.989999999997877,"LAND","安全着陆KTEX",LandAtKtex,Active,0,0,1,700,""
68.18999999999798,"SURVIVE","保持飞机可控",Survive,Active,0,0,1,700,""
68.18999999999798,"LAND","安全着陆KTEX",LandAtKtex,Active,0,0,1,700,""
68.389999999998082,"SURVIVE","保持飞机可控",Survive,Active,0,0,1,700,""
68.389999999998082,"LAND","安全着陆KTEX",LandAtKtex,Active,0,0,1,700,""
68.589999999998184,"SURVIVE","保持飞机可控",Survive,Active,0,0,1,700,""
68.589999999998184,"LAND","安全着陆KTEX",LandAtKtex,Active,0,0,1,700,""
68.789999999998287,"SURVIVE","保持飞机可控",Survive,Active,0,0,1,700,""
68.789999999998287,"LAND","安全着陆KTEX",LandAtKtex,Active,0,0,1,700,""
68.989999999998389,"SURVIVE","保持飞机可控",Survive,Active,0,0,1,700,""
68.989999999998389,"LAND","安全着陆KTEX",LandAtKtex,Active,0,0,1,700,""
69.189999999998491,"SURVIVE","保持飞机可控",Survive,Active,0,0,1,700,""
69.189999999998491,"LAND","安全着陆KTEX",LandAtKtex,Active,0,0,1,700,""
69.3899999999986,"SURVIVE","保持飞机可控",Survive,Active,0,0,1,700,""
69.3899999999986,"LAND","安全着陆KTEX",LandAtKtex,Active,0,0,1,700,""
69.5899999999987,"SURVIVE","保持飞机可控",Survive,Active,0,0,1,700,""
69.5899999999987,"LAND","安全着陆KTEX",LandAtKtex,Active,0,0,1,700,""
69.7899999999988,"SURVIVE","保持飞机可控",Survive,Active,0,0,1,700,""
69.7899999999988,"LAND","安全着陆KTEX",LandAtKtex,Active,0,0,1,700,""
69.9899999999989,"SURVIVE","保持飞机可控",Survive,Active,0,0,1,700,""
69.9899999999989,"LAND","安全着陆KTEX",LandAtKtex,Active,0,0,1,700,""
70.189999999999,"SURVIVE","保持飞机可控",Survive,Active,0,0,1,700,""
70.189999999999,"LAND","安全着陆KTEX",LandAtKtex,Active,0,0,1,700,""
70.3899999999991,"SURVIVE","保持飞机可控",Survive,Active,0,0,1,700,""
70.3899999999991,"LAND","安全着陆KTEX",LandAtKtex,Active,0,0,1,700,""
70.589999999999208,"SURVIVE","保持飞机可控",Survive,Active,0,0,1,700,""
70.589999999999208,"LAND","安全着陆KTEX",LandAtKtex,Active,0,0,1,700,""
70.78999999999931,"SURVIVE","保持飞机可控",Survive,Active,0,0,1,700,""
70.78999999999931,"LAND","安全着陆KTEX",LandAtKtex,Active,0,0,1,700,""
70.989999999999412,"SURVIVE","保持飞机可控",Survive,Active,0,0,1,700,""
70.989999999999412,"LAND","安全着陆KTEX",LandAtKtex,Active,0,0,1,700,""
71.189999999999515,"SURVIVE","保持飞机可控",Survive,Active,0,0,1,700,""
71.189999999999515,"LAND","安全着陆KTEX",LandAtKtex,Active,0,0,1,700,""
71.389999999999617,"SURVIVE","保持飞机可控",Survive,Active,0,0,1,700,""
71.389999999999617,"LAND","安全着陆KTEX",LandAtKtex,Active,0,0,1,700,""
71.589999999999719,"SURVIVE","保持飞机可控",Survive,Active,0,0,1,700,""
71.589999999999719,"LAND","安全着陆KTEX",LandAtKtex,Active,0,0,1,700,""
71.789999999999822,"SURVIVE","保持飞机可控",Survive,Active,0,0,1,700,""
71.789999999999822,"LAND","安全着陆KTEX",LandAtKtex,Active,0,0,1,700,""
71.989999999999924,"SURVIVE","保持飞机可控",Survive,Active,0,0,1,700,""
71.989999999999924,"LAND","安全着陆KTEX",LandAtKtex,Active,0,0,1,700,""
72.190000000000026,"SURVIVE","保持飞机可控",Survive,Active,0,0,1,700,""
72.190000000000026,"LAND","安全着陆KTEX",LandAtKtex,Active,0,0,1,700,""
72.390000000000128,"SURVIVE","保持飞机可控",Survive,Active,0,0,1,700,""
72.390000000000128,"LAND","安全着陆KTEX",LandAtKtex,Active,0,0,1,700,""
72.590000000000231,"SURVIVE","保持飞机可控",Survive,Active,0,0,1,700,""
72.590000000000231,"LAND","安全着陆KTEX",LandAtKtex,Active,0,0,1,700,""
72.790000000000333,"SURVIVE","保持飞机可控",Survive,Active,0,0,1,700,""
72.790000000000333,"LAND","安全着陆KTEX",LandAtKtex,Active,0,0,1,700,""
72.990000000000435,"SURVIVE","保持飞机可控",Survive,Active,0,0,1,700,""
72.990000000000435,"LAND","安全着陆KTEX",LandAtKtex,Active,0,0,1,700,""
73.190000000000538,"SURVIVE","保持飞机可控",Survive,Active,0,0,1,700,""
73.190000000000538,"LAND","安全着陆KTEX",LandAtKtex,Active,0,0,1,700,""
73.39000000000064,"SURVIVE","保持飞机可控",Survive,Active,0,0,1,700,""
73.39000000000064,"LAND","安全着陆KTEX",LandAtKtex,Active,0,0,1,700,""
73.590000000000742,"SURVIVE","保持飞机可控",Survive,Active,0,0,1,700,""
73.590000000000742,"LAND","安全着陆KTEX",LandAtKtex,Active,0,0,1,700,""
73.790000000000845,"SURVIVE","保持飞机可控",Survive,Active,0,0,1,700,""
73.790000000000845,"LAND","安全着陆KTEX",LandAtKtex,Active,0,0,1,700,""
73.990000000000947,"SURVIVE","保持飞机可控",Survive,Active,0,0,1,700,""
73.990000000000947,"LAND","安全着陆KTEX",LandAtKtex,Active,0,0,1,700,""
74.190000000001049,"SURVIVE","保持飞机可控",Survive,Active,0,0,1,700,""
74.190000000001049,"LAND","安全着陆KTEX",LandAtKtex,Active,0,0,1,700,""
74.390000000001152,"SURVIVE","保持飞机可控",Survive,Active,0,0,1,700,""
74.390000000001152,"LAND","安全着陆KTEX",LandAtKtex,Active,0,0,1,700,""
74.590000000001254,"SURVIVE","保持飞机可控",Survive,Active,0,0,1,700,""
74.590000000001254,"LAND","安全着陆KTEX",LandAtKtex,Active,0,0,1,700,""
74.790000000001356,"SURVIVE","保持飞机可控",Survive,Active,0,0,1,700,""
74.790000000001356,"LAND","安全着陆KTEX",LandAtKtex,Active,0,0,1,700,""
74.990000000001459,"SURVIVE","保持飞机可控",Survive,Active,0,0,1,700,""
74.990000000001459,"LAND","安全着陆KTEX",LandAtKtex,Active,0,0,1,700,""
75.190000000001561,"SURVIVE","保持飞机可控",Survive,Active,0,0,1,700,""
75.190000000001561,"LAND","安全着陆KTEX",LandAtKtex,Active,0,0,1,700,""
75.390000000001663,"SURVIVE","保持飞机可控",Survive,Active,0,0,1,700,""
75.390000000001663,"LAND","安全着陆KTEX",LandAtKtex,Active,0,0,1,700,""
75.590000000001766,"SURVIVE","保持飞机可控",Survive,Active,0,0,1,700,""
75.590000000001766,"LAND","安全着陆KTEX",LandAtKtex,Active,0,0,1,700,""
75.790000000001868,"SURVIVE","保持飞机可控",Survive,Active,0,0,1,700,""
75.790000000001868,"LAND","安全着陆KTEX",LandAtKtex,Active,0,0,1,700,""
75.99000000000197,"SURVIVE","保持飞机可控",Survive,Active,0,0,1,700,""
75.99000000000197,"LAND","安全着陆KTEX",LandAtKtex,Active,0,0,1,700,""
76.190000000002073,"SURVIVE","保持飞机可控",Survive,Active,0,0,1,700,""
76.190000000002073,"LAND","安全着陆KTEX",LandAtKtex,Active,0,0,1,700,""
76.390000000002175,"SURVIVE","保持飞机可控",Survive,Active,0,0,1,700,""
76.390000000002175,"LAND","安全着陆KTEX",LandAtKtex,Active,0,0,1,700,""
76.590000000002277,"SURVIVE","保持飞机可控",Survive,Active,0,0,1,700,""
76.590000000002277,"LAND","安全着陆KTEX",LandAtKtex,Active,0,0,1,700,""
76.790000000002379,"SURVIVE","保持飞机可控",Survive,Active,0,0,1,700,""
76.790000000002379,"LAND","安全着陆KTEX",LandAtKtex,Active,0,0,1,700,""
76.990000000002482,"SURVIVE","保持飞机可控",Survive,Active,0,0,1,700,""
76.990000000002482,"LAND","安全着陆KTEX",LandAtKtex,Active,0,0,1,700,""
77.190000000002584,"SURVIVE","保持飞机可控",Survive,Active,0,0,1,700,""
77.190000000002584,"LAND","安全着陆KTEX",LandAtKtex,Active,0,0,1,700,""
77.390000000002686,"SURVIVE","保持飞机可控",Survive,Active,0,0,1,700,""
77.390000000002686,"LAND","安全着陆KTEX",LandAtKtex,Active,0,0,1,700,""
77.590000000002789,"SURVIVE","保持飞机可控",Survive,Active,0,0,1,700,""
77.590000000002789,"LAND","安全着陆KTEX",LandAtKtex,Active,0,0,1,700,""
77.790000000002891,"SURVIVE","保持飞机可控",Survive,Active,0,0,1,700,""
77.790000000002891,"LAND","安全着陆KTEX",LandAtKtex,Active,0,0,1,700,""
77.990000000003,"SURVIVE","保持飞机可控",Survive,Active,0,0,1,700,""
77.990000000003,"LAND","安全着陆KTEX",LandAtKtex,Active,0,0,1,700,""
78.1900000000031,"SURVIVE","保持飞机可控",Survive,Active,0,0,1,700,""
78.1900000000031,"LAND","安全着陆KTEX",LandAtKtex,Active,0,0,1,700,""
78.3900000000032,"SURVIVE","保持飞机可控",Survive,Active,0,0,1,700,""
78.3900000000032,"LAND","安全着陆KTEX",LandAtKtex,Active,0,0,1,700,""
78.5900000000033,"SURVIVE","保持飞机可控",Survive,Active,0,0,1,700,""
78.5900000000033,"LAND","安全着陆KTEX",LandAtKtex,Active,0,0,1,700,""
78.7900000000034,"SURVIVE","保持飞机可控",Survive,Active,0,0,1,700,""
78.7900000000034,"LAND","安全着陆KTEX",LandAtKtex,Active,0,0,1,700,""
78.9900000000035,"SURVIVE","保持飞机可控",Survive,Active,0,0,1,700,""
78.9900000000035,"LAND","安全着陆KTEX",LandAtKtex,Active,0,0,1,700,""
79.190000000003607,"SURVIVE","保持飞机可控",Survive,Active,0,0,1,700,""
79.190000000003607,"LAND","安全着陆KTEX",LandAtKtex,Active,0,0,1,700,""
79.39000000000371,"SURVIVE","保持飞机可控",Survive,Active,0,0,1,700,""
79.39000000000371,"LAND","安全着陆KTEX",LandAtKtex,Active,0,0,1,700,""
79.590000000003812,"SURVIVE","保持飞机可控",Survive,Active,0,0,1,700,""
79.590000000003812,"LAND","安全着陆KTEX",LandAtKtex,Active,0,0,1,700,""
79.790000000003914,"SURVIVE","保持飞机可控",Survive,Active,0,0,1,700,""
79.790000000003914,"LAND","安全着陆KTEX",LandAtKtex,Active,0,0,1,700,""
79.990000000004017,"SURVIVE","保持飞机可控",Survive,Active,0,0,1,700,""
79.990000000004017,"LAND","安全着陆KTEX",LandAtKtex,Active,0,0,1,700,""
80.190000000004119,"SURVIVE","保持飞机可控",Survive,Active,0,0,1,700,""
80.190000000004119,"LAND","安全着陆KTEX",LandAtKtex,Active,0,0,1,700,""
80.390000000004221,"SURVIVE","保持飞机可控",Survive,Active,0,0,1,700,""
80.390000000004221,"LAND","安全着陆KTEX",LandAtKtex,Active,0,0,1,700,""
80.590000000004324,"SURVIVE","保持飞机可控",Survive,Active,0,0,1,700,""
80.590000000004324,"LAND","安全着陆KTEX",LandAtKtex,Active,0,0,1,700,""
80.790000000004426,"SURVIVE","保持飞机可控",Survive,Active,0,0,1,700,""
80.790000000004426,"LAND","安全着陆KTEX",LandAtKtex,Active,0,0,1,700,""
80.990000000004528,"SURVIVE","保持飞机可控",Survive,Active,0,0,1,700,""
80.990000000004528,"LAND","安全着陆KTEX",LandAtKtex,Active,0,0,1,700,""
81.19000000000463,"SURVIVE","保持飞机可控",Survive,Active,0,0,1,700,""
81.19000000000463,"LAND","安全着陆KTEX",LandAtKtex,Active,0,0,1,700,""
81.390000000004733,"SURVIVE","保持飞机可控",Survive,Active,0,0,1,700,""
81.390000000004733,"LAND","安全着陆KTEX",LandAtKtex,Active,0,0,1,700,""
81.590000000004835,"SURVIVE","保持飞机可控",Survive,Active,0,0,1,700,""
81.590000000004835,"LAND","安全着陆KTEX",LandAtKtex,Active,0,0,1,700,""
81.790000000004937,"SURVIVE","保持飞机可控",Survive,Active,0,0,1,700,""
81.790000000004937,"LAND","安全着陆KTEX",LandAtKtex,Active,0,0,1,700,""
81.99000000000504,"SURVIVE","保持飞机可控",Survive,Active,0,0,1,700,""
81.99000000000504,"LAND","安全着陆KTEX",LandAtKtex,Active,0,0,1,700,""
82.190000000005142,"SURVIVE","保持飞机可控",Survive,Active,0,0,1,700,""
82.190000000005142,"LAND","安全着陆KTEX",LandAtKtex,Active,0,0,1,700,""
82.390000000005244,"SURVIVE","保持飞机可控",Survive,Active,0,0,1,700,""
82.390000000005244,"LAND","安全着陆KTEX",LandAtKtex,Active,0,0,1,700,""
82.590000000005347,"SURVIVE","保持飞机可控",Survive,Active,0,0,1,700,""
82.590000000005347,"LAND","安全着陆KTEX",LandAtKtex,Active,0,0,1,700,""
82.790000000005449,"SURVIVE","保持飞机可控",Survive,Active,0,0,1,700,""
82.790000000005449,"LAND","安全着陆KTEX",LandAtKtex,Active,0,0,1,700,""
82.990000000005551,"SURVIVE","保持飞机可控",Survive,Active,0,0,1,700,""
82.990000000005551,"LAND","安全着陆KTEX",LandAtKtex,Active,0,0,1,700,""
83.190000000005654,"SURVIVE","保持飞机可控",Survive,Active,0,0,1,700,""
83.190000000005654,"LAND","安全着陆KTEX",LandAtKtex,Active,0,0,1,700,""
83.390000000005756,"SURVIVE","保持飞机可控",Survive,Active,0,0,1,700,""
83.390000000005756,"LAND","安全着陆KTEX",LandAtKtex,Active,0,0,1,700,""
83.590000000005858,"SURVIVE","保持飞机可控",Survive,Active,0,0,1,700,""
83.590000000005858,"LAND","安全着陆KTEX",LandAtKtex,Active,0,0,1,700,""
83.790000000005961,"SURVIVE","保持飞机可控",Survive,Active,0,0,1,700,""
83.790000000005961,"LAND","安全着陆KTEX",LandAtKtex,Active,0,0,1,700,""
83.990000000006063,"SURVIVE","保持飞机可控",Survive,Active,0,0,1,700,""
83.990000000006063,"LAND","安全着陆KTEX",LandAtKtex,Active,0,0,1,700,""
84.190000000006165,"SURVIVE","保持飞机可控",Survive,Active,0,0,1,700,""
84.190000000006165,"LAND","安全着陆KTEX",LandAtKtex,Active,0,0,1,700,""
84.390000000006268,"SURVIVE","保持飞机可控",Survive,Active,0,0,1,700,""
84.390000000006268,"LAND","安全着陆KTEX",LandAtKtex,Active,0,0,1,700,""
84.59000000000637,"SURVIVE","保持飞机可控",Survive,Active,0,0,1,700,""
84.59000000000637,"LAND","安全着陆KTEX",LandAtKtex,Active,0,0,1,700,""
84.790000000006472,"SURVIVE","保持飞机可控",Survive,Active,0,0,1,700,""
84.790000000006472,"LAND","安全着陆KTEX",LandAtKtex,Active,0,0,1,700,""
84.990000000006575,"SURVIVE","保持飞机可控",Survive,Active,0,0,1,700,""
84.990000000006575,"LAND","安全着陆KTEX",LandAtKtex,Active,0,0,1,700,""
85.190000000006677,"SURVIVE","保持飞机可控",Survive,Active,0,0,1,700,""
85.190000000006677,"LAND","安全着陆KTEX",LandAtKtex,Active,0,0,1,700,""
85.390000000006779,"SURVIVE","保持飞机可控",Survive,Active,0,0,1,700,""
85.390000000006779,"LAND","安全着陆KTEX",LandAtKtex,Active,0,0,1,700,""
85.590000000006881,"SURVIVE","保持飞机可控",Survive,Active,0,0,1,700,""
85.590000000006881,"LAND","安全着陆KTEX",LandAtKtex,Active,0,0,1,700,""
85.790000000006984,"SURVIVE","保持飞机可控",Survive,Active,0,0,1,700,""
85.790000000006984,"LAND","安全着陆KTEX",LandAtKtex,Active,0,0,1,700,""
85.990000000007086,"SURVIVE","保持飞机可控",Survive,Active,0,0,1,700,""
85.990000000007086,"LAND","安全着陆KTEX",LandAtKtex,Active,0,0,1,700,""
86.190000000007188,"SURVIVE","保持飞机可控",Survive,Active,0,0,1,700,""
86.190000000007188,"LAND","安全着陆KTEX",LandAtKtex,Active,0,0,1,700,""
86.390000000007291,"SURVIVE","保持飞机可控",Survive,Active,0,0,1,700,""
86.390000000007291,"LAND","安全着陆KTEX",LandAtKtex,Active,0,0,1,700,""
86.5900000000074,"SURVIVE","保持飞机可控",Survive,Active,0,0,1,700,""
86.5900000000074,"LAND","安全着陆KTEX",LandAtKtex,Active,0,0,1,700,""
86.7900000000075,"SURVIVE","保持飞机可控",Survive,Active,0,0,1,700,""
86.7900000000075,"LAND","安全着陆KTEX",LandAtKtex,Active,0,0,1,700,""
86.9900000000076,"SURVIVE","保持飞机可控",Survive,Active,0,0,1,700,""
86.9900000000076,"LAND","安全着陆KTEX",LandAtKtex,Active,0,0,1,700,""
87.1900000000077,"SURVIVE","保持飞机可控",Survive,Active,0,0,1,700,""
87.1900000000077,"LAND","安全着陆KTEX",LandAtKtex,Active,0,0,1,700,""
87.3900000000078,"SURVIVE","保持飞机可控",Survive,Active,0,0,1,700,""
87.3900000000078,"LAND","安全着陆KTEX",LandAtKtex,Active,0,0,1,700,""
87.5900000000079,"SURVIVE","保持飞机可控",Survive,Active,0,0,1,700,""
87.5900000000079,"LAND","安全着陆KTEX",LandAtKtex,Active,0,0,1,700,""
87.790000000008,"SURVIVE","保持飞机可控",Survive,Active,0,0,1,700,""
87.790000000008,"LAND","安全着陆KTEX",LandAtKtex,Active,0,0,1,700,""
87.990000000008109,"SURVIVE","保持飞机可控",Survive,Active,0,0,1,700,""
87.990000000008109,"LAND","安全着陆KTEX",LandAtKtex,Active,0,0,1,700,""
88.190000000008212,"SURVIVE","保持飞机可控",Survive,Active,0,0,1,700,""
88.190000000008212,"LAND","安全着陆KTEX",LandAtKtex,Active,0,0,1,700,""
88.390000000008314,"SURVIVE","保持飞机可控",Survive,Active,0,0,1,700,""
88.390000000008314,"LAND","安全着陆KTEX",LandAtKtex,Active,0,0,1,700,""
88.590000000008416,"SURVIVE","保持飞机可控",Survive,Active,0,0,1,700,""
88.590000000008416,"LAND","安全着陆KTEX",LandAtKtex,Active,0,0,1,700,""
88.790000000008519,"SURVIVE","保持飞机可控",Survive,Active,0,0,1,700,""
88.790000000008519,"LAND","安全着陆KTEX",LandAtKtex,Active,0,0,1,700,""
88.990000000008621,"SURVIVE","保持飞机可控",Survive,Active,0,0,1,700,""
88.990000000008621,"LAND","安全着陆KTEX",LandAtKtex,Active,0,0,1,700,""
89.190000000008723,"SURVIVE","保持飞机可控",Survive,Active,0,0,1,700,""
89.190000000008723,"LAND","安全着陆KTEX",LandAtKtex,Active,0,0,1,700,""
89.390000000008826,"SURVIVE","保持飞机可控",Survive,Active,0,0,1,700,""
89.390000000008826,"LAND","安全着陆KTEX",LandAtKtex,Active,0,0,1,700,""
89.590000000008928,"SURVIVE","保持飞机可控",Survive,Active,0,0,1,700,""
89.590000000008928,"LAND","安全着陆KTEX",LandAtKtex,Active,0,0,1,700,""
89.79000000000903,"SURVIVE","保持飞机可控",Survive,Active,0,0,1,700,""
89.79000000000903,"LAND","安全着陆KTEX",LandAtKtex,Active,0,0,1,700,""
89.990000000009132,"SURVIVE","保持飞机可控",Survive,Active,0,0,1,700,""
89.990000000009132,"LAND","安全着陆KTEX",LandAtKtex,Active,0,0,1,700,""
90.190000000009235,"SURVIVE","保持飞机可控",Survive,Active,0,0,1,700,""
90.190000000009235,"LAND","安全着陆KTEX",LandAtKtex,Active,0,0,1,700,""
90.390000000009337,"SURVIVE","保持飞机可控",Survive,Active,0,0,1,700,""
90.390000000009337,"LAND","安全着陆KTEX",LandAtKtex,Active,0,0,1,700,""
90.590000000009439,"SURVIVE","保持飞机可控",Survive,Active,0,0,1,700,""
90.590000000009439,"LAND","安全着陆KTEX",LandAtKtex,Active,0,0,1,700,""
90.790000000009542,"SURVIVE","保持飞机可控",Survive,Active,0,0,1,700,""
90.790000000009542,"LAND","安全着陆KTEX",LandAtKtex,Active,0,0,1,700,""
90.990000000009644,"SURVIVE","保持飞机可控",Survive,Active,0,0,1,700,""
90.990000000009644,"LAND","安全着陆KTEX",LandAtKtex,Active,0,0,1,700,""
91.190000000009746,"SURVIVE","保持飞机可控",Survive,Active,0,0,1,700,""
91.190000000009746,"LAND","安全着陆KTEX",LandAtKtex,Active,0,0,1,700,""
91.390000000009849,"SURVIVE","保持飞机可控",Survive,Active,0,0,1,700,""
91.390000000009849,"LAND","安全着陆KTEX",LandAtKtex,Active,0,0,1,700,""
91.590000000009951,"SURVIVE","保持飞机可控",Survive,Active,0,0,1,700,""
91.590000000009951,"LAND","安全着陆KTEX",LandAtKtex,Active,0,0,1,700,""
91.790000000010053,"SURVIVE","保持飞机可控",Survive,Active,0,0,1,700,""
91.790000000010053,"LAND","安全着陆KTEX",LandAtKtex,Active,0,0,1,700,""
91.990000000010156,"SURVIVE","保持飞机可控",Survive,Active,0,0,1,700,""
91.990000000010156,"LAND","安全着陆KTEX",LandAtKtex,Active,0,0,1,700,""
92.190000000010258,"SURVIVE","保持飞机可控",Survive,Active,0,0,1,700,""
92.190000000010258,"LAND","安全着陆KTEX",LandAtKtex,Active,0,0,1,700,""
92.39000000001036,"SURVIVE","保持飞机可控",Survive,Active,0,0,1,700,""
92.39000000001036,"LAND","安全着陆KTEX",LandAtKtex,Active,0,0,1,700,""
92.590000000010463,"SURVIVE","保持飞机可控",Survive,Active,0,0,1,700,""
92.590000000010463,"LAND","安全着陆KTEX",LandAtKtex,Active,0,0,1,700,""
92.790000000010565,"SURVIVE","保持飞机可控",Survive,Active,0,0,1,700,""
92.790000000010565,"LAND","安全着陆KTEX",LandAtKtex,Active,0,0,1,700,""
92.990000000010667,"SURVIVE","保持飞机可控",Survive,Active,0,0,1,700,""
92.990000000010667,"LAND","安全着陆KTEX",LandAtKtex,Active,0,0,1,700,""
93.19000000001077,"SURVIVE","保持飞机可控",Survive,Active,0,0,1,700,""
93.19000000001077,"LAND","安全着陆KTEX",LandAtKtex,Active,0,0,1,700,""
93.390000000010872,"SURVIVE","保持飞机可控",Survive,Active,0,0,1,700,""
93.390000000010872,"LAND","安全着陆KTEX",LandAtKtex,Active,0,0,1,700,""
93.590000000010974,"SURVIVE","保持飞机可控",Survive,Active,0,0,1,700,""
93.590000000010974,"LAND","安全着陆KTEX",LandAtKtex,Active,0,0,1,700,""
93.790000000011077,"SURVIVE","保持飞机可控",Survive,Active,0,0,1,700,""
93.790000000011077,"LAND","安全着陆KTEX",LandAtKtex,Active,0,0,1,700,""
93.990000000011179,"SURVIVE","保持飞机可控",Survive,Active,0,0,1,700,""
93.990000000011179,"LAND","安全着陆KTEX",LandAtKtex,Active,0,0,1,700,""
94.190000000011281,"SURVIVE","保持飞机可控",Survive,Active,0,0,1,700,""
94.190000000011281,"LAND","安全着陆KTEX",LandAtKtex,Active,0,0,1,700,""
94.390000000011383,"SURVIVE","保持飞机可控",Survive,Active,0,0,1,700,""
94.390000000011383,"LAND","安全着陆KTEX",LandAtKtex,Active,0,0,1,700,""
94.590000000011486,"SURVIVE","保持飞机可控",Survive,Active,0,0,1,700,""
94.590000000011486,"LAND","安全着陆KTEX",LandAtKtex,Active,0,0,1,700,""
94.790000000011588,"SURVIVE","保持飞机可控",Survive,Active,0,0,1,700,""
94.790000000011588,"LAND","安全着陆KTEX",LandAtKtex,Active,0,0,1,700,""
94.99000000001169,"SURVIVE","保持飞机可控",Survive,Active,0,0,1,700,""
94.99000000001169,"LAND","安全着陆KTEX",LandAtKtex,Active,0,0,1,700,""
95.190000000011793,"SURVIVE","保持飞机可控",Survive,Active,0,0,1,700,""
95.190000000011793,"LAND","安全着陆KTEX",LandAtKtex,Active,0,0,1,700,""
95.3900000000119,"SURVIVE","保持飞机可控",Survive,Active,0,0,1,700,""
95.3900000000119,"LAND","安全着陆KTEX",LandAtKtex,Active,0,0,1,700,""
95.590000000012,"SURVIVE","保持飞机可控",Survive,Active,0,0,1,700,""
95.590000000012,"LAND","安全着陆KTEX",LandAtKtex,Active,0,0,1,700,""
95.7900000000121,"SURVIVE","保持飞机可控",Survive,Active,0,0,1,700,""
95.7900000000121,"LAND","安全着陆KTEX",LandAtKtex,Active,0,0,1,700,""
95.9900000000122,"SURVIVE","保持飞机可控",Survive,Active,0,0,1,700,""
95.9900000000122,"LAND","安全着陆KTEX",LandAtKtex,Active,0,0,1,700,""
96.1900000000123,"SURVIVE","保持飞机可控",Survive,Active,0,0,1,700,""
96.1900000000123,"LAND","安全着陆KTEX",LandAtKtex,Active,0,0,1,700,""
96.3900000000124,"SURVIVE","保持飞机可控",Survive,Active,0,0,1,700,""
96.3900000000124,"LAND","安全着陆KTEX",LandAtKtex,Active,0,0,1,700,""
96.590000000012509,"SURVIVE","保持飞机可控",Survive,Active,0,0,1,700,""
96.590000000012509,"LAND","安全着陆KTEX",LandAtKtex,Active,0,0,1,700,""
96.790000000012611,"SURVIVE","保持飞机可控",Survive,Active,0,0,1,700,""
96.790000000012611,"LAND","安全着陆KTEX",LandAtKtex,Active,0,0,1,700,""
96.990000000012714,"SURVIVE","保持飞机可控",Survive,Active,0,0,1,700,""
96.990000000012714,"LAND","安全着陆KTEX",LandAtKtex,Active,0,0,1,700,""
97.190000000012816,"SURVIVE","保持飞机可控",Survive,Active,0,0,1,700,""
97.190000000012816,"LAND","安全着陆KTEX",LandAtKtex,Active,0,0,1,700,""
97.390000000012918,"SURVIVE","保持飞机可控",Survive,Active,0,0,1,700,""
97.390000000012918,"LAND","安全着陆KTEX",LandAtKtex,Active,0,0,1,700,""
97.590000000013021,"SURVIVE","保持飞机可控",Survive,Active,0,0,1,700,""
97.590000000013021,"LAND","安全着陆KTEX",LandAtKtex,Active,0,0,1,700,""
97.790000000013123,"SURVIVE","保持飞机可控",Survive,Active,0,0,1,700,""
97.790000000013123,"LAND","安全着陆KTEX",LandAtKtex,Active,0,0,1,700,""
97.990000000013225,"SURVIVE","保持飞机可控",Survive,Active,0,0,1,700,""
97.990000000013225,"LAND","安全着陆KTEX",LandAtKtex,Active,0,0,1,700,""
98.190000000013328,"SURVIVE","保持飞机可控",Survive,Active,0,0,1,700,""
98.190000000013328,"LAND","安全着陆KTEX",LandAtKtex,Active,0,0,1,700,""
98.39000000001343,"SURVIVE","保持飞机可控",Survive,Active,0,0,1,700,""
98.39000000001343,"LAND","安全着陆KTEX",LandAtKtex,Active,0,0,1,700,""
98.590000000013532,"SURVIVE","保持飞机可控",Survive,Active,0,0,1,700,""
98.590000000013532,"LAND","安全着陆KTEX",LandAtKtex,Active,0,0,1,700,""
98.790000000013634,"SURVIVE","保持飞机可控",Survive,Active,0,0,1,700,""
98.790000000013634,"LAND","安全着陆KTEX",LandAtKtex,Active,0,0,1,700,""
98.990000000013737,"SURVIVE","保持飞机可控",Survive,Active,0,0,1,700,""
98.990000000013737,"LAND","安全着陆KTEX",LandAtKtex,Active,0,0,1,700,""
99.190000000013839,"SURVIVE","保持飞机可控",Survive,Active,0,0,1,700,""
99.190000000013839,"LAND","安全着陆KTEX",LandAtKtex,Active,0,0,1,700,""
99.390000000013941,"SURVIVE","保持飞机可控",Survive,Active,0,0,1,700,""
99.390000000013941,"LAND","安全着陆KTEX",LandAtKtex,Active,0,0,1,700,""
99.590000000014044,"SURVIVE","保持飞机可控",Survive,Active,0,0,1,700,""
99.590000000014044,"LAND","安全着陆KTEX",LandAtKtex,Active,0,0,1,700,""
99.790000000014146,"SURVIVE","保持飞机可控",Survive,Active,0,0,1,700,""
99.790000000014146,"LAND","安全着陆KTEX",LandAtKtex,Active,0,0,1,700,""
99.990000000014248,"SURVIVE","保持飞机可控",Survive,Active,0,0,1,700,""
99.990000000014248,"LAND","安全着陆KTEX",LandAtKtex,Active,0,0,1,700,""
100.19000000001435,"SURVIVE","保持飞机可控",Survive,Active,0,0,1,700,""
100.19000000001435,"LAND","安全着陆KTEX",LandAtKtex,Active,0,0,1,700,""
100.39000000001445,"SURVIVE","保持飞机可控",Survive,Active,0,0,1,700,""
100.39000000001445,"LAND","安全着陆KTEX",LandAtKtex,Active,0,0,1,700,""
100.59000000001456,"SURVIVE","保持飞机可控",Survive,Active,0,0,1,700,""
100.59000000001456,"LAND","安全着陆KTEX",LandAtKtex,Active,0,0,1,700,""
100.79000000001466,"SURVIVE","保持飞机可控",Survive,Active,0,0,1,700,""
100.79000000001466,"LAND","安全着陆KTEX",LandAtKtex,Active,0,0,1,700,""
100.99000000001476,"SURVIVE","保持飞机可控",Survive,Active,0,0,1,700,""
100.99000000001476,"LAND","安全着陆KTEX",LandAtKtex,Active,0,0,1,700,""
101.19000000001486,"SURVIVE","保持飞机可控",Survive,Active,0,0,1,700,""
101.19000000001486,"LAND","安全着陆KTEX",LandAtKtex,Active,0,0,1,700,""
101.39000000001496,"SURVIVE","保持飞机可控",Survive,Active,0,0,1,700,""
101.39000000001496,"LAND","安全着陆KTEX",LandAtKtex,Active,0,0,1,700,""
101.59000000001507,"SURVIVE","保持飞机可控",Survive,Active,0,0,1,700,""
101.59000000001507,"LAND","安全着陆KTEX",LandAtKtex,Active,0,0,1,700,""
101.79000000001517,"SURVIVE","保持飞机可控",Survive,Active,0,0,1,700,""
101.79000000001517,"LAND","安全着陆KTEX",LandAtKtex,Active,0,0,1,700,""
101.99000000001527,"SURVIVE","保持飞机可控",Survive,Active,0,0,1,700,""
101.99000000001527,"LAND","安全着陆KTEX",LandAtKtex,Active,0,0,1,700,""
102.19000000001537,"SURVIVE","保持飞机可控",Survive,Active,0,0,1,700,""
102.19000000001537,"LAND","安全着陆KTEX",LandAtKtex,Active,0,0,1,700,""
102.39000000001548,"SURVIVE","保持飞机可控",Survive,Active,0,0,1,700,""
102.39000000001548,"LAND","安全着陆KTEX",LandAtKtex,Active,0,0,1,700,""
102.59000000001558,"SURVIVE","保持飞机可控",Survive,Active,0,0,1,700,""
102.59000000001558,"LAND","安全着陆KTEX",LandAtKtex,Active,0,0,1,700,""
102.79000000001568,"SURVIVE","保持飞机可控",Survive,Active,0,0,1,700,""
102.79000000001568,"LAND","安全着陆KTEX",LandAtKtex,Active,0,0,1,700,""
102.99000000001578,"SURVIVE","保持飞机可控",Survive,Active,0,0,1,700,""
102.99000000001578,"LAND","安全着陆KTEX",LandAtKtex,Active,0,0,1,700,""
103.19000000001589,"SURVIVE","保持飞机可控",Survive,Active,0,0,1,700,""
103.19000000001589,"LAND","安全着陆KTEX",LandAtKtex,Active,0,0,1,700,""
103.39000000001599,"SURVIVE","保持飞机可控",Survive,Active,0,0,1,700,""
103.39000000001599,"LAND","安全着陆KTEX",LandAtKtex,Active,0,0,1,700,""
103.59000000001609,"SURVIVE","保持飞机可控",Survive,Active,0,0,1,700,""
103.59000000001609,"LAND","安全着陆KTEX",LandAtKtex,Active,0,0,1,700,""
103.79000000001619,"SURVIVE","保持飞机可控",Survive,Active,0,0,1,700,""
103.79000000001619,"LAND","安全着陆KTEX",LandAtKtex,Active,0,0,1,700,""
103.99000000001629,"SURVIVE","保持飞机可控",Survive,Active,0,0,1,700,""
103.99000000001629,"LAND","安全着陆KTEX",LandAtKtex,Active,0,0,1,700,""
104.1900000000164,"SURVIVE","保持飞机可控",Survive,Active,0,0,1,700,""
104.1900000000164,"LAND","安全着陆KTEX",LandAtKtex,Active,0,0,1,700,""
104.3900000000165,"SURVIVE","保持飞机可控",Survive,Active,0,0,1,700,""
104.3900000000165,"LAND","安全着陆KTEX",LandAtKtex,Active,0,0,1,700,""
104.5900000000166,"SURVIVE","保持飞机可控",Survive,Active,0,0,1,700,""
104.5900000000166,"LAND","安全着陆KTEX",LandAtKtex,Active,0,0,1,700,""
104.7900000000167,"SURVIVE","保持飞机可控",Survive,Active,0,0,1,700,""
104.7900000000167,"LAND","安全着陆KTEX",LandAtKtex,Active,0,0,1,700,""
104.99000000001681,"SURVIVE","保持飞机可控",Survive,Active,0,0,1,700,""
104.99000000001681,"LAND","安全着陆KTEX",LandAtKtex,Active,0,0,1,700,""
105.19000000001691,"SURVIVE","保持飞机可控",Survive,Active,0,0,1,700,""
105.19000000001691,"LAND","安全着陆KTEX",LandAtKtex,Active,0,0,1,700,""
105.39000000001701,"SURVIVE","保持飞机可控",Survive,Active,0,0,1,700,""
105.39000000001701,"LAND","安全着陆KTEX",LandAtKtex,Active,0,0,1,700,""
105.59000000001711,"SURVIVE","保持飞机可控",Survive,Active,0,0,1,700,""
105.59000000001711,"LAND","安全着陆KTEX",LandAtKtex,Active,0,0,1,700,""
105.79000000001722,"SURVIVE","保持飞机可控",Survive,Active,0,0,1,700,""
105.79000000001722,"LAND","安全着陆KTEX",LandAtKtex,Active,0,0,1,700,""
105.99000000001732,"SURVIVE","保持飞机可控",Survive,Active,0,0,1,700,""
105.99000000001732,"LAND","安全着陆KTEX",LandAtKtex,Active,0,0,1,700,""
106.19000000001742,"SURVIVE","保持飞机可控",Survive,Active,0,0,1,700,""
106.19000000001742,"LAND","安全着陆KTEX",LandAtKtex,Active,0,0,1,700,""
106.39000000001752,"SURVIVE","保持飞机可控",Survive,Active,0,0,1,700,""
106.39000000001752,"LAND","安全着陆KTEX",LandAtKtex,Active,0,0,1,700,""
106.59000000001762,"SURVIVE","保持飞机可控",Survive,Active,0,0,1,700,""
106.59000000001762,"LAND","安全着陆KTEX",LandAtKtex,Active,0,0,1,700,""
106.79000000001773,"SURVIVE","保持飞机可控",Survive,Active,0,0,1,700,""
106.79000000001773,"LAND","安全着陆KTEX",LandAtKtex,Active,0,0,1,700,""
106.99000000001783,"SURVIVE","保持飞机可控",Survive,Active,0,0,1,700,""
106.99000000001783,"LAND","安全着陆KTEX",LandAtKtex,Active,0,0,1,700,""
107.19000000001793,"SURVIVE","保持飞机可控",Survive,Active,0,0,1,700,""
107.19000000001793,"LAND","安全着陆KTEX",LandAtKtex,Active,0,0,1,700,""
107.39000000001803,"SURVIVE","保持飞机可控",Survive,Active,0,0,1,700,""
107.39000000001803,"LAND","安全着陆KTEX",LandAtKtex,Active,0,0,1,700,""
107.59000000001814,"SURVIVE","保持飞机可控",Survive,Active,0,0,1,700,""
107.59000000001814,"LAND","安全着陆KTEX",LandAtKtex,Active,0,0,1,700,""
107.79000000001824,"SURVIVE","保持飞机可控",Survive,Active,0,0,1,700,""
107.79000000001824,"LAND","安全着陆KTEX",LandAtKtex,Active,0,0,1,700,""
107.99000000001834,"SURVIVE","保持飞机可控",Survive,Active,0,0,1,700,""
107.99000000001834,"LAND","安全着陆KTEX",LandAtKtex,Active,0,0,1,700,""
108.19000000001844,"SURVIVE","保持飞机可控",Survive,Active,0,0,1,700,""
108.19000000001844,"LAND","安全着陆KTEX",LandAtKtex,Active,0,0,1,700,""
108.39000000001855,"SURVIVE","保持飞机可控",Survive,Active,0,0,1,700,""
108.39000000001855,"LAND","安全着陆KTEX",LandAtKtex,Active,0,0,1,700,""
108.59000000001865,"SURVIVE","保持飞机可控",Survive,Active,0,0,1,700,""
108.59000000001865,"LAND","安全着陆KTEX",LandAtKtex,Active,0,0,1,700,""
108.79000000001875,"SURVIVE","保持飞机可控",Survive,Active,0,0,1,700,""
108.79000000001875,"LAND","安全着陆KTEX",LandAtKtex,Active,0,0,1,700,""
108.99000000001885,"SURVIVE","保持飞机可控",Survive,Active,0,0,1,700,""
108.99000000001885,"LAND","安全着陆KTEX",LandAtKtex,Active,0,0,1,700,""
109.19000000001896,"SURVIVE","保持飞机可控",Survive,Active,0,0,1,700,""
109.19000000001896,"LAND","安全着陆KTEX",LandAtKtex,Active,0,0,1,700,""
109.39000000001906,"SURVIVE","保持飞机可控",Survive,Active,0,0,1,700,""
109.39000000001906,"LAND","安全着陆KTEX",LandAtKtex,Active,0,0,1,700,""
109.59000000001916,"SURVIVE","保持飞机可控",Survive,Active,0,0,1,700,""
109.59000000001916,"LAND","安全着陆KTEX",LandAtKtex,Active,0,0,1,700,""
109.79000000001926,"SURVIVE","保持飞机可控",Survive,Active,0,0,1,700,""
109.79000000001926,"LAND","安全着陆KTEX",LandAtKtex,Active,0,0,1,700,""
109.99000000001936,"SURVIVE","保持飞机可控",Survive,Active,0,0,1,700,""
109.99000000001936,"LAND","安全着陆KTEX",LandAtKtex,Active,0,0,1,700,""
110.19000000001947,"SURVIVE","保持飞机可控",Survive,Active,0,0,1,700,""
110.19000000001947,"LAND","安全着陆KTEX",LandAtKtex,Active,0,0,1,700,""
110.39000000001957,"SURVIVE","保持飞机可控",Survive,Active,0,0,1,700,""
110.39000000001957,"LAND","安全着陆KTEX",LandAtKtex,Active,0,0,1,700,""
110.59000000001967,"SURVIVE","保持飞机可控",Survive,Active,0,0,1,700,""
110.59000000001967,"LAND","安全着陆KTEX",LandAtKtex,Active,0,0,1,700,""
110.79000000001977,"SURVIVE","保持飞机可控",Survive,Active,0,0,1,700,""
110.79000000001977,"LAND","安全着陆KTEX",LandAtKtex,Active,0,0,1,700,""
110.99000000001988,"SURVIVE","保持飞机可控",Survive,Active,0,0,1,700,""
110.99000000001988,"LAND","安全着陆KTEX",LandAtKtex,Active,0,0,1,700,""
111.19000000001998,"SURVIVE","保持飞机可控",Survive,Active,0,0,1,700,""
111.19000000001998,"LAND","安全着陆KTEX",LandAtKtex,Active,0,0,1,700,""
111.39000000002008,"SURVIVE","保持飞机可控",Survive,Active,0,0,1,700,""
111.39000000002008,"LAND","安全着陆KTEX",LandAtKtex,Active,0,0,1,700,""
111.59000000002018,"SURVIVE","保持飞机可控",Survive,Active,0,0,1,700,""
111.59000000002018,"LAND","安全着陆KTEX",LandAtKtex,Active,0,0,1,700,""
111.79000000002029,"SURVIVE","保持飞机可控",Survive,Active,0,0,1,700,""
111.79000000002029,"LAND","安全着陆KTEX",LandAtKtex,Active,0,0,1,700,""
111.99000000002039,"SURVIVE","保持飞机可控",Survive,Active,0,0,1,700,""
111.99000000002039,"LAND","安全着陆KTEX",LandAtKtex,Active,0,0,1,700,""
112.19000000002049,"SURVIVE","保持飞机可控",Survive,Active,0,0,1,700,""
112.19000000002049,"LAND","安全着陆KTEX",LandAtKtex,Active,0,0,1,700,""
112.39000000002059,"SURVIVE","保持飞机可控",Survive,Active,0,0,1,700,""
112.39000000002059,"LAND","安全着陆KTEX",LandAtKtex,Active,0,0,1,700,""
112.59000000002069,"SURVIVE","保持飞机可控",Survive,Active,0,0,1,700,""
112.59000000002069,"LAND","安全着陆KTEX",LandAtKtex,Active,0,0,1,700,""
112.7900000000208,"SURVIVE","保持飞机可控",Survive,Active,0,0,1,700,""
112.7900000000208,"LAND","安全着陆KTEX",LandAtKtex,Active,0,0,1,700,""
112.9900000000209,"SURVIVE","保持飞机可控",Survive,Active,0,0,1,700,""
112.9900000000209,"LAND","安全着陆KTEX",LandAtKtex,Active,0,0,1,700,""
113.190000000021,"SURVIVE","保持飞机可控",Survive,Active,0,0,1,700,""
113.190000000021,"LAND","安全着陆KTEX",LandAtKtex,Active,0,0,1,700,""
113.3900000000211,"SURVIVE","保持飞机可控",Survive,Active,0,0,1,700,""
113.3900000000211,"LAND","安全着陆KTEX",LandAtKtex,Active,0,0,1,700,""
113.59000000002121,"SURVIVE","保持飞机可控",Survive,Active,0,0,1,700,""
113.59000000002121,"LAND","安全着陆KTEX",LandAtKtex,Active,0,0,1,700,""
113.79000000002131,"SURVIVE","保持飞机可控",Survive,Active,0,0,1,700,""
113.79000000002131,"LAND","安全着陆KTEX",LandAtKtex,Active,0,0,1,700,""
113.99000000002141,"SURVIVE","保持飞机可控",Survive,Active,0,0,1,700,""
113.99000000002141,"LAND","安全着陆KTEX",LandAtKtex,Active,0,0,1,700,""
114.19000000002151,"SURVIVE","保持飞机可控",Survive,Active,0,0,1,700,""
114.19000000002151,"LAND","安全着陆KTEX",LandAtKtex,Active,0,0,1,700,""
114.39000000002162,"SURVIVE","保持飞机可控",Survive,Active,0,0,1,700,""
114.39000000002162,"LAND","安全着陆KTEX",LandAtKtex,Active,0,0,1,700,""
114.59000000002172,"SURVIVE","保持飞机可控",Survive,Active,0,0,1,700,""
114.59000000002172,"LAND","安全着陆KTEX",LandAtKtex,Active,0,0,1,700,""
114.79000000002182,"SURVIVE","保持飞机可控",Survive,Active,0,0,1,700,""
114.79000000002182,"LAND","安全着陆KTEX",LandAtKtex,Active,0,0,1,700,""
114.99000000002192,"SURVIVE","保持飞机可控",Survive,Active,0,0,1,700,""
114.99000000002192,"LAND","安全着陆KTEX",LandAtKtex,Active,0,0,1,700,""
115.19000000002202,"SURVIVE","保持飞机可控",Survive,Active,0,0,1,700,""
115.19000000002202,"LAND","安全着陆KTEX",LandAtKtex,Active,0,0,1,700,""
115.39000000002213,"SURVIVE","保持飞机可控",Survive,Active,0,0,1,700,""
115.39000000002213,"LAND","安全着陆KTEX",LandAtKtex,Active,0,0,1,700,""
115.59000000002223,"SURVIVE","保持飞机可控",Survive,Active,0,0,1,700,""
115.59000000002223,"LAND","安全着陆KTEX",LandAtKtex,Active,0,0,1,700,""
115.79000000002233,"SURVIVE","保持飞机可控",Survive,Active,0,0,1,700,""
115.79000000002233,"LAND","安全着陆KTEX",LandAtKtex,Active,0,0,1,700,""
115.99000000002243,"SURVIVE","保持飞机可控",Survive,Active,0,0,1,700,""
115.99000000002243,"LAND","安全着陆KTEX",LandAtKtex,Active,0,0,1,700,""
116.19000000002254,"SURVIVE","保持飞机可控",Survive,Active,0,0,1,700,""
116.19000000002254,"LAND","安全着陆KTEX",LandAtKtex,Active,0,0,1,700,""
116.39000000002264,"SURVIVE","保持飞机可控",Survive,Active,0,0,1,700,""
116.39000000002264,"LAND","安全着陆KTEX",LandAtKtex,Active,0,0,1,700,""
116.59000000002274,"SURVIVE","保持飞机可控",Survive,Active,0,0,1,700,""
116.59000000002274,"LAND","安全着陆KTEX",LandAtKtex,Active,0,0,1,700,""
116.79000000002284,"SURVIVE","保持飞机可控",Survive,Active,0,0,1,700,""
116.79000000002284,"LAND","安全着陆KTEX",LandAtKtex,Active,0,0,1,700,""
116.99000000002295,"SURVIVE","保持飞机可控",Survive,Active,0,0,1,700,""
116.99000000002295,"LAND","安全着陆KTEX",LandAtKtex,Active,0,0,1,700,""
117.19000000002305,"SURVIVE","保持飞机可控",Survive,Active,0,0,1,700,""
117.19000000002305,"LAND","安全着陆KTEX",LandAtKtex,Active,0,0,1,700,""
117.39000000002315,"SURVIVE","保持飞机可控",Survive,Active,0,0,1,700,""
117.39000000002315,"LAND","安全着陆KTEX",LandAtKtex,Active,0,0,1,700,""
117.59000000002325,"SURVIVE","保持飞机可控",Survive,Active,0,0,1,700,""
117.59000000002325,"LAND","安全着陆KTEX",LandAtKtex,Active,0,0,1,700,""
117.79000000002335,"SURVIVE","保持飞机可控",Survive,Active,0,0,1,700,""
117.79000000002335,"LAND","安全着陆KTEX",LandAtKtex,Active,0,0,1,700,""
117.99000000002346,"SURVIVE","保持飞机可控",Survive,Active,0,0,1,700,""
117.99000000002346,"LAND","安全着陆KTEX",LandAtKtex,Active,0,0,1,700,""
118.19000000002356,"SURVIVE","保持飞机可控",Survive,Active,0,0,1,700,""
118.19000000002356,"LAND","安全着陆KTEX",LandAtKtex,Active,0,0,1,700,""
118.39000000002366,"SURVIVE","保持飞机可控",Survive,Active,0,0,1,700,""
118.39000000002366,"LAND","安全着陆KTEX",LandAtKtex,Active,0,0,1,700,""
118.59000000002376,"SURVIVE","保持飞机可控",Survive,Active,0,0,1,700,""
118.59000000002376,"LAND","安全着陆KTEX",LandAtKtex,Active,0,0,1,700,""
118.79000000002387,"SURVIVE","保持飞机可控",Survive,Active,0,0,1,700,""
118.79000000002387,"LAND","安全着陆KTEX",LandAtKtex,Active,0,0,1,700,""
118.99000000002397,"SURVIVE","保持飞机可控",Survive,Active,0,0,1,700,""
118.99000000002397,"LAND","安全着陆KTEX",LandAtKtex,Active,0,0,1,700,""
119.19000000002407,"SURVIVE","保持飞机可控",Survive,Active,0,0,1,700,""
119.19000000002407,"LAND","安全着陆KTEX",LandAtKtex,Active,0,0,1,700,""
119.39000000002417,"SURVIVE","保持飞机可控",Survive,Active,0,0,1,700,""
119.39000000002417,"LAND","安全着陆KTEX",LandAtKtex,Active,0,0,1,700,""
119.59000000002428,"SURVIVE","保持飞机可控",Survive,Active,0,0,1,700,""
119.59000000002428,"LAND","安全着陆KTEX",LandAtKtex,Active,0,0,1,700,""
119.79000000002438,"SURVIVE","保持飞机可控",Survive,Active,0,0,1,700,""
119.79000000002438,"LAND","安全着陆KTEX",LandAtKtex,Active,0,0,1,700,""
119.99000000002448,"SURVIVE","保持飞机可控",Survive,Active,0,0,1,700,""
119.99000000002448,"LAND","安全着陆KTEX",LandAtKtex,Active,0,0,1,700,""
120.19000000002458,"SURVIVE","保持飞机可控",Survive,Active,0,0,1,700,""
120.19000000002458,"LAND","安全着陆KTEX",LandAtKtex,Active,0,0,1,700,""
120.39000000002468,"SURVIVE","保持飞机可控",Survive,Active,0,0,1,700,""
120.39000000002468,"LAND","安全着陆KTEX",LandAtKtex,Active,0,0,1,700,""
120.59000000002479,"SURVIVE","保持飞机可控",Survive,Active,0,0,1,700,""
120.59000000002479,"LAND","安全着陆KTEX",LandAtKtex,Active,0,0,1,700,""
120.79000000002489,"SURVIVE","保持飞机可控",Survive,Active,0,0,1,700,""
120.79000000002489,"LAND","安全着陆KTEX",LandAtKtex,Active,0,0,1,700,""
120.99000000002499,"SURVIVE","保持飞机可控",Survive,Active,0,0,1,700,""
120.99000000002499,"LAND","安全着陆KTEX",LandAtKtex,Active,0,0,1,700,""
121.19000000002509,"SURVIVE","保持飞机可控",Survive,Active,0,0,1,700,""
121.19000000002509,"LAND","安全着陆KTEX",LandAtKtex,Active,0,0,1,700,""
121.3900000000252,"SURVIVE","保持飞机可控",Survive,Active,0,0,1,700,""
121.3900000000252,"LAND","安全着陆KTEX",LandAtKtex,Active,0,0,1,700,""
121.5900000000253,"SURVIVE","保持飞机可控",Survive,Active,0,0,1,700,""
121.5900000000253,"LAND","安全着陆KTEX",LandAtKtex,Active,0,0,1,700,""
121.7900000000254,"SURVIVE","保持飞机可控",Survive,Active,0,0,1,700,""
121.7900000000254,"LAND","安全着陆KTEX",LandAtKtex,Active,0,0,1,700,""
121.9900000000255,"SURVIVE","保持飞机可控",Survive,Active,0,0,1,700,""
121.9900000000255,"LAND","安全着陆KTEX",LandAtKtex,Active,0,0,1,700,""
122.19000000002561,"SURVIVE","保持飞机可控",Survive,Active,0,0,1,700,""
122.19000000002561,"LAND","安全着陆KTEX",LandAtKtex,Active,0,0,1,700,""
122.39000000002571,"SURVIVE","保持飞机可控",Survive,Active,0,0,1,700,""
122.39000000002571,"LAND","安全着陆KTEX",LandAtKtex,Active,0,0,1,700,""
122.59000000002581,"SURVIVE","保持飞机可控",Survive,Active,0,0,1,700,""
122.59000000002581,"LAND","安全着陆KTEX",LandAtKtex,Active,0,0,1,700,""
122.79000000002591,"SURVIVE","保持飞机可控",Survive,Active,0,0,1,700,""
122.79000000002591,"LAND","安全着陆KTEX",LandAtKtex,Active,0,0,1,700,""
122.99000000002601,"SURVIVE","保持飞机可控",Survive,Active,0,0,1,700,""
122.99000000002601,"LAND","安全着陆KTEX",LandAtKtex,Active,0,0,1,700,""
123.19000000002612,"SURVIVE","保持飞机可控",Survive,Active,0,0,1,700,""
123.19000000002612,"LAND","安全着陆KTEX",LandAtKtex,Active,0,0,1,700,""
123.39000000002622,"SURVIVE","保持飞机可控",Survive,Active,0,0,1,700,""
123.39000000002622,"LAND","安全着陆KTEX",LandAtKtex,Active,0,0,1,700,""
123.59000000002632,"SURVIVE","保持飞机可控",Survive,Active,0,0,1,700,""
123.59000000002632,"LAND","安全着陆KTEX",LandAtKtex,Active,0,0,1,700,""
123.79000000002642,"SURVIVE","保持飞机可控",Survive,Active,0,0,1,700,""
123.79000000002642,"LAND","安全着陆KTEX",LandAtKtex,Active,0,0,1,700,""
123.99000000002653,"SURVIVE","保持飞机可控",Survive,Active,0,0,1,700,""
123.99000000002653,"LAND","安全着陆KTEX",LandAtKtex,Active,0,0,1,700,""
124.19000000002663,"SURVIVE","保持飞机可控",Survive,Active,0,0,1,700,""
124.19000000002663,"LAND","安全着陆KTEX",LandAtKtex,Active,0,0,1,700,""
124.39000000002673,"SURVIVE","保持飞机可控",Survive,Active,0,0,1,700,""
124.39000000002673,"LAND","安全着陆KTEX",LandAtKtex,Active,0,0,1,700,""
124.59000000002683,"SURVIVE","保持飞机可控",Survive,Active,0,0,1,700,""
124.59000000002683,"LAND","安全着陆KTEX",LandAtKtex,Active,0,0,1,700,""
124.79000000002694,"SURVIVE","保持飞机可控",Survive,Active,0,0,1,700,""
124.79000000002694,"LAND","安全着陆KTEX",LandAtKtex,Active,0,0,1,700,""
124.99000000002704,"SURVIVE","保持飞机可控",Survive,Active,0,0,1,700,""
124.99000000002704,"LAND","安全着陆KTEX",LandAtKtex,Active,0,0,1,700,""
125.19000000002714,"SURVIVE","保持飞机可控",Survive,Active,0,0,1,700,""
125.19000000002714,"LAND","安全着陆KTEX",LandAtKtex,Active,0,0,1,700,""
125.39000000002724,"SURVIVE","保持飞机可控",Survive,Active,0,0,1,700,""
125.39000000002724,"LAND","安全着陆KTEX",LandAtKtex,Active,0,0,1,700,""
125.59000000002735,"SURVIVE","保持飞机可控",Survive,Active,0,0,1,700,""
125.59000000002735,"LAND","安全着陆KTEX",LandAtKtex,Active,0,0,1,700,""
125.79000000002745,"SURVIVE","保持飞机可控",Survive,Active,0,0,1,700,""
125.79000000002745,"LAND","安全着陆KTEX",LandAtKtex,Active,0,0,1,700,""
125.99000000002755,"SURVIVE","保持飞机可控",Survive,Active,0,0,1,700,""
125.99000000002755,"LAND","安全着陆KTEX",LandAtKtex,Active,0,0,1,700,""
126.19000000002765,"SURVIVE","保持飞机可控",Survive,Active,0,0,1,700,""
126.19000000002765,"LAND","安全着陆KTEX",LandAtKtex,Active,0,0,1,700,""
126.39000000002775,"SURVIVE","保持飞机可控",Survive,Active,0,0,1,700,""
126.39000000002775,"LAND","安全着陆KTEX",LandAtKtex,Active,0,0,1,700,""
126.59000000002786,"SURVIVE","保持飞机可控",Survive,Active,0,0,1,700,""
126.59000000002786,"LAND","安全着陆KTEX",LandAtKtex,Active,0,0,1,700,""
126.79000000002796,"SURVIVE","保持飞机可控",Survive,Active,0,0,1,700,""
126.79000000002796,"LAND","安全着陆KTEX",LandAtKtex,Active,0,0,1,700,""
126.99000000002806,"SURVIVE","保持飞机可控",Survive,Active,0,0,1,700,""
126.99000000002806,"LAND","安全着陆KTEX",LandAtKtex,Active,0,0,1,700,""
127.19000000002816,"SURVIVE","保持飞机可控",Survive,Active,0,0,1,700,""
127.19000000002816,"LAND","安全着陆KTEX",LandAtKtex,Active,0,0,1,700,""
127.39000000002827,"SURVIVE","保持飞机可控",Survive,Active,0,0,1,700,""
127.39000000002827,"LAND","安全着陆KTEX",LandAtKtex,Active,0,0,1,700,""
127.59000000002837,"SURVIVE","保持飞机可控",Survive,Active,0,0,1,700,""
127.59000000002837,"LAND","安全着陆KTEX",LandAtKtex,Active,0,0,1,700,""
127.79000000002847,"SURVIVE","保持飞机可控",Survive,Active,0,0,1,700,""
127.79000000002847,"LAND","安全着陆KTEX",LandAtKtex,Active,0,0,1,700,""
127.99000000002857,"SURVIVE","保持飞机可控",Survive,Active,0,0,1,700,""
127.99000000002857,"LAND","安全着陆KTEX",LandAtKtex,Active,0,0,1,700,""
128.19000000002839,"SURVIVE","保持飞机可控",Survive,Active,0,0,1,700,""
128.19000000002839,"LAND","安全着陆KTEX",LandAtKtex,Active,0,0,1,700,""
128.39000000002821,"SURVIVE","保持飞机可控",Survive,Active,0,0,1,700,""
128.39000000002821,"LAND","安全着陆KTEX",LandAtKtex,Active,0,0,1,700,""
128.59000000002803,"SURVIVE","保持飞机可控",Survive,Active,0,0,1,700,""
128.59000000002803,"LAND","安全着陆KTEX",LandAtKtex,Active,0,0,1,700,""
128.79000000002785,"SURVIVE","保持飞机可控",Survive,Active,0,0,1,700,""
128.79000000002785,"LAND","安全着陆KTEX",LandAtKtex,Active,0,0,1,700,""
128.99000000002766,"SURVIVE","保持飞机可控",Survive,Active,0,0,1,700,""
128.99000000002766,"LAND","安全着陆KTEX",LandAtKtex,Active,0,0,1,700,""
129.19000000002748,"SURVIVE","保持飞机可控",Survive,Active,0,0,1,700,""
129.19000000002748,"LAND","安全着陆KTEX",LandAtKtex,Active,0,0,1,700,""
129.3900000000273,"SURVIVE","保持飞机可控",Survive,Active,0,0,1,700,""
129.3900000000273,"LAND","安全着陆KTEX",LandAtKtex,Active,0,0,1,700,""
129.59000000002712,"SURVIVE","保持飞机可控",Survive,Active,0,0,1,700,""
129.59000000002712,"LAND","安全着陆KTEX",LandAtKtex,Active,0,0,1,700,""
129.79000000002694,"SURVIVE","保持飞机可控",Survive,Active,0,0,1,700,""
129.79000000002694,"LAND","安全着陆KTEX",LandAtKtex,Active,0,0,1,700,""
129.99000000002675,"SURVIVE","保持飞机可控",Survive,Active,0,0,1,700,""
129.99000000002675,"LAND","安全着陆KTEX",LandAtKtex,Active,0,0,1,700,""
130.19000000002657,"SURVIVE","保持飞机可控",Survive,Active,0,0,1,700,""
130.19000000002657,"LAND","安全着陆KTEX",LandAtKtex,Active,0,0,1,700,""
130.39000000002639,"SURVIVE","保持飞机可控",Survive,Active,0,0,1,700,""
130.39000000002639,"LAND","安全着陆KTEX",LandAtKtex,Active,0,0,1,700,""
130.59000000002621,"SURVIVE","保持飞机可控",Survive,Active,0,0,1,700,""
130.59000000002621,"LAND","安全着陆KTEX",LandAtKtex,Active,0,0,1,700,""
130.79000000002603,"SURVIVE","保持飞机可控",Survive,Active,0,0,1,700,""
130.79000000002603,"LAND","安全着陆KTEX",LandAtKtex,Active,0,0,1,700,""
130.99000000002584,"SURVIVE","保持飞机可控",Survive,Active,0,0,1,700,""
130.99000000002584,"LAND","安全着陆KTEX",LandAtKtex,Active,0,0,1,700,""
131.19000000002566,"SURVIVE","保持飞机可控",Survive,Active,0,0,1,700,""
131.19000000002566,"LAND","安全着陆KTEX",LandAtKtex,Active,0,0,1,700,""
131.39000000002548,"SURVIVE","保持飞机可控",Survive,Active,0,0,1,700,""
131.39000000002548,"LAND","安全着陆KTEX",LandAtKtex,Active,0,0,1,700,""
131.5900000000253,"SURVIVE","保持飞机可控",Survive,Active,0,0,1,700,""
131.5900000000253,"LAND","安全着陆KTEX",LandAtKtex,Active,0,0,1,700,""
131.79000000002512,"SURVIVE","保持飞机可控",Survive,Active,0,0,1,700,""
131.79000000002512,"LAND","安全着陆KTEX",LandAtKtex,Active,0,0,1,700,""
131.99000000002493,"SURVIVE","保持飞机可控",Survive,Active,0,0,1,700,""
131.99000000002493,"LAND","安全着陆KTEX",LandAtKtex,Active,0,0,1,700,""
132.19000000002475,"SURVIVE","保持飞机可控",Survive,Active,0,0,1,700,""
132.19000000002475,"LAND","安全着陆KTEX",LandAtKtex,Active,0,0,1,700,""
132.39000000002457,"SURVIVE","保持飞机可控",Survive,Active,0,0,1,700,""
132.39000000002457,"LAND","安全着陆KTEX",LandAtKtex,Active,0,0,1,700,""
132.59000000002439,"SURVIVE","保持飞机可控",Survive,Active,0,0,1,700,""
132.59000000002439,"LAND","安全着陆KTEX",LandAtKtex,Active,0,0,1,700,""
132.79000000002421,"SURVIVE","保持飞机可控",Survive,Active,0,0,1,700,""
132.79000000002421,"LAND","安全着陆KTEX",LandAtKtex,Active,0,0,1,700,""
132.99000000002403,"SURVIVE","保持飞机可控",Survive,Active,0,0,1,700,""
132.99000000002403,"LAND","安全着陆KTEX",LandAtKtex,Active,0,0,1,700,""
133.19000000002384,"SURVIVE","保持飞机可控",Survive,Active,0,0,1,700,""
133.19000000002384,"LAND","安全着陆KTEX",LandAtKtex,Active,0,0,1,700,""
133.39000000002366,"SURVIVE","保持飞机可控",Survive,Active,0,0,1,700,""
133.39000000002366,"LAND","安全着陆KTEX",LandAtKtex,Active,0,0,1,700,""
133.59000000002348,"SURVIVE","保持飞机可控",Survive,Active,0,0,1,700,""
133.59000000002348,"LAND","安全着陆KTEX",LandAtKtex,Active,0,0,1,700,""
133.7900000000233,"SURVIVE","保持飞机可控",Survive,Active,0,0,1,700,""
133.7900000000233,"LAND","安全着陆KTEX",LandAtKtex,Active,0,0,1,700,""
133.99000000002312,"SURVIVE","保持飞机可控",Survive,Active,0,0,1,700,""
133.99000000002312,"LAND","安全着陆KTEX",LandAtKtex,Active,0,0,1,700,""
134.19000000002293,"SURVIVE","保持飞机可控",Survive,Active,0,0,1,700,""
134.19000000002293,"LAND","安全着陆KTEX",LandAtKtex,Active,0,0,1,700,""
134.39000000002275,"SURVIVE","保持飞机可控",Survive,Active,0,0,1,700,""
134.39000000002275,"LAND","安全着陆KTEX",LandAtKtex,Active,0,0,1,700,""
134.59000000002257,"SURVIVE","保持飞机可控",Survive,Active,0,0,1,700,""
134.59000000002257,"LAND","安全着陆KTEX",LandAtKtex,Active,0,0,1,700,""
134.79000000002239,"SURVIVE","保持飞机可控",Survive,Active,0,0,1,700,""
134.79000000002239,"LAND","安全着陆KTEX",LandAtKtex,Active,0,0,1,700,""
134.99000000002221,"SURVIVE","保持飞机可控",Survive,Active,0,0,1,700,""
134.99000000002221,"LAND","安全着陆KTEX",LandAtKtex,Active,0,0,1,700,""
135.19000000002202,"SURVIVE","保持飞机可控",Survive,Active,0,0,1,700,""
135.19000000002202,"LAND","安全着陆KTEX",LandAtKtex,Active,0,0,1,700,""
135.39000000002184,"SURVIVE","保持飞机可控",Survive,Active,0,0,1,700,""
135.39000000002184,"LAND","安全着陆KTEX",LandAtKtex,Active,0,0,1,700,""
135.59000000002166,"SURVIVE","保持飞机可控",Survive,Active,0,0,1,700,""
135.59000000002166,"LAND","安全着陆KTEX",LandAtKtex,Active,0,0,1,700,""
135.79000000002148,"SURVIVE","保持飞机可控",Survive,Active,0,0,1,700,""
135.79000000002148,"LAND","安全着陆KTEX",LandAtKtex,Active,0,0,1,700,""
135.9900000000213,"SURVIVE","保持飞机可控",Survive,Active,0,0,1,700,""
135.9900000000213,"LAND","安全着陆KTEX",LandAtKtex,Active,0,0,1,700,""
136.19000000002112,"SURVIVE","保持飞机可控",Survive,Active,0,0,1,700,""
136.19000000002112,"LAND","安全着陆KTEX",LandAtKtex,Active,0,0,1,700,""
136.39000000002093,"SURVIVE","保持飞机可控",Survive,Active,0,0,1,700,""
136.39000000002093,"LAND","安全着陆KTEX",LandAtKtex,Active,0,0,1,700,""
136.59000000002075,"SURVIVE","保持飞机可控",Survive,Active,0,0,1,700,""
136.59000000002075,"LAND","安全着陆KTEX",LandAtKtex,Active,0,0,1,700,""
136.79000000002057,"SURVIVE","保持飞机可控",Survive,Active,0,0,1,700,""
136.79000000002057,"LAND","安全着陆KTEX",LandAtKtex,Active,0,0,1,700,""
136.99000000002039,"SURVIVE","保持飞机可控",Survive,Active,0,0,1,700,""
136.99000000002039,"LAND","安全着陆KTEX",LandAtKtex,Active,0,0,1,700,""
137.19000000002021,"SURVIVE","保持飞机可控",Survive,Active,0,0,1,700,""
137.19000000002021,"LAND","安全着陆KTEX",LandAtKtex,Active,0,0,1,700,""
137.39000000002002,"SURVIVE","保持飞机可控",Survive,Active,0,0,1,700,""
137.39000000002002,"LAND","安全着陆KTEX",LandAtKtex,Active,0,0,1,700,""
137.59000000001984,"SURVIVE","保持飞机可控",Survive,Active,0,0,1,700,""
137.59000000001984,"LAND","安全着陆KTEX",LandAtKtex,Active,0,0,1,700,""
137.79000000001966,"SURVIVE","保持飞机可控",Survive,Active,0,0,1,700,""
137.79000000001966,"LAND","安全着陆KTEX",LandAtKtex,Active,0,0,1,700,""
137.99000000001948,"SURVIVE","保持飞机可控",Survive,Active,0,0,1,700,""
137.99000000001948,"LAND","安全着陆KTEX",LandAtKtex,Active,0,0,1,700,""
138.1900000000193,"SURVIVE","保持飞机可控",Survive,Active,0,0,1,700,""
138.1900000000193,"LAND","安全着陆KTEX",LandAtKtex,Active,0,0,1,700,""
138.39000000001911,"SURVIVE","保持飞机可控",Survive,Active,0,0,1,700,""
138.39000000001911,"LAND","安全着陆KTEX",LandAtKtex,Active,0,0,1,700,""
138.59000000001893,"SURVIVE","保持飞机可控",Survive,Active,0,0,1,700,""
138.59000000001893,"LAND","安全着陆KTEX",LandAtKtex,Active,0,0,1,700,""
138.79000000001875,"SURVIVE","保持飞机可控",Survive,Active,0,0,1,700,""
138.79000000001875,"LAND","安全着陆KTEX",LandAtKtex,Active,0,0,1,700,""
138.99000000001857,"SURVIVE","保持飞机可控",Survive,Active,0,0,1,700,""
138.99000000001857,"LAND","安全着陆KTEX",LandAtKtex,Active,0,0,1,700,""
139.19000000001839,"SURVIVE","保持飞机可控",Survive,Active,0,0,1,700,""
139.19000000001839,"LAND","安全着陆KTEX",LandAtKtex,Active,0,0,1,700,""
139.3900000000182,"SURVIVE","保持飞机可控",Survive,Active,0,0,1,700,""
139.3900000000182,"LAND","安全着陆KTEX",LandAtKtex,Active,0,0,1,700,""
139.59000000001802,"SURVIVE","保持飞机可控",Survive,Active,0,0,1,700,""
139.59000000001802,"LAND","安全着陆KTEX",LandAtKtex,Active,0,0,1,700,""
139.79000000001784,"SURVIVE","保持飞机可控",Survive,Active,0,0,1,700,""
139.79000000001784,"LAND","安全着陆KTEX",LandAtKtex,Active,0,0,1,700,""
139.99000000001766,"SURVIVE","保持飞机可控",Survive,Active,0,0,1,700,""
139.99000000001766,"LAND","安全着陆KTEX",LandAtKtex,Active,0,0,1,700,""
140.19000000001748,"SURVIVE","保持飞机可控",Survive,Active,0,0,1,700,""
140.19000000001748,"LAND","安全着陆KTEX",LandAtKtex,Active,0,0,1,700,""
140.3900000000173,"SURVIVE","保持飞机可控",Survive,Active,0,0,1,700,""
140.3900000000173,"LAND","安全着陆KTEX",LandAtKtex,Active,0,0,1,700,""
140.59000000001711,"SURVIVE","保持飞机可控",Survive,Active,0,0,1,700,""
140.59000000001711,"LAND","安全着陆KTEX",LandAtKtex,Active,0,0,1,700,""
140.79000000001693,"SURVIVE","保持飞机可控",Survive,Active,0,0,1,700,""
140.79000000001693,"LAND","安全着陆KTEX",LandAtKtex,Active,0,0,1,700,""
140.99000000001675,"SURVIVE","保持飞机可控",Survive,Active,0,0,1,700,""
140.99000000001675,"LAND","安全着陆KTEX",LandAtKtex,Active,0,0,1,700,""
141.19000000001657,"SURVIVE","保持飞机可控",Survive,Active,0,0,1,700,""
141.19000000001657,"LAND","安全着陆KTEX",LandAtKtex,Active,0,0,1,700,""
141.39000000001639,"SURVIVE","保持飞机可控",Survive,Active,0,0,1,700,""
141.39000000001639,"LAND","安全着陆KTEX",LandAtKtex,Active,0,0,1,700,""
141.5900000000162,"SURVIVE","保持飞机可控",Survive,Active,0,0,1,700,""
141.5900000000162,"LAND","安全着陆KTEX",LandAtKtex,Active,0,0,1,700,""
141.79000000001602,"SURVIVE","保持飞机可控",Survive,Active,0,0,1,700,""
141.79000000001602,"LAND","安全着陆KTEX",LandAtKtex,Active,0,0,1,700,""
141.99000000001584,"SURVIVE","保持飞机可控",Survive,Active,0,0,1,700,""
141.99000000001584,"LAND","安全着陆KTEX",LandAtKtex,Active,0,0,1,700,""
142.19000000001566,"SURVIVE","保持飞机可控",Survive,Active,0,0,1,700,""
142.19000000001566,"LAND","安全着陆KTEX",LandAtKtex,Active,0,0,1,700,""
142.39000000001548,"SURVIVE","保持飞机可控",Survive,Active,0,0,1,700,""
142.39000000001548,"LAND","安全着陆KTEX",LandAtKtex,Active,0,0,1,700,""
142.59000000001529,"SURVIVE","保持飞机可控",Survive,Active,0,0,1,700,""
142.59000000001529,"LAND","安全着陆KTEX",LandAtKtex,Active,0,0,1,700,""
142.79000000001511,"SURVIVE","保持飞机可控",Survive,Active,0,0,1,700,""
142.79000000001511,"LAND","安全着陆KTEX",LandAtKtex,Active,0,0,1,700,""
142.99000000001493,"SURVIVE","保持飞机可控",Survive,Active,0,0,1,700,""
142.99000000001493,"LAND","安全着陆KTEX",LandAtKtex,Active,0,0,1,700,""
143.19000000001475,"SURVIVE","保持飞机可控",Survive,Active,0,0,1,700,""
143.19000000001475,"LAND","安全着陆KTEX",LandAtKtex,Active,0,0,1,700,""
143.39000000001457,"SURVIVE","保持飞机可控",Survive,Active,0,0,1,700,""
143.39000000001457,"LAND","安全着陆KTEX",LandAtKtex,Active,0,0,1,700,""
143.59000000001438,"SURVIVE","保持飞机可控",Survive,Active,0,0,1,700,""
143.59000000001438,"LAND","安全着陆KTEX",LandAtKtex,Active,0,0,1,700,""
143.7900000000142,"SURVIVE","保持飞机可控",Survive,Active,0,0,1,700,""
143.7900000000142,"LAND","安全着陆KTEX",LandAtKtex,Active,0,0,1,700,""
143.99000000001402,"SURVIVE","保持飞机可控",Survive,Active,0,0,1,700,""
143.99000000001402,"LAND","安全着陆KTEX",LandAtKtex,Active,0,0,1,700,""
144.19000000001384,"SURVIVE","保持飞机可控",Survive,Active,0,0,1,700,""
144.19000000001384,"LAND","安全着陆KTEX",LandAtKtex,Active,0,0,1,700,""
144.39000000001366,"SURVIVE","保持飞机可控",Survive,Active,0,0,1,700,""
144.39000000001366,"LAND","安全着陆KTEX",LandAtKtex,Active,0,0,1,700,""
144.59000000001348,"SURVIVE","保持飞机可控",Survive,Active,0,0,1,700,""
144.59000000001348,"LAND","安全着陆KTEX",LandAtKtex,Active,0,0,1,700,""
144.79000000001329,"SURVIVE","保持飞机可控",Survive,Active,0,0,1,700,""
144.79000000001329,"LAND","安全着陆KTEX",LandAtKtex,Active,0,0,1,700,""
144.99000000001311,"SURVIVE","保持飞机可控",Survive,Active,0,0,1,700,""
144.99000000001311,"LAND","安全着陆KTEX",LandAtKtex,Active,0,0,1,700,""
145.19000000001293,"SURVIVE","保持飞机可控",Survive,Active,0,0,1,700,""
145.19000000001293,"LAND","安全着陆KTEX",LandAtKtex,Active,0,0,1,700,""
145.39000000001275,"SURVIVE","保持飞机可控",Survive,Active,0,0,1,700,""
145.39000000001275,"LAND","安全着陆KTEX",LandAtKtex,Active,0,0,1,700,""
145.59000000001257,"SURVIVE","保持飞机可控",Survive,Active,0,0,1,700,""
145.59000000001257,"LAND","安全着陆KTEX",LandAtKtex,Active,0,0,1,700,""
145.79000000001238,"SURVIVE","保持飞机可控",Survive,Active,0,0,1,700,""
145.79000000001238,"LAND","安全着陆KTEX",LandAtKtex,Active,0,0,1,700,""
145.9900000000122,"SURVIVE","保持飞机可控",Survive,Active,0,0,1,700,""
145.9900000000122,"LAND","安全着陆KTEX",LandAtKtex,Active,0,0,1,700,""
146.19000000001202,"SURVIVE","保持飞机可控",Survive,Active,0,0,1,700,""
146.19000000001202,"LAND","安全着陆KTEX",LandAtKtex,Active,0,0,1,700,""
146.39000000001184,"SURVIVE","保持飞机可控",Survive,Active,0,0,1,700,""
146.39000000001184,"LAND","安全着陆KTEX",LandAtKtex,Active,0,0,1,700,""
146.59000000001166,"SURVIVE","保持飞机可控",Survive,Active,0,0,1,700,""
146.59000000001166,"LAND","安全着陆KTEX",LandAtKtex,Active,0,0,1,700,""
146.79000000001147,"SURVIVE","保持飞机可控",Survive,Active,0,0,1,700,""
146.79000000001147,"LAND","安全着陆KTEX",LandAtKtex,Active,0,0,1,700,""
146.99000000001129,"SURVIVE","保持飞机可控",Survive,Active,0,0,1,700,""
146.99000000001129,"LAND","安全着陆KTEX",LandAtKtex,Active,0,0,1,700,""
147.19000000001111,"SURVIVE","保持飞机可控",Survive,Active,0,0,1,700,""
147.19000000001111,"LAND","安全着陆KTEX",LandAtKtex,Active,0,0,1,700,""
147.39000000001093,"SURVIVE","保持飞机可控",Survive,Active,0,0,1,700,""
147.39000000001093,"LAND","安全着陆KTEX",LandAtKtex,Active,0,0,1,700,""
147.59000000001075,"SURVIVE","保持飞机可控",Survive,Active,0,0,1,700,""
147.59000000001075,"LAND","安全着陆KTEX",LandAtKtex,Active,0,0,1,700,""
147.79000000001056,"SURVIVE","保持飞机可控",Survive,Active,0,0,1,700,""
147.79000000001056,"LAND","安全着陆KTEX",LandAtKtex,Active,0,0,1,700,""
147.99000000001038,"SURVIVE","保持飞机可控",Survive,Active,0,0,1,700,""
147.99000000001038,"LAND","安全着陆KTEX",LandAtKtex,Active,0,0,1,700,""
148.1900000000102,"SURVIVE","保持飞机可控",Survive,Active,0,0,1,700,""
148.1900000000102,"LAND","安全着陆KTEX",LandAtKtex,Active,0,0,1,700,""
148.39000000001002,"SURVIVE","保持飞机可控",Survive,Active,0,0,1,700,""
148.39000000001002,"LAND","安全着陆KTEX",LandAtKtex,Active,0,0,1,700,""
148.59000000000984,"SURVIVE","保持飞机可控",Survive,Active,0,0,1,700,""
148.59000000000984,"LAND","安全着陆KTEX",LandAtKtex,Active,0,0,1,700,""
148.79000000000966,"SURVIVE","保持飞机可控",Survive,Active,0,0,1,700,""
148.79000000000966,"LAND","安全着陆KTEX",LandAtKtex,Active,0,0,1,700,""
148.99000000000947,"SURVIVE","保持飞机可控",Survive,Active,0,0,1,700,""
148.99000000000947,"LAND","安全着陆KTEX",LandAtKtex,Active,0,0,1,700,""
149.19000000000929,"SURVIVE","保持飞机可控",Survive,Active,0,0,1,700,""
149.19000000000929,"LAND","安全着陆KTEX",LandAtKtex,Active,0,0,1,700,""
149.39000000000911,"SURVIVE","保持飞机可控",Survive,Active,0,0,1,700,""
149.39000000000911,"LAND","安全着陆KTEX",LandAtKtex,Active,0,0,1,700,""
149.59000000000893,"SURVIVE","保持飞机可控",Survive,Active,0,0,1,700,""
149.59000000000893,"LAND","安全着陆KTEX",LandAtKtex,Active,0,0,1,700,""
149.79000000000875,"SURVIVE","保持飞机可控",Survive,Active,0,0,1,700,""
149.79000000000875,"LAND","安全着陆KTEX",LandAtKtex,Active,0,0,1,700,""
149.99000000000856,"SURVIVE","保持飞机可控",Survive,Active,0,0,1,700,""
149.99000000000856,"LAND","安全着陆KTEX",LandAtKtex,Active,0,0,1,700,""
150.19000000000838,"SURVIVE","保持飞机可控",Survive,Active,0,0,1,700,""
150.19000000000838,"LAND","安全着陆KTEX",LandAtKtex,Active,0,0,1,700,""
150.3900000000082,"SURVIVE","保持飞机可控",Survive,Active,0,0,1,700,""
150.3900000000082,"LAND","安全着陆KTEX",LandAtKtex,Active,0,0,1,700,""
150.59000000000802,"SURVIVE","保持飞机可控",Survive,Active,0,0,1,700,""
150.59000000000802,"LAND","安全着陆KTEX",LandAtKtex,Active,0,0,1,700,""
150.79000000000784,"SURVIVE","保持飞机可控",Survive,Active,0,0,1,700,""
150.79000000000784,"LAND","安全着陆KTEX",LandAtKtex,Active,0,0,1,700,""
150.99000000000765,"SURVIVE","保持飞机可控",Survive,Active,0,0,1,700,""
150.99000000000765,"LAND","安全着陆KTEX",LandAtKtex,Active,0,0,1,700,""
151.19000000000747,"SURVIVE","保持飞机可控",Survive,Active,0,0,1,700,""
151.19000000000747,"LAND","安全着陆KTEX",LandAtKtex,Active,0,0,1,700,""
151.39000000000729,"SURVIVE","保持飞机可控",Survive,Active,0,0,1,700,""
151.39000000000729,"LAND","安全着陆KTEX",LandAtKtex,Active,0,0,1,700,""
151.59000000000711,"SURVIVE","保持飞机可控",Survive,Active,0,0,1,700,""
151.59000000000711,"LAND","安全着陆KTEX",LandAtKtex,Active,0,0,1,700,""
151.79000000000693,"SURVIVE","保持飞机可控",Survive,Active,0,0,1,700,""
151.79000000000693,"LAND","安全着陆KTEX",LandAtKtex,Active,0,0,1,700,""
151.99000000000675,"SURVIVE","保持飞机可控",Survive,Active,0,0,1,700,""
151.99000000000675,"LAND","安全着陆KTEX",LandAtKtex,Active,0,0,1,700,""
152.19000000000656,"SURVIVE","保持飞机可控",Survive,Active,0,0,1,700,""
152.19000000000656,"LAND","安全着陆KTEX",LandAtKtex,Active,0,0,1,700,""
152.39000000000638,"SURVIVE","保持飞机可控",Survive,Active,0,0,1,700,""
152.39000000000638,"LAND","安全着陆KTEX",LandAtKtex,Active,0,0,1,700,""
152.5900000000062,"SURVIVE","保持飞机可控",Survive,Active,0,0,1,700,""
152.5900000000062,"LAND","安全着陆KTEX",LandAtKtex,Active,0,0,1,700,""
152.79000000000602,"SURVIVE","保持飞机可控",Survive,Active,0,0,1,700,""
152.79000000000602,"LAND","安全着陆KTEX",LandAtKtex,Active,0,0,1,700,""
152.99000000000584,"SURVIVE","保持飞机可控",Survive,Active,0,0,1,700,""
152.99000000000584,"LAND","安全着陆KTEX",LandAtKtex,Active,0,0,1,700,""
153.19000000000565,"SURVIVE","保持飞机可控",Survive,Active,0,0,1,700,""
153.19000000000565,"LAND","安全着陆KTEX",LandAtKtex,Active,0,0,1,700,""
153.39000000000547,"SURVIVE","保持飞机可控",Survive,Active,0,0,1,700,""
153.39000000000547,"LAND","安全着陆KTEX",LandAtKtex,Active,0,0,1,700,""
153.59000000000529,"SURVIVE","保持飞机可控",Survive,Active,0,0,1,700,""
153.59000000000529,"LAND","安全着陆KTEX",LandAtKtex,Active,0,0,1,700,""
153.79000000000511,"SURVIVE","保持飞机可控",Survive,Active,0,0,1,700,""
153.79000000000511,"LAND","安全着陆KTEX",LandAtKtex,Active,0,0,1,700,""
153.99000000000493,"SURVIVE","保持飞机可控",Survive,Active,0,0,1,700,""
153.99000000000493,"LAND","安全着陆KTEX",LandAtKtex,Active,0,0,1,700,""
154.19000000000474,"SURVIVE","保持飞机可控",Survive,Active,0,0,1,700,""
154.19000000000474,"LAND","安全着陆KTEX",LandAtKtex,Active,0,0,1,700,""
154.39000000000456,"SURVIVE","保持飞机可控",Survive,Active,0,0,1,700,""
154.39000000000456,"LAND","安全着陆KTEX",LandAtKtex,Active,0,0,1,700,""
154.59000000000438,"SURVIVE","保持飞机可控",Survive,Active,0,0,1,700,""
154.59000000000438,"LAND","安全着陆KTEX",LandAtKtex,Active,0,0,1,700,""
154.7900000000042,"SURVIVE","保持飞机可控",Survive,Active,0,0,1,700,""
154.7900000000042,"LAND","安全着陆KTEX",LandAtKtex,Active,0,0,1,700,""
154.99000000000402,"SURVIVE","保持飞机可控",Survive,Active,0,0,1,700,""
154.99000000000402,"LAND","安全着陆KTEX",LandAtKtex,Active,0,0,1,700,""
155.19000000000383,"SURVIVE","保持飞机可控",Survive,Active,0,0,1,700,""
155.19000000000383,"LAND","安全着陆KTEX",LandAtKtex,Active,0,0,1,700,""
155.39000000000365,"SURVIVE","保持飞机可控",Survive,Active,0,0,1,700,""
155.39000000000365,"LAND","安全着陆KTEX",LandAtKtex,Active,0,0,1,700,""
155.59000000000347,"SURVIVE","保持飞机可控",Survive,Active,0,0,1,700,""
155.59000000000347,"LAND","安全着陆KTEX",LandAtKtex,Active,0,0,1,700,""
155.79000000000329,"SURVIVE","保持飞机可控",Survive,Active,0,0,1,700,""
155.79000000000329,"LAND","安全着陆KTEX",LandAtKtex,Active,0,0,1,700,""
155.99000000000311,"SURVIVE","保持飞机可控",Survive,Active,0,0,1,700,""
155.99000000000311,"LAND","安全着陆KTEX",LandAtKtex,Active,0,0,1,700,""
156.19000000000293,"SURVIVE","保持飞机可控",Survive,Active,0,0,1,700,""
156.19000000000293,"LAND","安全着陆KTEX",LandAtKtex,Active,0,0,1,700,""
156.39000000000274,"SURVIVE","保持飞机可控",Survive,Active,0,0,1,700,""
156.39000000000274,"LAND","安全着陆KTEX",LandAtKtex,Active,0,0,1,700,""
156.59000000000256,"SURVIVE","保持飞机可控",Survive,Active,0,0,1,700,""
156.59000000000256,"LAND","安全着陆KTEX",LandAtKtex,Active,0,0,1,700,""
156.79000000000238,"SURVIVE","保持飞机可控",Survive,Active,0,0,1,700,""
156.79000000000238,"LAND","安全着陆KTEX",LandAtKtex,Active,0,0,1,700,""
156.9900000000022,"SURVIVE","保持飞机可控",Survive,Active,0,0,1,700,""
156.9900000000022,"LAND","安全着陆KTEX",LandAtKtex,Active,0,0,1,700,""
157.19000000000202,"SURVIVE","保持飞机可控",Survive,Active,0,0,1,700,""
157.19000000000202,"LAND","安全着陆KTEX",LandAtKtex,Active,0,0,1,700,""
157.39000000000183,"SURVIVE","保持飞机可控",Survive,Active,0,0,1,700,""
157.39000000000183,"LAND","安全着陆KTEX",LandAtKtex,Active,0,0,1,700,""
157.59000000000165,"SURVIVE","保持飞机可控",Survive,Active,0,0,1,700,""
157.59000000000165,"LAND","安全着陆KTEX",LandAtKtex,Active,0,0,1,700,""
157.79000000000147,"SURVIVE","保持飞机可控",Survive,Active,0,0,1,700,""
157.79000000000147,"LAND","安全着陆KTEX",LandAtKtex,Active,0,0,1,700,""
157.99000000000129,"SURVIVE","保持飞机可控",Survive,Active,0,0,1,700,""
157.99000000000129,"LAND","安全着陆KTEX",LandAtKtex,Active,0,0,1,700,""
158.19000000000111,"SURVIVE","保持飞机可控",Survive,Active,0,0,1,700,""
158.19000000000111,"LAND","安全着陆KTEX",LandAtKtex,Active,0,0,1,700,""
158.39000000000092,"SURVIVE","保持飞机可控",Survive,Active,0,0,1,700,""
158.39000000000092,"LAND","安全着陆KTEX",LandAtKtex,Active,0,0,1,700,""
158.59000000000074,"SURVIVE","保持飞机可控",Survive,Active,0,0,1,700,""
158.59000000000074,"LAND","安全着陆KTEX",LandAtKtex,Active,0,0,1,700,""
158.79000000000056,"SURVIVE","保持飞机可控",Survive,Active,0,0,1,700,""
158.79000000000056,"LAND","安全着陆KTEX",LandAtKtex,Active,0,0,1,700,""
158.99000000000038,"SURVIVE","保持飞机可控",Survive,Active,0,0,1,700,""
158.99000000000038,"LAND","安全着陆KTEX",LandAtKtex,Active,0,0,1,700,""
159.1900000000002,"SURVIVE","保持飞机可控",Survive,Active,0,0,1,700,""
159.1900000000002,"LAND","安全着陆KTEX",LandAtKtex,Active,0,0,1,700,""
159.39000000000001,"SURVIVE","保持飞机可控",Survive,Active,0,0,1,700,""
159.39000000000001,"LAND","安全着陆KTEX",LandAtKtex,Active,0,0,1,700,""
159.58999999999983,"SURVIVE","保持飞机可控",Survive,Active,0,0,1,700,""
159.58999999999983,"LAND","安全着陆KTEX",LandAtKtex,Active,0,0,1,700,""
159.78999999999965,"SURVIVE","保持飞机可控",Survive,Active,0,0,1,700,""
159.78999999999965,"LAND","安全着陆KTEX",LandAtKtex,Active,0,0,1,700,""
159.98999999999947,"SURVIVE","保持飞机可控",Survive,Active,0,0,1,700,""
159.98999999999947,"LAND","安全着陆KTEX",LandAtKtex,Active,0,0,1,700,""
160.18999999999929,"SURVIVE","保持飞机可控",Survive,Active,0,0,1,700,""
160.18999999999929,"LAND","安全着陆KTEX",LandAtKtex,Active,0,0,1,700,""
160.38999999999911,"SURVIVE","保持飞机可控",Survive,Active,0,0,1,700,""
160.38999999999911,"LAND","安全着陆KTEX",LandAtKtex,Active,0,0,1,700,""
160.58999999999892,"SURVIVE","保持飞机可控",Survive,Active,0,0,1,700,""
160.58999999999892,"LAND","安全着陆KTEX",LandAtKtex,Active,0,0,1,700,""
160.78999999999874,"SURVIVE","保持飞机可控",Survive,Active,0,0,1,700,""
160.78999999999874,"LAND","安全着陆KTEX",LandAtKtex,Active,0,0,1,700,""
160.98999999999856,"SURVIVE","保持飞机可控",Survive,Active,0,0,1,700,""
160.98999999999856,"LAND","安全着陆KTEX",LandAtKtex,Active,0,0,1,700,""
161.18999999999838,"SURVIVE","保持飞机可控",Survive,Active,0,0,1,700,""
161.18999999999838,"LAND","安全着陆KTEX",LandAtKtex,Active,0,0,1,700,""
161.3899999999982,"SURVIVE","保持飞机可控",Survive,Active,0,0,1,700,""
161.3899999999982,"LAND","安全着陆KTEX",LandAtKtex,Active,0,0,1,700,""
161.589999999998,"SURVIVE","保持飞机可控",Survive,Active,0,0,1,700,""
161.589999999998,"LAND","安全着陆KTEX",LandAtKtex,Active,0,0,1,700,""
161.78999999999783,"SURVIVE","保持飞机可控",Survive,Active,0,0,1,700,""
161.78999999999783,"LAND","安全着陆KTEX",LandAtKtex,Active,0,0,1,700,""
161.98999999999765,"SURVIVE","保持飞机可控",Survive,Active,0,0,1,700,""
161.98999999999765,"LAND","安全着陆KTEX",LandAtKtex,Active,0,0,1,700,""
162.18999999999747,"SURVIVE","保持飞机可控",Survive,Active,0,0,1,700,""
162.18999999999747,"LAND","安全着陆KTEX",LandAtKtex,Active,0,0,1,700,""
162.38999999999729,"SURVIVE","保持飞机可控",Survive,Active,0,0,1,700,""
162.38999999999729,"LAND","安全着陆KTEX",LandAtKtex,Active,0,0,1,700,""
162.5899999999971,"SURVIVE","保持飞机可控",Survive,Active,0,0,1,700,""
162.5899999999971,"LAND","安全着陆KTEX",LandAtKtex,Active,0,0,1,700,""
162.78999999999692,"SURVIVE","保持飞机可控",Survive,Active,0,0,1,700,""
162.78999999999692,"LAND","安全着陆KTEX",LandAtKtex,Active,0,0,1,700,""
162.98999999999674,"SURVIVE","保持飞机可控",Survive,Active,0,0,1,700,""
162.98999999999674,"LAND","安全着陆KTEX",LandAtKtex,Active,0,0,1,700,""
163.18999999999656,"SURVIVE","保持飞机可控",Survive,Active,0,0,1,700,""
163.18999999999656,"LAND","安全着陆KTEX",LandAtKtex,Active,0,0,1,700,""
163.38999999999638,"SURVIVE","保持飞机可控",Survive,Active,0,0,1,700,""
163.38999999999638,"LAND","安全着陆KTEX",LandAtKtex,Active,0,0,1,700,""
163.58999999999619,"SURVIVE","保持飞机可控",Survive,Active,0,0,1,700,""
163.58999999999619,"LAND","安全着陆KTEX",LandAtKtex,Active,0,0,1,700,""
163.789999999996,"SURVIVE","保持飞机可控",Survive,Active,0,0,1,700,""
163.789999999996,"LAND","安全着陆KTEX",LandAtKtex,Active,0,0,1,700,""
163.98999999999583,"SURVIVE","保持飞机可控",Survive,Active,0,0,1,700,""
163.98999999999583,"LAND","安全着陆KTEX",LandAtKtex,Active,0,0,1,700,""
164.18999999999565,"SURVIVE","保持飞机可控",Survive,Active,0,0,1,700,""
164.18999999999565,"LAND","安全着陆KTEX",LandAtKtex,Active,0,0,1,700,""
164.38999999999547,"SURVIVE","保持飞机可控",Survive,Active,0,0,1,700,""
164.38999999999547,"LAND","安全着陆KTEX",LandAtKtex,Active,0,0,1,700,""
164.58999999999529,"SURVIVE","保持飞机可控",Survive,Active,0,0,1,700,""
164.58999999999529,"LAND","安全着陆KTEX",LandAtKtex,Active,0,0,1,700,""
164.7899999999951,"SURVIVE","保持飞机可控",Survive,Active,0,0,1,700,""
164.7899999999951,"LAND","安全着陆KTEX",LandAtKtex,Active,0,0,1,700,""
164.98999999999492,"SURVIVE","保持飞机可控",Survive,Active,0,0,1,700,""
164.98999999999492,"LAND","安全着陆KTEX",LandAtKtex,Active,0,0,1,700,""
165.18999999999474,"SURVIVE","保持飞机可控",Survive,Active,0,0,1,700,""
165.18999999999474,"LAND","安全着陆KTEX",LandAtKtex,Active,0,0,1,700,""
165.38999999999456,"SURVIVE","保持飞机可控",Survive,Active,0,0,1,700,""
165.38999999999456,"LAND","安全着陆KTEX",LandAtKtex,Active,0,0,1,700,""
165.58999999999438,"SURVIVE","保持飞机可控",Survive,Active,0,0,1,700,""
165.58999999999438,"LAND","安全着陆KTEX",LandAtKtex,Active,0,0,1,700,""
165.78999999999419,"SURVIVE","保持飞机可控",Survive,Active,0,0,1,700,""
165.78999999999419,"LAND","安全着陆KTEX",LandAtKtex,Active,0,0,1,700,""
165.989999999994,"SURVIVE","保持飞机可控",Survive,Active,0,0,1,700,""
165.989999999994,"LAND","安全着陆KTEX",LandAtKtex,Active,0,0,1,700,""
166.18999999999383,"SURVIVE","保持飞机可控",Survive,Active,0,0,1,700,""
166.18999999999383,"LAND","安全着陆KTEX",LandAtKtex,Active,0,0,1,700,""
166.38999999999365,"SURVIVE","保持飞机可控",Survive,Active,0,0,1,700,""
166.38999999999365,"LAND","安全着陆KTEX",LandAtKtex,Active,0,0,1,700,""
166.58999999999347,"SURVIVE","保持飞机可控",Survive,Active,0,0,1,700,""
166.58999999999347,"LAND","安全着陆KTEX",LandAtKtex,Active,0,0,1,700,""
166.78999999999328,"SURVIVE","保持飞机可控",Survive,Active,0,0,1,700,""
166.78999999999328,"LAND","安全着陆KTEX",LandAtKtex,Active,0,0,1,700,""
166.9899999999931,"SURVIVE","保持飞机可控",Survive,Active,0,0,1,700,""
166.9899999999931,"LAND","安全着陆KTEX",LandAtKtex,Active,0,0,1,700,""
167.18999999999292,"SURVIVE","保持飞机可控",Survive,Active,0,0,1,700,""
167.18999999999292,"LAND","安全着陆KTEX",LandAtKtex,Active,0,0,1,700,""
167.38999999999274,"SURVIVE","保持飞机可控",Survive,Active,0,0,1,700,""
167.38999999999274,"LAND","安全着陆KTEX",LandAtKtex,Active,0,0,1,700,""
167.58999999999256,"SURVIVE","保持飞机可控",Survive,Active,0,0,1,700,""
167.58999999999256,"LAND","安全着陆KTEX",LandAtKtex,Active,0,0,1,700,""
167.78999999999238,"SURVIVE","保持飞机可控",Survive,Active,0,0,1,700,""
167.78999999999238,"LAND","安全着陆KTEX",LandAtKtex,Active,0,0,1,700,""
167.98999999999219,"SURVIVE","保持飞机可控",Survive,Active,0,0,1,700,""
167.98999999999219,"LAND","安全着陆KTEX",LandAtKtex,Active,0,0,1,700,""
168.189999999992,"SURVIVE","保持飞机可控",Survive,Active,0,0,1,700,""
168.189999999992,"LAND","安全着陆KTEX",LandAtKtex,Active,0,0,1,700,""
168.38999999999183,"SURVIVE","保持飞机可控",Survive,Active,0,0,1,700,""
168.38999999999183,"LAND","安全着陆KTEX",LandAtKtex,Active,0,0,1,700,""
168.58999999999165,"SURVIVE","保持飞机可控",Survive,Active,0,0,1,700,""
168.58999999999165,"LAND","安全着陆KTEX",LandAtKtex,Active,0,0,1,700,""
168.78999999999147,"SURVIVE","保持飞机可控",Survive,Succeeded,1,1,1,700,""
168.78999999999147,"LAND","安全着陆KTEX",LandAtKtex,Succeeded,1,1,1,700,""
168.78999999999147,"SURVIVE","保持飞机可控",Survive,Succeeded,1,1,1,700,""
168.78999999999147,"LAND","安全着陆KTEX",LandAtKtex,Succeeded,1,1,1,700,""
