time_s,aircraft,fuel_kg,engine_mode,rpm,thrust_n,hyd_a_psi,hyd_b_psi,gear_wow,master_caution,master_warning
0.02,"VIPER-01",2063.7436760217611,Military,92,14508.56560034733,20684271.9,20684271.9,True,False,False
0.02,"VIPER-02",2285.9827784798617,Military,92,58649.955308150275,20684271.9,20684271.9,False,False,False
0.02,"BANDIT-01",2222.4818087416274,Military,92,31755.634305383079,20684271.9,20684271.9,False,False,False
0.02,"BANDIT-02",2222.481833839815,Military,92,31588.52916177217,20684271.9,20684271.9,False,False,False
0.11999999999999998,"VIPER-01",2063.4029532365539,Afterburner,94.800000000000011,108156.53082426192,20684271.9,20684271.9,True,False,False
0.11999999999999998,"VIPER-02",2285.8594522888793,Military,92,58626.746441704374,20684271.9,20684271.9,False,False,False
0.11999999999999998,"BANDIT-01",2222.40430668017,Military,92,31773.3388013755,20684271.9,20684271.9,False,False,False
0.11999999999999998,"BANDIT-02",2222.4044394704192,Military,92,31605.444395120881,20684271.9,20684271.9,False,False,False
0.22000000000000006,"VIPER-01",2063.0449400401462,Afterburner,97.600000000000023,112625.35066819363,20684271.9,20684271.9,True,False,False
0.22000000000000006,"VIPER-02",2285.7361601449625,Military,92,58607.10814291596,20684271.9,20684271.9,False,False,False
0.22000000000000006,"BANDIT-01",2222.3267721951279,Military,92,31787.83433904796,20684271.9,20684271.9,False,False,False
0.22000000000000006,"BANDIT-02",2222.3270139827582,Military,92,31619.194552744328,20684271.9,20684271.9,False,False,False
0.32000000000000012,"VIPER-01",2062.6816961321765,Afterburner,100,112587.00692564088,20684271.9,20684271.9,True,False,False
0.32000000000000012,"VIPER-02",2285.612892330093,Military,92,58595.079304567123,20684271.9,20684271.9,False,False,False
0.32000000000000012,"BANDIT-01",2222.2492148412389,Military,92,31795.437896612511,20684271.9,20684271.9,False,False,False
0.32000000000000012,"BANDIT-02",2222.2495668603724,Military,92,31626.120361900485,20684271.9,20684271.9,False,False,False
0.42000000000000021,"VIPER-01",2062.3184522255506,Afterburner,100,112548.74613689503,20684271.9,20684271.9,True,False,False
0.42000000000000021,"VIPER-02",2285.4896307791882,Military,92,58595.43346868665,20684271.9,20684271.9,False,False,False
0.42000000000000021,"BANDIT-01",2222.1716524270396,Military,92,31791.818653700251,20684271.9,20684271.9,False,False,False
0.42000000000000021,"BANDIT-02",2222.1721158478485,Military,92,31621.894686977037,20684271.9,20684271.9,False,False,False
0.52000000000000024,"VIPER-01",2061.9552083193103,Afterburner,100,112510.57382531659,20684271.9,20684271.9,True,False,False
0.52000000000000024,"VIPER-02",2285.3663524814219,Military,92,58608.874411317447,20684271.9,20684271.9,False,False,False
0.52000000000000024,"BANDIT-01",2222.0941076674781,Military,92,31776.3096478895,20684271.9,20684271.9,False,False,False
0.52000000000000024,"BANDIT-02",2222.0946836231792,Military,92,31605.8389231278,20684271.9,20684271.9,False,False,False
0.62000000000000033,"VIPER-01",2061.5919644123778,Afterburner,100,112472.49316356014,20684271.9,20684271.9,True,False,False
0.62000000000000033,"VIPER-02",2285.2430384356353,Military,92,58630.694695990722,20684271.9,20684271.9,False,False,False
0.62000000000000033,"BANDIT-01",2222.0165993504124,Military,92,31753.119147208508,20684271.9,20684271.9,False,False,False
0.62000000000000033,"BANDIT-02",2222.0172889628066,Military,92,31582.130995507952,20684271.9,20684271.9,False,False,False
0.72000000000000042,"VIPER-01",2061.2287205044145,Afterburner,100,112434.50372120414,20684271.9,20684271.9,True,False,False
0.72000000000000042,"VIPER-02",2285.1196807712845,Military,92,58653.627697236669,20684271.9,20684271.9,False,False,False
0.72000000000000042,"BANDIT-01",2221.9391353036185,Military,92,31728.775723598108,20684271.9,20684271.9,False,False,False
0.72000000000000042,"BANDIT-02",2221.9399397117163,Military,92,31557.258957692986,20684271.9,20684271.9,False,False,False
0.82000000000000051,"VIPER-01",2060.8654765957117,Afterburner,100,112396.60414846601,20684271.9,20684271.9,True,False,False
0.82000000000000051,"VIPER-02",2284.9962831336784,Military,92,58672.021476503207,20684271.9,20684271.9,False,False,False
0.82000000000000051,"BANDIT-01",2221.86171199954,Military,92,31708.377652267165,20684271.9,20684271.9,False,False,False
0.82000000000000051,"BANDIT-02",2221.8626323817225,Military,92,31536.294366906313,20684271.9,20684271.9,False,False,False
0.9200000000000006,"VIPER-01",2060.5022326867274,Afterburner,100,112358.79409705393,20684271.9,20684271.9,True,False,False
0.9200000000000006,"VIPER-02",2284.8728555149637,Military,92,58683.928091604721,20684271.9,20684271.9,False,False,False
0.9200000000000006,"BANDIT-01",2221.7843196381714,Military,92,31693.707323377188,20684271.9,20684271.9,False,False,False
0.9200000000000006,"BANDIT-02",2221.785357210756,Military,92,31521.020001098284,20684271.9,20684271.9,False,False,False
1.0200000000000007,"VIPER-01",2060.1389887777423,Afterburner,100,112321.07426383652,20684271.9,20684271.9,True,False,False
1.0200000000000007,"VIPER-02",2284.7494082100006,Military,92,58690.427267552994,20684271.9,20684271.9,False,False,False
1.0200000000000007,"BANDIT-01",2221.7069480985624,Military,92,31683.8286670428,20684271.9,20684271.9,False,False,False
1.0200000000000007,"BANDIT-02",2221.708104093228,Military,92,31510.517697792748,20684271.9,20684271.9,False,False,False
1.1200000000000008,"VIPER-01",2059.775744868783,Afterburner,100,112283.44579146068,20684271.9,20684271.9,True,False,False
1.1200000000000008,"VIPER-02",2284.6259483043336,Military,92,58693.800282329452,20684271.9,20684271.9,False,False,False
1.1200000000000008,"BANDIT-01",2221.6295904008866,Military,92,31676.720329226209,20684271.9,20684271.9,False,False,False
1.1200000000000008,"BANDIT-02",2221.6308660411232,Military,92,31502.783650747137,20684271.9,20684271.9,False,False,False
1.2200000000000009,"VIPER-01",2059.4125009596974,Afterburner,100,112245.90979107971,20684271.9,20684271.9,True,False,False
1.2200000000000009,"VIPER-02",2284.5024789756849,Military,92,58696.212173803964,20684271.9,20684271.9,False,False,False
1.2200000000000009,"BANDIT-01",2221.5522434002351,Military,92,31670.455761199246,20684271.9,20684271.9,False,False,False
1.2200000000000009,"BANDIT-02",2221.5536398920981,Military,92,31495.899593611783,20684271.9,20684271.9,False,False,False
1.320000000000001,"VIPER-01",2059.049257050292,Afterburner,100,112208.4671242895,20684271.9,20684271.9,True,False,False
1.320000000000001,"VIPER-02",2284.3790001712059,Military,92,58699.302926239106,20684271.9,20684271.9,False,False,False
1.320000000000001,"BANDIT-01",2221.4749071268693,Military,92,31663.569617194164,20684271.9,20684271.9,False,False,False
1.320000000000001,"BANDIT-02",2221.4764256637022,Military,92,31488.401094699977,20684271.9,20684271.9,False,False,False
1.420000000000001,"VIPER-01",2058.6860131404228,Afterburner,100,112171.11838636012,20684271.9,20684271.9,True,False,False
1.420000000000001,"VIPER-02",2284.2555095097091,Military,92,58704.193354320778,20684271.9,20684271.9,False,False,False
1.420000000000001,"BANDIT-01",2221.3975839046111,Military,92,31655.054056438617,20684271.9,20684271.9,False,False,False
1.420000000000001,"BANDIT-02",2221.3992256772135,Military,92,31479.278657091731,20684271.9,20684271.9,False,False,False
1.5200000000000011,"VIPER-01",2058.3227692300361,Afterburner,100,112133.86400763228,20684271.9,20684271.9,True,False,False
1.5200000000000011,"VIPER-02",2284.1320031797268,Military,92,58711.455443124571,20684271.9,20684271.9,False,False,False
1.5200000000000011,"BANDIT-01",2221.3202774711103,Military,92,31644.388866035621,20684271.9,20684271.9,False,False,False
1.5200000000000011,"BANDIT-02",2221.3220436765628,Military,92,31468.010279459206,20684271.9,20684271.9,False,False,False
1.6200000000000012,"VIPER-01",2057.9595253191446,Afterburner,100,112096.70438740283,20684271.9,20684271.9,True,False,False
1.6200000000000012,"VIPER-02",2284.00847695591,Military,92,58721.043957847949,20684271.9,20684271.9,False,False,False
1.6200000000000012,"BANDIT-01",2221.2429919782171,Military,92,31631.607073779622,20684271.9,20684271.9,False,False,False
1.6200000000000012,"BANDIT-02",2221.2448838246578,Military,92,31454.627493710894,20684271.9,20684271.9,False,False,False
1.7200000000000013,"VIPER-01",2057.5962814077816,Afterburner,100,112059.63998925024,20684271.9,20684271.9,True,False,False
1.7200000000000013,"VIPER-02",2283.8849272115394,Military,92,58732.386610917783,20684271.9,20684271.9,False,False,False
1.7200000000000013,"BANDIT-01",2221.165730993122,Military,92,31617.217430515193,20684271.9,20684271.9,False,False,False
1.7200000000000013,"BANDIT-02",2221.16774970004,Military,92,31439.638011923438,20684271.9,20684271.9,False,False,False
1.8200000000000014,"VIPER-01",2057.2330374959656,Afterburner,100,112022.67136669667,20684271.9,20684271.9,True,False,False
1.8200000000000014,"VIPER-02",2283.7613515730486,Military,92,58744.679727469913,20684271.9,20684271.9,False,False,False
1.8200000000000014,"BANDIT-01",2221.0884968503424,Military,92,31601.940727769761,20684271.9,20684271.9,False,False,False
1.8200000000000014,"BANDIT-02",2221.0906436452478,Military,92,31423.762260199521,20684271.9,20684271.9,False,False,False
1.9200000000000015,"VIPER-01",2056.8697935836794,Afterburner,100,111985.79913192803,20684271.9,20684271.9,True,False,False
1.9200000000000015,"VIPER-02",2283.637748991332,Military,92,58757.230900302551,20684271.9,20684271.9,False,False,False
1.9200000000000015,"BANDIT-01",2221.0112905779915,Military,92,31586.402204190366,20684271.9,20684271.9,False,False,False
1.9200000000000015,"BANDIT-02",2221.0135666915662,Military,92,31407.625604706445,20684271.9,20684271.9,False,False,False
2.0200000000000009,"VIPER-01",2056.5065496708821,Afterburner,100,111949.02390394318,20684271.9,20684271.9,True,False,False
2.0200000000000009,"VIPER-02",2283.5141193316531,Military,92,58769.665485511519,20684271.9,20684271.9,False,False,False
2.0200000000000009,"BANDIT-01",2220.9341122991864,Military,92,31570.944923552732,20684271.9,20684271.9,False,False,False
2.0200000000000009,"BANDIT-02",2220.9365189615005,Military,92,31391.571202299463,20684271.9,20684271.9,False,False,False
2.1199999999999988,"VIPER-01",2056.1433057575241,Afterburner,100,111912.3462694177,20684271.9,20684271.9,True,False,False
2.1199999999999988,"VIPER-02",2283.390462789218,Military,92,58781.942553989255,20684271.9,20684271.9,False,False,False
2.1199999999999988,"BANDIT-01",2220.8569618066431,Military,92,31555.613577123855,20684271.9,20684271.9,False,False,False
2.1199999999999988,"BANDIT-02",2220.8595002460356,Military,92,31375.643430628941,20684271.9,20684271.9,False,False,False
2.2199999999999966,"VIPER-01",2055.7800618435595,Afterburner,100,111875.76677073276,20684271.9,20684271.9,True,False,False
2.2199999999999966,"VIPER-02",2283.2667794041531,Military,92,58794.249607721547,20684271.9,20684271.9,False,False,False
2.2199999999999966,"BANDIT-01",2220.7798390407866,Military,92,31540.247122919511,20684271.9,20684271.9,False,False,False
2.2199999999999966,"BANDIT-02",2220.7825104853159,Military,92,31359.680607162118,20684271.9,20684271.9,False,False,False
2.3199999999999945,"VIPER-01",2055.4168179289563,Afterburner,100,111839.28591699727,20684271.9,20684271.9,True,False,False
2.3199999999999945,"VIPER-02",2283.1430687911507,Military,92,58806.872207746543,20684271.9,20684271.9,False,False,False
2.3199999999999945,"BANDIT-01",2220.7027443574016,Military,92,31524.594473086796,20684271.9,20684271.9,False,False,False
2.3199999999999945,"BANDIT-02",2220.7055500375886,Military,92,31343.431069721246,20684271.9,20684271.9,False,False,False
2.4199999999999924,"VIPER-01",2055.0535740136929,Afterburner,100,111802.90420370673,20684271.9,20684271.9,True,False,False
2.4199999999999924,"VIPER-02",2283.01933006998,Military,92,58820.09142426576,20684271.9,20684271.9,False,False,False
2.4199999999999924,"BANDIT-01",2220.6256785978603,Military,92,31508.406023837888,20684271.9,20684271.9,False,False,False
2.4199999999999924,"BANDIT-02",2220.6286197492041,Military,92,31326.645080347607,20684271.9,20684271.9,False,False,False
2.5199999999999902,"VIPER-01",2054.6903300977528,Afterburner,100,111766.62212794986,20684271.9,20684271.9,True,False,False
2.5199999999999902,"VIPER-02",2282.8955619377862,Military,92,58834.117509640069,20684271.9,20684271.9,False,False,False
2.5199999999999902,"BANDIT-01",2220.5486430195433,Military,92,31491.49348228997,20684271.9,20684271.9,False,False,False
2.5199999999999902,"BANDIT-02",2220.551720883821,Military,92,31309.134762068759,20684271.9,20684271.9,False,False,False
2.6199999999999881,"VIPER-01",2054.3270861811143,Afterburner,100,111730.44019335833,20684271.9,20684271.9,True,False,False
2.6199999999999881,"VIPER-02",2282.7717628263722,Military,92,58849.054821712809,20684271.9,20684271.9,False,False,False
2.6199999999999881,"BANDIT-01",2220.4716391419911,Military,92,31473.762199151104,20684271.9,20684271.9,False,False,False
2.6199999999999881,"BANDIT-02",2220.4748549671103,Military,92,31290.806232945986,20684271.9,20684271.9,False,False,False
2.719999999999986,"VIPER-01",2053.9638422637545,Afterburner,100,111694.35890619725,20684271.9,20684271.9,True,False,False
2.719999999999986,"VIPER-02",2282.6479310921841,Military,92,58864.897547184861,20684271.9,20684271.9,False,False,False
2.719999999999986,"BANDIT-01",2220.3946685601227,Military,92,31455.216036526832,20684271.9,20684271.9,False,False,False
2.719999999999986,"BANDIT-02",2220.3980235989743,Military,92,31271.66409952637,20684271.9,20684271.9,False,False,False
2.8199999999999839,"VIPER-01",2053.6005983456457,Afterburner,100,111658.37876809482,20684271.9,20684271.9,True,False,False
2.8199999999999839,"VIPER-02",2282.5240651856689,Military,92,58881.55554954987,20684271.9,20684271.9,False,False,False
2.8199999999999839,"BANDIT-01",2220.3177327771441,Military,92,31435.935028770207,20684271.9,20684271.9,False,False,False
2.8199999999999839,"BANDIT-02",2220.3212282862014,Military,92,31251.788779613631,20684271.9,20684271.9,False,False,False
2.9199999999999817,"VIPER-01",2053.2373544267602,Afterburner,100,111622.50027018339,20684271.9,20684271.9,True,False,False
2.9199999999999817,"VIPER-02",2282.4001637558058,Military,92,58898.900147243628,20684271.9,20684271.9,False,False,False
2.9199999999999817,"BANDIT-01",2220.2408331009433,Military,92,31416.034769861883,20684271.9,20684271.9,False,False,False
2.9199999999999817,"BANDIT-02",2220.2444703393053,Military,92,31231.295753130078,20684271.9,20684271.9,False,False,False
3.0199999999999796,"VIPER-01",2052.8741105070703,Afterburner,100,111586.72389106172,20684271.9,20684271.9,True,False,False
3.0199999999999796,"VIPER-02",2282.2762256718083,Military,92,58916.811420030295,20684271.9,20684271.9,False,False,False
3.0199999999999796,"BANDIT-01",2220.16397062201,Military,92,31395.623996708753,20684271.9,20684271.9,False,False,False
3.0199999999999796,"BANDIT-02",2220.1677508512003,Military,92,31210.293244898287,20684271.9,20684271.9,False,False,False
3.1199999999999775,"VIPER-01",2052.51086658655,Afterburner,100,111551.05009809598,20684271.9,20684271.9,True,False,False
3.1199999999999775,"VIPER-02",2282.1522499756556,Military,92,58935.210437492795,20684271.9,20684271.9,False,False,False
3.1199999999999775,"BANDIT-01",2220.0871462596751,Military,92,31374.775368046867,20684271.9,20684271.9,False,False,False
3.1199999999999775,"BANDIT-02",2220.091070744129,Military,92,31188.85325055903,20684271.9,20684271.9,False,False,False
3.2199999999999753,"VIPER-01",2052.1476226651744,Afterburner,100,111515.47935014441,20684271.9,20684271.9,True,False,False
3.2199999999999753,"VIPER-02",2282.0282357990991,Military,92,58954.069691889919,20684271.9,20684271.9,False,False,False
3.2199999999999753,"BANDIT-01",2220.0103608436457,Military,92,31353.515641718343,20684271.9,20684271.9,False,False,False
3.2199999999999753,"BANDIT-02",2220.0144308515119,Military,92,31167.001972631122,20684271.9,20684271.9,False,False,False
3.3199999999999732,"VIPER-01",2051.784378742921,Afterburner,100,111480.01209971397,20684271.9,20684271.9,True,False,False
3.3199999999999732,"VIPER-02",2281.9041822805443,Military,92,58973.40514478524,20684271.9,20684271.9,False,False,False
3.3199999999999732,"BANDIT-01",2219.9336151959596,Military,92,31331.832369536321,20684271.9,20684271.9,False,False,False
3.3199999999999732,"BANDIT-02",2219.9378319998386,Military,92,31144.726680449232,20684271.9,20684271.9,False,False,False
3.4199999999999711,"VIPER-01",2051.4211348197678,Afterburner,100,111444.64879375258,20684271.9,20684271.9,True,False,False
3.4199999999999711,"VIPER-02",2281.7800885062261,Military,92,58993.257223514433,20684271.9,20684271.9,False,False,False
3.4199999999999711,"BANDIT-01",2219.8569101892213,Military,92,31309.690718653485,20684271.9,20684271.9,False,False,False
3.4199999999999711,"BANDIT-02",2219.8612750668526,Military,92,31121.991585627326,20684271.9,20684271.9,False,False,False
3.5199999999999689,"VIPER-01",2051.0578908956891,Afterburner,100,111409.38987315897,20684271.9,20684271.9,True,False,False
3.5199999999999689,"VIPER-02",2281.6559535034876,Military,92,59013.650433848379,20684271.9,20684271.9,False,False,False
3.5199999999999689,"BANDIT-01",2219.7802467536262,Military,92,31287.07077100379,20684271.9,20684271.9,False,False,False
3.5199999999999689,"BANDIT-02",2219.7847610067465,Military,92,31098.755461506793,20684271.9,20684271.9,False,False,False
3.6199999999999668,"VIPER-01",2050.6946469706641,Afterburner,100,111374.23577181785,20684271.9,20684271.9,True,False,False
3.6199999999999668,"VIPER-02",2281.5317762963846,Military,92,59034.569875452973,20684271.9,20684271.9,False,False,False
3.6199999999999668,"BANDIT-01",2219.7036258227167,Military,92,31263.988786987276,20684271.9,20684271.9,False,False,False
3.6199999999999668,"BANDIT-02",2219.7082908447637,Military,92,31074.985919628918,20684271.9,20684271.9,False,False,False
3.7199999999999647,"VIPER-01",2050.3314030446668,Afterburner,100,111339.18691579628,20684271.9,20684271.9,True,False,False
3.7199999999999647,"VIPER-02",2281.407555995665,Military,92,59055.94237772109,20684271.9,20684271.9,False,False,False
3.7199999999999647,"BANDIT-01",2219.6270482453838,Military,92,31240.514604155411,20684271.9,20684271.9,False,False,False
3.7199999999999647,"BANDIT-02",2219.6318656491153,Military,92,31050.671325572293,20684271.9,20684271.9,False,False,False
3.8199999999999625,"VIPER-01",2049.9681591176754,Afterburner,100,111304.24372298749,20684271.9,20684271.9,True,False,False
3.8199999999999625,"VIPER-02",2281.2832918872127,Military,92,59077.656787657812,20684271.9,20684271.9,False,False,False
3.8199999999999625,"BANDIT-01",2219.5505146994005,Military,92,31216.752175809448,20684271.9,20684271.9,False,False,False
3.8199999999999625,"BANDIT-02",2219.5554864667565,Military,92,31025.843651422078,20684271.9,20684271.9,False,False,False
3.9199999999999604,"VIPER-01",2049.6049151896673,Afterburner,100,111269.4066032979,20684271.9,20684271.9,True,False,False
3.9199999999999604,"VIPER-02",2281.1589834641491,Military,92,59099.599705010107,20684271.9,20684271.9,False,False,False
3.9199999999999604,"BANDIT-01",2219.4740256602749,Military,92,31192.806080908951,20684271.9,20684271.9,False,False,False
3.9199999999999604,"BANDIT-02",2219.4791542408,Military,92,31000.578310888122,20684271.9,20684271.9,False,False,False
4.0199999999999587,"VIPER-01",2049.2416712606214,Afterburner,100,111234.67595895517,20684271.9,20684271.9,True,False,False
4.0199999999999587,"VIPER-02",2281.0346303975662,Military,92,59121.686427299086,20684271.9,20684271.9,False,False,False
4.0199999999999587,"BANDIT-01",2219.3975814302153,Military,92,31168.752961812555,20684271.9,20684271.9,False,False,False
4.0199999999999587,"BANDIT-02",2219.4028697263375,Military,92,30974.991506238755,20684271.9,20684271.9,False,False,False
4.1199999999999566,"VIPER-01",2048.878427330515,Afterburner,100,111200.05218485014,20684271.9,20684271.9,True,False,False
4.1199999999999566,"VIPER-02",2280.9102324692808,Military,92,59143.873177112211,20684271.9,20684271.9,False,False,False
4.1199999999999566,"BANDIT-01",2219.3211822041794,Military,92,31144.630782714332,20684271.9,20684271.9,False,False,False
4.1199999999999566,"BANDIT-02",2219.3266334451728,Military,92,30949.207208718344,20684271.9,20684271.9,False,False,False
4.2199999999999545,"VIPER-01",2048.5151833993273,Afterburner,100,111165.53566864453,20684271.9,20684271.9,True,False,False
4.2199999999999545,"VIPER-02",2280.7857895047291,Military,92,59166.148282170558,20684271.9,20684271.9,False,False,False
4.2199999999999545,"BANDIT-01",2219.2448281355892,Military,92,31120.44784718789,20684271.9,20684271.9,False,False,False
4.2199999999999545,"BANDIT-02",2219.2504457057544,Military,92,30923.323890124175,20684271.9,20684271.9,False,False,False
4.3199999999999523,"VIPER-01",2048.1519394670381,Afterburner,100,111131.1267906814,20684271.9,20684271.9,True,False,False
4.3199999999999523,"VIPER-02",2280.661301334655,Military,92,59188.5126934588,20684271.9,20684271.9,False,False,False
4.3199999999999523,"BANDIT-01",2219.1685193736694,Military,92,31096.201541402996,20684271.9,20684271.9,False,False,False
4.3199999999999523,"BANDIT-02",2219.1743066738941,Military,92,30897.394594248024,20684271.9,20684271.9,False,False,False
4.41999999999995,"VIPER-01",2047.7886955336257,Afterburner,100,111096.82592390396,20684271.9,20684271.9,True,False,False
4.41999999999995,"VIPER-02",2280.5367677911331,Military,92,59210.962873053017,20684271.9,20684271.9,False,False,False
4.41999999999995,"BANDIT-01",2219.0922560670729,Military,92,31071.894422908477,20684271.9,20684271.9,False,False,False
4.41999999999995,"BANDIT-02",2219.0982164597049,Military,92,30871.428461744366,20684271.9,20684271.9,False,False,False
4.5199999999999481,"VIPER-01",2047.4254515990717,Afterburner,100,111062.63343374571,20684271.9,20684271.9,True,False,False
4.5199999999999481,"VIPER-02",2280.4121887254264,Military,92,59233.482962566712,20684271.9,20684271.9,False,False,False
4.5199999999999481,"BANDIT-01",2219.016038346173,Military,92,31047.541244707903,20684271.9,20684271.9,False,False,False
4.5199999999999481,"BANDIT-02",2219.0221751823133,Military,92,30845.409977021136,20684271.9,20684271.9,False,False,False
4.6199999999999459,"VIPER-01",2047.0622076633558,Afterburner,100,111028.54967806423,20684271.9,20684271.9,True,False,False
4.6199999999999459,"VIPER-02",2280.2875640302336,Military,92,59256.046001863833,20684271.9,20684271.9,False,False,False
4.6199999999999459,"BANDIT-01",2218.9398663011871,Military,92,31023.1673465892,20684271.9,20684271.9,False,False,False
4.6199999999999459,"BANDIT-02",2218.9461829916854,Military,92,30819.322922535033,20684271.9,20684271.9,False,False,False
4.7199999999999438,"VIPER-01",2046.6989637264585,Afterburner,100,110994.57500715712,20684271.9,20684271.9,True,False,False
4.7199999999999438,"VIPER-02",2280.1628936536845,Military,92,59278.620275499306,20684271.9,20684271.9,False,False,False
4.7199999999999438,"BANDIT-01",2218.8637399685181,Military,92,30998.802306606911,20684271.9,20684271.9,False,False,False
4.7199999999999438,"BANDIT-02",2218.8702400518309,Military,92,30793.166886485247,20684271.9,20684271.9,False,False,False
4.8199999999999417,"VIPER-01",2046.3357197883611,Afterburner,100,110960.70976385585,20684271.9,20684271.9,True,False,False
4.8199999999999417,"VIPER-02",2280.0381776004169,Military,92,59301.176346138345,20684271.9,20684271.9,False,False,False
4.8199999999999417,"BANDIT-01",2218.7876593297988,Military,92,30974.473142270133,20684271.9,20684271.9,False,False,False
4.8199999999999417,"BANDIT-02",2218.7943465052267,Military,92,30766.961653202332,20684271.9,20684271.9,False,False,False
4.9199999999999395,"VIPER-01",2045.9724758490458,Afterburner,100,110926.95428350844,20684271.9,20684271.9,True,False,False
4.9199999999999395,"VIPER-02",2279.9134159221512,Military,92,59323.691501922134,20684271.9,20684271.9,False,False,False
4.9199999999999395,"BANDIT-01",2218.7116243212354,Military,92,30950.200153053363,20684271.9,20684271.9,False,False,False
4.9199999999999395,"BANDIT-02",2218.7185024395949,Military,92,30740.741687257003,20684271.9,20684271.9,False,False,False
5.0199999999999374,"VIPER-01",2045.6092319084944,Afterburner,100,110893.30889408835,20684271.9,20684271.9,True,False,False
5.0199999999999374,"VIPER-02",2279.7886087041138,Military,92,59346.150344693044,20684271.9,20684271.9,False,False,False
5.0199999999999374,"BANDIT-01",2218.6356348469467,Military,92,30925.996540045449,20684271.9,20684271.9,False,False,False
5.0199999999999374,"BANDIT-02",2218.6427078704551,Military,92,30714.545960189804,20684271.9,20684271.9,False,False,False
5.1199999999999353,"VIPER-01",2045.2459879666897,Afterburner,100,110859.77391611581,20684271.9,20684271.9,True,False,False
5.1199999999999353,"VIPER-02",2279.6637560538184,Military,92,59368.542332698235,20684271.9,20684271.9,False,False,False
5.1199999999999353,"BANDIT-01",2218.5596907899144,Military,92,30901.870938612235,20684271.9,20684271.9,False,False,False
5.1199999999999353,"BANDIT-02",2218.56696274279,Military,92,30688.408326206063,20684271.9,20684271.9,False,False,False
5.2199999999999331,"VIPER-01",2044.8827440236146,Afterburner,100,110826.34966269025,20684271.9,20684271.9,True,False,False
5.2199999999999331,"VIPER-02",2279.5388580957506,Military,92,59390.858326786176,20684271.9,20684271.9,False,False,False
5.2199999999999331,"BANDIT-01",2218.4837920171103,Military,92,30877.830843397267,20684271.9,20684271.9,False,False,False
5.2199999999999331,"BANDIT-02",2218.4912669469545,Military,92,30662.351990057592,20684271.9,20684271.9,False,False,False
5.319999999999931,"VIPER-01",2044.519500079253,Afterburner,100,110793.03643946856,20684271.9,20684271.9,True,False,False
5.319999999999931,"VIPER-02",2279.4139149716711,Military,92,59413.088088696728,20684271.9,20684271.9,False,False,False
5.319999999999931,"BANDIT-01",2218.4079383790749,Military,92,30853.885039155884,20684271.9,20684271.9,False,False,False
5.319999999999931,"BANDIT-02",2218.4156203396828,Military,92,30636.389181784754,20684271.9,20684271.9,False,False,False
5.4199999999999289,"VIPER-01",2044.1562561335884,Afterburner,100,110759.83454471747,20684271.9,20684271.9,True,False,False
5.4199999999999289,"VIPER-02",2279.2889268436893,Military,92,59435.219630564665,20684271.9,20684271.9,False,False,False
5.4199999999999289,"BANDIT-01",2218.3321297068237,Military,92,30830.044189760665,20684271.9,20684271.9,False,False,False
5.4199999999999289,"BANDIT-02",2218.3400227614443,Military,92,30610.524792946078,20684271.9,20684271.9,False,False,False
5.5199999999999267,"VIPER-01",2043.7930121866057,Afterburner,100,110726.74426924715,20684271.9,20684271.9,True,False,False
5.5199999999999267,"VIPER-02",2279.1638938968122,Military,92,59457.240148486031,20684271.9,20684271.9,False,False,False
5.5199999999999267,"BANDIT-01",2218.2563658092968,Military,92,30806.3198733718,20684271.9,20684271.9,False,False,False
5.5199999999999267,"BANDIT-02",2218.2644740452129,Military,92,30584.761401495078,20684271.9,20684271.9,False,False,False
5.6199999999999246,"VIPER-01",2043.42976823829,Afterburner,100,110693.76589651793,20684271.9,20684271.9,True,False,False
5.6199999999999246,"VIPER-02",2279.0388163389562,Military,92,59479.137603984345,20684271.9,20684271.9,False,False,False
5.6199999999999246,"BANDIT-01",2218.1806464733509,Military,92,30782.722994098847,20684271.9,20684271.9,False,False,False
5.6199999999999246,"BANDIT-02",2218.188974016623,Military,92,30559.103252698897,20684271.9,20684271.9,False,False,False
5.7199999999999225,"VIPER-01",2043.0665242886266,Afterburner,100,110660.89970258083,20684271.9,20684271.9,True,False,False
5.7199999999999225,"VIPER-02",2278.9136943982339,Military,92,59500.901985076751,20684271.9,20684271.9,False,False,False
5.7199999999999225,"BANDIT-01",2218.1049714664314,Military,92,30759.262521132863,20684271.9,20684271.9,False,False,False
5.7199999999999225,"BANDIT-02",2218.1135224889122,Military,92,30533.557937106911,20684271.9,20684271.9,False,False,False
5.81999999999992,"VIPER-01",2042.7032803376017,Afterburner,100,110628.14595616236,20684271.9,20684271.9,True,False,False
5.81999999999992,"VIPER-02",2278.7885283187306,Military,92,59522.5256895606,20684271.9,20684271.9,False,False,False
5.81999999999992,"BANDIT-01",2218.0293405407438,Military,92,30735.945098089134,20684271.9,20684271.9,False,False,False
5.81999999999992,"BANDIT-02",2218.0381192570235,Military,92,30508.135851981693,20684271.9,20684271.9,False,False,False
5.9199999999999182,"VIPER-01",2042.3400363852018,Afterburner,100,110595.50491860567,20684271.9,20684271.9,True,False,False
5.9199999999999182,"VIPER-02",2278.663318356475,Military,92,59544.0030222721,20684271.9,20684271.9,False,False,False
5.9199999999999182,"BANDIT-01",2217.9537534372016,Military,92,30712.775527057376,20684271.9,20684271.9,False,False,False
5.9199999999999182,"BANDIT-02",2217.9627640941335,Military,92,30482.848399328566,20684271.9,20684271.9,False,False,False
6.0199999999999161,"VIPER-01",2041.9767924314142,Afterburner,100,110562.97684398618,20684271.9,20684271.9,True,False,False
6.0199999999999161,"VIPER-02",2278.538064776867,Military,92,59565.329213303477,20684271.9,20684271.9,False,False,False
6.0199999999999161,"BANDIT-01",2217.8782098879383,Military,92,30689.757727217009,20684271.9,20684271.9,False,False,False
6.0199999999999161,"BANDIT-02",2217.8874567517914,Military,92,30457.706072034609,20684271.9,20684271.9,False,False,False
6.119999999999914,"VIPER-01",2041.6135484762265,Afterburner,100,110530.5619790214,20684271.9,20684271.9,True,False,False
6.119999999999914,"VIPER-02",2278.4127678539112,Military,92,59586.499493674259,20684271.9,20684271.9,False,False,False
6.119999999999914,"BANDIT-01",2217.8027096170208,Military,92,30666.895642602311,20684271.9,20684271.9,False,False,False
6.119999999999914,"BANDIT-02",2217.812196962986,Military,92,30432.717259577974,20684271.9,20684271.9,False,False,False
6.2199999999999118,"VIPER-01",2041.2503045196268,Afterburner,100,110498.26056316902,20684271.9,20684271.9,True,False,False
6.2199999999999118,"VIPER-02",2278.2874278707523,Military,92,59607.508617197607,20684271.9,20684271.9,False,False,False
6.2199999999999118,"BANDIT-01",2217.7272523398892,Military,92,30644.193718053888,20684271.9,20684271.9,False,False,False
6.2199999999999118,"BANDIT-02",2217.73698444644,Military,92,30407.888053513238,20684271.9,20684271.9,False,False,False
6.31999999999991,"VIPER-01",2040.8870605616044,Afterburner,100,110466.07282859946,20684271.9,20684271.9,True,False,False
6.31999999999991,"VIPER-02",2278.1620451205436,Military,92,59628.350926609259,20684271.9,20684271.9,False,False,False
6.31999999999991,"BANDIT-01",2217.6518377624611,Military,92,30621.656845232526,20684271.9,20684271.9,False,False,False
6.31999999999991,"BANDIT-02",2217.6618189104383,Military,92,30383.222833302534,20684271.9,20684271.9,False,False,False
6.4199999999999076,"VIPER-01",2040.5238166021481,Afterburner,100,110433.99900024165,20684271.9,20684271.9,True,False,False
6.4199999999999076,"VIPER-02",2278.0366199068767,Military,92,59649.020516953547,20684271.9,20684271.9,False,False,False
6.4199999999999076,"BANDIT-01",2217.5764655806834,Military,92,30599.290207759841,20684271.9,20684271.9,False,False,False
6.4199999999999076,"BANDIT-02",2217.5867000551907,Military,92,30358.72515381164,20684271.9,20684271.9,False,False,False
6.5199999999999054,"VIPER-01",2040.1605726412479,Afterburner,100,110402.03929579366,20684271.9,20684271.9,True,False,False
6.5199999999999054,"VIPER-02",2277.9111525495578,Military,92,59669.504623287234,20684271.9,20684271.9,False,False,False
6.5199999999999054,"BANDIT-01",2217.5011354748235,Military,92,30577.105616167188,20684271.9,20684271.9,False,False,False
6.5199999999999054,"BANDIT-02",2217.5116275736509,Military,92,30334.398470797587,20684271.9,20684271.9,False,False,False
6.6199999999999033,"VIPER-01",2039.7973286788949,Afterburner,100,110370.19392576496,20684271.9,20684271.9,True,False,False
6.6199999999999033,"VIPER-02",2277.7856433997217,Military,92,59689.78263936162,20684271.9,20684271.9,False,False,False
6.6199999999999033,"BANDIT-01",2217.4258470945724,Military,92,30555.122383166061,20684271.9,20684271.9,False,False,False
6.6199999999999033,"BANDIT-02",2217.4366011503766,Military,92,30310.248492560229,20684271.9,20684271.9,False,False,False
6.7199999999999012,"VIPER-01",2039.4340847150795,Afterburner,100,110338.46309347163,20684271.9,20684271.9,True,False,False
6.7199999999999012,"VIPER-02",2277.6600928543776,Military,92,59709.826287509619,20684271.9,20684271.9,False,False,False
6.7199999999999012,"BANDIT-01",2217.3506000447655,Military,92,30533.367099332925,20684271.9,20684271.9,False,False,False
6.7199999999999012,"BANDIT-02",2217.3616204484883,Military,92,30286.290916043668,20684271.9,20684271.9,False,False,False
6.819999999999899,"VIPER-01",2039.0708407497937,Afterburner,100,110306.84699506067,20684271.9,20684271.9,True,False,False
6.819999999999899,"VIPER-02",2277.5345013598139,Military,92,59729.6112542916,20684271.9,20684271.9,False,False,False
6.819999999999899,"BANDIT-01",2217.275393882092,Military,92,30511.862426517018,20684271.9,20684271.9,False,False,False
6.819999999999899,"BANDIT-02",2217.2866850922528,Military,92,30262.550505334675,20684271.9,20684271.9,False,False,False
6.9199999999998969,"VIPER-01",2038.7075967830297,Afterburner,100,110275.34581957823,20684271.9,20684271.9,True,False,False
6.9199999999998969,"VIPER-02",2277.4088693939393,Military,92,59749.126669990495,20684271.9,20684271.9,False,False,False
6.9199999999998969,"BANDIT-01",2217.2002281325827,Military,92,30490.618051501086,20684271.9,20684271.9,False,False,False
6.9199999999998969,"BANDIT-02",2217.2117946518615,Military,92,30239.056915564,20684271.9,20684271.9,False,False,False
7.0199999999998948,"VIPER-01",2038.3443528147809,Afterburner,100,110243.95974895815,20684271.9,20684271.9,True,False,False
7.0199999999998948,"VIPER-02",2277.2831974392116,Military,92,59768.376698044,20684271.9,20684271.9,False,False,False
7.0199999999998948,"BANDIT-01",2217.1251023182954,Military,92,30469.62926137328,20684271.9,20684271.9,False,False,False
7.0199999999998948,"BANDIT-02",2217.1369486481735,Military,92,30215.831323797676,20684271.9,20684271.9,False,False,False
7.1199999999998926,"VIPER-01",2037.9811088450404,Afterburner,100,110212.68895804568,20684271.9,20684271.9,True,False,False
7.1199999999998926,"VIPER-02",2277.1574859597845,Military,92,59787.375414058428,20684271.9,20684271.9,False,False,False
7.1199999999998926,"BANDIT-01",2217.050015979793,Military,92,30448.881950029088,20684271.9,20684271.9,False,False,False
7.1199999999998926,"BANDIT-02",2217.0621465770128,Military,92,30192.879255462885,20684271.9,20684271.9,False,False,False
7.2199999999998905,"VIPER-01",2037.6178648738028,Afterburner,100,110181.53361463611,20684271.9,20684271.9,True,False,False
7.2199999999998905,"VIPER-02",2277.0317353914361,Military,92,59806.13880398927,20684271.9,20684271.9,False,False,False
7.2199999999998905,"BANDIT-01",2216.9749686859604,Military,92,30428.360342061231,20684271.9,20684271.9,False,False,False
7.2199999999998905,"BANDIT-02",2216.9873879385564,Military,92,30170.191528458941,20684271.9,20684271.9,False,False,False
7.3199999999998884,"VIPER-01",2037.2546209010623,Afterburner,100,110150.49387951002,20684271.9,20684271.9,True,False,False
7.3199999999998884,"VIPER-02",2276.9059461451857,Military,92,59824.678097278105,20684271.9,20684271.9,False,False,False
7.3199999999998884,"BANDIT-01",2216.8999600303428,Military,92,30408.053379504756,20684271.9,20684271.9,False,False,False
7.3199999999998884,"BANDIT-02",2216.912672258517,Military,92,30147.751061347302,20684271.9,20684271.9,False,False,False
7.4199999999998862,"VIPER-01",2036.8913769268147,Afterburner,100,110119.56990645039,20684271.9,20684271.9,True,False,False
7.4199999999998862,"VIPER-02",2276.7801186193055,Military,92,59842.996980135962,20684271.9,20684271.9,False,False,False
7.4199999999998862,"BANDIT-01",2216.8249896192142,Military,92,30387.957346025647,20684271.9,20684271.9,False,False,False
7.4199999999998862,"BANDIT-02",2216.8379990944072,Military,92,30125.541250438608,20684271.9,20684271.9,False,False,False
7.5199999999998841,"VIPER-01",2036.528132951056,Afterburner,100,110088.76184229038,20684271.9,20684271.9,True,False,False
7.5199999999998841,"VIPER-02",2276.6542532122385,Military,92,59861.092827199711,20684271.9,20684271.9,False,False,False
7.5199999999998841,"BANDIT-01",2216.7500570588022,Military,92,30368.074625052908,20684271.9,20684271.9,False,False,False
7.5199999999998841,"BANDIT-02",2216.7633680281606,Military,92,30103.55193419538,20684271.9,20684271.9,False,False,False
7.619999999999882,"VIPER-01",2036.1648889737833,Afterburner,100,110058.06982691151,20684271.9,20684271.9,True,False,False
7.619999999999882,"VIPER-02",2276.5283503306177,Military,92,59878.960310982511,20684271.9,20684271.9,False,False,False
7.619999999999882,"BANDIT-01",2216.6751619473775,Military,92,30348.410191703562,20684271.9,20684271.9,False,False,False
7.619999999999882,"BANDIT-02",2216.6887786519055,Military,92,30081.781043318708,20684271.9,20684271.9,False,False,False
7.71999999999988,"VIPER-01",2035.8016449949937,Afterburner,100,110027.49399329974,20684271.9,20684271.9,True,False,False
7.71999999999988,"VIPER-02",2276.4024103902548,Military,92,59896.59520124249,20684271.9,20684271.9,False,False,False
7.71999999999988,"BANDIT-01",2216.6003038742874,Military,92,30328.967950452003,20684271.9,20684271.9,False,False,False
7.71999999999988,"BANDIT-02",2216.6142305547223,Military,92,30060.232416210631,20684271.9,20684271.9,False,False,False
7.8199999999998777,"VIPER-01",2035.4384010146857,Afterburner,100,109997.03446759129,20684271.9,20684271.9,True,False,False
7.8199999999998777,"VIPER-02",2276.2764338115521,Military,92,59913.996689162719,20684271.9,20684271.9,False,False,False
7.8199999999998777,"BANDIT-01",2216.5254824244912,Military,92,30309.748513539842,20684271.9,20684271.9,False,False,False
7.8199999999998777,"BANDIT-02",2216.5397233156887,Military,92,30038.91174141637,20684271.9,20684271.9,False,False,False
7.9199999999998756,"VIPER-01",2035.0751570328578,Afterburner,100,109966.69136907278,20684271.9,20684271.9,True,False,False
7.9199999999998756,"VIPER-02",2276.15042101277,Military,92,59931.167636906212,20684271.9,20684271.9,False,False,False
7.9199999999998756,"BANDIT-01",2216.450697185197,Military,92,30290.748983203255,20684271.9,20684271.9,False,False,False
7.9199999999998756,"BANDIT-02",2216.4652565044271,Military,92,30017.822816110609,20684271.9,20684271.9,False,False,False
8.0199999999998735,"VIPER-01",2034.71191304951,Afterburner,100,109936.46481023054,20684271.9,20684271.9,True,False,False
8.0199999999998735,"VIPER-02",2276.024372404589,Military,92,59948.113190725919,20684271.9,20684271.9,False,False,False
8.0199999999998735,"BANDIT-01",2216.3759477512062,Military,92,30271.964302953638,20684271.9,20684271.9,False,False,False
8.0199999999998735,"BANDIT-02",2216.3908296869554,Military,92,29996.965588413757,20684271.9,20684271.9,False,False,False
8.1199999999998713,"VIPER-01",2034.3486690646421,Afterburner,100,109906.35489678377,20684271.9,20684271.9,True,False,False
8.1199999999998713,"VIPER-02",2275.89828838795,Military,92,59964.838785339758,20684271.9,20684271.9,False,False,False
8.1199999999998713,"BANDIT-01",2216.3012337270184,Military,92,30253.389182244944,20684271.9,20684271.9,False,False,False
8.1199999999998713,"BANDIT-02",2216.3164424329875,Military,92,29976.336334198786,20684271.9,20684271.9,False,False,False
8.21999999999987,"VIPER-01",2033.9854250782553,Afterburner,100,109876.36172773979,20684271.9,20684271.9,True,False,False
8.21999999999987,"VIPER-02",2275.7721693552185,Military,92,59981.348561544895,20684271.9,20684271.9,False,False,False
8.21999999999987,"BANDIT-01",2216.2265547256493,Military,92,30235.019611527125,20684271.9,20684271.9,False,False,False
8.21999999999987,"BANDIT-02",2216.242094321256,Military,92,29955.929340661303,20684271.9,20684271.9,False,False,False
8.3199999999998671,"VIPER-01",2033.6221810903508,Afterburner,100,109846.48539537324,20684271.9,20684271.9,True,False,False
8.3199999999998671,"VIPER-02",2275.6460156932776,Military,92,59997.644767046244,20684271.9,20684271.9,False,False,False
8.3199999999998671,"BANDIT-01",2216.1519103655642,Military,92,30216.853424835706,20684271.9,20684271.9,False,False,False
8.3199999999998671,"BANDIT-02",2216.1677849411085,Military,92,29935.73899335989,20684271.9,20684271.9,False,False,False
8.4199999999998649,"VIPER-01",2033.2589371009312,Afterburner,100,109816.72598532916,20684271.9,20684271.9,True,False,False
8.4199999999998649,"VIPER-02",2275.5198277866962,Military,92,60013.72812981379,20684271.9,20684271.9,False,False,False
8.4199999999998649,"BANDIT-01",2216.0773002675373,Military,92,30198.8899271414,20684271.9,20684271.9,False,False,False
8.4199999999998649,"BANDIT-02",2216.0935138907093,Military,92,29915.761276965128,20684271.9,20684271.9,False,False,False
8.5199999999998628,"VIPER-01",2032.8956931099997,Afterburner,100,109787.08357662194,20684271.9,20684271.9,True,False,False
8.5199999999998628,"VIPER-02",2275.3936060196015,Military,92,60029.598776467741,20684271.9,20684271.9,False,False,False
8.5199999999998628,"BANDIT-01",2216.0027240528038,Military,92,30181.129002667541,20684271.9,20684271.9,False,False,False
8.5199999999998628,"BANDIT-02",2216.0192807734775,Military,92,29895.994210865236,20684271.9,20684271.9,False,False,False
8.61999999999986,"VIPER-01",2032.53244911756,Afterburner,100,109757.55824168798,20684271.9,20684271.9,True,False,False
8.61999999999986,"VIPER-02",2275.26735077582,Military,92,60045.2571511975,20684271.9,20684271.9,False,False,False
8.61999999999986,"BANDIT-01",2215.9281813429252,Military,92,30163.570229434252,20684271.9,20684271.9,False,False,False
8.61999999999986,"BANDIT-02",2215.9450851947454,Military,92,29876.437322092777,20684271.9,20684271.9,False,False,False
8.7199999999998585,"VIPER-01",2032.1692051236171,Afterburner,100,109728.15004640351,20684271.9,20684271.9,True,False,False
8.7199999999998585,"VIPER-02",2275.1410624377045,Military,92,60060.704539418213,20684271.9,20684271.9,False,False,False
8.7199999999998585,"BANDIT-01",2215.8536717609413,Military,92,30146.212378992925,20684271.9,20684271.9,False,False,False
8.7199999999998585,"BANDIT-02",2215.8709267599556,Military,92,29857.090637710342,20684271.9,20684271.9,False,False,False
8.8199999999998564,"VIPER-01",2031.8059611281753,Afterburner,100,109698.85905014884,20684271.9,20684271.9,True,False,False
8.8199999999998564,"VIPER-02",2275.014741384527,Military,92,60075.943078152261,20684271.9,20684271.9,False,False,False
8.8199999999998564,"BANDIT-01",2215.7791949329549,Military,92,30129.0534114408,20684271.9,20684271.9,False,False,False
8.8199999999998564,"BANDIT-02",2215.7968050747349,Military,92,29837.953750954388,20684271.9,20684271.9,False,False,False
8.9199999999998543,"VIPER-01",2031.4427171312414,Afterburner,100,109669.68530583754,20684271.9,20684271.9,True,False,False
8.9199999999998543,"VIPER-02",2274.8883879912692,Military,92,60090.975388799889,20684271.9,20684271.9,False,False,False
8.9199999999998543,"BANDIT-01",2215.7047504893189,Military,92,30112.090832217178,20684271.9,20684271.9,False,False,False
8.9199999999998543,"BANDIT-02",2215.7227197462839,Military,92,29819.025335136543,20684271.9,20684271.9,False,False,False
9.0199999999998521,"VIPER-01",2031.0794731328217,Afterburner,100,109640.62885994984,20684271.9,20684271.9,True,False,False
9.0199999999998521,"VIPER-02",2274.7620026282229,Military,92,60105.804094735024,20684271.9,20684271.9,False,False,False
9.0199999999998521,"BANDIT-01",2215.6303380650224,Military,92,30095.322156572696,20684271.9,20684271.9,False,False,False
9.0199999999998521,"BANDIT-02",2215.6486703851242,Military,92,29800.303190381797,20684271.9,20684271.9,False,False,False
9.11999999999985,"VIPER-01",2030.7162291329241,Afterburner,100,109611.68975257725,20684271.9,20684271.9,True,False,False
9.11999999999985,"VIPER-02",2274.6355856613745,Military,92,60120.431464790039,20684271.9,20684271.9,False,False,False
9.11999999999985,"BANDIT-01",2215.5559572993088,Military,92,30078.745250140957,20684271.9,20684271.9,False,False,False
9.11999999999985,"BANDIT-02",2215.5746566063508,Military,92,29781.784659806573,20684271.9,20684271.9,False,False,False
9.2199999999998479,"VIPER-01",2030.3529851315573,Afterburner,100,109582.86801746774,20684271.9,20684271.9,True,False,False
9.2199999999998479,"VIPER-02",2274.5091374531871,Military,92,60134.859302837234,20684271.9,20684271.9,False,False,False
9.2199999999998479,"BANDIT-01",2215.4816078348886,Military,92,30062.358431403045,20684271.9,20684271.9,False,False,False
9.2199999999998479,"BANDIT-02",2215.5006780299755,Military,92,29763.467138118216,20684271.9,20684271.9,False,False,False
9.3199999999998457,"VIPER-01",2029.9897411287302,Afterburner,100,109554.16368208567,20684271.9,20684271.9,True,False,False
9.3199999999998457,"VIPER-02",2274.3826583633554,Military,92,60149.089063295985,20684271.9,20684271.9,False,False,False
9.3199999999998457,"BANDIT-01",2215.4072893172033,Military,92,30046.160357164081,20684271.9,20684271.9,False,False,False
9.3199999999998457,"BANDIT-02",2215.4267342804392,Military,92,29745.348430184997,20684271.9,20684271.9,False,False,False
9.4199999999998436,"VIPER-01",2029.6264971244525,Afterburner,100,109525.57676762019,20684271.9,20684271.9,True,False,False
9.4199999999998436,"VIPER-02",2274.2561487492135,Military,92,60163.122079553963,20684271.9,20684271.9,False,False,False
9.4199999999998436,"BANDIT-01",2215.3330013940131,Military,92,30030.149800896659,20684271.9,20684271.9,False,False,False
9.4199999999998436,"BANDIT-02",2215.3528249857222,Military,92,29727.426846635164,20684271.9,20684271.9,False,False,False
9.5199999999998415,"VIPER-01",2029.2632531187353,Afterburner,100,109497.10728901927,20684271.9,20684271.9,True,False,False
9.5199999999998415,"VIPER-02",2274.1296089657335,Military,92,60176.959774332972,20684271.9,20684271.9,False,False,False
9.5199999999998415,"BANDIT-01",2215.2587437154048,Military,92,30014.325450178334,20684271.9,20684271.9,False,False,False
9.5199999999998415,"BANDIT-02",2215.2789497765207,Military,92,29709.701066569618,20684271.9,20684271.9,False,False,False
9.61999999999984,"VIPER-01",2028.9000091115895,Afterburner,100,109468.75525509611,20684271.9,20684271.9,True,False,False
9.61999999999984,"VIPER-02",2274.0030393652355,Military,92,60190.603765254607,20684271.9,20684271.9,False,False,False
9.61999999999984,"BANDIT-01",2215.1845159340714,Military,92,29998.685806099962,20684271.9,20684271.9,False,False,False
9.61999999999984,"BANDIT-02",2215.205108285812,Military,92,29692.169889101693,20684271.9,20684271.9,False,False,False
9.7199999999998372,"VIPER-01",2028.5367651030278,Afterburner,100,109440.52066851119,20684271.9,20684271.9,True,False,False
9.7199999999998372,"VIPER-02",2273.8764402970392,Military,92,60204.055848795346,20684271.9,20684271.9,False,False,False
9.7199999999998372,"BANDIT-01",2215.1103177056611,Military,92,29983.229199922549,20684271.9,20684271.9,False,False,False
9.7199999999998372,"BANDIT-02",2215.1313001488716,Military,92,29674.832010044753,20684271.9,20684271.9,False,False,False
9.8199999999998351,"VIPER-01",2028.1735210930635,Afterburner,100,109412.40352583793,20684271.9,20684271.9,True,False,False
9.8199999999998351,"VIPER-02",2273.7498121072194,Military,92,60217.317903886425,20684271.9,20684271.9,False,False,False
9.8199999999998351,"BANDIT-01",2215.0361486890092,Military,92,29967.953886561772,20684271.9,20684271.9,False,False,False
9.8199999999998351,"BANDIT-02",2215.057525003604,Military,92,29657.685912252775,20684271.9,20684271.9,False,False,False
9.919999999999833,"VIPER-01",2027.8102770817106,Afterburner,100,109384.40381762039,20684271.9,20684271.9,True,False,False
9.919999999999833,"VIPER-02",2273.6231551385781,Military,92,60230.391780231759,20684271.9,20684271.9,False,False,False
9.919999999999833,"BANDIT-01",2214.9620085461711,Military,92,29952.8581519608,20684271.9,20684271.9,False,False,False
9.919999999999833,"BANDIT-02",2214.9837824909378,Military,92,29640.72988535179,20684271.9,20684271.9,False,False,False
10.019999999999831,"VIPER-01",2027.4470330689867,Afterburner,100,109356.52225173582,20684271.9,20684271.9,True,False,False
10.019999999999831,"VIPER-02",2273.4964697307723,Military,92,60243.279225004393,20684271.9,20684271.9,False,False,False
10.019999999999831,"BANDIT-01",2214.8878969422908,Military,92,29937.940382849873,20684271.9,20684271.9,False,False,False
10.019999999999831,"BANDIT-02",2214.9100722550925,Military,92,29623.96213063824,20684271.9,20684271.9,False,False,False
10.119999999999829,"VIPER-01",2027.0837890554221,Afterburner,100,109328.76685057212,20684271.9,20684271.9,True,False,False
10.119999999999829,"VIPER-02",2273.3697562205189,Military,92,60255.9818696005,20684271.9,20684271.9,False,False,False
10.119999999999829,"BANDIT-01",2214.813813545396,Military,92,29923.199078455673,20684271.9,20684271.9,False,False,False
10.119999999999829,"BANDIT-02",2214.8363939436185,Military,92,29607.380882203564,20684271.9,20684271.9,False,False,False
10.219999999999827,"VIPER-01",2026.7205450414244,Afterburner,100,109301.13953869996,20684271.9,20684271.9,True,False,False
10.219999999999827,"VIPER-02",2273.2430149417778,Military,92,60268.501265408537,20684271.9,20684271.9,False,False,False
10.219999999999827,"BANDIT-01",2214.7397580262209,Military,92,29908.632815188215,20684271.9,20684271.9,False,False,False
10.219999999999827,"BANDIT-02",2214.7627472072527,Military,92,29590.984487219692,20684271.9,20684271.9,False,False,False
10.319999999999824,"VIPER-01",2026.3573010277428,Afterburner,100,109273.66998752851,20684271.9,20684271.9,True,False,False
10.319999999999824,"VIPER-02",2273.1162462258358,Military,92,60280.838938933775,20684271.9,20684271.9,False,False,False
10.319999999999824,"BANDIT-01",2214.66573005812,Military,92,29894.240193149271,20684271.9,20684271.9,False,False,False
10.319999999999824,"BANDIT-02",2214.689131699683,Military,92,29574.771421622616,20684271.9,20684271.9,False,False,False
10.419999999999822,"VIPER-01",2025.9940570245017,Afterburner,100,109246.34719121116,20684271.9,20684271.9,True,False,False
10.419999999999822,"VIPER-02",2272.9894504013041,Military,92,60292.996436253758,20684271.9,20684271.9,False,False,False
10.419999999999822,"BANDIT-01",2214.59172931707,Military,92,29880.019793281484,20684271.9,20684271.9,False,False,False
10.419999999999822,"BANDIT-02",2214.6155470773451,Military,92,29558.74025202023,20684271.9,20684271.9,False,False,False
10.51999999999982,"VIPER-01",2025.6308130458094,Afterburner,100,109219.17809510625,20684271.9,20684271.9,True,False,False
10.51999999999982,"VIPER-02",2272.8626277940621,Military,92,60304.975340088291,20684271.9,20684271.9,False,False,False
10.51999999999982,"BANDIT-01",2214.5177554817287,Military,92,29865.970161197398,20684271.9,20684271.9,False,False,False
10.51999999999982,"BANDIT-02",2214.5419929993127,Military,92,29542.889575105015,20684271.9,20684271.9,False,False,False
10.619999999999818,"VIPER-01",2025.2675691029883,Afterburner,100,109192.2038987375,20684271.9,20684271.9,True,False,False
10.619999999999818,"VIPER-02",2272.7357787271953,Military,92,60316.777259628536,20684271.9,20684271.9,False,False,False
10.619999999999818,"BANDIT-01",2214.4438082334959,Military,92,29852.08981722996,20684271.9,20684271.9,False,False,False
10.619999999999818,"BANDIT-02",2214.468469127301,Military,92,29527.217966999677,20684271.9,20684271.9,False,False,False
10.719999999999816,"VIPER-01",2024.9043252036822,Afterburner,100,109165.4934350634,20684271.9,20684271.9,True,False,False
10.719999999999816,"VIPER-02",2272.608903520967,Military,92,60328.403805483293,20684271.9,20684271.9,False,False,False
10.719999999999816,"BANDIT-01",2214.3698872565337,Military,92,29838.377280666136,20684271.9,20684271.9,False,False,False
10.719999999999816,"BANDIT-02",2214.3949751257314,Military,92,29511.723961769658,20684271.9,20684271.9,False,False,False
10.819999999999814,"VIPER-01",2024.5410813539859,Afterburner,100,109139.1409542425,20684271.9,20684271.9,True,False,False
10.819999999999814,"VIPER-02",2272.4820024928463,Military,92,60339.856565332469,20684271.9,20684271.9,False,False,False
10.819999999999814,"BANDIT-01",2214.2959922377486,Military,92,29824.831093133565,20684271.9,20684271.9,False,False,False
10.819999999999814,"BANDIT-02",2214.3215106618063,Military,92,29496.406060202084,20684271.9,20684271.9,False,False,False
10.919999999999812,"VIPER-01",2024.1778375602573,Afterburner,100,109113.27087778768,20684271.9,20684271.9,True,False,False
10.919999999999812,"VIPER-02",2272.3550759575569,Military,92,60351.137091132361,20684271.9,20684271.9,False,False,False
10.919999999999812,"BANDIT-01",2214.2221228667354,Military,92,29811.449830706359,20684271.9,20684271.9,False,False,False
10.919999999999812,"BANDIT-02",2214.2480754055464,Military,92,29481.262756448104,20684271.9,20684271.9,False,False,False
11.01999999999981,"VIPER-01",2023.8145938293715,Afterburner,100,109088.03465608764,20684271.9,20684271.9,False,False,False
11.01999999999981,"VIPER-02",2272.2281242271461,Military,92,60362.246900476137,20684271.9,20684271.9,False,False,False
11.01999999999981,"BANDIT-01",2214.1482788357148,Military,92,29798.232102339476,20684271.9,20684271.9,False,False,False
11.01999999999981,"BANDIT-02",2214.1746690297773,Military,92,29466.292565691223,20684271.9,20684271.9,False,False,False
11.119999999999807,"VIPER-01",2023.4513501747606,Afterburner,100,109063.58524833682,20684271.9,20684271.9,False,False,False
11.119999999999807,"VIPER-02",2272.101147611033,Military,92,60373.187487553936,20684271.9,20684271.9,False,False,False
11.119999999999807,"BANDIT-01",2214.0744598394817,Military,92,29785.17653911715,20684271.9,20684271.9,False,False,False
11.119999999999807,"BANDIT-02",2214.1012912100678,Military,92,29451.494040204692,20684271.9,20684271.9,False,False,False
11.219999999999805,"VIPER-01",2023.0881066413092,Afterburner,100,109040.04108811395,20684271.9,20684271.9,False,False,False
11.219999999999805,"VIPER-02",2271.9741464160365,Military,92,60383.960336114811,20684271.9,20684271.9,False,False,False
11.219999999999805,"BANDIT-01",2214.0006655753782,Military,92,29772.281781674275,20684271.9,20684271.9,False,False,False
11.219999999999805,"BANDIT-02",2214.0279416246644,Military,92,29436.865769857348,20684271.9,20684271.9,False,False,False
11.319999999999803,"VIPER-01",2022.7248633136464,Afterburner,100,109017.34305283867,20684271.9,20684271.9,False,False,False
11.319999999999803,"VIPER-02",2271.847120946386,Military,92,60394.566927996151,20684271.9,20684271.9,False,False,False
11.319999999999803,"BANDIT-01",2213.9268957432841,Military,92,29759.546471987171,20684271.9,20684271.9,False,False,False
11.319999999999803,"BANDIT-02",2213.95461995443,Military,92,29422.406371060428,20684271.9,20684271.9,False,False,False
11.419999999999801,"VIPER-01",2022.3616203102731,Afterburner,100,108995.34985186653,20684271.9,20684271.9,False,False,False
11.419999999999801,"VIPER-02",2271.7200715037184,Military,92,60405.008744650433,20684271.9,20684271.9,False,False,False
11.419999999999801,"BANDIT-01",2213.85315004562,Military,92,29746.969251930743,20684271.9,20684271.9,False,False,False
11.419999999999801,"BANDIT-02",2213.8813258828104,Military,92,29408.114472215781,20684271.9,20684271.9,False,False,False
11.519999999999799,"VIPER-01",2021.9983777756868,Afterburner,100,108973.86225661174,20684271.9,20684271.9,False,False,False
11.519999999999799,"VIPER-02",2271.5929983870824,Military,92,60415.287262986596,20684271.9,20684271.9,False,False,False
11.519999999999799,"BANDIT-01",2213.7794281873439,Military,92,29734.548767331838,20684271.9,20684271.9,False,False,False
11.519999999999799,"BANDIT-02",2213.80805909582,Military,92,29393.988703044186,20684271.9,20684271.9,False,False,False
11.619999999999797,"VIPER-01",2021.6351358717286,Afterburner,100,108952.6547892457,20684271.9,20684271.9,False,False,False
11.619999999999797,"VIPER-02",2271.4659018929528,Military,92,60425.403949048879,20684271.9,20684271.9,False,False,False
11.619999999999797,"BANDIT-01",2213.705729875935,Military,92,29722.283674049751,20684271.9,20684271.9,False,False,False
11.619999999999797,"BANDIT-02",2213.73481928205,Military,92,29380.027691373623,20684271.9,20684271.9,False,False,False
11.719999999999795,"VIPER-01",2021.2718947688745,Afterburner,100,108931.50840713008,20684271.9,20684271.9,False,False,False
11.719999999999795,"VIPER-02",2271.3387823152534,Military,92,60435.360253099876,20684271.9,20684271.9,False,False,False
11.719999999999795,"BANDIT-01",2213.6320548213735,Military,92,29710.17264269133,20684271.9,20684271.9,False,False,False
11.719999999999795,"BANDIT-02",2213.6616061326672,Military,92,29366.230066708493,20684271.9,20684271.9,False,False,False
11.819999999999792,"VIPER-01",2020.9086546381,Afterburner,100,108910.237457726,20684271.9,20684271.9,False,False,False
11.819999999999792,"VIPER-02",2271.2116399453867,Military,92,60445.157607951776,20684271.9,20684271.9,False,False,False
11.819999999999792,"BANDIT-01",2213.5584027361083,Military,92,29698.214360141352,20684271.9,20684271.9,False,False,False
11.819999999999792,"BANDIT-02",2213.5884193414036,Military,92,29352.594467002134,20684271.9,20684271.9,False,False,False
11.91999999999979,"VIPER-01",2020.5454156438459,Afterburner,100,108888.70844102712,20684271.9,20684271.9,False,False,False
11.91999999999979,"VIPER-02",2271.0844750722622,Military,92,60454.797430490456,20684271.9,20684271.9,False,False,False
11.91999999999979,"BANDIT-01",2213.4847733350334,Military,92,29686.40752805896,20684271.9,20684271.9,False,False,False
11.91999999999979,"BANDIT-02",2213.5152586045356,Military,92,29339.119544635792,20684271.9,20684271.9,False,False,False
12.019999999999788,"VIPER-01",2020.1821779385266,Afterburner,100,108866.84612125506,20684271.9,20684271.9,False,False,False
12.019999999999788,"VIPER-02",2270.9572879823227,Military,92,60464.281124776833,20684271.9,20684271.9,False,False,False
12.019999999999788,"BANDIT-01",2213.4111663354583,Military,92,29674.750859829986,20684271.9,20684271.9,False,False,False
12.019999999999788,"BANDIT-02",2213.4421236208541,Military,92,29325.803969103941,20684271.9,20684271.9,False,False,False
12.119999999999786,"VIPER-01",2019.8189416587647,Afterburner,100,108844.62836930888,20684271.9,20684271.9,False,False,False
12.119999999999786,"VIPER-02",2270.8300789595646,Military,92,60473.610084984233,20684271.9,20684271.9,False,False,False
12.119999999999786,"BANDIT-01",2213.3375814570913,Military,92,29663.243077764248,20684271.9,20684271.9,False,False,False
12.119999999999786,"BANDIT-02",2213.3690140916319,Military,92,29312.64642602859,20684271.9,20684271.9,False,False,False
12.219999999999784,"VIPER-01",2019.4557069234215,Afterburner,100,108822.07754851608,20684271.9,20684271.9,False,False,False
12.219999999999784,"VIPER-02",2270.7028482855517,Military,92,60482.785696819155,20684271.9,20684271.9,False,False,False
12.219999999999784,"BANDIT-01",2213.264018422024,Military,92,29651.882911690125,20684271.9,20684271.9,False,False,False
12.219999999999784,"BANDIT-02",2213.2959297206003,Military,92,29299.645613920948,20684271.9,20684271.9,False,False,False
12.319999999999782,"VIPER-01",2019.0924738333863,Afterburner,100,108799.24607778217,20684271.9,20684271.9,False,False,False
12.319999999999782,"VIPER-02",2270.5755962394269,Military,92,60491.809337350678,20684271.9,20684271.9,False,False,False
12.319999999999782,"BANDIT-01",2213.1904769547195,Military,92,29640.6690991569,20684271.9,20684271.9,False,False,False
12.319999999999782,"BANDIT-02",2213.2228702139232,Military,92,29286.800240719065,20684271.9,20684271.9,False,False,False
12.41999999999978,"VIPER-01",2018.7292424728996,Afterburner,100,108776.20292874871,20684271.9,20684271.9,False,False,False
12.41999999999978,"VIPER-02",2270.4483230979317,Military,92,60500.682373779287,20684271.9,20684271.9,False,False,False
12.41999999999978,"BANDIT-01",2213.1169567819961,Military,92,29629.60038662564,20684271.9,20684271.9,False,False,False
12.41999999999978,"BANDIT-02",2213.1498352801891,Military,92,29274.109021679778,20684271.9,20684271.9,False,False,False
12.519999999999778,"VIPER-01",2018.3660129120894,Afterburner,100,108753.02293171297,20684271.9,20684271.9,False,False,False
12.519999999999778,"VIPER-02",2270.3210291354249,Military,92,60509.406162057749,20684271.9,20684271.9,False,False,False
12.519999999999778,"BANDIT-01",2213.0434576330072,Military,92,29618.675530793291,20684271.9,20684271.9,False,False,False
12.519999999999778,"BANDIT-02",2213.0768246303937,Military,92,29261.570679120774,20684271.9,20684271.9,False,False,False
12.619999999999775,"VIPER-01",2018.0027852103506,Afterburner,100,108729.77939271591,20684271.9,20684271.9,False,False,False
12.619999999999775,"VIPER-02",2270.1937146238993,Military,92,60517.982046109937,20684271.9,20684271.9,False,False,False
12.619999999999775,"BANDIT-01",2212.9699792392239,Military,92,29607.89329932852,20684271.9,20684271.9,False,False,False
12.619999999999775,"BANDIT-02",2213.0038379779244,Military,92,29249.18394360118,20684271.9,20684271.9,False,False,False
12.719999999999773,"VIPER-01",2017.6395594201779,Afterburner,100,108706.53955316746,20684271.9,20684271.9,False,False,False
12.719999999999773,"VIPER-02",2270.0663798330052,Military,92,60526.411357851306,20684271.9,20684271.9,False,False,False
12.719999999999773,"BANDIT-01",2212.8965213344131,Military,92,29597.252470843043,20684271.9,20684271.9,False,False,False
12.719999999999773,"BANDIT-02",2212.9308750385471,Military,92,29236.947555522551,20684271.9,20684271.9,False,False,False
12.819999999999771,"VIPER-01",2017.2763355910695,Afterburner,100,108683.36194002136,20684271.9,20684271.9,False,False,False
12.819999999999771,"VIPER-02",2269.9390250300689,Military,92,60534.695417808631,20684271.9,20684271.9,False,False,False
12.819999999999771,"BANDIT-01",2212.8230836546218,Military,92,29586.75183427602,20684271.9,20684271.9,False,False,False
12.819999999999771,"BANDIT-02",2212.8579355303864,Military,92,29224.860266292566,20684271.9,20684271.9,False,False,False
12.919999999999769,"VIPER-01",2016.9131137731563,Afterburner,100,108660.29466653861,20684271.9,20684271.9,False,False,False
12.919999999999769,"VIPER-02",2269.8116504801146,Military,92,60542.835535922284,20684271.9,20684271.9,False,False,False
12.919999999999769,"BANDIT-01",2212.7496659381504,Military,92,29576.390188116151,20684271.9,20684271.9,False,False,False
12.919999999999769,"BANDIT-02",2212.7850191739003,Military,92,29212.920838601716,20684271.9,20684271.9,False,False,False
13.019999999999767,"VIPER-01",2016.5498940202835,Afterburner,100,108637.37409193887,20684271.9,20684271.9,False,False,False
13.019999999999767,"VIPER-02",2269.6842564458784,Military,92,60550.833012114483,20684271.9,20684271.9,False,False,False
13.019999999999767,"BANDIT-01",2212.6762679255435,Military,92,29566.166339859556,20684271.9,20684271.9,False,False,False
13.019999999999767,"BANDIT-02",2212.712125691864,Military,92,29201.128045908863,20684271.9,20684271.9,False,False,False
13.119999999999765,"VIPER-01",2016.1866763923385,Afterburner,100,108614.62370773891,20684271.9,20684271.9,False,False,False
13.119999999999765,"VIPER-02",2269.5568431878278,Military,92,60558.6891364831,20684271.9,20684271.9,False,False,False
13.119999999999765,"BANDIT-01",2212.6028893595717,Military,92,29556.079105825876,20684271.9,20684271.9,False,False,False
13.119999999999765,"BANDIT-02",2212.6392548093477,Military,92,29189.480671544992,20684271.9,20684271.9,False,False,False
13.219999999999763,"VIPER-01",2015.8234609567173,Afterburner,100,108592.05348446415,20684271.9,20684271.9,False,False,False
13.219999999999763,"VIPER-02",2269.4294109641774,Military,92,60566.405189147663,20684271.9,20684271.9,False,False,False
13.219999999999763,"BANDIT-01",2212.529529985211,Military,92,29546.127311308195,20684271.9,20684271.9,False,False,False
13.219999999999763,"BANDIT-02",2212.566406253703,Military,92,29177.977507941469,20684271.9,20684271.9,False,False,False
13.31999999999976,"VIPER-01",2015.4602477889059,Afterburner,100,108569.66006097134,20684271.9,20684271.9,False,False,False
13.31999999999976,"VIPER-02",2269.3019600309067,Military,92,60573.98243999196,20684271.9,20684271.9,False,False,False
13.31999999999976,"BANDIT-01",2212.4561895496313,Military,92,29536.309790827545,20684271.9,20684271.9,False,False,False
13.31999999999976,"BANDIT-02",2212.4935797545436,Military,92,29166.617356236187,20684271.9,20684271.9,False,False,False
13.419999999999758,"VIPER-01",2015.0970369722418,Afterburner,100,108547.42826122158,20684271.9,20684271.9,False,False,False
13.419999999999758,"VIPER-02",2269.1744906417784,Military,92,60581.422148468693,20684271.9,20684271.9,False,False,False
13.419999999999758,"BANDIT-01",2212.3828678021737,Military,92,29526.625388325345,20684271.9,20684271.9,False,False,False
13.419999999999758,"BANDIT-02",2212.4207750437295,Military,92,29155.399026299048,20684271.9,20684271.9,False,False,False
13.519999999999756,"VIPER-01",2014.7338285970227,Afterburner,100,108525.33736921586,20684271.9,20684271.9,False,False,False
13.519999999999756,"VIPER-02",2269.0470030483552,Military,92,60588.7255635941,20684271.9,20684271.9,False,False,False
13.519999999999756,"BANDIT-01",2212.3095644943392,Military,92,29517.07295716826,20684271.9,20684271.9,False,False,False
13.519999999999756,"BANDIT-02",2212.3479918553485,Military,92,29144.321337019595,20684271.9,20684271.9,False,False,False
13.619999999999754,"VIPER-01",2014.3706227593025,Afterburner,100,108503.36232928683,20684271.9,20684271.9,False,False,False
13.619999999999754,"VIPER-02",2268.9194975000182,Military,92,60595.893924123557,20684271.9,20684271.9,False,False,False
13.619999999999754,"BANDIT-01",2212.2362793797638,Military,92,29507.651359983058,20684271.9,20684271.9,False,False,False
13.619999999999754,"BANDIT-02",2212.2752299257036,Military,92,29133.383116572775,20684271.9,20684271.9,False,False,False
13.719999999999752,"VIPER-01",2014.0074195595037,Afterburner,100,108481.47982325192,20684271.9,20684271.9,False,False,False
13.719999999999752,"VIPER-02",2268.791974243984,Military,92,60602.928458811184,20684271.9,20684271.9,False,False,False
13.719999999999752,"BANDIT-01",2212.1630122142074,Military,92,29498.359468405888,20684271.9,20684271.9,False,False,False
13.719999999999752,"BANDIT-02",2212.2024889932914,Military,92,29122.583202554095,20684271.9,20684271.9,False,False,False
13.81999999999975,"VIPER-01",2013.644219101149,Afterburner,100,108459.67156791891,20684271.9,20684271.9,False,False,False
13.81999999999975,"VIPER-02",2268.664433525325,Military,92,60609.830386635345,20684271.9,20684271.9,False,False,False
13.81999999999975,"BANDIT-01",2212.089762755535,Military,92,29489.196162868302,20684271.9,20684271.9,False,False,False
13.81999999999975,"BANDIT-02",2212.129768798784,Military,92,29111.920441886625,20684271.9,20684271.9,False,False,False
13.919999999999748,"VIPER-01",2013.2810214898857,Afterburner,100,108437.92516817056,20684271.9,20684271.9,False,False,False
13.919999999999748,"VIPER-02",2268.5368755869795,Military,92,60616.600916932359,20684271.9,20684271.9,False,False,False
13.919999999999748,"BANDIT-01",2212.0165307637012,Military,92,29480.160332459851,20684271.9,20684271.9,False,False,False
13.919999999999748,"BANDIT-02",2212.0570690850182,Military,92,29101.393690598623,20684271.9,20684271.9,False,False,False
14.019999999999746,"VIPER-01",2012.9178268328546,Afterburner,100,108416.23408401084,20684271.9,20684271.9,False,False,False
14.019999999999746,"VIPER-02",2268.4093006697753,Military,92,60623.241249444713,20684271.9,20684271.9,False,False,False
14.019999999999746,"BANDIT-01",2211.9433160007325,Military,92,29471.250874905432,20684271.9,20684271.9,False,False,False
14.019999999999746,"BANDIT-02",2211.9843895969707,Military,92,29091.001813565297,20684271.9,20684271.9,False,False,False
14.119999999999743,"VIPER-01",2012.5546352383976,Afterburner,100,108394.59691426152,20684271.9,20684271.9,False,False,False
14.119999999999743,"VIPER-02",2268.2817090124395,Military,92,60629.752574300008,20684271.9,20684271.9,False,False,False
14.119999999999743,"BANDIT-01",2211.8701182307123,Military,92,29462.466696577445,20684271.9,20684271.9,False,False,False
14.119999999999743,"BANDIT-02",2211.9117300817461,Military,92,29080.743684339439,20684271.9,20684271.9,False,False,False
14.219999999999741,"VIPER-01",2012.1914468160717,Afterburner,100,108373.01624434203,20684271.9,20684271.9,False,False,False
14.219999999999741,"VIPER-02",2268.1541008516238,Military,92,60636.136071985988,20684271.9,20684271.9,False,False,False
14.219999999999741,"BANDIT-01",2211.7969372197658,Military,92,29453.806712522874,20684271.9,20684271.9,False,False,False
14.219999999999741,"BANDIT-02",2211.8390902885612,Military,92,29070.618185069849,20684271.9,20684271.9,False,False,False
14.319999999999739,"VIPER-01",2011.8282616769056,Afterburner,100,108351.49729551285,20684271.9,20684271.9,False,False,False
14.319999999999739,"VIPER-02",2268.0264764219096,Military,92,60642.392913370444,20684271.9,20684271.9,False,False,False
14.319999999999739,"BANDIT-01",2211.7237727360434,Military,92,29445.269846442916,20684271.9,20684271.9,False,False,False
14.319999999999739,"BANDIT-02",2211.7664699687261,Military,92,29060.624206507295,20684271.9,20684271.9,False,False,False
14.419999999999737,"VIPER-01",2011.4650799338206,Afterburner,100,108330.04657066514,20684271.9,20684271.9,False,False,False
14.419999999999737,"VIPER-02",2267.8988359558348,Military,92,60648.524259781509,20684271.9,20684271.9,False,False,False
14.419999999999737,"BANDIT-01",2211.6506245497008,Military,92,29436.855030631457,20684271.9,20684271.9,False,False,False
14.419999999999737,"BANDIT-02",2211.6938688756304,Military,92,29050.760648035008,20684271.9,20684271.9,False,False,False
14.519999999999735,"VIPER-01",2011.1019017021363,Afterburner,100,108308.67063906636,20684271.9,20684271.9,False,False,False
14.519999999999735,"VIPER-02",2267.7711796839053,Military,92,60654.531263121622,20684271.9,20684271.9,False,False,False
14.519999999999735,"BANDIT-01",2211.5774924328884,Military,92,29428.561205865706,20684271.9,20684271.9,False,False,False
14.519999999999735,"BANDIT-02",2211.6212867647264,Military,92,29041.026417667719,20684271.9,20684271.9,False,False,False
14.619999999999733,"VIPER-01",2010.7387271000862,Afterburner,100,108287.37515341041,20684271.9,20684271.9,False,False,False
14.619999999999733,"VIPER-02",2267.6435078346108,Military,92,60660.415065974536,20684271.9,20684271.9,False,False,False
14.619999999999733,"BANDIT-01",2211.5043761597326,Military,92,29420.387321292343,20684271.9,20684271.9,False,False,False
14.619999999999733,"BANDIT-02",2211.548723393511,Military,92,29031.420431997696,20684271.9,20684271.9,False,False,False
14.719999999999731,"VIPER-01",2010.3755562492756,Afterburner,100,108266.16415144317,20684271.9,20684271.9,False,False,False
14.719999999999731,"VIPER-02",2267.5158206344431,Military,92,60666.176801721565,20684271.9,20684271.9,False,False,False
14.719999999999731,"BANDIT-01",2211.4312755063224,Military,92,29412.332334344446,20684271.9,20684271.9,False,False,False
14.719999999999731,"BANDIT-02",2211.4761785215142,Military,92,29021.941616099652,20684271.9,20684271.9,False,False,False
14.819999999999729,"VIPER-01",2010.012389275031,Afterburner,100,108245.03705530129,20684271.9,20684271.9,False,False,False
14.819999999999729,"VIPER-02",2267.3881183079111,Military,92,60671.817594616565,20684271.9,20684271.9,False,False,False
14.819999999999729,"BANDIT-01",2211.3581902506908,Military,92,29404.395210654115,20684271.9,20684271.9,False,False,False
14.819999999999729,"BANDIT-02",2211.4036519102788,Military,92,29012.588903407919,20684271.9,20684271.9,False,False,False
14.919999999999726,"VIPER-01",2009.6492263063965,Afterburner,100,108223.98479780035,20684271.9,20684271.9,False,False,False
14.919999999999726,"VIPER-02",2267.260401077554,Military,92,60677.338559861382,20684271.9,20684271.9,False,False,False
14.919999999999726,"BANDIT-01",2211.2851201728031,Military,92,29396.574924007382,20684271.9,20684271.9,False,False,False
14.919999999999726,"BANDIT-02",2211.3311433233466,Military,92,29003.361235611617,20684271.9,20684271.9,False,False,False
15.019999999999724,"VIPER-01",2009.2860674756705,Afterburner,100,108202.99275127403,20684271.9,20684271.9,False,False,False
15.019999999999724,"VIPER-02",2267.13266916396,Military,92,60682.740803620218,20684271.9,20684271.9,False,False,False
15.019999999999724,"BANDIT-01",2211.2120650545376,Military,92,29388.870456301378,20684271.9,20684271.9,False,False,False
15.019999999999724,"BANDIT-02",2211.2586525262441,Military,92,28994.257562575323,20684271.9,20684271.9,False,False,False
15.119999999999722,"VIPER-01",2008.9229129175169,Afterburner,100,108182.03749964289,20684271.9,20684271.9,False,False,False
15.119999999999722,"VIPER-02",2267.0049227857826,Military,92,60688.025423105224,20684271.9,20684271.9,False,False,False
15.119999999999722,"BANDIT-01",2211.139024679675,Military,92,29381.280797496034,20684271.9,20684271.9,False,False,False
15.119999999999722,"BANDIT-02",2211.1861792864661,Military,92,28985.276842288371,20684271.9,20684271.9,False,False,False
15.21999999999972,"VIPER-01",2008.5597627675575,Afterburner,100,108161.09113385051,20684271.9,20684271.9,False,False,False
15.21999999999972,"VIPER-02",2266.87716215975,Military,92,60693.193506616328,20684271.9,20684271.9,False,False,False
15.21999999999972,"BANDIT-01",2211.06599883388,Military,92,29373.804945566284,20684271.9,20684271.9,False,False,False
15.21999999999972,"BANDIT-02",2211.11372337346,Military,92,28976.418040829252,20684271.9,20684271.9,False,False,False
15.319999999999718,"VIPER-01",2008.1966171606525,Afterburner,100,108140.12574782038,20684271.9,20684271.9,False,False,False
15.319999999999718,"VIPER-02",2266.7493875006871,Military,92,60698.246133622335,20684271.9,20684271.9,False,False,False
15.319999999999718,"BANDIT-01",2210.992987304689,Military,92,29366.441906428769,20684271.9,20684271.9,False,False,False
15.319999999999718,"BANDIT-02",2211.04128455861,Military,92,28967.680132336107,20684271.9,20684271.9,False,False,False
15.419999999999716,"VIPER-01",2007.8334762291306,Afterburner,100,108119.11724054541,20684271.9,20684271.9,False,False,False
15.419999999999716,"VIPER-02",2266.6215990215283,Military,92,60703.184374822078,20684271.9,20684271.9,False,False,False
15.419999999999716,"BANDIT-01",2210.9199898814918,Military,92,29359.19069388786,20684271.9,20684271.9,False,False,False
15.419999999999716,"BANDIT-02",2210.968862615226,Military,92,28959.062098948005,20684271.9,20684271.9,False,False,False
15.519999999999714,"VIPER-01",2007.4703401011777,Afterburner,100,108098.04792334174,20684271.9,20684271.9,False,False,False
15.519999999999714,"VIPER-02",2266.4937969333319,Military,92,60708.009292208546,20684271.9,20684271.9,False,False,False
15.519999999999714,"BANDIT-01",2210.8470063555214,Military,92,29352.050329569061,20684271.9,20684271.9,False,False,False
15.519999999999714,"BANDIT-02",2210.8964573185244,Military,92,28950.562930762855,20684271.9,20684271.9,False,False,False
15.619999999999711,"VIPER-01",2007.1072088995491,Afterburner,100,108076.90772535383,20684271.9,20684271.9,False,False,False
15.619999999999711,"VIPER-02",2266.3659814452944,Military,92,60712.721939166477,20684271.9,20684271.9,False,False,False
15.619999999999711,"BANDIT-01",2210.7740365198356,Military,92,29345.01984285541,20684271.9,20684271.9,False,False,False
15.619999999999711,"BANDIT-02",2210.824068445615,Military,92,28942.181625751997,20684271.9,20684271.9,False,False,False
15.719999999999709,"VIPER-01",2006.7440827407065,Afterburner,100,108055.69408887795,20684271.9,20684271.9,False,False,False
15.719999999999709,"VIPER-02",2266.2381527647685,Military,92,60717.323360495771,20684271.9,20684271.9,False,False,False
15.719999999999709,"BANDIT-01",2210.7010801693054,Military,92,29338.098270836203,20684271.9,20684271.9,False,False,False
15.719999999999709,"BANDIT-02",2210.7516957754851,Military,92,28933.917189700154,20684271.9,20684271.9,False,False,False
15.819999999999707,"VIPER-01",2006.38096173441,Afterburner,100,108034.41086334549,20684271.9,20684271.9,False,False,False
15.819999999999707,"VIPER-02",2266.1103110972726,Military,92,60721.81459251354,20684271.9,20684271.9,False,False,False
15.819999999999707,"BANDIT-01",2210.6281371005971,Military,92,29331.2846582403,20684271.9,20684271.9,False,False,False
15.819999999999707,"BANDIT-02",2210.6793390889875,Military,92,28925.768636128872,20684271.9,20684271.9,False,False,False
15.919999999999705,"VIPER-01",2006.0178459837357,Afterburner,100,108013.06660417216,20684271.9,20684271.9,False,False,False
15.919999999999705,"VIPER-02",2265.9824566465109,Military,92,60726.196663079878,20684271.9,20684271.9,False,False,False
15.919999999999705,"BANDIT-01",2210.5552071121615,Military,92,29324.578057395494,20684271.9,20684271.9,False,False,False
15.919999999999705,"BANDIT-02",2210.6069981688229,Military,92,28917.734986246429,20684271.9,20684271.9,False,False,False
16.019999999999705,"VIPER-01",2005.6547355854532,Afterburner,100,107991.67266843832,20684271.9,20684271.9,False,False,False
16.019999999999705,"VIPER-02",2265.8545896143846,Military,92,60730.470591698904,20684271.9,20684271.9,False,False,False
16.019999999999705,"BANDIT-01",2210.4822900042191,Military,92,29317.977528156498,20684271.9,20684271.9,False,False,False
16.019999999999705,"BANDIT-02",2210.5346727995279,Military,92,28909.815268876573,20684271.9,20684271.9,False,False,False
16.11999999999972,"VIPER-01",2005.2916306306518,Afterburner,100,107970.24141490883,20684271.9,20684271.9,False,False,False
16.11999999999972,"VIPER-02",2265.7267102010069,Military,92,60734.6373895657,20684271.9,20684271.9,False,False,False
16.11999999999972,"BANDIT-01",2210.4093855787441,Military,92,29311.482137847957,20684271.9,20684271.9,False,False,False
16.11999999999972,"BANDIT-02",2210.46236276746,Military,92,28902.008520421477,20684271.9,20684271.9,False,False,False
16.219999999999736,"VIPER-01",2004.9285312055081,Afterburner,100,107948.7847065328,20684271.9,20684271.9,False,False,False
16.219999999999736,"VIPER-02",2265.5988186047184,Military,92,60738.69805962548,20684271.9,20684271.9,False,False,False
16.219999999999736,"BANDIT-01",2210.3364936394541,Military,92,29305.090961211645,20684271.9,20684271.9,False,False,False
16.219999999999736,"BANDIT-02",2210.3900678607824,Military,92,28894.3137847975,20684271.9,20684271.9,False,False,False
16.319999999999752,"VIPER-01",2004.56543739207,Afterburner,100,107927.31281525193,20684271.9,20684271.9,False,False,False
16.319999999999752,"VIPER-02",2265.4709150220992,Military,92,60742.653596663484,20684271.9,20684271.9,False,False,False
16.319999999999752,"BANDIT-01",2210.2636139917918,Military,92,29298.803080338759,20684271.9,20684271.9,False,False,False
16.319999999999752,"BANDIT-02",2210.3177878694514,Military,92,28886.730113381243,20684271.9,20684271.9,False,False,False
16.419999999999767,"VIPER-01",2004.2023492689711,Afterburner,100,107905.83375657142,20684271.9,20684271.9,False,False,False
16.419999999999767,"VIPER-02",2265.3429996479845,Military,92,60746.504987336659,20684271.9,20684271.9,False,False,False
16.419999999999767,"BANDIT-01",2210.1907464429146,Military,92,29292.6175846257,20684271.9,20684271.9,False,False,False
16.419999999999767,"BANDIT-02",2210.2455225852018,Military,92,28879.256564953623,20684271.9,20684271.9,False,False,False
16.519999999999783,"VIPER-01",2003.839266912,Afterburner,100,107884.35303347185,20684271.9,20684271.9,False,False,False
16.519999999999783,"VIPER-02",2265.215072675479,Military,92,60750.253210261486,20684271.9,20684271.9,False,False,False
16.519999999999783,"BANDIT-01",2210.1178908016805,Military,92,29286.533570708274,20684271.9,20684271.9,False,False,False
16.519999999999783,"BANDIT-02",2210.1732718015328,Military,92,28871.892205647175,20684271.9,20684271.9,False,False,False
16.6199999999998,"VIPER-01",2003.476190394488,Afterburner,100,107862.87373743016,20684271.9,20684271.9,False,False,False
16.6199999999998,"VIPER-02",2265.0871342959681,Military,92,60753.899236051206,20684271.9,20684271.9,False,False,False
16.6199999999998,"BANDIT-01",2210.0450468786325,Military,92,29280.550142423861,20684271.9,20684271.9,False,False,False
16.6199999999998,"BANDIT-02",2210.101035313694,Military,92,28864.6361088901,20684271.9,20684271.9,False,False,False
16.719999999999814,"VIPER-01",2003.1131197875054,Afterburner,100,107841.396930311,20684271.9,20684271.9,False,False,False
16.719999999999814,"VIPER-02",2264.9591846991352,Military,92,60757.4440273766,20684271.9,20684271.9,False,False,False
16.719999999999814,"BANDIT-01",2209.9722144859888,Military,92,29274.6664107511,20684271.9,20684271.9,False,False,False
16.719999999999814,"BANDIT-02",2210.0288129186742,Military,92,28857.487355343,20684271.9,20684271.9,False,False,False
16.81999999999983,"VIPER-01",2002.7500551598889,Afterburner,100,107819.92221228217,20684271.9,20684271.9,False,False,False
16.81999999999983,"VIPER-02",2264.831224072972,Military,92,60760.888539039617,20684271.9,20684271.9,False,False,False
16.81999999999983,"BANDIT-01",2209.8993934376249,Military,92,29268.881493753572,20684271.9,20684271.9,False,False,False
16.81999999999983,"BANDIT-02",2209.9566044151843,Military,92,28850.445032857162,20684271.9,20684271.9,False,False,False
16.919999999999845,"VIPER-01",2002.3869965781353,Afterburner,100,107798.4483710304,20684271.9,20684271.9,False,False,False
16.919999999999845,"VIPER-02",2264.7032526037956,Military,92,60764.233718013471,20684271.9,20684271.9,False,False,False
16.919999999999845,"BANDIT-01",2209.8265835490656,Military,92,29263.194516538169,20684271.9,20684271.9,False,False,False
16.919999999999845,"BANDIT-02",2209.8844096036469,Military,92,28843.508236418409,20684271.9,20684271.9,False,False,False
17.019999999999861,"VIPER-01",2002.0239441062129,Afterburner,100,107776.97400995455,20684271.9,20684271.9,False,False,False
17.019999999999861,"VIPER-02",2264.5752704762572,Military,92,60767.480503520979,20684271.9,20684271.9,False,False,False
17.019999999999861,"BANDIT-01",2209.7537846374671,Military,92,29257.60461118853,20684271.9,20684271.9,False,False,False
17.019999999999861,"BANDIT-02",2209.81222828618,Military,92,28836.676068092995,20684271.9,20684271.9,False,False,False
17.119999999999877,"VIPER-01",2001.6608978053464,Afterburner,100,107755.49807019733,20684271.9,20684271.9,False,False,False
17.119999999999877,"VIPER-02",2264.4472778733602,Military,92,60770.629827084966,20684271.9,20684271.9,False,False,False
17.119999999999877,"BANDIT-01",2209.6809965216075,Military,92,29252.110916722395,20684271.9,20684271.9,False,False,False
17.119999999999877,"BANDIT-02",2209.7400602665875,Military,92,28829.947636969293,20684271.9,20684271.9,False,False,False
17.219999999999892,"VIPER-01",2001.297857733816,Afterburner,100,107734.02019028971,20684271.9,20684271.9,False,False,False
17.219999999999892,"VIPER-02",2264.3192749764708,Military,92,60773.682612594428,20684271.9,20684271.9,False,False,False
17.219999999999892,"BANDIT-01",2209.6082190218722,Military,92,29246.712579026927,20684271.9,20684271.9,False,False,False
17.219999999999892,"BANDIT-02",2209.6679053503408,Military,92,28823.322059112044,20684271.9,20684271.9,False,False,False
17.319999999999908,"VIPER-01",2000.9348239468131,Afterburner,100,107712.54088205376,20684271.9,20684271.9,False,False,False
17.319999999999908,"VIPER-02",2264.1912619653326,Military,92,60776.639776356773,20684271.9,20684271.9,False,False,False
17.319999999999908,"BANDIT-01",2209.5354519602406,Military,92,29241.408750810981,20684271.9,20684271.9,False,False,False
17.319999999999908,"BANDIT-02",2209.595763344571,Military,92,28816.798457507255,20684271.9,20684271.9,False,False,False
17.419999999999924,"VIPER-01",2000.5717964963735,Afterburner,100,107691.06153405775,20684271.9,20684271.9,False,False,False
17.419999999999924,"VIPER-02",2264.0632390180772,Military,92,60779.502227157442,20684271.9,20684271.9,False,False,False
17.419999999999924,"BANDIT-01",2209.4626951602745,Military,92,29236.198591555862,20684271.9,20684271.9,False,False,False
17.419999999999924,"BANDIT-02",2209.5236340580527,Military,92,28810.375962006605,20684271.9,20684271.9,False,False,False
17.519999999999939,"VIPER-01",2000.2087754313936,Afterburner,100,107669.58427857002,20684271.9,20684271.9,False,False,False
17.519999999999939,"VIPER-02",2263.9341615237022,Afterburner,93.4,62418.567815801915,20684271.9,20684271.9,False,False,False
17.519999999999939,"BANDIT-01",2209.3899481461249,Military,92,29231.877119164368,20684271.9,20684271.9,False,False,False
17.519999999999939,"BANDIT-02",2209.4515170005811,Military,92,28804.845712444367,20684271.9,20684271.9,False,False,False
17.619999999999955,"VIPER-01",1999.8457607977257,Afterburner,100,107648.11177135971,20684271.9,20684271.9,False,False,False
17.619999999999955,"VIPER-02",2263.7990128777883,Military,95.640000000000015,65015.268771398878,20684271.9,20684271.9,False,False,False
17.619999999999955,"BANDIT-01",2209.3172032460157,Military,92,29234.371859445844,20684271.9,20684271.9,False,False,False
17.619999999999955,"BANDIT-02",2209.3794044948486,Military,92,28806.106604956825,20684271.9,20684271.9,False,False,False
17.71999999999997,"VIPER-01",1999.4827526383342,Afterburner,100,107626.64693593538,20684271.9,20684271.9,False,False,False
17.71999999999997,"VIPER-02",2263.6658329729471,Military,92.84,61749.324572786172,20684271.9,20684271.9,False,False,False
17.71999999999997,"BANDIT-01",2209.2444523116633,Military,92,29236.075649343344,20684271.9,20684271.9,False,False,False
17.71999999999997,"BANDIT-02",2209.3072883875379,Military,92,28806.588323832562,20684271.9,20684271.9,False,False,False
17.819999999999986,"VIPER-01",1999.1197509934934,Afterburner,100,107605.1927173795,20684271.9,20684271.9,False,False,False
17.819999999999986,"VIPER-02",2263.5356443301102,Afterburner,93.960000000000008,63061.82325883492,20684271.9,20684271.9,False,False,False
17.819999999999986,"BANDIT-01",2209.171705002324,Military,92,29233.24542608569,20684271.9,20684271.9,False,False,False
17.819999999999986,"BANDIT-02",2209.2351783111935,Military,92,28802.565762346308,20684271.9,20684271.9,False,False,False
17.92,"VIPER-01",1998.7567559009988,Afterburner,100,107583.75187960995,20684271.9,20684271.9,False,False,False
17.92,"VIPER-02",2263.3998237863552,Military,95.080000000000013,64350.971232242882,20684271.9,20684271.9,False,False,False
17.92,"BANDIT-01",2209.0989568558862,Military,92,29236.974774684673,20684271.9,20684271.9,False,False,False
17.92,"BANDIT-02",2209.1630697943683,Military,92,28805.078940081075,20684271.9,20684271.9,False,False,False
18.020000000000017,"VIPER-01",1998.3937673963721,Afterburner,100,107562.3268660084,20684271.9,20684271.9,False,False,False
18.020000000000017,"VIPER-02",2263.2680216923286,Military,92.28,61087.3245942448,20684271.9,20684271.9,False,False,False
18.020000000000017,"BANDIT-01",2209.0262035220653,Military,92,29237.223679762574,20684271.9,20684271.9,False,False,False
18.020000000000017,"BANDIT-02",2209.0909584772662,Military,92,28804.136301967323,20684271.9,20684271.9,False,False,False
18.120000000000033,"VIPER-01",1998.0307855130457,Afterburner,100,107540.91973059184,20684271.9,20684271.9,False,False,False
18.120000000000033,"VIPER-02",2263.1368688947809,Afterburner,94.52000000000001,63701.272129871053,20684271.9,20684271.9,False,False,False
18.120000000000033,"BANDIT-01",2208.9534546319969,Military,92,29235.329062738696,20684271.9,20684271.9,False,False,False
18.120000000000033,"BANDIT-02",2209.0188539645983,Military,92,28801.068188804726,20684271.9,20684271.9,False,False,False
18.220000000000049,"VIPER-01",1997.6678102825047,Afterburner,100,107519.53213503541,20684271.9,20684271.9,False,False,False
18.220000000000049,"VIPER-02",2263.0017570635673,Military,93.960000000000008,63035.826253141211,20684271.9,20684271.9,False,False,False
18.220000000000049,"BANDIT-01",2208.8807027104117,Military,92,29238.864290147354,20684271.9,20684271.9,False,False,False
18.220000000000049,"BANDIT-02",2208.9467487755942,Military,92,28803.411514052535,20684271.9,20684271.9,False,False,False
18.320000000000064,"VIPER-01",1997.3048417344019,Afterburner,100,107498.16539875303,20684271.9,20684271.9,False,False,False
18.320000000000064,"VIPER-02",2262.8713224518392,Afterburner,93.4,62387.061272403189,20684271.9,20684271.9,False,False,False
18.320000000000064,"BANDIT-01",2208.8079496707282,Military,92,29237.039383989708,20684271.9,20684271.9,False,False,False
18.320000000000064,"BANDIT-02",2208.8746448067354,Military,92,28800.428198689406,20684271.9,20684271.9,False,False,False
18.42000000000008,"VIPER-01",1996.9418798966276,Afterburner,100,107476.82058373022,20684271.9,20684271.9,False,False,False
18.42000000000008,"VIPER-02",2262.7368912173747,Military,94.52000000000001,63681.332046186006,20684271.9,20684271.9,False,False,False
18.42000000000008,"BANDIT-01",2208.7351974693329,Military,92,29239.400410619375,20684271.9,20684271.9,False,False,False
18.42000000000008,"BANDIT-02",2208.8025439975586,Military,92,28801.618330676822,20684271.9,20684271.9,False,False,False
18.520000000000095,"VIPER-01",1996.578924795358,Afterburner,100,107455.49859400137,20684271.9,20684271.9,False,False,False
18.520000000000095,"VIPER-02",2262.6060513156704,Afterburner,92.84,61726.693544314388,20684271.9,20684271.9,False,False,False
18.520000000000095,"BANDIT-01",2208.6624426260937,Military,92,29238.454499600895,20684271.9,20684271.9,False,False,False
18.520000000000095,"BANDIT-02",2208.7304428576986,Military,92,28799.52505236887,20684271.9,20684271.9,False,False,False
18.620000000000111,"VIPER-01",1996.2159764550856,Afterburner,100,107434.20027145882,20684271.9,20684271.9,False,False,False
18.620000000000111,"VIPER-02",2262.4722984065447,Military,95.080000000000013,64326.900527725738,20684271.9,20684271.9,False,False,False
18.620000000000111,"BANDIT-01",2208.5896898692831,Military,92,29239.798164093019,20684271.9,20684271.9,False,False,False
18.620000000000111,"BANDIT-02",2208.6583460953389,Military,92,28799.717921656145,20684271.9,20684271.9,False,False,False
18.720000000000127,"VIPER-01",1995.8530348986417,Afterburner,100,107412.92647343173,20684271.9,20684271.9,False,False,False
18.720000000000127,"VIPER-02",2262.3405028530287,Military,92.28,61064.177748367511,20684271.9,20684271.9,False,False,False
18.720000000000127,"BANDIT-01",2208.5169332479,Military,92,29240.366125637778,20684271.9,20684271.9,False,False,False
18.720000000000127,"BANDIT-02",2208.5862477523719,Military,92,28799.146388075122,20684271.9,20684271.9,False,False,False
18.820000000000142,"VIPER-01",1995.4901001472226,Afterburner,100,107391.67812350205,20684271.9,20684271.9,False,False,False
18.820000000000142,"VIPER-02",2262.207987453131,Afterburner,95.080000000000013,64323.383581509872,20684271.9,20684271.9,False,False,False
18.820000000000142,"BANDIT-01",2208.4441791299873,Military,92,29240.208334432184,20684271.9,20684271.9,False,False,False
18.820000000000142,"BANDIT-02",2208.5141541748903,Military,92,28797.860074885379,20684271.9,20684271.9,False,False,False
18.920000000000158,"VIPER-01",1995.1271722204256,Afterburner,100,107370.45623293208,20684271.9,20684271.9,False,False,False
18.920000000000158,"VIPER-02",2262.0748195263527,Military,92.84,61708.242607254862,20684271.9,20684271.9,False,False,False
18.920000000000158,"BANDIT-01",2208.3714209773648,Military,92,29242.293109731127,20684271.9,20684271.9,False,False,False
18.920000000000158,"BANDIT-02",2208.442058818443,Military,92,28798.81309692335,20684271.9,20684271.9,False,False,False
19.020000000000174,"VIPER-01",1994.7642511362981,Afterburner,100,107349.26189550647,20684271.9,20684271.9,False,False,False
19.020000000000174,"VIPER-02",2261.9435542506658,Afterburner,94.52000000000001,63665.702147044663,20684271.9,20684271.9,False,False,False
19.020000000000174,"BANDIT-01",2208.2986646070881,Military,92,29241.104164911736,20684271.9,20684271.9,False,False,False
19.020000000000174,"BANDIT-02",2208.3699674789259,Military,92,28796.515501739072,20684271.9,20684271.9,False,False,False
19.120000000000189,"VIPER-01",1994.4013369114016,Afterburner,100,107328.09626239979,20684271.9,20684271.9,False,False,False
19.120000000000189,"VIPER-02",2261.80942439857,Military,93.4,62352.344142772527,20684271.9,20684271.9,False,False,False
19.120000000000189,"BANDIT-01",2208.2259050886673,Military,92,29244.071876002694,20684271.9,20684271.9,False,False,False
19.120000000000189,"BANDIT-02",2208.2978752177614,Military,92,28798.362118269983,20684271.9,20684271.9,False,False,False
19.220000000000205,"VIPER-01",1994.0384295608853,Afterburner,100,107306.96050577646,20684271.9,20684271.9,False,False,False
19.220000000000205,"VIPER-02",2261.6796797925876,Afterburner,93.4,62358.009909863271,20684271.9,20684271.9,False,False,False
19.220000000000205,"BANDIT-01",2208.1531462389935,Military,92,29241.6932871899,20684271.9,20684271.9,False,False,False
19.220000000000205,"BANDIT-02",2208.2257858332223,Military,92,28794.89535815096,20684271.9,20684271.9,False,False,False
19.320000000000221,"VIPER-01",1993.6755290985698,Afterburner,100,107285.85577962751,20684271.9,20684271.9,False,False,False
19.320000000000221,"VIPER-02",2261.5452531186393,Military,94.52000000000001,63649.517058085483,20684271.9,20684271.9,False,False,False
19.320000000000221,"BANDIT-01",2208.0803879311684,Military,92,29244.450935175431,20684271.9,20684271.9,False,False,False
19.320000000000221,"BANDIT-02",2208.1536991846765,Military,92,28796.547645103929,20684271.9,20684271.9,False,False,False
19.420000000000236,"VIPER-01",1993.3126355370307,Afterburner,100,107264.78318537785,20684271.9,20684271.9,False,False,False
19.420000000000236,"VIPER-02",2261.41442613774,Afterburner,92.84,61694.147529722883,20684271.9,20684271.9,False,False,False
19.420000000000236,"BANDIT-01",2208.007626247233,Military,92,29243.895886623905,20684271.9,20684271.9,False,False,False
19.420000000000236,"BANDIT-02",2208.0816113449878,Military,92,28794.910382619866,20684271.9,20684271.9,False,False,False
19.520000000000252,"VIPER-01",1992.9497488876796,Afterburner,100,107243.74374728324,20684271.9,20684271.9,False,False,False
19.520000000000252,"VIPER-02",2261.2809736967015,Military,94.52000000000001,63642.666238075763,20684271.9,20684271.9,False,False,False
19.520000000000252,"BANDIT-01",2207.9348659573047,Military,92,29245.463100340112,20684271.9,20684271.9,False,False,False
19.520000000000252,"BANDIT-02",2208.0095270647448,Military,92,28795.392531419806,20684271.9,20684271.9,False,False,False
19.620000000000267,"VIPER-01",1992.5868691608418,Afterburner,100,107222.73839987784,20684271.9,20684271.9,False,False,False
19.620000000000267,"VIPER-02",2261.1501487274909,Afterburner,92.84,61687.544046646828,20684271.9,20684271.9,False,False,False
19.620000000000267,"BANDIT-01",2207.8621029717488,Military,92,29244.994893344716,20684271.9,20684271.9,False,False,False
19.620000000000267,"BANDIT-02",2207.9374422454757,Military,92,28793.856221336733,20684271.9,20684271.9,False,False,False
19.720000000000283,"VIPER-01",1992.2239963658244,Afterburner,100,107201.76798741918,20684271.9,20684271.9,False,False,False
19.720000000000283,"VIPER-02",2261.0166989238637,Military,94.52000000000001,63635.649723158771,20684271.9,20684271.9,False,False,False
19.720000000000283,"BANDIT-01",2207.78934121872,Military,92,29246.647850813246,20684271.9,20684271.9,False,False,False
19.720000000000283,"BANDIT-02",2207.8653607969532,Military,92,28794.438181439389,20684271.9,20684271.9,False,False,False
19.8200000000003,"VIPER-01",1991.8611305109723,Afterburner,100,107180.83327304707,20684271.9,20684271.9,False,False,False
19.8200000000003,"VIPER-02",2260.8861515281137,Afterburner,92.28,61029.453834032625,20684271.9,20684271.9,False,False,False
19.8200000000003,"BANDIT-01",2207.7165766407275,Military,92,29246.105982126552,20684271.9,20684271.9,False,False,False
19.8200000000003,"BANDIT-02",2207.7932786529236,Military,92,28792.842955662789,20684271.9,20684271.9,False,False,False
19.920000000000314,"VIPER-01",1991.4982716037205,Afterburner,100,107159.9349542152,20684271.9,20684271.9,False,False,False
19.920000000000314,"VIPER-02",2260.7536426112947,Afterburner,95.080000000000013,64284.4850912248,20684271.9,20684271.9,False,False,False
19.920000000000314,"BANDIT-01",2207.6438150157433,Military,92,29246.429839252862,20684271.9,20684271.9,False,False,False
19.920000000000314,"BANDIT-02",2207.7212015709,Military,92,28792.116462035974,20684271.9,20684271.9,False,False,False
20.02000000000033,"VIPER-01",1991.1354196506365,Afterburner,100,107139.07368055791,20684271.9,20684271.9,False,False,False
20.02000000000033,"VIPER-02",2260.620488549946,Military,92.84,61670.504068927235,20684271.9,20684271.9,False,False,False
20.02000000000033,"BANDIT-01",2207.5710484658111,Military,92,29248.987942863048,20684271.9,20684271.9,False,False,False
20.02000000000033,"BANDIT-02",2207.6491216688582,Military,92,28793.620758537243,20684271.9,20684271.9,False,False,False
20.120000000000346,"VIPER-01",1990.7725746574583,Afterburner,100,107118.25007065856,20684271.9,20684271.9,False,False,False
20.120000000000346,"VIPER-02",2260.4903402060827,Afterburner,93.960000000000008,62976.83169394912,20684271.9,20684271.9,False,False,False
20.120000000000346,"BANDIT-01",2207.4982836565305,Military,92,29247.159267979656,20684271.9,20684271.9,False,False,False
20.120000000000346,"BANDIT-02",2207.5770455909692,Military,92,28790.76616435215,20684271.9,20684271.9,False,False,False
20.220000000000361,"VIPER-01",1990.4097366291326,Afterburner,100,107097.46472504252,20684271.9,20684271.9,False,False,False
20.220000000000361,"VIPER-02",2260.3566308670643,Military,93.4,62315.284598732251,20684271.9,20684271.9,False,False,False
20.220000000000361,"BANDIT-01",2207.4255170896863,Military,92,29249.970752989284,20684271.9,20684271.9,False,False,False
20.220000000000361,"BANDIT-02",2207.5049698298517,Military,92,28792.536787018751,20684271.9,20684271.9,False,False,False
20.320000000000377,"VIPER-01",1990.0469055698477,Afterburner,100,107076.718234102,20684271.9,20684271.9,False,False,False
20.320000000000377,"VIPER-02",2260.2269000073975,Afterburner,93.4,62319.843451234607,20684271.9,20684271.9,False,False,False
20.320000000000377,"BANDIT-01",2207.3527504812323,Military,92,29248.065993058219,20684271.9,20684271.9,False,False,False
20.320000000000377,"BANDIT-02",2207.4328960860771,Military,92,28789.620530069271,20684271.9,20684271.9,False,False,False
20.420000000000393,"VIPER-01",1989.6840814830719,Afterburner,100,107056.0111806838,20684271.9,20684271.9,False,False,False
20.420000000000393,"VIPER-02",2260.0930440062566,Military,93.960000000000008,62960.120233853027,20684271.9,20684271.9,False,False,False
20.420000000000393,"BANDIT-01",2207.27998371765,Military,92,29250.813195939838,20684271.9,20684271.9,False,False,False
20.420000000000393,"BANDIT-02",2207.3608242330356,Military,92,28791.341195628684,20684271.9,20684271.9,False,False,False
20.520000000000408,"VIPER-01",1989.3212643715917,Afterburner,100,107035.3441382212,20684271.9,20684271.9,False,False,False
20.520000000000408,"VIPER-02",2259.9631856161295,Afterburner,92.84,61660.548904668671,20684271.9,20684271.9,False,False,False
20.520000000000408,"BANDIT-01",2207.2072149797541,Military,92,29249.464254864131,20684271.9,20684271.9,False,False,False
20.520000000000408,"BANDIT-02",2207.2887524404964,Military,92,28788.992065411607,20684271.9,20684271.9,False,False,False
20.620000000000424,"VIPER-01",1988.9584542375499,Afterburner,100,107014.71766590272,20684271.9,20684271.9,False,False,False
20.620000000000424,"VIPER-02",2259.8297356339676,Military,94.52000000000001,63605.024537274381,20684271.9,20684271.9,False,False,False
20.620000000000424,"BANDIT-01",2207.1344475807273,Military,92,29251.508366098918,20684271.9,20684271.9,False,False,False
20.620000000000424,"BANDIT-02",2207.2166840045847,Military,92,28790.026858586709,20684271.9,20684271.9,False,False,False
20.720000000000439,"VIPER-01",1988.5956510824842,Afterburner,100,106994.13230261466,20684271.9,20684271.9,False,False,False
20.720000000000439,"VIPER-02",2259.6991991809086,Afterburner,92.28,60999.045491419667,20684271.9,20684271.9,False,False,False
20.720000000000439,"BANDIT-01",2207.0616766344638,Military,92,29251.350021681053,20684271.9,20684271.9,False,False,False
20.720000000000439,"BANDIT-02",2207.1446140319122,Military,92,28788.876518249039,20684271.9,20684271.9,False,False,False
20.820000000000455,"VIPER-01",1988.2328549073679,Afterburner,100,106973.58856130273,20684271.9,20684271.9,False,False,False
20.820000000000455,"VIPER-02",2259.5667131517839,Afterburner,95.080000000000013,64250.564758002496,20684271.9,20684271.9,False,False,False
20.820000000000455,"BANDIT-01",2206.9889079305212,Military,92,29252.049702158165,20684271.9,20684271.9,False,False,False
20.820000000000455,"BANDIT-02",2207.0725482921512,Military,92,28788.586994551843,20684271.9,20684271.9,False,False,False
20.920000000000471,"VIPER-01",1987.870065712644,Afterburner,100,106953.08692489773,20684271.9,20684271.9,False,False,False
20.920000000000471,"VIPER-02",2259.43494422011,Military,92.28,60990.317780307669,20684271.9,20684271.9,False,False,False
20.920000000000471,"BANDIT-01",2206.9161349485412,Military,92,29253.559787678132,20684271.9,20684271.9,False,False,False
20.920000000000471,"BANDIT-02",2207.0004802597191,Military,92,28789.11091572859,20684271.9,20684271.9,False,False,False
21.020000000000486,"VIPER-01",1987.5072834982614,Afterburner,100,106932.62784451578,20684271.9,20684271.9,False,False,False
21.020000000000486,"VIPER-02",2259.3044548492294,Afterburner,94.240000000000009,63271.808692082312,20684271.9,20684271.9,False,False,False
21.020000000000486,"BANDIT-01",2206.8433646042117,Military,92,29252.277695066732,20684271.9,20684271.9,False,False,False
21.020000000000486,"BANDIT-02",2206.9284168292,Military,92,28786.862592534842,20684271.9,20684271.9,False,False,False
21.120000000000502,"VIPER-01",1987.1445082637074,Afterburner,100,106912.21173990404,20684271.9,20684271.9,False,False,False
21.120000000000502,"VIPER-02",2259.1710347771259,Military,93.12,61959.628157697538,20684271.9,20684271.9,False,False,False
21.120000000000502,"BANDIT-01",2206.7705910259315,Military,92,29255.306202527772,20684271.9,20684271.9,False,False,False
21.120000000000502,"BANDIT-02",2206.8563521231267,Military,92,28788.911362082774,20684271.9,20684271.9,False,False,False
21.220000000000518,"VIPER-01",1986.7817400080351,Afterburner,100,106891.83900183535,20684271.9,20684271.9,False,False,False
21.220000000000518,"VIPER-02",2259.0415919635821,Afterburner,93.4,62288.72575854879,20684271.9,20684271.9,False,False,False
21.220000000000518,"BANDIT-01",2206.697817794693,Military,92,29253.382971090672,20684271.9,20684271.9,False,False,False
21.220000000000518,"BANDIT-02",2206.7842897054411,Military,92,28786.038424307346,20684271.9,20684271.9,False,False,False
21.320000000000533,"VIPER-01",1986.4189787298903,Afterburner,100,106871.50999565034,20684271.9,20684271.9,False,False,False
21.320000000000533,"VIPER-02",2258.9084407140431,Military,93.4,62279.191065160987,20684271.9,20684271.9,False,False,False
21.320000000000533,"BANDIT-01",2206.6250441568063,Military,92,29255.869026488846,20684271.9,20684271.9,False,False,False
21.320000000000533,"BANDIT-02",2206.7122288106511,Military,92,28787.560748343116,20684271.9,20684271.9,False,False,False
21.420000000000549,"VIPER-01",1986.0562244275354,Afterburner,100,106851.2250652341,20684271.9,20684271.9,False,False,False
21.420000000000549,"VIPER-02",2258.7787237384032,Afterburner,93.4,62282.571231337468,20684271.9,20684271.9,False,False,False
21.420000000000549,"BANDIT-01",2206.5522699048424,Military,92,29254.428309064951,20684271.9,20684271.9,False,False,False
21.420000000000549,"BANDIT-02",2206.6401692188897,Military,92,28785.181424573344,20684271.9,20684271.9,False,False,False
21.520000000000564,"VIPER-01",1985.6934770988712,Afterburner,100,106830.98453661411,20684271.9,20684271.9,False,False,False
21.520000000000564,"VIPER-02",2258.6455740106917,Military,93.4,62272.666131070975,20684271.9,20684271.9,False,False,False
21.520000000000564,"BANDIT-01",2206.4794949378352,Military,92,29256.998191584207,20684271.9,20684271.9,False,False,False
21.520000000000564,"BANDIT-02",2206.5681108167178,Military,92,28786.800523035236,20684271.9,20684271.9,False,False,False
21.62000000000058,"VIPER-01",1985.3307367414573,Afterburner,100,106810.78872078836,20684271.9,20684271.9,False,False,False
21.62000000000058,"VIPER-02",2258.5158605061438,Afterburner,93.4,62275.60604877404,20684271.9,20684271.9,False,False,False
21.62000000000058,"BANDIT-01",2206.4067192013326,Military,92,29255.639919186167,20684271.9,20684271.9,False,False,False
21.62000000000058,"BANDIT-02",2206.496053537177,Military,92,28784.516509875324,20684271.9,20684271.9,False,False,False
21.720000000000596,"VIPER-01",1984.9680033525331,Afterburner,100,106790.63791540657,20684271.9,20684271.9,False,False,False
21.720000000000596,"VIPER-02",2258.3827151126288,Military,93.4,62265.987759665171,20684271.9,20684271.9,False,False,False
21.720000000000596,"BANDIT-01",2206.3339425973868,Military,92,29258.290813973243,20684271.9,20684271.9,False,False,False
21.720000000000596,"BANDIT-02",2206.4239972699534,Military,92,28786.229463708198,20684271.9,20684271.9,False,False,False
21.820000000000611,"VIPER-01",1984.6052769290357,Afterburner,100,106770.53240548832,20684271.9,20684271.9,False,False,False
21.820000000000611,"VIPER-02",2258.2530077653223,Afterburner,93.4,62267.855837043273,20684271.9,20684271.9,False,False,False
21.820000000000611,"BANDIT-01",2206.2611650725457,Military,92,29257.012711463227,20684271.9,20684271.9,False,False,False
21.820000000000611,"BANDIT-02",2206.3519419492004,Military,92,28784.038379758404,20684271.9,20684271.9,False,False,False
21.920000000000627,"VIPER-01",1984.2425574676195,Afterburner,100,106750.47246329011,20684271.9,20684271.9,False,False,False
21.920000000000627,"VIPER-02",2258.1206927021562,Military,92.84,61609.353534815105,20684271.9,20684271.9,False,False,False
21.920000000000627,"BANDIT-01",2206.1883869818203,Military,92,29258.951099306905,20684271.9,20684271.9,False,False,False
21.920000000000627,"BANDIT-02",2206.2798879171414,Military,92,28785.055260375004,20684271.9,20684271.9,False,False,False
22.020000000000643,"VIPER-01",1983.879844964674,Afterburner,100,106730.45834773475,20684271.9,20684271.9,False,False,False
22.020000000000643,"VIPER-02",2257.9896147974541,Military,93.960000000000008,62908.052513080365,20684271.9,20684271.9,False,False,False
22.020000000000643,"BANDIT-01",2206.1156085888429,Military,92,29259.027923087386,20684271.9,20684271.9,False,False,False
22.020000000000643,"BANDIT-02",2206.207835424766,Military,92,28784.225779292789,20684271.9,20684271.9,False,False,False
22.120000000000658,"VIPER-01",1983.517139416341,Afterburner,100,106710.49030374619,20684271.9,20684271.9,False,False,False
22.120000000000658,"VIPER-02",2257.8592253405409,Afterburner,93.4,62257.5124821928,20684271.9,20684271.9,False,False,False
22.120000000000658,"BANDIT-01",2206.042829303462,Military,92,29258.827043417863,20684271.9,20684271.9,False,False,False
22.120000000000658,"BANDIT-02",2206.1357838703461,Military,92,28783.126357131008,20684271.9,20684271.9,False,False,False
22.220000000000674,"VIPER-01",1983.1544408185314,Afterburner,100,106690.56856180525,20684271.9,20684271.9,False,False,False
22.220000000000674,"VIPER-02",2257.7269161294153,Military,92.84,61599.546365617185,20684271.9,20684271.9,False,False,False
22.220000000000674,"BANDIT-01",2205.9700487739897,Military,92,29260.88659337398,20684271.9,20684271.9,False,False,False
22.220000000000674,"BANDIT-02",2206.0637328903936,Military,92,28784.283257694151,20684271.9,20684271.9,False,False,False
22.32000000000069,"VIPER-01",1982.7917491669405,Afterburner,100,106670.69333791845,20684271.9,20684271.9,False,False,False
22.32000000000069,"VIPER-02",2257.5967973972924,Afterburner,93.960000000000008,62901.544180047567,20684271.9,20684271.9,False,False,False
22.32000000000069,"BANDIT-01",2205.8972685526414,Military,92,29259.978725309829,20684271.9,20684271.9,False,False,False
22.32000000000069,"BANDIT-02",2205.9916840231353,Military,92,28782.492984088331,20684271.9,20684271.9,False,False,False
22.420000000000705,"VIPER-01",1982.4290644570626,Afterburner,100,106650.86483401204,20684271.9,20684271.9,False,False,False
22.420000000000705,"VIPER-02",2257.4651802036087,Military,92.28,60943.108907355352,20684271.9,20684271.9,False,False,False
22.420000000000705,"BANDIT-01",2205.8244863332311,Military,92,29261.641958775534,20684271.9,20684271.9,False,False,False
22.420000000000705,"BANDIT-02",2205.919634952988,Military,92,28783.268216265922,20684271.9,20684271.9,False,False,False
22.520000000000721,"VIPER-01",1982.0663866842035,Afterburner,100,106631.08323873518,20684271.9,20684271.9,False,False,False
22.520000000000721,"VIPER-02",2257.3341008372677,Afterburner,94.52000000000001,63542.99244205196,20684271.9,20684271.9,False,False,False
22.520000000000721,"BANDIT-01",2205.751705073531,Military,92,29261.611733842339,20684271.9,20684271.9,False,False,False
22.520000000000721,"BANDIT-02",2205.8475886222086,Military,92,28782.364217834733,20684271.9,20684271.9,False,False,False
22.620000000000736,"VIPER-01",1981.7037158434928,Afterburner,100,106611.34872851758,20684271.9,20684271.9,False,False,False
22.620000000000736,"VIPER-02",2257.2035864570189,Afterburner,92.28,60937.4795651018,20684271.9,20684271.9,False,False,False
22.620000000000736,"BANDIT-01",2205.6789212182834,Military,92,29262.243952038083,20684271.9,20684271.9,False,False,False
22.620000000000736,"BANDIT-02",2205.7755414676985,Military,92,28782.125912849391,20684271.9,20684271.9,False,False,False
22.720000000000752,"VIPER-01",1981.3410519298957,Afterburner,100,106591.6614686976,20684271.9,20684271.9,False,False,False
22.720000000000752,"VIPER-02",2257.0719639695144,Military,93.4,62234.751886238468,20684271.9,20684271.9,False,False,False
22.720000000000752,"BANDIT-01",2205.6061382584235,Military,92,29263.24453787578,20684271.9,20684271.9,False,False,False
22.720000000000752,"BANDIT-02",2205.703496964376,Military,92,28782.260546438207,20684271.9,20684271.9,False,False,False
22.820000000000768,"VIPER-01",1980.978394938222,Afterburner,100,106572.02161455958,20684271.9,20684271.9,False,False,False
22.820000000000768,"VIPER-02",2256.941445903059,Afterburner,93.960000000000008,62883.458675487273,20684271.9,20684271.9,False,False,False
22.820000000000768,"BANDIT-01",2205.5333542294738,Military,92,29263.172052422669,20684271.9,20684271.9,False,False,False
22.820000000000768,"BANDIT-02",2205.6314531381704,Military,92,28781.333360098917,20684271.9,20684271.9,False,False,False
22.920000000000783,"VIPER-01",1980.6157448631366,Afterburner,100,106552.42931221101,20684271.9,20684271.9,False,False,False
22.920000000000783,"VIPER-02",2256.8105200830837,Military,93.4,62228.935377035421,20684271.9,20684271.9,False,False,False
22.920000000000783,"BANDIT-01",2205.4605694732772,Military,92,29263.932527278084,20684271.9,20684271.9,False,False,False
22.920000000000783,"BANDIT-02",2205.5594103186927,Military,92,28781.241501220142,20684271.9,20684271.9,False,False,False
23.0200000000008,"VIPER-01",1980.2531016991691,Afterburner,100,106532.8846991621,20684271.9,20684271.9,False,False,False
23.0200000000008,"VIPER-02",2256.679595987076,Military,93.4,62225.702391469866,20684271.9,20684271.9,False,False,False
23.0200000000008,"BANDIT-01",2205.3877840956925,Military,92,29264.574828197347,20684271.9,20684271.9,False,False,False
23.0200000000008,"BANDIT-02",2205.4873685998991,Military,92,28781.038223920474,20684271.9,20684271.9,False,False,False
23.120000000000815,"VIPER-01",1979.8904654407213,Afterburner,100,106513.38790368526,20684271.9,20684271.9,False,False,False
23.120000000000815,"VIPER-02",2256.5489467301527,Military,92.84,61572.301783480514,20684271.9,20684271.9,False,False,False
23.120000000000815,"BANDIT-01",2205.3149980509866,Military,92,29265.09937068509,20684271.9,20684271.9,False,False,False
23.120000000000815,"BANDIT-02",2205.415327924381,Military,92,28780.72391235489,20684271.9,20684271.9,False,False,False
23.22000000000083,"VIPER-01",1979.5278360820753,Afterburner,100,106493.93903052283,20684271.9,20684271.9,False,False,False
23.22000000000083,"VIPER-02",2256.4181622792189,Afterburner,93.4,62219.949984610357,20684271.9,20684271.9,False,False,False
23.22000000000083,"BANDIT-01",2205.2422113531229,Military,92,29265.505451275112,20684271.9,20684271.9,False,False,False
23.22000000000083,"BANDIT-02",2205.3432882944148,Military,92,28780.297836617105,20684271.9,20684271.9,False,False,False
23.320000000000846,"VIPER-01",1979.1652136173971,Afterburner,100,106474.538167982,20684271.9,20684271.9,False,False,False
23.320000000000846,"VIPER-02",2256.2872418586203,Military,93.4,62216.310044319107,20684271.9,20684271.9,False,False,False
23.320000000000846,"BANDIT-01",2205.1694238376022,Military,92,29266.268598751471,20684271.9,20684271.9,False,False,False
23.320000000000846,"BANDIT-02",2205.2712495340693,Military,92,28780.233298380746,20684271.9,20684271.9,False,False,False
23.420000000000861,"VIPER-01",1978.8025980407381,Afterburner,100,106455.18538545808,20684271.9,20684271.9,False,False,False
23.420000000000861,"VIPER-02",2256.156597221694,Military,92.84,61562.895628075421,20684271.9,20684271.9,False,False,False
23.420000000000861,"BANDIT-01",2205.096635608978,Military,92,29266.913226140696,20684271.9,20684271.9,False,False,False
23.420000000000861,"BANDIT-02",2205.1992117362079,Military,92,28780.056883118461,20684271.9,20684271.9,False,False,False
23.520000000000877,"VIPER-01",1978.4399893460338,Afterburner,100,106435.88075091637,20684271.9,20684271.9,False,False,False
23.520000000000877,"VIPER-02",2256.0260907484053,Military,92.84,61560.03751997777,20684271.9,20684271.9,False,False,False
23.520000000000877,"BANDIT-01",2205.0238468911111,Military,92,29267.281824059359,20684271.9,20684271.9,False,False,False
23.520000000000877,"BANDIT-02",2205.1271751129175,Military,92,28779.611777799062,20684271.9,20684271.9,False,False,False
23.620000000000893,"VIPER-01",1978.0773875271,Afterburner,100,106416.62434597847,20684271.9,20684271.9,False,False,False
23.620000000000893,"VIPER-02",2255.895309245348,Military,93.4,62207.109735366015,20684271.9,20684271.9,False,False,False
23.620000000000893,"BANDIT-01",2204.9510576072612,Military,92,29267.850198085227,20684271.9,20684271.9,False,False,False
23.620000000000893,"BANDIT-02",2205.0551395760858,Military,92,28779.371562915363,20684271.9,20684271.9,False,False,False
23.720000000000908,"VIPER-01",1977.7147925776364,Afterburner,100,106397.41627114214,20684271.9,20684271.9,False,False,False
23.720000000000908,"VIPER-02",2255.7646677159019,Military,92.84,61553.678467930586,20684271.9,20684271.9,False,False,False
23.720000000000908,"BANDIT-01",2204.878267412133,Military,92,29268.615747088887,20684271.9,20684271.9,False,False,False
23.720000000000908,"BANDIT-02",2204.9831047694061,Military,92,28779.333626213396,20684271.9,20684271.9,False,False,False
23.820000000000924,"VIPER-01",1977.352204491232,Afterburner,100,106378.25664239626,20684271.9,20684271.9,False,False,False
23.820000000000924,"VIPER-02",2255.6338861683344,Military,93.4,62200.606795237254,20684271.9,20684271.9,False,False,False
23.820000000000924,"BANDIT-01",2204.805476829627,Military,92,29269.265224723807,20684271.9,20684271.9,False,False,False
23.820000000000924,"BANDIT-02",2204.9110712048141,Military,92,28779.186134968822,20684271.9,20684271.9,False,False,False
23.92000000000094,"VIPER-01",1976.9896232613753,Afterburner,100,106359.14558220598,20684271.9,20684271.9,False,False,False
23.92000000000094,"VIPER-02",2255.5042013768607,Afterburner,93.4,62201.014293035296,20684271.9,20684271.9,False,False,False
23.92000000000094,"BANDIT-01",2204.7326856054779,Military,92,29268.8450053914,20684271.9,20684271.9,False,False,False
23.92000000000094,"BANDIT-02",2204.8390386170317,Military,92,28777.979824802271,20684271.9,20684271.9,False,False,False
24.020000000000955,"VIPER-01",1976.6270488814669,Afterburner,100,106340.08320855733,20684271.9,20684271.9,False,False,False
24.020000000000955,"VIPER-02",2255.3728753386085,Military,92.28,60894.112459413933,20684271.9,20684271.9,False,False,False
24.020000000000955,"BANDIT-01",2204.6598928502463,Military,92,29270.680617422579,20684271.9,20684271.9,False,False,False
24.020000000000955,"BANDIT-02",2204.7670061063877,Military,92,28779.024900412445,20684271.9,20684271.9,False,False,False
24.120000000000971,"VIPER-01",1976.2644813448346,Afterburner,100,106321.06962549328,20684271.9,20684271.9,False,False,False
24.120000000000971,"VIPER-02",2255.2425748619657,Military,93.68,62516.718798992581,20684271.9,20684271.9,False,False,False
24.120000000000971,"BANDIT-01",2204.5871004756787,Military,92,29270.658799866356,20684271.9,20684271.9,False,False,False
24.120000000000971,"BANDIT-02",2204.6949755712162,Military,92,28778.226982799984,20684271.9,20684271.9,False,False,False
24.220000000000987,"VIPER-01",1975.9019206447451,Afterburner,100,106302.10491725366,20684271.9,20684271.9,False,False,False
24.220000000000987,"VIPER-02",2255.1128954921696,Afterburner,93.12,61866.792422714068,20684271.9,20684271.9,False,False,False
24.220000000000987,"BANDIT-01",2204.5143071279917,Military,92,29270.515660920137,20684271.9,20684271.9,False,False,False
24.220000000000987,"BANDIT-02",2204.6229456481442,Military,92,28777.314172106209,20684271.9,20684271.9,False,False,False
24.320000000001002,"VIPER-01",1975.5393667744142,Afterburner,100,106283.18914690103,20684271.9,20684271.9,False,False,False
24.320000000001002,"VIPER-02",2254.982257573437,Military,92,60560.931187742623,20684271.9,20684271.9,False,False,False
24.320000000001002,"BANDIT-01",2204.4415130729426,Military,92,29271.681403547183,20684271.9,20684271.9,False,False,False
24.320000000001002,"BANDIT-02",2204.5509165915246,Military,92,28777.710081030113,20684271.9,20684271.9,False,False,False
24.420000000001018,"VIPER-01",1975.1768197270128,Afterburner,100,106264.32235886659,20684271.9,20684271.9,False,False,False
24.420000000001018,"VIPER-02",2254.8513400091383,Military,93.12,61857.381171233224,20684271.9,20684271.9,False,False,False
24.420000000001018,"BANDIT-01",2204.3687188967206,Military,92,29272.573428503165,20684271.9,20684271.9,False,False,False
24.420000000001018,"BANDIT-02",2204.4788889758183,Military,92,28777.839347252473,20684271.9,20684271.9,False,False,False
24.520000000001033,"VIPER-01",1974.8142794956727,Afterburner,100,106245.50458390979,20684271.9,20684271.9,False,False,False
24.520000000001033,"VIPER-02",2254.7215240583619,Afterburner,93.68,62506.509527724491,20684271.9,20684271.9,False,False,False
24.520000000001033,"BANDIT-01",2204.2959238679405,Military,92,29272.39314682726,20684271.9,20684271.9,False,False,False
24.520000000001033,"BANDIT-02",2204.406862059478,Military,92,28776.907014141965,20684271.9,20684271.9,False,False,False
24.620000000001049,"VIPER-01",1974.451746073488,Afterburner,100,106226.73584486886,20684271.9,20684271.9,False,False,False
24.620000000001049,"VIPER-02",2254.5914411025228,Afterburner,92.56,61203.303784120377,20684271.9,20684271.9,False,False,False
24.620000000001049,"BANDIT-01",2204.2231275521008,Military,92,29273.040883906855,20684271.9,20684271.9,False,False,False
24.620000000001049,"BANDIT-02",2204.334835397548,Military,92,28776.804676054857,20684271.9,20684271.9,False,False,False
24.720000000001065,"VIPER-01",1974.0892194535156,Afterburner,100,106208.01616148216,20684271.9,20684271.9,False,False,False
24.720000000001065,"VIPER-02",2254.46039543012,Military,92.56,61198.264832526031,20684271.9,20684271.9,False,False,False
24.720000000001065,"BANDIT-01",2204.1503306864347,Military,92,29274.522466528382,20684271.9,20684271.9,False,False,False
24.720000000001065,"BANDIT-02",2204.2628097155111,Military,92,28777.538110736816,20684271.9,20684271.9,False,False,False
24.82000000000108,"VIPER-01",1973.7266996287763,Afterburner,100,106189.34555346015,20684271.9,20684271.9,False,False,False
24.82000000000108,"VIPER-02",2254.3304469590767,Afterburner,93.960000000000008,62820.620004639663,20684271.9,20684271.9,False,False,False
24.82000000000108,"BANDIT-01",2204.0775336200013,Military,92,29274.381036397066,20684271.9,20684271.9,False,False,False
24.82000000000108,"BANDIT-02",2204.1907853511725,Military,92,28776.661664255746,20684271.9,20684271.9,False,False,False
24.920000000001096,"VIPER-01",1973.3641865922559,Afterburner,100,106170.7240413874,20684271.9,20684271.9,False,False,False
24.920000000001096,"VIPER-02",2254.2008484181024,Afterburner,92.56,61194.54653877567,20684271.9,20684271.9,False,False,False
24.920000000001096,"BANDIT-01",2204.0047350785644,Military,92,29274.669861355171,20684271.9,20684271.9,False,False,False
24.920000000001096,"BANDIT-02",2204.1187610209504,Military,92,28776.21919631858,20684271.9,20684271.9,False,False,False
25.020000000001112,"VIPER-01",1973.0016803369092,Afterburner,100,106152.15164583754,20684271.9,20684271.9,False,False,False
25.020000000001112,"VIPER-02",2254.0704921842234,Afterburner,92.56,61190.324499166323,20684271.9,20684271.9,False,False,False
25.020000000001112,"BANDIT-01",2203.9319366337913,Military,92,29275.478725577497,20684271.9,20684271.9,False,False,False
25.020000000001112,"BANDIT-02",2204.0467382839661,Military,92,28776.300049471025,20684271.9,20684271.9,False,False,False
25.120000000001127,"VIPER-01",1972.6391808556621,Afterburner,100,106133.62838549406,20684271.9,20684271.9,False,False,False
25.120000000001127,"VIPER-02",2253.9404131241245,Afterburner,93.12,61837.952497748629,20684271.9,20684271.9,False,False,False
25.120000000001127,"BANDIT-01",2203.8591375243345,Military,92,29275.850243294542,20684271.9,20684271.9,False,False,False
25.120000000001127,"BANDIT-02",2203.9747163690358,Military,92,28775.951185959515,20684271.9,20684271.9,False,False,False
25.220000000001143,"VIPER-01",1972.276688141415,Afterburner,100,106115.15427501003,20684271.9,20684271.9,False,False,False
25.220000000001143,"VIPER-02",2253.8101997688218,Afterburner,93.12,61834.105278682051,20684271.9,20684271.9,False,False,False
25.220000000001143,"BANDIT-01",2203.7863376758187,Military,92,29276.57740002084,20684271.9,20684271.9,False,False,False
25.220000000001143,"BANDIT-02",2203.902695191216,Military,92,28775.961950019144,20684271.9,20684271.9,False,False,False
25.320000000001158,"VIPER-01",1971.9142021870468,Afterburner,100,106096.72932334981,20684271.9,20684271.9,False,False,False
25.320000000001158,"VIPER-02",2253.6802621709148,Military,92.56,61181.358381412392,20684271.9,20684271.9,False,False,False
25.320000000001158,"BANDIT-01",2203.71353719606,Military,92,29277.185032495629,20684271.9,20684271.9,False,False,False
25.320000000001158,"BANDIT-02",2203.8306748475911,Military,92,28775.859317719558,20684271.9,20684271.9,False,False,False
25.420000000001174,"VIPER-01",1971.5517229854181,Afterburner,100,106078.35353304914,20684271.9,20684271.9,False,False,False
25.420000000001174,"VIPER-02",2253.550188077344,Afterburner,93.12,61828.217952877429,20684271.9,20684271.9,False,False,False
25.420000000001174,"BANDIT-01",2203.6407361011829,Military,92,29277.673344793551,20684271.9,20684271.9,False,False,False
25.420000000001174,"BANDIT-02",2203.7586553437091,Military,92,28775.643465035831,20684271.9,20684271.9,False,False,False
25.52000000000119,"VIPER-01",1971.1892505293729,Afterburner,100,106060.02690035551,20684271.9,20684271.9,False,False,False
25.52000000000119,"VIPER-02",2253.42038859948,Afterburner,93.12,61826.1754516711,20684271.9,20684271.9,False,False,False
25.52000000000119,"BANDIT-01",2203.5679344080663,Military,92,29278.042554617383,20684271.9,20684271.9,False,False,False
25.52000000000119,"BANDIT-02",2203.6866366859176,Military,92,28775.314581626379,20684271.9,20684271.9,False,False,False
25.620000000001205,"VIPER-01",1970.8267848117409,Afterburner,100,106041.74941611101,20684271.9,20684271.9,False,False,False
25.620000000001205,"VIPER-02",2253.290178563896,Military,93.12,61822.058977162611,20684271.9,20684271.9,False,False,False
25.620000000001205,"BANDIT-01",2203.495132011954,Military,92,29278.926421070046,20684271.9,20684271.9,False,False,False
25.620000000001205,"BANDIT-02",2203.61461875912,Military,92,28775.503523898871,20684271.9,20684271.9,False,False,False
25.720000000001221,"VIPER-01",1970.4643258253393,Afterburner,100,106023.52106697936,20684271.9,20684271.9,False,False,False
25.720000000001221,"VIPER-02",2253.1603775208928,Afterburner,93.68,62469.422390976506,20684271.9,20684271.9,False,False,False
25.720000000001221,"BANDIT-01",2203.4223291995604,Military,92,29279.217015738348,20684271.9,20684271.9,False,False,False
25.720000000001221,"BANDIT-02",2203.5426018392882,Military,92,28775.10736650601,20684271.9,20684271.9,False,False,False
25.820000000001237,"VIPER-01",1970.1018735629716,Afterburner,100,106005.3418365886,20684271.9,20684271.9,False,False,False
25.820000000001237,"VIPER-02",2253.0307189092946,Afterburner,93.12,61817.325877255636,20684271.9,20684271.9,False,False,False
25.820000000001237,"BANDIT-01",2203.3495252980806,Military,92,29279.701835147964,20684271.9,20684271.9,False,False,False
25.820000000001237,"BANDIT-02",2203.4705852440147,Military,92,28774.910010101707,20684271.9,20684271.9,False,False,False
25.920000000001252,"VIPER-01",1969.73942801743,Afterburner,100,105987.21170640596,20684271.9,20684271.9,False,False,False
25.920000000001252,"VIPER-02",2252.9010585372444,Afterburner,93.12,61815.313188008724,20684271.9,20684271.9,False,False,False
25.920000000001252,"BANDIT-01",2203.2767211343548,Military,92,29280.069435513211,20684271.9,20684271.9,False,False,False
25.920000000001252,"BANDIT-02",2203.3985697888816,Military,92,28774.601392430002,20684271.9,20684271.9,False,False,False
26.020000000001268,"VIPER-01",1969.3769891814966,Afterburner,100,105969.13065611238,20684271.9,20684271.9,False,False,False
26.020000000001268,"VIPER-02",2252.7712651130805,Afterburner,92.28,60837.046076519116,20684271.9,20684271.9,False,False,False
26.020000000001268,"BANDIT-01",2203.2039158404,Military,92,29280.869378478303,20684271.9,20684271.9,False,False,False
26.020000000001268,"BANDIT-02",2203.3265545966156,Military,92,28774.728568322862,20684271.9,20684271.9,False,False,False
26.120000000001284,"VIPER-01",1969.0145570479417,Afterburner,100,105951.09866358335,20684271.9,20684271.9,False,False,False
26.120000000001284,"VIPER-02",2252.6413332916777,Afterburner,92.84,61483.284299369239,20684271.9,20684271.9,False,False,False
26.120000000001284,"BANDIT-01",2203.1311103784728,Military,92,29281.472819721348,20684271.9,20684271.9,False,False,False
26.120000000001284,"BANDIT-02",2203.2545406181612,Military,92,28774.665509440751,20684271.9,20684271.9,False,False,False
26.2200000000013,"VIPER-01",1968.6521316095277,Afterburner,100,105933.11570458974,20684271.9,20684271.9,False,False,False
26.2200000000013,"VIPER-02",2252.5116795661597,Military,92.28,60830.755531144467,20684271.9,20684271.9,False,False,False
26.2200000000013,"BANDIT-01",2203.0583041374148,Military,92,29282.113501711803,20684271.9,20684271.9,False,False,False
26.2200000000013,"BANDIT-02",2203.1825272328711,Military,92,28774.644879586522,20684271.9,20684271.9,False,False,False
26.320000000001315,"VIPER-01",1968.2897128590087,Afterburner,100,105915.18175240692,20684271.9,20684271.9,False,False,False
26.320000000001315,"VIPER-02",2252.3818882579917,Military,92.84,61477.254394725845,20684271.9,20684271.9,False,False,False
26.320000000001315,"BANDIT-01",2202.9854974033806,Military,92,29282.635257560436,20684271.9,20684271.9,False,False,False
26.320000000001315,"BANDIT-02",2203.1105147164444,Military,92,28774.511190399953,20684271.9,20684271.9,False,False,False
26.42000000000133,"VIPER-01",1967.9273007891306,Afterburner,100,105897.29677748824,20684271.9,20684271.9,False,False,False
26.42000000000133,"VIPER-02",2252.2523728529222,Afterburner,92.84,61475.052474015327,20684271.9,20684271.9,False,False,False
26.42000000000133,"BANDIT-01",2202.9126900137153,Military,92,29283.036722132343,20684271.9,20684271.9,False,False,False
26.42000000000133,"BANDIT-02",2203.0385028963265,Military,92,28774.263058048142,20684271.9,20684271.9,False,False,False
26.520000000001346,"VIPER-01",1967.5648953926334,Afterburner,100,105879.46074734477,20684271.9,20684271.9,False,False,False
26.520000000001346,"VIPER-02",2252.1227220413107,Military,92.28,60822.234875781774,20684271.9,20684271.9,False,False,False
26.520000000001346,"BANDIT-01",2202.8398818965015,Military,92,29283.79326417057,20684271.9,20684271.9,False,False,False
26.520000000001346,"BANDIT-02",2202.9664916906418,Military,92,28774.373683956092,20684271.9,20684271.9,False,False,False
26.620000000001362,"VIPER-01",1967.2024966622521,Afterburner,100,105861.67362657157,20684271.9,20684271.9,False,False,False
26.620000000001362,"VIPER-02",2251.99334524195,Afterburner,92.84,61470.209641545938,20684271.9,20684271.9,False,False,False
26.620000000001362,"BANDIT-01",2202.7670732502661,Military,92,29283.954725514861,20684271.9,20684271.9,False,False,False
26.620000000001362,"BANDIT-02",2202.8944812876989,Military,92,28773.897165852621,20684271.9,20684271.9,False,False,False
26.720000000001377,"VIPER-01",1966.8401045907174,Afterburner,100,105843.93537710818,20684271.9,20684271.9,False,False,False
26.720000000001377,"VIPER-02",2251.8636953425917,Afterburner,92.84,61466.723147622346,20684271.9,20684271.9,False,False,False
26.720000000001377,"BANDIT-01",2202.694263851145,Military,92,29284.629863308615,20684271.9,20684271.9,False,False,False
26.720000000001377,"BANDIT-02",2202.8224714539374,Military,92,28773.937243778309,20684271.9,20684271.9,False,False,False
26.820000000001393,"VIPER-01",1966.4777191707549,Afterburner,100,105826.24595846057,20684271.9,20684271.9,False,False,False
26.820000000001393,"VIPER-02",2251.7340478621027,Military,92.28,60813.741906369905,20684271.9,20684271.9,False,False,False
26.820000000001393,"BANDIT-01",2202.6214538083809,Military,92,29285.501378706071,20684271.9,20684271.9,False,False,False
26.820000000001393,"BANDIT-02",2202.7504622885754,Military,92,28774.178025776891,20684271.9,20684271.9,False,False,False
26.920000000001409,"VIPER-01",1966.1153403950868,Afterburner,100,105808.60532802822,20684271.9,20684271.9,False,False,False
26.920000000001409,"VIPER-02",2251.6043998896535,Military,92.28,60810.72378772941,20684271.9,20684271.9,False,False,False
26.920000000001409,"BANDIT-01",2202.5486431098857,Military,92,29286.252881568049,20684271.9,20684271.9,False,False,False
26.920000000001409,"BANDIT-02",2202.6784537696813,Military,92,28774.304520782563,20684271.9,20684271.9,False,False,False
27.020000000001424,"VIPER-01",1965.7529682564311,Afterburner,100,105791.01344128831,20684271.9,20684271.9,False,False,False
27.020000000001424,"VIPER-02",2251.4752339555394,Afterburner,92.56,61132.970708675479,20684271.9,20684271.9,False,False,False
27.020000000001424,"BANDIT-01",2202.4758318946147,Military,92,29286.408896823126,20684271.9,20684271.9,False,False,False
27.020000000001424,"BANDIT-02",2202.6064460262432,Military,92,28773.84336112376,20684271.9,20684271.9,False,False,False
27.12000000000144,"VIPER-01",1965.3906027475027,Afterburner,100,105773.47025188574,20684271.9,20684271.9,False,False,False
27.12000000000144,"VIPER-02",2251.3458643329459,Military,92,60480.920174017156,20684271.9,20684271.9,False,False,False
27.12000000000144,"BANDIT-01",2202.4030199551125,Military,92,29287.077834576077,20684271.9,20684271.9,False,False,False
27.12000000000144,"BANDIT-02",2202.5344388412727,Military,92,28773.897957936853,20684271.9,20684271.9,False,False,False
27.220000000001455,"VIPER-01",1965.0282438610138,Afterburner,100,105755.97571166234,20684271.9,20684271.9,False,False,False
27.220000000001455,"VIPER-02",2251.2166312022514,Afterburner,92.56,61128.2962833607,20684271.9,20684271.9,False,False,False
27.220000000001455,"BANDIT-01",2202.3302075644028,Military,92,29287.31053549514,20684271.9,20684271.9,False,False,False
27.220000000001455,"BANDIT-02",2202.4624324777651,Military,92,28773.523384249929,20684271.9,20684271.9,False,False,False
27.320000000001471,"VIPER-01",1964.6658915896744,Afterburner,100,105738.52977061915,20684271.9,20684271.9,False,False,False
27.320000000001471,"VIPER-02",2251.0871234261567,Afterburner,93.12,61774.299317759345,20684271.9,20684271.9,False,False,False
27.320000000001471,"BANDIT-01",2202.2573946490988,Military,92,29287.899332170462,20684271.9,20684271.9,False,False,False
27.320000000001471,"BANDIT-02",2202.3904268527431,Military,92,28773.508397781181,20684271.9,20684271.9,False,False,False
27.420000000001487,"VIPER-01",1964.3035459261916,Afterburner,100,105721.13237685514,20684271.9,20684271.9,False,False,False
27.420000000001487,"VIPER-02",2250.9577549486771,Military,92.56,61121.674757173976,20684271.9,20684271.9,False,False,False
27.420000000001487,"BANDIT-01",2202.1845810473942,Military,92,29288.684120070247,20684271.9,20684271.9,False,False,False
27.420000000001487,"BANDIT-02",2202.3184217949461,Military,92,28773.693591510444,20684271.9,20684271.9,False,False,False
27.520000000001502,"VIPER-01",1963.9412068632735,Afterburner,100,105703.78351960974,20684271.9,20684271.9,False,False,False
27.520000000001502,"VIPER-02",2250.8286623549625,Military,92,60470.004828723861,20684271.9,20684271.9,False,False,False
27.520000000001502,"BANDIT-01",2202.1117667782319,Military,92,29289.189402953398,20684271.9,20684271.9,False,False,False
27.520000000001502,"BANDIT-02",2202.2464173137105,Military,92,28773.605572767734,20684271.9,20684271.9,False,False,False
27.620000000001518,"VIPER-01",1963.5788743936396,Afterburner,100,105686.48323713007,20684271.9,20684271.9,False,False,False
27.620000000001518,"VIPER-02",2250.6994336926664,Afterburner,92.56,61116.737905303627,20684271.9,20684271.9,False,False,False
27.620000000001518,"BANDIT-01",2202.0389518612828,Military,92,29289.573811613594,20684271.9,20684271.9,False,False,False
27.620000000001518,"BANDIT-02",2202.1744134191404,Military,92,28773.402237366652,20684271.9,20684271.9,False,False,False
27.720000000001534,"VIPER-01",1963.216548510055,Afterburner,100,105669.23161363765,20684271.9,20684271.9,False,False,False
27.720000000001534,"VIPER-02",2250.5702070931852,Afterburner,92.56,61113.787739440391,20684271.9,20684271.9,False,False,False
27.720000000001534,"BANDIT-01",2201.9661363460559,Military,92,29290.154465297874,20684271.9,20684271.9,False,False,False
27.720000000001534,"BANDIT-02",2202.102410151188,Military,92,28773.399264646727,20684271.9,20684271.9,False,False,False
27.820000000001549,"VIPER-01",1962.8542292053728,Afterburner,100,105652.02871872445,20684271.9,20684271.9,False,False,False
27.820000000001549,"VIPER-02",2250.4408429613914,Military,92.56,61110.568506589116,20684271.9,20684271.9,False,False,False
27.820000000001549,"BANDIT-01",2201.8933202508651,Military,92,29290.932028701249,20684271.9,20684271.9,False,False,False
27.820000000001549,"BANDIT-02",2202.0304075186923,Military,92,28773.597295175558,20684271.9,20684271.9,False,False,False
27.920000000001565,"VIPER-01",1962.4919164725832,Afterburner,100,105634.87454064364,20684271.9,20684271.9,False,False,False
27.920000000001565,"VIPER-02",2250.312029785342,Afterburner,92.56,61108.904633200946,20684271.9,20684271.9,False,False,False
27.920000000001565,"BANDIT-01",2201.8205034753009,Military,92,29291.112647992839,20684271.9,20684271.9,False,False,False
27.920000000001565,"BANDIT-02",2201.9584054119409,Military,92,28773.2059910605,20684271.9,20684271.9,False,False,False
28.020000000001581,"VIPER-01",1962.129610304848,Afterburner,100,105617.76896899215,20684271.9,20684271.9,False,False,False
28.020000000001581,"VIPER-02",2250.1828055080878,Afterburner,92.84,61430.20485198692,20684271.9,20684271.9,False,False,False
28.020000000001581,"BANDIT-01",2201.7476860380061,Military,92,29291.727339130095,20684271.9,20684271.9,False,False,False
28.020000000001581,"BANDIT-02",2201.8864038401871,Military,92,28773.251749686082,20684271.9,20684271.9,False,False,False
28.120000000001596,"VIPER-01",1961.7673106955103,Afterburner,100,105600.71181622628,20684271.9,20684271.9,False,False,False
28.120000000001596,"VIPER-02",2250.0538577546504,Afterburner,92.28,60778.521030642252,20684271.9,20684271.9,False,False,False
28.120000000001596,"BANDIT-01",2201.6748680332739,Military,92,29292.300318272468,20684271.9,20684271.9,False,False,False
28.120000000001596,"BANDIT-02",2201.8144028882939,Military,92,28773.260884327046,20684271.9,20684271.9,False,False,False
28.220000000001612,"VIPER-01",1961.4050176380877,Afterburner,100,105583.70285763254,20684271.9,20684271.9,False,False,False
28.220000000001612,"VIPER-02",2249.9244976184286,Military,92.84,61424.055458057381,20684271.9,20684271.9,False,False,False
28.220000000001612,"BANDIT-01",2201.6020495244647,Military,92,29293.070403846403,20684271.9,20684271.9,False,False,False
28.220000000001612,"BANDIT-02",2201.7424026102685,Military,92,28773.471128518264,20684271.9,20684271.9,False,False,False
28.320000000001627,"VIPER-01",1961.0427311262583,Afterburner,100,105566.74186982201,20684271.9,20684271.9,False,False,False
28.320000000001627,"VIPER-02",2249.795757255989,Military,92.28,60772.75928588181,20684271.9,20684271.9,False,False,False
28.320000000001627,"BANDIT-01",2201.5292302028161,Military,92,29293.480556663977,20684271.9,20684271.9,False,False,False
28.320000000001627,"BANDIT-02",2201.6704026884472,Military,92,28773.327897756575,20684271.9,20684271.9,False,False,False
28.420000000001643,"VIPER-01",1960.6804511538419,Afterburner,100,105549.82865491437,20684271.9,20684271.9,False,False,False
28.420000000001643,"VIPER-02",2249.6668127890803,Military,92.28,60770.082731036215,20684271.9,20684271.9,False,False,False
28.420000000001643,"BANDIT-01",2201.4564103863045,Military,92,29294.007710620113,20684271.9,20684271.9,False,False,False
28.420000000001643,"BANDIT-02",2201.5984034312596,Military,92,28773.30598146631,20684271.9,20684271.9,False,False,False
28.520000000001659,"VIPER-01",1960.3181777147865,Afterburner,100,105532.9630467839,20684271.9,20684271.9,False,False,False
28.520000000001659,"VIPER-02",2249.5378682782439,Afterburner,92.84,61416.597082354972,20684271.9,20684271.9,False,False,False
28.520000000001659,"BANDIT-01",2201.3835900348822,Military,92,29294.414419485649,20684271.9,20684271.9,False,False,False
28.520000000001659,"BANDIT-02",2201.5264047895475,Military,92,28773.1689649387,20684271.9,20684271.9,False,False,False
28.620000000001674,"VIPER-01",1959.9559108031651,Afterburner,100,105516.14490325349,20684271.9,20684271.9,False,False,False
28.620000000001674,"VIPER-02",2249.4090623299703,Afterburner,92.28,60764.936933087462,20684271.9,20684271.9,False,False,False
28.620000000001674,"BANDIT-01",2201.3107690172674,Military,92,29295.016820595392,20684271.9,20684271.9,False,False,False
28.620000000001674,"BANDIT-02",2201.454406623061,Military,92,28773.231562494781,20684271.9,20684271.9,False,False,False
28.72000000000169,"VIPER-01",1959.593650413178,Afterburner,100,105499.37409174514,20684271.9,20684271.9,False,False,False
28.72000000000169,"VIPER-02",2249.2800513131538,Military,92.56,61086.316164883116,20684271.9,20684271.9,False,False,False
28.72000000000169,"BANDIT-01",2201.2379473839751,Military,92,29295.656565485184,20684271.9,20684271.9,False,False,False
28.72000000000169,"BANDIT-02",2201.3824089731866,Military,92,28773.336105878316,20684271.9,20684271.9,False,False,False
28.820000000001706,"VIPER-01",1959.231396539157,Afterburner,100,105482.65047580909,20684271.9,20684271.9,False,False,False
28.820000000001706,"VIPER-02",2249.1513847070228,Afterburner,92.56,61084.251797301775,20684271.9,20684271.9,False,False,False
28.820000000001706,"BANDIT-01",2201.1651251696862,Military,92,29296.016590397379,20684271.9,20684271.9,False,False,False
28.820000000001706,"BANDIT-02",2201.3104118655397,Military,92,28773.166911208769,20684271.9,20684271.9,False,False,False
28.920000000001721,"VIPER-01",1958.8691491755717,Afterburner,100,105465.97390694781,20684271.9,20684271.9,False,False,False
28.920000000001721,"VIPER-02",2249.0224444942951,Military,92.28,60756.609760115207,20684271.9,20684271.9,False,False,False
28.920000000001721,"BANDIT-01",2201.0923023039918,Military,92,29296.810074944802,20684271.9,20684271.9,False,False,False
28.920000000001721,"BANDIT-02",2201.2384152208019,Military,92,28773.4339825596,20684271.9,20684271.9,False,False,False
29.020000000001737,"VIPER-01",1958.506908317032,Afterburner,100,105449.34422293422,20684271.9,20684271.9,False,False,False
29.020000000001737,"VIPER-02",2248.8938487083974,Afterburner,92.28,60754.27831874293,20684271.9,20684271.9,False,False,False
29.020000000001737,"BANDIT-01",2201.0194788073904,Military,92,29297.16505622465,20684271.9,20684271.9,False,False,False
29.020000000001737,"BANDIT-02",2201.1664190505021,Military,92,28773.269188710616,20684271.9,20684271.9,False,False,False
29.120000000001752,"VIPER-01",1958.1446739582893,Afterburner,100,105432.76125102144,20684271.9,20684271.9,False,False,False
29.120000000001752,"VIPER-02",2248.765116356185,Military,92,60427.169022428563,20684271.9,20684271.9,False,False,False
29.120000000001752,"BANDIT-01",2200.9466547594266,Military,92,29297.795291846451,20684271.9,20684271.9,False,False,False
29.120000000001752,"BANDIT-02",2201.0944234251911,Military,92,28773.383111841395,20684271.9,20684271.9,False,False,False
29.220000000001768,"VIPER-01",1957.7824460942354,Afterburner,100,105416.22481319007,20684271.9,20684271.9,False,False,False
29.220000000001768,"VIPER-02",2248.6363165295738,Military,92,60424.40277912833,20684271.9,20684271.9,False,False,False
29.220000000001768,"BANDIT-01",2200.8738300904351,Military,92,29298.462484780128,20684271.9,20684271.9,False,False,False
29.220000000001768,"BANDIT-02",2201.0224282664194,Military,92,28773.538486720619,20684271.9,20684271.9,False,False,False
29.320000000001784,"VIPER-01",1957.4202247198994,Afterburner,100,105399.73473087429,20684271.9,20684271.9,False,False,False
29.320000000001784,"VIPER-02",2248.5077236261081,Afterburner,92.56,61070.576603717178,20684271.9,20684271.9,False,False,False
29.320000000001784,"BANDIT-01",2200.8010048807378,Military,92,29298.770840559053,20684271.9,20684271.9,False,False,False
29.320000000001784,"BANDIT-02",2200.950433645598,Military,92,28773.34123982305,20684271.9,20684271.9,False,False,False
29.4200000000018,"VIPER-01",1957.0580098304461,Afterburner,100,105383.29082759291,20684271.9,20684271.9,False,False,False
29.4200000000018,"VIPER-02",2248.3792003114613,Military,92,60419.371493906692,20684271.9,20684271.9,False,False,False
29.4200000000018,"BANDIT-01",2200.728179089992,Military,92,29299.354057033674,20684271.9,20684271.9,False,False,False
29.4200000000018,"BANDIT-02",2200.8784395136481,Military,92,28773.422255571328,20684271.9,20684271.9,False,False,False
29.520000000001815,"VIPER-01",1956.6958014211723,Afterburner,100,105366.89292925179,20684271.9,20684271.9,False,False,False
29.520000000001815,"VIPER-02",2248.2505402357506,Afterburner,92.56,61065.417552511826,20684271.9,20684271.9,False,False,False
29.520000000001815,"BANDIT-01",2200.6553527529491,Military,92,29299.816108688152,20684271.9,20684271.9,False,False,False
29.520000000001815,"BANDIT-02",2200.8064458965423,Military,92,28773.387230614313,20684271.9,20684271.9,False,False,False
29.620000000001831,"VIPER-01",1956.3335994875083,Afterburner,100,105350.54086287461,20684271.9,20684271.9,False,False,False
29.620000000001831,"VIPER-02",2248.122019114986,Military,92,60414.116062068395,20684271.9,20684271.9,False,False,False
29.620000000001831,"BANDIT-01",2200.5825257406118,Military,92,29300.473057337087,20684271.9,20684271.9,False,False,False
29.620000000001831,"BANDIT-02",2200.7344526567244,Military,92,28773.550816515213,20684271.9,20684271.9,False,False,False
29.720000000001846,"VIPER-01",1955.9714040250162,Afterburner,100,105334.23445472593,20684271.9,20684271.9,False,False,False
29.720000000001846,"VIPER-02",2247.9934986533613,Afterburner,92.28,60735.781443975946,20684271.9,20684271.9,False,False,False
29.720000000001846,"BANDIT-01",2200.5096981784136,Military,92,29300.929472763302,20684271.9,20684271.9,False,False,False
29.720000000001846,"BANDIT-02",2200.6624599108304,Military,92,28773.519298436135,20684271.9,20684271.9,False,False,False
29.820000000001862,"VIPER-01",1955.6092150293912,Afterburner,100,105317.97352878678,20684271.9,20684271.9,False,False,False
29.820000000001862,"VIPER-02",2247.8650480658648,Military,92,60408.9830166616,20684271.9,20684271.9,False,False,False
29.820000000001862,"BANDIT-01",2200.4368699822,Military,92,29301.501702635938,20684271.9,20684271.9,False,False,False
29.820000000001862,"BANDIT-02",2200.5904675661782,Military,92,28773.607613865744,20684271.9,20684271.9,False,False,False
29.920000000001878,"VIPER-01",1955.2470324964609,Afterburner,100,105301.75790606088,20684271.9,20684271.9,False,False,False
29.920000000001878,"VIPER-02",2247.7365985757224,Military,92,60406.408628120218,20684271.9,20684271.9,False,False,False
29.920000000001878,"BANDIT-01",2200.3640411731349,Military,92,29302.031387652532,20684271.9,20684271.9,False,False,False
29.920000000001878,"BANDIT-02",2200.5184756353283,Military,92,28773.658077270273,20684271.9,20684271.9,False,False,False
30.020000000001893,"VIPER-01",1954.8848564221869,Afterburner,100,105285.58740466657,20684271.9,20684271.9,False,False,False
30.020000000001893,"VIPER-02",2247.6080812785513,Military,92.28,60727.917810892846,20684271.9,20684271.9,False,False,False
30.020000000001893,"BANDIT-01",2200.2912118018116,Military,92,29302.59802163699,20684271.9,20684271.9,False,False,False
30.020000000001893,"BANDIT-02",2200.44648416028,Military,92,28773.749812543541,20684271.9,20684271.9,False,False,False
30.120000000001909,"VIPER-01",1954.5226868026621,Afterburner,100,105269.46184046814,20684271.9,20684271.9,False,False,False
30.120000000001909,"VIPER-02",2247.4797023624869,Afterburner,92.56,61049.602868858659,20684271.9,20684271.9,False,False,False
30.120000000001909,"BANDIT-01",2200.2183818141257,Military,92,29303.042761444718,20684271.9,20684271.9,False,False,False
30.120000000001909,"BANDIT-02",2200.3744930784865,Military,92,28773.724651091543,20684271.9,20684271.9,False,False,False
30.220000000001924,"VIPER-01",1954.1605236341113,Afterburner,100,105253.38102773299,20684271.9,20684271.9,False,False,False
30.220000000001924,"VIPER-02",2247.3514617323644,Military,92,60398.739519768307,20684271.9,20684271.9,False,False,False
30.220000000001924,"BANDIT-01",2200.1455512160792,Military,92,29303.603316163742,20684271.9,20684271.9,False,False,False
30.220000000001924,"BANDIT-02",2200.3025023874829,Military,92,28773.819240753015,20684271.9,20684271.9,False,False,False
30.32000000000194,"VIPER-01",1953.7983669128896,Afterburner,100,105237.34477973098,20684271.9,20684271.9,False,False,False
30.32000000000194,"VIPER-02",2247.223153310154,Military,92,60396.201205892772,20684271.9,20684271.9,False,False,False
30.32000000000194,"BANDIT-01",2200.0727200734573,Military,92,29304.121499656514,20684271.9,20684271.9,False,False,False
30.32000000000194,"BANDIT-02",2200.2305121445606,Military,92,28773.876066164998,20684271.9,20684271.9,False,False,False
30.420000000001956,"VIPER-01",1953.4362166354827,Afterburner,100,105221.35290887284,20684271.9,20684271.9,False,False,False
30.420000000001956,"VIPER-02",2247.0948459163583,Military,92,60393.628934941786,20684271.9,20684271.9,False,False,False
30.420000000001956,"BANDIT-01",2199.9998883322642,Military,92,29304.676189575421,20684271.9,20684271.9,False,False,False
30.420000000001956,"BANDIT-02",2200.1585222874019,Military,92,28773.97363994156,20684271.9,20684271.9,False,False,False
30.520000000001971,"VIPER-01",1953.0740727985055,Afterburner,100,105205.40522668177,20684271.9,20684271.9,False,False,False
30.520000000001971,"VIPER-02",2246.9666078508421,Military,92,60391.108540975649,20684271.9,20684271.9,False,False,False
30.520000000001971,"BANDIT-01",2199.9270560881419,Military,92,29305.188645114311,20684271.9,20684271.9,False,False,False
30.520000000001971,"BANDIT-02",2200.0865329032008,Military,92,28774.033543660385,20684271.9,20684271.9,False,False,False
30.620000000001987,"VIPER-01",1952.7119353987016,Afterburner,100,105189.501543606,20684271.9,20684271.9,False,False,False
30.620000000001987,"VIPER-02",2246.8383707572511,Military,92,60388.55420409904,20684271.9,20684271.9,False,False,False
30.620000000001987,"BANDIT-01",2199.854223257083,Military,92,29305.737569353882,20684271.9,20684271.9,False,False,False
30.620000000001987,"BANDIT-02",2200.0145438997388,Military,92,28774.134117076232,20684271.9,20684271.9,False,False,False
30.720000000002003,"VIPER-01",1952.349804432944,Afterburner,100,105173.64166880859,20684271.9,20684271.9,False,False,False
30.720000000002003,"VIPER-02",2246.7102033974288,Military,92,60386.05239449982,20684271.9,20684271.9,False,False,False
30.720000000002003,"BANDIT-01",2199.7813898306886,Military,92,29306.243616334257,20684271.9,20684271.9,False,False,False
30.720000000002003,"BANDIT-02",2199.9425552603593,Military,92,28774.196339533151,20684271.9,20684271.9,False,False,False
30.820000000002018,"VIPER-01",1951.987679898233,Afterburner,100,105157.82541005795,20684271.9,20684271.9,False,False,False
30.820000000002018,"VIPER-02",2246.5820370183974,Military,92,60383.51672969792,20684271.9,20684271.9,False,False,False
30.820000000002018,"BANDIT-01",2199.7085558154031,Military,92,29306.786025315127,20684271.9,20684271.9,False,False,False
30.820000000002018,"BANDIT-02",2199.8705669832725,Military,92,28774.299084768052,20684271.9,20684271.9,False,False,False
30.920000000002034,"VIPER-01",1951.6255617916968,Afterburner,100,105142.05257375976,20684271.9,20684271.9,False,False,False
30.920000000002034,"VIPER-02",2246.4538716379266,Afterburner,92.28,60705.064924971848,20684271.9,20684271.9,False,False,False
30.920000000002034,"BANDIT-01",2199.6357212178691,Military,92,29307.285556691488,20684271.9,20684271.9,False,False,False
30.920000000002034,"BANDIT-02",2199.7985790669236,Military,92,28774.363437524393,20684271.9,20684271.9,False,False,False
31.020000000002049,"VIPER-01",1951.2634501105911,Afterburner,100,105126.32296500995,20684271.9,20684271.9,False,False,False
31.020000000002049,"VIPER-02",2246.3257759040494,Afterburner,92.28,60702.503768967821,20684271.9,20684271.9,False,False,False
31.020000000002049,"BANDIT-01",2199.5628860297029,Military,92,29307.821359363908,20684271.9,20684271.9,False,False,False
31.020000000002049,"BANDIT-02",2199.7265914947884,Military,92,28774.468182422304,20684271.9,20684271.9,False,False,False
31.120000000002065,"VIPER-01",1950.9013448522978,Afterburner,100,105110.63638775468,20684271.9,20684271.9,False,False,False
31.120000000002065,"VIPER-02",2246.197749800343,Military,92,60375.965950592283,20684271.9,20684271.9,False,False,False
31.120000000002065,"BANDIT-01",2199.4900502426476,Military,92,29308.393332066855,20684271.9,20684271.9,False,False,False
31.120000000002065,"BANDIT-02",2199.6546042505047,Military,92,28774.613198933603,20684271.9,20684271.9,False,False,False
31.220000000002081,"VIPER-01",1950.5392460143246,Afterburner,100,105094.99264487367,20684271.9,20684271.9,False,False,False
31.220000000002081,"VIPER-02",2246.0697245942979,Military,92,60373.467753894249,20684271.9,20684271.9,False,False,False
31.220000000002081,"BANDIT-01",2199.4172138933154,Military,92,29308.922419349889,20684271.9,20684271.9,False,False,False
31.220000000002081,"BANDIT-02",2199.5826173625715,Military,92,28774.719754355614,20684271.9,20684271.9,False,False,False
31.320000000002096,"VIPER-01",1950.1771535943051,Afterburner,100,105079.3915382518,20684271.9,20684271.9,False,False,False
31.320000000002096,"VIPER-02",2245.9417689587776,Military,92,60371.022086954661,20684271.9,20684271.9,False,False,False
31.320000000002096,"BANDIT-01",2199.3443769734722,Military,92,29309.408520413312,20684271.9,20684271.9,False,False,False
31.320000000002096,"BANDIT-02",2199.5106308147247,Military,92,28774.787727939362,20684271.9,20684271.9,False,False,False
31.420000000002112,"VIPER-01",1949.8150675899976,Afterburner,100,105063.83286878023,20684271.9,20684271.9,False,False,False
31.420000000002112,"VIPER-02",2245.8138142665211,Military,92,60368.542729882138,20684271.9,20684271.9,False,False,False
31.420000000002112,"BANDIT-01",2199.2715394750053,Military,92,29309.930756888458,20684271.9,20684271.9,False,False,False
31.420000000002112,"BANDIT-02",2199.4386445908622,Military,92,28774.895878640258,20684271.9,20684271.9,False,False,False
31.520000000002128,"VIPER-01",1949.4529879992849,Afterburner,100,105048.31643642332,20684271.9,20684271.9,False,False,False
31.520000000002128,"VIPER-02",2245.6858605341304,Military,92,60366.029844873221,20684271.9,20684271.9,False,False,False
31.520000000002128,"BANDIT-01",2199.198701374969,Military,92,29310.488970322142,20684271.9,20684271.9,False,False,False
31.520000000002128,"BANDIT-02",2199.3666586600984,Military,92,28775.0440294168,20684271.9,20684271.9,False,False,False
31.620000000002143,"VIPER-01",1949.0909148201736,Afterburner,100,105032.84204013046,20684271.9,20684271.9,False,False,False
31.620000000002143,"VIPER-02",2245.5579763307419,Military,92,60363.569415703343,20684271.9,20684271.9,False,False,False
31.620000000002143,"BANDIT-01",2199.1258627401753,Military,92,29311.004220212795,20684271.9,20684271.9,False,False,False
31.620000000002143,"BANDIT-02",2199.2946730812496,Military,92,28775.153561026509,20684271.9,20684271.9,False,False,False
31.720000000002159,"VIPER-01",1948.7288480507941,Afterburner,100,105017.40947790472,20684271.9,20684271.9,False,False,False
31.720000000002159,"VIPER-02",2245.4300930724103,Military,92,60361.075464221161,20684271.9,20684271.9,False,False,False
31.720000000002159,"BANDIT-01",2199.05302351773,Military,92,29311.555418049193,20684271.9,20684271.9,False,False,False
31.720000000002159,"BANDIT-02",2199.2226877935909,Military,92,28775.303024588367,20684271.9,20684271.9,False,False,False
31.820000000002175,"VIPER-01",1948.3667876893987,Afterburner,100,105002.01854682319,20684271.9,20684271.9,False,False,False
31.820000000002175,"VIPER-02",2245.3022108262876,Military,92,60358.5483741115,20684271.9,20684271.9,False,False,False
31.820000000002175,"BANDIT-01",2198.9801836404745,Military,92,29312.142197504891,20684271.9,20684271.9,False,False,False
31.820000000002175,"BANDIT-02",2199.1507027221837,Military,92,28775.492036628304,20684271.9,20684271.9,False,False,False
31.92000000000219,"VIPER-01",1948.0047337343631,Afterburner,100,104986.66904304699,20684271.9,20684271.9,False,False,False
31.92000000000219,"VIPER-02",2245.1743296588384,Military,92,60355.988519197148,20684271.9,20684271.9,False,False,False
31.92000000000219,"BANDIT-01",2198.9073430419276,Military,92,29312.764201277052,20684271.9,20684271.9,False,False,False
31.92000000000219,"BANDIT-02",2199.0787177928023,Military,92,28775.72022272613,20684271.9,20684271.9,False,False,False
32.0200000000022,"VIPER-01",1947.642686184184,Afterburner,100,104971.36076188523,20684271.9,20684271.9,False,False,False
32.0200000000022,"VIPER-02",2245.0464496358645,Military,92,60353.39626220474,20684271.9,20684271.9,False,False,False
32.0200000000022,"BANDIT-01",2198.8345016562675,Military,92,29313.421082320543,20684271.9,20684271.9,False,False,False
32.0200000000022,"BANDIT-02",2199.0067329319145,Military,92,28775.987218748276,20684271.9,20684271.9,False,False,False
32.120000000002179,"VIPER-01",1947.280645037479,Afterburner,100,104956.09349782421,20684271.9,20684271.9,False,False,False
32.120000000002179,"VIPER-02",2244.918570822515,Military,92,60350.771956889039,20684271.9,20684271.9,False,False,False
32.120000000002179,"BANDIT-01",2198.7616594183146,Military,92,29314.112501951251,20684271.9,20684271.9,False,False,False
32.120000000002179,"BANDIT-02",2198.9347480666643,Military,92,28776.292668953509,20684271.9,20684271.9,False,False,False
32.220000000002159,"VIPER-01",1946.9186102929868,Afterburner,100,104940.86704455802,20684271.9,20684271.9,False,False,False
32.220000000002159,"VIPER-02",2244.7906932833057,Military,92,60348.115951820961,20684271.9,20684271.9,False,False,False
32.220000000002159,"BANDIT-01",2198.6888162635182,Military,92,29314.838126421124,20684271.9,20684271.9,False,False,False
32.220000000002159,"BANDIT-02",2198.8627631248614,Military,92,28776.63622258784,20684271.9,20684271.9,False,False,False
32.320000000002139,"VIPER-01",1946.5565819495669,Afterburner,100,104925.68119502631,20684271.9,20684271.9,False,False,False
32.320000000002139,"VIPER-02",2244.6628170821205,Military,92,60345.428593872326,20684271.9,20684271.9,False,False,False
32.320000000002139,"BANDIT-01",2198.615972127951,Military,92,29315.597623675039,20684271.9,20684271.9,False,False,False
32.320000000002139,"BANDIT-02",2198.7907780349733,Military,92,28777.0175306555,20684271.9,20684271.9,False,False,False
32.420000000002119,"VIPER-01",1946.1945600061972,Afterburner,100,104910.5357414246,20684271.9,20684271.9,False,False,False
32.420000000002119,"VIPER-02",2244.5349422822128,Military,92,60342.71023025571,20684271.9,20684271.9,False,False,False
32.420000000002119,"BANDIT-01",2198.5431269483083,Military,92,29316.3906614692,20684271.9,20684271.9,False,False,False
32.420000000002119,"BANDIT-02",2198.7187927261225,Military,92,28777.436244044384,20684271.9,20684271.9,False,False,False
32.5200000000021,"VIPER-01",1945.8325444619752,Afterburner,100,104895.43047523432,20684271.9,20684271.9,False,False,False
32.5200000000021,"VIPER-02",2244.4070689462078,Military,92,60339.961208648419,20684271.9,20684271.9,False,False,False
32.5200000000021,"BANDIT-01",2198.4702806619084,Military,92,29317.216907161623,20684271.9,20684271.9,False,False,False
32.5200000000021,"BANDIT-02",2198.646807128091,Military,92,28777.892013309371,20684271.9,20684271.9,False,False,False
32.620000000002079,"VIPER-01",1945.4705353161169,Afterburner,100,104880.36518723427,20684271.9,20684271.9,False,False,False
32.620000000002079,"VIPER-02",2244.2791971361,Military,92,60337.181876018527,20684271.9,20684271.9,False,False,False
32.620000000002079,"BANDIT-01",2198.3974332066937,Military,92,29318.076028784206,20684271.9,20684271.9,False,False,False
32.620000000002079,"BANDIT-02",2198.574821171318,Military,92,28778.384489749547,20684271.9,20684271.9,False,False,False
32.720000000002059,"VIPER-01",1945.1085325679562,Afterburner,100,104865.33966755829,20684271.9,20684271.9,False,False,False
32.720000000002059,"VIPER-02",2244.1513269132543,Military,92,60334.3725768935,20684271.9,20684271.9,False,False,False
32.720000000002059,"BANDIT-01",2198.3245845212277,Military,92,29318.967696610631,20684271.9,20684271.9,False,False,False
32.720000000002059,"BANDIT-02",2198.5028347868965,Military,92,28778.913326960479,20684271.9,20684271.9,False,False,False
32.82000000000204,"VIPER-01",1944.7465362169442,Afterburner,100,104850.3537056901,20684271.9,20684271.9,False,False,False
32.82000000000204,"VIPER-02",2244.0234583384163,Military,92,60331.533651919432,20684271.9,20684271.9,False,False,False
32.82000000000204,"BANDIT-01",2198.2517345446854,Military,92,29319.891584469933,20684271.9,20684271.9,False,False,False
32.82000000000204,"BANDIT-02",2198.430847906568,Military,92,28779.478182154624,20684271.9,20684271.9,False,False,False
32.92000000000202,"VIPER-01",1944.3845462626493,Afterburner,100,104835.40709050377,20684271.9,20684271.9,False,False,False
32.92000000000202,"VIPER-02",2243.8955914717176,Military,92,60328.665437210177,20684271.9,20684271.9,False,False,False
32.92000000000202,"BANDIT-01",2198.1788832168513,Military,92,29320.847370378593,20684271.9,20684271.9,False,False,False
32.92000000000202,"BANDIT-02",2198.3588604627143,Military,92,28780.078716774089,20684271.9,20684271.9,False,False,False
33.020000000002,"VIPER-01",1944.0225627047557,Afterburner,100,104820.499610285,20684271.9,20684271.9,False,False,False
33.020000000002,"VIPER-02",2243.7677263726828,Military,92,60325.768264484737,20684271.9,20684271.9,False,False,False
33.020000000002,"BANDIT-01",2198.1060304781104,Military,92,29321.834736417852,20684271.9,20684271.9,False,False,False
33.020000000002,"BANDIT-02",2198.2868723883535,Military,92,28780.714596384296,20684271.9,20684271.9,False,False,False
33.12000000000198,"VIPER-01",1943.6605855430637,Afterburner,100,104805.63105276563,20684271.9,20684271.9,False,False,False
33.12000000000198,"VIPER-02",2243.6398631002376,Military,92,60322.842461755179,20684271.9,20684271.9,False,False,False
33.12000000000198,"BANDIT-01",2198.0331762694377,Military,92,29322.853368122273,20684271.9,20684271.9,False,False,False
33.12000000000198,"BANDIT-02",2198.214883617125,Military,92,28781.385490052809,20684271.9,20684271.9,False,False,False
33.22000000000196,"VIPER-01",1943.2986147774886,Afterburner,100,104790.80120514585,20684271.9,20684271.9,False,False,False
33.22000000000196,"VIPER-02",2243.5120017127165,Military,92,60319.888354141156,20684271.9,20684271.9,False,False,False
33.22000000000196,"BANDIT-01",2197.9603205323951,Military,92,29323.90295373142,20684271.9,20684271.9,False,False,False
33.22000000000196,"BANDIT-02",2198.142894083292,Military,92,28782.091069610284,20684271.9,20684271.9,False,False,False
33.32000000000194,"VIPER-01",1942.9366504080604,Afterburner,100,104776.00985410335,20684271.9,20684271.9,False,False,False
33.32000000000194,"VIPER-02",2243.3841422678634,Military,92,60316.906264464938,20684271.9,20684271.9,False,False,False
33.32000000000194,"BANDIT-01",2197.8874632091297,Military,92,29324.983183623885,20684271.9,20684271.9,False,False,False
33.32000000000194,"BANDIT-02",2198.0709037217316,Military,92,28782.83100908406,20684271.9,20684271.9,False,False,False
33.42000000000192,"VIPER-01",1942.574692434923,Afterburner,100,104761.25678584521,20684271.9,20684271.9,False,False,False
33.42000000000192,"VIPER-02",2243.2562848228372,Military,92,60313.896513498221,20684271.9,20684271.9,False,False,False
33.42000000000192,"BANDIT-01",2197.8146042423623,Military,92,29326.093750095602,20684271.9,20684271.9,False,False,False
33.42000000000192,"BANDIT-02",2197.9989124679319,Military,92,28783.604984477439,20684271.9,20684271.9,False,False,False
33.5200000000019,"VIPER-01",1942.2127408583342,Afterburner,100,104746.54178609783,20684271.9,20684271.9,False,False,False
33.5200000000019,"VIPER-02",2243.1284294342167,Military,92,60310.859419843662,20684271.9,20684271.9,False,False,False
33.5200000000019,"BANDIT-01",2197.7417435753919,Military,92,29327.234347448306,20684271.9,20684271.9,False,False,False
33.5200000000019,"BANDIT-02",2197.9269202579885,Military,92,28784.412673859915,20684271.9,20684271.9,False,False,False
33.62000000000188,"VIPER-01",1941.8507956786657,Afterburner,100,104731.86464016071,20684271.9,20684271.9,False,False,False
33.62000000000188,"VIPER-02",2243.0005761580042,Military,92,60307.795299609286,20684271.9,20684271.9,False,False,False
33.62000000000188,"BANDIT-01",2197.6688811520871,Military,92,29328.40467227819,20684271.9,20684271.9,False,False,False
33.62000000000188,"BANDIT-02",2197.8549270286021,Military,92,28785.253757651786,20684271.9,20684271.9,False,False,False
33.72000000000186,"VIPER-01",1941.4888568963991,Afterburner,100,104717.22513290818,20684271.9,20684271.9,False,False,False
33.72000000000186,"VIPER-02",2242.8727250496286,Military,92,60304.704466113508,20684271.9,20684271.9,False,False,False
33.72000000000186,"BANDIT-01",2197.5960169168839,Military,92,29329.604423765653,20684271.9,20684271.9,False,False,False
33.72000000000186,"BANDIT-02",2197.7829327170712,Military,92,28786.127918916471,20684271.9,20684271.9,False,False,False
33.820000000001841,"VIPER-01",1941.1269245121305,Afterburner,100,104702.62304882167,20684271.9,20684271.9,False,False,False
33.820000000001841,"VIPER-02",2242.7448761639525,Military,92,60301.587229656,20684271.9,20684271.9,False,False,False
33.820000000001841,"BANDIT-01",2197.5231508147763,Military,92,29330.833303870106,20684271.9,20684271.9,False,False,False
33.820000000001841,"BANDIT-02",2197.710937261289,Military,92,28787.034843545061,20684271.9,20684271.9,False,False,False
33.920000000001821,"VIPER-01",1940.7649985265664,Afterburner,100,104688.05817201208,20684271.9,20684271.9,False,False,False
33.920000000001821,"VIPER-02",2242.6170295552752,Military,92,60298.443897495548,20684271.9,20684271.9,False,False,False
33.920000000001821,"BANDIT-01",2197.4502827913166,Military,92,29332.091017347804,20684271.9,20684271.9,False,False,False
33.920000000001821,"BANDIT-02",2197.6389405997356,Military,92,28787.974220284137,20684271.9,20684271.9,False,False,False
34.0200000000018,"VIPER-01",1940.4030789405238,Afterburner,100,104673.53028623498,20684271.9,20684271.9,False,False,False
34.0200000000018,"VIPER-02",2242.4891852773417,Military,92,60295.274773984762,20684271.9,20684271.9,False,False,False
34.0200000000018,"BANDIT-01",2197.3774127926081,Military,92,29333.377271663081,20684271.9,20684271.9,False,False,False
34.0200000000018,"BANDIT-02",2197.5669426714749,Military,92,28788.9457406423,20684271.9,20684271.9,False,False,False
34.120000000001781,"VIPER-01",1940.0411657549303,Afterburner,100,104659.03917492877,20684271.9,20684271.9,False,False,False
34.120000000001781,"VIPER-02",2242.3613433833434,Military,92,60292.08016073097,20684271.9,20684271.9,False,False,False
34.120000000001781,"BANDIT-01",2197.3045407652976,Military,92,29334.691776809836,20684271.9,20684271.9,False,False,False
34.120000000001781,"BANDIT-02",2197.4949434161485,Military,92,28789.949098711968,20684271.9,20684271.9,False,False,False
34.220000000001761,"VIPER-01",1939.6792589708232,Afterburner,100,104644.58462121506,20684271.9,20684271.9,False,False,False
34.220000000001761,"VIPER-02",2242.233503925926,Military,92,60288.860356770252,20684271.9,20684271.9,False,False,False
34.220000000001761,"BANDIT-01",2197.2316666565762,Military,92,29336.034245160103,20684271.9,20684271.9,False,False,False
34.220000000001761,"BANDIT-02",2197.4229427739706,Military,92,28790.983991017438,20684271.9,20684271.9,False,False,False
34.320000000001741,"VIPER-01",1939.3173585893489,Afterburner,100,104630.16640793631,20684271.9,20684271.9,False,False,False
34.320000000001741,"VIPER-02",2242.1056669571926,Military,92,60285.615658677096,20684271.9,20684271.9,False,False,False
34.320000000001741,"BANDIT-01",2197.1587904141688,Military,92,29337.404391365129,20684271.9,20684271.9,False,False,False
34.320000000001741,"BANDIT-02",2197.3509406857252,Military,92,28792.050116423492,20684271.9,20684271.9,False,False,False
34.420000000001721,"VIPER-01",1938.9554646117626,Afterburner,100,104615.78431766742,20684271.9,20684271.9,False,False,False
34.420000000001721,"VIPER-02",2241.9778325287089,Military,92,60282.346360582553,20684271.9,20684271.9,False,False,False
34.420000000001721,"BANDIT-01",2197.0859119863335,Military,92,29338.801932337028,20684271.9,20684271.9,False,False,False
34.420000000001721,"BANDIT-02",2197.2789370927608,Military,92,28793.147176109334,20684271.9,20684271.9,False,False,False
34.5200000000017,"VIPER-01",1938.5935770394278,Afterburner,100,104601.43813273654,20684271.9,20684271.9,False,False,False
34.5200000000017,"VIPER-02",2241.8500006915046,Military,92,60279.0527541321,20684271.9,20684271.9,False,False,False
34.5200000000017,"BANDIT-01",2197.0130313218583,Military,92,29340.226587277866,20684271.9,20684271.9,False,False,False
34.5200000000017,"BANDIT-02",2197.2069319369848,Military,92,28794.274873597456,20684271.9,20684271.9,False,False,False
34.620000000001681,"VIPER-01",1938.2316958738152,Afterburner,100,104587.12763525741,20684271.9,20684271.9,False,False,False
34.620000000001681,"VIPER-02",2241.722171496082,Military,92,60275.735128441935,20684271.9,20684271.9,False,False,False
34.620000000001681,"BANDIT-01",2196.9401483700522,Military,92,29341.678077730205,20684271.9,20684271.9,False,False,False
34.620000000001681,"BANDIT-02",2197.1349251608608,Military,92,28795.432914805733,20684271.9,20684271.9,False,False,False
34.720000000001662,"VIPER-01",1937.8698211165026,Afterburner,100,104572.85260712822,20684271.9,20684271.9,False,False,False
34.720000000001662,"VIPER-02",2241.5943449924171,Military,92,60272.393770054288,20684271.9,20684271.9,False,False,False
34.720000000001662,"BANDIT-01",2196.8672630807459,Military,92,29343.156127608989,20684271.9,20684271.9,False,False,False
34.720000000001662,"BANDIT-02",2197.0629167074026,Military,92,28796.621008082384,20684271.9,20684271.9,False,False,False
34.820000000001642,"VIPER-01",1937.5079527691735,Afterburner,100,104558.61283006836,20684271.9,20684271.9,False,False,False
34.820000000001642,"VIPER-02",2241.4665212299665,Military,92,60269.028962935525,20684271.9,20684271.9,False,False,False
34.820000000001642,"BANDIT-01",2196.7943754042853,Military,92,29344.660463212695,20684271.9,20684271.9,False,False,False
34.820000000001642,"BANDIT-02",2196.9909065201718,Military,92,28797.838864209538,20684271.9,20684271.9,False,False,False
34.920000000001622,"VIPER-01",1937.1460908336178,Afterburner,100,104544.40808563808,20684271.9,20684271.9,False,False,False
34.920000000001622,"VIPER-02",2241.3387002576706,Military,92,60265.64098849555,20684271.9,20684271.9,False,False,False
34.920000000001622,"BANDIT-01",2196.7214852915254,Military,92,29346.190813195055,20684271.9,20684271.9,False,False,False
34.920000000001622,"BANDIT-02",2196.9188945432707,Military,92,28799.086196379903,20684271.9,20684271.9,False,False,False
35.0200000000016,"VIPER-01",1936.7842353117317,Afterburner,100,104530.23815523424,20684271.9,20684271.9,False,False,False
35.0200000000016,"VIPER-02",2241.210882123959,Military,92,60262.230125650312,20684271.9,20684271.9,False,False,False
35.0200000000016,"BANDIT-01",2196.648592693828,Military,92,29347.746908519075,20684271.9,20684271.9,False,False,False
35.0200000000016,"BANDIT-02",2196.8468807213385,Military,92,28800.36272015416,20684271.9,20684271.9,False,False,False
35.120000000001582,"VIPER-01",1936.4223862055146,Afterburner,100,104516.10282015234,20684271.9,20684271.9,False,False,False
35.120000000001582,"VIPER-02",2241.083066876753,Military,92,60258.796650867189,20684271.9,20684271.9,False,False,False
35.120000000001582,"BANDIT-01",2196.5756975630575,Military,92,29349.328482410641,20684271.9,20684271.9,False,False,False
35.120000000001582,"BANDIT-02",2196.7748649995478,Military,92,28801.668153404928,20684271.9,20684271.9,False,False,False
35.220000000001562,"VIPER-01",1936.0605435170712,Afterburner,100,104502.00186154614,20684271.9,20684271.9,False,False,False
35.220000000001562,"VIPER-02",2240.955254563472,Military,92,60255.340838208271,20684271.9,20684271.9,False,False,False
35.220000000001562,"BANDIT-01",2196.5027998515739,Military,92,29350.935270321839,20684271.9,20684271.9,False,False,False
35.220000000001562,"BANDIT-02",2196.7028473236005,Military,92,28803.002216281948,20684271.9,20684271.9,False,False,False
35.320000000001542,"VIPER-01",1935.6987072486095,Afterburner,100,104487.93506051516,20684271.9,20684271.9,False,False,False
35.320000000001542,"VIPER-02",2240.8274452310375,Military,92,60251.862959362239,20684271.9,20684271.9,False,False,False
35.320000000001542,"BANDIT-01",2196.4298995122331,Military,92,29352.567009893821,20684271.9,20684271.9,False,False,False
35.320000000001542,"BANDIT-02",2196.6308276397212,Military,92,28804.364631189743,20684271.9,20684271.9,False,False,False
35.420000000001522,"VIPER-01",1935.3368774024407,Afterburner,100,104473.90219806402,20684271.9,20684271.9,False,False,False
35.420000000001522,"VIPER-02",2240.6996389258757,Military,92,60248.363283647188,20684271.9,20684271.9,False,False,False
35.420000000001522,"BANDIT-01",2196.356996498379,Military,92,29354.223440959762,20684271.9,20684271.9,False,False,False
35.420000000001522,"BANDIT-02",2196.558805894656,Military,92,28805.755122765815,20684271.9,20684271.9,False,False,False
35.5200000000015,"VIPER-01",1934.9750539809784,Afterburner,100,104459.90305514907,20684271.9,20684271.9,False,False,False
35.5200000000015,"VIPER-02",2240.5718356939233,Military,92,60244.842078025031,20684271.9,20684271.9,False,False,False
35.5200000000015,"BANDIT-01",2196.2840907638415,Military,92,29355.904305530908,20684271.9,20684271.9,False,False,False
35.5200000000015,"BANDIT-02",2196.4867820356658,Military,92,28807.173417891656,20684271.9,20684271.9,False,False,False
35.620000000001482,"VIPER-01",1934.6132369867391,Afterburner,100,104445.93741269417,20684271.9,20684271.9,False,False,False
35.620000000001482,"VIPER-02",2240.4440355806296,Military,92,60241.299607095665,20684271.9,20684271.9,False,False,False
35.620000000001482,"BANDIT-01",2196.2111822629304,Military,92,29357.609347799185,20684271.9,20684271.9,False,False,False
35.620000000001482,"BANDIT-02",2196.4147560105239,Military,92,28808.619245671489,20684271.9,20684271.9,False,False,False
35.720000000001463,"VIPER-01",1934.4251373320119,Afterburner,100,73142.57278521228,20684271.9,20684271.9,False,False,False
35.720000000001463,"VIPER-02",2240.3162386309632,Military,92,60237.736133127109,20684271.9,20684271.9,False,False,False
35.720000000001463,"BANDIT-01",2196.1382709504355,Military,92,29359.338314122244,20684271.9,20684271.9,False,False,False
35.720000000001463,"BANDIT-02",2196.3427277675096,Military,92,28810.092337437356,20684271.9,20684271.9,False,False,False
35.820000000001443,"VIPER-01",1934.2562285682977,Afterburner,100,73155.393512376686,20684271.9,20684271.9,False,False,False
35.820000000001443,"VIPER-02",2240.1884448894157,Military,92,60234.151916054019,20684271.9,20684271.9,False,False,False
35.820000000001443,"BANDIT-01",2196.0653567816162,Military,92,29361.090953009825,20684271.9,20684271.9,False,False,False
35.820000000001443,"BANDIT-02",2196.2706972554079,Military,92,28811.59242672296,20684271.9,20684271.9,False,False,False
35.920000000001423,"VIPER-01",1934.0872222028017,Afterburner,100,73164.750077359888,20684271.9,20684271.9,False,False,False
35.920000000001423,"VIPER-02",2240.0606544000034,Military,92,60230.547213496575,20684271.9,20684271.9,False,False,False
35.920000000001423,"BANDIT-01",2195.9924397122036,Military,92,29362.86701510274,20684271.9,20684271.9,False,False,False
35.920000000001423,"BANDIT-02",2196.1986644235003,Military,92,28813.11924924628,20684271.9,20684271.9,False,False,False
36.0200000000014,"VIPER-01",1933.9181383883044,Afterburner,100,73171.150634940757,20684271.9,20684271.9,False,False,False
36.0200000000014,"VIPER-02",2239.9328672062738,Military,92,60226.9222808165,20684271.9,20684271.9,False,False,False
36.0200000000014,"BANDIT-01",2195.9195196983915,Military,92,29364.666253149826,20684271.9,20684271.9,False,False,False
36.0200000000014,"BANDIT-02",2196.1266292215651,Military,92,28814.672542886274,20684271.9,20684271.9,False,False,False
36.120000000001383,"VIPER-01",1933.7489914931793,Afterburner,100,73175.778133517684,20684271.9,20684271.9,False,False,False
36.120000000001383,"VIPER-02",2239.8050833513084,Military,92,60223.277371107288,20684271.9,20684271.9,False,False,False
36.120000000001383,"BANDIT-01",2195.8465966968365,Military,92,29366.488421980161,20684271.9,20684271.9,False,False,False
36.120000000001383,"BANDIT-02",2196.0545915998682,Military,92,28816.252047660138,20684271.9,20684271.9,False,False,False
36.220000000001363,"VIPER-01",1933.5797886110327,Afterburner,100,73179.744287513138,20684271.9,20684271.9,False,False,False
36.220000000001363,"VIPER-02",2239.6773028777279,Military,92,60219.612735237126,20684271.9,20684271.9,False,False,False
36.220000000001363,"BANDIT-01",2195.7736706646524,Military,92,29368.333278496331,20684271.9,20684271.9,False,False,False
36.220000000001363,"BANDIT-02",2195.9825515091688,Military,92,28817.857505702726,20684271.9,20684271.9,False,False,False
36.320000000001343,"VIPER-01",1933.4105315943948,Afterburner,100,73183.652796697977,20684271.9,20684271.9,False,False,False
36.320000000001343,"VIPER-02",2239.5495258276937,Military,92,60215.928621859253,20684271.9,20684271.9,False,False,False
36.320000000001343,"BANDIT-01",2195.7007415594057,Military,92,29370.200581644411,20684271.9,20684271.9,False,False,False
36.320000000001343,"BANDIT-02",2195.910508900703,Military,92,28819.488661249561,20684271.9,20684271.9,False,False,False
36.420000000001323,"VIPER-01",1933.2412206814822,Afterburner,100,73187.4935036511,20684271.9,20684271.9,False,False,False
36.420000000001323,"VIPER-02",2239.421752242914,Military,92,60212.225277425139,20684271.9,20684271.9,False,False,False
36.420000000001323,"BANDIT-01",2195.6278093391134,Military,92,29372.090092407441,20684271.9,20684271.9,False,False,False
36.420000000001323,"BANDIT-02",2195.8384637261888,Military,92,28821.145260626061,20684271.9,20684271.9,False,False,False
36.5200000000013,"VIPER-01",1933.0718576464092,Afterburner,100,73190.862221777352,20684271.9,20684271.9,False,False,False
36.5200000000013,"VIPER-02",2239.2939821646478,Military,92,60208.502946213172,20684271.9,20684271.9,False,False,False
36.5200000000013,"BANDIT-01",2195.5548739622382,Military,92,29374.001573789454,20684271.9,20684271.9,False,False,False
36.5200000000013,"BANDIT-02",2195.7664159378191,Military,92,28822.827052227778,20684271.9,20684271.9,False,False,False
36.620000000001284,"VIPER-01",1932.9024470074394,Afterburner,100,73193.321668044431,20684271.9,20684271.9,False,False,False
36.620000000001284,"VIPER-02",2239.1662156337065,Military,92,60204.761870311886,20684271.9,20684271.9,False,False,False
36.620000000001284,"BANDIT-01",2195.4819353876833,Military,92,29375.934790804764,20684271.9,20684271.9,False,False,False
36.620000000001284,"BANDIT-02",2195.6943654882575,Military,92,28824.533786518139,20684271.9,20684271.9,False,False,False
36.720000000001264,"VIPER-01",1932.7329952886278,Afterburner,100,73194.655194742722,20684271.9,20684271.9,False,False,False
36.720000000001264,"VIPER-02",2239.0384526904613,Military,92,60201.002289679251,20684271.9,20684271.9,False,False,False
36.720000000001264,"BANDIT-01",2195.408993574792,Military,92,29377.889510456527,20684271.9,20684271.9,False,False,False
36.720000000001264,"BANDIT-02",2195.6223123306345,Military,92,28826.265216002561,20684271.9,20684271.9,False,False,False
36.820000000001244,"VIPER-01",1932.56350942856,Afterburner,100,73194.910669195917,20684271.9,20684271.9,False,False,False
36.820000000001244,"VIPER-02",2238.9106933748417,Military,92,60197.224442126964,20684271.9,20684271.9,False,False,False
36.820000000001244,"BANDIT-01",2195.3360484833397,Military,92,29379.865501728593,20684271.9,20684271.9,False,False,False
36.820000000001244,"BANDIT-02",2195.5502564185449,Military,92,28828.021095211796,20684271.9,20684271.9,False,False,False
36.920000000001224,"VIPER-01",1932.3939954695325,Afterburner,100,73194.2955534154,20684271.9,20684271.9,False,False,False
36.920000000001224,"VIPER-02",2238.7829377263456,Military,92,60193.428563357724,20684271.9,20684271.9,False,False,False
36.920000000001224,"BANDIT-01",2195.2631000735355,Military,92,29381.862535562872,20684271.9,20684271.9,False,False,False
36.920000000001224,"BANDIT-02",2195.478197706042,Military,92,28829.801180692393,20684271.9,20684271.9,False,False,False
37.020000000001204,"VIPER-01",1932.2244580624115,Afterburner,100,73193.03457123923,20684271.9,20684271.9,False,False,False
37.020000000001204,"VIPER-02",2238.6551857840373,Military,92,60189.614886979733,20684271.9,20684271.9,False,False,False
37.020000000001204,"BANDIT-01",2195.1901483060137,Military,92,29383.880384842985,20684271.9,20684271.9,False,False,False
37.020000000001204,"BANDIT-02",2195.4061361476374,Military,92,28831.605230979974,20684271.9,20684271.9,False,False,False
37.120000000001184,"VIPER-01",1932.0549007255627,Afterburner,100,73191.270060493058,20684271.9,20684271.9,False,False,False
37.120000000001184,"VIPER-02",2238.5274375865556,Military,92,60185.783644517564,20684271.9,20684271.9,False,False,False
37.120000000001184,"BANDIT-01",2195.117193141833,Military,92,29385.918824378066,20684271.9,20684271.9,False,False,False
37.120000000001184,"BANDIT-02",2195.3340716982925,Military,92,28833.433006593037,20684271.9,20684271.9,False,False,False
37.220000000001164,"VIPER-01",1931.8853264722077,Afterburner,100,73189.035580633717,20684271.9,20684271.9,False,False,False
37.220000000001164,"VIPER-02",2238.399693172114,Military,92,60181.935065433841,20684271.9,20684271.9,False,False,False
37.220000000001164,"BANDIT-01",2195.0442345424713,Military,92,29387.977630889145,20684271.9,20684271.9,False,False,False
37.220000000001164,"BANDIT-02",2195.2620043134179,Military,92,28835.28427000696,20684271.9,20684271.9,False,False,False
37.320000000001144,"VIPER-01",1931.7157383812469,Afterburner,100,73186.290706620857,20684271.9,20684271.9,False,False,False
37.320000000001144,"VIPER-02",2238.2719525785074,Military,92,60178.069377152322,20684271.9,20684271.9,False,False,False
37.320000000001144,"BANDIT-01",2194.9712724698229,Military,92,29390.056582993217,20684271.9,20684271.9,False,False,False
37.320000000001144,"BANDIT-02",2195.1899339488696,Military,92,28837.158785648851,20684271.9,20684271.9,False,False,False
37.420000000001124,"VIPER-01",1931.5461398558111,Afterburner,100,73182.9795564062,20684271.9,20684271.9,False,False,False
37.420000000001124,"VIPER-02",2238.1442158431132,Military,92,60174.186805067548,20684271.9,20684271.9,False,False,False
37.420000000001124,"BANDIT-01",2194.8983068861944,Military,92,29392.155461185321,20684271.9,20684271.9,False,False,False
37.420000000001124,"BANDIT-02",2195.1178605609421,Military,92,28839.056319874864,20684271.9,20684271.9,False,False,False
37.520000000001104,"VIPER-01",1931.3765345551801,Afterburner,100,73179.075658236878,20684271.9,20684271.9,False,False,False
37.520000000001104,"VIPER-02",2238.0164830028962,Military,92,60170.287572559144,20684271.9,20684271.9,False,False,False
37.520000000001104,"BANDIT-01",2194.8253377543033,Military,92,29394.274047830706,20684271.9,20684271.9,False,False,False
37.520000000001104,"BANDIT-02",2195.0457841063708,Military,92,28840.976640961213,20684271.9,20684271.9,False,False,False
37.620000000001085,"VIPER-01",1931.2069261540214,Afterburner,100,73174.595575331477,20684271.9,20684271.9,False,False,False
37.620000000001085,"VIPER-02",2237.8887540944115,Military,92,60166.371901008082,20684271.9,20684271.9,False,False,False
37.620000000001085,"BANDIT-01",2194.7523650372718,Military,92,29396.412127143074,20684271.9,20684271.9,False,False,False
37.620000000001085,"BANDIT-02",2194.9737045423235,Military,92,28842.919519086045,20684271.9,20684271.9,False,False,False
37.720000000001065,"VIPER-01",1931.0373181132966,Afterburner,100,73169.585926507818,20684271.9,20684271.9,False,False,False
37.720000000001065,"VIPER-02",2237.7610291538081,Military,92,60162.440009826067,20684271.9,20684271.9,False,False,False
37.720000000001065,"BANDIT-01",2194.6793886986252,Military,92,29398.569485176522,20684271.9,20684271.9,False,False,False
37.720000000001065,"BANDIT-02",2194.9016218263978,Military,92,28844.884726314882,20684271.9,20684271.9,False,False,False
37.820000000001045,"VIPER-01",1930.8677135740006,Afterburner,100,73164.099911934769,20684271.9,20684271.9,False,False,False
37.820000000001045,"VIPER-02",2237.633308216833,Military,92,60158.492116452289,20684271.9,20684271.9,False,False,False
37.820000000001045,"BANDIT-01",2194.6064087022855,Military,92,29400.745909804962,20684271.9,20684271.9,False,False,False
37.820000000001045,"BANDIT-02",2194.8295359166177,Military,92,28846.872036585457,20684271.9,20684271.9,False,False,False
37.920000000001025,"VIPER-01",1930.6981153844349,Afterburner,100,73158.178567997864,20684271.9,20684271.9,False,False,False
37.920000000001025,"VIPER-02",2237.5055913188344,Military,92,60154.528436380875,20684271.9,20684271.9,False,False,False
37.920000000001025,"BANDIT-01",2194.5334250125716,Military,92,29402.941190710335,20684271.9,20684271.9,False,False,False
37.920000000001025,"BANDIT-02",2194.7574467714326,Military,92,28848.881225697867,20684271.9,20684271.9,False,False,False
38.020000000001005,"VIPER-01",1930.5285262029558,Afterburner,100,73151.844166454466,20684271.9,20684271.9,False,False,False
38.020000000001005,"VIPER-02",2237.3778784947644,Military,92,60150.549183174662,20684271.9,20684271.9,False,False,False
38.020000000001005,"BANDIT-01",2194.4604375941967,Military,92,29405.155119366074,20684271.9,20684271.9,False,False,False
38.020000000001005,"BANDIT-02",2194.6853543497095,Military,92,28850.912071286337,20684271.9,20684271.9,False,False,False
38.120000000000985,"VIPER-01",1930.3589486019944,Afterburner,100,73145.104688679159,20684271.9,20684271.9,False,False,False
38.120000000000985,"VIPER-02",2237.2501697791845,Military,92,60146.554568479427,20684271.9,20684271.9,False,False,False
38.120000000000985,"BANDIT-01",2194.3874464122587,Military,92,29407.387489028792,20684271.9,20684271.9,False,False,False
38.120000000000985,"BANDIT-02",2194.6132586107324,Military,92,28852.964352824834,20684271.9,20684271.9,False,False,False
38.220000000000965,"VIPER-01",1930.1893851246407,Afterburner,100,73137.96329420917,20684271.9,20684271.9,False,False,False
38.220000000000965,"VIPER-02",2237.1224652062647,Military,92,60142.54480205258,20684271.9,20684271.9,False,False,False
38.220000000000965,"BANDIT-01",2194.3144514322425,Military,92,29409.638094709509,20684271.9,20684271.9,False,False,False
38.220000000000965,"BANDIT-02",2194.5411595141991,Military,92,28855.037851591096,20684271.9,20684271.9,False,False,False
38.320000000000945,"VIPER-01",1930.0198382854444,Afterburner,100,73130.4263836177,20684271.9,20684271.9,False,False,False
38.320000000000945,"VIPER-02",2236.9947648097923,Military,92,60138.520091753104,20684271.9,20684271.9,False,False,False
38.320000000000945,"BANDIT-01",2194.2414526200164,Military,92,29411.906733176042,20684271.9,20684271.9,False,False,False
38.320000000000945,"BANDIT-02",2194.4690570202142,Military,92,28857.132350669286,20684271.9,20684271.9,False,False,False
38.420000000000925,"VIPER-01",1929.850310537335,Afterburner,100,73122.506813359752,20684271.9,20684271.9,False,False,False
38.420000000000925,"VIPER-02",2236.8670686231712,Military,92,60134.48064358798,20684271.9,20684271.9,False,False,False
38.420000000000925,"BANDIT-01",2194.1684499418257,Military,92,29414.193202929964,20684271.9,20684271.9,False,False,False
38.420000000000925,"BANDIT-02",2194.3969510892907,Military,92,28859.247634925334,20684271.9,20684271.9,False,False,False
38.520000000000906,"VIPER-01",1929.6808042352695,Afterburner,100,73114.222440344049,20684271.9,20684271.9,False,False,False
38.520000000000906,"VIPER-02",2236.7393766794262,Military,92,60130.426661699625,20684271.9,20684271.9,False,False,False
38.520000000000906,"BANDIT-01",2194.0954433642928,Military,92,29416.497304198052,20684271.9,20684271.9,False,False,False
38.520000000000906,"BANDIT-02",2194.3248416823435,Military,92,28861.383491002674,20684271.9,20684271.9,False,False,False
38.620000000000886,"VIPER-01",1929.5113216177122,Afterburner,100,73105.592405196789,20684271.9,20684271.9,False,False,False
38.620000000000886,"VIPER-02",2236.611689011208,Military,92,60126.358348393391,20684271.9,20684271.9,False,False,False
38.620000000000886,"BANDIT-01",2194.0224328544114,Military,92,29418.818838908857,20684271.9,20684271.9,False,False,False
38.620000000000886,"BANDIT-02",2194.2527287606868,Military,92,28863.539707295866,20684271.9,20684271.9,False,False,False
38.720000000000866,"VIPER-01",1929.3418648106319,Afterburner,100,73096.633803255376,20684271.9,20684271.9,False,False,False
38.720000000000866,"VIPER-02",2236.4840056507937,Military,92,60122.275904161615,20684271.9,20684271.9,False,False,False
38.720000000000866,"BANDIT-01",2193.9494183795455,Military,92,29421.157610692273,20684271.9,20684271.9,False,False,False
38.720000000000866,"BANDIT-02",2194.1806122860316,Military,92,28865.716073946925,20684271.9,20684271.9,False,False,False
38.820000000000846,"VIPER-01",1929.1724358459016,Afterburner,100,73087.3602507864,20684271.9,20684271.9,False,False,False
38.820000000000846,"VIPER-02",2236.3563266300912,Military,92,60118.179527673092,20684271.9,20684271.9,False,False,False
38.820000000000846,"BANDIT-01",2193.8763999074249,Military,92,29423.513424856625,20684271.9,20684271.9,False,False,False
38.820000000000846,"BANDIT-02",2194.1084922204823,Military,92,28867.912382831088,20684271.9,20684271.9,False,False,False
38.920000000000826,"VIPER-01",1929.0030366817209,Afterburner,100,73077.782386648061,20684271.9,20684271.9,False,False,False
38.920000000000826,"VIPER-02",2236.2286519806448,Military,92,60114.069415819358,20684271.9,20684271.9,False,False,False
38.920000000000826,"BANDIT-01",2193.803377406141,Military,92,29425.886088373562,20684271.9,20684271.9,False,False,False
38.920000000000826,"BANDIT-02",2194.0363685265297,Military,92,28870.128427533742,20684271.9,20684271.9,False,False,False
39.020000000000806,"VIPER-01",1928.833669216031,Afterburner,100,73067.909387017164,20684271.9,20684271.9,False,False,False
39.020000000000806,"VIPER-02",2236.100981733633,Military,92,60109.945763710777,20684271.9,20684271.9,False,False,False
39.020000000000806,"BANDIT-01",2193.7303508441451,Military,92,29428.2754098735,20684271.9,20684271.9,False,False,False
39.020000000000806,"BANDIT-02",2193.9642411670525,Military,92,28872.364003348292,20684271.9,20684271.9,False,False,False
39.120000000000786,"VIPER-01",1928.6643352904559,Afterburner,100,73057.75040282798,20684271.9,20684271.9,False,False,False
39.120000000000786,"VIPER-02",2235.9733159198772,Military,92,60105.808764687368,20684271.9,20684271.9,False,False,False
39.120000000000786,"BANDIT-01",2193.6573201902465,Military,92,29430.681199624792,20684271.9,20684271.9,False,False,False
39.120000000000786,"BANDIT-02",2193.8921101053133,Military,92,28874.618907254095,20684271.9,20684271.9,False,False,False
39.220000000000766,"VIPER-01",1928.4950366877481,Afterburner,100,73047.315256722446,20684271.9,20684271.9,False,False,False
39.220000000000766,"VIPER-02",2235.84565456984,Military,92,60101.658610350249,20684271.9,20684271.9,False,False,False
39.220000000000766,"BANDIT-01",2193.5842854136076,Military,92,29433.103269524909,20684271.9,20684271.9,False,False,False
39.220000000000766,"BANDIT-02",2193.8199753049562,Military,92,28876.89293791158,20684271.9,20684271.9,False,False,False
39.320000000000746,"VIPER-01",1928.3257751277436,Afterburner,100,73036.614335944309,20684271.9,20684271.9,False,False,False
39.320000000000746,"VIPER-02",2235.7179977136329,Military,92,60097.495490560388,20684271.9,20684271.9,False,False,False
39.320000000000746,"BANDIT-01",2193.5112464837407,Military,92,29435.541433086008,20684271.9,20684271.9,False,False,False
39.320000000000746,"BANDIT-02",2193.7478367299977,Military,92,28879.18589563941,20684271.9,20684271.9,False,False,False
39.420000000000726,"VIPER-01",1928.1565522657058,Afterburner,100,73025.65803316237,20684271.9,20684271.9,False,False,False
39.420000000000726,"VIPER-02",2235.590345381016,Military,92,60093.319593462911,20684271.9,20684271.9,False,False,False
39.420000000000726,"BANDIT-01",2193.4382033705065,Military,92,29437.995505417686,20684271.9,20684271.9,False,False,False
39.420000000000726,"BANDIT-02",2193.6756943448322,Military,92,28881.497582410157,20684271.9,20684271.9,False,False,False
39.520000000000707,"VIPER-01",1927.9873696942998,Afterburner,100,73014.456181345653,20684271.9,20684271.9,False,False,False
39.520000000000707,"VIPER-02",2235.4626976014024,Military,92,60089.131105498665,20684271.9,20684271.9,False,False,False
39.520000000000707,"BANDIT-01",2193.3651560441094,Military,92,29440.465303223093,20684271.9,20684271.9,False,False,False
39.520000000000707,"BANDIT-02",2193.6035481142221,Military,92,28883.827801830445,20684271.9,20684271.9,False,False,False
39.620000000000687,"VIPER-01",1927.8182289481613,Afterburner,100,73003.017771153987,20684271.9,20684271.9,False,False,False
39.620000000000687,"VIPER-02",2235.33505440386,Military,92,60084.930211405452,20684271.9,20684271.9,False,False,False
39.620000000000687,"BANDIT-01",2193.2921044750965,Military,92,29442.950644779183,20684271.9,20684271.9,False,False,False
39.620000000000687,"BANDIT-02",2193.5313980032984,Military,92,28886.176359130754,20684271.9,20684271.9,False,False,False
39.720000000000667,"VIPER-01",1927.6491315090645,Afterburner,100,72991.35099733925,20684271.9,20684271.9,False,False,False
39.720000000000667,"VIPER-02",2235.2074158171172,Military,92,60080.717094260079,20684271.9,20684271.9,False,False,False
39.720000000000667,"BANDIT-01",2193.2190486343525,Military,92,29445.451349919211,20684271.9,20684271.9,False,False,False
39.720000000000667,"BANDIT-02",2193.4592439775561,Military,92,28888.543061154644,20684271.9,20684271.9,False,False,False
39.820000000000647,"VIPER-01",1927.4800788100597,Afterburner,100,72979.463502859653,20684271.9,20684271.9,False,False,False
39.820000000000647,"VIPER-02",2235.0797818695632,Military,92,60076.491935464706,20684271.9,20684271.9,False,False,False
39.820000000000647,"BANDIT-01",2193.1459884930987,Military,92,29447.967240037346,20684271.9,20684271.9,False,False,False
39.820000000000647,"BANDIT-02",2193.3870860028528,Military,92,28890.927716342456,20684271.9,20684271.9,False,False,False
39.920000000000627,"VIPER-01",1927.3110722379745,Afterburner,100,72967.36263942394,20684271.9,20684271.9,False,False,False
39.920000000000627,"VIPER-02",2234.9521525892505,Military,92,60072.254914776982,20684271.9,20684271.9,False,False,False
39.920000000000627,"BANDIT-01",2193.0729240228884,Military,92,29450.498138060255,20684271.9,20684271.9,False,False,False
39.920000000000627,"BANDIT-02",2193.3149240454022,Military,92,28893.330134722346,20684271.9,20684271.9,False,False,False
40.020000000000607,"VIPER-01",1927.1421131346476,Afterburner,100,72955.055619810431,20684271.9,20684271.9,False,False,False
40.020000000000607,"VIPER-02",2234.8245280039018,Military,92,60068.006210312684,20684271.9,20684271.9,False,False,False
40.020000000000607,"BANDIT-01",2192.9998551956046,Military,92,29453.043868438737,20684271.9,20684271.9,False,False,False
40.020000000000607,"BANDIT-02",2193.2427580717758,Military,92,28895.750127892519,20684271.9,20684271.9,False,False,False
40.120000000000587,"VIPER-01",1926.9732027976875,Afterburner,100,72942.549534646023,20684271.9,20684271.9,False,False,False
40.120000000000587,"VIPER-02",2234.6969081409075,Military,92,60063.745998573482,20684271.9,20684271.9,False,False,False
40.120000000000587,"BANDIT-01",2192.926781983459,Military,92,29455.604257143157,20684271.9,20684271.9,False,False,False
40.120000000000587,"BANDIT-02",2193.1705880488958,Military,92,28898.187509016003,20684271.9,20684271.9,False,False,False
40.220000000000567,"VIPER-01",1926.8043424814534,Afterburner,100,72929.851281957133,20684271.9,20684271.9,False,False,False
40.220000000000567,"VIPER-02",2234.5692930273331,Military,92,60059.474454450392,20684271.9,20684271.9,False,False,False
40.220000000000567,"BANDIT-01",2192.8537043589854,Military,92,29458.17913163441,20684271.9,20684271.9,False,False,False
40.220000000000567,"BANDIT-02",2193.0984139440352,Military,92,28900.642092799084,20684271.9,20684271.9,False,False,False
40.320000000000547,"VIPER-01",1926.6355333985478,Afterburner,100,72916.967482506763,20684271.9,20684271.9,False,False,False
40.320000000000547,"VIPER-02",2234.44168268992,Military,92,60055.191751231534,20684271.9,20684271.9,False,False,False
40.320000000000547,"BANDIT-01",2192.7806222950417,Military,92,29460.768320869272,20684271.9,20684271.9,False,False,False
40.320000000000547,"BANDIT-02",2193.0262357248134,Military,92,28903.113695491003,20684271.9,20684271.9,False,False,False
40.420000000000528,"VIPER-01",1926.4667767217106,Afterburner,100,72903.904433942182,20684271.9,20684271.9,False,False,False
40.420000000000528,"VIPER-02",2234.3140771550884,Military,92,60050.898060632375,20684271.9,20684271.9,False,False,False
40.420000000000528,"BANDIT-01",2192.7075357648023,Military,92,29463.371655282095,20684271.9,20684271.9,False,False,False
40.420000000000528,"BANDIT-02",2192.9540533591935,Military,92,28905.60213486043,20684271.9,20684271.9,False,False,False
40.520000000000508,"VIPER-01",1926.2980735858162,Afterburner,100,72890.668118013011,20684271.9,20684271.9,False,False,False
40.520000000000508,"VIPER-02",2234.1864764489396,Military,92,60046.593552789149,20684271.9,20684271.9,False,False,False
40.520000000000508,"BANDIT-01",2192.6344447417573,Military,92,29465.988966766472,20684271.9,20684271.9,False,False,False
40.520000000000508,"BANDIT-02",2192.88186681548,Military,92,28908.107230187125,20684271.9,20684271.9,False,False,False
40.620000000000488,"VIPER-01",1926.129425089691,Afterburner,100,72877.2642435998,20684271.9,20684271.9,False,False,False
40.620000000000488,"VIPER-02",2234.0588805972611,Military,92,60042.278396290167,20684271.9,20684271.9,False,False,False
40.620000000000488,"BANDIT-01",2192.561349199711,Military,92,29468.620088672546,20684271.9,20684271.9,False,False,False
40.620000000000488,"BANDIT-02",2192.8096760623134,Military,92,28910.628802253814,20684271.9,20684271.9,False,False,False
40.720000000000468,"VIPER-01",1925.96083229763,Afterburner,100,72863.698296727511,20684271.9,20684271.9,False,False,False
40.720000000000468,"VIPER-02",2233.931289625526,Military,92,60037.952758176238,20684271.9,20684271.9,False,False,False
40.720000000000468,"BANDIT-01",2192.4882491127782,Military,92,29471.264855792338,20684271.9,20684271.9,False,False,False
40.720000000000468,"BANDIT-02",2192.737481068672,Military,92,28913.166673329051,20684271.9,20684271.9,False,False,False
40.820000000000448,"VIPER-01",1925.7922962406499,Afterburner,100,72849.975575761418,20684271.9,20684271.9,False,False,False
40.820000000000448,"VIPER-02",2233.8037035588982,Military,92,60033.616803956254,20684271.9,20684271.9,False,False,False
40.820000000000448,"BANDIT-01",2192.4151444553818,Military,92,29473.923104343226,20684271.9,20684271.9,False,False,False
40.820000000000448,"BANDIT-02",2192.6652818038656,Military,92,28915.720667161393,20684271.9,20684271.9,False,False,False
40.920000000000428,"VIPER-01",1925.6238179175941,Afterburner,100,72836.101205009982,20684271.9,20684271.9,False,False,False
40.920000000000428,"VIPER-02",2233.6761224222337,Military,92,60029.270697632564,20684271.9,20684271.9,False,False,False
40.920000000000428,"BANDIT-01",2192.342035202249,Military,92,29476.5946719663,20684271.9,20684271.9,False,False,False
40.920000000000428,"BANDIT-02",2192.5930782375335,Military,92,28918.290608958661,20684271.9,20684271.9,False,False,False
41.020000000000408,"VIPER-01",1925.4553982962173,Afterburner,100,72822.080132955321,20684271.9,20684271.9,False,False,False
41.020000000000408,"VIPER-02",2233.5485462400843,Military,92,60024.914601684119,20684271.9,20684271.9,False,False,False
41.020000000000408,"BANDIT-01",2192.26892132841,Military,92,29479.279397703347,20684271.9,20684271.9,False,False,False
41.020000000000408,"BANDIT-02",2192.5208703396438,Military,92,28920.876325385674,20684271.9,20684271.9,False,False,False
41.120000000000388,"VIPER-01",1925.2870383142927,Afterburner,100,72807.917126354339,20684271.9,20684271.9,False,False,False
41.120000000000388,"VIPER-02",2233.4209750367004,Military,92,60020.548677110004,20684271.9,20684271.9,False,False,False
41.120000000000388,"BANDIT-01",2192.1958028091935,Military,92,29481.97712199554,20684271.9,20684271.9,False,False,False
41.120000000000388,"BANDIT-02",2192.4486580804846,Military,92,28923.47764454654,20684271.9,20684271.9,False,False,False
41.220000000000368,"VIPER-01",1925.118738880745,Afterburner,100,72793.616769136715,20684271.9,20684271.9,False,False,False
41.220000000000368,"VIPER-02",2233.293408836033,Military,92,60016.17308342654,20684271.9,20684271.9,False,False,False
41.220000000000368,"BANDIT-01",2192.1226796202277,Military,92,29484.687686664107,20684271.9,20684271.9,False,False,False
41.220000000000368,"BANDIT-02",2192.3764414306697,Military,92,28926.094395976663,20684271.9,20684271.9,False,False,False
41.320000000000348,"VIPER-01",1924.950500876763,Afterburner,100,72779.1834690023,20684271.9,20684271.9,False,False,False
41.320000000000348,"VIPER-02",2233.1658476617354,Military,92,60011.7879786835,20684271.9,20684271.9,False,False,False
41.320000000000348,"BANDIT-01",2192.0495517374329,Military,92,29487.410934907239,20684271.9,20684271.9,False,False,False
41.320000000000348,"BANDIT-02",2192.3042203611294,Military,92,28928.726410629395,20684271.9,20684271.9,False,False,False
41.420000000000329,"VIPER-01",1924.78232515685,Afterburner,100,72764.621469523641,20684271.9,20684271.9,False,False,False
41.420000000000329,"VIPER-02",2233.0382915371683,Military,92,60007.393519471123,20684271.9,20684271.9,False,False,False
41.420000000000329,"BANDIT-01",2191.9764191370227,Military,92,29490.146711280042,20684271.9,20684271.9,False,False,False
41.420000000000329,"BANDIT-02",2192.2319948431118,Military,92,28931.373520867281,20684271.9,20684271.9,False,False,False
41.520000000000309,"VIPER-01",1924.614212549794,Afterburner,100,72749.93486318372,20684271.9,20684271.9,False,False,False
41.520000000000309,"VIPER-02",2232.9107404854012,Military,92,60002.989860940528,20684271.9,20684271.9,False,False,False
41.520000000000309,"BANDIT-01",2191.9032817955012,Military,92,29492.894861692246,20684271.9,20684271.9,False,False,False
41.520000000000309,"BANDIT-02",2192.1597648481775,Military,92,28934.035560445773,20684271.9,20684271.9,False,False,False
41.620000000000289,"VIPER-01",1924.4461638595658,Afterburner,100,72735.127601896966,20684271.9,20684271.9,False,False,False
41.620000000000289,"VIPER-02",2232.7831945292123,Military,92,59998.577156805964,20684271.9,20684271.9,False,False,False
41.620000000000289,"BANDIT-01",2191.8301396896586,Military,92,29495.655233385729,20684271.9,20684271.9,False,False,False
41.620000000000289,"BANDIT-02",2192.0875303481976,Military,92,28936.712364508308,20684271.9,20684271.9,False,False,False
41.720000000000269,"VIPER-01",1924.2781798661642,Afterburner,100,72720.20350377947,20684271.9,20684271.9,False,False,False
41.720000000000269,"VIPER-02",2232.6556536910957,Military,92,59994.1555593679,20684271.9,20684271.9,False,False,False
41.720000000000269,"BANDIT-01",2191.7569927965692,Military,92,29498.427674940904,20684271.9,20684271.9,False,False,False
41.720000000000269,"BANDIT-02",2192.0152913153529,Military,92,28939.403769570796,20684271.9,20684271.9,False,False,False
41.820000000000249,"VIPER-01",1924.1102613264291,Afterburner,100,72705.166257210585,20684271.9,20684271.9,False,False,False
41.820000000000249,"VIPER-02",2232.5281179932604,Military,92,59989.725219519722,20684271.9,20684271.9,False,False,False
41.820000000000249,"BANDIT-01",2191.6838410935889,Military,92,29501.21203624842,20684271.9,20684271.9,False,False,False
41.820000000000249,"BANDIT-02",2191.943047722129,Military,92,28942.1096135135,20684271.9,20684271.9,False,False,False
41.920000000000229,"VIPER-01",1923.9424089748311,Afterburner,100,72690.01942414479,20684271.9,20684271.9,False,False,False
41.920000000000229,"VIPER-02",2232.4005874576346,Military,92,59985.286286754832,20684271.9,20684271.9,False,False,False
41.920000000000229,"BANDIT-01",2191.6106845583558,Military,92,29504.00816850593,20684271.9,20684271.9,False,False,False
41.920000000000229,"BANDIT-02",2191.8707995413138,Military,92,28944.829735568845,20684271.9,20684271.9,False,False,False
42.020000000000209,"VIPER-01",1923.7746235242428,Afterburner,100,72674.766444103472,20684271.9,20684271.9,False,False,False
42.020000000000209,"VIPER-02",2232.2730621058677,Military,92,59980.838909181184,20684271.9,20684271.9,False,False,False
42.020000000000209,"BANDIT-01",2191.5375231687808,Military,92,29506.815924213064,20684271.9,20684271.9,False,False,False
42.020000000000209,"BANDIT-02",2191.7985467459976,Military,92,28947.563976309379,20684271.9,20684271.9,False,False,False
42.120000000000189,"VIPER-01",1923.6069056666752,Afterburner,100,72659.4106395098,20684271.9,20684271.9,False,False,False
42.120000000000189,"VIPER-02",2232.1455419593321,Military,92,59976.383233541768,20684271.9,20684271.9,False,False,False
42.120000000000189,"BANDIT-01",2191.4643569030536,Military,92,29509.635157152094,20684271.9,20684271.9,False,False,False
42.120000000000189,"BANDIT-02",2191.7262893095685,Military,92,28950.312177642227,20684271.9,20684271.9,False,False,False
42.220000000000169,"VIPER-01",1923.4392560739841,Afterburner,100,72643.955221786484,20684271.9,20684271.9,False,False,False
42.220000000000169,"VIPER-02",2232.0180270391265,Military,92,59971.91940520858,20684271.9,20684271.9,False,False,False
42.220000000000169,"BANDIT-01",2191.3911857396333,Military,92,29512.465722377896,20684271.9,20684271.9,False,False,False
42.220000000000169,"BANDIT-02",2191.6540272057082,Military,92,28953.074182790813,20684271.9,20684271.9,False,False,False
42.320000000000149,"VIPER-01",1923.271675398533,Afterburner,100,72628.403297427372,20684271.9,20684271.9,False,False,False
42.320000000000149,"VIPER-02",2231.8905173660783,Military,92,59967.447568212745,20684271.9,20684271.9,False,False,False
42.320000000000149,"BANDIT-01",2191.3180096572514,Military,92,29515.307476213664,20684271.9,20684271.9,False,False,False
42.320000000000149,"BANDIT-02",2191.581760408395,Military,92,28955.849836289137,20684271.9,20684271.9,False,False,False
42.42000000000013,"VIPER-01",1923.1041642738232,Afterburner,100,72612.757873290218,20684271.9,20684271.9,False,False,False
42.42000000000013,"VIPER-02",2231.763012960746,Military,92,59962.9678652447,20684271.9,20684271.9,False,False,False
42.42000000000013,"BANDIT-01",2191.2448286349045,Military,92,29518.160276239054,20684271.9,20684271.9,False,False,False
42.42000000000013,"BANDIT-02",2191.5094888918952,Military,92,28958.638983973477,20684271.9,20684271.9,False,False,False
42.52000000000011,"VIPER-01",1922.9367233150952,Afterburner,100,72597.021860950641,20684271.9,20684271.9,False,False,False
42.52000000000011,"VIPER-02",2231.63551384342,Military,92,59958.480437665028,20684271.9,20684271.9,False,False,False
42.52000000000011,"BANDIT-01",2191.1716426518551,Military,92,29521.023981270995,20684271.9,20684271.9,False,False,False
42.52000000000011,"BANDIT-02",2191.4372126307644,Military,92,28961.441472966952,20684271.9,20684271.9,False,False,False
42.62000000000009,"VIPER-01",1922.7693531199045,Afterburner,100,72581.198080219,20684271.9,20684271.9,False,False,False
42.62000000000009,"VIPER-02",2231.5080200341276,Military,92,59953.9854255159,20684271.9,20684271.9,False,False,False
42.62000000000009,"BANDIT-01",2191.0984516876297,Military,92,29523.89845136831,20684271.9,20684271.9,False,False,False
42.62000000000009,"BANDIT-02",2191.3649315998427,Military,92,28964.257151670947,20684271.9,20684271.9,False,False,False
42.72000000000007,"VIPER-01",1922.6020542686765,Afterburner,100,72565.2892622687,20684271.9,20684271.9,False,False,False
42.72000000000007,"VIPER-02",2231.3805315526333,Military,92,59949.482967547476,20684271.9,20684271.9,False,False,False
42.72000000000007,"BANDIT-01",2191.0252557220147,Military,92,29526.783547809595,20684271.9,20684271.9,False,False,False
42.72000000000007,"BANDIT-02",2191.2926457742551,Military,92,28967.085869757502,20684271.9,20684271.9,False,False,False
42.82000000000005,"VIPER-01",1922.4348273252454,Afterburner,100,72549.29805280146,20684271.9,20684271.9,False,False,False
42.82000000000005,"VIPER-02",2231.2530484184417,Military,92,59944.973201199376,20684271.9,20684271.9,False,False,False
42.82000000000005,"BANDIT-01",2190.9520547350544,Military,92,29529.679133091038,20684271.9,20684271.9,False,False,False
42.82000000000005,"BANDIT-02",2191.2203551294087,Military,92,28969.927478155805,20684271.9,20684271.9,False,False,False
42.92000000000003,"VIPER-01",1922.2676728373669,Afterburner,100,72533.227015321478,20684271.9,20684271.9,False,False,False
42.92000000000003,"VIPER-02",2231.1255706507995,Military,92,59940.456262634041,20684271.9,20684271.9,False,False,False
42.92000000000003,"BANDIT-01",2190.8788487070487,Military,92,29532.585070910776,20684271.9,20684271.9,False,False,False
42.92000000000003,"BANDIT-02",2191.148059640987,Military,92,28972.781829041207,20684271.9,20684271.9,False,False,False
43.02000000000001,"VIPER-01",1922.1005913372182,Afterburner,100,72517.078634597929,20684271.9,20684271.9,False,False,False
43.02000000000001,"VIPER-02",2230.9980982687,Military,92,59935.932286749063,20684271.9,20684271.9,False,False,False
43.02000000000001,"BANDIT-01",2190.8056376185527,Military,92,29535.501226160493,20684271.9,20684271.9,False,False,False
43.02000000000001,"BANDIT-02",2191.07575928495,Military,92,28975.648775834023,20684271.9,20684271.9,False,False,False
43.11999999999999,"VIPER-01",1921.9335833418681,Afterburner,100,72500.855320110364,20684271.9,20684271.9,False,False,False
43.11999999999999,"VIPER-02",2230.8706312908826,Military,92,59931.401407168058,20684271.9,20684271.9,False,False,False
43.11999999999999,"BANDIT-01",2190.7324214503719,Military,92,29538.427464918466,20684271.9,20684271.9,False,False,False
43.11999999999999,"BANDIT-02",2191.0034540375332,Military,92,28978.528173177237,20684271.9,20684271.9,False,False,False
43.21999999999997,"VIPER-01",1921.7666493537331,Afterburner,100,72484.559409359645,20684271.9,20684271.9,False,False,False
43.21999999999997,"VIPER-02",2230.7431697358343,Military,92,59926.863756272258,20684271.9,20684271.9,False,False,False
43.21999999999997,"BANDIT-01",2190.6592001835611,Military,92,29541.363654441553,20684271.9,20684271.9,False,False,False
43.21999999999997,"BANDIT-02",2190.9311438752425,Military,92,28981.419876934327,20684271.9,20684271.9,False,False,False
43.319999999999951,"VIPER-01",1921.5997898610092,Afterburner,100,72468.193170889455,20684271.9,20684271.9,False,False,False
43.319999999999951,"VIPER-02",2230.6157136217953,Military,92,59922.319465200271,20684271.9,20684271.9,False,False,False
43.319999999999951,"BANDIT-01",2190.5859737994238,Military,92,29544.309663146567,20684271.9,20684271.9,False,False,False
43.319999999999951,"BANDIT-02",2190.8588287748544,Military,92,28984.323744179557,20684271.9,20684271.9,False,False,False
43.419999999999931,"VIPER-01",1921.4330053380879,Afterburner,100,72451.7588070136,20684271.9,20684271.9,False,False,False
43.419999999999931,"VIPER-02",2230.4882629667609,Military,92,59917.768663859344,20684271.9,20684271.9,False,False,False
43.419999999999931,"BANDIT-01",2190.5127422795053,Military,92,29547.26536060615,20684271.9,20684271.9,False,False,False
43.419999999999931,"BANDIT-02",2190.7865087134114,Military,92,28987.2396331854,20684271.9,20684271.9,False,False,False
43.519999999999911,"VIPER-01",1921.2662962459563,Afterburner,100,72435.25845635499,20684271.9,20684271.9,False,False,False
43.519999999999911,"VIPER-02",2230.3608177884785,Military,92,59913.21148093907,20684271.9,20684271.9,False,False,False
43.519999999999911,"BANDIT-01",2190.4395056055969,Military,92,29550.230617544763,20684271.9,20684271.9,False,False,False
43.519999999999911,"BANDIT-02",2190.7141836682208,Military,92,28990.167403412328,20684271.9,20684271.9,False,False,False
43.619999999999891,"VIPER-01",1921.0996630325826,Afterburner,100,72418.6941961332,20684271.9,20684271.9,False,False,False
43.619999999999891,"VIPER-02",2230.2333781044563,Military,92,59908.648043914371,20684271.9,20684271.9,False,False,False
43.619999999999891,"BANDIT-01",2190.3662637597281,Military,92,29553.205305820054,20684271.9,20684271.9,False,False,False
43.619999999999891,"BANDIT-02",2190.641853616854,Military,92,28993.106915503344,20684271.9,20684271.9,False,False,False
43.719999999999871,"VIPER-01",1920.933106133285,Afterburner,100,72402.068044395317,20684271.9,20684271.9,False,False,False
43.719999999999871,"VIPER-02",2230.1059439319624,Military,92,59904.078479065422,20684271.9,20684271.9,False,False,False
43.719999999999871,"BANDIT-01",2190.2930167241689,Military,92,29556.189298415939,20684271.9,20684271.9,False,False,False
43.719999999999871,"BANDIT-02",2190.5695185371419,Military,92,28996.058031272885,20684271.9,20684271.9,False,False,False
43.819999999999851,"VIPER-01",1920.7666259710898,Afterburner,100,72385.381962165309,20684271.9,20684271.9,False,False,False
43.819999999999851,"VIPER-02",2229.9785152880268,Military,92,59899.502911481322,20684271.9,20684271.9,False,False,False
43.819999999999851,"BANDIT-01",2190.2197644814237,Military,92,29559.182469439926,20684271.9,20684271.9,False,False,False
43.819999999999851,"BANDIT-02",2190.4971784071736,Military,92,28999.020613696735,20684271.9,20684271.9,False,False,False
43.919999999999831,"VIPER-01",1920.6002229570761,Afterburner,100,72368.637855501016,20684271.9,20684271.9,False,False,False
43.919999999999831,"VIPER-02",2229.851092189444,Military,92,59894.921465076412,20684271.9,20684271.9,False,False,False
43.919999999999831,"BANDIT-01",2190.1465070142326,Military,92,29562.184694106825,20684271.9,20684271.9,False,False,False
43.919999999999831,"BANDIT-02",2190.4248332052948,Military,92,29001.994526901413,20684271.9,20684271.9,False,False,False
44.019999999999811,"VIPER-01",1920.4338458893787,Afterburner,100,72435.160810964,20684271.9,20684271.9,False,False,False
44.019999999999811,"VIPER-02",2229.7236720751253,Military,92,59904.318463440351,20684271.9,20684271.9,False,False,False
44.019999999999811,"BANDIT-01",2190.0226075951869,Afterburner,92.56,89060.37200655826,20684271.9,20684271.9,False,False,False
44.019999999999811,"BANDIT-02",2190.3524825878976,Military,92,29006.683036453382,20684271.9,20684271.9,False,False,False
44.119999999999791,"VIPER-01",1920.264189342382,Afterburner,100,73272.462021411746,20684271.9,20684271.9,False,False,False
44.119999999999791,"VIPER-02",2229.5960887323795,Military,92,60044.574881078319,20684271.9,20684271.9,False,False,False
44.119999999999791,"BANDIT-01",2189.6857318533243,Afterburner,95.360000000000014,93780.818458196634,20684271.9,20684271.9,False,False,False
44.119999999999791,"BANDIT-02",2190.2801061154969,Military,92,29026.868473802413,20684271.9,20684271.9,False,False,False
44.219999999999771,"VIPER-01",1920.0892548176619,Afterburner,100,74120.340596392343,20684271.9,20684271.9,False,False,False
44.219999999999771,"VIPER-02",2229.4645774876594,Afterburner,94.240000000000009,63154.655982024044,20684271.9,20684271.9,False,False,False
44.219999999999771,"BANDIT-01",2189.3330883779336,Afterburner,98.160000000000025,96695.16984968308,20684271.9,20684271.9,False,False,False
44.219999999999771,"BANDIT-02",2190.20769027825,Military,92,29049.879917335893,20684271.9,20684271.9,False,False,False
44.319999999999752,"VIPER-01",1919.9092778952065,Afterburner,100,74885.5358658091,20684271.9,20684271.9,False,False,False
44.319999999999752,"VIPER-02",2229.3221381987169,Afterburner,97.04000000000002,67014.69774001764,20684271.9,20684271.9,False,False,False
44.319999999999752,"BANDIT-01",2188.9776468721652,Afterburner,100,96687.4180445317,20684271.9,20684271.9,False,False,False
44.319999999999752,"BANDIT-02",2190.1352220556992,Military,92,29082.135912189446,20684271.9,20684271.9,False,False,False
44.419999999999732,"VIPER-01",1919.7248655098545,Afterburner,100,75560.687613982533,20684271.9,20684271.9,False,False,False
44.419999999999732,"VIPER-02",2229.1728955211784,Afterburner,99.840000000000032,67577.136131264167,20684271.9,20684271.9,False,False,False
44.419999999999732,"BANDIT-01",2188.6222038634864,Afterburner,100,96680.0717212008,20684271.9,20684271.9,False,False,False
44.419999999999732,"BANDIT-02",2190.0626860241523,Military,92,29120.201954363198,20684271.9,20684271.9,False,False,False
44.519999999999712,"VIPER-01",1919.5363532980548,Afterburner,100,76212.942846260266,20684271.9,20684271.9,False,False,False
44.519999999999712,"VIPER-02",2229.0205322864981,Afterburner,100,68060.661151154476,20684271.9,20684271.9,False,False,False
44.519999999999712,"BANDIT-01",2188.2667598488638,Afterburner,100,96672.390465189354,20684271.9,20684271.9,False,False,False
44.519999999999712,"BANDIT-02",2189.9900773969052,Military,92,29159.33220924862,20684271.9,20684271.9,False,False,False
44.619999999999692,"VIPER-01",1919.3437159549123,Afterburner,100,76882.844651223932,20684271.9,20684271.9,False,False,False
44.619999999999692,"VIPER-02",2228.8650053806741,Afterburner,100,68564.115076511574,20684271.9,20684271.9,False,False,False
44.619999999999692,"BANDIT-01",2187.9113152705709,Afterburner,100,96664.036914369732,20684271.9,20684271.9,False,False,False
44.619999999999692,"BANDIT-02",2189.9173942198167,Military,92,29199.496552341228,20684271.9,20684271.9,False,False,False
44.719999999999672,"VIPER-01",1919.1468519558962,Afterburner,100,77562.589108678745,20684271.9,20684271.9,False,False,False
44.719999999999672,"VIPER-02",2228.7061960458432,Afterburner,100,69079.982688224773,20684271.9,20684271.9,False,False,False
44.719999999999672,"BANDIT-01",2187.555870459174,Afterburner,100,96655.207974458972,20684271.9,20684271.9,False,False,False
44.719999999999672,"BANDIT-02",2189.8446345028433,Military,92,29240.724754733339,20684271.9,20684271.9,False,False,False
44.819999999999652,"VIPER-01",1918.9457822523773,Afterburner,100,78227.811345760856,20684271.9,20684271.9,False,False,False
44.819999999999652,"VIPER-02",2228.5441069233707,Afterburner,100,69584.718760782154,20684271.9,20684271.9,False,False,False
44.819999999999652,"BANDIT-01",2187.2004256555629,Afterburner,100,96646.240227987,20684271.9,20684271.9,False,False,False
44.819999999999652,"BANDIT-02",2189.7717962305242,Military,92,29283.010552499378,20684271.9,20684271.9,False,False,False
44.919999999999632,"VIPER-01",1918.7406531145007,Afterburner,100,78864.398256762157,20684271.9,20684271.9,False,False,False
44.919999999999632,"VIPER-02",2228.3788652007588,Afterburner,100,70064.620651330566,20684271.9,20684271.9,False,False,False
44.919999999999632,"BANDIT-01",2186.8449810501661,Afterburner,100,96637.326261962487,20684271.9,20684271.9,False,False,False
44.919999999999632,"BANDIT-02",2189.6988774482988,Military,92,29326.303636668832,20684271.9,20684271.9,False,False,False
45.019999999999612,"VIPER-01",1918.5316337741478,Afterburner,100,79476.9397797543,20684271.9,20684271.9,False,False,False
45.019999999999612,"VIPER-02",2228.2106214351838,Afterburner,100,70524.0115897325,20684271.9,20684271.9,False,False,False
45.019999999999612,"BANDIT-01",2186.4895368046409,Afterburner,100,96628.445767972808,20684271.9,20684271.9,False,False,False
45.019999999999612,"BANDIT-02",2189.6258763133251,Military,92,29370.544013981955,20684271.9,20684271.9,False,False,False
45.119999999999592,"VIPER-01",1918.3188260579248,Afterburner,100,80079.1133162895,20684271.9,20684271.9,False,False,False
45.119999999999592,"VIPER-02",2228.0394600546188,Afterburner,100,70975.9939248979,20684271.9,20684271.9,False,False,False
45.119999999999592,"BANDIT-01",2186.1340930559395,Afterburner,100,96619.480538178745,20684271.9,20684271.9,False,False,False
45.119999999999592,"BANDIT-02",2189.5527910747232,Military,92,29415.695384718132,20684271.9,20684271.9,False,False,False
45.219999999999573,"VIPER-01",1918.10226023872,Afterburner,100,80679.0641901854,20684271.9,20684271.9,False,False,False
45.219999999999573,"VIPER-02",2227.8653951215319,Afterburner,100,71428.357492903553,20684271.9,20684271.9,False,False,False
45.219999999999573,"BANDIT-01",2185.7786499161703,Afterburner,100,96610.369385680271,20684271.9,20684271.9,False,False,False
45.219999999999573,"BANDIT-02",2189.4796200208471,Military,92,29461.747594428376,20684271.9,20684271.9,False,False,False
45.319999999999553,"VIPER-01",1917.8819509694338,Afterburner,100,81275.020219563114,20684271.9,20684271.9,False,False,False
45.319999999999553,"VIPER-02",2227.6884255870127,Afterburner,100,71879.344288935725,20684271.9,20684271.9,False,False,False
45.319999999999553,"BANDIT-01",2185.4232074773745,Afterburner,100,96601.1489615184,20684271.9,20684271.9,False,False,False
45.319999999999553,"BANDIT-02",2189.4063614503,Military,92,29508.69546502435,20684271.9,20684271.9,False,False,False
45.419999999999533,"VIPER-01",1917.6579427418371,Afterburner,100,81860.8078833026,20684271.9,20684271.9,False,False,False
45.419999999999533,"VIPER-02",2227.5085802247663,Afterburner,100,72322.95920776455,20684271.9,20684271.9,False,False,False
45.419999999999533,"BANDIT-01",2185.0677658209274,Afterburner,100,96591.892682120189,20684271.9,20684271.9,False,False,False
45.419999999999533,"BANDIT-02",2189.3330136832378,Military,92,29556.521012913698,20684271.9,20684271.9,False,False,False
45.519999999999513,"VIPER-01",1917.4303136926696,Afterburner,100,82432.319387056981,20684271.9,20684271.9,False,False,False
45.519999999999513,"VIPER-02",2227.3259213757597,Afterburner,100,72755.199965251857,20684271.9,20684271.9,False,False,False
45.519999999999513,"BANDIT-01",2184.7123250261589,Afterburner,100,96582.645421702968,20684271.9,20684271.9,False,False,False
45.519999999999513,"BANDIT-02",2189.2595750893706,Military,92,29605.192233097092,20684271.9,20684271.9,False,False,False
45.619999999999493,"VIPER-01",1917.1991526508596,Afterburner,100,82989.765139792464,20684271.9,20684271.9,False,False,False
45.619999999999493,"VIPER-02",2227.1405222332255,Afterburner,100,73176.2254823991,20684271.9,20684271.9,False,False,False
45.619999999999493,"BANDIT-01",2184.3568851737919,Afterburner,100,96573.4057098557,20684271.9,20684271.9,False,False,False
45.619999999999493,"BANDIT-02",2189.1860441050812,Military,92,29654.672926294545,20684271.9,20684271.9,False,False,False
45.719999999999473,"VIPER-01",1916.9645368662616,Afterburner,100,83535.940963878238,20684271.9,20684271.9,False,False,False
45.719999999999473,"VIPER-02",2226.9524448190491,Afterburner,100,73588.683363826349,20684271.9,20684271.9,False,False,False
45.719999999999473,"BANDIT-01",2184.0014463439643,Afterburner,100,96564.148379758772,20684271.9,20684271.9,False,False,False
45.719999999999473,"BANDIT-02",2189.1124192305492,Military,92,29704.932354205674,20684271.9,20684271.9,False,False,False
45.819999999999453,"VIPER-01",1916.7265259374562,Afterburner,100,84073.378166324372,20684271.9,20684271.9,False,False,False
45.819999999999453,"VIPER-02",2226.761734000806,Afterburner,100,73994.9619834698,20684271.9,20684271.9,False,False,False
45.819999999999453,"BANDIT-01",2183.6460086120778,Afterburner,100,96554.854915858887,20684271.9,20684271.9,False,False,False
45.819999999999453,"BANDIT-02",2189.038699015317,Military,92,29755.94803031144,20684271.9,20684271.9,False,False,False
45.919999999999433,"VIPER-01",1916.4851693399532,Afterburner,100,84602.918903427708,20684271.9,20684271.9,False,False,False
45.919999999999433,"VIPER-02",2226.5684249644692,Afterburner,100,74395.818787225478,20684271.9,20684271.9,False,False,False
45.919999999999433,"BANDIT-01",2183.2905720462409,Afterburner,100,96545.525617007443,20684271.9,20684271.9,False,False,False
45.919999999999433,"BANDIT-02",2188.9648820455068,Military,92,29807.702410327871,20684271.9,20684271.9,False,False,False
46.019999999999413,"VIPER-01",1916.2405163792839,Afterburner,100,85124.064848735376,20684271.9,20684271.9,False,False,False
46.019999999999413,"VIPER-02",2226.3725530700967,Afterburner,100,74790.719575737457,20684271.9,20684271.9,False,False,False
46.019999999999413,"BANDIT-01",2182.9351367079739,Afterburner,100,96536.172674902307,20684271.9,20684271.9,False,False,False
46.019999999999413,"BANDIT-02",2188.8909669395139,Military,92,29860.178186841593,20684271.9,20684271.9,False,False,False
46.119999999999393,"VIPER-01",1915.9926210675897,Afterburner,100,85635.995969534459,20684271.9,20684271.9,False,False,False
46.119999999999393,"VIPER-02",2226.1741586635344,Afterburner,100,75178.823434092017,20684271.9,20684271.9,False,False,False
46.119999999999393,"BANDIT-01",2182.57970265533,Afterburner,100,96526.807942649335,20684271.9,20684271.9,False,False,False
46.119999999999393,"BANDIT-02",2188.8169523507077,Military,92,29913.355690325174,20684271.9,20684271.9,False,False,False
46.219999999999374,"VIPER-01",1915.7415413111023,Afterburner,100,86138.315748201392,20684271.9,20684271.9,False,False,False
46.219999999999374,"VIPER-02",2225.9732862456367,Afterburner,100,75559.702229699673,20684271.9,20684271.9,False,False,False
46.219999999999374,"BANDIT-01",2182.22426994638,Afterburner,100,96517.435688413971,20684271.9,20684271.9,False,False,False
46.219999999999374,"BANDIT-02",2188.7428369721683,Military,92,29967.212965286257,20684271.9,20684271.9,False,False,False
46.319999999999354,"VIPER-01",1915.4873353961921,Afterburner,100,86631.228024084077,20684271.9,20684271.9,False,False,False
46.319999999999354,"VIPER-02",2225.7699809678934,Afterburner,100,75933.510320999834,20684271.9,20684271.9,False,False,False
46.319999999999354,"BANDIT-01",2181.86883864142,Afterburner,100,96508.052470993338,20684271.9,20684271.9,False,False,False
46.319999999999354,"BANDIT-02",2188.6686195394896,Military,92,30021.727336439697,20684271.9,20684271.9,False,False,False
46.419999999999334,"VIPER-01",1915.230059027517,Afterburner,100,87115.26800970902,20684271.9,20684271.9,False,False,False
46.419999999999334,"VIPER-02",2225.5642856837208,Afterburner,100,76300.723398391783,20684271.9,20684271.9,False,False,False
46.419999999999334,"BANDIT-01",2181.5134088034215,Afterburner,100,96498.6516437498,20684271.9,20684271.9,False,False,False
46.419999999999334,"BANDIT-02",2188.5942988304141,Military,92,30076.876976137621,20684271.9,20684271.9,False,False,False
46.519999999999314,"VIPER-01",1914.9697646463876,Afterburner,100,87590.90737192778,20684271.9,20684271.9,False,False,False
46.519999999999314,"VIPER-02",2225.3562402685898,Afterburner,100,76661.7559370918,20684271.9,20684271.9,False,False,False
46.519999999999314,"BANDIT-01",2181.1579804971616,Afterburner,100,96489.228419964435,20684271.9,20684271.9,False,False,False
46.519999999999314,"BANDIT-02",2188.5198736623906,Military,92,30132.641542461275,20684271.9,20684271.9,False,False,False
46.619999999999294,"VIPER-01",1914.706502685051,Afterburner,100,88058.344688374156,20684271.9,20684271.9,False,False,False
46.619999999999294,"VIPER-02",2225.1458828647924,Afterburner,100,77016.758247122547,20684271.9,20684271.9,False,False,False
46.619999999999294,"BANDIT-01",2180.8025537878871,Afterburner,100,96479.782155261171,20684271.9,20684271.9,False,False,False
46.619999999999294,"BANDIT-02",2188.4453428899947,Military,92,30189.001850469336,20684271.9,20684271.9,False,False,False
46.719999999999274,"VIPER-01",1914.4403231374702,Afterburner,100,88517.577610129752,20684271.9,20684271.9,False,False,False
46.719999999999274,"VIPER-02",2224.9332514412931,Afterburner,100,77365.68624664894,20684271.9,20684271.9,False,False,False
46.719999999999274,"BANDIT-01",2180.4471287402189,Afterburner,100,96470.315139007856,20684271.9,20684271.9,False,False,False
46.719999999999274,"BANDIT-02",2188.3707054034521,Military,92,30245.93918679612,20684271.9,20684271.9,False,False,False
46.819999999999254,"VIPER-01",1914.1712761187869,Afterburner,100,88968.606199092974,20684271.9,20684271.9,False,False,False
46.819999999999254,"VIPER-02",2224.7183843485227,Afterburner,100,77708.498438058843,20684271.9,20684271.9,False,False,False
46.819999999999254,"BANDIT-01",2180.0917054176421,Afterburner,100,96460.829840769729,20684271.9,20684271.9,False,False,False
46.819999999999254,"BANDIT-02",2188.2959601282541,Military,92,30303.434893262831,20684271.9,20684271.9,False,False,False
46.919999999999234,"VIPER-01",1913.8994113608778,Afterburner,100,89411.552927818382,20684271.9,20684271.9,False,False,False
46.919999999999234,"VIPER-02",2224.5013198138768,Afterburner,100,78045.272570974179,20684271.9,20684271.9,False,False,False
46.919999999999234,"BANDIT-01",2179.7362838826052,Afterburner,100,96451.3271169563,20684271.9,20684271.9,False,False,False
46.919999999999234,"BANDIT-02",2188.2211060250838,Military,92,30361.470384102384,20684271.9,20684271.9,False,False,False
47.019999999999214,"VIPER-01",1913.6247775122786,Afterburner,100,89846.625452463923,20684271.9,20684271.9,False,False,False
47.019999999999214,"VIPER-02",2224.2820952390884,Afterburner,100,78376.170224016561,20684271.9,20684271.9,False,False,False
47.019999999999214,"BANDIT-01",2179.3808641970363,Afterburner,100,96441.806281040481,20684271.9,20684271.9,False,False,False
47.019999999999214,"BANDIT-02",2188.1461420894821,Military,92,30420.027343562237,20684271.9,20684271.9,False,False,False
47.119999999999195,"VIPER-01",1913.3474219625971,Afterburner,100,90274.013717641967,20684271.9,20684271.9,False,False,False
47.119999999999195,"VIPER-02",2224.060747015802,Afterburner,100,78701.337489832731,20684271.9,20684271.9,False,False,False
47.119999999999195,"BANDIT-01",2179.0518226704539,Military,99.72,38351.2198954669,20684271.9,20684271.9,False,False,False
47.119999999999195,"BANDIT-02",2188.0710673512049,Military,92,30479.087820181063,20684271.9,20684271.9,False,False,False
47.219999999999175,"VIPER-01",1913.0701001890275,Afterburner,100,89949.098020434278,20684271.9,20684271.9,False,False,False
47.219999999999175,"VIPER-02",2223.8399951954007,Afterburner,100,78301.815387682524,20684271.9,20684271.9,False,False,False
47.219999999999175,"BANDIT-01",2178.9369347596485,Military,97.47999999999999,36845.541157190033,20684271.9,20684271.9,False,False,False
47.219999999999175,"BANDIT-02",2187.9958814817273,Military,92,30537.770221973096,20684271.9,20684271.9,False,False,False
47.319999999999155,"VIPER-01",1912.7947094423366,Afterburner,100,89606.030677070245,20684271.9,20684271.9,False,False,False
47.319999999999155,"VIPER-02",2223.621711822263,Afterburner,100,77885.895520331178,20684271.9,20684271.9,False,False,False
47.319999999999155,"BANDIT-01",2178.8262393885238,Military,95.239999999999981,35344.621822787172,20684271.9,20684271.9,False,False,False
47.319999999999155,"BANDIT-02",2187.9205864358528,Military,92,30595.176602302265,20684271.9,20684271.9,False,False,False
47.419999999999135,"VIPER-01",1912.521166750925,Afterburner,100,89326.548017104666,20684271.9,20684271.9,False,False,False
47.419999999999135,"VIPER-02",2223.4058076361921,Afterburner,100,77532.460800832327,20684271.9,20684271.9,False,False,False
47.419999999999135,"BANDIT-01",2178.6939369106904,Military,93.559999999999974,35116.217602712859,20684271.9,20684271.9,False,False,False
47.419999999999135,"BANDIT-02",2187.8451845964742,Military,92,30651.32910520069,20684271.9,20684271.9,False,False,False
47.519999999999115,"VIPER-01",1912.24948864016,Afterburner,100,88975.254369796137,20684271.9,20684271.9,False,False,False
47.519999999999115,"VIPER-02",2223.1922919782473,Afterburner,100,77110.82122416643,20684271.9,20684271.9,False,False,False
47.519999999999115,"BANDIT-01",2178.5616805415552,Afterburner,92.28,88324.832911833117,20684271.9,20684271.9,False,False,False
47.519999999999115,"BANDIT-02",2187.7696782770558,Military,92,30706.263043086394,20684271.9,20684271.9,False,False,False
47.619999999999095,"VIPER-01",1911.979559894407,Afterburner,100,88702.5412955714,20684271.9,20684271.9,False,False,False
47.619999999999095,"VIPER-02",2222.9810437503811,Afterburner,100,76766.127454434827,20684271.9,20684271.9,False,False,False
47.619999999999095,"BANDIT-01",2178.4535882492728,Military,92,35121.46124567806,20684271.9,20684271.9,False,False,False
47.619999999999095,"BANDIT-02",2187.694069777775,Military,92,30759.995907709224,20684271.9,20684271.9,False,False,False
47.719999999999075,"VIPER-01",1911.7114047864836,Afterburner,100,88433.530335875213,20684271.9,20684271.9,False,False,False
47.719999999999075,"VIPER-02",2222.7720800979955,Afterburner,100,76426.095874928549,20684271.9,20684271.9,False,False,False
47.719999999999075,"BANDIT-01",2178.3213347305223,Military,92,35116.686661743573,20684271.9,20684271.9,False,False,False
47.719999999999075,"BANDIT-02",2187.618361352173,Military,92,30812.54509876993,20684271.9,20684271.9,False,False,False
47.819999999999055,"VIPER-01",1911.4450018845193,Afterburner,100,88168.248400785873,20684271.9,20684271.9,False,False,False
47.819999999999055,"VIPER-02",2222.5653729144865,Afterburner,100,76090.742331291491,20684271.9,20684271.9,False,False,False
47.819999999999055,"BANDIT-01",2178.1890805891449,Military,92,35112.13578392093,20684271.9,20684271.9,False,False,False
47.819999999999055,"BANDIT-02",2187.5425551840867,Military,92,30863.927525224779,20684271.9,20684271.9,False,False,False
47.919999999999035,"VIPER-01",1911.1802827243378,Afterburner,100,87831.388402851939,20684271.9,20684271.9,False,False,False
47.919999999999035,"VIPER-02",2222.3608475735832,Afterburner,100,75687.372521460289,20684271.9,20684271.9,False,False,False
47.919999999999035,"BANDIT-01",2178.0568278664332,Afterburner,92.28,88316.15097069426,20684271.9,20684271.9,False,False,False
47.919999999999035,"BANDIT-02",2187.4666534453868,Military,92,30914.196279263109,20684271.9,20684271.9,False,False,False
48.019999999999015,"VIPER-01",1910.9172261955155,Afterburner,100,87573.00497980701,20684271.9,20684271.9,False,False,False
48.019999999999015,"VIPER-02",2222.1584764156182,Afterburner,100,75360.813708451446,20684271.9,20684271.9,False,False,False
48.019999999999015,"BANDIT-01",2177.9487368851992,Military,92,35119.309513972265,20684271.9,20684271.9,False,False,False
48.019999999999015,"BANDIT-02",2187.3906582658838,Military,92,30963.332257947786,20684271.9,20684271.9,False,False,False
48.119999999998996,"VIPER-01",1910.6558118414439,Afterburner,100,87317.919854272244,20684271.9,20684271.9,False,False,False
48.119999999998996,"VIPER-02",2221.9582324901403,Afterburner,100,75038.491954579222,20684271.9,20684271.9,False,False,False
48.119999999998996,"BANDIT-01",2177.8164863338252,Military,92,35115.486738616964,20684271.9,20684271.9,False,False,False
48.119999999998996,"BANDIT-02",2187.3145717437328,Military,92,31011.369930838755,20684271.9,20684271.9,False,False,False
48.219999999998976,"VIPER-01",1910.3960202046956,Afterburner,100,87066.070338735415,20684271.9,20684271.9,False,False,False
48.219999999998976,"VIPER-02",2221.7600898858141,Afterburner,100,74720.336119184911,20684271.9,20684271.9,False,False,False
48.219999999998976,"BANDIT-01",2177.6842360925616,Military,92,35111.91334283146,20684271.9,20684271.9,False,False,False
48.219999999998976,"BANDIT-02",2187.2383959295985,Military,92,31058.32525997586,20684271.9,20684271.9,False,False,False
48.319999999998956,"VIPER-01",1910.1377856811873,Afterburner,100,86817.2575521059,20684271.9,20684271.9,False,False,False
48.319999999998956,"VIPER-02",2221.5639770315943,Afterburner,100,74406.14848024027,20684271.9,20684271.9,False,False,False
48.319999999998956,"BANDIT-01",2177.5519881363457,Military,92,35108.596215368219,20684271.9,20684271.9,False,False,False
48.319999999998956,"BANDIT-02",2187.1621328408614,Military,92,31104.231864687608,20684271.9,20684271.9,False,False,False
48.419999999998936,"VIPER-01",1909.8811365586132,Afterburner,100,86571.622425693349,20684271.9,20684271.9,False,False,False
48.419999999998936,"VIPER-02",2221.3699154278343,Afterburner,100,74096.04940087354,20684271.9,20684271.9,False,False,False
48.419999999998936,"BANDIT-01",2177.419739761307,Military,92,35105.515534217244,20684271.9,20684271.9,False,False,False
48.419999999998936,"BANDIT-02",2187.0857844422439,Military,92,31149.086897067438,20684271.9,20684271.9,False,False,False
48.519999999998916,"VIPER-01",1909.6260079867766,Afterburner,100,86253.925075138672,20684271.9,20684271.9,False,False,False
48.519999999998916,"VIPER-02",2221.1778343678984,Afterburner,100,73717.399901758385,20684271.9,20684271.9,False,False,False
48.519999999998916,"BANDIT-01",2177.2874929438563,Afterburner,92.28,88301.517911424176,20684271.9,20684271.9,False,False,False
48.519999999998916,"BANDIT-02",2187.0093526799678,Military,92,31192.941322872139,20684271.9,20684271.9,False,False,False
48.619999999998896,"VIPER-01",1909.3723816991969,Afterburner,100,86014.181436497718,20684271.9,20684271.9,False,False,False
48.619999999998896,"VIPER-02",2220.98770936932,Afterburner,100,73415.0074093988,20684271.9,20684271.9,False,False,False
48.619999999998896,"BANDIT-01",2177.155247327647,Afterburner,92.28,88298.814892594615,20684271.9,20684271.9,False,False,False
48.619999999998896,"BANDIT-02",2186.9328394789959,Military,92,31235.774175716702,20684271.9,20684271.9,False,False,False
48.719999999998876,"VIPER-01",1909.1201942682092,Afterburner,100,85777.139353445687,20684271.9,20684271.9,False,False,False
48.719999999998876,"VIPER-02",2220.7994712359618,Afterburner,100,73116.222556241482,20684271.9,20684271.9,False,False,False
48.719999999998876,"BANDIT-01",2177.0471640459668,Military,92,35113.314286698878,20684271.9,20684271.9,False,False,False
48.719999999998876,"BANDIT-02",2186.8562467026272,Military,92,31277.635605991982,20684271.9,20684271.9,False,False,False
48.819999999998856,"VIPER-01",1908.8695212607718,Afterburner,100,85543.082658312618,20684271.9,20684271.9,False,False,False
48.819999999998856,"VIPER-02",2220.613188578805,Afterburner,100,72821.29923363078,20684271.9,20684271.9,False,False,False
48.819999999998856,"BANDIT-01",2176.9149197201136,Military,92,35111.209841714357,20684271.9,20684271.9,False,False,False
48.819999999998856,"BANDIT-02",2186.7795762144774,Military,92,31318.504155706818,20684271.9,20684271.9,False,False,False
48.919999999998836,"VIPER-01",1908.6202531093445,Afterburner,100,85311.637226553139,20684271.9,20684271.9,False,False,False
48.919999999998836,"VIPER-02",2220.4287466179785,Afterburner,100,72529.875641230989,20684271.9,20684271.9,False,False,False
48.919999999998836,"BANDIT-01",2176.7826777547539,Military,92,35109.358042715459,20684271.9,20684271.9,False,False,False
48.919999999998836,"BANDIT-02",2186.7028298307105,Military,92,31358.429697325821,20684271.9,20684271.9,False,False,False
49.019999999998817,"VIPER-01",1908.3723742010852,Afterburner,100,85082.76697735046,20684271.9,20684271.9,False,False,False
49.019999999998817,"VIPER-02",2220.2461237103794,Afterburner,100,72241.906244458951,20684271.9,20684271.9,False,False,False
49.019999999998817,"BANDIT-01",2176.6504377663932,Military,92,35107.755850478294,20684271.9,20684271.9,False,False,False
49.019999999998817,"BANDIT-02",2186.6260093180563,Military,92,31397.425675464965,20684271.9,20684271.9,False,False,False
49.1199999999988,"VIPER-01",1908.1258691331559,Afterburner,100,84856.436290313446,20684271.9,20684271.9,False,False,False
49.1199999999988,"VIPER-02",2220.0652984867747,Afterburner,100,71957.3460117503,20684271.9,20684271.9,False,False,False
49.1199999999988,"BANDIT-01",2176.518199376133,Military,92,35106.400272804211,20684271.9,20684271.9,False,False,False
49.1199999999988,"BANDIT-02",2186.5491164180439,Military,92,31435.505358043141,20684271.9,20684271.9,False,False,False
49.219999999998777,"VIPER-01",1907.8807227249476,Afterburner,100,84632.606444710473,20684271.9,20684271.9,False,False,False
49.219999999998777,"VIPER-02",2219.8862498634353,Afterburner,100,71676.147024795791,20684271.9,20684271.9,False,False,False
49.219999999998777,"BANDIT-01",2176.3859622087984,Military,92,35105.289114382067,20684271.9,20684271.9,False,False,False
49.219999999998777,"BANDIT-02",2186.4721528473415,Military,92,31472.681828451645,20684271.9,20684271.9,False,False,False
49.319999999998757,"VIPER-01",1907.6369200353486,Afterburner,100,84411.236811686074,20684271.9,20684271.9,False,False,False
49.319999999998757,"VIPER-02",2219.708957058574,Afterburner,100,71398.259644999343,20684271.9,20684271.9,False,False,False
49.319999999998757,"BANDIT-01",2176.2537258918692,Military,92,35104.420741420909,20684271.9,20684271.9,False,False,False
49.319999999998757,"BANDIT-02",2186.3951202981161,Military,92,31508.967979690278,20684271.9,20684271.9,False,False,False
49.419999999998737,"VIPER-01",1907.3944463647188,Afterburner,100,84192.28778438778,20684271.9,20684271.9,False,False,False
49.419999999998737,"VIPER-02",2219.5333995936303,Afterburner,100,71123.635328962453,20684271.9,20684271.9,False,False,False
49.419999999998737,"BANDIT-01",2176.121490055199,Military,92,35103.793476244187,20684271.9,20684271.9,False,False,False
49.419999999998737,"BANDIT-02",2186.31802043839,Military,92,31544.376517453016,20684271.9,20684271.9,False,False,False
49.519999999998717,"VIPER-01",1907.1532872422856,Afterburner,100,83975.722327472453,20684271.9,20684271.9,False,False,False
49.519999999998717,"VIPER-02",2219.3595572802465,Afterburner,100,70852.228098497173,20684271.9,20684271.9,False,False,False
49.519999999998717,"BANDIT-01",2175.9892543314336,Military,92,35103.405268383009,20684271.9,20684271.9,False,False,False
49.519999999998717,"BANDIT-02",2186.2408549123843,Military,92,31578.919969936745,20684271.9,20684271.9,False,False,False
49.6199999999987,"VIPER-01",1906.9134284115055,Afterburner,100,83761.505375216162,20684271.9,20684271.9,False,False,False
49.6199999999987,"VIPER-02",2219.1874102053857,Afterburner,100,70583.993938242071,20684271.9,20684271.9,False,False,False
49.6199999999987,"BANDIT-01",2175.85701835651,Military,92,35103.253807973495,20684271.9,20684271.9,False,False,False
49.6199999999987,"BANDIT-02",2186.1636253408474,Military,92,31612.610697449232,20684271.9,20684271.9,False,False,False
49.719999999998677,"VIPER-01",1906.6748097400819,Afterburner,100,83549.439537566534,20684271.9,20684271.9,False,False,False
49.719999999998677,"VIPER-02",2219.0168930483014,Afterburner,100,70318.73694499972,20684271.9,20684271.9,False,False,False
49.719999999998677,"BANDIT-01",2175.7006273492098,Afterburner,92.28,88266.304952128587,20684271.9,20684271.9,False,False,False
49.719999999998677,"BANDIT-02",2186.0863333078896,Military,92,31645.478644479335,20684271.9,20684271.9,False,False,False
49.819999999998657,"VIPER-01",1906.4374188776194,Afterburner,100,83339.498787462973,20684271.9,20684271.9,False,False,False
49.819999999998657,"VIPER-02",2218.8479878666126,Afterburner,100,70056.421506084967,20684271.9,20684271.9,False,False,False
49.819999999998657,"BANDIT-01",2175.5683948054334,Afterburner,92.28,88263.096090704727,20684271.9,20684271.9,False,False,False
49.819999999998657,"BANDIT-02",2186.0089803385526,Military,92,31677.535122487454,20684271.9,20684271.9,False,False,False
49.919999999998637,"VIPER-01",1906.2011962444908,Afterburner,100,83206.403690975872,20684271.9,20684271.9,False,False,False
49.919999999998637,"VIPER-02",2218.68063000752,Afterburner,100,69869.1962881514,20684271.9,20684271.9,False,False,False
49.919999999998637,"BANDIT-01",2175.436165433518,Military,92,35088.738383934193,20684271.9,20684271.9,False,False,False
49.919999999998637,"BANDIT-02",2185.9315679666038,Military,92,31708.791740820561,20684271.9,20684271.9,False,False,False
50.019999999998618,"VIPER-01",1905.9661764210364,Afterburner,100,83000.444216852164,20684271.9,20684271.9,False,False,False
50.019999999998618,"VIPER-02",2218.5148481572382,Afterburner,100,69612.480233693932,20684271.9,20684271.9,False,False,False
50.019999999998618,"BANDIT-01",2175.303936587341,Military,92,35089.57326579628,20684271.9,20684271.9,False,False,False
50.019999999998618,"BANDIT-02",2185.8540976707927,Military,92,31739.277409585437,20684271.9,20684271.9,False,False,False
50.1199999999986,"VIPER-01",1905.7323475788057,Afterburner,100,82796.52128755521,20684271.9,20684271.9,False,False,False
50.1199999999986,"VIPER-02",2218.35062508142,Afterburner,100,69358.5895980784,20684271.9,20684271.9,False,False,False
50.1199999999986,"BANDIT-01",2175.1717078848656,Military,92,35090.645234751544,20684271.9,20684271.9,False,False,False
50.1199999999986,"BANDIT-02",2185.77657091252,Military,92,31768.985055696274,20684271.9,20684271.9,False,False,False
50.219999999998578,"VIPER-01",1905.4996513871001,Afterburner,100,82594.441212778984,20684271.9,20684271.9,False,False,False
50.219999999998578,"VIPER-02",2218.1878975329664,Afterburner,100,69107.332220020719,20684271.9,20684271.9,False,False,False
50.219999999998578,"BANDIT-01",2175.0394811802603,Military,92,35091.964850049379,20684271.9,20684271.9,False,False,False
50.219999999998578,"BANDIT-02",2185.698989139506,Military,92,31797.94345654724,20684271.9,20684271.9,False,False,False
50.319999999998558,"VIPER-01",1905.2680770692943,Afterburner,100,82394.179114327679,20684271.9,20684271.9,False,False,False
50.319999999998558,"VIPER-02",2218.0266494237867,Afterburner,100,68858.673879571172,20684271.9,20684271.9,False,False,False
50.319999999998558,"BANDIT-01",2174.9072560713125,Military,92,35093.529780513112,20684271.9,20684271.9,False,False,False
50.319999999998558,"BANDIT-02",2185.6213537490589,Military,92,31826.162978317847,20684271.9,20684271.9,False,False,False
50.419999999998538,"VIPER-01",1905.0376595642742,Afterburner,100,82195.872893819775,20684271.9,20684271.9,False,False,False
50.419999999998538,"VIPER-02",2217.8669100574039,Afterburner,100,68612.733021618726,20684271.9,20684271.9,False,False,False
50.419999999998538,"BANDIT-01",2174.7508753183629,Afterburner,92.28,88242.258272683917,20684271.9,20684271.9,False,False,False
50.419999999998538,"BANDIT-02",2185.5436661490721,Military,92,31853.636466380562,20684271.9,20684271.9,False,False,False
50.519999999998518,"VIPER-01",1904.8082952598584,Afterburner,100,82074.0319789223,20684271.9,20684271.9,False,False,False
50.519999999998518,"VIPER-02",2217.7085714786081,Afterburner,100,68441.4692105029,20684271.9,20684271.9,False,False,False
50.519999999998518,"BANDIT-01",2174.6186531578192,Military,92,35081.837382203819,20684271.9,20684271.9,False,False,False
50.519999999998518,"BANDIT-02",2185.4659277037194,Military,92,31880.392162376473,20684271.9,20684271.9,False,False,False
50.6199999999985,"VIPER-01",1904.5800204140662,Afterburner,100,81879.051037390193,20684271.9,20684271.9,False,False,False
50.6199999999985,"VIPER-02",2217.5516643914743,Afterburner,100,68200.383482117119,20684271.9,20684271.9,False,False,False
50.6199999999985,"BANDIT-01",2174.4864314735328,Military,92,35084.127956885415,20684271.9,20684271.9,False,False,False
50.6199999999985,"BANDIT-02",2185.388139748035,Military,92,31906.45788237,20684271.9,20684271.9,False,False,False
50.719999999998478,"VIPER-01",1904.3527786755021,Afterburner,100,81685.630034840127,20684271.9,20684271.9,False,False,False
50.719999999998478,"VIPER-02",2217.3961277818935,Afterburner,100,67961.612914503377,20684271.9,20684271.9,False,False,False
50.719999999998478,"BANDIT-01",2174.354212076938,Military,92,35086.666601509736,20684271.9,20684271.9,False,False,False
50.719999999998478,"BANDIT-02",2185.3103035918862,Military,92,31931.843143527909,20684271.9,20684271.9,False,False,False
50.819999999998458,"VIPER-01",1904.1266072493438,Afterburner,100,81493.9130241531,20684271.9,20684271.9,False,False,False
50.819999999998458,"VIPER-02",2217.2419933962669,Afterburner,100,67725.28182096922,20684271.9,20684271.9,False,False,False
50.819999999998458,"BANDIT-01",2174.1978388224134,Afterburner,92.28,88227.28784871567,20684271.9,20684271.9,False,False,False
50.819999999998458,"BANDIT-02",2185.2324205108571,Military,92,31956.539127029246,20684271.9,20684271.9,False,False,False
50.919999999998439,"VIPER-01",1903.9014033679541,Afterburner,100,81378.378465320726,20684271.9,20684271.9,False,False,False
50.919999999998439,"VIPER-02",2217.0891543494381,Afterburner,100,67563.326744247621,20684271.9,20684271.9,False,False,False
50.919999999998439,"BANDIT-01",2174.0656239151504,Military,92,35076.935110285238,20684271.9,20684271.9,False,False,False
50.919999999998439,"BANDIT-02",2185.1544917866927,Military,92,31980.573146706509,20684271.9,20684271.9,False,False,False
51.019999999998419,"VIPER-01",1903.6772512575699,Afterburner,100,81189.655406782855,20684271.9,20684271.9,False,False,False
51.019999999998419,"VIPER-02",2216.9376890985068,Afterburner,100,67331.457179591758,20684271.9,20684271.9,False,False,False
51.019999999998419,"BANDIT-01",2173.933407941664,Military,92,35080.195578976636,20684271.9,20684271.9,False,False,False
51.019999999998419,"BANDIT-02",2185.0765186501267,Military,92,32003.95403912566,20684271.9,20684271.9,False,False,False
51.1199999999984,"VIPER-01",1903.4540955698831,Afterburner,100,81002.41055500519,20684271.9,20684271.9,False,False,False
51.1199999999984,"VIPER-02",2216.7875378507561,Afterburner,100,67101.7849423481,20684271.9,20684271.9,False,False,False
51.1199999999984,"BANDIT-01",2173.7770398225989,Afterburner,92.28,88215.44124564949,20684271.9,20684271.9,False,False,False
51.1199999999984,"BANDIT-02",2184.99850232521,Military,92,32026.690711529973,20684271.9,20684271.9,False,False,False
51.219999999998379,"VIPER-01",1903.2318810917884,Afterburner,100,80891.266654075909,20684271.9,20684271.9,False,False,False
51.219999999998379,"VIPER-02",2216.6386410056302,Afterburner,100,66946.3861359276,20684271.9,20684271.9,False,False,False
51.219999999998379,"BANDIT-01",2173.644828376991,Military,92,35071.916721082671,20684271.9,20684271.9,False,False,False
51.219999999998379,"BANDIT-02",2184.92044401939,Military,92,32048.791949509126,20684271.9,20684271.9,False,False,False
51.319999999998359,"VIPER-01",1903.0106457439936,Afterburner,100,80706.73254783747,20684271.9,20684271.9,False,False,False
51.319999999998359,"VIPER-02",2216.4910313167065,Afterburner,100,66720.849460649857,20684271.9,20684271.9,False,False,False
51.319999999998359,"BANDIT-01",2173.5126169076775,Military,92,35075.905098275951,20684271.9,20684271.9,False,False,False
51.319999999998359,"BANDIT-02",2184.8423449203892,Military,92,32070.284268519634,20684271.9,20684271.9,False,False,False
51.419999999998339,"VIPER-01",1902.7903358251779,Afterburner,100,80523.464147220264,20684271.9,20684271.9,False,False,False
51.419999999998339,"VIPER-02",2216.3446507608096,Afterburner,100,66497.281224512873,20684271.9,20684271.9,False,False,False
51.419999999998339,"BANDIT-01",2173.3562554324394,Afterburner,92.28,88203.2134010726,20684271.9,20684271.9,False,False,False
51.419999999998339,"BANDIT-02",2184.7642061596116,Military,92,32091.175543229561,20684271.9,20684271.9,False,False,False
51.519999999998319,"VIPER-01",1902.5709431856862,Afterburner,100,80416.218945765009,20684271.9,20684271.9,False,False,False
51.519999999998319,"VIPER-02",2216.1994865466545,Afterburner,100,66347.888088679785,20684271.9,20684271.9,False,False,False
51.519999999998319,"BANDIT-01",2173.2240484684994,Military,92,35069.089901393105,20684271.9,20684271.9,False,False,False
51.519999999998319,"BANDIT-02",2184.6860288874159,Military,92,32111.456110327988,20684271.9,20684271.9,False,False,False
51.6199999999983,"VIPER-01",1902.3524607596448,Afterburner,100,80235.409422498167,20684271.9,20684271.9,False,False,False
51.6199999999983,"VIPER-02",2216.055526985193,Afterburner,100,66128.160485042492,20684271.9,20684271.9,False,False,False
51.6199999999983,"BANDIT-01",2173.0676907866914,Afterburner,92.28,88194.617177050779,20684271.9,20684271.9,False,False,False
51.6199999999983,"BANDIT-02",2184.6078142049346,Military,92,32131.169502964258,20684271.9,20684271.9,False,False,False
51.719999999998279,"VIPER-01",1902.1348815608826,Afterburner,100,80130.588425799928,20684271.9,20684271.9,False,False,False
51.719999999998279,"VIPER-02",2215.9127605254885,Afterburner,100,65982.559185466831,20684271.9,20684271.9,False,False,False
51.719999999998279,"BANDIT-01",2172.9354868796522,Military,92,35063.243099488231,20684271.9,20684271.9,False,False,False
51.719999999998279,"BANDIT-02",2184.5295631992085,Military,92,32150.287483539127,20684271.9,20684271.9,False,False,False
51.819999999998259,"VIPER-01",1901.9181977223034,Afterburner,100,79952.17554359074,20684271.9,20684271.9,False,False,False
51.819999999998259,"VIPER-02",2215.7711748292563,Afterburner,100,65766.575241584447,20684271.9,20684271.9,False,False,False
51.819999999998259,"BANDIT-01",2172.8032831706446,Military,92,35068.439651996065,20684271.9,20684271.9,False,False,False
51.819999999998259,"BANDIT-02",2184.4512769761295,Military,92,32168.853890462091,20684271.9,20684271.9,False,False,False
51.91999999999824,"VIPER-01",1901.7023565178401,Afterburner,100,79849.546417256744,20684271.9,20684271.9,False,False,False
51.91999999999824,"VIPER-02",2215.6310871579626,Military,99.16,64668.466023275687,20684271.9,20684271.9,False,False,False
51.91999999999824,"BANDIT-01",2172.6469316368098,Military,92,35058.362264779709,20684271.9,20684271.9,False,False,False
51.91999999999824,"BANDIT-02",2184.3729566344541,Military,92,32186.629836551194,20684271.9,20684271.9,False,False,False
52.01999999999822,"VIPER-01",1901.4873520491194,Afterburner,100,79673.152205854974,20684271.9,20684271.9,False,False,False
52.01999999999822,"VIPER-02",2215.4967741721821,Military,96.359999999999985,61420.930028542112,20684271.9,20684271.9,False,False,False
52.01999999999822,"BANDIT-01",2172.5147330487875,Military,92,35064.05275793394,20684271.9,20684271.9,False,False,False
52.01999999999822,"BANDIT-02",2184.2946082884291,Military,92,32198.382058328778,20684271.9,20684271.9,False,False,False
52.1199999999982,"VIPER-01",1901.2731782415044,Afterburner,100,79572.513097822739,20684271.9,20684271.9,False,False,False
52.1199999999982,"VIPER-02",2215.3683921406923,Military,93.559999999999974,59743.363449756929,20684271.9,20684271.9,False,False,False
52.1199999999982,"BANDIT-01",2172.3583864234188,Military,92,35054.465704848692,20684271.9,20684271.9,False,False,False
52.1199999999982,"BANDIT-02",2184.2162461815105,Military,92,32202.806316744976,20684271.9,20684271.9,False,False,False
52.21999999999818,"VIPER-01",1901.05982928335,Afterburner,100,79398.108437094343,20684271.9,20684271.9,False,False,False
52.21999999999818,"VIPER-02",2215.2407945727077,Military,92,59714.447042551081,20684271.9,20684271.9,False,False,False
52.21999999999818,"BANDIT-01",2172.2261914592127,Military,92,35060.638754238105,20684271.9,20684271.9,False,False,False
52.21999999999818,"BANDIT-02",2184.13787818668,Military,92,32205.887114451074,20684271.9,20684271.9,False,False,False
52.31999999999816,"VIPER-01",1900.8472991973615,Afterburner,100,79299.424457881541,20684271.9,20684271.9,False,False,False
52.31999999999816,"VIPER-02",2215.1132341422276,Military,92,59699.6243830584,20684271.9,20684271.9,False,False,False
52.31999999999816,"BANDIT-01",2172.0698484717777,Military,92,35051.533345014606,20684271.9,20684271.9,False,False,False
52.31999999999816,"BANDIT-02",2184.0595047715929,Military,92,32208.897389654496,20684271.9,20684271.9,False,False,False
52.41999999999814,"VIPER-01",1900.63558227615,Afterburner,100,79126.975826867361,20684271.9,20684271.9,False,False,False
52.41999999999814,"VIPER-02",2214.985711071432,Military,92,59670.48203662748,20684271.9,20684271.9,False,False,False
52.41999999999814,"BANDIT-01",2171.9376556605257,Military,92,35058.181494957091,20684271.9,20684271.9,False,False,False
52.41999999999814,"BANDIT-02",2183.9811260643446,Military,92,32211.842384708591,20684271.9,20684271.9,False,False,False
52.51999999999812,"VIPER-01",1900.4246726494971,Afterburner,100,79030.20846586657,20684271.9,20684271.9,False,False,False
52.51999999999812,"VIPER-02",2214.8582255709744,Military,92,59655.436054762533,20684271.9,20684271.9,False,False,False
52.51999999999812,"BANDIT-01",2171.7813150588877,Military,92,35049.551773590916,20684271.9,20684271.9,False,False,False
52.51999999999812,"BANDIT-02",2183.9027421966971,Military,92,32214.714332987947,20684271.9,20684271.9,False,False,False
52.6199999999981,"VIPER-01",1900.2144728654869,Afterburner,100,78859.361327276958,20684271.9,20684271.9,False,False,False
52.6199999999981,"VIPER-02",2214.7307726551312,Military,92,59626.048430365721,20684271.9,20684271.9,False,False,False
52.6199999999981,"BANDIT-01",2171.6249789508011,Afterburner,92.28,88149.090022441349,20684271.9,20684271.9,False,False,False
52.6199999999981,"BANDIT-02",2183.824353292669,Military,92,32217.527599486431,20684271.9,20684271.9,False,False,False
52.71999999999808,"VIPER-01",1900.0050250505078,Afterburner,100,78764.001244552041,20684271.9,20684271.9,False,False,False
52.71999999999808,"VIPER-02",2214.603355181076,Military,92,59610.742727129327,20684271.9,20684271.9,False,False,False
52.71999999999808,"BANDIT-01",2171.492793931187,Military,92,35048.563543606062,20684271.9,20684271.9,False,False,False
52.71999999999808,"BANDIT-02",2183.7459594732031,Military,92,32220.272376700577,20684271.9,20684271.9,False,False,False
52.819999999998061,"VIPER-01",1899.7963700725406,Afterburner,100,78669.581042474412,20684271.9,20684271.9,False,False,False
52.819999999998061,"VIPER-02",2214.4759759672133,Military,92,59595.333376330811,20684271.9,20684271.9,False,False,False
52.819999999998061,"BANDIT-01",2171.3364604145531,Military,92,35040.663516937173,20684271.9,20684271.9,False,False,False
52.819999999998061,"BANDIT-02",2183.6675608663681,Military,92,32222.949404261806,20684271.9,20684271.9,False,False,False
52.919999999998041,"VIPER-01",1899.5884112133272,Afterburner,100,78501.072033910445,20684271.9,20684271.9,False,False,False
52.919999999998041,"VIPER-02",2214.348630035116,Military,92,59565.588361536524,20684271.9,20684271.9,False,False,False
52.919999999998041,"BANDIT-01",2171.204278046494,Military,92,35048.523088532849,20684271.9,20684271.9,False,False,False
52.919999999998041,"BANDIT-02",2183.5891575887158,Military,92,32225.569425049976,20684271.9,20684271.9,False,False,False
53.019999999998021,"VIPER-01",1899.3811901500428,Afterburner,100,78408.004327247065,20684271.9,20684271.9,False,False,False
53.019999999998021,"VIPER-02",2214.2213202167841,Military,92,59549.927940808193,20684271.9,20684271.9,False,False,False
53.019999999998021,"BANDIT-01",2171.0479500048573,Military,92,35041.113005546729,20684271.9,20684271.9,False,False,False
53.019999999998021,"BANDIT-02",2183.5107497629933,Military,92,32228.121595627865,20684271.9,20684271.9,False,False,False
53.119999999998,"VIPER-01",1899.1747032838798,Afterburner,100,78241.030268699556,20684271.9,20684271.9,False,False,False
53.119999999998,"VIPER-02",2214.0940467573996,Military,92,59519.956727488767,20684271.9,20684271.9,False,False,False
53.119999999998,"BANDIT-01",2170.8916228668159,Afterburner,92.28,88124.384516320177,20684271.9,20684271.9,False,False,False
53.119999999998,"BANDIT-02",2183.4323375054755,Military,92,32230.612374521061,20684271.9,20684271.9,False,False,False
53.219999999997981,"VIPER-01",1898.9688536251915,Afterburner,100,78149.136014491844,20684271.9,20684271.9,False,False,False
53.219999999997981,"VIPER-02",2213.9668046565807,Military,92,59504.040542663111,20684271.9,20684271.9,False,False,False
53.219999999997981,"BANDIT-01",2170.7594469419928,Military,92,35042.523055174308,20684271.9,20684271.9,False,False,False
53.219999999997981,"BANDIT-02",2183.353920937519,Military,92,32233.041246463181,20684271.9,20684271.9,False,False,False
53.319999999997961,"VIPER-01",1898.7636844061669,Afterburner,100,78057.82916887138,20684271.9,20684271.9,False,False,False
53.319999999997961,"VIPER-02",2213.8395967723409,Military,92,59488.001407385505,20684271.9,20684271.9,False,False,False
53.319999999997961,"BANDIT-01",2170.6031274666266,Military,92,35035.848276404053,20684271.9,20684271.9,False,False,False
53.319999999997961,"BANDIT-02",2183.2755001746445,Military,92,32235.407862809563,20684271.9,20684271.9,False,False,False
53.419999999997941,"VIPER-01",1898.559238472352,Afterburner,100,77967.266436394711,20684271.9,20684271.9,False,False,False
53.419999999997941,"VIPER-02",2213.7124259475372,Military,92,59471.856203993237,20684271.9,20684271.9,False,False,False
53.419999999997941,"BANDIT-01",2170.4468080005681,Military,92,35029.4014469473,20684271.9,20684271.9,False,False,False
53.419999999997941,"BANDIT-02",2183.1970753354149,Military,92,32237.708620360045,20684271.9,20684271.9,False,False,False
53.519999999997921,"VIPER-01",1898.3554658016717,Afterburner,100,77802.642206110148,20684271.9,20684271.9,False,False,False
53.519999999997921,"VIPER-02",2213.585289795014,Military,92,59441.39670255559,20684271.9,20684271.9,False,False,False
53.519999999997921,"BANDIT-01",2170.2904903318076,Afterburner,92.28,88103.436689720416,20684271.9,20684271.9,False,False,False
53.519999999997921,"BANDIT-02",2183.1186465390051,Military,92,32239.950631496224,20684271.9,20684271.9,False,False,False
53.6199999999979,"VIPER-01",1898.1522706114481,Afterburner,100,77712.898980130267,20684271.9,20684271.9,False,False,False
53.6199999999979,"VIPER-02",2213.4581833295088,Military,92,59424.982919802533,20684271.9,20684271.9,False,False,False
53.6199999999979,"BANDIT-01",2170.1583234468262,Military,92,35032.744019068152,20684271.9,20684271.9,False,False,False
53.6199999999979,"BANDIT-02",2183.0402139004909,Military,92,32242.133927644212,20684271.9,20684271.9,False,False,False
53.719999999997881,"VIPER-01",1897.9497433081535,Afterburner,100,77623.7259473964,20684271.9,20684271.9,False,False,False
53.719999999997881,"VIPER-02",2213.3311120251929,Military,92,59408.453266072029,20684271.9,20684271.9,False,False,False
53.719999999997881,"BANDIT-01",2170.0020128642168,Military,92,35027.031742766994,20684271.9,20684271.9,False,False,False
53.719999999997881,"BANDIT-02",2182.9617775310371,Military,92,32244.254893569243,20684271.9,20684271.9,False,False,False
53.819999999997862,"VIPER-01",1897.7478348085194,Afterburner,100,77534.964846587609,20684271.9,20684271.9,False,False,False
53.819999999997862,"VIPER-02",2213.2040735083888,Military,92,59391.795853445357,20684271.9,20684271.9,False,False,False
53.819999999997862,"BANDIT-01",2169.8457051890632,Military,92,35021.56289876892,20684271.9,20684271.9,False,False,False
53.819999999997862,"BANDIT-02",2182.8833375440445,Military,92,32246.316873157379,20684271.9,20684271.9,False,False,False
53.919999999997842,"VIPER-01",1897.5465889096322,Afterburner,100,77372.175717135033,20684271.9,20684271.9,False,False,False
53.919999999997842,"VIPER-02",2213.0770706267649,Military,92,59360.838374898747,20684271.9,20684271.9,False,False,False
53.919999999997842,"BANDIT-01",2169.6893980946143,Afterburner,92.28,88081.80803397113,20684271.9,20684271.9,False,False,False
53.919999999997842,"BANDIT-02",2182.8048940526846,Military,92,32248.319623534346,20684271.9,20684271.9,False,False,False
54.019999999997822,"VIPER-01",1897.3459102643526,Afterburner,100,77284.226569535385,20684271.9,20684271.9,False,False,False
54.019999999997822,"VIPER-02",2212.9500983905418,Military,92,59343.930045520945,20684271.9,20684271.9,False,False,False
54.019999999997822,"BANDIT-01",2169.5330953566131,Afterburner,92.28,88076.120468057823,20684271.9,20684271.9,False,False,False
54.019999999997822,"BANDIT-02",2182.72644717057,Military,92,32250.262906321375,20684271.9,20684271.9,False,False,False
54.1199999999978,"VIPER-01",1897.1457971962407,Afterburner,100,77196.5244994399,20684271.9,20684271.9,False,False,False
54.1199999999978,"VIPER-02",2212.8231570529815,Military,92,59326.88519802301,20684271.9,20684271.9,False,False,False
54.1199999999978,"BANDIT-01",2169.4009397823893,Military,92,35022.089706734383,20684271.9,20684271.9,False,False,False
54.1199999999978,"BANDIT-02",2182.6479970057885,Military,92,32252.150002746504,20684271.9,20684271.9,False,False,False
54.219999999997782,"VIPER-01",1896.9462942041682,Afterburner,100,77109.229342909486,20684271.9,20684271.9,False,False,False
54.219999999997782,"VIPER-02",2212.6962494689556,Military,92,59309.720485037673,20684271.9,20684271.9,False,False,False
54.219999999997782,"BANDIT-01",2169.2446428067865,Military,92,35017.588397548236,20684271.9,20684271.9,False,False,False
54.219999999997782,"BANDIT-02",2182.5695436681403,Military,92,32253.977222361042,20684271.9,20684271.9,False,False,False
54.319999999997762,"VIPER-01",1896.7473531079863,Afterburner,100,77022.184285208743,20684271.9,20684271.9,False,False,False
54.319999999997762,"VIPER-02",2212.5693732695754,Military,92,59292.423775329989,20684271.9,20684271.9,False,False,False
54.319999999997762,"BANDIT-01",2169.0883492099633,Military,92,35013.332067093281,20684271.9,20684271.9,False,False,False
54.319999999997762,"BANDIT-02",2182.4910872670325,Military,92,32255.747953248116,20684271.9,20684271.9,False,False,False
54.419999999997742,"VIPER-01",1896.5490184798923,Afterburner,100,76935.54727798712,20684271.9,20684271.9,False,False,False
54.419999999997742,"VIPER-02",2212.4425313039451,Military,92,59275.011268902665,20684271.9,20684271.9,False,False,False
54.419999999997742,"BANDIT-01",2168.9320566822921,Military,92,35009.307328888339,20684271.9,20684271.9,False,False,False
54.419999999997742,"BANDIT-02",2182.4126279121087,Military,92,32257.458550673844,20684271.9,20684271.9,False,False,False
54.519999999997722,"VIPER-01",1896.3512420512823,Afterburner,100,76849.156332967817,20684271.9,20684271.9,False,False,False
54.519999999997722,"VIPER-02",2212.3157211940734,Military,92,59257.469864953106,20684271.9,20684271.9,False,False,False
54.519999999997722,"BANDIT-01",2168.7757669354228,Military,92,35005.524442358394,20684271.9,20684271.9,False,False,False
54.519999999997722,"BANDIT-02",2182.3341657139172,Military,92,32259.112404995682,20684271.9,20684271.9,False,False,False
54.6199999999977,"VIPER-01",1896.1540221342434,Afterburner,100,76763.0108929063,20684271.9,20684271.9,False,False,False
54.6199999999977,"VIPER-02",2212.1889431749642,Military,92,59239.801321657738,20684271.9,20684271.9,False,False,False
54.6199999999977,"BANDIT-01",2168.6194796665691,Military,92,35001.981654015755,20684271.9,20684271.9,False,False,False
54.6199999999977,"BANDIT-02",2182.2557007819478,Military,92,32260.709354769861,20684271.9,20684271.9,False,False,False
54.719999999997682,"VIPER-01",1895.9573580089398,Afterburner,100,76602.591316530859,20684271.9,20684271.9,False,False,False
54.719999999997682,"VIPER-02",2212.0621975041463,Military,92,59207.829631506873,20684271.9,20684271.9,False,False,False
54.719999999997682,"BANDIT-01",2168.4631945658134,Afterburner,92.28,88035.80937611,20684271.9,20684271.9,False,False,False
54.719999999997682,"BANDIT-02",2182.1772332194059,Military,92,32262.252692213035,20684271.9,20684271.9,False,False,False
54.819999999997663,"VIPER-01",1895.7612018779296,Afterburner,100,76516.798016373854,20684271.9,20684271.9,False,False,False
54.819999999997663,"VIPER-02",2211.9354818062852,Military,92,59189.900325156763,20684271.9,20684271.9,False,False,False
54.819999999997663,"BANDIT-01",2168.3069133160679,Afterburner,92.28,88029.780652181376,20684271.9,20684271.9,False,False,False
54.819999999997663,"BANDIT-02",2182.0987631345497,Military,92,32263.738714741408,20684271.9,20684271.9,False,False,False
54.919999999997643,"VIPER-01",1895.565599318445,Afterburner,100,76431.2638213671,20684271.9,20684271.9,False,False,False
54.919999999997643,"VIPER-02",2211.8087989397213,Military,92,59171.851065517905,20684271.9,20684271.9,False,False,False
54.919999999997643,"BANDIT-01",2168.1506336200359,Afterburner,92.28,88023.7089754984,20684271.9,20684271.9,False,False,False
54.919999999997643,"BANDIT-02",2182.0202906313566,Military,92,32265.16721755753,20684271.9,20684271.9,False,False,False
55.019999999997623,"VIPER-01",1895.3705027899398,Afterburner,100,76345.8316733902,20684271.9,20684271.9,False,False,False
55.019999999997623,"VIPER-02",2211.6821465291723,Military,92,59153.66931130919,20684271.9,20684271.9,False,False,False
55.019999999997623,"BANDIT-01",2167.9943571527629,Afterburner,92.28,88017.59467328545,20684271.9,20684271.9,False,False,False
55.019999999997623,"BANDIT-02",2181.9418158167891,Military,92,32266.541556688338,20684271.9,20684271.9,False,False,False
55.1199999999976,"VIPER-01",1895.1759117836696,Afterburner,100,76260.504011813129,20684271.9,20684271.9,False,False,False
55.1199999999976,"VIPER-02",2211.5555248243631,Military,92,59135.3567875465,20684271.9,20684271.9,False,False,False
55.1199999999976,"BANDIT-01",2167.8380835962812,Afterburner,92.28,88011.437682576987,20684271.9,20684271.9,False,False,False
55.1199999999976,"BANDIT-02",2181.8633387934956,Military,92,32267.861542306437,20684271.9,20684271.9,False,False,False
55.219999999997583,"VIPER-01",1894.9818257669037,Afterburner,100,76175.28530938171,20684271.9,20684271.9,False,False,False
55.219999999997583,"VIPER-02",2211.4289340713949,Military,92,59116.915603266149,20684271.9,20684271.9,False,False,False
55.219999999997583,"BANDIT-01",2167.6818126351041,Afterburner,92.28,88005.237922037515,20684271.9,20684271.9,False,False,False
55.219999999997583,"BANDIT-02",2181.7848596644753,Military,92,32269.126992766058,20684271.9,20684271.9,False,False,False
55.319999999997563,"VIPER-01",1894.7881981254422,Afterburner,100,76090.024297271651,20684271.9,20684271.9,False,False,False
55.319999999997563,"VIPER-02",2211.3023719110861,Military,92,59098.333839774627,20684271.9,20684271.9,False,False,False
55.319999999997563,"BANDIT-01",2167.5255459096534,Afterburner,92.28,87998.995683230038,20684271.9,20684271.9,False,False,False
55.319999999997563,"BANDIT-02",2181.7063785310743,Military,92,32270.341231752191,20684271.9,20684271.9,False,False,False
55.419999999997543,"VIPER-01",1894.5950752751642,Afterburner,100,76004.885857374509,20684271.9,20684271.9,False,False,False
55.419999999997543,"VIPER-02",2211.1758412084928,Military,92,59079.628096447683,20684271.9,20684271.9,False,False,False
55.419999999997543,"BANDIT-01",2167.3692811370825,Afterburner,92.28,87992.7104929315,20684271.9,20684271.9,False,False,False
55.419999999997543,"BANDIT-02",2181.6278954923923,Military,92,32271.500525114887,20684271.9,20684271.9,False,False,False
55.519999999997523,"VIPER-01",1894.4024102366611,Afterburner,100,75994.162242709324,20684271.9,20684271.9,False,False,False
55.519999999997523,"VIPER-02",2211.0493395886647,Military,92,59074.952729895653,20684271.9,20684271.9,False,False,False
55.519999999997523,"BANDIT-01",2167.2130199555668,Military,92,34980.916536328623,20684271.9,20684271.9,False,False,False
55.519999999997523,"BANDIT-02",2181.5494106525293,Military,92,32272.604701502642,20684271.9,20684271.9,False,False,False
55.6199999999975,"VIPER-01",1894.210249651373,Afterburner,100,75909.109391757069,20684271.9,20684271.9,False,False,False
55.6199999999975,"VIPER-02",2210.9228699166811,Military,92,59055.988208929564,20684271.9,20684271.9,False,False,False
55.6199999999975,"BANDIT-01",2167.0567600956369,Military,92,34979.770511653835,20684271.9,20684271.9,False,False,False
55.6199999999975,"BANDIT-02",2181.4709241093151,Military,92,32273.65705659072,20684271.9,20684271.9,False,False,False
55.719999999997484,"VIPER-01",1894.0185012310362,Afterburner,100,75823.879267074968,20684271.9,20684271.9,False,False,False
55.719999999997484,"VIPER-02",2210.7964272312165,Military,92,59036.877036988371,20684271.9,20684271.9,False,False,False
55.719999999997484,"BANDIT-01",2166.9005051123095,Military,92,34978.875489152029,20684271.9,20684271.9,False,False,False
55.719999999997484,"BANDIT-02",2181.3924359603084,Military,92,32274.660887585986,20684271.9,20684271.9,False,False,False
55.819999999997464,"VIPER-01",1893.8272115385205,Afterburner,100,75738.636519609732,20684271.9,20684271.9,False,False,False
55.819999999997464,"VIPER-02",2210.6700143900866,Military,92,59017.635670084463,20684271.9,20684271.9,False,False,False
55.819999999997464,"BANDIT-01",2166.7442527361823,Military,92,34978.217875810056,20684271.9,20684271.9,False,False,False
55.819999999997464,"BANDIT-02",2181.3139463041744,Military,92,32275.612471755332,20684271.9,20684271.9,False,False,False
55.919999999997444,"VIPER-01",1893.6363814206579,Afterburner,100,75653.391616940862,20684271.9,20684271.9,False,False,False
55.919999999997444,"VIPER-02",2210.5436316556,Military,92,58998.266658106033,20684271.9,20684271.9,False,False,False
55.919999999997444,"BANDIT-01",2166.5880026391765,Military,92,34977.795108575781,20684271.9,20684271.9,False,False,False
55.919999999997444,"BANDIT-02",2181.2354552353167,Military,92,32276.51157551209,20684271.9,20684271.9,False,False,False
56.019999999997424,"VIPER-01",1893.4459646002438,Afterburner,100,75567.992974334891,20684271.9,20684271.9,False,False,False
56.019999999997424,"VIPER-02",2210.4172766585625,Military,92,58978.757792582794,20684271.9,20684271.9,False,False,False
56.019999999997424,"BANDIT-01",2166.4076221685509,Afterburner,92.28,87953.407716439586,20684271.9,20684271.9,False,False,False
56.019999999997424,"BANDIT-02",2181.1569628538332,Military,92,32277.361534480904,20684271.9,20684271.9,False,False,False
56.119999999997404,"VIPER-01",1893.2560086452206,Afterburner,100,75482.605056046654,20684271.9,20684271.9,False,False,False
56.119999999997404,"VIPER-02",2210.2909522750069,Military,92,58959.125006741728,20684271.9,20684271.9,False,False,False
56.119999999997404,"BANDIT-01",2166.2513785644664,Afterburner,92.28,87946.822962602149,20684271.9,20684271.9,False,False,False
56.119999999997404,"BANDIT-02",2181.0784692516227,Military,92,32278.15858339825,20684271.9,20684271.9,False,False,False
56.219999999997384,"VIPER-01",1893.0664209925826,Afterburner,100,75471.303002182322,20684271.9,20684271.9,False,False,False
56.219999999997384,"VIPER-02",2210.16465352443,Military,92,58953.499318191207,20684271.9,20684271.9,False,False,False
56.219999999997384,"BANDIT-01",2166.0951401336783,Military,92,34962.530957475967,20684271.9,20684271.9,False,False,False
56.219999999997384,"BANDIT-02",2180.9999745289165,Military,92,32278.906063362152,20684271.9,20684271.9,False,False,False
56.319999999997364,"VIPER-01",1892.8772960099413,Afterburner,100,75385.625846259674,20684271.9,20684271.9,False,False,False
56.319999999997364,"VIPER-02",2210.0383858984715,Military,92,58933.59326714799,20684271.9,20684271.9,False,False,False
56.319999999997364,"BANDIT-01",2165.9389027121115,Military,92,34963.066481759495,20684271.9,20684271.9,False,False,False
56.319999999997364,"BANDIT-02",2180.9214787744427,Military,92,32279.603704036526,20684271.9,20684271.9,False,False,False
56.419999999997344,"VIPER-01",1892.688587159359,Afterburner,100,75299.823811739581,20684271.9,20684271.9,False,False,False
56.419999999997344,"VIPER-02",2209.9121470119157,Military,92,58913.555215515735,20684271.9,20684271.9,False,False,False
56.419999999997344,"BANDIT-01",2165.782667888147,Military,92,34963.838383453789,20684271.9,20684271.9,False,False,False
56.419999999997344,"BANDIT-02",2180.8429820905881,Military,92,32280.251353301956,20684271.9,20684271.9,False,False,False
56.519999999997324,"VIPER-01",1892.5002499861844,Afterburner,100,75213.752781970092,20684271.9,20684271.9,False,False,False
56.519999999997324,"VIPER-02",2209.7859345322363,Military,92,58893.373482117247,20684271.9,20684271.9,False,False,False
56.519999999997324,"BANDIT-01",2165.60230557565,Afterburner,92.28,87919.362967459921,20684271.9,20684271.9,False,False,False
56.519999999997324,"BANDIT-02",2180.76448456552,Military,92,32280.85225906206,20684271.9,20684271.9,False,False,False
56.619999999997304,"VIPER-01",1892.3122865518262,Afterburner,100,75127.427789921363,20684271.9,20684271.9,False,False,False
56.619999999997304,"VIPER-02",2209.6597487374224,Military,92,58873.050860122647,20684271.9,20684271.9,False,False,False
56.619999999997304,"BANDIT-01",2165.4460799426915,Afterburner,92.28,87912.564344781538,20684271.9,20684271.9,False,False,False
56.619999999997304,"BANDIT-02",2180.6859862859442,Military,92,32281.40614501623,20684271.9,20684271.9,False,False,False
56.719999999997285,"VIPER-01",1892.1247894212959,Afterburner,100,75115.489835498011,20684271.9,20684271.9,False,False,False
56.719999999997285,"VIPER-02",2209.5335950614158,Military,92,58866.7651019374,20684271.9,20684271.9,False,False,False
56.719999999997285,"BANDIT-01",2165.2898540561114,Military,92,34952.1640863398,20684271.9,20684271.9,False,False,False
56.719999999997285,"BANDIT-02",2180.6074873529287,Military,92,32281.902316275573,20684271.9,20684271.9,False,False,False
56.819999999997265,"VIPER-01",1891.9376669196449,Afterburner,100,75028.957989877323,20684271.9,20684271.9,False,False,False
56.819999999997265,"VIPER-02",2209.4074685339192,Military,92,58846.189213304249,20684271.9,20684271.9,False,False,False
56.819999999997265,"BANDIT-01",2165.1336313544271,Military,92,34953.886699557479,20684271.9,20684271.9,False,False,False
56.819999999997265,"BANDIT-02",2180.5289878611743,Military,92,32282.354633542946,20684271.9,20684271.9,False,False,False
56.919999999997245,"VIPER-01",1891.7509209904067,Afterburner,100,74942.1909438714,20684271.9,20684271.9,False,False,False
56.919999999997245,"VIPER-02",2209.2813694239121,Military,92,58825.477315339995,20684271.9,20684271.9,False,False,False
56.919999999997245,"BANDIT-01",2164.9532823135883,Afterburner,92.28,87891.216688020853,20684271.9,20684271.9,False,False,False
56.919999999997245,"BANDIT-02",2180.4504878985394,Military,92,32282.759324108436,20684271.9,20684271.9,False,False,False
57.019999999997225,"VIPER-01",1891.5645072222951,Afterburner,100,74929.346785942646,20684271.9,20684271.9,False,False,False
57.019999999997225,"VIPER-02",2209.1552953903442,Military,92,58818.762539162592,20684271.9,20684271.9,False,False,False
57.019999999997225,"BANDIT-01",2164.7970682586247,Military,92,34942.63049331076,20684271.9,20684271.9,False,False,False
57.019999999997225,"BANDIT-02",2180.3719875533639,Military,92,32283.116138530924,20684271.9,20684271.9,False,False,False
57.119999999997205,"VIPER-01",1891.3784737689505,Afterburner,100,74841.971579345234,20684271.9,20684271.9,False,False,False
57.119999999997205,"VIPER-02",2209.0292493013253,Military,92,58797.768418582833,20684271.9,20684271.9,False,False,False
57.119999999997205,"BANDIT-01",2164.6408563844475,Military,92,34945.074241084993,20684271.9,20684271.9,False,False,False
57.119999999997205,"BANDIT-02",2180.2934869137871,Military,92,32283.428344898617,20684271.9,20684271.9,False,False,False
57.219999999997185,"VIPER-01",1891.1928223158359,Afterburner,100,74754.403597862576,20684271.9,20684271.9,False,False,False
57.219999999997185,"VIPER-02",2208.90323141135,Military,92,58776.64639821204,20684271.9,20684271.9,False,False,False
57.219999999997185,"BANDIT-01",2164.4605188578312,Afterburner,92.28,87869.483675026844,20684271.9,20684271.9,False,False,False
57.219999999997185,"BANDIT-02",2180.2149860690597,Military,92,32283.69219719477,20684271.9,20684271.9,False,False,False
57.319999999997165,"VIPER-01",1891.0075082360197,Afterburner,100,74740.759657140414,20684271.9,20684271.9,False,False,False
57.319999999997165,"VIPER-02",2208.777239367033,Military,92,58769.522926016209,20684271.9,20684271.9,False,False,False
57.319999999997165,"BANDIT-01",2164.304313793456,Military,92,34935.24526130069,20684271.9,20684271.9,False,False,False
57.319999999997165,"BANDIT-02",2180.1364851088638,Military,92,32283.9074711144,20684271.9,20684271.9,False,False,False
57.419999999997145,"VIPER-01",1890.8225794982893,Afterburner,100,74652.641123945257,20684271.9,20684271.9,False,False,False
57.419999999997145,"VIPER-02",2208.6512760258606,Military,92,58748.129947282461,20684271.9,20684271.9,False,False,False
57.419999999997145,"BANDIT-01",2164.1239828620637,Afterburner,92.28,87854.5493350839,20684271.9,20684271.9,False,False,False
57.419999999997145,"BANDIT-02",2180.0579841226404,Military,92,32284.077454609243,20684271.9,20684271.9,False,False,False
57.519999999997125,"VIPER-01",1890.6378543073413,Afterburner,100,74637.999614455126,20684271.9,20684271.9,False,False,False
57.519999999997125,"VIPER-02",2208.5253312588748,Military,92,58740.697535359475,20684271.9,20684271.9,False,False,False
57.519999999997125,"BANDIT-01",2163.96778892512,Military,92,34926.39225747859,20684271.9,20684271.9,False,False,False
57.519999999997125,"BANDIT-02",2179.9794831890304,Military,92,32284.208859794224,20684271.9,20684271.9,False,False,False
57.619999999997106,"VIPER-01",1890.4535206764838,Afterburner,100,74548.92838558025,20684271.9,20684271.9,False,False,False
57.619999999997106,"VIPER-02",2208.3994157680113,Military,92,58719.002191781685,20684271.9,20684271.9,False,False,False
57.619999999997106,"BANDIT-01",2163.8115955022831,Military,92,34930.033135488673,20684271.9,20684271.9,False,False,False
57.619999999997106,"BANDIT-02",2179.9009823886331,Military,92,32284.294367943792,20684271.9,20684271.9,False,False,False
57.719999999997086,"VIPER-01",1890.2695799079711,Afterburner,100,74459.727250300624,20684271.9,20684271.9,False,False,False
57.719999999997086,"VIPER-02",2208.2735297879935,Military,92,58697.1900109825,20684271.9,20684271.9,False,False,False
57.719999999997086,"BANDIT-01",2163.6312776686632,Afterburner,92.28,87832.1731188013,20684271.9,20684271.9,False,False,False
57.719999999997086,"BANDIT-02",2179.822481813083,Military,92,32284.330272940748,20684271.9,20684271.9,False,False,False
57.819999999997066,"VIPER-01",1890.0858950216152,Afterburner,100,74444.144525417752,20684271.9,20684271.9,False,False,False
57.819999999997066,"VIPER-02",2208.1476657520611,Military,92,58689.350321985374,20684271.9,20684271.9,False,False,False
57.819999999997066,"BANDIT-01",2163.4750916324056,Military,92,34922.60165233,20684271.9,20684271.9,False,False,False
57.819999999997066,"BANDIT-02",2179.7439815510688,Military,92,32284.323383642393,20684271.9,20684271.9,False,False,False
57.919999999997046,"VIPER-01",1889.9025622462591,Afterburner,100,74354.0532852727,20684271.9,20684271.9,False,False,False
57.919999999997046,"VIPER-02",2208.0218291659662,Military,92,58667.246565264824,20684271.9,20684271.9,False,False,False
57.919999999997046,"BANDIT-01",2163.2947832908508,Afterburner,92.28,87816.810130933052,20684271.9,20684271.9,False,False,False
57.919999999997046,"BANDIT-02",2179.6654816778887,Military,92,32284.273370237392,20684271.9,20684271.9,False,False,False
58.019999999997026,"VIPER-01",1889.7195368790369,Afterburner,100,74337.743736849414,20684271.9,20684271.9,False,False,False
58.019999999997026,"VIPER-02",2207.8960176637461,Military,92,58659.130571004636,20684271.9,20684271.9,False,False,False
58.019999999997026,"BANDIT-01",2163.1386033937797,Military,92,34916.129305685638,20684271.9,20684271.9,False,False,False
58.019999999997026,"BANDIT-02",2179.5869822839268,Military,92,32284.176522665784,20684271.9,20684271.9,False,False,False
58.119999999997006,"VIPER-01",1889.5368222873578,Afterburner,100,74246.818671979927,20684271.9,20684271.9,False,False,False
58.119999999997006,"VIPER-02",2207.7702315290717,Military,92,58636.74439583614,20684271.9,20684271.9,False,False,False
58.119999999997006,"BANDIT-01",2162.9583034971197,Afterburner,92.28,87801.275179636956,20684271.9,20684271.9,False,False,False
58.119999999997006,"BANDIT-02",2179.5084834467511,Military,92,32284.039560968082,20684271.9,20684271.9,False,False,False
58.219999999996986,"VIPER-01",1889.3543745597676,Afterburner,100,74229.5310471701,20684271.9,20684271.9,False,False,False
58.219999999996986,"VIPER-02",2207.6444684132362,Military,92,58628.333814851343,20684271.9,20684271.9,False,False,False
58.219999999996986,"BANDIT-01",2162.8021321040237,Military,92,34910.619528807605,20684271.9,20684271.9,False,False,False
58.219999999996986,"BANDIT-02",2179.4299852510953,Military,92,32283.858735884878,20684271.9,20684271.9,False,False,False
58.319999999996966,"VIPER-01",1889.1722895318594,Afterburner,100,74137.832174700859,20684271.9,20684271.9,False,False,False
58.319999999996966,"VIPER-02",2207.5187338033957,Military,92,58605.674494508807,20684271.9,20684271.9,False,False,False
58.319999999996966,"BANDIT-01",2162.6218396010472,Afterburner,92.28,87785.568264875852,20684271.9,20684271.9,False,False,False
58.319999999996966,"BANDIT-02",2179.3514877742368,Military,92,32283.633750124394,20684271.9,20684271.9,False,False,False
58.419999999996946,"VIPER-01",1888.9904307784791,Afterburner,100,74119.618738171965,20684271.9,20684271.9,False,False,False
58.419999999996946,"VIPER-02",2207.3930201399976,Military,92,58596.977120794232,20684271.9,20684271.9,False,False,False
58.419999999996946,"BANDIT-01",2162.4656754366133,Military,92,34906.055586055991,20684271.9,20684271.9,False,False,False
58.419999999996946,"BANDIT-02",2179.2729911012207,Military,92,32283.367885533989,20684271.9,20684271.9,False,False,False
58.519999999996926,"VIPER-01",1888.8088938834339,Afterburner,100,74101.042881171612,20684271.9,20684271.9,False,False,False
58.519999999996926,"VIPER-02",2207.26733290084,Military,92,58588.147007545122,20684271.9,20684271.9,False,False,False
58.519999999996926,"BANDIT-01",2162.2853928546915,Military,92,34896.436454187649,20684271.9,20684271.9,False,False,False
58.519999999996926,"BANDIT-02",2179.1944953109678,Military,92,32283.057353429373,20684271.9,20684271.9,False,False,False
58.619999999996907,"VIPER-01",1888.6276359679359,Afterburner,100,74007.799113091474,20684271.9,20684271.9,False,False,False
58.619999999996907,"VIPER-02",2207.1416697589657,Military,92,58565.047794297127,20684271.9,20684271.9,False,False,False
58.619999999996907,"BANDIT-01",2162.1051145397987,Afterburner,92.28,87761.340283705271,20684271.9,20684271.9,False,False,False
58.619999999996907,"BANDIT-02",2179.1160004809194,Military,92,32282.708885953874,20684271.9,20684271.9,False,False,False
58.719999999996887,"VIPER-01",1888.4466603596611,Afterburner,100,73988.2228213697,20684271.9,20684271.9,False,False,False
58.719999999996887,"VIPER-02",2207.0160309881262,Military,92,58555.928316051351,20684271.9,20684271.9,False,False,False
58.719999999996887,"BANDIT-01",2161.9489608838089,Military,92,34893.305124057413,20684271.9,20684271.9,False,False,False
58.719999999996887,"BANDIT-02",2179.0375066884094,Military,92,32282.315178665136,20684271.9,20684271.9,False,False,False
58.819999999996867,"VIPER-01",1888.2659697371703,Afterburner,100,73894.040900836553,20684271.9,20684271.9,False,False,False
58.819999999996867,"VIPER-02",2206.89041684386,Military,92,58532.549619658843,20684271.9,20684271.9,False,False,False
58.819999999996867,"BANDIT-01",2161.7686909071876,Afterburner,92.28,87745.203133442556,20684271.9,20684271.9,False,False,False
58.819999999996867,"BANDIT-02",2178.9590140152291,Military,92,32281.883005324722,20684271.9,20684271.9,False,False,False
58.919999999996847,"VIPER-01",1888.0855211607468,Afterburner,100,73873.365481093075,20684271.9,20684271.9,False,False,False
58.919999999996847,"VIPER-02",2206.76482499375,Military,92,58523.135083479487,20684271.9,20684271.9,False,False,False
58.919999999996847,"BANDIT-01",2161.6125448645357,Military,92,34891.123557567829,20684271.9,20684271.9,False,False,False
58.919999999996847,"BANDIT-02",2178.8805225390324,Military,92,32281.408580978859,20684271.9,20684271.9,False,False,False
59.019999999996827,"VIPER-01",1887.905364107158,Afterburner,100,73852.241426699809,20684271.9,20684271.9,False,False,False
59.019999999996827,"VIPER-02",2206.6392583083552,Military,92,58513.5834274916,20684271.9,20684271.9,False,False,False
59.019999999996827,"BANDIT-01",2161.4322839000256,Military,92,34882.699075768542,20684271.9,20684271.9,False,False,False
59.019999999996827,"BANDIT-02",2178.8020323373312,Military,92,32280.891630334321,20684271.9,20684271.9,False,False,False
59.119999999996807,"VIPER-01",1887.725456316288,Afterburner,100,73756.43134237155,20684271.9,20684271.9,False,False,False
59.119999999996807,"VIPER-02",2206.5137144706159,Military,92,58489.769207187222,20684271.9,20684271.9,False,False,False
59.119999999996807,"BANDIT-01",2161.2520277468457,Afterburner,92.28,87720.3295681036,20684271.9,20684271.9,False,False,False
59.119999999996807,"BANDIT-02",2178.723543482879,Military,92,32280.338857874904,20684271.9,20684271.9,False,False,False
59.219999999996787,"VIPER-01",1887.5458008754451,Afterburner,100,73734.144522749542,20684271.9,20684271.9,False,False,False
59.219999999996787,"VIPER-02",2206.3881937419774,Military,92,58479.920805720918,20684271.9,20684271.9,False,False,False
59.219999999996787,"BANDIT-01",2161.0717761778956,Afterburner,92.28,87711.722354507438,20684271.9,20684271.9,False,False,False
59.219999999996787,"BANDIT-02",2178.64505605428,Military,92,32279.742987888781,20684271.9,20684271.9,False,False,False
59.319999999996767,"VIPER-01",1887.3663555215555,Afterburner,100,73711.151677524846,20684271.9,20684271.9,False,False,False
59.319999999996767,"VIPER-02",2206.2626938026374,Military,92,58469.91465469676,20684271.9,20684271.9,False,False,False
59.319999999996767,"BANDIT-01",2160.9156475486075,Military,92,34874.249265488463,20684271.9,20684271.9,False,False,False
59.319999999996767,"BANDIT-02",2178.566570124035,Military,92,32279.110728689571,20684271.9,20684271.9,False,False,False
59.419999999996747,"VIPER-01",1887.1872162721672,Afterburner,100,73687.771120649355,20684271.9,20684271.9,False,False,False
59.419999999996747,"VIPER-02",2206.137220128091,Military,92,58459.77914532282,20684271.9,20684271.9,False,False,False
59.419999999996747,"BANDIT-01",2160.7354045949737,Military,92,34866.779429602168,20684271.9,20684271.9,False,False,False
59.419999999996747,"BANDIT-02",2178.4880857665457,Military,92,32278.43477703293,20684271.9,20684271.9,False,False,False
59.519999999996728,"VIPER-01",1887.0083399393411,Afterburner,100,73589.796752304872,20684271.9,20684271.9,False,False,False
59.519999999996728,"VIPER-02",2206.0117703727933,Military,92,58435.393833303,20684271.9,20684271.9,False,False,False
59.519999999996728,"BANDIT-01",2160.5551654886062,Afterburner,92.28,87686.331935456357,20684271.9,20684271.9,False,False,False
59.519999999996728,"BANDIT-02",2178.4096030606679,Military,92,32277.721898075244,20684271.9,20684271.9,False,False,False
59.619999999996708,"VIPER-01",1886.8296840258035,Afterburner,100,73565.21475322562,20684271.9,20684271.9,False,False,False
59.619999999996708,"VIPER-02",2205.8863422085865,Military,92,58424.96269190056,20684271.9,20684271.9,False,False,False
59.619999999996708,"BANDIT-01",2160.3749317248717,Afterburner,92.28,87677.552454226723,20684271.9,20684271.9,False,False,False
59.619999999996708,"BANDIT-02",2178.3311220804762,Military,92,32276.968297872827,20684271.9,20684271.9,False,False,False
59.719999999996688,"VIPER-01",1886.6512069748028,Afterburner,100,73539.833677381088,20684271.9,20684271.9,False,False,False
59.719999999996688,"VIPER-02",2205.7609333307396,Military,92,58414.367634232287,20684271.9,20684271.9,False,False,False
59.719999999996688,"BANDIT-01",2160.21881902138,Military,92,34861.173272538392,20684271.9,20684271.9,False,False,False
59.719999999996688,"BANDIT-02",2178.2526428933497,Military,92,32276.180648940612,20684271.9,20684271.9,False,False,False
59.819999999996668,"VIPER-01",1886.4730049541604,Afterburner,100,73513.9756922905,20684271.9,20684271.9,False,False,False
59.819999999996668,"VIPER-02",2205.6355492135194,Military,92,58403.637707220347,20684271.9,20684271.9,False,False,False
59.819999999996668,"BANDIT-01",2160.0385951373528,Military,92,34854.661013299155,20684271.9,20684271.9,False,False,False
59.819999999996668,"BANDIT-02",2178.1741655719111,Military,92,32275.351646334177,20684271.9,20684271.9,False,False,False
59.919999999996648,"VIPER-01",1886.2950352349749,Afterburner,100,73487.501581359378,20684271.9,20684271.9,False,False,False
59.919999999996648,"VIPER-02",2205.5101875190303,Military,92,58392.761126192367,20684271.9,20684271.9,False,False,False
59.919999999996648,"BANDIT-01",2159.8583758190589,Military,92,34848.385874271131,20684271.9,20684271.9,False,False,False
59.919999999996648,"BANDIT-02",2178.0956901912805,Military,92,32274.484528289489,20684271.9,20684271.9,False,False,False
60.019999999996628,"VIPER-01",1886.1173022055716,Afterburner,100,73386.416214810917,20684271.9,20684271.9,False,False,False
60.019999999996628,"VIPER-02",2205.3848485333219,Military,92,58367.639632642931,20684271.9,20684271.9,False,False,False
60.019999999996628,"BANDIT-01",2159.6781608250949,Afterburner,92.28,87642.693006290181,20684271.9,20684271.9,False,False,False
60.019999999996628,"BANDIT-02",2178.0172168198505,Military,92,32273.582478540782,20684271.9,20684271.9,False,False,False
60.119999999996608,"VIPER-01",1885.9397637260329,Afterburner,100,73358.606494590713,20684271.9,20684271.9,False,False,False
60.119999999996608,"VIPER-02",2205.2595299328518,Military,92,58356.461501293066,20684271.9,20684271.9,False,False,False
60.119999999996608,"BANDIT-01",2159.4979516124827,Afterburner,92.28,87633.69816148984,20684271.9,20684271.9,False,False,False
60.119999999996608,"BANDIT-02",2177.9387455285837,Military,92,32272.641693163041,20684271.9,20684271.9,False,False,False
60.219999999996588,"VIPER-01",1885.7624239039205,Afterburner,100,73330.078069938492,20684271.9,20684271.9,False,False,False
60.219999999996588,"VIPER-02",2205.1342319951659,Military,92,58345.129080860374,20684271.9,20684271.9,False,False,False
60.219999999996588,"BANDIT-01",2159.3418584608994,Military,92,34846.342656513196,20684271.9,20684271.9,False,False,False
60.219999999996588,"BANDIT-02",2177.8602763876906,Military,92,32271.665374378044,20684271.9,20684271.9,False,False,False
60.319999999996568,"VIPER-01",1885.5853327878112,Afterburner,100,73300.996544996873,20684271.9,20684271.9,False,False,False
60.319999999996568,"VIPER-02",2205.0089575902862,Military,92,58333.657188089011,20684271.9,20684271.9,False,False,False
60.319999999996568,"BANDIT-01",2159.1616580428249,Military,92,34841.018663293857,20684271.9,20684271.9,False,False,False
60.319999999996568,"BANDIT-02",2177.7818094686027,Military,92,32270.649728635963,20684271.9,20684271.9,False,False,False
60.419999999996548,"VIPER-01",1885.4084487842788,Afterburner,100,73271.22937991246,20684271.9,20684271.9,False,False,False
60.419999999996548,"VIPER-02",2204.8837044060547,Military,92,58322.034759461938,20684271.9,20684271.9,False,False,False
60.419999999996548,"BANDIT-01",2158.9814626068287,Military,92,34835.93315931,20684271.9,20684271.9,False,False,False
60.419999999996548,"BANDIT-02",2177.7033448380184,Military,92,32269.597934599988,20684271.9,20684271.9,False,False,False
60.519999999996529,"VIPER-01",1885.2317756920741,Afterburner,100,73240.790926439484,20684271.9,20684271.9,False,False,False
60.519999999996529,"VIPER-02",2204.7584727093608,Military,92,58310.263450626386,20684271.9,20684271.9,False,False,False
60.519999999996529,"BANDIT-01",2158.8012719059598,Military,92,34831.0845747533,20684271.9,20684271.9,False,False,False
60.519999999996529,"BANDIT-02",2177.6248825678558,Military,92,32268.509711492978,20684271.9,20684271.9,False,False,False
60.619999999996509,"VIPER-01",1885.0552721020692,Afterburner,100,73209.54930774642,20684271.9,20684271.9,False,False,False
60.619999999996509,"VIPER-02",2204.6332601914628,Military,92,58298.33222843743,20684271.9,20684271.9,False,False,False
60.619999999996509,"BANDIT-01",2158.6210873555192,Military,92,34826.48104709576,20684271.9,20684271.9,False,False,False
60.619999999996509,"BANDIT-02",2177.546422723316,Military,92,32267.388229659937,20684271.9,20684271.9,False,False,False
60.719999999996489,"VIPER-01",1884.8789888345634,Afterburner,100,73177.674221602356,20684271.9,20684271.9,False,False,False
60.719999999996489,"VIPER-02",2204.5080697382386,Military,92,58286.2563234386,20684271.9,20684271.9,False,False,False
60.719999999996489,"BANDIT-01",2158.4409070275196,Military,92,34822.110427670625,20684271.9,20684271.9,False,False,False
60.719999999996489,"BANDIT-02",2177.467965369583,Military,92,32266.229656007035,20684271.9,20684271.9,False,False,False
60.819999999996469,"VIPER-01",1884.7029293647138,Afterburner,100,73145.179154355661,20684271.9,20684271.9,False,False,False
60.819999999996469,"VIPER-02",2204.3829016055561,Military,92,58274.037371623148,20684271.9,20684271.9,False,False,False
60.819999999996469,"BANDIT-01",2158.2607306810041,Military,92,34817.971146111951,20684271.9,20684271.9,False,False,False
60.819999999996469,"BANDIT-02",2177.3895105803144,Military,92,32265.033732507254,20684271.9,20684271.9,False,False,False
60.919999999996449,"VIPER-01",1884.5270521769721,Afterburner,100,73111.928789491853,20684271.9,20684271.9,False,False,False
60.919999999996449,"VIPER-02",2204.2577534800339,Military,92,58261.663724767481,20684271.9,20684271.9,False,False,False
60.919999999996449,"BANDIT-01",2158.08055971971,Military,92,34814.071996392217,20684271.9,20684271.9,False,False,False
60.919999999996449,"BANDIT-02",2177.3110584211126,Military,92,32263.803639268746,20684271.9,20684271.9,False,False,False
61.019999999996429,"VIPER-01",1884.3513619597272,Afterburner,100,73077.941680295975,20684271.9,20684271.9,False,False,False
61.019999999996429,"VIPER-02",2204.1326256476441,Military,92,58249.137410977084,20684271.9,20684271.9,False,False,False
61.019999999996429,"BANDIT-01",2157.9003938807346,Military,92,34810.41104191968,20684271.9,20684271.9,False,False,False
61.019999999996429,"BANDIT-02",2177.2326089568755,Military,92,32262.539049660587,20684271.9,20684271.9,False,False,False
61.119999999996409,"VIPER-01",1884.1758632800929,Afterburner,100,73043.237645417845,20684271.9,20684271.9,False,False,False
61.119999999996409,"VIPER-02",2204.00751839022,Military,92,58236.460753381783,20684271.9,20684271.9,False,False,False
61.119999999996409,"BANDIT-01",2157.7202329035467,Military,92,34806.986017740463,20684271.9,20684271.9,False,False,False
61.119999999996409,"BANDIT-02",2177.1541622531072,Military,92,32261.239645184811,20684271.9,20684271.9,False,False,False
61.219999999996389,"VIPER-01",1884.0005605869424,Afterburner,100,73007.834818108749,20684271.9,20684271.9,False,False,False
61.219999999996389,"VIPER-02",2203.8824319855257,Military,92,58223.63580740476,20684271.9,20684271.9,False,False,False
61.219999999996389,"BANDIT-01",2157.5400765299432,Military,92,34803.794942640161,20684271.9,20684271.9,False,False,False
61.219999999996389,"BANDIT-02",2177.0757183759019,Military,92,32259.905115552654,20684271.9,20684271.9,False,False,False
61.319999999996369,"VIPER-01",1883.8254124114742,Afterburner,100,72971.601107165945,20684271.9,20684271.9,False,False,False
61.319999999996369,"VIPER-02",2203.7573641189128,Military,92,58210.651501724889,20684271.9,20684271.9,False,False,False
61.319999999996369,"BANDIT-01",2157.359926131026,Military,92,34800.845975951233,20684271.9,20684271.9,False,False,False
61.319999999996369,"BANDIT-02",2176.9972773899531,Military,92,32258.538641837236,20684271.9,20684271.9,False,False,False
61.41999999999635,"VIPER-01",1883.650424374109,Afterburner,100,72934.558360954819,20684271.9,20684271.9,False,False,False
61.41999999999635,"VIPER-02",2203.6323150968092,Military,92,58197.510050237863,20684271.9,20684271.9,False,False,False
61.41999999999635,"BANDIT-01",2157.1797814279143,Military,92,34798.137023273033,20684271.9,20684271.9,False,False,False
61.41999999999635,"BANDIT-02",2176.9188393526929,Military,92,32257.139847639111,20684271.9,20684271.9,False,False,False
61.51999999999633,"VIPER-01",1883.4756468477117,Afterburner,100,72896.8737735674,20684271.9,20684271.9,False,False,False
61.51999999999633,"VIPER-02",2203.5072877867042,Military,92,58184.226405966547,20684271.9,20684271.9,False,False,False
61.51999999999633,"BANDIT-01",2156.9996405331381,Military,92,34795.65620738687,20684271.9,20684271.9,False,False,False
61.51999999999633,"BANDIT-02",2176.8404043307796,Military,92,32255.704934902842,20684271.9,20684271.9,False,False,False
61.61999999999631,"VIPER-01",1883.300992329783,Afterburner,100,72858.264608955724,20684271.9,20684271.9,False,False,False
61.61999999999631,"VIPER-02",2203.3822772781045,Military,92,58170.776336619878,20684271.9,20684271.9,False,False,False
61.61999999999631,"BANDIT-01",2156.8195064174479,Military,92,34793.4218528198,20684271.9,20684271.9,False,False,False
61.61999999999631,"BANDIT-02",2176.7619723881235,Military,92,32254.240584029278,20684271.9,20684271.9,False,False,False
61.71999999999629,"VIPER-01",1883.1265580746597,Afterburner,100,72819.047728548059,20684271.9,20684271.9,False,False,False
61.71999999999629,"VIPER-02",2203.2572890532042,Military,92,58157.18736581986,20684271.9,20684271.9,False,False,False
61.71999999999629,"BANDIT-01",2156.6152754485211,Afterburner,92.28,87483.907863364671,20684271.9,20684271.9,False,False,False
61.71999999999629,"BANDIT-02",2176.6835435853259,Military,92,32252.739452897327,20684271.9,20684271.9,False,False,False
61.81999999999627,"VIPER-01",1882.9522569301632,Afterburner,100,72778.945048493,20684271.9,20684271.9,False,False,False
61.81999999999627,"VIPER-02",2203.1323182099663,Military,92,58143.435975617613,20684271.9,20684271.9,False,False,False
61.81999999999627,"BANDIT-01",2156.4351519477941,Afterburner,92.28,87474.178372815149,20684271.9,20684271.9,False,False,False
61.81999999999627,"BANDIT-02",2176.6051179835977,Military,92,32251.208202365586,20684271.9,20684271.9,False,False,False
61.91999999999625,"VIPER-01",1882.7780940522291,Afterburner,100,72737.978031209233,20684271.9,20684271.9,False,False,False
61.91999999999625,"VIPER-02",2203.0073650403583,Military,92,58129.524510439434,20684271.9,20684271.9,False,False,False
61.91999999999625,"BANDIT-01",2156.2550344393389,Afterburner,92.28,87464.4056575273,20684271.9,20684271.9,False,False,False
61.91999999999625,"BANDIT-02",2176.5266956428236,Military,92,32249.646486588295,20684271.9,20684271.9,False,False,False
62.01999999999623,"VIPER-01",1882.604074469677,Afterburner,100,72769.9404143013,20684271.9,20684271.9,False,False,False
62.01999999999623,"VIPER-02",2202.8824298323648,Military,92,58129.516476753619,20684271.9,20684271.9,False,False,False
62.01999999999623,"BANDIT-01",2156.0749226389948,Military,92,34771.549614409385,20684271.9,20684271.9,False,False,False
62.01999999999623,"BANDIT-02",2176.4482766235337,Military,92,32248.050470773996,20684271.9,20684271.9,False,False,False
62.11999999999621,"VIPER-01",1882.4302493218984,Afterburner,100,72727.430239406342,20684271.9,20684271.9,False,False,False
62.11999999999621,"VIPER-02",2202.7575154686592,Military,92,58115.299897288009,20684271.9,20684271.9,False,False,False
62.11999999999621,"BANDIT-01",2155.8948146781026,Military,92,34770.493994103286,20684271.9,20684271.9,False,False,False
62.11999999999621,"BANDIT-02",2176.3698609855742,Military,92,32246.423312787967,20684271.9,20684271.9,False,False,False
62.21999999999619,"VIPER-01",1882.2565773540439,Afterburner,100,72684.10992752116,20684271.9,20684271.9,False,False,False
62.21999999999619,"VIPER-02",2202.6326196361697,Military,92,58100.928591834927,20684271.9,20684271.9,False,False,False
62.21999999999619,"BANDIT-01",2155.7147118731068,Military,92,34769.673761825594,20684271.9,20684271.9,False,False,False
62.21999999999619,"BANDIT-02",2176.2914487907265,Military,92,32244.764689387383,20684271.9,20684271.9,False,False,False
62.31999999999617,"VIPER-01",1882.0830637236411,Afterburner,100,72639.998870477124,20684271.9,20684271.9,False,False,False
62.31999999999617,"VIPER-02",2202.5077426247794,Military,92,58086.404506082807,20684271.9,20684271.9,False,False,False
62.31999999999617,"BANDIT-01",2155.5105184155382,Afterburner,92.28,87424.1957632213,20684271.9,20684271.9,False,False,False
62.31999999999617,"BANDIT-02",2176.2130400980891,Military,92,32243.074257514971,20684271.9,20684271.9,False,False,False
62.419999999996151,"VIPER-01",1881.9097134702336,Afterburner,100,72595.1166729247,20684271.9,20684271.9,False,False,False
62.419999999996151,"VIPER-02",2202.3828847210434,Military,92,58071.729679189935,20684271.9,20684271.9,False,False,False
62.419999999996151,"BANDIT-01",2155.330426505865,Afterburner,92.28,87414.206112799176,20684271.9,20684271.9,False,False,False
62.419999999996151,"BANDIT-02",2176.1346349674204,Military,92,32241.3516812597,20684271.9,20684271.9,False,False,False
62.519999999996131,"VIPER-01",1881.7364854973812,Afterburner,100,72623.043573659044,20684271.9,20684271.9,False,False,False
62.519999999996131,"VIPER-02",2202.2580436155181,Military,92,58070.944139254942,20684271.9,20684271.9,False,False,False
62.519999999996131,"BANDIT-01",2155.1503405297622,Military,92,34753.351773474889,20684271.9,20684271.9,False,False,False
62.519999999996131,"BANDIT-02",2176.0562334590827,Military,92,32239.596632285426,20684271.9,20684271.9,False,False,False
62.619999999996111,"VIPER-01",1881.5633854380851,Afterburner,100,72576.35715512764,20684271.9,20684271.9,False,False,False
62.619999999996111,"VIPER-02",2202.1332196086155,Military,92,58055.94404284827,20684271.9,20684271.9,False,False,False
62.619999999996111,"BANDIT-01",2154.9702601898844,Military,92,34753.4794947977,20684271.9,20684271.9,False,False,False
62.619999999996111,"BANDIT-02",2175.977835628164,Military,92,32237.8157324554,20684271.9,20684271.9,False,False,False
62.719999999996091,"VIPER-01",1881.3904646284684,Afterburner,100,72528.961809144253,20684271.9,20684271.9,False,False,False
62.719999999996091,"VIPER-02",2202.0084155844615,Military,92,58040.799607310648,20684271.9,20684271.9,False,False,False
62.719999999996091,"BANDIT-01",2154.7660912746628,Afterburner,92.28,87383.292559930138,20684271.9,20684271.9,False,False,False
62.719999999996091,"BANDIT-02",2175.8994415317493,Military,92,32236.001640671217,20684271.9,20684271.9,False,False,False
62.819999999996071,"VIPER-01",1881.2176362295627,Afterburner,100,72554.263245137918,20684271.9,20684271.9,False,False,False
62.819999999996071,"VIPER-02",2201.8836266468843,Military,92,58039.533974457787,20684271.9,20684271.9,False,False,False
62.819999999996071,"BANDIT-01",2154.5860229711516,Military,92,34739.172807145223,20684271.9,20684271.9,False,False,False
62.819999999996071,"BANDIT-02",2175.8210512275728,Military,92,32234.15750982321,20684271.9,20684271.9,False,False,False
62.919999999996051,"VIPER-01",1881.0449975346642,Afterburner,100,72505.183942364412,20684271.9,20684271.9,False,False,False
62.919999999996051,"VIPER-02",2201.7588582696876,Military,92,58024.076189643536,20684271.9,20684271.9,False,False,False
62.919999999996051,"BANDIT-01",2154.4059579391342,Military,92,34739.997566086378,20684271.9,20684271.9,False,False,False
62.919999999996051,"BANDIT-02",2175.7426647726966,Military,92,32232.282994188761,20684271.9,20684271.9,False,False,False
63.019999999996031,"VIPER-01",1880.9007276261318,Military,97.759999999999991,64351.385447939494,20684271.9,20684271.9,False,False,False
63.019999999996031,"VIPER-02",2201.6341055586063,Military,92,58008.454157677159,20684271.9,20684271.9,False,False,False
63.019999999996031,"BANDIT-01",2154.2018088183736,Afterburner,92.28,87351.988811965435,20684271.9,20684271.9,False,False,False
63.019999999996031,"BANDIT-02",2175.6642822241593,Military,92,32230.381241775354,20684271.9,20684271.9,False,False,False
63.119999999996011,"VIPER-01",1880.7696561597918,Military,94.95999999999998,61106.868676130638,20684271.9,20684271.9,False,False,False
63.119999999996011,"VIPER-02",2201.51196818541,Military,92,56601.083316446973,20684271.9,20684271.9,False,False,False
63.119999999996011,"BANDIT-01",2154.0217574127796,Military,92,34727.118552730957,20684271.9,20684271.9,False,False,False
63.119999999996011,"BANDIT-02",2175.5859062936725,Military,92,32225.704229607996,20684271.9,20684271.9,False,False,False
63.219999999995991,"VIPER-01",1880.6417357803648,Military,92.159999999999968,61080.668968509955,20684271.9,20684271.9,False,False,False
63.219999999995991,"VIPER-02",2201.3898222656317,Military,92,56603.968641731626,20684271.9,20684271.9,False,False,False
63.219999999995991,"BANDIT-01",2153.8417099944204,Military,92,34728.653537224636,20684271.9,20684271.9,False,False,False
63.219999999995991,"BANDIT-02",2175.5075393886063,Military,92,32221.522369794529,20684271.9,20684271.9,False,False,False
63.319999999995972,"VIPER-01",1880.5137541847571,Military,92,61112.887830371044,20684271.9,20684271.9,False,False,False
63.319999999995972,"VIPER-02",2201.2676697801385,Military,92,56605.666861345911,20684271.9,20684271.9,False,False,False
63.319999999995972,"BANDIT-01",2153.6375787937318,Afterburner,92.28,87320.294465428553,20684271.9,20684271.9,False,False,False
63.319999999995972,"BANDIT-02",2175.42917953038,Military,92,32218.476506805331,20684271.9,20684271.9,False,False,False
63.419999999995952,"VIPER-01",1880.3857129835983,Military,92,61144.424411025488,20684271.9,20684271.9,False,False,False
63.419999999995952,"VIPER-02",2201.1455126495612,Military,92,56606.475031462309,20684271.9,20684271.9,False,False,False
63.419999999995952,"BANDIT-01",2153.4575434692106,Military,92,34717.18029414273,20684271.9,20684271.9,False,False,False
63.419999999995952,"BANDIT-02",2175.3508247907826,Military,92,32216.30229875381,20684271.9,20684271.9,False,False,False
63.519999999995932,"VIPER-01",1880.2576130000577,Military,92,61175.68845812486,20684271.9,20684271.9,False,False,False
63.519999999995932,"VIPER-02",2201.023352048785,Military,92,56606.869323986779,20684271.9,20684271.9,False,False,False
63.519999999995932,"BANDIT-01",2153.2534264244869,Afterburner,92.28,87298.720165865088,20684271.9,20684271.9,False,False,False
63.519999999995932,"BANDIT-02",2175.2724739774794,Military,92,32214.558731132813,20684271.9,20684271.9,False,False,False
63.619999999995912,"VIPER-01",1880.1294545302344,Military,92,61206.870003861732,20684271.9,20684271.9,False,False,False
63.619999999995912,"VIPER-02",2200.90118834692,Military,92,56607.259674636894,20684271.9,20684271.9,False,False,False
63.619999999995912,"BANDIT-01",2153.0734036915469,Military,92,34706.666453541286,20684271.9,20684271.9,False,False,False
63.619999999995912,"BANDIT-02",2175.1941266996814,Military,92,32212.857623192536,20684271.9,20684271.9,False,False,False
63.719999999995892,"VIPER-01",1880.0012377901348,Military,92,61237.893427820127,20684271.9,20684271.9,False,False,False
63.719999999995892,"VIPER-02",2200.7790213569779,Military,92,56607.851976691796,20684271.9,20684271.9,False,False,False
63.719999999995892,"BANDIT-01",2152.8692999845393,Afterburner,92.28,87276.972351217555,20684271.9,20684271.9,False,False,False
63.719999999995892,"BANDIT-02",2175.115783124078,Military,92,32210.99737669143,20684271.9,20684271.9,False,False,False
63.819999999995872,"VIPER-01",1879.8729632758918,Military,92,61268.549395659917,20684271.9,20684271.9,False,False,False
63.819999999995872,"VIPER-02",2200.6568507741645,Military,92,56608.589832790087,20684271.9,20684271.9,False,False,False
63.819999999995872,"BANDIT-01",2152.6892888217262,Military,92,34697.097099323189,20684271.9,20684271.9,False,False,False
63.819999999995872,"BANDIT-02",2175.037443539838,Military,92,32209.022977152694,20684271.9,20684271.9,False,False,False
63.919999999995852,"VIPER-01",1879.7446318161697,Military,92,61298.681596241091,20684271.9,20684271.9,False,False,False
63.919999999995852,"VIPER-02",2200.5346765662107,Military,92,56609.259712405015,20684271.9,20684271.9,False,False,False
63.919999999995852,"BANDIT-01",2152.4851976466712,Afterburner,92.28,87255.050648250734,20684271.9,20684271.9,False,False,False
63.919999999995852,"BANDIT-02",2174.9591079686375,Military,92,32207.130575264051,20684271.9,20684271.9,False,False,False
64.019999999995846,"VIPER-01",1879.6162443860455,Military,92,61328.267979443852,20684271.9,20684271.9,False,False,False
64.019999999995846,"VIPER-02",2200.4124990775867,Military,92,56609.673796514311,20684271.9,20684271.9,False,False,False
64.019999999995846,"BANDIT-01",2152.305198524235,Military,92,34688.469623784193,20684271.9,20684271.9,False,False,False
64.019999999995846,"BANDIT-02",2174.8807760584309,Military,92,32205.496154626679,20684271.9,20684271.9,False,False,False
64.1199999999959,"VIPER-01",1879.4878018959935,Military,92,61357.385991764153,20684271.9,20684271.9,False,False,False
64.1199999999959,"VIPER-02",2200.290318867716,Military,92,56609.773464665544,20684271.9,20684271.9,False,False,False
64.1199999999959,"BANDIT-01",2152.1011205508375,Afterburner,92.28,87232.955143080544,20684271.9,20684271.9,False,False,False
64.1199999999959,"BANDIT-02",2174.8024472425777,Military,92,32204.176541269138,20684271.9,20684271.9,False,False,False
64.219999999995949,"VIPER-01",1879.3593050888094,Military,92,61386.13725829083,20684271.9,20684271.9,False,False,False
64.219999999995949,"VIPER-02",2200.1681364812453,Military,92,56609.615944388235,20684271.9,20684271.9,False,False,False
64.219999999995949,"BANDIT-01",2151.9211324312832,Military,92,34680.77961968851,20684271.9,20684271.9,False,False,False
64.219999999995949,"BANDIT-02",2174.7241209679614,Military,92,32203.119647776846,20684271.9,20684271.9,False,False,False
64.319999999996,"VIPER-01",1879.2307545565009,Military,92,61414.588773593146,20684271.9,20684271.9,False,False,False
64.319999999996,"VIPER-02",2200.0459523050226,Military,92,56609.305374240168,20684271.9,20684271.9,False,False,False
64.319999999996,"BANDIT-01",2151.7170683005843,Afterburner,92.28,87210.685617133655,20684271.9,20684271.9,False,False,False
64.319999999996,"BANDIT-02",2174.6457968379659,Military,92,32202.227832138593,20684271.9,20684271.9,False,False,False
64.419999999996051,"VIPER-01",1879.1021508244623,Military,92,61442.752903763932,20684271.9,20684271.9,False,False,False
64.419999999996051,"VIPER-02",2199.9237665496544,Military,92,56608.927537149604,20684271.9,20684271.9,False,False,False
64.419999999996051,"BANDIT-01",2151.537093066936,Military,92,34674.039988694181,20684271.9,20684271.9,False,False,False
64.419999999996051,"BANDIT-02",2174.5674746318373,Military,92,32201.419127281537,20684271.9,20684271.9,False,False,False
64.5199999999961,"VIPER-01",1878.9707594040226,Afterburner,94.240000000000009,64182.523602338806,20684271.9,20684271.9,False,False,False
64.5199999999961,"VIPER-02",2199.8015793197465,Military,92,56608.515645589381,20684271.9,20684271.9,False,False,False
64.5199999999961,"BANDIT-01",2151.3330433767424,Afterburner,92.28,87188.242225306545,20684271.9,20684271.9,False,False,False
64.5199999999961,"BANDIT-02",2174.4891542354917,Military,92,32200.660178575221,20684271.9,20684271.9,False,False,False
64.619999999996153,"VIPER-01",1878.8318400409646,Afterburner,97.04000000000002,67574.857576913913,20684271.9,20684271.9,False,False,False
64.619999999996153,"VIPER-02",2199.6793907094475,Military,92,56608.0533124927,20684271.9,20684271.9,False,False,False
64.619999999996153,"BANDIT-01",2151.1530799411789,Military,92,34668.244988153965,20684271.9,20684271.9,False,False,False
64.619999999996153,"BANDIT-02",2174.41083554655,Military,92,32199.964393975115,20684271.9,20684271.9,False,False,False
64.7199999999962,"VIPER-01",1878.6892061808619,Afterburner,99.840000000000032,67697.421935779508,20684271.9,20684271.9,False,False,False
64.7199999999962,"VIPER-02",2199.5572008658723,Military,92,56607.502859068409,20684271.9,20684271.9,False,False,False
64.7199999999962,"BANDIT-01",2150.949043820242,Military,92,34658.098784332688,20684271.9,20684271.9,False,False,False
64.7199999999962,"BANDIT-02",2174.332518410888,Military,92,32199.36589731077,20684271.9,20684271.9,False,False,False
64.819999999996256,"VIPER-01",1878.5461710873446,Afterburner,100,67757.906834220776,20684271.9,20684271.9,False,False,False
64.819999999996256,"VIPER-02",2199.4350099968215,Military,92,56606.835738642774,20684271.9,20684271.9,False,False,False
64.819999999996256,"BANDIT-01",2150.745014074394,Afterburner,92.28,87153.909964036662,20684271.9,20684271.9,False,False,False
64.819999999996256,"BANDIT-02",2174.2542026144824,Military,92,32198.890952228216,20684271.9,20684271.9,False,False,False
64.9199999999963,"VIPER-01",1878.4027460759519,Afterburner,100,67816.639087448231,20684271.9,20684271.9,False,False,False
64.9199999999963,"VIPER-02",2199.3128183378881,Military,92,56606.047227244308,20684271.9,20684271.9,False,False,False
64.9199999999963,"BANDIT-01",2150.5650691170249,Military,92,34653.711427309121,20684271.9,20684271.9,False,False,False
64.9199999999963,"BANDIT-02",2174.1758879158215,Military,92,32198.543810862848,20684271.9,20684271.9,False,False,False
65.019999999996358,"VIPER-01",1878.2589416704211,Afterburner,100,67873.740044459046,20684271.9,20684271.9,False,False,False
65.019999999996358,"VIPER-02",2199.1906261114063,Military,92,56605.15292626161,20684271.9,20684271.9,False,False,False
65.019999999996358,"BANDIT-01",2150.361054544966,Military,92,34644.280563218766,20684271.9,20684271.9,False,False,False
65.019999999996358,"BANDIT-02",2174.0975740866838,Military,92,32198.309601612851,20684271.9,20684271.9,False,False,False
65.119999999996409,"VIPER-01",1878.1147677673321,Afterburner,100,67929.28999658156,20684271.9,20684271.9,False,False,False
65.119999999996409,"VIPER-02",2199.06843350223,Military,92,56604.175697993545,20684271.9,20684271.9,False,False,False
65.119999999996409,"BANDIT-01",2150.1570472072185,Afterburner,92.28,87119.186212675952,20684271.9,20684271.9,False,False,False
65.119999999996409,"BANDIT-02",2174.0192609363535,Military,92,32198.16638249694,20684271.9,20684271.9,False,False,False
65.21999999999646,"VIPER-01",1877.97023391658,Afterburner,100,67983.325547097949,20684271.9,20684271.9,False,False,False
65.21999999999646,"VIPER-02",2198.9462406572634,Military,92,56603.13332356824,20684271.9,20684271.9,False,False,False
65.21999999999646,"BANDIT-01",2149.9530483479739,Afterburner,92.28,87107.297982289892,20684271.9,20684271.9,False,False,False
65.21999999999646,"BANDIT-02",2173.9409483122522,Military,92,32198.09674492,20684271.9,20684271.9,False,False,False
65.319999999996512,"VIPER-01",1877.8253495264655,Afterburner,100,68035.861235335935,20684271.9,20684271.9,False,False,False
65.319999999996512,"VIPER-02",2198.824047700909,Military,92,56602.032967117259,20684271.9,20684271.9,False,False,False
65.319999999996512,"BANDIT-01",2149.7731277564867,Military,92,34632.590371925762,20684271.9,20684271.9,False,False,False
65.319999999996512,"BANDIT-02",2173.8626360846565,Military,92,32198.093164667014,20684271.9,20684271.9,False,False,False
65.419999999996563,"VIPER-01",1877.6801239128881,Afterburner,100,68086.914565860076,20684271.9,20684271.9,False,False,False
65.419999999996563,"VIPER-02",2198.7018547531279,Military,92,56600.87298428145,20684271.9,20684271.9,False,False,False
65.419999999996563,"BANDIT-01",2149.5691437358432,Military,92,34624.1189357846,20684271.9,20684271.9,False,False,False
65.419999999996563,"BANDIT-02",2173.7843241287273,Military,92,32198.156464342708,20684271.9,20684271.9,False,False,False
65.519999999996614,"VIPER-01",1877.5345662288521,Afterburner,100,68136.519125816892,20684271.9,20684271.9,False,False,False
65.519999999996614,"VIPER-02",2198.5796619399166,Military,92,56599.648643207474,20684271.9,20684271.9,False,False,False
65.519999999996614,"BANDIT-01",2149.36516337668,Afterburner,92.28,87072.051298450358,20684271.9,20684271.9,False,False,False
65.519999999996614,"BANDIT-02",2173.7060123139968,Military,92,32198.290521649171,20684271.9,20684271.9,False,False,False
65.619999999996665,"VIPER-01",1877.3886853643271,Afterburner,100,68184.722857585337,20684271.9,20684271.9,False,False,False
65.619999999996665,"VIPER-02",2198.457469393521,Military,92,56598.357386653923,20684271.9,20684271.9,False,False,False
65.619999999996665,"BANDIT-01",2149.1611935150886,Afterburner,92.28,87059.989001216556,20684271.9,20684271.9,False,False,False
65.619999999996665,"BANDIT-02",2173.627700504062,Military,92,32198.497313601754,20684271.9,20684271.9,False,False,False
65.719999999996716,"VIPER-01",1877.2424898894528,Afterburner,100,68231.57802091616,20684271.9,20684271.9,False,False,False
65.719999999996716,"VIPER-02",2198.3352772460539,Military,92,56597.000996842289,20684271.9,20684271.9,False,False,False
65.719999999996716,"BANDIT-01",2148.9812988233884,Military,92,34615.247904371041,20684271.9,20684271.9,False,False,False
65.719999999996716,"BANDIT-02",2173.5493885628744,Military,92,32198.77481466722,20684271.9,20684271.9,False,False,False
65.819999999996767,"VIPER-01",1877.095988062438,Afterburner,100,68277.131576305357,20684271.9,20684271.9,False,False,False
65.819999999996767,"VIPER-02",2198.2130856223994,Military,92,56595.584612785453,20684271.9,20684271.9,False,False,False
65.819999999996767,"BANDIT-01",2148.7773420342141,Military,92,34607.7114584864,20684271.9,20684271.9,False,False,False
65.819999999996767,"BANDIT-02",2173.4710763617795,Military,92,32199.117850807314,20684271.9,20684271.9,False,False,False
65.919999999996818,"VIPER-01",1876.9491878792594,Afterburner,100,68321.421234056572,20684271.9,20684271.9,False,False,False
65.919999999996818,"VIPER-02",2198.0908946365762,Military,92,56594.114241297691,20684271.9,20684271.9,False,False,False
65.919999999996818,"BANDIT-01",2148.573395081411,Military,92,34600.426997875504,20684271.9,20684271.9,False,False,False
65.919999999996818,"BANDIT-02",2173.39276378315,Military,92,32199.520403592673,20684271.9,20684271.9,False,False,False
66.01999999999687,"VIPER-01",1876.802097127138,Afterburner,100,68364.477327830071,20684271.9,20684271.9,False,False,False
66.01999999999687,"VIPER-02",2197.9687043924168,Military,92,56592.594607641418,20684271.9,20684271.9,False,False,False
66.01999999999687,"BANDIT-01",2148.3694508848644,Afterburner,92.28,87011.9821896264,20684271.9,20684271.9,False,False,False
66.01999999999687,"BANDIT-02",2173.314450719728,Military,92,32199.97763502031,20684271.9,20684271.9,False,False,False
66.119999999996921,"VIPER-01",1876.6547234153893,Afterburner,100,68406.327366893616,20684271.9,20684271.9,False,False,False
66.119999999996921,"VIPER-02",2197.8465149868393,Military,92,56591.028358851225,20684271.9,20684271.9,False,False,False
66.119999999996921,"BANDIT-01",2148.165516150746,Afterburner,92.28,86999.701789034967,20684271.9,20684271.9,False,False,False
66.119999999996921,"BANDIT-02",2173.236137071372,Military,92,32200.486663516851,20684271.9,20684271.9,False,False,False
66.219999999996972,"VIPER-01",1876.5070741793363,Afterburner,100,68446.999777623758,20684271.9,20684271.9,False,False,False
66.219999999996972,"VIPER-02",2197.7243265132306,Military,92,56589.41656918457,20684271.9,20684271.9,False,False,False
66.219999999996972,"BANDIT-01",2147.9615906593017,Afterburner,92.28,86987.378024752688,20684271.9,20684271.9,False,False,False
66.219999999996972,"BANDIT-02",2173.15782274168,Military,92,32201.046115615743,20684271.9,20684271.9,False,False,False
66.319999999997023,"VIPER-01",1876.3591566693613,Afterburner,100,68486.525081500455,20684271.9,20684271.9,False,False,False
66.319999999997023,"VIPER-02",2197.6021390632545,Military,92,56587.759830206225,20684271.9,20684271.9,False,False,False
66.319999999997023,"BANDIT-01",2147.757674192761,Afterburner,92.28,86975.010792097833,20684271.9,20684271.9,False,False,False
66.319999999997023,"BANDIT-02",2173.0795076361655,Military,92,32201.655113147946,20684271.9,20684271.9,False,False,False
66.419999999997074,"VIPER-01",1876.2109779407895,Afterburner,100,68524.934834863932,20684271.9,20684271.9,False,False,False
66.419999999997074,"VIPER-02",2197.4799527268078,Military,92,56586.059149350731,20684271.9,20684271.9,False,False,False
66.419999999997074,"BANDIT-01",2147.5778237703084,Military,92,34582.605157456223,20684271.9,20684271.9,False,False,False
66.419999999997074,"BANDIT-02",2173.0011916622771,Military,92,32202.312423982785,20684271.9,20684271.9,False,False,False
66.519999999997125,"VIPER-01",1876.0625448538069,Afterburner,100,68562.259781298271,20684271.9,20684271.9,False,False,False
66.519999999997125,"VIPER-02",2197.3577675909287,Military,92,56584.316253973848,20684271.9,20684271.9,False,False,False
66.519999999997125,"BANDIT-01",2147.373917296743,Military,92,34576.70942921871,20684271.9,20684271.9,False,False,False
66.519999999997125,"BANDIT-02",2172.9228747304651,Military,92,32203.016162848595,20684271.9,20684271.9,False,False,False
66.619999999997177,"VIPER-01",1875.9138640834456,Afterburner,100,68598.528565670946,20684271.9,20684271.9,False,False,False
66.619999999997177,"VIPER-02",2197.235583738704,Military,92,56582.53335396896,20684271.9,20684271.9,False,False,False
66.619999999997177,"BANDIT-01",2147.1700192175153,Military,92,34571.056434373641,20684271.9,20684271.9,False,False,False
66.619999999997177,"BANDIT-02",2172.8445567552603,Military,92,32203.764001958949,20684271.9,20684271.9,False,False,False
66.719999999997228,"VIPER-01",1875.7649421338631,Afterburner,100,68633.767545206487,20684271.9,20684271.9,False,False,False
66.719999999997228,"VIPER-02",2197.1134012488665,Military,92,56580.712682865291,20684271.9,20684271.9,False,False,False
66.719999999997228,"BANDIT-01",2146.9661293191593,Military,92,34565.64384968736,20684271.9,20684271.9,False,False,False
66.719999999997228,"BANDIT-02",2172.7662376556746,Military,92,32204.553596559806,20684271.9,20684271.9,False,False,False
66.819999999997279,"VIPER-01",1875.6157853507311,Afterburner,100,68668.001423066584,20684271.9,20684271.9,False,False,False
66.819999999997279,"VIPER-02",2196.9912201961388,Military,92,56578.856140486751,20684271.9,20684271.9,False,False,False
66.819999999997279,"BANDIT-01",2146.7622473909464,Military,92,34560.468482807562,20684271.9,20684271.9,False,False,False
66.819999999997279,"BANDIT-02",2172.6879173548496,Military,92,32205.382921878936,20684271.9,20684271.9,False,False,False
66.91999999999733,"VIPER-01",1875.4663999287154,Afterburner,100,68701.2540726299,20684271.9,20684271.9,False,False,False
66.91999999999733,"VIPER-02",2196.8690406519818,Military,92,56576.965192454569,20684271.9,20684271.9,False,False,False
66.91999999999733,"BANDIT-01",2146.5583732247319,Military,92,34555.527869589358,20684271.9,20684271.9,False,False,False
66.91999999999733,"BANDIT-02",2172.6095957793104,Military,92,32206.250372110273,20684271.9,20684271.9,False,False,False
67.019999999997381,"VIPER-01",1875.3167919147359,Afterburner,100,68733.549047026725,20684271.9,20684271.9,False,False,False
67.019999999997381,"VIPER-02",2196.7468626852847,Military,92,56575.040991530514,20684271.9,20684271.9,False,False,False
67.019999999997381,"BANDIT-01",2146.3545066139277,Military,92,34550.820721002317,20684271.9,20684271.9,False,False,False
67.019999999997381,"BANDIT-02",2172.53127285827,Military,92,32207.154650292934,20684271.9,20684271.9,False,False,False
67.119999999997432,"VIPER-01",1875.1669672096336,Afterburner,100,68764.909629452464,20684271.9,20684271.9,False,False,False
67.119999999997432,"VIPER-02",2196.6246863627493,Military,92,56573.084581057206,20684271.9,20684271.9,False,False,False
67.119999999997432,"BANDIT-01",2146.1506473526538,Military,92,34546.346380755822,20684271.9,20684271.9,False,False,False
67.119999999997432,"BANDIT-02",2172.4529485232333,Military,92,32208.094578166634,20684271.9,20684271.9,False,False,False
67.219999999997484,"VIPER-01",1875.0169315706537,Afterburner,100,68795.35858740758,20684271.9,20684271.9,False,False,False
67.219999999997484,"VIPER-02",2196.50251174894,Military,92,56571.0970466755,20684271.9,20684271.9,False,False,False
67.219999999997484,"BANDIT-01",2145.9467952355794,Military,92,34542.104073307244,20684271.9,20684271.9,False,False,False
67.219999999997484,"BANDIT-02",2172.3746227079482,Military,92,32209.068951916648,20684271.9,20684271.9,False,False,False
67.319999999997535,"VIPER-01",1874.8666906156739,Afterburner,100,68824.917896788262,20684271.9,20684271.9,False,False,False
67.319999999997535,"VIPER-02",2196.3803389061663,Military,92,56569.079556820056,20684271.9,20684271.9,False,False,False
67.319999999997535,"BANDIT-01",2145.7429500582812,Military,92,34538.092547601394,20684271.9,20684271.9,False,False,False
67.319999999997535,"BANDIT-02",2172.2962953485021,Military,92,32210.0765011533,20684271.9,20684271.9,False,False,False
67.419999999997586,"VIPER-01",1874.7162498286848,Afterburner,100,68853.6086186657,20684271.9,20684271.9,False,False,False
67.419999999997586,"VIPER-02",2196.2581678943916,Military,92,56567.033312252781,20684271.9,20684271.9,False,False,False
67.419999999997586,"BANDIT-01",2145.5142361836861,Afterburner,92.56,87299.523165593884,20684271.9,20684271.9,False,False,False
67.419999999997586,"BANDIT-02",2172.2179663834158,Military,92,32211.115933869085,20684271.9,20684271.9,False,False,False
67.519999999997637,"VIPER-01",1874.5656145653886,Afterburner,100,68881.45095793721,20684271.9,20684271.9,False,False,False
67.519999999997637,"VIPER-02",2196.1359987712635,Military,92,56564.959465406049,20684271.9,20684271.9,False,False,False
67.519999999997637,"BANDIT-01",2145.3093239053082,Afterburner,92.56,87286.5207505084,20684271.9,20684271.9,False,False,False
67.519999999997637,"BANDIT-02",2172.1396357536073,Military,92,32212.186010987181,20684271.9,20684271.9,False,False,False
67.619999999997688,"VIPER-01",1874.4147480948288,Afterburner,100,68975.331936760922,20684271.9,20684271.9,False,False,False
67.619999999997688,"VIPER-02",2196.0138288229687,Military,92,56577.83885527408,20684271.9,20684271.9,False,False,False
67.619999999997688,"BANDIT-01",2145.104418860677,Afterburner,92.56,87273.474126494344,20684271.9,20684271.9,False,False,False
67.619999999997688,"BANDIT-02",2172.011655665071,Afterburner,92.56,88995.747888103826,20684271.9,20684271.9,False,False,False
67.719999999997739,"VIPER-01",1874.2609543844749,Afterburner,100,69691.808529483518,20684271.9,20684271.9,False,False,False
67.719999999997739,"VIPER-02",2195.891479854718,Military,92,56730.378367308265,20684271.9,20684271.9,False,False,False
67.719999999997739,"BANDIT-01",2144.8995208479587,Afterburner,92.56,87260.383317389889,20684271.9,20684271.9,False,False,False
67.719999999997739,"BANDIT-02",2171.674652989811,Afterburner,95.360000000000014,93713.193035576289,20684271.9,20684271.9,False,False,False
67.81999999999779,"VIPER-01",1874.1025846073203,Afterburner,100,70416.932949190872,20684271.9,20684271.9,False,False,False
67.81999999999779,"VIPER-02",2195.7688419462243,Military,92,56886.082420634222,20684271.9,20684271.9,False,False,False
67.81999999999779,"BANDIT-01",2144.6946296648825,Afterburner,92.56,87247.248399283315,20684271.9,20684271.9,False,False,False
67.81999999999779,"BANDIT-02",2171.3218773146123,Afterburner,98.160000000000025,96625.910269335232,20684271.9,20684271.9,False,False,False
67.919999999997842,"VIPER-01",1873.9398970130819,Afterburner,100,71057.006645649759,20684271.9,20684271.9,False,False,False
67.919999999997842,"VIPER-02",2195.6459269051229,Military,92,57026.990176519372,20684271.9,20684271.9,False,False,False
67.919999999997842,"BANDIT-01",2144.4897451085276,Afterburner,92.56,87234.06940904184,20684271.9,20684271.9,False,False,False
67.919999999997842,"BANDIT-02",2170.9663032654585,Afterburner,100,96618.6067944407,20684271.9,20684271.9,False,False,False
68.019999999997893,"VIPER-01",1873.7734775204824,Afterburner,100,71618.616311722144,20684271.9,20684271.9,False,False,False
68.019999999997893,"VIPER-02",2195.5227653138122,Military,92,57154.13853770859,20684271.9,20684271.9,False,False,False
68.019999999997893,"BANDIT-01",2144.284434124902,Military,92.56,34865.276653808272,20684271.9,20684271.9,False,False,False
68.019999999997893,"BANDIT-02",2170.610728447381,Afterburner,100,96611.549876048841,20684271.9,20684271.9,False,False,False
68.119999999997944,"VIPER-01",1873.6035595470507,Afterburner,100,72175.481726846148,20684271.9,20684271.9,False,False,False
68.119999999997944,"VIPER-02",2195.399368221927,Military,92,57281.487082253094,20684271.9,20684271.9,False,False,False
68.119999999997944,"BANDIT-01",2144.0784806841534,Military,92.56,34861.268436866623,20684271.9,20684271.9,False,False,False
68.119999999997944,"BANDIT-02",2170.2551533551705,Afterburner,100,96603.99870103487,20684271.9,20684271.9,False,False,False
68.219999999998,"VIPER-01",1873.4300395347398,Afterburner,100,72756.337340294966,20684271.9,20684271.9,False,False,False
68.219999999998,"VIPER-02",2195.2757277679411,Military,92,57414.53370618965,20684271.9,20684271.9,False,False,False
68.219999999998,"BANDIT-01",2143.872534118063,Military,92.56,34857.487266201329,20684271.9,20684271.9,False,False,False
68.219999999998,"BANDIT-02",2169.8995783985388,Afterburner,100,96595.777769444365,20684271.9,20684271.9,False,False,False
68.319999999998046,"VIPER-01",1873.2546538042493,Afterburner,100,72690.254403988045,20684271.9,20684271.9,False,False,False
68.319999999998046,"VIPER-02",2195.1519399928438,Military,92,57424.642831777528,20684271.9,20684271.9,False,False,False
68.319999999998046,"BANDIT-01",2143.6665942270893,Military,92.56,34853.93157722491,20684271.9,20684271.9,False,False,False
68.319999999998046,"BANDIT-02",2169.7831063580716,Military,97.47999999999999,36915.651076782626,20684271.9,20684271.9,False,False,False
68.4199999999981,"VIPER-01",1873.0804284638202,Afterburner,100,72508.117696271642,20684271.9,20684271.9,False,False,False
68.4199999999981,"VIPER-02",2195.0281756079503,Military,92,57412.081204941227,20684271.9,20684271.9,False,False,False
68.4199999999981,"BANDIT-01",2143.4606608115264,Military,92.56,34850.602213623417,20684271.9,20684271.9,False,False,False
68.4199999999981,"BANDIT-02",2169.6719243948273,Military,95.239999999999981,35404.083875941818,20684271.9,20684271.9,False,False,False
68.519999999998149,"VIPER-01",1872.9073965675971,Afterburner,100,72292.603372739162,20684271.9,20684271.9,False,False,False
68.519999999998149,"VIPER-02",2194.9044374072896,Military,92,57392.62436202322,20684271.9,20684271.9,False,False,False
68.519999999998149,"BANDIT-01",2143.2293969240045,Afterburner,93.12,88078.503950804909,20684271.9,20684271.9,False,False,False
68.519999999998149,"BANDIT-02",2169.5395993181723,Afterburner,93.559999999999974,88478.825976146429,20684271.9,20684271.9,False,False,False
68.6199999999982,"VIPER-01",1872.7354405448057,Afterburner,100,72144.573808618778,20684271.9,20684271.9,False,False,False
68.6199999999982,"VIPER-02",2194.7807196973095,Military,92,57385.569762921608,20684271.9,20684271.9,False,False,False
68.6199999999982,"BANDIT-01",2143.0223963916342,Afterburner,93.12,88064.78886531762,20684271.9,20684271.9,False,False,False
68.6199999999982,"BANDIT-02",2169.4314577129676,Military,92,35179.971916576585,20684271.9,20684271.9,False,False,False
68.719999999998251,"VIPER-01",1872.5646462920031,Afterburner,100,71928.814429559425,20684271.9,20684271.9,False,False,False
68.719999999998251,"VIPER-02",2194.657028214755,Military,92,57365.085773229461,20684271.9,20684271.9,False,False,False
68.719999999998251,"BANDIT-01",2142.8154026367238,Afterburner,93.12,88051.028993148488,20684271.9,20684271.9,False,False,False
68.719999999998251,"BANDIT-02",2169.29914033748,Afterburner,92.28,88476.854799624081,20684271.9,20684271.9,False,False,False
68.8199999999983,"VIPER-01",1872.394864757089,Afterburner,100,71796.596276896817,20684271.9,20684271.9,False,False,False
68.8199999999983,"VIPER-02",2194.5333554376466,Military,92,57360.094675672,20684271.9,20684271.9,False,False,False
68.8199999999983,"BANDIT-01",2142.6084154589657,Afterburner,93.12,88037.2243295484,20684271.9,20684271.9,False,False,False
68.8199999999983,"BANDIT-02",2169.1909995126889,Military,92,35177.932661700368,20684271.9,20684271.9,False,False,False
68.919999999998353,"VIPER-01",1872.2261919878854,Afterburner,100,71594.605123416812,20684271.9,20684271.9,False,False,False
68.919999999998353,"VIPER-02",2194.409707634868,Military,92,57341.301179709779,20684271.9,20684271.9,False,False,False
68.919999999998353,"BANDIT-01",2142.4005694665793,Military,93.12,35186.644085949563,20684271.9,20684271.9,False,False,False
68.919999999998353,"BANDIT-02",2169.0828560986456,Military,92,35183.645620030838,20684271.9,20684271.9,False,False,False
69.0199999999984,"VIPER-01",1872.0585285033449,Afterburner,100,71465.569141884422,20684271.9,20684271.9,False,False,False
69.0199999999984,"VIPER-02",2194.2860800531739,Military,92,57335.983276076906,20684271.9,20684271.9,False,False,False
69.0199999999984,"BANDIT-01",2142.1925141255329,Military,93.12,35182.843911019751,20684271.9,20684271.9,False,False,False
69.0199999999984,"BANDIT-02",2168.950543574701,Military,92,35174.553019148749,20684271.9,20684271.9,False,False,False
69.119999999998456,"VIPER-01",1871.8919369061341,Afterburner,100,71259.497355468426,20684271.9,20684271.9,False,False,False
69.119999999998456,"VIPER-02",2194.1624770560143,Military,92,57315.492262395906,20684271.9,20684271.9,False,False,False
69.119999999998456,"BANDIT-01",2141.9844656171549,Military,93.12,35179.271771912907,20684271.9,20684271.9,False,False,False
69.119999999998456,"BANDIT-02",2168.842400699059,Military,92,35182.221625683618,20684271.9,20684271.9,False,False,False
69.2199999999985,"VIPER-01",1871.7262899385842,Afterburner,100,71126.65384572238,20684271.9,20684271.9,False,False,False
69.2199999999985,"VIPER-02",2194.0388922956654,Military,92,57308.559041483262,20684271.9,20684271.9,False,False,False
69.2199999999985,"BANDIT-01",2141.7764237402189,Military,93.12,35175.926798540713,20684271.9,20684271.9,False,False,False
69.2199999999985,"BANDIT-02",2168.7100904939925,Military,92,35174.991120515151,20684271.9,20684271.9,False,False,False
69.319999999998558,"VIPER-01",1871.5617237084607,Afterburner,100,70921.575673983767,20684271.9,20684271.9,False,False,False
69.319999999998558,"VIPER-02",2193.9153342313775,Military,92,57287.372738955404,20684271.9,20684271.9,False,False,False
69.319999999998558,"BANDIT-01",2141.5428039798403,Afterburner,93.68,88890.80082877622,20684271.9,20684271.9,False,False,False
69.319999999998558,"BANDIT-02",2168.5777759827388,Afterburner,92.28,88468.783744107888,20684271.9,20684271.9,False,False,False
69.419999999998609,"VIPER-01",1871.3980364220033,Afterburner,100,70793.2533103717,20684271.9,20684271.9,False,False,False
69.419999999998609,"VIPER-02",2193.7917922867955,Military,92,57280.448063280623,20684271.9,20684271.9,False,False,False
69.419999999998609,"BANDIT-01",2141.3336958544487,Afterburner,93.68,88876.495575094057,20684271.9,20684271.9,False,False,False
69.419999999998609,"BANDIT-02",2168.4696393988461,Military,92,35176.365397695787,20684271.9,20684271.9,False,False,False
69.51999999999866,"VIPER-01",1871.2353981865183,Afterburner,100,70667.4799458235,20684271.9,20684271.9,False,False,False
69.51999999999866,"VIPER-02",2193.668276818687,Military,92,57273.56317055774,20684271.9,20684271.9,False,False,False
69.51999999999866,"BANDIT-01",2141.1245946685431,Afterburner,93.68,88862.144995041584,20684271.9,20684271.9,False,False,False
69.51999999999866,"BANDIT-02",2168.3373271496066,Military,92,35169.229431738466,20684271.9,20684271.9,False,False,False
69.619999999998711,"VIPER-01",1871.0736594966729,Afterburner,100,70468.385893192433,20684271.9,20684271.9,False,False,False
69.619999999998711,"VIPER-02",2193.544780158461,Military,92,57252.28551126425,20684271.9,20684271.9,False,False,False
69.619999999998711,"BANDIT-01",2140.9155002201737,Afterburner,93.68,88847.749105167284,20684271.9,20684271.9,False,False,False
69.619999999998711,"BANDIT-02",2168.2291894232071,Military,92,35177.995559208437,20684271.9,20684271.9,False,False,False
69.719999999998763,"VIPER-01",1870.91290817144,Afterburner,100,70344.339845990529,20684271.9,20684271.9,False,False,False
69.719999999998763,"VIPER-02",2193.4213080167087,Military,92,57244.914207245747,20684271.9,20684271.9,False,False,False
69.719999999998763,"BANDIT-01",2140.7053313702072,Military,93.68,35510.923625503958,20684271.9,20684271.9,False,False,False
69.719999999998763,"BANDIT-02",2168.0968784524912,Military,92,35171.496606347806,20684271.9,20684271.9,False,False,False
69.819999999998814,"VIPER-01",1870.7530945671031,Afterburner,100,70146.666949297825,20684271.9,20684271.9,False,False,False
69.819999999998814,"VIPER-02",2193.2978583296563,Military,92,57223.081824141715,20684271.9,20684271.9,False,False,False
69.819999999998814,"BANDIT-01",2140.49516971957,Military,93.68,35507.101751162932,20684271.9,20684271.9,False,False,False
69.819999999998814,"BANDIT-02",2167.9645668428184,Afterburner,92.28,88460.366184963248,20684271.9,20684271.9,False,False,False
69.919999999998865,"VIPER-01",1870.5941209596704,Afterburner,100,70024.006905877453,20684271.9,20684271.9,False,False,False
69.919999999998865,"VIPER-02",2193.174426308361,Military,92,57215.205239075658,20684271.9,20684271.9,False,False,False
69.919999999998865,"BANDIT-01",2140.2850150643994,Military,93.68,35503.509132192143,20684271.9,20684271.9,False,False,False
69.919999999998865,"BANDIT-02",2167.8564304209344,Military,92,35175.131802677643,20684271.9,20684271.9,False,False,False
70.019999999998916,"VIPER-01",1870.4360734565873,Afterburner,100,69902.710613940842,20684271.9,20684271.9,False,False,False
70.019999999998916,"VIPER-02",2193.0510175107752,Military,92,57207.195360552207,20684271.9,20684271.9,False,False,False
70.019999999998916,"BANDIT-01",2140.0496828164282,Afterburner,94.240000000000009,89711.967698264765,20684271.9,20684271.9,False,False,False
70.019999999998916,"BANDIT-02",2167.7241219010539,Military,92,35169.481705795435,20684271.9,20684271.9,False,False,False
70.119999999998967,"VIPER-01",1870.2788979404224,Afterburner,100,69782.617585223052,20684271.9,20684271.9,False,False,False
70.119999999998967,"VIPER-02",2192.9276295796449,Military,92,57199.042463662176,20684271.9,20684271.9,False,False,False
70.119999999998967,"BANDIT-01",2139.8384626246843,Afterburner,94.240000000000009,89697.108425537459,20684271.9,20684271.9,False,False,False
70.119999999998967,"BANDIT-02",2167.5918140465678,Military,92,35164.037056421832,20684271.9,20684271.9,False,False,False
70.219999999999018,"VIPER-01",1870.1225420918145,Afterburner,100,69589.1127929584,20684271.9,20684271.9,False,False,False
70.219999999999018,"VIPER-02",2192.8042602182727,Military,92,57176.517376042793,20684271.9,20684271.9,False,False,False
70.219999999999018,"BANDIT-01",2139.6272497409864,Afterburner,94.240000000000009,89682.203329175129,20684271.9,20684271.9,False,False,False
70.219999999999018,"BANDIT-02",2167.4836796346754,Military,92,35174.470641908185,20684271.9,20684271.9,False,False,False
70.319999999999069,"VIPER-01",1869.9670465276295,Afterburner,100,69470.785662789043,20684271.9,20684271.9,False,False,False
70.319999999999069,"VIPER-02",2192.6809123900389,Military,92,57167.983934141943,20684271.9,20684271.9,False,False,False
70.319999999999069,"BANDIT-01",2139.4160439607722,Afterburner,94.240000000000009,89667.2523784239,20684271.9,20684271.9,False,False,False
70.319999999999069,"BANDIT-02",2167.35137509845,Military,92,35169.539759539082,20684271.9,20684271.9,False,False,False
70.419999999999121,"VIPER-01",1869.8124057838688,Afterburner,100,69353.355679923421,20684271.9,20684271.9,False,False,False
70.419999999999121,"VIPER-02",2192.5575864537027,Military,92,57159.261301188744,20684271.9,20684271.9,False,False,False
70.419999999999121,"BANDIT-01",2139.2041966952588,Military,94.240000000000009,35837.430434793983,20684271.9,20684271.9,False,False,False
70.419999999999121,"BANDIT-02",2167.2190701230575,Military,92,35164.868170464673,20684271.9,20684271.9,False,False,False
70.519999999999172,"VIPER-01",1869.6586152583534,Afterburner,100,69162.643158790816,20684271.9,20684271.9,False,False,False
70.519999999999172,"VIPER-02",2192.4342827774703,Military,92,57136.185476702944,20684271.9,20684271.9,False,False,False
70.519999999999172,"BANDIT-01",2138.9919245685596,Military,94.240000000000009,35833.355696667873,20684271.9,20684271.9,False,False,False
70.519999999999172,"BANDIT-02",2167.0867643451384,Afterburner,92.28,88446.223995823471,20684271.9,20684271.9,False,False,False
70.619999999999223,"VIPER-01",1869.5055761320891,Afterburner,100,69046.85903339558,20684271.9,20684271.9,False,False,False
70.619999999999223,"VIPER-02",2192.3109964357031,Military,92,57127.098663365774,20684271.9,20684271.9,False,False,False
70.619999999999223,"BANDIT-01",2138.7796598059194,Military,94.240000000000009,35829.513121849515,20684271.9,20684271.9,False,False,False
70.619999999999223,"BANDIT-02",2166.9786320904268,Military,92,35171.885849172475,20684271.9,20684271.9,False,False,False
70.719999999999274,"VIPER-01",1869.3533299883029,Afterburner,100,68931.911098675177,20684271.9,20684271.9,False,False,False
70.719999999999274,"VIPER-02",2192.1877303798829,Military,92,57117.838293053341,20684271.9,20684271.9,False,False,False
70.719999999999274,"BANDIT-01",2138.5674022022035,Military,94.240000000000009,35825.901538031692,20684271.9,20684271.9,False,False,False
70.719999999999274,"BANDIT-02",2166.8463311710902,Military,92,35167.95035361906,20684271.9,20684271.9,False,False,False
70.819999999999325,"VIPER-01",1869.2018721495222,Afterburner,100,68817.752368275032,20684271.9,20684271.9,False,False,False
70.819999999999325,"VIPER-02",2192.0644849474825,Military,92,57108.39899242761,20684271.9,20684271.9,False,False,False
70.819999999999325,"BANDIT-01",2138.3290723382206,Afterburner,94.800000000000011,90512.7540099963,20684271.9,20684271.9,False,False,False
70.819999999999325,"BANDIT-02",2166.7140307184786,Military,92,35164.2606539989,20684271.9,20684271.9,False,False,False
70.919999999999376,"VIPER-01",1869.051198200669,Afterburner,100,68704.348505445843,20684271.9,20684271.9,False,False,False
70.919999999999376,"VIPER-02",2191.9412604843374,Military,92,57098.77768502933,20684271.9,20684271.9,False,False,False
70.919999999999376,"BANDIT-01",2138.1157506107857,Afterburner,94.800000000000011,90497.285820798628,20684271.9,20684271.9,False,False,False
70.919999999999376,"BANDIT-02",2166.5817303717754,Military,92,35160.820547399155,20684271.9,20684271.9,False,False,False
71.019999999999428,"VIPER-01",1868.9013038278549,Afterburner,100,68591.697277453422,20684271.9,20684271.9,False,False,False
71.019999999999428,"VIPER-02",2191.8180573357431,Military,92,57088.977362498226,20684271.9,20684271.9,False,False,False
71.019999999999428,"BANDIT-01",2137.9024363556377,Afterburner,94.800000000000011,90481.77124767263,20684271.9,20684271.9,False,False,False
71.019999999999428,"BANDIT-02",2166.4494297701062,Military,92,35157.62725514554,20684271.9,20684271.9,False,False,False
71.119999999999479,"VIPER-01",1868.7521386905935,Afterburner,100,68405.430004680078,20684271.9,20684271.9,False,False,False
71.119999999999479,"VIPER-02",2191.6948732319574,Military,92,57064.810483839668,20684271.9,20684271.9,False,False,False
71.119999999999479,"BANDIT-01",2137.6889132985261,Military,94.800000000000011,36162.175974948128,20684271.9,20684271.9,False,False,False
71.119999999999479,"BANDIT-02",2166.3171308858246,Afterburner,92.28,88431.944165985071,20684271.9,20684271.9,False,False,False
71.21999999999953,"VIPER-01",1868.6036986050574,Afterburner,100,68294.0006461988,20684271.9,20684271.9,False,False,False
71.21999999999953,"VIPER-02",2191.5717085050619,Military,92,57054.638946505234,20684271.9,20684271.9,False,False,False
71.21999999999953,"BANDIT-01",2137.4745335593657,Military,94.800000000000011,36157.847499254145,20684271.9,20684271.9,False,False,False
71.21999999999953,"BANDIT-02",2166.1848333549688,Afterburner,92.28,88429.297845951092,20684271.9,20684271.9,False,False,False
71.319999999999581,"VIPER-01",1868.4559338665345,Afterburner,100,68183.03308981235,20684271.9,20684271.9,False,False,False
71.319999999999581,"VIPER-02",2191.4485608862196,Military,92,57044.273932610216,20684271.9,20684271.9,False,False,False
71.319999999999581,"BANDIT-01",2137.2601615554731,Military,94.800000000000011,36153.754541928458,20684271.9,20684271.9,False,False,False
71.319999999999581,"BANDIT-02",2166.0767077856417,Military,92,35165.1801806582,20684271.9,20684271.9,False,False,False
71.419999999999632,"VIPER-01",1868.3089333896512,Afterburner,100,68072.849020627837,20684271.9,20684271.9,False,False,False
71.419999999999632,"VIPER-02",2191.3254359382036,Military,92,57033.748367740183,20684271.9,20684271.9,False,False,False
71.419999999999632,"BANDIT-01",2137.0457970790426,Military,94.800000000000011,36149.895008867556,20684271.9,20684271.9,False,False,False
71.419999999999632,"BANDIT-02",2165.9444118757378,Military,92,35162.974033849569,20684271.9,20684271.9,False,False,False
71.519999999999683,"VIPER-01",1868.1626008628064,Afterburner,100,67963.106853934936,20684271.9,20684271.9,False,False,False
71.519999999999683,"VIPER-02",2191.202328759904,Military,92,57023.031633620434,20684271.9,20684271.9,False,False,False
71.519999999999683,"BANDIT-01",2136.8053290263697,Afterburner,95.360000000000014,91323.335363026315,20684271.9,20684271.9,False,False,False
71.519999999999683,"BANDIT-02",2165.8121184861211,Military,92,35161.022918905561,20684271.9,20684271.9,False,False,False
71.619999999999735,"VIPER-01",1868.01693370429,Afterburner,100,67853.8008403114,20684271.9,20684271.9,False,False,False
71.619999999999735,"VIPER-02",2191.0792397080927,Military,92,57012.125170699124,20684271.9,20684271.9,False,False,False
71.619999999999735,"BANDIT-01",2136.5899015072946,Afterburner,95.360000000000014,91307.295487023948,20684271.9,20684271.9,False,False,False
71.619999999999735,"BANDIT-02",2165.6798272282326,Military,92,35159.325782435189,20684271.9,20684271.9,False,False,False
71.719999999999786,"VIPER-01",1867.8720211721454,Afterburner,100,67745.255121314884,20684271.9,20684271.9,False,False,False
71.719999999999786,"VIPER-02",2190.9561743436821,Military,92,57001.062203791313,20684271.9,20684271.9,False,False,False
71.719999999999786,"BANDIT-01",2136.37448183155,Afterburner,95.360000000000014,91291.208706530379,20684271.9,20684271.9,False,False,False
71.719999999999786,"BANDIT-02",2165.547533132532,Military,92,35157.854796254556,20684271.9,20684271.9,False,False,False
71.819999999999837,"VIPER-01",1867.7277668670758,Afterburner,100,67637.136851572621,20684271.9,20684271.9,False,False,False
71.819999999999837,"VIPER-02",2190.8331277510388,Military,92,56989.813775870971,20684271.9,20684271.9,False,False,False
71.819999999999837,"BANDIT-01",2136.1590697904157,Afterburner,95.360000000000014,91275.07503378205,20684271.9,20684271.9,False,False,False
71.819999999999837,"BANDIT-02",2165.4152404487049,Military,92,35156.633982819636,20684271.9,20684271.9,False,False,False
71.919999999999888,"VIPER-01",1867.5841682634964,Afterburner,100,67529.447891614473,20684271.9,20684271.9,False,False,False
71.919999999999888,"VIPER-02",2190.7101002748341,Military,92,56978.382718629953,20684271.9,20684271.9,False,False,False
71.919999999999888,"BANDIT-01",2135.9425856755593,Military,95.360000000000014,36480.205775104616,20684271.9,20684271.9,False,False,False
71.919999999999888,"BANDIT-02",2165.2829487966665,Military,92,35155.6607532661,20684271.9,20684271.9,False,False,False
72.019999999999939,"VIPER-01",1867.4412228076787,Afterburner,100,67422.193563009176,20684271.9,20684271.9,False,False,False
72.019999999999939,"VIPER-02",2190.5870922536819,Military,92,56966.7725247299,20684271.9,20684271.9,False,False,False
72.019999999999939,"BANDIT-01",2135.7261096681523,Military,95.360000000000014,36475.863665412377,20684271.9,20684271.9,False,False,False
72.019999999999939,"BANDIT-02",2165.1506578008812,Military,92,35154.931814888718,20684271.9,20684271.9,False,False,False
72.11999999999999,"VIPER-01",1867.2988360945078,Afterburner,100,67315.05570908841,20684271.9,20684271.9,False,False,False
72.11999999999999,"VIPER-02",2190.46409881222,Military,92,56954.956091777756,20684271.9,20684271.9,False,False,False
72.11999999999999,"BANDIT-01",2135.5096415575749,Military,95.360000000000014,36471.757646539481,20684271.9,20684271.9,False,False,False
72.11999999999999,"BANDIT-02",2165.0183716309175,Military,92,35154.4693198312,20684271.9,20684271.9,False,False,False
72.220000000000041,"VIPER-01",1867.1570993186047,Afterburner,100,67208.369846361427,20684271.9,20684271.9,False,False,False
72.220000000000041,"VIPER-02",2190.3411255396445,Military,92,56942.967899699179,20684271.9,20684271.9,False,False,False
72.220000000000041,"BANDIT-01",2135.2672546475187,Afterburner,95.920000000000016,92128.763863327753,20684271.9,20684271.9,False,False,False
72.220000000000041,"BANDIT-02",2164.8860853325168,Military,92,35154.244229064243,20684271.9,20684271.9,False,False,False
72.320000000000093,"VIPER-01",1867.0168287946642,Military,98.88,65834.179391861908,20684271.9,20684271.9,False,False,False
72.320000000000093,"VIPER-02",2190.2181727556763,Military,92,56930.81004179101,20684271.9,20684271.9,False,False,False
72.320000000000093,"BANDIT-01",2135.0497244067374,Afterburner,95.920000000000016,92112.143761945321,20684271.9,20684271.9,False,False,False
72.320000000000093,"BANDIT-02",2164.7296321381527,Afterburner,92.28,88397.392692989888,20684271.9,20684271.9,False,False,False
72.420000000000144,"VIPER-01",1866.8823437642684,Military,96.079999999999984,62535.263248717325,20684271.9,20684271.9,False,False,False
72.420000000000144,"VIPER-02",2190.0952355757372,Military,92,56918.453350330143,20684271.9,20684271.9,False,False,False
72.420000000000144,"BANDIT-01",2134.8322023809092,Afterburner,95.920000000000016,92095.4762496157,20684271.9,20684271.9,False,False,False
72.420000000000144,"BANDIT-02",2164.597349526111,Afterburner,92.28,88394.23766052509,20684271.9,20684271.9,False,False,False
72.5200000000002,"VIPER-01",1866.7533951525247,Military,93.279999999999973,61169.318405633247,20684271.9,20684271.9,False,False,False
72.5200000000002,"VIPER-02",2189.9723169524113,Military,92,56920.083850810392,20684271.9,20684271.9,False,False,False
72.5200000000002,"BANDIT-01",2134.6146883586571,Afterburner,95.920000000000016,92078.761296861019,20684271.9,20684271.9,False,False,False
72.5200000000002,"BANDIT-02",2164.4650679666274,Military,92,35139.434659668528,20684271.9,20684271.9,False,False,False
72.620000000000246,"VIPER-01",1866.6249177100926,Military,92,61161.972736962824,20684271.9,20684271.9,False,False,False
72.620000000000246,"VIPER-02",2189.8494172371761,Military,92,56907.365229737989,20684271.9,20684271.9,False,False,False
72.620000000000246,"BANDIT-01",2134.3963188542775,Military,95.920000000000016,36800.621997216527,20684271.9,20684271.9,False,False,False
72.620000000000246,"BANDIT-02",2164.3327870686567,Military,92,35140.195975100512,20684271.9,20684271.9,False,False,False
72.7200000000003,"VIPER-01",1866.4964478670154,Military,92,61154.376912193919,20684271.9,20684271.9,False,False,False
72.7200000000003,"VIPER-02",2189.7265367512555,Military,92,56894.470350088726,20684271.9,20684271.9,False,False,False
72.7200000000003,"BANDIT-01",2134.1777419220261,Military,95.920000000000016,36796.031377394727,20684271.9,20684271.9,False,False,False
72.7200000000003,"BANDIT-02",2164.2005064563405,Military,92,35141.198150062635,20684271.9,20684271.9,False,False,False
72.820000000000348,"VIPER-01",1866.3679834557981,Military,92,61146.519836347274,20684271.9,20684271.9,False,False,False
72.820000000000348,"VIPER-02",2189.6036732235461,Military,92,56881.386744498552,20684271.9,20684271.9,False,False,False
72.820000000000348,"BANDIT-01",2133.959173257364,Military,95.920000000000016,36791.679673668237,20684271.9,20684271.9,False,False,False
72.820000000000348,"BANDIT-02",2164.0682279829166,Military,92,35142.451294882609,20684271.9,20684271.9,False,False,False
72.9200000000004,"VIPER-01",1866.2395275835263,Military,92,61138.4211908605,20684271.9,20684271.9,False,False,False
72.9200000000004,"VIPER-02",2189.4808296209126,Military,92,56868.1325231843,20684271.9,20684271.9,False,False,False
72.9200000000004,"BANDIT-01",2133.7146548699848,Afterburner,96.480000000000018,92928.942165540357,20684271.9,20684271.9,False,False,False
72.9200000000004,"BANDIT-02",2163.9359490115708,Military,92,35143.940184983367,20684271.9,20684271.9,False,False,False
73.020000000000451,"VIPER-01",1866.1110780608374,Military,92,61130.067980850072,20684271.9,20684271.9,False,False,False
73.020000000000451,"VIPER-02",2189.3580036534941,Military,92,56854.69531813114,20684271.9,20684271.9,False,False,False
73.020000000000451,"BANDIT-01",2133.4950251722112,Afterburner,96.480000000000018,92911.733262071721,20684271.9,20684271.9,False,False,False
73.020000000000451,"BANDIT-02",2163.7795068664623,Afterburner,92.28,88373.711718928651,20684271.9,20684271.9,False,False,False
73.1200000000005,"VIPER-01",1865.9826327171033,Military,92,61136.026277366967,20684271.9,20684271.9,False,False,False
73.1200000000005,"VIPER-02",2189.23519304941,Military,92,56855.22607503106,20684271.9,20684271.9,False,False,False
73.1200000000005,"BANDIT-01",2133.2754040616287,Afterburner,96.480000000000018,92894.47642947144,20684271.9,20684271.9,False,False,False
73.1200000000005,"BANDIT-02",2163.6472333264774,Military,92,35132.065817461669,20684271.9,20684271.9,False,False,False
73.220000000000553,"VIPER-01",1865.8541946557173,Military,92,61127.152520997835,20684271.9,20684271.9,False,False,False
73.220000000000553,"VIPER-02",2189.1124007720528,Military,92,56841.412403502989,20684271.9,20684271.9,False,False,False
73.220000000000553,"BANDIT-01",2133.0557913240164,Afterburner,96.480000000000018,92877.1716223925,20684271.9,20684271.9,False,False,False
73.220000000000553,"BANDIT-02",2163.5149603876775,Military,92,35134.301193612991,20684271.9,20684271.9,False,False,False
73.3200000000006,"VIPER-01",1865.7257643332002,Military,92,61118.033216001946,20684271.9,20684271.9,False,False,False
73.3200000000006,"VIPER-02",2188.9896271582729,Military,92,56827.423774805131,20684271.9,20684271.9,False,False,False
73.3200000000006,"BANDIT-01",2132.8357552385642,Military,96.480000000000018,37119.103976971535,20684271.9,20684271.9,False,False,False
73.3200000000006,"BANDIT-02",2163.3826876579456,Military,92,35136.775117762867,20684271.9,20684271.9,False,False,False
73.420000000000655,"VIPER-01",1865.5973422002194,Military,92,61108.671501706282,20684271.9,20684271.9,False,False,False
73.420000000000655,"VIPER-02",2188.8668725405637,Military,92,56813.26231109233,20684271.9,20684271.9,False,False,False
73.420000000000655,"BANDIT-01",2132.6150804734234,Military,96.480000000000018,37114.266808147688,20684271.9,20684271.9,False,False,False
73.420000000000655,"BANDIT-02",2163.2262512285661,Afterburner,92.28,88358.942337709639,20684271.9,20684271.9,False,False,False
73.5200000000007,"VIPER-01",1865.4689234518983,Military,92,61113.614615430073,20684271.9,20684271.9,False,False,False
73.5200000000007,"VIPER-02",2188.7441320360376,Military,92,56813.060492185621,20684271.9,20684271.9,False,False,False
73.5200000000007,"BANDIT-01",2132.3944143465633,Military,96.480000000000018,37109.671731298346,20684271.9,20684271.9,False,False,False
73.5200000000007,"BANDIT-02",2163.093983254364,Military,92,35126.861218070648,20684271.9,20684271.9,False,False,False
73.620000000000758,"VIPER-01",1865.3405111881677,Military,92,61103.729697514093,20684271.9,20684271.9,False,False,False
73.620000000000758,"VIPER-02",2188.6214086116283,Military,92,56798.512434314041,20684271.9,20684271.9,False,False,False
73.620000000000758,"BANDIT-01",2132.1737566432957,Military,96.480000000000018,37105.317121452768,20684271.9,20684271.9,False,False,False
73.620000000000758,"BANDIT-02",2162.9617165349787,Military,92,35130.079800927248,20684271.9,20684271.9,False,False,False
73.720000000000809,"VIPER-01",1865.2121058592015,Military,92,61093.600888473127,20684271.9,20684271.9,False,False,False
73.720000000000809,"VIPER-02",2188.4987026075232,Military,92,56783.785118348111,20684271.9,20684271.9,False,False,False
73.720000000000809,"BANDIT-01",2131.9260417780606,Afterburner,97.04000000000002,93705.984059309092,20684271.9,20684271.9,False,False,False
73.720000000000809,"BANDIT-02",2162.8294506644625,Military,92,35133.539655957444,20684271.9,20684271.9,False,False,False
73.82000000000086,"VIPER-01",1865.0837079074656,Military,92,61097.80350179266,20684271.9,20684271.9,False,False,False
73.82000000000086,"VIPER-02",2188.3760143593227,Military,92,56783.038745939593,20684271.9,20684271.9,False,False,False
73.82000000000086,"BANDIT-01",2131.7043246826011,Afterburner,97.04000000000002,93688.129311696568,20684271.9,20684271.9,False,False,False
73.82000000000086,"BANDIT-02",2162.6730235900322,Military,92,35121.647663022995,20684271.9,20684271.9,False,False,False
73.920000000000911,"VIPER-01",1864.9553151586231,Military,92,61087.176550622375,20684271.9,20684271.9,False,False,False
73.920000000000911,"VIPER-02",2188.2533416060892,Military,92,56767.940261637646,20684271.9,20684271.9,False,False,False
73.920000000000911,"BANDIT-01",2131.4826163304092,Afterburner,97.04000000000002,93670.226062558912,20684271.9,20684271.9,False,False,False
73.920000000000911,"BANDIT-02",2162.5407617061237,Military,92,35125.601697140017,20684271.9,20684271.9,False,False,False
74.020000000000962,"VIPER-01",1864.82693068455,Military,92,61076.315137536592,20684271.9,20684271.9,False,False,False
74.020000000000962,"VIPER-02",2188.1306872952573,Military,92,56752.670093444794,20684271.9,20684271.9,False,False,False
74.020000000000962,"BANDIT-01",2131.2608785014622,Military,97.04000000000002,37285.712614192838,20684271.9,20684271.9,False,False,False
74.020000000000962,"BANDIT-02",2162.3843376596537,Afterburner,92.28,88335.160423761175,20684271.9,20684271.9,False,False,False
74.120000000001014,"VIPER-01",1864.6985523013727,Military,92,61079.772890239357,20684271.9,20684271.9,False,False,False
74.120000000001014,"VIPER-02",2188.0080706265148,Military,92,56729.492738906993,20684271.9,20684271.9,False,False,False
74.120000000001014,"BANDIT-01",2131.0389970308142,Military,97.04000000000002,37281.46599154568,20684271.9,20684271.9,False,False,False
74.120000000001014,"BANDIT-02",2162.252078331388,Military,92,35118.63752890141,20684271.9,20684271.9,False,False,False
74.220000000001065,"VIPER-01",1864.5701804418443,Military,92,61068.413047970149,20684271.9,20684271.9,False,False,False
74.220000000001065,"VIPER-02",2187.885509372823,Military,92,56692.066421875832,20684271.9,20684271.9,False,False,False
74.220000000001065,"BANDIT-01",2130.817123763049,Military,97.04000000000002,37277.458941504308,20684271.9,20684271.9,False,False,False
74.220000000001065,"BANDIT-02",2162.119820090682,Military,92,35123.319230540335,20684271.9,20684271.9,False,False,False
74.320000000001116,"VIPER-01",1864.4418129378016,Military,92,61071.362534760076,20684271.9,20684271.9,False,False,False
74.320000000001116,"VIPER-02",2187.7630011357478,Military,92,56668.6772126886,20684271.9,20684271.9,False,False,False
74.320000000001116,"BANDIT-01",2130.5690879084391,Afterburner,97.600000000000023,93680.592176251375,20684271.9,20684271.9,False,False,False
74.320000000001116,"BANDIT-02",2161.9634043869169,Military,92,35112.667845201344,20684271.9,20684271.9,False,False,False
74.420000000001167,"VIPER-01",1864.3134555107315,Military,92,61059.517726205813,20684271.9,20684271.9,False,False,False
74.420000000001167,"VIPER-02",2187.6405513530076,Military,92,56631.055140583994,20684271.9,20684271.9,False,False,False
74.420000000001167,"BANDIT-01",2130.3472397284972,Afterburner,97.600000000000023,93662.423009953971,20684271.9,20684271.9,False,False,False
74.420000000001167,"BANDIT-02",2161.83114863825,Military,92,35117.832767794309,20684271.9,20684271.9,False,False,False
74.520000000001218,"VIPER-01",1864.1851059379962,Military,92,61047.43840694242,20684271.9,20684271.9,False,False,False
74.520000000001218,"VIPER-02",2187.5181575453471,Military,92,56593.369256662263,20684271.9,20684271.9,False,False,False
74.520000000001218,"BANDIT-01",2130.1254005509804,Military,97.600000000000023,37249.418988306541,20684271.9,20684271.9,False,False,False
74.520000000001218,"BANDIT-02",2161.6747328468323,Afterburner,92.28,88313.934643052547,20684271.9,20684271.9,False,False,False
74.620000000001269,"VIPER-01",1864.0567594022166,Military,92,61049.654763759514,20684271.9,20684271.9,False,False,False
74.620000000001269,"VIPER-02",2187.3958146203454,Military,92,56569.756498151131,20684271.9,20684271.9,False,False,False
74.620000000001269,"BANDIT-01",2129.9035744810008,Military,97.600000000000023,37246.45356258392,20684271.9,20684271.9,False,False,False
74.620000000001269,"BANDIT-02",2161.5424824593892,Military,92,35113.313724094696,20684271.9,20684271.9,False,False,False
74.72000000000132,"VIPER-01",1863.9284216305207,Military,92,61037.077548419962,20684271.9,20684271.9,False,False,False
74.72000000000132,"VIPER-02",2187.2735279335707,Military,92,56531.955873775332,20684271.9,20684271.9,False,False,False
74.72000000000132,"BANDIT-01",2129.6555886294141,Afterburner,98.160000000000025,93606.8407302588,20684271.9,20684271.9,False,False,False
74.72000000000132,"BANDIT-02",2161.3860717799221,Afterburner,92.28,88305.0054592354,20684271.9,20684271.9,False,False,False
74.820000000001372,"VIPER-01",1863.8000877942177,Military,92,61038.800846424361,20684271.9,20684271.9,False,False,False
74.820000000001372,"VIPER-02",2187.1512923643977,Military,92,56508.231384042185,20684271.9,20684271.9,False,False,False
74.820000000001372,"BANDIT-01",2129.4337859124212,Afterburner,98.160000000000025,93588.477683500372,20684271.9,20684271.9,False,False,False
74.820000000001372,"BANDIT-02",2161.2538252368004,Military,92,35109.782037819205,20684271.9,20684271.9,False,False,False
74.920000000001423,"VIPER-01",1863.6717636078602,Military,92,61025.739415977179,20684271.9,20684271.9,False,False,False
74.920000000001423,"VIPER-02",2187.0291132772572,Military,92,56470.308706391079,20684271.9,20684271.9,False,False,False
74.920000000001423,"BANDIT-01",2129.2119926822925,Military,98.160000000000025,37221.526489944677,20684271.9,20684271.9,False,False,False
74.920000000001423,"BANDIT-02",2161.0974183821509,Afterburner,92.28,88295.905261764186,20684271.9,20684271.9,False,False,False
75.020000000001474,"VIPER-01",1863.543444232663,Military,92,61026.981282540364,20684271.9,20684271.9,False,False,False
75.020000000001474,"VIPER-02",2186.9069855791008,Military,92,56446.443949058776,20684271.9,20684271.9,False,False,False
75.020000000001474,"BANDIT-01",2128.9902101132061,Military,98.160000000000025,37219.576699713391,20684271.9,20684271.9,False,False,False
75.020000000001474,"BANDIT-02",2160.9651741966704,Military,92,35107.2177073301,20684271.9,20684271.9,False,False,False
75.120000000001525,"VIPER-01",1863.4151327378243,Military,92,61027.987952075346,20684271.9,20684271.9,False,False,False
75.120000000001525,"VIPER-02",2186.7849120383889,Military,92,56422.506796793277,20684271.9,20684271.9,False,False,False
75.120000000001525,"BANDIT-01",2128.7422772249752,Afterburner,98.720000000000027,93532.3146755138,20684271.9,20684271.9,False,False,False
75.120000000001525,"BANDIT-02",2160.8087720186345,Military,92,35098.51146108262,20684271.9,20684271.9,False,False,False
75.220000000001576,"VIPER-01",1863.286824326126,Military,92,61014.171211085864,20684271.9,20684271.9,False,False,False
75.220000000001576,"VIPER-02",2186.66288761336,Military,92,56384.324123134938,20684271.9,20684271.9,False,False,False
75.220000000001576,"BANDIT-01",2128.5205190999704,Military,98.720000000000027,37198.938461175152,20684271.9,20684271.9,False,False,False
75.220000000001576,"BANDIT-02",2160.676532917234,Military,92,35105.642086535117,20684271.9,20684271.9,False,False,False
75.320000000001627,"VIPER-01",1863.1585247062214,Military,92,61014.683030784196,20684271.9,20684271.9,False,False,False
75.320000000001627,"VIPER-02",2186.5409176862131,Military,92,56360.227455330947,20684271.9,20684271.9,False,False,False
75.320000000001627,"BANDIT-01",2128.2987708888945,Military,98.720000000000027,37197.757357519244,20684271.9,20684271.9,False,False,False
75.320000000001627,"BANDIT-02",2160.5201361945055,Military,92,35097.4309475255,20684271.9,20684271.9,False,False,False
75.420000000001679,"VIPER-01",1863.03023429419,Military,92,61000.413288970914,20684271.9,20684271.9,False,False,False
75.420000000001679,"VIPER-02",2186.4190023785977,Military,92,56321.932155425937,20684271.9,20684271.9,False,False,False
75.420000000001679,"BANDIT-01",2128.0508759900026,Afterburner,99.28000000000003,93475.715659129,20684271.9,20684271.9,False,False,False
75.420000000001679,"BANDIT-02",2160.3637392321648,Afterburner,92.28,88272.056257146367,20684271.9,20684271.9,False,False,False
75.52000000000173,"VIPER-01",1862.9019456332355,Military,92,61000.425867406258,20684271.9,20684271.9,False,False,False
75.52000000000173,"VIPER-02",2186.297133993578,Military,92,56297.680929638518,20684271.9,20684271.9,False,False,False
75.52000000000173,"BANDIT-01",2127.8291522865393,Military,99.28000000000003,37178.671823747165,20684271.9,20684271.9,False,False,False
75.52000000000173,"BANDIT-02",2160.2315059690022,Military,92,35097.310460752844,20684271.9,20684271.9,False,False,False
75.620000000001781,"VIPER-01",1862.7736670634631,Military,92,61000.217263480066,20684271.9,20684271.9,False,False,False
75.620000000001781,"VIPER-02",2186.1753205206969,Military,92,56273.376930455459,20684271.9,20684271.9,False,False,False
75.620000000001781,"BANDIT-01",2127.58128350559,Afterburner,99.840000000000032,93437.480422483888,20684271.9,20684271.9,False,False,False
75.620000000001781,"BANDIT-02",2160.075114652795,Military,92,35089.825938086833,20684271.9,20684271.9,False,False,False
75.720000000001832,"VIPER-01",1862.6453937621145,Military,92,60985.207202390979,20684271.9,20684271.9,False,False,False
75.720000000001832,"VIPER-02",2186.0535568867422,Military,92,56234.8485791361,20684271.9,20684271.9,False,False,False
75.720000000001832,"BANDIT-01",2127.3595834253924,Military,99.72,37160.627940287573,20684271.9,20684271.9,False,False,False
75.720000000001832,"BANDIT-02",2159.9428826927046,Military,92,35098.158644503157,20684271.9,20684271.9,False,False,False
75.820000000001883,"VIPER-01",1862.517126158597,Military,92,60984.501239288664,20684271.9,20684271.9,False,False,False
75.820000000001883,"VIPER-02",2185.9318432382606,Military,92,56210.377052983727,20684271.9,20684271.9,False,False,False
75.820000000001883,"BANDIT-01",2127.1117401172264,Afterburner,100,93399.051403024961,20684271.9,20684271.9,False,False,False
75.820000000001883,"BANDIT-02",2159.7864977584859,Military,92,35091.17265446989,20684271.9,20684271.9,False,False,False
75.920000000001934,"VIPER-01",1862.3888647045505,Military,92,60983.552680174,20684271.9,20684271.9,False,False,False
75.920000000001934,"VIPER-02",2185.8101797465779,Military,92,56185.825468109957,20684271.9,20684271.9,False,False,False
75.920000000001934,"BANDIT-01",2126.890064154034,Afterburner,100,93380.153876928031,20684271.9,20684271.9,False,False,False
75.920000000001934,"BANDIT-02",2159.6301152479728,Military,92,35084.43108231949,20684271.9,20684271.9,False,False,False
76.020000000001986,"VIPER-01",1862.2606124718691,Military,92,60967.831886632084,20684271.9,20684271.9,False,False,False
76.020000000001986,"VIPER-02",2185.6885691853327,Military,92,56147.073937251444,20684271.9,20684271.9,False,False,False
76.020000000001986,"BANDIT-01",2126.6683990985211,Military,99.72,37144.2412881773,20684271.9,20684271.9,False,False,False
76.020000000001986,"BANDIT-02",2159.4737328072515,Afterburner,92.28,88241.745396239421,20684271.9,20684271.9,False,False,False
76.120000000002037,"VIPER-01",1862.1323646140636,Military,92,60966.403917321484,20684271.9,20684271.9,False,False,False
76.120000000002037,"VIPER-02",2185.5670064662104,Military,92,56122.367925792518,20684271.9,20684271.9,False,False,False
76.120000000002037,"BANDIT-01",2126.4205956414025,Afterburner,100,93341.4336444308,20684271.9,20684271.9,False,False,False
76.120000000002037,"BANDIT-02",2159.3415096005069,Military,92,35087.225766140968,20684271.9,20684271.9,False,False,False
76.220000000002088,"VIPER-01",1862.0041215712035,Military,92,60964.725610330446,20684271.9,20684271.9,False,False,False
76.220000000002088,"VIPER-02",2185.4454917493836,Military,92,56097.5743957799,20684271.9,20684271.9,False,False,False
76.220000000002088,"BANDIT-01",2126.1989546275936,Military,99.72,37128.790925543843,20684271.9,20684271.9,False,False,False
76.220000000002088,"BANDIT-02",2159.1851350510324,Military,92,35081.220546788478,20684271.9,20684271.9,False,False,False
76.320000000002139,"VIPER-01",1861.8758864306456,Military,92,60962.815432102849,20684271.9,20684271.9,False,False,False
76.320000000002139,"VIPER-02",2185.3240278243816,Military,92,56072.710138099326,20684271.9,20684271.9,False,False,False
76.320000000002139,"BANDIT-01",2125.9511776308432,Afterburner,100,93302.519278328647,20684271.9,20684271.9,False,False,False
76.320000000002139,"BANDIT-02",2159.0287617146396,Military,92,35075.452130918522,20684271.9,20684271.9,False,False,False
76.42000000000219,"VIPER-01",1861.7476596178183,Military,92,60946.13444766758,20684271.9,20684271.9,False,False,False
76.42000000000219,"VIPER-02",2185.2026148402142,Military,92,56033.644588199859,20684271.9,20684271.9,False,False,False
76.42000000000219,"BANDIT-01",2125.703414889731,Afterburner,100,93282.600431296931,20684271.9,20684271.9,False,False,False
76.42000000000219,"BANDIT-02",2158.8723893107867,Afterburner,92.28,88220.4481454447,20684271.9,20684271.9,False,False,False
76.520000000002241,"VIPER-01",1861.6194362891242,Military,92,60943.737692752766,20684271.9,20684271.9,False,False,False
76.520000000002241,"VIPER-02",2185.0812477168674,Military,92,56008.612746449486,20684271.9,20684271.9,False,False,False
76.520000000002241,"BANDIT-01",2125.4818111627646,Military,99.72,37098.847755440052,20684271.9,20684271.9,False,False,False
76.520000000002241,"BANDIT-02",2158.7401751012226,Military,92,35080.196295864458,20684271.9,20684271.9,False,False,False
76.620000000002292,"VIPER-01",1861.4912195267721,Military,92,60941.10203331821,20684271.9,20684271.9,False,False,False
76.620000000002292,"VIPER-02",2184.9599292455609,Military,92,55983.499568708226,20684271.9,20684271.9,False,False,False
76.620000000002292,"BANDIT-01",2125.2340752076129,Afterburner,100,93243.394883523622,20684271.9,20684271.9,False,False,False
76.620000000002292,"BANDIT-02",2158.5838099376492,Military,92,35075.162232705683,20684271.9,20684271.9,False,False,False
76.720000000002344,"VIPER-01",1861.3630097738076,Military,92,60938.230940921792,20684271.9,20684271.9,False,False,False
76.720000000002344,"VIPER-02",2184.8386595988818,Military,92,55958.307592606376,20684271.9,20684271.9,False,False,False
76.720000000002344,"BANDIT-01",2125.0124945624179,Military,99.72,37085.995054061634,20684271.9,20684271.9,False,False,False
76.720000000002344,"BANDIT-02",2158.4274468003637,Military,92,35070.368163081592,20684271.9,20684271.9,False,False,False
76.8200000000024,"VIPER-01",1861.2348074384577,Military,92,60935.126653988016,20684271.9,20684271.9,False,False,False
76.8200000000024,"VIPER-02",2184.7174389164024,Military,92,55933.038344407658,20684271.9,20684271.9,False,False,False
76.8200000000024,"BANDIT-01",2124.7647859888457,Afterburner,100,93203.9947447932,20684271.9,20684271.9,False,False,False
76.8200000000024,"BANDIT-02",2158.2710854033771,Military,92,35065.812579355581,20684271.9,20684271.9,False,False,False
76.920000000002446,"VIPER-01",1861.1066129540957,Military,92,60917.258224010715,20684271.9,20684271.9,False,False,False
76.920000000002446,"VIPER-02",2184.5962673634576,Military,92,55893.56917255689,20684271.9,20684271.9,False,False,False
76.920000000002446,"BANDIT-01",2124.5432287790582,Military,99.72,37074.177062813862,20684271.9,20684271.9,False,False,False
76.920000000002446,"BANDIT-02",2158.1147254510379,Afterburner,92.28,88192.68651294196,20684271.9,20684271.9,False,False,False
77.0200000000025,"VIPER-01",1860.9784214903707,Military,92,60913.664856412506,20684271.9,20684271.9,False,False,False
77.0200000000025,"VIPER-02",2184.4751398801673,Military,92,55868.121448747996,20684271.9,20684271.9,False,False,False
77.0200000000025,"BANDIT-01",2124.2955468438959,Military,99.72,37059.958851533534,20684271.9,20684271.9,False,False,False
77.0200000000025,"BANDIT-02",2157.9583706720546,Afterburner,92.28,88186.865944955236,20684271.9,20684271.9,False,False,False
77.120000000002548,"VIPER-01",1860.8502361355456,Military,92,60909.832158047524,20684271.9,20684271.9,False,False,False
77.120000000002548,"VIPER-02",2184.3540592702971,Military,92,55842.588271724264,20684271.9,20684271.9,False,False,False
77.120000000002548,"BANDIT-01",2124.0478793958769,Afterburner,100,93144.141796636934,20684271.9,20684271.9,False,False,False
77.120000000002548,"BANDIT-02",2157.802018726301,Afterburner,92.28,88181.0024563386,20684271.9,20684271.9,False,False,False
77.2200000000026,"VIPER-01",1860.722057311757,Military,92,60905.763456504246,20684271.9,20684271.9,False,False,False
77.2200000000026,"VIPER-02",2184.233025692397,Military,92,55816.971881947335,20684271.9,20684271.9,False,False,False
77.2200000000026,"BANDIT-01",2123.8263586355588,Military,99.72,37049.694841701625,20684271.9,20684271.9,False,False,False
77.2200000000026,"BANDIT-02",2157.66981966131,Military,92,35065.583565013876,20684271.9,20684271.9,False,False,False
77.320000000002651,"VIPER-01",1860.5938854365081,Military,92,60901.460779960631,20684271.9,20684271.9,False,False,False
77.320000000002651,"VIPER-02",2184.112039302132,Military,92,55791.273282359594,20684271.9,20684271.9,False,False,False
77.320000000002651,"BANDIT-01",2123.5787180388638,Military,99.72,37036.265802647555,20684271.9,20684271.9,False,False,False
77.320000000002651,"BANDIT-02",2157.5134722281182,Military,92,35062.246719362905,20684271.9,20684271.9,False,False,False
77.4200000000027,"VIPER-01",1860.4657209503177,Military,92,60896.926283844674,20684271.9,20684271.9,False,False,False
77.4200000000027,"VIPER-02",2183.99110027936,Military,92,55765.493666677074,20684271.9,20684271.9,False,False,False
77.4200000000027,"BANDIT-01",2123.3310914586209,Afterburner,100,93083.8512018335,20684271.9,20684271.9,False,False,False
77.4200000000027,"BANDIT-02",2157.3571266603649,Military,92,35059.148081399842,20684271.9,20684271.9,False,False,False
77.520000000002753,"VIPER-01",1860.3375616441774,Military,92,60892.147929379731,20684271.9,20684271.9,False,False,False
77.520000000002753,"VIPER-02",2183.8702061747435,Military,92,55739.62068782634,20684271.9,20684271.9,False,False,False
77.520000000002753,"BANDIT-01",2123.0834787553281,Afterburner,100,93063.399065185789,20684271.9,20684271.9,False,False,False
77.520000000002753,"BANDIT-02",2157.2007846389961,Military,92,35056.297016739671,20684271.9,20684271.9,False,False,False
77.6200000000028,"VIPER-01",1860.2094079570613,Military,92,60887.128800483784,20684271.9,20684271.9,False,False,False
77.6200000000028,"VIPER-02",2183.7493571693726,Military,92,55713.656538032192,20684271.9,20684271.9,False,False,False
77.6200000000028,"BANDIT-01",2122.8620093203217,Military,99.72,37014.915196230446,20684271.9,20684271.9,False,False,False
77.6200000000028,"BANDIT-02",2157.0444458407178,Military,92,35053.691164730539,20684271.9,20684271.9,False,False,False
77.720000000002855,"VIPER-01",1860.0812603220572,Military,92,60881.87219394141,20684271.9,20684271.9,False,False,False
77.720000000002855,"VIPER-02",2183.6285534398949,Military,92,55687.603606939854,20684271.9,20684271.9,False,False,False
77.720000000002855,"BANDIT-01",2122.6144232922798,Afterburner,100,93023.122299492839,20684271.9,20684271.9,False,False,False
77.720000000002855,"BANDIT-02",2156.8881099455584,Military,92,35051.327923181852,20684271.9,20684271.9,False,False,False
77.8200000000029,"VIPER-01",1859.9531191666995,Military,92,60876.38099469692,20684271.9,20684271.9,False,False,False
77.8200000000029,"VIPER-02",2183.50779515888,Military,92,55661.463856026181,20684271.9,20684271.9,False,False,False
77.8200000000029,"BANDIT-01",2122.3668531660942,Afterburner,100,93002.5243115165,20684271.9,20684271.9,False,False,False
77.8200000000029,"BANDIT-02",2156.7317766365868,Military,92,35049.205116772908,20684271.9,20684271.9,False,False,False
77.920000000002958,"VIPER-01",1859.8249849138476,Military,92,60870.657622551378,20684271.9,20684271.9,False,False,False
77.920000000002958,"VIPER-02",2183.3870824957394,Military,92,55635.238772859644,20684271.9,20684271.9,False,False,False
77.920000000002958,"BANDIT-01",2122.1192962864734,Afterburner,100,92981.877782851167,20684271.9,20684271.9,False,False,False
77.920000000002958,"BANDIT-02",2156.5754455992542,Military,92,35047.321055021304,20684271.9,20684271.9,False,False,False
78.020000000003009,"VIPER-01",1859.6968553568881,Military,92,60864.689705581193,20684271.9,20684271.9,False,False,False
78.020000000003009,"VIPER-02",2183.2664130103312,Military,92,55608.915647798167,20684271.9,20684271.9,False,False,False
78.020000000003009,"BANDIT-01",2121.89787695866,Military,99.72,36984.303534682651,20684271.9,20684271.9,False,False,False
78.020000000003009,"BANDIT-02",2156.4191184748961,Military,92,35045.685453898885,20684271.9,20684271.9,False,False,False
78.12000000000306,"VIPER-01",1859.5687335619878,Military,92,60858.494788528522,20684271.9,20684271.9,False,False,False
78.12000000000306,"VIPER-02",2183.1457894995547,Military,92,55582.510492744819,20684271.9,20684271.9,False,False,False
78.12000000000306,"BANDIT-01",2121.6503477213646,Military,99.72,36972.971177547086,20684271.9,20684271.9,False,False,False
78.12000000000306,"BANDIT-02",2156.23864673727,Afterburner,92.28,88120.0024188576,20684271.9,20684271.9,False,False,False
78.220000000003111,"VIPER-01",1859.4406173309494,Military,92,60852.061439290585,20684271.9,20684271.9,False,False,False
78.220000000003111,"VIPER-02",2183.0252095343626,Military,92,55556.011543546512,20684271.9,20684271.9,False,False,False
78.220000000003111,"BANDIT-01",2121.4028324708293,Afterburner,100,92920.4178127531,20684271.9,20684271.9,False,False,False
78.220000000003111,"BANDIT-02",2156.0823252216419,Afterburner,92.28,88113.665772186432,20684271.9,20684271.9,False,False,False
78.320000000003162,"VIPER-01",1859.3125070857729,Military,92,60845.392606223795,20684271.9,20684271.9,False,False,False
78.320000000003162,"VIPER-02",2182.904673288971,Military,92,55529.420847692032,20684271.9,20684271.9,False,False,False
78.320000000003162,"BANDIT-01",2121.1553322736368,Afterburner,100,92899.576543887859,20684271.9,20684271.9,False,False,False
78.320000000003162,"BANDIT-02",2155.9260066901834,Afterburner,92.28,88107.2860499326,20684271.9,20684271.9,False,False,False
78.420000000003213,"VIPER-01",1859.1844006139031,Military,92,60852.986926246507,20684271.9,20684271.9,False,False,False
78.420000000003213,"VIPER-02",2182.7841783228919,Military,92,55516.830230148167,20684271.9,20684271.9,False,False,False
78.420000000003213,"BANDIT-01",2120.9078469625606,Afterburner,100,92878.686604661591,20684271.9,20684271.9,False,False,False
78.420000000003213,"BANDIT-02",2155.7696927533989,Military,92,35026.034641275262,20684271.9,20684271.9,False,False,False
78.520000000003265,"VIPER-01",1859.0563036142057,Military,92,60845.851934549028,20684271.9,20684271.9,False,False,False
78.520000000003265,"VIPER-02",2182.6637300528005,Military,92,55490.05840796046,20684271.9,20684271.9,False,False,False
78.520000000003265,"BANDIT-01",2120.6603751674324,Afterburner,100,92857.7479997618,20684271.9,20684271.9,False,False,False
78.520000000003265,"BANDIT-02",2155.6133792039359,Military,92,35025.600293521791,20684271.9,20684271.9,False,False,False
78.620000000003316,"VIPER-01",1858.9282086183921,Military,92,60838.459959596272,20684271.9,20684271.9,False,False,False
78.620000000003316,"VIPER-02",2182.543320821896,Military,92,55463.171864297692,20684271.9,20684271.9,False,False,False
78.620000000003316,"BANDIT-01",2120.4129179397182,Afterburner,100,92836.7606971845,20684271.9,20684271.9,False,False,False
78.620000000003316,"BANDIT-02",2155.4570715055897,Military,92,35025.424289686969,20684271.9,20684271.9,False,False,False
78.720000000003367,"VIPER-01",1858.8001239469963,Military,92,60830.858284151254,20684271.9,20684271.9,False,False,False
78.720000000003367,"VIPER-02",2182.4229586530532,Military,92,55436.215187027665,20684271.9,20684271.9,False,False,False
78.720000000003367,"BANDIT-01",2120.1915874607289,Military,99.72,36927.780287599911,20684271.9,20684271.9,False,False,False
78.720000000003367,"BANDIT-02",2155.300763544135,Military,92,35025.470207604762,20684271.9,20684271.9,False,False,False
78.820000000003418,"VIPER-01",1858.6720421303444,Military,92,60823.005719752167,20684271.9,20684271.9,False,False,False
78.820000000003418,"VIPER-02",2182.3026358907464,Military,92,55409.1480788197,20684271.9,20684271.9,False,False,False
78.820000000003418,"BANDIT-01",2119.94415756115,Military,99.72,36918.279098775849,20684271.9,20684271.9,False,False,False
78.820000000003418,"BANDIT-02",2155.1203177937746,Afterburner,92.28,88074.04504397916,20684271.9,20684271.9,False,False,False
78.920000000003469,"VIPER-01",1858.5439688642687,Military,92,60814.934322305176,20684271.9,20684271.9,False,False,False
78.920000000003469,"VIPER-02",2182.1823579541924,Military,92,55382.000520895068,20684271.9,20684271.9,False,False,False
78.920000000003469,"BANDIT-01",2119.6967428588969,Military,99.72,36909.04487817613,20684271.9,20684271.9,False,False,False
78.920000000003469,"BANDIT-02",2154.9640170897896,Afterburner,92.28,88067.4065866312,20684271.9,20684271.9,False,False,False
79.02000000000352,"VIPER-01",1858.4158992875107,Military,92,60821.117919341676,20684271.9,20684271.9,False,False,False
79.02000000000352,"VIPER-02",2182.062119780916,Military,92,55368.841232448387,20684271.9,20684271.9,False,False,False
79.02000000000352,"BANDIT-01",2119.4493431745468,Military,99.72,36900.076009819531,20684271.9,20684271.9,False,False,False
79.02000000000352,"BANDIT-02",2154.8077209264125,Military,92,35011.576799646347,20684271.9,20684271.9,False,False,False
79.120000000003571,"VIPER-01",1858.2878338524149,Military,92,60812.5540903178,20684271.9,20684271.9,False,False,False
79.120000000003571,"VIPER-02",2181.9419215856938,Military,92,55341.478027204517,20684271.9,20684271.9,False,False,False
79.120000000003571,"BANDIT-01",2119.2019583299625,Military,99.72,36891.370585025048,20684271.9,20684271.9,False,False,False
79.120000000003571,"BANDIT-02",2154.6514289390666,Military,92,35012.607475520439,20684271.9,20684271.9,False,False,False
79.220000000003623,"VIPER-01",1858.159778244102,Military,92,60803.780157776673,20684271.9,20684271.9,False,False,False
79.220000000003623,"VIPER-02",2181.821768781298,Military,92,55314.040473868365,20684271.9,20684271.9,False,False,False
79.220000000003623,"BANDIT-01",2118.9545881482481,Military,99.72,36882.92691307982,20684271.9,20684271.9,False,False,False
79.220000000003623,"BANDIT-02",2154.4951369926953,Military,92,35013.860532606828,20684271.9,20684271.9,False,False,False
79.320000000003674,"VIPER-01",1858.0317302129192,Military,92,60794.783758391153,20684271.9,20684271.9,False,False,False
79.320000000003674,"VIPER-02",2181.7016589027844,Military,92,55286.515961352008,20684271.9,20684271.9,False,False,False
79.320000000003674,"BANDIT-01",2118.7072324534679,Military,99.72,36874.743706192559,20684271.9,20684271.9,False,False,False
79.320000000003674,"BANDIT-02",2154.3147068208796,Afterburner,92.28,88039.725784616225,20684271.9,20684271.9,False,False,False
79.420000000003725,"VIPER-01",1857.9036849358463,Military,92,60800.03122269726,20684271.9,20684271.9,False,False,False
79.420000000003725,"VIPER-02",2181.5815869303569,Military,92,55272.966482243122,20684271.9,20684271.9,False,False,False
79.420000000003725,"BANDIT-01",2118.4598910703867,Military,99.72,36866.819953316262,20684271.9,20684271.9,False,False,False
79.420000000003725,"BANDIT-02",2154.1584229002742,Military,92,35001.593708426073,20684271.9,20684271.9,False,False,False
79.520000000003776,"VIPER-01",1857.7756454776109,Military,92,60790.548654851438,20684271.9,20684271.9,False,False,False
79.520000000003776,"VIPER-02",2181.4615556784615,Military,92,55245.226300071234,20684271.9,20684271.9,False,False,False
79.520000000003776,"BANDIT-01",2118.2125638243788,Military,99.72,36859.154680178071,20684271.9,20684271.9,False,False,False
79.520000000003776,"BANDIT-02",2154.0021418319448,Military,92,35003.576694447926,20684271.9,20684271.9,False,False,False
79.620000000003827,"VIPER-01",1857.6476122654117,Military,92,60780.838259784839,20684271.9,20684271.9,False,False,False
79.620000000003827,"VIPER-02",2181.3415653437255,Military,92,55217.391780648832,20684271.9,20684271.9,False,False,False
79.620000000003827,"BANDIT-01",2117.9391533099283,Afterburner,100,92624.204066418111,20684271.9,20684271.9,False,False,False
79.620000000003827,"BANDIT-02",2153.8217247649786,Afterburner,92.28,88018.338365056057,20684271.9,20684271.9,False,False,False
79.720000000003878,"VIPER-01",1857.5195830933842,Military,92,60785.377379772406,20684271.9,20684271.9,False,False,False
79.720000000003878,"VIPER-02",2181.2216135092726,Military,92,55203.535877681083,20684271.9,20684271.9,False,False,False
79.720000000003878,"BANDIT-01",2117.69185791718,Afterburner,100,92602.679579391988,20684271.9,20684271.9,False,False,False
79.720000000003878,"BANDIT-02",2153.6654517352104,Military,92,34992.776127278783,20684271.9,20684271.9,False,False,False
79.82000000000393,"VIPER-01",1857.3915610086833,Military,92,60775.199876649429,20684271.9,20684271.9,False,False,False
79.82000000000393,"VIPER-02",2181.1017029761847,Military,92,55175.499564033315,20684271.9,20684271.9,False,False,False
79.82000000000393,"BANDIT-01",2117.4445761770053,Afterburner,100,92581.106175465218,20684271.9,20684271.9,False,False,False
79.82000000000393,"BANDIT-02",2153.5091805580641,Military,92,34995.477932567126,20684271.9,20684271.9,False,False,False
79.920000000003981,"VIPER-01",1857.2635464240086,Military,92,60764.802209600486,20684271.9,20684271.9,False,False,False
79.920000000003981,"VIPER-02",2180.9818339307021,Military,92,55147.374061055714,20684271.9,20684271.9,False,False,False
79.920000000003981,"BANDIT-01",2117.1973101520571,Afterburner,100,92559.483692387672,20684271.9,20684271.9,False,False,False
79.920000000003981,"BANDIT-02",2153.3287742148691,Afterburner,92.28,87996.562164333474,20684271.9,20684271.9,False,False,False
80.020000000004032,"VIPER-01",1857.1355371222824,Military,92,60768.654535104833,20684271.9,20684271.9,False,False,False
80.020000000004032,"VIPER-02",2180.8620039487441,Military,92,55133.225785391565,20684271.9,20684271.9,False,False,False
80.020000000004032,"BANDIT-01",2116.9500574160015,Afterburner,100,92537.812264947323,20684271.9,20684271.9,False,False,False
80.020000000004032,"BANDIT-02",2153.1725092400193,Military,92,34986.107620639908,20684271.9,20684271.9,False,False,False
80.120000000004083,"VIPER-01",1857.0075335170297,Military,92,60757.788787419733,20684271.9,20684271.9,False,False,False
80.120000000004083,"VIPER-02",2180.7422132198685,Military,92,55104.893167496877,20684271.9,20684271.9,False,False,False
80.120000000004083,"BANDIT-01",2116.7028200079012,Afterburner,100,92516.091743830257,20684271.9,20684271.9,False,False,False
80.120000000004083,"BANDIT-02",2152.99211081816,Afterburner,92.28,87981.5967932145,20684271.9,20684271.9,False,False,False
80.220000000004134,"VIPER-01",1856.8795308171543,Military,92,60761.149502373613,20684271.9,20684271.9,False,False,False
80.220000000004134,"VIPER-02",2180.6224567655781,Military,92,55090.514044956748,20684271.9,20684271.9,False,False,False
80.220000000004134,"BANDIT-01",2116.4555977226314,Military,99.72,36795.662118167616,20684271.9,20684271.9,False,False,False
80.220000000004134,"BANDIT-02",2152.8358563487814,Military,92,34977.725877241006,20684271.9,20684271.9,False,False,False
80.320000000004185,"VIPER-01",1856.7515373156841,Military,92,60749.815574253058,20684271.9,20684271.9,False,False,False
80.320000000004185,"VIPER-02",2180.5027426031129,Military,92,55061.971371071319,20684271.9,20684271.9,False,False,False
80.320000000004185,"BANDIT-01",2116.2083892660544,Military,99.72,36790.087531727833,20684271.9,20684271.9,False,False,False
80.320000000004185,"BANDIT-02",2152.6796020638812,Military,92,34981.626408196214,20684271.9,20684271.9,False,False,False
80.420000000004237,"VIPER-01",1856.6235507735739,Military,92,60752.740365855243,20684271.9,20684271.9,False,False,False
80.420000000004237,"VIPER-02",2180.3830682917451,Military,92,55047.411994193906,20684271.9,20684271.9,False,False,False
80.420000000004237,"BANDIT-01",2115.9351114237779,Afterburner,100,92449.873071290567,20684271.9,20684271.9,False,False,False
80.420000000004237,"BANDIT-02",2152.4992159212256,Military,92,34970.28912484373,20684271.9,20684271.9,False,False,False
80.520000000004288,"VIPER-01",1856.4955663817743,Military,92,60740.933415374348,20684271.9,20684271.9,False,False,False
80.520000000004288,"VIPER-02",2180.2634288389977,Military,92,55018.651772629884,20684271.9,20684271.9,False,False,False
80.520000000004288,"BANDIT-01",2115.6879356199347,Afterburner,100,92427.956495457314,20684271.9,20684271.9,False,False,False
80.520000000004288,"BANDIT-02",2152.3429702160138,Military,92,34974.67756854208,20684271.9,20684271.9,False,False,False
80.620000000004339,"VIPER-01",1856.3675898037118,Military,92,60743.386622782869,20684271.9,20684271.9,False,False,False
80.620000000004339,"VIPER-02",2180.1438296544538,Military,92,55003.875063381638,20684271.9,20684271.9,False,False,False
80.620000000004339,"BANDIT-01",2115.4407731183169,Afterburner,100,92405.99082630768,20684271.9,20684271.9,False,False,False
80.620000000004339,"BANDIT-02",2152.162593018179,Military,92,34963.829768173709,20684271.9,20684271.9,False,False,False
80.72000000000439,"VIPER-01",1856.2396162216189,Military,92,60731.117148171455,20684271.9,20684271.9,False,False,False
80.72000000000439,"VIPER-02",2180.024265739476,Military,92,54974.904546357116,20684271.9,20684271.9,False,False,False
80.72000000000439,"BANDIT-01",2115.1936258698847,Military,99.72,36753.285834478665,20684271.9,20684271.9,False,False,False
80.72000000000439,"BANDIT-02",2152.006354612502,Military,92,34968.698344714852,20684271.9,20684271.9,False,False,False
80.820000000004441,"VIPER-01",1856.1116512872341,Military,92,60733.110292032477,20684271.9,20684271.9,False,False,False
80.820000000004441,"VIPER-02",2179.9047424946552,Military,92,54959.918773325,20684271.9,20684271.9,False,False,False
80.820000000004441,"BANDIT-01",2114.9204148273516,Afterburner,100,92361.15076211917,20684271.9,20684271.9,False,False,False
80.820000000004441,"BANDIT-02",2151.8259853023997,Military,92,34958.331123167984,20684271.9,20684271.9,False,False,False
80.920000000004492,"VIPER-01",1855.9836901735653,Military,92,60720.389980947541,20684271.9,20684271.9,False,False,False
80.920000000004492,"VIPER-02",2179.7852549146633,Military,92,54930.746408240171,20684271.9,20684271.9,False,False,False
80.920000000004492,"BANDIT-01",2114.6732999957794,Afterburner,100,92339.03777723317,20684271.9,20684271.9,False,False,False
80.920000000004492,"BANDIT-02",2151.6697529388412,Military,92,34963.670685383964,20684271.9,20684271.9,False,False,False
81.020000000004543,"VIPER-01",1855.85573329641,Military,92,60721.904591748185,20684271.9,20684271.9,False,False,False
81.020000000004543,"VIPER-02",2179.6658032022774,Military,92,54915.531083680711,20684271.9,20684271.9,False,False,False
81.020000000004543,"BANDIT-01",2114.4261998280608,Military,99.72,36724.183075999637,20684271.9,20684271.9,False,False,False
81.020000000004543,"BANDIT-02",2151.4893940569309,Military,92,34953.798331182305,20684271.9,20684271.9,False,False,False
81.1200000000046,"VIPER-01",1855.7277837045117,Military,92,60708.729919316494,20684271.9,20684271.9,False,False,False
81.1200000000046,"VIPER-02",2179.5463901763469,Military,92,54886.150736521005,20684271.9,20684271.9,False,False,False
81.1200000000046,"BANDIT-01",2114.1530398669047,Afterburner,100,92293.904058613654,20684271.9,20684271.9,False,False,False
81.1200000000046,"BANDIT-02",2151.3090378739957,Afterburner,92.28,87904.178099871613,20684271.9,20684271.9,False,False,False
81.220000000004646,"VIPER-01",1855.5998391895628,Military,92,60709.790562046255,20684271.9,20684271.9,False,False,False
81.220000000004646,"VIPER-02",2179.4270134358917,Military,92,54870.726685037866,20684271.9,20684271.9,False,False,False
81.220000000004646,"BANDIT-01",2113.9059711272284,Afterburner,100,92271.64359379391,20684271.9,20684271.9,False,False,False
81.220000000004646,"BANDIT-02",2151.15281691739,Military,92,34950.215669380479,20684271.9,20684271.9,False,False,False
81.3200000000047,"VIPER-01",1855.471900158843,Military,92,60696.158480487466,20684271.9,20684271.9,False,False,False
81.3200000000047,"VIPER-02",2179.3076731789056,Military,92,54841.132718415887,20684271.9,20684271.9,False,False,False
81.3200000000047,"BANDIT-01",2113.6589164718762,Military,99.72,36697.447383286068,20684271.9,20684271.9,False,False,False
81.3200000000047,"BANDIT-02",2150.9724695838995,Afterburner,92.28,87888.174707202721,20684271.9,20684271.9,False,False,False
81.420000000004748,"VIPER-01",1855.3439644093658,Military,92,60696.74678081445,20684271.9,20684271.9,False,False,False
81.420000000004748,"VIPER-02",2179.1883670119391,Military,92,54825.479605294036,20684271.9,20684271.9,False,False,False
81.420000000004748,"BANDIT-01",2113.3858075905359,Afterburner,100,92226.2160362577,20684271.9,20684271.9,False,False,False
81.420000000004748,"BANDIT-02",2150.8162568596613,Military,92,34947.599452180591,20684271.9,20684271.9,False,False,False
81.5200000000048,"VIPER-01",1855.2160349828666,Military,92,60697.111066091245,20684271.9,20684271.9,False,False,False
81.5200000000048,"VIPER-02",2179.0690977517024,Military,92,54809.72270894915,20684271.9,20684271.9,False,False,False
81.5200000000048,"BANDIT-01",2113.1387843997063,Afterburner,100,92203.808000272707,20684271.9,20684271.9,False,False,False
81.5200000000048,"BANDIT-02",2150.6359190433841,Military,92,34938.93023355084,20684271.9,20684271.9,False,False,False
81.62000000000485,"VIPER-01",1855.0881122927865,Military,92,60682.794840693066,20684271.9,20684271.9,False,False,False
81.62000000000485,"VIPER-02",2178.9498656057676,Military,92,54779.805193156615,20684271.9,20684271.9,False,False,False
81.62000000000485,"BANDIT-01",2112.8917767278535,Military,99.72,36673.081565057524,20684271.9,20684271.9,False,False,False
81.62000000000485,"BANDIT-02",2150.4555845083455,Afterburner,92.28,87863.4982293354,20684271.9,20684271.9,False,False,False
81.7200000000049,"VIPER-01",1854.9601915169071,Military,92,60682.6885408627,20684271.9,20684271.9,False,False,False
81.7200000000049,"VIPER-02",2178.8306655826682,Military,92,54763.816916064236,20684271.9,20684271.9,False,False,False
81.7200000000049,"BANDIT-01",2112.61872087032,Afterburner,100,92158.085870990981,20684271.9,20684271.9,False,False,False
81.7200000000049,"BANDIT-02",2150.2993837993549,Military,92,34937.753327827384,20684271.9,20684271.9,False,False,False
81.820000000004953,"VIPER-01",1854.8322783101198,Military,92,60682.365779058637,20684271.9,20684271.9,False,False,False
81.820000000004953,"VIPER-02",2178.7115030981204,Military,92,54747.730112856312,20684271.9,20684271.9,False,False,False
81.820000000004953,"BANDIT-01",2112.3717446073624,Military,99.72,36652.486092600688,20684271.9,20684271.9,False,False,False
81.820000000004953,"BANDIT-02",2150.1190589151238,Military,92,34929.803992143206,20684271.9,20684271.9,False,False,False
81.920000000005,"VIPER-01",1854.7043678469151,Military,92,60681.8006982457,20684271.9,20684271.9,False,False,False
81.920000000005,"VIPER-02",2178.5923731596768,Military,92,54731.519321023552,20684271.9,20684271.9,False,False,False
81.920000000005,"BANDIT-01",2112.0987227414385,Afterburner,100,92112.167521358046,20684271.9,20684271.9,False,False,False
81.920000000005,"BANDIT-02",2149.9387400746782,Military,92,34922.104919300873,20684271.9,20684271.9,False,False,False
82.020000000005055,"VIPER-01",1854.5764657924394,Military,92,60666.57048266544,20684271.9,20684271.9,False,False,False
82.020000000005055,"VIPER-02",2178.4732811954773,Military,92,54701.159460030918,20684271.9,20684271.9,False,False,False
82.020000000005055,"BANDIT-01",2111.851779195546,Military,99.72,36632.951620862455,20684271.9,20684271.9,False,False,False
82.020000000005055,"BANDIT-02",2149.7584235540321,Afterburner,92.28,87829.758694304983,20684271.9,20684271.9,False,False,False
82.1200000000051,"VIPER-01",1854.4485672932233,Military,92,60665.554977048487,20684271.9,20684271.9,False,False,False
82.1200000000051,"VIPER-02",2178.3542221878511,Military,92,54684.731380543795,20684271.9,20684271.9,False,False,False
82.1200000000051,"BANDIT-01",2111.5787918709771,Afterburner,100,92066.052656643951,20684271.9,20684271.9,False,False,False
82.1200000000051,"BANDIT-02",2149.6022376848018,Military,92,34922.836984015223,20684271.9,20684271.9,False,False,False
82.220000000005157,"VIPER-01",1854.3206753860918,Military,92,60664.317926156509,20684271.9,20684271.9,False,False,False
82.220000000005157,"VIPER-02",2178.2351989567924,Military,92,54668.197286940049,20684271.9,20684271.9,False,False,False
82.220000000005157,"BANDIT-01",2111.3318803217171,Military,99.72,36614.47659153711,20684271.9,20684271.9,False,False,False
82.220000000005157,"BANDIT-02",2149.4219303899308,Military,92,34915.8471290626,20684271.9,20684271.9,False,False,False
82.320000000005209,"VIPER-01",1854.1927852580532,Military,92,60662.834307342629,20684271.9,20684271.9,False,False,False
82.320000000005209,"VIPER-02",2178.1162065265494,Military,92,54651.532537771149,20684271.9,20684271.9,False,False,False
82.320000000005209,"BANDIT-01",2111.0589280525105,Afterburner,100,92019.7411457861,20684271.9,20684271.9,False,False,False
82.320000000005209,"BANDIT-02",2149.2416298586477,Military,92,34909.110953044255,20684271.9,20684271.9,False,False,False
82.42000000000526,"VIPER-01",1854.0649025691939,Military,92,60646.690541885793,20684271.9,20684271.9,False,False,False
82.42000000000526,"VIPER-02",2177.9972503248714,Military,92,54620.720402705592,20684271.9,20684271.9,False,False,False
82.42000000000526,"BANDIT-01",2110.812047781224,Military,99.72,36597.056825853608,20684271.9,20684271.9,False,False,False
82.42000000000526,"BANDIT-02",2149.0613323996677,Afterburner,92.28,87795.3250336704,20684271.9,20684271.9,False,False,False
82.520000000005311,"VIPER-01",1853.9370250950058,Military,92,60644.76405631657,20684271.9,20684271.9,False,False,False
82.520000000005311,"VIPER-02",2177.878327949556,Military,92,54603.840499853228,20684271.9,20684271.9,False,False,False
82.520000000005311,"BANDIT-01",2110.5391310451187,Afterburner,100,91973.2327925266,20684271.9,20684271.9,False,False,False
82.520000000005311,"BANDIT-02",2148.8810395024284,Afterburner,92.28,87786.435010130124,20684271.9,20684271.9,False,False,False
82.620000000005362,"VIPER-01",1853.8091506352723,Military,92,60642.598875931493,20684271.9,20684271.9,False,False,False
82.620000000005362,"VIPER-02",2177.7594370233151,Military,92,54586.835594847747,20684271.9,20684271.9,False,False,False
82.620000000005362,"BANDIT-01",2110.2922813355335,Military,99.72,36580.688193553149,20684271.9,20684271.9,False,False,False
82.620000000005362,"BANDIT-02",2148.7248745078791,Military,92,34905.7329665621,20684271.9,20684271.9,False,False,False
82.720000000005413,"VIPER-01",1853.6812822250824,Military,92,60640.21106842006,20684271.9,20684271.9,False,False,False
82.720000000005413,"VIPER-02",2177.6405803700331,Military,92,54569.720466962914,20684271.9,20684271.9,False,False,False
82.720000000005413,"BANDIT-01",2110.0194005715853,Afterburner,100,91926.527476810414,20684271.9,20684271.9,False,False,False
82.720000000005413,"BANDIT-02",2148.5445914815218,Military,92,34899.948618366645,20684271.9,20684271.9,False,False,False
82.820000000005464,"VIPER-01",1853.553417653937,Military,92,60637.589259081251,20684271.9,20684271.9,False,False,False
82.820000000005464,"VIPER-02",2177.5217556045086,Military,92,54552.483582672976,20684271.9,20684271.9,False,False,False
82.820000000005464,"BANDIT-01",2109.7465387424231,Afterburner,100,91902.724200388358,20684271.9,20684271.9,False,False,False
82.820000000005464,"BANDIT-02",2148.3643139268765,Military,92,34894.408572728615,20684271.9,20684271.9,False,False,False
82.920000000005516,"VIPER-01",1853.42555994944,Military,92,60634.749652179511,20684271.9,20684271.9,False,False,False
82.920000000005516,"VIPER-02",2177.4029655454842,Military,92,54535.139862670039,20684271.9,20684271.9,False,False,False
82.920000000005516,"BANDIT-01",2109.4997400345183,Military,99.72,36549.677923973286,20684271.9,20684271.9,False,False,False
82.920000000005516,"BANDIT-02",2148.1840399025532,Military,92,34889.100720063834,20684271.9,20684271.9,False,False,False
83.020000000005567,"VIPER-01",1853.2977069094723,Military,92,60617.249725637746,20684271.9,20684271.9,False,False,False
83.020000000005567,"VIPER-02",2177.2842078181316,Military,92,54503.644015352416,20684271.9,20684271.9,False,False,False
83.020000000005567,"BANDIT-01",2109.2269115796148,Afterburner,100,91855.723134518223,20684271.9,20684271.9,False,False,False
83.020000000005567,"BANDIT-02",2148.003770853371,Afterburner,92.28,87742.025731903268,20684271.9,20684271.9,False,False,False
83.120000000005618,"VIPER-01",1853.1698589331536,Military,92,60613.955648788673,20684271.9,20684271.9,False,False,False
83.120000000005618,"VIPER-02",2177.1654826326408,Military,92,54486.066522261659,20684271.9,20684271.9,False,False,False
83.120000000005618,"BANDIT-01",2108.9801416373457,Military,99.72,36535.941784291528,20684271.9,20684271.9,False,False,False
83.120000000005618,"BANDIT-02",2147.8235065306562,Afterburner,92.28,87732.875152829787,20684271.9,20684271.9,False,False,False
83.220000000005669,"VIPER-01",1853.0420138203272,Military,92,60610.42401614222,20684271.9,20684271.9,False,False,False
83.220000000005669,"VIPER-02",2177.0467876181933,Military,92,54468.361404930038,20684271.9,20684271.9,False,False,False
83.220000000005669,"BANDIT-01",2108.7073488235496,Afterburner,100,91808.524998696361,20684271.9,20684271.9,False,False,False
83.220000000005669,"BANDIT-02",2147.643248354048,Afterburner,92.28,87723.681328541934,20684271.9,20684271.9,False,False,False
83.32000000000572,"VIPER-01",1852.9141719977977,Military,92,60606.657743375647,20684271.9,20684271.9,False,False,False
83.32000000000572,"VIPER-02",2176.9281230142628,Military,92,54450.530854258577,20684271.9,20684271.9,False,False,False
83.32000000000572,"BANDIT-01",2108.4345753399816,Afterburner,100,91784.476335319239,20684271.9,20684271.9,False,False,False
83.32000000000572,"BANDIT-02",2147.4629960535854,Afterburner,92.28,87714.4441760938,20684271.9,20684271.9,False,False,False
83.420000000005771,"VIPER-01",1852.7863391023782,Military,92,60602.686477618,20684271.9,20684271.9,False,False,False
83.420000000005771,"VIPER-02",2176.8094942368284,Military,92,54432.602699450246,20684271.9,20684271.9,False,False,False
83.420000000005771,"BANDIT-01",2108.1618219833094,Afterburner,100,91760.37825757738,20684271.9,20684271.9,False,False,False
83.420000000005771,"BANDIT-02",2147.282746043411,Afterburner,92.28,87705.16308533994,20684271.9,20684271.9,False,False,False
83.520000000005822,"VIPER-01",1852.6585102876995,Military,92,60598.484912727035,20684271.9,20684271.9,False,False,False
83.520000000005822,"VIPER-02",2176.6908962900584,Military,92,54414.552069395279,20684271.9,20684271.9,False,False,False
83.520000000005822,"BANDIT-01",2107.9151204135233,Military,99.72,36494.795695249675,20684271.9,20684271.9,False,False,False
83.520000000005822,"BANDIT-02",2147.1025014095703,Afterburner,92.28,87695.8385805386,20684271.9,20684271.9,False,False,False
83.620000000005874,"VIPER-01",1852.5306859686634,Military,92,60594.054903403623,20684271.9,20684271.9,False,False,False
83.620000000005874,"VIPER-02",2176.5723294049112,Military,92,54396.380135892534,20684271.9,20684271.9,False,False,False
83.620000000005874,"BANDIT-01",2107.64240164091,Afterburner,100,91712.784455299683,20684271.9,20684271.9,False,False,False
83.620000000005874,"BANDIT-02",2146.9222618872245,Afterburner,92.28,87686.4706284774,20684271.9,20684271.9,False,False,False
83.720000000005925,"VIPER-01",1852.4028665558362,Military,92,60589.399213293211,20684271.9,20684271.9,False,False,False
83.720000000005925,"VIPER-02",2176.4537938091394,Military,92,54378.088958868022,20684271.9,20684271.9,False,False,False
83.720000000005925,"BANDIT-01",2107.3697008854833,Afterburner,100,91688.53878257105,20684271.9,20684271.9,False,False,False
83.720000000005925,"BANDIT-02",2146.7420272133968,Afterburner,92.28,87677.059152952992,20684271.9,20684271.9,False,False,False
83.820000000005976,"VIPER-01",1852.2750472411901,Military,92,60584.494328620909,20684271.9,20684271.9,False,False,False
83.820000000005976,"VIPER-02",2176.3352845475388,Military,92,54359.655409387189,20684271.9,20684271.9,False,False,False
83.820000000005976,"BANDIT-01",2107.0970198035,Afterburner,100,91664.243776540112,20684271.9,20684271.9,False,False,False
83.820000000005976,"BANDIT-02",2146.5618004023577,Afterburner,92.28,87667.604581692751,20684271.9,20684271.9,False,False,False
83.920000000006027,"VIPER-01",1852.1472336856791,Military,92,60579.370450294322,20684271.9,20684271.9,False,False,False
83.920000000006027,"VIPER-02",2176.2168070650578,Military,92,54341.107866047721,20684271.9,20684271.9,False,False,False
83.920000000006027,"BANDIT-01",2106.8503836989366,Military,99.72,36457.907446358258,20684271.9,20684271.9,False,False,False
83.920000000006027,"BANDIT-02",2146.3815778891608,Afterburner,92.28,87658.106286087263,20684271.9,20684271.9,False,False,False
84.020000000006078,"VIPER-01",1852.0194262830139,Military,92,60574.029897012879,20684271.9,20684271.9,False,False,False
84.020000000006078,"VIPER-02",2176.09836157597,Military,92,54322.447970177869,20684271.9,20684271.9,False,False,False
84.020000000006078,"BANDIT-01",2106.5777378959169,Military,99.72,36445.141414589525,20684271.9,20684271.9,False,False,False
84.020000000006078,"BANDIT-02",2146.2013594192226,Afterburner,92.28,87648.5642217898,20684271.9,20684271.9,False,False,False
84.120000000006129,"VIPER-01",1851.8916202030425,Military,92,60582.856126829451,20684271.9,20684271.9,False,False,False
84.120000000006129,"VIPER-02",2175.9799431063525,Military,92,54317.664728529759,20684271.9,20684271.9,False,False,False
84.120000000006129,"BANDIT-01",2106.3051113957608,Afterburner,100,91591.811337530889,20684271.9,20684271.9,False,False,False
84.120000000006129,"BANDIT-02",2146.0211479823442,Military,92,34844.136344027342,20684271.9,20684271.9,False,False,False
84.220000000006181,"VIPER-01",1851.7638211035755,Military,92,60577.057121631537,20684271.9,20684271.9,False,False,False
84.220000000006181,"VIPER-02",2175.8615571012324,Military,92,54298.754414067109,20684271.9,20684271.9,False,False,False
84.220000000006181,"BANDIT-01",2106.0325023975856,Afterburner,100,91567.319310960389,20684271.9,20684271.9,False,False,False
84.220000000006181,"BANDIT-02",2145.8409400496535,Military,92,34841.941956896138,20684271.9,20684271.9,False,False,False
84.320000000006232,"VIPER-01",1851.6360267594625,Military,92,60571.0338969319,20684271.9,20684271.9,False,False,False
84.320000000006232,"VIPER-02",2175.7432011765191,Military,92,54279.722761555953,20684271.9,20684271.9,False,False,False
84.320000000006232,"BANDIT-01",2105.7599133355329,Afterburner,100,91542.777725944965,20684271.9,20684271.9,False,False,False
84.320000000006232,"BANDIT-02",2145.6607369806425,Military,92,34839.984513116338,20684271.9,20684271.9,False,False,False
84.420000000006283,"VIPER-01",1851.5082349730551,Military,92,60564.775776961156,20684271.9,20684271.9,False,False,False
84.420000000006283,"VIPER-02",2175.6248729760769,Military,92,54260.55896362989,20684271.9,20684271.9,False,False,False
84.420000000006283,"BANDIT-01",2105.4873424182933,Afterburner,100,91518.186957587008,20684271.9,20684271.9,False,False,False
84.420000000006283,"BANDIT-02",2145.4805401075919,Military,92,34838.271811455183,20684271.9,20684271.9,False,False,False
84.520000000006334,"VIPER-01",1851.3804487756511,Military,92,60558.299352460213,20684271.9,20684271.9,False,False,False
84.520000000006334,"VIPER-02",2175.5065753390345,Military,92,54241.278368740059,20684271.9,20684271.9,False,False,False
84.520000000006334,"BANDIT-01",2105.2147903788891,Afterburner,100,91493.546837389033,20684271.9,20684271.9,False,False,False
84.520000000006334,"BANDIT-02",2145.3003475419468,Military,92,34836.791333038425,20684271.9,20684271.9,False,False,False
84.620000000006385,"VIPER-01",1851.2526685561236,Military,92,60551.606896002093,20684271.9,20684271.9,False,False,False
84.620000000006385,"VIPER-02",2175.3883084809431,Military,92,54221.8825929149,20684271.9,20684271.9,False,False,False
84.620000000006385,"BANDIT-01",2104.9682715680246,Military,99.72,36391.006119416263,20684271.9,20684271.9,False,False,False
84.620000000006385,"BANDIT-02",2145.0960516192108,Afterburner,92.28,87589.708657344847,20684271.9,20684271.9,False,False,False
84.720000000006436,"VIPER-01",1851.124889507902,Military,92,60544.674241270928,20684271.9,20684271.9,False,False,False
84.720000000006436,"VIPER-02",2175.2700674568723,Military,92,54202.347898808264,20684271.9,20684271.9,False,False,False
84.720000000006436,"BANDIT-01",2104.6957561750824,Military,99.72,36380.123727569742,20684271.9,20684271.9,False,False,False
84.720000000006436,"BANDIT-02",2144.9158713234629,Afterburner,92.28,87579.861715178922,20684271.9,20684271.9,False,False,False
84.820000000006488,"VIPER-01",1850.9971146496136,Military,92,60551.910330355779,20684271.9,20684271.9,False,False,False
84.820000000006488,"VIPER-02",2175.1518550964852,Military,92,54196.688772311,20684271.9,20684271.9,False,False,False
84.820000000006488,"BANDIT-01",2104.4232592609078,Military,99.72,36369.507432608152,20684271.9,20684271.9,False,False,False
84.820000000006488,"BANDIT-02",2144.7356961469409,Military,92,34818.437007363151,20684271.9,20684271.9,False,False,False
84.920000000006539,"VIPER-01",1850.8693469964312,Military,92,60544.539803246145,20684271.9,20684271.9,False,False,False
84.920000000006539,"VIPER-02",2175.0336742270747,Military,92,54176.915456502713,20684271.9,20684271.9,False,False,False
84.920000000006539,"BANDIT-01",2104.1507815169225,Military,99.72,36359.162243747181,20684271.9,20684271.9,False,False,False
84.920000000006539,"BANDIT-02",2144.5555242295695,Military,92,34817.903164723459,20684271.9,20684271.9,False,False,False
85.02000000000659,"VIPER-01",1850.7415817265655,Military,92,60536.935985895005,20684271.9,20684271.9,False,False,False
85.02000000000659,"VIPER-02",2174.9155198916419,Military,92,54157.008174875722,20684271.9,20684271.9,False,False,False
85.02000000000659,"BANDIT-01",2103.8783220278492,Military,99.72,36349.081098491886,20684271.9,20684271.9,False,False,False
85.02000000000659,"BANDIT-02",2144.3512536109452,Afterburner,92.28,87549.370548460167,20684271.9,20684271.9,False,False,False
85.120000000006641,"VIPER-01",1850.6138192614942,Military,92,60529.102159559588,20684271.9,20684271.9,False,False,False
85.120000000006641,"VIPER-02",2174.7973923425775,Military,92,54136.969531439296,20684271.9,20684271.9,False,False,False
85.120000000006641,"BANDIT-01",2103.6058814723347,Military,99.72,36339.268970592915,20684271.9,20684271.9,False,False,False
85.120000000006641,"BANDIT-02",2144.1710951625741,Afterburner,92.28,87539.349043044393,20684271.9,20684271.9,False,False,False
85.220000000006692,"VIPER-01",1850.4860600111103,Military,92,60535.425785527645,20684271.9,20684271.9,False,False,False
85.220000000006692,"VIPER-02",2174.6792918218644,Military,92,54130.794023355942,20684271.9,20684271.9,False,False,False
85.220000000006692,"BANDIT-01",2103.3334605069058,Military,99.72,36329.730707551469,20684271.9,20684271.9,False,False,False
85.220000000006692,"BANDIT-02",2143.9909423106524,Military,92,34802.426449274819,20684271.9,20684271.9,False,False,False
85.320000000006743,"VIPER-01",1850.3583043869385,Military,92,60527.134939609074,20684271.9,20684271.9,False,False,False
85.320000000006743,"VIPER-02",2174.5612185740338,Military,92,54110.4940092106,20684271.9,20684271.9,False,False,False
85.320000000006743,"BANDIT-01",2103.0610582211152,Military,99.72,36320.458853126154,20684271.9,20684271.9,False,False,False
85.320000000006743,"BANDIT-02",2143.8107947591548,Military,92,34802.857636363609,20684271.9,20684271.9,False,False,False
85.4200000000068,"VIPER-01",1850.2305554046779,Military,92,60518.634756492589,20684271.9,20684271.9,False,False,False
85.4200000000068,"VIPER-02",2174.4431754317338,Military,92,54090.080823540724,20684271.9,20684271.9,False,False,False
85.4200000000068,"BANDIT-01",2102.78867449394,Military,99.72,36311.451895134909,20684271.9,20684271.9,False,False,False
85.4200000000068,"BANDIT-02",2143.6065492271673,Afterburner,92.28,87508.334792015768,20684271.9,20684271.9,False,False,False
85.520000000006846,"VIPER-01",1850.1028082382622,Military,92,60524.2800844255,20684271.9,20684271.9,False,False,False
85.520000000006846,"VIPER-02",2174.3251574384021,Military,92,54083.518156683735,20684271.9,20684271.9,False,False,False
85.520000000006846,"BANDIT-01",2102.516309965511,Military,99.72,36302.714569100695,20684271.9,20684271.9,False,False,False
85.520000000006846,"BANDIT-02",2143.4264131047412,Military,92,34789.098372965142,20684271.9,20684271.9,False,False,False
85.6200000000069,"VIPER-01",1849.9750685136894,Military,92,60515.335379041324,20684271.9,20684271.9,False,False,False
85.6200000000069,"VIPER-02",2174.2071700217757,Military,92,54062.85232488138,20684271.9,20684271.9,False,False,False
85.6200000000069,"BANDIT-01",2102.2179687233988,Afterburner,100,91219.240068719562,20684271.9,20684271.9,False,False,False
85.6200000000069,"BANDIT-02",2143.2462799199475,Military,92,34790.227166589815,20684271.9,20684271.9,False,False,False
85.720000000006948,"VIPER-01",1849.8473314058779,Military,92,60506.161480009243,20684271.9,20684271.9,False,False,False
85.720000000006948,"VIPER-02",2174.0892082281016,Military,92,54042.05267178049,20684271.9,20684271.9,False,False,False
85.720000000006948,"BANDIT-01",2101.9456443867866,Afterburner,100,91194.0055259916,20684271.9,20684271.9,False,False,False
85.720000000006948,"BANDIT-02",2143.0420534186214,Afterburner,92.28,87476.927359526861,20684271.9,20684271.9,False,False,False
85.820000000007,"VIPER-01",1849.7195973288813,Military,92,60511.133304202776,20684271.9,20684271.9,False,False,False
85.820000000007,"VIPER-02",2173.9712723090911,Military,92,54035.102588681846,20684271.9,20684271.9,False,False,False
85.820000000007,"BANDIT-01",2101.6733389029046,Afterburner,100,91168.721312658876,20684271.9,20684271.9,False,False,False
85.820000000007,"BANDIT-02",2142.8619332493813,Military,92,34777.897840134916,20684271.9,20684271.9,False,False,False
85.92000000000705,"VIPER-01",1849.5918666916107,Military,92,60501.504276781576,20684271.9,20684271.9,False,False,False
85.92000000000705,"VIPER-02",2173.8533625123259,Military,92,54014.036952541508,20684271.9,20684271.9,False,False,False
85.92000000000705,"BANDIT-01",2101.4010528718977,Afterburner,100,91143.387208419867,20684271.9,20684271.9,False,False,False
85.92000000000705,"BANDIT-02",2142.6577201031755,Afterburner,92.28,87455.541981725008,20684271.9,20684271.9,False,False,False
86.0200000000071,"VIPER-01",1849.4641399090688,Military,92,60491.6552272831,20684271.9,20684271.9,False,False,False
86.0200000000071,"VIPER-02",2173.7354790922786,Military,92,53992.844731066856,20684271.9,20684271.9,False,False,False
86.0200000000071,"BANDIT-01",2101.128785415448,Afterburner,100,91118.003419199682,20684271.9,20684271.9,False,False,False
86.0200000000071,"BANDIT-02",2142.4776119337016,Afterburner,92.28,87445.12688170906,20684271.9,20684271.9,False,False,False
86.120000000007153,"VIPER-01",1849.3364173699774,Military,92,60495.950572079564,20684271.9,20684271.9,False,False,False
86.120000000007153,"VIPER-02",2173.6176222785539,Military,92,53985.499662261383,20684271.9,20684271.9,False,False,False
86.120000000007153,"BANDIT-01",2100.8565371215041,Military,99.72,36239.262431075433,20684271.9,20684271.9,False,False,False
86.120000000007153,"BANDIT-02",2142.2975083839742,Military,92,34768.847419783713,20684271.9,20684271.9,False,False,False
86.2200000000072,"VIPER-01",1849.2086994819429,Military,92,60485.6605210687,20684271.9,20684271.9,False,False,False
86.2200000000072,"VIPER-02",2173.4997923202036,Military,92,53964.051869347015,20684271.9,20684271.9,False,False,False
86.2200000000072,"BANDIT-01",2100.5583229952626,Afterburner,100,91066.348380917581,20684271.9,20684271.9,False,False,False
86.2200000000072,"BANDIT-02",2142.093314179559,Afterburner,92.28,87423.479075036958,20684271.9,20684271.9,False,False,False
86.320000000007255,"VIPER-01",1849.0809840396671,Military,92,60489.502897439925,20684271.9,20684271.9,False,False,False
86.320000000007255,"VIPER-02",2173.3819868713686,Military,92,53956.43903662479,20684271.9,20684271.9,False,False,False
86.320000000007255,"BANDIT-01",2100.2861151536658,Afterburner,100,91040.81551277393,20684271.9,20684271.9,False,False,False
86.320000000007255,"BANDIT-02",2141.9132225828225,Military,92,34758.899059920979,20684271.9,20684271.9,False,False,False
86.4200000000073,"VIPER-01",1848.9532714554734,Military,92,60478.755307020168,20684271.9,20684271.9,False,False,False
86.4200000000073,"VIPER-02",2173.2642061875167,Military,92,53934.717754431527,20684271.9,20684271.9,False,False,False
86.4200000000073,"BANDIT-01",2100.0139260898527,Afterburner,100,91015.232809108827,20684271.9,20684271.9,False,False,False
86.4200000000073,"BANDIT-02",2141.7090426938939,Afterburner,92.28,87401.6566796479,20684271.9,20684271.9,False,False,False
86.520000000007357,"VIPER-01",1848.8255621412811,Military,92,60482.141736332109,20684271.9,20684271.9,False,False,False
86.520000000007357,"VIPER-02",2173.1464505246095,Military,92,53926.832256867485,20684271.9,20684271.9,False,False,False
86.520000000007357,"BANDIT-01",2099.7417563530471,Military,99.72,36196.8232785095,20684271.9,20684271.9,False,False,False
86.520000000007357,"BANDIT-02",2141.5289635068712,Military,92,34749.914574332928,20684271.9,20684271.9,False,False,False
86.620000000007408,"VIPER-01",1848.6978564995052,Military,92,60470.947844456576,20684271.9,20684271.9,False,False,False
86.620000000007408,"VIPER-02",2173.0287201301667,Military,92,53904.846241758511,20684271.9,20684271.9,False,False,False
86.620000000007408,"BANDIT-01",2099.4436283838936,Afterburner,100,90963.181152014949,20684271.9,20684271.9,False,False,False
86.620000000007408,"BANDIT-02",2141.3247970895554,Afterburner,92.28,87379.659379634832,20684271.9,20684271.9,False,False,False
86.72000000000746,"VIPER-01",1848.5701549332653,Military,92,60473.887795789473,20684271.9,20684271.9,False,False,False
86.72000000000746,"VIPER-02",2172.9110152532917,Military,92,53896.695132592955,20684271.9,20684271.9,False,False,False
86.72000000000746,"BANDIT-01",2099.1714989519005,Afterburner,100,90937.448981433045,20684271.9,20684271.9,False,False,False
86.72000000000746,"BANDIT-02",2141.1447292649641,Military,92,34741.877909865354,20684271.9,20684271.9,False,False,False
86.820000000007511,"VIPER-01",1848.4424578377318,Military,92,60462.256233366141,20684271.9,20684271.9,False,False,False
86.820000000007511,"VIPER-02",2172.7933361361743,Military,92,53874.450636363559,20684271.9,20684271.9,False,False,False
86.820000000007511,"BANDIT-01",2098.8993884321694,Afterburner,100,90911.666764874448,20684271.9,20684271.9,False,False,False
86.820000000007511,"BANDIT-02",2140.94057548851,Afterburner,92.28,87357.4868121618,20684271.9,20684271.9,False,False,False
86.920000000007562,"VIPER-01",1848.3147604026383,Military,92,60464.731474702625,20684271.9,20684271.9,False,False,False
86.920000000007562,"VIPER-02",2172.6756778500935,Military,92,53866.014412010867,20684271.9,20684271.9,False,False,False
86.920000000007562,"BANDIT-01",2098.6272973316154,Military,99.72,36158.718475034286,20684271.9,20684271.9,False,False,False
86.920000000007562,"BANDIT-02",2140.7605209273638,Military,92,34734.796401847248,20684271.9,20684271.9,False,False,False
87.020000000007613,"VIPER-01",1848.1870682638989,Military,92,60466.991963597866,20684271.9,20684271.9,False,False,False
87.020000000007613,"VIPER-02",2172.5580458454024,Military,92,53857.451867458229,20684271.9,20684271.9,False,False,False
87.020000000007613,"BANDIT-01",2098.3292558533121,Afterburner,100,90859.217659728252,20684271.9,20684271.9,False,False,False
87.020000000007613,"BANDIT-02",2140.5563818806804,Military,92,34723.979553135534,20684271.9,20684271.9,False,False,False
87.120000000007664,"VIPER-01",1848.0593818176185,Military,92,60454.692285266996,20684271.9,20684271.9,False,False,False
87.120000000007664,"VIPER-02",2172.4404403678323,Military,92,53834.804828896347,20684271.9,20684271.9,False,False,False
87.120000000007664,"BANDIT-01",2098.0572048203771,Afterburner,100,90833.28568304269,20684271.9,20684271.9,False,False,False
87.120000000007664,"BANDIT-02",2140.3522482514509,Afterburner,92.28,87323.557724044411,20684271.9,20684271.9,False,False,False
87.220000000007715,"VIPER-01",1847.9316962544519,Military,92,60456.503005596984,20684271.9,20684271.9,False,False,False
87.220000000007715,"VIPER-02",2172.3228564920846,Military,92,53825.968537446272,20684271.9,20684271.9,False,False,False
87.220000000007715,"BANDIT-01",2097.7592074351196,Afterburner,100,90806.569981922759,20684271.9,20684271.9,False,False,False
87.220000000007715,"BANDIT-02",2140.1722113739879,Military,92,34718.316539330139,20684271.9,20684271.9,False,False,False
87.320000000007767,"VIPER-01",1847.8040145845268,Military,92,60443.752128848719,20684271.9,20684271.9,False,False,False
87.320000000007767,"VIPER-02",2172.2052970625859,Military,92,53803.045125919329,20684271.9,20684271.9,False,False,False
87.320000000007767,"BANDIT-01",2097.4871967137428,Afterburner,100,90780.53831895742,20684271.9,20684271.9,False,False,False
87.320000000007767,"BANDIT-02",2139.9680926742176,Afterburner,92.28,87300.947367042361,20684271.9,20684271.9,False,False,False
87.420000000007818,"VIPER-01",1847.6763345981569,Military,92,60445.108580692395,20684271.9,20684271.9,False,False,False
87.420000000007818,"VIPER-02",2172.087759738647,Military,92,53793.928811723679,20684271.9,20684271.9,False,False,False
87.420000000007818,"BANDIT-01",2097.2152053216469,Military,99.72,36104.760540411095,20684271.9,20684271.9,False,False,False
87.420000000007818,"BANDIT-02",2139.7639817431868,Afterburner,92.28,87289.234655634151,20684271.9,20684271.9,False,False,False
87.520000000007869,"VIPER-01",1847.5486593209173,Military,92,60446.248266027105,20684271.9,20684271.9,False,False,False
87.520000000007869,"VIPER-02",2171.9702473815792,Military,92,53784.681799272978,20684271.9,20684271.9,False,False,False
87.520000000007869,"BANDIT-01",2096.9172736478718,Afterburner,100,90727.5918077538,20684271.9,20684271.9,False,False,False
87.520000000007869,"BANDIT-02",2139.5839631650065,Military,92,34703.985755583,20684271.9,20684271.9,False,False,False
87.62000000000792,"VIPER-01",1847.4209865465075,Military,92,60432.827405312193,20684271.9,20684271.9,False,False,False
87.62000000000792,"VIPER-02",2171.8527576556867,Military,92,53761.346761539928,20684271.9,20684271.9,False,False,False
87.62000000000792,"BANDIT-01",2096.6453224756269,Afterburner,100,90701.409801781672,20684271.9,20684271.9,False,False,False
87.62000000000792,"BANDIT-02",2139.3798658549181,Afterburner,92.28,87266.3612745748,20684271.9,20684271.9,False,False,False
87.720000000007971,"VIPER-01",1847.293316666779,Military,92,60433.514039544229,20684271.9,20684271.9,False,False,False
87.720000000007971,"VIPER-02",2171.7352908075827,Military,92,53751.818009144052,20684271.9,20684271.9,False,False,False
87.720000000007971,"BANDIT-01",2096.3474343303642,Afterburner,100,90674.44650158791,20684271.9,20684271.9,False,False,False
87.720000000007971,"BANDIT-02",2139.1757757332057,Afterburner,92.28,87254.517204560732,20684271.9,20684271.9,False,False,False
87.820000000008022,"VIPER-01",1847.1656501040347,Military,92,60433.977954057314,20684271.9,20684271.9,False,False,False
87.820000000008022,"VIPER-02",2171.6178471145831,Military,92,53742.151418824091,20684271.9,20684271.9,False,False,False
87.820000000008022,"BANDIT-01",2096.0755235404322,Afterburner,100,90648.1644557919,20684271.9,20684271.9,False,False,False
87.820000000008022,"BANDIT-02",2138.9957759738791,Military,92,34691.794996312616,20684271.9,20684271.9,False,False,False
87.920000000008073,"VIPER-01",1847.0379846378385,Military,92,60434.208484653755,20684271.9,20684271.9,False,False,False
87.920000000008073,"VIPER-02",2171.500424229574,Military,92,53732.336296888934,20684271.9,20684271.9,False,False,False
87.920000000008073,"BANDIT-01",2095.7776799356807,Afterburner,100,90621.101843897573,20684271.9,20684271.9,False,False,False
87.920000000008073,"BANDIT-02",2138.7917010044157,Military,92,34683.13515949776,20684271.9,20684271.9,False,False,False
88.020000000008125,"VIPER-01",1846.9103259033843,Military,92,60419.908159082814,20684271.9,20684271.9,False,False,False
88.020000000008125,"VIPER-02",2171.3830276108615,Military,92,53708.459072354228,20684271.9,20684271.9,False,False,False
88.020000000008125,"BANDIT-01",2095.5058096506846,Afterburner,100,90594.719565331674,20684271.9,20684271.9,False,False,False
88.020000000008125,"BANDIT-02",2138.5876312176388,Afterburner,92.28,87219.405013085314,20684271.9,20684271.9,False,False,False
88.120000000008176,"VIPER-01",1846.7826664659704,Military,92,60419.691113762681,20684271.9,20684271.9,False,False,False
88.120000000008176,"VIPER-02",2171.2656497322632,Military,92,53698.363680228955,20684271.9,20684271.9,False,False,False
88.120000000008176,"BANDIT-01",2095.2080103330454,Afterburner,100,90567.557683180363,20684271.9,20684271.9,False,False,False
88.120000000008176,"BANDIT-02",2138.3835706695322,Afterburner,92.28,87207.385828822036,20684271.9,20684271.9,False,False,False
88.220000000008227,"VIPER-01",1846.6550119629876,Military,92,60419.259917871437,20684271.9,20684271.9,False,False,False
88.220000000008227,"VIPER-02",2171.1482960558906,Military,92,53688.136784673137,20684271.9,20684271.9,False,False,False
88.220000000008227,"BANDIT-01",2094.9361812195662,Military,99.72,36019.388902379476,20684271.9,20684271.9,False,False,False
88.220000000008227,"BANDIT-02",2138.2035961227634,Military,92,34673.790780207033,20684271.9,20684271.9,False,False,False
88.320000000008278,"VIPER-01",1846.5273601596564,Military,92,60418.603888704616,20684271.9,20684271.9,False,False,False
88.320000000008278,"VIPER-02",2171.0309642237985,Military,92,53677.767687582134,20684271.9,20684271.9,False,False,False
88.320000000008278,"BANDIT-01",2094.638427093339,Afterburner,100,90513.812997466433,20684271.9,20684271.9,False,False,False
88.320000000008278,"BANDIT-02",2137.9995489491912,Military,92,34666.077827073517,20684271.9,20684271.9,False,False,False
88.420000000008329,"VIPER-01",1846.39970888993,Military,92,60403.399895906296,20684271.9,20684271.9,False,False,False
88.420000000008329,"VIPER-02",2170.913651946234,Military,92,53653.317642891874,20684271.9,20684271.9,False,False,False
88.420000000008329,"BANDIT-01",2094.3666380236723,Military,99.72,36000.776786939663,20684271.9,20684271.9,False,False,False
88.420000000008329,"BANDIT-02",2137.7955103731974,Afterburner,92.28,87171.746992969624,20684271.9,20684271.9,False,False,False
88.52000000000838,"VIPER-01",1846.2720663389455,Military,92,60402.314013739604,20684271.9,20684271.9,False,False,False
88.52000000000838,"VIPER-02",2170.7963672199535,Military,92,53642.681566242172,20684271.9,20684271.9,False,False,False
88.52000000000838,"BANDIT-01",2094.0689287831633,Afterburner,100,90459.868137048252,20684271.9,20684271.9,False,False,False
88.52000000000838,"BANDIT-02",2137.5914760518622,Afterburner,92.28,87159.552023753335,20684271.9,20684271.9,False,False,False
88.620000000008432,"VIPER-01",1846.1444224904064,Military,92,60400.985116430646,20684271.9,20684271.9,False,False,False
88.620000000008432,"VIPER-02",2170.6790999573013,Military,92,53631.884491879544,20684271.9,20684271.9,False,False,False
88.620000000008432,"BANDIT-01",2093.7712422711693,Afterburner,100,90432.457175297124,20684271.9,20684271.9,False,False,False
88.620000000008432,"BANDIT-02",2137.3874513362653,Afterburner,92.28,87147.313474928538,20684271.9,20684271.9,False,False,False
88.720000000008483,"VIPER-01",1846.0167777803417,Military,92,60399.415653854077,20684271.9,20684271.9,False,False,False
88.720000000008483,"VIPER-02",2170.5618504563031,Military,92,53620.928310724186,20684271.9,20684271.9,False,False,False
88.720000000008483,"BANDIT-01",2093.499515683,Military,99.72,35966.697670970971,20684271.9,20684271.9,False,False,False
88.720000000008483,"BANDIT-02",2137.1834360044113,Afterburner,92.28,87135.031284891142,20684271.9,20684271.9,False,False,False
88.820000000008534,"VIPER-01",1845.8891378333776,Military,92,60397.633599828965,20684271.9,20684271.9,False,False,False
88.820000000008534,"VIPER-02",2170.44462417146,Military,92,53609.839394357652,20684271.9,20684271.9,False,False,False
88.820000000008534,"BANDIT-01",2093.2018742079226,Afterburner,100,90378.212020496314,20684271.9,20684271.9,False,False,False
88.820000000008534,"BANDIT-02",2137.0035013426823,Military,92,34646.305375959848,20684271.9,20684271.9,False,False,False
88.920000000008585,"VIPER-01",1845.7615055949304,Military,92,60395.652470466746,20684271.9,20684271.9,False,False,False
88.920000000008585,"VIPER-02",2170.3274238969771,Military,92,53598.630249898233,20684271.9,20684271.9,False,False,False
88.920000000008585,"BANDIT-01",2092.9042558929541,Afterburner,100,90350.651438844885,20684271.9,20684271.9,False,False,False
88.920000000008585,"BANDIT-02",2136.7994967153941,Military,92,34640.008224292884,20684271.9,20684271.9,False,False,False
89.020000000008636,"VIPER-01",1845.6338736646594,Military,92,60393.436143729887,20684271.9,20684271.9,False,False,False
89.020000000008636,"VIPER-02",2170.2102421472764,Military,92,53587.265794321458,20684271.9,20684271.9,False,False,False
89.020000000008636,"BANDIT-01",2092.6325912168118,Military,99.72,35935.092298568459,20684271.9,20684271.9,False,False,False
89.020000000008636,"BANDIT-02",2136.5955008305095,Military,92,34633.957720293605,20684271.9,20684271.9,False,False,False
89.120000000008687,"VIPER-01",1845.5062424646881,Military,92,60390.986825664426,20684271.9,20684271.9,False,False,False
89.120000000008687,"VIPER-02",2170.0930792099057,Military,92,53575.747694756319,20684271.9,20684271.9,False,False,False
89.120000000008687,"BANDIT-01",2092.3350180253483,Afterburner,100,90296.1054362728,20684271.9,20684271.9,False,False,False
89.120000000008687,"BANDIT-02",2136.3915134709682,Military,92,34628.15227026592,20684271.9,20684271.9,False,False,False
89.220000000008739,"VIPER-01",1845.3786124115566,Military,92,60388.308094108688,20684271.9,20684271.9,False,False,False
89.220000000008739,"VIPER-02",2169.9759353676982,Military,92,53564.078957209516,20684271.9,20684271.9,False,False,False
89.220000000008739,"BANDIT-01",2092.0374678512021,Afterburner,100,90268.395107259727,20684271.9,20684271.9,False,False,False
89.220000000008739,"BANDIT-02",2136.1875344220844,Military,92,34622.588813087343,20684271.9,20684271.9,False,False,False
89.32000000000879,"VIPER-01",1845.2509839154168,Military,92,60385.403259575789,20684271.9,20684271.9,False,False,False
89.32000000000879,"VIPER-02",2169.8588108979638,Military,92,53552.262331769278,20684271.9,20684271.9,False,False,False
89.32000000000879,"BANDIT-01",2091.739941181635,Afterburner,100,90240.634766281291,20684271.9,20684271.9,False,False,False
89.32000000000879,"BANDIT-02",2135.9835634719166,Military,92,34617.264559893243,20684271.9,20684271.9,False,False,False
89.420000000008841,"VIPER-01",1845.1233573814852,Military,92,60382.274572765244,20684271.9,20684271.9,False,False,False
89.420000000008841,"VIPER-02",2169.7417060739303,Military,92,53540.299541035143,20684271.9,20684271.9,False,False,False
89.420000000008841,"BANDIT-01",2091.4683604650168,Military,99.72,35891.347567879282,20684271.9,20684271.9,False,False,False
89.420000000008841,"BANDIT-02",2135.7796004104412,Military,92,34612.177836214854,20684271.9,20684271.9,False,False,False
89.520000000008892,"VIPER-01",1844.995733211834,Military,92,60378.923486137573,20684271.9,20684271.9,False,False,False
89.520000000008892,"VIPER-02",2169.6246211665084,Military,92,53528.191534141042,20684271.9,20684271.9,False,False,False
89.520000000008892,"BANDIT-01",2091.17087881823,Afterburner,100,90185.686983194173,20684271.9,20684271.9,False,False,False
89.520000000008892,"BANDIT-02",2135.5756450285994,Military,92,34607.327805479545,20684271.9,20684271.9,False,False,False
89.620000000008943,"VIPER-01",1844.8681118061493,Military,92,60375.351354010134,20684271.9,20684271.9,False,False,False
89.620000000008943,"VIPER-02",2169.507556445049,Military,92,53515.939167701639,20684271.9,20684271.9,False,False,False
89.620000000008943,"BANDIT-01",2090.8734205034084,Afterburner,100,90157.776579148529,20684271.9,20684271.9,False,False,False
89.620000000008943,"BANDIT-02",2135.3716971179224,Military,92,34602.71372666215,20684271.9,20684271.9,False,False,False
89.720000000009,"VIPER-01",1844.7404935613731,Military,92,60371.559902019981,20684271.9,20684271.9,False,False,False
89.720000000009,"VIPER-02",2169.3905121769785,Military,92,53503.543662641838,20684271.9,20684271.9,False,False,False
89.720000000009,"BANDIT-01",2090.575985966409,Afterburner,100,90129.815956330844,20684271.9,20684271.9,False,False,False
89.720000000009,"BANDIT-02",2135.167756470762,Military,92,34598.334456101722,20684271.9,20684271.9,False,False,False
89.820000000009045,"VIPER-01",1844.6128788709586,Military,92,60367.551232864433,20684271.9,20684271.9,False,False,False
89.820000000009045,"VIPER-02",2169.27348862705,Military,92,53491.006609886281,20684271.9,20684271.9,False,False,False
89.820000000009045,"BANDIT-01",2090.2785746742411,Afterburner,100,90101.805439890755,20684271.9,20684271.9,False,False,False
89.820000000009045,"BANDIT-02",2134.9638228807007,Military,92,34594.188441143378,20684271.9,20684271.9,False,False,False
89.9200000000091,"VIPER-01",1844.485268124434,Military,92,60363.327554510135,20684271.9,20684271.9,False,False,False
89.9200000000091,"VIPER-02",2169.1564860569106,Military,92,53478.32970605114,20684271.9,20684271.9,False,False,False
89.9200000000091,"BANDIT-01",2089.981187063212,Afterburner,100,90073.744737807909,20684271.9,20684271.9,False,False,False
89.9200000000091,"BANDIT-02",2134.7598961427866,Military,92,34590.274008259941,20684271.9,20684271.9,False,False,False
90.020000000009148,"VIPER-01",1844.3576617074807,Military,92,60358.890934187868,20684271.9,20684271.9,False,False,False
90.020000000009148,"VIPER-02",2169.0395047251695,Military,92,53465.514514072274,20684271.9,20684271.9,False,False,False
90.020000000009148,"BANDIT-01",2089.6838230781614,Afterburner,100,90045.6338732761,20684271.9,20684271.9,False,False,False
90.020000000009148,"BANDIT-02",2134.5559760534884,Military,92,34586.5896240238,20684271.9,20684271.9,False,False,False
90.1200000000092,"VIPER-01",1844.2300518729994,Military,92,60354.7369368256,20684271.9,20684271.9,False,False,False
90.1200000000092,"VIPER-02",2168.9225368094553,Military,92,53453.043523688204,20684271.9,20684271.9,False,False,False
90.1200000000092,"BANDIT-01",2089.4123910677763,Military,99.72,35813.1876502636,20684271.9,20684271.9,False,False,False
90.1200000000092,"BANDIT-02",2134.3271778224448,Afterburner,92.56,87422.554414096216,20684271.9,20684271.9,False,False,False
90.22000000000925,"VIPER-01",1844.1024405152739,Military,92,60350.698925635152,20684271.9,20684271.9,False,False,False
90.22000000000925,"VIPER-02",2168.8055840678207,Military,92,53440.753989264209,20684271.9,20684271.9,False,False,False
90.22000000000925,"BANDIT-01",2089.1150723655178,Military,99.72,35800.806646290133,20684271.9,20684271.9,False,False,False
90.22000000000925,"BANDIT-02",2134.1221897065266,Afterburner,92.56,87409.50123812315,20684271.9,20684271.9,False,False,False
90.3200000000093,"VIPER-01",1843.9748331372573,Military,92,60346.44980718146,20684271.9,20684271.9,False,False,False
90.3200000000093,"VIPER-02",2168.6886518459328,Military,92,53428.326730152905,20684271.9,20684271.9,False,False,False
90.3200000000093,"BANDIT-01",2088.81777707288,Afterburner,100,89961.71918210217,20684271.9,20684271.9,False,False,False
90.3200000000093,"BANDIT-02",2133.9172085352111,Afterburner,92.56,87396.4035338683,20684271.9,20684271.9,False,False,False
90.420000000009352,"VIPER-01",1843.8472301183053,Military,92,60341.990690399682,20684271.9,20684271.9,False,False,False
90.420000000009352,"VIPER-02",2168.5717403990598,Military,92,53415.762388326359,20684271.9,20684271.9,False,False,False
90.420000000009352,"BANDIT-02",2133.7122341067607,Afterburner,92.56,87383.261323278959,20684271.9,20684271.9,False,False,False
90.5200000000094,"VIPER-01",1843.7196318372589,Military,92,60337.321548611224,20684271.9,20684271.9,False,False,False
90.5200000000094,"VIPER-02",2168.4548499827206,Military,92,53403.060502644024,20684271.9,20684271.9,False,False,False
90.5200000000094,"BANDIT-02",2133.5072662191074,Afterburner,92.56,87370.074675450349,20684271.9,20684271.9,False,False,False
90.620000000009455,"VIPER-01",1843.5920333495956,Military,92,60347.05423272679,20684271.9,20684271.9,False,False,False
90.620000000009455,"VIPER-02",2168.3379755631818,Military,92,53404.444791875147,20684271.9,20684271.9,False,False,False
90.620000000009455,"BANDIT-02",2133.3018716456013,Military,92.56,34919.534885918336,20684271.9,20684271.9,False,False,False
90.7200000000095,"VIPER-01",1843.4644313245669,Military,92,60342.783684454967,20684271.9,20684271.9,False,False,False
90.7200000000095,"VIPER-02",2168.2211137100289,Military,92,53392.264626430733,20684271.9,20684271.9,False,False,False
90.7200000000095,"BANDIT-02",2133.0958342700633,Military,92.56,34915.622872171793,20684271.9,20684271.9,False,False,False
90.820000000009557,"VIPER-01",1843.3368336769945,Military,92,60338.304126459669,20684271.9,20684271.9,False,False,False
90.820000000009557,"VIPER-02",2168.1042721692179,Military,92,53379.946719435589,20684271.9,20684271.9,False,False,False
90.820000000009557,"BANDIT-02",2132.8898036820169,Military,92.56,34911.939848607042,20684271.9,20684271.9,False,False,False
90.920000000009608,"VIPER-01",1843.2092407806983,Military,92,60333.61807401121,20684271.9,20684271.9,False,False,False
90.920000000009608,"VIPER-02",2167.9874511941389,Military,92,53367.493093971381,20684271.9,20684271.9,False,False,False
90.920000000009608,"BANDIT-02",2132.6837796806949,Military,92.56,34908.483757884271,20684271.9,20684271.9,False,False,False
91.020000000009659,"VIPER-01",1843.0816530075788,Military,92,60328.725720973729,20684271.9,20684271.9,False,False,False
91.020000000009659,"VIPER-02",2167.8706510370116,Military,92,53354.90351634354,20684271.9,20684271.9,False,False,False
91.020000000009659,"BANDIT-02",2132.4532793395897,Afterburner,93.12,88229.568438481045,20684271.9,20684271.9,False,False,False
91.120000000009711,"VIPER-01",1842.9540567644162,Military,92,60324.4470600944,20684271.9,20684271.9,False,False,False
91.120000000009711,"VIPER-02",2167.7538580722253,Military,92,53342.9768064411,20684271.9,20684271.9,False,False,False
91.120000000009711,"BANDIT-02",2132.2461872960694,Afterburner,93.12,88215.888151407082,20684271.9,20684271.9,False,False,False
91.220000000009762,"VIPER-01",1842.8264648999595,Military,92,60319.958895750249,20684271.9,20684271.9,False,False,False
91.220000000009762,"VIPER-02",2167.6370849514078,Military,92,53330.91029415901,20684271.9,20684271.9,False,False,False
91.220000000009762,"BANDIT-02",2132.0391021435767,Afterburner,93.12,88202.162848221516,20684271.9,20684271.9,False,False,False
91.320000000009813,"VIPER-01",1842.6988777888359,Military,92,60315.264231854911,20684271.9,20684271.9,False,False,False
91.320000000009813,"VIPER-02",2167.520331931541,Military,92,53318.706487063086,20684271.9,20684271.9,False,False,False
91.320000000009813,"BANDIT-02",2131.8320236791933,Afterburner,93.12,88188.392456106987,20684271.9,20684271.9,False,False,False
91.420000000009864,"VIPER-01",1842.5712958020258,Military,92,60310.364266288227,20684271.9,20684271.9,False,False,False
91.420000000009864,"VIPER-02",2167.4035992667032,Military,92,53306.366137557961,20684271.9,20684271.9,False,False,False
91.420000000009864,"BANDIT-02",2131.624951701473,Afterburner,93.12,88174.576989806883,20684271.9,20684271.9,False,False,False
91.520000000009915,"VIPER-01",1842.4437054336543,Military,92,60320.487468382416,20684271.9,20684271.9,False,False,False
91.520000000009915,"VIPER-02",2167.2868734206786,Military,92,53308.715733001038,20684271.9,20684271.9,False,False,False
91.520000000009915,"BANDIT-02",2131.4168041700655,Military,93.12,35241.957151305061,20684271.9,20684271.9,False,False,False
91.620000000009966,"VIPER-01",1842.316119440977,Military,92,60315.98970966792,20684271.9,20684271.9,False,False,False
91.620000000009966,"VIPER-02",2167.1701669570584,Military,92,53296.893663967719,20684271.9,20684271.9,False,False,False
91.620000000009966,"BANDIT-02",2131.2086635824053,Military,93.12,35238.260322862996,20684271.9,20684271.9,False,False,False
91.720000000010018,"VIPER-01",1842.1885381968368,Military,92,60311.2862274441,20684271.9,20684271.9,False,False,False
91.720000000010018,"VIPER-02",2167.0534801337781,Military,92,53284.933519934915,20684271.9,20684271.9,False,False,False
91.720000000010018,"BANDIT-02",2131.0005297353168,Military,93.12,35234.792526056423,20684271.9,20684271.9,False,False,False
91.820000000010069,"VIPER-01",1842.0609620707555,Military,92,60306.378057732043,20684271.9,20684271.9,False,False,False
91.820000000010069,"VIPER-02",2166.93681320618,Military,92,53272.835904863496,20684271.9,20684271.9,False,False,False
91.820000000010069,"BANDIT-02",2130.7676716650876,Afterburner,93.68,89043.7890962616,20684271.9,20684271.9,False,False,False
91.92000000001012,"VIPER-01",1841.9333773462461,Military,92,60302.083894505813,20684271.9,20684271.9,False,False,False
91.92000000001012,"VIPER-02",2166.8201524309861,Military,92,53261.3984913097,20684271.9,20684271.9,False,False,False
91.92000000001012,"BANDIT-02",2130.5584706298605,Afterburner,93.68,89029.5162913288,20684271.9,20684271.9,False,False,False
92.020000000010171,"VIPER-01",1841.8057969909198,Military,92,60297.58213997545,20684271.9,20684271.9,False,False,False
92.020000000010171,"VIPER-02",2166.70351058392,Military,92,53249.8200827415,20684271.9,20684271.9,False,False,False
92.020000000010171,"BANDIT-02",2130.349276644105,Afterburner,93.68,89015.1979030488,20684271.9,20684271.9,False,False,False
92.120000000010222,"VIPER-01",1841.6782213761949,Military,92,60292.875410978195,20684271.9,20684271.9,False,False,False
92.120000000010222,"VIPER-02",2166.5868879241671,Military,92,53238.102827954914,20684271.9,20684271.9,False,False,False
92.120000000010222,"BANDIT-02",2130.1400895037837,Afterburner,93.68,89000.833878303747,20684271.9,20684271.9,False,False,False
92.220000000010273,"VIPER-01",1841.550645450636,Military,92,60302.83319884049,20684271.9,20684271.9,False,False,False
92.220000000010273,"VIPER-02",2166.4702793222514,Military,92,53240.724623304137,20684271.9,20684271.9,False,False,False
92.220000000010273,"BANDIT-02",2129.9304763513287,Military,93.68,35571.0006160251,20684271.9,20684271.9,False,False,False
92.320000000010324,"VIPER-01",1841.4230658304948,Military,92,60298.530416343165,20684271.9,20684271.9,False,False,False
92.320000000010324,"VIPER-02",2166.3536813056635,Military,92,53229.522178036059,20684271.9,20684271.9,False,False,False
92.320000000010324,"BANDIT-02",2129.7202212649418,Military,93.68,35567.05537041038,20684271.9,20684271.9,False,False,False
92.420000000010376,"VIPER-01",1841.2954905717911,Military,92,60294.021062132182,20684271.9,20684271.9,False,False,False
92.420000000010376,"VIPER-02",2166.2371017721975,Military,92,53218.178254874023,20684271.9,20684271.9,False,False,False
92.420000000010376,"BANDIT-02",2129.5099732818958,Military,93.68,35563.342315814014,20684271.9,20684271.9,False,False,False
92.520000000010427,"VIPER-01",1841.1679200443846,Military,92,60289.307125211264,20684271.9,20684271.9,False,False,False
92.520000000010427,"VIPER-02",2166.1205409820955,Military,92,53206.69440011213,20684271.9,20684271.9,False,False,False
92.520000000010427,"BANDIT-02",2129.2997321977577,Military,93.68,35559.859901736032,20684271.9,20684271.9,False,False,False
92.620000000010478,"VIPER-01",1841.0403462711886,Military,92,60284.879762104691,20684271.9,20684271.9,False,False,False
92.620000000010478,"VIPER-02",2166.0039909005477,Military,92,53195.549055662945,20684271.9,20684271.9,False,False,False
92.620000000010478,"BANDIT-02",2129.0638708789838,Afterburner,94.240000000000009,89851.987821555333,20684271.9,20684271.9,False,False,False
92.720000000010529,"VIPER-01",1840.9127712136255,Military,92,60280.572247535812,20684271.9,20684271.9,False,False,False
92.720000000010529,"VIPER-02",2165.8874533696762,Military,92,53184.579383310862,20684271.9,20684271.9,False,False,False
92.720000000010529,"BANDIT-02",2128.8525639955692,Afterburner,94.240000000000009,89837.112747832914,20684271.9,20684271.9,False,False,False
92.82000000001058,"VIPER-01",1840.7852005096263,Military,92,60276.05922911509,20684271.9,20684271.9,False,False,False
92.82000000001058,"VIPER-02",2165.7709338870586,Military,92,53173.467830106114,20684271.9,20684271.9,False,False,False
92.82000000001058,"BANDIT-02",2128.6412643213102,Afterburner,94.240000000000009,89822.191515669852,20684271.9,20684271.9,False,False,False
92.920000000010631,"VIPER-01",1840.6576345277883,Military,92,60271.342158915162,20684271.9,20684271.9,False,False,False
92.920000000010631,"VIPER-02",2165.6544327142319,Military,92,53162.215427945732,20684271.9,20684271.9,False,False,False
92.920000000010631,"BANDIT-02",2128.4299716509481,Afterburner,94.240000000000009,89807.224129564129,20684271.9,20684271.9,False,False,False
93.020000000010683,"VIPER-01",1840.5300595189212,Military,92,60281.905328655383,20684271.9,20684271.9,False,False,False
93.020000000010683,"VIPER-02",2165.5379360817838,Military,92,53165.901061351346,20684271.9,20684271.9,False,False,False
93.020000000010683,"BANDIT-02",2128.2176048738379,Military,94.240000000000009,35894.128002772617,20684271.9,20684271.9,False,False,False
93.120000000010734,"VIPER-01",1840.4024884844448,Military,92,60277.588961220514,20684271.9,20684271.9,False,False,False
93.120000000010734,"VIPER-02",2165.4214568066941,Military,92,53155.15471627911,20684271.9,20684271.9,False,False,False
93.120000000010734,"BANDIT-02",2128.0052455663536,Military,94.240000000000009,35890.168326185347,20684271.9,20684271.9,False,False,False
93.220000000010785,"VIPER-01",1840.2749217952207,Military,92,60273.067738806552,20684271.9,20684271.9,False,False,False
93.220000000010785,"VIPER-02",2165.3049951545918,Military,92,53144.2657117431,20684271.9,20684271.9,False,False,False
93.220000000010785,"BANDIT-02",2127.792893521299,Military,94.240000000000009,35886.441776188774,20684271.9,20684271.9,False,False,False
93.320000000010836,"VIPER-01",1840.1473570727587,Military,92,60268.505975779335,20684271.9,20684271.9,False,False,False
93.320000000010836,"VIPER-02",2165.1885486592278,Military,92,53133.3938780804,20684271.9,20684271.9,False,False,False
93.320000000010836,"BANDIT-02",2127.555105676779,Afterburner,94.800000000000011,90669.480069098223,20684271.9,20684271.9,False,False,False
93.420000000010887,"VIPER-01",1840.019785554912,Military,92,60264.391352630038,20684271.9,20684271.9,False,False,False
93.420000000010887,"VIPER-02",2165.0721085094438,Military,92,53123.014395428472,20684271.9,20684271.9,False,False,False
93.420000000010887,"BANDIT-02",2127.3416887187964,Afterburner,94.800000000000011,90654.039678655521,20684271.9,20684271.9,False,False,False
93.520000000010938,"VIPER-01",1839.8922180046995,Military,92,60260.070311548589,20684271.9,20684271.9,False,False,False
93.520000000010938,"VIPER-02",2164.9556853006611,Military,92,53112.489720711696,20684271.9,20684271.9,False,False,False
93.520000000010938,"BANDIT-02",2127.1282793366654,Afterburner,94.800000000000011,90638.552622859454,20684271.9,20684271.9,False,False,False
93.62000000001099,"VIPER-01",1839.7646547914037,Military,92,60255.545067691783,20684271.9,20684271.9,False,False,False
93.62000000001099,"VIPER-02",2164.8392792993941,Military,92,53101.82164257652,20684271.9,20684271.9,False,False,False
93.62000000001099,"BANDIT-02",2126.9148773224947,Afterburner,94.800000000000011,90623.018869313033,20684271.9,20684271.9,False,False,False
93.720000000011041,"VIPER-01",1839.6370850114808,Military,92,60266.26608152171,20684271.9,20684271.9,False,False,False
93.720000000011041,"VIPER-02",2164.7228795684609,Military,92,53106.057468445986,20684271.9,20684271.9,False,False,False
93.720000000011041,"BANDIT-02",2126.7006180556691,Military,94.800000000000011,36219.288409810652,20684271.9,20684271.9,False,False,False
93.820000000011092,"VIPER-01",1839.5095161525473,Military,92,60262.140358188808,20684271.9,20684271.9,False,False,False
93.820000000011092,"VIPER-02",2164.6064934492906,Military,92,53095.889594782384,20684271.9,20684271.9,False,False,False
93.820000000011092,"BANDIT-02",2126.486150435172,Military,94.800000000000011,36215.081525580994,20684271.9,20684271.9,False,False,False
93.920000000011143,"VIPER-01",1839.3819512554805,Military,92,60257.809246293647,20684271.9,20684271.9,False,False,False
93.920000000011143,"VIPER-02",2164.4901238653761,Military,92,53085.576175100323,20684271.9,20684271.9,False,False,False
93.920000000011143,"BANDIT-02",2126.2716904431618,Military,94.800000000000011,36211.11052046081,20684271.9,20684271.9,False,False,False
94.0200000000112,"VIPER-01",1839.2543906886178,Military,92,60253.273911729011,20684271.9,20684271.9,False,False,False
94.0200000000112,"VIPER-02",2164.3737710846913,Military,92,53075.117984140343,20684271.9,20684271.9,False,False,False
94.0200000000112,"BANDIT-02",2126.03176309591,Afterburner,95.360000000000014,91481.88669736356,20684271.9,20684271.9,False,False,False
94.120000000011245,"VIPER-01",1839.1268203750108,Military,92,60249.347870642981,20684271.9,20684271.9,False,False,False
94.120000000011245,"VIPER-02",2164.2574210177218,Military,92,53065.307973936207,20684271.9,20684271.9,False,False,False
94.120000000011245,"BANDIT-02",2125.8162392613608,Afterburner,95.360000000000014,91465.872372887781,20684271.9,20684271.9,False,False,False
94.2200000000113,"VIPER-01",1838.9992536487023,Military,92,60245.214705724291,20684271.9,20684271.9,False,False,False
94.2200000000113,"VIPER-02",2164.1410868195439,Military,92,53055.349756640986,20684271.9,20684271.9,False,False,False
94.2200000000113,"BANDIT-02",2125.6007233706764,Afterburner,95.360000000000014,91449.810864452564,20684271.9,20684271.9,False,False,False
94.320000000011348,"VIPER-01",1838.8716908799229,Military,92,60240.876943095747,20684271.9,20684271.9,False,False,False
94.320000000011348,"VIPER-02",2164.0247687617402,Military,92,53045.24543686703,20684271.9,20684271.9,False,False,False
94.320000000011348,"BANDIT-02",2125.3852152131885,Afterburner,95.360000000000014,91433.7021241554,20684271.9,20684271.9,False,False,False
94.4200000000114,"VIPER-01",1838.7441268717225,Military,92,60251.588124626316,20684271.9,20684271.9,False,False,False
94.4200000000114,"VIPER-02",2163.908461583062,Military,92,53049.851705168068,20684271.9,20684271.9,False,False,False
94.4200000000114,"BANDIT-02",2125.1692824961247,Military,95.360000000000014,36542.5376897129,20684271.9,20684271.9,False,False,False
94.52000000001145,"VIPER-01",1838.61655817321,Military,92,60247.649282858292,20684271.9,20684271.9,False,False,False
94.52000000001145,"VIPER-02",2163.7921617572247,Military,92,53040.242470011624,20684271.9,20684271.9,False,False,False
94.52000000001145,"BANDIT-02",2124.9527095937892,Military,95.360000000000014,36538.084614389038,20684271.9,20684271.9,False,False,False
94.6200000000115,"VIPER-01",1838.4889930586889,Military,92,60243.504184765909,20684271.9,20684271.9,False,False,False
94.6200000000115,"VIPER-02",2163.6758774132472,Military,92,53030.484568043605,20684271.9,20684271.9,False,False,False
94.6200000000115,"BANDIT-02",2124.7361446868517,Military,95.360000000000014,36533.870530109707,20684271.9,20684271.9,False,False,False
94.720000000011552,"VIPER-01",1838.3614318970124,Military,92,60239.154818186027,20684271.9,20684271.9,False,False,False
94.720000000011552,"VIPER-02",2163.5596088236553,Military,92,53020.5795874397,20684271.9,20684271.9,False,False,False
94.720000000011552,"BANDIT-02",2124.5195875641975,Military,95.360000000000014,36529.893820532292,20684271.9,20684271.9,False,False,False
94.8200000000116,"VIPER-01",1838.233866495304,Military,92,60235.089156077644,20684271.9,20684271.9,False,False,False
94.8200000000116,"VIPER-02",2163.4433477513608,Military,92,53011.003079344409,20684271.9,20684271.9,False,False,False
94.8200000000116,"BANDIT-02",2124.2766693493886,Afterburner,95.920000000000016,92272.53906782197,20684271.9,20684271.9,False,False,False
94.920000000011655,"VIPER-01",1838.1062988926124,Military,92,60231.141525100327,20684271.9,20684271.9,False,False,False
94.920000000011655,"VIPER-02",2163.3270961289495,Military,92,53001.593214386536,20684271.9,20684271.9,False,False,False
94.920000000011655,"BANDIT-02",2124.0590498151682,Afterburner,95.920000000000016,92255.8944858714,20684271.9,20684271.9,False,False,False
95.0200000000117,"VIPER-01",1837.9787348708985,Military,92,60226.988639626914,20684271.9,20684271.9,False,False,False
95.0200000000117,"VIPER-02",2163.2108596108405,Military,92,52992.034382888625,20684271.9,20684271.9,False,False,False
95.0200000000117,"BANDIT-02",2123.8414383813397,Afterburner,95.920000000000016,92239.202145624979,20684271.9,20684271.9,False,False,False
95.120000000011757,"VIPER-01",1837.851172021549,Military,92,60237.849430287228,20684271.9,20684271.9,False,False,False
95.120000000011757,"VIPER-02",2163.094635711102,Military,92,52997.150928344949,20684271.9,20684271.9,False,False,False
95.120000000011757,"BANDIT-02",2123.6236188747075,Military,95.920000000000016,36863.878230908987,20684271.9,20684271.9,False,False,False
95.220000000011808,"VIPER-01",1837.723601495592,Military,92,60234.094502155975,20684271.9,20684271.9,False,False,False
95.220000000011808,"VIPER-02",2162.9784155419052,Military,92,52988.08190504316,20684271.9,20684271.9,False,False,False
95.220000000011808,"BANDIT-02",2123.4049437413273,Military,95.920000000000016,36859.179105247313,20684271.9,20684271.9,False,False,False
95.320000000011859,"VIPER-01",1837.5960341791806,Military,92,60230.132533641976,20684271.9,20684271.9,False,False,False
95.320000000011859,"VIPER-02",2162.8622098323322,Military,92,52978.861264262181,20684271.9,20684271.9,False,False,False
95.320000000011859,"BANDIT-02",2123.1862769723152,Military,95.920000000000016,36854.721977428286,20684271.9,20684271.9,False,False,False
95.42000000001191,"VIPER-01",1837.4684704421102,Military,92,60225.965802303093,20684271.9,20684271.9,False,False,False
95.42000000001191,"VIPER-02",2162.7460188597283,Military,92,52969.49088880403,20684271.9,20684271.9,False,False,False
95.42000000001191,"BANDIT-02",2122.9676183538431,Military,95.920000000000016,36850.504883683258,20684271.9,20684271.9,False,False,False
95.520000000011962,"VIPER-01",1837.3409020208128,Military,92,60222.0813179758,20684271.9,20684271.9,False,False,False
95.520000000011962,"VIPER-02",2162.629834320282,Military,92,52960.4454576356,20684271.9,20684271.9,False,False,False
95.520000000011962,"BANDIT-02",2122.7223520439479,Afterburner,96.480000000000018,93073.924231106255,20684271.9,20684271.9,False,False,False
95.620000000012013,"VIPER-01",1837.2133309810288,Military,92,60218.313711837058,20684271.9,20684271.9,False,False,False
95.620000000012013,"VIPER-02",2162.5136581770039,Military,92,52951.56343168069,20684271.9,20684271.9,False,False,False
95.620000000012013,"BANDIT-02",2122.5026322850822,Afterburner,96.480000000000018,93056.687916597148,20684271.9,20684271.9,False,False,False
95.720000000012064,"VIPER-01",1837.0857631535964,Military,92,60214.3402953067,20684271.9,20684271.9,False,False,False
95.720000000012064,"VIPER-02",2162.3974961369181,Military,92,52942.529759205529,20684271.9,20684271.9,False,False,False
95.720000000012064,"BANDIT-02",2122.2829209941206,Afterburner,96.480000000000018,93039.403313610936,20684271.9,20684271.9,False,False,False
95.820000000012115,"VIPER-01",1836.9581989071946,Military,92,60210.162423050511,20684271.9,20684271.9,False,False,False
95.820000000012115,"VIPER-02",2162.2813484784328,Military,92,52933.3454312523,20684271.9,20684271.9,False,False,False
95.820000000012115,"BANDIT-02",2122.0632179563531,Afterburner,96.480000000000018,93022.070434456284,20684271.9,20684271.9,False,False,False
95.920000000012166,"VIPER-01",1836.8306240190072,Military,92,60221.766849843967,20684271.9,20684271.9,False,False,False
95.920000000012166,"VIPER-02",2162.1652009758313,Military,92,52939.585405686063,20684271.9,20684271.9,False,False,False
95.920000000012166,"BANDIT-02",2121.8424440171075,Military,96.480000000000018,37177.993564305769,20684271.9,20684271.9,False,False,False
96.020000000012217,"VIPER-01",1836.7030519761497,Military,92,60217.981259111017,20684271.9,20684271.9,False,False,False
96.020000000012217,"VIPER-02",2162.0490669474225,Military,92,52930.880641448581,20684271.9,20684271.9,False,False,False
96.020000000012217,"BANDIT-02",2121.6216788100974,Military,96.480000000000018,37173.296943257541,20684271.9,20684271.9,False,False,False
96.120000000012269,"VIPER-01",1836.5754831495744,Military,92,60213.990447481,20684271.9,20684271.9,False,False,False
96.120000000012269,"VIPER-02",2161.9329466754393,Military,92,52922.023604919545,20684271.9,20684271.9,False,False,False
96.120000000012269,"BANDIT-02",2121.4009221186452,Military,96.480000000000018,37168.842970281818,20684271.9,20684271.9,False,False,False
96.22000000001232,"VIPER-01",1836.447915065758,Military,92,60209.957293652646,20684271.9,20684271.9,False,False,False
96.22000000001232,"VIPER-02",2161.8168376151593,Military,92,52913.172854647586,20684271.9,20684271.9,False,False,False
96.22000000001232,"BANDIT-02",2121.1537430166177,Afterburner,97.04000000000002,93869.955994650692,20684271.9,20684271.9,False,False,False
96.320000000012371,"VIPER-01",1836.3203386844314,Military,92,60206.365186703173,20684271.9,20684271.9,False,False,False
96.320000000012371,"VIPER-02",2161.7007306938513,Military,92,52904.799662676611,20684271.9,20684271.9,False,False,False
96.320000000012371,"BANDIT-02",2120.9319261038459,Afterburner,97.04000000000002,93852.119352079026,20684271.9,20684271.9,False,False,False
96.420000000012422,"VIPER-01",1836.1927651539381,Military,92,60202.566234096354,20684271.9,20684271.9,False,False,False
96.420000000012422,"VIPER-02",2161.5846369077981,Military,92,52896.271759545751,20684271.9,20684271.9,False,False,False
96.420000000012422,"BANDIT-02",2120.7101180262284,Afterburner,97.04000000000002,93834.233907458532,20684271.9,20684271.9,False,False,False
96.520000000012473,"VIPER-01",1836.0651948438028,Military,92,60198.562612588736,20684271.9,20684271.9,False,False,False
96.520000000012473,"VIPER-02",2161.4685565399004,Military,92,52887.590948865378,20684271.9,20684271.9,False,False,False
96.520000000012473,"BANDIT-02",2120.4883185663416,Afterburner,97.04000000000002,93816.299632105554,20684271.9,20684271.9,False,False,False
96.620000000012524,"VIPER-01",1835.9376168602719,Military,92,60209.775261302471,20684271.9,20684271.9,False,False,False
96.620000000012524,"VIPER-02",2161.3524786770276,Military,92,52893.782334796793,20684271.9,20684271.9,False,False,False
96.620000000012524,"BANDIT-02",2120.2663754683231,Military,97.04000000000002,37345.415718097589,20684271.9,20684271.9,False,False,False
96.720000000012575,"VIPER-01",1835.8100398599054,Military,92,60205.4556351691,20684271.9,20684271.9,False,False,False
96.720000000012575,"VIPER-02",2161.236411839735,Military,92,52884.886891628819,20684271.9,20684271.9,False,False,False
96.720000000012575,"BANDIT-02",2120.0444026404302,Military,97.04000000000002,37341.315600692207,20684271.9,20684271.9,False,False,False
96.820000000012627,"VIPER-01",1835.6824670022402,Military,92,60200.935933381857,20684271.9,20684271.9,False,False,False
96.820000000012627,"VIPER-02",2161.1203590859077,Military,92,52875.8420727409,20684271.9,20684271.9,False,False,False
96.820000000012627,"BANDIT-02",2119.7962521666109,Afterburner,97.600000000000023,93844.812910205364,20684271.9,20684271.9,False,False,False
96.920000000012678,"VIPER-01",1835.5548846943259,Military,92,60196.155202399314,20684271.9,20684271.9,False,False,False
96.920000000012678,"VIPER-02",2161.004306820339,Military,92,52866.589137889918,20684271.9,20684271.9,False,False,False
96.920000000012678,"BANDIT-02",2119.5743046300554,Afterburner,97.600000000000023,93826.659942783372,20684271.9,20684271.9,False,False,False
97.020000000012729,"VIPER-01",1835.4273073588161,Military,92,60191.178725455487,20684271.9,20684271.9,False,False,False
97.020000000012729,"VIPER-02",2160.8882692975371,Military,92,52857.190403203822,20684271.9,20684271.9,False,False,False
97.020000000012729,"BANDIT-02",2119.3523647250058,Afterburner,97.600000000000023,93808.457975109777,20684271.9,20684271.9,False,False,False
97.12000000001278,"VIPER-01",1835.2997241719438,Military,92,60201.30627317958,20684271.9,20684271.9,False,False,False
97.12000000001278,"VIPER-02",2160.7722356763957,Military,92,52862.554047515114,20684271.9,20684271.9,False,False,False
97.12000000001278,"BANDIT-02",2119.1304380535685,Military,97.600000000000023,37309.847201789795,20684271.9,20684271.9,False,False,False
97.220000000012831,"VIPER-01",1835.1721439670935,Military,92,60195.875100620447,20684271.9,20684271.9,False,False,False
97.220000000012831,"VIPER-02",2160.6562146562151,Military,92,52852.802384742208,20684271.9,20684271.9,False,False,False
97.220000000012831,"BANDIT-02",2118.9085199813708,Military,97.600000000000023,37307.03321572375,20684271.9,20684271.9,False,False,False
97.320000000012882,"VIPER-01",1835.0445615156639,Military,92,60190.216362918531,20684271.9,20684271.9,False,False,False
97.320000000012882,"VIPER-02",2160.54020095892,Military,92,52842.873563882829,20684271.9,20684271.9,False,False,False
97.320000000012882,"BANDIT-02",2118.6604348260453,Afterburner,98.160000000000025,93752.77212033172,20684271.9,20684271.9,False,False,False
97.420000000012934,"VIPER-01",1834.9169800438906,Military,92,60184.34479079501,20684271.9,20684271.9,False,False,False
97.420000000012934,"VIPER-02",2160.4241977109841,Military,92,52832.781427380585,20684271.9,20684271.9,False,False,False
97.420000000012934,"BANDIT-02",2118.4385398696286,Afterburner,98.160000000000025,93734.374960670772,20684271.9,20684271.9,False,False,False
97.520000000012985,"VIPER-01",1834.7893915508262,Military,92,60193.557697034106,20684271.9,20684271.9,False,False,False
97.520000000012985,"VIPER-02",2160.3081968789638,Military,92,52837.432466693652,20684271.9,20684271.9,False,False,False
97.520000000012985,"BANDIT-02",2118.2166585537225,Military,98.160000000000025,37282.541715676751,20684271.9,20684271.9,False,False,False
97.620000000013036,"VIPER-01",1834.661804844739,Military,92,60187.223196589977,20684271.9,20684271.9,False,False,False
97.620000000013036,"VIPER-02",2160.1922071395397,Military,92,52826.977272981268,20684271.9,20684271.9,False,False,False
97.620000000013036,"BANDIT-02",2117.9686117685674,Afterburner,98.720000000000027,93696.6480467085,20684271.9,20684271.9,False,False,False
97.720000000013087,"VIPER-01",1834.5342175420806,Military,92,60180.670627320367,20684271.9,20684271.9,False,False,False
97.720000000013087,"VIPER-02",2160.0762260441697,Military,92,52816.352928651941,20684271.9,20684271.9,False,False,False
97.720000000013087,"BANDIT-02",2117.7467522515853,Afterburner,98.720000000000027,93678.10434918289,20684271.9,20684271.9,False,False,False
97.820000000013138,"VIPER-01",1834.4066244438422,Military,92,60189.1984085069,20684271.9,20684271.9,False,False,False
97.820000000013138,"VIPER-02",2159.960248346134,Military,92,52820.467490289593,20684271.9,20684271.9,False,False,False
97.820000000013138,"BANDIT-02",2117.5249055849636,Military,98.720000000000027,37260.404731483977,20684271.9,20684271.9,False,False,False
97.920000000013189,"VIPER-01",1834.2790343423205,Military,92,60182.195487908473,20684271.9,20684271.9,False,False,False
97.920000000013189,"VIPER-02",2159.8442827079593,Military,92,52809.490504050111,20684271.9,20684271.9,False,False,False
97.920000000013189,"BANDIT-02",2117.2768970446346,Afterburner,99.28000000000003,93640.085072582428,20684271.9,20684271.9,False,False,False
98.020000000013241,"VIPER-01",1834.1514420503056,Military,92,60190.28403102469,20684271.9,20684271.9,False,False,False
98.020000000013241,"VIPER-02",2159.7283238954637,Military,92,52813.262905473108,20684271.9,20684271.9,False,False,False
98.020000000013241,"BANDIT-02",2117.0550722752178,Military,99.28000000000003,37241.081091670792,20684271.9,20684271.9,False,False,False
98.120000000013292,"VIPER-01",1834.0238479758036,Military,92,60182.825897588933,20684271.9,20684271.9,False,False,False
98.120000000013292,"VIPER-02",2159.6123722371635,Military,92,52801.92752214949,20684271.9,20684271.9,False,False,False
98.120000000013292,"BANDIT-02",2116.8332581722366,Military,99.28000000000003,37240.597748879307,20684271.9,20684271.9,False,False,False
98.220000000013343,"VIPER-01",1833.8962525158433,Military,92,60175.147217747988,20684271.9,20684271.9,False,False,False
98.220000000013343,"VIPER-02",2159.4964280512695,Military,92,52790.419258433612,20684271.9,20684271.9,False,False,False
98.220000000013343,"BANDIT-02",2116.5852890945407,Afterburner,99.840000000000032,93583.082794180213,20684271.9,20684271.9,False,False,False
98.3200000000134,"VIPER-01",1833.7686532899247,Military,92,60182.540918140476,20684271.9,20684271.9,False,False,False
98.3200000000134,"VIPER-02",2159.3804888950117,Military,92,52793.641756059893,20684271.9,20684271.9,False,False,False
98.3200000000134,"BANDIT-02",2116.3634997101331,Military,99.72,37222.851016930472,20684271.9,20684271.9,False,False,False
98.420000000013445,"VIPER-01",1833.6410535033815,Military,92,60174.408276844639,20684271.9,20684271.9,False,False,False
98.420000000013445,"VIPER-02",2159.2645578791603,Military,92,52781.774710872582,20684271.9,20684271.9,False,False,False
98.420000000013445,"BANDIT-02",2116.1155572569869,Afterburner,100,93544.575876814662,20684271.9,20684271.9,False,False,False
98.5200000000135,"VIPER-01",1833.5134507684975,Military,92,60181.346119630791,20684271.9,20684271.9,False,False,False
98.5200000000135,"VIPER-02",2159.1486325547726,Military,92,52784.636437561931,20684271.9,20684271.9,False,False,False
98.5200000000135,"BANDIT-02",2115.8937916766968,Military,99.72,37206.153010116286,20684271.9,20684271.9,False,False,False
98.620000000013547,"VIPER-01",1833.3858482822432,Military,92,60172.768022709723,20684271.9,20684271.9,False,False,False
98.620000000013547,"VIPER-02",2159.0327160253573,Military,92,52772.417718222,20684271.9,20684271.9,False,False,False
98.620000000013547,"BANDIT-02",2115.6458751744872,Afterburner,100,93505.873646075983,20684271.9,20684271.9,False,False,False
98.7200000000136,"VIPER-01",1833.2582408685796,Military,92,60179.244849149341,20684271.9,20684271.9,False,False,False
98.7200000000136,"VIPER-02",2158.9168030708138,Military,92,52774.912664079566,20684271.9,20684271.9,False,False,False
98.7200000000136,"BANDIT-02",2115.4241338481893,Military,99.72,37190.500303299385,20684271.9,20684271.9,False,False,False
98.82000000001365,"VIPER-01",1833.13063452005,Military,92,60170.21677153265,20684271.9,20684271.9,False,False,False
98.82000000001365,"VIPER-02",2158.80089957476,Military,92,52762.336882437732,20684271.9,20684271.9,False,False,False
98.82000000001365,"BANDIT-02",2115.1762439725089,Afterburner,100,93466.976026332864,20684271.9,20684271.9,False,False,False
98.9200000000137,"VIPER-01",1833.003024055974,Military,92,60176.23988438784,20684271.9,20684271.9,False,False,False
98.9200000000137,"VIPER-02",2158.6850003134318,Military,92,52764.470999609213,20684271.9,20684271.9,False,False,False
98.9200000000137,"BANDIT-02",2114.954525965356,Military,99.72,37175.8901248418,20684271.9,20684271.9,False,False,False
99.020000000013752,"VIPER-01",1832.8754126802608,Military,92,60166.758221151977,20684271.9,20684271.9,False,False,False
99.020000000013752,"VIPER-02",2158.5691083989805,Military,92,52751.533676027953,20684271.9,20684271.9,False,False,False
99.020000000013752,"BANDIT-02",2114.7066633560767,Afterburner,100,93427.882846944791,20684271.9,20684271.9,False,False,False
99.1200000000138,"VIPER-01",1832.7477980106366,Military,92,60172.32354792548,20684271.9,20684271.9,False,False,False
99.1200000000138,"VIPER-02",2158.453221390484,Military,92,52753.302032324864,20684271.9,20684271.9,False,False,False
99.1200000000138,"BANDIT-02",2114.4849690641381,Military,99.72,37162.326641562009,20684271.9,20684271.9,False,False,False
99.220000000013854,"VIPER-01",1832.62018324204,Military,92,60162.397142897804,20684271.9,20684271.9,False,False,False
99.220000000013854,"VIPER-02",2158.3373423921958,Military,92,52740.010637162573,20684271.9,20684271.9,False,False,False
99.220000000013854,"BANDIT-02",2114.2371329970815,Afterburner,100,93388.593889799871,20684271.9,20684271.9,False,False,False
99.3200000000139,"VIPER-01",1832.4925659865253,Military,92,60167.512328150326,20684271.9,20684271.9,False,False,False
99.3200000000139,"VIPER-02",2158.2214689585117,Military,92,52741.41954375746,20684271.9,20684271.9,False,False,False
99.3200000000139,"BANDIT-02",2113.9893106442805,Afterburner,100,93368.48594084561,20684271.9,20684271.9,False,False,False
99.420000000013957,"VIPER-01",1832.3649438612658,Military,92,60172.387161891442,20684271.9,20684271.9,False,False,False
99.420000000013957,"VIPER-02",2158.105598649262,Military,92,52742.63380942434,20684271.9,20684271.9,False,False,False
99.420000000013957,"BANDIT-02",2113.7676538471637,Military,99.72,37135.19435174072,20684271.9,20684271.9,False,False,False
99.520000000014008,"VIPER-01",1832.2373228572988,Military,92,60161.785174032237,20684271.9,20684271.9,False,False,False
99.520000000014008,"VIPER-02",2157.9897373497893,Military,92,52728.801330395108,20684271.9,20684271.9,False,False,False
99.520000000014008,"BANDIT-02",2113.5198583110041,Afterburner,100,93328.903454911051,20684271.9,20684271.9,False,False,False
99.620000000014059,"VIPER-01",1832.1096978044106,Military,92,60166.209031267237,20684271.9,20684271.9,False,False,False
99.620000000014059,"VIPER-02",2157.8738798495979,Military,92,52729.653831896991,20684271.9,20684271.9,False,False,False
99.620000000014059,"BANDIT-02",2113.2720773463802,Afterburner,100,93308.649162386675,20684271.9,20684271.9,False,False,False
99.72000000001411,"VIPER-01",1831.9820691224013,Military,92,60170.39859131811,20684271.9,20684271.9,False,False,False
99.72000000001411,"VIPER-02",2157.7580264959465,Military,92,52730.316748834513,20684271.9,20684271.9,False,False,False
99.72000000001411,"BANDIT-02",2113.0504572976106,Military,99.72,37110.424844492532,20684271.9,20684271.9,False,False,False
99.820000000014161,"VIPER-01",1831.8544399941579,Military,92,60159.11718696414,20684271.9,20684271.9,False,False,False
99.820000000014161,"VIPER-02",2157.6421803839271,Military,92,52715.937309163135,20684271.9,20684271.9,False,False,False
99.820000000014161,"BANDIT-02",2112.8027033608764,Afterburner,100,93268.772663591357,20684271.9,20684271.9,False,False,False
99.920000000014213,"VIPER-01",1831.7268080444428,Military,92,60162.85603660631,20684271.9,20684271.9,False,False,False
99.920000000014213,"VIPER-02",2157.5263390829468,Military,92,52716.237245991761,20684271.9,20684271.9,False,False,False
99.920000000014213,"BANDIT-02",2112.5549635216425,Afterburner,100,93248.371797136118,20684271.9,20684271.9,False,False,False
100.02000000001426,"VIPER-01",1831.5991709036002,Military,92,60166.354062495426,20684271.9,20684271.9,False,False,False
100.02000000001426,"VIPER-02",2157.4105001682974,Military,92,52716.340600454161,20684271.9,20684271.9,False,False,False
100.02000000001426,"BANDIT-02",2112.3333806983433,Military,99.72,37088.01558053046,20684271.9,20684271.9,False,False,False
100.12000000001431,"VIPER-01",1831.4715345501418,Military,92,60154.399397729292,20684271.9,20684271.9,False,False,False
100.12000000001431,"VIPER-02",2157.2946695156766,Military,92,52701.417907055809,20684271.9,20684271.9,False,False,False
100.12000000001431,"BANDIT-02",2112.0856680491443,Afterburner,100,93208.200901532517,20684271.9,20684271.9,False,False,False
100.22000000001437,"VIPER-01",1831.3438938201532,Military,92,60157.446188355221,20684271.9,20684271.9,False,False,False
100.22000000001437,"VIPER-02",2157.1788419232475,Military,92,52701.156314758038,20684271.9,20684271.9,False,False,False
100.22000000001437,"BANDIT-02",2111.8379702803009,Afterburner,100,93187.653305541782,20684271.9,20684271.9,False,False,False
100.32000000001442,"VIPER-01",1831.2162519028359,Military,92,60160.269573111931,20684271.9,20684271.9,False,False,False
100.32000000001442,"VIPER-02",2157.0630204944291,Military,92,52700.714113175061,20684271.9,20684271.9,False,False,False
100.32000000001442,"BANDIT-02",2111.5902859816606,Afterburner,100,93167.05686210288,20684271.9,20684271.9,False,False,False
100.42000000001447,"VIPER-01",1831.0886036541522,Military,92,60162.847908862452,20684271.9,20684271.9,False,False,False
100.42000000001447,"VIPER-02",2156.9472000476721,Military,92,52700.070313924727,20684271.9,20684271.9,False,False,False
100.42000000001447,"BANDIT-02",2111.368753308072,Military,99.72,37055.994944255188,20684271.9,20684271.9,False,False,False
100.52000000001452,"VIPER-01",1830.9609550437972,Military,92,60165.206458695575,20684271.9,20684271.9,False,False,False
100.52000000001452,"VIPER-02",2156.8313864517345,Military,92,52699.2488948939,20684271.9,20684271.9,False,False,False
100.52000000001452,"BANDIT-02",2111.1210971966525,Military,99.72,37044.296349886143,20684271.9,20684271.9,False,False,False
100.62000000001457,"VIPER-01",1830.8333037069817,Military,92,60152.117220958979,20684271.9,20684271.9,False,False,False
100.62000000001457,"VIPER-02",2156.7155772891597,Military,92,52683.404112185584,20684271.9,20684271.9,False,False,False
100.62000000001457,"BANDIT-02",2110.8734553011814,Afterburner,100,93105.7496056152,20684271.9,20684271.9,False,False,False
100.72000000001462,"VIPER-01",1830.7056500388674,Military,92,60154.020796302553,20684271.9,20684271.9,False,False,False
100.72000000001462,"VIPER-02",2156.5997728872494,Military,92,52682.211795938572,20684271.9,20684271.9,False,False,False
100.72000000001462,"BANDIT-02",2110.6258274696556,Afterburner,100,93084.957226244544,20684271.9,20684271.9,False,False,False
100.82000000001467,"VIPER-01",1830.5779944522112,Military,92,60155.698374817366,20684271.9,20684271.9,False,False,False
100.82000000001467,"VIPER-02",2156.4839735909741,Military,92,52680.835201349262,20684271.9,20684271.9,False,False,False
100.82000000001467,"BANDIT-02",2110.3782135511615,Afterburner,100,93064.115911700268,20684271.9,20684271.9,False,False,False
100.92000000001472,"VIPER-01",1830.4503318061902,Military,92,60157.128626999773,20684271.9,20684271.9,False,False,False
100.92000000001472,"VIPER-02",2156.3681742239241,Military,92,52679.253650593666,20684271.9,20684271.9,False,False,False
100.92000000001472,"BANDIT-02",2110.15674363326,Military,99.72,37017.519471155465,20684271.9,20684271.9,False,False,False
101.02000000001478,"VIPER-01",1830.3226680713265,Military,92,60158.336761346487,20684271.9,20684271.9,False,False,False
101.02000000001478,"VIPER-02",2156.2523806577528,Military,92,52677.491075866506,20684271.9,20684271.9,False,False,False
101.02000000001478,"BANDIT-02",2109.9091583868772,Military,99.72,37007.141067182631,20684271.9,20684271.9,False,False,False
101.12000000001483,"VIPER-01",1830.19500088626,Military,92,60159.31341496508,20684271.9,20684271.9,False,False,False
101.12000000001483,"VIPER-02",2156.1365904803511,Military,92,52675.53827762213,20684271.9,20684271.9,False,False,False
101.12000000001483,"BANDIT-02",2109.6615877269933,Military,99.72,36997.027915745239,20684271.9,20684271.9,False,False,False
101.22000000001488,"VIPER-01",1830.0673306530623,Military,92,60160.060463050228,20684271.9,20684271.9,False,False,False
101.22000000001488,"VIPER-02",2156.0208040278035,Military,92,52673.396827146156,20684271.9,20684271.9,False,False,False
101.22000000001488,"BANDIT-02",2109.4140314887181,Military,99.72,36987.178519436195,20684271.9,20684271.9,False,False,False
101.32000000001493,"VIPER-01",1829.9396577944194,Military,92,60145.390834403166,20684271.9,20684271.9,False,False,False
101.32000000001493,"VIPER-02",2155.9050216568021,Military,92,52656.259119714196,20684271.9,20684271.9,False,False,False
101.32000000001493,"BANDIT-02",2109.1664895079925,Afterburner,100,92959.946871386,20684271.9,20684271.9,False,False,False
101.42000000001498,"VIPER-01",1829.8119827063404,Military,92,60145.686909317395,20684271.9,20684271.9,False,False,False
101.42000000001498,"VIPER-02",2155.7892436982934,Military,92,52653.747396272556,20684271.9,20684271.9,False,False,False
101.42000000001498,"BANDIT-02",2108.9189616214412,Afterburner,100,92938.811006870252,20684271.9,20684271.9,False,False,False
101.52000000001503,"VIPER-01",1829.6843030271675,Military,92,60145.747020968309,20684271.9,20684271.9,False,False,False
101.52000000001503,"VIPER-02",2155.6734677414347,Military,92,52651.040242191943,20684271.9,20684271.9,False,False,False
101.52000000001503,"BANDIT-02",2108.6714488450575,Afterburner,100,92917.626030588639,20684271.9,20684271.9,False,False,False
101.62000000001508,"VIPER-01",1829.5566191782186,Military,92,60145.573215621822,20684271.9,20684271.9,False,False,False
101.62000000001508,"VIPER-02",2155.5576941427535,Military,92,52648.139395544029,20684271.9,20684271.9,False,False,False
101.62000000001508,"BANDIT-02",2108.4239509987642,Afterburner,100,92896.391916301334,20684271.9,20684271.9,False,False,False
101.72000000001513,"VIPER-01",1829.4289315767451,Military,92,60145.167839580914,20684271.9,20684271.9,False,False,False
101.72000000001513,"VIPER-02",2155.4419232551768,Military,92,52645.046889409714,20684271.9,20684271.9,False,False,False
101.72000000001513,"BANDIT-02",2108.1764679038042,Afterburner,100,92875.108624891058,20684271.9,20684271.9,False,False,False
101.82000000001518,"VIPER-01",1829.3012406359333,Military,92,60144.533024775112,20684271.9,20684271.9,False,False,False
101.82000000001518,"VIPER-02",2155.3261554280225,Military,92,52641.76455033473,20684271.9,20684271.9,False,False,False
101.82000000001518,"BANDIT-02",2107.928999382747,Afterburner,100,92853.776130528917,20684271.9,20684271.9,False,False,False
101.92000000001524,"VIPER-01",1829.1735467655456,Military,92,60143.670496675149,20684271.9,20684271.9,False,False,False
101.92000000001524,"VIPER-02",2155.2103910076385,Military,92,52638.293810842813,20684271.9,20684271.9,False,False,False
101.92000000001524,"BANDIT-02",2107.6815452591891,Afterburner,100,92832.394428973421,20684271.9,20684271.9,False,False,False
102.02000000001529,"VIPER-01",1829.0458503725756,Military,92,60142.581696905952,20684271.9,20684271.9,False,False,False
102.02000000001529,"VIPER-02",2155.094630338047,Military,92,52634.635828690865,20684271.9,20684271.9,False,False,False
102.02000000001529,"BANDIT-02",2107.4341053574435,Afterburner,100,92810.963529893692,20684271.9,20684271.9,False,False,False
102.12000000001534,"VIPER-01",1828.9181518615255,Military,92,60141.268022899108,20684271.9,20684271.9,False,False,False
102.12000000001534,"VIPER-02",2154.9788737612166,Military,92,52630.791720389352,20684271.9,20684271.9,False,False,False
102.12000000001534,"BANDIT-02",2107.1866795024175,Afterburner,100,92789.483444084253,20684271.9,20684271.9,False,False,False
102.22000000001539,"VIPER-01",1828.7904461040732,Military,92,60154.859420648419,20684271.9,20684271.9,False,False,False
102.22000000001539,"VIPER-02",2154.8631161179283,Military,92,52641.515289207695,20684271.9,20684271.9,False,False,False
102.22000000001539,"BANDIT-02",2106.9392697880767,Military,99.72,36903.1978033498,20684271.9,20684271.9,False,False,False
102.32000000001544,"VIPER-01",1828.6627390699944,Military,92,60153.074457813411,20684271.9,20684271.9,False,False,False
102.32000000001544,"VIPER-02",2154.74736328427,Military,92,52637.277783843034,20684271.9,20684271.9,False,False,False
102.32000000001544,"BANDIT-02",2106.6918737488959,Military,99.72,36896.246064906853,20684271.9,20684271.9,False,False,False
102.42000000001549,"VIPER-01",1828.5350256329052,Military,92,60151.048977759667,20684271.9,20684271.9,False,False,False
102.42000000001549,"VIPER-02",2154.6316101036377,Military,92,52632.838534740804,20684271.9,20684271.9,False,False,False
102.42000000001549,"BANDIT-02",2106.4444934559356,Military,99.72,36889.563555831344,20684271.9,20684271.9,False,False,False
102.52000000001554,"VIPER-01",1828.407311743837,Military,92,60148.807016088562,20684271.9,20684271.9,False,False,False
102.52000000001554,"VIPER-02",2154.5158624344917,Military,92,52628.220358156861,20684271.9,20684271.9,False,False,False
102.52000000001554,"BANDIT-02",2106.1710236392828,Afterburner,100,92702.3019194995,20684271.9,20684271.9,False,False,False
102.62000000001559,"VIPER-01",1828.2795922794783,Military,92,60146.328234176508,20684271.9,20684271.9,False,False,False
102.62000000001559,"VIPER-02",2154.4001151239531,Military,92,52623.403556900244,20684271.9,20684271.9,False,False,False
102.62000000001559,"BANDIT-02",2105.9236740797064,Afterburner,100,92680.5755521994,20684271.9,20684271.9,False,False,False
102.72000000001565,"VIPER-01",1828.1518676548183,Military,92,60143.61407347193,20684271.9,20684271.9,False,False,False
102.72000000001565,"VIPER-02",2154.2843685264752,Military,92,52618.389295042027,20684271.9,20684271.9,False,False,False
102.72000000001565,"BANDIT-02",2105.6763397312939,Afterburner,100,92658.799759189977,20684271.9,20684271.9,False,False,False
102.8200000000157,"VIPER-01",1828.024141051771,Military,92,60140.677509818088,20684271.9,20684271.9,False,False,False
102.8200000000157,"VIPER-02",2154.1686257482024,Military,92,52613.189797220104,20684271.9,20684271.9,False,False,False
102.8200000000157,"BANDIT-02",2105.4290192923077,Afterburner,100,92636.97460167775,20684271.9,20684271.9,False,False,False
102.92000000001575,"VIPER-01",1827.8964101138577,Military,92,60152.630069202787,20684271.9,20684271.9,False,False,False
102.92000000001575,"VIPER-02",2154.0528843885677,Military,92,52622.5422963823,20684271.9,20684271.9,False,False,False
102.92000000001575,"BANDIT-02",2105.1817136675159,Military,99.72,36842.844287808206,20684271.9,20684271.9,False,False,False
103.0200000000158,"VIPER-01",1827.7686752564655,Military,92,60149.225769053373,20684271.9,20684271.9,False,False,False
103.0200000000158,"VIPER-02",2153.9371448035154,Military,92,52616.9498530845,20684271.9,20684271.9,False,False,False
103.0200000000158,"BANDIT-02",2104.9344226538,Military,99.72,36837.735636784113,20684271.9,20684271.9,False,False,False
103.12000000001585,"VIPER-01",1827.6409369007597,Military,92,60145.593671132992,20684271.9,20684271.9,False,False,False
103.12000000001585,"VIPER-02",2153.8214073550066,Military,92,52611.166387018224,20684271.9,20684271.9,False,False,False
103.12000000001585,"BANDIT-02",2104.6610532191789,Afterburner,100,92570.436737106837,20684271.9,20684271.9,False,False,False
103.2200000000159,"VIPER-01",1827.5131927026434,Military,92,60141.725202001151,20684271.9,20684271.9,False,False,False
103.2200000000159,"VIPER-02",2153.7056696556538,Military,92,52605.183488475654,20684271.9,20684271.9,False,False,False
103.2200000000159,"BANDIT-02",2104.4137943196392,Afterburner,100,92548.414045774116,20684271.9,20684271.9,False,False,False
103.32000000001595,"VIPER-01",1827.3854430795889,Military,92,60152.726955986611,20684271.9,20684271.9,False,False,False
103.32000000001595,"VIPER-02",2153.5899320644917,Military,92,52613.734292288893,20684271.9,20684271.9,False,False,False
103.32000000001595,"BANDIT-02",2104.1665505408096,Military,99.72,36806.806275506555,20684271.9,20684271.9,False,False,False
103.420000000016,"VIPER-01",1827.2576912101893,Military,92,60148.39586785491,20684271.9,20684271.9,False,False,False
103.420000000016,"VIPER-02",2153.4741976865675,Military,92,52607.361734299491,20684271.9,20684271.9,False,False,False
103.420000000016,"BANDIT-02",2103.9193206078239,Military,99.72,36802.749855624534,20684271.9,20684271.9,False,False,False
103.52000000001605,"VIPER-01",1827.1299375019512,Military,92,60143.844491167074,20684271.9,20684271.9,False,False,False
103.52000000001605,"VIPER-02",2153.358466871875,Military,92,52600.804542098718,20684271.9,20684271.9,False,False,False
103.52000000001605,"BANDIT-02",2103.6460182628725,Afterburner,100,92481.2844550386,20684271.9,20684271.9,False,False,False
103.62000000001611,"VIPER-01",1827.0021768462823,Military,92,60139.052921310315,20684271.9,20684271.9,False,False,False
103.62000000001611,"VIPER-02",2153.2427344854627,Military,92,52594.043448062788,20684271.9,20684271.9,False,False,False
103.62000000001611,"BANDIT-02",2103.398820183796,Afterburner,100,92459.063848481121,20684271.9,20684271.9,False,False,False
103.72000000001616,"VIPER-01",1826.874412428444,Military,92,60149.118830190608,20684271.9,20684271.9,False,False,False
103.72000000001616,"VIPER-02",2153.1270036399824,Military,92,52601.8035964808,20684271.9,20684271.9,False,False,False
103.72000000001616,"BANDIT-02",2103.1516364337572,Military,99.72,36774.992967925144,20684271.9,20684271.9,False,False,False
103.82000000001621,"VIPER-01",1826.7466446602032,Military,92,60143.867223893416,20684271.9,20684271.9,False,False,False
103.82000000001621,"VIPER-02",2153.0112746906429,Military,92,52594.653701431278,20684271.9,20684271.9,False,False,False
103.82000000001621,"BANDIT-02",2102.8783856241062,Afterburner,100,92413.710887081761,20684271.9,20684271.9,False,False,False
103.92000000001626,"VIPER-01",1826.618871202324,Military,92,60138.3816911228,20684271.9,20684271.9,False,False,False
103.92000000001626,"VIPER-02",2152.8955452572336,Military,92,52587.305326724039,20684271.9,20684271.9,False,False,False
103.92000000001626,"BANDIT-02",2102.631233762339,Afterburner,100,92391.341709475091,20684271.9,20684271.9,False,False,False
104.02000000001631,"VIPER-01",1826.4910924730978,Military,92,60147.735296828265,20684271.9,20684271.9,False,False,False
104.02000000001631,"VIPER-02",2152.7798157020297,Military,92,52594.460481207207,20684271.9,20684271.9,False,False,False
104.02000000001631,"BANDIT-02",2102.3840966594912,Military,99.72,36749.629681893137,20684271.9,20684271.9,False,False,False
104.12000000001636,"VIPER-01",1826.363311646307,Military,92,60141.790567608194,20684271.9,20684271.9,False,False,False
104.12000000001636,"VIPER-02",2152.6640891278,Military,92,52586.722946607704,20684271.9,20684271.9,False,False,False
104.12000000001636,"BANDIT-02",2102.1108973253049,Afterburner,100,92345.692498998149,20684271.9,20684271.9,False,False,False
104.22000000001641,"VIPER-01",1826.2355236331177,Military,92,60150.671187449676,20684271.9,20684271.9,False,False,False
104.22000000001641,"VIPER-02",2152.5483604209526,Military,92,52593.475673062916,20684271.9,20684271.9,False,False,False
104.22000000001641,"BANDIT-02",2101.8637920844549,Military,99.72,36728.342515486605,20684271.9,20684271.9,False,False,False
104.32000000001646,"VIPER-01",1826.1077316112444,Military,92,60144.253497068523,20684271.9,20684271.9,False,False,False
104.32000000001646,"VIPER-02",2152.4326326887904,Military,92,52585.335023055253,20684271.9,20684271.9,False,False,False
104.32000000001646,"BANDIT-02",2101.5906280569143,Afterburner,100,92299.845707718414,20684271.9,20684271.9,False,False,False
104.42000000001651,"VIPER-01",1825.9799332397479,Military,92,60152.657204237286,20684271.9,20684271.9,False,False,False
104.42000000001651,"VIPER-02",2152.3169035510996,Military,92,52591.680779637049,20684271.9,20684271.9,False,False,False
104.42000000001651,"BANDIT-02",2101.3435549981978,Military,99.72,36708.131240821596,20684271.9,20684271.9,False,False,False
104.52000000001657,"VIPER-01",1825.8521344507828,Military,92,60145.784159556941,20684271.9,20684271.9,False,False,False
104.52000000001657,"VIPER-02",2152.2011788550108,Military,92,52583.15310995654,20684271.9,20684271.9,False,False,False
104.52000000001657,"BANDIT-02",2101.0704248290494,Afterburner,100,92253.801316182362,20684271.9,20684271.9,False,False,False
104.62000000001662,"VIPER-01",1825.724327395837,Military,92,60138.669533847118,20684271.9,20684271.9,False,False,False
104.62000000001662,"VIPER-02",2152.0854507439531,Military,92,52574.418298999488,20684271.9,20684271.9,False,False,False
104.62000000001662,"BANDIT-02",2100.8233832614119,Afterburner,100,92231.08470994838,20684271.9,20684271.9,False,False,False
104.72000000001667,"VIPER-01",1825.5965179990908,Military,92,60146.374704051254,20684271.9,20684271.9,False,False,False
104.72000000001667,"VIPER-02",2151.9697250579229,Military,92,52580.168153308878,20684271.9,20684271.9,False,False,False
104.72000000001667,"BANDIT-02",2100.5502884799985,Afterburner,100,92207.5590919721,20684271.9,20684271.9,False,False,False
104.82000000001672,"VIPER-01",1825.4686984300358,Military,92,60153.822787480407,20684271.9,20684271.9,False,False,False
104.82000000001672,"VIPER-02",2151.8539939586158,Military,92,52585.695932534443,20684271.9,20684271.9,False,False,False
104.82000000001672,"BANDIT-02",2100.303279644234,Military,99.72,36670.903233107012,20684271.9,20684271.9,False,False,False
104.92000000001677,"VIPER-01",1825.3408801273424,Military,92,60146.018665638752,20684271.9,20684271.9,False,False,False
104.92000000001677,"VIPER-02",2151.7382687704917,Military,92,52576.372458350372,20684271.9,20684271.9,False,False,False
104.92000000001677,"BANDIT-02",2100.0302197653782,Afterburner,100,92161.118725339475,20684271.9,20684271.9,False,False,False
105.02000000001682,"VIPER-01",1825.213052486379,Military,92,60152.999627211655,20684271.9,20684271.9,False,False,False
105.02000000001682,"VIPER-02",2151.6225388974426,Military,92,52581.500362339764,20684271.9,20684271.9,False,False,False
105.02000000001682,"BANDIT-02",2099.7832419556203,Military,99.72,36653.885285635246,20684271.9,20684271.9,False,False,False
105.12000000001687,"VIPER-01",1825.0852187033377,Military,92,60144.710485844036,20684271.9,20684271.9,False,False,False
105.12000000001687,"VIPER-02",2151.5068074675014,Military,92,52571.75923338173,20684271.9,20684271.9,False,False,False
105.12000000001687,"BANDIT-02",2099.5102193563512,Afterburner,100,92114.479866305584,20684271.9,20684271.9,False,False,False
105.22000000001692,"VIPER-01",1824.9573846894564,Military,92,60151.231058758087,20684271.9,20684271.9,False,False,False
105.22000000001692,"VIPER-02",2151.3910803096278,Military,92,52576.492962354649,20684271.9,20684271.9,False,False,False
105.22000000001692,"BANDIT-02",2099.2632718456775,Military,99.72,36637.934456296469,20684271.9,20684271.9,False,False,False
105.32000000001698,"VIPER-01",1824.8295453475725,Military,92,60142.49507674123,20684271.9,20684271.9,False,False,False
105.32000000001698,"VIPER-02",2151.2753523056022,Military,92,52566.370008863021,20684271.9,20684271.9,False,False,False
105.32000000001698,"BANDIT-02",2098.9902831540758,Afterburner,100,92067.642920275335,20684271.9,20684271.9,False,False,False
105.42000000001703,"VIPER-01",1824.7016983628596,Military,92,60148.529761203536,20684271.9,20684271.9,False,False,False
105.42000000001703,"VIPER-02",2151.1596211040051,Military,92,52570.684398305726,20684271.9,20684271.9,False,False,False
105.42000000001703,"BANDIT-02",2098.7173133398478,Afterburner,100,92043.771692370137,20684271.9,20684271.9,False,False,False
105.52000000001708,"VIPER-01",1824.5738441690103,Military,92,60154.318663525657,20684271.9,20684271.9,False,False,False
105.52000000001708,"VIPER-02",2151.0438870870976,Military,92,52574.786229592908,20684271.9,20684271.9,False,False,False
105.52000000001708,"BANDIT-02",2098.4704164685181,Military,99.72,36607.50384164782,20684271.9,20684271.9,False,False,False
105.62000000001713,"VIPER-01",1824.4459859429958,Military,92,60144.869466576754,20684271.9,20684271.9,False,False,False
105.62000000001713,"VIPER-02",2150.9281533656922,Military,92,52564.04807182277,20684271.9,20684271.9,False,False,False
105.62000000001713,"BANDIT-02",2098.1974826299174,Afterburner,100,91996.636709919287,20684271.9,20684271.9,False,False,False
105.72000000001718,"VIPER-01",1824.3181213603382,Military,92,60150.1849444178,20684271.9,20684271.9,False,False,False
105.72000000001718,"VIPER-02",2150.8124175798307,Military,92,52567.741439179517,20684271.9,20684271.9,False,False,False
105.72000000001718,"BANDIT-02",2097.9245673573987,Afterburner,100,91972.616979953425,20684271.9,20684271.9,False,False,False
105.82000000001723,"VIPER-01",1824.1902508435887,Military,92,60155.26015627446,20684271.9,20684271.9,False,False,False
105.82000000001723,"VIPER-02",2150.6966801017752,Military,92,52571.226997299716,20684271.9,20684271.9,False,False,False
105.82000000001723,"BANDIT-02",2097.6777194752776,Military,99.72,36579.494409135979,20684271.9,20684271.9,False,False,False
105.92000000001728,"VIPER-01",1824.0623775582019,Military,92,60145.115999251466,20684271.9,20684271.9,False,False,False
105.92000000001728,"VIPER-02",2150.580944031999,Military,92,52559.889548901549,20684271.9,20684271.9,False,False,False
105.92000000001728,"BANDIT-02",2097.4048393979288,Afterburner,100,91925.183698547917,20684271.9,20684271.9,False,False,False
106.02000000001733,"VIPER-01",1823.9344991743394,Military,92,60149.726226609353,20684271.9,20684271.9,False,False,False
106.02000000001733,"VIPER-02",2150.4652070062343,Military,92,52562.973630053479,20684271.9,20684271.9,False,False,False
106.02000000001733,"BANDIT-02",2097.131977580475,Afterburner,100,91901.0155475448,20684271.9,20684271.9,False,False,False
106.12000000001738,"VIPER-01",1823.8066161078784,Military,92,60154.099653488236,20684271.9,20684271.9,False,False,False
106.12000000001738,"VIPER-02",2150.349469391163,Military,92,52565.8526659804,20684271.9,20684271.9,False,False,False
106.12000000001738,"BANDIT-02",2096.8851770606343,Military,99.72,36553.873651530565,20684271.9,20684271.9,False,False,False
106.22000000001744,"VIPER-01",1823.6787260345207,Military,92,60158.227979912452,20684271.9,20684271.9,False,False,False
106.22000000001744,"VIPER-02",2150.2337288285489,Military,92,52568.518539283985,20684271.9,20684271.9,False,False,False
106.22000000001744,"BANDIT-02",2096.6123514243241,Military,99.72,36540.225342385806,20684271.9,20684271.9,False,False,False
106.32000000001749,"VIPER-01",1823.5508294099477,Military,92,60147.141503847255,20684271.9,20684271.9,False,False,False
106.32000000001749,"VIPER-02",2150.1179857246448,Military,92,52556.364519723822,20684271.9,20684271.9,False,False,False
106.32000000001749,"BANDIT-02",2096.33954460142,Afterburner,100,91828.967014689159,20684271.9,20684271.9,False,False,False
106.42000000001754,"VIPER-01",1823.4229293892427,Military,92,60150.799289230032,20684271.9,20684271.9,False,False,False
106.42000000001754,"VIPER-02",2150.0022431712864,Military,92,52558.622216473341,20684271.9,20684271.9,False,False,False
106.42000000001754,"BANDIT-02",2096.0667556250328,Afterburner,100,91804.600627981257,20684271.9,20684271.9,False,False,False
106.52000000001759,"VIPER-01",1823.295020904656,Military,92,60154.208198250075,20684271.9,20684271.9,False,False,False
106.52000000001759,"VIPER-02",2149.8864960826572,Military,92,52560.662637276087,20684271.9,20684271.9,False,False,False
106.52000000001759,"BANDIT-02",2095.7939861352406,Afterburner,100,91780.184496595873,20684271.9,20684271.9,False,False,False
106.62000000001764,"VIPER-01",1823.1671071409569,Military,92,60157.379509957624,20684271.9,20684271.9,False,False,False
106.62000000001764,"VIPER-02",2149.7707475802476,Military,92,52562.496395666487,20684271.9,20684271.9,False,False,False
106.62000000001764,"BANDIT-02",2095.54726959397,Military,99.72,36505.258015617525,20684271.9,20684271.9,False,False,False
106.72000000001769,"VIPER-01",1823.0390410367352,Afterburner,92.28,60490.545189166427,20684271.9,20684271.9,False,False,False
106.72000000001769,"VIPER-02",2149.6549980240725,Military,92,52564.124604649878,20684271.9,20684271.9,False,False,False
106.72000000001769,"BANDIT-02",2095.27453577502,Military,99.72,36492.960255000064,20684271.9,20684271.9,False,False,False
106.82000000001774,"VIPER-01",1822.9108887236177,Military,92,60147.608507353856,20684271.9,20684271.9,False,False,False
106.82000000001774,"VIPER-02",2149.5392478061563,Military,92,52550.962620087019,20684271.9,20684271.9,False,False,False
106.82000000001774,"BANDIT-02",2095.0018202238803,Afterburner,100,91707.38923431428,20684271.9,20684271.9,False,False,False
106.92000000001779,"VIPER-01",1822.7814150251468,Military,92.84,61116.657111043081,20684271.9,20684271.9,False,False,False
106.92000000001779,"VIPER-02",2149.4234918548982,Military,92,52552.167665587571,20684271.9,20684271.9,False,False,False
106.92000000001779,"BANDIT-02",2094.7291245135725,Afterburner,100,91682.774224850946,20684271.9,20684271.9,False,False,False
107.02000000001784,"VIPER-01",1822.649468808663,Military,93.960000000000008,62405.007525769455,20684271.9,20684271.9,False,False,False
107.02000000001784,"VIPER-02",2149.3077359996478,Military,92,52553.171496367133,20684271.9,20684271.9,False,False,False
107.02000000001784,"BANDIT-02",2094.4564468588351,Afterburner,100,91658.1096875243,20684271.9,20684271.9,False,False,False
107.1200000000179,"VIPER-01",1822.5150871612016,Military,94.52000000000001,63044.041383416261,20684271.9,20684271.9,False,False,False
107.1200000000179,"VIPER-02",2149.1919778987435,Military,92,52553.966311457385,20684271.9,20684271.9,False,False,False
107.1200000000179,"BANDIT-02",2094.183787989748,Afterburner,100,91633.395437111845,20684271.9,20684271.9,False,False,False
107.22000000001795,"VIPER-01",1822.3808847888401,Military,93.960000000000008,62391.896870504657,20684271.9,20684271.9,False,False,False
107.22000000001795,"VIPER-02",2149.0762152123248,Military,92,52554.543907488056,20684271.9,20684271.9,False,False,False
107.22000000001795,"BANDIT-02",2093.911148611704,Afterburner,100,91608.631305735471,20684271.9,20684271.9,False,False,False
107.320000000018,"VIPER-01",1822.250690665323,Military,92.28,60454.037289722968,20684271.9,20684271.9,False,False,False
107.320000000018,"VIPER-02",2148.9604510422896,Military,92,52554.915071432784,20684271.9,20684271.9,False,False,False
107.320000000018,"BANDIT-02",2093.6385277885342,Afterburner,100,91583.817483696912,20684271.9,20684271.9,False,False,False
107.42000000001805,"VIPER-01",1822.121542729212,Afterburner,92.84,61105.82386144709,20684271.9,20684271.9,False,False,False
107.42000000001805,"VIPER-02",2148.8446830567182,Military,92,52555.071854963615,20684271.9,20684271.9,False,False,False
107.42000000001805,"BANDIT-02",2093.3659262160854,Afterburner,100,91558.953789385137,20684271.9,20684271.9,False,False,False
