time_s,batch_id,run_id,mission_id,seed,mode,status,authority,wall_time_s,simulation_rate,terrain_source,terrain_valid,completion_reason,report_path
0,"","KTEX_CAP_01-00001000","KTEX_CAP_01",1000,Manual,Running,ManualPilot,0,0,None,False,"",""
0,"","KTEX_CAP_01-00001000","KTEX_CAP_01",1000,Batch,Running,AutomationPilot,0,0,None,False,"",""
0.19000000000000003,"smoke-00001000","KTEX_CAP_01-00001000","KTEX_CAP_01",1000,Batch,Running,AutomationPilot,0.0056789,1.7609044005000969,MissionCache,True,"","D:\Workspace\MM\FlightSim\FlightSimProject\Artifacts\FoundationSmoke\smoke-00001000\KTEX_CAP_01-00001000"
0.39000000000000018,"smoke-00001000","KTEX_CAP_01-00001000","KTEX_CAP_01",1000,Batch,Running,AutomationPilot,0.0091547,22.939036778922308,MissionCache,True,"","D:\Workspace\MM\FlightSim\FlightSimProject\Artifacts\FoundationSmoke\smoke-00001000\KTEX_CAP_01-00001000"
0.5900000000000003,"smoke-00001000","KTEX_CAP_01-00001000","KTEX_CAP_01",1000,Batch,Running,AutomationPilot,0.013640099999999999,30.058430656666758,MissionCache,True,"","D:\Workspace\MM\FlightSim\FlightSimProject\Artifacts\FoundationSmoke\smoke-00001000\KTEX_CAP_01-00001000"
0.79000000000000048,"smoke-00001000","KTEX_CAP_01-00001000","KTEX_CAP_01",1000,Batch,Running,AutomationPilot,0.0171435,35.581999008370538,MissionCache,True,"","D:\Workspace\MM\FlightSim\FlightSimProject\Artifacts\FoundationSmoke\smoke-00001000\KTEX_CAP_01-00001000"
0.99000000000000066,"smoke-00001000","KTEX_CAP_01-00001000","KTEX_CAP_01",1000,Batch,Running,AutomationPilot,0.0207404,39.054213033499863,MissionCache,True,"","D:\Workspace\MM\FlightSim\FlightSimProject\Artifacts\FoundationSmoke\smoke-00001000\KTEX_CAP_01-00001000"
1.1900000000000008,"smoke-00001000","KTEX_CAP_01-00001000","KTEX_CAP_01",1000,Batch,Running,AutomationPilot,0.0243041,41.556774371402383,MissionCache,True,"","D:\Workspace\MM\FlightSim\FlightSimProject\Artifacts\FoundationSmoke\smoke-00001000\KTEX_CAP_01-00001000"
1.390000000000001,"smoke-00001000","KTEX_CAP_01-00001000","KTEX_CAP_01",1000,Batch,Running,AutomationPilot,0.0275778,43.875871171739618,MissionCache,True,"","D:\Workspace\MM\FlightSim\FlightSimProject\Artifacts\FoundationSmoke\smoke-00001000\KTEX_CAP_01-00001000"
1.5900000000000012,"smoke-00001000","KTEX_CAP_01-00001000","KTEX_CAP_01",1000,Batch,Running,AutomationPilot,0.0308394,45.720733866417667,MissionCache,True,"","D:\Workspace\MM\FlightSim\FlightSimProject\Artifacts\FoundationSmoke\smoke-00001000\KTEX_CAP_01-00001000"
1.7900000000000014,"smoke-00001000","KTEX_CAP_01-00001000","KTEX_CAP_01",1000,Batch,Running,AutomationPilot,0.034670599999999996,46.437038874435444,MissionCache,True,"","D:\Workspace\MM\FlightSim\FlightSimProject\Artifacts\FoundationSmoke\smoke-00001000\KTEX_CAP_01-00001000"
1.9900000000000015,"smoke-00001000","KTEX_CAP_01-00001000","KTEX_CAP_01",1000,Batch,Running,AutomationPilot,0.037970199999999996,47.668961448715088,MissionCache,True,"","D:\Workspace\MM\FlightSim\FlightSimProject\Artifacts\FoundationSmoke\smoke-00001000\KTEX_CAP_01-00001000"
2.1899999999999973,"smoke-00001000","KTEX_CAP_01-00001000","KTEX_CAP_01",1000,Batch,Running,AutomationPilot,0.0420894,47.755491881566407,MissionCache,True,"","D:\Workspace\MM\FlightSim\FlightSimProject\Artifacts\FoundationSmoke\smoke-00001000\KTEX_CAP_01-00001000"
2.389999999999993,"smoke-00001000","KTEX_CAP_01-00001000","KTEX_CAP_01",1000,Batch,Running,AutomationPilot,0.0453574,48.724133217512396,MissionCache,True,"","D:\Workspace\MM\FlightSim\FlightSimProject\Artifacts\FoundationSmoke\smoke-00001000\KTEX_CAP_01-00001000"
2.5899999999999888,"smoke-00001000","KTEX_CAP_01-00001000","KTEX_CAP_01",1000,Batch,Running,AutomationPilot,0.0488237,49.361273316032843,MissionCache,True,"","D:\Workspace\MM\FlightSim\FlightSimProject\Artifacts\FoundationSmoke\smoke-00001000\KTEX_CAP_01-00001000"
2.7899999999999845,"smoke-00001000","KTEX_CAP_01-00001000","KTEX_CAP_01",1000,Batch,Running,AutomationPilot,0.052257899999999996,49.944601677449505,MissionCache,True,"","D:\Workspace\MM\FlightSim\FlightSimProject\Artifacts\FoundationSmoke\smoke-00001000\KTEX_CAP_01-00001000"
2.9899999999999802,"smoke-00001000","KTEX_CAP_01-00001000","KTEX_CAP_01",1000,Batch,Running,AutomationPilot,0.0556262,50.5157641543011,MissionCache,True,"","D:\Workspace\MM\FlightSim\FlightSimProject\Artifacts\FoundationSmoke\smoke-00001000\KTEX_CAP_01-00001000"
3.189999999999976,"smoke-00001000","KTEX_CAP_01-00001000","KTEX_CAP_01",1000,Batch,Running,AutomationPilot,0.058848,51.148722131592919,MissionCache,True,"","D:\Workspace\MM\FlightSim\FlightSimProject\Artifacts\FoundationSmoke\smoke-00001000\KTEX_CAP_01-00001000"
3.3899999999999717,"smoke-00001000","KTEX_CAP_01-00001000","KTEX_CAP_01",1000,Batch,Running,AutomationPilot,0.0621052,51.686493240501207,MissionCache,True,"","D:\Workspace\MM\FlightSim\FlightSimProject\Artifacts\FoundationSmoke\smoke-00001000\KTEX_CAP_01-00001000"
3.5899999999999674,"smoke-00001000","KTEX_CAP_01-00001000","KTEX_CAP_01",1000,Batch,Running,AutomationPilot,0.0662471,51.473951312585321,MissionCache,True,"","D:\Workspace\MM\FlightSim\FlightSimProject\Artifacts\FoundationSmoke\smoke-00001000\KTEX_CAP_01-00001000"
3.7899999999999632,"smoke-00001000","KTEX_CAP_01-00001000","KTEX_CAP_01",1000,Batch,Running,AutomationPilot,0.072350799999999993,49.895785533815349,MissionCache,True,"","D:\Workspace\MM\FlightSim\FlightSimProject\Artifacts\FoundationSmoke\smoke-00001000\KTEX_CAP_01-00001000"
3.9899999999999589,"smoke-00001000","KTEX_CAP_01-00001000","KTEX_CAP_01",1000,Batch,Running,AutomationPilot,0.0756867,50.339095243945934,MissionCache,True,"","D:\Workspace\MM\FlightSim\FlightSimProject\Artifacts\FoundationSmoke\smoke-00001000\KTEX_CAP_01-00001000"
4.1899999999999551,"smoke-00001000","KTEX_CAP_01-00001000","KTEX_CAP_01",1000,Batch,Running,AutomationPilot,0.078952899999999993,50.78977466312142,MissionCache,True,"","D:\Workspace\MM\FlightSim\FlightSimProject\Artifacts\FoundationSmoke\smoke-00001000\KTEX_CAP_01-00001000"
4.3899999999999508,"smoke-00001000","KTEX_CAP_01-00001000","KTEX_CAP_01",1000,Batch,Running,AutomationPilot,0.0823005,51.154002709582016,MissionCache,True,"","D:\Workspace\MM\FlightSim\FlightSimProject\Artifacts\FoundationSmoke\smoke-00001000\KTEX_CAP_01-00001000"
4.5899999999999466,"smoke-00001000","KTEX_CAP_01-00001000","KTEX_CAP_01",1000,Batch,Running,AutomationPilot,0.085903,51.336973097562961,MissionCache,True,"","D:\Workspace\MM\FlightSim\FlightSimProject\Artifacts\FoundationSmoke\smoke-00001000\KTEX_CAP_01-00001000"
4.7899999999999423,"smoke-00001000","KTEX_CAP_01-00001000","KTEX_CAP_01",1000,Batch,Running,AutomationPilot,0.0892322,51.6629647145307,MissionCache,True,"","D:\Workspace\MM\FlightSim\FlightSimProject\Artifacts\FoundationSmoke\smoke-00001000\KTEX_CAP_01-00001000"
4.989999999999938,"smoke-00001000","KTEX_CAP_01-00001000","KTEX_CAP_01",1000,Batch,Running,AutomationPilot,0.0926357,51.923826343406937,MissionCache,True,"","D:\Workspace\MM\FlightSim\FlightSimProject\Artifacts\FoundationSmoke\smoke-00001000\KTEX_CAP_01-00001000"
5.1899999999999338,"smoke-00001000","KTEX_CAP_01-00001000","KTEX_CAP_01",1000,Batch,Running,AutomationPilot,0.09728959999999999,51.49574055191858,MissionCache,True,"","D:\Workspace\MM\FlightSim\FlightSimProject\Artifacts\FoundationSmoke\smoke-00001000\KTEX_CAP_01-00001000"
5.3899999999999295,"smoke-00001000","KTEX_CAP_01-00001000","KTEX_CAP_01",1000,Batch,Running,AutomationPilot,0.10051389999999999,51.833626990893137,MissionCache,True,"","D:\Workspace\MM\FlightSim\FlightSimProject\Artifacts\FoundationSmoke\smoke-00001000\KTEX_CAP_01-00001000"
5.5899999999999253,"smoke-00001000","KTEX_CAP_01-00001000","KTEX_CAP_01",1000,Batch,Running,AutomationPilot,0.1037795,52.129755876641624,MissionCache,True,"","D:\Workspace\MM\FlightSim\FlightSimProject\Artifacts\FoundationSmoke\smoke-00001000\KTEX_CAP_01-00001000"
5.789999999999921,"smoke-00001000","KTEX_CAP_01-00001000","KTEX_CAP_01",1000,Batch,Running,AutomationPilot,0.1069864,52.436571377295856,MissionCache,True,"","D:\Workspace\MM\FlightSim\FlightSimProject\Artifacts\FoundationSmoke\smoke-00001000\KTEX_CAP_01-00001000"
5.9899999999999167,"smoke-00001000","KTEX_CAP_01-00001000","KTEX_CAP_01",1000,Batch,Running,AutomationPilot,0.1101909,52.726677066798807,MissionCache,True,"","D:\Workspace\MM\FlightSim\FlightSimProject\Artifacts\FoundationSmoke\smoke-00001000\KTEX_CAP_01-00001000"
6.1899999999999125,"smoke-00001000","KTEX_CAP_01-00001000","KTEX_CAP_01",1000,Batch,Running,AutomationPilot,0.1133824,53.006463084216918,MissionCache,True,"","D:\Workspace\MM\FlightSim\FlightSimProject\Artifacts\FoundationSmoke\smoke-00001000\KTEX_CAP_01-00001000"
6.3899999999999082,"smoke-00001000","KTEX_CAP_01-00001000","KTEX_CAP_01",1000,Batch,Running,AutomationPilot,0.1173501,52.918574419620541,MissionCache,True,"","D:\Workspace\MM\FlightSim\FlightSimProject\Artifacts\FoundationSmoke\smoke-00001000\KTEX_CAP_01-00001000"
6.5899999999999039,"smoke-00001000","KTEX_CAP_01-00001000","KTEX_CAP_01",1000,Batch,Running,AutomationPilot,0.12062909999999999,53.138090228642248,MissionCache,True,"","D:\Workspace\MM\FlightSim\FlightSimProject\Artifacts\FoundationSmoke\smoke-00001000\KTEX_CAP_01-00001000"
6.7899999999999,"smoke-00001000","KTEX_CAP_01-00001000","KTEX_CAP_01",1000,Batch,Running,AutomationPilot,0.1241978,53.22155464911539,MissionCache,True,"","D:\Workspace\MM\FlightSim\FlightSimProject\Artifacts\FoundationSmoke\smoke-00001000\KTEX_CAP_01-00001000"
6.9899999999998954,"smoke-00001000","KTEX_CAP_01-00001000","KTEX_CAP_01",1000,Batch,Running,AutomationPilot,0.1275672,53.383628393504758,MissionCache,True,"","D:\Workspace\MM\FlightSim\FlightSimProject\Artifacts\FoundationSmoke\smoke-00001000\KTEX_CAP_01-00001000"
7.1899999999998911,"smoke-00001000","KTEX_CAP_01-00001000","KTEX_CAP_01",1000,Batch,Running,AutomationPilot,0.1307911,53.596919056418173,MissionCache,True,"","D:\Workspace\MM\FlightSim\FlightSimProject\Artifacts\FoundationSmoke\smoke-00001000\KTEX_CAP_01-00001000"
7.3899999999998869,"smoke-00001000","KTEX_CAP_01-00001000","KTEX_CAP_01",1000,Batch,Running,AutomationPilot,0.1340511,53.785459425546605,MissionCache,True,"","D:\Workspace\MM\FlightSim\FlightSimProject\Artifacts\FoundationSmoke\smoke-00001000\KTEX_CAP_01-00001000"
7.5899999999998826,"smoke-00001000","KTEX_CAP_01-00001000","KTEX_CAP_01",1000,Batch,Running,AutomationPilot,0.1372647,53.983289221481463,MissionCache,True,"","D:\Workspace\MM\FlightSim\FlightSimProject\Artifacts\FoundationSmoke\smoke-00001000\KTEX_CAP_01-00001000"
7.7899999999998784,"smoke-00001000","KTEX_CAP_01-00001000","KTEX_CAP_01",1000,Batch,Running,AutomationPilot,0.14165229999999998,53.723095212713687,MissionCache,True,"","D:\Workspace\MM\FlightSim\FlightSimProject\Artifacts\FoundationSmoke\smoke-00001000\KTEX_CAP_01-00001000"
7.9899999999998741,"smoke-00001000","KTEX_CAP_01-00001000","KTEX_CAP_01",1000,Batch,Running,AutomationPilot,0.1450977,53.825801511670264,MissionCache,True,"","D:\Workspace\MM\FlightSim\FlightSimProject\Artifacts\FoundationSmoke\smoke-00001000\KTEX_CAP_01-00001000"
8.18999999999987,"smoke-00001000","KTEX_CAP_01-00001000","KTEX_CAP_01",1000,Batch,Running,AutomationPilot,0.14839159999999998,53.978796643474929,MissionCache,True,"","D:\Workspace\MM\FlightSim\FlightSimProject\Artifacts\FoundationSmoke\smoke-00001000\KTEX_CAP_01-00001000"
8.3899999999998656,"smoke-00001000","KTEX_CAP_01-00001000","KTEX_CAP_01",1000,Batch,Running,AutomationPilot,0.1516332,54.14381547048977,MissionCache,True,"","D:\Workspace\MM\FlightSim\FlightSimProject\Artifacts\FoundationSmoke\smoke-00001000\KTEX_CAP_01-00001000"
8.5899999999998613,"smoke-00001000","KTEX_CAP_01-00001000","KTEX_CAP_01",1000,Batch,Running,AutomationPilot,0.1548751,54.301821274045125,MissionCache,True,"","D:\Workspace\MM\FlightSim\FlightSimProject\Artifacts\FoundationSmoke\smoke-00001000\KTEX_CAP_01-00001000"
8.789999999999857,"smoke-00001000","KTEX_CAP_01-00001000","KTEX_CAP_01",1000,Batch,Running,AutomationPilot,0.1585073,54.319264790958279,MissionCache,True,"","D:\Workspace\MM\FlightSim\FlightSimProject\Artifacts\FoundationSmoke\smoke-00001000\KTEX_CAP_01-00001000"
8.9899999999998528,"smoke-00001000","KTEX_CAP_01-00001000","KTEX_CAP_01",1000,Batch,Running,AutomationPilot,0.16169509999999998,54.485262695034407,MissionCache,True,"","D:\Workspace\MM\FlightSim\FlightSimProject\Artifacts\FoundationSmoke\smoke-00001000\KTEX_CAP_01-00001000"
9.1899999999998485,"smoke-00001000","KTEX_CAP_01-00001000","KTEX_CAP_01",1000,Batch,Running,AutomationPilot,0.1656521,54.391100384479593,MissionCache,True,"","D:\Workspace\MM\FlightSim\FlightSimProject\Artifacts\FoundationSmoke\smoke-00001000\KTEX_CAP_01-00001000"
9.3899999999998442,"smoke-00001000","KTEX_CAP_01-00001000","KTEX_CAP_01",1000,Batch,Running,AutomationPilot,0.1688457,54.54684365666315,MissionCache,True,"","D:\Workspace\MM\FlightSim\FlightSimProject\Artifacts\FoundationSmoke\smoke-00001000\KTEX_CAP_01-00001000"
9.58999999999984,"smoke-00001000","KTEX_CAP_01-00001000","KTEX_CAP_01",1000,Batch,Running,AutomationPilot,0.17221609999999998,54.640652064469265,MissionCache,True,"","D:\Workspace\MM\FlightSim\FlightSimProject\Artifacts\FoundationSmoke\smoke-00001000\KTEX_CAP_01-00001000"
9.7899999999998357,"smoke-00001000","KTEX_CAP_01-00001000","KTEX_CAP_01",1000,Batch,Running,AutomationPilot,0.1755737,54.734849239947891,MissionCache,True,"","D:\Workspace\MM\FlightSim\FlightSimProject\Artifacts\FoundationSmoke\smoke-00001000\KTEX_CAP_01-00001000"
9.9899999999998315,"smoke-00001000","KTEX_CAP_01-00001000","KTEX_CAP_01",1000,Batch,Running,AutomationPilot,0.17879309999999998,54.867889197065416,MissionCache,True,"","D:\Workspace\MM\FlightSim\FlightSimProject\Artifacts\FoundationSmoke\smoke-00001000\KTEX_CAP_01-00001000"
10.189999999999827,"smoke-00001000","KTEX_CAP_01-00001000","KTEX_CAP_01",1000,Batch,Running,AutomationPilot,0.18203629999999998,54.989032407271694,MissionCache,True,"","D:\Workspace\MM\FlightSim\FlightSimProject\Artifacts\FoundationSmoke\smoke-00001000\KTEX_CAP_01-00001000"
10.389999999999823,"smoke-00001000","KTEX_CAP_01-00001000","KTEX_CAP_01",1000,Batch,Running,AutomationPilot,0.18619819999999998,54.834042434351289,MissionCache,True,"","D:\Workspace\MM\FlightSim\FlightSimProject\Artifacts\FoundationSmoke\smoke-00001000\KTEX_CAP_01-00001000"
10.589999999999819,"smoke-00001000","KTEX_CAP_01-00001000","KTEX_CAP_01",1000,Batch,Running,AutomationPilot,0.1897583,54.85926043814591,MissionCache,True,"","D:\Workspace\MM\FlightSim\FlightSimProject\Artifacts\FoundationSmoke\smoke-00001000\KTEX_CAP_01-00001000"
10.789999999999814,"smoke-00001000","KTEX_CAP_01-00001000","KTEX_CAP_01",1000,Batch,Running,AutomationPilot,0.193039,54.962986753971059,MissionCache,True,"","D:\Workspace\MM\FlightSim\FlightSimProject\Artifacts\FoundationSmoke\smoke-00001000\KTEX_CAP_01-00001000"
10.98999999999981,"smoke-00001000","KTEX_CAP_01-00001000","KTEX_CAP_01",1000,Batch,Running,AutomationPilot,0.1963694,55.049310126729594,MissionCache,True,"","D:\Workspace\MM\FlightSim\FlightSimProject\Artifacts\FoundationSmoke\smoke-00001000\KTEX_CAP_01-00001000"
11.189999999999806,"smoke-00001000","KTEX_CAP_01-00001000","KTEX_CAP_01",1000,Batch,Running,AutomationPilot,0.19956369999999998,55.170354127528256,MissionCache,True,"","D:\Workspace\MM\FlightSim\FlightSimProject\Artifacts\FoundationSmoke\smoke-00001000\KTEX_CAP_01-00001000"
11.389999999999802,"smoke-00001000","KTEX_CAP_01-00001000","KTEX_CAP_01",1000,Batch,Running,AutomationPilot,0.2032069,55.165449598413268,MissionCache,True,"","D:\Workspace\MM\FlightSim\FlightSimProject\Artifacts\FoundationSmoke\smoke-00001000\KTEX_CAP_01-00001000"
11.589999999999797,"smoke-00001000","KTEX_CAP_01-00001000","KTEX_CAP_01",1000,Batch,Running,AutomationPilot,0.2064383,55.270751599871737,MissionCache,True,"","D:\Workspace\MM\FlightSim\FlightSimProject\Artifacts\FoundationSmoke\smoke-00001000\KTEX_CAP_01-00001000"
11.789999999999793,"smoke-00001000","KTEX_CAP_01-00001000","KTEX_CAP_01",1000,Batch,Running,AutomationPilot,0.2102673,55.215432927515586,MissionCache,True,"","D:\Workspace\MM\FlightSim\FlightSimProject\Artifacts\FoundationSmoke\smoke-00001000\KTEX_CAP_01-00001000"
11.989999999999789,"smoke-00001000","KTEX_CAP_01-00001000","KTEX_CAP_01",1000,Batch,Running,AutomationPilot,0.2140009,55.186683794319521,MissionCache,True,"","D:\Workspace\MM\FlightSim\FlightSimProject\Artifacts\FoundationSmoke\smoke-00001000\KTEX_CAP_01-00001000"
12.189999999999785,"smoke-00001000","KTEX_CAP_01-00001000","KTEX_CAP_01",1000,Batch,Running,AutomationPilot,0.2172323,55.286437606192948,MissionCache,True,"","D:\Workspace\MM\FlightSim\FlightSimProject\Artifacts\FoundationSmoke\smoke-00001000\KTEX_CAP_01-00001000"
12.38999999999978,"smoke-00001000","KTEX_CAP_01-00001000","KTEX_CAP_01",1000,Batch,Running,AutomationPilot,0.2207043,55.322891307508662,MissionCache,True,"","D:\Workspace\MM\FlightSim\FlightSimProject\Artifacts\FoundationSmoke\smoke-00001000\KTEX_CAP_01-00001000"
12.589999999999776,"smoke-00001000","KTEX_CAP_01-00001000","KTEX_CAP_01",1000,Batch,Running,AutomationPilot,0.2239108,55.423856285627046,MissionCache,True,"","D:\Workspace\MM\FlightSim\FlightSimProject\Artifacts\FoundationSmoke\smoke-00001000\KTEX_CAP_01-00001000"
12.789999999999772,"smoke-00001000","KTEX_CAP_01-00001000","KTEX_CAP_01",1000,Batch,Running,AutomationPilot,0.22713519999999998,55.51759480696861,MissionCache,True,"","D:\Workspace\MM\FlightSim\FlightSimProject\Artifacts\FoundationSmoke\smoke-00001000\KTEX_CAP_01-00001000"
12.989999999999768,"smoke-00001000","KTEX_CAP_01-00001000","KTEX_CAP_01",1000,Batch,Running,AutomationPilot,0.23093529999999998,55.470081880075384,MissionCache,True,"","D:\Workspace\MM\FlightSim\FlightSimProject\Artifacts\FoundationSmoke\smoke-00001000\KTEX_CAP_01-00001000"
13.189999999999763,"smoke-00001000","KTEX_CAP_01-00001000","KTEX_CAP_01",1000,Batch,Running,AutomationPilot,0.23449029999999998,55.4820391291229,MissionCache,True,"","D:\Workspace\MM\FlightSim\FlightSimProject\Artifacts\FoundationSmoke\smoke-00001000\KTEX_CAP_01-00001000"
13.389999999999759,"smoke-00001000","KTEX_CAP_01-00001000","KTEX_CAP_01",1000,Batch,Running,AutomationPilot,0.2382383,55.448683104268973,MissionCache,True,"","D:\Workspace\MM\FlightSim\FlightSimProject\Artifacts\FoundationSmoke\smoke-00001000\KTEX_CAP_01-00001000"
13.589999999999755,"smoke-00001000","KTEX_CAP_01-00001000","KTEX_CAP_01",1000,Batch,Running,AutomationPilot,0.24152459999999998,55.522294623403823,MissionCache,True,"","D:\Workspace\MM\FlightSim\FlightSimProject\Artifacts\FoundationSmoke\smoke-00001000\KTEX_CAP_01-00001000"
13.78999999999975,"smoke-00001000","KTEX_CAP_01-00001000","KTEX_CAP_01",1000,Batch,Running,AutomationPilot,0.2450991,55.528559672392738,MissionCache,True,"","D:\Workspace\MM\FlightSim\FlightSimProject\Artifacts\FoundationSmoke\smoke-00001000\KTEX_CAP_01-00001000"
13.989999999999746,"smoke-00001000","KTEX_CAP_01-00001000","KTEX_CAP_01",1000,Batch,Running,AutomationPilot,0.2483214,55.613410684700355,MissionCache,True,"","D:\Workspace\MM\FlightSim\FlightSimProject\Artifacts\FoundationSmoke\smoke-00001000\KTEX_CAP_01-00001000"
14.189999999999742,"smoke-00001000","KTEX_CAP_01-00001000","KTEX_CAP_01",1000,Batch,Running,AutomationPilot,0.2515832,55.687343193026187,MissionCache,True,"","D:\Workspace\MM\FlightSim\FlightSimProject\Artifacts\FoundationSmoke\smoke-00001000\KTEX_CAP_01-00001000"
14.389999999999738,"smoke-00001000","KTEX_CAP_01-00001000","KTEX_CAP_01",1000,Batch,Running,AutomationPilot,0.2558738,55.535189613003531,MissionCache,True,"","D:\Workspace\MM\FlightSim\FlightSimProject\Artifacts\FoundationSmoke\smoke-00001000\KTEX_CAP_01-00001000"
14.589999999999733,"smoke-00001000","KTEX_CAP_01-00001000","KTEX_CAP_01",1000,Batch,Running,AutomationPilot,0.2591894,55.596409421063271,MissionCache,True,"","D:\Workspace\MM\FlightSim\FlightSimProject\Artifacts\FoundationSmoke\smoke-00001000\KTEX_CAP_01-00001000"
14.789999999999729,"smoke-00001000","KTEX_CAP_01-00001000","KTEX_CAP_01",1000,Batch,Running,AutomationPilot,0.2625308,55.650613185194779,MissionCache,True,"","D:\Workspace\MM\FlightSim\FlightSimProject\Artifacts\FoundationSmoke\smoke-00001000\KTEX_CAP_01-00001000"
14.989999999999725,"smoke-00001000","KTEX_CAP_01-00001000","KTEX_CAP_01",1000,Batch,Running,AutomationPilot,0.266159,55.643431182111932,MissionCache,True,"","D:\Workspace\MM\FlightSim\FlightSimProject\Artifacts\FoundationSmoke\smoke-00001000\KTEX_CAP_01-00001000"
15.189999999999721,"smoke-00001000","KTEX_CAP_01-00001000","KTEX_CAP_01",1000,Batch,Running,AutomationPilot,0.2693714,55.722322414331018,MissionCache,True,"","D:\Workspace\MM\FlightSim\FlightSimProject\Artifacts\FoundationSmoke\smoke-00001000\KTEX_CAP_01-00001000"
15.389999999999716,"smoke-00001000","KTEX_CAP_01-00001000","KTEX_CAP_01",1000,Batch,Running,AutomationPilot,0.27277019999999996,55.7612231834699,MissionCache,True,"","D:\Workspace\MM\FlightSim\FlightSimProject\Artifacts\FoundationSmoke\smoke-00001000\KTEX_CAP_01-00001000"
15.589999999999712,"smoke-00001000","KTEX_CAP_01-00001000","KTEX_CAP_01",1000,Batch,Running,AutomationPilot,0.2761074,55.811615335191,MissionCache,True,"","D:\Workspace\MM\FlightSim\FlightSimProject\Artifacts\FoundationSmoke\smoke-00001000\KTEX_CAP_01-00001000"
15.789999999999708,"smoke-00001000","KTEX_CAP_01-00001000","KTEX_CAP_01",1000,Batch,Running,AutomationPilot,0.27993039999999997,55.763861302665639,MissionCache,True,"","D:\Workspace\MM\FlightSim\FlightSimProject\Artifacts\FoundationSmoke\smoke-00001000\KTEX_CAP_01-00001000"
15.989999999999704,"smoke-00001000","KTEX_CAP_01-00001000","KTEX_CAP_01",1000,Batch,Running,AutomationPilot,0.28330459999999996,55.805659350394272,MissionCache,True,"","D:\Workspace\MM\FlightSim\FlightSimProject\Artifacts\FoundationSmoke\smoke-00001000\KTEX_CAP_01-00001000"
16.189999999999731,"smoke-00001000","KTEX_CAP_01-00001000","KTEX_CAP_01",1000,Batch,Running,AutomationPilot,0.2868148,55.819992552684532,MissionCache,True,"","D:\Workspace\MM\FlightSim\FlightSimProject\Artifacts\FoundationSmoke\smoke-00001000\KTEX_CAP_01-00001000"
16.389999999999763,"smoke-00001000","KTEX_CAP_01-00001000","KTEX_CAP_01",1000,Batch,Running,AutomationPilot,0.2900617,55.884661780578874,MissionCache,True,"","D:\Workspace\MM\FlightSim\FlightSimProject\Artifacts\FoundationSmoke\smoke-00001000\KTEX_CAP_01-00001000"
16.589999999999794,"smoke-00001000","KTEX_CAP_01-00001000","KTEX_CAP_01",1000,Batch,Running,AutomationPilot,0.2935384,55.904099770250731,MissionCache,True,"","D:\Workspace\MM\FlightSim\FlightSimProject\Artifacts\FoundationSmoke\smoke-00001000\KTEX_CAP_01-00001000"
16.789999999999825,"smoke-00001000","KTEX_CAP_01-00001000","KTEX_CAP_01",1000,Batch,Running,AutomationPilot,0.2969139,55.942143496817749,MissionCache,True,"","D:\Workspace\MM\FlightSim\FlightSimProject\Artifacts\FoundationSmoke\smoke-00001000\KTEX_CAP_01-00001000"
16.989999999999856,"smoke-00001000","KTEX_CAP_01-00001000","KTEX_CAP_01",1000,Batch,Running,AutomationPilot,0.3007991,55.884475718178109,MissionCache,True,"","D:\Workspace\MM\FlightSim\FlightSimProject\Artifacts\FoundationSmoke\smoke-00001000\KTEX_CAP_01-00001000"
17.189999999999888,"smoke-00001000","KTEX_CAP_01-00001000","KTEX_CAP_01",1000,Batch,Running,AutomationPilot,0.30406489999999997,55.942004486541727,MissionCache,True,"","D:\Workspace\MM\FlightSim\FlightSimProject\Artifacts\FoundationSmoke\smoke-00001000\KTEX_CAP_01-00001000"
17.389999999999919,"smoke-00001000","KTEX_CAP_01-00001000","KTEX_CAP_01",1000,Batch,Running,AutomationPilot,0.3072579,56.0115785468816,MissionCache,True,"","D:\Workspace\MM\FlightSim\FlightSimProject\Artifacts\FoundationSmoke\smoke-00001000\KTEX_CAP_01-00001000"
17.58999999999995,"smoke-00001000","KTEX_CAP_01-00001000","KTEX_CAP_01",1000,Batch,Running,AutomationPilot,0.31043,56.08349708468873,MissionCache,True,"","D:\Workspace\MM\FlightSim\FlightSimProject\Artifacts\FoundationSmoke\smoke-00001000\KTEX_CAP_01-00001000"
17.789999999999981,"smoke-00001000","KTEX_CAP_01-00001000","KTEX_CAP_01",1000,Batch,Running,AutomationPilot,0.3138758,56.10499439587236,MissionCache,True,"","D:\Workspace\MM\FlightSim\FlightSimProject\Artifacts\FoundationSmoke\smoke-00001000\KTEX_CAP_01-00001000"
17.990000000000013,"smoke-00001000","KTEX_CAP_01-00001000","KTEX_CAP_01",1000,Batch,Running,AutomationPilot,0.3170653,56.1713943468427,MissionCache,True,"","D:\Workspace\MM\FlightSim\FlightSimProject\Artifacts\FoundationSmoke\smoke-00001000\KTEX_CAP_01-00001000"
18.190000000000044,"smoke-00001000","KTEX_CAP_01-00001000","KTEX_CAP_01",1000,Batch,Running,AutomationPilot,0.3203068,56.227342035823206,MissionCache,True,"","D:\Workspace\MM\FlightSim\FlightSimProject\Artifacts\FoundationSmoke\smoke-00001000\KTEX_CAP_01-00001000"
18.390000000000075,"smoke-00001000","KTEX_CAP_01-00001000","KTEX_CAP_01",1000,Batch,Running,AutomationPilot,0.32412949999999996,56.181248544177713,MissionCache,True,"","D:\Workspace\MM\FlightSim\FlightSimProject\Artifacts\FoundationSmoke\smoke-00001000\KTEX_CAP_01-00001000"
18.590000000000106,"smoke-00001000","KTEX_CAP_01-00001000","KTEX_CAP_01",1000,Batch,Running,AutomationPilot,0.3274765,56.217774405186567,MissionCache,True,"","D:\Workspace\MM\FlightSim\FlightSimProject\Artifacts\FoundationSmoke\smoke-00001000\KTEX_CAP_01-00001000"
18.790000000000138,"smoke-00001000","KTEX_CAP_01-00001000","KTEX_CAP_01",1000,Batch,Running,AutomationPilot,0.33075879999999996,56.264564994189456,MissionCache,True,"","D:\Workspace\MM\FlightSim\FlightSimProject\Artifacts\FoundationSmoke\smoke-00001000\KTEX_CAP_01-00001000"
18.990000000000169,"smoke-00001000","KTEX_CAP_01-00001000","KTEX_CAP_01",1000,Batch,Running,AutomationPilot,0.3353505,56.09056792818302,MissionCache,True,"","D:\Workspace\MM\FlightSim\FlightSimProject\Artifacts\FoundationSmoke\smoke-00001000\KTEX_CAP_01-00001000"
19.1900000000002,"smoke-00001000","KTEX_CAP_01-00001000","KTEX_CAP_01",1000,Batch,Running,AutomationPilot,0.34039949999999997,55.846145484938063,MissionCache,True,"","D:\Workspace\MM\FlightSim\FlightSimProject\Artifacts\FoundationSmoke\smoke-00001000\KTEX_CAP_01-00001000"
19.390000000000231,"smoke-00001000","KTEX_CAP_01-00001000","KTEX_CAP_01",1000,Batch,Running,AutomationPilot,0.3438728,55.863679825796645,MissionCache,True,"","D:\Workspace\MM\FlightSim\FlightSimProject\Artifacts\FoundationSmoke\smoke-00001000\KTEX_CAP_01-00001000"
19.590000000000263,"smoke-00001000","KTEX_CAP_01-00001000","KTEX_CAP_01",1000,Batch,Running,AutomationPilot,0.3475676,55.845251398577531,MissionCache,True,"","D:\Workspace\MM\FlightSim\FlightSimProject\Artifacts\FoundationSmoke\smoke-00001000\KTEX_CAP_01-00001000"
19.790000000000294,"smoke-00001000","KTEX_CAP_01-00001000","KTEX_CAP_01",1000,Batch,Running,AutomationPilot,0.3515137,55.78729932859023,MissionCache,True,"","D:\Workspace\MM\FlightSim\FlightSimProject\Artifacts\FoundationSmoke\smoke-00001000\KTEX_CAP_01-00001000"
19.990000000000325,"smoke-00001000","KTEX_CAP_01-00001000","KTEX_CAP_01",1000,Batch,Running,AutomationPilot,0.3547299,55.845306527587042,MissionCache,True,"","D:\Workspace\MM\FlightSim\FlightSimProject\Artifacts\FoundationSmoke\smoke-00001000\KTEX_CAP_01-00001000"
20.190000000000357,"smoke-00001000","KTEX_CAP_01-00001000","KTEX_CAP_01",1000,Batch,Running,AutomationPilot,0.35794529999999997,55.90239625998813,MissionCache,True,"","D:\Workspace\MM\FlightSim\FlightSimProject\Artifacts\FoundationSmoke\smoke-00001000\KTEX_CAP_01-00001000"
20.390000000000388,"smoke-00001000","KTEX_CAP_01-00001000","KTEX_CAP_01",1000,Batch,Running,AutomationPilot,0.3612149,55.950072934423133,MissionCache,True,"","D:\Workspace\MM\FlightSim\FlightSimProject\Artifacts\FoundationSmoke\smoke-00001000\KTEX_CAP_01-00001000"
20.590000000000419,"smoke-00001000","KTEX_CAP_01-00001000","KTEX_CAP_01",1000,Batch,Running,AutomationPilot,0.36445079999999996,56.0020721589866,MissionCache,True,"","D:\Workspace\MM\FlightSim\FlightSimProject\Artifacts\FoundationSmoke\smoke-00001000\KTEX_CAP_01-00001000"
20.79000000000045,"smoke-00001000","KTEX_CAP_01-00001000","KTEX_CAP_01",1000,Batch,Running,AutomationPilot,0.3676816,56.0539336208296,MissionCache,True,"","D:\Workspace\MM\FlightSim\FlightSimProject\Artifacts\FoundationSmoke\smoke-00001000\KTEX_CAP_01-00001000"
20.990000000000482,"smoke-00001000","KTEX_CAP_01-00001000","KTEX_CAP_01",1000,Batch,Running,AutomationPilot,0.37155889999999997,56.007270987185223,MissionCache,True,"","D:\Workspace\MM\FlightSim\FlightSimProject\Artifacts\FoundationSmoke\smoke-00001000\KTEX_CAP_01-00001000"
21.190000000000513,"smoke-00001000","KTEX_CAP_01-00001000","KTEX_CAP_01",1000,Batch,Running,AutomationPilot,0.375345,55.9751695107181,MissionCache,True,"","D:\Workspace\MM\FlightSim\FlightSimProject\Artifacts\FoundationSmoke\smoke-00001000\KTEX_CAP_01-00001000"
21.390000000000544,"smoke-00001000","KTEX_CAP_01-00001000","KTEX_CAP_01",1000,Batch,Running,AutomationPilot,0.378583,56.024702641165916,MissionCache,True,"","D:\Workspace\MM\FlightSim\FlightSimProject\Artifacts\FoundationSmoke\smoke-00001000\KTEX_CAP_01-00001000"
21.590000000000575,"smoke-00001000","KTEX_CAP_01-00001000","KTEX_CAP_01",1000,Batch,Running,AutomationPilot,0.381828,56.072367662928194,MissionCache,True,"","D:\Workspace\MM\FlightSim\FlightSimProject\Artifacts\FoundationSmoke\smoke-00001000\KTEX_CAP_01-00001000"
21.790000000000607,"smoke-00001000","KTEX_CAP_01-00001000","KTEX_CAP_01",1000,Batch,Running,AutomationPilot,0.3851072,56.114245591878259,MissionCache,True,"","D:\Workspace\MM\FlightSim\FlightSimProject\Artifacts\FoundationSmoke\smoke-00001000\KTEX_CAP_01-00001000"
21.990000000000638,"smoke-00001000","KTEX_CAP_01-00001000","KTEX_CAP_01",1000,Batch,Running,AutomationPilot,0.3883261,56.164136276188,MissionCache,True,"","D:\Workspace\MM\FlightSim\FlightSimProject\Artifacts\FoundationSmoke\smoke-00001000\KTEX_CAP_01-00001000"
22.190000000000669,"smoke-00001000","KTEX_CAP_01-00001000","KTEX_CAP_01",1000,Batch,Running,AutomationPilot,0.39171839999999997,56.188323040226457,MissionCache,True,"","D:\Workspace\MM\FlightSim\FlightSimProject\Artifacts\FoundationSmoke\smoke-00001000\KTEX_CAP_01-00001000"
22.3900000000007,"smoke-00001000","KTEX_CAP_01-00001000","KTEX_CAP_01",1000,Batch,Running,AutomationPilot,0.39618739999999997,56.059329499122569,MissionCache,True,"","D:\Workspace\MM\FlightSim\FlightSimProject\Artifacts\FoundationSmoke\smoke-00001000\KTEX_CAP_01-00001000"
22.590000000000732,"smoke-00001000","KTEX_CAP_01-00001000","KTEX_CAP_01",1000,Batch,Running,AutomationPilot,0.3994328,56.104556260779546,MissionCache,True,"","D:\Workspace\MM\FlightSim\FlightSimProject\Artifacts\FoundationSmoke\smoke-00001000\KTEX_CAP_01-00001000"
22.790000000000763,"smoke-00001000","KTEX_CAP_01-00001000","KTEX_CAP_01",1000,Batch,Running,AutomationPilot,0.402719,56.143365473197775,MissionCache,True,"","D:\Workspace\MM\FlightSim\FlightSimProject\Artifacts\FoundationSmoke\smoke-00001000\KTEX_CAP_01-00001000"
22.990000000000794,"smoke-00001000","KTEX_CAP_01-00001000","KTEX_CAP_01",1000,Batch,Running,AutomationPilot,0.4070215,56.0412656333898,MissionCache,True,"","D:\Workspace\MM\FlightSim\FlightSimProject\Artifacts\FoundationSmoke\smoke-00001000\KTEX_CAP_01-00001000"
23.190000000000826,"smoke-00001000","KTEX_CAP_01-00001000","KTEX_CAP_01",1000,Batch,Running,AutomationPilot,0.4127867,55.743075055472467,MissionCache,True,"","D:\Workspace\MM\FlightSim\FlightSimProject\Artifacts\FoundationSmoke\smoke-00001000\KTEX_CAP_01-00001000"
23.390000000000857,"smoke-00001000","KTEX_CAP_01-00001000","KTEX_CAP_01",1000,Batch,Running,AutomationPilot,0.4184941,55.460757989182717,MissionCache,True,"","D:\Workspace\MM\FlightSim\FlightSimProject\Artifacts\FoundationSmoke\smoke-00001000\KTEX_CAP_01-00001000"
23.590000000000888,"smoke-00001000","KTEX_CAP_01-00001000","KTEX_CAP_01",1000,Batch,Running,AutomationPilot,0.4225539,55.401216270873043,MissionCache,True,"","D:\Workspace\MM\FlightSim\FlightSimProject\Artifacts\FoundationSmoke\smoke-00001000\KTEX_CAP_01-00001000"
23.790000000000919,"smoke-00001000","KTEX_CAP_01-00001000","KTEX_CAP_01",1000,Batch,Running,AutomationPilot,0.4258817,55.437930298486393,MissionCache,True,"","D:\Workspace\MM\FlightSim\FlightSimProject\Artifacts\FoundationSmoke\smoke-00001000\KTEX_CAP_01-00001000"
23.990000000000951,"smoke-00001000","KTEX_CAP_01-00001000","KTEX_CAP_01",1000,Batch,Running,AutomationPilot,0.4291039,55.487726865220573,MissionCache,True,"","D:\Workspace\MM\FlightSim\FlightSimProject\Artifacts\FoundationSmoke\smoke-00001000\KTEX_CAP_01-00001000"
24.190000000000982,"smoke-00001000","KTEX_CAP_01-00001000","KTEX_CAP_01",1000,Batch,Running,AutomationPilot,0.43249869999999996,55.514617731801174,MissionCache,True,"","D:\Workspace\MM\FlightSim\FlightSimProject\Artifacts\FoundationSmoke\smoke-00001000\KTEX_CAP_01-00001000"
24.390000000001013,"smoke-00001000","KTEX_CAP_01-00001000","KTEX_CAP_01",1000,Batch,Running,AutomationPilot,0.43617819999999996,55.504837243129039,MissionCache,True,"","D:\Workspace\MM\FlightSim\FlightSimProject\Artifacts\FoundationSmoke\smoke-00001000\KTEX_CAP_01-00001000"
24.590000000001044,"smoke-00001000","KTEX_CAP_01-00001000","KTEX_CAP_01",1000,Batch,Running,AutomationPilot,0.4423162,55.186764581539215,MissionCache,True,"","D:\Workspace\MM\FlightSim\FlightSimProject\Artifacts\FoundationSmoke\smoke-00001000\KTEX_CAP_01-00001000"
24.790000000001076,"smoke-00001000","KTEX_CAP_01-00001000","KTEX_CAP_01",1000,Batch,Running,AutomationPilot,0.44573769999999996,55.211843198367674,MissionCache,True,"","D:\Workspace\MM\FlightSim\FlightSimProject\Artifacts\FoundationSmoke\smoke-00001000\KTEX_CAP_01-00001000"
24.990000000001107,"smoke-00001000","KTEX_CAP_01-00001000","KTEX_CAP_01",1000,Batch,Running,AutomationPilot,0.45008929999999997,55.122394600362817,MissionCache,True,"","D:\Workspace\MM\FlightSim\FlightSimProject\Artifacts\FoundationSmoke\smoke-00001000\KTEX_CAP_01-00001000"
25.190000000001138,"smoke-00001000","KTEX_CAP_01-00001000","KTEX_CAP_01",1000,Batch,Running,AutomationPilot,0.45365819999999996,55.129610795090031,MissionCache,True,"","D:\Workspace\MM\FlightSim\FlightSimProject\Artifacts\FoundationSmoke\smoke-00001000\KTEX_CAP_01-00001000"
25.390000000001169,"smoke-00001000","KTEX_CAP_01-00001000","KTEX_CAP_01",1000,Batch,Running,AutomationPilot,0.4569296,55.172613023978187,MissionCache,True,"","D:\Workspace\MM\FlightSim\FlightSimProject\Artifacts\FoundationSmoke\smoke-00001000\KTEX_CAP_01-00001000"
25.5900000000012,"smoke-00001000","KTEX_CAP_01-00001000","KTEX_CAP_01",1000,Batch,Running,AutomationPilot,0.460285,55.204927381950689,MissionCache,True,"","D:\Workspace\MM\FlightSim\FlightSimProject\Artifacts\FoundationSmoke\smoke-00001000\KTEX_CAP_01-00001000"
25.790000000001232,"smoke-00001000","KTEX_CAP_01-00001000","KTEX_CAP_01",1000,Batch,Running,AutomationPilot,0.46469439999999995,55.111488324372331,MissionCache,True,"","D:\Workspace\MM\FlightSim\FlightSimProject\Artifacts\FoundationSmoke\smoke-00001000\KTEX_CAP_01-00001000"
25.990000000001263,"smoke-00001000","KTEX_CAP_01-00001000","KTEX_CAP_01",1000,Batch,Running,AutomationPilot,0.4688869,55.045257182491632,MissionCache,True,"","D:\Workspace\MM\FlightSim\FlightSimProject\Artifacts\FoundationSmoke\smoke-00001000\KTEX_CAP_01-00001000"
26.190000000001294,"smoke-00001000","KTEX_CAP_01-00001000","KTEX_CAP_01",1000,Batch,Running,AutomationPilot,0.472257,55.075943818728504,MissionCache,True,"","D:\Workspace\MM\FlightSim\FlightSimProject\Artifacts\FoundationSmoke\smoke-00001000\KTEX_CAP_01-00001000"
26.390000000001326,"smoke-00001000","KTEX_CAP_01-00001000","KTEX_CAP_01",1000,Batch,Running,AutomationPilot,0.4764443,55.011677125744392,MissionCache,True,"","D:\Workspace\MM\FlightSim\FlightSimProject\Artifacts\FoundationSmoke\smoke-00001000\KTEX_CAP_01-00001000"
26.590000000001357,"smoke-00001000","KTEX_CAP_01-00001000","KTEX_CAP_01",1000,Batch,Running,AutomationPilot,0.479655,55.060408001587241,MissionCache,True,"","D:\Workspace\MM\FlightSim\FlightSimProject\Artifacts\FoundationSmoke\smoke-00001000\KTEX_CAP_01-00001000"
26.790000000001388,"smoke-00001000","KTEX_CAP_01-00001000","KTEX_CAP_01",1000,Batch,Running,AutomationPilot,0.4830721,55.084944876761377,MissionCache,True,"","D:\Workspace\MM\FlightSim\FlightSimProject\Artifacts\FoundationSmoke\smoke-00001000\KTEX_CAP_01-00001000"
26.99000000000142,"smoke-00001000","KTEX_CAP_01-00001000","KTEX_CAP_01",1000,Batch,Running,AutomationPilot,0.4867778,55.07646404581596,MissionCache,True,"","D:\Workspace\MM\FlightSim\FlightSimProject\Artifacts\FoundationSmoke\smoke-00001000\KTEX_CAP_01-00001000"
27.190000000001451,"smoke-00001000","KTEX_CAP_01-00001000","KTEX_CAP_01",1000,Batch,Running,AutomationPilot,0.4900286,55.119231816268325,MissionCache,True,"","D:\Workspace\MM\FlightSim\FlightSimProject\Artifacts\FoundationSmoke\smoke-00001000\KTEX_CAP_01-00001000"
27.390000000001482,"smoke-00001000","KTEX_CAP_01-00001000","KTEX_CAP_01",1000,Batch,Running,AutomationPilot,0.4932934,55.159870373293977,MissionCache,True,"","D:\Workspace\MM\FlightSim\FlightSimProject\Artifacts\FoundationSmoke\smoke-00001000\KTEX_CAP_01-00001000"
27.590000000001513,"smoke-00001000","KTEX_CAP_01-00001000","KTEX_CAP_01",1000,Batch,Running,AutomationPilot,0.4972429,55.123964565409551,MissionCache,True,"","D:\Workspace\MM\FlightSim\FlightSimProject\Artifacts\FoundationSmoke\smoke-00001000\KTEX_CAP_01-00001000"
27.790000000001545,"smoke-00001000","KTEX_CAP_01-00001000","KTEX_CAP_01",1000,Batch,Running,AutomationPilot,0.5008418,55.127187866510972,MissionCache,True,"","D:\Workspace\MM\FlightSim\FlightSimProject\Artifacts\FoundationSmoke\smoke-00001000\KTEX_CAP_01-00001000"
27.990000000001576,"smoke-00001000","KTEX_CAP_01-00001000","KTEX_CAP_01",1000,Batch,Running,AutomationPilot,0.5042343,55.15293188107502,MissionCache,True,"","D:\Workspace\MM\FlightSim\FlightSimProject\Artifacts\FoundationSmoke\smoke-00001000\KTEX_CAP_01-00001000"
28.190000000001607,"smoke-00001000","KTEX_CAP_01-00001000","KTEX_CAP_01",1000,Batch,Running,AutomationPilot,0.5075354,55.18826864096885,MissionCache,True,"","D:\Workspace\MM\FlightSim\FlightSimProject\Artifacts\FoundationSmoke\smoke-00001000\KTEX_CAP_01-00001000"
28.390000000001638,"smoke-00001000","KTEX_CAP_01-00001000","KTEX_CAP_01",1000,Batch,Running,AutomationPilot,0.5107651,55.230868358080087,MissionCache,True,"","D:\Workspace\MM\FlightSim\FlightSimProject\Artifacts\FoundationSmoke\smoke-00001000\KTEX_CAP_01-00001000"
28.59000000000167,"smoke-00001000","KTEX_CAP_01-00001000","KTEX_CAP_01",1000,Batch,Running,AutomationPilot,0.51430009999999993,55.240121477716308,MissionCache,True,"","D:\Workspace\MM\FlightSim\FlightSimProject\Artifacts\FoundationSmoke\smoke-00001000\KTEX_CAP_01-00001000"
28.7900000000017,"smoke-00001000","KTEX_CAP_01-00001000","KTEX_CAP_01",1000,Batch,Running,AutomationPilot,0.5176238,55.271801644363485,MissionCache,True,"","D:\Workspace\MM\FlightSim\FlightSimProject\Artifacts\FoundationSmoke\smoke-00001000\KTEX_CAP_01-00001000"
28.990000000001732,"smoke-00001000","KTEX_CAP_01-00001000","KTEX_CAP_01",1000,Batch,Running,AutomationPilot,0.5217814,55.21469335626319,MissionCache,True,"","D:\Workspace\MM\FlightSim\FlightSimProject\Artifacts\FoundationSmoke\smoke-00001000\KTEX_CAP_01-00001000"
29.190000000001763,"smoke-00001000","KTEX_CAP_01-00001000","KTEX_CAP_01",1000,Batch,Running,AutomationPilot,0.5250753,55.249218540658326,MissionCache,True,"","D:\Workspace\MM\FlightSim\FlightSimProject\Artifacts\FoundationSmoke\smoke-00001000\KTEX_CAP_01-00001000"
29.390000000001795,"smoke-00001000","KTEX_CAP_01-00001000","KTEX_CAP_01",1000,Batch,Running,AutomationPilot,0.5283196,55.288503398325119,MissionCache,True,"","D:\Workspace\MM\FlightSim\FlightSimProject\Artifacts\FoundationSmoke\smoke-00001000\KTEX_CAP_01-00001000"
29.590000000001826,"smoke-00001000","KTEX_CAP_01-00001000","KTEX_CAP_01",1000,Batch,Running,AutomationPilot,0.5316955,55.313614653503365,MissionCache,True,"","D:\Workspace\MM\FlightSim\FlightSimProject\Artifacts\FoundationSmoke\smoke-00001000\KTEX_CAP_01-00001000"
29.790000000001857,"smoke-00001000","KTEX_CAP_01-00001000","KTEX_CAP_01",1000,Batch,Running,AutomationPilot,0.5354959,55.294541003958813,MissionCache,True,"","D:\Workspace\MM\FlightSim\FlightSimProject\Artifacts\FoundationSmoke\smoke-00001000\KTEX_CAP_01-00001000"
29.990000000001888,"smoke-00001000","KTEX_CAP_01-00001000","KTEX_CAP_01",1000,Batch,Running,AutomationPilot,0.5388159,55.3250191763121,MissionCache,True,"","D:\Workspace\MM\FlightSim\FlightSimProject\Artifacts\FoundationSmoke\smoke-00001000\KTEX_CAP_01-00001000"
30.19000000000192,"smoke-00001000","KTEX_CAP_01-00001000","KTEX_CAP_01",1000,Batch,Running,AutomationPilot,0.54529969999999994,55.033956556370555,MissionCache,True,"","D:\Workspace\MM\FlightSim\FlightSimProject\Artifacts\FoundationSmoke\smoke-00001000\KTEX_CAP_01-00001000"
30.390000000001951,"smoke-00001000","KTEX_CAP_01-00001000","KTEX_CAP_01",1000,Batch,Running,AutomationPilot,0.54932779999999992,54.994485988151204,MissionCache,True,"","D:\Workspace\MM\FlightSim\FlightSimProject\Artifacts\FoundationSmoke\smoke-00001000\KTEX_CAP_01-00001000"
30.590000000001982,"smoke-00001000","KTEX_CAP_01-00001000","KTEX_CAP_01",1000,Batch,Running,AutomationPilot,0.5536033,54.931030938583554,MissionCache,True,"","D:\Workspace\MM\FlightSim\FlightSimProject\Artifacts\FoundationSmoke\smoke-00001000\KTEX_CAP_01-00001000"
30.790000000002014,"smoke-00001000","KTEX_CAP_01-00001000","KTEX_CAP_01",1000,Batch,Running,AutomationPilot,0.5568543,54.96949561133313,MissionCache,True,"","D:\Workspace\MM\FlightSim\FlightSimProject\Artifacts\FoundationSmoke\smoke-00001000\KTEX_CAP_01-00001000"
30.990000000002045,"smoke-00001000","KTEX_CAP_01-00001000","KTEX_CAP_01",1000,Batch,Running,AutomationPilot,0.5602649,54.991844036636991,MissionCache,True,"","D:\Workspace\MM\FlightSim\FlightSimProject\Artifacts\FoundationSmoke\smoke-00001000\KTEX_CAP_01-00001000"
31.190000000002076,"smoke-00001000","KTEX_CAP_01-00001000","KTEX_CAP_01",1000,Batch,Running,AutomationPilot,0.5638837,54.993609497848666,MissionCache,True,"","D:\Workspace\MM\FlightSim\FlightSimProject\Artifacts\FoundationSmoke\smoke-00001000\KTEX_CAP_01-00001000"
31.390000000002107,"smoke-00001000","KTEX_CAP_01-00001000","KTEX_CAP_01",1000,Batch,Running,AutomationPilot,0.56735839999999993,55.009320387258008,MissionCache,True,"","D:\Workspace\MM\FlightSim\FlightSimProject\Artifacts\FoundationSmoke\smoke-00001000\KTEX_CAP_01-00001000"
31.590000000002139,"smoke-00001000","KTEX_CAP_01-00001000","KTEX_CAP_01",1000,Batch,Running,AutomationPilot,0.57058199999999992,55.049055175245826,MissionCache,True,"","D:\Workspace\MM\FlightSim\FlightSimProject\Artifacts\FoundationSmoke\smoke-00001000\KTEX_CAP_01-00001000"
31.79000000000217,"smoke-00001000","KTEX_CAP_01-00001000","KTEX_CAP_01",1000,Batch,Running,AutomationPilot,0.57398929999999992,55.0707129906466,MissionCache,True,"","D:\Workspace\MM\FlightSim\FlightSimProject\Artifacts\FoundationSmoke\smoke-00001000\KTEX_CAP_01-00001000"
31.9900000000022,"smoke-00001000","KTEX_CAP_01-00001000","KTEX_CAP_01",1000,Batch,Running,AutomationPilot,0.5781822,55.017259265335689,MissionCache,True,"","D:\Workspace\MM\FlightSim\FlightSimProject\Artifacts\FoundationSmoke\smoke-00001000\KTEX_CAP_01-00001000"
32.190000000002165,"smoke-00001000","KTEX_CAP_01-00001000","KTEX_CAP_01",1000,Batch,Running,AutomationPilot,0.5814224,55.05463841778748,MissionCache,True,"","D:\Workspace\MM\FlightSim\FlightSimProject\Artifacts\FoundationSmoke\smoke-00001000\KTEX_CAP_01-00001000"
32.390000000002125,"smoke-00001000","KTEX_CAP_01-00001000","KTEX_CAP_01",1000,Batch,Running,AutomationPilot,0.5847527,55.08311462264674,MissionCache,True,"","D:\Workspace\MM\FlightSim\FlightSimProject\Artifacts\FoundationSmoke\smoke-00001000\KTEX_CAP_01-00001000"
32.590000000002085,"smoke-00001000","KTEX_CAP_01-00001000","KTEX_CAP_01",1000,Batch,Running,AutomationPilot,0.5878926,55.129117121055991,MissionCache,True,"","D:\Workspace\MM\FlightSim\FlightSimProject\Artifacts\FoundationSmoke\smoke-00001000\KTEX_CAP_01-00001000"
32.790000000002046,"smoke-00001000","KTEX_CAP_01-00001000","KTEX_CAP_01",1000,Batch,Running,AutomationPilot,0.5912153,55.157571192765275,MissionCache,True,"","D:\Workspace\MM\FlightSim\FlightSimProject\Artifacts\FoundationSmoke\smoke-00001000\KTEX_CAP_01-00001000"
32.990000000002006,"smoke-00001000","KTEX_CAP_01-00001000","KTEX_CAP_01",1000,Batch,Running,AutomationPilot,0.59439259999999994,55.199206719602572,MissionCache,True,"","D:\Workspace\MM\FlightSim\FlightSimProject\Artifacts\FoundationSmoke\smoke-00001000\KTEX_CAP_01-00001000"
33.190000000001966,"smoke-00001000","KTEX_CAP_01-00001000","KTEX_CAP_01",1000,Batch,Running,AutomationPilot,0.59756789999999993,55.240584375435837,MissionCache,True,"","D:\Workspace\MM\FlightSim\FlightSimProject\Artifacts\FoundationSmoke\smoke-00001000\KTEX_CAP_01-00001000"
33.390000000001926,"smoke-00001000","KTEX_CAP_01-00001000","KTEX_CAP_01",1000,Batch,Running,AutomationPilot,0.6017361,55.190306847141066,MissionCache,True,"","D:\Workspace\MM\FlightSim\FlightSimProject\Artifacts\FoundationSmoke\smoke-00001000\KTEX_CAP_01-00001000"
33.590000000001886,"smoke-00001000","KTEX_CAP_01-00001000","KTEX_CAP_01",1000,Batch,Running,AutomationPilot,0.60488429999999993,55.233703371044555,MissionCache,True,"","D:\Workspace\MM\FlightSim\FlightSimProject\Artifacts\FoundationSmoke\smoke-00001000\KTEX_CAP_01-00001000"
33.790000000001847,"smoke-00001000","KTEX_CAP_01-00001000","KTEX_CAP_01",1000,Batch,Running,AutomationPilot,0.6080686,55.273368827138725,MissionCache,True,"","D:\Workspace\MM\FlightSim\FlightSimProject\Artifacts\FoundationSmoke\smoke-00001000\KTEX_CAP_01-00001000"
33.990000000001807,"smoke-00001000","KTEX_CAP_01-00001000","KTEX_CAP_01",1000,Batch,Running,AutomationPilot,0.6113525,55.3036096196578,MissionCache,True,"","D:\Workspace\MM\FlightSim\FlightSimProject\Artifacts\FoundationSmoke\smoke-00001000\KTEX_CAP_01-00001000"
34.190000000001767,"smoke-00001000","KTEX_CAP_01-00001000","KTEX_CAP_01",1000,Batch,Running,AutomationPilot,0.61595519999999992,55.215054601376536,MissionCache,True,"","D:\Workspace\MM\FlightSim\FlightSimProject\Artifacts\FoundationSmoke\smoke-00001000\KTEX_CAP_01-00001000"
34.390000000001727,"smoke-00001000","KTEX_CAP_01-00001000","KTEX_CAP_01",1000,Batch,Running,AutomationPilot,0.621354,55.057181574435454,MissionCache,True,"","D:\Workspace\MM\FlightSim\FlightSimProject\Artifacts\FoundationSmoke\smoke-00001000\KTEX_CAP_01-00001000"
34.590000000001687,"smoke-00001000","KTEX_CAP_01-00001000","KTEX_CAP_01",1000,Batch,Running,AutomationPilot,0.6253962,55.021121010971484,MissionCache,True,"","D:\Workspace\MM\FlightSim\FlightSimProject\Artifacts\FoundationSmoke\smoke-00001000\KTEX_CAP_01-00001000"
34.790000000001648,"smoke-00001000","KTEX_CAP_01-00001000","KTEX_CAP_01",1000,Batch,Running,AutomationPilot,0.6286103,55.057958802141307,MissionCache,True,"","D:\Workspace\MM\FlightSim\FlightSimProject\Artifacts\FoundationSmoke\smoke-00001000\KTEX_CAP_01-00001000"
34.990000000001608,"smoke-00001000","KTEX_CAP_01-00001000","KTEX_CAP_01",1000,Batch,Running,AutomationPilot,0.6318098,55.095694938574304,MissionCache,True,"","D:\Workspace\MM\FlightSim\FlightSimProject\Artifacts\FoundationSmoke\smoke-00001000\KTEX_CAP_01-00001000"
35.190000000001568,"smoke-00001000","KTEX_CAP_01-00001000","KTEX_CAP_01",1000,Batch,Running,AutomationPilot,0.6355347,55.087472013725773,MissionCache,True,"","D:\Workspace\MM\FlightSim\FlightSimProject\Artifacts\FoundationSmoke\smoke-00001000\KTEX_CAP_01-00001000"
35.390000000001528,"smoke-00001000","KTEX_CAP_01-00001000","KTEX_CAP_01",1000,Batch,Running,AutomationPilot,0.63876519999999992,55.121975962374854,MissionCache,True,"","D:\Workspace\MM\FlightSim\FlightSimProject\Artifacts\FoundationSmoke\smoke-00001000\KTEX_CAP_01-00001000"
35.590000000001488,"smoke-00001000","KTEX_CAP_01-00001000","KTEX_CAP_01",1000,Batch,Running,AutomationPilot,0.6419767,55.157765071538464,MissionCache,True,"","D:\Workspace\MM\FlightSim\FlightSimProject\Artifacts\FoundationSmoke\smoke-00001000\KTEX_CAP_01-00001000"
35.790000000001449,"smoke-00001000","KTEX_CAP_01-00001000","KTEX_CAP_01",1000,Batch,Running,AutomationPilot,0.6457124,55.148391141321561,MissionCache,True,"","D:\Workspace\MM\FlightSim\FlightSimProject\Artifacts\FoundationSmoke\smoke-00001000\KTEX_CAP_01-00001000"
35.990000000001409,"smoke-00001000","KTEX_CAP_01-00001000","KTEX_CAP_01",1000,Batch,Running,AutomationPilot,0.64958359999999993,55.12762329591056,MissionCache,True,"","D:\Workspace\MM\FlightSim\FlightSimProject\Artifacts\FoundationSmoke\smoke-00001000\KTEX_CAP_01-00001000"
36.190000000001369,"smoke-00001000","KTEX_CAP_01-00001000","KTEX_CAP_01",1000,Batch,Running,AutomationPilot,0.6528061,55.161861998534341,MissionCache,True,"","D:\Workspace\MM\FlightSim\FlightSimProject\Artifacts\FoundationSmoke\smoke-00001000\KTEX_CAP_01-00001000"
36.390000000001329,"smoke-00001000","KTEX_CAP_01-00001000","KTEX_CAP_01",1000,Batch,Running,AutomationPilot,0.6562429,55.17773982773965,MissionCache,True,"","D:\Workspace\MM\FlightSim\FlightSimProject\Artifacts\FoundationSmoke\smoke-00001000\KTEX_CAP_01-00001000"
36.590000000001289,"smoke-00001000","KTEX_CAP_01-00001000","KTEX_CAP_01",1000,Batch,Running,AutomationPilot,0.65948,55.210165585008383,MissionCache,True,"","D:\Workspace\MM\FlightSim\FlightSimProject\Artifacts\FoundationSmoke\smoke-00001000\KTEX_CAP_01-00001000"
36.79000000000125,"smoke-00001000","KTEX_CAP_01-00001000","KTEX_CAP_01",1000,Batch,Running,AutomationPilot,0.6626823,55.245175553958944,MissionCache,True,"","D:\Workspace\MM\FlightSim\FlightSimProject\Artifacts\FoundationSmoke\smoke-00001000\KTEX_CAP_01-00001000"
36.99000000000121,"smoke-00001000","KTEX_CAP_01-00001000","KTEX_CAP_01",1000,Batch,Running,AutomationPilot,0.6660235,55.268320111829759,MissionCache,True,"","D:\Workspace\MM\FlightSim\FlightSimProject\Artifacts\FoundationSmoke\smoke-00001000\KTEX_CAP_01-00001000"
37.19000000000117,"smoke-00001000","KTEX_CAP_01-00001000","KTEX_CAP_01",1000,Batch,Running,AutomationPilot,0.6693868,55.289408156840274,MissionCache,True,"","D:\Workspace\MM\FlightSim\FlightSimProject\Artifacts\FoundationSmoke\smoke-00001000\KTEX_CAP_01-00001000"
37.39000000000113,"smoke-00001000","KTEX_CAP_01-00001000","KTEX_CAP_01",1000,Batch,Running,AutomationPilot,0.6733214,55.263355657493094,MissionCache,True,"","D:\Workspace\MM\FlightSim\FlightSimProject\Artifacts\FoundationSmoke\smoke-00001000\KTEX_CAP_01-00001000"
37.590000000001091,"smoke-00001000","KTEX_CAP_01-00001000","KTEX_CAP_01",1000,Batch,Running,AutomationPilot,0.67663699999999993,55.288138248427337,MissionCache,True,"","D:\Workspace\MM\FlightSim\FlightSimProject\Artifacts\FoundationSmoke\smoke-00001000\KTEX_CAP_01-00001000"
37.790000000001051,"smoke-00001000","KTEX_CAP_01-00001000","KTEX_CAP_01",1000,Batch,Running,AutomationPilot,0.6798377,55.322027595705691,MissionCache,True,"","D:\Workspace\MM\FlightSim\FlightSimProject\Artifacts\FoundationSmoke\smoke-00001000\KTEX_CAP_01-00001000"
37.990000000001011,"smoke-00001000","KTEX_CAP_01-00001000","KTEX_CAP_01",1000,Batch,Running,AutomationPilot,0.68309579999999992,55.350947846555421,MissionCache,True,"","D:\Workspace\MM\FlightSim\FlightSimProject\Artifacts\FoundationSmoke\smoke-00001000\KTEX_CAP_01-00001000"
38.190000000000971,"smoke-00001000","KTEX_CAP_01-00001000","KTEX_CAP_01",1000,Batch,Running,AutomationPilot,0.6865321,55.365218902365974,MissionCache,True,"","D:\Workspace\MM\FlightSim\FlightSimProject\Artifacts\FoundationSmoke\smoke-00001000\KTEX_CAP_01-00001000"
38.390000000000931,"smoke-00001000","KTEX_CAP_01-00001000","KTEX_CAP_01",1000,Batch,Running,AutomationPilot,0.68978869999999992,55.393774934267512,MissionCache,True,"","D:\Workspace\MM\FlightSim\FlightSimProject\Artifacts\FoundationSmoke\smoke-00001000\KTEX_CAP_01-00001000"
38.590000000000892,"smoke-00001000","KTEX_CAP_01-00001000","KTEX_CAP_01",1000,Batch,Running,AutomationPilot,0.6939289,55.351492062084354,MissionCache,True,"","D:\Workspace\MM\FlightSim\FlightSimProject\Artifacts\FoundationSmoke\smoke-00001000\KTEX_CAP_01-00001000"
38.790000000000852,"smoke-00001000","KTEX_CAP_01-00001000","KTEX_CAP_01",1000,Batch,Running,AutomationPilot,0.69712129999999994,55.384909340742979,MissionCache,True,"","D:\Workspace\MM\FlightSim\FlightSimProject\Artifacts\FoundationSmoke\smoke-00001000\KTEX_CAP_01-00001000"
38.990000000000812,"smoke-00001000","KTEX_CAP_01-00001000","KTEX_CAP_01",1000,Batch,Running,AutomationPilot,0.7003216,55.417396807410839,MissionCache,True,"","D:\Workspace\MM\FlightSim\FlightSimProject\Artifacts\FoundationSmoke\smoke-00001000\KTEX_CAP_01-00001000"
39.190000000000772,"smoke-00001000","KTEX_CAP_01-00001000","KTEX_CAP_01",1000,Batch,Running,AutomationPilot,0.7035701,55.445789978853291,MissionCache,True,"","D:\Workspace\MM\FlightSim\FlightSimProject\Artifacts\FoundationSmoke\smoke-00001000\KTEX_CAP_01-00001000"
39.390000000000732,"smoke-00001000","KTEX_CAP_01-00001000","KTEX_CAP_01",1000,Batch,Running,AutomationPilot,0.70677879999999993,55.477046000814923,MissionCache,True,"","D:\Workspace\MM\FlightSim\FlightSimProject\Artifacts\FoundationSmoke\smoke-00001000\KTEX_CAP_01-00001000"
39.590000000000693,"smoke-00001000","KTEX_CAP_01-00001000","KTEX_CAP_01",1000,Batch,Running,AutomationPilot,0.71000699999999994,55.506495006388292,MissionCache,True,"","D:\Workspace\MM\FlightSim\FlightSimProject\Artifacts\FoundationSmoke\smoke-00001000\KTEX_CAP_01-00001000"
39.790000000000653,"smoke-00001000","KTEX_CAP_01-00001000","KTEX_CAP_01",1000,Batch,Running,AutomationPilot,0.71317959999999991,55.540007033292447,MissionCache,True,"","D:\Workspace\MM\FlightSim\FlightSimProject\Artifacts\FoundationSmoke\smoke-00001000\KTEX_CAP_01-00001000"
39.990000000000613,"smoke-00001000","KTEX_CAP_01-00001000","KTEX_CAP_01",1000,Batch,Running,AutomationPilot,0.71730949999999993,55.499055846884296,MissionCache,True,"","D:\Workspace\MM\FlightSim\FlightSimProject\Artifacts\FoundationSmoke\smoke-00001000\KTEX_CAP_01-00001000"
40.190000000000573,"smoke-00001000","KTEX_CAP_01-00001000","KTEX_CAP_01",1000,Batch,Running,AutomationPilot,0.7206071,55.522628072913257,MissionCache,True,"","D:\Workspace\MM\FlightSim\FlightSimProject\Artifacts\FoundationSmoke\smoke-00001000\KTEX_CAP_01-00001000"
40.390000000000533,"smoke-00001000","KTEX_CAP_01-00001000","KTEX_CAP_01",1000,Batch,Running,AutomationPilot,0.72385179999999993,55.550044912509122,MissionCache,True,"","D:\Workspace\MM\FlightSim\FlightSimProject\Artifacts\FoundationSmoke\smoke-00001000\KTEX_CAP_01-00001000"
40.590000000000494,"smoke-00001000","KTEX_CAP_01-00001000","KTEX_CAP_01",1000,Batch,Running,AutomationPilot,0.7270787,55.57857766979081,MissionCache,True,"","D:\Workspace\MM\FlightSim\FlightSimProject\Artifacts\FoundationSmoke\smoke-00001000\KTEX_CAP_01-00001000"
40.790000000000454,"smoke-00001000","KTEX_CAP_01-00001000","KTEX_CAP_01",1000,Batch,Running,AutomationPilot,0.7302999,55.607292291838583,MissionCache,True,"","D:\Workspace\MM\FlightSim\FlightSimProject\Artifacts\FoundationSmoke\smoke-00001000\KTEX_CAP_01-00001000"
40.990000000000414,"smoke-00001000","KTEX_CAP_01-00001000","KTEX_CAP_01",1000,Batch,Running,AutomationPilot,0.7336668,55.624705929177189,MissionCache,True,"","D:\Workspace\MM\FlightSim\FlightSimProject\Artifacts\FoundationSmoke\smoke-00001000\KTEX_CAP_01-00001000"
41.190000000000374,"smoke-00001000","KTEX_CAP_01-00001000","KTEX_CAP_01",1000,Batch,Running,AutomationPilot,0.7374083,55.613694611249166,MissionCache,True,"","D:\Workspace\MM\FlightSim\FlightSimProject\Artifacts\FoundationSmoke\smoke-00001000\KTEX_CAP_01-00001000"
41.390000000000335,"smoke-00001000","KTEX_CAP_01-00001000","KTEX_CAP_01",1000,Batch,Running,AutomationPilot,0.74122729999999992,55.596980845147463,MissionCache,True,"","D:\Workspace\MM\FlightSim\FlightSimProject\Artifacts\FoundationSmoke\smoke-00001000\KTEX_CAP_01-00001000"
41.590000000000295,"smoke-00001000","KTEX_CAP_01-00001000","KTEX_CAP_01",1000,Batch,Running,AutomationPilot,0.7444708,55.623403899790738,MissionCache,True,"","D:\Workspace\MM\FlightSim\FlightSimProject\Artifacts\FoundationSmoke\smoke-00001000\KTEX_CAP_01-00001000"
41.790000000000255,"smoke-00001000","KTEX_CAP_01-00001000","KTEX_CAP_01",1000,Batch,Running,AutomationPilot,0.7479235,55.634032090180739,MissionCache,True,"","D:\Workspace\MM\FlightSim\FlightSimProject\Artifacts\FoundationSmoke\smoke-00001000\KTEX_CAP_01-00001000"
41.990000000000215,"smoke-00001000","KTEX_CAP_01-00001000","KTEX_CAP_01",1000,Batch,Running,AutomationPilot,0.7511897,55.658377637499896,MissionCache,True,"","D:\Workspace\MM\FlightSim\FlightSimProject\Artifacts\FoundationSmoke\smoke-00001000\KTEX_CAP_01-00001000"
42.190000000000175,"smoke-00001000","KTEX_CAP_01-00001000","KTEX_CAP_01",1000,Batch,Running,AutomationPilot,0.7545818,55.673221909142541,MissionCache,True,"","D:\Workspace\MM\FlightSim\FlightSimProject\Artifacts\FoundationSmoke\smoke-00001000\KTEX_CAP_01-00001000"
42.390000000000136,"smoke-00001000","KTEX_CAP_01-00001000","KTEX_CAP_01",1000,Batch,Running,AutomationPilot,0.7577762,55.702462019789181,MissionCache,True,"","D:\Workspace\MM\FlightSim\FlightSimProject\Artifacts\FoundationSmoke\smoke-00001000\KTEX_CAP_01-00001000"
42.590000000000096,"smoke-00001000","KTEX_CAP_01-00001000","KTEX_CAP_01",1000,Batch,Running,AutomationPilot,0.7617681,55.673111016331788,MissionCache,True,"","D:\Workspace\MM\FlightSim\FlightSimProject\Artifacts\FoundationSmoke\smoke-00001000\KTEX_CAP_01-00001000"
42.790000000000056,"smoke-00001000","KTEX_CAP_01-00001000","KTEX_CAP_01",1000,Batch,Running,AutomationPilot,0.76519039999999994,55.685486906265545,MissionCache,True,"","D:\Workspace\MM\FlightSim\FlightSimProject\Artifacts\FoundationSmoke\smoke-00001000\KTEX_CAP_01-00001000"
42.990000000000016,"smoke-00001000","KTEX_CAP_01-00001000","KTEX_CAP_01",1000,Batch,Running,AutomationPilot,0.7684639,55.708537512302208,MissionCache,True,"","D:\Workspace\MM\FlightSim\FlightSimProject\Artifacts\FoundationSmoke\smoke-00001000\KTEX_CAP_01-00001000"
43.189999999999976,"smoke-00001000","KTEX_CAP_01-00001000","KTEX_CAP_01",1000,Batch,Running,AutomationPilot,0.7717021,55.733941892862561,MissionCache,True,"","D:\Workspace\MM\FlightSim\FlightSimProject\Artifacts\FoundationSmoke\smoke-00001000\KTEX_CAP_01-00001000"
43.389999999999937,"smoke-00001000","KTEX_CAP_01-00001000","KTEX_CAP_01",1000,Batch,Running,AutomationPilot,0.77492279999999991,55.7603931643255,MissionCache,True,"","D:\Workspace\MM\FlightSim\FlightSimProject\Artifacts\FoundationSmoke\smoke-00001000\KTEX_CAP_01-00001000"
43.5899999999999,"smoke-00001000","KTEX_CAP_01-00001000","KTEX_CAP_01",1000,Batch,Running,AutomationPilot,0.77835809999999994,55.771244623779126,MissionCache,True,"","D:\Workspace\MM\FlightSim\FlightSimProject\Artifacts\FoundationSmoke\smoke-00001000\KTEX_CAP_01-00001000"
43.789999999999857,"smoke-00001000","KTEX_CAP_01-00001000","KTEX_CAP_01",1000,Batch,Running,AutomationPilot,0.78166839999999993,55.790921060643996,MissionCache,True,"","D:\Workspace\MM\FlightSim\FlightSimProject\Artifacts\FoundationSmoke\smoke-00001000\KTEX_CAP_01-00001000"
43.989999999999817,"smoke-00001000","KTEX_CAP_01-00001000","KTEX_CAP_01",1000,Batch,Running,AutomationPilot,0.7860783,55.732361521746441,MissionCache,True,"","D:\Workspace\MM\FlightSim\FlightSimProject\Artifacts\FoundationSmoke\smoke-00001000\KTEX_CAP_01-00001000"
44.189999999999777,"smoke-00001000","KTEX_CAP_01-00001000","KTEX_CAP_01",1000,Batch,Running,AutomationPilot,0.78926469999999993,55.760760616811844,MissionCache,True,"","D:\Workspace\MM\FlightSim\FlightSimProject\Artifacts\FoundationSmoke\smoke-00001000\KTEX_CAP_01-00001000"
44.389999999999738,"smoke-00001000","KTEX_CAP_01-00001000","KTEX_CAP_01",1000,Batch,Running,AutomationPilot,0.7926438,55.775368456802127,MissionCache,True,"","D:\Workspace\MM\FlightSim\FlightSimProject\Artifacts\FoundationSmoke\smoke-00001000\KTEX_CAP_01-00001000"
44.5899999999997,"smoke-00001000","KTEX_CAP_01-00001000","KTEX_CAP_01",1000,Batch,Running,AutomationPilot,0.7959799,55.792866126393058,MissionCache,True,"","D:\Workspace\MM\FlightSim\FlightSimProject\Artifacts\FoundationSmoke\smoke-00001000\KTEX_CAP_01-00001000"
44.789999999999658,"smoke-00001000","KTEX_CAP_01-00001000","KTEX_CAP_01",1000,Batch,Running,AutomationPilot,0.799202,55.818178633186221,MissionCache,True,"","D:\Workspace\MM\FlightSim\FlightSimProject\Artifacts\FoundationSmoke\smoke-00001000\KTEX_CAP_01-00001000"
44.989999999999618,"smoke-00001000","KTEX_CAP_01-00001000","KTEX_CAP_01",1000,Batch,Running,AutomationPilot,0.8024152,55.843907244029843,MissionCache,True,"","D:\Workspace\MM\FlightSim\FlightSimProject\Artifacts\FoundationSmoke\smoke-00001000\KTEX_CAP_01-00001000"
45.189999999999579,"smoke-00001000","KTEX_CAP_01-00001000","KTEX_CAP_01",1000,Batch,Running,AutomationPilot,0.8062256,55.828046144899908,MissionCache,True,"","D:\Workspace\MM\FlightSim\FlightSimProject\Artifacts\FoundationSmoke\smoke-00001000\KTEX_CAP_01-00001000"
45.389999999999539,"smoke-00001000","KTEX_CAP_01-00001000","KTEX_CAP_01",1000,Batch,Running,AutomationPilot,0.8094724,55.851193938174511,MissionCache,True,"","D:\Workspace\MM\FlightSim\FlightSimProject\Artifacts\FoundationSmoke\smoke-00001000\KTEX_CAP_01-00001000"
45.5899999999995,"smoke-00001000","KTEX_CAP_01-00001000","KTEX_CAP_01",1000,Batch,Running,AutomationPilot,0.81274609999999992,55.872307477082373,MissionCache,True,"","D:\Workspace\MM\FlightSim\FlightSimProject\Artifacts\FoundationSmoke\smoke-00001000\KTEX_CAP_01-00001000"
45.789999999999459,"smoke-00001000","KTEX_CAP_01-00001000","KTEX_CAP_01",1000,Batch,Running,AutomationPilot,0.81624679999999994,55.8777075756983,MissionCache,True,"","D:\Workspace\MM\FlightSim\FlightSimProject\Artifacts\FoundationSmoke\smoke-00001000\KTEX_CAP_01-00001000"
45.989999999999419,"smoke-00001000","KTEX_CAP_01-00001000","KTEX_CAP_01",1000,Batch,Running,AutomationPilot,0.8194665,55.902224190982125,MissionCache,True,"","D:\Workspace\MM\FlightSim\FlightSimProject\Artifacts\FoundationSmoke\smoke-00001000\KTEX_CAP_01-00001000"
46.18999999999938,"smoke-00001000","KTEX_CAP_01-00001000","KTEX_CAP_01",1000,Batch,Running,AutomationPilot,0.8226838,55.926712061182457,MissionCache,True,"","D:\Workspace\MM\FlightSim\FlightSimProject\Artifacts\FoundationSmoke\smoke-00001000\KTEX_CAP_01-00001000"
46.38999999999934,"smoke-00001000","KTEX_CAP_01-00001000","KTEX_CAP_01",1000,Batch,Running,AutomationPilot,0.8261297,55.9355268307136,MissionCache,True,"","D:\Workspace\MM\FlightSim\FlightSimProject\Artifacts\FoundationSmoke\smoke-00001000\KTEX_CAP_01-00001000"
46.5899999999993,"smoke-00001000","KTEX_CAP_01-00001000","KTEX_CAP_01",1000,Batch,Running,AutomationPilot,0.82997,55.917683771701789,MissionCache,True,"","D:\Workspace\MM\FlightSim\FlightSimProject\Artifacts\FoundationSmoke\smoke-00001000\KTEX_CAP_01-00001000"
46.78999999999926,"smoke-00001000","KTEX_CAP_01-00001000","KTEX_CAP_01",1000,Batch,Running,AutomationPilot,0.83318399999999992,55.942024810845261,MissionCache,True,"","D:\Workspace\MM\FlightSim\FlightSimProject\Artifacts\FoundationSmoke\smoke-00001000\KTEX_CAP_01-00001000"
46.98999999999922,"smoke-00001000","KTEX_CAP_01-00001000","KTEX_CAP_01",1000,Batch,Running,AutomationPilot,0.8364206,55.964666580425281,MissionCache,True,"","D:\Workspace\MM\FlightSim\FlightSimProject\Artifacts\FoundationSmoke\smoke-00001000\KTEX_CAP_01-00001000"
47.189999999999181,"smoke-00001000","KTEX_CAP_01-00001000","KTEX_CAP_01",1000,Batch,Running,AutomationPilot,0.8396783,55.985726914699612,MissionCache,True,"","D:\Workspace\MM\FlightSim\FlightSimProject\Artifacts\FoundationSmoke\smoke-00001000\KTEX_CAP_01-00001000"
47.389999999999141,"smoke-00001000","KTEX_CAP_01-00001000","KTEX_CAP_01",1000,Batch,Running,AutomationPilot,0.8429627,56.004850511178226,MissionCache,True,"","D:\Workspace\MM\FlightSim\FlightSimProject\Artifacts\FoundationSmoke\smoke-00001000\KTEX_CAP_01-00001000"
47.5899999999991,"smoke-00001000","KTEX_CAP_01-00001000","KTEX_CAP_01",1000,Batch,Running,AutomationPilot,0.84618399999999994,56.028003365697224,MissionCache,True,"","D:\Workspace\MM\FlightSim\FlightSimProject\Artifacts\FoundationSmoke\smoke-00001000\KTEX_CAP_01-00001000"
47.789999999999061,"smoke-00001000","KTEX_CAP_01-00001000","KTEX_CAP_01",1000,Batch,Running,AutomationPilot,0.84967629999999994,56.033103430093441,MissionCache,True,"","D:\Workspace\MM\FlightSim\FlightSimProject\Artifacts\FoundationSmoke\smoke-00001000\KTEX_CAP_01-00001000"
47.989999999999021,"smoke-00001000","KTEX_CAP_01-00001000","KTEX_CAP_01",1000,Batch,Running,AutomationPilot,0.8535484,56.013226666465613,MissionCache,True,"","D:\Workspace\MM\FlightSim\FlightSimProject\Artifacts\FoundationSmoke\smoke-00001000\KTEX_CAP_01-00001000"
48.189999999998982,"smoke-00001000","KTEX_CAP_01-00001000","KTEX_CAP_01",1000,Batch,Running,AutomationPilot,0.85687209999999991,56.029365409375593,MissionCache,True,"","D:\Workspace\MM\FlightSim\FlightSimProject\Artifacts\FoundationSmoke\smoke-00001000\KTEX_CAP_01-00001000"
48.389999999998942,"smoke-00001000","KTEX_CAP_01-00001000","KTEX_CAP_01",1000,Batch,Running,AutomationPilot,0.8600768,56.053133859672741,MissionCache,True,"","D:\Workspace\MM\FlightSim\FlightSimProject\Artifacts\FoundationSmoke\smoke-00001000\KTEX_CAP_01-00001000"
48.5899999999989,"smoke-00001000","KTEX_CAP_01-00001000","KTEX_CAP_01",1000,Batch,Running,AutomationPilot,0.8633451,56.07259484069457,MissionCache,True,"","D:\Workspace\MM\FlightSim\FlightSimProject\Artifacts\FoundationSmoke\smoke-00001000\KTEX_CAP_01-00001000"
48.789999999998862,"smoke-00001000","KTEX_CAP_01-00001000","KTEX_CAP_01",1000,Batch,Running,AutomationPilot,0.86702819999999992,56.065073777299176,MissionCache,True,"","D:\Workspace\MM\FlightSim\FlightSimProject\Artifacts\FoundationSmoke\smoke-00001000\KTEX_CAP_01-00001000"
48.989999999998822,"smoke-00001000","KTEX_CAP_01-00001000","KTEX_CAP_01",1000,Batch,Running,AutomationPilot,0.87030199999999991,56.083980043707662,MissionCache,True,"","D:\Workspace\MM\FlightSim\FlightSimProject\Artifacts\FoundationSmoke\smoke-00001000\KTEX_CAP_01-00001000"
49.189999999998783,"smoke-00001000","KTEX_CAP_01-00001000","KTEX_CAP_01",1000,Batch,Running,AutomationPilot,0.8742298,56.060774867201758,MissionCache,True,"","D:\Workspace\MM\FlightSim\FlightSimProject\Artifacts\FoundationSmoke\smoke-00001000\KTEX_CAP_01-00001000"
49.389999999998743,"smoke-00001000","KTEX_CAP_01-00001000","KTEX_CAP_01",1000,Batch,Running,AutomationPilot,0.8774187,56.08496832811835,MissionCache,True,"","D:\Workspace\MM\FlightSim\FlightSimProject\Artifacts\FoundationSmoke\smoke-00001000\KTEX_CAP_01-00001000"
49.5899999999987,"smoke-00001000","KTEX_CAP_01-00001000","KTEX_CAP_01",1000,Batch,Running,AutomationPilot,0.8806436,56.106692877798395,MissionCache,True,"","D:\Workspace\MM\FlightSim\FlightSimProject\Artifacts\FoundationSmoke\smoke-00001000\KTEX_CAP_01-00001000"
49.789999999998663,"smoke-00001000","KTEX_CAP_01-00001000","KTEX_CAP_01",1000,Batch,Running,AutomationPilot,0.8838474,56.129598842513651,MissionCache,True,"","D:\Workspace\MM\FlightSim\FlightSimProject\Artifacts\FoundationSmoke\smoke-00001000\KTEX_CAP_01-00001000"
49.989999999998624,"smoke-00001000","KTEX_CAP_01-00001000","KTEX_CAP_01",1000,Batch,Running,AutomationPilot,0.8870543,56.152143110065147,MissionCache,True,"","D:\Workspace\MM\FlightSim\FlightSimProject\Artifacts\FoundationSmoke\smoke-00001000\KTEX_CAP_01-00001000"
50.189999999998584,"smoke-00001000","KTEX_CAP_01-00001000","KTEX_CAP_01",1000,Batch,Running,AutomationPilot,0.8902528,56.175054995613181,MissionCache,True,"","D:\Workspace\MM\FlightSim\FlightSimProject\Artifacts\FoundationSmoke\smoke-00001000\KTEX_CAP_01-00001000"
50.389999999998544,"smoke-00001000","KTEX_CAP_01-00001000","KTEX_CAP_01",1000,Batch,Running,AutomationPilot,0.8939889,56.164008300325186,MissionCache,True,"","D:\Workspace\MM\FlightSim\FlightSimProject\Artifacts\FoundationSmoke\smoke-00001000\KTEX_CAP_01-00001000"
50.589999999998504,"smoke-00001000","KTEX_CAP_01-00001000","KTEX_CAP_01",1000,Batch,Running,AutomationPilot,0.8977507,56.1514460528948,MissionCache,True,"","D:\Workspace\MM\FlightSim\FlightSimProject\Artifacts\FoundationSmoke\smoke-00001000\KTEX_CAP_01-00001000"
50.789999999998464,"smoke-00001000","KTEX_CAP_01-00001000","KTEX_CAP_01",1000,Batch,Running,AutomationPilot,0.9011385,56.16228803896238,MissionCache,True,"","D:\Workspace\MM\FlightSim\FlightSimProject\Artifacts\FoundationSmoke\smoke-00001000\KTEX_CAP_01-00001000"
50.989999999998425,"smoke-00001000","KTEX_CAP_01-00001000","KTEX_CAP_01",1000,Batch,Running,AutomationPilot,0.9044196,56.179675893798034,MissionCache,True,"","D:\Workspace\MM\FlightSim\FlightSimProject\Artifacts\FoundationSmoke\smoke-00001000\KTEX_CAP_01-00001000"
51.189999999998385,"smoke-00001000","KTEX_CAP_01-00001000","KTEX_CAP_01",1000,Batch,Running,AutomationPilot,0.90761589999999992,56.202188613044818,MissionCache,True,"","D:\Workspace\MM\FlightSim\FlightSimProject\Artifacts\FoundationSmoke\smoke-00001000\KTEX_CAP_01-00001000"
51.389999999998345,"smoke-00001000","KTEX_CAP_01-00001000","KTEX_CAP_01",1000,Batch,Running,AutomationPilot,0.91079349999999992,56.225697702056927,MissionCache,True,"","D:\Workspace\MM\FlightSim\FlightSimProject\Artifacts\FoundationSmoke\smoke-00001000\KTEX_CAP_01-00001000"
51.589999999998305,"smoke-00001000","KTEX_CAP_01-00001000","KTEX_CAP_01",1000,Batch,Running,AutomationPilot,0.91397239999999991,56.248963316614756,MissionCache,True,"","D:\Workspace\MM\FlightSim\FlightSimProject\Artifacts\FoundationSmoke\smoke-00001000\KTEX_CAP_01-00001000"
51.789999999998265,"smoke-00001000","KTEX_CAP_01-00001000","KTEX_CAP_01",1000,Batch,Running,AutomationPilot,0.91721659999999994,56.268061437176677,MissionCache,True,"","D:\Workspace\MM\FlightSim\FlightSimProject\Artifacts\FoundationSmoke\smoke-00001000\KTEX_CAP_01-00001000"
51.989999999998226,"smoke-00001000","KTEX_CAP_01-00001000","KTEX_CAP_01",1000,Batch,Running,AutomationPilot,0.92104449999999993,56.2513537619499,MissionCache,True,"","D:\Workspace\MM\FlightSim\FlightSimProject\Artifacts\FoundationSmoke\smoke-00001000\KTEX_CAP_01-00001000"
52.189999999998186,"smoke-00001000","KTEX_CAP_01-00001000","KTEX_CAP_01",1000,Batch,Running,AutomationPilot,0.9242382,56.273371951081678,MissionCache,True,"","D:\Workspace\MM\FlightSim\FlightSimProject\Artifacts\FoundationSmoke\smoke-00001000\KTEX_CAP_01-00001000"
52.389999999998146,"smoke-00001000","KTEX_CAP_01-00001000","KTEX_CAP_01",1000,Batch,Running,AutomationPilot,0.9274233,56.29576052272806,MissionCache,True,"","D:\Workspace\MM\FlightSim\FlightSimProject\Artifacts\FoundationSmoke\smoke-00001000\KTEX_CAP_01-00001000"
52.589999999998106,"smoke-00001000","KTEX_CAP_01-00001000","KTEX_CAP_01",1000,Batch,Running,AutomationPilot,0.93068319999999993,56.313469502832056,MissionCache,True,"","D:\Workspace\MM\FlightSim\FlightSimProject\Artifacts\FoundationSmoke\smoke-00001000\KTEX_CAP_01-00001000"
52.789999999998066,"smoke-00001000","KTEX_CAP_01-00001000","KTEX_CAP_01",1000,Batch,Running,AutomationPilot,0.9351841,56.25630290335144,MissionCache,True,"","D:\Workspace\MM\FlightSim\FlightSimProject\Artifacts\FoundationSmoke\smoke-00001000\KTEX_CAP_01-00001000"
52.989999999998027,"smoke-00001000","KTEX_CAP_01-00001000","KTEX_CAP_01",1000,Batch,Running,AutomationPilot,0.9395777,56.206101954099232,MissionCache,True,"","D:\Workspace\MM\FlightSim\FlightSimProject\Artifacts\FoundationSmoke\smoke-00001000\KTEX_CAP_01-00001000"
53.189999999997987,"smoke-00001000","KTEX_CAP_01-00001000","KTEX_CAP_01",1000,Batch,Running,AutomationPilot,0.94399119999999992,56.155184497480512,MissionCache,True,"","D:\Workspace\MM\FlightSim\FlightSimProject\Artifacts\FoundationSmoke\smoke-00001000\KTEX_CAP_01-00001000"
53.389999999997947,"smoke-00001000","KTEX_CAP_01-00001000","KTEX_CAP_01",1000,Batch,Running,AutomationPilot,0.94848959999999993,56.099718963706074,MissionCache,True,"","D:\Workspace\MM\FlightSim\FlightSimProject\Artifacts\FoundationSmoke\smoke-00001000\KTEX_CAP_01-00001000"
53.589999999997907,"smoke-00001000","KTEX_CAP_01-00001000","KTEX_CAP_01",1000,Batch,Running,AutomationPilot,0.95181759999999993,56.11369237130932,MissionCache,True,"","D:\Workspace\MM\FlightSim\FlightSimProject\Artifacts\FoundationSmoke\smoke-00001000\KTEX_CAP_01-00001000"
53.789999999997868,"smoke-00001000","KTEX_CAP_01-00001000","KTEX_CAP_01",1000,Batch,Running,AutomationPilot,0.95525149999999992,56.12134605389042,MissionCache,True,"","D:\Workspace\MM\FlightSim\FlightSimProject\Artifacts\FoundationSmoke\smoke-00001000\KTEX_CAP_01-00001000"
53.989999999997828,"smoke-00001000","KTEX_CAP_01-00001000","KTEX_CAP_01",1000,Batch,Running,AutomationPilot,0.9585144,56.138958371410865,MissionCache,True,"","D:\Workspace\MM\FlightSim\FlightSimProject\Artifacts\FoundationSmoke\smoke-00001000\KTEX_CAP_01-00001000"
54.189999999997788,"smoke-00001000","KTEX_CAP_01-00001000","KTEX_CAP_01",1000,Batch,Running,AutomationPilot,0.9617487,56.158121139126905,MissionCache,True,"","D:\Workspace\MM\FlightSim\FlightSimProject\Artifacts\FoundationSmoke\smoke-00001000\KTEX_CAP_01-00001000"
54.389999999997748,"smoke-00001000","KTEX_CAP_01-00001000","KTEX_CAP_01",1000,Batch,Running,AutomationPilot,0.9652288,56.162849678747449,MissionCache,True,"","D:\Workspace\MM\FlightSim\FlightSimProject\Artifacts\FoundationSmoke\smoke-00001000\KTEX_CAP_01-00001000"
54.589999999997708,"smoke-00001000","KTEX_CAP_01-00001000","KTEX_CAP_01",1000,Batch,Running,AutomationPilot,0.96920359999999994,56.138875257993,MissionCache,True,"","D:\Workspace\MM\FlightSim\FlightSimProject\Artifacts\FoundationSmoke\smoke-00001000\KTEX_CAP_01-00001000"
54.789999999997669,"smoke-00001000","KTEX_CAP_01-00001000","KTEX_CAP_01",1000,Batch,Running,AutomationPilot,0.9724723999999999,56.155835373834478,MissionCache,True,"","D:\Workspace\MM\FlightSim\FlightSimProject\Artifacts\FoundationSmoke\smoke-00001000\KTEX_CAP_01-00001000"
54.989999999997629,"smoke-00001000","KTEX_CAP_01-00001000","KTEX_CAP_01",1000,Batch,Running,AutomationPilot,0.9757159,56.174138394175671,MissionCache,True,"","D:\Workspace\MM\FlightSim\FlightSimProject\Artifacts\FoundationSmoke\smoke-00001000\KTEX_CAP_01-00001000"
55.189999999997589,"smoke-00001000","KTEX_CAP_01-00001000","KTEX_CAP_01",1000,Batch,Running,AutomationPilot,0.979223,56.177193550394165,MissionCache,True,"","D:\Workspace\MM\FlightSim\FlightSimProject\Artifacts\FoundationSmoke\smoke-00001000\KTEX_CAP_01-00001000"
55.389999999997549,"smoke-00001000","KTEX_CAP_01-00001000","KTEX_CAP_01",1000,Batch,Running,AutomationPilot,0.98245909999999992,56.195723567523153,MissionCache,True,"","D:\Workspace\MM\FlightSim\FlightSimProject\Artifacts\FoundationSmoke\smoke-00001000\KTEX_CAP_01-00001000"
55.589999999997509,"smoke-00001000","KTEX_CAP_01-00001000","KTEX_CAP_01",1000,Batch,Running,AutomationPilot,0.9873974,56.117222913487055,MissionCache,True,"","D:\Workspace\MM\FlightSim\FlightSimProject\Artifacts\FoundationSmoke\smoke-00001000\KTEX_CAP_01-00001000"
55.78999999999747,"smoke-00001000","KTEX_CAP_01-00001000","KTEX_CAP_01",1000,Batch,Running,AutomationPilot,0.99261859999999991,56.023532099839265,MissionCache,True,"","D:\Workspace\MM\FlightSim\FlightSimProject\Artifacts\FoundationSmoke\smoke-00001000\KTEX_CAP_01-00001000"
55.98999999999743,"smoke-00001000","KTEX_CAP_01-00001000","KTEX_CAP_01",1000,Batch,Running,AutomationPilot,0.9960941,56.02884305809809,MissionCache,True,"","D:\Workspace\MM\FlightSim\FlightSimProject\Artifacts\FoundationSmoke\smoke-00001000\KTEX_CAP_01-00001000"
56.18999999999739,"smoke-00001000","KTEX_CAP_01-00001000","KTEX_CAP_01",1000,Batch,Running,AutomationPilot,0.9993181,56.04821928072495,MissionCache,True,"","D:\Workspace\MM\FlightSim\FlightSimProject\Artifacts\FoundationSmoke\smoke-00001000\KTEX_CAP_01-00001000"
56.38999999999735,"smoke-00001000","KTEX_CAP_01-00001000","KTEX_CAP_01",1000,Batch,Running,AutomationPilot,1.0024853999999999,56.070642026305215,MissionCache,True,"","D:\Workspace\MM\FlightSim\FlightSimProject\Artifacts\FoundationSmoke\smoke-00001000\KTEX_CAP_01-00001000"
56.58999999999731,"smoke-00001000","KTEX_CAP_01-00001000","KTEX_CAP_01",1000,Batch,Running,AutomationPilot,1.0057588,56.087006148986568,MissionCache,True,"","D:\Workspace\MM\FlightSim\FlightSimProject\Artifacts\FoundationSmoke\smoke-00001000\KTEX_CAP_01-00001000"
56.789999999997271,"smoke-00001000","KTEX_CAP_01-00001000","KTEX_CAP_01",1000,Batch,Running,AutomationPilot,1.0089215,56.109419811152108,MissionCache,True,"","D:\Workspace\MM\FlightSim\FlightSimProject\Artifacts\FoundationSmoke\smoke-00001000\KTEX_CAP_01-00001000"
56.989999999997231,"smoke-00001000","KTEX_CAP_01-00001000","KTEX_CAP_01",1000,Batch,Running,AutomationPilot,1.0126496,56.100352975004647,MissionCache,True,"","D:\Workspace\MM\FlightSim\FlightSimProject\Artifacts\FoundationSmoke\smoke-00001000\KTEX_CAP_01-00001000"
57.189999999997191,"smoke-00001000","KTEX_CAP_01-00001000","KTEX_CAP_01",1000,Batch,Running,AutomationPilot,1.018959,55.949258017248219,MissionCache,True,"","D:\Workspace\MM\FlightSim\FlightSimProject\Artifacts\FoundationSmoke\smoke-00001000\KTEX_CAP_01-00001000"
57.389999999997151,"smoke-00001000","KTEX_CAP_01-00001000","KTEX_CAP_01",1000,Batch,Running,AutomationPilot,1.0222351,55.965599302936461,MissionCache,True,"","D:\Workspace\MM\FlightSim\FlightSimProject\Artifacts\FoundationSmoke\smoke-00001000\KTEX_CAP_01-00001000"
57.589999999997112,"smoke-00001000","KTEX_CAP_01-00001000","KTEX_CAP_01",1000,Batch,Running,AutomationPilot,1.0255172,55.981508647536238,MissionCache,True,"","D:\Workspace\MM\FlightSim\FlightSimProject\Artifacts\FoundationSmoke\smoke-00001000\KTEX_CAP_01-00001000"
57.789999999997072,"smoke-00001000","KTEX_CAP_01-00001000","KTEX_CAP_01",1000,Batch,Running,AutomationPilot,1.0287277,56.001213926675753,MissionCache,True,"","D:\Workspace\MM\FlightSim\FlightSimProject\Artifacts\FoundationSmoke\smoke-00001000\KTEX_CAP_01-00001000"
57.989999999997032,"smoke-00001000","KTEX_CAP_01-00001000","KTEX_CAP_01",1000,Batch,Running,AutomationPilot,1.0324187,55.994723846049155,MissionCache,True,"","D:\Workspace\MM\FlightSim\FlightSimProject\Artifacts\FoundationSmoke\smoke-00001000\KTEX_CAP_01-00001000"
58.189999999996992,"smoke-00001000","KTEX_CAP_01-00001000","KTEX_CAP_01",1000,Batch,Running,AutomationPilot,1.035601,56.015782140029827,MissionCache,True,"","D:\Workspace\MM\FlightSim\FlightSimProject\Artifacts\FoundationSmoke\smoke-00001000\KTEX_CAP_01-00001000"
58.389999999996952,"smoke-00001000","KTEX_CAP_01-00001000","KTEX_CAP_01",1000,Batch,Running,AutomationPilot,1.0387762,56.037094419372515,MissionCache,True,"","D:\Workspace\MM\FlightSim\FlightSimProject\Artifacts\FoundationSmoke\smoke-00001000\KTEX_CAP_01-00001000"
58.589999999996913,"smoke-00001000","KTEX_CAP_01-00001000","KTEX_CAP_01",1000,Batch,Running,AutomationPilot,1.0430293,56.000344381501989,MissionCache,True,"","D:\Workspace\MM\FlightSim\FlightSimProject\Artifacts\FoundationSmoke\smoke-00001000\KTEX_CAP_01-00001000"
58.789999999996873,"smoke-00001000","KTEX_CAP_01-00001000","KTEX_CAP_01",1000,Batch,Running,AutomationPilot,1.0462905999999998,56.016942138251949,MissionCache,True,"","D:\Workspace\MM\FlightSim\FlightSimProject\Artifacts\FoundationSmoke\smoke-00001000\KTEX_CAP_01-00001000"
58.989999999996833,"smoke-00001000","KTEX_CAP_01-00001000","KTEX_CAP_01",1000,Batch,Running,AutomationPilot,1.049506,56.035887360336069,MissionCache,True,"","D:\Workspace\MM\FlightSim\FlightSimProject\Artifacts\FoundationSmoke\smoke-00001000\KTEX_CAP_01-00001000"
59.189999999996793,"smoke-00001000","KTEX_CAP_01-00001000","KTEX_CAP_01",1000,Batch,Running,AutomationPilot,1.0526862,56.056591223478407,MissionCache,True,"","D:\Workspace\MM\FlightSim\FlightSimProject\Artifacts\FoundationSmoke\smoke-00001000\KTEX_CAP_01-00001000"
59.389999999996753,"smoke-00001000","KTEX_CAP_01-00001000","KTEX_CAP_01",1000,Batch,Running,AutomationPilot,1.0562369,56.057499979404987,MissionCache,True,"","D:\Workspace\MM\FlightSim\FlightSimProject\Artifacts\FoundationSmoke\smoke-00001000\KTEX_CAP_01-00001000"
59.589999999996714,"smoke-00001000","KTEX_CAP_01-00001000","KTEX_CAP_01",1000,Batch,Running,AutomationPilot,1.0594624,56.075609667692554,MissionCache,True,"","D:\Workspace\MM\FlightSim\FlightSimProject\Artifacts\FoundationSmoke\smoke-00001000\KTEX_CAP_01-00001000"
59.789999999996674,"smoke-00001000","KTEX_CAP_01-00001000","KTEX_CAP_01",1000,Batch,Running,AutomationPilot,1.0634919999999999,56.0511973761878,MissionCache,True,"","D:\Workspace\MM\FlightSim\FlightSimProject\Artifacts\FoundationSmoke\smoke-00001000\KTEX_CAP_01-00001000"
59.989999999996634,"smoke-00001000","KTEX_CAP_01-00001000","KTEX_CAP_01",1000,Batch,Running,AutomationPilot,1.0666575999999999,56.072351614985614,MissionCache,True,"","D:\Workspace\MM\FlightSim\FlightSimProject\Artifacts\FoundationSmoke\smoke-00001000\KTEX_CAP_01-00001000"
60.189999999996594,"smoke-00001000","KTEX_CAP_01-00001000","KTEX_CAP_01",1000,Batch,Running,AutomationPilot,1.0698444,56.092269118758416,MissionCache,True,"","D:\Workspace\MM\FlightSim\FlightSimProject\Artifacts\FoundationSmoke\smoke-00001000\KTEX_CAP_01-00001000"
60.389999999996554,"smoke-00001000","KTEX_CAP_01-00001000","KTEX_CAP_01",1000,Batch,Running,AutomationPilot,1.073253,56.100472116077562,MissionCache,True,"","D:\Workspace\MM\FlightSim\FlightSimProject\Artifacts\FoundationSmoke\smoke-00001000\KTEX_CAP_01-00001000"
60.589999999996515,"smoke-00001000","KTEX_CAP_01-00001000","KTEX_CAP_01",1000,Batch,Running,AutomationPilot,1.0765257,56.115706294793107,MissionCache,True,"","D:\Workspace\MM\FlightSim\FlightSimProject\Artifacts\FoundationSmoke\smoke-00001000\KTEX_CAP_01-00001000"
60.789999999996475,"smoke-00001000","KTEX_CAP_01-00001000","KTEX_CAP_01",1000,Batch,Running,AutomationPilot,1.0797335,56.134222009409278,MissionCache,True,"","D:\Workspace\MM\FlightSim\FlightSimProject\Artifacts\FoundationSmoke\smoke-00001000\KTEX_CAP_01-00001000"
60.989999999996435,"smoke-00001000","KTEX_CAP_01-00001000","KTEX_CAP_01",1000,Batch,Running,AutomationPilot,1.0829075,56.154380683480795,MissionCache,True,"","D:\Workspace\MM\FlightSim\FlightSimProject\Artifacts\FoundationSmoke\smoke-00001000\KTEX_CAP_01-00001000"
61.189999999996395,"smoke-00001000","KTEX_CAP_01-00001000","KTEX_CAP_01",1000,Batch,Running,AutomationPilot,1.0868122,56.13665360031515,MissionCache,True,"","D:\Workspace\MM\FlightSim\FlightSimProject\Artifacts\FoundationSmoke\smoke-00001000\KTEX_CAP_01-00001000"
61.389999999996355,"smoke-00001000","KTEX_CAP_01-00001000","KTEX_CAP_01",1000,Batch,Running,AutomationPilot,1.090112,56.150193741557189,MissionCache,True,"","D:\Workspace\MM\FlightSim\FlightSimProject\Artifacts\FoundationSmoke\smoke-00001000\KTEX_CAP_01-00001000"
61.589999999996316,"smoke-00001000","KTEX_CAP_01-00001000","KTEX_CAP_01",1000,Batch,Running,AutomationPilot,1.0933571,56.166461991234478,MissionCache,True,"","D:\Workspace\MM\FlightSim\FlightSimProject\Artifacts\FoundationSmoke\smoke-00001000\KTEX_CAP_01-00001000"
61.789999999996276,"smoke-00001000","KTEX_CAP_01-00001000","KTEX_CAP_01",1000,Batch,Running,AutomationPilot,1.0969912,56.16271124143595,MissionCache,True,"","D:\Workspace\MM\FlightSim\FlightSimProject\Artifacts\FoundationSmoke\smoke-00001000\KTEX_CAP_01-00001000"
61.989999999996236,"smoke-00001000","KTEX_CAP_01-00001000","KTEX_CAP_01",1000,Batch,Running,AutomationPilot,1.1001566999999999,56.182905580628905,MissionCache,True,"","D:\Workspace\MM\FlightSim\FlightSimProject\Artifacts\FoundationSmoke\smoke-00001000\KTEX_CAP_01-00001000"
62.189999999996196,"smoke-00001000","KTEX_CAP_01-00001000","KTEX_CAP_01",1000,Batch,Running,AutomationPilot,1.1035868,56.18950860955951,MissionCache,True,"","D:\Workspace\MM\FlightSim\FlightSimProject\Artifacts\FoundationSmoke\smoke-00001000\KTEX_CAP_01-00001000"
62.389999999996157,"smoke-00001000","KTEX_CAP_01-00001000","KTEX_CAP_01",1000,Batch,Running,AutomationPilot,1.1075949999999999,56.166739647611443,MissionCache,True,"","D:\Workspace\MM\FlightSim\FlightSimProject\Artifacts\FoundationSmoke\smoke-00001000\KTEX_CAP_01-00001000"
62.589999999996117,"smoke-00001000","KTEX_CAP_01-00001000","KTEX_CAP_01",1000,Batch,Running,AutomationPilot,1.1111682,56.166114185049707,MissionCache,True,"","D:\Workspace\MM\FlightSim\FlightSimProject\Artifacts\FoundationSmoke\smoke-00001000\KTEX_CAP_01-00001000"
62.789999999996077,"smoke-00001000","KTEX_CAP_01-00001000","KTEX_CAP_01",1000,Batch,Running,AutomationPilot,1.1145207,56.176614754661905,MissionCache,True,"","D:\Workspace\MM\FlightSim\FlightSimProject\Artifacts\FoundationSmoke\smoke-00001000\KTEX_CAP_01-00001000"
62.989999999996037,"smoke-00001000","KTEX_CAP_01-00001000","KTEX_CAP_01",1000,Batch,Running,AutomationPilot,1.1177,56.195759148247362,MissionCache,True,"","D:\Workspace\MM\FlightSim\FlightSimProject\Artifacts\FoundationSmoke\smoke-00001000\KTEX_CAP_01-00001000"
63.189999999996,"smoke-00001000","KTEX_CAP_01-00001000","KTEX_CAP_01",1000,Batch,Running,AutomationPilot,1.1209936999999999,56.209058088369311,MissionCache,True,"","D:\Workspace\MM\FlightSim\FlightSimProject\Artifacts\FoundationSmoke\smoke-00001000\KTEX_CAP_01-00001000"
63.389999999995958,"smoke-00001000","KTEX_CAP_01-00001000","KTEX_CAP_01",1000,Batch,Running,AutomationPilot,1.1241681,56.228245579994663,MissionCache,True,"","D:\Workspace\MM\FlightSim\FlightSimProject\Artifacts\FoundationSmoke\smoke-00001000\KTEX_CAP_01-00001000"
63.589999999995918,"smoke-00001000","KTEX_CAP_01-00001000","KTEX_CAP_01",1000,Batch,Running,AutomationPilot,1.1273275999999999,56.248068440793929,MissionCache,True,"","D:\Workspace\MM\FlightSim\FlightSimProject\Artifacts\FoundationSmoke\smoke-00001000\KTEX_CAP_01-00001000"
63.789999999995878,"smoke-00001000","KTEX_CAP_01-00001000","KTEX_CAP_01",1000,Batch,Running,AutomationPilot,1.1311349,56.235555988941655,MissionCache,True,"","D:\Workspace\MM\FlightSim\FlightSimProject\Artifacts\FoundationSmoke\smoke-00001000\KTEX_CAP_01-00001000"
63.989999999995838,"smoke-00001000","KTEX_CAP_01-00001000","KTEX_CAP_01",1000,Batch,Running,AutomationPilot,1.1343699,56.251492568690225,MissionCache,True,"","D:\Workspace\MM\FlightSim\FlightSimProject\Artifacts\FoundationSmoke\smoke-00001000\KTEX_CAP_01-00001000"
64.189999999995933,"smoke-00001000","KTEX_CAP_01-00001000","KTEX_CAP_01",1000,Batch,Running,AutomationPilot,1.1376195999999998,56.266611440235252,MissionCache,True,"","D:\Workspace\MM\FlightSim\FlightSimProject\Artifacts\FoundationSmoke\smoke-00001000\KTEX_CAP_01-00001000"
64.389999999996036,"smoke-00001000","KTEX_CAP_01-00001000","KTEX_CAP_01",1000,Batch,Running,AutomationPilot,1.1407853,56.2857883950608,MissionCache,True,"","D:\Workspace\MM\FlightSim\FlightSimProject\Artifacts\FoundationSmoke\smoke-00001000\KTEX_CAP_01-00001000"
64.589999999996138,"smoke-00001000","KTEX_CAP_01-00001000","KTEX_CAP_01",1000,Batch,Running,AutomationPilot,1.1439472,56.305046246886263,MissionCache,True,"","D:\Workspace\MM\FlightSim\FlightSimProject\Artifacts\FoundationSmoke\smoke-00001000\KTEX_CAP_01-00001000"
64.78999999999624,"smoke-00001000","KTEX_CAP_01-00001000","KTEX_CAP_01",1000,Batch,Running,AutomationPilot,1.1474364,56.308131762245083,MissionCache,True,"","D:\Workspace\MM\FlightSim\FlightSimProject\Artifacts\FoundationSmoke\smoke-00001000\KTEX_CAP_01-00001000"
64.989999999996343,"smoke-00001000","KTEX_CAP_01-00001000","KTEX_CAP_01",1000,Batch,Running,AutomationPilot,1.1507015999999999,56.322160323750531,MissionCache,True,"","D:\Workspace\MM\FlightSim\FlightSimProject\Artifacts\FoundationSmoke\smoke-00001000\KTEX_CAP_01-00001000"
65.189999999996445,"smoke-00001000","KTEX_CAP_01-00001000","KTEX_CAP_01",1000,Batch,Running,AutomationPilot,1.1546956,56.30055228407933,MissionCache,True,"","D:\Workspace\MM\FlightSim\FlightSimProject\Artifacts\FoundationSmoke\smoke-00001000\KTEX_CAP_01-00001000"
65.389999999996547,"smoke-00001000","KTEX_CAP_01-00001000","KTEX_CAP_01",1000,Batch,Running,AutomationPilot,1.1578681,56.319022866245696,MissionCache,True,"","D:\Workspace\MM\FlightSim\FlightSimProject\Artifacts\FoundationSmoke\smoke-00001000\KTEX_CAP_01-00001000"
65.58999999999665,"smoke-00001000","KTEX_CAP_01-00001000","KTEX_CAP_01",1000,Batch,Running,AutomationPilot,1.1610403,56.337407065023115,MissionCache,True,"","D:\Workspace\MM\FlightSim\FlightSimProject\Artifacts\FoundationSmoke\smoke-00001000\KTEX_CAP_01-00001000"
65.789999999996752,"smoke-00001000","KTEX_CAP_01-00001000","KTEX_CAP_01",1000,Batch,Running,AutomationPilot,1.1643170999999999,56.350628192265376,MissionCache,True,"","D:\Workspace\MM\FlightSim\FlightSimProject\Artifacts\FoundationSmoke\smoke-00001000\KTEX_CAP_01-00001000"
65.989999999996854,"smoke-00001000","KTEX_CAP_01-00001000","KTEX_CAP_01",1000,Batch,Running,AutomationPilot,1.1676613,56.360521668395414,MissionCache,True,"","D:\Workspace\MM\FlightSim\FlightSimProject\Artifacts\FoundationSmoke\smoke-00001000\KTEX_CAP_01-00001000"
66.189999999996957,"smoke-00001000","KTEX_CAP_01-00001000","KTEX_CAP_01",1000,Batch,Running,AutomationPilot,1.1708501999999998,56.377835524985926,MissionCache,True,"","D:\Workspace\MM\FlightSim\FlightSimProject\Artifacts\FoundationSmoke\smoke-00001000\KTEX_CAP_01-00001000"
66.389999999997059,"smoke-00001000","KTEX_CAP_01-00001000","KTEX_CAP_01",1000,Batch,Running,AutomationPilot,1.1746433,56.366047463086851,MissionCache,True,"","D:\Workspace\MM\FlightSim\FlightSimProject\Artifacts\FoundationSmoke\smoke-00001000\KTEX_CAP_01-00001000"
66.589999999997161,"smoke-00001000","KTEX_CAP_01-00001000","KTEX_CAP_01",1000,Batch,Running,AutomationPilot,1.1778578,56.382018270793871,MissionCache,True,"","D:\Workspace\MM\FlightSim\FlightSimProject\Artifacts\FoundationSmoke\smoke-00001000\KTEX_CAP_01-00001000"
66.789999999997264,"smoke-00001000","KTEX_CAP_01-00001000","KTEX_CAP_01",1000,Batch,Running,AutomationPilot,1.1813719,56.383599440614063,MissionCache,True,"","D:\Workspace\MM\FlightSim\FlightSimProject\Artifacts\FoundationSmoke\smoke-00001000\KTEX_CAP_01-00001000"
66.989999999997366,"smoke-00001000","KTEX_CAP_01-00001000","KTEX_CAP_01",1000,Batch,Running,AutomationPilot,1.1848771,56.385594759150358,MissionCache,True,"","D:\Workspace\MM\FlightSim\FlightSimProject\Artifacts\FoundationSmoke\smoke-00001000\KTEX_CAP_01-00001000"
67.189999999997468,"smoke-00001000","KTEX_CAP_01-00001000","KTEX_CAP_01",1000,Batch,Running,AutomationPilot,1.1883716,56.388086016190037,MissionCache,True,"","D:\Workspace\MM\FlightSim\FlightSimProject\Artifacts\FoundationSmoke\smoke-00001000\KTEX_CAP_01-00001000"
67.389999999997571,"smoke-00001000","KTEX_CAP_01-00001000","KTEX_CAP_01",1000,Batch,Running,AutomationPilot,1.1915456,56.405730506660831,MissionCache,True,"","D:\Workspace\MM\FlightSim\FlightSimProject\Artifacts\FoundationSmoke\smoke-00001000\KTEX_CAP_01-00001000"
67.589999999997673,"smoke-00001000","KTEX_CAP_01-00001000","KTEX_CAP_01",1000,Batch,Running,AutomationPilot,1.194826,56.418256716875582,MissionCache,True,"","D:\Workspace\MM\FlightSim\FlightSimProject\Artifacts\FoundationSmoke\smoke-00001000\KTEX_CAP_01-00001000"
67.789999999997775,"smoke-00001000","KTEX_CAP_01-00001000","KTEX_CAP_01",1000,Batch,Running,AutomationPilot,1.1989117,56.392810246157147,MissionCache,True,"","D:\Workspace\MM\FlightSim\FlightSimProject\Artifacts\FoundationSmoke\smoke-00001000\KTEX_CAP_01-00001000"
67.989999999997877,"smoke-00001000","KTEX_CAP_01-00001000","KTEX_CAP_01",1000,Batch,Running,AutomationPilot,1.2021235,56.4085137675104,MissionCache,True,"","D:\Workspace\MM\FlightSim\FlightSimProject\Artifacts\FoundationSmoke\smoke-00001000\KTEX_CAP_01-00001000"
68.18999999999798,"smoke-00001000","KTEX_CAP_01-00001000","KTEX_CAP_01",1000,Batch,Running,AutomationPilot,1.2053121,56.425219658873324,MissionCache,True,"","D:\Workspace\MM\FlightSim\FlightSimProject\Artifacts\FoundationSmoke\smoke-00001000\KTEX_CAP_01-00001000"
68.389999999998082,"smoke-00001000","KTEX_CAP_01-00001000","KTEX_CAP_01",1000,Batch,Running,AutomationPilot,1.2085226,56.440814594611631,MissionCache,True,"","D:\Workspace\MM\FlightSim\FlightSimProject\Artifacts\FoundationSmoke\smoke-00001000\KTEX_CAP_01-00001000"
68.589999999998184,"smoke-00001000","KTEX_CAP_01-00001000","KTEX_CAP_01",1000,Batch,Running,AutomationPilot,1.2119799999999998,56.444825822206724,MissionCache,True,"","D:\Workspace\MM\FlightSim\FlightSimProject\Artifacts\FoundationSmoke\smoke-00001000\KTEX_CAP_01-00001000"
68.789999999998287,"smoke-00001000","KTEX_CAP_01-00001000","KTEX_CAP_01",1000,Batch,Running,AutomationPilot,1.2156258,56.440065684685365,MissionCache,True,"","D:\Workspace\MM\FlightSim\FlightSimProject\Artifacts\FoundationSmoke\smoke-00001000\KTEX_CAP_01-00001000"
68.989999999998389,"smoke-00001000","KTEX_CAP_01-00001000","KTEX_CAP_01",1000,Batch,Running,AutomationPilot,1.219528,56.423468751843579,MissionCache,True,"","D:\Workspace\MM\FlightSim\FlightSimProject\Artifacts\FoundationSmoke\smoke-00001000\KTEX_CAP_01-00001000"
69.189999999998491,"smoke-00001000","KTEX_CAP_01-00001000","KTEX_CAP_01",1000,Batch,Running,AutomationPilot,1.2227213,56.439680898663013,MissionCache,True,"","D:\Workspace\MM\FlightSim\FlightSimProject\Artifacts\FoundationSmoke\smoke-00001000\KTEX_CAP_01-00001000"
69.3899999999986,"smoke-00001000","KTEX_CAP_01-00001000","KTEX_CAP_01",1000,Batch,Running,AutomationPilot,1.2259138,56.4558454273037,MissionCache,True,"","D:\Workspace\MM\FlightSim\FlightSimProject\Artifacts\FoundationSmoke\smoke-00001000\KTEX_CAP_01-00001000"
69.5899999999987,"smoke-00001000","KTEX_CAP_01-00001000","KTEX_CAP_01",1000,Batch,Running,AutomationPilot,1.2291252,56.471057627000576,MissionCache,True,"","D:\Workspace\MM\FlightSim\FlightSimProject\Artifacts\FoundationSmoke\smoke-00001000\KTEX_CAP_01-00001000"
69.7899999999988,"smoke-00001000","KTEX_CAP_01-00001000","KTEX_CAP_01",1000,Batch,Running,AutomationPilot,1.2322762999999999,56.488954628112793,MissionCache,True,"","D:\Workspace\MM\FlightSim\FlightSimProject\Artifacts\FoundationSmoke\smoke-00001000\KTEX_CAP_01-00001000"
69.9899999999989,"smoke-00001000","KTEX_CAP_01-00001000","KTEX_CAP_01",1000,Batch,Running,AutomationPilot,1.2357757999999999,56.490829485412171,MissionCache,True,"","D:\Workspace\MM\FlightSim\FlightSimProject\Artifacts\FoundationSmoke\smoke-00001000\KTEX_CAP_01-00001000"
70.189999999999,"smoke-00001000","KTEX_CAP_01-00001000","KTEX_CAP_01",1000,Batch,Running,AutomationPilot,1.2390428999999998,56.503289756955887,MissionCache,True,"","D:\Workspace\MM\FlightSim\FlightSimProject\Artifacts\FoundationSmoke\smoke-00001000\KTEX_CAP_01-00001000"
70.3899999999991,"smoke-00001000","KTEX_CAP_01-00001000","KTEX_CAP_01",1000,Batch,Running,AutomationPilot,1.2428301,56.492033786435506,MissionCache,True,"","D:\Workspace\MM\FlightSim\FlightSimProject\Artifacts\FoundationSmoke\smoke-00001000\KTEX_CAP_01-00001000"
70.589999999999208,"smoke-00001000","KTEX_CAP_01-00001000","KTEX_CAP_01",1000,Batch,Running,AutomationPilot,1.2464711,56.487470908871551,MissionCache,True,"","D:\Workspace\MM\FlightSim\FlightSimProject\Artifacts\FoundationSmoke\smoke-00001000\KTEX_CAP_01-00001000"
70.78999999999931,"smoke-00001000","KTEX_CAP_01-00001000","KTEX_CAP_01",1000,Batch,Running,AutomationPilot,1.2496638,56.503197099891359,MissionCache,True,"","D:\Workspace\MM\FlightSim\FlightSimProject\Artifacts\FoundationSmoke\smoke-00001000\KTEX_CAP_01-00001000"
70.989999999999412,"smoke-00001000","KTEX_CAP_01-00001000","KTEX_CAP_01",1000,Batch,Running,AutomationPilot,1.2528481,56.519222082868083,MissionCache,True,"","D:\Workspace\MM\FlightSim\FlightSimProject\Artifacts\FoundationSmoke\smoke-00001000\KTEX_CAP_01-00001000"
71.189999999999515,"smoke-00001000","KTEX_CAP_01-00001000","KTEX_CAP_01",1000,Batch,Running,AutomationPilot,1.2560814999999999,56.532955863134227,MissionCache,True,"","D:\Workspace\MM\FlightSim\FlightSimProject\Artifacts\FoundationSmoke\smoke-00001000\KTEX_CAP_01-00001000"
71.389999999999617,"smoke-00001000","KTEX_CAP_01-00001000","KTEX_CAP_01",1000,Batch,Running,AutomationPilot,1.2594840999999999,56.5390226045724,MissionCache,True,"","D:\Workspace\MM\FlightSim\FlightSimProject\Artifacts\FoundationSmoke\smoke-00001000\KTEX_CAP_01-00001000"
71.589999999999719,"smoke-00001000","KTEX_CAP_01-00001000","KTEX_CAP_01",1000,Batch,Running,AutomationPilot,1.2627028,56.553291875174132,MissionCache,True,"","D:\Workspace\MM\FlightSim\FlightSimProject\Artifacts\FoundationSmoke\smoke-00001000\KTEX_CAP_01-00001000"
71.789999999999822,"smoke-00001000","KTEX_CAP_01-00001000","KTEX_CAP_01",1000,Batch,Running,AutomationPilot,1.2666357,56.535592672778556,MissionCache,True,"","D:\Workspace\MM\FlightSim\FlightSimProject\Artifacts\FoundationSmoke\smoke-00001000\KTEX_CAP_01-00001000"
71.989999999999924,"smoke-00001000","KTEX_CAP_01-00001000","KTEX_CAP_01",1000,Batch,Running,AutomationPilot,1.2698224999999999,56.551210897585953,MissionCache,True,"","D:\Workspace\MM\FlightSim\FlightSimProject\Artifacts\FoundationSmoke\smoke-00001000\KTEX_CAP_01-00001000"
72.190000000000026,"smoke-00001000","KTEX_CAP_01-00001000","KTEX_CAP_01",1000,Batch,Running,AutomationPilot,1.2732743,56.554977980785395,MissionCache,True,"","D:\Workspace\MM\FlightSim\FlightSimProject\Artifacts\FoundationSmoke\smoke-00001000\KTEX_CAP_01-00001000"
72.390000000000128,"smoke-00001000","KTEX_CAP_01-00001000","KTEX_CAP_01",1000,Batch,Running,AutomationPilot,1.2766117,56.563793046859935,MissionCache,True,"","D:\Workspace\MM\FlightSim\FlightSimProject\Artifacts\FoundationSmoke\smoke-00001000\KTEX_CAP_01-00001000"
72.590000000000231,"smoke-00001000","KTEX_CAP_01-00001000","KTEX_CAP_01",1000,Batch,Running,AutomationPilot,1.2797779,56.580130036625995,MissionCache,True,"","D:\Workspace\MM\FlightSim\FlightSimProject\Artifacts\FoundationSmoke\smoke-00001000\KTEX_CAP_01-00001000"
72.790000000000333,"smoke-00001000","KTEX_CAP_01-00001000","KTEX_CAP_01",1000,Batch,Running,AutomationPilot,1.2829807,56.594771846529135,MissionCache,True,"","D:\Workspace\MM\FlightSim\FlightSimProject\Artifacts\FoundationSmoke\smoke-00001000\KTEX_CAP_01-00001000"
72.990000000000435,"smoke-00001000","KTEX_CAP_01-00001000","KTEX_CAP_01",1000,Batch,Running,AutomationPilot,1.2871580999999999,56.566477731057553,MissionCache,True,"","D:\Workspace\MM\FlightSim\FlightSimProject\Artifacts\FoundationSmoke\smoke-00001000\KTEX_CAP_01-00001000"
73.190000000000538,"smoke-00001000","KTEX_CAP_01-00001000","KTEX_CAP_01",1000,Batch,Running,AutomationPilot,1.2903864,56.5799515555964,MissionCache,True,"","D:\Workspace\MM\FlightSim\FlightSimProject\Artifacts\FoundationSmoke\smoke-00001000\KTEX_CAP_01-00001000"
73.39000000000064,"smoke-00001000","KTEX_CAP_01-00001000","KTEX_CAP_01",1000,Batch,Running,AutomationPilot,1.2935718,56.595234991981542,MissionCache,True,"","D:\Workspace\MM\FlightSim\FlightSimProject\Artifacts\FoundationSmoke\smoke-00001000\KTEX_CAP_01-00001000"
73.590000000000742,"smoke-00001000","KTEX_CAP_01-00001000","KTEX_CAP_01",1000,Batch,Running,AutomationPilot,1.2967658,56.610067908947514,MissionCache,True,"","D:\Workspace\MM\FlightSim\FlightSimProject\Artifacts\FoundationSmoke\smoke-00001000\KTEX_CAP_01-00001000"
73.790000000000845,"smoke-00001000","KTEX_CAP_01-00001000","KTEX_CAP_01",1000,Batch,Running,AutomationPilot,1.3000284,56.62183995365082,MissionCache,True,"","D:\Workspace\MM\FlightSim\FlightSimProject\Artifacts\FoundationSmoke\smoke-00001000\KTEX_CAP_01-00001000"
73.990000000000947,"smoke-00001000","KTEX_CAP_01-00001000","KTEX_CAP_01",1000,Batch,Running,AutomationPilot,1.3032328,56.636082210331764,MissionCache,True,"","D:\Workspace\MM\FlightSim\FlightSimProject\Artifacts\FoundationSmoke\smoke-00001000\KTEX_CAP_01-00001000"
74.190000000001049,"smoke-00001000","KTEX_CAP_01-00001000","KTEX_CAP_01",1000,Batch,Running,AutomationPilot,1.3065229999999999,56.646534351099035,MissionCache,True,"","D:\Workspace\MM\FlightSim\FlightSimProject\Artifacts\FoundationSmoke\smoke-00001000\KTEX_CAP_01-00001000"
74.390000000001152,"smoke-00001000","KTEX_CAP_01-00001000","KTEX_CAP_01",1000,Batch,Running,AutomationPilot,1.3103428,56.634035002139186,MissionCache,True,"","D:\Workspace\MM\FlightSim\FlightSimProject\Artifacts\FoundationSmoke\smoke-00001000\KTEX_CAP_01-00001000"
74.590000000001254,"smoke-00001000","KTEX_CAP_01-00001000","KTEX_CAP_01",1000,Batch,Running,AutomationPilot,1.3135009,56.650132481828649,MissionCache,True,"","D:\Workspace\MM\FlightSim\FlightSimProject\Artifacts\FoundationSmoke\smoke-00001000\KTEX_CAP_01-00001000"
74.790000000001356,"smoke-00001000","KTEX_CAP_01-00001000","KTEX_CAP_01",1000,Batch,Running,AutomationPilot,1.3167658,56.66155667165814,MissionCache,True,"","D:\Workspace\MM\FlightSim\FlightSimProject\Artifacts\FoundationSmoke\smoke-00001000\KTEX_CAP_01-00001000"
74.990000000001459,"smoke-00001000","KTEX_CAP_01-00001000","KTEX_CAP_01",1000,Batch,Running,AutomationPilot,1.320114,56.669348253257951,MissionCache,True,"","D:\Workspace\MM\FlightSim\FlightSimProject\Artifacts\FoundationSmoke\smoke-00001000\KTEX_CAP_01-00001000"
75.190000000001561,"smoke-00001000","KTEX_CAP_01-00001000","KTEX_CAP_01",1000,Batch,Running,AutomationPilot,1.3233173,56.683306414872284,MissionCache,True,"","D:\Workspace\MM\FlightSim\FlightSimProject\Artifacts\FoundationSmoke\smoke-00001000\KTEX_CAP_01-00001000"
75.390000000001663,"smoke-00001000","KTEX_CAP_01-00001000","KTEX_CAP_01",1000,Batch,Running,AutomationPilot,1.3267008999999998,56.689491957080591,MissionCache,True,"","D:\Workspace\MM\FlightSim\FlightSimProject\Artifacts\FoundationSmoke\smoke-00001000\KTEX_CAP_01-00001000"
75.590000000001766,"smoke-00001000","KTEX_CAP_01-00001000","KTEX_CAP_01",1000,Batch,Running,AutomationPilot,1.3306547,56.6713513280355,MissionCache,True,"","D:\Workspace\MM\FlightSim\FlightSimProject\Artifacts\FoundationSmoke\smoke-00001000\KTEX_CAP_01-00001000"
75.790000000001868,"smoke-00001000","KTEX_CAP_01-00001000","KTEX_CAP_01",1000,Batch,Running,AutomationPilot,1.3338463,56.685691597301556,MissionCache,True,"","D:\Workspace\MM\FlightSim\FlightSimProject\Artifacts\FoundationSmoke\smoke-00001000\KTEX_CAP_01-00001000"
75.99000000000197,"smoke-00001000","KTEX_CAP_01-00001000","KTEX_CAP_01",1000,Batch,Running,AutomationPilot,1.3387696999999998,56.626617707288929,MissionCache,True,"","D:\Workspace\MM\FlightSim\FlightSimProject\Artifacts\FoundationSmoke\smoke-00001000\KTEX_CAP_01-00001000"
76.190000000002073,"smoke-00001000","KTEX_CAP_01-00001000","KTEX_CAP_01",1000,Batch,Running,AutomationPilot,1.3446699,56.526884404865449,MissionCache,True,"","D:\Workspace\MM\FlightSim\FlightSimProject\Artifacts\FoundationSmoke\smoke-00001000\KTEX_CAP_01-00001000"
76.390000000002175,"smoke-00001000","KTEX_CAP_01-00001000","KTEX_CAP_01",1000,Batch,Running,AutomationPilot,1.3492279,56.48415660542009,MissionCache,True,"","D:\Workspace\MM\FlightSim\FlightSimProject\Artifacts\FoundationSmoke\smoke-00001000\KTEX_CAP_01-00001000"
76.590000000002277,"smoke-00001000","KTEX_CAP_01-00001000","KTEX_CAP_01",1000,Batch,Running,AutomationPilot,1.3524862,56.495955374629467,MissionCache,True,"","D:\Workspace\MM\FlightSim\FlightSimProject\Artifacts\FoundationSmoke\smoke-00001000\KTEX_CAP_01-00001000"
76.790000000002379,"smoke-00001000","KTEX_CAP_01-00001000","KTEX_CAP_01",1000,Batch,Running,AutomationPilot,1.3557679999999999,56.506717963547075,MissionCache,True,"","D:\Workspace\MM\FlightSim\FlightSimProject\Artifacts\FoundationSmoke\smoke-00001000\KTEX_CAP_01-00001000"
76.990000000002482,"smoke-00001000","KTEX_CAP_01-00001000","KTEX_CAP_01",1000,Batch,Running,AutomationPilot,1.3597086,56.490044999349408,MissionCache,True,"","D:\Workspace\MM\FlightSim\FlightSimProject\Artifacts\FoundationSmoke\smoke-00001000\KTEX_CAP_01-00001000"
77.190000000002584,"smoke-00001000","KTEX_CAP_01-00001000","KTEX_CAP_01",1000,Batch,Running,AutomationPilot,1.3629052,56.504296850582492,MissionCache,True,"","D:\Workspace\MM\FlightSim\FlightSimProject\Artifacts\FoundationSmoke\smoke-00001000\KTEX_CAP_01-00001000"
77.390000000002686,"smoke-00001000","KTEX_CAP_01-00001000","KTEX_CAP_01",1000,Batch,Running,AutomationPilot,1.3663528,56.508099518662085,MissionCache,True,"","D:\Workspace\MM\FlightSim\FlightSimProject\Artifacts\FoundationSmoke\smoke-00001000\KTEX_CAP_01-00001000"
77.590000000002789,"smoke-00001000","KTEX_CAP_01-00001000","KTEX_CAP_01",1000,Batch,Running,AutomationPilot,1.3697918999999998,56.512233719591059,MissionCache,True,"","D:\Workspace\MM\FlightSim\FlightSimProject\Artifacts\FoundationSmoke\smoke-00001000\KTEX_CAP_01-00001000"
77.790000000002891,"smoke-00001000","KTEX_CAP_01-00001000","KTEX_CAP_01",1000,Batch,Running,AutomationPilot,1.3729965,56.525999884196935,MissionCache,True,"","D:\Workspace\MM\FlightSim\FlightSimProject\Artifacts\FoundationSmoke\smoke-00001000\KTEX_CAP_01-00001000"
77.990000000003,"smoke-00001000","KTEX_CAP_01-00001000","KTEX_CAP_01",1000,Batch,Running,AutomationPilot,1.3762725,56.536768699514738,MissionCache,True,"","D:\Workspace\MM\FlightSim\FlightSimProject\Artifacts\FoundationSmoke\smoke-00001000\KTEX_CAP_01-00001000"
78.1900000000031,"smoke-00001000","KTEX_CAP_01-00001000","KTEX_CAP_01",1000,Batch,Running,AutomationPilot,1.3794982,56.549548234280408,MissionCache,True,"","D:\Workspace\MM\FlightSim\FlightSimProject\Artifacts\FoundationSmoke\smoke-00001000\KTEX_CAP_01-00001000"
78.3900000000032,"smoke-00001000","KTEX_CAP_01-00001000","KTEX_CAP_01",1000,Batch,Running,AutomationPilot,1.3836541999999998,56.524238498320692,MissionCache,True,"","D:\Workspace\MM\FlightSim\FlightSimProject\Artifacts\FoundationSmoke\smoke-00001000\KTEX_CAP_01-00001000"
78.5900000000033,"smoke-00001000","KTEX_CAP_01-00001000","KTEX_CAP_01",1000,Batch,Running,AutomationPilot,1.3868992,56.536192392354984,MissionCache,True,"","D:\Workspace\MM\FlightSim\FlightSimProject\Artifacts\FoundationSmoke\smoke-00001000\KTEX_CAP_01-00001000"
78.7900000000034,"smoke-00001000","KTEX_CAP_01-00001000","KTEX_CAP_01",1000,Batch,Running,AutomationPilot,1.390082,56.550620754749225,MissionCache,True,"","D:\Workspace\MM\FlightSim\FlightSimProject\Artifacts\FoundationSmoke\smoke-00001000\KTEX_CAP_01-00001000"
78.9900000000035,"smoke-00001000","KTEX_CAP_01-00001000","KTEX_CAP_01",1000,Batch,Running,AutomationPilot,1.3932862,56.564114393728595,MissionCache,True,"","D:\Workspace\MM\FlightSim\FlightSimProject\Artifacts\FoundationSmoke\smoke-00001000\KTEX_CAP_01-00001000"
79.190000000003607,"smoke-00001000","KTEX_CAP_01-00001000","KTEX_CAP_01",1000,Batch,Running,AutomationPilot,1.3970924999999998,56.553163086913372,MissionCache,True,"","D:\Workspace\MM\FlightSim\FlightSimProject\Artifacts\FoundationSmoke\smoke-00001000\KTEX_CAP_01-00001000"
79.39000000000371,"smoke-00001000","KTEX_CAP_01-00001000","KTEX_CAP_01",1000,Batch,Running,AutomationPilot,1.4003717,56.563553805038772,MissionCache,True,"","D:\Workspace\MM\FlightSim\FlightSimProject\Artifacts\FoundationSmoke\smoke-00001000\KTEX_CAP_01-00001000"
79.590000000003812,"smoke-00001000","KTEX_CAP_01-00001000","KTEX_CAP_01",1000,Batch,Running,AutomationPilot,1.4042230999999998,56.550842953661515,MissionCache,True,"","D:\Workspace\MM\FlightSim\FlightSimProject\Artifacts\FoundationSmoke\smoke-00001000\KTEX_CAP_01-00001000"
79.790000000003914,"smoke-00001000","KTEX_CAP_01-00001000","KTEX_CAP_01",1000,Batch,Running,AutomationPilot,1.4074052,56.565088717878709,MissionCache,True,"","D:\Workspace\MM\FlightSim\FlightSimProject\Artifacts\FoundationSmoke\smoke-00001000\KTEX_CAP_01-00001000"
79.990000000004017,"smoke-00001000","KTEX_CAP_01-00001000","KTEX_CAP_01",1000,Batch,Running,AutomationPilot,1.4106973999999999,56.574854394715643,MissionCache,True,"","D:\Workspace\MM\FlightSim\FlightSimProject\Artifacts\FoundationSmoke\smoke-00001000\KTEX_CAP_01-00001000"
80.190000000004119,"smoke-00001000","KTEX_CAP_01-00001000","KTEX_CAP_01",1000,Batch,Running,AutomationPilot,1.414218,56.575436036031242,MissionCache,True,"","D:\Workspace\MM\FlightSim\FlightSimProject\Artifacts\FoundationSmoke\smoke-00001000\KTEX_CAP_01-00001000"
80.390000000004221,"smoke-00001000","KTEX_CAP_01-00001000","KTEX_CAP_01",1000,Batch,Running,AutomationPilot,1.4174105,56.589110917411809,MissionCache,True,"","D:\Workspace\MM\FlightSim\FlightSimProject\Artifacts\FoundationSmoke\smoke-00001000\KTEX_CAP_01-00001000"
80.590000000004324,"smoke-00001000","KTEX_CAP_01-00001000","KTEX_CAP_01",1000,Batch,Running,AutomationPilot,1.4206440999999999,56.601086788734939,MissionCache,True,"","D:\Workspace\MM\FlightSim\FlightSimProject\Artifacts\FoundationSmoke\smoke-00001000\KTEX_CAP_01-00001000"
80.790000000004426,"smoke-00001000","KTEX_CAP_01-00001000","KTEX_CAP_01",1000,Batch,Running,AutomationPilot,1.4238370999999999,56.614622557597592,MissionCache,True,"","D:\Workspace\MM\FlightSim\FlightSimProject\Artifacts\FoundationSmoke\smoke-00001000\KTEX_CAP_01-00001000"
80.990000000004528,"smoke-00001000","KTEX_CAP_01-00001000","KTEX_CAP_01",1000,Batch,Running,AutomationPilot,1.4277292,56.600369313735712,MissionCache,True,"","D:\Workspace\MM\FlightSim\FlightSimProject\Artifacts\FoundationSmoke\smoke-00001000\KTEX_CAP_01-00001000"
81.19000000000463,"smoke-00001000","KTEX_CAP_01-00001000","KTEX_CAP_01",1000,Batch,Running,AutomationPilot,1.4312825,56.599588131626383,MissionCache,True,"","D:\Workspace\MM\FlightSim\FlightSimProject\Artifacts\FoundationSmoke\smoke-00001000\KTEX_CAP_01-00001000"
81.390000000004733,"smoke-00001000","KTEX_CAP_01-00001000","KTEX_CAP_01",1000,Batch,Running,AutomationPilot,1.4344841,56.612687446312336,MissionCache,True,"","D:\Workspace\MM\FlightSim\FlightSimProject\Artifacts\FoundationSmoke\smoke-00001000\KTEX_CAP_01-00001000"
81.590000000004835,"smoke-00001000","KTEX_CAP_01-00001000","KTEX_CAP_01",1000,Batch,Running,AutomationPilot,1.4376593,56.626768247528986,MissionCache,True,"","D:\Workspace\MM\FlightSim\FlightSimProject\Artifacts\FoundationSmoke\smoke-00001000\KTEX_CAP_01-00001000"
81.790000000004937,"smoke-00001000","KTEX_CAP_01-00001000","KTEX_CAP_01",1000,Batch,Running,AutomationPilot,1.4413171,56.621821804518135,MissionCache,True,"","D:\Workspace\MM\FlightSim\FlightSimProject\Artifacts\FoundationSmoke\smoke-00001000\KTEX_CAP_01-00001000"
81.99000000000504,"smoke-00001000","KTEX_CAP_01-00001000","KTEX_CAP_01",1000,Batch,Running,AutomationPilot,1.4445865999999998,56.632118835938918,MissionCache,True,"","D:\Workspace\MM\FlightSim\FlightSimProject\Artifacts\FoundationSmoke\smoke-00001000\KTEX_CAP_01-00001000"
82.190000000005142,"smoke-00001000","KTEX_CAP_01-00001000","KTEX_CAP_01",1000,Batch,Running,AutomationPilot,1.4477875999999998,56.645049315248357,MissionCache,True,"","D:\Workspace\MM\FlightSim\FlightSimProject\Artifacts\FoundationSmoke\smoke-00001000\KTEX_CAP_01-00001000"
82.390000000005244,"smoke-00001000","KTEX_CAP_01-00001000","KTEX_CAP_01",1000,Batch,Running,AutomationPilot,1.4517347999999999,56.628800246439745,MissionCache,True,"","D:\Workspace\MM\FlightSim\FlightSimProject\Artifacts\FoundationSmoke\smoke-00001000\KTEX_CAP_01-00001000"
82.590000000005347,"smoke-00001000","KTEX_CAP_01-00001000","KTEX_CAP_01",1000,Batch,Running,AutomationPilot,1.4552189,56.630655360513295,MissionCache,True,"","D:\Workspace\MM\FlightSim\FlightSimProject\Artifacts\FoundationSmoke\smoke-00001000\KTEX_CAP_01-00001000"
82.790000000005449,"smoke-00001000","KTEX_CAP_01-00001000","KTEX_CAP_01",1000,Batch,Running,AutomationPilot,1.4587157,56.632008553829479,MissionCache,True,"","D:\Workspace\MM\FlightSim\FlightSimProject\Artifacts\FoundationSmoke\smoke-00001000\KTEX_CAP_01-00001000"
82.990000000005551,"smoke-00001000","KTEX_CAP_01-00001000","KTEX_CAP_01",1000,Batch,Running,AutomationPilot,1.4621319,56.636477187868934,MissionCache,True,"","D:\Workspace\MM\FlightSim\FlightSimProject\Artifacts\FoundationSmoke\smoke-00001000\KTEX_CAP_01-00001000"
83.190000000005654,"smoke-00001000","KTEX_CAP_01-00001000","KTEX_CAP_01",1000,Batch,Running,AutomationPilot,1.4654684,56.644005425163421,MissionCache,True,"","D:\Workspace\MM\FlightSim\FlightSimProject\Artifacts\FoundationSmoke\smoke-00001000\KTEX_CAP_01-00001000"
83.390000000005756,"smoke-00001000","KTEX_CAP_01-00001000","KTEX_CAP_01",1000,Batch,Running,AutomationPilot,1.4687093,56.65518697267435,MissionCache,True,"","D:\Workspace\MM\FlightSim\FlightSimProject\Artifacts\FoundationSmoke\smoke-00001000\KTEX_CAP_01-00001000"
83.590000000005858,"smoke-00001000","KTEX_CAP_01-00001000","KTEX_CAP_01",1000,Batch,Running,AutomationPilot,1.4750064999999999,56.548903343819688,MissionCache,True,"","D:\Workspace\MM\FlightSim\FlightSimProject\Artifacts\FoundationSmoke\smoke-00001000\KTEX_CAP_01-00001000"
83.790000000005961,"smoke-00001000","KTEX_CAP_01-00001000","KTEX_CAP_01",1000,Batch,Running,AutomationPilot,1.4783129,56.557715217127495,MissionCache,True,"","D:\Workspace\MM\FlightSim\FlightSimProject\Artifacts\FoundationSmoke\smoke-00001000\KTEX_CAP_01-00001000"
83.990000000006063,"smoke-00001000","KTEX_CAP_01-00001000","KTEX_CAP_01",1000,Batch,Running,AutomationPilot,1.4814934,56.571294883936687,MissionCache,True,"","D:\Workspace\MM\FlightSim\FlightSimProject\Artifacts\FoundationSmoke\smoke-00001000\KTEX_CAP_01-00001000"
84.190000000006165,"smoke-00001000","KTEX_CAP_01-00001000","KTEX_CAP_01",1000,Batch,Running,AutomationPilot,1.4846895,56.584221818774949,MissionCache,True,"","D:\Workspace\MM\FlightSim\FlightSimProject\Artifacts\FoundationSmoke\smoke-00001000\KTEX_CAP_01-00001000"
84.390000000006268,"smoke-00001000","KTEX_CAP_01-00001000","KTEX_CAP_01",1000,Batch,Running,AutomationPilot,1.4878297,56.599219655318194,MissionCache,True,"","D:\Workspace\MM\FlightSim\FlightSimProject\Artifacts\FoundationSmoke\smoke-00001000\KTEX_CAP_01-00001000"
84.59000000000637,"smoke-00001000","KTEX_CAP_01-00001000","KTEX_CAP_01",1000,Batch,Running,AutomationPilot,1.4914218,56.597000258415349,MissionCache,True,"","D:\Workspace\MM\FlightSim\FlightSimProject\Artifacts\FoundationSmoke\smoke-00001000\KTEX_CAP_01-00001000"
84.790000000006472,"smoke-00001000","KTEX_CAP_01-00001000","KTEX_CAP_01",1000,Batch,Running,AutomationPilot,1.494575,56.611411270766858,MissionCache,True,"","D:\Workspace\MM\FlightSim\FlightSimProject\Artifacts\FoundationSmoke\smoke-00001000\KTEX_CAP_01-00001000"
84.990000000006575,"smoke-00001000","KTEX_CAP_01-00001000","KTEX_CAP_01",1000,Batch,Running,AutomationPilot,1.4984085,56.600052655872204,MissionCache,True,"","D:\Workspace\MM\FlightSim\FlightSimProject\Artifacts\FoundationSmoke\smoke-00001000\KTEX_CAP_01-00001000"
85.190000000006677,"smoke-00001000","KTEX_CAP_01-00001000","KTEX_CAP_01",1000,Batch,Running,AutomationPilot,1.5015678,56.614160213083011,MissionCache,True,"","D:\Workspace\MM\FlightSim\FlightSimProject\Artifacts\FoundationSmoke\smoke-00001000\KTEX_CAP_01-00001000"
85.390000000006779,"smoke-00001000","KTEX_CAP_01-00001000","KTEX_CAP_01",1000,Batch,Running,AutomationPilot,1.5047941999999999,56.625683432330277,MissionCache,True,"","D:\Workspace\MM\FlightSim\FlightSimProject\Artifacts\FoundationSmoke\smoke-00001000\KTEX_CAP_01-00001000"
85.590000000006881,"smoke-00001000","KTEX_CAP_01-00001000","KTEX_CAP_01",1000,Batch,Running,AutomationPilot,1.5081187,56.633473214016107,MissionCache,True,"","D:\Workspace\MM\FlightSim\FlightSimProject\Artifacts\FoundationSmoke\smoke-00001000\KTEX_CAP_01-00001000"
85.790000000006984,"smoke-00001000","KTEX_CAP_01-00001000","KTEX_CAP_01",1000,Batch,Running,AutomationPilot,1.5113303999999999,56.645456215270265,MissionCache,True,"","D:\Workspace\MM\FlightSim\FlightSimProject\Artifacts\FoundationSmoke\smoke-00001000\KTEX_CAP_01-00001000"
85.990000000007086,"smoke-00001000","KTEX_CAP_01-00001000","KTEX_CAP_01",1000,Batch,Running,AutomationPilot,1.5144714,56.660033329125262,MissionCache,True,"","D:\Workspace\MM\FlightSim\FlightSimProject\Artifacts\FoundationSmoke\smoke-00001000\KTEX_CAP_01-00001000"
86.190000000007188,"smoke-00001000","KTEX_CAP_01-00001000","KTEX_CAP_01",1000,Batch,Running,AutomationPilot,1.5183134999999999,56.648379929446129,MissionCache,True,"","D:\Workspace\MM\FlightSim\FlightSimProject\Artifacts\FoundationSmoke\smoke-00001000\KTEX_CAP_01-00001000"
86.390000000007291,"smoke-00001000","KTEX_CAP_01-00001000","KTEX_CAP_01",1000,Batch,Running,AutomationPilot,1.5220449999999999,56.640900893210912,MissionCache,True,"","D:\Workspace\MM\FlightSim\FlightSimProject\Artifacts\FoundationSmoke\smoke-00001000\KTEX_CAP_01-00001000"
86.5900000000074,"smoke-00001000","KTEX_CAP_01-00001000","KTEX_CAP_01",1000,Batch,Running,AutomationPilot,1.5266210999999998,56.602126094030346,MissionCache,True,"","D:\Workspace\MM\FlightSim\FlightSimProject\Artifacts\FoundationSmoke\smoke-00001000\KTEX_CAP_01-00001000"
86.7900000000075,"smoke-00001000","KTEX_CAP_01-00001000","KTEX_CAP_01",1000,Batch,Running,AutomationPilot,1.5298302,56.6141261951865,MissionCache,True,"","D:\Workspace\MM\FlightSim\FlightSimProject\Artifacts\FoundationSmoke\smoke-00001000\KTEX_CAP_01-00001000"
86.9900000000076,"smoke-00001000","KTEX_CAP_01-00001000","KTEX_CAP_01",1000,Batch,Running,AutomationPilot,1.5334781,56.609872680938523,MissionCache,True,"","D:\Workspace\MM\FlightSim\FlightSimProject\Artifacts\FoundationSmoke\smoke-00001000\KTEX_CAP_01-00001000"
87.1900000000077,"smoke-00001000","KTEX_CAP_01-00001000","KTEX_CAP_01",1000,Batch,Running,AutomationPilot,1.5370416999999998,56.608743926731215,MissionCache,True,"","D:\Workspace\MM\FlightSim\FlightSimProject\Artifacts\FoundationSmoke\smoke-00001000\KTEX_CAP_01-00001000"
87.3900000000078,"smoke-00001000","KTEX_CAP_01-00001000","KTEX_CAP_01",1000,Batch,Running,AutomationPilot,1.5403626,56.6165395083,MissionCache,True,"","D:\Workspace\MM\FlightSim\FlightSimProject\Artifacts\FoundationSmoke\smoke-00001000\KTEX_CAP_01-00001000"
87.5900000000079,"smoke-00001000","KTEX_CAP_01-00001000","KTEX_CAP_01",1000,Batch,Running,AutomationPilot,1.5443061,56.601472985185907,MissionCache,True,"","D:\Workspace\MM\FlightSim\FlightSimProject\Artifacts\FoundationSmoke\smoke-00001000\KTEX_CAP_01-00001000"
87.790000000008,"smoke-00001000","KTEX_CAP_01-00001000","KTEX_CAP_01",1000,Batch,Running,AutomationPilot,1.5476477,56.608490420660928,MissionCache,True,"","D:\Workspace\MM\FlightSim\FlightSimProject\Artifacts\FoundationSmoke\smoke-00001000\KTEX_CAP_01-00001000"
87.990000000008109,"smoke-00001000","KTEX_CAP_01-00001000","KTEX_CAP_01",1000,Batch,Running,AutomationPilot,1.5508737,56.619697658170374,MissionCache,True,"","D:\Workspace\MM\FlightSim\FlightSimProject\Artifacts\FoundationSmoke\smoke-00001000\KTEX_CAP_01-00001000"
88.190000000008212,"smoke-00001000","KTEX_CAP_01-00001000","KTEX_CAP_01",1000,Batch,Running,AutomationPilot,1.5545457,56.614610943897063,MissionCache,True,"","D:\Workspace\MM\FlightSim\FlightSimProject\Artifacts\FoundationSmoke\smoke-00001000\KTEX_CAP_01-00001000"
88.390000000008314,"smoke-00001000","KTEX_CAP_01-00001000","KTEX_CAP_01",1000,Batch,Running,AutomationPilot,1.5577963,56.624861671585833,MissionCache,True,"","D:\Workspace\MM\FlightSim\FlightSimProject\Artifacts\FoundationSmoke\smoke-00001000\KTEX_CAP_01-00001000"
88.590000000008416,"smoke-00001000","KTEX_CAP_01-00001000","KTEX_CAP_01",1000,Batch,Running,AutomationPilot,1.5609849999999998,56.637315541154038,MissionCache,True,"","D:\Workspace\MM\FlightSim\FlightSimProject\Artifacts\FoundationSmoke\smoke-00001000\KTEX_CAP_01-00001000"
88.790000000008519,"smoke-00001000","KTEX_CAP_01-00001000","KTEX_CAP_01",1000,Batch,Running,AutomationPilot,1.5641881,56.649197113830766,MissionCache,True,"","D:\Workspace\MM\FlightSim\FlightSimProject\Artifacts\FoundationSmoke\smoke-00001000\KTEX_CAP_01-00001000"
88.990000000008621,"smoke-00001000","KTEX_CAP_01-00001000","KTEX_CAP_01",1000,Batch,Running,AutomationPilot,1.5680855999999999,56.635938752328656,MissionCache,True,"","D:\Workspace\MM\FlightSim\FlightSimProject\Artifacts\FoundationSmoke\smoke-00001000\KTEX_CAP_01-00001000"
89.190000000008723,"smoke-00001000","KTEX_CAP_01-00001000","KTEX_CAP_01",1000,Batch,Running,AutomationPilot,1.5713218999999998,56.646572545070896,MissionCache,True,"","D:\Workspace\MM\FlightSim\FlightSimProject\Artifacts\FoundationSmoke\smoke-00001000\KTEX_CAP_01-00001000"
89.390000000008826,"smoke-00001000","KTEX_CAP_01-00001000","KTEX_CAP_01",1000,Batch,Running,AutomationPilot,1.5745888,56.656061569857947,MissionCache,True,"","D:\Workspace\MM\FlightSim\FlightSimProject\Artifacts\FoundationSmoke\smoke-00001000\KTEX_CAP_01-00001000"
89.590000000008928,"smoke-00001000","KTEX_CAP_01-00001000","KTEX_CAP_01",1000,Batch,Running,AutomationPilot,1.5778259,56.666581528423919,MissionCache,True,"","D:\Workspace\MM\FlightSim\FlightSimProject\Artifacts\FoundationSmoke\smoke-00001000\KTEX_CAP_01-00001000"
89.79000000000903,"smoke-00001000","KTEX_CAP_01-00001000","KTEX_CAP_01",1000,Batch,Running,AutomationPilot,1.5810986999999999,56.675778684789854,MissionCache,True,"","D:\Workspace\MM\FlightSim\FlightSimProject\Artifacts\FoundationSmoke\smoke-00001000\KTEX_CAP_01-00001000"
89.990000000009132,"smoke-00001000","KTEX_CAP_01-00001000","KTEX_CAP_01",1000,Batch,Running,AutomationPilot,1.5843384999999999,56.686118528337879,MissionCache,True,"","D:\Workspace\MM\FlightSim\FlightSimProject\Artifacts\FoundationSmoke\smoke-00001000\KTEX_CAP_01-00001000"
90.190000000009235,"smoke-00001000","KTEX_CAP_01-00001000","KTEX_CAP_01",1000,Batch,Running,AutomationPilot,1.5882454,56.672602357298906,MissionCache,True,"","D:\Workspace\MM\FlightSim\FlightSimProject\Artifacts\FoundationSmoke\smoke-00001000\KTEX_CAP_01-00001000"
90.390000000009337,"smoke-00001000","KTEX_CAP_01-00001000","KTEX_CAP_01",1000,Batch,Running,AutomationPilot,1.5914365,56.684636804553151,MissionCache,True,"","D:\Workspace\MM\FlightSim\FlightSimProject\Artifacts\FoundationSmoke\smoke-00001000\KTEX_CAP_01-00001000"
90.590000000009439,"smoke-00001000","KTEX_CAP_01-00001000","KTEX_CAP_01",1000,Batch,Running,AutomationPilot,1.5946365,56.696306650455668,MissionCache,True,"","D:\Workspace\MM\FlightSim\FlightSimProject\Artifacts\FoundationSmoke\smoke-00001000\KTEX_CAP_01-00001000"
90.790000000009542,"smoke-00001000","KTEX_CAP_01-00001000","KTEX_CAP_01",1000,Batch,Running,AutomationPilot,1.5982216999999999,56.694262128970877,MissionCache,True,"","D:\Workspace\MM\FlightSim\FlightSimProject\Artifacts\FoundationSmoke\smoke-00001000\KTEX_CAP_01-00001000"
90.990000000009644,"smoke-00001000","KTEX_CAP_01-00001000","KTEX_CAP_01",1000,Batch,Running,AutomationPilot,1.6016317,56.698428234162421,MissionCache,True,"","D:\Workspace\MM\FlightSim\FlightSimProject\Artifacts\FoundationSmoke\smoke-00001000\KTEX_CAP_01-00001000"
91.190000000009746,"smoke-00001000","KTEX_CAP_01-00001000","KTEX_CAP_01",1000,Batch,Running,AutomationPilot,1.6048742,56.70849465958743,MissionCache,True,"","D:\Workspace\MM\FlightSim\FlightSimProject\Artifacts\FoundationSmoke\smoke-00001000\KTEX_CAP_01-00001000"
91.390000000009849,"smoke-00001000","KTEX_CAP_01-00001000","KTEX_CAP_01",1000,Batch,Running,AutomationPilot,1.6080976,56.719194158370584,MissionCache,True,"","D:\Workspace\MM\FlightSim\FlightSimProject\Artifacts\FoundationSmoke\smoke-00001000\KTEX_CAP_01-00001000"
91.590000000009951,"smoke-00001000","KTEX_CAP_01-00001000","KTEX_CAP_01",1000,Batch,Running,AutomationPilot,1.6120170999999999,56.705353807977509,MissionCache,True,"","D:\Workspace\MM\FlightSim\FlightSimProject\Artifacts\FoundationSmoke\smoke-00001000\KTEX_CAP_01-00001000"
91.790000000010053,"smoke-00001000","KTEX_CAP_01-00001000","KTEX_CAP_01",1000,Batch,Running,AutomationPilot,1.6156608,56.701258085861816,MissionCache,True,"","D:\Workspace\MM\FlightSim\FlightSimProject\Artifacts\FoundationSmoke\smoke-00001000\KTEX_CAP_01-00001000"
91.990000000010156,"smoke-00001000","KTEX_CAP_01-00001000","KTEX_CAP_01",1000,Batch,Running,AutomationPilot,1.6188844,56.711893696677826,MissionCache,True,"","D:\Workspace\MM\FlightSim\FlightSimProject\Artifacts\FoundationSmoke\smoke-00001000\KTEX_CAP_01-00001000"
92.190000000010258,"smoke-00001000","KTEX_CAP_01-00001000","KTEX_CAP_01",1000,Batch,Running,AutomationPilot,1.6221401,56.721364572647062,MissionCache,True,"","D:\Workspace\MM\FlightSim\FlightSimProject\Artifacts\FoundationSmoke\smoke-00001000\KTEX_CAP_01-00001000"
92.39000000001036,"smoke-00001000","KTEX_CAP_01-00001000","KTEX_CAP_01",1000,Batch,Running,AutomationPilot,1.6254084,56.730357736560407,MissionCache,True,"","D:\Workspace\MM\FlightSim\FlightSimProject\Artifacts\FoundationSmoke\smoke-00001000\KTEX_CAP_01-00001000"
92.590000000010463,"smoke-00001000","KTEX_CAP_01-00001000","KTEX_CAP_01",1000,Batch,Running,AutomationPilot,1.6286169,56.741398176581846,MissionCache,True,"","D:\Workspace\MM\FlightSim\FlightSimProject\Artifacts\FoundationSmoke\smoke-00001000\KTEX_CAP_01-00001000"
92.790000000010565,"smoke-00001000","KTEX_CAP_01-00001000","KTEX_CAP_01",1000,Batch,Running,AutomationPilot,1.6324421999999998,56.7309519442774,MissionCache,True,"","D:\Workspace\MM\FlightSim\FlightSimProject\Artifacts\FoundationSmoke\smoke-00001000\KTEX_CAP_01-00001000"
92.990000000010667,"smoke-00001000","KTEX_CAP_01-00001000","KTEX_CAP_01",1000,Batch,Running,AutomationPilot,1.6356791,56.740958541324261,MissionCache,True,"","D:\Workspace\MM\FlightSim\FlightSimProject\Artifacts\FoundationSmoke\smoke-00001000\KTEX_CAP_01-00001000"
93.19000000001077,"smoke-00001000","KTEX_CAP_01-00001000","KTEX_CAP_01",1000,Batch,Running,AutomationPilot,1.6388817999999998,56.752109883708933,MissionCache,True,"","D:\Workspace\MM\FlightSim\FlightSimProject\Artifacts\FoundationSmoke\smoke-00001000\KTEX_CAP_01-00001000"
93.390000000010872,"smoke-00001000","KTEX_CAP_01-00001000","KTEX_CAP_01",1000,Batch,Running,AutomationPilot,1.6421316,56.761589631434404,MissionCache,True,"","D:\Workspace\MM\FlightSim\FlightSimProject\Artifacts\FoundationSmoke\smoke-00001000\KTEX_CAP_01-00001000"
93.590000000010974,"smoke-00001000","KTEX_CAP_01-00001000","KTEX_CAP_01",1000,Batch,Running,AutomationPilot,1.6459111,56.752761434084064,MissionCache,True,"","D:\Workspace\MM\FlightSim\FlightSimProject\Artifacts\FoundationSmoke\smoke-00001000\KTEX_CAP_01-00001000"
93.790000000011077,"smoke-00001000","KTEX_CAP_01-00001000","KTEX_CAP_01",1000,Batch,Running,AutomationPilot,1.6491282999999999,56.763321568134508,MissionCache,True,"","D:\Workspace\MM\FlightSim\FlightSimProject\Artifacts\FoundationSmoke\smoke-00001000\KTEX_CAP_01-00001000"
93.990000000011179,"smoke-00001000","KTEX_CAP_01-00001000","KTEX_CAP_01",1000,Batch,Running,AutomationPilot,1.6523599,56.773345806813083,MissionCache,True,"","D:\Workspace\MM\FlightSim\FlightSimProject\Artifacts\FoundationSmoke\smoke-00001000\KTEX_CAP_01-00001000"
94.190000000011281,"smoke-00001000","KTEX_CAP_01-00001000","KTEX_CAP_01",1000,Batch,Running,AutomationPilot,1.6562694999999998,56.760086447290853,MissionCache,True,"","D:\Workspace\MM\FlightSim\FlightSimProject\Artifacts\FoundationSmoke\smoke-00001000\KTEX_CAP_01-00001000"
94.390000000011383,"smoke-00001000","KTEX_CAP_01-00001000","KTEX_CAP_01",1000,Batch,Running,AutomationPilot,1.6594757,56.770942774281835,MissionCache,True,"","D:\Workspace\MM\FlightSim\FlightSimProject\Artifacts\FoundationSmoke\smoke-00001000\KTEX_CAP_01-00001000"
94.590000000011486,"smoke-00001000","KTEX_CAP_01-00001000","KTEX_CAP_01",1000,Batch,Running,AutomationPilot,1.6627376999999999,56.779851686776212,MissionCache,True,"","D:\Workspace\MM\FlightSim\FlightSimProject\Artifacts\FoundationSmoke\smoke-00001000\KTEX_CAP_01-00001000"
94.790000000011588,"smoke-00001000","KTEX_CAP_01-00001000","KTEX_CAP_01",1000,Batch,Running,AutomationPilot,1.6659928,56.788960912683116,MissionCache,True,"","D:\Workspace\MM\FlightSim\FlightSimProject\Artifacts\FoundationSmoke\smoke-00001000\KTEX_CAP_01-00001000"
94.99000000001169,"smoke-00001000","KTEX_CAP_01-00001000","KTEX_CAP_01",1000,Batch,Running,AutomationPilot,1.6692049999999998,56.799494370081334,MissionCache,True,"","D:\Workspace\MM\FlightSim\FlightSimProject\Artifacts\FoundationSmoke\smoke-00001000\KTEX_CAP_01-00001000"
95.190000000011793,"smoke-00001000","KTEX_CAP_01-00001000","KTEX_CAP_01",1000,Batch,Running,AutomationPilot,1.6724369,56.8093181871386,MissionCache,True,"","D:\Workspace\MM\FlightSim\FlightSimProject\Artifacts\FoundationSmoke\smoke-00001000\KTEX_CAP_01-00001000"
95.3900000000119,"smoke-00001000","KTEX_CAP_01-00001000","KTEX_CAP_01",1000,Batch,Running,AutomationPilot,1.6758446,56.813143653064131,MissionCache,True,"","D:\Workspace\MM\FlightSim\FlightSimProject\Artifacts\FoundationSmoke\smoke-00001000\KTEX_CAP_01-00001000"
95.590000000012,"smoke-00001000","KTEX_CAP_01-00001000","KTEX_CAP_01",1000,Batch,Running,AutomationPilot,1.679773,56.799341339580948,MissionCache,True,"","D:\Workspace\MM\FlightSim\FlightSimProject\Artifacts\FoundationSmoke\smoke-00001000\KTEX_CAP_01-00001000"
95.7900000000121,"smoke-00001000","KTEX_CAP_01-00001000","KTEX_CAP_01",1000,Batch,Running,AutomationPilot,1.6829942,56.809464940528024,MissionCache,True,"","D:\Workspace\MM\FlightSim\FlightSimProject\Artifacts\FoundationSmoke\smoke-00001000\KTEX_CAP_01-00001000"
95.9900000000122,"smoke-00001000","KTEX_CAP_01-00001000","KTEX_CAP_01",1000,Batch,Running,AutomationPilot,1.6865686,56.8076507531399,MissionCache,True,"","D:\Workspace\MM\FlightSim\FlightSimProject\Artifacts\FoundationSmoke\smoke-00001000\KTEX_CAP_01-00001000"
96.1900000000123,"smoke-00001000","KTEX_CAP_01-00001000","KTEX_CAP_01",1000,Batch,Running,AutomationPilot,1.6902823999999999,56.8011593802386,MissionCache,True,"","D:\Workspace\MM\FlightSim\FlightSimProject\Artifacts\FoundationSmoke\smoke-00001000\KTEX_CAP_01-00001000"
96.3900000000124,"smoke-00001000","KTEX_CAP_01-00001000","KTEX_CAP_01",1000,Batch,Running,AutomationPilot,1.6938104999999999,56.800923125705218,MissionCache,True,"","D:\Workspace\MM\FlightSim\FlightSimProject\Artifacts\FoundationSmoke\smoke-00001000\KTEX_CAP_01-00001000"
96.590000000012509,"smoke-00001000","KTEX_CAP_01-00001000","KTEX_CAP_01",1000,Batch,Running,AutomationPilot,1.6970132999999998,56.811575961138566,MissionCache,True,"","D:\Workspace\MM\FlightSim\FlightSimProject\Artifacts\FoundationSmoke\smoke-00001000\KTEX_CAP_01-00001000"
96.790000000012611,"smoke-00001000","KTEX_CAP_01-00001000","KTEX_CAP_01",1000,Batch,Running,AutomationPilot,1.7007809999999999,56.803315653227855,MissionCache,True,"","D:\Workspace\MM\FlightSim\FlightSimProject\Artifacts\FoundationSmoke\smoke-00001000\KTEX_CAP_01-00001000"
96.990000000012714,"smoke-00001000","KTEX_CAP_01-00001000","KTEX_CAP_01",1000,Batch,Running,AutomationPilot,1.7040349,56.812216698151325,MissionCache,True,"","D:\Workspace\MM\FlightSim\FlightSimProject\Artifacts\FoundationSmoke\smoke-00001000\KTEX_CAP_01-00001000"
97.190000000012816,"smoke-00001000","KTEX_CAP_01-00001000","KTEX_CAP_01",1000,Batch,Running,AutomationPilot,1.7072431,56.82260481826679,MissionCache,True,"","D:\Workspace\MM\FlightSim\FlightSimProject\Artifacts\FoundationSmoke\smoke-00001000\KTEX_CAP_01-00001000"
97.390000000012918,"smoke-00001000","KTEX_CAP_01-00001000","KTEX_CAP_01",1000,Batch,Running,AutomationPilot,1.7104652999999999,56.832488797061735,MissionCache,True,"","D:\Workspace\MM\FlightSim\FlightSimProject\Artifacts\FoundationSmoke\smoke-00001000\KTEX_CAP_01-00001000"
97.590000000013021,"smoke-00001000","KTEX_CAP_01-00001000","KTEX_CAP_01",1000,Batch,Running,AutomationPilot,1.7136471,56.84367569029407,MissionCache,True,"","D:\Workspace\MM\FlightSim\FlightSimProject\Artifacts\FoundationSmoke\smoke-00001000\KTEX_CAP_01-00001000"
97.790000000013123,"smoke-00001000","KTEX_CAP_01-00001000","KTEX_CAP_01",1000,Batch,Running,AutomationPilot,1.7169976999999998,56.849231655938176,MissionCache,True,"","D:\Workspace\MM\FlightSim\FlightSimProject\Artifacts\FoundationSmoke\smoke-00001000\KTEX_CAP_01-00001000"
97.990000000013225,"smoke-00001000","KTEX_CAP_01-00001000","KTEX_CAP_01",1000,Batch,Running,AutomationPilot,1.7201365,56.861766493538816,MissionCache,True,"","D:\Workspace\MM\FlightSim\FlightSimProject\Artifacts\FoundationSmoke\smoke-00001000\KTEX_CAP_01-00001000"
98.190000000013328,"smoke-00001000","KTEX_CAP_01-00001000","KTEX_CAP_01",1000,Batch,Running,AutomationPilot,1.7240351999999999,56.849187301983882,MissionCache,True,"","D:\Workspace\MM\FlightSim\FlightSimProject\Artifacts\FoundationSmoke\smoke-00001000\KTEX_CAP_01-00001000"
98.39000000001343,"smoke-00001000","KTEX_CAP_01-00001000","KTEX_CAP_01",1000,Batch,Running,AutomationPilot,1.7273744,56.855074383418753,MissionCache,True,"","D:\Workspace\MM\FlightSim\FlightSimProject\Artifacts\FoundationSmoke\smoke-00001000\KTEX_CAP_01-00001000"
98.590000000013532,"smoke-00001000","KTEX_CAP_01-00001000","KTEX_CAP_01",1000,Batch,Running,AutomationPilot,1.7305822,56.865256097059962,MissionCache,True,"","D:\Workspace\MM\FlightSim\FlightSimProject\Artifacts\FoundationSmoke\smoke-00001000\KTEX_CAP_01-00001000"
98.790000000013634,"smoke-00001000","KTEX_CAP_01-00001000","KTEX_CAP_01",1000,Batch,Running,AutomationPilot,1.7337818999999999,56.875665849328307,MissionCache,True,"","D:\Workspace\MM\FlightSim\FlightSimProject\Artifacts\FoundationSmoke\smoke-00001000\KTEX_CAP_01-00001000"
98.990000000013737,"smoke-00001000","KTEX_CAP_01-00001000","KTEX_CAP_01",1000,Batch,Running,AutomationPilot,1.7374333,56.871247949497487,MissionCache,True,"","D:\Workspace\MM\FlightSim\FlightSimProject\Artifacts\FoundationSmoke\smoke-00001000\KTEX_CAP_01-00001000"
99.190000000013839,"smoke-00001000","KTEX_CAP_01-00001000","KTEX_CAP_01",1000,Batch,Running,AutomationPilot,1.7406376,56.881455393135106,MissionCache,True,"","D:\Workspace\MM\FlightSim\FlightSimProject\Artifacts\FoundationSmoke\smoke-00001000\KTEX_CAP_01-00001000"
99.390000000013941,"smoke-00001000","KTEX_CAP_01-00001000","KTEX_CAP_01",1000,Batch,Running,AutomationPilot,1.7438015,56.892943376877383,MissionCache,True,"","D:\Workspace\MM\FlightSim\FlightSimProject\Artifacts\FoundationSmoke\smoke-00001000\KTEX_CAP_01-00001000"
99.590000000014044,"smoke-00001000","KTEX_CAP_01-00001000","KTEX_CAP_01",1000,Batch,Running,AutomationPilot,1.7476562,56.881897023003695,MissionCache,True,"","D:\Workspace\MM\FlightSim\FlightSimProject\Artifacts\FoundationSmoke\smoke-00001000\KTEX_CAP_01-00001000"
99.790000000014146,"smoke-00001000","KTEX_CAP_01-00001000","KTEX_CAP_01",1000,Batch,Running,AutomationPilot,1.7508553999999998,56.892191096999824,MissionCache,True,"","D:\Workspace\MM\FlightSim\FlightSimProject\Artifacts\FoundationSmoke\smoke-00001000\KTEX_CAP_01-00001000"
99.990000000014248,"smoke-00001000","KTEX_CAP_01-00001000","KTEX_CAP_01",1000,Batch,Running,AutomationPilot,1.7542913999999998,56.894766741724986,MissionCache,True,"","D:\Workspace\MM\FlightSim\FlightSimProject\Artifacts\FoundationSmoke\smoke-00001000\KTEX_CAP_01-00001000"
100.19000000001435,"smoke-00001000","KTEX_CAP_01-00001000","KTEX_CAP_01",1000,Batch,Running,AutomationPilot,1.7575641,56.902618800653848,MissionCache,True,"","D:\Workspace\MM\FlightSim\FlightSimProject\Artifacts\FoundationSmoke\smoke-00001000\KTEX_CAP_01-00001000"
100.39000000001445,"smoke-00001000","KTEX_CAP_01-00001000","KTEX_CAP_01",1000,Batch,Running,AutomationPilot,1.7608133,56.911201204587883,MissionCache,True,"","D:\Workspace\MM\FlightSim\FlightSimProject\Artifacts\FoundationSmoke\smoke-00001000\KTEX_CAP_01-00001000"
100.59000000001456,"smoke-00001000","KTEX_CAP_01-00001000","KTEX_CAP_01",1000,Batch,Running,AutomationPilot,1.7640171,56.921216920184314,MissionCache,True,"","D:\Workspace\MM\FlightSim\FlightSimProject\Artifacts\FoundationSmoke\smoke-00001000\KTEX_CAP_01-00001000"
100.79000000001466,"smoke-00001000","KTEX_CAP_01-00001000","KTEX_CAP_01",1000,Batch,Running,AutomationPilot,1.7681202999999999,56.902236799167213,MissionCache,True,"","D:\Workspace\MM\FlightSim\FlightSimProject\Artifacts\FoundationSmoke\smoke-00001000\KTEX_CAP_01-00001000"
100.99000000001476,"smoke-00001000","KTEX_CAP_01-00001000","KTEX_CAP_01",1000,Batch,Running,AutomationPilot,1.7714025,56.909708550154278,MissionCache,True,"","D:\Workspace\MM\FlightSim\FlightSimProject\Artifacts\FoundationSmoke\smoke-00001000\KTEX_CAP_01-00001000"
101.19000000001486,"smoke-00001000","KTEX_CAP_01-00001000","KTEX_CAP_01",1000,Batch,Running,AutomationPilot,1.7746553999999999,56.91809238008392,MissionCache,True,"","D:\Workspace\MM\FlightSim\FlightSimProject\Artifacts\FoundationSmoke\smoke-00001000\KTEX_CAP_01-00001000"
101.39000000001496,"smoke-00001000","KTEX_CAP_01-00001000","KTEX_CAP_01",1000,Batch,Running,AutomationPilot,1.7781472999999999,56.918794072917848,MissionCache,True,"","D:\Workspace\MM\FlightSim\FlightSimProject\Artifacts\FoundationSmoke\smoke-00001000\KTEX_CAP_01-00001000"
101.59000000001507,"smoke-00001000","KTEX_CAP_01-00001000","KTEX_CAP_01",1000,Batch,Running,AutomationPilot,1.7813748999999999,56.927938077501253,MissionCache,True,"","D:\Workspace\MM\FlightSim\FlightSimProject\Artifacts\FoundationSmoke\smoke-00001000\KTEX_CAP_01-00001000"
101.79000000001517,"smoke-00001000","KTEX_CAP_01-00001000","KTEX_CAP_01",1000,Batch,Running,AutomationPilot,1.7853833,56.912148780609229,MissionCache,True,"","D:\Workspace\MM\FlightSim\FlightSimProject\Artifacts\FoundationSmoke\smoke-00001000\KTEX_CAP_01-00001000"
101.99000000001527,"smoke-00001000","KTEX_CAP_01-00001000","KTEX_CAP_01",1000,Batch,Running,AutomationPilot,1.7886057,56.921433270628164,MissionCache,True,"","D:\Workspace\MM\FlightSim\FlightSimProject\Artifacts\FoundationSmoke\smoke-00001000\KTEX_CAP_01-00001000"
102.19000000001537,"smoke-00001000","KTEX_CAP_01-00001000","KTEX_CAP_01",1000,Batch,Running,AutomationPilot,1.792508,56.909090503370294,MissionCache,True,"","D:\Workspace\MM\FlightSim\FlightSimProject\Artifacts\FoundationSmoke\smoke-00001000\KTEX_CAP_01-00001000"
102.39000000001548,"smoke-00001000","KTEX_CAP_01-00001000","KTEX_CAP_01",1000,Batch,Running,AutomationPilot,1.7957087999999999,56.919028296801457,MissionCache,True,"","D:\Workspace\MM\FlightSim\FlightSimProject\Artifacts\FoundationSmoke\smoke-00001000\KTEX_CAP_01-00001000"
102.59000000001558,"smoke-00001000","KTEX_CAP_01-00001000","KTEX_CAP_01",1000,Batch,Running,AutomationPilot,1.7989556999999998,56.927471866047341,MissionCache,True,"","D:\Workspace\MM\FlightSim\FlightSimProject\Artifacts\FoundationSmoke\smoke-00001000\KTEX_CAP_01-00001000"
102.79000000001568,"smoke-00001000","KTEX_CAP_01-00001000","KTEX_CAP_01",1000,Batch,Running,AutomationPilot,1.8022208,56.935310035271812,MissionCache,True,"","D:\Workspace\MM\FlightSim\FlightSimProject\Artifacts\FoundationSmoke\smoke-00001000\KTEX_CAP_01-00001000"
102.99000000001578,"smoke-00001000","KTEX_CAP_01-00001000","KTEX_CAP_01",1000,Batch,Running,AutomationPilot,1.8054187,56.945239350858444,MissionCache,True,"","D:\Workspace\MM\FlightSim\FlightSimProject\Artifacts\FoundationSmoke\smoke-00001000\KTEX_CAP_01-00001000"
103.19000000001589,"smoke-00001000","KTEX_CAP_01-00001000","KTEX_CAP_01",1000,Batch,Running,AutomationPilot,1.8086786,56.9531811787986,MissionCache,True,"","D:\Workspace\MM\FlightSim\FlightSimProject\Artifacts\FoundationSmoke\smoke-00001000\KTEX_CAP_01-00001000"
103.39000000001599,"smoke-00001000","KTEX_CAP_01-00001000","KTEX_CAP_01",1000,Batch,Running,AutomationPilot,1.8124753,56.94422428819631,MissionCache,True,"","D:\Workspace\MM\FlightSim\FlightSimProject\Artifacts\FoundationSmoke\smoke-00001000\KTEX_CAP_01-00001000"
103.59000000001609,"smoke-00001000","KTEX_CAP_01-00001000","KTEX_CAP_01",1000,Batch,Running,AutomationPilot,1.8160625,56.941872870573562,MissionCache,True,"","D:\Workspace\MM\FlightSim\FlightSimProject\Artifacts\FoundationSmoke\smoke-00001000\KTEX_CAP_01-00001000"
103.79000000001619,"smoke-00001000","KTEX_CAP_01-00001000","KTEX_CAP_01",1000,Batch,Running,AutomationPilot,1.8193226999999998,56.949764876795143,MissionCache,True,"","D:\Workspace\MM\FlightSim\FlightSimProject\Artifacts\FoundationSmoke\smoke-00001000\KTEX_CAP_01-00001000"
103.99000000001629,"smoke-00001000","KTEX_CAP_01-00001000","KTEX_CAP_01",1000,Batch,Running,AutomationPilot,1.8226502999999998,56.955522406034888,MissionCache,True,"","D:\Workspace\MM\FlightSim\FlightSimProject\Artifacts\FoundationSmoke\smoke-00001000\KTEX_CAP_01-00001000"
104.1900000000164,"smoke-00001000","KTEX_CAP_01-00001000","KTEX_CAP_01",1000,Batch,Running,AutomationPilot,1.8258546,56.965105545653145,MissionCache,True,"","D:\Workspace\MM\FlightSim\FlightSimProject\Artifacts\FoundationSmoke\smoke-00001000\KTEX_CAP_01-00001000"
104.3900000000165,"smoke-00001000","KTEX_CAP_01-00001000","KTEX_CAP_01",1000,Batch,Running,AutomationPilot,1.8290298999999999,56.975558464088756,MissionCache,True,"","D:\Workspace\MM\FlightSim\FlightSimProject\Artifacts\FoundationSmoke\smoke-00001000\KTEX_CAP_01-00001000"
104.5900000000166,"smoke-00001000","KTEX_CAP_01-00001000","KTEX_CAP_01",1000,Batch,Running,AutomationPilot,1.8324927,56.9770346152083,MissionCache,True,"","D:\Workspace\MM\FlightSim\FlightSimProject\Artifacts\FoundationSmoke\smoke-00001000\KTEX_CAP_01-00001000"
104.7900000000167,"smoke-00001000","KTEX_CAP_01-00001000","KTEX_CAP_01",1000,Batch,Running,AutomationPilot,1.8363148999999999,56.967353475167371,MissionCache,True,"","D:\Workspace\MM\FlightSim\FlightSimProject\Artifacts\FoundationSmoke\smoke-00001000\KTEX_CAP_01-00001000"
104.99000000001681,"smoke-00001000","KTEX_CAP_01-00001000","KTEX_CAP_01",1000,Batch,Running,AutomationPilot,1.8395114,56.977086415456149,MissionCache,True,"","D:\Workspace\MM\FlightSim\FlightSimProject\Artifacts\FoundationSmoke\smoke-00001000\KTEX_CAP_01-00001000"
105.19000000001691,"smoke-00001000","KTEX_CAP_01-00001000","KTEX_CAP_01",1000,Batch,Running,AutomationPilot,1.842727,56.986194916564862,MissionCache,True,"","D:\Workspace\MM\FlightSim\FlightSimProject\Artifacts\FoundationSmoke\smoke-00001000\KTEX_CAP_01-00001000"
105.39000000001701,"smoke-00001000","KTEX_CAP_01-00001000","KTEX_CAP_01",1000,Batch,Running,AutomationPilot,1.846628,56.97411714758843,MissionCache,True,"","D:\Workspace\MM\FlightSim\FlightSimProject\Artifacts\FoundationSmoke\smoke-00001000\KTEX_CAP_01-00001000"
105.59000000001711,"smoke-00001000","KTEX_CAP_01-00001000","KTEX_CAP_01",1000,Batch,Running,AutomationPilot,1.849856,56.982813797407488,MissionCache,True,"","D:\Workspace\MM\FlightSim\FlightSimProject\Artifacts\FoundationSmoke\smoke-00001000\KTEX_CAP_01-00001000"
105.79000000001722,"smoke-00001000","KTEX_CAP_01-00001000","KTEX_CAP_01",1000,Batch,Running,AutomationPilot,1.8531004,56.99097577228796,MissionCache,True,"","D:\Workspace\MM\FlightSim\FlightSimProject\Artifacts\FoundationSmoke\smoke-00001000\KTEX_CAP_01-00001000"
105.99000000001732,"smoke-00001000","KTEX_CAP_01-00001000","KTEX_CAP_01",1000,Batch,Running,AutomationPilot,1.8561672999999999,57.004559879929595,MissionCache,True,"","D:\Workspace\MM\FlightSim\FlightSimProject\Artifacts\FoundationSmoke\smoke-00001000\KTEX_CAP_01-00001000"
106.19000000001742,"smoke-00001000","KTEX_CAP_01-00001000","KTEX_CAP_01",1000,Batch,Running,AutomationPilot,1.859802,57.000691471467036,MissionCache,True,"","D:\Workspace\MM\FlightSim\FlightSimProject\Artifacts\FoundationSmoke\smoke-00001000\KTEX_CAP_01-00001000"
106.39000000001752,"smoke-00001000","KTEX_CAP_01-00001000","KTEX_CAP_01",1000,Batch,Running,AutomationPilot,1.8630293,57.009302000788409,MissionCache,True,"","D:\Workspace\MM\FlightSim\FlightSimProject\Artifacts\FoundationSmoke\smoke-00001000\KTEX_CAP_01-00001000"
106.59000000001762,"smoke-00001000","KTEX_CAP_01-00001000","KTEX_CAP_01",1000,Batch,Running,AutomationPilot,1.8661459999999999,57.021262002017814,MissionCache,True,"","D:\Workspace\MM\FlightSim\FlightSimProject\Artifacts\FoundationSmoke\smoke-00001000\KTEX_CAP_01-00001000"
106.79000000001773,"smoke-00001000","KTEX_CAP_01-00001000","KTEX_CAP_01",1000,Batch,Running,AutomationPilot,1.8691882,57.035455284822383,MissionCache,True,"","D:\Workspace\MM\FlightSim\FlightSimProject\Artifacts\FoundationSmoke\smoke-00001000\KTEX_CAP_01-00001000"
106.99000000001783,"smoke-00001000","KTEX_CAP_01-00001000","KTEX_CAP_01",1000,Batch,Running,AutomationPilot,1.8721845,57.05100111661951,MissionCache,True,"","D:\Workspace\MM\FlightSim\FlightSimProject\Artifacts\FoundationSmoke\smoke-00001000\KTEX_CAP_01-00001000"
107.19000000001793,"smoke-00001000","KTEX_CAP_01-00001000","KTEX_CAP_01",1000,Batch,Running,AutomationPilot,1.8751548999999998,57.067285481331623,MissionCache,True,"","D:\Workspace\MM\FlightSim\FlightSimProject\Artifacts\FoundationSmoke\smoke-00001000\KTEX_CAP_01-00001000"
107.39000000001803,"smoke-00001000","KTEX_CAP_01-00001000","KTEX_CAP_01",1000,Batch,Running,AutomationPilot,1.8783174999999999,57.077677229764376,MissionCache,True,"","D:\Workspace\MM\FlightSim\FlightSimProject\Artifacts\FoundationSmoke\smoke-00001000\KTEX_CAP_01-00001000"
107.59000000001814,"smoke-00001000","KTEX_CAP_01-00001000","KTEX_CAP_01",1000,Batch,Running,AutomationPilot,1.8820169,57.071751056017639,MissionCache,True,"","D:\Workspace\MM\FlightSim\FlightSimProject\Artifacts\FoundationSmoke\smoke-00001000\KTEX_CAP_01-00001000"
107.79000000001824,"smoke-00001000","KTEX_CAP_01-00001000","KTEX_CAP_01",1000,Batch,Running,AutomationPilot,1.8851068,57.084298884295656,MissionCache,True,"","D:\Workspace\MM\FlightSim\FlightSimProject\Artifacts\FoundationSmoke\smoke-00001000\KTEX_CAP_01-00001000"
107.99000000001834,"smoke-00001000","KTEX_CAP_01-00001000","KTEX_CAP_01",1000,Batch,Running,AutomationPilot,1.8881435,57.098414394890142,MissionCache,True,"","D:\Workspace\MM\FlightSim\FlightSimProject\Artifacts\FoundationSmoke\smoke-00001000\KTEX_CAP_01-00001000"
108.19000000001844,"smoke-00001000","KTEX_CAP_01-00001000","KTEX_CAP_01",1000,Batch,Running,AutomationPilot,1.8916308,57.098879971725111,MissionCache,True,"","D:\Workspace\MM\FlightSim\FlightSimProject\Artifacts\FoundationSmoke\smoke-00001000\KTEX_CAP_01-00001000"
108.39000000001855,"smoke-00001000","KTEX_CAP_01-00001000","KTEX_CAP_01",1000,Batch,Running,AutomationPilot,1.8947854,57.109369747106165,MissionCache,True,"","D:\Workspace\MM\FlightSim\FlightSimProject\Artifacts\FoundationSmoke\smoke-00001000\KTEX_CAP_01-00001000"
108.59000000001865,"smoke-00001000","KTEX_CAP_01-00001000","KTEX_CAP_01",1000,Batch,Running,AutomationPilot,1.8977629999999999,57.1251520869669,MissionCache,True,"","D:\Workspace\MM\FlightSim\FlightSimProject\Artifacts\FoundationSmoke\smoke-00001000\KTEX_CAP_01-00001000"
108.79000000001875,"smoke-00001000","KTEX_CAP_01-00001000","KTEX_CAP_01",1000,Batch,Running,AutomationPilot,1.9007771,57.139787721568538,MissionCache,True,"","D:\Workspace\MM\FlightSim\FlightSimProject\Artifacts\FoundationSmoke\smoke-00001000\KTEX_CAP_01-00001000"
108.99000000001885,"smoke-00001000","KTEX_CAP_01-00001000","KTEX_CAP_01",1000,Batch,Running,AutomationPilot,1.9037438,57.155800060921415,MissionCache,True,"","D:\Workspace\MM\FlightSim\FlightSimProject\Artifacts\FoundationSmoke\smoke-00001000\KTEX_CAP_01-00001000"
109.19000000001896,"smoke-00001000","KTEX_CAP_01-00001000","KTEX_CAP_01",1000,Batch,Running,AutomationPilot,1.9073411,57.15286059741431,MissionCache,True,"","D:\Workspace\MM\FlightSim\FlightSimProject\Artifacts\FoundationSmoke\smoke-00001000\KTEX_CAP_01-00001000"
109.39000000001906,"smoke-00001000","KTEX_CAP_01-00001000","KTEX_CAP_01",1000,Batch,Running,AutomationPilot,1.9105535,57.161445622966831,MissionCache,True,"","D:\Workspace\MM\FlightSim\FlightSimProject\Artifacts\FoundationSmoke\smoke-00001000\KTEX_CAP_01-00001000"
109.59000000001916,"smoke-00001000","KTEX_CAP_01-00001000","KTEX_CAP_01",1000,Batch,Running,AutomationPilot,1.9135478,57.176517879521519,MissionCache,True,"","D:\Workspace\MM\FlightSim\FlightSimProject\Artifacts\FoundationSmoke\smoke-00001000\KTEX_CAP_01-00001000"
109.79000000001926,"smoke-00001000","KTEX_CAP_01-00001000","KTEX_CAP_01",1000,Batch,Running,AutomationPilot,1.9165678,57.190776136392969,MissionCache,True,"","D:\Workspace\MM\FlightSim\FlightSimProject\Artifacts\FoundationSmoke\smoke-00001000\KTEX_CAP_01-00001000"
109.99000000001936,"smoke-00001000","KTEX_CAP_01-00001000","KTEX_CAP_01",1000,Batch,Running,AutomationPilot,1.919554,57.205996809685622,MissionCache,True,"","D:\Workspace\MM\FlightSim\FlightSimProject\Artifacts\FoundationSmoke\smoke-00001000\KTEX_CAP_01-00001000"
110.19000000001947,"smoke-00001000","KTEX_CAP_01-00001000","KTEX_CAP_01",1000,Batch,Running,AutomationPilot,1.9225155999999999,57.221902386653916,MissionCache,True,"","D:\Workspace\MM\FlightSim\FlightSimProject\Artifacts\FoundationSmoke\smoke-00001000\KTEX_CAP_01-00001000"
110.39000000001957,"smoke-00001000","KTEX_CAP_01-00001000","KTEX_CAP_01",1000,Batch,Running,AutomationPilot,1.9256141,57.233689761629535,MissionCache,True,"","D:\Workspace\MM\FlightSim\FlightSimProject\Artifacts\FoundationSmoke\smoke-00001000\KTEX_CAP_01-00001000"
110.59000000001967,"smoke-00001000","KTEX_CAP_01-00001000","KTEX_CAP_01",1000,Batch,Running,AutomationPilot,1.9286193999999999,57.248205633532251,MissionCache,True,"","D:\Workspace\MM\FlightSim\FlightSimProject\Artifacts\FoundationSmoke\smoke-00001000\KTEX_CAP_01-00001000"
110.79000000001977,"smoke-00001000","KTEX_CAP_01-00001000","KTEX_CAP_01",1000,Batch,Running,AutomationPilot,1.9344545,57.178910126870228,MissionCache,True,"","D:\Workspace\MM\FlightSim\FlightSimProject\Artifacts\FoundationSmoke\smoke-00001000\KTEX_CAP_01-00001000"
110.99000000001988,"smoke-00001000","KTEX_CAP_01-00001000","KTEX_CAP_01",1000,Batch,Running,AutomationPilot,1.9376247999999998,57.188574382419027,MissionCache,True,"","D:\Workspace\MM\FlightSim\FlightSimProject\Artifacts\FoundationSmoke\smoke-00001000\KTEX_CAP_01-00001000"
111.19000000001998,"smoke-00001000","KTEX_CAP_01-00001000","KTEX_CAP_01",1000,Batch,Running,AutomationPilot,1.941209,57.186011398061666,MissionCache,True,"","D:\Workspace\MM\FlightSim\FlightSimProject\Artifacts\FoundationSmoke\smoke-00001000\KTEX_CAP_01-00001000"
111.39000000002008,"smoke-00001000","KTEX_CAP_01-00001000","KTEX_CAP_01",1000,Batch,Running,AutomationPilot,1.9442355999999998,57.199857877316923,MissionCache,True,"","D:\Workspace\MM\FlightSim\FlightSimProject\Artifacts\FoundationSmoke\smoke-00001000\KTEX_CAP_01-00001000"
111.59000000002018,"smoke-00001000","KTEX_CAP_01-00001000","KTEX_CAP_01",1000,Batch,Running,AutomationPilot,1.9472916,57.212797508097964,MissionCache,True,"","D:\Workspace\MM\FlightSim\FlightSimProject\Artifacts\FoundationSmoke\smoke-00001000\KTEX_CAP_01-00001000"
111.79000000002029,"smoke-00001000","KTEX_CAP_01-00001000","KTEX_CAP_01",1000,Batch,Running,AutomationPilot,1.9502945999999999,57.227251718801966,MissionCache,True,"","D:\Workspace\MM\FlightSim\FlightSimProject\Artifacts\FoundationSmoke\smoke-00001000\KTEX_CAP_01-00001000"
111.99000000002039,"smoke-00001000","KTEX_CAP_01-00001000","KTEX_CAP_01",1000,Batch,Running,AutomationPilot,1.9533589,57.239865136929161,MissionCache,True,"","D:\Workspace\MM\FlightSim\FlightSimProject\Artifacts\FoundationSmoke\smoke-00001000\KTEX_CAP_01-00001000"
112.19000000002049,"smoke-00001000","KTEX_CAP_01-00001000","KTEX_CAP_01",1000,Batch,Running,AutomationPilot,1.9573212,57.226172178598176,MissionCache,True,"","D:\Workspace\MM\FlightSim\FlightSimProject\Artifacts\FoundationSmoke\smoke-00001000\KTEX_CAP_01-00001000"
112.39000000002059,"smoke-00001000","KTEX_CAP_01-00001000","KTEX_CAP_01",1000,Batch,Running,AutomationPilot,1.9603289,57.2403947113265,MissionCache,True,"","D:\Workspace\MM\FlightSim\FlightSimProject\Artifacts\FoundationSmoke\smoke-00001000\KTEX_CAP_01-00001000"
112.59000000002069,"smoke-00001000","KTEX_CAP_01-00001000","KTEX_CAP_01",1000,Batch,Running,AutomationPilot,1.9634072,57.252514913880624,MissionCache,True,"","D:\Workspace\MM\FlightSim\FlightSimProject\Artifacts\FoundationSmoke\smoke-00001000\KTEX_CAP_01-00001000"
112.7900000000208,"smoke-00001000","KTEX_CAP_01-00001000","KTEX_CAP_01",1000,Batch,Running,AutomationPilot,1.9665659,57.262255996618627,MissionCache,True,"","D:\Workspace\MM\FlightSim\FlightSimProject\Artifacts\FoundationSmoke\smoke-00001000\KTEX_CAP_01-00001000"
112.9900000000209,"smoke-00001000","KTEX_CAP_01-00001000","KTEX_CAP_01",1000,Batch,Running,AutomationPilot,1.9696314,57.274675860681754,MissionCache,True,"","D:\Workspace\MM\FlightSim\FlightSimProject\Artifacts\FoundationSmoke\smoke-00001000\KTEX_CAP_01-00001000"
113.190000000021,"smoke-00001000","KTEX_CAP_01-00001000","KTEX_CAP_01",1000,Batch,Running,AutomationPilot,1.9729387999999999,57.280033217462659,MissionCache,True,"","D:\Workspace\MM\FlightSim\FlightSimProject\Artifacts\FoundationSmoke\smoke-00001000\KTEX_CAP_01-00001000"
113.3900000000211,"smoke-00001000","KTEX_CAP_01-00001000","KTEX_CAP_01",1000,Batch,Running,AutomationPilot,1.9760691,57.290506693324147,MissionCache,True,"","D:\Workspace\MM\FlightSim\FlightSimProject\Artifacts\FoundationSmoke\smoke-00001000\KTEX_CAP_01-00001000"
113.59000000002121,"smoke-00001000","KTEX_CAP_01-00001000","KTEX_CAP_01",1000,Batch,Running,AutomationPilot,1.9790978,57.303888670898992,MissionCache,True,"","D:\Workspace\MM\FlightSim\FlightSimProject\Artifacts\FoundationSmoke\smoke-00001000\KTEX_CAP_01-00001000"
113.79000000002131,"smoke-00001000","KTEX_CAP_01-00001000","KTEX_CAP_01",1000,Batch,Running,AutomationPilot,1.9828177999999999,57.297246373328512,MissionCache,True,"","D:\Workspace\MM\FlightSim\FlightSimProject\Artifacts\FoundationSmoke\smoke-00001000\KTEX_CAP_01-00001000"
113.99000000002141,"smoke-00001000","KTEX_CAP_01-00001000","KTEX_CAP_01",1000,Batch,Running,AutomationPilot,1.9864074999999999,57.294386977506541,MissionCache,True,"","D:\Workspace\MM\FlightSim\FlightSimProject\Artifacts\FoundationSmoke\smoke-00001000\KTEX_CAP_01-00001000"
114.19000000002151,"smoke-00001000","KTEX_CAP_01-00001000","KTEX_CAP_01",1000,Batch,Running,AutomationPilot,1.9894497999999998,57.307301747458737,MissionCache,True,"","D:\Workspace\MM\FlightSim\FlightSimProject\Artifacts\FoundationSmoke\smoke-00001000\KTEX_CAP_01-00001000"
114.39000000002162,"smoke-00001000","KTEX_CAP_01-00001000","KTEX_CAP_01",1000,Batch,Running,AutomationPilot,1.9924518,57.321336455929085,MissionCache,True,"","D:\Workspace\MM\FlightSim\FlightSimProject\Artifacts\FoundationSmoke\smoke-00001000\KTEX_CAP_01-00001000"
114.59000000002172,"smoke-00001000","KTEX_CAP_01-00001000","KTEX_CAP_01",1000,Batch,Running,AutomationPilot,1.9954595,57.335165158712378,MissionCache,True,"","D:\Workspace\MM\FlightSim\FlightSimProject\Artifacts\FoundationSmoke\smoke-00001000\KTEX_CAP_01-00001000"
114.79000000002182,"smoke-00001000","KTEX_CAP_01-00001000","KTEX_CAP_01",1000,Batch,Running,AutomationPilot,1.998568,57.346059778812496,MissionCache,True,"","D:\Workspace\MM\FlightSim\FlightSimProject\Artifacts\FoundationSmoke\smoke-00001000\KTEX_CAP_01-00001000"
114.99000000002192,"smoke-00001000","KTEX_CAP_01-00001000","KTEX_CAP_01",1000,Batch,Running,AutomationPilot,2.001638,57.3580237785363,MissionCache,True,"","D:\Workspace\MM\FlightSim\FlightSimProject\Artifacts\FoundationSmoke\smoke-00001000\KTEX_CAP_01-00001000"
115.19000000002202,"smoke-00001000","KTEX_CAP_01-00001000","KTEX_CAP_01",1000,Batch,Running,AutomationPilot,2.0053015,57.3529716105144,MissionCache,True,"","D:\Workspace\MM\FlightSim\FlightSimProject\Artifacts\FoundationSmoke\smoke-00001000\KTEX_CAP_01-00001000"
115.39000000002213,"smoke-00001000","KTEX_CAP_01-00001000","KTEX_CAP_01",1000,Batch,Running,AutomationPilot,2.0084250999999997,57.363354003105243,MissionCache,True,"","D:\Workspace\MM\FlightSim\FlightSimProject\Artifacts\FoundationSmoke\smoke-00001000\KTEX_CAP_01-00001000"
115.59000000002223,"smoke-00001000","KTEX_CAP_01-00001000","KTEX_CAP_01",1000,Batch,Running,AutomationPilot,2.0114814,57.375623756710915,MissionCache,True,"","D:\Workspace\MM\FlightSim\FlightSimProject\Artifacts\FoundationSmoke\smoke-00001000\KTEX_CAP_01-00001000"
115.79000000002233,"smoke-00001000","KTEX_CAP_01-00001000","KTEX_CAP_01",1000,Batch,Running,AutomationPilot,2.0144759,57.389616822927614,MissionCache,True,"","D:\Workspace\MM\FlightSim\FlightSimProject\Artifacts\FoundationSmoke\smoke-00001000\KTEX_CAP_01-00001000"
115.99000000002243,"smoke-00001000","KTEX_CAP_01-00001000","KTEX_CAP_01",1000,Batch,Running,AutomationPilot,2.0175129,57.40235911256,MissionCache,True,"","D:\Workspace\MM\FlightSim\FlightSimProject\Artifacts\FoundationSmoke\smoke-00001000\KTEX_CAP_01-00001000"
116.19000000002254,"smoke-00001000","KTEX_CAP_01-00001000","KTEX_CAP_01",1000,Batch,Running,AutomationPilot,2.0204787,57.417086356823482,MissionCache,True,"","D:\Workspace\MM\FlightSim\FlightSimProject\Artifacts\FoundationSmoke\smoke-00001000\KTEX_CAP_01-00001000"
116.39000000002264,"smoke-00001000","KTEX_CAP_01-00001000","KTEX_CAP_01",1000,Batch,Running,AutomationPilot,2.0234392999999997,57.43191802196516,MissionCache,True,"","D:\Workspace\MM\FlightSim\FlightSimProject\Artifacts\FoundationSmoke\smoke-00001000\KTEX_CAP_01-00001000"
116.59000000002274,"smoke-00001000","KTEX_CAP_01-00001000","KTEX_CAP_01",1000,Batch,Running,AutomationPilot,2.0264146,57.446289619124663,MissionCache,True,"","D:\Workspace\MM\FlightSim\FlightSimProject\Artifacts\FoundationSmoke\smoke-00001000\KTEX_CAP_01-00001000"
116.79000000002284,"smoke-00001000","KTEX_CAP_01-00001000","KTEX_CAP_01",1000,Batch,Running,AutomationPilot,2.0299838,57.443808172273464,MissionCache,True,"","D:\Workspace\MM\FlightSim\FlightSimProject\Artifacts\FoundationSmoke\smoke-00001000\KTEX_CAP_01-00001000"
116.99000000002295,"smoke-00001000","KTEX_CAP_01-00001000","KTEX_CAP_01",1000,Batch,Running,AutomationPilot,2.0335033,57.442739335619891,MissionCache,True,"","D:\Workspace\MM\FlightSim\FlightSimProject\Artifacts\FoundationSmoke\smoke-00001000\KTEX_CAP_01-00001000"
117.19000000002305,"smoke-00001000","KTEX_CAP_01-00001000","KTEX_CAP_01",1000,Batch,Running,AutomationPilot,2.0365072,57.456217193841965,MissionCache,True,"","D:\Workspace\MM\FlightSim\FlightSimProject\Artifacts\FoundationSmoke\smoke-00001000\KTEX_CAP_01-00001000"
117.39000000002315,"smoke-00001000","KTEX_CAP_01-00001000","KTEX_CAP_01",1000,Batch,Running,AutomationPilot,2.0394414,57.47161943462708,MissionCache,True,"","D:\Workspace\MM\FlightSim\FlightSimProject\Artifacts\FoundationSmoke\smoke-00001000\KTEX_CAP_01-00001000"
117.59000000002325,"smoke-00001000","KTEX_CAP_01-00001000","KTEX_CAP_01",1000,Batch,Running,AutomationPilot,2.0423880999999997,57.486625583072666,MissionCache,True,"","D:\Workspace\MM\FlightSim\FlightSimProject\Artifacts\FoundationSmoke\smoke-00001000\KTEX_CAP_01-00001000"
117.79000000002335,"smoke-00001000","KTEX_CAP_01-00001000","KTEX_CAP_01",1000,Batch,Running,AutomationPilot,2.0453218,57.501953971264214,MissionCache,True,"","D:\Workspace\MM\FlightSim\FlightSimProject\Artifacts\FoundationSmoke\smoke-00001000\KTEX_CAP_01-00001000"
117.99000000002346,"smoke-00001000","KTEX_CAP_01-00001000","KTEX_CAP_01",1000,Batch,Running,AutomationPilot,2.0482951,57.516126460500431,MissionCache,True,"","D:\Workspace\MM\FlightSim\FlightSimProject\Artifacts\FoundationSmoke\smoke-00001000\KTEX_CAP_01-00001000"
118.19000000002356,"smoke-00001000","KTEX_CAP_01-00001000","KTEX_CAP_01",1000,Batch,Running,AutomationPilot,2.051329,57.528558315133004,MissionCache,True,"","D:\Workspace\MM\FlightSim\FlightSimProject\Artifacts\FoundationSmoke\smoke-00001000\KTEX_CAP_01-00001000"
118.39000000002366,"smoke-00001000","KTEX_CAP_01-00001000","KTEX_CAP_01",1000,Batch,Running,AutomationPilot,2.0549114,57.525594534160241,MissionCache,True,"","D:\Workspace\MM\FlightSim\FlightSimProject\Artifacts\FoundationSmoke\smoke-00001000\KTEX_CAP_01-00001000"
118.59000000002376,"smoke-00001000","KTEX_CAP_01-00001000","KTEX_CAP_01",1000,Batch,Running,AutomationPilot,2.0579264999999998,57.538498095060092,MissionCache,True,"","D:\Workspace\MM\FlightSim\FlightSimProject\Artifacts\FoundationSmoke\smoke-00001000\KTEX_CAP_01-00001000"
118.79000000002387,"smoke-00001000","KTEX_CAP_01-00001000","KTEX_CAP_01",1000,Batch,Running,AutomationPilot,2.0608850999999997,57.552941694820248,MissionCache,True,"","D:\Workspace\MM\FlightSim\FlightSimProject\Artifacts\FoundationSmoke\smoke-00001000\KTEX_CAP_01-00001000"
118.99000000002397,"smoke-00001000","KTEX_CAP_01-00001000","KTEX_CAP_01",1000,Batch,Running,AutomationPilot,2.0639529999999997,57.564295310999761,MissionCache,True,"","D:\Workspace\MM\FlightSim\FlightSimProject\Artifacts\FoundationSmoke\smoke-00001000\KTEX_CAP_01-00001000"
119.19000000002407,"smoke-00001000","KTEX_CAP_01-00001000","KTEX_CAP_01",1000,Batch,Running,AutomationPilot,2.0669489,57.577620811053428,MissionCache,True,"","D:\Workspace\MM\FlightSim\FlightSimProject\Artifacts\FoundationSmoke\smoke-00001000\KTEX_CAP_01-00001000"
119.39000000002417,"smoke-00001000","KTEX_CAP_01-00001000","KTEX_CAP_01",1000,Batch,Running,AutomationPilot,2.0699017,57.592106910209353,MissionCache,True,"","D:\Workspace\MM\FlightSim\FlightSimProject\Artifacts\FoundationSmoke\smoke-00001000\KTEX_CAP_01-00001000"
119.59000000002428,"smoke-00001000","KTEX_CAP_01-00001000","KTEX_CAP_01",1000,Batch,Running,AutomationPilot,2.0728497,57.606685134973453,MissionCache,True,"","D:\Workspace\MM\FlightSim\FlightSimProject\Artifacts\FoundationSmoke\smoke-00001000\KTEX_CAP_01-00001000"
119.79000000002438,"smoke-00001000","KTEX_CAP_01-00001000","KTEX_CAP_01",1000,Batch,Running,AutomationPilot,2.0765469,57.600432718386614,MissionCache,True,"","D:\Workspace\MM\FlightSim\FlightSimProject\Artifacts\FoundationSmoke\smoke-00001000\KTEX_CAP_01-00001000"
119.99000000002448,"smoke-00001000","KTEX_CAP_01-00001000","KTEX_CAP_01",1000,Batch,Running,AutomationPilot,2.0798519,57.605063129747073,MissionCache,True,"","D:\Workspace\MM\FlightSim\FlightSimProject\Artifacts\FoundationSmoke\smoke-00001000\KTEX_CAP_01-00001000"
120.19000000002458,"smoke-00001000","KTEX_CAP_01-00001000","KTEX_CAP_01",1000,Batch,Running,AutomationPilot,2.0829237,57.616128713703965,MissionCache,True,"","D:\Workspace\MM\FlightSim\FlightSimProject\Artifacts\FoundationSmoke\smoke-00001000\KTEX_CAP_01-00001000"
120.39000000002468,"smoke-00001000","KTEX_CAP_01-00001000","KTEX_CAP_01",1000,Batch,Running,AutomationPilot,2.0858640999999998,57.630791958126423,MissionCache,True,"","D:\Workspace\MM\FlightSim\FlightSimProject\Artifacts\FoundationSmoke\smoke-00001000\KTEX_CAP_01-00001000"
120.59000000002479,"smoke-00001000","KTEX_CAP_01-00001000","KTEX_CAP_01",1000,Batch,Running,AutomationPilot,2.0888199,57.644988924140712,MissionCache,True,"","D:\Workspace\MM\FlightSim\FlightSimProject\Artifacts\FoundationSmoke\smoke-00001000\KTEX_CAP_01-00001000"
120.79000000002489,"smoke-00001000","KTEX_CAP_01-00001000","KTEX_CAP_01",1000,Batch,Running,AutomationPilot,2.0917661,57.659410390112349,MissionCache,True,"","D:\Workspace\MM\FlightSim\FlightSimProject\Artifacts\FoundationSmoke\smoke-00001000\KTEX_CAP_01-00001000"
120.99000000002499,"smoke-00001000","KTEX_CAP_01-00001000","KTEX_CAP_01",1000,Batch,Running,AutomationPilot,2.095256,57.658825460957942,MissionCache,True,"","D:\Workspace\MM\FlightSim\FlightSimProject\Artifacts\FoundationSmoke\smoke-00001000\KTEX_CAP_01-00001000"
121.19000000002509,"smoke-00001000","KTEX_CAP_01-00001000","KTEX_CAP_01",1000,Batch,Running,AutomationPilot,2.1003917999999997,57.613060572806,MissionCache,True,"","D:\Workspace\MM\FlightSim\FlightSimProject\Artifacts\FoundationSmoke\smoke-00001000\KTEX_CAP_01-00001000"
121.3900000000252,"smoke-00001000","KTEX_CAP_01-00001000","KTEX_CAP_01",1000,Batch,Running,AutomationPilot,2.1050532,57.580492502529204,MissionCache,True,"","D:\Workspace\MM\FlightSim\FlightSimProject\Artifacts\FoundationSmoke\smoke-00001000\KTEX_CAP_01-00001000"
121.5900000000253,"smoke-00001000","KTEX_CAP_01-00001000","KTEX_CAP_01",1000,Batch,Running,AutomationPilot,2.1080767,57.592781135537059,MissionCache,True,"","D:\Workspace\MM\FlightSim\FlightSimProject\Artifacts\FoundationSmoke\smoke-00001000\KTEX_CAP_01-00001000"
121.7900000000254,"smoke-00001000","KTEX_CAP_01-00001000","KTEX_CAP_01",1000,Batch,Running,AutomationPilot,2.1112374,57.60129107225238,MissionCache,True,"","D:\Workspace\MM\FlightSim\FlightSimProject\Artifacts\FoundationSmoke\smoke-00001000\KTEX_CAP_01-00001000"
121.9900000000255,"smoke-00001000","KTEX_CAP_01-00001000","KTEX_CAP_01",1000,Batch,Running,AutomationPilot,2.1141940999999997,57.615334372575077,MissionCache,True,"","D:\Workspace\MM\FlightSim\FlightSimProject\Artifacts\FoundationSmoke\smoke-00001000\KTEX_CAP_01-00001000"
122.19000000002561,"smoke-00001000","KTEX_CAP_01-00001000","KTEX_CAP_01",1000,Batch,Running,AutomationPilot,2.1171824,57.62847830211772,MissionCache,True,"","D:\Workspace\MM\FlightSim\FlightSimProject\Artifacts\FoundationSmoke\smoke-00001000\KTEX_CAP_01-00001000"
122.39000000002571,"smoke-00001000","KTEX_CAP_01-00001000","KTEX_CAP_01",1000,Batch,Running,AutomationPilot,2.1201217,57.642917385367838,MissionCache,True,"","D:\Workspace\MM\FlightSim\FlightSimProject\Artifacts\FoundationSmoke\smoke-00001000\KTEX_CAP_01-00001000"
122.59000000002581,"smoke-00001000","KTEX_CAP_01-00001000","KTEX_CAP_01",1000,Batch,Running,AutomationPilot,2.1230799,57.656803213117755,MissionCache,True,"","D:\Workspace\MM\FlightSim\FlightSimProject\Artifacts\FoundationSmoke\smoke-00001000\KTEX_CAP_01-00001000"
122.79000000002591,"smoke-00001000","KTEX_CAP_01-00001000","KTEX_CAP_01",1000,Batch,Running,AutomationPilot,2.1262613,57.664596538546711,MissionCache,True,"","D:\Workspace\MM\FlightSim\FlightSimProject\Artifacts\FoundationSmoke\smoke-00001000\KTEX_CAP_01-00001000"
122.99000000002601,"smoke-00001000","KTEX_CAP_01-00001000","KTEX_CAP_01",1000,Batch,Running,AutomationPilot,2.1298645,57.660945097693265,MissionCache,True,"","D:\Workspace\MM\FlightSim\FlightSimProject\Artifacts\FoundationSmoke\smoke-00001000\KTEX_CAP_01-00001000"
123.19000000002612,"smoke-00001000","KTEX_CAP_01-00001000","KTEX_CAP_01",1000,Batch,Running,AutomationPilot,2.1328722,57.673403966738384,MissionCache,True,"","D:\Workspace\MM\FlightSim\FlightSimProject\Artifacts\FoundationSmoke\smoke-00001000\KTEX_CAP_01-00001000"
123.39000000002622,"smoke-00001000","KTEX_CAP_01-00001000","KTEX_CAP_01",1000,Batch,Running,AutomationPilot,2.1358894999999998,57.685568471602181,MissionCache,True,"","D:\Workspace\MM\FlightSim\FlightSimProject\Artifacts\FoundationSmoke\smoke-00001000\KTEX_CAP_01-00001000"
123.59000000002632,"smoke-00001000","KTEX_CAP_01-00001000","KTEX_CAP_01",1000,Batch,Running,AutomationPilot,2.1388316,57.699727271668429,MissionCache,True,"","D:\Workspace\MM\FlightSim\FlightSimProject\Artifacts\FoundationSmoke\smoke-00001000\KTEX_CAP_01-00001000"
123.79000000002642,"smoke-00001000","KTEX_CAP_01-00001000","KTEX_CAP_01",1000,Batch,Running,AutomationPilot,2.1425452,57.693065238495947,MissionCache,True,"","D:\Workspace\MM\FlightSim\FlightSimProject\Artifacts\FoundationSmoke\smoke-00001000\KTEX_CAP_01-00001000"
123.99000000002653,"smoke-00001000","KTEX_CAP_01-00001000","KTEX_CAP_01",1000,Batch,Running,AutomationPilot,2.1455205,57.706276868492488,MissionCache,True,"","D:\Workspace\MM\FlightSim\FlightSimProject\Artifacts\FoundationSmoke\smoke-00001000\KTEX_CAP_01-00001000"
124.19000000002663,"smoke-00001000","KTEX_CAP_01-00001000","KTEX_CAP_01",1000,Batch,Running,AutomationPilot,2.1484562,57.720515782461163,MissionCache,True,"","D:\Workspace\MM\FlightSim\FlightSimProject\Artifacts\FoundationSmoke\smoke-00001000\KTEX_CAP_01-00001000"
124.39000000002673,"smoke-00001000","KTEX_CAP_01-00001000","KTEX_CAP_01",1000,Batch,Running,AutomationPilot,2.1520474,57.717130208203891,MissionCache,True,"","D:\Workspace\MM\FlightSim\FlightSimProject\Artifacts\FoundationSmoke\smoke-00001000\KTEX_CAP_01-00001000"
124.59000000002683,"smoke-00001000","KTEX_CAP_01-00001000","KTEX_CAP_01",1000,Batch,Running,AutomationPilot,2.1550132,57.7305048526045,MissionCache,True,"","D:\Workspace\MM\FlightSim\FlightSimProject\Artifacts\FoundationSmoke\smoke-00001000\KTEX_CAP_01-00001000"
124.79000000002694,"smoke-00001000","KTEX_CAP_01-00001000","KTEX_CAP_01",1000,Batch,Running,AutomationPilot,2.1584491999999997,57.731263723986117,MissionCache,True,"","D:\Workspace\MM\FlightSim\FlightSimProject\Artifacts\FoundationSmoke\smoke-00001000\KTEX_CAP_01-00001000"
124.99000000002704,"smoke-00001000","KTEX_CAP_01-00001000","KTEX_CAP_01",1000,Batch,Running,AutomationPilot,2.1614071999999998,57.744787747550284,MissionCache,True,"","D:\Workspace\MM\FlightSim\FlightSimProject\Artifacts\FoundationSmoke\smoke-00001000\KTEX_CAP_01-00001000"
125.19000000002714,"smoke-00001000","KTEX_CAP_01-00001000","KTEX_CAP_01",1000,Batch,Running,AutomationPilot,2.1643182,57.759529074803815,MissionCache,True,"","D:\Workspace\MM\FlightSim\FlightSimProject\Artifacts\FoundationSmoke\smoke-00001000\KTEX_CAP_01-00001000"
125.39000000002724,"smoke-00001000","KTEX_CAP_01-00001000","KTEX_CAP_01",1000,Batch,Running,AutomationPilot,2.1674548,57.768217357993883,MissionCache,True,"","D:\Workspace\MM\FlightSim\FlightSimProject\Artifacts\FoundationSmoke\smoke-00001000\KTEX_CAP_01-00001000"
125.59000000002735,"smoke-00001000","KTEX_CAP_01-00001000","KTEX_CAP_01",1000,Batch,Running,AutomationPilot,2.1703959,57.782084826103507,MissionCache,True,"","D:\Workspace\MM\FlightSim\FlightSimProject\Artifacts\FoundationSmoke\smoke-00001000\KTEX_CAP_01-00001000"
125.79000000002745,"smoke-00001000","KTEX_CAP_01-00001000","KTEX_CAP_01",1000,Batch,Running,AutomationPilot,2.1735167,57.791136364412274,MissionCache,True,"","D:\Workspace\MM\FlightSim\FlightSimProject\Artifacts\FoundationSmoke\smoke-00001000\KTEX_CAP_01-00001000"
125.99000000002755,"smoke-00001000","KTEX_CAP_01-00001000","KTEX_CAP_01",1000,Batch,Running,AutomationPilot,2.1772462999999997,57.783999908520904,MissionCache,True,"","D:\Workspace\MM\FlightSim\FlightSimProject\Artifacts\FoundationSmoke\smoke-00001000\KTEX_CAP_01-00001000"
126.19000000002765,"smoke-00001000","KTEX_CAP_01-00001000","KTEX_CAP_01",1000,Batch,Running,AutomationPilot,2.1802665,57.79568690342559,MissionCache,True,"","D:\Workspace\MM\FlightSim\FlightSimProject\Artifacts\FoundationSmoke\smoke-00001000\KTEX_CAP_01-00001000"
126.39000000002775,"smoke-00001000","KTEX_CAP_01-00001000","KTEX_CAP_01",1000,Batch,Running,AutomationPilot,2.1832667999999997,57.807868465744853,MissionCache,True,"","D:\Workspace\MM\FlightSim\FlightSimProject\Artifacts\FoundationSmoke\smoke-00001000\KTEX_CAP_01-00001000"
126.59000000002786,"smoke-00001000","KTEX_CAP_01-00001000","KTEX_CAP_01",1000,Batch,Running,AutomationPilot,2.1863793,57.817049402190996,MissionCache,True,"","D:\Workspace\MM\FlightSim\FlightSimProject\Artifacts\FoundationSmoke\smoke-00001000\KTEX_CAP_01-00001000"
126.79000000002796,"smoke-00001000","KTEX_CAP_01-00001000","KTEX_CAP_01",1000,Batch,Running,AutomationPilot,2.1900356999999997,57.811842975905776,MissionCache,True,"","D:\Workspace\MM\FlightSim\FlightSimProject\Artifacts\FoundationSmoke\smoke-00001000\KTEX_CAP_01-00001000"
126.99000000002806,"smoke-00001000","KTEX_CAP_01-00001000","KTEX_CAP_01",1000,Batch,Running,AutomationPilot,2.1929911,57.825132076472165,MissionCache,True,"","D:\Workspace\MM\FlightSim\FlightSimProject\Artifacts\FoundationSmoke\smoke-00001000\KTEX_CAP_01-00001000"
127.19000000002816,"smoke-00001000","KTEX_CAP_01-00001000","KTEX_CAP_01",1000,Batch,Running,AutomationPilot,2.1959861,57.837342413063581,MissionCache,True,"","D:\Workspace\MM\FlightSim\FlightSimProject\Artifacts\FoundationSmoke\smoke-00001000\KTEX_CAP_01-00001000"
127.39000000002827,"smoke-00001000","KTEX_CAP_01-00001000","KTEX_CAP_01",1000,Batch,Running,AutomationPilot,2.1995929999999997,57.833426456634562,MissionCache,True,"","D:\Workspace\MM\FlightSim\FlightSimProject\Artifacts\FoundationSmoke\smoke-00001000\KTEX_CAP_01-00001000"
127.59000000002837,"smoke-00001000","KTEX_CAP_01-00001000","KTEX_CAP_01",1000,Batch,Running,AutomationPilot,2.2026749,57.84330679031585,MissionCache,True,"","D:\Workspace\MM\FlightSim\FlightSimProject\Artifacts\FoundationSmoke\smoke-00001000\KTEX_CAP_01-00001000"
127.79000000002847,"smoke-00001000","KTEX_CAP_01-00001000","KTEX_CAP_01",1000,Batch,Running,AutomationPilot,2.2058179,57.851557012040011,MissionCache,True,"","D:\Workspace\MM\FlightSim\FlightSimProject\Artifacts\FoundationSmoke\smoke-00001000\KTEX_CAP_01-00001000"
127.99000000002857,"smoke-00001000","KTEX_CAP_01-00001000","KTEX_CAP_01",1000,Batch,Running,AutomationPilot,2.208795,57.864129536705981,MissionCache,True,"","D:\Workspace\MM\FlightSim\FlightSimProject\Artifacts\FoundationSmoke\smoke-00001000\KTEX_CAP_01-00001000"
128.19000000002839,"smoke-00001000","KTEX_CAP_01-00001000","KTEX_CAP_01",1000,Batch,Running,AutomationPilot,2.2117975,57.876003567247253,MissionCache,True,"","D:\Workspace\MM\FlightSim\FlightSimProject\Artifacts\FoundationSmoke\smoke-00001000\KTEX_CAP_01-00001000"
128.39000000002821,"smoke-00001000","KTEX_CAP_01-00001000","KTEX_CAP_01",1000,Batch,Running,AutomationPilot,2.2147908,57.888085863472241,MissionCache,True,"","D:\Workspace\MM\FlightSim\FlightSimProject\Artifacts\FoundationSmoke\smoke-00001000\KTEX_CAP_01-00001000"
128.59000000002803,"smoke-00001000","KTEX_CAP_01-00001000","KTEX_CAP_01",1000,Batch,Running,AutomationPilot,2.2194699,57.85615745454723,MissionCache,True,"","D:\Workspace\MM\FlightSim\FlightSimProject\Artifacts\FoundationSmoke\smoke-00001000\KTEX_CAP_01-00001000"
128.79000000002785,"smoke-00001000","KTEX_CAP_01-00001000","KTEX_CAP_01",1000,Batch,Running,AutomationPilot,2.2244656,57.816133456965133,MissionCache,True,"","D:\Workspace\MM\FlightSim\FlightSimProject\Artifacts\FoundationSmoke\smoke-00001000\KTEX_CAP_01-00001000"
128.99000000002766,"smoke-00001000","KTEX_CAP_01-00001000","KTEX_CAP_01",1000,Batch,Running,AutomationPilot,2.2284884,57.801512451232789,MissionCache,True,"","D:\Workspace\MM\FlightSim\FlightSimProject\Artifacts\FoundationSmoke\smoke-00001000\KTEX_CAP_01-00001000"
129.19000000002748,"smoke-00001000","KTEX_CAP_01-00001000","KTEX_CAP_01",1000,Batch,Running,AutomationPilot,2.2315038,57.813031732246053,MissionCache,True,"","D:\Workspace\MM\FlightSim\FlightSimProject\Artifacts\FoundationSmoke\smoke-00001000\KTEX_CAP_01-00001000"
129.3900000000273,"smoke-00001000","KTEX_CAP_01-00001000","KTEX_CAP_01",1000,Batch,Running,AutomationPilot,2.2345104,57.824747649430257,MissionCache,True,"","D:\Workspace\MM\FlightSim\FlightSimProject\Artifacts\FoundationSmoke\smoke-00001000\KTEX_CAP_01-00001000"
129.59000000002712,"smoke-00001000","KTEX_CAP_01-00001000","KTEX_CAP_01",1000,Batch,Running,AutomationPilot,2.2380473999999997,57.822725291710668,MissionCache,True,"","D:\Workspace\MM\FlightSim\FlightSimProject\Artifacts\FoundationSmoke\smoke-00001000\KTEX_CAP_01-00001000"
129.79000000002694,"smoke-00001000","KTEX_CAP_01-00001000","KTEX_CAP_01",1000,Batch,Running,AutomationPilot,2.2409966999999997,57.835872761449011,MissionCache,True,"","D:\Workspace\MM\FlightSim\FlightSimProject\Artifacts\FoundationSmoke\smoke-00001000\KTEX_CAP_01-00001000"
129.99000000002675,"smoke-00001000","KTEX_CAP_01-00001000","KTEX_CAP_01",1000,Batch,Running,AutomationPilot,2.2439382,57.84918675569002,MissionCache,True,"","D:\Workspace\MM\FlightSim\FlightSimProject\Artifacts\FoundationSmoke\smoke-00001000\KTEX_CAP_01-00001000"
130.19000000002657,"smoke-00001000","KTEX_CAP_01-00001000","KTEX_CAP_01",1000,Batch,Running,AutomationPilot,2.2468748,57.862592076793391,MissionCache,True,"","D:\Workspace\MM\FlightSim\FlightSimProject\Artifacts\FoundationSmoke\smoke-00001000\KTEX_CAP_01-00001000"
130.39000000002639,"smoke-00001000","KTEX_CAP_01-00001000","KTEX_CAP_01",1000,Batch,Running,AutomationPilot,2.2498226999999997,57.875671714053986,MissionCache,True,"","D:\Workspace\MM\FlightSim\FlightSimProject\Artifacts\FoundationSmoke\smoke-00001000\KTEX_CAP_01-00001000"
130.59000000002621,"smoke-00001000","KTEX_CAP_01-00001000","KTEX_CAP_01",1000,Batch,Running,AutomationPilot,2.2534245,57.871918939385978,MissionCache,True,"","D:\Workspace\MM\FlightSim\FlightSimProject\Artifacts\FoundationSmoke\smoke-00001000\KTEX_CAP_01-00001000"
130.79000000002603,"smoke-00001000","KTEX_CAP_01-00001000","KTEX_CAP_01",1000,Batch,Running,AutomationPilot,2.2564417999999997,57.883168092359483,MissionCache,True,"","D:\Workspace\MM\FlightSim\FlightSimProject\Artifacts\FoundationSmoke\smoke-00001000\KTEX_CAP_01-00001000"
130.99000000002584,"smoke-00001000","KTEX_CAP_01-00001000","KTEX_CAP_01",1000,Batch,Running,AutomationPilot,2.2593796,57.896424310472668,MissionCache,True,"","D:\Workspace\MM\FlightSim\FlightSimProject\Artifacts\FoundationSmoke\smoke-00001000\KTEX_CAP_01-00001000"
131.19000000002566,"smoke-00001000","KTEX_CAP_01-00001000","KTEX_CAP_01",1000,Batch,Running,AutomationPilot,2.2623645999999997,57.908437923766066,MissionCache,True,"","D:\Workspace\MM\FlightSim\FlightSimProject\Artifacts\FoundationSmoke\smoke-00001000\KTEX_CAP_01-00001000"
131.39000000002548,"smoke-00001000","KTEX_CAP_01-00001000","KTEX_CAP_01",1000,Batch,Running,AutomationPilot,2.2656894,57.91173317932531,MissionCache,True,"","D:\Workspace\MM\FlightSim\FlightSimProject\Artifacts\FoundationSmoke\smoke-00001000\KTEX_CAP_01-00001000"
131.5900000000253,"smoke-00001000","KTEX_CAP_01-00001000","KTEX_CAP_01",1000,Batch,Running,AutomationPilot,2.2687557,57.921617563330187,MissionCache,True,"","D:\Workspace\MM\FlightSim\FlightSimProject\Artifacts\FoundationSmoke\smoke-00001000\KTEX_CAP_01-00001000"
131.79000000002512,"smoke-00001000","KTEX_CAP_01-00001000","KTEX_CAP_01",1000,Batch,Running,AutomationPilot,2.2716865,57.934930722186046,MissionCache,True,"","D:\Workspace\MM\FlightSim\FlightSimProject\Artifacts\FoundationSmoke\smoke-00001000\KTEX_CAP_01-00001000"
131.99000000002493,"smoke-00001000","KTEX_CAP_01-00001000","KTEX_CAP_01",1000,Batch,Running,AutomationPilot,2.2753197,57.930320736916713,MissionCache,True,"","D:\Workspace\MM\FlightSim\FlightSimProject\Artifacts\FoundationSmoke\smoke-00001000\KTEX_CAP_01-00001000"
132.19000000002475,"smoke-00001000","KTEX_CAP_01-00001000","KTEX_CAP_01",1000,Batch,Running,AutomationPilot,2.2783237,57.941722679716193,MissionCache,True,"","D:\Workspace\MM\FlightSim\FlightSimProject\Artifacts\FoundationSmoke\smoke-00001000\KTEX_CAP_01-00001000"
132.39000000002457,"smoke-00001000","KTEX_CAP_01-00001000","KTEX_CAP_01",1000,Batch,Running,AutomationPilot,2.2817575999999997,57.942175803435369,MissionCache,True,"","D:\Workspace\MM\FlightSim\FlightSimProject\Artifacts\FoundationSmoke\smoke-00001000\KTEX_CAP_01-00001000"
132.59000000002439,"smoke-00001000","KTEX_CAP_01-00001000","KTEX_CAP_01",1000,Batch,Running,AutomationPilot,2.2847613,57.953537640901288,MissionCache,True,"","D:\Workspace\MM\FlightSim\FlightSimProject\Artifacts\FoundationSmoke\smoke-00001000\KTEX_CAP_01-00001000"
132.79000000002421,"smoke-00001000","KTEX_CAP_01-00001000","KTEX_CAP_01",1000,Batch,Running,AutomationPilot,2.2883253,57.950676855263708,MissionCache,True,"","D:\Workspace\MM\FlightSim\FlightSimProject\Artifacts\FoundationSmoke\smoke-00001000\KTEX_CAP_01-00001000"
132.99000000002403,"smoke-00001000","KTEX_CAP_01-00001000","KTEX_CAP_01",1000,Batch,Running,AutomationPilot,2.2912692,57.963507736246875,MissionCache,True,"","D:\Workspace\MM\FlightSim\FlightSimProject\Artifacts\FoundationSmoke\smoke-00001000\KTEX_CAP_01-00001000"
133.19000000002384,"smoke-00001000","KTEX_CAP_01-00001000","KTEX_CAP_01",1000,Batch,Running,AutomationPilot,2.2942188999999997,57.976159118915824,MissionCache,True,"","D:\Workspace\MM\FlightSim\FlightSimProject\Artifacts\FoundationSmoke\smoke-00001000\KTEX_CAP_01-00001000"
133.39000000002366,"smoke-00001000","KTEX_CAP_01-00001000","KTEX_CAP_01",1000,Batch,Running,AutomationPilot,2.2971918,57.988192366011333,MissionCache,True,"","D:\Workspace\MM\FlightSim\FlightSimProject\Artifacts\FoundationSmoke\smoke-00001000\KTEX_CAP_01-00001000"
133.59000000002348,"smoke-00001000","KTEX_CAP_01-00001000","KTEX_CAP_01",1000,Batch,Running,AutomationPilot,2.3007944,57.984320545992134,MissionCache,True,"","D:\Workspace\MM\FlightSim\FlightSimProject\Artifacts\FoundationSmoke\smoke-00001000\KTEX_CAP_01-00001000"
133.7900000000233,"smoke-00001000","KTEX_CAP_01-00001000","KTEX_CAP_01",1000,Batch,Running,AutomationPilot,2.3037845,57.995875916355658,MissionCache,True,"","D:\Workspace\MM\FlightSim\FlightSimProject\Artifacts\FoundationSmoke\smoke-00001000\KTEX_CAP_01-00001000"
133.99000000002312,"smoke-00001000","KTEX_CAP_01-00001000","KTEX_CAP_01",1000,Batch,Running,AutomationPilot,2.3076122,57.986346232708982,MissionCache,True,"","D:\Workspace\MM\FlightSim\FlightSimProject\Artifacts\FoundationSmoke\smoke-00001000\KTEX_CAP_01-00001000"
134.19000000002293,"smoke-00001000","KTEX_CAP_01-00001000","KTEX_CAP_01",1000,Batch,Running,AutomationPilot,2.3122616,57.956245089233462,MissionCache,True,"","D:\Workspace\MM\FlightSim\FlightSimProject\Artifacts\FoundationSmoke\smoke-00001000\KTEX_CAP_01-00001000"
134.39000000002275,"smoke-00001000","KTEX_CAP_01-00001000","KTEX_CAP_01",1000,Batch,Running,AutomationPilot,2.3152895,57.966833089349265,MissionCache,True,"","D:\Workspace\MM\FlightSim\FlightSimProject\Artifacts\FoundationSmoke\smoke-00001000\KTEX_CAP_01-00001000"
134.59000000002257,"smoke-00001000","KTEX_CAP_01-00001000","KTEX_CAP_01",1000,Batch,Running,AutomationPilot,2.3183305,57.977065823886079,MissionCache,True,"","D:\Workspace\MM\FlightSim\FlightSimProject\Artifacts\FoundationSmoke\smoke-00001000\KTEX_CAP_01-00001000"
134.79000000002239,"smoke-00001000","KTEX_CAP_01-00001000","KTEX_CAP_01",1000,Batch,Running,AutomationPilot,2.3213458,57.987913735223138,MissionCache,True,"","D:\Workspace\MM\FlightSim\FlightSimProject\Artifacts\FoundationSmoke\smoke-00001000\KTEX_CAP_01-00001000"
134.99000000002221,"smoke-00001000","KTEX_CAP_01-00001000","KTEX_CAP_01",1000,Batch,Running,AutomationPilot,2.3243119,57.999961192825438,MissionCache,True,"","D:\Workspace\MM\FlightSim\FlightSimProject\Artifacts\FoundationSmoke\smoke-00001000\KTEX_CAP_01-00001000"
135.19000000002202,"smoke-00001000","KTEX_CAP_01-00001000","KTEX_CAP_01",1000,Batch,Running,AutomationPilot,2.3280857999999998,57.991848925852388,MissionCache,True,"","D:\Workspace\MM\FlightSim\FlightSimProject\Artifacts\FoundationSmoke\smoke-00001000\KTEX_CAP_01-00001000"
135.39000000002184,"smoke-00001000","KTEX_CAP_01-00001000","KTEX_CAP_01",1000,Batch,Running,AutomationPilot,2.3308316,58.009338812817717,MissionCache,True,"","D:\Workspace\MM\FlightSim\FlightSimProject\Artifacts\FoundationSmoke\smoke-00001000\KTEX_CAP_01-00001000"
135.59000000002166,"smoke-00001000","KTEX_CAP_01-00001000","KTEX_CAP_01",1000,Batch,Running,AutomationPilot,2.333563,58.027145613819656,MissionCache,True,"","D:\Workspace\MM\FlightSim\FlightSimProject\Artifacts\FoundationSmoke\smoke-00001000\KTEX_CAP_01-00001000"
135.79000000002148,"smoke-00001000","KTEX_CAP_01-00001000","KTEX_CAP_01",1000,Batch,Running,AutomationPilot,2.3363533,58.0434474529266,MissionCache,True,"","D:\Workspace\MM\FlightSim\FlightSimProject\Artifacts\FoundationSmoke\smoke-00001000\KTEX_CAP_01-00001000"
135.9900000000213,"smoke-00001000","KTEX_CAP_01-00001000","KTEX_CAP_01",1000,Batch,Running,AutomationPilot,2.3390909,58.061018492278968,MissionCache,True,"","D:\Workspace\MM\FlightSim\FlightSimProject\Artifacts\FoundationSmoke\smoke-00001000\KTEX_CAP_01-00001000"
136.19000000002112,"smoke-00001000","KTEX_CAP_01-00001000","KTEX_CAP_01",1000,Batch,Running,AutomationPilot,2.3418158,58.078863418728865,MissionCache,True,"","D:\Workspace\MM\FlightSim\FlightSimProject\Artifacts\FoundationSmoke\smoke-00001000\KTEX_CAP_01-00001000"
136.39000000002093,"smoke-00001000","KTEX_CAP_01-00001000","KTEX_CAP_01",1000,Batch,Running,AutomationPilot,2.3450731,58.083477227222083,MissionCache,True,"","D:\Workspace\MM\FlightSim\FlightSimProject\Artifacts\FoundationSmoke\smoke-00001000\KTEX_CAP_01-00001000"
136.59000000002075,"smoke-00001000","KTEX_CAP_01-00001000","KTEX_CAP_01",1000,Batch,Running,AutomationPilot,2.3478168999999998,58.100782901776086,MissionCache,True,"","D:\Workspace\MM\FlightSim\FlightSimProject\Artifacts\FoundationSmoke\smoke-00001000\KTEX_CAP_01-00001000"
136.79000000002057,"smoke-00001000","KTEX_CAP_01-00001000","KTEX_CAP_01",1000,Batch,Running,AutomationPilot,2.3505461,58.118409164585515,MissionCache,True,"","D:\Workspace\MM\FlightSim\FlightSimProject\Artifacts\FoundationSmoke\smoke-00001000\KTEX_CAP_01-00001000"
136.99000000002039,"smoke-00001000","KTEX_CAP_01-00001000","KTEX_CAP_01",1000,Batch,Running,AutomationPilot,2.353998,58.118146234627453,MissionCache,True,"","D:\Workspace\MM\FlightSim\FlightSimProject\Artifacts\FoundationSmoke\smoke-00001000\KTEX_CAP_01-00001000"
137.19000000002021,"smoke-00001000","KTEX_CAP_01-00001000","KTEX_CAP_01",1000,Batch,Running,AutomationPilot,2.3568936,58.131601698108213,MissionCache,True,"","D:\Workspace\MM\FlightSim\FlightSimProject\Artifacts\FoundationSmoke\smoke-00001000\KTEX_CAP_01-00001000"
137.39000000002002,"smoke-00001000","KTEX_CAP_01-00001000","KTEX_CAP_01",1000,Batch,Running,AutomationPilot,2.3601048,58.137248820484665,MissionCache,True,"","D:\Workspace\MM\FlightSim\FlightSimProject\Artifacts\FoundationSmoke\smoke-00001000\KTEX_CAP_01-00001000"
137.59000000001984,"smoke-00001000","KTEX_CAP_01-00001000","KTEX_CAP_01",1000,Batch,Running,AutomationPilot,2.3629203999999997,58.152614874381726,MissionCache,True,"","D:\Workspace\MM\FlightSim\FlightSimProject\Artifacts\FoundationSmoke\smoke-00001000\KTEX_CAP_01-00001000"
137.79000000001966,"smoke-00001000","KTEX_CAP_01-00001000","KTEX_CAP_01",1000,Batch,Running,AutomationPilot,2.365662,58.169763896964078,MissionCache,True,"","D:\Workspace\MM\FlightSim\FlightSimProject\Artifacts\FoundationSmoke\smoke-00001000\KTEX_CAP_01-00001000"
137.99000000001948,"smoke-00001000","KTEX_CAP_01-00001000","KTEX_CAP_01",1000,Batch,Running,AutomationPilot,2.36846,58.185487616434159,MissionCache,True,"","D:\Workspace\MM\FlightSim\FlightSimProject\Artifacts\FoundationSmoke\smoke-00001000\KTEX_CAP_01-00001000"
138.1900000000193,"smoke-00001000","KTEX_CAP_01-00001000","KTEX_CAP_01",1000,Batch,Running,AutomationPilot,2.3712564,58.201213500159433,MissionCache,True,"","D:\Workspace\MM\FlightSim\FlightSimProject\Artifacts\FoundationSmoke\smoke-00001000\KTEX_CAP_01-00001000"
138.39000000001911,"smoke-00001000","KTEX_CAP_01-00001000","KTEX_CAP_01",1000,Batch,Running,AutomationPilot,2.3743887,58.208666508570936,MissionCache,True,"","D:\Workspace\MM\FlightSim\FlightSimProject\Artifacts\FoundationSmoke\smoke-00001000\KTEX_CAP_01-00001000"
138.59000000001893,"smoke-00001000","KTEX_CAP_01-00001000","KTEX_CAP_01",1000,Batch,Running,AutomationPilot,2.3774501,58.217835991602556,MissionCache,True,"","D:\Workspace\MM\FlightSim\FlightSimProject\Artifacts\FoundationSmoke\smoke-00001000\KTEX_CAP_01-00001000"
138.79000000001875,"smoke-00001000","KTEX_CAP_01-00001000","KTEX_CAP_01",1000,Batch,Running,AutomationPilot,2.3809556,58.216121291811959,MissionCache,True,"","D:\Workspace\MM\FlightSim\FlightSimProject\Artifacts\FoundationSmoke\smoke-00001000\KTEX_CAP_01-00001000"
138.99000000001857,"smoke-00001000","KTEX_CAP_01-00001000","KTEX_CAP_01",1000,Batch,Running,AutomationPilot,2.3837265,58.232351740025017,MissionCache,True,"","D:\Workspace\MM\FlightSim\FlightSimProject\Artifacts\FoundationSmoke\smoke-00001000\KTEX_CAP_01-00001000"
139.19000000001839,"smoke-00001000","KTEX_CAP_01-00001000","KTEX_CAP_01",1000,Batch,Running,AutomationPilot,2.3866378999999998,58.245115440435505,MissionCache,True,"","D:\Workspace\MM\FlightSim\FlightSimProject\Artifacts\FoundationSmoke\smoke-00001000\KTEX_CAP_01-00001000"
139.3900000000182,"smoke-00001000","KTEX_CAP_01-00001000","KTEX_CAP_01",1000,Batch,Running,AutomationPilot,2.3894032,58.261410213235834,MissionCache,True,"","D:\Workspace\MM\FlightSim\FlightSimProject\Artifacts\FoundationSmoke\smoke-00001000\KTEX_CAP_01-00001000"
139.59000000001802,"smoke-00001000","KTEX_CAP_01-00001000","KTEX_CAP_01",1000,Batch,Running,AutomationPilot,2.3922035,58.276814660633256,MissionCache,True,"","D:\Workspace\MM\FlightSim\FlightSimProject\Artifacts\FoundationSmoke\smoke-00001000\KTEX_CAP_01-00001000"
139.79000000001784,"smoke-00001000","KTEX_CAP_01-00001000","KTEX_CAP_01",1000,Batch,Running,AutomationPilot,2.3954048,58.282424749260748,MissionCache,True,"","D:\Workspace\MM\FlightSim\FlightSimProject\Artifacts\FoundationSmoke\smoke-00001000\KTEX_CAP_01-00001000"
139.99000000001766,"smoke-00001000","KTEX_CAP_01-00001000","KTEX_CAP_01",1000,Batch,Running,AutomationPilot,2.3984475,58.29187422281197,MissionCache,True,"","D:\Workspace\MM\FlightSim\FlightSimProject\Artifacts\FoundationSmoke\smoke-00001000\KTEX_CAP_01-00001000"
140.19000000001748,"smoke-00001000","KTEX_CAP_01-00001000","KTEX_CAP_01",1000,Batch,Running,AutomationPilot,2.4012138,58.308010723583905,MissionCache,True,"","D:\Workspace\MM\FlightSim\FlightSimProject\Artifacts\FoundationSmoke\smoke-00001000\KTEX_CAP_01-00001000"
140.3900000000173,"smoke-00001000","KTEX_CAP_01-00001000","KTEX_CAP_01",1000,Batch,Running,AutomationPilot,2.4040019999999998,58.323578765748728,MissionCache,True,"","D:\Workspace\MM\FlightSim\FlightSimProject\Artifacts\FoundationSmoke\smoke-00001000\KTEX_CAP_01-00001000"
140.59000000001711,"smoke-00001000","KTEX_CAP_01-00001000","KTEX_CAP_01",1000,Batch,Running,AutomationPilot,2.407709,58.316848090868653,MissionCache,True,"","D:\Workspace\MM\FlightSim\FlightSimProject\Artifacts\FoundationSmoke\smoke-00001000\KTEX_CAP_01-00001000"
140.79000000001693,"smoke-00001000","KTEX_CAP_01-00001000","KTEX_CAP_01",1000,Batch,Running,AutomationPilot,2.4105884,58.330157068712808,MissionCache,True,"","D:\Workspace\MM\FlightSim\FlightSimProject\Artifacts\FoundationSmoke\smoke-00001000\KTEX_CAP_01-00001000"
140.99000000001675,"smoke-00001000","KTEX_CAP_01-00001000","KTEX_CAP_01",1000,Batch,Running,AutomationPilot,2.4133544,58.346175762671628,MissionCache,True,"","D:\Workspace\MM\FlightSim\FlightSimProject\Artifacts\FoundationSmoke\smoke-00001000\KTEX_CAP_01-00001000"
141.19000000001657,"smoke-00001000","KTEX_CAP_01-00001000","KTEX_CAP_01",1000,Batch,Running,AutomationPilot,2.4165707999999997,58.351280252172522,MissionCache,True,"","D:\Workspace\MM\FlightSim\FlightSimProject\Artifacts\FoundationSmoke\smoke-00001000\KTEX_CAP_01-00001000"
141.39000000001639,"smoke-00001000","KTEX_CAP_01-00001000","KTEX_CAP_01",1000,Batch,Running,AutomationPilot,2.4206255999999997,58.336159049138608,MissionCache,True,"","D:\Workspace\MM\FlightSim\FlightSimProject\Artifacts\FoundationSmoke\smoke-00001000\KTEX_CAP_01-00001000"
141.5900000000162,"smoke-00001000","KTEX_CAP_01-00001000","KTEX_CAP_01",1000,Batch,Running,AutomationPilot,2.4234022,58.351849313339883,MissionCache,True,"","D:\Workspace\MM\FlightSim\FlightSimProject\Artifacts\FoundationSmoke\smoke-00001000\KTEX_CAP_01-00001000"
141.79000000001602,"smoke-00001000","KTEX_CAP_01-00001000","KTEX_CAP_01",1000,Batch,Running,AutomationPilot,2.4261785,58.367510881831734,MissionCache,True,"","D:\Workspace\MM\FlightSim\FlightSimProject\Artifacts\FoundationSmoke\smoke-00001000\KTEX_CAP_01-00001000"
141.99000000001584,"smoke-00001000","KTEX_CAP_01-00001000","KTEX_CAP_01",1000,Batch,Running,AutomationPilot,2.4289826,58.382468445848893,MissionCache,True,"","D:\Workspace\MM\FlightSim\FlightSimProject\Artifacts\FoundationSmoke\smoke-00001000\KTEX_CAP_01-00001000"
142.19000000001566,"smoke-00001000","KTEX_CAP_01-00001000","KTEX_CAP_01",1000,Batch,Running,AutomationPilot,2.4317584,58.398071124177392,MissionCache,True,"","D:\Workspace\MM\FlightSim\FlightSimProject\Artifacts\FoundationSmoke\smoke-00001000\KTEX_CAP_01-00001000"
142.39000000001548,"smoke-00001000","KTEX_CAP_01-00001000","KTEX_CAP_01",1000,Batch,Running,AutomationPilot,2.4372078,58.349558868150531,MissionCache,True,"","D:\Workspace\MM\FlightSim\FlightSimProject\Artifacts\FoundationSmoke\smoke-00001000\KTEX_CAP_01-00001000"
142.59000000001529,"smoke-00001000","KTEX_CAP_01-00001000","KTEX_CAP_01",1000,Batch,Running,AutomationPilot,2.4399382,58.366232390646395,MissionCache,True,"","D:\Workspace\MM\FlightSim\FlightSimProject\Artifacts\FoundationSmoke\smoke-00001000\KTEX_CAP_01-00001000"
142.79000000001511,"smoke-00001000","KTEX_CAP_01-00001000","KTEX_CAP_01",1000,Batch,Running,AutomationPilot,2.4431053,58.372432821465075,MissionCache,True,"","D:\Workspace\MM\FlightSim\FlightSimProject\Artifacts\FoundationSmoke\smoke-00001000\KTEX_CAP_01-00001000"
142.99000000001493,"smoke-00001000","KTEX_CAP_01-00001000","KTEX_CAP_01",1000,Batch,Running,AutomationPilot,2.4458481,58.388744583122346,MissionCache,True,"","D:\Workspace\MM\FlightSim\FlightSimProject\Artifacts\FoundationSmoke\smoke-00001000\KTEX_CAP_01-00001000"
143.19000000001475,"smoke-00001000","KTEX_CAP_01-00001000","KTEX_CAP_01",1000,Batch,Running,AutomationPilot,2.4486328,58.404020398654673,MissionCache,True,"","D:\Workspace\MM\FlightSim\FlightSimProject\Artifacts\FoundationSmoke\smoke-00001000\KTEX_CAP_01-00001000"
143.39000000001457,"smoke-00001000","KTEX_CAP_01-00001000","KTEX_CAP_01",1000,Batch,Running,AutomationPilot,2.4516492,58.413740432364769,MissionCache,True,"","D:\Workspace\MM\FlightSim\FlightSimProject\Artifacts\FoundationSmoke\smoke-00001000\KTEX_CAP_01-00001000"
143.59000000001438,"smoke-00001000","KTEX_CAP_01-00001000","KTEX_CAP_01",1000,Batch,Running,AutomationPilot,2.4543947999999998,58.42988259265158,MissionCache,True,"","D:\Workspace\MM\FlightSim\FlightSimProject\Artifacts\FoundationSmoke\smoke-00001000\KTEX_CAP_01-00001000"
143.7900000000142,"smoke-00001000","KTEX_CAP_01-00001000","KTEX_CAP_01",1000,Batch,Running,AutomationPilot,2.4571503999999997,58.445750817701018,MissionCache,True,"","D:\Workspace\MM\FlightSim\FlightSimProject\Artifacts\FoundationSmoke\smoke-00001000\KTEX_CAP_01-00001000"
143.99000000001402,"smoke-00001000","KTEX_CAP_01-00001000","KTEX_CAP_01",1000,Batch,Running,AutomationPilot,2.4598828999999998,58.46213248606842,MissionCache,True,"","D:\Workspace\MM\FlightSim\FlightSimProject\Artifacts\FoundationSmoke\smoke-00001000\KTEX_CAP_01-00001000"
144.19000000001384,"smoke-00001000","KTEX_CAP_01-00001000","KTEX_CAP_01",1000,Batch,Running,AutomationPilot,2.4633333,58.461435161865431,MissionCache,True,"","D:\Workspace\MM\FlightSim\FlightSimProject\Artifacts\FoundationSmoke\smoke-00001000\KTEX_CAP_01-00001000"
144.39000000001366,"smoke-00001000","KTEX_CAP_01-00001000","KTEX_CAP_01",1000,Batch,Running,AutomationPilot,2.4660919,58.477139477248933,MissionCache,True,"","D:\Workspace\MM\FlightSim\FlightSimProject\Artifacts\FoundationSmoke\smoke-00001000\KTEX_CAP_01-00001000"
144.59000000001348,"smoke-00001000","KTEX_CAP_01-00001000","KTEX_CAP_01",1000,Batch,Running,AutomationPilot,2.4688751,58.492225872428151,MissionCache,True,"","D:\Workspace\MM\FlightSim\FlightSimProject\Artifacts\FoundationSmoke\smoke-00001000\KTEX_CAP_01-00001000"
144.79000000001329,"smoke-00001000","KTEX_CAP_01-00001000","KTEX_CAP_01",1000,Batch,Running,AutomationPilot,2.4716085999999997,58.508454777189833,MissionCache,True,"","D:\Workspace\MM\FlightSim\FlightSimProject\Artifacts\FoundationSmoke\smoke-00001000\KTEX_CAP_01-00001000"
144.99000000001311,"smoke-00001000","KTEX_CAP_01-00001000","KTEX_CAP_01",1000,Batch,Running,AutomationPilot,2.4743632,58.524148758764788,MissionCache,True,"","D:\Workspace\MM\FlightSim\FlightSimProject\Artifacts\FoundationSmoke\smoke-00001000\KTEX_CAP_01-00001000"
145.19000000001293,"smoke-00001000","KTEX_CAP_01-00001000","KTEX_CAP_01",1000,Batch,Running,AutomationPilot,2.4773753,58.53372317065287,MissionCache,True,"","D:\Workspace\MM\FlightSim\FlightSimProject\Artifacts\FoundationSmoke\smoke-00001000\KTEX_CAP_01-00001000"
145.39000000001275,"smoke-00001000","KTEX_CAP_01-00001000","KTEX_CAP_01",1000,Batch,Running,AutomationPilot,2.4801032999999997,58.549980559282723,MissionCache,True,"","D:\Workspace\MM\FlightSim\FlightSimProject\Artifacts\FoundationSmoke\smoke-00001000\KTEX_CAP_01-00001000"
145.59000000001257,"smoke-00001000","KTEX_CAP_01-00001000","KTEX_CAP_01",1000,Batch,Running,AutomationPilot,2.4828527,58.5656974334453,MissionCache,True,"","D:\Workspace\MM\FlightSim\FlightSimProject\Artifacts\FoundationSmoke\smoke-00001000\KTEX_CAP_01-00001000"
145.79000000001238,"smoke-00001000","KTEX_CAP_01-00001000","KTEX_CAP_01",1000,Batch,Running,AutomationPilot,2.4857454,58.578002397193437,MissionCache,True,"","D:\Workspace\MM\FlightSim\FlightSimProject\Artifacts\FoundationSmoke\smoke-00001000\KTEX_CAP_01-00001000"
145.9900000000122,"smoke-00001000","KTEX_CAP_01-00001000","KTEX_CAP_01",1000,Batch,Running,AutomationPilot,2.4895707,58.568330676454529,MissionCache,True,"","D:\Workspace\MM\FlightSim\FlightSimProject\Artifacts\FoundationSmoke\smoke-00001000\KTEX_CAP_01-00001000"
146.19000000001202,"smoke-00001000","KTEX_CAP_01-00001000","KTEX_CAP_01",1000,Batch,Running,AutomationPilot,2.4923215,58.583934697033342,MissionCache,True,"","D:\Workspace\MM\FlightSim\FlightSimProject\Artifacts\FoundationSmoke\smoke-00001000\KTEX_CAP_01-00001000"
146.39000000001184,"smoke-00001000","KTEX_CAP_01-00001000","KTEX_CAP_01",1000,Batch,Running,AutomationPilot,2.4950330999999997,58.600424980338744,MissionCache,True,"","D:\Workspace\MM\FlightSim\FlightSimProject\Artifacts\FoundationSmoke\smoke-00001000\KTEX_CAP_01-00001000"
146.59000000001166,"smoke-00001000","KTEX_CAP_01-00001000","KTEX_CAP_01",1000,Batch,Running,AutomationPilot,2.4980224,58.610363141664308,MissionCache,True,"","D:\Workspace\MM\FlightSim\FlightSimProject\Artifacts\FoundationSmoke\smoke-00001000\KTEX_CAP_01-00001000"
146.79000000001147,"smoke-00001000","KTEX_CAP_01-00001000","KTEX_CAP_01",1000,Batch,Running,AutomationPilot,2.5007332,58.6268059303614,MissionCache,True,"","D:\Workspace\MM\FlightSim\FlightSimProject\Artifacts\FoundationSmoke\smoke-00001000\KTEX_CAP_01-00001000"
146.99000000001129,"smoke-00001000","KTEX_CAP_01-00001000","KTEX_CAP_01",1000,Batch,Running,AutomationPilot,2.5035031,58.641828723923467,MissionCache,True,"","D:\Workspace\MM\FlightSim\FlightSimProject\Artifacts\FoundationSmoke\smoke-00001000\KTEX_CAP_01-00001000"
147.19000000001111,"smoke-00001000","KTEX_CAP_01-00001000","KTEX_CAP_01",1000,Batch,Running,AutomationPilot,2.5062545,58.657251288730372,MissionCache,True,"","D:\Workspace\MM\FlightSim\FlightSimProject\Artifacts\FoundationSmoke\smoke-00001000\KTEX_CAP_01-00001000"
147.39000000001093,"smoke-00001000","KTEX_CAP_01-00001000","KTEX_CAP_01",1000,Batch,Running,AutomationPilot,2.5089775999999997,58.673301826214434,MissionCache,True,"","D:\Workspace\MM\FlightSim\FlightSimProject\Artifacts\FoundationSmoke\smoke-00001000\KTEX_CAP_01-00001000"
147.59000000001075,"smoke-00001000","KTEX_CAP_01-00001000","KTEX_CAP_01",1000,Batch,Running,AutomationPilot,2.511673,58.689964816284167,MissionCache,True,"","D:\Workspace\MM\FlightSim\FlightSimProject\Artifacts\FoundationSmoke\smoke-00001000\KTEX_CAP_01-00001000"
147.79000000001056,"smoke-00001000","KTEX_CAP_01-00001000","KTEX_CAP_01",1000,Batch,Running,AutomationPilot,2.5150614,58.690416066983786,MissionCache,True,"","D:\Workspace\MM\FlightSim\FlightSimProject\Artifacts\FoundationSmoke\smoke-00001000\KTEX_CAP_01-00001000"
147.99000000001038,"smoke-00001000","KTEX_CAP_01-00001000","KTEX_CAP_01",1000,Batch,Running,AutomationPilot,2.51884,58.681774150009744,MissionCache,True,"","D:\Workspace\MM\FlightSim\FlightSimProject\Artifacts\FoundationSmoke\smoke-00001000\KTEX_CAP_01-00001000"
148.1900000000102,"smoke-00001000","KTEX_CAP_01-00001000","KTEX_CAP_01",1000,Batch,Running,AutomationPilot,2.5216046,58.6967520601804,MissionCache,True,"","D:\Workspace\MM\FlightSim\FlightSimProject\Artifacts\FoundationSmoke\smoke-00001000\KTEX_CAP_01-00001000"
148.39000000001002,"smoke-00001000","KTEX_CAP_01-00001000","KTEX_CAP_01",1000,Batch,Running,AutomationPilot,2.5243344,58.71250655222628,MissionCache,True,"","D:\Workspace\MM\FlightSim\FlightSimProject\Artifacts\FoundationSmoke\smoke-00001000\KTEX_CAP_01-00001000"
148.59000000000984,"smoke-00001000","KTEX_CAP_01-00001000","KTEX_CAP_01",1000,Batch,Running,AutomationPilot,2.5270943,58.727527500659555,MissionCache,True,"","D:\Workspace\MM\FlightSim\FlightSimProject\Artifacts\FoundationSmoke\smoke-00001000\KTEX_CAP_01-00001000"
148.79000000000966,"smoke-00001000","KTEX_CAP_01-00001000","KTEX_CAP_01",1000,Batch,Running,AutomationPilot,2.5298773999999997,58.741976982762026,MissionCache,True,"","D:\Workspace\MM\FlightSim\FlightSimProject\Artifacts\FoundationSmoke\smoke-00001000\KTEX_CAP_01-00001000"
148.99000000000947,"smoke-00001000","KTEX_CAP_01-00001000","KTEX_CAP_01",1000,Batch,Running,AutomationPilot,2.5325934,58.757951434292465,MissionCache,True,"","D:\Workspace\MM\FlightSim\FlightSimProject\Artifacts\FoundationSmoke\smoke-00001000\KTEX_CAP_01-00001000"
149.19000000000929,"smoke-00001000","KTEX_CAP_01-00001000","KTEX_CAP_01",1000,Batch,Running,AutomationPilot,2.5353249,58.773532338995075,MissionCache,True,"","D:\Workspace\MM\FlightSim\FlightSimProject\Artifacts\FoundationSmoke\smoke-00001000\KTEX_CAP_01-00001000"
149.39000000000911,"smoke-00001000","KTEX_CAP_01-00001000","KTEX_CAP_01",1000,Batch,Running,AutomationPilot,2.538083,58.788463576647921,MissionCache,True,"","D:\Workspace\MM\FlightSim\FlightSimProject\Artifacts\FoundationSmoke\smoke-00001000\KTEX_CAP_01-00001000"
149.59000000000893,"smoke-00001000","KTEX_CAP_01-00001000","KTEX_CAP_01",1000,Batch,Running,AutomationPilot,2.5416034,58.785725577802218,MissionCache,True,"","D:\Workspace\MM\FlightSim\FlightSimProject\Artifacts\FoundationSmoke\smoke-00001000\KTEX_CAP_01-00001000"
149.79000000000875,"smoke-00001000","KTEX_CAP_01-00001000","KTEX_CAP_01",1000,Batch,Running,AutomationPilot,2.5444096,58.799495175623029,MissionCache,True,"","D:\Workspace\MM\FlightSim\FlightSimProject\Artifacts\FoundationSmoke\smoke-00001000\KTEX_CAP_01-00001000"
149.99000000000856,"smoke-00001000","KTEX_CAP_01-00001000","KTEX_CAP_01",1000,Batch,Running,AutomationPilot,2.5472439,58.812585634225577,MissionCache,True,"","D:\Workspace\MM\FlightSim\FlightSimProject\Artifacts\FoundationSmoke\smoke-00001000\KTEX_CAP_01-00001000"
150.19000000000838,"smoke-00001000","KTEX_CAP_01-00001000","KTEX_CAP_01",1000,Batch,Running,AutomationPilot,2.5499986999999997,58.82748097087601,MissionCache,True,"","D:\Workspace\MM\FlightSim\FlightSimProject\Artifacts\FoundationSmoke\smoke-00001000\KTEX_CAP_01-00001000"
150.3900000000082,"smoke-00001000","KTEX_CAP_01-00001000","KTEX_CAP_01",1000,Batch,Running,AutomationPilot,2.5529501999999997,58.837810467281493,MissionCache,True,"","D:\Workspace\MM\FlightSim\FlightSimProject\Artifacts\FoundationSmoke\smoke-00001000\KTEX_CAP_01-00001000"
150.59000000000802,"smoke-00001000","KTEX_CAP_01-00001000","KTEX_CAP_01",1000,Batch,Running,AutomationPilot,2.5558129,58.850160745337888,MissionCache,True,"","D:\Workspace\MM\FlightSim\FlightSimProject\Artifacts\FoundationSmoke\smoke-00001000\KTEX_CAP_01-00001000"
150.79000000000784,"smoke-00001000","KTEX_CAP_01-00001000","KTEX_CAP_01",1000,Batch,Running,AutomationPilot,2.5586659999999997,58.862704237289286,MissionCache,True,"","D:\Workspace\MM\FlightSim\FlightSimProject\Artifacts\FoundationSmoke\smoke-00001000\KTEX_CAP_01-00001000"
150.99000000000765,"smoke-00001000","KTEX_CAP_01-00001000","KTEX_CAP_01",1000,Batch,Running,AutomationPilot,2.5614958,58.875755330150383,MissionCache,True,"","D:\Workspace\MM\FlightSim\FlightSimProject\Artifacts\FoundationSmoke\smoke-00001000\KTEX_CAP_01-00001000"
151.19000000000747,"smoke-00001000","KTEX_CAP_01-00001000","KTEX_CAP_01",1000,Batch,Running,AutomationPilot,2.5643162999999998,58.888991190364329,MissionCache,True,"","D:\Workspace\MM\FlightSim\FlightSimProject\Artifacts\FoundationSmoke\smoke-00001000\KTEX_CAP_01-00001000"
151.39000000000729,"smoke-00001000","KTEX_CAP_01-00001000","KTEX_CAP_01",1000,Batch,Running,AutomationPilot,2.5698418,58.840197867435833,MissionCache,True,"","D:\Workspace\MM\FlightSim\FlightSimProject\Artifacts\FoundationSmoke\smoke-00001000\KTEX_CAP_01-00001000"
151.59000000000711,"smoke-00001000","KTEX_CAP_01-00001000","KTEX_CAP_01",1000,Batch,Running,AutomationPilot,2.5746226,58.808619173935341,MissionCache,True,"","D:\Workspace\MM\FlightSim\FlightSimProject\Artifacts\FoundationSmoke\smoke-00001000\KTEX_CAP_01-00001000"
151.79000000000693,"smoke-00001000","KTEX_CAP_01-00001000","KTEX_CAP_01",1000,Batch,Running,AutomationPilot,2.5775504,58.819412415759977,MissionCache,True,"","D:\Workspace\MM\FlightSim\FlightSimProject\Artifacts\FoundationSmoke\smoke-00001000\KTEX_CAP_01-00001000"
151.99000000000675,"smoke-00001000","KTEX_CAP_01-00001000","KTEX_CAP_01",1000,Batch,Running,AutomationPilot,2.5803743,58.832549990909037,MissionCache,True,"","D:\Workspace\MM\FlightSim\FlightSimProject\Artifacts\FoundationSmoke\smoke-00001000\KTEX_CAP_01-00001000"
152.19000000000656,"smoke-00001000","KTEX_CAP_01-00001000","KTEX_CAP_01",1000,Batch,Running,AutomationPilot,2.5831318,58.847171483857977,MissionCache,True,"","D:\Workspace\MM\FlightSim\FlightSimProject\Artifacts\FoundationSmoke\smoke-00001000\KTEX_CAP_01-00001000"
152.39000000000638,"smoke-00001000","KTEX_CAP_01-00001000","KTEX_CAP_01",1000,Batch,Running,AutomationPilot,2.5861403,58.856048915832815,MissionCache,True,"","D:\Workspace\MM\FlightSim\FlightSimProject\Artifacts\FoundationSmoke\smoke-00001000\KTEX_CAP_01-00001000"
152.5900000000062,"smoke-00001000","KTEX_CAP_01-00001000","KTEX_CAP_01",1000,Batch,Running,AutomationPilot,2.5889822,58.868693651121426,MissionCache,True,"","D:\Workspace\MM\FlightSim\FlightSimProject\Artifacts\FoundationSmoke\smoke-00001000\KTEX_CAP_01-00001000"
152.79000000000602,"smoke-00001000","KTEX_CAP_01-00001000","KTEX_CAP_01",1000,Batch,Running,AutomationPilot,2.5919882,58.877582853195932,MissionCache,True,"","D:\Workspace\MM\FlightSim\FlightSimProject\Artifacts\FoundationSmoke\smoke-00001000\KTEX_CAP_01-00001000"
152.99000000000584,"smoke-00001000","KTEX_CAP_01-00001000","KTEX_CAP_01",1000,Batch,Running,AutomationPilot,2.5947470999999998,58.892059268514458,MissionCache,True,"","D:\Workspace\MM\FlightSim\FlightSimProject\Artifacts\FoundationSmoke\smoke-00001000\KTEX_CAP_01-00001000"
153.19000000000565,"smoke-00001000","KTEX_CAP_01-00001000","KTEX_CAP_01",1000,Batch,Running,AutomationPilot,2.5983202,58.888046207702125,MissionCache,True,"","D:\Workspace\MM\FlightSim\FlightSimProject\Artifacts\FoundationSmoke\smoke-00001000\KTEX_CAP_01-00001000"
153.39000000000547,"smoke-00001000","KTEX_CAP_01-00001000","KTEX_CAP_01",1000,Batch,Running,AutomationPilot,2.6011265999999997,58.901400646937233,MissionCache,True,"","D:\Workspace\MM\FlightSim\FlightSimProject\Artifacts\FoundationSmoke\smoke-00001000\KTEX_CAP_01-00001000"
153.59000000000529,"smoke-00001000","KTEX_CAP_01-00001000","KTEX_CAP_01",1000,Batch,Running,AutomationPilot,2.6038658,58.916246758955651,MissionCache,True,"","D:\Workspace\MM\FlightSim\FlightSimProject\Artifacts\FoundationSmoke\smoke-00001000\KTEX_CAP_01-00001000"
153.79000000000511,"smoke-00001000","KTEX_CAP_01-00001000","KTEX_CAP_01",1000,Batch,Running,AutomationPilot,2.6066553999999997,58.929922229077647,MissionCache,True,"","D:\Workspace\MM\FlightSim\FlightSimProject\Artifacts\FoundationSmoke\smoke-00001000\KTEX_CAP_01-00001000"
153.99000000000493,"smoke-00001000","KTEX_CAP_01-00001000","KTEX_CAP_01",1000,Batch,Running,AutomationPilot,2.6094025,58.944528488803506,MissionCache,True,"","D:\Workspace\MM\FlightSim\FlightSimProject\Artifacts\FoundationSmoke\smoke-00001000\KTEX_CAP_01-00001000"
154.19000000000474,"smoke-00001000","KTEX_CAP_01-00001000","KTEX_CAP_01",1000,Batch,Running,AutomationPilot,2.6121353999999997,58.959424538255149,MissionCache,True,"","D:\Workspace\MM\FlightSim\FlightSimProject\Artifacts\FoundationSmoke\smoke-00001000\KTEX_CAP_01-00001000"
154.39000000000456,"smoke-00001000","KTEX_CAP_01-00001000","KTEX_CAP_01",1000,Batch,Running,AutomationPilot,2.6149553,58.972327366362521,MissionCache,True,"","D:\Workspace\MM\FlightSim\FlightSimProject\Artifacts\FoundationSmoke\smoke-00001000\KTEX_CAP_01-00001000"
154.59000000000438,"smoke-00001000","KTEX_CAP_01-00001000","KTEX_CAP_01",1000,Batch,Running,AutomationPilot,2.6180315,58.979427864028587,MissionCache,True,"","D:\Workspace\MM\FlightSim\FlightSimProject\Artifacts\FoundationSmoke\smoke-00001000\KTEX_CAP_01-00001000"
154.7900000000042,"smoke-00001000","KTEX_CAP_01-00001000","KTEX_CAP_01",1000,Batch,Running,AutomationPilot,2.6207815,58.993853550936755,MissionCache,True,"","D:\Workspace\MM\FlightSim\FlightSimProject\Artifacts\FoundationSmoke\smoke-00001000\KTEX_CAP_01-00001000"
154.99000000000402,"smoke-00001000","KTEX_CAP_01-00001000","KTEX_CAP_01",1000,Batch,Running,AutomationPilot,2.6246961,58.982066533342348,MissionCache,True,"","D:\Workspace\MM\FlightSim\FlightSimProject\Artifacts\FoundationSmoke\smoke-00001000\KTEX_CAP_01-00001000"
155.19000000000383,"smoke-00001000","KTEX_CAP_01-00001000","KTEX_CAP_01",1000,Batch,Running,AutomationPilot,2.6275500999999997,58.994117752504138,MissionCache,True,"","D:\Workspace\MM\FlightSim\FlightSimProject\Artifacts\FoundationSmoke\smoke-00001000\KTEX_CAP_01-00001000"
155.39000000000365,"smoke-00001000","KTEX_CAP_01-00001000","KTEX_CAP_01",1000,Batch,Running,AutomationPilot,2.6302825,59.008870720161738,MissionCache,True,"","D:\Workspace\MM\FlightSim\FlightSimProject\Artifacts\FoundationSmoke\smoke-00001000\KTEX_CAP_01-00001000"
155.59000000000347,"smoke-00001000","KTEX_CAP_01-00001000","KTEX_CAP_01",1000,Batch,Running,AutomationPilot,2.6329990999999997,59.023947254673828,MissionCache,True,"","D:\Workspace\MM\FlightSim\FlightSimProject\Artifacts\FoundationSmoke\smoke-00001000\KTEX_CAP_01-00001000"
155.79000000000329,"smoke-00001000","KTEX_CAP_01-00001000","KTEX_CAP_01",1000,Batch,Running,AutomationPilot,2.6359136999999997,59.034557921984877,MissionCache,True,"","D:\Workspace\MM\FlightSim\FlightSimProject\Artifacts\FoundationSmoke\smoke-00001000\KTEX_CAP_01-00001000"
155.99000000000311,"smoke-00001000","KTEX_CAP_01-00001000","KTEX_CAP_01",1000,Batch,Running,AutomationPilot,2.6404373999999997,59.009162648583633,MissionCache,True,"","D:\Workspace\MM\FlightSim\FlightSimProject\Artifacts\FoundationSmoke\smoke-00001000\KTEX_CAP_01-00001000"
156.19000000000293,"smoke-00001000","KTEX_CAP_01-00001000","KTEX_CAP_01",1000,Batch,Running,AutomationPilot,2.6432737,59.021508064035551,MissionCache,True,"","D:\Workspace\MM\FlightSim\FlightSimProject\Artifacts\FoundationSmoke\smoke-00001000\KTEX_CAP_01-00001000"
156.39000000000274,"smoke-00001000","KTEX_CAP_01-00001000","KTEX_CAP_01",1000,Batch,Running,AutomationPilot,2.6461493,59.032950257191807,MissionCache,True,"","D:\Workspace\MM\FlightSim\FlightSimProject\Artifacts\FoundationSmoke\smoke-00001000\KTEX_CAP_01-00001000"
156.59000000000256,"smoke-00001000","KTEX_CAP_01-00001000","KTEX_CAP_01",1000,Batch,Running,AutomationPilot,2.6489141,59.046837343650644,MissionCache,True,"","D:\Workspace\MM\FlightSim\FlightSimProject\Artifacts\FoundationSmoke\smoke-00001000\KTEX_CAP_01-00001000"
156.79000000000238,"smoke-00001000","KTEX_CAP_01-00001000","KTEX_CAP_01",1000,Batch,Running,AutomationPilot,2.6522921999999998,59.047038633225462,MissionCache,True,"","D:\Workspace\MM\FlightSim\FlightSimProject\Artifacts\FoundationSmoke\smoke-00001000\KTEX_CAP_01-00001000"
156.9900000000022,"smoke-00001000","KTEX_CAP_01-00001000","KTEX_CAP_01",1000,Batch,Running,AutomationPilot,2.6551546,59.058707918552976,MissionCache,True,"","D:\Workspace\MM\FlightSim\FlightSimProject\Artifacts\FoundationSmoke\smoke-00001000\KTEX_CAP_01-00001000"
157.19000000000202,"smoke-00001000","KTEX_CAP_01-00001000","KTEX_CAP_01",1000,Batch,Running,AutomationPilot,2.6581568,59.067245393500556,MissionCache,True,"","D:\Workspace\MM\FlightSim\FlightSimProject\Artifacts\FoundationSmoke\smoke-00001000\KTEX_CAP_01-00001000"
157.39000000000183,"smoke-00001000","KTEX_CAP_01-00001000","KTEX_CAP_01",1000,Batch,Running,AutomationPilot,2.6609296,59.080856554792732,MissionCache,True,"","D:\Workspace\MM\FlightSim\FlightSimProject\Artifacts\FoundationSmoke\smoke-00001000\KTEX_CAP_01-00001000"
157.59000000000165,"smoke-00001000","KTEX_CAP_01-00001000","KTEX_CAP_01",1000,Batch,Running,AutomationPilot,2.6636989,59.094517026681139,MissionCache,True,"","D:\Workspace\MM\FlightSim\FlightSimProject\Artifacts\FoundationSmoke\smoke-00001000\KTEX_CAP_01-00001000"
157.79000000000147,"smoke-00001000","KTEX_CAP_01-00001000","KTEX_CAP_01",1000,Batch,Running,AutomationPilot,2.6672653,59.090484924766066,MissionCache,True,"","D:\Workspace\MM\FlightSim\FlightSimProject\Artifacts\FoundationSmoke\smoke-00001000\KTEX_CAP_01-00001000"
157.99000000000129,"smoke-00001000","KTEX_CAP_01-00001000","KTEX_CAP_01",1000,Batch,Running,AutomationPilot,2.6706548999999997,59.090375173520719,MissionCache,True,"","D:\Workspace\MM\FlightSim\FlightSimProject\Artifacts\FoundationSmoke\smoke-00001000\KTEX_CAP_01-00001000"
158.19000000000111,"smoke-00001000","KTEX_CAP_01-00001000","KTEX_CAP_01",1000,Batch,Running,AutomationPilot,2.6742977,59.0846710895355,MissionCache,True,"","D:\Workspace\MM\FlightSim\FlightSimProject\Artifacts\FoundationSmoke\smoke-00001000\KTEX_CAP_01-00001000"
158.39000000000092,"smoke-00001000","KTEX_CAP_01-00001000","KTEX_CAP_01",1000,Batch,Running,AutomationPilot,2.6780572,59.076408076721094,MissionCache,True,"","D:\Workspace\MM\FlightSim\FlightSimProject\Artifacts\FoundationSmoke\smoke-00001000\KTEX_CAP_01-00001000"
158.59000000000074,"smoke-00001000","KTEX_CAP_01-00001000","KTEX_CAP_01",1000,Batch,Running,AutomationPilot,2.6824287,59.054691742599125,MissionCache,True,"","D:\Workspace\MM\FlightSim\FlightSimProject\Artifacts\FoundationSmoke\smoke-00001000\KTEX_CAP_01-00001000"
158.79000000000056,"smoke-00001000","KTEX_CAP_01-00001000","KTEX_CAP_01",1000,Batch,Running,AutomationPilot,2.6862757999999998,59.044570181513279,MissionCache,True,"","D:\Workspace\MM\FlightSim\FlightSimProject\Artifacts\FoundationSmoke\smoke-00001000\KTEX_CAP_01-00001000"
158.99000000000038,"smoke-00001000","KTEX_CAP_01-00001000","KTEX_CAP_01",1000,Batch,Running,AutomationPilot,2.6893305,59.05187183204167,MissionCache,True,"","D:\Workspace\MM\FlightSim\FlightSimProject\Artifacts\FoundationSmoke\smoke-00001000\KTEX_CAP_01-00001000"
159.1900000000002,"smoke-00001000","KTEX_CAP_01-00001000","KTEX_CAP_01",1000,Batch,Running,AutomationPilot,2.6932205,59.040839767854273,MissionCache,True,"","D:\Workspace\MM\FlightSim\FlightSimProject\Artifacts\FoundationSmoke\smoke-00001000\KTEX_CAP_01-00001000"
159.39000000000001,"smoke-00001000","KTEX_CAP_01-00001000","KTEX_CAP_01",1000,Batch,Running,AutomationPilot,2.696671,59.03946013436574,MissionCache,True,"","D:\Workspace\MM\FlightSim\FlightSimProject\Artifacts\FoundationSmoke\smoke-00001000\KTEX_CAP_01-00001000"
159.58999999999983,"smoke-00001000","KTEX_CAP_01-00001000","KTEX_CAP_01",1000,Batch,Running,AutomationPilot,2.6994795,59.052124678109244,MissionCache,True,"","D:\Workspace\MM\FlightSim\FlightSimProject\Artifacts\FoundationSmoke\smoke-00001000\KTEX_CAP_01-00001000"
159.78999999999965,"smoke-00001000","KTEX_CAP_01-00001000","KTEX_CAP_01",1000,Batch,Running,AutomationPilot,2.7020721,59.069482268811335,MissionCache,True,"","D:\Workspace\MM\FlightSim\FlightSimProject\Artifacts\FoundationSmoke\smoke-00001000\KTEX_CAP_01-00001000"
159.98999999999947,"smoke-00001000","KTEX_CAP_01-00001000","KTEX_CAP_01",1000,Batch,Running,AutomationPilot,2.7053719,59.071360946714812,MissionCache,True,"","D:\Workspace\MM\FlightSim\FlightSimProject\Artifacts\FoundationSmoke\smoke-00001000\KTEX_CAP_01-00001000"
160.18999999999929,"smoke-00001000","KTEX_CAP_01-00001000","KTEX_CAP_01",1000,Batch,Running,AutomationPilot,2.7090905,59.064102878807283,MissionCache,True,"","D:\Workspace\MM\FlightSim\FlightSimProject\Artifacts\FoundationSmoke\smoke-00001000\KTEX_CAP_01-00001000"
160.38999999999911,"smoke-00001000","KTEX_CAP_01-00001000","KTEX_CAP_01",1000,Batch,Running,AutomationPilot,2.7136381999999997,59.038821018955026,MissionCache,True,"","D:\Workspace\MM\FlightSim\FlightSimProject\Artifacts\FoundationSmoke\smoke-00001000\KTEX_CAP_01-00001000"
160.58999999999892,"smoke-00001000","KTEX_CAP_01-00001000","KTEX_CAP_01",1000,Batch,Running,AutomationPilot,2.7175433,59.027578327822447,MissionCache,True,"","D:\Workspace\MM\FlightSim\FlightSimProject\Artifacts\FoundationSmoke\smoke-00001000\KTEX_CAP_01-00001000"
160.78999999999874,"smoke-00001000","KTEX_CAP_01-00001000","KTEX_CAP_01",1000,Batch,Running,AutomationPilot,2.7212041,59.021666180790668,MissionCache,True,"","D:\Workspace\MM\FlightSim\FlightSimProject\Artifacts\FoundationSmoke\smoke-00001000\KTEX_CAP_01-00001000"
160.98999999999856,"smoke-00001000","KTEX_CAP_01-00001000","KTEX_CAP_01",1000,Batch,Running,AutomationPilot,2.7238336,59.038114516246047,MissionCache,True,"","D:\Workspace\MM\FlightSim\FlightSimProject\Artifacts\FoundationSmoke\smoke-00001000\KTEX_CAP_01-00001000"
161.18999999999838,"smoke-00001000","KTEX_CAP_01-00001000","KTEX_CAP_01",1000,Batch,Running,AutomationPilot,2.7265664,59.052293756718541,MissionCache,True,"","D:\Workspace\MM\FlightSim\FlightSimProject\Artifacts\FoundationSmoke\smoke-00001000\KTEX_CAP_01-00001000"
161.3899999999982,"smoke-00001000","KTEX_CAP_01-00001000","KTEX_CAP_01",1000,Batch,Running,AutomationPilot,2.7291160999999997,59.070407448037251,MissionCache,True,"","D:\Workspace\MM\FlightSim\FlightSimProject\Artifacts\FoundationSmoke\smoke-00001000\KTEX_CAP_01-00001000"
161.589999999998,"smoke-00001000","KTEX_CAP_01-00001000","KTEX_CAP_01",1000,Batch,Running,AutomationPilot,2.7321415,59.078199280673488,MissionCache,True,"","D:\Workspace\MM\FlightSim\FlightSimProject\Artifacts\FoundationSmoke\smoke-00001000\KTEX_CAP_01-00001000"
161.78999999999783,"smoke-00001000","KTEX_CAP_01-00001000","KTEX_CAP_01",1000,Batch,Running,AutomationPilot,2.7346611999999997,59.096900193705167,MissionCache,True,"","D:\Workspace\MM\FlightSim\FlightSimProject\Artifacts\FoundationSmoke\smoke-00001000\KTEX_CAP_01-00001000"
161.98999999999765,"smoke-00001000","KTEX_CAP_01-00001000","KTEX_CAP_01",1000,Batch,Running,AutomationPilot,2.7374358,59.110062051500094,MissionCache,True,"","D:\Workspace\MM\FlightSim\FlightSimProject\Artifacts\FoundationSmoke\smoke-00001000\KTEX_CAP_01-00001000"
162.18999999999747,"smoke-00001000","KTEX_CAP_01-00001000","KTEX_CAP_01",1000,Batch,Running,AutomationPilot,2.7401891,59.123656830836104,MissionCache,True,"","D:\Workspace\MM\FlightSim\FlightSimProject\Artifacts\FoundationSmoke\smoke-00001000\KTEX_CAP_01-00001000"
162.38999999999729,"smoke-00001000","KTEX_CAP_01-00001000","KTEX_CAP_01",1000,Batch,Running,AutomationPilot,2.7427539999999997,59.141286458791953,MissionCache,True,"","D:\Workspace\MM\FlightSim\FlightSimProject\Artifacts\FoundationSmoke\smoke-00001000\KTEX_CAP_01-00001000"
162.5899999999971,"smoke-00001000","KTEX_CAP_01-00001000","KTEX_CAP_01",1000,Batch,Running,AutomationPilot,2.7454525999999997,59.156002183391287,MissionCache,True,"","D:\Workspace\MM\FlightSim\FlightSimProject\Artifacts\FoundationSmoke\smoke-00001000\KTEX_CAP_01-00001000"
162.78999999999692,"smoke-00001000","KTEX_CAP_01-00001000","KTEX_CAP_01",1000,Batch,Running,AutomationPilot,2.7481717,59.170247623173289,MissionCache,True,"","D:\Workspace\MM\FlightSim\FlightSimProject\Artifacts\FoundationSmoke\smoke-00001000\KTEX_CAP_01-00001000"
162.98999999999674,"smoke-00001000","KTEX_CAP_01-00001000","KTEX_CAP_01",1000,Batch,Running,AutomationPilot,2.7516632999999997,59.167849496701479,MissionCache,True,"","D:\Workspace\MM\FlightSim\FlightSimProject\Artifacts\FoundationSmoke\smoke-00001000\KTEX_CAP_01-00001000"
163.18999999999656,"smoke-00001000","KTEX_CAP_01-00001000","KTEX_CAP_01",1000,Batch,Running,AutomationPilot,2.7541837,59.186320796247806,MissionCache,True,"","D:\Workspace\MM\FlightSim\FlightSimProject\Artifacts\FoundationSmoke\smoke-00001000\KTEX_CAP_01-00001000"
163.38999999999638,"smoke-00001000","KTEX_CAP_01-00001000","KTEX_CAP_01",1000,Batch,Running,AutomationPilot,2.7568406999999997,59.201824755415345,MissionCache,True,"","D:\Workspace\MM\FlightSim\FlightSimProject\Artifacts\FoundationSmoke\smoke-00001000\KTEX_CAP_01-00001000"
163.58999999999619,"smoke-00001000","KTEX_CAP_01-00001000","KTEX_CAP_01",1000,Batch,Running,AutomationPilot,2.7594821,59.217633627700053,MissionCache,True,"","D:\Workspace\MM\FlightSim\FlightSimProject\Artifacts\FoundationSmoke\smoke-00001000\KTEX_CAP_01-00001000"
163.789999999996,"smoke-00001000","KTEX_CAP_01-00001000","KTEX_CAP_01",1000,Batch,Running,AutomationPilot,2.7620601,59.234771900870726,MissionCache,True,"","D:\Workspace\MM\FlightSim\FlightSimProject\Artifacts\FoundationSmoke\smoke-00001000\KTEX_CAP_01-00001000"
163.98999999999583,"smoke-00001000","KTEX_CAP_01-00001000","KTEX_CAP_01",1000,Batch,Running,AutomationPilot,2.7645869999999997,59.252973409770071,MissionCache,True,"","D:\Workspace\MM\FlightSim\FlightSimProject\Artifacts\FoundationSmoke\smoke-00001000\KTEX_CAP_01-00001000"
164.18999999999565,"smoke-00001000","KTEX_CAP_01-00001000","KTEX_CAP_01",1000,Batch,Running,AutomationPilot,2.7675022,59.262825518258239,MissionCache,True,"","D:\Workspace\MM\FlightSim\FlightSimProject\Artifacts\FoundationSmoke\smoke-00001000\KTEX_CAP_01-00001000"
164.38999999999547,"smoke-00001000","KTEX_CAP_01-00001000","KTEX_CAP_01",1000,Batch,Running,AutomationPilot,2.7701537,59.2782992510472,MissionCache,True,"","D:\Workspace\MM\FlightSim\FlightSimProject\Artifacts\FoundationSmoke\smoke-00001000\KTEX_CAP_01-00001000"
164.58999999999529,"smoke-00001000","KTEX_CAP_01-00001000","KTEX_CAP_01",1000,Batch,Running,AutomationPilot,2.7727307,59.295336543139747,MissionCache,True,"","D:\Workspace\MM\FlightSim\FlightSimProject\Artifacts\FoundationSmoke\smoke-00001000\KTEX_CAP_01-00001000"
164.7899999999951,"smoke-00001000","KTEX_CAP_01-00001000","KTEX_CAP_01",1000,Batch,Running,AutomationPilot,2.7753037999999997,59.312425544185572,MissionCache,True,"","D:\Workspace\MM\FlightSim\FlightSimProject\Artifacts\FoundationSmoke\smoke-00001000\KTEX_CAP_01-00001000"
164.98999999999492,"smoke-00001000","KTEX_CAP_01-00001000","KTEX_CAP_01",1000,Batch,Running,AutomationPilot,2.7782407,59.321713917730413,MissionCache,True,"","D:\Workspace\MM\FlightSim\FlightSimProject\Artifacts\FoundationSmoke\smoke-00001000\KTEX_CAP_01-00001000"
165.18999999999474,"smoke-00001000","KTEX_CAP_01-00001000","KTEX_CAP_01",1000,Batch,Running,AutomationPilot,2.7818902,59.315784641678135,MissionCache,True,"","D:\Workspace\MM\FlightSim\FlightSimProject\Artifacts\FoundationSmoke\smoke-00001000\KTEX_CAP_01-00001000"
165.38999999999456,"smoke-00001000","KTEX_CAP_01-00001000","KTEX_CAP_01",1000,Batch,Running,AutomationPilot,2.7844867,59.33229991725036,MissionCache,True,"","D:\Workspace\MM\FlightSim\FlightSimProject\Artifacts\FoundationSmoke\smoke-00001000\KTEX_CAP_01-00001000"
165.58999999999438,"smoke-00001000","KTEX_CAP_01-00001000","KTEX_CAP_01",1000,Batch,Running,AutomationPilot,2.7871699,59.346938268813304,MissionCache,True,"","D:\Workspace\MM\FlightSim\FlightSimProject\Artifacts\FoundationSmoke\smoke-00001000\KTEX_CAP_01-00001000"
165.78999999999419,"smoke-00001000","KTEX_CAP_01-00001000","KTEX_CAP_01",1000,Batch,Running,AutomationPilot,2.7897958999999997,59.362765570052773,MissionCache,True,"","D:\Workspace\MM\FlightSim\FlightSimProject\Artifacts\FoundationSmoke\smoke-00001000\KTEX_CAP_01-00001000"
165.989999999994,"smoke-00001000","KTEX_CAP_01-00001000","KTEX_CAP_01",1000,Batch,Running,AutomationPilot,2.792474,59.377455260100604,MissionCache,True,"","D:\Workspace\MM\FlightSim\FlightSimProject\Artifacts\FoundationSmoke\smoke-00001000\KTEX_CAP_01-00001000"
166.18999999999383,"smoke-00001000","KTEX_CAP_01-00001000","KTEX_CAP_01",1000,Batch,Running,AutomationPilot,2.7950264,59.394787827404421,MissionCache,True,"","D:\Workspace\MM\FlightSim\FlightSimProject\Artifacts\FoundationSmoke\smoke-00001000\KTEX_CAP_01-00001000"
166.38999999999365,"smoke-00001000","KTEX_CAP_01-00001000","KTEX_CAP_01",1000,Batch,Running,AutomationPilot,2.7976202999999997,59.411207446555139,MissionCache,True,"","D:\Workspace\MM\FlightSim\FlightSimProject\Artifacts\FoundationSmoke\smoke-00001000\KTEX_CAP_01-00001000"
166.58999999999347,"smoke-00001000","KTEX_CAP_01-00001000","KTEX_CAP_01",1000,Batch,Running,AutomationPilot,2.8001792,59.4283394434162,MissionCache,True,"","D:\Workspace\MM\FlightSim\FlightSimProject\Artifacts\FoundationSmoke\smoke-00001000\KTEX_CAP_01-00001000"
166.78999999999328,"smoke-00001000","KTEX_CAP_01-00001000","KTEX_CAP_01",1000,Batch,Running,AutomationPilot,2.8028956,59.442099805641519,MissionCache,True,"","D:\Workspace\MM\FlightSim\FlightSimProject\Artifacts\FoundationSmoke\smoke-00001000\KTEX_CAP_01-00001000"
166.9899999999931,"smoke-00001000","KTEX_CAP_01-00001000","KTEX_CAP_01",1000,Batch,Running,AutomationPilot,2.8062606999999997,59.44208961056016,MissionCache,True,"","D:\Workspace\MM\FlightSim\FlightSimProject\Artifacts\FoundationSmoke\smoke-00001000\KTEX_CAP_01-00001000"
167.18999999999292,"smoke-00001000","KTEX_CAP_01-00001000","KTEX_CAP_01",1000,Batch,Running,AutomationPilot,2.8092156,59.450759137174479,MissionCache,True,"","D:\Workspace\MM\FlightSim\FlightSimProject\Artifacts\FoundationSmoke\smoke-00001000\KTEX_CAP_01-00001000"
167.38999999999274,"smoke-00001000","KTEX_CAP_01-00001000","KTEX_CAP_01",1000,Batch,Running,AutomationPilot,2.8136361,59.428438524794622,MissionCache,True,"","D:\Workspace\MM\FlightSim\FlightSimProject\Artifacts\FoundationSmoke\smoke-00001000\KTEX_CAP_01-00001000"
167.58999999999256,"smoke-00001000","KTEX_CAP_01-00001000","KTEX_CAP_01",1000,Batch,Running,AutomationPilot,2.8168051999999997,59.432579860329973,MissionCache,True,"","D:\Workspace\MM\FlightSim\FlightSimProject\Artifacts\FoundationSmoke\smoke-00001000\KTEX_CAP_01-00001000"
167.78999999999238,"smoke-00001000","KTEX_CAP_01-00001000","KTEX_CAP_01",1000,Batch,Running,AutomationPilot,2.8194681,59.447383001067664,MissionCache,True,"","D:\Workspace\MM\FlightSim\FlightSimProject\Artifacts\FoundationSmoke\smoke-00001000\KTEX_CAP_01-00001000"
167.98999999999219,"smoke-00001000","KTEX_CAP_01-00001000","KTEX_CAP_01",1000,Batch,Running,AutomationPilot,2.8220951,59.462914626793534,MissionCache,True,"","D:\Workspace\MM\FlightSim\FlightSimProject\Artifacts\FoundationSmoke\smoke-00001000\KTEX_CAP_01-00001000"
168.189999999992,"smoke-00001000","KTEX_CAP_01-00001000","KTEX_CAP_01",1000,Batch,Running,AutomationPilot,2.8247169999999997,59.478524751326304,MissionCache,True,"","D:\Workspace\MM\FlightSim\FlightSimProject\Artifacts\FoundationSmoke\smoke-00001000\KTEX_CAP_01-00001000"
168.38999999999183,"smoke-00001000","KTEX_CAP_01-00001000","KTEX_CAP_01",1000,Batch,Running,AutomationPilot,2.8273288,59.49431845351414,MissionCache,True,"","D:\Workspace\MM\FlightSim\FlightSimProject\Artifacts\FoundationSmoke\smoke-00001000\KTEX_CAP_01-00001000"
168.58999999999165,"smoke-00001000","KTEX_CAP_01-00001000","KTEX_CAP_01",1000,Batch,Running,AutomationPilot,2.8298837999999997,59.511277459516826,MissionCache,True,"","D:\Workspace\MM\FlightSim\FlightSimProject\Artifacts\FoundationSmoke\smoke-00001000\KTEX_CAP_01-00001000"
168.78999999999147,"smoke-00001000","KTEX_CAP_01-00001000","KTEX_CAP_01",1000,Batch,Running,AutomationPilot,2.8324719999999997,59.5275081271736,MissionCache,True,"","D:\Workspace\MM\FlightSim\FlightSimProject\Artifacts\FoundationSmoke\smoke-00001000\KTEX_CAP_01-00001000"
168.98999999999128,"smoke-00001000","KTEX_CAP_01-00001000","KTEX_CAP_01",1000,Batch,Running,AutomationPilot,2.8351159,59.542539336748618,MissionCache,True,"","D:\Workspace\MM\FlightSim\FlightSimProject\Artifacts\FoundationSmoke\smoke-00001000\KTEX_CAP_01-00001000"
169.1899999999911,"smoke-00001000","KTEX_CAP_01-00001000","KTEX_CAP_01",1000,Batch,Running,AutomationPilot,2.8379103,59.554384083242965,MissionCache,True,"","D:\Workspace\MM\FlightSim\FlightSimProject\Artifacts\FoundationSmoke\smoke-00001000\KTEX_CAP_01-00001000"
169.38999999999092,"smoke-00001000","KTEX_CAP_01-00001000","KTEX_CAP_01",1000,Batch,Running,AutomationPilot,2.8420631999999997,59.537733010297273,MissionCache,True,"","D:\Workspace\MM\FlightSim\FlightSimProject\Artifacts\FoundationSmoke\smoke-00001000\KTEX_CAP_01-00001000"
169.58999999999074,"smoke-00001000","KTEX_CAP_01-00001000","KTEX_CAP_01",1000,Batch,Running,AutomationPilot,2.8474415,59.495515535610089,MissionCache,True,"","D:\Workspace\MM\FlightSim\FlightSimProject\Artifacts\FoundationSmoke\smoke-00001000\KTEX_CAP_01-00001000"
169.78999999999056,"smoke-00001000","KTEX_CAP_01-00001000","KTEX_CAP_01",1000,Batch,Running,AutomationPilot,2.8503936999999997,59.504060789915,MissionCache,True,"","D:\Workspace\MM\FlightSim\FlightSimProject\Artifacts\FoundationSmoke\smoke-00001000\KTEX_CAP_01-00001000"
169.98999999999037,"smoke-00001000","KTEX_CAP_01-00001000","KTEX_CAP_01",1000,Batch,Running,AutomationPilot,2.8530004,59.519795370512583,MissionCache,True,"","D:\Workspace\MM\FlightSim\FlightSimProject\Artifacts\FoundationSmoke\smoke-00001000\KTEX_CAP_01-00001000"
170.18999999999019,"smoke-00001000","KTEX_CAP_01-00001000","KTEX_CAP_01",1000,Batch,Running,AutomationPilot,2.8558339999999998,59.5307710462129,MissionCache,True,"","D:\Workspace\MM\FlightSim\FlightSimProject\Artifacts\FoundationSmoke\smoke-00001000\KTEX_CAP_01-00001000"
170.38999999999,"smoke-00001000","KTEX_CAP_01-00001000","KTEX_CAP_01",1000,Batch,Running,AutomationPilot,2.8591032999999997,59.532651373593318,MissionCache,True,"","D:\Workspace\MM\FlightSim\FlightSimProject\Artifacts\FoundationSmoke\smoke-00001000\KTEX_CAP_01-00001000"
170.58999999998983,"smoke-00001000","KTEX_CAP_01-00001000","KTEX_CAP_01",1000,Batch,Running,AutomationPilot,2.8622921999999997,59.536199693375124,MissionCache,True,"","D:\Workspace\MM\FlightSim\FlightSimProject\Artifacts\FoundationSmoke\smoke-00001000\KTEX_CAP_01-00001000"
170.78999999998965,"smoke-00001000","KTEX_CAP_01-00001000","KTEX_CAP_01",1000,Batch,Running,AutomationPilot,2.8648336,59.553197086207668,MissionCache,True,"","D:\Workspace\MM\FlightSim\FlightSimProject\Artifacts\FoundationSmoke\smoke-00001000\KTEX_CAP_01-00001000"
170.98999999998946,"smoke-00001000","KTEX_CAP_01-00001000","KTEX_CAP_01",1000,Batch,Running,AutomationPilot,2.8674554,59.5684940731736,MissionCache,True,"","D:\Workspace\MM\FlightSim\FlightSimProject\Artifacts\FoundationSmoke\smoke-00001000\KTEX_CAP_01-00001000"
171.18999999998928,"smoke-00001000","KTEX_CAP_01-00001000","KTEX_CAP_01",1000,Batch,Running,AutomationPilot,2.8702666999999997,59.579829289030691,MissionCache,True,"","D:\Workspace\MM\FlightSim\FlightSimProject\Artifacts\FoundationSmoke\smoke-00001000\KTEX_CAP_01-00001000"
171.3899999999891,"smoke-00001000","KTEX_CAP_01-00001000","KTEX_CAP_01",1000,Batch,Running,AutomationPilot,2.873551,59.581333339825626,MissionCache,True,"","D:\Workspace\MM\FlightSim\FlightSimProject\Artifacts\FoundationSmoke\smoke-00001000\KTEX_CAP_01-00001000"
171.58999999998892,"smoke-00001000","KTEX_CAP_01-00001000","KTEX_CAP_01",1000,Batch,Running,AutomationPilot,2.8762217999999997,59.595543014098951,MissionCache,True,"","D:\Workspace\MM\FlightSim\FlightSimProject\Artifacts\FoundationSmoke\smoke-00001000\KTEX_CAP_01-00001000"
171.78999999998874,"smoke-00001000","KTEX_CAP_01-00001000","KTEX_CAP_01",1000,Batch,Running,AutomationPilot,2.8799878999999997,59.587055903946307,MissionCache,True,"","D:\Workspace\MM\FlightSim\FlightSimProject\Artifacts\FoundationSmoke\smoke-00001000\KTEX_CAP_01-00001000"
171.98999999998856,"smoke-00001000","KTEX_CAP_01-00001000","KTEX_CAP_01",1000,Batch,Running,AutomationPilot,2.8825314,59.603860689943815,MissionCache,True,"","D:\Workspace\MM\FlightSim\FlightSimProject\Artifacts\FoundationSmoke\smoke-00001000\KTEX_CAP_01-00001000"
172.18999999998837,"smoke-00001000","KTEX_CAP_01-00001000","KTEX_CAP_01",1000,Batch,Running,AutomationPilot,2.885179,59.618484676336735,MissionCache,True,"","D:\Workspace\MM\FlightSim\FlightSimProject\Artifacts\FoundationSmoke\smoke-00001000\KTEX_CAP_01-00001000"
172.38999999998819,"smoke-00001000","KTEX_CAP_01-00001000","KTEX_CAP_01",1000,Batch,Running,AutomationPilot,2.8879864,59.629782190106006,MissionCache,True,"","D:\Workspace\MM\FlightSim\FlightSimProject\Artifacts\FoundationSmoke\smoke-00001000\KTEX_CAP_01-00001000"
172.589999999988,"smoke-00001000","KTEX_CAP_01-00001000","KTEX_CAP_01",1000,Batch,Running,AutomationPilot,2.8906795,59.643416020346834,MissionCache,True,"","D:\Workspace\MM\FlightSim\FlightSimProject\Artifacts\FoundationSmoke\smoke-00001000\KTEX_CAP_01-00001000"
172.78999999998783,"smoke-00001000","KTEX_CAP_01-00001000","KTEX_CAP_01",1000,Batch,Running,AutomationPilot,2.8938286,59.647623912483276,MissionCache,True,"","D:\Workspace\MM\FlightSim\FlightSimProject\Artifacts\FoundationSmoke\smoke-00001000\KTEX_CAP_01-00001000"
172.98999999998765,"smoke-00001000","KTEX_CAP_01-00001000","KTEX_CAP_01",1000,Batch,Running,AutomationPilot,2.8973942,59.643247715477521,MissionCache,True,"","D:\Workspace\MM\FlightSim\FlightSimProject\Artifacts\FoundationSmoke\smoke-00001000\KTEX_CAP_01-00001000"
173.18999999998746,"smoke-00001000","KTEX_CAP_01-00001000","KTEX_CAP_01",1000,Batch,Running,AutomationPilot,2.9003799999999997,59.65080437735319,MissionCache,True,"","D:\Workspace\MM\FlightSim\FlightSimProject\Artifacts\FoundationSmoke\smoke-00001000\KTEX_CAP_01-00001000"
173.38999999998728,"smoke-00001000","KTEX_CAP_01-00001000","KTEX_CAP_01",1000,Batch,Running,AutomationPilot,2.9030745,59.664331728306479,MissionCache,True,"","D:\Workspace\MM\FlightSim\FlightSimProject\Artifacts\FoundationSmoke\smoke-00001000\KTEX_CAP_01-00001000"
173.5899999999871,"smoke-00001000","KTEX_CAP_01-00001000","KTEX_CAP_01",1000,Batch,Running,AutomationPilot,2.9073244,59.645906731284363,MissionCache,True,"","D:\Workspace\MM\FlightSim\FlightSimProject\Artifacts\FoundationSmoke\smoke-00001000\KTEX_CAP_01-00001000"
173.78999999998692,"smoke-00001000","KTEX_CAP_01-00001000","KTEX_CAP_01",1000,Batch,Running,AutomationPilot,2.9113447,59.632237982670716,MissionCache,True,"","D:\Workspace\MM\FlightSim\FlightSimProject\Artifacts\FoundationSmoke\smoke-00001000\KTEX_CAP_01-00001000"
173.98999999998674,"smoke-00001000","KTEX_CAP_01-00001000","KTEX_CAP_01",1000,Batch,Running,AutomationPilot,2.9158896,59.607880901933633,MissionCache,True,"","D:\Workspace\MM\FlightSim\FlightSimProject\Artifacts\FoundationSmoke\smoke-00001000\KTEX_CAP_01-00001000"
174.18999999998655,"smoke-00001000","KTEX_CAP_01-00001000","KTEX_CAP_01",1000,Batch,Running,AutomationPilot,2.9187415999999997,59.618158729771331,MissionCache,True,"","D:\Workspace\MM\FlightSim\FlightSimProject\Artifacts\FoundationSmoke\smoke-00001000\KTEX_CAP_01-00001000"
174.38999999998637,"smoke-00001000","KTEX_CAP_01-00001000","KTEX_CAP_01",1000,Batch,Running,AutomationPilot,2.9224897999999997,59.610131060161976,MissionCache,True,"","D:\Workspace\MM\FlightSim\FlightSimProject\Artifacts\FoundationSmoke\smoke-00001000\KTEX_CAP_01-00001000"
174.58999999998619,"smoke-00001000","KTEX_CAP_01-00001000","KTEX_CAP_01",1000,Batch,Running,AutomationPilot,2.9255554999999998,59.616028477322125,MissionCache,True,"","D:\Workspace\MM\FlightSim\FlightSimProject\Artifacts\FoundationSmoke\smoke-00001000\KTEX_CAP_01-00001000"
174.789999999986,"smoke-00001000","KTEX_CAP_01-00001000","KTEX_CAP_01",1000,Batch,Running,AutomationPilot,2.9284706,59.624979673685708,MissionCache,True,"","D:\Workspace\MM\FlightSim\FlightSimProject\Artifacts\FoundationSmoke\smoke-00001000\KTEX_CAP_01-00001000"
174.98999999998583,"smoke-00001000","KTEX_CAP_01-00001000","KTEX_CAP_01",1000,Batch,Running,AutomationPilot,2.9309868,59.642029094087356,MissionCache,True,"","D:\Workspace\MM\FlightSim\FlightSimProject\Artifacts\FoundationSmoke\smoke-00001000\KTEX_CAP_01-00001000"
175.18999999998564,"smoke-00001000","KTEX_CAP_01-00001000","KTEX_CAP_01",1000,Batch,Running,AutomationPilot,2.9338561999999997,59.651867054692673,MissionCache,True,"","D:\Workspace\MM\FlightSim\FlightSimProject\Artifacts\FoundationSmoke\smoke-00001000\KTEX_CAP_01-00001000"
175.38999999998546,"smoke-00001000","KTEX_CAP_01-00001000","KTEX_CAP_01",1000,Batch,Running,AutomationPilot,2.9367457999999997,59.661275415797185,MissionCache,True,"","D:\Workspace\MM\FlightSim\FlightSimProject\Artifacts\FoundationSmoke\smoke-00001000\KTEX_CAP_01-00001000"
175.58999999998528,"smoke-00001000","KTEX_CAP_01-00001000","KTEX_CAP_01",1000,Batch,Running,AutomationPilot,2.9408084999999997,59.646862418952296,MissionCache,True,"","D:\Workspace\MM\FlightSim\FlightSimProject\Artifacts\FoundationSmoke\smoke-00001000\KTEX_CAP_01-00001000"
175.7899999999851,"smoke-00001000","KTEX_CAP_01-00001000","KTEX_CAP_01",1000,Batch,Running,AutomationPilot,2.9443826,59.6423847906129,MissionCache,True,"","D:\Workspace\MM\FlightSim\FlightSimProject\Artifacts\FoundationSmoke\smoke-00001000\KTEX_CAP_01-00001000"
175.98999999998492,"smoke-00001000","KTEX_CAP_01-00001000","KTEX_CAP_01",1000,Batch,Running,AutomationPilot,2.9472966,59.651275002314009,MissionCache,True,"","D:\Workspace\MM\FlightSim\FlightSimProject\Artifacts\FoundationSmoke\smoke-00001000\KTEX_CAP_01-00001000"
176.18999999998474,"smoke-00001000","KTEX_CAP_01-00001000","KTEX_CAP_01",1000,Batch,Running,AutomationPilot,2.9518671999999997,59.626666131858819,MissionCache,True,"","D:\Workspace\MM\FlightSim\FlightSimProject\Artifacts\FoundationSmoke\smoke-00001000\KTEX_CAP_01-00001000"
176.38999999998455,"smoke-00001000","KTEX_CAP_01-00001000","KTEX_CAP_01",1000,Batch,Running,AutomationPilot,2.9545052,59.641120279627444,MissionCache,True,"","D:\Workspace\MM\FlightSim\FlightSimProject\Artifacts\FoundationSmoke\smoke-00001000\KTEX_CAP_01-00001000"
176.58999999998437,"smoke-00001000","KTEX_CAP_01-00001000","KTEX_CAP_01",1000,Batch,Running,AutomationPilot,2.9571047999999998,59.656323306493753,MissionCache,True,"","D:\Workspace\MM\FlightSim\FlightSimProject\Artifacts\FoundationSmoke\smoke-00001000\KTEX_CAP_01-00001000"
176.78999999998419,"smoke-00001000","KTEX_CAP_01-00001000","KTEX_CAP_01",1000,Batch,Running,AutomationPilot,2.9597325,59.670933099523133,MissionCache,True,"","D:\Workspace\MM\FlightSim\FlightSimProject\Artifacts\FoundationSmoke\smoke-00001000\KTEX_CAP_01-00001000"
176.989999999984,"smoke-00001000","KTEX_CAP_01-00001000","KTEX_CAP_01",1000,Batch,Running,AutomationPilot,2.9624409,59.683891077787976,MissionCache,True,"","D:\Workspace\MM\FlightSim\FlightSimProject\Artifacts\FoundationSmoke\smoke-00001000\KTEX_CAP_01-00001000"
177.18999999998383,"smoke-00001000","KTEX_CAP_01-00001000","KTEX_CAP_01",1000,Batch,Running,AutomationPilot,2.9660126,59.679449777112879,MissionCache,True,"","D:\Workspace\MM\FlightSim\FlightSimProject\Artifacts\FoundationSmoke\smoke-00001000\KTEX_CAP_01-00001000"
177.38999999998364,"smoke-00001000","KTEX_CAP_01-00001000","KTEX_CAP_01",1000,Batch,Running,AutomationPilot,2.9695875,59.6749548548355,MissionCache,True,"","D:\Workspace\MM\FlightSim\FlightSimProject\Artifacts\FoundationSmoke\smoke-00001000\KTEX_CAP_01-00001000"
177.58999999998346,"smoke-00001000","KTEX_CAP_01-00001000","KTEX_CAP_01",1000,Batch,Running,AutomationPilot,2.9737516,59.658648018880804,MissionCache,True,"","D:\Workspace\MM\FlightSim\FlightSimProject\Artifacts\FoundationSmoke\smoke-00001000\KTEX_CAP_01-00001000"
177.78999999998328,"smoke-00001000","KTEX_CAP_01-00001000","KTEX_CAP_01",1000,Batch,Running,AutomationPilot,2.9772232,59.656259564275679,MissionCache,True,"","D:\Workspace\MM\FlightSim\FlightSimProject\Artifacts\FoundationSmoke\smoke-00001000\KTEX_CAP_01-00001000"
177.9899999999831,"smoke-00001000","KTEX_CAP_01-00001000","KTEX_CAP_01",1000,Batch,Running,AutomationPilot,2.9799892,59.668001481342039,MissionCache,True,"","D:\Workspace\MM\FlightSim\FlightSimProject\Artifacts\FoundationSmoke\smoke-00001000\KTEX_CAP_01-00001000"
178.18999999998292,"smoke-00001000","KTEX_CAP_01-00001000","KTEX_CAP_01",1000,Batch,Running,AutomationPilot,2.9826563,59.681700502998986,MissionCache,True,"","D:\Workspace\MM\FlightSim\FlightSimProject\Artifacts\FoundationSmoke\smoke-00001000\KTEX_CAP_01-00001000"
178.38999999998273,"smoke-00001000","KTEX_CAP_01-00001000","KTEX_CAP_01",1000,Batch,Running,AutomationPilot,2.9869032,59.663801625704806,MissionCache,True,"","D:\Workspace\MM\FlightSim\FlightSimProject\Artifacts\FoundationSmoke\smoke-00001000\KTEX_CAP_01-00001000"
178.58999999998255,"smoke-00001000","KTEX_CAP_01-00001000","KTEX_CAP_01",1000,Batch,Running,AutomationPilot,2.9896637,59.675608330121783,MissionCache,True,"","D:\Workspace\MM\FlightSim\FlightSimProject\Artifacts\FoundationSmoke\smoke-00001000\KTEX_CAP_01-00001000"
178.78999999998237,"smoke-00001000","KTEX_CAP_01-00001000","KTEX_CAP_01",1000,Batch,Running,AutomationPilot,2.9923132,59.689607357940517,MissionCache,True,"","D:\Workspace\MM\FlightSim\FlightSimProject\Artifacts\FoundationSmoke\smoke-00001000\KTEX_CAP_01-00001000"
178.98999999998219,"smoke-00001000","KTEX_CAP_01-00001000","KTEX_CAP_01",1000,Batch,Running,AutomationPilot,2.9949925,59.702987570079841,MissionCache,True,"","D:\Workspace\MM\FlightSim\FlightSimProject\Artifacts\FoundationSmoke\smoke-00001000\KTEX_CAP_01-00001000"
179.189999999982,"smoke-00001000","KTEX_CAP_01-00001000","KTEX_CAP_01",1000,Batch,Running,AutomationPilot,2.9980314999999997,59.70917917306145,MissionCache,True,"","D:\Workspace\MM\FlightSim\FlightSimProject\Artifacts\FoundationSmoke\smoke-00001000\KTEX_CAP_01-00001000"
179.38999999998182,"smoke-00001000","KTEX_CAP_01-00001000","KTEX_CAP_01",1000,Batch,Running,AutomationPilot,3.0006703999999997,59.72332049530732,MissionCache,True,"","D:\Workspace\MM\FlightSim\FlightSimProject\Artifacts\FoundationSmoke\smoke-00001000\KTEX_CAP_01-00001000"
179.58999999998164,"smoke-00001000","KTEX_CAP_01-00001000","KTEX_CAP_01",1000,Batch,Running,AutomationPilot,3.0033103,59.737417076078287,MissionCache,True,"","D:\Workspace\MM\FlightSim\FlightSimProject\Artifacts\FoundationSmoke\smoke-00001000\KTEX_CAP_01-00001000"
179.78999999998146,"smoke-00001000","KTEX_CAP_01-00001000","KTEX_CAP_01",1000,Batch,Running,AutomationPilot,3.0069255999999998,59.732106441204145,MissionCache,True,"","D:\Workspace\MM\FlightSim\FlightSimProject\Artifacts\FoundationSmoke\smoke-00001000\KTEX_CAP_01-00001000"
179.98999999998128,"smoke-00001000","KTEX_CAP_01-00001000","KTEX_CAP_01",1000,Batch,Running,AutomationPilot,3.009722,59.743059325738869,MissionCache,True,"","D:\Workspace\MM\FlightSim\FlightSimProject\Artifacts\FoundationSmoke\smoke-00001000\KTEX_CAP_01-00001000"
180.1899999999811,"smoke-00001000","KTEX_CAP_01-00001000","KTEX_CAP_01",1000,Batch,Running,AutomationPilot,3.0137331,59.729907734689995,MissionCache,True,"","D:\Workspace\MM\FlightSim\FlightSimProject\Artifacts\FoundationSmoke\smoke-00001000\KTEX_CAP_01-00001000"
180.38999999998092,"smoke-00001000","KTEX_CAP_01-00001000","KTEX_CAP_01",1000,Batch,Running,AutomationPilot,3.0176662,59.718334652116624,MissionCache,True,"","D:\Workspace\MM\FlightSim\FlightSimProject\Artifacts\FoundationSmoke\smoke-00001000\KTEX_CAP_01-00001000"
180.58999999998073,"smoke-00001000","KTEX_CAP_01-00001000","KTEX_CAP_01",1000,Batch,Running,AutomationPilot,3.0215946,59.706884570147466,MissionCache,True,"","D:\Workspace\MM\FlightSim\FlightSimProject\Artifacts\FoundationSmoke\smoke-00001000\KTEX_CAP_01-00001000"
180.78999999998055,"smoke-00001000","KTEX_CAP_01-00001000","KTEX_CAP_01",1000,Batch,Running,AutomationPilot,3.0243189999999998,59.719229353775425,MissionCache,True,"","D:\Workspace\MM\FlightSim\FlightSimProject\Artifacts\FoundationSmoke\smoke-00001000\KTEX_CAP_01-00001000"
180.98999999998037,"smoke-00001000","KTEX_CAP_01-00001000","KTEX_CAP_01",1000,Batch,Running,AutomationPilot,3.0271133999999997,59.7301706635703,MissionCache,True,"","D:\Workspace\MM\FlightSim\FlightSimProject\Artifacts\FoundationSmoke\smoke-00001000\KTEX_CAP_01-00001000"
181.18999999998019,"smoke-00001000","KTEX_CAP_01-00001000","KTEX_CAP_01",1000,Batch,Running,AutomationPilot,3.0296909999999997,59.745366771720406,MissionCache,True,"","D:\Workspace\MM\FlightSim\FlightSimProject\Artifacts\FoundationSmoke\smoke-00001000\KTEX_CAP_01-00001000"
181.38999999998,"smoke-00001000","KTEX_CAP_01-00001000","KTEX_CAP_01",1000,Batch,Running,AutomationPilot,3.0323271999999997,59.759382166931125,MissionCache,True,"","D:\Workspace\MM\FlightSim\FlightSimProject\Artifacts\FoundationSmoke\smoke-00001000\KTEX_CAP_01-00001000"
181.58999999997982,"smoke-00001000","KTEX_CAP_01-00001000","KTEX_CAP_01",1000,Batch,Running,AutomationPilot,3.0350147,59.772362881794272,MissionCache,True,"","D:\Workspace\MM\FlightSim\FlightSimProject\Artifacts\FoundationSmoke\smoke-00001000\KTEX_CAP_01-00001000"
181.78999999997964,"smoke-00001000","KTEX_CAP_01-00001000","KTEX_CAP_01",1000,Batch,Running,AutomationPilot,3.0378958,59.781510610067606,MissionCache,True,"","D:\Workspace\MM\FlightSim\FlightSimProject\Artifacts\FoundationSmoke\smoke-00001000\KTEX_CAP_01-00001000"
181.98999999997946,"smoke-00001000","KTEX_CAP_01-00001000","KTEX_CAP_01",1000,Batch,Running,AutomationPilot,3.0405721,59.794668246801194,MissionCache,True,"","D:\Workspace\MM\FlightSim\FlightSimProject\Artifacts\FoundationSmoke\smoke-00001000\KTEX_CAP_01-00001000"
182.18999999997928,"smoke-00001000","KTEX_CAP_01-00001000","KTEX_CAP_01",1000,Batch,Running,AutomationPilot,3.0431635999999997,59.809469329870879,MissionCache,True,"","D:\Workspace\MM\FlightSim\FlightSimProject\Artifacts\FoundationSmoke\smoke-00001000\KTEX_CAP_01-00001000"
182.3899999999791,"smoke-00001000","KTEX_CAP_01-00001000","KTEX_CAP_01",1000,Batch,Running,AutomationPilot,3.0457353,59.824634136781114,MissionCache,True,"","D:\Workspace\MM\FlightSim\FlightSimProject\Artifacts\FoundationSmoke\smoke-00001000\KTEX_CAP_01-00001000"
182.58999999997891,"smoke-00001000","KTEX_CAP_01-00001000","KTEX_CAP_01",1000,Batch,Running,AutomationPilot,3.0493321,59.81965690125358,MissionCache,True,"","D:\Workspace\MM\FlightSim\FlightSimProject\Artifacts\FoundationSmoke\smoke-00001000\KTEX_CAP_01-00001000"
182.78999999997873,"smoke-00001000","KTEX_CAP_01-00001000","KTEX_CAP_01",1000,Batch,Running,AutomationPilot,3.0556248999999998,59.761916457736326,MissionCache,True,"","D:\Workspace\MM\FlightSim\FlightSimProject\Artifacts\FoundationSmoke\smoke-00001000\KTEX_CAP_01-00001000"
182.98999999997855,"smoke-00001000","KTEX_CAP_01-00001000","KTEX_CAP_01",1000,Batch,Running,AutomationPilot,3.0595059,59.75147817168083,MissionCache,True,"","D:\Workspace\MM\FlightSim\FlightSimProject\Artifacts\FoundationSmoke\smoke-00001000\KTEX_CAP_01-00001000"
183.18999999997837,"smoke-00001000","KTEX_CAP_01-00001000","KTEX_CAP_01",1000,Batch,Running,AutomationPilot,3.0620897,59.766374577458826,MissionCache,True,"","D:\Workspace\MM\FlightSim\FlightSimProject\Artifacts\FoundationSmoke\smoke-00001000\KTEX_CAP_01-00001000"
183.38999999997819,"smoke-00001000","KTEX_CAP_01-00001000","KTEX_CAP_01",1000,Batch,Running,AutomationPilot,3.064663,59.781450684782747,MissionCache,True,"","D:\Workspace\MM\FlightSim\FlightSimProject\Artifacts\FoundationSmoke\smoke-00001000\KTEX_CAP_01-00001000"
183.589999999978,"smoke-00001000","KTEX_CAP_01-00001000","KTEX_CAP_01",1000,Batch,Running,AutomationPilot,3.0674061999999997,59.793189438026886,MissionCache,True,"","D:\Workspace\MM\FlightSim\FlightSimProject\Artifacts\FoundationSmoke\smoke-00001000\KTEX_CAP_01-00001000"
183.78999999997782,"smoke-00001000","KTEX_CAP_01-00001000","KTEX_CAP_01",1000,Batch,Running,AutomationPilot,3.0700876,59.806111069918,MissionCache,True,"","D:\Workspace\MM\FlightSim\FlightSimProject\Artifacts\FoundationSmoke\smoke-00001000\KTEX_CAP_01-00001000"
183.98999999997764,"smoke-00001000","KTEX_CAP_01-00001000","KTEX_CAP_01",1000,Batch,Running,AutomationPilot,3.0730731,59.813090681109351,MissionCache,True,"","D:\Workspace\MM\FlightSim\FlightSimProject\Artifacts\FoundationSmoke\smoke-00001000\KTEX_CAP_01-00001000"
184.18999999997746,"smoke-00001000","KTEX_CAP_01-00001000","KTEX_CAP_01",1000,Batch,Running,AutomationPilot,3.0756897999999997,59.827229651045315,MissionCache,True,"","D:\Workspace\MM\FlightSim\FlightSimProject\Artifacts\FoundationSmoke\smoke-00001000\KTEX_CAP_01-00001000"
184.38999999997728,"smoke-00001000","KTEX_CAP_01-00001000","KTEX_CAP_01",1000,Batch,Running,AutomationPilot,3.0796561,59.815120266180841,MissionCache,True,"","D:\Workspace\MM\FlightSim\FlightSimProject\Artifacts\FoundationSmoke\smoke-00001000\KTEX_CAP_01-00001000"
184.5899999999771,"smoke-00001000","KTEX_CAP_01-00001000","KTEX_CAP_01",1000,Batch,Running,AutomationPilot,3.0838334,59.798950228626893,MissionCache,True,"","D:\Workspace\MM\FlightSim\FlightSimProject\Artifacts\FoundationSmoke\smoke-00001000\KTEX_CAP_01-00001000"
184.78999999997691,"smoke-00001000","KTEX_CAP_01-00001000","KTEX_CAP_01",1000,Batch,Running,AutomationPilot,3.0875196999999996,59.792331041637432,MissionCache,True,"","D:\Workspace\MM\FlightSim\FlightSimProject\Artifacts\FoundationSmoke\smoke-00001000\KTEX_CAP_01-00001000"
184.98999999997673,"smoke-00001000","KTEX_CAP_01-00001000","KTEX_CAP_01",1000,Batch,Running,AutomationPilot,3.091107,59.787642420652823,MissionCache,True,"","D:\Workspace\MM\FlightSim\FlightSimProject\Artifacts\FoundationSmoke\smoke-00001000\KTEX_CAP_01-00001000"
185.18999999997655,"smoke-00001000","KTEX_CAP_01-00001000","KTEX_CAP_01",1000,Batch,Running,AutomationPilot,3.0936502,59.80314128597238,MissionCache,True,"","D:\Workspace\MM\FlightSim\FlightSimProject\Artifacts\FoundationSmoke\smoke-00001000\KTEX_CAP_01-00001000"
185.38999999997637,"smoke-00001000","KTEX_CAP_01-00001000","KTEX_CAP_01",1000,Batch,Running,AutomationPilot,3.0963342,59.815894550393345,MissionCache,True,"","D:\Workspace\MM\FlightSim\FlightSimProject\Artifacts\FoundationSmoke\smoke-00001000\KTEX_CAP_01-00001000"
185.58999999997619,"smoke-00001000","KTEX_CAP_01-00001000","KTEX_CAP_01",1000,Batch,Running,AutomationPilot,3.0990474,59.828062003819738,MissionCache,True,"","D:\Workspace\MM\FlightSim\FlightSimProject\Artifacts\FoundationSmoke\smoke-00001000\KTEX_CAP_01-00001000"
185.789999999976,"smoke-00001000","KTEX_CAP_01-00001000","KTEX_CAP_01",1000,Batch,Running,AutomationPilot,3.1016301,59.842725926594589,MissionCache,True,"","D:\Workspace\MM\FlightSim\FlightSimProject\Artifacts\FoundationSmoke\smoke-00001000\KTEX_CAP_01-00001000"
185.98999999997582,"smoke-00001000","KTEX_CAP_01-00001000","KTEX_CAP_01",1000,Batch,Running,AutomationPilot,3.1042935999999997,59.855807453256354,MissionCache,True,"","D:\Workspace\MM\FlightSim\FlightSimProject\Artifacts\FoundationSmoke\smoke-00001000\KTEX_CAP_01-00001000"
186.18999999997564,"smoke-00001000","KTEX_CAP_01-00001000","KTEX_CAP_01",1000,Batch,Running,AutomationPilot,3.107049,59.867095755482389,MissionCache,True,"","D:\Workspace\MM\FlightSim\FlightSimProject\Artifacts\FoundationSmoke\smoke-00001000\KTEX_CAP_01-00001000"
186.38999999997546,"smoke-00001000","KTEX_CAP_01-00001000","KTEX_CAP_01",1000,Batch,Running,AutomationPilot,3.1096041,59.882221019703323,MissionCache,True,"","D:\Workspace\MM\FlightSim\FlightSimProject\Artifacts\FoundationSmoke\smoke-00001000\KTEX_CAP_01-00001000"
186.43999999997541,"smoke-00001000","KTEX_CAP_01-00001000","KTEX_CAP_01",1000,Batch,Completed,AutomationPilot,3.1121559,59.897384960687688,MissionCache,True,"All required objectives succeeded.","D:\Workspace\MM\FlightSim\FlightSimProject\Artifacts\FoundationSmoke\smoke-00001000\KTEX_CAP_01-00001000"
