time_s,batch_id,run_id,mission_id,seed,mode,status,authority,wall_time_s,simulation_rate,terrain_source,terrain_valid,completion_reason,report_path
0,"","KTEX_SCRAMBLE_01-00001000","KTEX_SCRAMBLE_01",1000,Manual,Running,ManualPilot,0,0,None,False,"",""
0,"","KTEX_SCRAMBLE_01-00001000","KTEX_SCRAMBLE_01",1000,Batch,Running,AutomationPilot,0,0,None,False,"",""
0.19000000000000003,"smoke-00001000","KTEX_SCRAMBLE_01-00001000","KTEX_SCRAMBLE_01",1000,Batch,Running,AutomationPilot,0.0287726,0.347552880170718,MissionCache,True,"","D:\Workspace\MM\FlightSim\FlightSimProject\Artifacts\FoundationSmoke\smoke-00001000\KTEX_SCRAMBLE_01-00001000"
0.39000000000000018,"smoke-00001000","KTEX_SCRAMBLE_01-00001000","KTEX_SCRAMBLE_01",1000,Batch,Running,AutomationPilot,0.0334609,6.2759818175841069,MissionCache,True,"","D:\Workspace\MM\FlightSim\FlightSimProject\Artifacts\FoundationSmoke\smoke-00001000\KTEX_SCRAMBLE_01-00001000"
0.5900000000000003,"smoke-00001000","KTEX_SCRAMBLE_01-00001000","KTEX_SCRAMBLE_01",1000,Batch,Running,AutomationPilot,0.035368699999999996,11.592170478417364,MissionCache,True,"","D:\Workspace\MM\FlightSim\FlightSimProject\Artifacts\FoundationSmoke\smoke-00001000\KTEX_SCRAMBLE_01-00001000"
0.79000000000000048,"smoke-00001000","KTEX_SCRAMBLE_01-00001000","KTEX_SCRAMBLE_01",1000,Batch,Running,AutomationPilot,0.037568399999999995,16.237050286943294,MissionCache,True,"","D:\Workspace\MM\FlightSim\FlightSimProject\Artifacts\FoundationSmoke\smoke-00001000\KTEX_SCRAMBLE_01-00001000"
0.99000000000000066,"smoke-00001000","KTEX_SCRAMBLE_01-00001000","KTEX_SCRAMBLE_01",1000,Batch,Running,AutomationPilot,0.0394782,20.517652780521921,MissionCache,True,"","D:\Workspace\MM\FlightSim\FlightSimProject\Artifacts\FoundationSmoke\smoke-00001000\KTEX_SCRAMBLE_01-00001000"
1.1900000000000008,"smoke-00001000","KTEX_SCRAMBLE_01-00001000","KTEX_SCRAMBLE_01",1000,Batch,Running,AutomationPilot,0.042289299999999995,23.883109911963565,MissionCache,True,"","D:\Workspace\MM\FlightSim\FlightSimProject\Artifacts\FoundationSmoke\smoke-00001000\KTEX_SCRAMBLE_01-00001000"
1.390000000000001,"smoke-00001000","KTEX_SCRAMBLE_01-00001000","KTEX_SCRAMBLE_01",1000,Batch,Running,AutomationPilot,0.044449699999999995,27.221781024393888,MissionCache,True,"","D:\Workspace\MM\FlightSim\FlightSimProject\Artifacts\FoundationSmoke\smoke-00001000\KTEX_SCRAMBLE_01-00001000"
1.5900000000000012,"smoke-00001000","KTEX_SCRAMBLE_01-00001000","KTEX_SCRAMBLE_01",1000,Batch,Running,AutomationPilot,0.0462685,30.4742967677794,MissionCache,True,"","D:\Workspace\MM\FlightSim\FlightSimProject\Artifacts\FoundationSmoke\smoke-00001000\KTEX_SCRAMBLE_01-00001000"
1.7900000000000014,"smoke-00001000","KTEX_SCRAMBLE_01-00001000","KTEX_SCRAMBLE_01",1000,Batch,Running,AutomationPilot,0.0481432,33.44189833662908,MissionCache,True,"","D:\Workspace\MM\FlightSim\FlightSimProject\Artifacts\FoundationSmoke\smoke-00001000\KTEX_SCRAMBLE_01-00001000"
1.9900000000000015,"smoke-00001000","KTEX_SCRAMBLE_01-00001000","KTEX_SCRAMBLE_01",1000,Batch,Running,AutomationPilot,0.0499782,36.215790084476858,MissionCache,True,"","D:\Workspace\MM\FlightSim\FlightSimProject\Artifacts\FoundationSmoke\smoke-00001000\KTEX_SCRAMBLE_01-00001000"
2.1899999999999973,"smoke-00001000","KTEX_SCRAMBLE_01-00001000","KTEX_SCRAMBLE_01",1000,Batch,Running,AutomationPilot,0.0520044,38.650575720515981,MissionCache,True,"","D:\Workspace\MM\FlightSim\FlightSimProject\Artifacts\FoundationSmoke\smoke-00001000\KTEX_SCRAMBLE_01-00001000"
2.389999999999993,"smoke-00001000","KTEX_SCRAMBLE_01-00001000","KTEX_SCRAMBLE_01",1000,Batch,Running,AutomationPilot,0.053862799999999995,41.0301729579598,MissionCache,True,"","D:\Workspace\MM\FlightSim\FlightSimProject\Artifacts\FoundationSmoke\smoke-00001000\KTEX_SCRAMBLE_01-00001000"
2.5899999999999888,"smoke-00001000","KTEX_SCRAMBLE_01-00001000","KTEX_SCRAMBLE_01",1000,Batch,Running,AutomationPilot,0.055696199999999994,43.27045651229335,MissionCache,True,"","D:\Workspace\MM\FlightSim\FlightSimProject\Artifacts\FoundationSmoke\smoke-00001000\KTEX_SCRAMBLE_01-00001000"
2.7899999999999845,"smoke-00001000","KTEX_SCRAMBLE_01-00001000","KTEX_SCRAMBLE_01",1000,Batch,Running,AutomationPilot,0.057535199999999995,45.36353397572249,MissionCache,True,"","D:\Workspace\MM\FlightSim\FlightSimProject\Artifacts\FoundationSmoke\smoke-00001000\KTEX_SCRAMBLE_01-00001000"
2.9899999999999802,"smoke-00001000","KTEX_SCRAMBLE_01-00001000","KTEX_SCRAMBLE_01",1000,Batch,Running,AutomationPilot,0.059555,47.183275963394912,MissionCache,True,"","D:\Workspace\MM\FlightSim\FlightSimProject\Artifacts\FoundationSmoke\smoke-00001000\KTEX_SCRAMBLE_01-00001000"
3.189999999999976,"smoke-00001000","KTEX_SCRAMBLE_01-00001000","KTEX_SCRAMBLE_01",1000,Batch,Running,AutomationPilot,0.0614392,48.99152332712633,MissionCache,True,"","D:\Workspace\MM\FlightSim\FlightSimProject\Artifacts\FoundationSmoke\smoke-00001000\KTEX_SCRAMBLE_01-00001000"
3.3899999999999717,"smoke-00001000","KTEX_SCRAMBLE_01-00001000","KTEX_SCRAMBLE_01",1000,Batch,Running,AutomationPilot,0.0633212,50.693922414609574,MissionCache,True,"","D:\Workspace\MM\FlightSim\FlightSimProject\Artifacts\FoundationSmoke\smoke-00001000\KTEX_SCRAMBLE_01-00001000"
3.5899999999999674,"smoke-00001000","KTEX_SCRAMBLE_01-00001000","KTEX_SCRAMBLE_01",1000,Batch,Running,AutomationPilot,0.065227899999999991,52.278242899127086,MissionCache,True,"","D:\Workspace\MM\FlightSim\FlightSimProject\Artifacts\FoundationSmoke\smoke-00001000\KTEX_SCRAMBLE_01-00001000"
3.7899999999999632,"smoke-00001000","KTEX_SCRAMBLE_01-00001000","KTEX_SCRAMBLE_01",1000,Batch,Running,AutomationPilot,0.0670731,53.821874939431268,MissionCache,True,"","D:\Workspace\MM\FlightSim\FlightSimProject\Artifacts\FoundationSmoke\smoke-00001000\KTEX_SCRAMBLE_01-00001000"
3.9899999999999589,"smoke-00001000","KTEX_SCRAMBLE_01-00001000","KTEX_SCRAMBLE_01",1000,Batch,Running,AutomationPilot,0.0695474,54.782781239844525,MissionCache,True,"","D:\Workspace\MM\FlightSim\FlightSimProject\Artifacts\FoundationSmoke\smoke-00001000\KTEX_SCRAMBLE_01-00001000"
4.1899999999999551,"smoke-00001000","KTEX_SCRAMBLE_01-00001000","KTEX_SCRAMBLE_01",1000,Batch,Running,AutomationPilot,0.0713935,56.167578280935366,MissionCache,True,"","D:\Workspace\MM\FlightSim\FlightSimProject\Artifacts\FoundationSmoke\smoke-00001000\KTEX_SCRAMBLE_01-00001000"
4.3899999999999508,"smoke-00001000","KTEX_SCRAMBLE_01-00001000","KTEX_SCRAMBLE_01",1000,Batch,Running,AutomationPilot,0.0732192,57.498579607534019,MissionCache,True,"","D:\Workspace\MM\FlightSim\FlightSimProject\Artifacts\FoundationSmoke\smoke-00001000\KTEX_SCRAMBLE_01-00001000"
4.5899999999999466,"smoke-00001000","KTEX_SCRAMBLE_01-00001000","KTEX_SCRAMBLE_01",1000,Batch,Running,AutomationPilot,0.0753822,58.501874447813286,MissionCache,True,"","D:\Workspace\MM\FlightSim\FlightSimProject\Artifacts\FoundationSmoke\smoke-00001000\KTEX_SCRAMBLE_01-00001000"
4.7899999999999423,"smoke-00001000","KTEX_SCRAMBLE_01-00001000","KTEX_SCRAMBLE_01",1000,Batch,Running,AutomationPilot,0.0771837,59.7276367937783,MissionCache,True,"","D:\Workspace\MM\FlightSim\FlightSimProject\Artifacts\FoundationSmoke\smoke-00001000\KTEX_SCRAMBLE_01-00001000"
4.989999999999938,"smoke-00001000","KTEX_SCRAMBLE_01-00001000","KTEX_SCRAMBLE_01",1000,Batch,Running,AutomationPilot,0.079068699999999992,60.8331741890273,MissionCache,True,"","D:\Workspace\MM\FlightSim\FlightSimProject\Artifacts\FoundationSmoke\smoke-00001000\KTEX_SCRAMBLE_01-00001000"
5.1899999999999338,"smoke-00001000","KTEX_SCRAMBLE_01-00001000","KTEX_SCRAMBLE_01",1000,Batch,Running,AutomationPilot,0.081041,61.820559963474508,MissionCache,True,"","D:\Workspace\MM\FlightSim\FlightSimProject\Artifacts\FoundationSmoke\smoke-00001000\KTEX_SCRAMBLE_01-00001000"
5.3899999999999295,"smoke-00001000","KTEX_SCRAMBLE_01-00001000","KTEX_SCRAMBLE_01",1000,Batch,Running,AutomationPilot,0.0828238,62.904624033187723,MissionCache,True,"","D:\Workspace\MM\FlightSim\FlightSimProject\Artifacts\FoundationSmoke\smoke-00001000\KTEX_SCRAMBLE_01-00001000"
5.5899999999999253,"smoke-00001000","KTEX_SCRAMBLE_01-00001000","KTEX_SCRAMBLE_01",1000,Batch,Running,AutomationPilot,0.0851755,63.515917135795256,MissionCache,True,"","D:\Workspace\MM\FlightSim\FlightSimProject\Artifacts\FoundationSmoke\smoke-00001000\KTEX_SCRAMBLE_01-00001000"
5.789999999999921,"smoke-00001000","KTEX_SCRAMBLE_01-00001000","KTEX_SCRAMBLE_01",1000,Batch,Running,AutomationPilot,0.0870166,64.470457361008414,MissionCache,True,"","D:\Workspace\MM\FlightSim\FlightSimProject\Artifacts\FoundationSmoke\smoke-00001000\KTEX_SCRAMBLE_01-00001000"
5.9899999999999167,"smoke-00001000","KTEX_SCRAMBLE_01-00001000","KTEX_SCRAMBLE_01",1000,Batch,Running,AutomationPilot,0.088887399999999991,65.363594840212684,MissionCache,True,"","D:\Workspace\MM\FlightSim\FlightSimProject\Artifacts\FoundationSmoke\smoke-00001000\KTEX_SCRAMBLE_01-00001000"
6.1899999999999125,"smoke-00001000","KTEX_SCRAMBLE_01-00001000","KTEX_SCRAMBLE_01",1000,Batch,Running,AutomationPilot,0.0910333,66.019797151151465,MissionCache,True,"","D:\Workspace\MM\FlightSim\FlightSimProject\Artifacts\FoundationSmoke\smoke-00001000\KTEX_SCRAMBLE_01-00001000"
6.3899999999999082,"smoke-00001000","KTEX_SCRAMBLE_01-00001000","KTEX_SCRAMBLE_01",1000,Batch,Running,AutomationPilot,0.0930167,66.762205066401108,MissionCache,True,"","D:\Workspace\MM\FlightSim\FlightSimProject\Artifacts\FoundationSmoke\smoke-00001000\KTEX_SCRAMBLE_01-00001000"
6.5899999999999039,"smoke-00001000","KTEX_SCRAMBLE_01-00001000","KTEX_SCRAMBLE_01",1000,Batch,Running,AutomationPilot,0.094983299999999993,67.485547459394525,MissionCache,True,"","D:\Workspace\MM\FlightSim\FlightSimProject\Artifacts\FoundationSmoke\smoke-00001000\KTEX_SCRAMBLE_01-00001000"
6.7899999999999,"smoke-00001000","KTEX_SCRAMBLE_01-00001000","KTEX_SCRAMBLE_01",1000,Batch,Running,AutomationPilot,0.0975371,67.769084789274061,MissionCache,True,"","D:\Workspace\MM\FlightSim\FlightSimProject\Artifacts\FoundationSmoke\smoke-00001000\KTEX_SCRAMBLE_01-00001000"
6.9899999999998954,"smoke-00001000","KTEX_SCRAMBLE_01-00001000","KTEX_SCRAMBLE_01",1000,Batch,Running,AutomationPilot,0.0993464,68.5480299235795,MissionCache,True,"","D:\Workspace\MM\FlightSim\FlightSimProject\Artifacts\FoundationSmoke\smoke-00001000\KTEX_SCRAMBLE_01-00001000"
7.1899999999998911,"smoke-00001000","KTEX_SCRAMBLE_01-00001000","KTEX_SCRAMBLE_01",1000,Batch,Running,AutomationPilot,0.1011763,69.285000538662658,MissionCache,True,"","D:\Workspace\MM\FlightSim\FlightSimProject\Artifacts\FoundationSmoke\smoke-00001000\KTEX_SCRAMBLE_01-00001000"
7.3899999999998869,"smoke-00001000","KTEX_SCRAMBLE_01-00001000","KTEX_SCRAMBLE_01",1000,Batch,Running,AutomationPilot,0.10298679999999999,70.008972023598091,MissionCache,True,"","D:\Workspace\MM\FlightSim\FlightSimProject\Artifacts\FoundationSmoke\smoke-00001000\KTEX_SCRAMBLE_01-00001000"
7.5899999999998826,"smoke-00001000","KTEX_SCRAMBLE_01-00001000","KTEX_SCRAMBLE_01",1000,Batch,Running,AutomationPilot,0.1047916,70.711774607887335,MissionCache,True,"","D:\Workspace\MM\FlightSim\FlightSimProject\Artifacts\FoundationSmoke\smoke-00001000\KTEX_SCRAMBLE_01-00001000"
7.7899999999998784,"smoke-00001000","KTEX_SCRAMBLE_01-00001000","KTEX_SCRAMBLE_01",1000,Batch,Running,AutomationPilot,0.1067341,71.298675868348369,MissionCache,True,"","D:\Workspace\MM\FlightSim\FlightSimProject\Artifacts\FoundationSmoke\smoke-00001000\KTEX_SCRAMBLE_01-00001000"
7.9899999999998741,"smoke-00001000","KTEX_SCRAMBLE_01-00001000","KTEX_SCRAMBLE_01",1000,Batch,Running,AutomationPilot,0.10858369999999999,71.9260809863716,MissionCache,True,"","D:\Workspace\MM\FlightSim\FlightSimProject\Artifacts\FoundationSmoke\smoke-00001000\KTEX_SCRAMBLE_01-00001000"
8.18999999999987,"smoke-00001000","KTEX_SCRAMBLE_01-00001000","KTEX_SCRAMBLE_01",1000,Batch,Running,AutomationPilot,0.1108744,72.243908422502159,MissionCache,True,"","D:\Workspace\MM\FlightSim\FlightSimProject\Artifacts\FoundationSmoke\smoke-00001000\KTEX_SCRAMBLE_01-00001000"
8.3899999999998656,"smoke-00001000","KTEX_SCRAMBLE_01-00001000","KTEX_SCRAMBLE_01",1000,Batch,Running,AutomationPilot,0.11279099999999999,72.789495615783792,MissionCache,True,"","D:\Workspace\MM\FlightSim\FlightSimProject\Artifacts\FoundationSmoke\smoke-00001000\KTEX_SCRAMBLE_01-00001000"
8.5899999999998613,"smoke-00001000","KTEX_SCRAMBLE_01-00001000","KTEX_SCRAMBLE_01",1000,Batch,Running,AutomationPilot,0.11464049999999999,73.359763783304032,MissionCache,True,"","D:\Workspace\MM\FlightSim\FlightSimProject\Artifacts\FoundationSmoke\smoke-00001000\KTEX_SCRAMBLE_01-00001000"
8.789999999999857,"smoke-00001000","KTEX_SCRAMBLE_01-00001000","KTEX_SCRAMBLE_01",1000,Batch,Running,AutomationPilot,0.1164795,73.918586532392922,MissionCache,True,"","D:\Workspace\MM\FlightSim\FlightSimProject\Artifacts\FoundationSmoke\smoke-00001000\KTEX_SCRAMBLE_01-00001000"
8.9899999999998528,"smoke-00001000","KTEX_SCRAMBLE_01-00001000","KTEX_SCRAMBLE_01",1000,Batch,Running,AutomationPilot,0.11831929999999999,74.459534496906741,MissionCache,True,"","D:\Workspace\MM\FlightSim\FlightSimProject\Artifacts\FoundationSmoke\smoke-00001000\KTEX_SCRAMBLE_01-00001000"
9.1899999999998485,"smoke-00001000","KTEX_SCRAMBLE_01-00001000","KTEX_SCRAMBLE_01",1000,Batch,Running,AutomationPilot,0.12017839999999999,74.971875145615627,MissionCache,True,"","D:\Workspace\MM\FlightSim\FlightSimProject\Artifacts\FoundationSmoke\smoke-00001000\KTEX_SCRAMBLE_01-00001000"
9.3899999999998442,"smoke-00001000","KTEX_SCRAMBLE_01-00001000","KTEX_SCRAMBLE_01",1000,Batch,Running,AutomationPilot,0.12207449999999999,75.445731909611339,MissionCache,True,"","D:\Workspace\MM\FlightSim\FlightSimProject\Artifacts\FoundationSmoke\smoke-00001000\KTEX_SCRAMBLE_01-00001000"
9.58999999999984,"smoke-00001000","KTEX_SCRAMBLE_01-00001000","KTEX_SCRAMBLE_01",1000,Batch,Running,AutomationPilot,0.1247142,75.452514629447521,MissionCache,True,"","D:\Workspace\MM\FlightSim\FlightSimProject\Artifacts\FoundationSmoke\smoke-00001000\KTEX_SCRAMBLE_01-00001000"
9.7899999999998357,"smoke-00001000","KTEX_SCRAMBLE_01-00001000","KTEX_SCRAMBLE_01",1000,Batch,Running,AutomationPilot,0.1265706,75.926004933213861,MissionCache,True,"","D:\Workspace\MM\FlightSim\FlightSimProject\Artifacts\FoundationSmoke\smoke-00001000\KTEX_SCRAMBLE_01-00001000"
9.9899999999998315,"smoke-00001000","KTEX_SCRAMBLE_01-00001000","KTEX_SCRAMBLE_01",1000,Batch,Running,AutomationPilot,0.1283875,76.409307759710529,MissionCache,True,"","D:\Workspace\MM\FlightSim\FlightSimProject\Artifacts\FoundationSmoke\smoke-00001000\KTEX_SCRAMBLE_01-00001000"
10.189999999999827,"smoke-00001000","KTEX_SCRAMBLE_01-00001000","KTEX_SCRAMBLE_01",1000,Batch,Running,AutomationPilot,0.1302079,76.877055846840562,MissionCache,True,"","D:\Workspace\MM\FlightSim\FlightSimProject\Artifacts\FoundationSmoke\smoke-00001000\KTEX_SCRAMBLE_01-00001000"
10.389999999999823,"smoke-00001000","KTEX_SCRAMBLE_01-00001000","KTEX_SCRAMBLE_01",1000,Batch,Running,AutomationPilot,0.1330337,76.747470753649836,MissionCache,True,"","D:\Workspace\MM\FlightSim\FlightSimProject\Artifacts\FoundationSmoke\smoke-00001000\KTEX_SCRAMBLE_01-00001000"
10.589999999999819,"smoke-00001000","KTEX_SCRAMBLE_01-00001000","KTEX_SCRAMBLE_01",1000,Batch,Running,AutomationPilot,0.1361778,76.444178125948753,MissionCache,True,"","D:\Workspace\MM\FlightSim\FlightSimProject\Artifacts\FoundationSmoke\smoke-00001000\KTEX_SCRAMBLE_01-00001000"
10.789999999999814,"smoke-00001000","KTEX_SCRAMBLE_01-00001000","KTEX_SCRAMBLE_01",1000,Batch,Running,AutomationPilot,0.1381357,76.808529583589319,MissionCache,True,"","D:\Workspace\MM\FlightSim\FlightSimProject\Artifacts\FoundationSmoke\smoke-00001000\KTEX_SCRAMBLE_01-00001000"
10.98999999999981,"smoke-00001000","KTEX_SCRAMBLE_01-00001000","KTEX_SCRAMBLE_01",1000,Batch,Running,AutomationPilot,0.1399293,77.253298630092573,MissionCache,True,"","D:\Workspace\MM\FlightSim\FlightSimProject\Artifacts\FoundationSmoke\smoke-00001000\KTEX_SCRAMBLE_01-00001000"
11.189999999999806,"smoke-00001000","KTEX_SCRAMBLE_01-00001000","KTEX_SCRAMBLE_01",1000,Batch,Running,AutomationPilot,0.1418208,77.633182156635769,MissionCache,True,"","D:\Workspace\MM\FlightSim\FlightSimProject\Artifacts\FoundationSmoke\smoke-00001000\KTEX_SCRAMBLE_01-00001000"
11.389999999999802,"smoke-00001000","KTEX_SCRAMBLE_01-00001000","KTEX_SCRAMBLE_01",1000,Batch,Running,AutomationPilot,0.1441595,77.76109101377159,MissionCache,True,"","D:\Workspace\MM\FlightSim\FlightSimProject\Artifacts\FoundationSmoke\smoke-00001000\KTEX_SCRAMBLE_01-00001000"
11.589999999999797,"smoke-00001000","KTEX_SCRAMBLE_01-00001000","KTEX_SCRAMBLE_01",1000,Batch,Running,AutomationPilot,0.14599189999999998,78.155020929241985,MissionCache,True,"","D:\Workspace\MM\FlightSim\FlightSimProject\Artifacts\FoundationSmoke\smoke-00001000\KTEX_SCRAMBLE_01-00001000"
11.789999999999793,"smoke-00001000","KTEX_SCRAMBLE_01-00001000","KTEX_SCRAMBLE_01",1000,Batch,Running,AutomationPilot,0.1478619,78.5192128601066,MissionCache,True,"","D:\Workspace\MM\FlightSim\FlightSimProject\Artifacts\FoundationSmoke\smoke-00001000\KTEX_SCRAMBLE_01-00001000"
11.989999999999789,"smoke-00001000","KTEX_SCRAMBLE_01-00001000","KTEX_SCRAMBLE_01",1000,Batch,Running,AutomationPilot,0.14976109999999998,78.858929321431233,MissionCache,True,"","D:\Workspace\MM\FlightSim\FlightSimProject\Artifacts\FoundationSmoke\smoke-00001000\KTEX_SCRAMBLE_01-00001000"
12.189999999999785,"smoke-00001000","KTEX_SCRAMBLE_01-00001000","KTEX_SCRAMBLE_01",1000,Batch,Running,AutomationPilot,0.1516349,79.203402382959254,MissionCache,True,"","D:\Workspace\MM\FlightSim\FlightSimProject\Artifacts\FoundationSmoke\smoke-00001000\KTEX_SCRAMBLE_01-00001000"
12.38999999999978,"smoke-00001000","KTEX_SCRAMBLE_01-00001000","KTEX_SCRAMBLE_01",1000,Batch,Running,AutomationPilot,0.15407669999999998,79.246245538746521,MissionCache,True,"","D:\Workspace\MM\FlightSim\FlightSimProject\Artifacts\FoundationSmoke\smoke-00001000\KTEX_SCRAMBLE_01-00001000"
12.589999999999776,"smoke-00001000","KTEX_SCRAMBLE_01-00001000","KTEX_SCRAMBLE_01",1000,Batch,Running,AutomationPilot,0.1558811,79.611960654625733,MissionCache,True,"","D:\Workspace\MM\FlightSim\FlightSimProject\Artifacts\FoundationSmoke\smoke-00001000\KTEX_SCRAMBLE_01-00001000"
12.789999999999772,"smoke-00001000","KTEX_SCRAMBLE_01-00001000","KTEX_SCRAMBLE_01",1000,Batch,Running,AutomationPilot,0.1576832,79.970472440943468,MissionCache,True,"","D:\Workspace\MM\FlightSim\FlightSimProject\Artifacts\FoundationSmoke\smoke-00001000\KTEX_SCRAMBLE_01-00001000"
12.989999999999768,"smoke-00001000","KTEX_SCRAMBLE_01-00001000","KTEX_SCRAMBLE_01",1000,Batch,Running,AutomationPilot,0.1595625,80.282021151584942,MissionCache,True,"","D:\Workspace\MM\FlightSim\FlightSimProject\Artifacts\FoundationSmoke\smoke-00001000\KTEX_SCRAMBLE_01-00001000"
13.189999999999763,"smoke-00001000","KTEX_SCRAMBLE_01-00001000","KTEX_SCRAMBLE_01",1000,Batch,Running,AutomationPilot,0.1617787,80.41849761433221,MissionCache,True,"","D:\Workspace\MM\FlightSim\FlightSimProject\Artifacts\FoundationSmoke\smoke-00001000\KTEX_SCRAMBLE_01-00001000"
13.389999999999759,"smoke-00001000","KTEX_SCRAMBLE_01-00001000","KTEX_SCRAMBLE_01",1000,Batch,Running,AutomationPilot,0.16493349999999998,80.09288592068782,MissionCache,True,"","D:\Workspace\MM\FlightSim\FlightSimProject\Artifacts\FoundationSmoke\smoke-00001000\KTEX_SCRAMBLE_01-00001000"
13.589999999999755,"smoke-00001000","KTEX_SCRAMBLE_01-00001000","KTEX_SCRAMBLE_01",1000,Batch,Running,AutomationPilot,0.16776169999999999,79.934812296249731,MissionCache,True,"","D:\Workspace\MM\FlightSim\FlightSimProject\Artifacts\FoundationSmoke\smoke-00001000\KTEX_SCRAMBLE_01-00001000"
13.78999999999975,"smoke-00001000","KTEX_SCRAMBLE_01-00001000","KTEX_SCRAMBLE_01",1000,Batch,Running,AutomationPilot,0.1696153,80.24040284101585,MissionCache,True,"","D:\Workspace\MM\FlightSim\FlightSimProject\Artifacts\FoundationSmoke\smoke-00001000\KTEX_SCRAMBLE_01-00001000"
13.989999999999746,"smoke-00001000","KTEX_SCRAMBLE_01-00001000","KTEX_SCRAMBLE_01",1000,Batch,Running,AutomationPilot,0.17148259999999999,80.532952031283358,MissionCache,True,"","D:\Workspace\MM\FlightSim\FlightSimProject\Artifacts\FoundationSmoke\smoke-00001000\KTEX_SCRAMBLE_01-00001000"
14.189999999999742,"smoke-00001000","KTEX_SCRAMBLE_01-00001000","KTEX_SCRAMBLE_01",1000,Batch,Running,AutomationPilot,0.17325859999999998,80.861786947370845,MissionCache,True,"","D:\Workspace\MM\FlightSim\FlightSimProject\Artifacts\FoundationSmoke\smoke-00001000\KTEX_SCRAMBLE_01-00001000"
14.389999999999738,"smoke-00001000","KTEX_SCRAMBLE_01-00001000","KTEX_SCRAMBLE_01",1000,Batch,Running,AutomationPilot,0.1750705,81.167301172954566,MissionCache,True,"","D:\Workspace\MM\FlightSim\FlightSimProject\Artifacts\FoundationSmoke\smoke-00001000\KTEX_SCRAMBLE_01-00001000"
14.589999999999733,"smoke-00001000","KTEX_SCRAMBLE_01-00001000","KTEX_SCRAMBLE_01",1000,Batch,Running,AutomationPilot,0.1768419,81.4852136286691,MissionCache,True,"","D:\Workspace\MM\FlightSim\FlightSimProject\Artifacts\FoundationSmoke\smoke-00001000\KTEX_SCRAMBLE_01-00001000"
14.789999999999729,"smoke-00001000","KTEX_SCRAMBLE_01-00001000","KTEX_SCRAMBLE_01",1000,Batch,Running,AutomationPilot,0.1786285,81.789859960755052,MissionCache,True,"","D:\Workspace\MM\FlightSim\FlightSimProject\Artifacts\FoundationSmoke\smoke-00001000\KTEX_SCRAMBLE_01-00001000"
14.989999999999725,"smoke-00001000","KTEX_SCRAMBLE_01-00001000","KTEX_SCRAMBLE_01",1000,Batch,Running,AutomationPilot,0.1804037,82.09365994156289,MissionCache,True,"","D:\Workspace\MM\FlightSim\FlightSimProject\Artifacts\FoundationSmoke\smoke-00001000\KTEX_SCRAMBLE_01-00001000"
15.189999999999721,"smoke-00001000","KTEX_SCRAMBLE_01-00001000","KTEX_SCRAMBLE_01",1000,Batch,Running,AutomationPilot,0.1828874,82.07235708966131,MissionCache,True,"","D:\Workspace\MM\FlightSim\FlightSimProject\Artifacts\FoundationSmoke\smoke-00001000\KTEX_SCRAMBLE_01-00001000"
15.389999999999716,"smoke-00001000","KTEX_SCRAMBLE_01-00001000","KTEX_SCRAMBLE_01",1000,Batch,Running,AutomationPilot,0.1846736,82.361528664626235,MissionCache,True,"","D:\Workspace\MM\FlightSim\FlightSimProject\Artifacts\FoundationSmoke\smoke-00001000\KTEX_SCRAMBLE_01-00001000"
15.589999999999712,"smoke-00001000","KTEX_SCRAMBLE_01-00001000","KTEX_SCRAMBLE_01",1000,Batch,Running,AutomationPilot,0.1864467,82.65096673740922,MissionCache,True,"","D:\Workspace\MM\FlightSim\FlightSimProject\Artifacts\FoundationSmoke\smoke-00001000\KTEX_SCRAMBLE_01-00001000"
15.789999999999708,"smoke-00001000","KTEX_SCRAMBLE_01-00001000","KTEX_SCRAMBLE_01",1000,Batch,Running,AutomationPilot,0.18822229999999998,82.933850027333179,MissionCache,True,"","D:\Workspace\MM\FlightSim\FlightSimProject\Artifacts\FoundationSmoke\smoke-00001000\KTEX_SCRAMBLE_01-00001000"
15.989999999999704,"smoke-00001000","KTEX_SCRAMBLE_01-00001000","KTEX_SCRAMBLE_01",1000,Batch,Running,AutomationPilot,0.19050499999999998,82.9899477703982,MissionCache,True,"","D:\Workspace\MM\FlightSim\FlightSimProject\Artifacts\FoundationSmoke\smoke-00001000\KTEX_SCRAMBLE_01-00001000"
16.189999999999731,"smoke-00001000","KTEX_SCRAMBLE_01-00001000","KTEX_SCRAMBLE_01",1000,Batch,Running,AutomationPilot,0.1923147,83.248966407662564,MissionCache,True,"","D:\Workspace\MM\FlightSim\FlightSimProject\Artifacts\FoundationSmoke\smoke-00001000\KTEX_SCRAMBLE_01-00001000"
16.389999999999763,"smoke-00001000","KTEX_SCRAMBLE_01-00001000","KTEX_SCRAMBLE_01",1000,Batch,Running,AutomationPilot,0.194164,83.486125131330908,MissionCache,True,"","D:\Workspace\MM\FlightSim\FlightSimProject\Artifacts\FoundationSmoke\smoke-00001000\KTEX_SCRAMBLE_01-00001000"
16.589999999999794,"smoke-00001000","KTEX_SCRAMBLE_01-00001000","KTEX_SCRAMBLE_01",1000,Batch,Running,AutomationPilot,0.1959437,83.748546138506953,MissionCache,True,"","D:\Workspace\MM\FlightSim\FlightSimProject\Artifacts\FoundationSmoke\smoke-00001000\KTEX_SCRAMBLE_01-00001000"
16.789999999999825,"smoke-00001000","KTEX_SCRAMBLE_01-00001000","KTEX_SCRAMBLE_01",1000,Batch,Running,AutomationPilot,0.1977716,83.985769443134387,MissionCache,True,"","D:\Workspace\MM\FlightSim\FlightSimProject\Artifacts\FoundationSmoke\smoke-00001000\KTEX_SCRAMBLE_01-00001000"
16.989999999999856,"smoke-00001000","KTEX_SCRAMBLE_01-00001000","KTEX_SCRAMBLE_01",1000,Batch,Running,AutomationPilot,0.1995921,84.221770300527069,MissionCache,True,"","D:\Workspace\MM\FlightSim\FlightSimProject\Artifacts\FoundationSmoke\smoke-00001000\KTEX_SCRAMBLE_01-00001000"
17.189999999999888,"smoke-00001000","KTEX_SCRAMBLE_01-00001000","KTEX_SCRAMBLE_01",1000,Batch,Running,AutomationPilot,0.2014099,84.454637036212517,MissionCache,True,"","D:\Workspace\MM\FlightSim\FlightSimProject\Artifacts\FoundationSmoke\smoke-00001000\KTEX_SCRAMBLE_01-00001000"
17.389999999999919,"smoke-00001000","KTEX_SCRAMBLE_01-00001000","KTEX_SCRAMBLE_01",1000,Batch,Running,AutomationPilot,0.2032482,84.674796627964682,MissionCache,True,"","D:\Workspace\MM\FlightSim\FlightSimProject\Artifacts\FoundationSmoke\smoke-00001000\KTEX_SCRAMBLE_01-00001000"
17.58999999999995,"smoke-00001000","KTEX_SCRAMBLE_01-00001000","KTEX_SCRAMBLE_01",1000,Batch,Running,AutomationPilot,0.2050473,84.907238476195118,MissionCache,True,"","D:\Workspace\MM\FlightSim\FlightSimProject\Artifacts\FoundationSmoke\smoke-00001000\KTEX_SCRAMBLE_01-00001000"
17.789999999999981,"smoke-00001000","KTEX_SCRAMBLE_01-00001000","KTEX_SCRAMBLE_01",1000,Batch,Running,AutomationPilot,0.2068981,85.114363060849541,MissionCache,True,"","D:\Workspace\MM\FlightSim\FlightSimProject\Artifacts\FoundationSmoke\smoke-00001000\KTEX_SCRAMBLE_01-00001000"
17.990000000000013,"smoke-00001000","KTEX_SCRAMBLE_01-00001000","KTEX_SCRAMBLE_01",1000,Batch,Running,AutomationPilot,0.20935969999999998,85.068902945504732,MissionCache,True,"","D:\Workspace\MM\FlightSim\FlightSimProject\Artifacts\FoundationSmoke\smoke-00001000\KTEX_SCRAMBLE_01-00001000"
18.190000000000044,"smoke-00001000","KTEX_SCRAMBLE_01-00001000","KTEX_SCRAMBLE_01",1000,Batch,Running,AutomationPilot,0.21115109999999998,85.294369766484849,MissionCache,True,"","D:\Workspace\MM\FlightSim\FlightSimProject\Artifacts\FoundationSmoke\smoke-00001000\KTEX_SCRAMBLE_01-00001000"
18.390000000000075,"smoke-00001000","KTEX_SCRAMBLE_01-00001000","KTEX_SCRAMBLE_01",1000,Batch,Running,AutomationPilot,0.2129578,85.509899144337737,MissionCache,True,"","D:\Workspace\MM\FlightSim\FlightSimProject\Artifacts\FoundationSmoke\smoke-00001000\KTEX_SCRAMBLE_01-00001000"
18.590000000000106,"smoke-00001000","KTEX_SCRAMBLE_01-00001000","KTEX_SCRAMBLE_01",1000,Batch,Running,AutomationPilot,0.21480359999999998,85.706198592575163,MissionCache,True,"","D:\Workspace\MM\FlightSim\FlightSimProject\Artifacts\FoundationSmoke\smoke-00001000\KTEX_SCRAMBLE_01-00001000"
18.790000000000138,"smoke-00001000","KTEX_SCRAMBLE_01-00001000","KTEX_SCRAMBLE_01",1000,Batch,Running,AutomationPilot,0.21659689999999998,85.9199739239117,MissionCache,True,"","D:\Workspace\MM\FlightSim\FlightSimProject\Artifacts\FoundationSmoke\smoke-00001000\KTEX_SCRAMBLE_01-00001000"
18.990000000000169,"smoke-00001000","KTEX_SCRAMBLE_01-00001000","KTEX_SCRAMBLE_01",1000,Batch,Running,AutomationPilot,0.2183935,86.128936987594145,MissionCache,True,"","D:\Workspace\MM\FlightSim\FlightSimProject\Artifacts\FoundationSmoke\smoke-00001000\KTEX_SCRAMBLE_01-00001000"
19.1900000000002,"smoke-00001000","KTEX_SCRAMBLE_01-00001000","KTEX_SCRAMBLE_01",1000,Batch,Running,AutomationPilot,0.22022019999999998,86.322689744175037,MissionCache,True,"","D:\Workspace\MM\FlightSim\FlightSimProject\Artifacts\FoundationSmoke\smoke-00001000\KTEX_SCRAMBLE_01-00001000"
19.390000000000231,"smoke-00001000","KTEX_SCRAMBLE_01-00001000","KTEX_SCRAMBLE_01",1000,Batch,Running,AutomationPilot,0.22217109999999998,86.464891248232576,MissionCache,True,"","D:\Workspace\MM\FlightSim\FlightSimProject\Artifacts\FoundationSmoke\smoke-00001000\KTEX_SCRAMBLE_01-00001000"
19.590000000000263,"smoke-00001000","KTEX_SCRAMBLE_01-00001000","KTEX_SCRAMBLE_01",1000,Batch,Running,AutomationPilot,0.22403589999999998,86.637900443635317,MissionCache,True,"","D:\Workspace\MM\FlightSim\FlightSimProject\Artifacts\FoundationSmoke\smoke-00001000\KTEX_SCRAMBLE_01-00001000"
19.790000000000294,"smoke-00001000","KTEX_SCRAMBLE_01-00001000","KTEX_SCRAMBLE_01",1000,Batch,Running,AutomationPilot,0.2258769,86.817199988136309,MissionCache,True,"","D:\Workspace\MM\FlightSim\FlightSimProject\Artifacts\FoundationSmoke\smoke-00001000\KTEX_SCRAMBLE_01-00001000"
19.990000000000325,"smoke-00001000","KTEX_SCRAMBLE_01-00001000","KTEX_SCRAMBLE_01",1000,Batch,Running,AutomationPilot,0.2277023,86.999560390915235,MissionCache,True,"","D:\Workspace\MM\FlightSim\FlightSimProject\Artifacts\FoundationSmoke\smoke-00001000\KTEX_SCRAMBLE_01-00001000"
20.190000000000357,"smoke-00001000","KTEX_SCRAMBLE_01-00001000","KTEX_SCRAMBLE_01",1000,Batch,Running,AutomationPilot,0.2297042,87.112033650235077,MissionCache,True,"","D:\Workspace\MM\FlightSim\FlightSimProject\Artifacts\FoundationSmoke\smoke-00001000\KTEX_SCRAMBLE_01-00001000"
20.390000000000388,"smoke-00001000","KTEX_SCRAMBLE_01-00001000","KTEX_SCRAMBLE_01",1000,Batch,Running,AutomationPilot,0.2315305,87.288715741556118,MissionCache,True,"","D:\Workspace\MM\FlightSim\FlightSimProject\Artifacts\FoundationSmoke\smoke-00001000\KTEX_SCRAMBLE_01-00001000"
20.590000000000419,"smoke-00001000","KTEX_SCRAMBLE_01-00001000","KTEX_SCRAMBLE_01",1000,Batch,Running,AutomationPilot,0.23333659999999998,87.470203988574411,MissionCache,True,"","D:\Workspace\MM\FlightSim\FlightSimProject\Artifacts\FoundationSmoke\smoke-00001000\KTEX_SCRAMBLE_01-00001000"
20.79000000000045,"smoke-00001000","KTEX_SCRAMBLE_01-00001000","KTEX_SCRAMBLE_01",1000,Batch,Running,AutomationPilot,0.2357569,87.420559058930721,MissionCache,True,"","D:\Workspace\MM\FlightSim\FlightSimProject\Artifacts\FoundationSmoke\smoke-00001000\KTEX_SCRAMBLE_01-00001000"
20.990000000000482,"smoke-00001000","KTEX_SCRAMBLE_01-00001000","KTEX_SCRAMBLE_01",1000,Batch,Running,AutomationPilot,0.2376178,87.57761413496992,MissionCache,True,"","D:\Workspace\MM\FlightSim\FlightSimProject\Artifacts\FoundationSmoke\smoke-00001000\KTEX_SCRAMBLE_01-00001000"
21.190000000000513,"smoke-00001000","KTEX_SCRAMBLE_01-00001000","KTEX_SCRAMBLE_01",1000,Batch,Running,AutomationPilot,0.23940409999999998,87.75956635663502,MissionCache,True,"","D:\Workspace\MM\FlightSim\FlightSimProject\Artifacts\FoundationSmoke\smoke-00001000\KTEX_SCRAMBLE_01-00001000"
21.390000000000544,"smoke-00001000","KTEX_SCRAMBLE_01-00001000","KTEX_SCRAMBLE_01",1000,Batch,Running,AutomationPilot,0.2416457,87.7731323172749,MissionCache,True,"","D:\Workspace\MM\FlightSim\FlightSimProject\Artifacts\FoundationSmoke\smoke-00001000\KTEX_SCRAMBLE_01-00001000"
21.590000000000575,"smoke-00001000","KTEX_SCRAMBLE_01-00001000","KTEX_SCRAMBLE_01",1000,Batch,Running,AutomationPilot,0.243417,87.956058944118723,MissionCache,True,"","D:\Workspace\MM\FlightSim\FlightSimProject\Artifacts\FoundationSmoke\smoke-00001000\KTEX_SCRAMBLE_01-00001000"
21.790000000000607,"smoke-00001000","KTEX_SCRAMBLE_01-00001000","KTEX_SCRAMBLE_01",1000,Batch,Running,AutomationPilot,0.2453998,88.060381467305916,MissionCache,True,"","D:\Workspace\MM\FlightSim\FlightSimProject\Artifacts\FoundationSmoke\smoke-00001000\KTEX_SCRAMBLE_01-00001000"
21.990000000000638,"smoke-00001000","KTEX_SCRAMBLE_01-00001000","KTEX_SCRAMBLE_01",1000,Batch,Running,AutomationPilot,0.2471795,88.235472601897044,MissionCache,True,"","D:\Workspace\MM\FlightSim\FlightSimProject\Artifacts\FoundationSmoke\smoke-00001000\KTEX_SCRAMBLE_01-00001000"
22.190000000000669,"smoke-00001000","KTEX_SCRAMBLE_01-00001000","KTEX_SCRAMBLE_01",1000,Batch,Running,AutomationPilot,0.2490412,88.378950952696343,MissionCache,True,"","D:\Workspace\MM\FlightSim\FlightSimProject\Artifacts\FoundationSmoke\smoke-00001000\KTEX_SCRAMBLE_01-00001000"
22.3900000000007,"smoke-00001000","KTEX_SCRAMBLE_01-00001000","KTEX_SCRAMBLE_01",1000,Batch,Running,AutomationPilot,0.25081349999999997,88.551852272707308,MissionCache,True,"","D:\Workspace\MM\FlightSim\FlightSimProject\Artifacts\FoundationSmoke\smoke-00001000\KTEX_SCRAMBLE_01-00001000"
22.590000000000732,"smoke-00001000","KTEX_SCRAMBLE_01-00001000","KTEX_SCRAMBLE_01",1000,Batch,Running,AutomationPilot,0.2526097,88.713932996241653,MissionCache,True,"","D:\Workspace\MM\FlightSim\FlightSimProject\Artifacts\FoundationSmoke\smoke-00001000\KTEX_SCRAMBLE_01-00001000"
22.790000000000763,"smoke-00001000","KTEX_SCRAMBLE_01-00001000","KTEX_SCRAMBLE_01",1000,Batch,Running,AutomationPilot,0.25439429999999996,88.877777528823316,MissionCache,True,"","D:\Workspace\MM\FlightSim\FlightSimProject\Artifacts\FoundationSmoke\smoke-00001000\KTEX_SCRAMBLE_01-00001000"
22.990000000000794,"smoke-00001000","KTEX_SCRAMBLE_01-00001000","KTEX_SCRAMBLE_01",1000,Batch,Running,AutomationPilot,0.2561854,89.037080177093486,MissionCache,True,"","D:\Workspace\MM\FlightSim\FlightSimProject\Artifacts\FoundationSmoke\smoke-00001000\KTEX_SCRAMBLE_01-00001000"
23.190000000000826,"smoke-00001000","KTEX_SCRAMBLE_01-00001000","KTEX_SCRAMBLE_01",1000,Batch,Running,AutomationPilot,0.258013,89.181552867494261,MissionCache,True,"","D:\Workspace\MM\FlightSim\FlightSimProject\Artifacts\FoundationSmoke\smoke-00001000\KTEX_SCRAMBLE_01-00001000"
23.390000000000857,"smoke-00001000","KTEX_SCRAMBLE_01-00001000","KTEX_SCRAMBLE_01",1000,Batch,Running,AutomationPilot,0.2597894,89.341597463179127,MissionCache,True,"","D:\Workspace\MM\FlightSim\FlightSimProject\Artifacts\FoundationSmoke\smoke-00001000\KTEX_SCRAMBLE_01-00001000"
23.590000000000888,"smoke-00001000","KTEX_SCRAMBLE_01-00001000","KTEX_SCRAMBLE_01",1000,Batch,Running,AutomationPilot,0.2622412,89.268963076743319,MissionCache,True,"","D:\Workspace\MM\FlightSim\FlightSimProject\Artifacts\FoundationSmoke\smoke-00001000\KTEX_SCRAMBLE_01-00001000"
23.790000000000919,"smoke-00001000","KTEX_SCRAMBLE_01-00001000","KTEX_SCRAMBLE_01",1000,Batch,Running,AutomationPilot,0.2640263,89.422909763159552,MissionCache,True,"","D:\Workspace\MM\FlightSim\FlightSimProject\Artifacts\FoundationSmoke\smoke-00001000\KTEX_SCRAMBLE_01-00001000"
23.990000000000951,"smoke-00001000","KTEX_SCRAMBLE_01-00001000","KTEX_SCRAMBLE_01",1000,Batch,Running,AutomationPilot,0.2657904,89.581866011717963,MissionCache,True,"","D:\Workspace\MM\FlightSim\FlightSimProject\Artifacts\FoundationSmoke\smoke-00001000\KTEX_SCRAMBLE_01-00001000"
24.190000000000982,"smoke-00001000","KTEX_SCRAMBLE_01-00001000","KTEX_SCRAMBLE_01",1000,Batch,Running,AutomationPilot,0.2675829,89.7292016791841,MissionCache,True,"","D:\Workspace\MM\FlightSim\FlightSimProject\Artifacts\FoundationSmoke\smoke-00001000\KTEX_SCRAMBLE_01-00001000"
24.390000000001013,"smoke-00001000","KTEX_SCRAMBLE_01-00001000","KTEX_SCRAMBLE_01",1000,Batch,Running,AutomationPilot,0.2693541,89.881683627615047,MissionCache,True,"","D:\Workspace\MM\FlightSim\FlightSimProject\Artifacts\FoundationSmoke\smoke-00001000\KTEX_SCRAMBLE_01-00001000"
24.590000000001044,"smoke-00001000","KTEX_SCRAMBLE_01-00001000","KTEX_SCRAMBLE_01",1000,Batch,Running,AutomationPilot,0.2711202,90.033866897416786,MissionCache,True,"","D:\Workspace\MM\FlightSim\FlightSimProject\Artifacts\FoundationSmoke\smoke-00001000\KTEX_SCRAMBLE_01-00001000"
24.790000000001076,"smoke-00001000","KTEX_SCRAMBLE_01-00001000","KTEX_SCRAMBLE_01",1000,Batch,Running,AutomationPilot,0.27288789999999996,90.183551560919526,MissionCache,True,"","D:\Workspace\MM\FlightSim\FlightSimProject\Artifacts\FoundationSmoke\smoke-00001000\KTEX_SCRAMBLE_01-00001000"
24.990000000001107,"smoke-00001000","KTEX_SCRAMBLE_01-00001000","KTEX_SCRAMBLE_01",1000,Batch,Running,AutomationPilot,0.2746964,90.317892771805816,MissionCache,True,"","D:\Workspace\MM\FlightSim\FlightSimProject\Artifacts\FoundationSmoke\smoke-00001000\KTEX_SCRAMBLE_01-00001000"
25.190000000001138,"smoke-00001000","KTEX_SCRAMBLE_01-00001000","KTEX_SCRAMBLE_01",1000,Batch,Running,AutomationPilot,0.2765612,90.432063499873124,MissionCache,True,"","D:\Workspace\MM\FlightSim\FlightSimProject\Artifacts\FoundationSmoke\smoke-00001000\KTEX_SCRAMBLE_01-00001000"
25.390000000001169,"smoke-00001000","KTEX_SCRAMBLE_01-00001000","KTEX_SCRAMBLE_01",1000,Batch,Running,AutomationPilot,0.2783915,90.555925737679274,MissionCache,True,"","D:\Workspace\MM\FlightSim\FlightSimProject\Artifacts\FoundationSmoke\smoke-00001000\KTEX_SCRAMBLE_01-00001000"
25.5900000000012,"smoke-00001000","KTEX_SCRAMBLE_01-00001000","KTEX_SCRAMBLE_01",1000,Batch,Running,AutomationPilot,0.28023939999999997,90.672475033850262,MissionCache,True,"","D:\Workspace\MM\FlightSim\FlightSimProject\Artifacts\FoundationSmoke\smoke-00001000\KTEX_SCRAMBLE_01-00001000"
25.790000000001232,"smoke-00001000","KTEX_SCRAMBLE_01-00001000","KTEX_SCRAMBLE_01",1000,Batch,Running,AutomationPilot,0.2822282,90.742172468949619,MissionCache,True,"","D:\Workspace\MM\FlightSim\FlightSimProject\Artifacts\FoundationSmoke\smoke-00001000\KTEX_SCRAMBLE_01-00001000"
25.990000000001263,"smoke-00001000","KTEX_SCRAMBLE_01-00001000","KTEX_SCRAMBLE_01",1000,Batch,Running,AutomationPilot,0.28406709999999996,90.858814695546357,MissionCache,True,"","D:\Workspace\MM\FlightSim\FlightSimProject\Artifacts\FoundationSmoke\smoke-00001000\KTEX_SCRAMBLE_01-00001000"
26.190000000001294,"smoke-00001000","KTEX_SCRAMBLE_01-00001000","KTEX_SCRAMBLE_01",1000,Batch,Running,AutomationPilot,0.2858769,90.9832169021046,MissionCache,True,"","D:\Workspace\MM\FlightSim\FlightSimProject\Artifacts\FoundationSmoke\smoke-00001000\KTEX_SCRAMBLE_01-00001000"
26.390000000001326,"smoke-00001000","KTEX_SCRAMBLE_01-00001000","KTEX_SCRAMBLE_01",1000,Batch,Running,AutomationPilot,0.2887882,90.7585559243809,MissionCache,True,"","D:\Workspace\MM\FlightSim\FlightSimProject\Artifacts\FoundationSmoke\smoke-00001000\KTEX_SCRAMBLE_01-00001000"
26.590000000001357,"smoke-00001000","KTEX_SCRAMBLE_01-00001000","KTEX_SCRAMBLE_01",1000,Batch,Running,AutomationPilot,0.2906342,90.870241699020028,MissionCache,True,"","D:\Workspace\MM\FlightSim\FlightSimProject\Artifacts\FoundationSmoke\smoke-00001000\KTEX_SCRAMBLE_01-00001000"
26.790000000001388,"smoke-00001000","KTEX_SCRAMBLE_01-00001000","KTEX_SCRAMBLE_01",1000,Batch,Running,AutomationPilot,0.2926914,90.914868014575632,MissionCache,True,"","D:\Workspace\MM\FlightSim\FlightSimProject\Artifacts\FoundationSmoke\smoke-00001000\KTEX_SCRAMBLE_01-00001000"
26.99000000000142,"smoke-00001000","KTEX_SCRAMBLE_01-00001000","KTEX_SCRAMBLE_01",1000,Batch,Running,AutomationPilot,0.29461919999999997,90.9988215296267,MissionCache,True,"","D:\Workspace\MM\FlightSim\FlightSimProject\Artifacts\FoundationSmoke\smoke-00001000\KTEX_SCRAMBLE_01-00001000"
27.190000000001451,"smoke-00001000","KTEX_SCRAMBLE_01-00001000","KTEX_SCRAMBLE_01",1000,Batch,Running,AutomationPilot,0.296423,91.1197849019861,MissionCache,True,"","D:\Workspace\MM\FlightSim\FlightSimProject\Artifacts\FoundationSmoke\smoke-00001000\KTEX_SCRAMBLE_01-00001000"
27.390000000001482,"smoke-00001000","KTEX_SCRAMBLE_01-00001000","KTEX_SCRAMBLE_01",1000,Batch,Running,AutomationPilot,0.2982391,91.23552210290822,MissionCache,True,"","D:\Workspace\MM\FlightSim\FlightSimProject\Artifacts\FoundationSmoke\smoke-00001000\KTEX_SCRAMBLE_01-00001000"
27.590000000001513,"smoke-00001000","KTEX_SCRAMBLE_01-00001000","KTEX_SCRAMBLE_01",1000,Batch,Running,AutomationPilot,0.3000323,91.356830581245717,MissionCache,True,"","D:\Workspace\MM\FlightSim\FlightSimProject\Artifacts\FoundationSmoke\smoke-00001000\KTEX_SCRAMBLE_01-00001000"
27.790000000001545,"smoke-00001000","KTEX_SCRAMBLE_01-00001000","KTEX_SCRAMBLE_01",1000,Batch,Running,AutomationPilot,0.30181359999999996,91.480304399806769,MissionCache,True,"","D:\Workspace\MM\FlightSim\FlightSimProject\Artifacts\FoundationSmoke\smoke-00001000\KTEX_SCRAMBLE_01-00001000"
27.990000000001576,"smoke-00001000","KTEX_SCRAMBLE_01-00001000","KTEX_SCRAMBLE_01",1000,Batch,Running,AutomationPilot,0.30363819999999997,91.589266436178164,MissionCache,True,"","D:\Workspace\MM\FlightSim\FlightSimProject\Artifacts\FoundationSmoke\smoke-00001000\KTEX_SCRAMBLE_01-00001000"
28.190000000001607,"smoke-00001000","KTEX_SCRAMBLE_01-00001000","KTEX_SCRAMBLE_01",1000,Batch,Running,AutomationPilot,0.305461,91.697467107099044,MissionCache,True,"","D:\Workspace\MM\FlightSim\FlightSimProject\Artifacts\FoundationSmoke\smoke-00001000\KTEX_SCRAMBLE_01-00001000"
28.390000000001638,"smoke-00001000","KTEX_SCRAMBLE_01-00001000","KTEX_SCRAMBLE_01",1000,Batch,Running,AutomationPilot,0.3073722,91.77798122277035,MissionCache,True,"","D:\Workspace\MM\FlightSim\FlightSimProject\Artifacts\FoundationSmoke\smoke-00001000\KTEX_SCRAMBLE_01-00001000"
28.59000000000167,"smoke-00001000","KTEX_SCRAMBLE_01-00001000","KTEX_SCRAMBLE_01",1000,Batch,Running,AutomationPilot,0.3091605,91.89401621488399,MissionCache,True,"","D:\Workspace\MM\FlightSim\FlightSimProject\Artifacts\FoundationSmoke\smoke-00001000\KTEX_SCRAMBLE_01-00001000"
28.7900000000017,"smoke-00001000","KTEX_SCRAMBLE_01-00001000","KTEX_SCRAMBLE_01",1000,Batch,Running,AutomationPilot,0.3109684,92.0029173382301,MissionCache,True,"","D:\Workspace\MM\FlightSim\FlightSimProject\Artifacts\FoundationSmoke\smoke-00001000\KTEX_SCRAMBLE_01-00001000"
28.990000000001732,"smoke-00001000","KTEX_SCRAMBLE_01-00001000","KTEX_SCRAMBLE_01",1000,Batch,Running,AutomationPilot,0.31284449999999997,92.090479455453774,MissionCache,True,"","D:\Workspace\MM\FlightSim\FlightSimProject\Artifacts\FoundationSmoke\smoke-00001000\KTEX_SCRAMBLE_01-00001000"
29.190000000001763,"smoke-00001000","KTEX_SCRAMBLE_01-00001000","KTEX_SCRAMBLE_01",1000,Batch,Running,AutomationPilot,0.31528459999999997,92.012105887828767,MissionCache,True,"","D:\Workspace\MM\FlightSim\FlightSimProject\Artifacts\FoundationSmoke\smoke-00001000\KTEX_SCRAMBLE_01-00001000"
29.390000000001795,"smoke-00001000","KTEX_SCRAMBLE_01-00001000","KTEX_SCRAMBLE_01",1000,Batch,Running,AutomationPilot,0.3170577,92.128341308228016,MissionCache,True,"","D:\Workspace\MM\FlightSim\FlightSimProject\Artifacts\FoundationSmoke\smoke-00001000\KTEX_SCRAMBLE_01-00001000"
29.590000000001826,"smoke-00001000","KTEX_SCRAMBLE_01-00001000","KTEX_SCRAMBLE_01",1000,Batch,Running,AutomationPilot,0.3188312,92.243168171752956,MissionCache,True,"","D:\Workspace\MM\FlightSim\FlightSimProject\Artifacts\FoundationSmoke\smoke-00001000\KTEX_SCRAMBLE_01-00001000"
29.790000000001857,"smoke-00001000","KTEX_SCRAMBLE_01-00001000","KTEX_SCRAMBLE_01",1000,Batch,Running,AutomationPilot,0.3206928,92.33135262158,MissionCache,True,"","D:\Workspace\MM\FlightSim\FlightSimProject\Artifacts\FoundationSmoke\smoke-00001000\KTEX_SCRAMBLE_01-00001000"
29.990000000001888,"smoke-00001000","KTEX_SCRAMBLE_01-00001000","KTEX_SCRAMBLE_01",1000,Batch,Running,AutomationPilot,0.3228495,92.334044190874877,MissionCache,True,"","D:\Workspace\MM\FlightSim\FlightSimProject\Artifacts\FoundationSmoke\smoke-00001000\KTEX_SCRAMBLE_01-00001000"
30.19000000000192,"smoke-00001000","KTEX_SCRAMBLE_01-00001000","KTEX_SCRAMBLE_01",1000,Batch,Running,AutomationPilot,0.3246696,92.4324297686075,MissionCache,True,"","D:\Workspace\MM\FlightSim\FlightSimProject\Artifacts\FoundationSmoke\smoke-00001000\KTEX_SCRAMBLE_01-00001000"
30.390000000001951,"smoke-00001000","KTEX_SCRAMBLE_01-00001000","KTEX_SCRAMBLE_01",1000,Batch,Running,AutomationPilot,0.326478,92.5330343851712,MissionCache,True,"","D:\Workspace\MM\FlightSim\FlightSimProject\Artifacts\FoundationSmoke\smoke-00001000\KTEX_SCRAMBLE_01-00001000"
30.590000000001982,"smoke-00001000","KTEX_SCRAMBLE_01-00001000","KTEX_SCRAMBLE_01",1000,Batch,Running,AutomationPilot,0.3283241,92.621894037026081,MissionCache,True,"","D:\Workspace\MM\FlightSim\FlightSimProject\Artifacts\FoundationSmoke\smoke-00001000\KTEX_SCRAMBLE_01-00001000"
30.790000000002014,"smoke-00001000","KTEX_SCRAMBLE_01-00001000","KTEX_SCRAMBLE_01",1000,Batch,Running,AutomationPilot,0.3301243,92.722650225996659,MissionCache,True,"","D:\Workspace\MM\FlightSim\FlightSimProject\Artifacts\FoundationSmoke\smoke-00001000\KTEX_SCRAMBLE_01-00001000"
30.990000000002045,"smoke-00001000","KTEX_SCRAMBLE_01-00001000","KTEX_SCRAMBLE_01",1000,Batch,Running,AutomationPilot,0.33192479999999996,92.8222296134607,MissionCache,True,"","D:\Workspace\MM\FlightSim\FlightSimProject\Artifacts\FoundationSmoke\smoke-00001000\KTEX_SCRAMBLE_01-00001000"
31.190000000002076,"smoke-00001000","KTEX_SCRAMBLE_01-00001000","KTEX_SCRAMBLE_01",1000,Batch,Running,AutomationPilot,0.33370449999999996,92.926526312956682,MissionCache,True,"","D:\Workspace\MM\FlightSim\FlightSimProject\Artifacts\FoundationSmoke\smoke-00001000\KTEX_SCRAMBLE_01-00001000"
31.390000000002107,"smoke-00001000","KTEX_SCRAMBLE_01-00001000","KTEX_SCRAMBLE_01",1000,Batch,Running,AutomationPilot,0.3359045,92.913313158954637,MissionCache,True,"","D:\Workspace\MM\FlightSim\FlightSimProject\Artifacts\FoundationSmoke\smoke-00001000\KTEX_SCRAMBLE_01-00001000"
31.590000000002139,"smoke-00001000","KTEX_SCRAMBLE_01-00001000","KTEX_SCRAMBLE_01",1000,Batch,Running,AutomationPilot,0.3377597,92.995108652696317,MissionCache,True,"","D:\Workspace\MM\FlightSim\FlightSimProject\Artifacts\FoundationSmoke\smoke-00001000\KTEX_SCRAMBLE_01-00001000"
31.79000000000217,"smoke-00001000","KTEX_SCRAMBLE_01-00001000","KTEX_SCRAMBLE_01",1000,Batch,Running,AutomationPilot,0.3395994,93.080258681264283,MissionCache,True,"","D:\Workspace\MM\FlightSim\FlightSimProject\Artifacts\FoundationSmoke\smoke-00001000\KTEX_SCRAMBLE_01-00001000"
31.9900000000022,"smoke-00001000","KTEX_SCRAMBLE_01-00001000","KTEX_SCRAMBLE_01",1000,Batch,Running,AutomationPilot,0.3421024,92.983855126424643,MissionCache,True,"","D:\Workspace\MM\FlightSim\FlightSimProject\Artifacts\FoundationSmoke\smoke-00001000\KTEX_SCRAMBLE_01-00001000"
32.190000000002165,"smoke-00001000","KTEX_SCRAMBLE_01-00001000","KTEX_SCRAMBLE_01",1000,Batch,Running,AutomationPilot,0.3439271,93.072049280217243,MissionCache,True,"","D:\Workspace\MM\FlightSim\FlightSimProject\Artifacts\FoundationSmoke\smoke-00001000\KTEX_SCRAMBLE_01-00001000"
32.390000000002125,"smoke-00001000","KTEX_SCRAMBLE_01-00001000","KTEX_SCRAMBLE_01",1000,Batch,Running,AutomationPilot,0.3456969,93.174107144154789,MissionCache,True,"","D:\Workspace\MM\FlightSim\FlightSimProject\Artifacts\FoundationSmoke\smoke-00001000\KTEX_SCRAMBLE_01-00001000"
32.590000000002085,"smoke-00001000","KTEX_SCRAMBLE_01-00001000","KTEX_SCRAMBLE_01",1000,Batch,Running,AutomationPilot,0.3474932,93.268012151035251,MissionCache,True,"","D:\Workspace\MM\FlightSim\FlightSimProject\Artifacts\FoundationSmoke\smoke-00001000\KTEX_SCRAMBLE_01-00001000"
32.790000000002046,"smoke-00001000","KTEX_SCRAMBLE_01-00001000","KTEX_SCRAMBLE_01",1000,Batch,Running,AutomationPilot,0.3492804,93.36338368829766,MissionCache,True,"","D:\Workspace\MM\FlightSim\FlightSimProject\Artifacts\FoundationSmoke\smoke-00001000\KTEX_SCRAMBLE_01-00001000"
32.990000000002006,"smoke-00001000","KTEX_SCRAMBLE_01-00001000","KTEX_SCRAMBLE_01",1000,Batch,Running,AutomationPilot,0.3511332,93.440324070757313,MissionCache,True,"","D:\Workspace\MM\FlightSim\FlightSimProject\Artifacts\FoundationSmoke\smoke-00001000\KTEX_SCRAMBLE_01-00001000"
33.190000000001966,"smoke-00001000","KTEX_SCRAMBLE_01-00001000","KTEX_SCRAMBLE_01",1000,Batch,Running,AutomationPilot,0.35294359999999997,93.527691109860058,MissionCache,True,"","D:\Workspace\MM\FlightSim\FlightSimProject\Artifacts\FoundationSmoke\smoke-00001000\KTEX_SCRAMBLE_01-00001000"
33.390000000001926,"smoke-00001000","KTEX_SCRAMBLE_01-00001000","KTEX_SCRAMBLE_01",1000,Batch,Running,AutomationPilot,0.3547571,93.613348400925489,MissionCache,True,"","D:\Workspace\MM\FlightSim\FlightSimProject\Artifacts\FoundationSmoke\smoke-00001000\KTEX_SCRAMBLE_01-00001000"
33.590000000001886,"smoke-00001000","KTEX_SCRAMBLE_01-00001000","KTEX_SCRAMBLE_01",1000,Batch,Running,AutomationPilot,0.35653239999999997,93.708173506817118,MissionCache,True,"","D:\Workspace\MM\FlightSim\FlightSimProject\Artifacts\FoundationSmoke\smoke-00001000\KTEX_SCRAMBLE_01-00001000"
33.790000000001847,"smoke-00001000","KTEX_SCRAMBLE_01-00001000","KTEX_SCRAMBLE_01",1000,Batch,Running,AutomationPilot,0.3583471,93.791745489225065,MissionCache,True,"","D:\Workspace\MM\FlightSim\FlightSimProject\Artifacts\FoundationSmoke\smoke-00001000\KTEX_SCRAMBLE_01-00001000"
33.990000000001807,"smoke-00001000","KTEX_SCRAMBLE_01-00001000","KTEX_SCRAMBLE_01",1000,Batch,Running,AutomationPilot,0.3601488,93.877863816294379,MissionCache,True,"","D:\Workspace\MM\FlightSim\FlightSimProject\Artifacts\FoundationSmoke\smoke-00001000\KTEX_SCRAMBLE_01-00001000"
34.190000000001767,"smoke-00001000","KTEX_SCRAMBLE_01-00001000","KTEX_SCRAMBLE_01",1000,Batch,Running,AutomationPilot,0.3619223,93.970446142726786,MissionCache,True,"","D:\Workspace\MM\FlightSim\FlightSimProject\Artifacts\FoundationSmoke\smoke-00001000\KTEX_SCRAMBLE_01-00001000"
34.390000000001727,"smoke-00001000","KTEX_SCRAMBLE_01-00001000","KTEX_SCRAMBLE_01",1000,Batch,Running,AutomationPilot,0.3637081,94.058944521724328,MissionCache,True,"","D:\Workspace\MM\FlightSim\FlightSimProject\Artifacts\FoundationSmoke\smoke-00001000\KTEX_SCRAMBLE_01-00001000"
34.590000000001687,"smoke-00001000","KTEX_SCRAMBLE_01-00001000","KTEX_SCRAMBLE_01",1000,Batch,Running,AutomationPilot,0.3655652,94.1282157054384,MissionCache,True,"","D:\Workspace\MM\FlightSim\FlightSimProject\Artifacts\FoundationSmoke\smoke-00001000\KTEX_SCRAMBLE_01-00001000"
34.790000000001648,"smoke-00001000","KTEX_SCRAMBLE_01-00001000","KTEX_SCRAMBLE_01",1000,Batch,Running,AutomationPilot,0.3681023,94.022775733815536,MissionCache,True,"","D:\Workspace\MM\FlightSim\FlightSimProject\Artifacts\FoundationSmoke\smoke-00001000\KTEX_SCRAMBLE_01-00001000"
34.990000000001608,"smoke-00001000","KTEX_SCRAMBLE_01-00001000","KTEX_SCRAMBLE_01",1000,Batch,Running,AutomationPilot,0.37019199999999997,94.032285948917448,MissionCache,True,"","D:\Workspace\MM\FlightSim\FlightSimProject\Artifacts\FoundationSmoke\smoke-00001000\KTEX_SCRAMBLE_01-00001000"
35.190000000001568,"smoke-00001000","KTEX_SCRAMBLE_01-00001000","KTEX_SCRAMBLE_01",1000,Batch,Running,AutomationPilot,0.3721924,94.064252789690514,MissionCache,True,"","D:\Workspace\MM\FlightSim\FlightSimProject\Artifacts\FoundationSmoke\smoke-00001000\KTEX_SCRAMBLE_01-00001000"
35.390000000001528,"smoke-00001000","KTEX_SCRAMBLE_01-00001000","KTEX_SCRAMBLE_01",1000,Batch,Running,AutomationPilot,0.3740331,94.13605373428598,MissionCache,True,"","D:\Workspace\MM\FlightSim\FlightSimProject\Artifacts\FoundationSmoke\smoke-00001000\KTEX_SCRAMBLE_01-00001000"
35.590000000001488,"smoke-00001000","KTEX_SCRAMBLE_01-00001000","KTEX_SCRAMBLE_01",1000,Batch,Running,AutomationPilot,0.3758745,94.2069759986419,MissionCache,True,"","D:\Workspace\MM\FlightSim\FlightSimProject\Artifacts\FoundationSmoke\smoke-00001000\KTEX_SCRAMBLE_01-00001000"
35.790000000001449,"smoke-00001000","KTEX_SCRAMBLE_01-00001000","KTEX_SCRAMBLE_01",1000,Batch,Running,AutomationPilot,0.37770159999999997,94.280776147099957,MissionCache,True,"","D:\Workspace\MM\FlightSim\FlightSimProject\Artifacts\FoundationSmoke\smoke-00001000\KTEX_SCRAMBLE_01-00001000"
35.990000000001409,"smoke-00001000","KTEX_SCRAMBLE_01-00001000","KTEX_SCRAMBLE_01",1000,Batch,Running,AutomationPilot,0.3796987,94.311621293413552,MissionCache,True,"","D:\Workspace\MM\FlightSim\FlightSimProject\Artifacts\FoundationSmoke\smoke-00001000\KTEX_SCRAMBLE_01-00001000"
36.190000000001369,"smoke-00001000","KTEX_SCRAMBLE_01-00001000","KTEX_SCRAMBLE_01",1000,Batch,Running,AutomationPilot,0.3815557,94.3767843069869,MissionCache,True,"","D:\Workspace\MM\FlightSim\FlightSimProject\Artifacts\FoundationSmoke\smoke-00001000\KTEX_SCRAMBLE_01-00001000"
36.390000000001329,"smoke-00001000","KTEX_SCRAMBLE_01-00001000","KTEX_SCRAMBLE_01",1000,Batch,Running,AutomationPilot,0.383322,94.4636624039355,MissionCache,True,"","D:\Workspace\MM\FlightSim\FlightSimProject\Artifacts\FoundationSmoke\smoke-00001000\KTEX_SCRAMBLE_01-00001000"
36.590000000001289,"smoke-00001000","KTEX_SCRAMBLE_01-00001000","KTEX_SCRAMBLE_01",1000,Batch,Running,AutomationPilot,0.38511639999999997,94.542844708772023,MissionCache,True,"","D:\Workspace\MM\FlightSim\FlightSimProject\Artifacts\FoundationSmoke\smoke-00001000\KTEX_SCRAMBLE_01-00001000"
36.79000000000125,"smoke-00001000","KTEX_SCRAMBLE_01-00001000","KTEX_SCRAMBLE_01",1000,Batch,Running,AutomationPilot,0.3869701,94.6067926178309,MissionCache,True,"","D:\Workspace\MM\FlightSim\FlightSimProject\Artifacts\FoundationSmoke\smoke-00001000\KTEX_SCRAMBLE_01-00001000"
36.99000000000121,"smoke-00001000","KTEX_SCRAMBLE_01-00001000","KTEX_SCRAMBLE_01",1000,Batch,Running,AutomationPilot,0.3888158,94.672078655243041,MissionCache,True,"","D:\Workspace\MM\FlightSim\FlightSimProject\Artifacts\FoundationSmoke\smoke-00001000\KTEX_SCRAMBLE_01-00001000"
37.19000000000117,"smoke-00001000","KTEX_SCRAMBLE_01-00001000","KTEX_SCRAMBLE_01",1000,Batch,Running,AutomationPilot,0.39067179999999996,94.734250078969637,MissionCache,True,"","D:\Workspace\MM\FlightSim\FlightSimProject\Artifacts\FoundationSmoke\smoke-00001000\KTEX_SCRAMBLE_01-00001000"
37.39000000000113,"smoke-00001000","KTEX_SCRAMBLE_01-00001000","KTEX_SCRAMBLE_01",1000,Batch,Running,AutomationPilot,0.392779,94.735207330333765,MissionCache,True,"","D:\Workspace\MM\FlightSim\FlightSimProject\Artifacts\FoundationSmoke\smoke-00001000\KTEX_SCRAMBLE_01-00001000"
37.590000000001091,"smoke-00001000","KTEX_SCRAMBLE_01-00001000","KTEX_SCRAMBLE_01",1000,Batch,Running,AutomationPilot,0.39574499999999996,94.5305689269634,MissionCache,True,"","D:\Workspace\MM\FlightSim\FlightSimProject\Artifacts\FoundationSmoke\smoke-00001000\KTEX_SCRAMBLE_01-00001000"
37.790000000001051,"smoke-00001000","KTEX_SCRAMBLE_01-00001000","KTEX_SCRAMBLE_01",1000,Batch,Running,AutomationPilot,0.39761939999999996,94.5879401256606,MissionCache,True,"","D:\Workspace\MM\FlightSim\FlightSimProject\Artifacts\FoundationSmoke\smoke-00001000\KTEX_SCRAMBLE_01-00001000"
37.990000000001011,"smoke-00001000","KTEX_SCRAMBLE_01-00001000","KTEX_SCRAMBLE_01",1000,Batch,Running,AutomationPilot,0.39947689999999997,94.648776938043355,MissionCache,True,"","D:\Workspace\MM\FlightSim\FlightSimProject\Artifacts\FoundationSmoke\smoke-00001000\KTEX_SCRAMBLE_01-00001000"
38.190000000000971,"smoke-00001000","KTEX_SCRAMBLE_01-00001000","KTEX_SCRAMBLE_01",1000,Batch,Running,AutomationPilot,0.40142269999999997,94.688217681762922,MissionCache,True,"","D:\Workspace\MM\FlightSim\FlightSimProject\Artifacts\FoundationSmoke\smoke-00001000\KTEX_SCRAMBLE_01-00001000"
38.390000000000931,"smoke-00001000","KTEX_SCRAMBLE_01-00001000","KTEX_SCRAMBLE_01",1000,Batch,Running,AutomationPilot,0.4032057,94.765525388160356,MissionCache,True,"","D:\Workspace\MM\FlightSim\FlightSimProject\Artifacts\FoundationSmoke\smoke-00001000\KTEX_SCRAMBLE_01-00001000"
38.590000000000892,"smoke-00001000","KTEX_SCRAMBLE_01-00001000","KTEX_SCRAMBLE_01",1000,Batch,Running,AutomationPilot,0.4050416,94.829765633952,MissionCache,True,"","D:\Workspace\MM\FlightSim\FlightSimProject\Artifacts\FoundationSmoke\smoke-00001000\KTEX_SCRAMBLE_01-00001000"
38.790000000000852,"smoke-00001000","KTEX_SCRAMBLE_01-00001000","KTEX_SCRAMBLE_01",1000,Batch,Running,AutomationPilot,0.40682369999999995,94.905975241857575,MissionCache,True,"","D:\Workspace\MM\FlightSim\FlightSimProject\Artifacts\FoundationSmoke\smoke-00001000\KTEX_SCRAMBLE_01-00001000"
38.990000000000812,"smoke-00001000","KTEX_SCRAMBLE_01-00001000","KTEX_SCRAMBLE_01",1000,Batch,Running,AutomationPilot,0.40861929999999996,94.978382078381642,MissionCache,True,"","D:\Workspace\MM\FlightSim\FlightSimProject\Artifacts\FoundationSmoke\smoke-00001000\KTEX_SCRAMBLE_01-00001000"
39.190000000000772,"smoke-00001000","KTEX_SCRAMBLE_01-00001000","KTEX_SCRAMBLE_01",1000,Batch,Running,AutomationPilot,0.4104097,95.051359653538427,MissionCache,True,"","D:\Workspace\MM\FlightSim\FlightSimProject\Artifacts\FoundationSmoke\smoke-00001000\KTEX_SCRAMBLE_01-00001000"
39.390000000000732,"smoke-00001000","KTEX_SCRAMBLE_01-00001000","KTEX_SCRAMBLE_01",1000,Batch,Running,AutomationPilot,0.41219659999999997,95.12451097364891,MissionCache,True,"","D:\Workspace\MM\FlightSim\FlightSimProject\Artifacts\FoundationSmoke\smoke-00001000\KTEX_SCRAMBLE_01-00001000"
39.590000000000693,"smoke-00001000","KTEX_SCRAMBLE_01-00001000","KTEX_SCRAMBLE_01",1000,Batch,Running,AutomationPilot,0.4139789,95.198088598237078,MissionCache,True,"","D:\Workspace\MM\FlightSim\FlightSimProject\Artifacts\FoundationSmoke\smoke-00001000\KTEX_SCRAMBLE_01-00001000"
39.790000000000653,"smoke-00001000","KTEX_SCRAMBLE_01-00001000","KTEX_SCRAMBLE_01",1000,Batch,Running,AutomationPilot,0.4159469,95.228501522671976,MissionCache,True,"","D:\Workspace\MM\FlightSim\FlightSimProject\Artifacts\FoundationSmoke\smoke-00001000\KTEX_SCRAMBLE_01-00001000"
39.990000000000613,"smoke-00001000","KTEX_SCRAMBLE_01-00001000","KTEX_SCRAMBLE_01",1000,Batch,Running,AutomationPilot,0.41776399999999997,95.293036259708,MissionCache,True,"","D:\Workspace\MM\FlightSim\FlightSimProject\Artifacts\FoundationSmoke\smoke-00001000\KTEX_SCRAMBLE_01-00001000"
40.190000000000573,"smoke-00001000","KTEX_SCRAMBLE_01-00001000","KTEX_SCRAMBLE_01",1000,Batch,Running,AutomationPilot,0.41955319999999996,95.3633532052684,MissionCache,True,"","D:\Workspace\MM\FlightSim\FlightSimProject\Artifacts\FoundationSmoke\smoke-00001000\KTEX_SCRAMBLE_01-00001000"
40.390000000000533,"smoke-00001000","KTEX_SCRAMBLE_01-00001000","KTEX_SCRAMBLE_01",1000,Batch,Running,AutomationPilot,0.4221348,95.253933103834541,MissionCache,True,"","D:\Workspace\MM\FlightSim\FlightSimProject\Artifacts\FoundationSmoke\smoke-00001000\KTEX_SCRAMBLE_01-00001000"
40.590000000000494,"smoke-00001000","KTEX_SCRAMBLE_01-00001000","KTEX_SCRAMBLE_01",1000,Batch,Running,AutomationPilot,0.4239658,95.31429186033526,MissionCache,True,"","D:\Workspace\MM\FlightSim\FlightSimProject\Artifacts\FoundationSmoke\smoke-00001000\KTEX_SCRAMBLE_01-00001000"
40.790000000000454,"smoke-00001000","KTEX_SCRAMBLE_01-00001000","KTEX_SCRAMBLE_01",1000,Batch,Running,AutomationPilot,0.42574,95.3868558275015,MissionCache,True,"","D:\Workspace\MM\FlightSim\FlightSimProject\Artifacts\FoundationSmoke\smoke-00001000\KTEX_SCRAMBLE_01-00001000"
40.990000000000414,"smoke-00001000","KTEX_SCRAMBLE_01-00001000","KTEX_SCRAMBLE_01",1000,Batch,Running,AutomationPilot,0.4275137,95.458929152446927,MissionCache,True,"","D:\Workspace\MM\FlightSim\FlightSimProject\Artifacts\FoundationSmoke\smoke-00001000\KTEX_SCRAMBLE_01-00001000"
41.190000000000374,"smoke-00001000","KTEX_SCRAMBLE_01-00001000","KTEX_SCRAMBLE_01",1000,Batch,Running,AutomationPilot,0.4293275,95.521484181657158,MissionCache,True,"","D:\Workspace\MM\FlightSim\FlightSimProject\Artifacts\FoundationSmoke\smoke-00001000\KTEX_SCRAMBLE_01-00001000"
41.390000000000335,"smoke-00001000","KTEX_SCRAMBLE_01-00001000","KTEX_SCRAMBLE_01",1000,Batch,Running,AutomationPilot,0.431369,95.533058703802013,MissionCache,True,"","D:\Workspace\MM\FlightSim\FlightSimProject\Artifacts\FoundationSmoke\smoke-00001000\KTEX_SCRAMBLE_01-00001000"
41.590000000000295,"smoke-00001000","KTEX_SCRAMBLE_01-00001000","KTEX_SCRAMBLE_01",1000,Batch,Running,AutomationPilot,0.4332463,95.580735484643114,MissionCache,True,"","D:\Workspace\MM\FlightSim\FlightSimProject\Artifacts\FoundationSmoke\smoke-00001000\KTEX_SCRAMBLE_01-00001000"
41.790000000000255,"smoke-00001000","KTEX_SCRAMBLE_01-00001000","KTEX_SCRAMBLE_01",1000,Batch,Running,AutomationPilot,0.43503169999999997,95.648202188484873,MissionCache,True,"","D:\Workspace\MM\FlightSim\FlightSimProject\Artifacts\FoundationSmoke\smoke-00001000\KTEX_SCRAMBLE_01-00001000"
41.990000000000215,"smoke-00001000","KTEX_SCRAMBLE_01-00001000","KTEX_SCRAMBLE_01",1000,Batch,Running,AutomationPilot,0.436801,95.718645332772255,MissionCache,True,"","D:\Workspace\MM\FlightSim\FlightSimProject\Artifacts\FoundationSmoke\smoke-00001000\KTEX_SCRAMBLE_01-00001000"
42.190000000000175,"smoke-00001000","KTEX_SCRAMBLE_01-00001000","KTEX_SCRAMBLE_01",1000,Batch,Running,AutomationPilot,0.4386256,95.776443508997673,MissionCache,True,"","D:\Workspace\MM\FlightSim\FlightSimProject\Artifacts\FoundationSmoke\smoke-00001000\KTEX_SCRAMBLE_01-00001000"
42.390000000000136,"smoke-00001000","KTEX_SCRAMBLE_01-00001000","KTEX_SCRAMBLE_01",1000,Batch,Running,AutomationPilot,0.4404668,95.830151103329854,MissionCache,True,"","D:\Workspace\MM\FlightSim\FlightSimProject\Artifacts\FoundationSmoke\smoke-00001000\KTEX_SCRAMBLE_01-00001000"
42.590000000000096,"smoke-00001000","KTEX_SCRAMBLE_01-00001000","KTEX_SCRAMBLE_01",1000,Batch,Running,AutomationPilot,0.4427912,95.778777898025368,MissionCache,True,"","D:\Workspace\MM\FlightSim\FlightSimProject\Artifacts\FoundationSmoke\smoke-00001000\KTEX_SCRAMBLE_01-00001000"
42.790000000000056,"smoke-00001000","KTEX_SCRAMBLE_01-00001000","KTEX_SCRAMBLE_01",1000,Batch,Running,AutomationPilot,0.44461599999999996,95.835507494107489,MissionCache,True,"","D:\Workspace\MM\FlightSim\FlightSimProject\Artifacts\FoundationSmoke\smoke-00001000\KTEX_SCRAMBLE_01-00001000"
42.990000000000016,"smoke-00001000","KTEX_SCRAMBLE_01-00001000","KTEX_SCRAMBLE_01",1000,Batch,Running,AutomationPilot,0.44705229999999996,95.7606078751861,MissionCache,True,"","D:\Workspace\MM\FlightSim\FlightSimProject\Artifacts\FoundationSmoke\smoke-00001000\KTEX_SCRAMBLE_01-00001000"
43.189999999999976,"smoke-00001000","KTEX_SCRAMBLE_01-00001000","KTEX_SCRAMBLE_01",1000,Batch,Running,AutomationPilot,0.4488484,95.822999480448217,MissionCache,True,"","D:\Workspace\MM\FlightSim\FlightSimProject\Artifacts\FoundationSmoke\smoke-00001000\KTEX_SCRAMBLE_01-00001000"
43.389999999999937,"smoke-00001000","KTEX_SCRAMBLE_01-00001000","KTEX_SCRAMBLE_01",1000,Batch,Running,AutomationPilot,0.4506167,95.890809195486923,MissionCache,True,"","D:\Workspace\MM\FlightSim\FlightSimProject\Artifacts\FoundationSmoke\smoke-00001000\KTEX_SCRAMBLE_01-00001000"
43.5899999999999,"smoke-00001000","KTEX_SCRAMBLE_01-00001000","KTEX_SCRAMBLE_01",1000,Batch,Running,AutomationPilot,0.4524895,95.935927795009462,MissionCache,True,"","D:\Workspace\MM\FlightSim\FlightSimProject\Artifacts\FoundationSmoke\smoke-00001000\KTEX_SCRAMBLE_01-00001000"
43.789999999999857,"smoke-00001000","KTEX_SCRAMBLE_01-00001000","KTEX_SCRAMBLE_01",1000,Batch,Running,AutomationPilot,0.45429169999999996,95.995590498351376,MissionCache,True,"","D:\Workspace\MM\FlightSim\FlightSimProject\Artifacts\FoundationSmoke\smoke-00001000\KTEX_SCRAMBLE_01-00001000"
43.989999999999817,"smoke-00001000","KTEX_SCRAMBLE_01-00001000","KTEX_SCRAMBLE_01",1000,Batch,Running,AutomationPilot,0.4561675,96.039283815703342,MissionCache,True,"","D:\Workspace\MM\FlightSim\FlightSimProject\Artifacts\FoundationSmoke\smoke-00001000\KTEX_SCRAMBLE_01-00001000"
44.189999999999777,"smoke-00001000","KTEX_SCRAMBLE_01-00001000","KTEX_SCRAMBLE_01",1000,Batch,Running,AutomationPilot,0.46041309999999996,95.588070799896471,MissionCache,True,"","D:\Workspace\MM\FlightSim\FlightSimProject\Artifacts\FoundationSmoke\smoke-00001000\KTEX_SCRAMBLE_01-00001000"
44.389999999999738,"smoke-00001000","KTEX_SCRAMBLE_01-00001000","KTEX_SCRAMBLE_01",1000,Batch,Running,AutomationPilot,0.46243629999999997,95.602356475907655,MissionCache,True,"","D:\Workspace\MM\FlightSim\FlightSimProject\Artifacts\FoundationSmoke\smoke-00001000\KTEX_SCRAMBLE_01-00001000"
44.5899999999997,"smoke-00001000","KTEX_SCRAMBLE_01-00001000","KTEX_SCRAMBLE_01",1000,Batch,Running,AutomationPilot,0.4643236,95.6445031008541,MissionCache,True,"","D:\Workspace\MM\FlightSim\FlightSimProject\Artifacts\FoundationSmoke\smoke-00001000\KTEX_SCRAMBLE_01-00001000"
44.789999999999658,"smoke-00001000","KTEX_SCRAMBLE_01-00001000","KTEX_SCRAMBLE_01",1000,Batch,Running,AutomationPilot,0.4661145,95.706097965198879,MissionCache,True,"","D:\Workspace\MM\FlightSim\FlightSimProject\Artifacts\FoundationSmoke\smoke-00001000\KTEX_SCRAMBLE_01-00001000"
44.989999999999618,"smoke-00001000","KTEX_SCRAMBLE_01-00001000","KTEX_SCRAMBLE_01",1000,Batch,Running,AutomationPilot,0.4678965,95.769042940051179,MissionCache,True,"","D:\Workspace\MM\FlightSim\FlightSimProject\Artifacts\FoundationSmoke\smoke-00001000\KTEX_SCRAMBLE_01-00001000"
45.189999999999579,"smoke-00001000","KTEX_SCRAMBLE_01-00001000","KTEX_SCRAMBLE_01",1000,Batch,Running,AutomationPilot,0.46965609999999997,95.836080911116923,MissionCache,True,"","D:\Workspace\MM\FlightSim\FlightSimProject\Artifacts\FoundationSmoke\smoke-00001000\KTEX_SCRAMBLE_01-00001000"
45.389999999999539,"smoke-00001000","KTEX_SCRAMBLE_01-00001000","KTEX_SCRAMBLE_01",1000,Batch,Running,AutomationPilot,0.47148829999999997,95.887851299808659,MissionCache,True,"","D:\Workspace\MM\FlightSim\FlightSimProject\Artifacts\FoundationSmoke\smoke-00001000\KTEX_SCRAMBLE_01-00001000"
45.5899999999995,"smoke-00001000","KTEX_SCRAMBLE_01-00001000","KTEX_SCRAMBLE_01",1000,Batch,Running,AutomationPilot,0.4732549,95.952519456215953,MissionCache,True,"","D:\Workspace\MM\FlightSim\FlightSimProject\Artifacts\FoundationSmoke\smoke-00001000\KTEX_SCRAMBLE_01-00001000"
45.789999999999459,"smoke-00001000","KTEX_SCRAMBLE_01-00001000","KTEX_SCRAMBLE_01",1000,Batch,Running,AutomationPilot,0.4756978,95.8801995720802,MissionCache,True,"","D:\Workspace\MM\FlightSim\FlightSimProject\Artifacts\FoundationSmoke\smoke-00001000\KTEX_SCRAMBLE_01-00001000"
45.989999999999419,"smoke-00001000","KTEX_SCRAMBLE_01-00001000","KTEX_SCRAMBLE_01",1000,Batch,Running,AutomationPilot,0.4774831,95.940568367758885,MissionCache,True,"","D:\Workspace\MM\FlightSim\FlightSimProject\Artifacts\FoundationSmoke\smoke-00001000\KTEX_SCRAMBLE_01-00001000"
46.18999999999938,"smoke-00001000","KTEX_SCRAMBLE_01-00001000","KTEX_SCRAMBLE_01",1000,Batch,Running,AutomationPilot,0.47925379999999995,96.0034119708585,MissionCache,True,"","D:\Workspace\MM\FlightSim\FlightSimProject\Artifacts\FoundationSmoke\smoke-00001000\KTEX_SCRAMBLE_01-00001000"
46.38999999999934,"smoke-00001000","KTEX_SCRAMBLE_01-00001000","KTEX_SCRAMBLE_01",1000,Batch,Running,AutomationPilot,0.481058,96.05910306033654,MissionCache,True,"","D:\Workspace\MM\FlightSim\FlightSimProject\Artifacts\FoundationSmoke\smoke-00001000\KTEX_SCRAMBLE_01-00001000"
46.5899999999993,"smoke-00001000","KTEX_SCRAMBLE_01-00001000","KTEX_SCRAMBLE_01",1000,Batch,Running,AutomationPilot,0.482826,96.121584173179031,MissionCache,True,"","D:\Workspace\MM\FlightSim\FlightSimProject\Artifacts\FoundationSmoke\smoke-00001000\KTEX_SCRAMBLE_01-00001000"
46.78999999999926,"smoke-00001000","KTEX_SCRAMBLE_01-00001000","KTEX_SCRAMBLE_01",1000,Batch,Running,AutomationPilot,0.4846182,96.1788063262983,MissionCache,True,"","D:\Workspace\MM\FlightSim\FlightSimProject\Artifacts\FoundationSmoke\smoke-00001000\KTEX_SCRAMBLE_01-00001000"
46.98999999999922,"smoke-00001000","KTEX_SCRAMBLE_01-00001000","KTEX_SCRAMBLE_01",1000,Batch,Running,AutomationPilot,0.4864233,96.233054625465627,MissionCache,True,"","D:\Workspace\MM\FlightSim\FlightSimProject\Artifacts\FoundationSmoke\smoke-00001000\KTEX_SCRAMBLE_01-00001000"
47.189999999999181,"smoke-00001000","KTEX_SCRAMBLE_01-00001000","KTEX_SCRAMBLE_01",1000,Batch,Running,AutomationPilot,0.4881914,96.294199365247351,MissionCache,True,"","D:\Workspace\MM\FlightSim\FlightSimProject\Artifacts\FoundationSmoke\smoke-00001000\KTEX_SCRAMBLE_01-00001000"
47.389999999999141,"smoke-00001000","KTEX_SCRAMBLE_01-00001000","KTEX_SCRAMBLE_01",1000,Batch,Running,AutomationPilot,0.4900253,96.341964384286229,MissionCache,True,"","D:\Workspace\MM\FlightSim\FlightSimProject\Artifacts\FoundationSmoke\smoke-00001000\KTEX_SCRAMBLE_01-00001000"
47.5899999999991,"smoke-00001000","KTEX_SCRAMBLE_01-00001000","KTEX_SCRAMBLE_01",1000,Batch,Running,AutomationPilot,0.49235199999999996,96.292896139345714,MissionCache,True,"","D:\Workspace\MM\FlightSim\FlightSimProject\Artifacts\FoundationSmoke\smoke-00001000\KTEX_SCRAMBLE_01-00001000"
47.789999999999061,"smoke-00001000","KTEX_SCRAMBLE_01-00001000","KTEX_SCRAMBLE_01",1000,Batch,Running,AutomationPilot,0.494176,96.34219387424541,MissionCache,True,"","D:\Workspace\MM\FlightSim\FlightSimProject\Artifacts\FoundationSmoke\smoke-00001000\KTEX_SCRAMBLE_01-00001000"
47.989999999999021,"smoke-00001000","KTEX_SCRAMBLE_01-00001000","KTEX_SCRAMBLE_01",1000,Batch,Running,AutomationPilot,0.49600449999999996,96.390254523898591,MissionCache,True,"","D:\Workspace\MM\FlightSim\FlightSimProject\Artifacts\FoundationSmoke\smoke-00001000\KTEX_SCRAMBLE_01-00001000"
48.189999999998982,"smoke-00001000","KTEX_SCRAMBLE_01-00001000","KTEX_SCRAMBLE_01",1000,Batch,Running,AutomationPilot,0.4978389,96.436819220030856,MissionCache,True,"","D:\Workspace\MM\FlightSim\FlightSimProject\Artifacts\FoundationSmoke\smoke-00001000\KTEX_SCRAMBLE_01-00001000"
48.389999999998942,"smoke-00001000","KTEX_SCRAMBLE_01-00001000","KTEX_SCRAMBLE_01",1000,Batch,Running,AutomationPilot,0.4996134,96.494609632165549,MissionCache,True,"","D:\Workspace\MM\FlightSim\FlightSimProject\Artifacts\FoundationSmoke\smoke-00001000\KTEX_SCRAMBLE_01-00001000"
48.5899999999989,"smoke-00001000","KTEX_SCRAMBLE_01-00001000","KTEX_SCRAMBLE_01",1000,Batch,Running,AutomationPilot,0.5021013,96.414807131546837,MissionCache,True,"","D:\Workspace\MM\FlightSim\FlightSimProject\Artifacts\FoundationSmoke\smoke-00001000\KTEX_SCRAMBLE_01-00001000"
48.789999999998862,"smoke-00001000","KTEX_SCRAMBLE_01-00001000","KTEX_SCRAMBLE_01",1000,Batch,Running,AutomationPilot,0.5038528,96.476589988184841,MissionCache,True,"","D:\Workspace\MM\FlightSim\FlightSimProject\Artifacts\FoundationSmoke\smoke-00001000\KTEX_SCRAMBLE_01-00001000"
48.989999999998822,"smoke-00001000","KTEX_SCRAMBLE_01-00001000","KTEX_SCRAMBLE_01",1000,Batch,Running,AutomationPilot,0.5056108,96.536703725471952,MissionCache,True,"","D:\Workspace\MM\FlightSim\FlightSimProject\Artifacts\FoundationSmoke\smoke-00001000\KTEX_SCRAMBLE_01-00001000"
49.189999999998783,"smoke-00001000","KTEX_SCRAMBLE_01-00001000","KTEX_SCRAMBLE_01",1000,Batch,Running,AutomationPilot,0.5073668,96.5967816577648,MissionCache,True,"","D:\Workspace\MM\FlightSim\FlightSimProject\Artifacts\FoundationSmoke\smoke-00001000\KTEX_SCRAMBLE_01-00001000"
49.389999999998743,"smoke-00001000","KTEX_SCRAMBLE_01-00001000","KTEX_SCRAMBLE_01",1000,Batch,Running,AutomationPilot,0.509323,96.618452337708646,MissionCache,True,"","D:\Workspace\MM\FlightSim\FlightSimProject\Artifacts\FoundationSmoke\smoke-00001000\KTEX_SCRAMBLE_01-00001000"
49.5899999999987,"smoke-00001000","KTEX_SCRAMBLE_01-00001000","KTEX_SCRAMBLE_01",1000,Batch,Running,AutomationPilot,0.5112196,96.651223857611754,MissionCache,True,"","D:\Workspace\MM\FlightSim\FlightSimProject\Artifacts\FoundationSmoke\smoke-00001000\KTEX_SCRAMBLE_01-00001000"
49.789999999998663,"smoke-00001000","KTEX_SCRAMBLE_01-00001000","KTEX_SCRAMBLE_01",1000,Batch,Running,AutomationPilot,0.51300099999999993,96.705464511762557,MissionCache,True,"","D:\Workspace\MM\FlightSim\FlightSimProject\Artifacts\FoundationSmoke\smoke-00001000\KTEX_SCRAMBLE_01-00001000"
49.989999999998624,"smoke-00001000","KTEX_SCRAMBLE_01-00001000","KTEX_SCRAMBLE_01",1000,Batch,Running,AutomationPilot,0.514844,96.747752717325369,MissionCache,True,"","D:\Workspace\MM\FlightSim\FlightSimProject\Artifacts\FoundationSmoke\smoke-00001000\KTEX_SCRAMBLE_01-00001000"
50.189999999998584,"smoke-00001000","KTEX_SCRAMBLE_01-00001000","KTEX_SCRAMBLE_01",1000,Batch,Running,AutomationPilot,0.5166431,96.7979636232413,MissionCache,True,"","D:\Workspace\MM\FlightSim\FlightSimProject\Artifacts\FoundationSmoke\smoke-00001000\KTEX_SCRAMBLE_01-00001000"
50.389999999998544,"smoke-00001000","KTEX_SCRAMBLE_01-00001000","KTEX_SCRAMBLE_01",1000,Batch,Running,AutomationPilot,0.51836799999999994,96.861688993145,MissionCache,True,"","D:\Workspace\MM\FlightSim\FlightSimProject\Artifacts\FoundationSmoke\smoke-00001000\KTEX_SCRAMBLE_01-00001000"
50.589999999998504,"smoke-00001000","KTEX_SCRAMBLE_01-00001000","KTEX_SCRAMBLE_01",1000,Batch,Running,AutomationPilot,0.5201135,96.921152786840835,MissionCache,True,"","D:\Workspace\MM\FlightSim\FlightSimProject\Artifacts\FoundationSmoke\smoke-00001000\KTEX_SCRAMBLE_01-00001000"
50.789999999998464,"smoke-00001000","KTEX_SCRAMBLE_01-00001000","KTEX_SCRAMBLE_01",1000,Batch,Running,AutomationPilot,0.5218662,96.978880793579862,MissionCache,True,"","D:\Workspace\MM\FlightSim\FlightSimProject\Artifacts\FoundationSmoke\smoke-00001000\KTEX_SCRAMBLE_01-00001000"
50.989999999998425,"smoke-00001000","KTEX_SCRAMBLE_01-00001000","KTEX_SCRAMBLE_01",1000,Batch,Running,AutomationPilot,0.5236704,97.026679376948678,MissionCache,True,"","D:\Workspace\MM\FlightSim\FlightSimProject\Artifacts\FoundationSmoke\smoke-00001000\KTEX_SCRAMBLE_01-00001000"
51.189999999998385,"smoke-00001000","KTEX_SCRAMBLE_01-00001000","KTEX_SCRAMBLE_01",1000,Batch,Running,AutomationPilot,0.5254628,97.076329665960031,MissionCache,True,"","D:\Workspace\MM\FlightSim\FlightSimProject\Artifacts\FoundationSmoke\smoke-00001000\KTEX_SCRAMBLE_01-00001000"
51.389999999998345,"smoke-00001000","KTEX_SCRAMBLE_01-00001000","KTEX_SCRAMBLE_01",1000,Batch,Running,AutomationPilot,0.5278708,97.01237499781837,MissionCache,True,"","D:\Workspace\MM\FlightSim\FlightSimProject\Artifacts\FoundationSmoke\smoke-00001000\KTEX_SCRAMBLE_01-00001000"
51.589999999998305,"smoke-00001000","KTEX_SCRAMBLE_01-00001000","KTEX_SCRAMBLE_01",1000,Batch,Running,AutomationPilot,0.5296369,97.066499709514844,MissionCache,True,"","D:\Workspace\MM\FlightSim\FlightSimProject\Artifacts\FoundationSmoke\smoke-00001000\KTEX_SCRAMBLE_01-00001000"
51.789999999998265,"smoke-00001000","KTEX_SCRAMBLE_01-00001000","KTEX_SCRAMBLE_01",1000,Batch,Running,AutomationPilot,0.531443,97.1129547289141,MissionCache,True,"","D:\Workspace\MM\FlightSim\FlightSimProject\Artifacts\FoundationSmoke\smoke-00001000\KTEX_SCRAMBLE_01-00001000"
51.989999999998226,"smoke-00001000","KTEX_SCRAMBLE_01-00001000","KTEX_SCRAMBLE_01",1000,Batch,Running,AutomationPilot,0.5331959,97.168789182359177,MissionCache,True,"","D:\Workspace\MM\FlightSim\FlightSimProject\Artifacts\FoundationSmoke\smoke-00001000\KTEX_SCRAMBLE_01-00001000"
52.189999999998186,"smoke-00001000","KTEX_SCRAMBLE_01-00001000","KTEX_SCRAMBLE_01",1000,Batch,Running,AutomationPilot,0.5349783,97.218896542155491,MissionCache,True,"","D:\Workspace\MM\FlightSim\FlightSimProject\Artifacts\FoundationSmoke\smoke-00001000\KTEX_SCRAMBLE_01-00001000"
52.389999999998146,"smoke-00001000","KTEX_SCRAMBLE_01-00001000","KTEX_SCRAMBLE_01",1000,Batch,Running,AutomationPilot,0.537079,97.211024821298508,MissionCache,True,"","D:\Workspace\MM\FlightSim\FlightSimProject\Artifacts\FoundationSmoke\smoke-00001000\KTEX_SCRAMBLE_01-00001000"
52.589999999998106,"smoke-00001000","KTEX_SCRAMBLE_01-00001000","KTEX_SCRAMBLE_01",1000,Batch,Running,AutomationPilot,0.538879,97.257454827518131,MissionCache,True,"","D:\Workspace\MM\FlightSim\FlightSimProject\Artifacts\FoundationSmoke\smoke-00001000\KTEX_SCRAMBLE_01-00001000"
52.789999999998066,"smoke-00001000","KTEX_SCRAMBLE_01-00001000","KTEX_SCRAMBLE_01",1000,Batch,Running,AutomationPilot,0.5409506,97.254721595646828,MissionCache,True,"","D:\Workspace\MM\FlightSim\FlightSimProject\Artifacts\FoundationSmoke\smoke-00001000\KTEX_SCRAMBLE_01-00001000"
52.989999999998027,"smoke-00001000","KTEX_SCRAMBLE_01-00001000","KTEX_SCRAMBLE_01",1000,Batch,Running,AutomationPilot,0.5427888,97.293827728203055,MissionCache,True,"","D:\Workspace\MM\FlightSim\FlightSimProject\Artifacts\FoundationSmoke\smoke-00001000\KTEX_SCRAMBLE_01-00001000"
53.189999999997987,"smoke-00001000","KTEX_SCRAMBLE_01-00001000","KTEX_SCRAMBLE_01",1000,Batch,Running,AutomationPilot,0.54455599999999993,97.345360256792745,MissionCache,True,"","D:\Workspace\MM\FlightSim\FlightSimProject\Artifacts\FoundationSmoke\smoke-00001000\KTEX_SCRAMBLE_01-00001000"
53.389999999997947,"smoke-00001000","KTEX_SCRAMBLE_01-00001000","KTEX_SCRAMBLE_01",1000,Batch,Running,AutomationPilot,0.5463333,97.394758840433084,MissionCache,True,"","D:\Workspace\MM\FlightSim\FlightSimProject\Artifacts\FoundationSmoke\smoke-00001000\KTEX_SCRAMBLE_01-00001000"
53.589999999997907,"smoke-00001000","KTEX_SCRAMBLE_01-00001000","KTEX_SCRAMBLE_01",1000,Batch,Running,AutomationPilot,0.5480744,97.450273174587153,MissionCache,True,"","D:\Workspace\MM\FlightSim\FlightSimProject\Artifacts\FoundationSmoke\smoke-00001000\KTEX_SCRAMBLE_01-00001000"
53.789999999997868,"smoke-00001000","KTEX_SCRAMBLE_01-00001000","KTEX_SCRAMBLE_01",1000,Batch,Running,AutomationPilot,0.5498643,97.496782387941721,MissionCache,True,"","D:\Workspace\MM\FlightSim\FlightSimProject\Artifacts\FoundationSmoke\smoke-00001000\KTEX_SCRAMBLE_01-00001000"
53.989999999997828,"smoke-00001000","KTEX_SCRAMBLE_01-00001000","KTEX_SCRAMBLE_01",1000,Batch,Running,AutomationPilot,0.5517112,97.532912146785975,MissionCache,True,"","D:\Workspace\MM\FlightSim\FlightSimProject\Artifacts\FoundationSmoke\smoke-00001000\KTEX_SCRAMBLE_01-00001000"
54.189999999997788,"smoke-00001000","KTEX_SCRAMBLE_01-00001000","KTEX_SCRAMBLE_01",1000,Batch,Running,AutomationPilot,0.55642819999999993,97.065533342842485,MissionCache,True,"","D:\Workspace\MM\FlightSim\FlightSimProject\Artifacts\FoundationSmoke\smoke-00001000\KTEX_SCRAMBLE_01-00001000"
54.389999999997748,"smoke-00001000","KTEX_SCRAMBLE_01-00001000","KTEX_SCRAMBLE_01",1000,Batch,Running,AutomationPilot,0.5582119,97.113658809491142,MissionCache,True,"","D:\Workspace\MM\FlightSim\FlightSimProject\Artifacts\FoundationSmoke\smoke-00001000\KTEX_SCRAMBLE_01-00001000"
54.589999999997708,"smoke-00001000","KTEX_SCRAMBLE_01-00001000","KTEX_SCRAMBLE_01",1000,Batch,Running,AutomationPilot,0.56006309999999992,97.149767588683758,MissionCache,True,"","D:\Workspace\MM\FlightSim\FlightSimProject\Artifacts\FoundationSmoke\smoke-00001000\KTEX_SCRAMBLE_01-00001000"
54.789999999997669,"smoke-00001000","KTEX_SCRAMBLE_01-00001000","KTEX_SCRAMBLE_01",1000,Batch,Running,AutomationPilot,0.5621207,97.149953737689614,MissionCache,True,"","D:\Workspace\MM\FlightSim\FlightSimProject\Artifacts\FoundationSmoke\smoke-00001000\KTEX_SCRAMBLE_01-00001000"
54.989999999997629,"smoke-00001000","KTEX_SCRAMBLE_01-00001000","KTEX_SCRAMBLE_01",1000,Batch,Running,AutomationPilot,0.5639297,97.192965718949836,MissionCache,True,"","D:\Workspace\MM\FlightSim\FlightSimProject\Artifacts\FoundationSmoke\smoke-00001000\KTEX_SCRAMBLE_01-00001000"
55.189999999997589,"smoke-00001000","KTEX_SCRAMBLE_01-00001000","KTEX_SCRAMBLE_01",1000,Batch,Running,AutomationPilot,0.5657356,97.236235442842244,MissionCache,True,"","D:\Workspace\MM\FlightSim\FlightSimProject\Artifacts\FoundationSmoke\smoke-00001000\KTEX_SCRAMBLE_01-00001000"
55.389999999997549,"smoke-00001000","KTEX_SCRAMBLE_01-00001000","KTEX_SCRAMBLE_01",1000,Batch,Running,AutomationPilot,0.567526,97.281886644836689,MissionCache,True,"","D:\Workspace\MM\FlightSim\FlightSimProject\Artifacts\FoundationSmoke\smoke-00001000\KTEX_SCRAMBLE_01-00001000"
55.589999999997509,"smoke-00001000","KTEX_SCRAMBLE_01-00001000","KTEX_SCRAMBLE_01",1000,Batch,Running,AutomationPilot,0.56932019999999994,97.326601093721166,MissionCache,True,"","D:\Workspace\MM\FlightSim\FlightSimProject\Artifacts\FoundationSmoke\smoke-00001000\KTEX_SCRAMBLE_01-00001000"
55.78999999999747,"smoke-00001000","KTEX_SCRAMBLE_01-00001000","KTEX_SCRAMBLE_01",1000,Batch,Running,AutomationPilot,0.5712324,97.350920571027672,MissionCache,True,"","D:\Workspace\MM\FlightSim\FlightSimProject\Artifacts\FoundationSmoke\smoke-00001000\KTEX_SCRAMBLE_01-00001000"
55.98999999999743,"smoke-00001000","KTEX_SCRAMBLE_01-00001000","KTEX_SCRAMBLE_01",1000,Batch,Running,AutomationPilot,0.5730794,97.386156263857089,MissionCache,True,"","D:\Workspace\MM\FlightSim\FlightSimProject\Artifacts\FoundationSmoke\smoke-00001000\KTEX_SCRAMBLE_01-00001000"
56.18999999999739,"smoke-00001000","KTEX_SCRAMBLE_01-00001000","KTEX_SCRAMBLE_01",1000,Batch,Running,AutomationPilot,0.5748932,97.426791619725932,MissionCache,True,"","D:\Workspace\MM\FlightSim\FlightSimProject\Artifacts\FoundationSmoke\smoke-00001000\KTEX_SCRAMBLE_01-00001000"
56.38999999999735,"smoke-00001000","KTEX_SCRAMBLE_01-00001000","KTEX_SCRAMBLE_01",1000,Batch,Running,AutomationPilot,0.57665389999999994,97.47614643722585,MissionCache,True,"","D:\Workspace\MM\FlightSim\FlightSimProject\Artifacts\FoundationSmoke\smoke-00001000\KTEX_SCRAMBLE_01-00001000"
56.58999999999731,"smoke-00001000","KTEX_SCRAMBLE_01-00001000","KTEX_SCRAMBLE_01",1000,Batch,Running,AutomationPilot,0.5784562,97.518187202414552,MissionCache,True,"","D:\Workspace\MM\FlightSim\FlightSimProject\Artifacts\FoundationSmoke\smoke-00001000\KTEX_SCRAMBLE_01-00001000"
56.789999999997271,"smoke-00001000","KTEX_SCRAMBLE_01-00001000","KTEX_SCRAMBLE_01",1000,Batch,Running,AutomationPilot,0.58065919999999993,97.4926428445417,MissionCache,True,"","D:\Workspace\MM\FlightSim\FlightSimProject\Artifacts\FoundationSmoke\smoke-00001000\KTEX_SCRAMBLE_01-00001000"
56.989999999997231,"smoke-00001000","KTEX_SCRAMBLE_01-00001000","KTEX_SCRAMBLE_01",1000,Batch,Running,AutomationPilot,0.5832425,97.403738582145962,MissionCache,True,"","D:\Workspace\MM\FlightSim\FlightSimProject\Artifacts\FoundationSmoke\smoke-00001000\KTEX_SCRAMBLE_01-00001000"
57.189999999997191,"smoke-00001000","KTEX_SCRAMBLE_01-00001000","KTEX_SCRAMBLE_01",1000,Batch,Running,AutomationPilot,0.5850641,97.442314440412986,MissionCache,True,"","D:\Workspace\MM\FlightSim\FlightSimProject\Artifacts\FoundationSmoke\smoke-00001000\KTEX_SCRAMBLE_01-00001000"
57.389999999997151,"smoke-00001000","KTEX_SCRAMBLE_01-00001000","KTEX_SCRAMBLE_01",1000,Batch,Running,AutomationPilot,0.58686399999999994,97.484255295941125,MissionCache,True,"","D:\Workspace\MM\FlightSim\FlightSimProject\Artifacts\FoundationSmoke\smoke-00001000\KTEX_SCRAMBLE_01-00001000"
57.589999999997112,"smoke-00001000","KTEX_SCRAMBLE_01-00001000","KTEX_SCRAMBLE_01",1000,Batch,Running,AutomationPilot,0.58868639999999994,97.522212165929346,MissionCache,True,"","D:\Workspace\MM\FlightSim\FlightSimProject\Artifacts\FoundationSmoke\smoke-00001000\KTEX_SCRAMBLE_01-00001000"
57.789999999997072,"smoke-00001000","KTEX_SCRAMBLE_01-00001000","KTEX_SCRAMBLE_01",1000,Batch,Running,AutomationPilot,0.5905077,97.56011648958534,MissionCache,True,"","D:\Workspace\MM\FlightSim\FlightSimProject\Artifacts\FoundationSmoke\smoke-00001000\KTEX_SCRAMBLE_01-00001000"
57.989999999997032,"smoke-00001000","KTEX_SCRAMBLE_01-00001000","KTEX_SCRAMBLE_01",1000,Batch,Running,AutomationPilot,0.5925687,97.558308429043038,MissionCache,True,"","D:\Workspace\MM\FlightSim\FlightSimProject\Artifacts\FoundationSmoke\smoke-00001000\KTEX_SCRAMBLE_01-00001000"
58.189999999996992,"smoke-00001000","KTEX_SCRAMBLE_01-00001000","KTEX_SCRAMBLE_01",1000,Batch,Running,AutomationPilot,0.59437109999999993,97.598957957405787,MissionCache,True,"","D:\Workspace\MM\FlightSim\FlightSimProject\Artifacts\FoundationSmoke\smoke-00001000\KTEX_SCRAMBLE_01-00001000"
58.389999999996952,"smoke-00001000","KTEX_SCRAMBLE_01-00001000","KTEX_SCRAMBLE_01",1000,Batch,Running,AutomationPilot,0.5961304,97.646420984397025,MissionCache,True,"","D:\Workspace\MM\FlightSim\FlightSimProject\Artifacts\FoundationSmoke\smoke-00001000\KTEX_SCRAMBLE_01-00001000"
58.589999999996913,"smoke-00001000","KTEX_SCRAMBLE_01-00001000","KTEX_SCRAMBLE_01",1000,Batch,Running,AutomationPilot,0.5979034,97.691366197276935,MissionCache,True,"","D:\Workspace\MM\FlightSim\FlightSimProject\Artifacts\FoundationSmoke\smoke-00001000\KTEX_SCRAMBLE_01-00001000"
58.789999999996873,"smoke-00001000","KTEX_SCRAMBLE_01-00001000","KTEX_SCRAMBLE_01",1000,Batch,Running,AutomationPilot,0.5996779,97.735801169255879,MissionCache,True,"","D:\Workspace\MM\FlightSim\FlightSimProject\Artifacts\FoundationSmoke\smoke-00001000\KTEX_SCRAMBLE_01-00001000"
58.989999999996833,"smoke-00001000","KTEX_SCRAMBLE_01-00001000","KTEX_SCRAMBLE_01",1000,Batch,Running,AutomationPilot,0.6016262,97.751726902845775,MissionCache,True,"","D:\Workspace\MM\FlightSim\FlightSimProject\Artifacts\FoundationSmoke\smoke-00001000\KTEX_SCRAMBLE_01-00001000"
59.189999999996793,"smoke-00001000","KTEX_SCRAMBLE_01-00001000","KTEX_SCRAMBLE_01",1000,Batch,Running,AutomationPilot,0.60347489999999993,97.783685783777983,MissionCache,True,"","D:\Workspace\MM\FlightSim\FlightSimProject\Artifacts\FoundationSmoke\smoke-00001000\KTEX_SCRAMBLE_01-00001000"
59.389999999996753,"smoke-00001000","KTEX_SCRAMBLE_01-00001000","KTEX_SCRAMBLE_01",1000,Batch,Running,AutomationPilot,0.60527199999999992,97.823788313348047,MissionCache,True,"","D:\Workspace\MM\FlightSim\FlightSimProject\Artifacts\FoundationSmoke\smoke-00001000\KTEX_SCRAMBLE_01-00001000"
59.589999999996714,"smoke-00001000","KTEX_SCRAMBLE_01-00001000","KTEX_SCRAMBLE_01",1000,Batch,Running,AutomationPilot,0.6070918,97.859994155738477,MissionCache,True,"","D:\Workspace\MM\FlightSim\FlightSimProject\Artifacts\FoundationSmoke\smoke-00001000\KTEX_SCRAMBLE_01-00001000"
59.789999999996674,"smoke-00001000","KTEX_SCRAMBLE_01-00001000","KTEX_SCRAMBLE_01",1000,Batch,Running,AutomationPilot,0.6095651,97.791031671591284,MissionCache,True,"","D:\Workspace\MM\FlightSim\FlightSimProject\Artifacts\FoundationSmoke\smoke-00001000\KTEX_SCRAMBLE_01-00001000"
59.989999999996634,"smoke-00001000","KTEX_SCRAMBLE_01-00001000","KTEX_SCRAMBLE_01",1000,Batch,Running,AutomationPilot,0.6114678,97.813817833084045,MissionCache,True,"","D:\Workspace\MM\FlightSim\FlightSimProject\Artifacts\FoundationSmoke\smoke-00001000\KTEX_SCRAMBLE_01-00001000"
60.189999999996594,"smoke-00001000","KTEX_SCRAMBLE_01-00001000","KTEX_SCRAMBLE_01",1000,Batch,Running,AutomationPilot,0.6133006,97.847613388926462,MissionCache,True,"","D:\Workspace\MM\FlightSim\FlightSimProject\Artifacts\FoundationSmoke\smoke-00001000\KTEX_SCRAMBLE_01-00001000"
60.389999999996554,"smoke-00001000","KTEX_SCRAMBLE_01-00001000","KTEX_SCRAMBLE_01",1000,Batch,Running,AutomationPilot,0.6151358,97.880825664831391,MissionCache,True,"","D:\Workspace\MM\FlightSim\FlightSimProject\Artifacts\FoundationSmoke\smoke-00001000\KTEX_SCRAMBLE_01-00001000"
60.589999999996515,"smoke-00001000","KTEX_SCRAMBLE_01-00001000","KTEX_SCRAMBLE_01",1000,Batch,Running,AutomationPilot,0.6170494,97.901399790675683,MissionCache,True,"","D:\Workspace\MM\FlightSim\FlightSimProject\Artifacts\FoundationSmoke\smoke-00001000\KTEX_SCRAMBLE_01-00001000"
60.789999999996475,"smoke-00001000","KTEX_SCRAMBLE_01-00001000","KTEX_SCRAMBLE_01",1000,Batch,Running,AutomationPilot,0.61888919999999992,97.933523480449352,MissionCache,True,"","D:\Workspace\MM\FlightSim\FlightSimProject\Artifacts\FoundationSmoke\smoke-00001000\KTEX_SCRAMBLE_01-00001000"
60.989999999996435,"smoke-00001000","KTEX_SCRAMBLE_01-00001000","KTEX_SCRAMBLE_01",1000,Batch,Running,AutomationPilot,0.6207148,97.967697886366608,MissionCache,True,"","D:\Workspace\MM\FlightSim\FlightSimProject\Artifacts\FoundationSmoke\smoke-00001000\KTEX_SCRAMBLE_01-00001000"
61.189999999996395,"smoke-00001000","KTEX_SCRAMBLE_01-00001000","KTEX_SCRAMBLE_01",1000,Batch,Running,AutomationPilot,0.6236712,97.823981610817413,MissionCache,True,"","D:\Workspace\MM\FlightSim\FlightSimProject\Artifacts\FoundationSmoke\smoke-00001000\KTEX_SCRAMBLE_01-00001000"
61.389999999996355,"smoke-00001000","KTEX_SCRAMBLE_01-00001000","KTEX_SCRAMBLE_01",1000,Batch,Running,AutomationPilot,0.6266748,97.67426422762874,MissionCache,True,"","D:\Workspace\MM\FlightSim\FlightSimProject\Artifacts\FoundationSmoke\smoke-00001000\KTEX_SCRAMBLE_01-00001000"
61.589999999996316,"smoke-00001000","KTEX_SCRAMBLE_01-00001000","KTEX_SCRAMBLE_01",1000,Batch,Running,AutomationPilot,0.6289386,97.640691794073931,MissionCache,True,"","D:\Workspace\MM\FlightSim\FlightSimProject\Artifacts\FoundationSmoke\smoke-00001000\KTEX_SCRAMBLE_01-00001000"
61.789999999996276,"smoke-00001000","KTEX_SCRAMBLE_01-00001000","KTEX_SCRAMBLE_01",1000,Batch,Running,AutomationPilot,0.6306803,97.68816308357232,MissionCache,True,"","D:\Workspace\MM\FlightSim\FlightSimProject\Artifacts\FoundationSmoke\smoke-00001000\KTEX_SCRAMBLE_01-00001000"
61.989999999996236,"smoke-00001000","KTEX_SCRAMBLE_01-00001000","KTEX_SCRAMBLE_01",1000,Batch,Running,AutomationPilot,0.6325963,97.708443757885192,MissionCache,True,"","D:\Workspace\MM\FlightSim\FlightSimProject\Artifacts\FoundationSmoke\smoke-00001000\KTEX_SCRAMBLE_01-00001000"
62.189999999996196,"smoke-00001000","KTEX_SCRAMBLE_01-00001000","KTEX_SCRAMBLE_01",1000,Batch,Running,AutomationPilot,0.63435409999999992,97.752974245766268,MissionCache,True,"","D:\Workspace\MM\FlightSim\FlightSimProject\Artifacts\FoundationSmoke\smoke-00001000\KTEX_SCRAMBLE_01-00001000"
62.389999999996157,"smoke-00001000","KTEX_SCRAMBLE_01-00001000","KTEX_SCRAMBLE_01",1000,Batch,Running,AutomationPilot,0.6361292,97.794598958821879,MissionCache,True,"","D:\Workspace\MM\FlightSim\FlightSimProject\Artifacts\FoundationSmoke\smoke-00001000\KTEX_SCRAMBLE_01-00001000"
62.589999999996117,"smoke-00001000","KTEX_SCRAMBLE_01-00001000","KTEX_SCRAMBLE_01",1000,Batch,Running,AutomationPilot,0.6385405,97.7385146282752,MissionCache,True,"","D:\Workspace\MM\FlightSim\FlightSimProject\Artifacts\FoundationSmoke\smoke-00001000\KTEX_SCRAMBLE_01-00001000"
62.789999999996077,"smoke-00001000","KTEX_SCRAMBLE_01-00001000","KTEX_SCRAMBLE_01",1000,Batch,Running,AutomationPilot,0.6403053,97.781480178277633,MissionCache,True,"","D:\Workspace\MM\FlightSim\FlightSimProject\Artifacts\FoundationSmoke\smoke-00001000\KTEX_SCRAMBLE_01-00001000"
62.989999999996037,"smoke-00001000","KTEX_SCRAMBLE_01-00001000","KTEX_SCRAMBLE_01",1000,Batch,Running,AutomationPilot,0.6421287,97.815282201209939,MissionCache,True,"","D:\Workspace\MM\FlightSim\FlightSimProject\Artifacts\FoundationSmoke\smoke-00001000\KTEX_SCRAMBLE_01-00001000"
63.189999999996,"smoke-00001000","KTEX_SCRAMBLE_01-00001000","KTEX_SCRAMBLE_01",1000,Batch,Running,AutomationPilot,0.6439165,97.854302537667593,MissionCache,True,"","D:\Workspace\MM\FlightSim\FlightSimProject\Artifacts\FoundationSmoke\smoke-00001000\KTEX_SCRAMBLE_01-00001000"
63.389999999995958,"smoke-00001000","KTEX_SCRAMBLE_01-00001000","KTEX_SCRAMBLE_01",1000,Batch,Running,AutomationPilot,0.6456637,97.899262417874809,MissionCache,True,"","D:\Workspace\MM\FlightSim\FlightSimProject\Artifacts\FoundationSmoke\smoke-00001000\KTEX_SCRAMBLE_01-00001000"
63.589999999995918,"smoke-00001000","KTEX_SCRAMBLE_01-00001000","KTEX_SCRAMBLE_01",1000,Batch,Running,AutomationPilot,0.6478918,97.871280358843791,MissionCache,True,"","D:\Workspace\MM\FlightSim\FlightSimProject\Artifacts\FoundationSmoke\smoke-00001000\KTEX_SCRAMBLE_01-00001000"
63.789999999995878,"smoke-00001000","KTEX_SCRAMBLE_01-00001000","KTEX_SCRAMBLE_01",1000,Batch,Running,AutomationPilot,0.6496309,97.917140333065916,MissionCache,True,"","D:\Workspace\MM\FlightSim\FlightSimProject\Artifacts\FoundationSmoke\smoke-00001000\KTEX_SCRAMBLE_01-00001000"
63.989999999995838,"smoke-00001000","KTEX_SCRAMBLE_01-00001000","KTEX_SCRAMBLE_01",1000,Batch,Running,AutomationPilot,0.6514508,97.950605018822415,MissionCache,True,"","D:\Workspace\MM\FlightSim\FlightSimProject\Artifacts\FoundationSmoke\smoke-00001000\KTEX_SCRAMBLE_01-00001000"
64.189999999995933,"smoke-00001000","KTEX_SCRAMBLE_01-00001000","KTEX_SCRAMBLE_01",1000,Batch,Running,AutomationPilot,0.6532036,97.993948594275722,MissionCache,True,"","D:\Workspace\MM\FlightSim\FlightSimProject\Artifacts\FoundationSmoke\smoke-00001000\KTEX_SCRAMBLE_01-00001000"
64.389999999996036,"smoke-00001000","KTEX_SCRAMBLE_01-00001000","KTEX_SCRAMBLE_01",1000,Batch,Running,AutomationPilot,0.6549659,98.035638191234,MissionCache,True,"","D:\Workspace\MM\FlightSim\FlightSimProject\Artifacts\FoundationSmoke\smoke-00001000\KTEX_SCRAMBLE_01-00001000"
64.589999999996138,"smoke-00001000","KTEX_SCRAMBLE_01-00001000","KTEX_SCRAMBLE_01",1000,Batch,Running,AutomationPilot,0.6567661,98.071444308706,MissionCache,True,"","D:\Workspace\MM\FlightSim\FlightSimProject\Artifacts\FoundationSmoke\smoke-00001000\KTEX_SCRAMBLE_01-00001000"
64.78999999999624,"smoke-00001000","KTEX_SCRAMBLE_01-00001000","KTEX_SCRAMBLE_01",1000,Batch,Running,AutomationPilot,0.6585225,98.11358002193721,MissionCache,True,"","D:\Workspace\MM\FlightSim\FlightSimProject\Artifacts\FoundationSmoke\smoke-00001000\KTEX_SCRAMBLE_01-00001000"
64.989999999996343,"smoke-00001000","KTEX_SCRAMBLE_01-00001000","KTEX_SCRAMBLE_01",1000,Batch,Running,AutomationPilot,0.6602891,98.153975281427876,MissionCache,True,"","D:\Workspace\MM\FlightSim\FlightSimProject\Artifacts\FoundationSmoke\smoke-00001000\KTEX_SCRAMBLE_01-00001000"
65.189999999996445,"smoke-00001000","KTEX_SCRAMBLE_01-00001000","KTEX_SCRAMBLE_01",1000,Batch,Running,AutomationPilot,0.66204449999999992,98.195816142262885,MissionCache,True,"","D:\Workspace\MM\FlightSim\FlightSimProject\Artifacts\FoundationSmoke\smoke-00001000\KTEX_SCRAMBLE_01-00001000"
65.389999999996547,"smoke-00001000","KTEX_SCRAMBLE_01-00001000","KTEX_SCRAMBLE_01",1000,Batch,Running,AutomationPilot,0.6644744,98.137716065504492,MissionCache,True,"","D:\Workspace\MM\FlightSim\FlightSimProject\Artifacts\FoundationSmoke\smoke-00001000\KTEX_SCRAMBLE_01-00001000"
65.58999999999665,"smoke-00001000","KTEX_SCRAMBLE_01-00001000","KTEX_SCRAMBLE_01",1000,Batch,Running,AutomationPilot,0.6662483,98.176610732059743,MissionCache,True,"","D:\Workspace\MM\FlightSim\FlightSimProject\Artifacts\FoundationSmoke\smoke-00001000\KTEX_SCRAMBLE_01-00001000"
65.789999999996752,"smoke-00001000","KTEX_SCRAMBLE_01-00001000","KTEX_SCRAMBLE_01",1000,Batch,Running,AutomationPilot,0.6680117,98.216842609188816,MissionCache,True,"","D:\Workspace\MM\FlightSim\FlightSimProject\Artifacts\FoundationSmoke\smoke-00001000\KTEX_SCRAMBLE_01-00001000"
65.989999999996854,"smoke-00001000","KTEX_SCRAMBLE_01-00001000","KTEX_SCRAMBLE_01",1000,Batch,Running,AutomationPilot,0.6697998,98.253239251484942,MissionCache,True,"","D:\Workspace\MM\FlightSim\FlightSimProject\Artifacts\FoundationSmoke\smoke-00001000\KTEX_SCRAMBLE_01-00001000"
66.189999999996957,"smoke-00001000","KTEX_SCRAMBLE_01-00001000","KTEX_SCRAMBLE_01",1000,Batch,Running,AutomationPilot,0.671592,98.288842035040417,MissionCache,True,"","D:\Workspace\MM\FlightSim\FlightSimProject\Artifacts\FoundationSmoke\smoke-00001000\KTEX_SCRAMBLE_01-00001000"
66.389999999997059,"smoke-00001000","KTEX_SCRAMBLE_01-00001000","KTEX_SCRAMBLE_01",1000,Batch,Running,AutomationPilot,0.67335289999999992,98.328825791048018,MissionCache,True,"","D:\Workspace\MM\FlightSim\FlightSimProject\Artifacts\FoundationSmoke\smoke-00001000\KTEX_SCRAMBLE_01-00001000"
66.589999999997161,"smoke-00001000","KTEX_SCRAMBLE_01-00001000","KTEX_SCRAMBLE_01",1000,Batch,Running,AutomationPilot,0.6751086,98.3693586483672,MissionCache,True,"","D:\Workspace\MM\FlightSim\FlightSimProject\Artifacts\FoundationSmoke\smoke-00001000\KTEX_SCRAMBLE_01-00001000"
66.789999999997264,"smoke-00001000","KTEX_SCRAMBLE_01-00001000","KTEX_SCRAMBLE_01",1000,Batch,Running,AutomationPilot,0.6768679,98.409157828281081,MissionCache,True,"","D:\Workspace\MM\FlightSim\FlightSimProject\Artifacts\FoundationSmoke\smoke-00001000\KTEX_SCRAMBLE_01-00001000"
66.989999999997366,"smoke-00001000","KTEX_SCRAMBLE_01-00001000","KTEX_SCRAMBLE_01",1000,Batch,Running,AutomationPilot,0.67867009999999994,98.442527525519807,MissionCache,True,"","D:\Workspace\MM\FlightSim\FlightSimProject\Artifacts\FoundationSmoke\smoke-00001000\KTEX_SCRAMBLE_01-00001000"
67.189999999997468,"smoke-00001000","KTEX_SCRAMBLE_01-00001000","KTEX_SCRAMBLE_01",1000,Batch,Running,AutomationPilot,0.6804349,98.481133169385316,MissionCache,True,"","D:\Workspace\MM\FlightSim\FlightSimProject\Artifacts\FoundationSmoke\smoke-00001000\KTEX_SCRAMBLE_01-00001000"
67.389999999997571,"smoke-00001000","KTEX_SCRAMBLE_01-00001000","KTEX_SCRAMBLE_01",1000,Batch,Running,AutomationPilot,0.6823615,98.496178345345513,MissionCache,True,"","D:\Workspace\MM\FlightSim\FlightSimProject\Artifacts\FoundationSmoke\smoke-00001000\KTEX_SCRAMBLE_01-00001000"
67.589999999997673,"smoke-00001000","KTEX_SCRAMBLE_01-00001000","KTEX_SCRAMBLE_01",1000,Batch,Running,AutomationPilot,0.6841754,98.527365935690739,MissionCache,True,"","D:\Workspace\MM\FlightSim\FlightSimProject\Artifacts\FoundationSmoke\smoke-00001000\KTEX_SCRAMBLE_01-00001000"
67.789999999997775,"smoke-00001000","KTEX_SCRAMBLE_01-00001000","KTEX_SCRAMBLE_01",1000,Batch,Running,AutomationPilot,0.6859662,98.561707559348676,MissionCache,True,"","D:\Workspace\MM\FlightSim\FlightSimProject\Artifacts\FoundationSmoke\smoke-00001000\KTEX_SCRAMBLE_01-00001000"
67.989999999997877,"smoke-00001000","KTEX_SCRAMBLE_01-00001000","KTEX_SCRAMBLE_01",1000,Batch,Running,AutomationPilot,0.6877151,98.601877434416934,MissionCache,True,"","D:\Workspace\MM\FlightSim\FlightSimProject\Artifacts\FoundationSmoke\smoke-00001000\KTEX_SCRAMBLE_01-00001000"
68.18999999999798,"smoke-00001000","KTEX_SCRAMBLE_01-00001000","KTEX_SCRAMBLE_01",1000,Batch,Running,AutomationPilot,0.6902108,98.535114199890657,MissionCache,True,"","D:\Workspace\MM\FlightSim\FlightSimProject\Artifacts\FoundationSmoke\smoke-00001000\KTEX_SCRAMBLE_01-00001000"
68.389999999998082,"smoke-00001000","KTEX_SCRAMBLE_01-00001000","KTEX_SCRAMBLE_01",1000,Batch,Running,AutomationPilot,0.692526,98.494496957512055,MissionCache,True,"","D:\Workspace\MM\FlightSim\FlightSimProject\Artifacts\FoundationSmoke\smoke-00001000\KTEX_SCRAMBLE_01-00001000"
68.589999999998184,"smoke-00001000","KTEX_SCRAMBLE_01-00001000","KTEX_SCRAMBLE_01",1000,Batch,Running,AutomationPilot,0.6945565,98.49450692635962,MissionCache,True,"","D:\Workspace\MM\FlightSim\FlightSimProject\Artifacts\FoundationSmoke\smoke-00001000\KTEX_SCRAMBLE_01-00001000"
68.789999999998287,"smoke-00001000","KTEX_SCRAMBLE_01-00001000","KTEX_SCRAMBLE_01",1000,Batch,Running,AutomationPilot,0.6965154,98.504641821269416,MissionCache,True,"","D:\Workspace\MM\FlightSim\FlightSimProject\Artifacts\FoundationSmoke\smoke-00001000\KTEX_SCRAMBLE_01-00001000"
68.989999999998389,"smoke-00001000","KTEX_SCRAMBLE_01-00001000","KTEX_SCRAMBLE_01",1000,Batch,Running,AutomationPilot,0.69830799999999993,98.538180860019224,MissionCache,True,"","D:\Workspace\MM\FlightSim\FlightSimProject\Artifacts\FoundationSmoke\smoke-00001000\KTEX_SCRAMBLE_01-00001000"
69.189999999998491,"smoke-00001000","KTEX_SCRAMBLE_01-00001000","KTEX_SCRAMBLE_01",1000,Batch,Running,AutomationPilot,0.70010279999999991,98.5712383952734,MissionCache,True,"","D:\Workspace\MM\FlightSim\FlightSimProject\Artifacts\FoundationSmoke\smoke-00001000\KTEX_SCRAMBLE_01-00001000"
69.3899999999986,"smoke-00001000","KTEX_SCRAMBLE_01-00001000","KTEX_SCRAMBLE_01",1000,Batch,Running,AutomationPilot,0.701915,98.601682539906548,MissionCache,True,"","D:\Workspace\MM\FlightSim\FlightSimProject\Artifacts\FoundationSmoke\smoke-00001000\KTEX_SCRAMBLE_01-00001000"
69.5899999999987,"smoke-00001000","KTEX_SCRAMBLE_01-00001000","KTEX_SCRAMBLE_01",1000,Batch,Running,AutomationPilot,0.7036831,98.63815117912965,MissionCache,True,"","D:\Workspace\MM\FlightSim\FlightSimProject\Artifacts\FoundationSmoke\smoke-00001000\KTEX_SCRAMBLE_01-00001000"
69.7899999999988,"smoke-00001000","KTEX_SCRAMBLE_01-00001000","KTEX_SCRAMBLE_01",1000,Batch,Running,AutomationPilot,0.7054963,98.668129088697853,MissionCache,True,"","D:\Workspace\MM\FlightSim\FlightSimProject\Artifacts\FoundationSmoke\smoke-00001000\KTEX_SCRAMBLE_01-00001000"
69.9899999999989,"smoke-00001000","KTEX_SCRAMBLE_01-00001000","KTEX_SCRAMBLE_01",1000,Batch,Running,AutomationPilot,0.7072608,98.704749365437479,MissionCache,True,"","D:\Workspace\MM\FlightSim\FlightSimProject\Artifacts\FoundationSmoke\smoke-00001000\KTEX_SCRAMBLE_01-00001000"
70.189999999999,"smoke-00001000","KTEX_SCRAMBLE_01-00001000","KTEX_SCRAMBLE_01",1000,Batch,Running,AutomationPilot,0.7091067,98.7298526441774,MissionCache,True,"","D:\Workspace\MM\FlightSim\FlightSimProject\Artifacts\FoundationSmoke\smoke-00001000\KTEX_SCRAMBLE_01-00001000"
70.3899999999991,"smoke-00001000","KTEX_SCRAMBLE_01-00001000","KTEX_SCRAMBLE_01",1000,Batch,Running,AutomationPilot,0.7109648,98.753130956692956,MissionCache,True,"","D:\Workspace\MM\FlightSim\FlightSimProject\Artifacts\FoundationSmoke\smoke-00001000\KTEX_SCRAMBLE_01-00001000"
70.589999999999208,"smoke-00001000","KTEX_SCRAMBLE_01-00001000","KTEX_SCRAMBLE_01",1000,Batch,Running,AutomationPilot,0.7127772,98.782620992926141,MissionCache,True,"","D:\Workspace\MM\FlightSim\FlightSimProject\Artifacts\FoundationSmoke\smoke-00001000\KTEX_SCRAMBLE_01-00001000"
70.78999999999931,"smoke-00001000","KTEX_SCRAMBLE_01-00001000","KTEX_SCRAMBLE_01",1000,Batch,Running,AutomationPilot,0.7145783,98.813524004296269,MissionCache,True,"","D:\Workspace\MM\FlightSim\FlightSimProject\Artifacts\FoundationSmoke\smoke-00001000\KTEX_SCRAMBLE_01-00001000"
70.989999999999412,"smoke-00001000","KTEX_SCRAMBLE_01-00001000","KTEX_SCRAMBLE_01",1000,Batch,Running,AutomationPilot,0.71702599999999994,98.755135797027336,MissionCache,True,"","D:\Workspace\MM\FlightSim\FlightSimProject\Artifacts\FoundationSmoke\smoke-00001000\KTEX_SCRAMBLE_01-00001000"
71.189999999999515,"smoke-00001000","KTEX_SCRAMBLE_01-00001000","KTEX_SCRAMBLE_01",1000,Batch,Running,AutomationPilot,0.7188228,98.7865159535833,MissionCache,True,"","D:\Workspace\MM\FlightSim\FlightSimProject\Artifacts\FoundationSmoke\smoke-00001000\KTEX_SCRAMBLE_01-00001000"
71.389999999999617,"smoke-00001000","KTEX_SCRAMBLE_01-00001000","KTEX_SCRAMBLE_01",1000,Batch,Running,AutomationPilot,0.720625,98.816999132696651,MissionCache,True,"","D:\Workspace\MM\FlightSim\FlightSimProject\Artifacts\FoundationSmoke\smoke-00001000\KTEX_SCRAMBLE_01-00001000"
71.589999999999719,"smoke-00001000","KTEX_SCRAMBLE_01-00001000","KTEX_SCRAMBLE_01",1000,Batch,Running,AutomationPilot,0.7224142,98.849109001455986,MissionCache,True,"","D:\Workspace\MM\FlightSim\FlightSimProject\Artifacts\FoundationSmoke\smoke-00001000\KTEX_SCRAMBLE_01-00001000"
71.789999999999822,"smoke-00001000","KTEX_SCRAMBLE_01-00001000","KTEX_SCRAMBLE_01",1000,Batch,Running,AutomationPilot,0.72415489999999993,98.887682731967615,MissionCache,True,"","D:\Workspace\MM\FlightSim\FlightSimProject\Artifacts\FoundationSmoke\smoke-00001000\KTEX_SCRAMBLE_01-00001000"
71.989999999999924,"smoke-00001000","KTEX_SCRAMBLE_01-00001000","KTEX_SCRAMBLE_01",1000,Batch,Running,AutomationPilot,0.7259304,98.92132909711431,MissionCache,True,"","D:\Workspace\MM\FlightSim\FlightSimProject\Artifacts\FoundationSmoke\smoke-00001000\KTEX_SCRAMBLE_01-00001000"
72.190000000000026,"smoke-00001000","KTEX_SCRAMBLE_01-00001000","KTEX_SCRAMBLE_01",1000,Batch,Running,AutomationPilot,0.72770839999999992,98.9544713239533,MissionCache,True,"","D:\Workspace\MM\FlightSim\FlightSimProject\Artifacts\FoundationSmoke\smoke-00001000\KTEX_SCRAMBLE_01-00001000"
72.390000000000128,"smoke-00001000","KTEX_SCRAMBLE_01-00001000","KTEX_SCRAMBLE_01",1000,Batch,Running,AutomationPilot,0.7294936,98.986475001288625,MissionCache,True,"","D:\Workspace\MM\FlightSim\FlightSimProject\Artifacts\FoundationSmoke\smoke-00001000\KTEX_SCRAMBLE_01-00001000"
72.590000000000231,"smoke-00001000","KTEX_SCRAMBLE_01-00001000","KTEX_SCRAMBLE_01",1000,Batch,Running,AutomationPilot,0.731246,99.022763885204355,MissionCache,True,"","D:\Workspace\MM\FlightSim\FlightSimProject\Artifacts\FoundationSmoke\smoke-00001000\KTEX_SCRAMBLE_01-00001000"
72.790000000000333,"smoke-00001000","KTEX_SCRAMBLE_01-00001000","KTEX_SCRAMBLE_01",1000,Batch,Running,AutomationPilot,0.7330044,99.058068409958025,MissionCache,True,"","D:\Workspace\MM\FlightSim\FlightSimProject\Artifacts\FoundationSmoke\smoke-00001000\KTEX_SCRAMBLE_01-00001000"
72.990000000000435,"smoke-00001000","KTEX_SCRAMBLE_01-00001000","KTEX_SCRAMBLE_01",1000,Batch,Running,AutomationPilot,0.73478939999999993,99.089616698336087,MissionCache,True,"","D:\Workspace\MM\FlightSim\FlightSimProject\Artifacts\FoundationSmoke\smoke-00001000\KTEX_SCRAMBLE_01-00001000"
73.190000000000538,"smoke-00001000","KTEX_SCRAMBLE_01-00001000","KTEX_SCRAMBLE_01",1000,Batch,Running,AutomationPilot,0.7365811,99.120110467130431,MissionCache,True,"","D:\Workspace\MM\FlightSim\FlightSimProject\Artifacts\FoundationSmoke\smoke-00001000\KTEX_SCRAMBLE_01-00001000"
73.39000000000064,"smoke-00001000","KTEX_SCRAMBLE_01-00001000","KTEX_SCRAMBLE_01",1000,Batch,Running,AutomationPilot,0.7383299,99.156217295277557,MissionCache,True,"","D:\Workspace\MM\FlightSim\FlightSimProject\Artifacts\FoundationSmoke\smoke-00001000\KTEX_SCRAMBLE_01-00001000"
73.590000000000742,"smoke-00001000","KTEX_SCRAMBLE_01-00001000","KTEX_SCRAMBLE_01",1000,Batch,Running,AutomationPilot,0.7406102,99.120968088207064,MissionCache,True,"","D:\Workspace\MM\FlightSim\FlightSimProject\Artifacts\FoundationSmoke\smoke-00001000\KTEX_SCRAMBLE_01-00001000"
73.790000000000845,"smoke-00001000","KTEX_SCRAMBLE_01-00001000","KTEX_SCRAMBLE_01",1000,Batch,Running,AutomationPilot,0.7434379,99.012977412102288,MissionCache,True,"","D:\Workspace\MM\FlightSim\FlightSimProject\Artifacts\FoundationSmoke\smoke-00001000\KTEX_SCRAMBLE_01-00001000"
73.990000000000947,"smoke-00001000","KTEX_SCRAMBLE_01-00001000","KTEX_SCRAMBLE_01",1000,Batch,Running,AutomationPilot,0.74526929999999991,99.038025583505,MissionCache,True,"","D:\Workspace\MM\FlightSim\FlightSimProject\Artifacts\FoundationSmoke\smoke-00001000\KTEX_SCRAMBLE_01-00001000"
74.190000000001049,"smoke-00001000","KTEX_SCRAMBLE_01-00001000","KTEX_SCRAMBLE_01",1000,Batch,Running,AutomationPilot,0.74704359999999992,99.070522791442116,MissionCache,True,"","D:\Workspace\MM\FlightSim\FlightSimProject\Artifacts\FoundationSmoke\smoke-00001000\KTEX_SCRAMBLE_01-00001000"
74.390000000001152,"smoke-00001000","KTEX_SCRAMBLE_01-00001000","KTEX_SCRAMBLE_01",1000,Batch,Running,AutomationPilot,0.74879109999999993,99.106412990219923,MissionCache,True,"","D:\Workspace\MM\FlightSim\FlightSimProject\Artifacts\FoundationSmoke\smoke-00001000\KTEX_SCRAMBLE_01-00001000"
74.590000000001254,"smoke-00001000","KTEX_SCRAMBLE_01-00001000","KTEX_SCRAMBLE_01",1000,Batch,Running,AutomationPilot,0.7505429,99.1415680569374,MissionCache,True,"","D:\Workspace\MM\FlightSim\FlightSimProject\Artifacts\FoundationSmoke\smoke-00001000\KTEX_SCRAMBLE_01-00001000"
74.790000000001356,"smoke-00001000","KTEX_SCRAMBLE_01-00001000","KTEX_SCRAMBLE_01",1000,Batch,Running,AutomationPilot,0.7523384,99.170798672513953,MissionCache,True,"","D:\Workspace\MM\FlightSim\FlightSimProject\Artifacts\FoundationSmoke\smoke-00001000\KTEX_SCRAMBLE_01-00001000"
74.990000000001459,"smoke-00001000","KTEX_SCRAMBLE_01-00001000","KTEX_SCRAMBLE_01",1000,Batch,Running,AutomationPilot,0.75408,99.20698069170561,MissionCache,True,"","D:\Workspace\MM\FlightSim\FlightSimProject\Artifacts\FoundationSmoke\smoke-00001000\KTEX_SCRAMBLE_01-00001000"
75.190000000001561,"smoke-00001000","KTEX_SCRAMBLE_01-00001000","KTEX_SCRAMBLE_01",1000,Batch,Running,AutomationPilot,0.7558499,99.2392801798366,MissionCache,True,"","D:\Workspace\MM\FlightSim\FlightSimProject\Artifacts\FoundationSmoke\smoke-00001000\KTEX_SCRAMBLE_01-00001000"
75.390000000001663,"smoke-00001000","KTEX_SCRAMBLE_01-00001000","KTEX_SCRAMBLE_01",1000,Batch,Running,AutomationPilot,0.75795419999999991,99.227631432085971,MissionCache,True,"","D:\Workspace\MM\FlightSim\FlightSimProject\Artifacts\FoundationSmoke\smoke-00001000\KTEX_SCRAMBLE_01-00001000"
75.590000000001766,"smoke-00001000","KTEX_SCRAMBLE_01-00001000","KTEX_SCRAMBLE_01",1000,Batch,Running,AutomationPilot,0.7597261,99.259456796339734,MissionCache,True,"","D:\Workspace\MM\FlightSim\FlightSimProject\Artifacts\FoundationSmoke\smoke-00001000\KTEX_SCRAMBLE_01-00001000"
75.790000000001868,"smoke-00001000","KTEX_SCRAMBLE_01-00001000","KTEX_SCRAMBLE_01",1000,Batch,Running,AutomationPilot,0.76166159999999994,99.26980695889327,MissionCache,True,"","D:\Workspace\MM\FlightSim\FlightSimProject\Artifacts\FoundationSmoke\smoke-00001000\KTEX_SCRAMBLE_01-00001000"
75.99000000000197,"smoke-00001000","KTEX_SCRAMBLE_01-00001000","KTEX_SCRAMBLE_01",1000,Batch,Running,AutomationPilot,0.76342119999999991,99.302979796738526,MissionCache,True,"","D:\Workspace\MM\FlightSim\FlightSimProject\Artifacts\FoundationSmoke\smoke-00001000\KTEX_SCRAMBLE_01-00001000"
76.190000000002073,"smoke-00001000","KTEX_SCRAMBLE_01-00001000","KTEX_SCRAMBLE_01",1000,Batch,Running,AutomationPilot,0.7651846,99.335506752229435,MissionCache,True,"","D:\Workspace\MM\FlightSim\FlightSimProject\Artifacts\FoundationSmoke\smoke-00001000\KTEX_SCRAMBLE_01-00001000"
76.390000000002175,"smoke-00001000","KTEX_SCRAMBLE_01-00001000","KTEX_SCRAMBLE_01",1000,Batch,Running,AutomationPilot,0.7669944,99.361872785514578,MissionCache,True,"","D:\Workspace\MM\FlightSim\FlightSimProject\Artifacts\FoundationSmoke\smoke-00001000\KTEX_SCRAMBLE_01-00001000"
76.590000000002277,"smoke-00001000","KTEX_SCRAMBLE_01-00001000","KTEX_SCRAMBLE_01",1000,Batch,Running,AutomationPilot,0.7693888,99.312597220029957,MissionCache,True,"","D:\Workspace\MM\FlightSim\FlightSimProject\Artifacts\FoundationSmoke\smoke-00001000\KTEX_SCRAMBLE_01-00001000"
76.790000000002379,"smoke-00001000","KTEX_SCRAMBLE_01-00001000","KTEX_SCRAMBLE_01",1000,Batch,Running,AutomationPilot,0.7711393,99.346512361647612,MissionCache,True,"","D:\Workspace\MM\FlightSim\FlightSimProject\Artifacts\FoundationSmoke\smoke-00001000\KTEX_SCRAMBLE_01-00001000"
76.990000000002482,"smoke-00001000","KTEX_SCRAMBLE_01-00001000","KTEX_SCRAMBLE_01",1000,Batch,Running,AutomationPilot,0.77318919999999991,99.3417911165888,MissionCache,True,"","D:\Workspace\MM\FlightSim\FlightSimProject\Artifacts\FoundationSmoke\smoke-00001000\KTEX_SCRAMBLE_01-00001000"
77.190000000002584,"smoke-00001000","KTEX_SCRAMBLE_01-00001000","KTEX_SCRAMBLE_01",1000,Batch,Running,AutomationPilot,0.77497379999999993,99.37110131981558,MissionCache,True,"","D:\Workspace\MM\FlightSim\FlightSimProject\Artifacts\FoundationSmoke\smoke-00001000\KTEX_SCRAMBLE_01-00001000"
77.390000000002686,"smoke-00001000","KTEX_SCRAMBLE_01-00001000","KTEX_SCRAMBLE_01",1000,Batch,Running,AutomationPilot,0.7767035,99.40730278671667,MissionCache,True,"","D:\Workspace\MM\FlightSim\FlightSimProject\Artifacts\FoundationSmoke\smoke-00001000\KTEX_SCRAMBLE_01-00001000"
77.590000000002789,"smoke-00001000","KTEX_SCRAMBLE_01-00001000","KTEX_SCRAMBLE_01",1000,Batch,Running,AutomationPilot,0.77847859999999991,99.4375439479039,MissionCache,True,"","D:\Workspace\MM\FlightSim\FlightSimProject\Artifacts\FoundationSmoke\smoke-00001000\KTEX_SCRAMBLE_01-00001000"
77.790000000002891,"smoke-00001000","KTEX_SCRAMBLE_01-00001000","KTEX_SCRAMBLE_01",1000,Batch,Running,AutomationPilot,0.78024319999999991,99.468986080241152,MissionCache,True,"","D:\Workspace\MM\FlightSim\FlightSimProject\Artifacts\FoundationSmoke\smoke-00001000\KTEX_SCRAMBLE_01-00001000"
77.990000000003,"smoke-00001000","KTEX_SCRAMBLE_01-00001000","KTEX_SCRAMBLE_01",1000,Batch,Running,AutomationPilot,0.78201329999999991,99.499586515987531,MissionCache,True,"","D:\Workspace\MM\FlightSim\FlightSimProject\Artifacts\FoundationSmoke\smoke-00001000\KTEX_SCRAMBLE_01-00001000"
78.1900000000031,"smoke-00001000","KTEX_SCRAMBLE_01-00001000","KTEX_SCRAMBLE_01",1000,Batch,Running,AutomationPilot,0.7837635,99.532575834423284,MissionCache,True,"","D:\Workspace\MM\FlightSim\FlightSimProject\Artifacts\FoundationSmoke\smoke-00001000\KTEX_SCRAMBLE_01-00001000"
78.3900000000032,"smoke-00001000","KTEX_SCRAMBLE_01-00001000","KTEX_SCRAMBLE_01",1000,Batch,Running,AutomationPilot,0.78580889999999992,99.528015017395589,MissionCache,True,"","D:\Workspace\MM\FlightSim\FlightSimProject\Artifacts\FoundationSmoke\smoke-00001000\KTEX_SCRAMBLE_01-00001000"
78.5900000000033,"smoke-00001000","KTEX_SCRAMBLE_01-00001000","KTEX_SCRAMBLE_01",1000,Batch,Running,AutomationPilot,0.7877457,99.537198362368983,MissionCache,True,"","D:\Workspace\MM\FlightSim\FlightSimProject\Artifacts\FoundationSmoke\smoke-00001000\KTEX_SCRAMBLE_01-00001000"
78.7900000000034,"smoke-00001000","KTEX_SCRAMBLE_01-00001000","KTEX_SCRAMBLE_01",1000,Batch,Running,AutomationPilot,0.78953049999999991,99.565501269429518,MissionCache,True,"","D:\Workspace\MM\FlightSim\FlightSimProject\Artifacts\FoundationSmoke\smoke-00001000\KTEX_SCRAMBLE_01-00001000"
78.9900000000035,"smoke-00001000","KTEX_SCRAMBLE_01-00001000","KTEX_SCRAMBLE_01",1000,Batch,Running,AutomationPilot,0.7913802,99.585508962700118,MissionCache,True,"","D:\Workspace\MM\FlightSim\FlightSimProject\Artifacts\FoundationSmoke\smoke-00001000\KTEX_SCRAMBLE_01-00001000"
79.190000000003607,"smoke-00001000","KTEX_SCRAMBLE_01-00001000","KTEX_SCRAMBLE_01",1000,Batch,Running,AutomationPilot,0.7932081,99.608160834468933,MissionCache,True,"","D:\Workspace\MM\FlightSim\FlightSimProject\Artifacts\FoundationSmoke\smoke-00001000\KTEX_SCRAMBLE_01-00001000"
79.39000000000371,"smoke-00001000","KTEX_SCRAMBLE_01-00001000","KTEX_SCRAMBLE_01",1000,Batch,Running,AutomationPilot,0.7957333,99.543402293210079,MissionCache,True,"","D:\Workspace\MM\FlightSim\FlightSimProject\Artifacts\FoundationSmoke\smoke-00001000\KTEX_SCRAMBLE_01-00001000"
79.590000000003812,"smoke-00001000","KTEX_SCRAMBLE_01-00001000","KTEX_SCRAMBLE_01",1000,Batch,Running,AutomationPilot,0.7974872,99.57526591022868,MissionCache,True,"","D:\Workspace\MM\FlightSim\FlightSimProject\Artifacts\FoundationSmoke\smoke-00001000\KTEX_SCRAMBLE_01-00001000"
79.790000000003914,"smoke-00001000","KTEX_SCRAMBLE_01-00001000","KTEX_SCRAMBLE_01",1000,Batch,Running,AutomationPilot,0.7992674,99.603712099359768,MissionCache,True,"","D:\Workspace\MM\FlightSim\FlightSimProject\Artifacts\FoundationSmoke\smoke-00001000\KTEX_SCRAMBLE_01-00001000"
79.990000000004017,"smoke-00001000","KTEX_SCRAMBLE_01-00001000","KTEX_SCRAMBLE_01",1000,Batch,Running,AutomationPilot,0.801024,99.634967241935229,MissionCache,True,"","D:\Workspace\MM\FlightSim\FlightSimProject\Artifacts\FoundationSmoke\smoke-00001000\KTEX_SCRAMBLE_01-00001000"
80.190000000004119,"smoke-00001000","KTEX_SCRAMBLE_01-00001000","KTEX_SCRAMBLE_01",1000,Batch,Running,AutomationPilot,0.8031058,99.625728017409443,MissionCache,True,"","D:\Workspace\MM\FlightSim\FlightSimProject\Artifacts\FoundationSmoke\smoke-00001000\KTEX_SCRAMBLE_01-00001000"
80.390000000004221,"smoke-00001000","KTEX_SCRAMBLE_01-00001000","KTEX_SCRAMBLE_01",1000,Batch,Running,AutomationPilot,0.8050916,99.628414953036554,MissionCache,True,"","D:\Workspace\MM\FlightSim\FlightSimProject\Artifacts\FoundationSmoke\smoke-00001000\KTEX_SCRAMBLE_01-00001000"
80.590000000004324,"smoke-00001000","KTEX_SCRAMBLE_01-00001000","KTEX_SCRAMBLE_01",1000,Batch,Running,AutomationPilot,0.80685639999999992,99.658377872449478,MissionCache,True,"","D:\Workspace\MM\FlightSim\FlightSimProject\Artifacts\FoundationSmoke\smoke-00001000\KTEX_SCRAMBLE_01-00001000"
80.790000000004426,"smoke-00001000","KTEX_SCRAMBLE_01-00001000","KTEX_SCRAMBLE_01",1000,Batch,Running,AutomationPilot,0.8086146,99.689023670861673,MissionCache,True,"","D:\Workspace\MM\FlightSim\FlightSimProject\Artifacts\FoundationSmoke\smoke-00001000\KTEX_SCRAMBLE_01-00001000"
80.990000000004528,"smoke-00001000","KTEX_SCRAMBLE_01-00001000","KTEX_SCRAMBLE_01",1000,Batch,Running,AutomationPilot,0.8104062,99.715426658883459,MissionCache,True,"","D:\Workspace\MM\FlightSim\FlightSimProject\Artifacts\FoundationSmoke\smoke-00001000\KTEX_SCRAMBLE_01-00001000"
81.19000000000463,"smoke-00001000","KTEX_SCRAMBLE_01-00001000","KTEX_SCRAMBLE_01",1000,Batch,Running,AutomationPilot,0.81215739999999992,99.746674720940234,MissionCache,True,"","D:\Workspace\MM\FlightSim\FlightSimProject\Artifacts\FoundationSmoke\smoke-00001000\KTEX_SCRAMBLE_01-00001000"
81.390000000004733,"smoke-00001000","KTEX_SCRAMBLE_01-00001000","KTEX_SCRAMBLE_01",1000,Batch,Running,AutomationPilot,0.8139274,99.775483661079164,MissionCache,True,"","D:\Workspace\MM\FlightSim\FlightSimProject\Artifacts\FoundationSmoke\smoke-00001000\KTEX_SCRAMBLE_01-00001000"
81.590000000004835,"smoke-00001000","KTEX_SCRAMBLE_01-00001000","KTEX_SCRAMBLE_01",1000,Batch,Running,AutomationPilot,0.8156853,99.805648085119032,MissionCache,True,"","D:\Workspace\MM\FlightSim\FlightSimProject\Artifacts\FoundationSmoke\smoke-00001000\KTEX_SCRAMBLE_01-00001000"
81.790000000004937,"smoke-00001000","KTEX_SCRAMBLE_01-00001000","KTEX_SCRAMBLE_01",1000,Batch,Running,AutomationPilot,0.81744719999999993,99.835194248637535,MissionCache,True,"","D:\Workspace\MM\FlightSim\FlightSimProject\Artifacts\FoundationSmoke\smoke-00001000\KTEX_SCRAMBLE_01-00001000"
81.99000000000504,"smoke-00001000","KTEX_SCRAMBLE_01-00001000","KTEX_SCRAMBLE_01",1000,Batch,Running,AutomationPilot,0.81956639999999992,99.821076120256947,MissionCache,True,"","D:\Workspace\MM\FlightSim\FlightSimProject\Artifacts\FoundationSmoke\smoke-00001000\KTEX_SCRAMBLE_01-00001000"
82.190000000005142,"smoke-00001000","KTEX_SCRAMBLE_01-00001000","KTEX_SCRAMBLE_01",1000,Batch,Running,AutomationPilot,0.8219941,99.769572555332275,MissionCache,True,"","D:\Workspace\MM\FlightSim\FlightSimProject\Artifacts\FoundationSmoke\smoke-00001000\KTEX_SCRAMBLE_01-00001000"
82.390000000005244,"smoke-00001000","KTEX_SCRAMBLE_01-00001000","KTEX_SCRAMBLE_01",1000,Batch,Running,AutomationPilot,0.82374019999999992,99.800883822357051,MissionCache,True,"","D:\Workspace\MM\FlightSim\FlightSimProject\Artifacts\FoundationSmoke\smoke-00001000\KTEX_SCRAMBLE_01-00001000"
82.590000000005347,"smoke-00001000","KTEX_SCRAMBLE_01-00001000","KTEX_SCRAMBLE_01",1000,Batch,Running,AutomationPilot,0.8255207,99.827902558960972,MissionCache,True,"","D:\Workspace\MM\FlightSim\FlightSimProject\Artifacts\FoundationSmoke\smoke-00001000\KTEX_SCRAMBLE_01-00001000"
82.790000000005449,"smoke-00001000","KTEX_SCRAMBLE_01-00001000","KTEX_SCRAMBLE_01",1000,Batch,Running,AutomationPilot,0.82725169999999992,99.86077997785361,MissionCache,True,"","D:\Workspace\MM\FlightSim\FlightSimProject\Artifacts\FoundationSmoke\smoke-00001000\KTEX_SCRAMBLE_01-00001000"
82.990000000005551,"smoke-00001000","KTEX_SCRAMBLE_01-00001000","KTEX_SCRAMBLE_01",1000,Batch,Running,AutomationPilot,0.829009,99.890351009464865,MissionCache,True,"","D:\Workspace\MM\FlightSim\FlightSimProject\Artifacts\FoundationSmoke\smoke-00001000\KTEX_SCRAMBLE_01-00001000"
83.190000000005654,"smoke-00001000","KTEX_SCRAMBLE_01-00001000","KTEX_SCRAMBLE_01",1000,Batch,Running,AutomationPilot,0.83122679999999993,99.864441329376731,MissionCache,True,"","D:\Workspace\MM\FlightSim\FlightSimProject\Artifacts\FoundationSmoke\smoke-00001000\KTEX_SCRAMBLE_01-00001000"
83.390000000005756,"smoke-00001000","KTEX_SCRAMBLE_01-00001000","KTEX_SCRAMBLE_01",1000,Batch,Running,AutomationPilot,0.83302199999999993,99.889318649454239,MissionCache,True,"","D:\Workspace\MM\FlightSim\FlightSimProject\Artifacts\FoundationSmoke\smoke-00001000\KTEX_SCRAMBLE_01-00001000"
83.590000000005858,"smoke-00001000","KTEX_SCRAMBLE_01-00001000","KTEX_SCRAMBLE_01",1000,Batch,Running,AutomationPilot,0.8350888,99.88159343054987,MissionCache,True,"","D:\Workspace\MM\FlightSim\FlightSimProject\Artifacts\FoundationSmoke\smoke-00001000\KTEX_SCRAMBLE_01-00001000"
83.790000000005961,"smoke-00001000","KTEX_SCRAMBLE_01-00001000","KTEX_SCRAMBLE_01",1000,Batch,Running,AutomationPilot,0.8368479,99.910628920746376,MissionCache,True,"","D:\Workspace\MM\FlightSim\FlightSimProject\Artifacts\FoundationSmoke\smoke-00001000\KTEX_SCRAMBLE_01-00001000"
83.990000000006063,"smoke-00001000","KTEX_SCRAMBLE_01-00001000","KTEX_SCRAMBLE_01",1000,Batch,Running,AutomationPilot,0.8386266,99.937206857027874,MissionCache,True,"","D:\Workspace\MM\FlightSim\FlightSimProject\Artifacts\FoundationSmoke\smoke-00001000\KTEX_SCRAMBLE_01-00001000"
84.190000000006165,"smoke-00001000","KTEX_SCRAMBLE_01-00001000","KTEX_SCRAMBLE_01",1000,Batch,Running,AutomationPilot,0.84042929999999993,99.96081764403749,MissionCache,True,"","D:\Workspace\MM\FlightSim\FlightSimProject\Artifacts\FoundationSmoke\smoke-00001000\KTEX_SCRAMBLE_01-00001000"
84.390000000006268,"smoke-00001000","KTEX_SCRAMBLE_01-00001000","KTEX_SCRAMBLE_01",1000,Batch,Running,AutomationPilot,0.8431071,99.880548983641788,MissionCache,True,"","D:\Workspace\MM\FlightSim\FlightSimProject\Artifacts\FoundationSmoke\smoke-00001000\KTEX_SCRAMBLE_01-00001000"
84.59000000000637,"smoke-00001000","KTEX_SCRAMBLE_01-00001000","KTEX_SCRAMBLE_01",1000,Batch,Running,AutomationPilot,0.84522639999999993,99.8667339307034,MissionCache,True,"","D:\Workspace\MM\FlightSim\FlightSimProject\Artifacts\FoundationSmoke\smoke-00001000\KTEX_SCRAMBLE_01-00001000"
84.790000000006472,"smoke-00001000","KTEX_SCRAMBLE_01-00001000","KTEX_SCRAMBLE_01",1000,Batch,Running,AutomationPilot,0.8470061,99.8930232025559,MissionCache,True,"","D:\Workspace\MM\FlightSim\FlightSimProject\Artifacts\FoundationSmoke\smoke-00001000\KTEX_SCRAMBLE_01-00001000"
84.990000000006575,"smoke-00001000","KTEX_SCRAMBLE_01-00001000","KTEX_SCRAMBLE_01",1000,Batch,Running,AutomationPilot,0.8494503,99.8410383750603,MissionCache,True,"","D:\Workspace\MM\FlightSim\FlightSimProject\Artifacts\FoundationSmoke\smoke-00001000\KTEX_SCRAMBLE_01-00001000"
85.190000000006677,"smoke-00001000","KTEX_SCRAMBLE_01-00001000","KTEX_SCRAMBLE_01",1000,Batch,Running,AutomationPilot,0.8512189,99.868553200600445,MissionCache,True,"","D:\Workspace\MM\FlightSim\FlightSimProject\Artifacts\FoundationSmoke\smoke-00001000\KTEX_SCRAMBLE_01-00001000"
85.390000000006779,"smoke-00001000","KTEX_SCRAMBLE_01-00001000","KTEX_SCRAMBLE_01",1000,Batch,Running,AutomationPilot,0.85298129999999994,99.8966800327354,MissionCache,True,"","D:\Workspace\MM\FlightSim\FlightSimProject\Artifacts\FoundationSmoke\smoke-00001000\KTEX_SCRAMBLE_01-00001000"
85.590000000006881,"smoke-00001000","KTEX_SCRAMBLE_01-00001000","KTEX_SCRAMBLE_01",1000,Batch,Running,AutomationPilot,0.8547855,99.919804442175021,MissionCache,True,"","D:\Workspace\MM\FlightSim\FlightSimProject\Artifacts\FoundationSmoke\smoke-00001000\KTEX_SCRAMBLE_01-00001000"
85.790000000006984,"smoke-00001000","KTEX_SCRAMBLE_01-00001000","KTEX_SCRAMBLE_01",1000,Batch,Running,AutomationPilot,0.8565064,99.952551434533234,MissionCache,True,"","D:\Workspace\MM\FlightSim\FlightSimProject\Artifacts\FoundationSmoke\smoke-00001000\KTEX_SCRAMBLE_01-00001000"
85.990000000007086,"smoke-00001000","KTEX_SCRAMBLE_01-00001000","KTEX_SCRAMBLE_01",1000,Batch,Running,AutomationPilot,0.8582268,99.985225350696339,MissionCache,True,"","D:\Workspace\MM\FlightSim\FlightSimProject\Artifacts\FoundationSmoke\smoke-00001000\KTEX_SCRAMBLE_01-00001000"
86.190000000007188,"smoke-00001000","KTEX_SCRAMBLE_01-00001000","KTEX_SCRAMBLE_01",1000,Batch,Running,AutomationPilot,0.8599429,100.01826865482244,MissionCache,True,"","D:\Workspace\MM\FlightSim\FlightSimProject\Artifacts\FoundationSmoke\smoke-00001000\KTEX_SCRAMBLE_01-00001000"
86.390000000007291,"smoke-00001000","KTEX_SCRAMBLE_01-00001000","KTEX_SCRAMBLE_01",1000,Batch,Running,AutomationPilot,0.8616887,100.0477318549114,MissionCache,True,"","D:\Workspace\MM\FlightSim\FlightSimProject\Artifacts\FoundationSmoke\smoke-00001000\KTEX_SCRAMBLE_01-00001000"
86.5900000000074,"smoke-00001000","KTEX_SCRAMBLE_01-00001000","KTEX_SCRAMBLE_01",1000,Batch,Running,AutomationPilot,0.86345359999999993,100.07486215820666,MissionCache,True,"","D:\Workspace\MM\FlightSim\FlightSimProject\Artifacts\FoundationSmoke\smoke-00001000\KTEX_SCRAMBLE_01-00001000"
86.7900000000075,"smoke-00001000","KTEX_SCRAMBLE_01-00001000","KTEX_SCRAMBLE_01",1000,Batch,Running,AutomationPilot,0.8655347,100.06531222839178,MissionCache,True,"","D:\Workspace\MM\FlightSim\FlightSimProject\Artifacts\FoundationSmoke\smoke-00001000\KTEX_SCRAMBLE_01-00001000"
86.9900000000076,"smoke-00001000","KTEX_SCRAMBLE_01-00001000","KTEX_SCRAMBLE_01",1000,Batch,Running,AutomationPilot,0.86732449999999994,100.08941290140831,MissionCache,True,"","D:\Workspace\MM\FlightSim\FlightSimProject\Artifacts\FoundationSmoke\smoke-00001000\KTEX_SCRAMBLE_01-00001000"
87.1900000000077,"smoke-00001000","KTEX_SCRAMBLE_01-00001000","KTEX_SCRAMBLE_01",1000,Batch,Running,AutomationPilot,0.8690934,100.11582184378297,MissionCache,True,"","D:\Workspace\MM\FlightSim\FlightSimProject\Artifacts\FoundationSmoke\smoke-00001000\KTEX_SCRAMBLE_01-00001000"
87.3900000000078,"smoke-00001000","KTEX_SCRAMBLE_01-00001000","KTEX_SCRAMBLE_01",1000,Batch,Running,AutomationPilot,0.8708199,100.14699939678424,MissionCache,True,"","D:\Workspace\MM\FlightSim\FlightSimProject\Artifacts\FoundationSmoke\smoke-00001000\KTEX_SCRAMBLE_01-00001000"
87.5900000000079,"smoke-00001000","KTEX_SCRAMBLE_01-00001000","KTEX_SCRAMBLE_01",1000,Batch,Running,AutomationPilot,0.8728423,100.144092466655,MissionCache,True,"","D:\Workspace\MM\FlightSim\FlightSimProject\Artifacts\FoundationSmoke\smoke-00001000\KTEX_SCRAMBLE_01-00001000"
87.790000000008,"smoke-00001000","KTEX_SCRAMBLE_01-00001000","KTEX_SCRAMBLE_01",1000,Batch,Running,AutomationPilot,0.8751998,100.10285651345889,MissionCache,True,"","D:\Workspace\MM\FlightSim\FlightSimProject\Artifacts\FoundationSmoke\smoke-00001000\KTEX_SCRAMBLE_01-00001000"
87.990000000008109,"smoke-00001000","KTEX_SCRAMBLE_01-00001000","KTEX_SCRAMBLE_01",1000,Batch,Running,AutomationPilot,0.8769604,100.12994885516839,MissionCache,True,"","D:\Workspace\MM\FlightSim\FlightSimProject\Artifacts\FoundationSmoke\smoke-00001000\KTEX_SCRAMBLE_01-00001000"
88.190000000008212,"smoke-00001000","KTEX_SCRAMBLE_01-00001000","KTEX_SCRAMBLE_01",1000,Batch,Running,AutomationPilot,0.8786982,100.15953145233269,MissionCache,True,"","D:\Workspace\MM\FlightSim\FlightSimProject\Artifacts\FoundationSmoke\smoke-00001000\KTEX_SCRAMBLE_01-00001000"
88.390000000008314,"smoke-00001000","KTEX_SCRAMBLE_01-00001000","KTEX_SCRAMBLE_01",1000,Batch,Running,AutomationPilot,0.88047409999999993,100.18466187705945,MissionCache,True,"","D:\Workspace\MM\FlightSim\FlightSimProject\Artifacts\FoundationSmoke\smoke-00001000\KTEX_SCRAMBLE_01-00001000"
88.590000000008416,"smoke-00001000","KTEX_SCRAMBLE_01-00001000","KTEX_SCRAMBLE_01",1000,Batch,Running,AutomationPilot,0.8823837,100.19450721948776,MissionCache,True,"","D:\Workspace\MM\FlightSim\FlightSimProject\Artifacts\FoundationSmoke\smoke-00001000\KTEX_SCRAMBLE_01-00001000"
88.790000000008519,"smoke-00001000","KTEX_SCRAMBLE_01-00001000","KTEX_SCRAMBLE_01",1000,Batch,Running,AutomationPilot,0.8842312,100.2113474394575,MissionCache,True,"","D:\Workspace\MM\FlightSim\FlightSimProject\Artifacts\FoundationSmoke\smoke-00001000\KTEX_SCRAMBLE_01-00001000"
88.990000000008621,"smoke-00001000","KTEX_SCRAMBLE_01-00001000","KTEX_SCRAMBLE_01",1000,Batch,Running,AutomationPilot,0.88604949999999993,100.23142047933952,MissionCache,True,"","D:\Workspace\MM\FlightSim\FlightSimProject\Artifacts\FoundationSmoke\smoke-00001000\KTEX_SCRAMBLE_01-00001000"
89.190000000008723,"smoke-00001000","KTEX_SCRAMBLE_01-00001000","KTEX_SCRAMBLE_01",1000,Batch,Running,AutomationPilot,0.88781159999999992,100.25775738907741,MissionCache,True,"","D:\Workspace\MM\FlightSim\FlightSimProject\Artifacts\FoundationSmoke\smoke-00001000\KTEX_SCRAMBLE_01-00001000"
89.390000000008826,"smoke-00001000","KTEX_SCRAMBLE_01-00001000","KTEX_SCRAMBLE_01",1000,Batch,Running,AutomationPilot,0.8895723,100.284147786536,MissionCache,True,"","D:\Workspace\MM\FlightSim\FlightSimProject\Artifacts\FoundationSmoke\smoke-00001000\KTEX_SCRAMBLE_01-00001000"
89.590000000008928,"smoke-00001000","KTEX_SCRAMBLE_01-00001000","KTEX_SCRAMBLE_01",1000,Batch,Running,AutomationPilot,0.8913648999999999,100.30684403212292,MissionCache,True,"","D:\Workspace\MM\FlightSim\FlightSimProject\Artifacts\FoundationSmoke\smoke-00001000\KTEX_SCRAMBLE_01-00001000"
89.79000000000903,"smoke-00001000","KTEX_SCRAMBLE_01-00001000","KTEX_SCRAMBLE_01",1000,Batch,Running,AutomationPilot,0.89363039999999994,100.27635586256795,MissionCache,True,"","D:\Workspace\MM\FlightSim\FlightSimProject\Artifacts\FoundationSmoke\smoke-00001000\KTEX_SCRAMBLE_01-00001000"
89.990000000009132,"smoke-00001000","KTEX_SCRAMBLE_01-00001000","KTEX_SCRAMBLE_01",1000,Batch,Running,AutomationPilot,0.89538489999999993,100.30323272149111,MissionCache,True,"","D:\Workspace\MM\FlightSim\FlightSimProject\Artifacts\FoundationSmoke\smoke-00001000\KTEX_SCRAMBLE_01-00001000"
90.190000000009235,"smoke-00001000","KTEX_SCRAMBLE_01-00001000","KTEX_SCRAMBLE_01",1000,Batch,Running,AutomationPilot,0.89748339999999993,100.291548567928,MissionCache,True,"","D:\Workspace\MM\FlightSim\FlightSimProject\Artifacts\FoundationSmoke\smoke-00001000\KTEX_SCRAMBLE_01-00001000"
90.390000000009337,"smoke-00001000","KTEX_SCRAMBLE_01-00001000","KTEX_SCRAMBLE_01",1000,Batch,Running,AutomationPilot,0.89937269999999991,100.30324469489595,MissionCache,True,"","D:\Workspace\MM\FlightSim\FlightSimProject\Artifacts\FoundationSmoke\smoke-00001000\KTEX_SCRAMBLE_01-00001000"
90.590000000009439,"smoke-00001000","KTEX_SCRAMBLE_01-00001000","KTEX_SCRAMBLE_01",1000,Batch,Running,AutomationPilot,0.9023124,100.1981132033754,MissionCache,True,"","D:\Workspace\MM\FlightSim\FlightSimProject\Artifacts\FoundationSmoke\smoke-00001000\KTEX_SCRAMBLE_01-00001000"
90.790000000009542,"smoke-00001000","KTEX_SCRAMBLE_01-00001000","KTEX_SCRAMBLE_01",1000,Batch,Running,AutomationPilot,0.90388099999999993,100.24549691829948,MissionCache,True,"","D:\Workspace\MM\FlightSim\FlightSimProject\Artifacts\FoundationSmoke\smoke-00001000\KTEX_SCRAMBLE_01-00001000"
90.990000000009644,"smoke-00001000","KTEX_SCRAMBLE_01-00001000","KTEX_SCRAMBLE_01",1000,Batch,Running,AutomationPilot,0.9054156,100.29648263185388,MissionCache,True,"","D:\Workspace\MM\FlightSim\FlightSimProject\Artifacts\FoundationSmoke\smoke-00001000\KTEX_SCRAMBLE_01-00001000"
91.190000000009746,"smoke-00001000","KTEX_SCRAMBLE_01-00001000","KTEX_SCRAMBLE_01",1000,Batch,Running,AutomationPilot,0.9069678,100.34534853388362,MissionCache,True,"","D:\Workspace\MM\FlightSim\FlightSimProject\Artifacts\FoundationSmoke\smoke-00001000\KTEX_SCRAMBLE_01-00001000"
91.390000000009849,"smoke-00001000","KTEX_SCRAMBLE_01-00001000","KTEX_SCRAMBLE_01",1000,Batch,Running,AutomationPilot,0.9085451,100.39127391695773,MissionCache,True,"","D:\Workspace\MM\FlightSim\FlightSimProject\Artifacts\FoundationSmoke\smoke-00001000\KTEX_SCRAMBLE_01-00001000"
91.590000000009951,"smoke-00001000","KTEX_SCRAMBLE_01-00001000","KTEX_SCRAMBLE_01",1000,Batch,Running,AutomationPilot,0.9101064,100.43880583633943,MissionCache,True,"","D:\Workspace\MM\FlightSim\FlightSimProject\Artifacts\FoundationSmoke\smoke-00001000\KTEX_SCRAMBLE_01-00001000"
91.790000000010053,"smoke-00001000","KTEX_SCRAMBLE_01-00001000","KTEX_SCRAMBLE_01",1000,Batch,Running,AutomationPilot,0.91183149999999991,100.46812377068566,MissionCache,True,"","D:\Workspace\MM\FlightSim\FlightSimProject\Artifacts\FoundationSmoke\smoke-00001000\KTEX_SCRAMBLE_01-00001000"
91.990000000010156,"smoke-00001000","KTEX_SCRAMBLE_01-00001000","KTEX_SCRAMBLE_01",1000,Batch,Running,AutomationPilot,0.9133774,100.51704804608704,MissionCache,True,"","D:\Workspace\MM\FlightSim\FlightSimProject\Artifacts\FoundationSmoke\smoke-00001000\KTEX_SCRAMBLE_01-00001000"
92.190000000010258,"smoke-00001000","KTEX_SCRAMBLE_01-00001000","KTEX_SCRAMBLE_01",1000,Batch,Running,AutomationPilot,0.9149506,100.56280634168684,MissionCache,True,"","D:\Workspace\MM\FlightSim\FlightSimProject\Artifacts\FoundationSmoke\smoke-00001000\KTEX_SCRAMBLE_01-00001000"
92.39000000001036,"smoke-00001000","KTEX_SCRAMBLE_01-00001000","KTEX_SCRAMBLE_01",1000,Batch,Running,AutomationPilot,0.91654399999999991,100.60619021019207,MissionCache,True,"","D:\Workspace\MM\FlightSim\FlightSimProject\Artifacts\FoundationSmoke\smoke-00001000\KTEX_SCRAMBLE_01-00001000"
92.590000000010463,"smoke-00001000","KTEX_SCRAMBLE_01-00001000","KTEX_SCRAMBLE_01",1000,Batch,Running,AutomationPilot,0.91812699999999992,100.65056359306543,MissionCache,True,"","D:\Workspace\MM\FlightSim\FlightSimProject\Artifacts\FoundationSmoke\smoke-00001000\KTEX_SCRAMBLE_01-00001000"
92.790000000010565,"smoke-00001000","KTEX_SCRAMBLE_01-00001000","KTEX_SCRAMBLE_01",1000,Batch,Running,AutomationPilot,0.9196956,100.69636083940216,MissionCache,True,"","D:\Workspace\MM\FlightSim\FlightSimProject\Artifacts\FoundationSmoke\smoke-00001000\KTEX_SCRAMBLE_01-00001000"
92.990000000010667,"smoke-00001000","KTEX_SCRAMBLE_01-00001000","KTEX_SCRAMBLE_01",1000,Batch,Running,AutomationPilot,0.9213671,100.73075107631972,MissionCache,True,"","D:\Workspace\MM\FlightSim\FlightSimProject\Artifacts\FoundationSmoke\smoke-00001000\KTEX_SCRAMBLE_01-00001000"
93.19000000001077,"smoke-00001000","KTEX_SCRAMBLE_01-00001000","KTEX_SCRAMBLE_01",1000,Batch,Running,AutomationPilot,0.9229796,100.77145800406713,MissionCache,True,"","D:\Workspace\MM\FlightSim\FlightSimProject\Artifacts\FoundationSmoke\smoke-00001000\KTEX_SCRAMBLE_01-00001000"
93.390000000010872,"smoke-00001000","KTEX_SCRAMBLE_01-00001000","KTEX_SCRAMBLE_01",1000,Batch,Running,AutomationPilot,0.92453469999999993,100.81828188818741,MissionCache,True,"","D:\Workspace\MM\FlightSim\FlightSimProject\Artifacts\FoundationSmoke\smoke-00001000\KTEX_SCRAMBLE_01-00001000"
93.590000000010974,"smoke-00001000","KTEX_SCRAMBLE_01-00001000","KTEX_SCRAMBLE_01",1000,Batch,Running,AutomationPilot,0.92606079999999991,100.86810714805215,MissionCache,True,"","D:\Workspace\MM\FlightSim\FlightSimProject\Artifacts\FoundationSmoke\smoke-00001000\KTEX_SCRAMBLE_01-00001000"
93.790000000011077,"smoke-00001000","KTEX_SCRAMBLE_01-00001000","KTEX_SCRAMBLE_01",1000,Batch,Running,AutomationPilot,0.92764189999999991,100.91178503257667,MissionCache,True,"","D:\Workspace\MM\FlightSim\FlightSimProject\Artifacts\FoundationSmoke\smoke-00001000\KTEX_SCRAMBLE_01-00001000"
93.990000000011179,"smoke-00001000","KTEX_SCRAMBLE_01-00001000","KTEX_SCRAMBLE_01",1000,Batch,Running,AutomationPilot,0.9292054,100.95722646468811,MissionCache,True,"","D:\Workspace\MM\FlightSim\FlightSimProject\Artifacts\FoundationSmoke\smoke-00001000\KTEX_SCRAMBLE_01-00001000"
94.190000000011281,"smoke-00001000","KTEX_SCRAMBLE_01-00001000","KTEX_SCRAMBLE_01",1000,Batch,Running,AutomationPilot,0.9313908,100.93507472911607,MissionCache,True,"","D:\Workspace\MM\FlightSim\FlightSimProject\Artifacts\FoundationSmoke\smoke-00001000\KTEX_SCRAMBLE_01-00001000"
94.390000000011383,"smoke-00001000","KTEX_SCRAMBLE_01-00001000","KTEX_SCRAMBLE_01",1000,Batch,Running,AutomationPilot,0.9330138,100.97385483474231,MissionCache,True,"","D:\Workspace\MM\FlightSim\FlightSimProject\Artifacts\FoundationSmoke\smoke-00001000\KTEX_SCRAMBLE_01-00001000"
94.590000000011486,"smoke-00001000","KTEX_SCRAMBLE_01-00001000","KTEX_SCRAMBLE_01",1000,Batch,Running,AutomationPilot,0.93454699999999991,101.02220648079916,MissionCache,True,"","D:\Workspace\MM\FlightSim\FlightSimProject\Artifacts\FoundationSmoke\smoke-00001000\KTEX_SCRAMBLE_01-00001000"
94.790000000011588,"smoke-00001000","KTEX_SCRAMBLE_01-00001000","KTEX_SCRAMBLE_01",1000,Batch,Running,AutomationPilot,0.93609979999999993,101.06828353131952,MissionCache,True,"","D:\Workspace\MM\FlightSim\FlightSimProject\Artifacts\FoundationSmoke\smoke-00001000\KTEX_SCRAMBLE_01-00001000"
94.99000000001169,"smoke-00001000","KTEX_SCRAMBLE_01-00001000","KTEX_SCRAMBLE_01",1000,Batch,Running,AutomationPilot,0.93767139999999993,101.11218066372889,MissionCache,True,"","D:\Workspace\MM\FlightSim\FlightSimProject\Artifacts\FoundationSmoke\smoke-00001000\KTEX_SCRAMBLE_01-00001000"
95.190000000011793,"smoke-00001000","KTEX_SCRAMBLE_01-00001000","KTEX_SCRAMBLE_01",1000,Batch,Running,AutomationPilot,0.9392243,101.15794491263875,MissionCache,True,"","D:\Workspace\MM\FlightSim\FlightSimProject\Artifacts\FoundationSmoke\smoke-00001000\KTEX_SCRAMBLE_01-00001000"
95.3900000000119,"smoke-00001000","KTEX_SCRAMBLE_01-00001000","KTEX_SCRAMBLE_01",1000,Batch,Running,AutomationPilot,0.94079459999999993,101.2016863192155,MissionCache,True,"","D:\Workspace\MM\FlightSim\FlightSimProject\Artifacts\FoundationSmoke\smoke-00001000\KTEX_SCRAMBLE_01-00001000"
95.590000000012,"smoke-00001000","KTEX_SCRAMBLE_01-00001000","KTEX_SCRAMBLE_01",1000,Batch,Running,AutomationPilot,0.9430088,101.17615021197247,MissionCache,True,"","D:\Workspace\MM\FlightSim\FlightSimProject\Artifacts\FoundationSmoke\smoke-00001000\KTEX_SCRAMBLE_01-00001000"
95.7900000000121,"smoke-00001000","KTEX_SCRAMBLE_01-00001000","KTEX_SCRAMBLE_01",1000,Batch,Running,AutomationPilot,0.94457969999999991,101.21962180640979,MissionCache,True,"","D:\Workspace\MM\FlightSim\FlightSimProject\Artifacts\FoundationSmoke\smoke-00001000\KTEX_SCRAMBLE_01-00001000"
95.9900000000122,"smoke-00001000","KTEX_SCRAMBLE_01-00001000","KTEX_SCRAMBLE_01",1000,Batch,Running,AutomationPilot,0.94614999999999994,101.26301326429437,MissionCache,True,"","D:\Workspace\MM\FlightSim\FlightSimProject\Artifacts\FoundationSmoke\smoke-00001000\KTEX_SCRAMBLE_01-00001000"
96.1900000000123,"smoke-00001000","KTEX_SCRAMBLE_01-00001000","KTEX_SCRAMBLE_01",1000,Batch,Running,AutomationPilot,0.9477104,101.30731919794509,MissionCache,True,"","D:\Workspace\MM\FlightSim\FlightSimProject\Artifacts\FoundationSmoke\smoke-00001000\KTEX_SCRAMBLE_01-00001000"
96.3900000000124,"smoke-00001000","KTEX_SCRAMBLE_01-00001000","KTEX_SCRAMBLE_01",1000,Batch,Running,AutomationPilot,0.9492955,101.34884237838726,MissionCache,True,"","D:\Workspace\MM\FlightSim\FlightSimProject\Artifacts\FoundationSmoke\smoke-00001000\KTEX_SCRAMBLE_01-00001000"
96.590000000012509,"smoke-00001000","KTEX_SCRAMBLE_01-00001000","KTEX_SCRAMBLE_01",1000,Batch,Running,AutomationPilot,0.9508262999999999,101.39601733777498,MissionCache,True,"","D:\Workspace\MM\FlightSim\FlightSimProject\Artifacts\FoundationSmoke\smoke-00001000\KTEX_SCRAMBLE_01-00001000"
96.790000000012611,"smoke-00001000","KTEX_SCRAMBLE_01-00001000","KTEX_SCRAMBLE_01",1000,Batch,Running,AutomationPilot,0.9523554,101.44322172165194,MissionCache,True,"","D:\Workspace\MM\FlightSim\FlightSimProject\Artifacts\FoundationSmoke\smoke-00001000\KTEX_SCRAMBLE_01-00001000"
96.990000000012714,"smoke-00001000","KTEX_SCRAMBLE_01-00001000","KTEX_SCRAMBLE_01",1000,Batch,Running,AutomationPilot,0.9538884,101.48985982009282,MissionCache,True,"","D:\Workspace\MM\FlightSim\FlightSimProject\Artifacts\FoundationSmoke\smoke-00001000\KTEX_SCRAMBLE_01-00001000"
97.190000000012816,"smoke-00001000","KTEX_SCRAMBLE_01-00001000","KTEX_SCRAMBLE_01",1000,Batch,Running,AutomationPilot,0.9554265999999999,101.53579563308446,MissionCache,True,"","D:\Workspace\MM\FlightSim\FlightSimProject\Artifacts\FoundationSmoke\smoke-00001000\KTEX_SCRAMBLE_01-00001000"
97.390000000012918,"smoke-00001000","KTEX_SCRAMBLE_01-00001000","KTEX_SCRAMBLE_01",1000,Batch,Running,AutomationPilot,0.95700659999999993,101.57714690788218,MissionCache,True,"","D:\Workspace\MM\FlightSim\FlightSimProject\Artifacts\FoundationSmoke\smoke-00001000\KTEX_SCRAMBLE_01-00001000"
97.590000000013021,"smoke-00001000","KTEX_SCRAMBLE_01-00001000","KTEX_SCRAMBLE_01",1000,Batch,Running,AutomationPilot,0.9587619,101.59978196882139,MissionCache,True,"","D:\Workspace\MM\FlightSim\FlightSimProject\Artifacts\FoundationSmoke\smoke-00001000\KTEX_SCRAMBLE_01-00001000"
97.790000000013123,"smoke-00001000","KTEX_SCRAMBLE_01-00001000","KTEX_SCRAMBLE_01",1000,Batch,Running,AutomationPilot,0.9603269,101.64247195409504,MissionCache,True,"","D:\Workspace\MM\FlightSim\FlightSimProject\Artifacts\FoundationSmoke\smoke-00001000\KTEX_SCRAMBLE_01-00001000"
97.990000000013225,"smoke-00001000","KTEX_SCRAMBLE_01-00001000","KTEX_SCRAMBLE_01",1000,Batch,Running,AutomationPilot,0.9627039,101.59925601216858,MissionCache,True,"","D:\Workspace\MM\FlightSim\FlightSimProject\Artifacts\FoundationSmoke\smoke-00001000\KTEX_SCRAMBLE_01-00001000"
98.190000000013328,"smoke-00001000","KTEX_SCRAMBLE_01-00001000","KTEX_SCRAMBLE_01",1000,Batch,Running,AutomationPilot,0.96426629999999991,101.64204639321446,MissionCache,True,"","D:\Workspace\MM\FlightSim\FlightSimProject\Artifacts\FoundationSmoke\smoke-00001000\KTEX_SCRAMBLE_01-00001000"
98.39000000001343,"smoke-00001000","KTEX_SCRAMBLE_01-00001000","KTEX_SCRAMBLE_01",1000,Batch,Running,AutomationPilot,0.9658293,101.68463516276979,MissionCache,True,"","D:\Workspace\MM\FlightSim\FlightSimProject\Artifacts\FoundationSmoke\smoke-00001000\KTEX_SCRAMBLE_01-00001000"
98.590000000013532,"smoke-00001000","KTEX_SCRAMBLE_01-00001000","KTEX_SCRAMBLE_01",1000,Batch,Running,AutomationPilot,0.96746029999999994,101.71993620824901,MissionCache,True,"","D:\Workspace\MM\FlightSim\FlightSimProject\Artifacts\FoundationSmoke\smoke-00001000\KTEX_SCRAMBLE_01-00001000"
98.790000000013634,"smoke-00001000","KTEX_SCRAMBLE_01-00001000","KTEX_SCRAMBLE_01",1000,Batch,Running,AutomationPilot,0.9689977,101.76494742971376,MissionCache,True,"","D:\Workspace\MM\FlightSim\FlightSimProject\Artifacts\FoundationSmoke\smoke-00001000\KTEX_SCRAMBLE_01-00001000"
98.990000000013737,"smoke-00001000","KTEX_SCRAMBLE_01-00001000","KTEX_SCRAMBLE_01",1000,Batch,Running,AutomationPilot,0.97053729999999994,101.80958526788579,MissionCache,True,"","D:\Workspace\MM\FlightSim\FlightSimProject\Artifacts\FoundationSmoke\smoke-00001000\KTEX_SCRAMBLE_01-00001000"
99.190000000013839,"smoke-00001000","KTEX_SCRAMBLE_01-00001000","KTEX_SCRAMBLE_01",1000,Batch,Running,AutomationPilot,0.9720995,101.85171373919414,MissionCache,True,"","D:\Workspace\MM\FlightSim\FlightSimProject\Artifacts\FoundationSmoke\smoke-00001000\KTEX_SCRAMBLE_01-00001000"
99.390000000013941,"smoke-00001000","KTEX_SCRAMBLE_01-00001000","KTEX_SCRAMBLE_01",1000,Batch,Running,AutomationPilot,0.97412219999999994,101.84553847557714,MissionCache,True,"","D:\Workspace\MM\FlightSim\FlightSimProject\Artifacts\FoundationSmoke\smoke-00001000\KTEX_SCRAMBLE_01-00001000"
99.590000000014044,"smoke-00001000","KTEX_SCRAMBLE_01-00001000","KTEX_SCRAMBLE_01",1000,Batch,Running,AutomationPilot,0.9767501,101.77628853072444,MissionCache,True,"","D:\Workspace\MM\FlightSim\FlightSimProject\Artifacts\FoundationSmoke\smoke-00001000\KTEX_SCRAMBLE_01-00001000"
99.790000000014146,"smoke-00001000","KTEX_SCRAMBLE_01-00001000","KTEX_SCRAMBLE_01",1000,Batch,Running,AutomationPilot,0.97913889999999992,101.73224656891281,MissionCache,True,"","D:\Workspace\MM\FlightSim\FlightSimProject\Artifacts\FoundationSmoke\smoke-00001000\KTEX_SCRAMBLE_01-00001000"
99.990000000014248,"smoke-00001000","KTEX_SCRAMBLE_01-00001000","KTEX_SCRAMBLE_01",1000,Batch,Running,AutomationPilot,0.9807653,101.76746669158683,MissionCache,True,"","D:\Workspace\MM\FlightSim\FlightSimProject\Artifacts\FoundationSmoke\smoke-00001000\KTEX_SCRAMBLE_01-00001000"
100.19000000001435,"smoke-00001000","KTEX_SCRAMBLE_01-00001000","KTEX_SCRAMBLE_01",1000,Batch,Running,AutomationPilot,0.9823310999999999,101.80885039679012,MissionCache,True,"","D:\Workspace\MM\FlightSim\FlightSimProject\Artifacts\FoundationSmoke\smoke-00001000\KTEX_SCRAMBLE_01-00001000"
100.39000000001445,"smoke-00001000","KTEX_SCRAMBLE_01-00001000","KTEX_SCRAMBLE_01",1000,Batch,Running,AutomationPilot,0.9839256,101.84713153109784,MissionCache,True,"","D:\Workspace\MM\FlightSim\FlightSimProject\Artifacts\FoundationSmoke\smoke-00001000\KTEX_SCRAMBLE_01-00001000"
100.59000000001456,"smoke-00001000","KTEX_SCRAMBLE_01-00001000","KTEX_SCRAMBLE_01",1000,Batch,Running,AutomationPilot,0.9855071,101.88663278023513,MissionCache,True,"","D:\Workspace\MM\FlightSim\FlightSimProject\Artifacts\FoundationSmoke\smoke-00001000\KTEX_SCRAMBLE_01-00001000"
100.79000000001466,"smoke-00001000","KTEX_SCRAMBLE_01-00001000","KTEX_SCRAMBLE_01",1000,Batch,Running,AutomationPilot,0.9870861,101.92626560136402,MissionCache,True,"","D:\Workspace\MM\FlightSim\FlightSimProject\Artifacts\FoundationSmoke\smoke-00001000\KTEX_SCRAMBLE_01-00001000"
100.99000000001476,"smoke-00001000","KTEX_SCRAMBLE_01-00001000","KTEX_SCRAMBLE_01",1000,Batch,Running,AutomationPilot,0.9890833,101.9226590925301,MissionCache,True,"","D:\Workspace\MM\FlightSim\FlightSimProject\Artifacts\FoundationSmoke\smoke-00001000\KTEX_SCRAMBLE_01-00001000"
101.19000000001486,"smoke-00001000","KTEX_SCRAMBLE_01-00001000","KTEX_SCRAMBLE_01",1000,Batch,Running,AutomationPilot,0.99083,101.94483412897749,MissionCache,True,"","D:\Workspace\MM\FlightSim\FlightSimProject\Artifacts\FoundationSmoke\smoke-00001000\KTEX_SCRAMBLE_01-00001000"
101.39000000001496,"smoke-00001000","KTEX_SCRAMBLE_01-00001000","KTEX_SCRAMBLE_01",1000,Batch,Running,AutomationPilot,0.9924887,101.97597211939528,MissionCache,True,"","D:\Workspace\MM\FlightSim\FlightSimProject\Artifacts\FoundationSmoke\smoke-00001000\KTEX_SCRAMBLE_01-00001000"
101.59000000001507,"smoke-00001000","KTEX_SCRAMBLE_01-00001000","KTEX_SCRAMBLE_01",1000,Batch,Running,AutomationPilot,0.994856,101.93435029794762,MissionCache,True,"","D:\Workspace\MM\FlightSim\FlightSimProject\Artifacts\FoundationSmoke\smoke-00001000\KTEX_SCRAMBLE_01-00001000"
101.79000000001517,"smoke-00001000","KTEX_SCRAMBLE_01-00001000","KTEX_SCRAMBLE_01",1000,Batch,Running,AutomationPilot,0.9964202,101.97505028502542,MissionCache,True,"","D:\Workspace\MM\FlightSim\FlightSimProject\Artifacts\FoundationSmoke\smoke-00001000\KTEX_SCRAMBLE_01-00001000"
101.99000000001527,"smoke-00001000","KTEX_SCRAMBLE_01-00001000","KTEX_SCRAMBLE_01",1000,Batch,Running,AutomationPilot,0.9979849999999999,102.01556135614783,MissionCache,True,"","D:\Workspace\MM\FlightSim\FlightSimProject\Artifacts\FoundationSmoke\smoke-00001000\KTEX_SCRAMBLE_01-00001000"
102.19000000001537,"smoke-00001000","KTEX_SCRAMBLE_01-00001000","KTEX_SCRAMBLE_01",1000,Batch,Running,AutomationPilot,0.9995571,102.05520024820521,MissionCache,True,"","D:\Workspace\MM\FlightSim\FlightSimProject\Artifacts\FoundationSmoke\smoke-00001000\KTEX_SCRAMBLE_01-00001000"
102.39000000001548,"smoke-00001000","KTEX_SCRAMBLE_01-00001000","KTEX_SCRAMBLE_01",1000,Batch,Running,AutomationPilot,1.0011254,102.09510217203098,MissionCache,True,"","D:\Workspace\MM\FlightSim\FlightSimProject\Artifacts\FoundationSmoke\smoke-00001000\KTEX_SCRAMBLE_01-00001000"
102.59000000001558,"smoke-00001000","KTEX_SCRAMBLE_01-00001000","KTEX_SCRAMBLE_01",1000,Batch,Running,AutomationPilot,1.0027677,102.12734215513274,MissionCache,True,"","D:\Workspace\MM\FlightSim\FlightSimProject\Artifacts\FoundationSmoke\smoke-00001000\KTEX_SCRAMBLE_01-00001000"
102.79000000001568,"smoke-00001000","KTEX_SCRAMBLE_01-00001000","KTEX_SCRAMBLE_01",1000,Batch,Running,AutomationPilot,1.0044442,102.15599831231599,MissionCache,True,"","D:\Workspace\MM\FlightSim\FlightSimProject\Artifacts\FoundationSmoke\smoke-00001000\KTEX_SCRAMBLE_01-00001000"
102.99000000001578,"smoke-00001000","KTEX_SCRAMBLE_01-00001000","KTEX_SCRAMBLE_01",1000,Batch,Running,AutomationPilot,1.0060611,102.19061247872092,MissionCache,True,"","D:\Workspace\MM\FlightSim\FlightSimProject\Artifacts\FoundationSmoke\smoke-00001000\KTEX_SCRAMBLE_01-00001000"
103.19000000001589,"smoke-00001000","KTEX_SCRAMBLE_01-00001000","KTEX_SCRAMBLE_01",1000,Batch,Running,AutomationPilot,1.0076616999999999,102.22676916272178,MissionCache,True,"","D:\Workspace\MM\FlightSim\FlightSimProject\Artifacts\FoundationSmoke\smoke-00001000\KTEX_SCRAMBLE_01-00001000"
103.39000000001599,"smoke-00001000","KTEX_SCRAMBLE_01-00001000","KTEX_SCRAMBLE_01",1000,Batch,Running,AutomationPilot,1.0092831,102.26070366185256,MissionCache,True,"","D:\Workspace\MM\FlightSim\FlightSimProject\Artifacts\FoundationSmoke\smoke-00001000\KTEX_SCRAMBLE_01-00001000"
103.59000000001609,"smoke-00001000","KTEX_SCRAMBLE_01-00001000","KTEX_SCRAMBLE_01",1000,Batch,Running,AutomationPilot,1.0108712,102.29789907954247,MissionCache,True,"","D:\Workspace\MM\FlightSim\FlightSimProject\Artifacts\FoundationSmoke\smoke-00001000\KTEX_SCRAMBLE_01-00001000"
103.79000000001619,"smoke-00001000","KTEX_SCRAMBLE_01-00001000","KTEX_SCRAMBLE_01",1000,Batch,Running,AutomationPilot,1.0124902999999998,102.33184456188481,MissionCache,True,"","D:\Workspace\MM\FlightSim\FlightSimProject\Artifacts\FoundationSmoke\smoke-00001000\KTEX_SCRAMBLE_01-00001000"
103.99000000001629,"smoke-00001000","KTEX_SCRAMBLE_01-00001000","KTEX_SCRAMBLE_01",1000,Batch,Running,AutomationPilot,1.0140786,102.3687907426665,MissionCache,True,"","D:\Workspace\MM\FlightSim\FlightSimProject\Artifacts\FoundationSmoke\smoke-00001000\KTEX_SCRAMBLE_01-00001000"
104.1900000000164,"smoke-00001000","KTEX_SCRAMBLE_01-00001000","KTEX_SCRAMBLE_01",1000,Batch,Running,AutomationPilot,1.0156541,102.40691195951094,MissionCache,True,"","D:\Workspace\MM\FlightSim\FlightSimProject\Artifacts\FoundationSmoke\smoke-00001000\KTEX_SCRAMBLE_01-00001000"
104.3900000000165,"smoke-00001000","KTEX_SCRAMBLE_01-00001000","KTEX_SCRAMBLE_01",1000,Batch,Running,AutomationPilot,1.0172565999999998,102.44219600051396,MissionCache,True,"","D:\Workspace\MM\FlightSim\FlightSimProject\Artifacts\FoundationSmoke\smoke-00001000\KTEX_SCRAMBLE_01-00001000"
104.5900000000166,"smoke-00001000","KTEX_SCRAMBLE_01-00001000","KTEX_SCRAMBLE_01",1000,Batch,Running,AutomationPilot,1.0188376,102.47953157600045,MissionCache,True,"","D:\Workspace\MM\FlightSim\FlightSimProject\Artifacts\FoundationSmoke\smoke-00001000\KTEX_SCRAMBLE_01-00001000"
104.7900000000167,"smoke-00001000","KTEX_SCRAMBLE_01-00001000","KTEX_SCRAMBLE_01",1000,Batch,Running,AutomationPilot,1.0206359,102.49492497766991,MissionCache,True,"","D:\Workspace\MM\FlightSim\FlightSimProject\Artifacts\FoundationSmoke\smoke-00001000\KTEX_SCRAMBLE_01-00001000"
104.99000000001681,"smoke-00001000","KTEX_SCRAMBLE_01-00001000","KTEX_SCRAMBLE_01",1000,Batch,Running,AutomationPilot,1.0224505,102.50863000215338,MissionCache,True,"","D:\Workspace\MM\FlightSim\FlightSimProject\Artifacts\FoundationSmoke\smoke-00001000\KTEX_SCRAMBLE_01-00001000"
105.19000000001691,"smoke-00001000","KTEX_SCRAMBLE_01-00001000","KTEX_SCRAMBLE_01",1000,Batch,Running,AutomationPilot,1.0248012,102.46865440830555,MissionCache,True,"","D:\Workspace\MM\FlightSim\FlightSimProject\Artifacts\FoundationSmoke\smoke-00001000\KTEX_SCRAMBLE_01-00001000"
105.39000000001701,"smoke-00001000","KTEX_SCRAMBLE_01-00001000","KTEX_SCRAMBLE_01",1000,Batch,Running,AutomationPilot,1.026364,102.50749246857539,MissionCache,True,"","D:\Workspace\MM\FlightSim\FlightSimProject\Artifacts\FoundationSmoke\smoke-00001000\KTEX_SCRAMBLE_01-00001000"
105.59000000001711,"smoke-00001000","KTEX_SCRAMBLE_01-00001000","KTEX_SCRAMBLE_01",1000,Batch,Running,AutomationPilot,1.0279056,102.54832739506139,MissionCache,True,"","D:\Workspace\MM\FlightSim\FlightSimProject\Artifacts\FoundationSmoke\smoke-00001000\KTEX_SCRAMBLE_01-00001000"
105.79000000001722,"smoke-00001000","KTEX_SCRAMBLE_01-00001000","KTEX_SCRAMBLE_01",1000,Batch,Running,AutomationPilot,1.0294615999999999,102.58760501607553,MissionCache,True,"","D:\Workspace\MM\FlightSim\FlightSimProject\Artifacts\FoundationSmoke\smoke-00001000\KTEX_SCRAMBLE_01-00001000"
105.99000000001732,"smoke-00001000","KTEX_SCRAMBLE_01-00001000","KTEX_SCRAMBLE_01",1000,Batch,Running,AutomationPilot,1.0310799,102.62056315908906,MissionCache,True,"","D:\Workspace\MM\FlightSim\FlightSimProject\Artifacts\FoundationSmoke\smoke-00001000\KTEX_SCRAMBLE_01-00001000"
106.19000000001742,"smoke-00001000","KTEX_SCRAMBLE_01-00001000","KTEX_SCRAMBLE_01",1000,Batch,Running,AutomationPilot,1.032861,102.63723773094088,MissionCache,True,"","D:\Workspace\MM\FlightSim\FlightSimProject\Artifacts\FoundationSmoke\smoke-00001000\KTEX_SCRAMBLE_01-00001000"
106.39000000001752,"smoke-00001000","KTEX_SCRAMBLE_01-00001000","KTEX_SCRAMBLE_01",1000,Batch,Running,AutomationPilot,1.0344502,102.6728981250305,MissionCache,True,"","D:\Workspace\MM\FlightSim\FlightSimProject\Artifacts\FoundationSmoke\smoke-00001000\KTEX_SCRAMBLE_01-00001000"
106.59000000001762,"smoke-00001000","KTEX_SCRAMBLE_01-00001000","KTEX_SCRAMBLE_01",1000,Batch,Running,AutomationPilot,1.0364786,102.66492718712914,MissionCache,True,"","D:\Workspace\MM\FlightSim\FlightSimProject\Artifacts\FoundationSmoke\smoke-00001000\KTEX_SCRAMBLE_01-00001000"
106.79000000001773,"smoke-00001000","KTEX_SCRAMBLE_01-00001000","KTEX_SCRAMBLE_01",1000,Batch,Running,AutomationPilot,1.038095,102.69772997656057,MissionCache,True,"","D:\Workspace\MM\FlightSim\FlightSimProject\Artifacts\FoundationSmoke\smoke-00001000\KTEX_SCRAMBLE_01-00001000"
106.99000000001783,"smoke-00001000","KTEX_SCRAMBLE_01-00001000","KTEX_SCRAMBLE_01",1000,Batch,Running,AutomationPilot,1.0396746,102.73406698597594,MissionCache,True,"","D:\Workspace\MM\FlightSim\FlightSimProject\Artifacts\FoundationSmoke\smoke-00001000\KTEX_SCRAMBLE_01-00001000"
107.19000000001793,"smoke-00001000","KTEX_SCRAMBLE_01-00001000","KTEX_SCRAMBLE_01",1000,Batch,Running,AutomationPilot,1.0413679,102.75907294628328,MissionCache,True,"","D:\Workspace\MM\FlightSim\FlightSimProject\Artifacts\FoundationSmoke\smoke-00001000\KTEX_SCRAMBLE_01-00001000"
107.39000000001803,"smoke-00001000","KTEX_SCRAMBLE_01-00001000","KTEX_SCRAMBLE_01",1000,Batch,Running,AutomationPilot,1.0430044,102.78959513499457,MissionCache,True,"","D:\Workspace\MM\FlightSim\FlightSimProject\Artifacts\FoundationSmoke\smoke-00001000\KTEX_SCRAMBLE_01-00001000"
107.43000000001805,"smoke-00001000","KTEX_SCRAMBLE_01-00001000","KTEX_SCRAMBLE_01",1000,Batch,Completed,AutomationPilot,1.0445741,102.82659698341942,MissionCache,True,"All required objectives succeeded.","D:\Workspace\MM\FlightSim\FlightSimProject\Artifacts\FoundationSmoke\smoke-00001000\KTEX_SCRAMBLE_01-00001000"
