time_s,aircraft,target,track_state,range_m,closure_mps,lock_quality,in_launch_zone,shoot_cue,weapon,quantity,master_arm
0.02,"VIPER-01","",None,0,0,0,False,False,"",0,Arm
0.02,"VIPER-02","BANDIT-01",Locked,64626.898266308192,404.17706485740212,0.56144251444743187,False,False,"",0,Arm
0.02,"BANDIT-01","VIPER-02",Locked,64626.898266308192,404.17706485740212,0.56144251444743187,False,False,"",0,Arm
0.02,"BANDIT-02","VIPER-02",Locked,66973.440398133986,398.65106817139957,0.54188799668221688,False,False,"",0,Arm
0.11999999999999998,"VIPER-01","",None,0,0,0,False,False,"",0,Arm
0.11999999999999998,"VIPER-02","BANDIT-01",Locked,64586.468457725416,404.3960112358763,0.561779429518955,False,False,"",0,Arm
0.11999999999999998,"BANDIT-01","VIPER-02",Locked,64586.468457725416,404.3960112358763,0.561779429518955,False,False,"",0,Arm
0.11999999999999998,"BANDIT-02","VIPER-02",Locked,66933.563486478975,398.8640822813752,0.542220304279342,False,False,"",0,Arm
0.22000000000000006,"VIPER-01","",None,0,0,0,False,False,"",0,Arm
0.22000000000000006,"VIPER-02","BANDIT-01",Locked,64546.016941478294,404.61145913006311,0.562116525487681,False,False,"",0,Arm
0.22000000000000006,"BANDIT-01","VIPER-02",Locked,64546.016941478294,404.61145913006311,0.562116525487681,False,False,"",0,Arm
0.22000000000000006,"BANDIT-02","VIPER-02",Locked,66893.665428353037,399.07425275272664,0.54255278809705809,False,False,"",0,Arm
0.32000000000000012,"VIPER-01","",None,0,0,0,False,False,"",0,Arm
0.32000000000000012,"VIPER-02","BANDIT-01",Locked,64505.5444091133,404.81453961802026,0.56245379659072259,False,False,"",0,Arm
0.32000000000000012,"BANDIT-01","VIPER-02",Locked,64505.5444091133,404.81453961802026,0.56245379659072259,False,False,"",0,Arm
0.32000000000000012,"BANDIT-02","VIPER-02",Locked,66853.74681652982,399.27338883693432,0.542885443195585,False,False,"",0,Arm
0.42000000000000021,"VIPER-01","",None,0,0,0,False,False,"",0,Arm
0.42000000000000021,"VIPER-02","BANDIT-01",Locked,64465.053159816656,404.98614080728703,0.56279122366819467,False,False,"",0,Arm
0.42000000000000021,"BANDIT-01","VIPER-02",Locked,64465.053159816656,404.98614080728703,0.56279122366819467,False,False,"",0,Arm
0.42000000000000021,"BANDIT-02","VIPER-02",Locked,66813.809766554463,399.44324497816564,0.54321825194537954,False,False,"",0,Arm
0.52000000000000024,"VIPER-01","",None,0,0,0,False,False,"",0,Arm
0.52000000000000024,"VIPER-02","BANDIT-01",Locked,64424.546983064036,405.11718945036722,0.56312877514113313,False,False,"",0,Arm
0.52000000000000024,"BANDIT-01","VIPER-02",Locked,64424.546983064036,405.11718945036722,0.56312877514113313,False,False,"",0,Arm
0.52000000000000024,"BANDIT-02","VIPER-02",Locked,66773.857826334643,399.57502548968307,0.54355118478054476,False,False,"",0,Arm
0.62000000000000033,"VIPER-01","",None,0,0,0,False,False,"",0,Arm
0.62000000000000033,"VIPER-02","BANDIT-01",Locked,64384.029532093882,405.21782388528356,0.56346642056588436,False,False,"",0,Arm
0.62000000000000033,"BANDIT-01","VIPER-02",Locked,64384.029532093882,405.21782388528356,0.56346642056588436,False,False,"",0,Arm
0.62000000000000033,"BANDIT-02","VIPER-02",Locked,66733.894422997764,399.67836918816857,0.54388421314168534,False,False,"",0,Arm
0.72000000000000042,"VIPER-01","",None,0,0,0,False,False,"",0,Arm
0.72000000000000042,"VIPER-02","BANDIT-01",Locked,64343.502612709068,405.31150959015719,0.56380414489409114,False,False,"",0,Arm
0.72000000000000042,"BANDIT-01","VIPER-02",Locked,64343.502612709068,405.31150959015719,0.56380414489409114,False,False,"",0,Arm
0.72000000000000042,"BANDIT-02","VIPER-02",Locked,66693.92121836853,399.77571874293494,0.54421732318026228,False,False,"",0,Arm
0.82000000000000051,"VIPER-01","",None,0,0,0,False,False,"",0,Arm
0.82000000000000051,"VIPER-02","BANDIT-01",Locked,64302.9655992276,405.42119803681163,0.56414195333977,False,False,"",0,Arm
0.82000000000000051,"BANDIT-01","VIPER-02",Locked,64302.9655992276,405.42119803681163,0.56414195333977,False,False,"",0,Arm
0.82000000000000051,"BANDIT-02","VIPER-02",Locked,66653.937552509888,399.88893686440656,0.544550520395751,False,False,"",0,Arm
0.9200000000000006,"VIPER-01","",None,0,0,0,False,False,"",0,Arm
0.9200000000000006,"VIPER-02","BANDIT-01",Locked,64262.416104177908,405.55928519120664,0.5644798657985175,False,False,"",0,Arm
0.9200000000000006,"BANDIT-01","VIPER-02",Locked,64262.416104177908,405.55928519120664,0.5644798657985175,False,False,"",0,Arm
0.9200000000000006,"BANDIT-02","VIPER-02",Locked,66613.9410971568,400.02965622572071,0.54488382419036008,False,False,"",0,Arm
1.0200000000000007,"VIPER-01","",None,0,0,0,False,False,"",0,Arm
1.0200000000000007,"VIPER-02","BANDIT-01",Locked,64221.851177364842,405.72622692249206,0.56481790685529309,False,False,"",0,Arm
1.0200000000000007,"BANDIT-01","VIPER-02",Locked,64221.851177364842,405.72622692249206,0.56481790685529309,False,False,"",0,Arm
1.0200000000000007,"BANDIT-02","VIPER-02",Locked,66573.929009990039,400.19808340638139,0.545217258250083,False,False,"",0,Arm
1.1200000000000008,"VIPER-01","",None,0,0,0,False,False,"",0,Arm
1.1200000000000008,"VIPER-02","BANDIT-01",Locked,64181.268287390863,405.91485246635432,0.56515609760507624,False,False,"",0,Arm
1.1200000000000008,"BANDIT-01","VIPER-02",Locked,64181.268287390863,405.91485246635432,0.56515609760507624,False,False,"",0,Arm
1.1200000000000008,"BANDIT-02","VIPER-02",Locked,66533.898864684437,400.38728432233239,0.54555084279429644,False,False,"",0,Arm
1.2200000000000009,"VIPER-01","",None,0,0,0,False,False,"",0,Arm
1.2200000000000009,"VIPER-02","BANDIT-01",Locked,64140.665798365408,406.11538941434975,0.56549445168028833,False,False,"",0,Arm
1.2200000000000009,"BANDIT-01","VIPER-02",Locked,64140.665798365408,406.11538941434975,0.56549445168028833,False,False,"",0,Arm
1.2200000000000009,"BANDIT-02","VIPER-02",Locked,66493.849088151066,400.588027141151,0.54588459093207453,False,False,"",0,Arm
1.320000000000001,"VIPER-01","",None,0,0,0,False,False,"",0,Arm
1.320000000000001,"VIPER-02","BANDIT-01",Locked,64100.04303473491,406.318717116359,0.5658329747105425,False,False,"",0,Arm
1.320000000000001,"BANDIT-01","VIPER-02",Locked,64100.04303473491,406.318717116359,0.5658329747105425,False,False,"",0,Arm
1.320000000000001,"BANDIT-02","VIPER-02",Locked,66453.779008118174,400.7917953298732,0.546218508265682,False,False,"",0,Arm
1.420000000000001,"VIPER-01","",None,0,0,0,False,False,"",0,Arm
1.420000000000001,"VIPER-02","BANDIT-01",Locked,64059.400114203781,406.51805825163092,0.56617166571496857,False,False,"",0,Arm
1.420000000000001,"BANDIT-01","VIPER-02",Locked,64059.400114203781,406.51805825163092,0.56617166571496857,False,False,"",0,Arm
1.420000000000001,"BANDIT-02","VIPER-02",Locked,66413.688691787378,400.9922691884239,0.54655259423510527,False,False,"",0,Arm
1.5200000000000011,"VIPER-01","",None,0,0,0,False,False,"",0,Arm
1.5200000000000011,"VIPER-02","BANDIT-01",Locked,64018.737656780781,406.70992721316486,0.566510519526827,False,False,"",0,Arm
1.5200000000000011,"BANDIT-01","VIPER-02",Locked,64018.737656780781,406.70992721316486,0.566510519526827,False,False,"",0,Arm
1.5200000000000011,"BANDIT-02","VIPER-02",Locked,66373.578677137324,401.18615160374691,0.546886844357189,False,False,"",0,Arm
1.6200000000000012,"VIPER-01","",None,0,0,0,False,False,"",0,Arm
1.6200000000000012,"VIPER-02","BANDIT-01",Locked,63978.056432246987,406.89443215561914,0.56684952973127523,False,False,"",0,Arm
1.6200000000000012,"BANDIT-01","VIPER-02",Locked,63978.056432246987,406.89443215561914,0.56684952973127523,False,False,"",0,Arm
1.6200000000000012,"BANDIT-02","VIPER-02",Locked,66333.449648983689,401.37345566996589,0.547221252925136,False,False,"",0,Arm
1.7200000000000013,"VIPER-01","",None,0,0,0,False,False,"",0,Arm
1.7200000000000013,"VIPER-02","BANDIT-01",Locked,63937.357028954008,407.07460326995397,0.56718869142538331,False,False,"",0,Arm
1.7200000000000013,"BANDIT-01","VIPER-02",Locked,63937.357028954008,407.07460326995397,0.56718869142538331,False,False,"",0,Arm
1.7200000000000013,"BANDIT-02","VIPER-02",Locked,66293.302132350116,401.5569134289413,0.5475558155637491,False,False,"",0,Arm
1.8200000000000014,"VIPER-01","",None,0,0,0,False,False,"",0,Arm
1.8200000000000014,"VIPER-02","BANDIT-01",Locked,63896.639642646966,407.25482397449434,0.567528002977942,False,False,"",0,Arm
1.8200000000000014,"BANDIT-01","VIPER-02",Locked,63896.639642646966,407.25482397449434,0.567528002977942,False,False,"",0,Arm
1.8200000000000014,"BANDIT-02","VIPER-02",Locked,66253.136294476266,401.74054032913148,0.54789053087936457,False,False,"",0,Arm
1.9200000000000015,"VIPER-01","",None,0,0,0,False,False,"",0,Arm
1.9200000000000015,"VIPER-02","BANDIT-01",Locked,63855.904041175731,407.43904444866013,0.56786746632353569,False,False,"",0,Arm
1.9200000000000015,"BANDIT-01","VIPER-02",Locked,63855.904041175731,407.43904444866013,0.56786746632353569,False,False,"",0,Arm
1.9200000000000015,"BANDIT-02","VIPER-02",Locked,66212.951909094292,401.9279792707282,0.54822540075754767,False,False,"",0,Arm
2.0200000000000009,"VIPER-01","",None,0,0,0,False,False,"",0,Arm
2.0200000000000009,"VIPER-02","BANDIT-01",Locked,63815.149681998613,407.62956023465927,0.568207085983345,False,False,"",0,Arm
2.0200000000000009,"BANDIT-01","VIPER-02",Locked,63815.149681998613,407.62956023465927,0.568207085983345,False,False,"",0,Arm
2.0200000000000009,"BANDIT-02","VIPER-02",Locked,66172.748462814692,402.12136150833123,0.54856042947654438,False,False,"",0,Arm
2.1199999999999988,"VIPER-01","",None,0,0,0,False,False,"",0,Arm
2.1199999999999988,"VIPER-02","BANDIT-01",Locked,63774.375901940868,407.82670659555316,0.56854686748382621,False,False,"",0,Arm
2.1199999999999988,"BANDIT-01","VIPER-02",Locked,63774.375901940868,407.82670659555316,0.56854686748382621,False,False,"",0,Arm
2.1199999999999988,"BANDIT-02","VIPER-02",Locked,66132.525329152224,402.32101746982295,0.5488956222570649,False,False,"",0,Arm
2.2199999999999966,"VIPER-01","",None,0,0,0,False,False,"",0,Arm
2.2199999999999966,"VIPER-02","BANDIT-01",Locked,63733.582093632787,408.02929699842315,0.56888681588639356,False,False,"",0,Arm
2.2199999999999966,"BANDIT-01","VIPER-02",Locked,63733.582093632787,408.02929699842315,0.56888681588639356,False,False,"",0,Arm
2.2199999999999966,"BANDIT-02","VIPER-02",Locked,66092.28193076521,402.52587702019571,0.54923098391029,False,False,"",0,Arm
2.3199999999999945,"VIPER-01","",None,0,0,0,False,False,"",0,Arm
2.3199999999999945,"VIPER-02","BANDIT-01",Locked,63692.7678164852,408.23539029539796,0.56922693486262343,False,False,"",0,Arm
2.3199999999999945,"BANDIT-01","VIPER-02",Locked,63692.7678164852,408.23539029539796,0.56922693486262343,False,False,"",0,Arm
2.3199999999999945,"BANDIT-02","VIPER-02",Locked,66052.017841826091,402.73417085603921,0.54956651798478262,False,False,"",0,Arm
2.4199999999999924,"VIPER-01","",None,0,0,0,False,False,"",0,Arm
2.4199999999999924,"VIPER-02","BANDIT-01",Locked,63651.932830308375,408.44302833752585,0.569567226414097,False,False,"",0,Arm
2.4199999999999924,"BANDIT-01","VIPER-02",Locked,63651.932830308375,408.44302833752585,0.569567226414097,False,False,"",0,Arm
2.4199999999999924,"BANDIT-02","VIPER-02",Locked,66011.732819798475,402.94410252756688,0.54990222650167941,False,False,"",0,Arm
2.5199999999999902,"VIPER-01","",None,0,0,0,False,False,"",0,Arm
2.5199999999999902,"VIPER-02","BANDIT-01",Locked,63611.077066230442,408.65075629278078,0.56990769111474637,False,False,"",0,Arm
2.5199999999999902,"BANDIT-01","VIPER-02",Locked,63611.077066230442,408.65075629278078,0.56990769111474637,False,False,"",0,Arm
2.5199999999999902,"BANDIT-02","VIPER-02",Locked,65971.4267801278,403.15432244957344,0.55023811016560176,False,False,"",0,Arm
2.6199999999999881,"VIPER-01","",None,0,0,0,False,False,"",0,Arm
2.6199999999999881,"VIPER-02","BANDIT-01",Locked,63570.200560500205,408.85786970055341,0.57024832866249842,False,False,"",0,Arm
2.6199999999999881,"BANDIT-01","VIPER-02",Locked,63570.200560500205,408.85786970055341,0.57024832866249842,False,False,"",0,Arm
2.6199999999999881,"BANDIT-02","VIPER-02",Locked,65931.09973695947,403.36415601856118,0.55057416885867116,False,False,"",0,Arm
2.719999999999986,"VIPER-01","",None,0,0,0,False,False,"",0,Arm
2.719999999999986,"VIPER-02","BANDIT-01",Locked,63529.303378190751,409.06440167362183,0.5705891385150772,False,False,"",0,Arm
2.719999999999986,"BANDIT-01","VIPER-02",Locked,63529.303378190751,409.06440167362183,0.5705891385150772,False,False,"",0,Arm
2.719999999999986,"BANDIT-02","VIPER-02",Locked,65890.751734185833,403.57359787566304,0.55091040221511811,False,False,"",0,Arm
2.8199999999999839,"VIPER-01","",None,0,0,0,False,False,"",0,Arm
2.8199999999999839,"VIPER-02","BANDIT-01",Locked,63488.38554986188,409.27090994602139,0.57093012041781777,False,False,"",0,Arm
2.8199999999999839,"BANDIT-01","VIPER-02",Locked,63488.38554986188,409.27090994602139,0.57093012041781777,False,False,"",0,Arm
2.8199999999999839,"BANDIT-02","VIPER-02",Locked,65850.3827876629,403.78312405308975,0.55124681010280929,False,False,"",0,Arm
2.9199999999999817,"VIPER-01","",None,0,0,0,False,False,"",0,Arm
2.9199999999999817,"VIPER-02","BANDIT-01",Locked,63447.447035982383,409.47816372100624,0.57127127470014694,False,False,"",0,Arm
2.9199999999999817,"BANDIT-01","VIPER-02",Locked,63447.447035982383,409.47816372100624,0.57127127470014694,False,False,"",0,Arm
2.9199999999999817,"BANDIT-02","VIPER-02",Locked,65809.992852205411,403.99341081745075,0.55158339289828828,False,False,"",0,Arm
3.0199999999999796,"VIPER-01","",None,0,0,0,False,False,"",0,Arm
3.0199999999999796,"VIPER-02","BANDIT-01",Locked,63406.4877227308,409.68684576789741,0.57161260231057676,False,False,"",0,Arm
3.0199999999999796,"BANDIT-01","VIPER-02",Locked,63406.4877227308,409.68684576789741,0.57161260231057676,False,False,"",0,Arm
3.0199999999999796,"BANDIT-02","VIPER-02",Locked,65769.581816892009,404.20506496685124,0.5519201515259,False,False,"",0,Arm
3.1199999999999775,"VIPER-01","",None,0,0,0,False,False,"",0,Arm
3.1199999999999775,"VIPER-02","BANDIT-01",Locked,63365.507442361777,409.89735914362564,0.57195410464698526,False,False,"",0,Arm
3.1199999999999775,"BANDIT-01","VIPER-02",Locked,63365.507442361777,409.89735914362564,0.57195410464698526,False,False,"",0,Arm
3.1199999999999775,"BANDIT-02","VIPER-02",Locked,65729.149522685388,404.41844771463906,0.55225708731095524,False,False,"",0,Arm
3.2199999999999753,"VIPER-01","",None,0,0,0,False,False,"",0,Arm
3.2199999999999753,"VIPER-02","BANDIT-01",Locked,63324.5060053381,410.10977204572191,0.57229578328884922,False,False,"",0,Arm
3.2199999999999753,"BANDIT-01","VIPER-02",Locked,63324.5060053381,410.10977204572191,0.57229578328884922,False,False,"",0,Arm
3.2199999999999753,"BANDIT-02","VIPER-02",Locked,65688.695790833153,404.63362328656189,0.55259420174305718,False,False,"",0,Arm
3.3199999999999732,"VIPER-01","",None,0,0,0,False,False,"",0,Arm
3.3199999999999732,"VIPER-02","BANDIT-01",Locked,63283.483231204336,410.32387910863446,0.572637639739964,False,False,"",0,Arm
3.3199999999999732,"BANDIT-01","VIPER-02",Locked,63283.483231204336,410.32387910863446,0.572637639739964,False,False,"",0,Arm
3.3199999999999732,"BANDIT-02","VIPER-02",Locked,65648.220450301582,404.85041259160988,0.55293149624748694,False,False,"",0,Arm
3.4199999999999711,"VIPER-01","",None,0,0,0,False,False,"",0,Arm
3.4199999999999711,"VIPER-02","BANDIT-01",Locked,63242.438969351148,410.53932647117455,0.57297967525540716,False,False,"",0,Arm
3.4199999999999711,"BANDIT-01","VIPER-02",Locked,63242.438969351148,410.53932647117455,0.57297967525540716,False,False,"",0,Arm
3.4199999999999711,"BANDIT-02","VIPER-02",Locked,65607.723356261922,405.06850413259042,0.55326897203115077,False,False,"",0,Arm
3.5199999999999689,"VIPER-01","",None,0,0,0,False,False,"",0,Arm
3.5199999999999689,"VIPER-02","BANDIT-01",Locked,63201.373106156178,410.7557528355801,0.573321890782032,False,False,"",0,Arm
3.5199999999999689,"BANDIT-01","VIPER-02",Locked,63201.373106156178,410.7557528355801,0.573321890782032,False,False,"",0,Arm
3.5199999999999689,"BANDIT-02","VIPER-02",Locked,65567.20439671661,405.28757206508521,0.55360663002736166,False,False,"",0,Arm
3.6199999999999668,"VIPER-01","",None,0,0,0,False,False,"",0,Arm
3.6199999999999668,"VIPER-02","BANDIT-01",Locked,63160.285558063988,410.97292401845203,0.57366428701613348,False,False,"",0,Arm
3.6199999999999668,"BANDIT-01","VIPER-02",Locked,63160.285558063988,410.97292401845203,0.57366428701613348,False,False,"",0,Arm
3.6199999999999668,"BANDIT-02","VIPER-02",Locked,65526.663488700986,405.50736536051329,0.55394447092749188,False,False,"",0,Arm
3.7199999999999647,"VIPER-01","",None,0,0,0,False,False,"",0,Arm
3.7199999999999647,"VIPER-02","BANDIT-01",Locked,63119.176254610778,411.19079446857722,0.57400686454491023,False,False,"",0,Arm
3.7199999999999647,"BANDIT-01","VIPER-02",Locked,63119.176254610778,411.19079446857722,0.57400686454491023,False,False,"",0,Arm
3.7199999999999647,"BANDIT-02","VIPER-02",Locked,65486.1005675216,405.72776936060552,0.55428249527065343,False,False,"",0,Arm
3.8199999999999625,"VIPER-01","",None,0,0,0,False,False,"",0,Arm
3.8199999999999625,"VIPER-02","BANDIT-01",Locked,63078.045121312352,411.40946156611972,0.57434962398906386,False,False,"",0,Arm
3.8199999999999625,"BANDIT-01","VIPER-02",Locked,63078.045121312352,411.40946156611972,0.57434962398906386,False,False,"",0,Arm
3.8199999999999625,"BANDIT-02","VIPER-02",Locked,65445.51556840563,405.94888095368589,0.55462070359661986,False,False,"",0,Arm
3.9199999999999604,"VIPER-01","",None,0,0,0,False,False,"",0,Arm
3.9199999999999604,"VIPER-02","BANDIT-01",Locked,63036.892070562477,411.62907030228132,0.57469256607864616,False,False,"",0,Arm
3.9199999999999604,"BANDIT-01","VIPER-02",Locked,63036.892070562477,411.62907030228132,0.57469256607864616,False,False,"",0,Arm
3.9199999999999604,"BANDIT-02","VIPER-02",Locked,65404.908405934933,406.17099730751335,0.554959096617209,False,False,"",0,Arm
4.0199999999999587,"VIPER-01","",None,0,0,0,False,False,"",0,Arm
4.0199999999999587,"VIPER-02","BANDIT-01",Locked,62995.717001288613,411.84973885596645,0.57503569165592827,False,False,"",0,Arm
4.0199999999999587,"BANDIT-01","VIPER-02",Locked,62995.717001288613,411.84973885596645,0.57503569165592827,False,False,"",0,Arm
4.0199999999999587,"BANDIT-02","VIPER-02",Locked,65364.278956869566,406.39453489518178,0.55529767535942032,False,False,"",0,Arm
4.1199999999999566,"VIPER-01","",None,0,0,0,False,False,"",0,Arm
4.1199999999999566,"VIPER-02","BANDIT-01",Locked,62954.519803805983,412.07152476112907,0.57537900163495026,False,False,"",0,Arm
4.1199999999999566,"BANDIT-01","VIPER-02",Locked,62954.519803805983,412.07152476112907,0.57537900163495026,False,False,"",0,Arm
4.1199999999999566,"BANDIT-02","VIPER-02",Locked,65323.627059236656,406.61982992951181,0.55563644117302791,False,False,"",0,Arm
4.2199999999999545,"VIPER-01","",None,0,0,0,False,False,"",0,Arm
4.2199999999999545,"VIPER-02","BANDIT-01",Locked,62913.300366234551,412.29442204588804,0.57572249694804545,False,False,"",0,Arm
4.2199999999999545,"BANDIT-01","VIPER-02",Locked,62913.300366234551,412.29442204588804,0.57572249694804545,False,False,"",0,Arm
4.2199999999999545,"BANDIT-02","VIPER-02",Locked,65282.952528336311,406.84701049496306,0.55597539559719755,False,False,"",0,Arm
4.3199999999999523,"VIPER-01","",None,0,0,0,False,False,"",0,Arm
4.3199999999999523,"VIPER-02","BANDIT-01",Locked,62872.058580081684,412.5183774036812,0.5760661784993194,False,False,"",0,Arm
4.3199999999999523,"BANDIT-01","VIPER-02",Locked,62872.058580081684,412.5183774036812,0.5760661784993194,False,False,"",0,Arm
4.3199999999999523,"BANDIT-02","VIPER-02",Locked,65242.255178891872,407.07598941369685,0.55631454017590121,False,False,"",0,Arm
4.41999999999995,"VIPER-01","",None,0,0,0,False,False,"",0,Arm
4.41999999999995,"VIPER-02","BANDIT-01",Locked,62830.794343630616,412.743315065622,0.57641004713641164,False,False,"",0,Arm
4.41999999999995,"BANDIT-01","VIPER-02",Locked,62830.794343630616,412.743315065622,0.57641004713641164,False,False,"",0,Arm
4.41999999999995,"BANDIT-02","VIPER-02",Locked,65201.534842641413,407.30654414880519,0.55665387631132168,False,False,"",0,Arm
4.5199999999999481,"VIPER-01","",None,0,0,0,False,False,"",0,Arm
4.5199999999999481,"VIPER-02","BANDIT-01",Locked,62789.507562897415,412.96915907029762,0.57675410364252166,False,False,"",0,Arm
4.5199999999999481,"BANDIT-01","VIPER-02",Locked,62789.507562897415,412.96915907029762,0.57675410364252166,False,False,"",0,Arm
4.5199999999999481,"BANDIT-02","VIPER-02",Locked,65160.791376039342,407.53842258827785,0.55699340519967222,False,False,"",0,Arm
4.6199999999999459,"VIPER-01","",None,0,0,0,False,False,"",0,Arm
4.6199999999999459,"VIPER-02","BANDIT-01",Locked,62748.198150915574,413.19584483774923,0.57709834874237032,False,False,"",0,Arm
4.6199999999999459,"BANDIT-01","VIPER-02",Locked,62748.198150915574,413.19584483774923,0.57709834874237032,False,False,"",0,Arm
4.6199999999999459,"BANDIT-02","VIPER-02",Locked,65120.0246582649,407.77142743117093,0.55733312784779265,False,False,"",0,Arm
4.7199999999999438,"VIPER-01","",None,0,0,0,False,False,"",0,Arm
4.7199999999999438,"VIPER-02","BANDIT-01",Locked,62706.866026482538,413.42331992886528,0.57744278311264563,False,False,"",0,Arm
4.7199999999999438,"BANDIT-01","VIPER-02",Locked,62706.866026482538,413.42331992886528,0.57744278311264563,False,False,"",0,Arm
4.7199999999999438,"BANDIT-02","VIPER-02",Locked,65079.234583144724,408.00545603192222,0.55767304514046068,False,False,"",0,Arm
4.8199999999999417,"VIPER-01","",None,0,0,0,False,False,"",0,Arm
4.8199999999999417,"VIPER-02","BANDIT-01",Locked,62665.511113172368,413.65153965972632,0.57778740739023038,False,False,"",0,Arm
4.8199999999999417,"BANDIT-01","VIPER-02",Locked,62665.511113172368,413.65153965972632,0.57778740739023038,False,False,"",0,Arm
4.8199999999999417,"BANDIT-02","VIPER-02",Locked,65038.421049728953,408.24049328997268,0.55801315791892547,False,False,"",0,Arm
4.9199999999999395,"VIPER-01","",None,0,0,0,False,False,"",0,Arm
4.9199999999999395,"VIPER-02","BANDIT-01",Locked,62624.133338806023,413.88046294661467,0.57813222217661653,False,False,"",0,Arm
4.9199999999999395,"BANDIT-01","VIPER-02",Locked,62624.133338806023,413.88046294661467,0.57813222217661653,False,False,"",0,Arm
4.9199999999999395,"BANDIT-02","VIPER-02",Locked,64997.583955553491,408.47657176471063,0.55835346703705435,False,False,"",0,Arm
5.0199999999999374,"VIPER-01","",None,0,0,0,False,False,"",0,Arm
5.0199999999999374,"VIPER-02","BANDIT-01",Locked,62582.732635218861,414.11005017473178,0.57847722803984292,False,False,"",0,Arm
5.0199999999999374,"BANDIT-01","VIPER-02",Locked,62582.732635218861,414.11005017473178,0.57847722803984292,False,False,"",0,Arm
5.0199999999999374,"BANDIT-02","VIPER-02",Locked,64956.72319458687,408.71372284849292,0.55869397337844284,False,False,"",0,Arm
5.1199999999999353,"VIPER-01","",None,0,0,0,False,False,"",0,Arm
5.1199999999999353,"VIPER-02","BANDIT-01",Locked,62541.308938173992,414.34026227981144,0.57882242551521679,False,False,"",0,Arm
5.1199999999999353,"BANDIT-01","VIPER-02",Locked,62541.308938173992,414.34026227981144,0.57882242551521679,False,False,"",0,Arm
5.1199999999999353,"BANDIT-02","VIPER-02",Locked,64915.838659481815,408.95194118223208,0.55903467783765159,False,False,"",0,Arm
5.2199999999999331,"VIPER-01","",None,0,0,0,False,False,"",0,Arm
5.2199999999999331,"VIPER-02","BANDIT-01",Locked,62499.862187345992,414.57105987744916,0.57916781510545012,False,False,"",0,Arm
5.2199999999999331,"BANDIT-01","VIPER-02",Locked,62499.862187345992,414.57105987744916,0.57916781510545012,False,False,"",0,Arm
5.2199999999999331,"BANDIT-02","VIPER-02",Locked,64874.930246085052,409.191173235141,0.55937558128262466,False,False,"",0,Arm
5.319999999999931,"VIPER-01","",None,0,0,0,False,False,"",0,Arm
5.319999999999931,"VIPER-02","BANDIT-01",Locked,62458.392326423585,414.80240204905135,0.57951339727980355,False,False,"",0,Arm
5.319999999999931,"BANDIT-01","VIPER-02",Locked,62458.392326423585,414.80240204905135,0.57951339727980355,False,False,"",0,Arm
5.319999999999931,"BANDIT-02","VIPER-02",Locked,64833.997857820643,409.43132777950916,0.55971668451816137,False,False,"",0,Arm
5.4199999999999289,"VIPER-01","",None,0,0,0,False,False,"",0,Arm
5.4199999999999289,"VIPER-02","BANDIT-01",Locked,62416.899303326318,415.03424514197621,0.5798591724722808,False,False,"",0,Arm
5.4199999999999289,"BANDIT-01","VIPER-02",Locked,62416.899303326318,415.03424514197621,0.5798591724722808,False,False,"",0,Arm
5.4199999999999289,"BANDIT-02","VIPER-02",Locked,64793.0414082953,409.67229784563551,0.56005798826420594,False,False,"",0,Arm
5.5199999999999267,"VIPER-01","",None,0,0,0,False,False,"",0,Arm
5.5199999999999267,"VIPER-02","BANDIT-01",Locked,62375.383070519296,415.26654228039189,0.580205141079006,False,False,"",0,Arm
5.5199999999999267,"BANDIT-01","VIPER-02",Locked,62375.383070519296,415.26654228039189,0.580205141079006,False,False,"",0,Arm
5.5199999999999267,"BANDIT-02","VIPER-02",Locked,64752.060821635081,409.9139825383071,0.560399493153041,False,False,"",0,Arm
5.6199999999999246,"VIPER-01","",None,0,0,0,False,False,"",0,Arm
5.6199999999999246,"VIPER-02","BANDIT-01",Locked,62333.8435853005,415.49924415859874,0.58055130345582928,False,False,"",0,Arm
5.6199999999999246,"BANDIT-01","VIPER-02",Locked,62333.8435853005,415.49924415859874,0.58055130345582928,False,False,"",0,Arm
5.6199999999999246,"BANDIT-02","VIPER-02",Locked,64711.056031034837,410.15630074181905,0.56074119974137648,False,False,"",0,Arm
5.7199999999999225,"VIPER-01","",None,0,0,0,False,False,"",0,Arm
5.7199999999999225,"VIPER-02","BANDIT-01",Locked,62292.28080993909,415.7323011407226,0.58089765991717435,False,False,"",0,Arm
5.7199999999999225,"BANDIT-01","VIPER-02",Locked,62292.28080993909,415.7323011407226,0.58089765991717435,False,False,"",0,Arm
5.7199999999999225,"BANDIT-02","VIPER-02",Locked,64670.026976530877,410.39919413648556,0.56108310852890941,False,False,"",0,Arm
5.81999999999992,"VIPER-01","",None,0,0,0,False,False,"",0,Arm
5.81999999999992,"VIPER-02","BANDIT-01",Locked,62250.694711556258,415.96566599043905,0.58124421073703125,False,False,"",0,Arm
5.81999999999992,"BANDIT-01","VIPER-02",Locked,62250.694711556258,415.96566599043905,0.58124421073703125,False,False,"",0,Arm
5.81999999999992,"BANDIT-02","VIPER-02",Locked,64628.97360297219,410.64262164597392,0.56142521997523187,False,False,"",0,Arm
5.9199999999999182,"VIPER-01","",None,0,0,0,False,False,"",0,Arm
5.9199999999999182,"VIPER-02","BANDIT-01",Locked,62209.0852617552,416.19929614352156,0.58159095615204,False,False,"",0,Arm
5.9199999999999182,"BANDIT-01","VIPER-02",Locked,62209.0852617552,416.19929614352156,0.58159095615204,False,False,"",0,Arm
5.9199999999999182,"BANDIT-02","VIPER-02",Locked,64587.895858807009,410.88654997756964,0.56176753450994166,False,False,"",0,Arm
6.0199999999999161,"VIPER-01","",None,0,0,0,False,False,"",0,Arm
6.0199999999999161,"VIPER-02","BANDIT-01",Locked,62167.452436088977,416.43315459228711,0.5819378963659253,False,False,"",0,Arm
6.0199999999999161,"BANDIT-01","VIPER-02",Locked,62167.452436088977,416.43315459228711,0.5819378963659253,False,False,"",0,Arm
6.0199999999999161,"BANDIT-02","VIPER-02",Locked,64546.793695805085,411.130944940442,0.56211005253495772,False,False,"",0,Arm
6.119999999999914,"VIPER-01","",None,0,0,0,False,False,"",0,Arm
6.119999999999914,"VIPER-02","BANDIT-01",Locked,62125.796213538066,416.66720907743979,0.58228503155384959,False,False,"",0,Arm
6.119999999999914,"BANDIT-01","VIPER-02",Locked,62125.796213538066,416.66720907743979,0.58228503155384959,False,False,"",0,Arm
6.119999999999914,"BANDIT-02","VIPER-02",Locked,64505.667069455252,411.37576642544644,0.56245277442120634,False,False,"",0,Arm
6.2199999999999118,"VIPER-01","",None,0,0,0,False,False,"",0,Arm
6.2199999999999118,"VIPER-02","BANDIT-01",Locked,62084.1165761403,416.90143001801243,0.58263236186549761,False,False,"",0,Arm
6.2199999999999118,"BANDIT-01","VIPER-02",Locked,62084.1165761403,416.90143001801243,0.58263236186549761,False,False,"",0,Arm
6.2199999999999118,"BANDIT-02","VIPER-02",Locked,64464.515939635487,411.6209675905809,0.56279570050303773,False,False,"",0,Arm
6.31999999999991,"VIPER-01","",None,0,0,0,False,False,"",0,Arm
6.31999999999991,"VIPER-02","BANDIT-01",Locked,62042.413508858263,417.13578809265539,0.58297988742618123,False,False,"",0,Arm
6.31999999999991,"BANDIT-01","VIPER-02",Locked,62042.413508858263,417.13578809265539,0.58297988742618123,False,False,"",0,Arm
6.31999999999991,"BANDIT-02","VIPER-02",Locked,64423.340271183013,411.86649705496751,0.563138831073475,False,False,"",0,Arm
6.4199999999999076,"VIPER-01","",None,0,0,0,False,False,"",0,Arm
6.4199999999999076,"VIPER-02","BANDIT-01",Locked,62000.686999646568,417.37025333785056,0.58332760833627872,False,False,"",0,Arm
6.4199999999999076,"BANDIT-01","VIPER-02",Locked,62000.686999646568,417.37025333785056,0.58332760833627872,False,False,"",0,Arm
6.4199999999999076,"BANDIT-02","VIPER-02",Locked,64382.140034167569,412.11230225411583,0.563482166381937,False,False,"",0,Arm
6.5199999999999054,"VIPER-01","",None,0,0,0,False,False,"",0,Arm
6.5199999999999054,"VIPER-02","BANDIT-01",Locked,61958.937039004042,417.60480545143969,0.58367552467496642,False,False,"",0,Arm
6.5199999999999054,"BANDIT-01","VIPER-02",Locked,61958.937039004042,417.60480545143969,0.58367552467496642,False,False,"",0,Arm
6.5199999999999054,"BANDIT-02","VIPER-02",Locked,64340.915203837576,412.35833237768776,0.563825706634687,False,False,"",0,Arm
6.6199999999999033,"VIPER-01","",None,0,0,0,False,False,"",0,Arm
6.6199999999999033,"VIPER-02","BANDIT-01",Locked,61917.163619041705,417.83943112401857,0.58402363650798583,False,False,"",0,Arm
6.6199999999999033,"BANDIT-01","VIPER-02",Locked,61917.163619041705,417.83943112401857,0.58402363650798583,False,False,"",0,Arm
6.6199999999999033,"BANDIT-02","VIPER-02",Locked,64299.66576007547,412.6045489294392,0.56416945199937119,False,False,"",0,Arm
6.7199999999999012,"VIPER-01","",None,0,0,0,False,False,"",0,Arm
6.7199999999999012,"VIPER-02","BANDIT-01",Locked,61875.366732955539,418.07411903149267,0.58437194389203728,False,False,"",0,Arm
6.7199999999999012,"BANDIT-01","VIPER-02",Locked,61875.366732955539,418.07411903149267,0.58437194389203728,False,False,"",0,Arm
6.7199999999999012,"BANDIT-02","VIPER-02",Locked,64258.391684741371,412.85094588113668,0.56451340262715533,False,False,"",0,Arm
6.819999999999899,"VIPER-01","",None,0,0,0,False,False,"",0,Arm
6.819999999999899,"VIPER-02","BANDIT-01",Locked,61833.546375949431,418.30883953356971,0.58472044686708813,False,False,"",0,Arm
6.819999999999899,"BANDIT-01","VIPER-02",Locked,61833.546375949431,418.30883953356971,0.58472044686708813,False,False,"",0,Arm
6.819999999999899,"BANDIT-02","VIPER-02",Locked,64217.0929590517,413.0975404859654,0.56485755867456933,False,False,"",0,Arm
6.9199999999998969,"VIPER-01","",None,0,0,0,False,False,"",0,Arm
6.9199999999998969,"VIPER-02","BANDIT-01",Locked,61791.702547588371,418.54353797117972,0.58506914543676369,False,False,"",0,Arm
6.9199999999998969,"BANDIT-01","VIPER-02",Locked,61791.702547588371,418.54353797117972,0.58506914543676369,False,False,"",0,Arm
6.9199999999998969,"BANDIT-02","VIPER-02",Locked,64175.769562157715,413.34434848368477,0.56520192031535244,False,False,"",0,Arm
7.0199999999998948,"VIPER-01","",None,0,0,0,False,False,"",0,Arm
7.0199999999998948,"VIPER-02","BANDIT-01",Locked,61749.835253897574,418.77814369512953,0.58541803955085359,False,False,"",0,Arm
7.0199999999998948,"BANDIT-01","VIPER-02",Locked,61749.835253897574,418.77814369512953,0.58541803955085359,False,False,"",0,Arm
7.0199999999998948,"BANDIT-02","VIPER-02",Locked,64134.421473739843,413.5913435652671,0.56554648771883476,False,False,"",0,Arm
7.1199999999998926,"VIPER-01","",None,0,0,0,False,False,"",0,Arm
7.1199999999998926,"VIPER-02","BANDIT-01",Locked,61707.944508108667,419.01258596808191,0.58576712909909456,False,False,"",0,Arm
7.1199999999998926,"BANDIT-01","VIPER-02",Locked,61707.944508108667,419.01258596808191,0.58576712909909456,False,False,"",0,Arm
7.1199999999998926,"BANDIT-02","VIPER-02",Locked,64093.048678953732,413.83844885165809,0.565891261008719,False,False,"",0,Arm
7.2199999999998905,"VIPER-01","",None,0,0,0,False,False,"",0,Arm
7.2199999999998905,"VIPER-02","BANDIT-01",Locked,61666.0303298694,419.24680743195779,0.58611641391775515,False,False,"",0,Arm
7.2199999999998905,"BANDIT-01","VIPER-02",Locked,61666.0303298694,419.24680743195779,0.58611641391775515,False,False,"",0,Arm
7.2199999999998905,"BANDIT-02","VIPER-02",Locked,64051.651172627644,414.08555538029293,0.566236240228103,False,False,"",0,Arm
7.3199999999998884,"VIPER-01","",None,0,0,0,False,False,"",0,Arm
7.3199999999998884,"VIPER-02","BANDIT-01",Locked,61624.092743524488,419.48076987984092,0.58646589380396263,False,False,"",0,Arm
7.3199999999998884,"BANDIT-01","VIPER-02",Locked,61624.092743524488,419.48076987984092,0.58646589380396263,False,False,"",0,Arm
7.3199999999998884,"BANDIT-02","VIPER-02",Locked,64010.228960877335,414.3325515916996,0.56658142532602229,False,False,"",0,Arm
7.4199999999998862,"VIPER-01","",None,0,0,0,False,False,"",0,Arm
7.4199999999998862,"VIPER-02","BANDIT-01",Locked,61582.131776264927,419.71445192186934,0.58681556853112571,False,False,"",0,Arm
7.4199999999998862,"BANDIT-01","VIPER-02",Locked,61582.131776264927,419.71445192186934,0.58681556853112571,False,False,"",0,Arm
7.4199999999998862,"BANDIT-02","VIPER-02",Locked,63968.782059906938,414.579348035368,0.56692681616744223,False,False,"",0,Arm
7.5199999999998841,"VIPER-01","",None,0,0,0,False,False,"",0,Arm
7.5199999999998841,"VIPER-02","BANDIT-01",Locked,61540.147456834959,419.947841547973,0.58716543785970876,False,False,"",0,Arm
7.5199999999998841,"BANDIT-01","VIPER-02",Locked,61540.147456834959,419.947841547973,0.58716543785970876,False,False,"",0,Arm
7.5199999999998841,"BANDIT-02","VIPER-02",Locked,63927.310493073463,414.82588831015528,0.56727241255772121,False,False,"",0,Arm
7.619999999999882,"VIPER-01","",None,0,0,0,False,False,"",0,Arm
7.619999999999882,"VIPER-02","BANDIT-01",Locked,61498.139815055009,420.18092790089185,0.58751550154120835,False,False,"",0,Arm
7.619999999999882,"BANDIT-01","VIPER-02",Locked,61498.139815055009,420.18092790089185,0.58751550154120835,False,False,"",0,Arm
7.619999999999882,"BANDIT-02","VIPER-02",Locked,63885.814287677538,415.07214542159682,0.56761821426935388,False,False,"",0,Arm
7.71999999999988,"VIPER-01","",None,0,0,0,False,False,"",0,Arm
7.71999999999988,"VIPER-02","BANDIT-01",Locked,61456.10888203889,420.41369586326005,0.58786575931634266,False,False,"",0,Arm
7.71999999999988,"BANDIT-01","VIPER-02",Locked,61456.10888203889,420.41369586326005,0.58786575931634266,False,False,"",0,Arm
7.71999999999988,"BANDIT-02","VIPER-02",Locked,63844.293472689067,415.31810881753557,0.56796422106092448,False,False,"",0,Arm
7.8199999999998777,"VIPER-01","",None,0,0,0,False,False,"",0,Arm
7.8199999999998777,"VIPER-02","BANDIT-01",Locked,61414.05469071307,420.6461249835105,0.58821621091072451,False,False,"",0,Arm
7.8199999999998777,"BANDIT-01","VIPER-02",Locked,61414.05469071307,420.6461249835105,0.58821621091072451,False,False,"",0,Arm
7.8199999999998777,"BANDIT-02","VIPER-02",Locked,63802.748077924633,415.5637698060151,0.56831043268396153,False,False,"",0,Arm
7.9199999999998756,"VIPER-01","",None,0,0,0,False,False,"",0,Arm
7.9199999999998756,"VIPER-02","BANDIT-01",Locked,61371.977276238227,420.87819198501586,0.58856685603134817,False,False,"",0,Arm
7.9199999999998756,"BANDIT-01","VIPER-02",Locked,61371.977276238227,420.87819198501586,0.58856685603134817,False,False,"",0,Arm
7.9199999999998756,"BANDIT-02","VIPER-02",Locked,63761.178134452712,415.8091117859982,0.56865684887956081,False,False,"",0,Arm
8.0199999999998735,"VIPER-01","",None,0,0,0,False,False,"",0,Arm
8.0199999999998735,"VIPER-02","BANDIT-01",Locked,61329.87667606918,421.10987473277032,0.58891769436609021,False,False,"",0,Arm
8.0199999999998735,"BANDIT-01","VIPER-02",Locked,61329.87667606918,421.10987473277032,0.58891769436609021,False,False,"",0,Arm
8.0199999999998735,"BANDIT-02","VIPER-02",Locked,63719.583675572234,416.05410802740329,0.5690034693702315,False,False,"",0,Arm
8.1199999999998713,"VIPER-01","",None,0,0,0,False,False,"",0,Arm
8.1199999999998713,"VIPER-02","BANDIT-01",Locked,61287.752929651884,421.34115548200845,0.58926872558623433,False,False,"",0,Arm
8.1199999999998713,"BANDIT-01","VIPER-02",Locked,61287.752929651884,421.34115548200845,0.58926872558623433,False,False,"",0,Arm
8.1199999999998713,"BANDIT-02","VIPER-02",Locked,63677.964737638111,416.29872577407031,0.56935029385301583,False,False,"",0,Arm
8.21999999999987,"VIPER-01","",None,0,0,0,False,False,"",0,Arm
8.21999999999987,"VIPER-02","BANDIT-01",Locked,61245.606077898366,421.57202214433119,0.589619949350847,False,False,"",0,Arm
8.21999999999987,"BANDIT-01","VIPER-02",Locked,61245.606077898366,421.57202214433119,0.589619949350847,False,False,"",0,Arm
8.21999999999987,"BANDIT-02","VIPER-02",Locked,63636.321360293048,416.54293306036175,0.56969732199755807,False,False,"",0,Arm
8.3199999999998671,"VIPER-01","",None,0,0,0,False,False,"",0,Arm
8.3199999999998671,"VIPER-02","BANDIT-01",Locked,61203.4361626473,421.80246749131783,0.58997136531127259,False,False,"",0,Arm
8.3199999999998671,"BANDIT-01","VIPER-02",Locked,61203.4361626473,421.80246749131783,0.58997136531127259,False,False,"",0,Arm
8.3199999999998671,"BANDIT-02","VIPER-02",Locked,63594.653586051347,416.78670446545686,0.57004455344957217,False,False,"",0,Arm
8.4199999999998649,"VIPER-01","",None,0,0,0,False,False,"",0,Arm
8.4199999999998649,"VIPER-02","BANDIT-01",Locked,61161.243226286962,422.03248709985928,0.5903229731142754,False,False,"",0,Arm
8.4199999999998649,"BANDIT-01","VIPER-02",Locked,61161.243226286962,422.03248709985928,0.5903229731142754,False,False,"",0,Arm
8.4199999999998649,"BANDIT-02","VIPER-02",Locked,63552.961459481172,417.03002351543211,0.570391987837657,False,False,"",0,Arm
8.5199999999998628,"VIPER-01","",None,0,0,0,False,False,"",0,Arm
8.5199999999998628,"VIPER-02","BANDIT-01",Locked,61119.027311599893,422.26207715651231,0.59067477240333432,False,False,"",0,Arm
8.5199999999998628,"BANDIT-01","VIPER-02",Locked,61119.027311599893,422.26207715651231,0.59067477240333432,False,False,"",0,Arm
8.5199999999998628,"BANDIT-02","VIPER-02",Locked,63511.245026351127,417.27288147765256,0.57073962478040741,False,False,"",0,Arm
8.61999999999986,"VIPER-01","",None,0,0,0,False,False,"",0,Arm
8.61999999999986,"VIPER-02","BANDIT-01",Locked,61076.788461787495,422.49123300570034,0.59102676281843758,False,False,"",0,Arm
8.61999999999986,"BANDIT-01","VIPER-02",Locked,61076.788461787495,422.49123300570034,0.59102676281843758,False,False,"",0,Arm
8.61999999999986,"BANDIT-02","VIPER-02",Locked,63469.50433303407,417.5152738854548,0.57108746389138287,False,False,"",0,Arm
8.7199999999998585,"VIPER-01","",None,0,0,0,False,False,"",0,Arm
8.7199999999998585,"VIPER-02","BANDIT-01",Locked,61034.526720582777,422.71994878483281,0.59137894399514357,False,False,"",0,Arm
8.7199999999998585,"BANDIT-01","VIPER-02",Locked,61034.526720582777,422.71994878483281,0.59137894399514357,False,False,"",0,Arm
8.7199999999998585,"BANDIT-02","VIPER-02",Locked,63427.739426294647,417.75719675286996,0.571435504780878,False,False,"",0,Arm
8.8199999999998564,"VIPER-01","",None,0,0,0,False,False,"",0,Arm
8.8199999999998564,"VIPER-02","BANDIT-01",Locked,60992.242132352061,422.94821794823389,0.59173131556373293,False,False,"",0,Arm
8.8199999999998564,"BANDIT-01","VIPER-02",Locked,60992.242132352061,422.94821794823389,0.59173131556373293,False,False,"",0,Arm
8.8199999999998564,"BANDIT-02","VIPER-02",Locked,63385.950353396249,417.99864408111074,0.57178374705503132,False,False,"",0,Arm
8.9199999999998543,"VIPER-01","",None,0,0,0,False,False,"",0,Arm
8.9199999999998543,"VIPER-02","BANDIT-01",Locked,60949.93474211057,423.17603417468104,0.59208387714907862,False,False,"",0,Arm
8.9199999999998543,"BANDIT-01","VIPER-02",Locked,60949.93474211057,423.17603417468104,0.59208387714907862,False,False,"",0,Arm
8.9199999999998543,"BANDIT-02","VIPER-02",Locked,63344.137162346633,418.23960731494344,0.57213219031377816,False,False,"",0,Arm
9.0199999999998521,"VIPER-01","",None,0,0,0,False,False,"",0,Arm
9.0199999999998521,"VIPER-02","BANDIT-01",Locked,60907.6045954551,423.40339214728812,0.59243662837120759,False,False,"",0,Arm
9.0199999999998521,"BANDIT-01","VIPER-02",Locked,60907.6045954551,423.40339214728812,0.59243662837120759,False,False,"",0,Arm
9.0199999999998521,"BANDIT-02","VIPER-02",Locked,63302.299902101215,418.48007642560538,0.57248083414915663,False,False,"",0,Arm
9.11999999999985,"VIPER-01","",None,0,0,0,False,False,"",0,Arm
9.11999999999985,"VIPER-02","BANDIT-01",Locked,60865.251738440027,423.63028790431775,0.59278956884633316,False,False,"",0,Arm
9.11999999999985,"BANDIT-01","VIPER-02",Locked,60865.251738440027,423.63028790431775,0.59278956884633316,False,False,"",0,Arm
9.11999999999985,"BANDIT-02","VIPER-02",Locked,63260.438622615678,418.72004170690622,0.5728296781448694,False,False,"",0,Arm
9.2199999999998479,"VIPER-01","",None,0,0,0,False,False,"",0,Arm
9.2199999999998479,"VIPER-02","BANDIT-01",Locked,60822.876217445533,423.85671873172794,0.593142698187954,False,False,"",0,Arm
9.2199999999998479,"BANDIT-01","VIPER-02",Locked,60822.876217445533,423.85671873172794,0.593142698187954,False,False,"",0,Arm
9.2199999999998479,"BANDIT-02","VIPER-02",Locked,63218.553374724986,418.95949532032262,0.57317872187729191,False,False,"",0,Arm
9.3199999999998457,"VIPER-01","",None,0,0,0,False,False,"",0,Arm
9.3199999999998457,"VIPER-02","BANDIT-01",Locked,60780.478079071443,424.082682769392,0.593496016007738,False,False,"",0,Arm
9.3199999999998457,"BANDIT-01","VIPER-02",Locked,60780.478079071443,424.082682769392,0.593496016007738,False,False,"",0,Arm
9.3199999999998457,"BANDIT-02","VIPER-02",Locked,63176.644209906088,419.19843198905977,0.5735279649174494,False,False,"",0,Arm
9.4199999999998436,"VIPER-01","",None,0,0,0,False,False,"",0,Arm
9.4199999999998436,"VIPER-02","BANDIT-01",Locked,60738.057370078663,424.30817856963284,0.59384952191601126,False,False,"",0,Arm
9.4199999999998436,"BANDIT-01","VIPER-02",Locked,60738.057370078663,424.30817856963284,0.59384952191601126,False,False,"",0,Arm
9.4199999999998436,"BANDIT-02","VIPER-02",Locked,63134.711180033424,419.43684875486082,0.57387740683305488,False,False,"",0,Arm
9.5199999999998415,"VIPER-01","",None,0,0,0,False,False,"",0,Arm
9.5199999999998415,"VIPER-02","BANDIT-01",Locked,60695.61413736533,424.53320479080469,0.59420321552195565,False,False,"",0,Arm
9.5199999999998415,"BANDIT-01","VIPER-02",Locked,60695.61413736533,424.53320479080469,0.59420321552195565,False,False,"",0,Arm
9.5199999999998415,"BANDIT-02","VIPER-02",Locked,63092.754337187216,419.67474412065195,0.57422704719010664,False,False,"",0,Arm
9.61999999999984,"VIPER-01","",None,0,0,0,False,False,"",0,Arm
9.61999999999984,"VIPER-02","BANDIT-01",Locked,60653.148427962828,424.75776009118107,0.59455709643364318,False,False,"",0,Arm
9.61999999999984,"BANDIT-01","VIPER-02",Locked,60653.148427962828,424.75776009118107,0.59455709643364318,False,False,"",0,Arm
9.61999999999984,"BANDIT-02","VIPER-02",Locked,63050.773733564369,419.91211706616821,0.5745768855536304,False,False,"",0,Arm
9.7199999999998372,"VIPER-01","",None,0,0,0,False,False,"",0,Arm
9.7199999999998372,"VIPER-02","BANDIT-01",Locked,60610.660289035121,424.98184317958948,0.5949111642580408,False,False,"",0,Arm
9.7199999999998372,"BANDIT-01","VIPER-02",Locked,60610.660289035121,424.98184317958948,0.5949111642580408,False,False,"",0,Arm
9.7199999999998372,"BANDIT-02","VIPER-02",Locked,63008.769421471792,420.14896634128519,0.57492692148773517,False,False,"",0,Arm
9.8199999999998351,"VIPER-01","",None,0,0,0,False,False,"",0,Arm
9.8199999999998351,"VIPER-02","BANDIT-01",Locked,60568.149767866256,425.20545292497735,0.59526541860111459,False,False,"",0,Arm
9.8199999999998351,"BANDIT-01","VIPER-02",Locked,60568.149767866256,425.20545292497735,0.59526541860111459,False,False,"",0,Arm
9.8199999999998351,"BANDIT-02","VIPER-02",Locked,62966.741453367831,420.38529021509595,0.57527715455526818,False,False,"",0,Arm
9.919999999999833,"VIPER-01","",None,0,0,0,False,False,"",0,Arm
9.919999999999833,"VIPER-02","BANDIT-01",Locked,60525.616911843346,425.42858843509742,0.59561985906797221,False,False,"",0,Arm
9.919999999999833,"BANDIT-01","VIPER-02",Locked,60525.616911843346,425.42858843509742,0.59561985906797221,False,False,"",0,Arm
9.919999999999833,"BANDIT-02","VIPER-02",Locked,62924.689881903985,420.621086623055,0.57562758431746686,False,False,"",0,Arm
10.019999999999831,"VIPER-01","",None,0,0,0,False,False,"",0,Arm
10.019999999999831,"VIPER-02","BANDIT-01",Locked,60483.0617684259,425.65124906180444,0.59597448526311758,False,False,"",0,Arm
10.019999999999831,"BANDIT-01","VIPER-02",Locked,60483.0617684259,425.65124906180444,0.59597448526311758,False,False,"",0,Arm
10.019999999999831,"BANDIT-02","VIPER-02",Locked,62882.614759941192,420.85635351155292,0.57597821033382346,False,False,"",0,Arm
10.119999999999829,"VIPER-01","",None,0,0,0,False,False,"",0,Arm
10.119999999999829,"VIPER-02","BANDIT-01",Locked,60440.484385129428,425.87343434320525,0.59632929679058821,False,False,"",0,Arm
10.119999999999829,"BANDIT-01","VIPER-02",Locked,60440.484385129428,425.87343434320525,0.59632929679058821,False,False,"",0,Arm
10.119999999999829,"BANDIT-02","VIPER-02",Locked,62840.516140530592,421.09108916249028,0.57632903216224518,False,False,"",0,Arm
10.219999999999827,"VIPER-01","",None,0,0,0,False,False,"",0,Arm
10.219999999999827,"VIPER-02","BANDIT-01",Locked,60397.884809508258,426.09514392450905,0.596684293254098,False,False,"",0,Arm
10.219999999999827,"BANDIT-01","VIPER-02",Locked,60397.884809508258,426.09514392450905,0.596684293254098,False,False,"",0,Arm
10.219999999999827,"BANDIT-02","VIPER-02",Locked,62798.394076867029,421.32529235985606,0.5766800493594415,False,False,"",0,Arm
10.319999999999824,"VIPER-01","",None,0,0,0,False,False,"",0,Arm
10.319999999999824,"VIPER-02","BANDIT-01",Locked,60355.2630891482,426.31637750108791,0.59703947425709847,False,False,"",0,Arm
10.319999999999824,"BANDIT-01","VIPER-02",Locked,60355.2630891482,426.31637750108791,0.59703947425709847,False,False,"",0,Arm
10.319999999999824,"BANDIT-02","VIPER-02",Locked,62756.248622237566,421.5589623733905,0.57703126148135375,False,False,"",0,Arm
10.419999999999822,"VIPER-01","",None,0,0,0,False,False,"",0,Arm
10.419999999999822,"VIPER-02","BANDIT-01",Locked,60312.619271666954,426.53713480631103,0.59739483940277549,False,False,"",0,Arm
10.419999999999822,"BANDIT-01","VIPER-02",Locked,60312.619271666954,426.53713480631103,0.59739483940277549,False,False,"",0,Arm
10.419999999999822,"BANDIT-02","VIPER-02",Locked,62714.079829984883,421.79209882251661,0.57738266808345939,False,False,"",0,Arm
10.51999999999982,"VIPER-01","",None,0,0,0,False,False,"",0,Arm
10.51999999999982,"VIPER-02","BANDIT-01",Locked,60269.953404701453,426.75741563930603,0.59775038829415461,False,False,"",0,Arm
10.51999999999982,"BANDIT-01","VIPER-02",Locked,60269.953404701453,426.75741563930603,0.59775038829415461,False,False,"",0,Arm
10.51999999999982,"BANDIT-02","VIPER-02",Locked,62671.887753477647,422.02470151616438,0.57773426872101974,False,False,"",0,Arm
10.619999999999818,"VIPER-01","",None,0,0,0,False,False,"",0,Arm
10.619999999999818,"VIPER-02","BANDIT-01",Locked,60227.265535906488,426.97721990872833,0.59810612053411272,False,False,"",0,Arm
10.619999999999818,"BANDIT-01","VIPER-02",Locked,60227.265535906488,426.97721990872833,0.59810612053411272,False,False,"",0,Arm
10.619999999999818,"BANDIT-02","VIPER-02",Locked,62629.672446095843,422.25677034348439,0.5780860629492014,False,False,"",0,Arm
10.719999999999816,"VIPER-01","",None,0,0,0,False,False,"",0,Arm
10.719999999999816,"VIPER-02","BANDIT-01",Locked,60184.5557129361,427.19654766505278,0.59846203572553258,False,False,"",0,Arm
10.719999999999816,"BANDIT-01","VIPER-02",Locked,60184.5557129361,427.19654766505278,0.59846203572553258,False,False,"",0,Arm
10.719999999999816,"BANDIT-02","VIPER-02",Locked,62587.433961231611,422.48830524203652,0.57843805032307,False,False,"",0,Arm
10.819999999999814,"VIPER-01","",None,0,0,0,False,False,"",0,Arm
10.819999999999814,"VIPER-02","BANDIT-01",Locked,60141.823983432609,427.41539910398143,0.598818133471395,False,False,"",0,Arm
10.819999999999814,"BANDIT-01","VIPER-02",Locked,60141.823983432609,427.41539910398143,0.598818133471395,False,False,"",0,Arm
10.819999999999814,"BANDIT-02","VIPER-02",Locked,62545.172352276975,422.719306224202,0.578790230397692,False,False,"",0,Arm
10.919999999999812,"VIPER-01","",None,0,0,0,False,False,"",0,Arm
10.919999999999812,"VIPER-02","BANDIT-01",Locked,60099.070395009629,427.63377453948152,0.59917441337491983,False,False,"",0,Arm
10.919999999999812,"BANDIT-01","VIPER-02",Locked,60099.070395009629,427.63377453948152,0.59917441337491983,False,False,"",0,Arm
10.919999999999812,"BANDIT-02","VIPER-02",Locked,62502.88767261654,422.94977341975886,0.57914260272819562,False,False,"",0,Arm
11.01999999999981,"VIPER-01","BANDIT-01",Locked,67968.244076361152,333.58355881580951,0.53359796603032383,False,False,"",0,Arm
11.01999999999981,"VIPER-02","BANDIT-01",Locked,60056.29499524612,427.85167435840168,0.59953087503961577,False,False,"",0,Arm
11.01999999999981,"BANDIT-01","VIPER-02",Locked,60056.29499524612,427.85167435840168,0.59953087503961577,False,False,"",0,Arm
11.01999999999981,"BANDIT-02","VIPER-02",Locked,62460.579975615394,423.1797070969111,0.57949516686987179,False,False,"",0,Arm
11.119999999999807,"VIPER-01","BANDIT-01",Locked,67934.837855952777,334.45041349132754,0.53387635120039356,False,False,"",0,Arm
11.119999999999807,"VIPER-02","BANDIT-01",Locked,60013.4978316825,428.06909897409184,0.59988751806931262,False,False,"",0,Arm
11.119999999999807,"BANDIT-01","VIPER-02",Locked,60013.4978316825,428.06909897409184,0.59988751806931262,False,False,"",0,Arm
11.119999999999807,"BANDIT-02","VIPER-02",Locked,62418.249314605804,423.4091076458044,0.57984792237828509,False,False,"",0,Arm
11.219999999999805,"VIPER-01","BANDIT-01",Locked,67901.346144540541,335.29510789835831,0.53415544879549559,False,False,"",0,Arm
11.219999999999805,"VIPER-02","BANDIT-01",Locked,59970.678951815164,428.28604879367953,0.60024434206820709,False,False,"",0,Arm
11.219999999999805,"BANDIT-01","VIPER-02",Locked,59970.678951815164,428.28604879367953,0.60024434206820709,False,False,"",0,Arm
11.219999999999805,"BANDIT-02","VIPER-02",Locked,62375.89574287369,423.63797553291772,0.580200868809386,False,False,"",0,Arm
11.319999999999803,"VIPER-01","BANDIT-01",Locked,67867.771278513275,336.11578938377539,0.53443523934572279,False,False,"",0,Arm
11.319999999999803,"VIPER-02","BANDIT-01",Locked,59927.838403103655,428.50252420565135,0.60060134664080289,False,False,"",0,Arm
11.319999999999803,"BANDIT-01","VIPER-02",Locked,59927.838403103655,428.50252420565135,0.60060134664080289,False,False,"",0,Arm
11.319999999999803,"BANDIT-02","VIPER-02",Locked,62333.519313659555,423.86631124909115,0.58055400571950377,False,False,"",0,Arm
11.419999999999801,"VIPER-01","BANDIT-01",Locked,67834.115651446686,336.91295777518837,0.534715702904611,False,False,"",0,Arm
11.419999999999801,"VIPER-02","BANDIT-01",Locked,59884.97623296571,428.71852558577172,0.60095853139195254,False,False,"",0,Arm
11.419999999999801,"BANDIT-01","VIPER-02",Locked,59884.97623296571,428.71852558577172,0.60095853139195254,False,False,"",0,Arm
11.419999999999801,"BANDIT-02","VIPER-02",Locked,62291.120080151893,424.09411527409327,0.580907332665401,False,False,"",0,Arm
11.519999999999799,"VIPER-01","BANDIT-01",Locked,67800.3814798422,337.6893744420646,0.53499682100131518,False,False,"",0,Arm
11.519999999999799,"VIPER-02","BANDIT-01",Locked,59842.09248878542,428.93405331381058,0.60131589592678825,False,False,"",0,Arm
11.519999999999799,"BANDIT-01","VIPER-02",Locked,59842.09248878542,428.93405331381058,0.60131589592678825,False,False,"",0,Arm
11.519999999999799,"BANDIT-02","VIPER-02",Locked,62248.698095496526,424.32138806975803,0.58126084920419574,False,False,"",0,Arm
11.619999999999797,"VIPER-01","BANDIT-01",Locked,67766.570602567357,338.44954237609142,0.53527857831193881,False,False,"",0,Arm
11.619999999999797,"VIPER-02","BANDIT-01",Locked,59799.187217907216,429.1491077921475,0.60167343985077326,False,False,"",0,Arm
11.619999999999797,"BANDIT-01","VIPER-02",Locked,59799.187217907216,429.1491077921475,0.60167343985077326,False,False,"",0,Arm
11.619999999999797,"BANDIT-02","VIPER-02",Locked,62206.253412789447,424.54813009916256,0.5816145548934214,False,False,"",0,Arm
11.719999999999795,"VIPER-01","BANDIT-01",Locked,67732.684348743453,339.19891658751345,0.53556096376047135,False,False,"",0,Arm
11.719999999999795,"VIPER-02","BANDIT-01",Locked,59756.260467628483,429.363689459599,0.60203116276976276,False,False,"",0,Arm
11.719999999999795,"BANDIT-01","VIPER-02",Locked,59756.260467628483,429.363689459599,0.60203116276976276,False,False,"",0,Arm
11.719999999999795,"BANDIT-02","VIPER-02",Locked,62163.786085079264,424.77434185876103,0.58196844929100622,False,False,"",0,Arm
11.819999999999792,"VIPER-01","BANDIT-01",Locked,67698.7234898041,339.94304979895338,0.53584397091829916,False,False,"",0,Arm
11.819999999999792,"VIPER-02","BANDIT-01",Locked,59713.312285206637,429.57779879750348,0.60238906428994476,False,False,"",0,Arm
11.819999999999792,"BANDIT-01","VIPER-02",Locked,59713.312285206637,429.57779879750348,0.60238906428994476,False,False,"",0,Arm
11.819999999999792,"BANDIT-02","VIPER-02",Locked,62121.296165363907,425.0000239074397,0.58232253195530082,False,False,"",0,Arm
11.91999999999979,"VIPER-01","BANDIT-01",Locked,67664.68827434277,340.68678921083296,0.53612759771381036,False,False,"",0,Arm
11.91999999999979,"VIPER-02","BANDIT-01",Locked,59670.342717845,429.79143632846694,0.60274714401795837,False,False,"",0,Arm
11.91999999999979,"BANDIT-01","VIPER-02",Locked,59670.342717845,429.79143632846694,0.60274714401795837,False,False,"",0,Arm
11.91999999999979,"BANDIT-02","VIPER-02",Locked,62078.783706579226,425.22517688076255,0.58267680244517317,False,False,"",0,Arm
12.019999999999788,"VIPER-01","BANDIT-01",Locked,67630.578530367638,341.43378735746012,0.53641184558026977,False,False,"",0,Arm
12.019999999999788,"VIPER-02","BANDIT-01",Locked,59627.351812692912,430.00460261007606,0.60310540156089254,False,False,"",0,Arm
12.019999999999788,"BANDIT-01","VIPER-02",Locked,59627.351812692912,430.00460261007606,0.60310540156089254,False,False,"",0,Arm
12.019999999999788,"BANDIT-02","VIPER-02",Locked,62036.248761594143,425.44980148687205,0.58303126032004893,False,False,"",0,Arm
12.119999999999786,"VIPER-01","BANDIT-01",Locked,67596.393796070173,342.18629171190531,0.536696718366082,False,False,"",0,Arm
12.119999999999786,"VIPER-02","BANDIT-01",Locked,59584.339616845733,430.217298226214,0.60346383652628566,False,False,"",0,Arm
12.119999999999786,"BANDIT-01","VIPER-02",Locked,59584.339616845733,430.217298226214,0.60346383652628566,False,False,"",0,Arm
12.119999999999786,"BANDIT-02","VIPER-02",Locked,61993.6913832043,425.67389848807625,0.58338590513996424,False,False,"",0,Arm
12.219999999999784,"VIPER-01","BANDIT-01",Locked,67562.133464454528,342.94512868080938,0.53698222112954574,False,False,"",0,Arm
12.219999999999784,"VIPER-02","BANDIT-01",Locked,59541.306177335216,430.42952377800771,0.60382244852220657,False,False,"",0,Arm
12.219999999999784,"BANDIT-01","VIPER-02",Locked,59541.306177335216,430.42952377800771,0.60382244852220657,False,False,"",0,Arm
12.219999999999784,"BANDIT-02","VIPER-02",Locked,61951.11162412609,425.89746867649018,0.583740736465616,False,False,"",0,Arm
12.319999999999782,"VIPER-01","BANDIT-01",Locked,67527.796913289072,343.70994314061494,0.53726835905592452,False,False,"",0,Arm
12.319999999999782,"VIPER-02","BANDIT-01",Locked,59498.251541134028,430.6412798756287,0.6041812371572165,False,False,"",0,Arm
12.319999999999782,"BANDIT-01","VIPER-02",Locked,59498.251541134028,430.6412798756287,0.6041812371572165,False,False,"",0,Arm
12.319999999999782,"BANDIT-02","VIPER-02",Locked,61908.509536996404,426.12051285206138,0.58409575385836343,False,False,"",0,Arm
12.41999999999978,"VIPER-01","BANDIT-01",Locked,67493.383606301548,344.47951127704573,0.53755513661415388,False,False,"",0,Arm
12.41999999999978,"VIPER-02","BANDIT-01",Locked,59455.175755154109,430.85256713161385,0.6045402020403825,False,False,"",0,Arm
12.41999999999978,"BANDIT-01","VIPER-02",Locked,59455.175755154109,430.85256713161385,0.6045402020403825,False,False,"",0,Arm
12.41999999999978,"BANDIT-02","VIPER-02",Locked,61865.88517437307,426.34303180835428,0.58445095688022453,False,False,"",0,Arm
12.519999999999778,"VIPER-01","BANDIT-01",Locked,67458.89316266829,345.2520520981,0.53784255697776429,False,False,"",0,Arm
12.519999999999778,"VIPER-02","BANDIT-01",Locked,59412.078866246673,431.06338615617909,0.60489934278127788,False,False,"",0,Arm
12.519999999999778,"BANDIT-01","VIPER-02",Locked,59412.078866246673,431.06338615617909,0.60489934278127788,False,False,"",0,Arm
12.519999999999778,"BANDIT-02","VIPER-02",Locked,61823.238588733977,426.5650263274253,0.58480634509388363,False,False,"",0,Arm
12.619999999999775,"VIPER-01","BANDIT-01",Locked,67424.325397656343,346.02549273095065,0.53813062168619719,False,False,"",0,Arm
12.619999999999775,"VIPER-02","BANDIT-01",Locked,59368.960921200836,431.27373755493153,0.60525865898999309,False,False,"",0,Arm
12.619999999999775,"BANDIT-01","VIPER-02",Locked,59368.960921200836,431.27373755493153,0.60525865898999309,False,False,"",0,Arm
12.619999999999775,"BANDIT-02","VIPER-02",Locked,61780.569832480331,426.7864971819846,0.585161918062664,False,False,"",0,Arm
12.719999999999773,"VIPER-01","BANDIT-01",Locked,67389.680340070016,346.79767293226638,0.53841933049941659,False,False,"",0,Arm
12.719999999999773,"VIPER-02","BANDIT-01",Locked,59325.821966743941,431.48362192917824,0.60561815027713384,False,False,"",0,Arm
12.719999999999773,"BANDIT-01","VIPER-02",Locked,59325.821966743941,431.48362192917824,0.60561815027713384,False,False,"",0,Arm
12.719999999999773,"BANDIT-02","VIPER-02",Locked,61737.878957936278,427.00744514153604,0.58551767535053112,False,False,"",0,Arm
12.819999999999771,"VIPER-01","BANDIT-01",Locked,67354.958232279081,347.56649684645396,0.53870868139767436,False,False,"",0,Arm
12.819999999999771,"VIPER-02","BANDIT-01",Locked,59282.662049549312,431.69303987865834,0.60597781625375591,False,False,"",0,Arm
12.819999999999771,"BANDIT-01","VIPER-02",Locked,59282.662049549312,431.69303987865834,0.60597781625375591,False,False,"",0,Arm
12.819999999999771,"BANDIT-02","VIPER-02",Locked,61695.166017348951,427.22787097943507,0.58587361652209213,False,False,"",0,Arm
12.919999999999769,"VIPER-01","BANDIT-01",Locked,67320.159517121851,348.33005013169179,0.53899867069065133,False,False,"",0,Arm
12.919999999999769,"VIPER-02","BANDIT-01",Locked,59239.481216223874,431.90199200588768,0.60633765653146776,False,False,"",0,Arm
12.919999999999769,"BANDIT-01","VIPER-02",Locked,59239.481216223874,431.90199200588768,0.60633765653146776,False,False,"",0,Arm
12.919999999999769,"BANDIT-02","VIPER-02",Locked,61652.431062886535,427.44777547881864,0.58622974114261228,False,False,"",0,Arm
13.019999999999767,"VIPER-01","BANDIT-01",Locked,67285.28481422193,349.0866987722045,0.53928929321481733,False,False,"",0,Arm
13.019999999999767,"VIPER-02","BANDIT-01",Locked,59196.279513315261,432.11047892096605,0.60669767072237291,False,False,"",0,Arm
13.019999999999767,"BANDIT-01","VIPER-02",Locked,59196.279513315261,432.11047892096605,0.60669767072237291,False,False,"",0,Arm
13.019999999999767,"BANDIT-02","VIPER-02",Locked,61609.674146638965,427.66715943660779,0.58658604877800868,False,False,"",0,Arm
13.119999999999765,"VIPER-01","BANDIT-01",Locked,67250.334887046774,349.83517653136869,0.53958054260794364,False,False,"",0,Arm
13.119999999999765,"VIPER-02","BANDIT-01",Locked,59153.056987311662,432.31850124546213,0.60705785843906956,False,False,"",0,Arm
13.119999999999765,"BANDIT-01","VIPER-02",Locked,59153.056987311662,432.31850124546213,0.60705785843906956,False,False,"",0,Arm
13.119999999999765,"BANDIT-02","VIPER-02",Locked,61566.895320615382,427.88602366551407,0.58694253899487192,False,False,"",0,Arm
13.219999999999763,"VIPER-01","BANDIT-01",Locked,67215.310602002079,350.57465695529913,0.53987241164998279,False,False,"",0,Arm
13.219999999999763,"VIPER-02","BANDIT-01",Locked,59109.813684637833,432.52605961432448,0.60741821929468487,False,False,"",0,Arm
13.219999999999763,"BANDIT-01","VIPER-02",Locked,59109.813684637833,432.52605961432448,0.60741821929468487,False,False,"",0,Arm
13.219999999999763,"BANDIT-02","VIPER-02",Locked,61524.094636743779,428.10436899422319,0.58729921136046859,False,False,"",0,Arm
13.31999999999976,"VIPER-01","BANDIT-01",Locked,67180.2128817017,351.30479829446637,0.540164892652486,False,False,"",0,Arm
13.31999999999976,"VIPER-02","BANDIT-01",Locked,59066.549651652895,432.73315467534258,0.60777875290289263,False,False,"",0,Arm
13.31999999999976,"BANDIT-01","VIPER-02",Locked,59066.549651652895,432.73315467534258,0.60777875290289263,False,False,"",0,Arm
13.31999999999976,"BANDIT-02","VIPER-02",Locked,61481.272146867857,428.32219626593331,0.58765606544276794,False,False,"",0,Arm
13.419999999999758,"VIPER-01","BANDIT-01",Locked,67145.042656115416,352.02573362249512,0.54045797786570493,False,False,"",0,Arm
13.419999999999758,"VIPER-02","BANDIT-01",Locked,59023.264934651175,432.93978708640293,0.608139458877907,False,False,"",0,Arm
13.419999999999758,"BANDIT-01","VIPER-02",Locked,59023.264934651175,432.93978708640293,0.608139458877907,False,False,"",0,Arm
13.419999999999758,"BANDIT-02","VIPER-02",Locked,61438.427902745105,428.53950633540063,0.58801310081045755,False,False,"",0,Arm
13.519999999999756,"VIPER-01","BANDIT-01",Locked,67109.800825729268,352.73786145153235,0.54075165978558948,False,False,"",0,Arm
13.519999999999756,"VIPER-02","BANDIT-01",Locked,58979.959579861752,433.145957511375,0.60850033683448546,False,False,"",0,Arm
13.519999999999756,"BANDIT-01","VIPER-02",Locked,58979.959579861752,433.145957511375,0.60850033683448546,False,False,"",0,Arm
13.519999999999756,"BANDIT-02","VIPER-02",Locked,61395.561956049918,428.75630006481026,0.58837031703291742,False,False,"",0,Arm
13.619999999999754,"VIPER-01","BANDIT-01",Locked,67074.488236217992,353.44184567098864,0.54104593136485013,False,False,"",0,Arm
13.619999999999754,"VIPER-02","BANDIT-01",Locked,58936.633633445868,433.35166661576807,0.60886138638795118,False,False,"",0,Arm
13.619999999999754,"BANDIT-01","VIPER-02",Locked,58936.633633445868,433.35166661576807,0.60886138638795118,False,False,"",0,Arm
13.619999999999754,"BANDIT-02","VIPER-02",Locked,61352.674358367316,428.97257831909673,0.58872771368027244,False,False,"",0,Arm
13.719999999999752,"VIPER-01","BANDIT-01",Locked,67039.105664112518,354.13836180984538,0.54134078613239578,False,False,"",0,Arm
13.719999999999752,"VIPER-02","BANDIT-01",Locked,58893.287141498622,433.55691506320164,0.6092226071541782,False,False,"",0,Arm
13.719999999999752,"BANDIT-01","VIPER-02",Locked,58893.287141498622,433.55691506320164,0.6092226071541782,False,False,"",0,Arm
13.719999999999752,"BANDIT-02","VIPER-02",Locked,61309.765161196861,429.18834196158508,0.58908529032335955,False,False,"",0,Arm
13.81999999999975,"VIPER-01","BANDIT-01",Locked,67003.653824479712,354.82796304344862,0.54163621812933582,False,False,"",0,Arm
13.81999999999975,"VIPER-02","BANDIT-01",Locked,58849.920150049438,433.76170351345388,0.60958399874958813,False,False,"",0,Arm
13.81999999999975,"BANDIT-01","VIPER-02",Locked,58849.920150049438,433.76170351345388,0.60958399874958813,False,False,"",0,Arm
13.81999999999975,"BANDIT-02","VIPER-02",Locked,61266.83441595202,429.40359185089727,0.58944304653373325,False,False,"",0,Arm
13.919999999999748,"VIPER-01","BANDIT-01",Locked,66968.1333868584,355.51101742936174,0.54193222177618006,False,False,"",0,Arm
13.919999999999748,"VIPER-02","BANDIT-01",Locked,58806.532705061261,433.96603262228126,0.60994556079115625,False,False,"",0,Arm
13.919999999999748,"BANDIT-01","VIPER-02",Locked,58806.532705061261,433.96603262228126,0.60994556079115625,False,False,"",0,Arm
13.919999999999748,"BANDIT-02","VIPER-02",Locked,61223.882173961807,429.61832883975916,0.58980098188365171,False,False,"",0,Arm
14.019999999999746,"VIPER-01","BANDIT-01",Locked,66932.544995758071,356.18767662960408,0.54222879170201621,False,False,"",0,Arm
14.019999999999746,"VIPER-02","BANDIT-01",Locked,58763.12485243391,434.16990304277346,0.61030729289638419,False,False,"",0,Arm
14.019999999999746,"BANDIT-01","VIPER-02",Locked,58763.12485243391,434.16990304277346,0.61030729289638419,False,False,"",0,Arm
14.019999999999746,"BANDIT-02","VIPER-02",Locked,61180.908486468994,429.83255377587955,0.59015909594609184,False,False,"",0,Arm
14.119999999999743,"VIPER-01","BANDIT-01",Locked,66896.889292601249,356.85787442340592,0.54252592256165633,False,False,"",0,Arm
14.119999999999743,"VIPER-02","BANDIT-01",Locked,58719.696637999179,434.37331542764855,0.61066919468334024,False,False,"",0,Arm
14.119999999999743,"BANDIT-01","VIPER-02",Locked,58719.696637999179,434.37331542764855,0.61066919468334024,False,False,"",0,Arm
14.119999999999743,"BANDIT-02","VIPER-02",Locked,61137.913404632323,430.04626750450581,0.59051738829473077,False,False,"",0,Arm
14.219999999999741,"VIPER-01","BANDIT-01",Locked,66861.166936424284,357.5213497324217,0.54282360886313108,False,False,"",0,Arm
14.219999999999741,"VIPER-02","BANDIT-01",Locked,58676.248107524341,434.57627043176484,0.6110312657706306,False,False,"",0,Arm
14.219999999999741,"BANDIT-01","VIPER-02",Locked,58676.248107524341,434.57627043176484,0.6110312657706306,False,False,"",0,Arm
14.219999999999741,"BANDIT-02","VIPER-02",Locked,61094.896979525547,430.25947087179685,0.59087585850395385,False,False,"",0,Arm
14.319999999999739,"VIPER-01","BANDIT-01",Locked,66825.378621250435,358.17768703002486,0.54312184482291315,False,False,"",0,Arm
14.319999999999739,"VIPER-02","BANDIT-01",Locked,58632.779306712007,434.77876871418516,0.6113935057774,False,False,"",0,Arm
14.319999999999739,"BANDIT-01","VIPER-02",Locked,58632.779306712007,434.77876871418516,0.6113935057774,False,False,"",0,Arm
14.319999999999739,"BANDIT-02","VIPER-02",Locked,61051.8592621379,430.47216472801369,0.591234506148851,False,False,"",0,Arm
14.419999999999737,"VIPER-01","BANDIT-01",Locked,66789.525088823721,358.82636658864271,0.54342062425980242,False,False,"",0,Arm
14.419999999999737,"VIPER-02","BANDIT-01",Locked,58589.290281197296,434.98081093933138,0.611755914323356,False,False,"",0,Arm
14.419999999999737,"BANDIT-01","VIPER-02",Locked,58589.290281197296,434.98081093933138,0.611755914323356,False,False,"",0,Arm
14.419999999999737,"BANDIT-02","VIPER-02",Locked,61008.800303373515,430.684349929669,0.59159333080522081,False,False,"",0,Arm
14.519999999999735,"VIPER-01","BANDIT-01",Locked,66753.6071361027,359.46681754766337,0.54371994053247763,False,False,"",0,Arm
14.519999999999735,"VIPER-02","BANDIT-01",Locked,58545.781076547915,435.1823977770652,0.61211849102876748,False,False,"",0,Arm
14.519999999999735,"BANDIT-01","VIPER-02",Locked,58545.781076547915,435.1823977770652,0.61211849102876748,False,False,"",0,Arm
14.519999999999735,"BANDIT-02","VIPER-02",Locked,60965.720154048846,430.89602734014687,0.59195233204959308,False,False,"",0,Arm
14.619999999999733,"VIPER-01","BANDIT-01",Locked,66717.625617586978,360.09846782368504,0.54401978652010863,False,False,"",0,Arm
14.619999999999733,"VIPER-02","BANDIT-01",Locked,58502.251738266074,435.38352990181579,0.61248123551444955,False,False,"",0,Arm
14.619999999999733,"BANDIT-01","VIPER-02",Locked,58502.251738266074,435.38352990181579,0.61248123551444955,False,False,"",0,Arm
14.619999999999733,"BANDIT-02","VIPER-02",Locked,60922.618864896111,431.10719782878431,0.59231150945919919,False,False,"",0,Arm
14.719999999999731,"VIPER-01","BANDIT-01",Locked,66681.58144304069,360.72078616526954,0.54432015464132766,False,False,"",0,Arm
14.719999999999731,"VIPER-02","BANDIT-01",Locked,58458.702311786095,435.58420799104209,0.61284414740178261,False,False,"",0,Arm
14.719999999999731,"BANDIT-01","VIPER-02",Locked,58458.702311786095,435.58420799104209,0.61284414740178261,False,False,"",0,Arm
14.719999999999731,"BANDIT-02","VIPER-02",Locked,60879.496486559525,431.31786226877711,0.59267086261200408,False,False,"",0,Arm
14.819999999999729,"VIPER-01","BANDIT-01",Locked,66645.475565341359,361.33350023738575,0.5446210369554888,False,False,"",0,Arm
14.819999999999729,"VIPER-02","BANDIT-01",Locked,58415.132842473577,435.784432723496,0.61320722631272029,False,False,"",0,Arm
14.819999999999729,"BANDIT-01","VIPER-02",Locked,58415.132842473577,435.784432723496,0.61320722631272029,False,False,"",0,Arm
14.819999999999729,"BANDIT-02","VIPER-02",Locked,60836.353069595258,431.5280215345847,0.5930303910867063,False,False,"",0,Arm
14.919999999999726,"VIPER-01","BANDIT-01",Locked,66609.308936750924,361.93678338633111,0.5449224255270757,False,False,"",0,Arm
14.919999999999726,"VIPER-02","BANDIT-01",Locked,58371.543375627116,435.98420477768616,0.61357047186977409,False,False,"",0,Arm
14.919999999999726,"BANDIT-01","VIPER-02",Locked,58371.543375627116,435.98420477768616,0.61357047186977409,False,False,"",0,Arm
14.919999999999726,"BANDIT-02","VIPER-02",Locked,60793.18866447184,431.73767649949662,0.59339009446273472,False,False,"",0,Arm
15.019999999999724,"VIPER-01","BANDIT-01",Locked,66573.082474340088,362.53120824912378,0.54522431271383265,False,False,"",0,Arm
15.019999999999724,"VIPER-02","BANDIT-01",Locked,58327.9339564768,436.18352483087006,0.61393388369602675,False,False,"",0,Arm
15.019999999999724,"BANDIT-01","VIPER-02",Locked,58327.9339564768,436.18352483087006,0.61393388369602675,False,False,"",0,Arm
15.019999999999724,"BANDIT-02","VIPER-02",Locked,60750.0033215724,431.94682803392294,0.59374997232023008,False,False,"",0,Arm
15.119999999999722,"VIPER-01","BANDIT-01",Locked,66536.797003659565,363.11794840283147,0.5455266916361704,False,False,"",0,Arm
15.119999999999722,"VIPER-02","BANDIT-01",Locked,58284.304630185747,436.38239355873969,0.61429746141511887,False,False,"",0,Arm
15.119999999999722,"BANDIT-01","VIPER-02",Locked,58284.304630185747,436.38239355873969,0.61429746141511887,False,False,"",0,Arm
15.119999999999722,"BANDIT-02","VIPER-02",Locked,60706.797091191373,432.1554770046958,0.594110024240072,False,False,"",0,Arm
15.21999999999972,"VIPER-01","BANDIT-01",Locked,66500.453208408726,363.69859068798951,0.545829556596594,False,False,"",0,Arm
15.21999999999972,"VIPER-02","BANDIT-01",Locked,58240.655441848467,436.58081163576855,0.614661204651263,False,False,"",0,Arm
15.21999999999972,"BANDIT-01","VIPER-02",Locked,58240.655441848467,436.58081163576855,0.614661204651263,False,False,"",0,Arm
15.21999999999972,"BANDIT-02","VIPER-02",Locked,60663.570023537293,432.363624275406,0.594470249803856,False,False,"",0,Arm
15.319999999999718,"VIPER-01","BANDIT-01",Locked,66464.051601312021,364.27491100045734,0.54613290332239994,False,False,"",0,Arm
15.319999999999718,"VIPER-02","BANDIT-01",Locked,58196.986436493928,436.77877973604882,0.61502511302921736,False,False,"",0,Arm
15.319999999999718,"BANDIT-01","VIPER-02",Locked,58196.986436493928,436.77877973604882,0.61502511302921736,False,False,"",0,Arm
15.319999999999718,"BANDIT-02","VIPER-02",Locked,60620.322168733015,432.57127070754325,0.59483064859389168,False,False,"",0,Arm
15.419999999999716,"VIPER-01","BANDIT-01",Locked,66427.592517599711,364.84865190344146,0.54643672902000251,False,False,"",0,Arm
15.419999999999716,"VIPER-02","BANDIT-01",Locked,58153.29765908212,436.97629853433409,0.61538918617431571,False,False,"",0,Arm
15.419999999999716,"BANDIT-01","VIPER-02",Locked,58153.29765908212,436.97629853433409,0.61538918617431571,False,False,"",0,Arm
15.419999999999716,"BANDIT-02","VIPER-02",Locked,60577.053576814265,432.77841716202494,0.59519122019321458,False,False,"",0,Arm
15.519999999999714,"VIPER-01","BANDIT-01",Locked,66391.076129092558,365.42133436213624,0.5467410322575621,False,False,"",0,Arm
15.519999999999714,"VIPER-02","BANDIT-01",Locked,58109.589154506524,437.1733687070091,0.61575342371244579,False,False,"",0,Arm
15.519999999999714,"BANDIT-01","VIPER-02",Locked,58109.589154506524,437.1733687070091,0.61575342371244579,False,False,"",0,Arm
15.519999999999714,"BANDIT-02","VIPER-02",Locked,60533.764297732814,432.98506450071642,0.59555196418556,False,False,"",0,Arm
15.619999999999711,"VIPER-01","BANDIT-01",Locked,66354.502474111432,365.99412649202463,0.54704581271573816,False,False,"",0,Arm
15.619999999999711,"VIPER-02","BANDIT-01",Locked,58065.860967590714,437.3699909327442,0.61611782527007741,False,False,"",0,Arm
15.619999999999711,"BANDIT-01","VIPER-02",Locked,58065.860967590714,437.3699909327442,0.61611782527007741,False,False,"",0,Arm
15.619999999999711,"BANDIT-02","VIPER-02",Locked,60490.454381350683,433.19121358754921,0.59591288015541111,False,False,"",0,Arm
15.719999999999709,"VIPER-01","BANDIT-01",Locked,66317.871496851338,366.56777945583934,0.54735107085957224,False,False,"",0,Arm
15.719999999999709,"VIPER-02","BANDIT-01",Locked,58022.113143093185,437.56616589271641,0.6164823904742236,False,False,"",0,Arm
15.719999999999709,"BANDIT-01","VIPER-02",Locked,58022.113143093185,437.56616589271641,0.6164823904742236,False,False,"",0,Arm
15.719999999999709,"BANDIT-02","VIPER-02",Locked,60447.123877445745,433.39686528901569,0.59627396768795227,False,False,"",0,Arm
15.819999999999707,"VIPER-01","BANDIT-01",Locked,66281.183089531216,367.14262814963172,0.54765680758724,False,False,"",0,Arm
15.819999999999707,"VIPER-02","BANDIT-01",Locked,57978.345725701744,437.7618942703902,0.61684711895248556,False,False,"",0,Arm
15.819999999999707,"BANDIT-01","VIPER-02",Locked,57978.345725701744,437.7618942703902,0.61684711895248556,False,False,"",0,Arm
15.819999999999707,"BANDIT-02","VIPER-02",Locked,60403.772835707648,433.60202047399463,0.596635226369103,False,False,"",0,Arm
15.919999999999705,"VIPER-01","BANDIT-01",Locked,66244.437131445738,367.718644794866,0.54796302390461893,False,False,"",0,Arm
15.919999999999705,"VIPER-02","BANDIT-01",Locked,57934.558760038039,437.95717675095756,0.61721201033301643,False,False,"",0,Arm
15.919999999999705,"BANDIT-01","VIPER-02",Locked,57934.558760038039,437.95717675095756,0.61721201033301643,False,False,"",0,Arm
15.919999999999705,"BANDIT-02","VIPER-02",Locked,60360.401305741892,433.80668001300938,0.59699665578548433,False,False,"",0,Arm
16.019999999999705,"VIPER-01","BANDIT-01",Locked,66207.633520541742,368.29552822018474,0.54826972066215229,False,False,"",0,Arm
16.019999999999705,"VIPER-02","BANDIT-01",Locked,57890.752290654324,438.15201402062979,0.61757706424454739,False,False,"",0,Arm
16.019999999999705,"BANDIT-01","VIPER-02",Locked,57890.752290654324,438.15201402062979,0.61757706424454739,False,False,"",0,Arm
16.019999999999705,"BANDIT-02","VIPER-02",Locked,60317.009337064075,434.01084477717052,0.59735825552446609,False,False,"",0,Arm
16.11999999999972,"VIPER-01","BANDIT-01",Locked,66170.77219496273,368.8728103014048,0.54857689837531065,False,False,"",0,Arm
16.11999999999972,"VIPER-02","BANDIT-01",Locked,57846.926362031227,438.3464067659599,0.61794228031640652,False,False,"",0,Arm
16.11999999999972,"BANDIT-01","VIPER-02",Locked,57846.926362031227,438.3464067659599,0.61794228031640652,False,False,"",0,Arm
16.11999999999972,"BANDIT-02","VIPER-02",Locked,60273.596979103168,434.21451563710207,0.59772002517414036,False,False,"",0,Arm
16.219999999999736,"VIPER-01","BANDIT-01",Locked,66133.8531438228,369.44996270752534,0.5488845571348101,False,False,"",0,Arm
16.219999999999736,"VIPER-02","BANDIT-01",Locked,57803.081018585443,438.54035567335518,0.61830765817845479,False,False,"",0,Arm
16.219999999999736,"BANDIT-01","VIPER-02",Locked,57803.081018585443,438.54035567335518,0.61830765817845479,False,False,"",0,Arm
16.219999999999736,"BANDIT-02","VIPER-02",Locked,60230.164281201563,434.41769346208724,0.59808196432332039,False,False,"",0,Arm
16.319999999999752,"VIPER-01","BANDIT-01",Locked,66096.876407920616,370.02649052845982,0.54919269660066161,False,False,"",0,Arm
16.319999999999752,"VIPER-02","BANDIT-01",Locked,57759.216304662332,438.73386142887477,0.61867319746114735,False,False,"",0,Arm
16.319999999999752,"BANDIT-01","VIPER-02",Locked,57759.216304662332,438.73386142887477,0.61867319746114735,False,False,"",0,Arm
16.319999999999752,"BANDIT-02","VIPER-02",Locked,60186.71129261551,434.62037911963318,0.59844407256153753,False,False,"",0,Arm
16.419999999999767,"VIPER-01","BANDIT-01",Locked,66059.84207226838,370.60200351872811,0.5495013160644302,False,False,"",0,Arm
16.419999999999767,"VIPER-02","BANDIT-01",Locked,57715.332264539749,438.92692471830384,0.61903889779550214,False,False,"",0,Arm
16.419999999999767,"BANDIT-01","VIPER-02",Locked,57715.332264539749,438.92692471830384,0.61903889779550214,False,False,"",0,Arm
16.419999999999767,"BANDIT-02","VIPER-02",Locked,60143.238062513366,434.82257347548995,0.59880634947905542,False,False,"",0,Arm
16.519999999999783,"VIPER-01","BANDIT-01",Locked,66022.75025297633,371.17625994661375,0.54981041455853064,False,False,"",0,Arm
16.519999999999783,"VIPER-02","BANDIT-01",Locked,57671.428942424995,439.11954622745418,0.61940475881312507,False,False,"",0,Arm
16.519999999999783,"BANDIT-01","VIPER-02",Locked,57671.428942424995,439.11954622745418,0.61940475881312507,False,False,"",0,Arm
16.519999999999783,"BANDIT-02","VIPER-02",Locked,60099.744639977311,435.02427739407068,0.5991687946668558,False,False,"",0,Arm
16.6199999999998,"VIPER-01","BANDIT-01",Locked,65985.601081323824,371.74918205729534,0.55011999098896824,False,False,"",0,Arm
16.6199999999998,"VIPER-02","BANDIT-01",Locked,57627.506382458821,439.31172664258258,0.61977078014617659,False,False,"",0,Arm
16.6199999999998,"BANDIT-01","VIPER-02",Locked,57627.506382458821,439.31172664258258,0.61977078014617659,False,False,"",0,Arm
16.6199999999998,"BANDIT-02","VIPER-02",Locked,60056.231074003816,435.22549173910807,0.59953140771663493,False,False,"",0,Arm
16.719999999999814,"VIPER-01","BANDIT-01",Locked,65948.394687739885,372.32084572863852,0.55043004426883435,False,False,"",0,Arm
16.719999999999814,"VIPER-02","BANDIT-01",Locked,57583.564628715052,439.50346665078951,0.62013696142737462,False,False,"",0,Arm
16.719999999999814,"BANDIT-01","VIPER-02",Locked,57583.564628715052,439.50346665078951,0.62013696142737462,False,False,"",0,Arm
16.719999999999814,"BANDIT-02","VIPER-02",Locked,60012.6974135024,435.42621737434104,0.59989418822081342,False,False,"",0,Arm
16.81999999999983,"VIPER-01","BANDIT-01",Locked,65911.131187978681,372.89144979013219,0.55074057343351113,False,False,"",0,Arm
16.81999999999983,"VIPER-02","BANDIT-01",Locked,57539.603725192253,439.69476694031493,0.62050330229006456,False,False,"",0,Arm
16.81999999999983,"BANDIT-01","VIPER-02",Locked,57539.603725192253,439.69476694031493,0.62050330229006456,False,False,"",0,Arm
16.81999999999983,"BANDIT-02","VIPER-02",Locked,59969.143707295865,435.6264551640636,0.60025713577253459,False,False,"",0,Arm
16.919999999999845,"VIPER-01","BANDIT-01",Locked,65873.810673160609,373.46127242037335,0.55105157772366165,False,False,"",0,Arm
16.919999999999845,"VIPER-02","BANDIT-01",Locked,57495.6237158262,439.88562820066875,0.62086980236811506,False,False,"",0,Arm
16.919999999999845,"BANDIT-01","VIPER-02",Locked,57495.6237158262,439.88562820066875,0.62086980236811506,False,False,"",0,Arm
16.919999999999845,"BANDIT-02","VIPER-02",Locked,59925.570004121437,435.82620597341452,0.60062024996565477,False,False,"",0,Arm
17.019999999999861,"VIPER-01","BANDIT-01",Locked,65836.433204485409,374.03062280949058,0.55136305662928831,False,False,"",0,Arm
17.019999999999861,"VIPER-02","BANDIT-01",Locked,57451.62464448213,440.07605112257517,0.62123646129598231,False,False,"",0,Arm
17.019999999999861,"BANDIT-01","VIPER-02",Locked,57451.62464448213,440.07605112257517,0.62123646129598231,False,False,"",0,Arm
17.019999999999861,"BANDIT-02","VIPER-02",Locked,59881.976352629616,436.025470668355,0.60098353039475327,False,False,"",0,Arm
17.119999999999877,"VIPER-01","BANDIT-01",Locked,65798.998812678328,374.59979579688121,0.55167500989434737,False,False,"",0,Arm
17.119999999999877,"VIPER-02","BANDIT-01",Locked,57407.606554955986,440.26603639778119,0.62160327870870025,False,False,"",0,Arm
17.119999999999877,"BANDIT-01","VIPER-02",Locked,57407.606554955986,440.26603639778119,0.62160327870870025,False,False,"",0,Arm
17.119999999999877,"BANDIT-02","VIPER-02",Locked,59838.362801382405,436.2242501153907,0.60134697665514669,False,False,"",0,Arm
17.219999999999892,"VIPER-01","BANDIT-01",Locked,65761.507501513159,375.16903562164072,0.55198743748739043,False,False,"",0,Arm
17.219999999999892,"VIPER-02","BANDIT-01",Locked,57363.569490973743,440.45558471878422,0.62197025424188557,False,False,"",0,Arm
17.219999999999892,"BANDIT-01","VIPER-02",Locked,57363.569490973743,440.45558471878422,0.62197025424188557,False,False,"",0,Arm
17.219999999999892,"BANDIT-02","VIPER-02",Locked,59794.729398858413,436.42254518114254,0.60171058834284663,False,False,"",0,Arm
17.319999999999908,"VIPER-01","BANDIT-01",Locked,65723.95925427317,375.73851261197291,0.55230033954772373,False,False,"",0,Arm
17.319999999999908,"VIPER-02","BANDIT-01",Locked,57319.51349619143,440.64469677856471,0.62233738753173817,False,False,"",0,Arm
17.319999999999908,"BANDIT-01","VIPER-02",Locked,57319.51349619143,440.64469677856471,0.62233738753173817,False,False,"",0,Arm
17.319999999999908,"BANDIT-02","VIPER-02",Locked,59751.076193446956,436.62035673187944,0.60207436505460876,False,False,"",0,Arm
17.419999999999924,"VIPER-01","BANDIT-01",Locked,65686.354041756233,376.30831406815014,0.55261371631869816,False,False,"",0,Arm
17.419999999999924,"VIPER-02","BANDIT-01",Locked,57275.438614198654,440.83337327037094,0.6227046782150113,False,False,"",0,Arm
17.419999999999924,"BANDIT-01","VIPER-02",Locked,57275.438614198654,440.83337327037094,0.6227046782150113,False,False,"",0,Arm
17.419999999999924,"BANDIT-02","VIPER-02",Locked,59707.403233452016,436.81768563314046,0.6024383063879,False,False,"",0,Arm
17.519999999999939,"VIPER-01","BANDIT-01",Locked,65648.691830434967,376.87844962838284,0.55292756807970866,False,False,"",0,Arm
17.519999999999939,"VIPER-02","BANDIT-01",Locked,57231.344793782322,441.0256748215931,0.62307212671848067,False,False,"",0,Arm
17.519999999999939,"BANDIT-01","VIPER-02",Locked,57231.344793782322,441.0256748215931,0.62307212671848067,False,False,"",0,Arm
17.519999999999939,"BANDIT-02","VIPER-02",Locked,59663.710473517312,437.01854308400448,0.60280241272068913,False,False,"",0,Arm
17.619999999999955,"VIPER-01","BANDIT-01",Locked,65610.972588116711,377.44889736974812,0.55324189509902755,False,False,"",0,Arm
17.619999999999955,"VIPER-02","BANDIT-01",Locked,57187.230531436639,441.24124973121445,0.62343974557136139,False,False,"",0,Arm
17.619999999999955,"BANDIT-01","VIPER-02",Locked,57187.230531436639,441.24124973121445,0.62343974557136139,False,False,"",0,Arm
17.619999999999955,"BANDIT-02","VIPER-02",Locked,59619.996433714696,437.24233749625188,0.603166696385711,False,False,"",0,Arm
17.71999999999997,"VIPER-01","BANDIT-01",Locked,65573.196286203267,378.01959306736205,0.55355669761497284,False,False,"",0,Arm
17.71999999999997,"VIPER-02","BANDIT-01",Locked,57143.094739239088,441.44868764541053,0.62380754383967441,False,False,"",0,Arm
17.71999999999997,"BANDIT-01","VIPER-02",Locked,57143.094739239088,441.44868764541053,0.62380754383967441,False,False,"",0,Arm
17.71999999999997,"BANDIT-02","VIPER-02",Locked,59576.260044629642,437.458041942063,0.60353116629475312,False,False,"",0,Arm
17.819999999999986,"VIPER-01","BANDIT-01",Locked,65535.362908886214,378.59036814557123,0.5538719757592816,False,False,"",0,Arm
17.819999999999986,"VIPER-02","BANDIT-01",Locked,57098.939258541053,441.643828394829,0.62417550617882467,False,False,"",0,Arm
17.819999999999986,"BANDIT-01","VIPER-02",Locked,57098.939258541053,441.643828394829,0.62417550617882467,False,False,"",0,Arm
17.819999999999986,"BANDIT-02","VIPER-02",Locked,59532.503130394027,437.6615464703865,0.60389580724671654,False,False,"",0,Arm
17.92,"VIPER-01","BANDIT-01",Locked,65497.472454860836,379.16111865376183,0.55418772954282647,False,False,"",0,Arm
17.92,"VIPER-02","BANDIT-01",Locked,57054.763015120734,441.86060191853261,0.62454364154066067,False,False,"",0,Arm
17.92,"BANDIT-01","VIPER-02",Locked,57054.763015120734,441.86060191853261,0.62454364154066067,False,False,"",0,Arm
17.92,"BANDIT-02","VIPER-02",Locked,59488.72463521138,437.88636642070207,0.60426062803990521,False,False,"",0,Arm
18.020000000000017,"VIPER-01","BANDIT-01",Locked,65459.524930803658,379.73175580303678,0.55450395890996962,False,False,"",0,Arm
18.020000000000017,"VIPER-02","BANDIT-01",Locked,57010.565664890579,442.06119003894986,0.62491195279257861,False,False,"",0,Arm
18.020000000000017,"BANDIT-01","VIPER-02",Locked,57010.565664890579,442.06119003894986,0.62491195279257861,False,False,"",0,Arm
18.020000000000017,"BANDIT-02","VIPER-02",Locked,59444.924224524839,438.09514524400078,0.60462563146229309,False,False,"",0,Arm
18.120000000000033,"VIPER-01","BANDIT-01",Locked,65421.52035550517,380.30215234305922,0.55482066370412364,False,False,"",0,Arm
18.120000000000033,"VIPER-02","BANDIT-01",Locked,56966.348872022856,442.2586799076721,0.62528042606647627,False,False,"",0,Arm
18.120000000000033,"BANDIT-01","VIPER-02",Locked,56966.348872022856,442.2586799076721,0.62528042606647627,False,False,"",0,Arm
18.120000000000033,"BANDIT-02","VIPER-02",Locked,59401.103547518171,438.30081052845571,0.60499080377068193,False,False,"",0,Arm
18.220000000000049,"VIPER-01","BANDIT-01",Locked,65383.458754761676,380.87229067108854,0.55513784371031949,False,False,"",0,Arm
18.220000000000049,"VIPER-02","BANDIT-01",Locked,56922.111175749626,442.47129386591149,0.62564907353541988,False,False,"",0,Arm
18.220000000000049,"BANDIT-01","VIPER-02",Locked,56922.111175749626,442.47129386591149,0.62564907353541988,False,False,"",0,Arm
18.220000000000049,"BANDIT-02","VIPER-02",Locked,59357.261166527933,438.52136280999468,0.60535615694560063,False,False,"",0,Arm
18.320000000000064,"VIPER-01","BANDIT-01",Locked,65345.340155541446,381.44213817375464,0.55545549870382138,False,False,"",0,Arm
18.320000000000064,"VIPER-02","BANDIT-01",Locked,56877.853319869784,442.66507898703708,0.62601788900108524,False,False,"",0,Arm
18.320000000000064,"BANDIT-01","VIPER-02",Locked,56877.853319869784,442.66507898703708,0.62601788900108524,False,False,"",0,Arm
18.320000000000064,"BANDIT-02","VIPER-02",Locked,59313.397821499842,438.72326403663368,0.60572168482083466,False,False,"",0,Arm
18.42000000000008,"VIPER-01","BANDIT-01",Locked,65307.164588496649,382.01168438275795,0.55577362842919464,False,False,"",0,Arm
18.42000000000008,"VIPER-02","BANDIT-01",Locked,56833.575381233924,442.87404684205762,0.62638687182305075,False,False,"",0,Arm
18.42000000000008,"BANDIT-01","VIPER-02",Locked,56833.575381233924,442.87404684205762,0.62638687182305075,False,False,"",0,Arm
18.42000000000008,"BANDIT-02","VIPER-02",Locked,59269.513593509029,438.94011140443149,0.60608738672075813,False,False,"",0,Arm
18.520000000000095,"VIPER-01","BANDIT-01",Locked,65268.932081584542,382.580957457765,0.55609223265346219,False,False,"",0,Arm
18.520000000000095,"VIPER-02","BANDIT-01",Locked,56789.277093194811,443.06847352604075,0.62675602422337673,False,False,"",0,Arm
18.520000000000095,"BANDIT-01","VIPER-02",Locked,56789.277093194811,443.06847352604075,0.62675602422337673,False,False,"",0,Arm
18.520000000000095,"BANDIT-02","VIPER-02",Locked,59225.608224277479,439.14254394454514,0.60645326479768769,False,False,"",0,Arm
18.620000000000111,"VIPER-01","BANDIT-01",Locked,65230.642662981561,383.14995152344017,0.55641131114182041,False,False,"",0,Arm
18.620000000000111,"VIPER-02","BANDIT-01",Locked,56744.959115975646,443.27379155384921,0.62712534070020309,False,False,"",0,Arm
18.620000000000111,"BANDIT-01","VIPER-02",Locked,56744.959115975646,443.27379155384921,0.62712534070020309,False,False,"",0,Arm
18.620000000000111,"BANDIT-02","VIPER-02",Locked,59181.682371061412,439.35568427835506,0.60681931357448837,False,False,"",0,Arm
18.720000000000127,"VIPER-01","BANDIT-01",Locked,65192.296358027292,383.71870574393347,0.556730863683106,False,False,"",0,Arm
18.720000000000127,"VIPER-02","BANDIT-01",Locked,56700.620631700876,443.47102025932384,0.62749482806915946,False,False,"",0,Arm
18.720000000000127,"BANDIT-01","VIPER-02",Locked,56700.620631700876,443.47102025932384,0.62749482806915946,False,False,"",0,Arm
18.720000000000127,"BANDIT-02","VIPER-02",Locked,59137.7352310233,439.560783278062,0.6071855397414726,False,False,"",0,Arm
18.820000000000142,"VIPER-01","BANDIT-01",Locked,65153.893192291034,384.28719158599756,0.55705089006424147,False,False,"",0,Arm
18.820000000000142,"VIPER-02","BANDIT-01",Locked,56656.2627445699,443.67052353497695,0.62786447712858418,False,False,"",0,Arm
18.820000000000142,"BANDIT-01","VIPER-02",Locked,56656.2627445699,443.67052353497695,0.62786447712858418,False,False,"",0,Arm
18.820000000000142,"BANDIT-02","VIPER-02",Locked,59093.767899964667,439.76807854374687,0.60755193416696118,False,False,"",0,Arm
18.920000000000158,"VIPER-01","BANDIT-01",Locked,65115.43319164322,384.8554264681365,0.55737139006963987,False,False,"",0,Arm
18.920000000000158,"VIPER-02","BANDIT-01",Locked,56611.884342895341,443.87218993957623,0.628234297142539,False,False,"",0,Arm
18.920000000000158,"BANDIT-01","VIPER-02",Locked,56611.884342895341,443.87218993957623,0.628234297142539,False,False,"",0,Arm
18.920000000000158,"BANDIT-02","VIPER-02",Locked,59049.779284799944,439.97746004894793,0.60791850596000052,False,False,"",0,Arm
19.020000000000174,"VIPER-01","BANDIT-01",Locked,65076.916383713593,385.42335627803112,0.55769236346905349,False,False,"",0,Arm
19.020000000000174,"VIPER-02","BANDIT-01",Locked,56567.486635262794,444.06587115265506,0.62860427803947683,False,False,"",0,Arm
19.020000000000174,"BANDIT-01","VIPER-02",Locked,56567.486635262794,444.06587115265506,0.62860427803947683,False,False,"",0,Arm
19.020000000000174,"BANDIT-02","VIPER-02",Locked,59005.770584435784,440.17890323908796,0.60828524512970183,False,False,"",0,Arm
19.120000000000189,"VIPER-01","BANDIT-01",Locked,65038.342800362982,385.99096457815563,0.55801380999697525,False,False,"",0,Arm
19.120000000000189,"VIPER-02","BANDIT-01",Locked,56523.06861029737,444.27036974691475,0.628974428247522,False,False,"",0,Arm
19.120000000000189,"BANDIT-01","VIPER-02",Locked,56523.06861029737,444.27036974691475,0.628974428247522,False,False,"",0,Arm
19.120000000000189,"BANDIT-02","VIPER-02",Locked,58961.740804852423,440.39098175821107,0.60865215995956323,False,False,"",0,Arm
19.220000000000205,"VIPER-01","BANDIT-01",Locked,64999.712476532717,386.55818589201067,0.55833572936222742,False,False,"",0,Arm
19.220000000000205,"VIPER-02","BANDIT-01",Locked,56478.631299535125,444.45716076720146,0.62934473917054068,False,False,"",0,Arm
19.220000000000205,"BANDIT-01","VIPER-02",Locked,56478.631299535125,444.45716076720146,0.62934473917054068,False,False,"",0,Arm
19.220000000000205,"BANDIT-02","VIPER-02",Locked,58917.690970036871,440.58551836683557,0.60901924191635948,False,False,"",0,Arm
19.320000000000221,"VIPER-01","BANDIT-01",Locked,64961.025454615941,387.124969044836,0.55865812121153391,False,False,"",0,Arm
19.320000000000221,"VIPER-02","BANDIT-01",Locked,56434.174388850457,444.66183862032346,0.62971521342624626,False,False,"",0,Arm
19.320000000000221,"BANDIT-01","VIPER-02",Locked,56434.174388850457,444.66183862032346,0.62971521342624626,False,False,"",0,Arm
19.320000000000221,"BANDIT-02","VIPER-02",Locked,58873.620774676026,440.79767420899691,0.60938649354436647,False,False,"",0,Arm
19.420000000000236,"VIPER-01","BANDIT-01",Locked,64922.281779522164,387.69128063154295,0.55898098517064876,False,False,"",0,Arm
19.420000000000236,"VIPER-02","BANDIT-01",Locked,56389.697557738582,444.85197747227267,0.63008585368551184,False,False,"",0,Arm
19.420000000000236,"BANDIT-01","VIPER-02",Locked,56389.697557738582,444.85197747227267,0.63008585368551184,False,False,"",0,Arm
19.420000000000236,"BANDIT-02","VIPER-02",Locked,58829.529907125034,440.99541865931053,0.60975391744062479,False,False,"",0,Arm
19.520000000000252,"VIPER-01","BANDIT-01",Locked,64883.481502834911,388.25705064641261,0.55930432080970915,False,False,"",0,Arm
19.520000000000252,"VIPER-02","BANDIT-01",Locked,56345.2014827886,445.0519233747637,0.63045665431009512,False,False,"",0,Arm
19.520000000000252,"BANDIT-01","VIPER-02",Locked,56345.2014827886,445.0519233747637,0.63045665431009512,False,False,"",0,Arm
19.520000000000252,"BANDIT-02","VIPER-02",Locked,58785.419040666857,441.20280153278361,0.61012150799444287,False,False,"",0,Arm
19.620000000000267,"VIPER-01","BANDIT-01",Locked,64844.624679600973,388.8222559657,0.559628127669992,False,False,"",0,Arm
19.620000000000267,"VIPER-02","BANDIT-01",Locked,56300.685694905849,445.24112361489983,0.630827619209118,False,False,"",0,Arm
19.620000000000267,"BANDIT-01","VIPER-02",Locked,56300.685694905849,445.24112361489983,0.630827619209118,False,False,"",0,Arm
19.620000000000267,"BANDIT-02","VIPER-02",Locked,58741.287716829356,441.39952051182223,0.61048926902642209,False,False,"",0,Arm
19.720000000000283,"VIPER-01","BANDIT-01",Locked,64805.711369734883,389.38684290368963,0.55995240525220935,False,False,"",0,Arm
19.720000000000283,"VIPER-02","BANDIT-01",Locked,56256.150756976167,445.44013172959791,0.63119874369186535,False,False,"",0,Arm
19.720000000000283,"BANDIT-01","VIPER-02",Locked,56256.150756976167,445.44013172959791,0.63119874369186535,False,False,"",0,Arm
19.720000000000283,"BANDIT-02","VIPER-02",Locked,58697.136496542626,441.60587909490738,0.61085719586214493,False,False,"",0,Arm
19.8200000000003,"VIPER-01","BANDIT-01",Locked,64766.741635257436,389.95080094872282,0.56027715303952141,False,False,"",0,Arm
19.8200000000003,"VIPER-02","BANDIT-01",Locked,56211.596215950623,445.62731824865381,0.63157003153374491,False,False,"",0,Arm
19.8200000000003,"BANDIT-01","VIPER-02",Locked,56211.596215950623,445.62731824865381,0.63157003153374491,False,False,"",0,Arm
19.8200000000003,"BANDIT-02","VIPER-02",Locked,58652.964937153018,441.80051119825146,0.61122529219039157,False,False,"",0,Arm
19.920000000000314,"VIPER-01","BANDIT-01",Locked,64727.715542253929,390.51407882474422,0.5606023704812173,False,False,"",0,Arm
19.920000000000314,"VIPER-02","BANDIT-01",Locked,56167.022983336465,445.82165588555569,0.6319414751388629,False,False,"",0,Arm
19.920000000000314,"BANDIT-01","VIPER-02",Locked,56167.022983336465,445.82165588555569,0.6319414751388629,False,False,"",0,Arm
19.920000000000314,"BANDIT-02","VIPER-02",Locked,58608.773943943517,442.00215880851817,0.61159355046713748,False,False,"",0,Arm
20.02000000000033,"VIPER-01","BANDIT-01",Locked,64688.63315792448,391.07669159637481,0.56092805701729609,False,False,"",0,Arm
20.02000000000033,"VIPER-02","BANDIT-01",Locked,56122.42975299956,446.0181557205546,0.63231308539167042,False,False,"",0,Arm
20.02000000000033,"BANDIT-01","VIPER-02",Locked,56122.42975299956,446.0181557205546,0.63231308539167042,False,False,"",0,Arm
20.02000000000033,"BANDIT-02","VIPER-02",Locked,58564.562231518219,442.20589390940353,0.61196198140401492,False,False,"",0,Arm
20.120000000000346,"VIPER-01","BANDIT-01",Locked,64649.494551168973,391.6385880561354,0.56125421207359194,False,False,"",0,Arm
20.120000000000346,"VIPER-02","BANDIT-01",Locked,56077.817927123171,446.20236516046407,0.63268485060730706,False,False,"",0,Arm
20.120000000000346,"BANDIT-01","VIPER-02",Locked,56077.817927123171,446.20236516046407,0.63268485060730706,False,False,"",0,Arm
20.120000000000346,"BANDIT-02","VIPER-02",Locked,58520.331189837831,442.39743986573671,0.61233057341801822,False,False,"",0,Arm
20.220000000000361,"VIPER-01","BANDIT-01",Locked,64610.299794549384,392.19976383462483,0.56158083504542189,False,False,"",0,Arm
20.220000000000361,"VIPER-02","BANDIT-01",Locked,56033.186680721417,446.40011750234657,0.63305677766065493,False,False,"",0,Arm
20.220000000000361,"BANDIT-01","VIPER-02",Locked,56033.186680721417,446.40011750234657,0.63305677766065493,False,False,"",0,Arm
20.220000000000361,"BANDIT-02","VIPER-02",Locked,58476.080008766774,442.6023158865267,0.612699333260277,False,False,"",0,Arm
20.320000000000377,"VIPER-01","BANDIT-01",Locked,64571.048960973814,392.76018902535418,0.56190792532521827,False,False,"",0,Arm
20.320000000000377,"VIPER-02","BANDIT-01",Locked,55988.536677310934,446.5817844828195,0.633428861022409,False,False,"",0,Arm
20.320000000000377,"BANDIT-01","VIPER-02",Locked,55988.536677310934,446.5817844828195,0.633428861022409,False,False,"",0,Arm
20.320000000000377,"BANDIT-02","VIPER-02",Locked,58431.809348553485,442.79125425975548,0.613068255428721,False,False,"",0,Arm
20.420000000000393,"VIPER-01","BANDIT-01",Locked,64531.742127585618,393.31984055393718,0.56223548227012,False,False,"",0,Arm
20.420000000000393,"VIPER-02","BANDIT-01",Locked,55943.86764062204,446.77917885891549,0.6338011029948164,False,False,"",0,Arm
20.420000000000393,"BANDIT-01","VIPER-02",Locked,55943.86764062204,446.77917885891549,0.6338011029948164,False,False,"",0,Arm
20.420000000000393,"BANDIT-02","VIPER-02",Locked,58387.518941066832,442.99568106265133,0.61343734215777657,False,False,"",0,Arm
20.520000000000408,"VIPER-01","BANDIT-01",Locked,64492.379371863768,393.87870172160194,0.56256350523446874,False,False,"",0,Arm
20.520000000000408,"VIPER-02","BANDIT-01",Locked,55899.179620182076,446.9604571707161,0.63417350316514942,False,False,"",0,Arm
20.520000000000408,"BANDIT-01","VIPER-02",Locked,55899.179620182076,446.9604571707161,0.63417350316514942,False,False,"",0,Arm
20.520000000000408,"BANDIT-02","VIPER-02",Locked,58343.208839993931,443.18414023531523,0.61380659300005069,False,False,"",0,Arm
20.620000000000424,"VIPER-01","BANDIT-01",Locked,64452.960775813706,394.43673116141957,0.56289199353488584,False,False,"",0,Arm
20.620000000000424,"VIPER-02","BANDIT-01",Locked,55854.472976209472,447.15533443285454,0.63454605853158785,False,False,"",0,Arm
20.620000000000424,"BANDIT-01","VIPER-02",Locked,55854.472976209472,447.15533443285454,0.63454605853158785,False,False,"",0,Arm
20.620000000000424,"BANDIT-02","VIPER-02",Locked,58298.879405914333,443.38598568553022,0.614176004950714,False,False,"",0,Arm
20.720000000000439,"VIPER-01","BANDIT-01",Locked,64413.486422257927,394.99392543129693,0.563220946481184,False,False,"",0,Arm
20.720000000000439,"VIPER-02","BANDIT-01",Locked,55809.747142631328,447.33838609281969,0.63491877381140571,False,False,"",0,Arm
20.720000000000439,"BANDIT-01","VIPER-02",Locked,55809.747142631328,447.33838609281969,0.63491877381140571,False,False,"",0,Arm
20.720000000000439,"BANDIT-02","VIPER-02",Locked,58254.530084363731,443.57610209358432,0.61454558263030234,False,False,"",0,Arm
20.820000000000455,"VIPER-01","BANDIT-01",Locked,64373.956397937713,395.55023233254531,0.56355036335051911,False,False,"",0,Arm
20.820000000000455,"VIPER-02","BANDIT-01",Locked,55765.00303120177,447.52858166527136,0.63529164140665206,False,False,"",0,Arm
20.820000000000455,"BANDIT-01","VIPER-02",Locked,55765.00303120177,447.52858166527136,0.63529164140665206,False,False,"",0,Arm
20.820000000000455,"BANDIT-02","VIPER-02",Locked,58210.161780725386,443.77322852870157,0.6149153184939552,False,False,"",0,Arm
20.920000000000471,"VIPER-01","BANDIT-01",Locked,64334.370791136964,396.10565817924476,0.563880243407192,False,False,"",0,Arm
20.920000000000471,"VIPER-02","BANDIT-01",Locked,55720.239631660552,447.71557582840512,0.63566466973616209,False,False,"",0,Arm
20.920000000000471,"BANDIT-01","VIPER-02",Locked,55720.239631660552,447.71557582840512,0.63566466973616209,False,False,"",0,Arm
20.920000000000471,"BANDIT-02","VIPER-02",Locked,58165.773501713382,443.96714554229561,0.61528522081905523,False,False,"",0,Arm
21.020000000000486,"VIPER-01","BANDIT-01",Locked,64294.729692793218,396.66014878966638,0.5642105858933899,False,False,"",0,Arm
21.020000000000486,"VIPER-02","BANDIT-01",Locked,55675.458269772811,447.89704792627577,0.63603784775189331,False,False,"",0,Arm
21.020000000000486,"BANDIT-01","VIPER-02",Locked,55675.458269772811,447.89704792627577,0.63603784775189331,False,False,"",0,Arm
21.020000000000486,"BANDIT-02","VIPER-02",Locked,58121.366561669092,444.15556080386273,0.6156552786527576,False,False,"",0,Arm
21.120000000000502,"VIPER-01","BANDIT-01",Locked,64255.033196538061,397.21371128728487,0.56454139002884962,False,False,"",0,Arm
21.120000000000502,"VIPER-02","BANDIT-01",Locked,55630.657783641989,448.08962388261205,0.63641118513631678,False,False,"",0,Arm
21.120000000000502,"BANDIT-01","VIPER-02",Locked,55630.657783641989,448.08962388261205,0.63641118513631678,False,False,"",0,Arm
21.120000000000502,"BANDIT-02","VIPER-02",Locked,58076.9398174812,444.35489840171454,0.61602550152099012,False,False,"",0,Arm
21.220000000000518,"VIPER-01","BANDIT-01",Locked,64215.281396389255,397.76631074605126,0.56487265503008965,False,False,"",0,Arm
21.220000000000518,"VIPER-02","BANDIT-01",Locked,55585.839145929174,448.26613185967335,0.63678467378392356,False,False,"",0,Arm
21.220000000000518,"BANDIT-01","VIPER-02",Locked,55585.839145929174,448.26613185967335,0.63678467378392356,False,False,"",0,Arm
21.220000000000518,"BANDIT-02","VIPER-02",Locked,58032.494234646743,444.53831678169803,0.61639588137794388,False,False,"",0,Arm
21.320000000000533,"VIPER-01","BANDIT-01",Locked,64175.474390192794,398.3179339193141,0.5652043800817268,False,False,"",0,Arm
21.320000000000533,"VIPER-02","BANDIT-01",Locked,55541.001980155626,448.45675282155946,0.6371583168320365,False,False,"",0,Arm
21.320000000000533,"BANDIT-01","VIPER-02",Locked,55541.001980155626,448.45675282155946,0.6371583168320365,False,False,"",0,Arm
21.320000000000533,"BANDIT-02","VIPER-02",Locked,57988.029445894215,444.73563044081436,0.616766421284215,False,False,"",0,Arm
21.420000000000549,"VIPER-01","BANDIT-01",Locked,64135.612275637555,398.86856612784447,0.56553656436968713,False,False,"",0,Arm
21.420000000000549,"VIPER-02","BANDIT-01",Locked,55496.146586758521,448.63345159869834,0.63753211177701241,False,False,"",0,Arm
21.420000000000549,"BANDIT-01","VIPER-02",Locked,55496.146586758521,448.63345159869834,0.63753211177701241,False,False,"",0,Arm
21.420000000000549,"BANDIT-02","VIPER-02",Locked,57943.54575262827,444.91914494619181,0.61713711872809784,False,False,"",0,Arm
21.520000000000564,"VIPER-01","BANDIT-01",Locked,64095.695153346322,399.41819297461211,0.56586920705544741,False,False,"",0,Arm
21.520000000000564,"VIPER-02","BANDIT-01",Locked,55451.272737946165,448.82318350977357,0.6379060605171154,False,False,"",0,Arm
21.520000000000564,"BANDIT-01","VIPER-02",Locked,55451.272737946165,448.82318350977357,0.6379060605171154,False,False,"",0,Arm
21.520000000000564,"BANDIT-02","VIPER-02",Locked,57899.042934419485,445.11548841248305,0.61750797554650438,False,False,"",0,Arm
21.62000000000058,"VIPER-01","BANDIT-01",Locked,64055.7231239095,399.96680026495784,0.56620230730075427,False,False,"",0,Arm
21.62000000000058,"VIPER-02","BANDIT-01",Locked,55406.380750435979,448.99899273811491,0.63828016041303359,False,False,"",0,Arm
21.62000000000058,"BANDIT-01","VIPER-02",Locked,55406.380750435979,448.99899273811491,0.63828016041303359,False,False,"",0,Arm
21.62000000000058,"BANDIT-02","VIPER-02",Locked,57854.521308720075,445.298032533259,0.61787898909399952,False,False,"",0,Arm
21.720000000000596,"VIPER-01","BANDIT-01",Locked,64015.696290767861,400.51437429708233,0.56653586424360125,False,False,"",0,Arm
21.720000000000596,"VIPER-02","BANDIT-01",Locked,55361.4703965232,449.18783556745973,0.63865441336230677,False,False,"",0,Arm
21.720000000000596,"BANDIT-01","VIPER-02",Locked,55361.4703965232,449.18783556745973,0.63865441336230677,False,False,"",0,Arm
21.720000000000596,"BANDIT-02","VIPER-02",Locked,57809.980655155574,445.49340639461155,0.618250161207037,False,False,"",0,Arm
21.820000000000611,"VIPER-01","BANDIT-01",Locked,63975.614757274692,401.06090134647746,0.566869877022711,False,False,"",0,Arm
21.820000000000611,"VIPER-02","BANDIT-01",Locked,55316.541992639395,449.36275638507846,0.63902881672800516,False,False,"",0,Arm
21.820000000000611,"BANDIT-01","VIPER-02",Locked,55316.541992639395,449.36275638507846,0.63902881672800516,False,False,"",0,Arm
21.820000000000611,"BANDIT-02","VIPER-02",Locked,57765.42129086957,445.67498179041752,0.61862148924275373,False,False,"",0,Arm
21.920000000000627,"VIPER-01","BANDIT-01",Locked,63935.478629637888,401.60636608655551,0.56720434475301773,False,False,"",0,Arm
21.920000000000627,"VIPER-02","BANDIT-01",Locked,55271.595424456871,449.54748109984126,0.63940337146285953,False,False,"",0,Arm
21.920000000000627,"BANDIT-01","VIPER-02",Locked,55271.595424456871,449.54748109984126,0.63940337146285953,False,False,"",0,Arm
21.920000000000627,"BANDIT-02","VIPER-02",Locked,57720.84310746281,445.86619670070974,0.61899297410447662,False,False,"",0,Arm
22.020000000000643,"VIPER-01","BANDIT-01",Locked,63895.288014424776,402.15075398417554,0.56753926654646025,False,False,"",0,Arm
22.020000000000643,"VIPER-02","BANDIT-01",Locked,55226.630947354985,449.72691951938731,0.63977807543870857,False,False,"",0,Arm
22.020000000000643,"BANDIT-01","VIPER-02",Locked,55226.630947354985,449.72691951938731,0.63977807543870857,False,False,"",0,Arm
22.020000000000643,"BANDIT-02","VIPER-02",Locked,57676.246361743521,446.05214428542484,0.61936461365213735,False,False,"",0,Arm
22.120000000000658,"VIPER-01","BANDIT-01",Locked,63855.043019977871,402.69405500888092,0.56787464150018452,False,False,"",0,Arm
22.120000000000658,"VIPER-02","BANDIT-01",Locked,55181.6484914858,449.9032248508276,0.64015292923761846,False,False,"",0,Arm
22.120000000000658,"BANDIT-01","VIPER-02",Locked,55181.6484914858,449.9032248508276,0.64015292923761846,False,False,"",0,Arm
22.120000000000658,"BANDIT-02","VIPER-02",Locked,57631.630989222853,446.23495176290356,0.61973640842314293,False,False,"",0,Arm
22.220000000000674,"VIPER-01","BANDIT-01",Locked,63814.7437558668,403.23625867769221,0.56821046870111,False,False,"",0,Arm
22.220000000000674,"VIPER-02","BANDIT-01",Locked,55136.647948852114,450.08663623516384,0.64052793375956574,False,False,"",0,Arm
22.220000000000674,"BANDIT-01","VIPER-02",Locked,55136.647948852114,450.08663623516384,0.64052793375956574,False,False,"",0,Arm
22.220000000000674,"BANDIT-02","VIPER-02",Locked,57586.9968877072,446.42473418313773,0.62010835926910679,False,False,"",0,Arm
22.32000000000069,"VIPER-01","BANDIT-01",Locked,63774.390332356976,403.77734639072577,0.56854674723035858,False,False,"",0,Arm
22.32000000000069,"VIPER-02","BANDIT-01",Locked,55091.629816689012,450.26100431686388,0.640903084860925,False,False,"",0,Arm
22.32000000000069,"BANDIT-01","VIPER-02",Locked,55091.629816689012,450.26100431686388,0.640903084860925,False,False,"",0,Arm
22.32000000000069,"BANDIT-02","VIPER-02",Locked,57542.344552878181,446.60553833616115,0.62048046205934859,False,False,"",0,Arm
22.420000000000705,"VIPER-01","BANDIT-01",Locked,63733.98286151002,404.31731821682752,0.5688834761540833,False,False,"",0,Arm
22.420000000000705,"VIPER-02","BANDIT-01",Locked,55046.593592836456,450.44084879523189,0.641278386726363,False,False,"",0,Arm
22.420000000000705,"BANDIT-01","VIPER-02",Locked,55046.593592836456,450.44084879523189,0.641278386726363,False,False,"",0,Arm
22.420000000000705,"BANDIT-02","VIPER-02",Locked,57497.67349313014,446.79170787050663,0.6208527208905823,False,False,"",0,Arm
22.520000000000721,"VIPER-01","BANDIT-01",Locked,63693.521455916089,404.856150486091,0.5692206545340327,False,False,"",0,Arm
22.520000000000721,"VIPER-02","BANDIT-01",Locked,55001.539946294863,450.61812979541367,0.64165383378087626,False,False,"",0,Arm
22.520000000000721,"BANDIT-01","VIPER-02",Locked,55001.539946294863,450.61812979541367,0.64165383378087626,False,False,"",0,Arm
22.520000000000721,"BANDIT-02","VIPER-02",Locked,57452.9843737942,446.97530062892088,0.62122513021838177,False,False,"",0,Arm
22.620000000000736,"VIPER-01","BANDIT-01",Locked,63653.00622924581,405.39385039162232,0.56955828142295173,False,False,"",0,Arm
22.620000000000736,"VIPER-02","BANDIT-01",Locked,54956.468294954328,450.79279708429863,0.64202943087538067,False,False,"",0,Arm
22.620000000000736,"BANDIT-01","VIPER-02",Locked,54956.468294954328,450.79279708429863,0.64202943087538067,False,False,"",0,Arm
22.620000000000736,"BANDIT-02","VIPER-02",Locked,57408.2766242552,447.15626711975034,0.62159769479787341,False,False,"",0,Arm
22.720000000000752,"VIPER-01","BANDIT-01",Locked,63612.437296207638,405.93039294670632,0.56989635586493648,False,False,"",0,Arm
22.720000000000752,"VIPER-02","BANDIT-01",Locked,54911.379258316723,450.97136888822445,0.64240517284736076,False,False,"",0,Arm
22.720000000000752,"BANDIT-01","VIPER-02",Locked,54911.379258316723,450.97136888822445,0.64240517284736076,False,False,"",0,Arm
22.720000000000752,"BANDIT-02","VIPER-02",Locked,57363.550860917465,447.34104663355521,0.6219704094923546,False,False,"",0,Arm
22.820000000000768,"VIPER-01","BANDIT-01",Locked,63571.814772254344,406.46577892078403,0.57023487689788055,False,False,"",0,Arm
22.820000000000768,"VIPER-02","BANDIT-01",Locked,54866.272626106118,451.1451939325334,0.64278106144911584,False,False,"",0,Arm
22.820000000000768,"BANDIT-01","VIPER-02",Locked,54866.272626106118,451.1451939325334,0.64278106144911584,False,False,"",0,Arm
22.820000000000768,"BANDIT-02","VIPER-02",Locked,57318.806880462158,447.52109299142688,0.62234327599614869,False,False,"",0,Arm
22.920000000000783,"VIPER-01","BANDIT-01",Locked,63531.138773773768,406.99999873417642,0.57057384355188534,False,False,"",0,Arm
22.920000000000783,"VIPER-02","BANDIT-01",Locked,54821.148457051313,451.32020596085425,0.64315709619123917,False,False,"",0,Arm
22.920000000000783,"BANDIT-01","VIPER-02",Locked,54821.148457051313,451.32020596085425,0.64315709619123917,False,False,"",0,Arm
22.920000000000783,"BANDIT-02","VIPER-02",Locked,57274.044745293104,447.70226810797845,0.62271629378922422,False,False,"",0,Arm
23.0200000000008,"VIPER-01","BANDIT-01",Locked,63490.409417800962,407.533044206096,0.57091325485165878,False,False,"",0,Arm
23.0200000000008,"VIPER-02","BANDIT-01",Locked,54776.006842506074,451.49479262780051,0.6435332763124495,False,False,"",0,Arm
23.0200000000008,"BANDIT-01","VIPER-02",Locked,54776.006842506074,451.49479262780051,0.6435332763124495,False,False,"",0,Arm
23.0200000000008,"BANDIT-02","VIPER-02",Locked,57229.264550030959,447.88297934599007,0.62308946208307536,False,False,"",0,Arm
23.120000000000815,"VIPER-01","BANDIT-01",Locked,63449.626822140526,408.06490840543603,0.57125310981549571,False,False,"",0,Arm
23.120000000000815,"VIPER-02","BANDIT-01",Locked,54730.847841075178,451.66787871127627,0.64390960132437358,False,False,"",0,Arm
23.120000000000815,"BANDIT-01","VIPER-02",Locked,54730.847841075178,451.66787871127627,0.64390960132437358,False,False,"",0,Arm
23.120000000000815,"BANDIT-02","VIPER-02",Locked,57184.46635692985,448.0621646647586,0.623462780358918,False,False,"",0,Arm
23.22000000000083,"VIPER-01","BANDIT-01",Locked,63408.791105192104,408.59558688125219,0.57159340745673259,False,False,"",0,Arm
23.22000000000083,"VIPER-02","BANDIT-01",Locked,54685.671495082759,451.84108030284267,0.64428607087431045,False,False,"",0,Arm
23.22000000000083,"BANDIT-01","VIPER-02",Locked,54685.671495082759,451.84108030284267,0.64428607087431045,False,False,"",0,Arm
23.22000000000083,"BANDIT-02","VIPER-02",Locked,57139.650212146385,448.24142069443019,0.62383624823211359,False,False,"",0,Arm
23.320000000000846,"VIPER-01","BANDIT-01",Locked,63367.902385630427,409.12507797835565,0.57193414678641319,False,False,"",0,Arm
23.320000000000846,"VIPER-02","BANDIT-01",Locked,54640.477830649907,452.01439853747178,0.64466268474458421,False,False,"",0,Arm
23.320000000000846,"BANDIT-01","VIPER-02",Locked,54640.477830649907,452.01439853747178,0.64466268474458421,False,False,"",0,Arm
23.320000000000846,"BANDIT-02","VIPER-02",Locked,57094.816145816534,448.42074869274404,0.6242098654515289,False,False,"",0,Arm
23.420000000000861,"VIPER-01","BANDIT-01",Locked,63326.960782249131,409.65338127325759,0.5722753268145907,False,False,"",0,Arm
23.420000000000861,"VIPER-02","BANDIT-01",Locked,54595.266938334673,452.18621884885516,0.64503944218054454,False,False,"",0,Arm
23.420000000000861,"BANDIT-01","VIPER-02",Locked,54595.266938334673,452.18621884885516,0.64503944218054454,False,False,"",0,Arm
23.420000000000861,"BANDIT-02","VIPER-02",Locked,57049.964251719059,448.59855380527671,0.62458363123567462,False,False,"",0,Arm
23.520000000000877,"VIPER-01","BANDIT-01",Locked,63285.966413857939,410.18049570702857,0.57261694655118389,False,False,"",0,Arm
23.520000000000877,"VIPER-02","BANDIT-01",Locked,54550.038908521157,452.3570831515699,0.64541634242899049,False,False,"",0,Arm
23.520000000000877,"BANDIT-01","VIPER-02",Locked,54550.038908521157,452.3570831515699,0.64541634242899049,False,False,"",0,Arm
23.520000000000877,"BANDIT-02","VIPER-02",Locked,57005.094623447359,448.77537151372616,0.62495754480460541,False,False,"",0,Arm
23.620000000000893,"VIPER-01","BANDIT-01",Locked,63244.919399421306,410.70641932203353,0.57295900500482255,False,False,"",0,Arm
23.620000000000893,"VIPER-02","BANDIT-01",Locked,54504.793766686758,452.52861021691774,0.64579338527761043,False,False,"",0,Arm
23.620000000000893,"BANDIT-01","VIPER-02",Locked,54504.793766686758,452.52861021691774,0.64579338527761043,False,False,"",0,Arm
23.620000000000893,"BANDIT-02","VIPER-02",Locked,56960.207290459686,448.95280110972146,0.625331605912836,False,False,"",0,Arm
23.720000000000908,"VIPER-01","BANDIT-01",Locked,63203.819858239374,411.23114812988047,0.5733015011813386,False,False,"",0,Arm
23.720000000000908,"VIPER-02","BANDIT-01",Locked,54459.531522122925,452.69917899079775,0.64617057064897576,False,False,"",0,Arm
23.720000000000908,"BANDIT-01","VIPER-02",Locked,54459.531522122925,452.69917899079775,0.64617057064897576,False,False,"",0,Arm
23.720000000000908,"BANDIT-02","VIPER-02",Locked,56915.302266210208,449.12924134215723,0.62570581444824835,False,False,"",0,Arm
23.820000000000924,"VIPER-01","BANDIT-01",Locked,63162.6679103648,411.75467102907186,0.57364443408029342,False,False,"",0,Arm
23.820000000000924,"VIPER-02","BANDIT-01",Locked,54414.252313260629,452.86987751844123,0.64654789738949492,False,False,"",0,Arm
23.820000000000924,"BANDIT-01","VIPER-02",Locked,54414.252313260629,452.86987751844123,0.64654789738949492,False,False,"",0,Arm
23.820000000000924,"BANDIT-02","VIPER-02",Locked,56870.379691714719,449.30576720882607,0.62608016923571075,False,False,"",0,Arm
23.92000000000094,"VIPER-01","BANDIT-01",Locked,63121.4636767754,412.2769785058029,0.57398780269353844,False,False,"",0,Arm
23.92000000000094,"VIPER-02","BANDIT-01",Locked,54368.956197692329,453.03585459221614,0.6469253650192307,False,False,"",0,Arm
23.92000000000094,"BANDIT-01","VIPER-02",Locked,54368.956197692329,453.03585459221614,0.6469253650192307,False,False,"",0,Arm
23.92000000000094,"BANDIT-02","VIPER-02",Locked,56825.439628112756,449.477586445405,0.62645466976572717,False,False,"",0,Arm
24.020000000000955,"VIPER-01","BANDIT-01",Locked,63080.2072797496,412.79806341309978,0.57433160600208677,False,False,"",0,Arm
24.020000000000955,"VIPER-02","BANDIT-01",Locked,54323.642962807739,453.20787433849733,0.64730297530993552,False,False,"",0,Arm
24.020000000000955,"BANDIT-01","VIPER-02",Locked,54323.642962807739,453.20787433849733,0.64730297530993552,False,False,"",0,Arm
24.020000000000955,"BANDIT-02","VIPER-02",Locked,56780.481869603755,449.65533283160795,0.6268293177533022,False,False,"",0,Arm
24.120000000000971,"VIPER-01","BANDIT-01",Locked,63038.898842259863,413.317906364593,0.57467584298116792,False,False,"",0,Arm
24.120000000000971,"VIPER-02","BANDIT-01",Locked,54278.313111423471,453.37545375118356,0.64768072407147115,False,False,"",0,Arm
24.120000000000971,"BANDIT-01","VIPER-02",Locked,54278.313111423471,453.37545375118356,0.64768072407147115,False,False,"",0,Arm
24.120000000000971,"BANDIT-02","VIPER-02",Locked,56735.5069171324,449.82865055825687,0.62720410902389678,False,False,"",0,Arm
24.220000000000987,"VIPER-01","BANDIT-01",Locked,62997.538488737089,413.83650488414384,0.57502051259385767,False,False,"",0,Arm
24.220000000000987,"VIPER-02","BANDIT-01",Locked,54232.966438916614,453.54019433656504,0.64805861300902823,False,False,"",0,Arm
24.220000000000987,"BANDIT-01","VIPER-02",Locked,54232.966438916614,453.54019433656504,0.64805861300902823,False,False,"",0,Arm
24.220000000000987,"BANDIT-02","VIPER-02",Locked,56690.514572762564,449.99912184576692,0.62757904522697872,False,False,"",0,Arm
24.320000000001002,"VIPER-01","BANDIT-01",Locked,62956.126344288336,414.35385109429717,0.57536561379759732,False,False,"",0,Arm
24.320000000001002,"VIPER-02","BANDIT-01",Locked,54187.602985693586,453.70829612903646,0.64843664178588689,False,False,"",0,Arm
24.320000000001002,"BANDIT-01","VIPER-02",Locked,54187.602985693586,453.70829612903646,0.64843664178588689,False,False,"",0,Arm
24.320000000001002,"BANDIT-02","VIPER-02",Locked,56645.504880604,450.17287173414945,0.62795412599496681,False,False,"",0,Arm
24.420000000001018,"VIPER-01","BANDIT-01",Locked,62914.662534415,414.86993759209639,0.57571114554654179,False,False,"",0,Arm
24.420000000001018,"VIPER-02","BANDIT-01",Locked,54142.222938180159,453.87707782793564,0.64881480884849885,False,False,"",0,Arm
24.420000000001018,"BANDIT-01","VIPER-02",Locked,54142.222938180159,453.87707782793564,0.64881480884849885,False,False,"",0,Arm
24.420000000001018,"BANDIT-02","VIPER-02",Locked,56600.478029002741,450.34725157306639,0.62832934975831056,False,False,"",0,Arm
24.520000000001033,"VIPER-01","BANDIT-01",Locked,62873.147184939073,415.38476451748488,0.57605710679217448,False,False,"",0,Arm
24.520000000001033,"VIPER-02","BANDIT-01",Locked,54096.826272725251,454.0411389601652,0.64919311439395633,False,False,"",0,Arm
24.520000000001033,"BANDIT-01","VIPER-02",Locked,54096.826272725251,454.0411389601652,0.64919311439395633,False,False,"",0,Arm
24.520000000001033,"BANDIT-02","VIPER-02",Locked,56555.433998758359,450.51692647456338,0.62870471667701378,False,False,"",0,Arm
24.620000000001049,"VIPER-01","BANDIT-01",Locked,62831.580422063867,415.89833135270692,0.5764034964828012,False,False,"",0,Arm
24.620000000001049,"VIPER-02","BANDIT-01",Locked,54051.412911300169,454.20586154803283,0.64957155907249864,False,False,"",0,Arm
24.620000000001049,"BANDIT-01","VIPER-02",Locked,54051.412911300169,454.20586154803283,0.64957155907249864,False,False,"",0,Arm
24.620000000001049,"BANDIT-02","VIPER-02",Locked,56510.372716937272,450.687213356434,0.62908022735885616,False,False,"",0,Arm
24.720000000001065,"VIPER-01","BANDIT-01",Locked,62789.9623721753,416.41063220273293,0.5767503135652059,False,False,"",0,Arm
24.720000000001065,"VIPER-02","BANDIT-01",Locked,54005.983013105841,454.37395551697443,0.64995014155745134,False,False,"",0,Arm
24.720000000001065,"BANDIT-01","VIPER-02",Locked,54005.983013105841,454.37395551697443,0.64995014155745134,False,False,"",0,Arm
24.720000000001065,"BANDIT-02","VIPER-02",Locked,56465.2943449512,450.86078942188027,0.62945588045874,False,False,"",0,Arm
24.82000000000108,"VIPER-01","BANDIT-01",Locked,62748.293161827176,416.9216625951637,0.57709755698477361,False,False,"",0,Arm
24.82000000000108,"VIPER-02","BANDIT-01",Locked,53960.536775069493,454.53734204692159,0.65032886020775438,False,False,"",0,Arm
24.82000000000108,"BANDIT-01","VIPER-02",Locked,53960.536775069493,454.53734204692159,0.65032886020775438,False,False,"",0,Arm
24.82000000000108,"BANDIT-02","VIPER-02",Locked,56420.199081468636,451.02967386691171,0.62983167432109477,False,False,"",0,Arm
24.920000000001096,"VIPER-01","BANDIT-01",Locked,62706.572918089041,417.43142504968927,0.57744522568259138,False,False,"",0,Arm
24.920000000001096,"VIPER-02","BANDIT-01",Locked,53915.073992063386,454.69896942298431,0.65070771673280525,False,False,"",0,Arm
24.920000000001096,"BANDIT-01","VIPER-02",Locked,53915.073992063386,454.69896942298431,0.65070771673280525,False,False,"",0,Arm
24.920000000001096,"BANDIT-02","VIPER-02",Locked,56375.0867279633,451.19677937298218,0.63020761060030583,False,False,"",0,Arm
25.020000000001112,"VIPER-01","BANDIT-01",Locked,62664.801768467965,417.93990838665246,0.57779331859610039,False,False,"",0,Arm
25.020000000001112,"VIPER-02","BANDIT-01",Locked,53869.594957078727,454.86316869844609,0.65108670869101071,False,False,"",0,Arm
25.020000000001112,"BANDIT-01","VIPER-02",Locked,53869.594957078727,454.86316869844609,0.65108670869101071,False,False,"",0,Arm
25.020000000001112,"BANDIT-02","VIPER-02",Locked,56329.957577979185,451.3663846539078,0.63058368685017352,False,False,"",0,Arm
25.120000000001127,"VIPER-01","BANDIT-01",Locked,62622.979840745269,418.44711202325345,0.57814183466045621,False,False,"",0,Arm
25.120000000001127,"VIPER-02","BANDIT-01",Locked,53824.09962685065,455.0258896959981,0.65146583644291134,False,False,"",0,Arm
25.120000000001127,"BANDIT-01","VIPER-02",Locked,53824.09962685065,455.0258896959981,0.65146583644291134,False,False,"",0,Arm
25.120000000001127,"BANDIT-02","VIPER-02",Locked,56284.811592862869,451.53448876495645,0.6309599033928095,False,False,"",0,Arm
25.220000000001143,"VIPER-01","BANDIT-01",Locked,62581.107263162812,418.95303224404717,0.57849077280697669,False,False,"",0,Arm
25.220000000001143,"VIPER-02","BANDIT-01",Locked,53778.588024990371,455.18874878912868,0.651845099791747,False,False,"",0,Arm
25.220000000001143,"BANDIT-01","VIPER-02",Locked,53778.588024990371,455.18874878912868,0.651845099791747,False,False,"",0,Arm
25.220000000001143,"BANDIT-02","VIPER-02",Locked,56239.648800011193,451.70268864062183,0.63133625999990683,False,False,"",0,Arm
25.320000000001158,"VIPER-01","BANDIT-01",Locked,62539.184164286096,419.45766480036309,0.57884013196428263,False,False,"",0,Arm
25.320000000001158,"VIPER-02","BANDIT-01",Locked,53733.0602399128,455.35013351107881,0.65222449800072679,False,False,"",0,Arm
25.320000000001158,"BANDIT-01","VIPER-02",Locked,53733.0602399128,455.35013351107881,0.65222449800072679,False,False,"",0,Arm
25.320000000001158,"BANDIT-02","VIPER-02",Locked,56194.469290826266,451.8693914865741,0.63171275590978127,False,False,"",0,Arm
25.420000000001174,"VIPER-01","BANDIT-01",Locked,62497.210673077323,419.96100633699581,0.579189911057689,False,False,"",0,Arm
25.420000000001174,"VIPER-02","BANDIT-01",Locked,53687.5163111811,455.51166186215181,0.6526040307401576,False,False,"",0,Arm
25.420000000001174,"BANDIT-01","VIPER-02",Locked,53687.5163111811,455.51166186215181,0.6526040307401576,False,False,"",0,Arm
25.420000000001174,"BANDIT-02","VIPER-02",Locked,56149.273108436275,452.03619581973089,0.63208939076303117,False,False,"",0,Arm
25.52000000000119,"VIPER-01","BANDIT-01",Locked,62455.186918772255,420.46305398909072,0.57954010901023134,False,False,"",0,Arm
25.52000000000119,"VIPER-02","BANDIT-01",Locked,53641.956310618538,455.67171990397867,0.6529836974115123,False,False,"",0,Arm
25.52000000000119,"BANDIT-01","VIPER-02",Locked,53641.956310618538,455.67171990397867,0.6529836974115123,False,False,"",0,Arm
25.52000000000119,"BANDIT-02","VIPER-02",Locked,56104.060327829859,452.20150737347871,0.6324661639347513,False,False,"",0,Arm
25.620000000001205,"VIPER-01","BANDIT-01",Locked,62413.113030907407,420.96380587506985,0.57989072474243841,False,False,"",0,Arm
25.620000000001205,"VIPER-02","BANDIT-01",Locked,53596.380245036475,455.83300051492284,0.65336349795802939,False,False,"",0,Arm
25.620000000001205,"BANDIT-01","VIPER-02",Locked,53596.380245036475,455.83300051492284,0.65336349795802939,False,False,"",0,Arm
25.620000000001205,"BANDIT-02","VIPER-02",Locked,56058.830959756982,452.36798651482093,0.63284307533535855,False,False,"",0,Arm
25.720000000001221,"VIPER-01","BANDIT-01",Locked,62370.989139185775,421.46325857295437,0.58024175717345194,False,False,"",0,Arm
25.720000000001221,"VIPER-02","BANDIT-01",Locked,53550.788250606245,455.99227901006583,0.653743431244948,False,False,"",0,Arm
25.720000000001221,"BANDIT-01","VIPER-02",Locked,53550.788250606245,455.99227901006583,0.653743431244948,False,False,"",0,Arm
25.720000000001221,"BANDIT-02","VIPER-02",Locked,56013.585142748765,452.53244775010518,0.633220123810427,False,False,"",0,Arm
25.820000000001237,"VIPER-01","BANDIT-01",Locked,62328.815373509446,421.96141325276943,0.58059320522075475,False,False,"",0,Arm
25.820000000001237,"VIPER-02","BANDIT-01",Locked,53505.180247823366,456.15062114722957,0.6541234979348054,False,False,"",0,Arm
25.820000000001237,"BANDIT-01","VIPER-02",Locked,53505.180247823366,456.15062114722957,0.6541234979348054,False,False,"",0,Arm
25.820000000001237,"BANDIT-02","VIPER-02",Locked,55968.322802262148,452.69594404845378,0.63359730998114894,False,False,"",0,Arm
25.920000000001252,"VIPER-01","BANDIT-01",Locked,62286.591863998518,422.45826413486134,0.58094506780001243,False,False,"",0,Arm
25.920000000001252,"VIPER-02","BANDIT-01",Locked,53459.556432021724,456.30857945795049,0.654503696399819,False,False,"",0,Arm
25.920000000001252,"BANDIT-01","VIPER-02",Locked,53459.556432021724,456.30857945795049,0.654503696399819,False,False,"",0,Arm
25.920000000001252,"BANDIT-02","VIPER-02",Locked,55923.044135249831,452.85902137078472,0.6339746322062515,False,False,"",0,Arm
26.020000000001268,"VIPER-01","BANDIT-01",Locked,62244.318740974042,422.95381327604963,0.58129734382521636,False,False,"",0,Arm
26.020000000001268,"VIPER-02","BANDIT-01",Locked,53413.916693738407,456.46668187571368,0.65488402755218,False,False,"",0,Arm
26.020000000001268,"BANDIT-01","VIPER-02",Locked,53413.916693738407,456.46668187571368,0.65488402755218,False,False,"",0,Arm
26.020000000001268,"BANDIT-02","VIPER-02",Locked,55877.749037548878,453.02220138468908,0.63435209135375947,False,False,"",0,Arm
26.120000000001284,"VIPER-01","BANDIT-01",Locked,62201.996134922629,423.44805418488681,0.58165003220897815,False,False,"",0,Arm
26.120000000001284,"VIPER-02","BANDIT-01",Locked,53368.261257740975,456.62494124568076,0.65526448951882532,False,False,"",0,Arm
26.120000000001284,"BANDIT-01","VIPER-02",Locked,53368.261257740975,456.62494124568076,0.65526448951882532,False,False,"",0,Arm
26.120000000001284,"BANDIT-02","VIPER-02",Locked,55832.437735161759,453.185496906212,0.63472968554031883,False,False,"",0,Arm
26.2200000000013,"VIPER-01","BANDIT-01",Locked,62159.624176578393,423.94098768150218,0.58200313186184682,False,False,"",0,Arm
26.2200000000013,"VIPER-02","BANDIT-01",Locked,53322.590082032832,456.78173387219954,0.65564508264972643,False,False,"",0,Arm
26.2200000000013,"BANDIT-01","VIPER-02",Locked,53322.590082032832,456.78173387219954,0.65564508264972643,False,False,"",0,Arm
26.2200000000013,"BANDIT-02","VIPER-02",Locked,55787.11019054889,453.34730404069677,0.63510741507875934,False,False,"",0,Arm
26.320000000001315,"VIPER-01","BANDIT-01",Locked,62117.202996897067,424.43261047303309,0.58235664169252455,False,False,"",0,Arm
26.320000000001315,"VIPER-02","BANDIT-01",Locked,53276.903253498371,456.93868281755692,0.656025806220847,False,False,"",0,Arm
26.320000000001315,"BANDIT-01","VIPER-02",Locked,53276.903253498371,456.93868281755692,0.656025806220847,False,False,"",0,Arm
26.320000000001315,"BANDIT-02","VIPER-02",Locked,55741.76649347585,453.50922631309527,0.63548527922103459,False,False,"",0,Arm
26.42000000000133,"VIPER-01","BANDIT-01",Locked,62074.732727001014,424.92292146293966,0.58271056060832493,False,False,"",0,Arm
26.42000000000133,"VIPER-02","BANDIT-01",Locked,53231.200810500253,457.09417045948737,0.656406659912498,False,False,"",0,Arm
26.42000000000133,"BANDIT-01","VIPER-02",Locked,53231.200810500253,457.09417045948737,0.656406659912498,False,False,"",0,Arm
26.42000000000133,"BANDIT-02","VIPER-02",Locked,55696.406685762784,453.6696658268807,0.63586327761864347,False,False,"",0,Arm
26.520000000001346,"VIPER-01","BANDIT-01",Locked,62032.213498164143,425.41191927673606,0.583064887515299,False,False,"",0,Arm
26.520000000001346,"VIPER-02","BANDIT-01",Locked,53185.48277520261,457.24981288895424,0.65678764353997832,False,False,"",0,Arm
26.520000000001346,"BANDIT-01","VIPER-02",Locked,53185.48277520261,457.24981288895424,0.65678764353997832,False,False,"",0,Arm
26.520000000001346,"BANDIT-02","VIPER-02",Locked,55651.030793215337,453.83021921293278,0.636241410056539,False,False,"",0,Arm
26.620000000001362,"VIPER-01","BANDIT-01",Locked,61989.645441801571,425.89960143354938,0.58341962131832037,False,False,"",0,Arm
26.620000000001362,"VIPER-02","BANDIT-01",Locked,53139.749250518245,457.40399930275328,0.65716875624568138,False,False,"",0,Arm
26.620000000001362,"BANDIT-01","VIPER-02",Locked,53139.749250518245,457.40399930275328,0.65716875624568138,False,False,"",0,Arm
26.620000000001362,"BANDIT-02","VIPER-02",Locked,55605.638921394508,453.98929529938277,0.63661967565504585,False,False,"",0,Arm
26.720000000001377,"VIPER-01","BANDIT-01",Locked,61947.028689549632,426.38596755252138,0.5837747609204198,False,False,"",0,Arm
26.720000000001377,"VIPER-02","BANDIT-01",Locked,53094.000225732525,457.55888189093162,0.6575499981188957,False,False,"",0,Arm
26.720000000001377,"BANDIT-01","VIPER-02",Locked,53094.000225732525,457.55888189093162,0.6575499981188957,False,False,"",0,Arm
26.720000000001377,"BANDIT-02","VIPER-02",Locked,55560.231063603147,454.14902031388863,0.63699807446997392,False,False,"",0,Arm
26.820000000001393,"VIPER-01","BANDIT-01",Locked,61904.363373110624,426.87101580909143,0.58413030522407827,False,False,"",0,Arm
26.820000000001393,"VIPER-02","BANDIT-01",Locked,53048.235782076321,457.71338419528371,0.6579313684826974,False,False,"",0,Arm
26.820000000001393,"BANDIT-01","VIPER-02",Locked,53048.235782076321,457.71338419528371,0.6579313684826974,False,False,"",0,Arm
26.820000000001393,"BANDIT-02","VIPER-02",Locked,55514.807303962552,454.30833095715252,0.63737660580031208,False,False,"",0,Arm
26.920000000001409,"VIPER-01","BANDIT-01",Locked,61861.649624348989,427.35474501827122,0.58448625313042513,False,False,"",0,Arm
26.920000000001409,"VIPER-02","BANDIT-01",Locked,53002.455968073577,457.86751051288661,0.65831286693272029,False,False,"",0,Arm
26.920000000001409,"BANDIT-01","VIPER-02",Locked,53002.455968073577,457.86751051288661,0.65831286693272029,False,False,"",0,Arm
26.920000000001409,"BANDIT-02","VIPER-02",Locked,55469.367694270491,454.46723159233596,0.63775526921441261,False,False,"",0,Arm
27.020000000001424,"VIPER-01","BANDIT-01",Locked,61818.887575187888,427.83715334280731,0.584842603540101,False,False,"",0,Arm
27.020000000001424,"VIPER-02","BANDIT-01",Locked,52956.660878070477,458.01937551753292,0.658694492682746,False,False,"",0,Arm
27.020000000001424,"BANDIT-01","VIPER-02",Locked,52956.660878070477,458.01937551753292,0.658694492682746,False,False,"",0,Arm
27.020000000001424,"BANDIT-02","VIPER-02",Locked,55423.912331581727,454.62385985664787,0.6381340639034857,False,False,"",0,Arm
27.12000000000144,"VIPER-01","BANDIT-01",Locked,61776.077357801441,428.31824059773106,0.58519935535165479,False,False,"",0,Arm
27.12000000000144,"VIPER-02","BANDIT-01",Locked,52910.850498425105,458.17167135081365,0.65907624584645763,False,False,"",0,Arm
27.12000000000144,"BANDIT-01","VIPER-02",Locked,52910.850498425105,458.17167135081365,0.65907624584645763,False,False,"",0,Arm
27.12000000000144,"BANDIT-02","VIPER-02",Locked,55378.441206259529,454.780875392056,0.63851298994783734,False,False,"",0,Arm
27.220000000001455,"VIPER-01","BANDIT-01",Locked,61733.219104390446,428.79800440215746,0.585556507463413,False,False,"",0,Arm
27.220000000001455,"VIPER-02","BANDIT-01",Locked,52865.024941980475,458.32305757985421,0.65945812548349614,False,False,"",0,Arm
27.220000000001455,"BANDIT-01","VIPER-02",Locked,52865.024941980475,458.32305757985421,0.65945812548349614,False,False,"",0,Arm
27.220000000001455,"BANDIT-02","VIPER-02",Locked,55332.954433604966,454.93695413225464,0.63889204638662545,False,False,"",0,Arm
27.320000000001471,"VIPER-01","BANDIT-01",Locked,61690.312947341008,429.27644403498766,0.58591405877215841,False,False,"",0,Arm
27.320000000001471,"VIPER-02","BANDIT-01",Locked,52819.184229704442,458.47514981191142,0.65984013141912978,False,False,"",0,Arm
27.320000000001471,"BANDIT-01","VIPER-02",Locked,52819.184229704442,458.47514981191142,0.65984013141912978,False,False,"",0,Arm
27.320000000001471,"BANDIT-02","VIPER-02",Locked,55287.45203814705,455.09369222977961,0.63927123301544131,False,False,"",0,Arm
27.420000000001487,"VIPER-01","BANDIT-01",Locked,61647.359019100011,429.75355912753326,0.58627200817416669,False,False,"",0,Arm
27.420000000001487,"VIPER-02","BANDIT-01",Locked,52773.328398776415,458.62633008203005,0.66022226334353,False,False,"",0,Arm
27.420000000001487,"BANDIT-01","VIPER-02",Locked,52773.328398776415,458.62633008203005,0.66022226334353,False,False,"",0,Arm
27.420000000001487,"BANDIT-02","VIPER-02",Locked,55241.934060418214,455.24949144877638,0.639650549496515,False,False,"",0,Arm
27.520000000001502,"VIPER-01","BANDIT-01",Locked,61604.357452522177,430.22934066818721,0.58663035456231527,False,False,"",0,Arm
27.520000000001502,"VIPER-02","BANDIT-01",Locked,52727.457507900945,458.77606186558353,0.66060452076749221,False,False,"",0,Arm
27.520000000001502,"BANDIT-01","VIPER-02",Locked,52727.457507900945,458.77606186558353,0.66060452076749221,False,False,"",0,Arm
27.520000000001502,"BANDIT-02","VIPER-02",Locked,55196.400562200557,455.40382188318051,0.64002999531499549,False,False,"",0,Arm
27.620000000001518,"VIPER-01","BANDIT-01",Locked,61561.308381880379,430.70377032252907,0.58698909681766365,False,False,"",0,Arm
27.620000000001518,"VIPER-02","BANDIT-01",Locked,52681.571594195178,458.92596231723121,0.660986903381707,False,False,"",0,Arm
27.620000000001518,"BANDIT-01","VIPER-02",Locked,52681.571594195178,458.92596231723121,0.660986903381707,False,False,"",0,Arm
27.620000000001518,"BANDIT-02","VIPER-02",Locked,55150.851583940806,455.55828119681507,0.64040957013382671,False,False,"",0,Arm
27.720000000001534,"VIPER-01","BANDIT-01",Locked,61518.211943899376,431.17681869164221,0.58734823380083867,False,False,"",0,Arm
27.720000000001534,"VIPER-02","BANDIT-01",Locked,52635.67072159714,459.07549350067706,0.66136941065335719,False,False,"",0,Arm
27.720000000001534,"BANDIT-01","VIPER-02",Locked,52635.67072159714,459.07549350067706,0.66136941065335719,False,False,"",0,Arm
27.720000000001534,"BANDIT-02","VIPER-02",Locked,55105.287192569689,455.71233807581405,0.64078927339525271,False,False,"",0,Arm
27.820000000001549,"VIPER-01","BANDIT-01",Locked,61475.06827844854,431.64845502874221,0.58770776434626226,False,False,"",0,Arm
27.820000000001549,"VIPER-02","BANDIT-01",Locked,52589.754937567908,459.22519781585072,0.66175204218693418,False,False,"",0,Arm
27.820000000001549,"BANDIT-01","VIPER-02",Locked,52589.754937567908,459.22519781585072,0.66175204218693418,False,False,"",0,Arm
27.820000000001549,"BANDIT-02","VIPER-02",Locked,55059.707438732505,455.866528454039,0.64116910467722921,False,False,"",0,Arm
27.920000000001565,"VIPER-01","BANDIT-01",Locked,61431.877527988618,432.1186577570457,0.58806768726676162,False,False,"",0,Arm
27.920000000001565,"VIPER-02","BANDIT-01",Locked,52543.824300327833,459.37238082832755,0.66213479749726822,False,False,"",0,Arm
27.920000000001565,"BANDIT-01","VIPER-02",Locked,52543.824300327833,459.37238082832755,0.66213479749726822,False,False,"",0,Arm
27.920000000001565,"BANDIT-02","VIPER-02",Locked,55014.112383690554,456.01819067001423,0.64154906346924545,False,False,"",0,Arm
28.020000000001581,"VIPER-01","BANDIT-01",Locked,61388.639836554335,432.58741715402959,0.58842800136204731,False,False,"",0,Arm
28.020000000001581,"VIPER-02","BANDIT-01",Locked,52497.878824809028,459.52081470835623,0.66251767645992488,False,False,"",0,Arm
28.020000000001581,"BANDIT-01","VIPER-02",Locked,52497.878824809028,459.52081470835623,0.66251767645992488,False,False,"",0,Arm
28.020000000001581,"BANDIT-02","VIPER-02",Locked,54968.502045929818,456.17105128726234,0.64192914961725167,False,False,"",0,Arm
28.120000000001596,"VIPER-01","BANDIT-01",Locked,61345.355348510617,433.054733843133,0.58878870542907824,False,False,"",0,Arm
28.120000000001596,"VIPER-02","BANDIT-01",Locked,52451.918604045961,459.66780712913544,0.66290067829961707,False,False,"",0,Arm
28.120000000001596,"BANDIT-01","VIPER-02",Locked,52451.918604045961,459.66780712913544,0.66290067829961707,False,False,"",0,Arm
28.120000000001596,"BANDIT-02","VIPER-02",Locked,54922.876521082886,456.32245073019209,0.64230936232430935,False,False,"",0,Arm
28.220000000001612,"VIPER-01","BANDIT-01",Locked,61302.024207780916,433.52061451123291,0.58914979826849245,False,False,"",0,Arm
28.220000000001612,"VIPER-02","BANDIT-01",Locked,52405.943671555091,459.81605486870774,0.663283802737041,False,False,"",0,Arm
28.220000000001612,"BANDIT-01","VIPER-02",Locked,52405.943671555091,459.81605486870774,0.663283802737041,False,False,"",0,Arm
28.220000000001612,"BANDIT-02","VIPER-02",Locked,54877.235845970041,456.47505320369152,0.642689701283583,False,False,"",0,Arm
28.320000000001627,"VIPER-01","BANDIT-01",Locked,61258.646557409906,433.98506831944883,0.58951127868825093,False,False,"",0,Arm
28.320000000001627,"VIPER-02","BANDIT-01",Locked,52359.954060956938,459.96151551836203,0.6636670494920256,False,False,"",0,Arm
28.320000000001627,"BANDIT-01","VIPER-02",Locked,52359.954060956938,459.96151551836203,0.6636670494920256,False,False,"",0,Arm
28.320000000001627,"BANDIT-02","VIPER-02",Locked,54831.58005750642,456.62486541856106,0.64307016618744661,False,False,"",0,Arm
28.420000000001643,"VIPER-01","BANDIT-01",Locked,61215.222539935115,434.44809861876018,0.58987314550054082,False,False,"",0,Arm
28.420000000001643,"VIPER-02","BANDIT-01",Locked,52313.949846001306,460.10742342015436,0.6640504179499892,False,False,"",0,Arm
28.420000000001643,"BANDIT-01","VIPER-02",Locked,52313.949846001306,460.10742342015436,0.6640504179499892,False,False,"",0,Arm
28.420000000001643,"BANDIT-02","VIPER-02",Locked,54785.909232236496,456.77508261618675,0.64345075639802929,False,False,"",0,Arm
28.520000000001659,"VIPER-01","BANDIT-01",Locked,61171.752297587773,434.90970616553619,0.590235397520102,False,False,"",0,Arm
28.520000000001659,"VIPER-02","BANDIT-01",Locked,52267.931076162495,460.25297372933903,0.664433907698646,False,False,"",0,Arm
28.520000000001659,"BANDIT-01","VIPER-02",Locked,52267.931076162495,460.25297372933903,0.664433907698646,False,False,"",0,Arm
28.520000000001659,"BANDIT-02","VIPER-02",Locked,54740.223422712726,456.92490981908293,0.64383147147739406,False,False,"",0,Arm
28.620000000001674,"VIPER-01","BANDIT-01",Locked,61128.2359727764,435.36988850911916,0.5905980335601968,False,False,"",0,Arm
28.620000000001674,"VIPER-02","BANDIT-01",Locked,52221.89778176383,460.3976268314305,0.66481751848530157,False,False,"",0,Arm
28.620000000001674,"BANDIT-01","VIPER-02",Locked,52221.89778176383,460.3976268314305,0.66481751848530157,False,False,"",0,Arm
28.620000000001674,"BANDIT-02","VIPER-02",Locked,54694.522662559044,457.07381406586376,0.64421231114534139,False,False,"",0,Arm
28.72000000000169,"VIPER-01","BANDIT-01",Locked,61084.673708282156,435.82864043937866,0.59096105243098207,False,False,"",0,Arm
28.72000000000169,"VIPER-02","BANDIT-01",Locked,52175.8500067249,460.54273083468854,0.66520124994395924,False,False,"",0,Arm
28.72000000000169,"BANDIT-01","VIPER-02",Locked,52175.8500067249,460.54273083468854,0.66520124994395924,False,False,"",0,Arm
28.72000000000169,"BANDIT-02","VIPER-02",Locked,54648.806998819346,457.22312722512663,0.64459327500983887,False,False,"",0,Arm
28.820000000001706,"VIPER-01","BANDIT-01",Locked,61041.0656474364,436.28595673900776,0.59132445293803,False,False,"",0,Arm
28.820000000001706,"VIPER-02","BANDIT-01",Locked,52129.787827067157,460.68613282792904,0.66558510144110716,False,False,"",0,Arm
28.820000000001706,"BANDIT-01","VIPER-02",Locked,52129.787827067157,460.68613282792904,0.66558510144110716,False,False,"",0,Arm
28.820000000001706,"BANDIT-02","VIPER-02",Locked,54603.076510239393,457.3707225967915,0.64497436241467176,False,False,"",0,Arm
28.920000000001721,"VIPER-01","BANDIT-01",Locked,60997.41193403121,436.74183385114975,0.59168823388307334,False,False,"",0,Arm
28.920000000001721,"VIPER-02","BANDIT-01",Locked,52083.711254021582,460.83025690204232,0.66596907288315355,False,False,"",0,Arm
28.920000000001721,"BANDIT-01","VIPER-02",Locked,52083.711254021582,460.83025690204232,0.66596907288315355,False,False,"",0,Arm
28.920000000001721,"BANDIT-02","VIPER-02",Locked,54557.331211550118,457.51899498238117,0.64535557323708237,False,False,"",0,Arm
29.020000000001737,"VIPER-01","BANDIT-01",Locked,60953.712712120614,437.19626938969787,0.59205239406566168,False,False,"",0,Arm
29.020000000001737,"VIPER-02","BANDIT-01",Locked,52037.6203634341,460.97268093046574,0.66635316363804931,False,False,"",0,Arm
29.020000000001737,"BANDIT-01","VIPER-02",Locked,52037.6203634341,460.97268093046574,0.66635316363804931,False,False,"",0,Arm
29.020000000001737,"BANDIT-02","VIPER-02",Locked,54511.571181301821,457.66555173693592,0.645736906822485,False,False,"",0,Arm
29.120000000001752,"VIPER-01","BANDIT-01",Locked,60909.968125949476,437.64926201346771,0.59241693228375447,False,False,"",0,Arm
29.120000000001752,"VIPER-02","BANDIT-01",Locked,51991.515198640249,461.11529166745277,0.66673737334466465,False,False,"",0,Arm
29.120000000001752,"BANDIT-01","VIPER-02",Locked,51991.515198640249,461.11529166745277,0.66673737334466465,False,False,"",0,Arm
29.120000000001752,"BANDIT-02","VIPER-02",Locked,54465.796465919571,457.81225683922895,0.6461183627840037,False,False,"",0,Arm
29.220000000001768,"VIPER-01","BANDIT-01",Locked,60866.178319802646,438.10081175845295,0.59278184733497807,False,False,"",0,Arm
29.220000000001768,"VIPER-02","BANDIT-01",Locked,51945.395797522222,461.25782004038081,0.66712170168731488,False,False,"",0,Arm
29.220000000001768,"BANDIT-01","VIPER-02",Locked,51945.395797522222,461.25782004038081,0.66712170168731488,False,False,"",0,Arm
29.220000000001768,"BANDIT-02","VIPER-02",Locked,54420.007106429432,457.95884458742285,0.64649994077975481,False,False,"",0,Arm
29.320000000001784,"VIPER-01","BANDIT-01",Locked,60822.343437976262,438.55091800579493,0.59314713801686458,False,False,"",0,Arm
29.320000000001784,"VIPER-02","BANDIT-01",Locked,51899.262232868707,461.39919093657795,0.66750614805942754,False,False,"",0,Arm
29.320000000001784,"BANDIT-01","VIPER-02",Locked,51899.262232868707,461.39919093657795,0.66750614805942754,False,False,"",0,Arm
29.320000000001784,"BANDIT-02","VIPER-02",Locked,54374.203178329983,458.1042530174426,0.64688164018058358,False,False,"",0,Arm
29.4200000000018,"VIPER-01","BANDIT-01",Locked,60778.463624860189,438.99958033247583,0.59351280312616517,False,False,"",0,Arm
29.4200000000018,"VIPER-02","BANDIT-01",Locked,51853.114539579379,461.5399437020817,0.66789071217017193,False,False,"",0,Arm
29.4200000000018,"BANDIT-01","VIPER-02",Locked,51853.114539579379,461.5399437020817,0.66789071217017193,False,False,"",0,Arm
29.4200000000018,"BANDIT-02","VIPER-02",Locked,54328.384719679125,458.2490150414601,0.64726346066934071,False,False,"",0,Arm
29.520000000001815,"VIPER-01","BANDIT-01",Locked,60734.539024912243,439.4467974916231,0.59387884145906478,False,False,"",0,Arm
29.520000000001815,"VIPER-02","BANDIT-01",Locked,51806.952763205809,461.6808877152651,0.6682753936399517,False,False,"",0,Arm
29.520000000001815,"BANDIT-01","VIPER-02",Locked,51806.952763205809,461.6808877152651,0.6682753936399517,False,False,"",0,Arm
29.520000000001815,"BANDIT-02","VIPER-02",Locked,54282.551779048546,458.39393032560776,0.64764540184126218,False,False,"",0,Arm
29.620000000001831,"VIPER-01","BANDIT-01",Locked,60690.569782692932,439.89256865303275,0.59424525181089227,False,False,"",0,Arm
29.620000000001831,"VIPER-02","BANDIT-01",Locked,51760.776938523435,461.82094516753381,0.66866019217897144,False,False,"",0,Arm
29.620000000001831,"BANDIT-01","VIPER-02",Locked,51760.776938523435,461.82094516753381,0.66866019217897144,False,False,"",0,Arm
29.620000000001831,"BANDIT-02","VIPER-02",Locked,54236.704394351458,458.53793424367279,0.64802746338040462,False,False,"",0,Arm
29.720000000001846,"VIPER-01","BANDIT-01",Locked,60646.556042919379,440.33689169455607,0.59461203297567189,False,False,"",0,Arm
29.720000000001846,"VIPER-02","BANDIT-01",Locked,51714.58712978696,461.96065747648106,0.66904510725177535,False,False,"",0,Arm
29.720000000001846,"BANDIT-01","VIPER-02",Locked,51714.58712978696,461.96065747648106,0.66904510725177535,False,False,"",0,Arm
29.720000000001846,"BANDIT-02","VIPER-02",Locked,54190.842632613334,458.6815617446677,0.64840964472822238,False,False,"",0,Arm
29.820000000001862,"VIPER-01","BANDIT-01",Locked,60602.497950460413,440.77976557839537,0.59497918374616332,False,False,"",0,Arm
29.820000000001862,"VIPER-02","BANDIT-01",Locked,51668.383371519521,462.09975543213022,0.66943013857067069,False,False,"",0,Arm
29.820000000001862,"BANDIT-01","VIPER-02",Locked,51668.383371519521,462.09975543213022,0.66943013857067069,False,False,"",0,Arm
29.820000000001862,"BANDIT-02","VIPER-02",Locked,54144.966531480182,458.8245469855313,0.64879194557099851,False,False,"",0,Arm
29.920000000001878,"VIPER-01","BANDIT-01",Locked,60558.3956502991,441.22118900878388,0.59534670291417424,False,False,"",0,Arm
29.920000000001878,"VIPER-02","BANDIT-01",Locked,51622.165711635833,462.23850964660227,0.66981528573636817,False,False,"",0,Arm
29.920000000001878,"BANDIT-01","VIPER-02",Locked,51622.165711635833,462.23850964660227,0.66981528573636817,False,False,"",0,Arm
29.920000000001878,"BANDIT-02","VIPER-02",Locked,54099.076141815247,458.96715739302556,0.649174365484873,False,False,"",0,Arm
30.020000000001893,"VIPER-01","BANDIT-01",Locked,60514.249287545237,441.6611608009614,0.5957145892704564,False,False,"",0,Arm
30.020000000001893,"VIPER-02","BANDIT-01",Locked,51575.934203259429,462.37719102117848,0.67020054830617148,False,False,"",0,Arm
30.020000000001893,"BANDIT-01","VIPER-02",Locked,51575.934203259429,462.37719102117848,0.67020054830617148,False,False,"",0,Arm
30.020000000001893,"BANDIT-02","VIPER-02",Locked,54053.171519618518,459.1096606795025,0.64955690400317911,False,False,"",0,Arm
30.120000000001909,"VIPER-01","BANDIT-01",Locked,60470.059007394695,442.09968044358595,0.59608284160504432,False,False,"",0,Arm
30.120000000001909,"VIPER-02","BANDIT-01",Locked,51529.688891327911,462.51499244726494,0.67058592590560084,False,False,"",0,Arm
30.120000000001909,"BANDIT-01","VIPER-02",Locked,51529.688891327911,462.51499244726494,0.67058592590560084,False,False,"",0,Arm
30.120000000001909,"BANDIT-02","VIPER-02",Locked,54007.252712792142,459.25125963578608,0.6499395607267322,False,False,"",0,Arm
30.220000000001924,"VIPER-01","BANDIT-01",Locked,60425.824955106626,442.53674724404328,0.59645145870744487,False,False,"",0,Arm
30.220000000001924,"VIPER-02","BANDIT-01",Locked,51483.429823376071,462.6519151424223,0.67097141813853289,False,False,"",0,Arm
30.220000000001924,"BANDIT-01","VIPER-02",Locked,51483.429823376071,462.6519151424223,0.67097141813853289,False,False,"",0,Arm
30.220000000001924,"BANDIT-02","VIPER-02",Locked,53961.31977179485,459.39195556982349,0.650322335235043,False,False,"",0,Arm
30.32000000000194,"VIPER-01","BANDIT-01",Locked,60381.54727601161,442.97236025876731,0.59682043936657,False,False,"",0,Arm
30.32000000000194,"VIPER-02","BANDIT-01",Locked,51437.1570495109,462.78876828656871,0.6713570245874092,False,False,"",0,Arm
30.32000000000194,"BANDIT-01","VIPER-02",Locked,51437.1570495109,462.78876828656871,0.6713570245874092,False,False,"",0,Arm
30.32000000000194,"BANDIT-02","VIPER-02",Locked,53915.372749615817,459.53254794112183,0.650705227086535,False,False,"",0,Arm
30.420000000001956,"VIPER-01","BANDIT-01",Locked,60337.226115513709,443.40651909530578,0.59718978237071918,False,False,"",0,Arm
30.420000000001956,"VIPER-02","BANDIT-01",Locked,51390.870608950892,462.92528322041477,0.67174274492540931,False,False,"",0,Arm
30.420000000001956,"BANDIT-01","VIPER-02",Locked,51390.870608950892,462.92528322041477,0.67174274492540931,False,False,"",0,Arm
30.420000000001956,"BANDIT-02","VIPER-02",Locked,53869.411688477063,459.67277145415352,0.65108823592935794,False,False,"",0,Arm
30.520000000001971,"VIPER-01","BANDIT-01",Locked,60292.861619088872,443.83922266250289,0.59755948650759283,False,False,"",0,Arm
30.520000000001971,"VIPER-02","BANDIT-01",Locked,51344.570567721748,463.06119277733552,0.67212857860231878,False,False,"",0,Arm
30.520000000001971,"BANDIT-01","VIPER-02",Locked,51344.570567721748,463.06119277733552,0.67212857860231878,False,False,"",0,Arm
30.520000000001971,"BANDIT-02","VIPER-02",Locked,53823.43665707155,459.81236228789322,0.65147136119107052,False,False,"",0,Arm
30.620000000001987,"VIPER-01","BANDIT-01",Locked,60248.453932279357,444.27047072918737,0.59792955056433883,False,False,"",0,Arm
30.620000000001987,"VIPER-02","BANDIT-01",Locked,51298.256954032455,463.19676636883884,0.67251452538306289,False,False,"",0,Arm
30.620000000001987,"BANDIT-01","VIPER-02",Locked,51298.256954032455,463.19676636883884,0.67251452538306289,False,False,"",0,Arm
30.620000000001987,"BANDIT-02","VIPER-02",Locked,53777.4476867262,459.95158668329054,0.65185460261061512,False,False,"",0,Arm
30.720000000002003,"VIPER-01","BANDIT-01",Locked,60204.003200659237,444.70026276621343,0.5982999733278398,False,False,"",0,Arm
30.720000000002003,"VIPER-02","BANDIT-01",Locked,51251.9298149042,463.33173571914313,0.6729005848757984,False,False,"",0,Arm
30.720000000002003,"BANDIT-01","VIPER-02",Locked,51251.9298149042,463.33173571914313,0.6729005848757984,False,False,"",0,Arm
30.720000000002003,"BANDIT-02","VIPER-02",Locked,53731.444827340885,460.09017972073121,0.65223795977215937,False,False,"",0,Arm
30.820000000002018,"VIPER-01","BANDIT-01",Locked,60159.509569863825,445.12859825071138,0.5986707535844682,False,False,"",0,Arm
30.820000000002018,"VIPER-02","BANDIT-01",Locked,51205.589194530825,463.46637126179814,0.67328675671224314,False,False,"",0,Arm
30.820000000002018,"BANDIT-01","VIPER-02",Locked,51205.589194530825,463.46637126179814,0.67328675671224314,False,False,"",0,Arm
30.820000000002018,"BANDIT-02","VIPER-02",Locked,53685.428126013183,460.22840864398808,0.65262143228322356,False,False,"",0,Arm
30.920000000002034,"VIPER-01","BANDIT-01",Locked,60114.973185568975,445.55547674026212,0.59904189012025866,False,False,"",0,Arm
30.920000000002034,"VIPER-02","BANDIT-01",Locked,51159.235139701806,463.60067412342414,0.67367304050248511,False,False,"",0,Arm
30.920000000002034,"BANDIT-01","VIPER-02",Locked,51159.235139701806,463.60067412342414,0.67367304050248511,False,False,"",0,Arm
30.920000000002034,"BANDIT-02","VIPER-02",Locked,53639.397632394037,460.36627465930115,0.65300501973004976,False,False,"",0,Arm
31.020000000002049,"VIPER-01","BANDIT-01",Locked,60070.394193491506,445.9808979380569,0.59941338172090419,False,False,"",0,Arm
31.020000000002049,"VIPER-02","BANDIT-01",Locked,51112.867697078895,463.73437618365523,0.67405943585767591,False,False,"",0,Arm
31.020000000002049,"BANDIT-01","VIPER-02",Locked,51112.867697078895,463.73437618365523,0.67405943585767591,False,False,"",0,Arm
31.020000000002049,"BANDIT-02","VIPER-02",Locked,53593.353396001396,460.50351299835648,0.65338872169998852,False,False,"",0,Arm
31.120000000002065,"VIPER-01","BANDIT-01",Locked,60025.772739377433,446.40486161072914,0.59978522717185478,False,False,"",0,Arm
31.120000000002065,"VIPER-02","BANDIT-01",Locked,51066.486910530759,463.86747849311638,0.67444594241224376,False,False,"",0,Arm
31.120000000002065,"BANDIT-01","VIPER-02",Locked,51066.486910530759,463.86747849311638,0.67444594241224376,False,False,"",0,Arm
31.120000000002065,"BANDIT-02","VIPER-02",Locked,53547.29546358146,460.64012479553207,0.653772537803488,False,False,"",0,Arm
31.220000000002081,"VIPER-01","BANDIT-01",Locked,59981.1089690004,446.82736736944833,0.60015742525833016,False,False,"",0,Arm
31.220000000002081,"VIPER-02","BANDIT-01",Locked,51020.092829191053,464.00025158536954,0.67483255975674128,False,False,"",0,Arm
31.220000000002081,"BANDIT-01","VIPER-02",Locked,51020.092829191053,464.00025158536954,0.67483255975674128,False,False,"",0,Arm
31.220000000002081,"BANDIT-02","VIPER-02",Locked,53501.223887073495,460.77637739384852,0.654156467607721,False,False,"",0,Arm
31.320000000002096,"VIPER-01","BANDIT-01",Locked,59936.403028154979,447.2484150813994,0.60052997476537529,False,False,"",0,Arm
31.320000000002096,"VIPER-02","BANDIT-01",Locked,50973.68549939042,464.13242726729521,0.67521928750508,False,False,"",0,Arm
31.320000000002096,"BANDIT-01","VIPER-02",Locked,50973.68549939042,464.13242726729521,0.67521928750508,False,False,"",0,Arm
31.320000000002096,"BANDIT-02","VIPER-02",Locked,53455.138715638925,460.91200595740509,0.65454051070300912,False,False,"",0,Arm
31.420000000002112,"VIPER-01","BANDIT-01",Locked,59891.655062651349,447.66800465957022,0.60090287447790547,False,False,"",0,Arm
31.420000000002112,"VIPER-02","BANDIT-01",Locked,50927.264961978159,464.26427565855892,0.67560612531684883,False,False,"",0,Arm
31.420000000002112,"BANDIT-01","VIPER-02",Locked,50927.264961978159,464.26427565855892,0.67560612531684883,False,False,"",0,Arm
31.420000000002112,"BANDIT-02","VIPER-02",Locked,53409.039993012178,461.04727741997448,0.65492466672489857,False,False,"",0,Arm
31.520000000002128,"VIPER-01","BANDIT-01",Locked,59846.865218305371,448.08613613503411,0.6012761231807886,False,False,"",0,Arm
31.520000000002128,"VIPER-02","BANDIT-01",Locked,50880.831257701946,464.39579764069362,0.67599307285248389,False,False,"",0,Arm
31.520000000002128,"BANDIT-01","VIPER-02",Locked,50880.831257701946,464.39579764069362,0.67599307285248389,False,False,"",0,Arm
31.520000000002128,"BANDIT-02","VIPER-02",Locked,53362.927762820094,461.18219274768848,0.6553089353098327,False,False,"",0,Arm
31.620000000002143,"VIPER-01","BANDIT-01",Locked,59802.033640942325,448.50280917382969,0.601649719658814,False,False,"",0,Arm
31.620000000002143,"VIPER-02","BANDIT-01",Locked,50834.384446035438,464.52672561136484,0.67638012961637139,False,False,"",0,Arm
31.620000000002143,"BANDIT-01","VIPER-02",Locked,50834.384446035438,464.52672561136484,0.67638012961637139,False,False,"",0,Arm
31.620000000002143,"BANDIT-02","VIPER-02",Locked,53316.802087176628,461.31648768556011,0.65569331594019487,False,False,"",0,Arm
31.720000000002159,"VIPER-01","BANDIT-01",Locked,59757.16047639434,448.91802405460965,0.60202366269671392,False,False,"",0,Arm
31.720000000002159,"VIPER-02","BANDIT-01",Locked,50787.924559424049,464.65732937867642,0.676767295338133,False,False,"",0,Arm
31.720000000002159,"BANDIT-01","VIPER-02",Locked,50787.924559424049,464.65732937867642,0.676767295338133,False,False,"",0,Arm
31.720000000002159,"BANDIT-02","VIPER-02",Locked,53270.6630014882,461.45042885477625,0.65607780832093177,False,False,"",0,Arm
31.820000000002175,"VIPER-01","BANDIT-01",Locked,59712.24587045463,449.33178117771155,0.60239795107954486,False,False,"",0,Arm
31.820000000002175,"VIPER-02","BANDIT-01",Locked,50741.451630256081,464.78760952040557,0.677154569747866,False,False,"",0,Arm
31.820000000002175,"BANDIT-01","VIPER-02",Locked,50741.451630256081,464.78760952040557,0.677154569747866,False,False,"",0,Arm
31.820000000002175,"BANDIT-02","VIPER-02",Locked,53224.510541095668,461.58401691732917,0.6564624121575362,False,False,"",0,Arm
31.92000000000219,"VIPER-01","BANDIT-01",Locked,59667.28996887547,449.74408099449369,0.60277258359270447,False,False,"",0,Arm
31.92000000000219,"VIPER-02","BANDIT-01",Locked,50694.965690861718,464.91756665134926,0.67754195257615246,False,False,"",0,Arm
31.92000000000219,"BANDIT-01","VIPER-02",Locked,50694.965690861718,464.91756665134926,0.67754195257615246,False,False,"",0,Arm
31.92000000000219,"BANDIT-02","VIPER-02",Locked,53178.344741271445,461.71725256779865,0.65684712715607141,False,False,"",0,Arm
32.0200000000022,"VIPER-01","BANDIT-01",Locked,59622.292917359475,450.15492400548447,0.60314755902200445,False,False,"",0,Arm
32.0200000000022,"VIPER-02","BANDIT-01",Locked,50648.466773505781,465.04720142636609,0.67792944355411855,False,False,"",0,Arm
32.0200000000022,"BANDIT-01","VIPER-02",Locked,50648.466773505781,465.04720142636609,0.67792944355411855,False,False,"",0,Arm
32.0200000000022,"BANDIT-02","VIPER-02",Locked,53132.165637215934,461.85013653631688,0.6572319530232007,False,False,"",0,Arm
32.120000000002179,"VIPER-01","BANDIT-01",Locked,59577.254861555768,450.5643107586086,0.603522876153702,False,False,"",0,Arm
32.120000000002179,"VIPER-02","BANDIT-01",Locked,50601.954910385757,465.17651452662409,0.67831704241345214,False,False,"",0,Arm
32.120000000002179,"BANDIT-01","VIPER-02",Locked,50601.954910385757,465.17651452662409,0.67831704241345214,False,False,"",0,Arm
32.120000000002179,"BANDIT-02","VIPER-02",Locked,53085.973264056338,461.98266957645393,0.65761688946619734,False,False,"",0,Arm
32.220000000002159,"VIPER-01","BANDIT-01",Locked,59532.175947059208,450.97224184803565,0.60389853377450664,False,False,"",0,Arm
32.220000000002159,"VIPER-02","BANDIT-01",Locked,50555.430133632086,465.30550663910759,0.67870474888639931,False,False,"",0,Arm
32.220000000002159,"BANDIT-01","VIPER-02",Locked,50555.430133632086,465.30550663910759,0.67870474888639931,False,False,"",0,Arm
32.220000000002159,"BANDIT-02","VIPER-02",Locked,53039.76765684296,462.11485244695518,0.65800193619297542,False,False,"",0,Arm
32.320000000002139,"VIPER-01","BANDIT-01",Locked,59487.056319400588,451.37871791369963,0.60427453067166192,False,False,"",0,Arm
32.320000000002139,"VIPER-02","BANDIT-01",Locked,50508.892475306493,465.43417843910714,0.67909256270577933,False,False,"",0,Arm
32.320000000002139,"BANDIT-01","VIPER-02",Locked,50508.892475306493,465.43417843910714,0.67909256270577933,False,False,"",0,Arm
32.320000000002139,"BANDIT-02","VIPER-02",Locked,52993.548850552259,462.24668589603158,0.65838709291206454,False,False,"",0,Arm
32.420000000002119,"VIPER-01","BANDIT-01",Locked,59441.896124044135,451.78373964128286,0.60465086563296566,False,False,"",0,Arm
32.420000000002119,"VIPER-02","BANDIT-01",Locked,50462.341967402535,465.56253058156352,0.679480483604979,False,False,"",0,Arm
32.420000000002119,"BANDIT-01","VIPER-02",Locked,50462.341967402535,465.56253058156352,0.679480483604979,False,False,"",0,Arm
32.420000000002119,"BANDIT-02","VIPER-02",Locked,52947.316880084974,462.37817065348941,0.65877235933262535,False,False,"",0,Arm
32.5200000000021,"VIPER-01","BANDIT-01",Locked,59396.695506383847,452.18730776228608,0.60502753744680138,False,False,"",0,Arm
32.5200000000021,"VIPER-02","BANDIT-01",Locked,50415.778641851495,465.69056370209097,0.67986851131790438,False,False,"",0,Arm
32.5200000000021,"BANDIT-01","VIPER-02",Locked,50415.778641851495,465.69056370209097,0.67986851131790438,False,False,"",0,Arm
32.5200000000021,"BANDIT-02","VIPER-02",Locked,52901.071780271224,462.50930743150224,0.65915773516440657,False,False,"",0,Arm
32.620000000002079,"VIPER-01","BANDIT-01",Locked,59351.454611737943,452.58942305393873,0.60540454490218387,False,False,"",0,Arm
32.620000000002079,"VIPER-02","BANDIT-01",Locked,50369.202530521296,465.8182784245746,0.68025664557898935,False,False,"",0,Arm
32.620000000002079,"BANDIT-01","VIPER-02",Locked,50369.202530521296,465.8182784245746,0.68025664557898935,False,False,"",0,Arm
32.620000000002079,"BANDIT-02","VIPER-02",Locked,52854.813585869619,462.64009693130191,0.65954322011775335,False,False,"",0,Arm
32.720000000002059,"VIPER-01","BANDIT-01",Locked,59306.17358534292,452.99008633885603,0.60578188678880907,False,False,"",0,Arm
32.720000000002059,"VIPER-02","BANDIT-01",Locked,50322.613665217716,465.94567537064893,0.68064488612318574,False,False,"",0,Arm
32.720000000002059,"BANDIT-01","VIPER-02",Locked,50322.613665217716,465.94567537064893,0.68064488612318574,False,False,"",0,Arm
32.720000000002059,"BANDIT-02","VIPER-02",Locked,52808.542331570265,462.77053985161484,0.65992881390358127,False,False,"",0,Arm
32.82000000000204,"VIPER-01","BANDIT-01",Locked,59260.852572353208,453.38929848448356,0.60615956189705678,False,False,"",0,Arm
32.82000000000204,"VIPER-02","BANDIT-01",Locked,50276.012077683074,466.07275516692141,0.68103323268597449,False,False,"",0,Arm
32.82000000000204,"BANDIT-01","VIPER-02",Locked,50276.012077683074,466.07275516692141,0.68103323268597449,False,False,"",0,Arm
32.82000000000204,"BANDIT-02","VIPER-02",Locked,52762.25805199,462.90063689512351,0.66031451623341675,False,False,"",0,Arm
32.92000000000202,"VIPER-01","BANDIT-01",Locked,59215.491717831253,453.78706040245311,0.606537569018073,False,False,"",0,Arm
32.92000000000202,"VIPER-02","BANDIT-01",Locked,50229.397799597507,466.19951844787659,0.68142168500335421,False,False,"",0,Arm
32.92000000000202,"BANDIT-01","VIPER-02",Locked,50229.397799597507,466.19951844787659,0.68142168500335421,False,False,"",0,Arm
32.92000000000202,"BANDIT-02","VIPER-02",Locked,52715.960781679583,463.03038877112459,0.66070032681933688,False,False,"",0,Arm
33.020000000002,"VIPER-01","BANDIT-01",Locked,59170.091166748636,454.18337304799627,0.60691590694376152,False,False,"",0,Arm
33.020000000002,"VIPER-02","BANDIT-01",Locked,50182.7708625783,466.32596585460129,0.68181024281184754,False,False,"",0,Arm
33.020000000002,"BANDIT-01","VIPER-02",Locked,50182.7708625783,466.32596585460129,0.68181024281184754,False,False,"",0,Arm
33.020000000002,"BANDIT-02","VIPER-02",Locked,52669.650555116285,463.15979619441964,0.661086245374031,False,False,"",0,Arm
33.12000000000198,"VIPER-01","BANDIT-01",Locked,59124.651063976875,454.57823741942184,0.60729457446685942,False,False,"",0,Arm
33.12000000000198,"VIPER-02","BANDIT-01",Locked,50136.131298175642,466.452098031009,0.68219890584853649,False,False,"",0,Arm
33.12000000000198,"BANDIT-01","VIPER-02",Locked,50136.131298175642,466.452098031009,0.68219890584853649,False,False,"",0,Arm
33.12000000000198,"BANDIT-02","VIPER-02",Locked,52623.3274067039,463.2888598819647,0.66147227161080091,False,False,"",0,Arm
33.22000000000196,"VIPER-01","BANDIT-01",Locked,59079.171554286957,454.97165455770289,0.60767357038094216,False,False,"",0,Arm
33.22000000000196,"VIPER-02","BANDIT-01",Locked,50089.479137878676,466.57791561975944,0.682587673851011,False,False,"",0,Arm
33.22000000000196,"BANDIT-01","VIPER-02",Locked,50089.479137878676,466.57791561975944,0.682587673851011,False,False,"",0,Arm
33.22000000000196,"BANDIT-02","VIPER-02",Locked,52576.991370777418,463.41758054922826,0.66185840524352169,False,False,"",0,Arm
33.32000000000194,"VIPER-01","BANDIT-01",Locked,59033.652782342433,455.36362554610065,0.60805289348047986,False,False,"",0,Arm
33.32000000000194,"VIPER-02","BANDIT-01",Locked,50042.814413110376,466.70341925950703,0.68297654655741358,False,False,"",0,Arm
33.32000000000194,"BANDIT-01","VIPER-02",Locked,50042.814413110376,466.70341925950703,0.68297654655741358,False,False,"",0,Arm
33.32000000000194,"BANDIT-02","VIPER-02",Locked,52530.6424815995,463.54595890769758,0.66224464598667088,False,False,"",0,Arm
33.42000000000192,"VIPER-01","BANDIT-01",Locked,58988.09489269444,455.75415150978358,0.60843254256087975,False,False,"",0,Arm
33.42000000000192,"VIPER-02","BANDIT-01",Locked,49996.137155230135,466.82860958418451,0.68336552370641557,True,True,"",0,Arm
33.42000000000192,"BANDIT-01","VIPER-02",Locked,49996.137155230135,466.82860958418451,0.68336552370641557,True,True,"",0,Arm
33.42000000000192,"BANDIT-02","VIPER-02",Locked,52484.2807733616,463.6739956642059,0.66263099355532007,False,False,"",0,Arm
33.5200000000019,"VIPER-01","BANDIT-01",Locked,58942.498029782822,456.14323361543211,0.60881251641847656,False,False,"",0,Arm
33.5200000000019,"VIPER-02","BANDIT-01",Locked,49949.447395534342,466.95348722402537,0.68375460503721386,True,True,"",0,Arm
33.5200000000019,"BANDIT-01","VIPER-02",Locked,49949.447395534342,466.95348722402537,0.68375460503721386,True,True,"",0,Arm
33.5200000000019,"BANDIT-02","VIPER-02",Locked,52437.906280184172,463.8016915218094,0.663017447665132,False,False,"",0,Arm
33.62000000000188,"VIPER-01","BANDIT-01",Locked,58896.862337927763,456.53087307079403,0.60919281385060209,False,False,"",0,Arm
33.62000000000188,"VIPER-02","BANDIT-01",Locked,49902.745165259083,467.07805280744645,0.68414379028950778,True,True,"",0,Arm
33.62000000000188,"BANDIT-01","VIPER-02",Locked,49902.745165259083,467.07805280744645,0.68414379028950778,True,True,"",0,Arm
33.62000000000188,"BANDIT-02","VIPER-02",Locked,52391.519036120546,463.92904718146008,0.66340400803232891,False,False,"",0,Arm
33.72000000000186,"VIPER-01","BANDIT-01",Locked,58851.187961324205,456.91707112422881,0.60957343365563177,False,False,"",0,Arm
33.72000000000186,"VIPER-02","BANDIT-01",Locked,49856.030495573177,467.20230696283136,0.68453307920355688,True,True,"",0,Arm
33.72000000000186,"BANDIT-01","VIPER-02",Locked,49856.030495573177,467.20230696283136,0.68453307920355688,True,True,"",0,Arm
33.72000000000186,"BANDIT-02","VIPER-02",Locked,52345.119075149807,464.05606334357907,0.66379067437375172,False,False,"",0,Arm
33.820000000001841,"VIPER-01","BANDIT-01",Locked,58805.475044042039,457.301829064238,0.60995437463298308,False,False,"",0,Arm
33.820000000001841,"VIPER-02","BANDIT-01",Locked,49809.303417584219,467.32625031958145,0.68492247152013164,True,True,"",0,Arm
33.820000000001841,"BANDIT-01","VIPER-02",Locked,49809.303417584219,467.32625031958145,0.68492247152013164,True,True,"",0,Arm
33.820000000001841,"BANDIT-02","VIPER-02",Locked,52298.706431183185,464.18274070902351,0.66417744640680687,False,False,"",0,Arm
33.920000000001821,"VIPER-01","BANDIT-01",Locked,58759.7237300191,457.68514821902306,0.61033563558317427,False,False,"",0,Arm
33.920000000001821,"VIPER-02","BANDIT-01",Locked,49762.563962339133,467.44988350823468,0.68531196698050734,True,True,"",0,Arm
33.920000000001821,"BANDIT-01","VIPER-02",Locked,49762.563962339133,467.44988350823468,0.68531196698050734,True,True,"",0,Arm
33.920000000001821,"BANDIT-02","VIPER-02",Locked,52252.28113806215,464.30907997918905,0.66456432384948216,False,False,"",0,Arm
34.0200000000018,"VIPER-01","BANDIT-01",Locked,58713.934163058679,458.0670299560478,0.6107172153078444,False,False,"",0,Arm
34.0200000000018,"VIPER-02","BANDIT-01",Locked,49715.812160819449,467.57320715988749,0.68570156532650461,True,True,"",0,Arm
34.0200000000018,"BANDIT-01","VIPER-02",Locked,49715.812160819449,467.57320715988749,0.68570156532650461,True,True,"",0,Arm
34.0200000000018,"BANDIT-02","VIPER-02",Locked,52205.8432295578,464.435081855517,0.66495130642035172,False,False,"",0,Arm
34.120000000001781,"VIPER-01","BANDIT-01",Locked,58668.10648682664,458.44747568161512,0.611099112609778,False,False,"",0,Arm
34.120000000001781,"VIPER-02","BANDIT-01",Locked,49669.048043943709,467.69622190532868,0.68609126630046924,True,True,"",0,Arm
34.120000000001781,"BANDIT-01","VIPER-02",Locked,49669.048043943709,467.69622190532868,0.68609126630046924,True,True,"",0,Arm
34.120000000001781,"BANDIT-02","VIPER-02",Locked,52159.392739369054,464.56074703871587,0.66533839383859128,False,False,"",0,Arm
34.220000000001761,"VIPER-01","BANDIT-01",Locked,58622.240844844018,458.82648684045125,0.61148132629296659,False,False,"",0,Arm
34.220000000001761,"VIPER-02","BANDIT-01",Locked,49622.271642568128,467.81892837433128,0.68648106964526567,True,True,"",0,Arm
34.220000000001761,"BANDIT-01","VIPER-02",Locked,49622.271642568128,467.81892837433128,0.68648106964526567,True,True,"",0,Arm
34.220000000001761,"BANDIT-02","VIPER-02",Locked,52112.9297011277,464.68607622813215,0.66572558582393593,False,False,"",0,Arm
34.320000000001741,"VIPER-01","BANDIT-01",Locked,58576.337380484758,459.20406491527859,0.61186385516262709,False,False,"",0,Arm
34.320000000001741,"VIPER-02","BANDIT-01",Locked,49575.482987484982,467.94132719530535,0.68687097510429185,True,True,"",0,Arm
34.320000000001741,"BANDIT-01","VIPER-02",Locked,49575.482987484982,467.94132719530535,0.68687097510429185,True,True,"",0,Arm
34.320000000001741,"BANDIT-02","VIPER-02",Locked,52066.454148393692,464.8110701214224,0.66611288209671926,False,False,"",0,Arm
34.420000000001721,"VIPER-01","BANDIT-01",Locked,58530.396236974353,459.58021142639723,0.61224669802521381,False,False,"",0,Arm
34.420000000001721,"VIPER-02","BANDIT-01",Locked,49528.682109424866,468.0634189953675,0.6872609824214595,True,True,"",0,Arm
34.420000000001721,"BANDIT-01","VIPER-02",Locked,49528.682109424866,468.0634189953675,0.6872609824214595,True,True,"",0,Arm
34.420000000001721,"BANDIT-02","VIPER-02",Locked,52019.966114659037,464.93572941461707,0.66650028237784142,False,False,"",0,Arm
34.5200000000017,"VIPER-01","BANDIT-01",Locked,58484.417557383487,459.95492793124936,0.612629853688471,False,False,"",0,Arm
34.5200000000017,"VIPER-02","BANDIT-01",Locked,49481.869039056161,468.18520440066243,0.68765109134119873,True,True,"",0,Arm
34.5200000000017,"BANDIT-01","VIPER-02",Locked,49481.869039056161,468.18520440066243,0.68765109134119873,True,True,"",0,Arm
34.5200000000017,"BANDIT-02","VIPER-02",Locked,51973.465633345812,465.06005480239492,0.666887786388785,False,False,"",0,Arm
34.620000000001681,"VIPER-01","BANDIT-01",Locked,58438.4014846248,460.32821602399434,0.61301332096146011,False,False,"",0,Arm
34.620000000001681,"VIPER-02","BANDIT-01",Locked,49435.043806981877,468.30668403675833,0.68804130160848442,True,True,"",0,Arm
34.620000000001681,"BANDIT-01","VIPER-02",Locked,49435.043806981877,468.30668403675833,0.68804130160848442,True,True,"",0,Arm
34.620000000001681,"BANDIT-02","VIPER-02",Locked,51926.952737803957,465.18404697842243,0.66727539385163381,False,False,"",0,Arm
34.720000000001662,"VIPER-01","BANDIT-01",Locked,58392.3481614497,460.70007733508407,0.61339709865458591,False,False,"",0,Arm
34.720000000001662,"VIPER-02","BANDIT-01",Locked,49388.2064437459,468.42785852894144,0.6884316129687843,True,True,"",0,Arm
34.720000000001662,"BANDIT-01","VIPER-02",Locked,49388.2064437459,468.42785852894144,0.6884316129687843,True,True,"",0,Arm
34.720000000001662,"BANDIT-02","VIPER-02",Locked,51880.427461317508,465.30770663563203,0.66766310448902089,False,False,"",0,Arm
34.820000000001642,"VIPER-01","BANDIT-01",Locked,58346.2577304455,461.07051353084148,0.61378118557962091,False,False,"",0,Arm
34.820000000001642,"VIPER-02","BANDIT-01",Locked,49341.356979828714,468.54872850231646,0.6888220251680941,True,True,"",0,Arm
34.820000000001642,"BANDIT-01","VIPER-02",Locked,49341.356979828714,468.54872850231646,0.6888220251680941,True,True,"",0,Arm
34.820000000001642,"BANDIT-02","VIPER-02",Locked,51833.88983710084,465.43103446630175,0.66805091802415983,False,False,"",0,Arm
34.920000000001622,"VIPER-01","BANDIT-01",Locked,58300.130334029644,461.43952631303273,0.614165580549753,False,False,"",0,Arm
34.920000000001622,"VIPER-02","BANDIT-01",Locked,49294.495445645967,468.66929458173666,0.68921253795295034,True,True,"",0,Arm
34.920000000001622,"BANDIT-01","VIPER-02",Locked,49294.495445645967,468.66929458173666,0.68921253795295034,True,True,"",0,Arm
34.920000000001622,"BANDIT-02","VIPER-02",Locked,51787.339898296705,465.55403116200159,0.66843883418086092,False,False,"",0,Arm
35.0200000000016,"VIPER-01","BANDIT-01",Locked,58253.966114446943,461.80711741846494,0.614550282379609,False,False,"",0,Arm
35.0200000000016,"VIPER-02","BANDIT-01",Locked,49247.621871552641,468.78955739164508,0.68960315107039483,True,True,"",0,Arm
35.0200000000016,"BANDIT-01","VIPER-02",Locked,49247.621871552641,468.78955739164508,0.68960315107039483,True,True,"",0,Arm
35.0200000000016,"BANDIT-02","VIPER-02",Locked,51740.777677981183,465.67669741345361,0.66882685268349018,False,False,"",0,Arm
35.120000000001582,"VIPER-01","BANDIT-01",Locked,58207.765213768442,462.17328861858,0.61493528988526314,False,False,"",0,Arm
35.120000000001582,"VIPER-02","BANDIT-01",Locked,49200.736287842439,468.90951755590407,0.68999386426797971,True,True,"",0,Arm
35.120000000001582,"BANDIT-01","VIPER-02",Locked,49200.736287842439,468.90951755590407,0.68999386426797971,True,True,"",0,Arm
35.120000000001582,"BANDIT-02","VIPER-02",Locked,51694.203209160187,465.79903391037982,0.66921497325699852,False,False,"",0,Arm
35.220000000001562,"VIPER-01","BANDIT-01",Locked,58161.527773885813,462.53804171903789,0.615320601884285,False,False,"",0,Arm
35.220000000001562,"VIPER-02","BANDIT-01",Locked,49153.838724744986,469.02917569768692,0.69038467729379183,True,True,"",0,Arm
35.220000000001562,"BANDIT-01","VIPER-02",Locked,49153.838724744986,469.02917569768692,0.69038467729379183,True,True,"",0,Arm
35.220000000001562,"BANDIT-02","VIPER-02",Locked,51647.616524771009,465.92104134140789,0.6696031956269084,False,False,"",0,Arm
35.320000000001542,"VIPER-01","BANDIT-01",Locked,58115.253936507368,462.9013785592968,0.615706217195772,False,False,"",0,Arm
35.320000000001542,"VIPER-02","BANDIT-01",Locked,49106.929212427793,469.14853243945652,0.69077558989643517,True,True,"",0,Arm
35.320000000001542,"BANDIT-01","VIPER-02",Locked,49106.929212427793,469.14853243945652,0.69077558989643517,True,True,"",0,Arm
35.320000000001542,"BANDIT-02","VIPER-02",Locked,51601.017657681965,466.04272039405123,0.66999151951931712,False,False,"",0,Arm
35.420000000001522,"VIPER-01","BANDIT-01",Locked,58068.94384315631,463.26330101220083,0.61609213464036416,False,False,"",0,Arm
35.420000000001522,"VIPER-02","BANDIT-01",Locked,49060.007780998923,469.26758840301574,0.69116660182500911,True,True,"",0,Arm
35.420000000001522,"BANDIT-01","VIPER-02",Locked,49060.007780998923,469.26758840301574,0.69116660182500911,True,True,"",0,Arm
35.420000000001522,"BANDIT-02","VIPER-02",Locked,51554.406640693938,466.1640717547491,0.670379944660884,False,False,"",0,Arm
35.5200000000015,"VIPER-01","BANDIT-01",Locked,58022.59763516466,463.62381098356133,0.61647835304029464,False,False,"",0,Arm
35.5200000000015,"VIPER-02","BANDIT-01",Locked,49013.074460498188,469.38634420957027,0.69155771282918188,True,True,"",0,Arm
35.5200000000015,"BANDIT-01","VIPER-02",Locked,49013.074460498188,469.38634420957027,0.69155771282918188,True,True,"",0,Arm
35.5200000000015,"BANDIT-02","VIPER-02",Locked,51507.783506537504,466.28509610892297,0.67076847077885415,False,False,"",0,Arm
35.620000000001482,"VIPER-01","BANDIT-01",Locked,57976.215453675351,463.98291041176304,0.61686487121937217,False,False,"",0,Arm
35.620000000001482,"VIPER-02","BANDIT-01",Locked,48966.129280910456,469.50480047981688,0.69194892265907959,True,True,"",0,Arm
35.620000000001482,"BANDIT-01","VIPER-02",Locked,48966.129280910456,469.50480047981688,0.69194892265907959,True,True,"",0,Arm
35.620000000001482,"BANDIT-02","VIPER-02",Locked,51461.148287874785,466.4057941410494,0.67115709760104347,False,False,"",0,Arm
35.720000000001463,"VIPER-01","BANDIT-01",Locked,57929.809169169632,464.10650285977187,0.61725159025691978,False,False,"",0,Arm
35.720000000001463,"VIPER-02","BANDIT-01",Locked,48919.172272152573,469.6229578339607,0.69234023106539533,True,True,"",0,Arm
35.720000000001463,"BANDIT-01","VIPER-02",Locked,48919.172272152573,469.6229578339607,0.69234023106539533,True,True,"",0,Arm
35.720000000001463,"BANDIT-02","VIPER-02",Locked,51414.5010173014,466.52616653468618,0.6715458248558217,False,False,"",0,Arm
35.820000000001443,"VIPER-01","BANDIT-01",Locked,57883.392909756905,464.20879315474662,0.61763839241869256,False,False,"",0,Arm
35.820000000001443,"VIPER-02","BANDIT-01",Locked,48872.203464083395,469.7408168917151,0.69273163779930513,True,True,"",0,Arm
35.820000000001443,"BANDIT-01","VIPER-02",Locked,48872.203464083395,469.7408168917151,0.69273163779930513,True,True,"",0,Arm
35.820000000001443,"BANDIT-02","VIPER-02",Locked,51367.841727342093,466.64621397245776,0.67193465227214932,False,False,"",0,Arm
35.920000000001423,"VIPER-01","BANDIT-01",Locked,57836.966048197159,464.31779118457689,0.61802528293169046,False,False,"",0,Arm
35.920000000001423,"VIPER-02","BANDIT-01",Locked,48825.222886497555,469.85837827227004,0.69312314261252039,True,True,"",0,Arm
35.920000000001423,"BANDIT-01","VIPER-02",Locked,48825.222886497555,469.85837827227004,0.69312314261252039,True,True,"",0,Arm
35.920000000001423,"BANDIT-02","VIPER-02",Locked,51321.170450455371,466.76593713603955,0.67232357957953859,False,False,"",0,Arm
36.0200000000014,"VIPER-01","BANDIT-01",Locked,57790.528002028441,464.43150110786689,0.61841226664976312,False,False,"",0,Arm
36.0200000000014,"VIPER-02","BANDIT-01",Locked,48778.230569128566,469.97564259425343,0.69351474525726209,True,True,"",0,Arm
36.0200000000014,"BANDIT-01","VIPER-02",Locked,48778.230569128566,469.97564259425343,0.69351474525726209,True,True,"",0,Arm
36.0200000000014,"BANDIT-02","VIPER-02",Locked,51274.487219029957,466.88533670611724,0.67271260650808373,False,False,"",0,Arm
36.120000000001383,"VIPER-01","BANDIT-01",Locked,57744.078479895805,464.54664550800379,0.61879934600086839,False,False,"",0,Arm
36.120000000001383,"VIPER-02","BANDIT-01",Locked,48731.226541648692,470.09261047569885,0.693906445486261,True,True,"",0,Arm
36.120000000001383,"BANDIT-01","VIPER-02",Locked,48731.226541648692,470.09261047569885,0.693906445486261,True,True,"",0,Arm
36.120000000001383,"BANDIT-02","VIPER-02",Locked,51227.792065389396,467.00441336236577,0.67310173278842178,False,False,"",0,Arm
36.220000000001363,"VIPER-01","BANDIT-01",Locked,57697.617487641706,464.66072576570434,0.61918652093631921,False,False,"",0,Arm
36.220000000001363,"VIPER-02","BANDIT-01",Locked,48684.210833668782,470.20928253403133,0.69429824305276022,True,True,"",0,Arm
36.220000000001363,"BANDIT-01","VIPER-02",Locked,48684.210833668782,470.20928253403133,0.69429824305276022,True,True,"",0,Arm
36.220000000001363,"BANDIT-02","VIPER-02",Locked,51181.085021786472,467.12316778342745,0.67349095815177951,False,False,"",0,Arm
36.320000000001343,"VIPER-01","BANDIT-01",Locked,57651.145192905758,464.772882294532,0.61957379005911872,False,False,"",0,Arm
36.320000000001343,"VIPER-02","BANDIT-01",Locked,48637.183474736419,470.32565938607041,0.6946901377105299,True,True,"",0,Arm
36.320000000001343,"BANDIT-01","VIPER-02",Locked,48637.183474736419,470.32565938607041,0.6946901377105299,True,True,"",0,Arm
36.320000000001343,"BANDIT-02","VIPER-02",Locked,51134.366120407372,467.241600646922,0.67388028232993857,False,False,"",0,Arm
36.420000000001323,"VIPER-01","BANDIT-01",Locked,57604.661766034762,464.88367623353764,0.61996115194971035,False,False,"",0,Arm
36.420000000001323,"VIPER-02","BANDIT-01",Locked,48590.144494337925,470.44174164803826,0.69508212921385071,True,True,"",0,Arm
36.420000000001323,"BANDIT-01","VIPER-02",Locked,48590.144494337925,470.44174164803826,0.69508212921385071,True,True,"",0,Arm
36.420000000001323,"BANDIT-02","VIPER-02",Locked,51087.635393370183,467.3597126294502,0.67426970505524864,False,False,"",0,Arm
36.5200000000013,"VIPER-01","BANDIT-01",Locked,57558.167279844405,464.99428594724014,0.62034860600129671,False,False,"",0,Arm
36.5200000000013,"VIPER-02","BANDIT-01",Locked,48543.093921898639,470.55752993557405,0.69547421731751147,True,True,"",0,Arm
36.5200000000013,"BANDIT-01","VIPER-02",Locked,48543.093921898639,470.55752993557405,0.69547421731751147,True,True,"",0,Arm
36.5200000000013,"BANDIT-02","VIPER-02",Locked,51040.8928727241,467.47750440660712,0.67465922606063256,False,False,"",0,Arm
36.620000000001284,"VIPER-01","BANDIT-01",Locked,57511.66169445702,465.10569763445659,0.62073615254619163,False,False,"",0,Arm
36.620000000001284,"VIPER-02","BANDIT-01",Locked,48496.031786781721,470.673024863742,0.695866401776819,True,True,"",0,Arm
36.620000000001284,"BANDIT-01","VIPER-02",Locked,48496.031786781721,470.673024863742,0.695866401776819,True,True,"",0,Arm
36.620000000001284,"BANDIT-02","VIPER-02",Locked,50994.138590454022,467.59497665299892,0.67504884507955,False,False,"",0,Arm
36.720000000001264,"VIPER-01","BANDIT-01",Locked,57465.14490357761,465.21828596901884,0.62112379247018668,False,False,"",0,Arm
36.720000000001264,"VIPER-02","BANDIT-01",Locked,48448.958118289156,470.78822704702606,0.69625868234759047,True,True,"",0,Arm
36.720000000001264,"BANDIT-01","VIPER-02",Locked,48448.958118289156,470.78822704702606,0.69625868234759047,True,True,"",0,Arm
36.720000000001264,"BANDIT-02","VIPER-02",Locked,50947.372578475683,467.71213004222261,0.67543856184603612,False,False,"",0,Arm
36.820000000001244,"VIPER-01","BANDIT-01",Locked,57418.616796941751,465.33184868439236,0.62151152669215215,False,False,"",0,Arm
36.820000000001244,"VIPER-02","BANDIT-01",Locked,48401.872945662675,470.90313709932116,0.69665105878614453,True,True,"",0,Arm
36.820000000001244,"BANDIT-01","VIPER-02",Locked,48401.872945662675,470.90313709932116,0.69665105878614453,True,True,"",0,Arm
36.820000000001244,"BANDIT-02","VIPER-02",Locked,50900.594868637869,467.82896524686896,0.67582837609468449,False,False,"",0,Arm
36.920000000001224,"VIPER-01","BANDIT-01",Locked,57372.077302673737,465.44590557723222,0.62189935581105227,False,False,"",0,Arm
36.920000000001224,"VIPER-02","BANDIT-01",Locked,48354.776298080491,471.01775563392533,0.69704353084932935,True,True,"",0,Arm
36.920000000001224,"BANDIT-01","VIPER-02",Locked,48354.776298080491,471.01775563392533,0.69704353084932935,True,True,"",0,Arm
36.920000000001224,"BANDIT-02","VIPER-02",Locked,50853.805492720669,467.94548293850994,0.67621828756066116,False,False,"",0,Arm
37.020000000001204,"VIPER-01","BANDIT-01",Locked,57325.526396934474,465.56001575287439,0.62228728002554612,False,False,"",0,Arm
37.020000000001204,"VIPER-02","BANDIT-01",Locked,48307.668204659734,471.13208326352111,0.69743609829450226,True,True,"",0,Arm
37.020000000001204,"BANDIT-01","VIPER-02",Locked,48307.668204659734,471.13208326352111,0.69743609829450226,True,True,"",0,Arm
37.020000000001204,"BANDIT-02","VIPER-02",Locked,50807.004482438439,468.06168378768416,0.67660829597967975,False,False,"",0,Arm
37.120000000001184,"VIPER-01","BANDIT-01",Locked,57278.964088742519,465.67395593277564,0.62267529926047915,False,False,"",0,Arm
37.120000000001184,"VIPER-02","BANDIT-01",Locked,48260.548694458666,471.2461206001758,0.69782876087951118,True,True,"",0,Arm
37.120000000001184,"BANDIT-01","VIPER-02",Locked,48260.548694458666,471.2461206001758,0.69782876087951118,True,True,"",0,Arm
37.120000000001184,"BANDIT-02","VIPER-02",Locked,50760.191869438437,468.17756846390074,0.67699840108801312,False,False,"",0,Arm
37.220000000001164,"VIPER-01","BANDIT-01",Locked,57232.390396481533,465.78772906331119,0.623063413362654,False,False,"",0,Arm
37.220000000001164,"VIPER-02","BANDIT-01",Locked,48213.4177964721,471.35986825533087,0.6982215183627325,True,True,"",0,Arm
37.220000000001164,"BANDIT-01","VIPER-02",Locked,48213.4177964721,471.35986825533087,0.6982215183627325,True,True,"",0,Arm
37.220000000001164,"BANDIT-02","VIPER-02",Locked,50713.367685301222,468.29313763562425,0.6773886026224899,False,False,"",0,Arm
37.320000000001144,"VIPER-01","BANDIT-01",Locked,57185.805330315576,465.90146314432229,0.62345162224737027,False,False,"",0,Arm
37.320000000001144,"VIPER-02","BANDIT-01",Locked,48166.275539635892,471.47332683980727,0.69861437050303432,True,True,"",0,Arm
37.320000000001144,"BANDIT-01","VIPER-02",Locked,48166.275539635892,471.47332683980727,0.69861437050303432,True,True,"",0,Arm
37.320000000001144,"BANDIT-02","VIPER-02",Locked,50666.531961540575,468.40839197028197,0.67777890032049526,False,False,"",0,Arm
37.420000000001124,"VIPER-01","BANDIT-01",Locked,57139.208886532251,466.01528971897682,0.6238399259455647,False,False,"",0,Arm
37.420000000001124,"VIPER-02","BANDIT-01",Locked,48119.121952821166,471.58649696379376,0.69900731705982366,True,True,"",0,Arm
37.420000000001124,"BANDIT-01","VIPER-02",Locked,48119.121952821166,471.58649696379376,0.69900731705982366,True,True,"",0,Arm
37.420000000001124,"BANDIT-02","VIPER-02",Locked,50619.684729602159,468.52333213425794,0.67816929391998215,False,False,"",0,Arm
37.520000000001104,"VIPER-01","BANDIT-01",Locked,57092.601051883692,466.12926824093097,0.624228324567636,False,False,"",0,Arm
37.520000000001104,"VIPER-02","BANDIT-01",Locked,48071.957064841481,471.69937923685995,0.6994003577929877,True,True,"",0,Arm
37.520000000001104,"BANDIT-01","VIPER-02",Locked,48071.957064841481,471.69937923685995,0.6994003577929877,True,True,"",0,Arm
37.520000000001104,"BANDIT-02","VIPER-02",Locked,50572.826020866487,468.6379587928995,0.67855978315944609,False,False,"",0,Arm
37.620000000001085,"VIPER-01","BANDIT-01",Locked,57045.981811869264,466.24337554761235,0.62461681823442294,False,False,"",0,Arm
37.620000000001085,"VIPER-02","BANDIT-01",Locked,48024.780904448504,471.81197426793966,0.69979349246292921,True,True,"",0,Arm
37.620000000001085,"BANDIT-01","VIPER-02",Locked,48024.780904448504,471.81197426793966,0.69979349246292921,True,True,"",0,Arm
37.620000000001085,"BANDIT-02","VIPER-02",Locked,50525.955866647921,468.7522726105077,0.678950367777934,False,False,"",0,Arm
37.720000000001065,"VIPER-01","BANDIT-01",Locked,56999.351157324207,466.35754049228854,0.62500540702229834,False,False,"",0,Arm
37.720000000001065,"VIPER-02","BANDIT-01",Locked,47977.593500332165,471.92428266533648,0.70018672083056543,True,True,"",0,Arm
37.720000000001065,"BANDIT-01","VIPER-02",Locked,47977.593500332165,471.92428266533648,0.70018672083056543,True,True,"",0,Arm
37.720000000001065,"BANDIT-02","VIPER-02",Locked,50479.0742981932,468.86627425033538,0.67934104751505675,False,False,"",0,Arm
37.820000000001045,"VIPER-01","BANDIT-01",Locked,56952.70908668101,466.47168923228674,0.625394090944325,False,False,"",0,Arm
37.820000000001045,"VIPER-02","BANDIT-01",Locked,47930.3948811221,472.03630503671008,0.70058004265731588,True,True,"",0,Arm
37.820000000001045,"BANDIT-01","VIPER-02",Locked,47930.3948811221,472.03630503671008,0.70058004265731588,True,True,"",0,Arm
37.820000000001045,"BANDIT-02","VIPER-02",Locked,50432.181346683239,468.97996437458255,0.67973182211097316,False,False,"",0,Arm
37.920000000001025,"VIPER-01","BANDIT-01",Locked,56906.055604431232,466.58577464140603,0.6257828699630732,False,False,"",0,Arm
37.920000000001025,"VIPER-02","BANDIT-01",Locked,47883.185075387861,472.14804198907535,0.70097345770510122,True,True,"",0,Arm
37.920000000001025,"BANDIT-01","VIPER-02",Locked,47883.185075387861,472.14804198907535,0.70097345770510122,True,True,"",0,Arm
37.920000000001025,"BANDIT-02","VIPER-02",Locked,50385.277043232782,469.09334364439343,0.68012269130639358,False,False,"",0,Arm
38.020000000001005,"VIPER-01","BANDIT-01",Locked,56859.390717986324,466.69978123400421,0.62617174401678066,False,False,"",0,Arm
38.020000000001005,"VIPER-02","BANDIT-01",Locked,47835.964111638656,472.25949412879356,0.70136696573634461,True,True,"",0,Arm
38.020000000001005,"BANDIT-01","VIPER-02",Locked,47835.964111638656,472.25949412879356,0.70136696573634461,True,True,"",0,Arm
38.020000000001005,"BANDIT-02","VIPER-02",Locked,50338.361418891429,469.20641271984573,0.68051365484257154,False,False,"",0,Arm
38.120000000000985,"VIPER-01","BANDIT-01",Locked,56812.714435122682,466.81371238304234,0.62656071304064442,False,False,"",0,Arm
38.120000000000985,"VIPER-02","BANDIT-01",Locked,47788.732018322975,472.37066206157107,0.70176056651397523,True,True,"",0,Arm
38.120000000000985,"BANDIT-01","VIPER-02",Locked,47788.732018322975,472.37066206157107,0.70176056651397523,True,True,"",0,Arm
38.120000000000985,"BANDIT-02","VIPER-02",Locked,50291.434504642428,469.319172259954,0.68090471246131323,False,False,"",0,Arm
38.220000000000965,"VIPER-01","BANDIT-01",Locked,56766.026763067639,466.92757297801904,0.62694977697443643,False,False,"",0,Arm
38.220000000000965,"VIPER-02","BANDIT-01",Locked,47741.488823825457,472.48154639245138,0.70215425980145463,True,True,"",0,Arm
38.220000000000965,"BANDIT-01","VIPER-02",Locked,47741.488823825457,472.48154639245138,0.70215425980145463,True,True,"",0,Arm
38.220000000000965,"BANDIT-02","VIPER-02",Locked,50244.496331402115,469.43162292266106,0.68129586390498242,False,False,"",0,Arm
38.320000000000945,"VIPER-01","BANDIT-01",Locked,56719.327709042846,467.04135817796509,0.62733893575797639,False,False,"",0,Arm
38.320000000000945,"VIPER-02","BANDIT-01",Locked,47694.23455647524,472.59214772581913,0.70254804536270643,True,True,"",0,Arm
38.320000000000945,"BANDIT-01","VIPER-02",Locked,47694.23455647524,472.59214772581913,0.70254804536270643,True,True,"",0,Arm
38.320000000000945,"BANDIT-02","VIPER-02",Locked,50197.546930022989,469.54376536483954,0.6816871089164751,False,False,"",0,Arm
38.420000000000925,"VIPER-01","BANDIT-01",Locked,56672.617281394727,467.15505196462448,0.62772818932171071,False,False,"",0,Arm
38.420000000000925,"VIPER-02","BANDIT-01",Locked,47646.96924453805,472.70246666538628,0.70294192296218294,True,True,"",0,Arm
38.420000000000925,"BANDIT-01","VIPER-02",Locked,47646.96924453805,472.70246666538628,0.70294192296218294,True,True,"",0,Arm
38.420000000000925,"BANDIT-02","VIPER-02",Locked,50150.586331289371,469.6556002422808,0.68207844723925537,False,False,"",0,Arm
38.520000000000906,"VIPER-01","BANDIT-01",Locked,56625.895490433657,467.26863284462308,0.62811753757971966,False,False,"",0,Arm
38.520000000000906,"VIPER-02","BANDIT-01",Locked,47599.692916218912,472.81250381419437,0.70333589236484251,True,True,"",0,Arm
38.520000000000906,"BANDIT-01","VIPER-02",Locked,47599.692916218912,472.81250381419437,0.70333589236484251,True,True,"",0,Arm
38.520000000000906,"BANDIT-02","VIPER-02",Locked,50103.614565920761,469.76712820969806,0.68246987861732711,False,False,"",0,Arm
38.620000000000886,"VIPER-01","BANDIT-01",Locked,56579.162348567581,467.3820812683274,0.62850698042860365,False,False,"",0,Arm
38.620000000000886,"VIPER-02","BANDIT-01",Locked,47552.405599665566,472.92225977461413,0.70372995333612032,True,True,"",0,Arm
38.620000000000886,"BANDIT-01","VIPER-02",Locked,47552.405599665566,472.92225977461413,0.70372995333612032,True,True,"",0,Arm
38.620000000000886,"BANDIT-02","VIPER-02",Locked,50056.631664574074,469.8783499207305,0.68286140279521612,False,False,"",0,Arm
38.720000000000866,"VIPER-01","BANDIT-01",Locked,56532.41786981628,467.4953842658835,0.6288965177515311,False,False,"",0,Arm
38.720000000000866,"VIPER-02","BANDIT-01",Locked,47505.107322961834,473.03173514833196,0.7041241056419848,True,True,"",0,Arm
38.720000000000866,"BANDIT-01","VIPER-02",Locked,47505.107322961834,473.03173514833196,0.7041241056419848,True,True,"",0,Arm
38.720000000000866,"BANDIT-02","VIPER-02",Locked,50009.637657836705,469.98926602792449,0.68325301951802753,False,False,"",0,Arm
38.820000000000846,"VIPER-01","BANDIT-01",Locked,56485.662069109479,467.60853568917139,0.62928614942408778,False,False,"",0,Arm
38.820000000000846,"VIPER-02","BANDIT-01",Locked,47457.798114134981,473.14093053635264,0.70451834904887523,True,True,"",0,Arm
38.820000000000846,"BANDIT-01","VIPER-02",Locked,47457.798114134981,473.14093053635264,0.70451834904887523,True,True,"",0,Arm
38.820000000000846,"BANDIT-02","VIPER-02",Locked,49962.632576234129,470.09987718273794,0.68364472853138236,True,True,"",0,Arm
38.920000000000826,"VIPER-01","BANDIT-01",Locked,56438.894961748214,467.72153318804681,0.629675875318765,False,False,"",0,Arm
38.920000000000826,"VIPER-02","BANDIT-01",Locked,47410.478001148622,473.24984653899054,0.70491268332376156,True,True,"",0,Arm
38.920000000000826,"BANDIT-01","VIPER-02",Locked,47410.478001148622,473.24984653899054,0.70491268332376156,True,True,"",0,Arm
38.920000000000826,"BANDIT-02","VIPER-02",Locked,49915.616450224523,470.21018403554024,0.68403652958146233,True,True,"",0,Arm
39.020000000000806,"VIPER-01","BANDIT-01",Locked,56392.116563244032,467.83437434036438,0.63006569530629974,False,False,"",0,Arm
39.020000000000806,"VIPER-02","BANDIT-01",Locked,47363.147011909685,473.35848375587153,0.705307108234086,True,True,"",0,Arm
39.020000000000806,"BANDIT-01","VIPER-02",Locked,47363.147011909685,473.35848375587153,0.705307108234086,True,True,"",0,Arm
39.020000000000806,"BANDIT-02","VIPER-02",Locked,49868.589310203351,470.32018723560282,0.68442842241497215,True,True,"",0,Arm
39.120000000000786,"VIPER-01","BANDIT-01",Locked,56345.326889484633,467.94705404712744,0.63045560925429478,False,False,"",0,Arm
39.120000000000786,"VIPER-02","BANDIT-01",Locked,47315.805174263107,473.46684278592215,0.70570162354780752,True,True,"",0,Arm
39.120000000000786,"BANDIT-01","VIPER-02",Locked,47315.805174263107,473.46684278592215,0.70570162354780752,True,True,"",0,Arm
39.120000000000786,"BANDIT-02","VIPER-02",Locked,49821.551186499128,470.42988743109606,0.68482040677917411,True,True,"",0,Arm
39.220000000000766,"VIPER-01","BANDIT-01",Locked,56298.525957044782,468.05956407090258,0.63084561702462694,False,False,"",0,Arm
39.220000000000766,"VIPER-02","BANDIT-01",Locked,47268.4525159938,473.57492422737067,0.70609622903338509,True,True,"",0,Arm
39.220000000000766,"BANDIT-01","VIPER-02",Locked,47268.4525159938,473.57492422737067,0.70609622903338509,True,True,"",0,Arm
39.220000000000766,"BANDIT-02","VIPER-02",Locked,49774.502109376517,470.53928526908766,0.68521248242186239,True,True,"",0,Arm
39.320000000000746,"VIPER-01","BANDIT-01",Locked,56251.713783441432,468.17189432984514,0.63123571847132154,False,False,"",0,Arm
39.320000000000746,"VIPER-02","BANDIT-01",Locked,47221.089064829372,473.68272867773879,0.70649092445975525,True,True,"",0,Arm
39.320000000000746,"BANDIT-01","VIPER-02",Locked,47221.089064829372,473.68272867773879,0.70649092445975525,True,True,"",0,Arm
39.320000000000746,"BANDIT-02","VIPER-02",Locked,49727.44210903607,470.64838139553797,0.68560464909136609,True,True,"",0,Arm
39.420000000000726,"VIPER-01","BANDIT-01",Locked,56204.890387207262,468.28403487029288,0.63162591343993957,False,False,"",0,Arm
39.420000000000726,"VIPER-02","BANDIT-01",Locked,47173.714848434414,473.79025673384183,0.70688570959638,True,True,"",0,Arm
39.420000000000726,"BANDIT-01","VIPER-02",Locked,47173.714848434414,473.79025673384183,0.70688570959638,True,True,"",0,Arm
39.420000000000726,"BANDIT-02","VIPER-02",Locked,49680.371215612613,470.75717645530108,0.68599690653656165,True,True,"",0,Arm
39.520000000000707,"VIPER-01","BANDIT-01",Locked,56158.055787784673,468.39597745978523,0.63201620176846118,False,False,"",0,Arm
39.520000000000707,"VIPER-02","BANDIT-01",Locked,47126.329894415096,473.89750899178443,0.70728058421320761,True,True,"",0,Arm
39.520000000000707,"BANDIT-01","VIPER-02",Locked,47126.329894415096,473.89750899178443,0.70728058421320761,True,True,"",0,Arm
39.520000000000707,"BANDIT-02","VIPER-02",Locked,49633.289459176667,470.86567109211404,0.68638925450686117,True,True,"",0,Arm
39.620000000000687,"VIPER-01","BANDIT-01",Locked,56111.210005312096,468.50771622760152,0.632406583289066,False,False,"",0,Arm
39.620000000000687,"VIPER-02","BANDIT-01",Locked,47078.934230320774,474.00448604695583,0.70767554808066024,True,True,"",0,Arm
39.620000000000687,"BANDIT-01","VIPER-02",Locked,47078.934230320774,474.00448604695583,0.70767554808066024,True,True,"",0,Arm
39.620000000000687,"BANDIT-02","VIPER-02",Locked,49586.196869736021,470.97386594860592,0.68678169275219991,True,True,"",0,Arm
39.720000000000667,"VIPER-01","BANDIT-01",Locked,56064.353060394023,468.61924735861788,0.63279705783004991,False,False,"",0,Arm
39.720000000000667,"VIPER-02","BANDIT-01",Locked,47031.527883636285,474.11118849402533,0.70807060096969776,True,True,"",0,Arm
39.720000000000667,"BANDIT-01","VIPER-02",Locked,47031.527883636285,474.11118849402533,0.70807060096969776,True,True,"",0,Arm
39.720000000000667,"BANDIT-02","VIPER-02",Locked,49539.093477232353,471.08176166627806,0.6871742210230638,True,True,"",0,Arm
39.820000000000647,"VIPER-01","BANDIT-01",Locked,56017.484973944483,468.73056823286271,0.63318762521712935,False,False,"",0,Arm
39.820000000000647,"VIPER-02","BANDIT-01",Locked,46984.110881791159,474.21761692693838,0.70846574265174045,True,True,"",0,Arm
39.820000000000647,"BANDIT-01","VIPER-02",Locked,46984.110881791159,474.21761692693838,0.70846574265174045,True,True,"",0,Arm
39.820000000000647,"BANDIT-02","VIPER-02",Locked,49491.979311544594,471.18935888551175,0.68756683907046179,True,True,"",0,Arm
39.920000000000627,"VIPER-01","BANDIT-01",Locked,55970.605767118068,468.84167649756012,0.63357828527401616,False,False,"",0,Arm
39.920000000000627,"VIPER-02","BANDIT-01",Locked,46936.683252153976,474.32377193891369,0.708860972898717,True,True,"",0,Arm
39.920000000000627,"BANDIT-01","VIPER-02",Locked,46936.683252153976,474.32377193891369,0.708860972898717,True,True,"",0,Arm
39.920000000000627,"BANDIT-02","VIPER-02",Locked,49444.854402485915,471.2966582455665,0.68795954664595083,True,True,"",0,Arm
40.020000000000607,"VIPER-01","BANDIT-01",Locked,55923.7154613207,468.95256942406786,0.6339690378223275,False,False,"",0,Arm
40.020000000000607,"VIPER-02","BANDIT-01",Locked,46889.245022034338,474.42965412244172,0.70925629148304725,True,True,"",0,Arm
40.020000000000607,"BANDIT-01","VIPER-02",Locked,46889.245022034338,474.42965412244172,0.70925629148304725,True,True,"",0,Arm
40.020000000000607,"BANDIT-02","VIPER-02",Locked,49397.718779808281,471.40366038457381,0.68835234350159769,True,True,"",0,Arm
40.120000000000587,"VIPER-01","BANDIT-01",Locked,55876.814078265757,469.06324367738534,0.63435988268111876,False,False,"",0,Arm
40.120000000000587,"VIPER-02","BANDIT-01",Locked,46841.796218681884,474.53526406927494,0.70965169817765106,True,True,"",0,Arm
40.120000000000587,"BANDIT-01","VIPER-02",Locked,46841.796218681884,474.53526406927494,0.70965169817765106,True,True,"",0,Arm
40.120000000000587,"BANDIT-02","VIPER-02",Locked,49350.572473197259,471.51036593952762,0.68874522939002292,True,True,"",0,Arm
40.220000000000567,"VIPER-01","BANDIT-01",Locked,55829.901640025411,469.17369543496181,0.634750819666455,False,False,"",0,Arm
40.220000000000567,"VIPER-02","BANDIT-01",Locked,46794.336869287326,474.64060237043032,0.71004719275593908,True,True,"",0,Arm
40.220000000000567,"BANDIT-01","VIPER-02",Locked,46794.336869287326,474.64060237043032,0.71004719275593908,True,True,"",0,Arm
40.220000000000567,"BANDIT-02","VIPER-02",Locked,49303.4155122764,471.61677554629,0.68913820406436344,True,True,"",0,Arm
40.320000000000547,"VIPER-01","BANDIT-01",Locked,55782.978169071146,469.28392069595873,0.63514184859107381,False,False,"",0,Arm
40.320000000000547,"VIPER-02","BANDIT-01",Locked,46746.867000982747,474.74566961618342,0.71044277499181052,True,True,"",0,Arm
40.320000000000547,"BANDIT-01","VIPER-02",Locked,46746.867000982747,474.74566961618342,0.71044277499181052,True,True,"",0,Arm
40.320000000000547,"BANDIT-02","VIPER-02",Locked,49256.247926605436,471.72288983958811,0.68953126727828806,True,True,"",0,Arm
40.420000000000528,"VIPER-01","BANDIT-01",Locked,55736.043688265971,469.39391561919365,0.63553296926445035,False,False,"",0,Arm
40.420000000000528,"VIPER-02","BANDIT-01",Locked,46699.38664084053,474.8504663960656,0.71083844465966228,True,True,"",0,Arm
40.420000000000528,"BANDIT-01","VIPER-02",Locked,46699.38664084053,474.8504663960656,0.71083844465966228,True,True,"",0,Arm
40.420000000000528,"BANDIT-02","VIPER-02",Locked,49209.069745679211,471.82870945300334,0.68992441878600674,True,True,"",0,Arm
40.520000000000508,"VIPER-01","BANDIT-01",Locked,55689.098220837921,469.50367677944143,0.63592418149301744,False,False,"",0,Arm
40.520000000000508,"VIPER-02","BANDIT-01",Locked,46651.895815877891,474.95499329885956,0.711234201534351,True,True,"",0,Arm
40.520000000000508,"BANDIT-01","VIPER-02",Locked,46651.895815877891,474.95499329885956,0.711234201534351,True,True,"",0,Arm
40.520000000000508,"BANDIT-02","VIPER-02",Locked,49161.880998933317,471.93423501898155,0.69031765834222247,True,True,"",0,Arm
40.620000000000488,"VIPER-01","BANDIT-01",Locked,55642.141790323905,469.61320129518322,0.63631548508063429,False,False,"",0,Arm
40.620000000000488,"VIPER-02","BANDIT-01",Locked,46604.394553046557,475.05925091259491,0.71163004539127872,True,True,"",0,Arm
40.620000000000488,"BANDIT-01","VIPER-02",Locked,46604.394553046557,475.05925091259491,0.71163004539127872,True,True,"",0,Arm
40.620000000000488,"BANDIT-02","VIPER-02",Locked,49114.681715735591,472.03946716881325,0.69071098570220357,True,True,"",0,Arm
40.720000000000468,"VIPER-01","BANDIT-01",Locked,55595.174420521405,469.72248683026379,0.63670687982898833,False,False,"",0,Arm
40.720000000000468,"VIPER-02","BANDIT-01",Locked,46556.882879244375,475.1632398245473,0.712025976006297,True,True,"",0,Arm
40.720000000000468,"BANDIT-01","VIPER-02",Locked,46556.882879244375,475.1632398245473,0.712025976006297,True,True,"",0,Arm
40.720000000000468,"BANDIT-02","VIPER-02",Locked,49067.471925393183,472.14440653264626,0.69110440062172351,True,True,"",0,Arm
40.820000000000448,"VIPER-01","BANDIT-01",Locked,55548.196135436119,469.83153149992728,0.63709836553803245,False,False,"",0,Arm
40.820000000000448,"VIPER-02","BANDIT-01",Locked,46509.360821310271,475.26696062123227,0.71242199315574783,True,True,"",0,Arm
40.820000000000448,"BANDIT-01","VIPER-02",Locked,46509.360821310271,475.26696062123227,0.71242199315574783,True,True,"",0,Arm
40.820000000000448,"BANDIT-02","VIPER-02",Locked,49020.251657150082,472.24905373946928,0.69149790285708268,True,True,"",0,Arm
40.920000000000428,"VIPER-01","BANDIT-01",Locked,55501.206959242896,469.94033372301863,0.63748994200630926,False,False,"",0,Arm
40.920000000000428,"VIPER-02","BANDIT-01",Locked,46461.828406021828,475.37041388840328,0.71281809661648488,True,True,"",0,Arm
40.920000000000428,"BANDIT-01","VIPER-02",Locked,46461.828406021828,475.37041388840328,0.71281809661648488,True,True,"",0,Arm
40.920000000000428,"BANDIT-02","VIPER-02",Locked,48973.0209401863,472.35340941711758,0.69189149216511425,True,True,"",0,Arm
41.020000000000408,"VIPER-01","BANDIT-01",Locked,55454.2069162657,470.04889206324765,0.63788160903111923,False,False,"",0,Arm
41.020000000000408,"VIPER-02","BANDIT-01",Locked,46414.285660100264,475.4736002110493,0.71321428616583127,True,True,"",0,Arm
41.020000000000408,"BANDIT-01","VIPER-02",Locked,46414.285660100264,475.4736002110493,0.71321428616583127,True,True,"",0,Arm
41.020000000000408,"BANDIT-02","VIPER-02",Locked,48925.779803621488,472.45747419227428,0.69228516830315434,True,True,"",0,Arm
41.120000000000388,"VIPER-01","BANDIT-01",Locked,55407.19603097019,470.15720509723315,0.63827336640858179,False,False,"",0,Arm
41.120000000000388,"VIPER-02","BANDIT-01",Locked,46366.732610207044,475.57652017338671,0.71361056158160807,True,True,"",0,Arm
41.120000000000388,"BANDIT-01","VIPER-02",Locked,46366.732610207044,475.57652017338671,0.71361056158160807,True,True,"",0,Arm
41.120000000000388,"BANDIT-02","VIPER-02",Locked,48878.528276509045,472.56124869044589,0.69267893102909139,True,True,"",0,Arm
41.220000000000368,"VIPER-01","BANDIT-01",Locked,55360.174327968416,470.26527133627678,0.63866521393359665,False,False,"",0,Arm
41.220000000000368,"VIPER-02","BANDIT-01",Locked,46319.169282947245,475.67917435886613,0.71400692264210641,True,True,"",0,Arm
41.220000000000368,"BANDIT-01","VIPER-02",Locked,46319.169282947245,475.67917435886613,0.71400692264210641,True,True,"",0,Arm
41.220000000000368,"BANDIT-02","VIPER-02",Locked,48831.266387844254,472.66473353599565,0.69307278010129791,True,True,"",0,Arm
41.320000000000348,"VIPER-01","BANDIT-01",Locked,55313.141832025278,470.37308921303878,0.63905715139978936,False,False,"",0,Arm
41.320000000000348,"VIPER-02","BANDIT-01",Locked,46271.595704865795,475.78156335015848,0.71440336912611846,True,True,"",0,Arm
41.320000000000348,"BANDIT-01","VIPER-02",Locked,46271.595704865795,475.78156335015848,0.71440336912611846,True,True,"",0,Arm
41.320000000000348,"BANDIT-02","VIPER-02",Locked,48783.99416655548,472.76792935210244,0.6934667152787044,True,True,"",0,Arm
41.420000000000329,"VIPER-01","BANDIT-01",Locked,55266.098568065572,470.48065712629239,0.6394491785994536,False,False,"",0,Arm
41.420000000000329,"VIPER-02","BANDIT-01",Locked,46224.011902449907,475.8836877291568,0.71479990081291755,True,True,"",0,Arm
41.420000000000329,"BANDIT-01","VIPER-02",Locked,46224.011902449907,475.8836877291568,0.71479990081291755,True,True,"",0,Arm
41.420000000000329,"BANDIT-02","VIPER-02",Locked,48736.711641512869,472.87083676078953,0.6938607363207262,True,True,"",0,Arm
41.520000000000309,"VIPER-01","BANDIT-01",Locked,55219.044561172865,470.58797352135127,0.63984129532355949,False,False,"",0,Arm
41.520000000000309,"VIPER-02","BANDIT-01",Locked,46176.417902128684,475.98554807697116,0.715196517482261,True,True,"",0,Arm
41.520000000000309,"BANDIT-01","VIPER-02",Locked,46176.417902128684,475.98554807697116,0.715196517482261,True,True,"",0,Arm
41.520000000000309,"BANDIT-02","VIPER-02",Locked,48689.418841521321,472.97345638289255,0.69425484298732243,True,True,"",0,Arm
41.620000000000289,"VIPER-01","BANDIT-01",Locked,55171.97983657771,470.6950369756517,0.64023350136185253,False,False,"",0,Arm
41.620000000000289,"VIPER-02","BANDIT-01",Locked,46128.813730274131,476.0871449739289,0.71559321891438232,True,True,"",0,Arm
41.620000000000289,"BANDIT-01","VIPER-02",Locked,46128.813730274131,476.0871449739289,0.71559321891438232,True,True,"",0,Arm
41.620000000000289,"BANDIT-02","VIPER-02",Locked,48642.115795326841,473.07578883808645,0.69464903503894315,True,True,"",0,Arm
41.720000000000269,"VIPER-01","BANDIT-01",Locked,55124.904419642247,470.80184626090966,0.64062579650298135,False,False,"",0,Arm
41.720000000000269,"VIPER-02","BANDIT-01",Locked,46081.199413198323,476.18847899956626,0.71599000489001408,True,True,"",0,Arm
41.720000000000269,"BANDIT-01","VIPER-02",Locked,46081.199413198323,476.18847899956626,0.71599000489001408,True,True,"",0,Arm
41.720000000000269,"BANDIT-02","VIPER-02",Locked,48594.8025316104,473.17783474485674,0.69504331223658,True,True,"",0,Arm
41.820000000000249,"VIPER-01","BANDIT-01",Locked,55077.81833584058,470.90840036406735,0.641018180534662,False,False,"",0,Arm
41.820000000000249,"VIPER-02","BANDIT-01",Locked,46033.574977156437,476.28955073262978,0.716386875190363,True,True,"",0,Arm
41.820000000000249,"BANDIT-01","VIPER-02",Locked,46033.574977156437,476.28955073262978,0.716386875190363,True,True,"",0,Arm
41.820000000000249,"BANDIT-02","VIPER-02",Locked,48547.479078993718,473.27959472051435,0.6954376743417191,True,True,"",0,Arm
41.920000000000229,"VIPER-01","BANDIT-01",Locked,55030.721610738663,471.01469846469587,0.64141065324384461,False,False,"",0,Arm
41.920000000000229,"VIPER-02","BANDIT-01",Locked,45985.940448345318,476.39036075107185,0.7167838295971225,True,True,"",0,Arm
41.920000000000229,"BANDIT-01","VIPER-02",Locked,45985.940448345318,476.39036075107185,0.7167838295971225,True,True,"",0,Arm
41.920000000000229,"BANDIT-02","VIPER-02",Locked,48500.145466033333,473.38106938118631,0.69583212111638892,True,True,"",0,Arm
42.020000000000209,"VIPER-01","BANDIT-01",Locked,54983.61426997371,471.12073988078458,0.64180321441688581,False,False,"",0,Arm
42.020000000000209,"VIPER-02","BANDIT-01",Locked,45938.295852905823,476.49090963204668,0.71718086789245161,True,True,"",0,Arm
42.020000000000209,"BANDIT-01","VIPER-02",Locked,45938.295852905823,476.49090963204668,0.71718086789245161,True,True,"",0,Arm
42.020000000000209,"BANDIT-02","VIPER-02",Locked,48452.801721229873,473.48225934181551,0.69622665232308445,True,True,"",0,Arm
42.120000000000189,"VIPER-01","BANDIT-01",Locked,54936.496339249519,471.22652400331259,0.64219586383958749,False,False,"",0,Arm
42.120000000000189,"VIPER-02","BANDIT-01",Locked,45890.641216919837,476.59119795190912,0.71757798985900145,True,True,"",0,Arm
42.120000000000189,"BANDIT-01","VIPER-02",Locked,45890.641216919837,476.59119795190912,0.71757798985900145,True,True,"",0,Arm
42.120000000000189,"BANDIT-02","VIPER-02",Locked,48405.447873016907,473.58316521614967,0.69662126772485922,True,True,"",0,Arm
42.220000000000169,"VIPER-01","BANDIT-01",Locked,54889.367844325949,471.33205024049522,0.6425886012972839,False,False,"",0,Arm
42.220000000000169,"VIPER-02","BANDIT-01",Locked,45842.97656641154,476.69122628621045,0.71797519527990394,True,True,"",0,Arm
42.220000000000169,"BANDIT-01","VIPER-02",Locked,45842.97656641154,476.69122628621045,0.71797519527990394,True,True,"",0,Arm
42.220000000000169,"BANDIT-02","VIPER-02",Locked,48358.083949770444,473.68378761675365,0.69701596708524638,True,True,"",0,Arm
42.320000000000149,"VIPER-01","BANDIT-01",Locked,54842.228811026092,471.43731798630614,0.64298142657478263,False,False,"",0,Arm
42.320000000000149,"VIPER-02","BANDIT-01",Locked,45795.301927348,476.79099520969316,0.71837248393876674,True,True,"",0,Arm
42.320000000000149,"BANDIT-01","VIPER-02",Locked,45795.301927348,476.79099520969316,0.71837248393876674,True,True,"",0,Arm
42.320000000000149,"BANDIT-02","VIPER-02",Locked,48310.709979803214,473.78412715499138,0.69741075016830667,True,True,"",0,Arm
42.42000000000013,"VIPER-01","BANDIT-01",Locked,54795.079265233209,471.54232661776791,0.64337433945639,False,False,"",0,Arm
42.42000000000013,"VIPER-02","BANDIT-01",Locked,45747.617325636988,476.89050529629384,0.71876985561969187,True,True,"",0,Arm
42.42000000000013,"BANDIT-01","VIPER-02",Locked,45747.617325636988,476.89050529629384,0.71876985561969187,True,True,"",0,Arm
42.42000000000013,"BANDIT-02","VIPER-02",Locked,48263.325991366386,473.88418444103422,0.69780561673861352,True,True,"",0,Arm
42.52000000000011,"VIPER-01","BANDIT-01",Locked,54747.919232892011,471.64707551575646,0.64376733972590006,False,False,"",0,Arm
42.52000000000011,"VIPER-02","BANDIT-01",Locked,45699.92278713204,476.98975711913442,0.71916731010723312,True,True,"",0,Arm
42.52000000000011,"BANDIT-01","VIPER-02",Locked,45699.92278713204,476.98975711913442,0.71916731010723312,True,True,"",0,Arm
42.52000000000011,"BANDIT-02","VIPER-02",Locked,48215.932012653357,473.98396008385708,0.69820056656122209,True,True,"",0,Arm
42.62000000000009,"VIPER-01","BANDIT-01",Locked,54700.748740008712,471.75156409764617,0.64416042716659416,False,False,"",0,Arm
42.62000000000009,"VIPER-02","BANDIT-01",Locked,45652.218337628132,477.0887512505235,0.71956484718643232,True,True,"",0,Arm
42.62000000000009,"BANDIT-01","VIPER-02",Locked,45652.218337628132,477.0887512505235,0.71956484718643232,True,True,"",0,Arm
42.62000000000009,"BANDIT-02","VIPER-02",Locked,48168.528071794193,474.08345469122537,0.69859559940171523,True,True,"",0,Arm
42.72000000000007,"VIPER-01","BANDIT-01",Locked,54653.567812642985,471.85579184857596,0.64455360156130848,False,False,"",0,Arm
42.72000000000007,"VIPER-02","BANDIT-01",Locked,45604.504002860886,477.187488261948,0.719962466642826,True,True,"",0,Arm
42.72000000000007,"BANDIT-01","VIPER-02",Locked,45604.504002860886,477.187488261948,0.719962466642826,True,True,"",0,Arm
42.72000000000007,"BANDIT-02","VIPER-02",Locked,48121.114196857794,474.18266886970537,0.69899071502618515,True,True,"",0,Arm
42.82000000000005,"VIPER-01","BANDIT-01",Locked,54606.376476902427,471.95975834098823,0.64494686269247992,False,False,"",0,Arm
42.82000000000005,"VIPER-02","BANDIT-01",Locked,45556.779808512605,477.28596872408,0.720360168262395,True,True,"",0,Arm
42.82000000000005,"BANDIT-01","VIPER-02",Locked,45556.779808512605,477.28596872408,0.720360168262395,True,True,"",0,Arm
42.82000000000005,"BANDIT-02","VIPER-02",Locked,48073.690415854639,474.28160322466181,0.69938591320121146,True,True,"",0,Arm
42.92000000000003,"VIPER-01","BANDIT-01",Locked,54559.174758932866,472.063463237681,0.64534021034222622,False,False,"",0,Arm
42.92000000000003,"VIPER-02","BANDIT-01",Locked,45509.045780207023,477.38419320676559,0.72075795183160829,True,True,"",0,Arm
42.92000000000003,"BANDIT-01","VIPER-02",Locked,45509.045780207023,477.38419320676559,0.72075795183160829,True,True,"",0,Arm
42.92000000000003,"BANDIT-02","VIPER-02",Locked,48026.256756733106,474.38025836024241,0.69978119369389091,True,True,"",0,Arm
43.02000000000001,"VIPER-01","BANDIT-01",Locked,54511.96268490715,472.16690627963965,0.64573364429244051,False,False,"",0,Arm
43.02000000000001,"VIPER-02","BANDIT-01",Locked,45461.301943509672,477.48216227902242,0.7211558171374195,True,True,"",0,Arm
43.02000000000001,"BANDIT-01","VIPER-02",Locked,45461.301943509672,477.48216227902242,0.7211558171374195,True,True,"",0,Arm
43.02000000000001,"BANDIT-02","VIPER-02",Locked,47978.8132473818,474.47863487938832,0.70017655627181852,True,True,"",0,Arm
43.11999999999999,"VIPER-01","BANDIT-01",Locked,54464.740281023609,472.27008726442483,0.64612716432480333,False,False,"",0,Arm
43.11999999999999,"VIPER-02","BANDIT-01",Locked,45413.5483239295,477.57987650904022,0.72155376396725424,True,True,"",0,Arm
43.11999999999999,"BANDIT-01","VIPER-02",Locked,45413.5483239295,477.57987650904022,0.72155376396725424,True,True,"",0,Arm
43.11999999999999,"BANDIT-02","VIPER-02",Locked,47931.359915628054,474.576733383823,0.70057200070309966,True,True,"",0,Arm
43.21999999999997,"VIPER-01","BANDIT-01",Locked,54417.507573496419,472.37300602273314,0.64652077022086329,False,False,"",0,Arm
43.21999999999997,"VIPER-02","BANDIT-01",Locked,45365.784946921987,477.67733646418048,0.72195179210898353,True,True,"",0,Arm
43.21999999999997,"BANDIT-01","VIPER-02",Locked,45365.784946921987,477.67733646418048,0.72195179210898353,True,True,"",0,Arm
43.21999999999997,"BANDIT-02","VIPER-02",Locked,47883.896789240825,474.67455447405541,0.70096752675632656,True,True,"",0,Arm
43.319999999999951,"VIPER-01","BANDIT-01",Locked,54370.264588556245,472.47566240002897,0.64691446176203138,False,False,"",0,Arm
43.319999999999951,"VIPER-02","BANDIT-01",Locked,45318.011837881182,477.77454271096843,0.7223499013509902,True,True,"",0,Arm
43.319999999999951,"BANDIT-01","VIPER-02",Locked,45318.011837881182,477.77454271096843,0.7223499013509902,True,True,"",0,Arm
43.319999999999951,"BANDIT-02","VIPER-02",Locked,47836.4238959278,474.7720987493833,0.7013631342006017,True,True,"",0,Arm
43.419999999999931,"VIPER-01","BANDIT-01",Locked,54323.011352450951,472.57805624730861,0.64730823872957544,False,False,"",0,Arm
43.419999999999931,"VIPER-02","BANDIT-01",Locked,45270.229022148138,477.87149581508947,0.722748091482099,True,True,"",0,Arm
43.419999999999931,"BANDIT-01","VIPER-02",Locked,45270.229022148138,477.87149581508947,0.722748091482099,True,True,"",0,Arm
43.419999999999931,"BANDIT-02","VIPER-02",Locked,47788.941263337692,474.86936680786926,0.70175882280551938,True,True,"",0,Arm
43.519999999999911,"VIPER-01","BANDIT-01",Locked,54275.747891438783,472.68018742163133,0.64770210090467684,False,False,"",0,Arm
43.519999999999911,"VIPER-02","BANDIT-01",Locked,45222.436525004734,477.96819634139246,0.72314636229162732,True,True,"",0,Arm
43.519999999999911,"BANDIT-01","VIPER-02",Locked,45222.436525004734,477.96819634139246,0.72314636229162732,True,True,"",0,Arm
43.519999999999911,"BANDIT-02","VIPER-02",Locked,47741.448919059076,474.96635924636223,0.7021545923411745,True,True,"",0,Arm
43.619999999999891,"VIPER-01","BANDIT-01",Locked,54228.474231796339,472.78205579399645,0.648096048068364,False,False,"",0,Arm
43.619999999999891,"VIPER-02","BANDIT-01",Locked,45174.634371676962,478.06464485388523,0.72354471356935868,True,True,"",0,Arm
43.619999999999891,"BANDIT-01","VIPER-02",Locked,45174.634371676962,478.06464485388523,0.72354471356935868,True,True,"",0,Arm
43.619999999999891,"BANDIT-02","VIPER-02",Locked,47693.946890618783,475.06307666048025,0.70255044257817689,True,True,"",0,Arm
43.719999999999871,"VIPER-01","BANDIT-01",Locked,54181.190399808635,472.883661260348,0.6484900800015948,False,False,"",0,Arm
43.719999999999871,"VIPER-02","BANDIT-01",Locked,45126.822587337017,478.16084191572855,0.72394314510552493,True,True,"",0,Arm
43.719999999999871,"BANDIT-01","VIPER-02",Locked,45126.822587337017,478.16084191572855,0.72394314510552493,True,True,"",0,Arm
43.719999999999871,"BANDIT-02","VIPER-02",Locked,47646.435205489193,475.15951964462135,0.70294637328759013,True,True,"",0,Arm
43.819999999999851,"VIPER-01","BANDIT-01",Locked,54133.896421770143,472.985003751414,0.648884196485249,False,False,"",0,Arm
43.819999999999851,"VIPER-02","BANDIT-01",Locked,45079.00119709842,478.25678808923658,0.7243416566908466,True,True,"",0,Arm
43.819999999999851,"BANDIT-01","VIPER-02",Locked,45079.00119709842,478.25678808923658,0.7243416566908466,True,True,"",0,Arm
43.819999999999851,"BANDIT-02","VIPER-02",Locked,47598.913891078708,475.25568879194623,0.70334238424101092,True,True,"",0,Arm
43.919999999999831,"VIPER-01","BANDIT-01",Locked,54086.592323980854,473.08608323812581,0.64927839730015968,False,False,"",0,Arm
43.919999999999831,"VIPER-02","BANDIT-01",Locked,45031.170226017923,478.35248393587494,0.72474024811651738,True,True,"",0,Arm
43.919999999999831,"BANDIT-01","VIPER-02",Locked,45031.170226017923,478.35248393587494,0.72474024811651738,True,True,"",0,Arm
43.919999999999831,"BANDIT-02","VIPER-02",Locked,47551.3829747388,475.35158469438403,0.70373847521051,True,True,"",0,Arm
44.019999999999811,"VIPER-01","BANDIT-01",Locked,54039.276571980328,473.29108227048414,0.64967269523349735,False,False,"",0,Arm
44.019999999999811,"VIPER-02","BANDIT-01",Locked,44983.327964450829,478.56370389958857,0.72513893362957649,True,True,"AIM-120C",0,Arm
44.019999999999811,"BANDIT-01","VIPER-02",Locked,44983.327964450829,478.56370389958857,0.72513893362957649,True,True,"",0,Arm
44.019999999999811,"BANDIT-02","VIPER-02",Locked,47503.8423118176,475.45867648074579,0.7041346474015201,True,True,"",0,Arm
44.119999999999791,"VIPER-01","BANDIT-01",Locked,53991.912399610286,473.93152936787936,0.65006739666991442,False,False,"",0,Arm
44.119999999999791,"VIPER-02","BANDIT-01",Locked,44935.433619760806,479.25788617026313,0.72553805316866,True,True,"AIM-120C",0,Arm
44.119999999999791,"BANDIT-01","VIPER-02",Locked,44935.433619760806,479.25788617026313,0.72553805316866,True,True,"",0,Arm
44.119999999999791,"BANDIT-02","VIPER-02",Locked,47456.287942083378,475.61211562470265,0.704530933815972,True,True,"",0,Arm
44.219999999999771,"VIPER-01","BANDIT-01",Locked,53944.483789968108,474.56842171262633,0.65046263508359914,False,False,"",0,Arm
44.219999999999771,"VIPER-02","BANDIT-01",Locked,44887.468725635808,479.96745722380194,0.72593776061970172,True,True,"AIM-120C",0,Arm
44.219999999999771,"BANDIT-01","VIPER-02",Locked,44887.468725635808,479.96745722380194,0.72593776061970172,True,True,"",0,Arm
44.219999999999771,"BANDIT-02","VIPER-02",Locked,47408.7178090126,475.77759213784168,0.70492735159156172,True,True,"",0,Arm
44.319999999999752,"VIPER-01","BANDIT-01",Locked,53896.996399803254,475.10230347965734,0.65085836333497293,False,False,"",0,Arm
44.319999999999752,"VIPER-02","BANDIT-01",Locked,44839.435450218421,480.61600149473674,0.72633803791484652,True,True,"AIM-120C",0,Arm
44.319999999999752,"BANDIT-01","VIPER-02",Locked,44839.435450218421,480.61600149473674,0.72633803791484652,True,True,"",0,Arm
44.319999999999752,"BANDIT-02","VIPER-02",Locked,47361.129386080931,475.97498576257863,0.705323921782659,True,True,"",0,Arm
44.419999999999732,"VIPER-01","BANDIT-01",Locked,53849.463018598661,475.50704194958803,0.65125447484501131,False,False,"",0,Arm
44.419999999999732,"VIPER-02","BANDIT-01",Locked,44791.343528038044,481.15029632813116,0.72673880393301638,True,True,"AIM-120C",0,Arm
44.419999999999732,"BANDIT-01","VIPER-02",Locked,44791.343528038044,481.15029632813116,0.72673880393301638,True,True,"",0,Arm
44.419999999999732,"BANDIT-02","VIPER-02",Locked,47313.520051580592,476.189483682902,0.7057206662368285,True,True,"",0,Arm
44.519999999999712,"VIPER-01","BANDIT-01",Locked,53801.893133794176,475.85230818614269,0.65165089055171532,False,False,"",0,Arm
44.519999999999712,"VIPER-02","BANDIT-01",Locked,44743.202717274318,481.61347288080117,0.72713997735604741,True,True,"AIM-120C",0,Arm
44.519999999999712,"BANDIT-01","VIPER-02",Locked,44743.202717274318,481.61347288080117,0.72713997735604741,True,True,"",0,Arm
44.519999999999712,"BANDIT-02","VIPER-02",Locked,47265.889054826308,476.40781185193191,0.70611759120978079,True,True,"",0,Arm
44.619999999999692,"VIPER-01","BANDIT-01",Locked,53754.2889498555,476.19742933897624,0.65204759208453755,False,False,"",0,Arm
44.619999999999692,"VIPER-02","BANDIT-01",Locked,44695.016640551723,482.0617123960651,0.72754152799540239,True,True,"AIM-120C",0,Arm
44.619999999999692,"BANDIT-01","VIPER-02",Locked,44695.016640551723,482.0617123960651,0.72754152799540239,True,True,"",0,Arm
44.619999999999692,"BANDIT-02","VIPER-02",Locked,47218.236016458104,476.62995139841354,0.7065146998628492,True,True,"",0,Arm
44.719999999999672,"VIPER-01","BANDIT-01",Locked,53706.650227519218,476.53874879582696,0.65244458143734,False,False,"",0,Arm
44.719999999999672,"VIPER-02","BANDIT-01",Locked,44646.7863938529,482.49436296613152,0.72794344671789268,True,True,"AIM-120C",0,Arm
44.719999999999672,"BANDIT-01","VIPER-02",Locked,44646.7863938529,482.49436296613152,0.72794344671789268,True,True,"",0,Arm
44.719999999999672,"BANDIT-02","VIPER-02",Locked,47170.560549236448,476.85600572578664,0.70691199542302963,True,True,"",0,Arm
44.819999999999652,"VIPER-01","BANDIT-01",Locked,53658.979165730227,476.84251181165496,0.65284184028558156,False,False,"",0,Arm
44.819999999999652,"VIPER-02","BANDIT-01",Locked,44598.515159553579,482.88103768751085,0.72834570700372026,True,True,"AIM-120C",0,Arm
44.819999999999652,"BANDIT-01","VIPER-02",Locked,44598.515159553579,482.88103768751085,0.72834570700372026,True,True,"",0,Arm
44.819999999999652,"BANDIT-02","VIPER-02",Locked,47122.86226150993,477.08595303797239,0.707309481154084,True,True,"",0,Arm
44.919999999999632,"VIPER-01","BANDIT-01",Locked,53611.280828311996,477.08923253314185,0.65323932643073346,False,False,"",0,Arm
44.919999999999632,"VIPER-02","BANDIT-01",Locked,44550.208725966571,483.20418649861267,0.72874826061694531,True,True,"AIM-120C",0,Arm
44.919999999999632,"BANDIT-01","VIPER-02",Locked,44550.208725966571,483.20418649861267,0.72874826061694531,True,True,"",0,Arm
44.919999999999632,"BANDIT-02","VIPER-02",Locked,47075.140771879487,477.31963674338363,0.70770716023433766,True,True,"",0,Arm
45.019999999999612,"VIPER-01","BANDIT-01",Locked,53563.560563521336,477.28937251874726,0.65363699530398889,False,False,"",0,Arm
45.019999999999612,"VIPER-02","BANDIT-01",Locked,44501.87302628746,483.47537376258822,0.72915105811427128,True,True,"AIM-120C",0,Arm
45.019999999999612,"BANDIT-01","VIPER-02",Locked,44501.87302628746,483.47537376258822,0.72915105811427128,True,True,"",0,Arm
45.019999999999612,"BANDIT-02","VIPER-02",Locked,47027.395716676467,477.55688278097466,0.70810503569436278,True,True,"",0,Arm
45.119999999999592,"VIPER-01","BANDIT-01",Locked,53515.821653267121,477.46822155634726,0.65403481955610743,False,False,"",0,Arm
45.119999999999592,"VIPER-02","BANDIT-01",Locked,44453.51182280275,483.7209629498833,0.72955406814331059,True,True,"AIM-120C",0,Arm
45.119999999999592,"BANDIT-01","VIPER-02",Locked,44453.51182280275,483.7209629498833,0.72955406814331059,True,True,"",0,Arm
45.119999999999592,"BANDIT-02","VIPER-02",Locked,46979.626745482914,477.7976007213133,0.70850311045430914,True,True,"",0,Arm
45.219999999999573,"VIPER-01","BANDIT-01",Locked,53468.065189253815,477.6419894601691,0.65443279008955169,False,False,"",0,Arm
45.219999999999573,"VIPER-02","BANDIT-01",Locked,44405.126573003618,483.95834053849586,0.72995727855830328,True,True,"AIM-120C",0,Arm
45.219999999999573,"BANDIT-01","VIPER-02",Locked,44405.126573003618,483.95834053849586,0.72995727855830328,True,True,"",0,Arm
45.219999999999573,"BANDIT-02","VIPER-02",Locked,46931.833512108322,478.04177924171717,0.70890138739909747,True,True,"",0,Arm
45.319999999999553,"VIPER-01","BANDIT-01",Locked,53420.291672517022,477.80825312739893,0.65483090272902489,False,False,"",0,Arm
45.319999999999553,"VIPER-02","BANDIT-01",Locked,44356.718034531252,484.1860520253241,0.730360683045573,True,True,"AIM-120C",0,Arm
45.319999999999553,"BANDIT-01","VIPER-02",Locked,44356.718034531252,484.1860520253241,0.730360683045573,True,True,"",0,Arm
45.319999999999553,"BANDIT-02","VIPER-02",Locked,46884.015670565219,478.28941229719828,0.70929986941195655,True,True,"",0,Arm
45.419999999999533,"VIPER-01","BANDIT-01",Locked,53372.50254391809,477.95389885678787,0.65522914546734934,False,False,"",0,Arm
45.419999999999533,"VIPER-02","BANDIT-01",Locked,44308.287832672053,484.39148281753717,0.73076426806106631,True,True,"AIM-120C",0,Arm
45.419999999999533,"BANDIT-01","VIPER-02",Locked,44308.287832672053,484.39148281753717,0.73076426806106631,True,True,"",0,Arm
45.419999999999533,"BANDIT-02","VIPER-02",Locked,46836.172877921548,478.54044555391442,0.70969855935065385,True,True,"",0,Arm
45.519999999999513,"VIPER-01","BANDIT-01",Locked,53324.700513799093,478.06827515542335,0.655627495718341,False,False,"",0,Arm
45.519999999999513,"VIPER-02","BANDIT-01",Locked,44259.838839258977,484.56400810031056,0.7311680096728419,True,True,"AIM-120C",0,Arm
45.519999999999513,"BANDIT-01","VIPER-02",Locked,44259.838839258977,484.56400810031056,0.7311680096728419,True,True,"",0,Arm
45.519999999999513,"BANDIT-02","VIPER-02",Locked,46788.304799394871,478.79477925158682,0.71009746000504281,True,True,"",0,Arm
45.619999999999493,"VIPER-01","BANDIT-01",Locked,53276.88886796005,478.14989326871643,0.656025926100333,False,False,"",0,Arm
45.619999999999493,"VIPER-02","BANDIT-01",Locked,44211.374516111493,484.70189160306035,0.73157187903240439,True,True,"AIM-120C",0,Arm
45.619999999999493,"BANDIT-01","VIPER-02",Locked,44211.374516111493,484.70189160306035,0.73157187903240439,True,True,"",0,Arm
45.619999999999493,"BANDIT-02","VIPER-02",Locked,46740.411111032045,479.05230411324897,0.7104965740747331,True,True,"",0,Arm
45.719999999999473,"VIPER-01","BANDIT-01",Locked,53229.070622144536,478.204017850048,0.65642441148212893,False,False,"",0,Arm
45.719999999999473,"VIPER-02","BANDIT-01",Locked,44162.898082438805,484.81013920233647,0.73197584931301,True,True,"AIM-120C",0,Arm
45.719999999999473,"BANDIT-01","VIPER-02",Locked,44162.898082438805,484.81013920233647,0.73197584931301,True,True,"",0,Arm
45.719999999999473,"BANDIT-02","VIPER-02",Locked,46692.4914987777,479.31293255555903,0.71089590417685256,True,True,"",0,Arm
45.819999999999453,"VIPER-01","BANDIT-01",Locked,53181.248197882611,478.23621515939715,0.65682293168431172,False,False,"",0,Arm
45.819999999999453,"VIPER-02","BANDIT-01",Locked,44114.412179939696,484.89424510521388,0.73237989850050256,True,True,"AIM-120C",0,Arm
45.819999999999453,"BANDIT-01","VIPER-02",Locked,44114.412179939696,484.89424510521388,0.73237989850050256,True,True,"",0,Arm
45.819999999999453,"BANDIT-02","VIPER-02",Locked,46644.545655733331,479.57660519371507,0.71129545286888907,True,True,"",0,Arm
45.919999999999433,"VIPER-01","BANDIT-01",Locked,53133.423657435545,478.248187719329,0.6572214695213705,False,False,"",0,Arm
45.919999999999433,"VIPER-02","BANDIT-01",Locked,44065.919084877023,484.9560790332755,0.73278400762602491,True,True,"AIM-120C",0,Arm
45.919999999999433,"BANDIT-01","VIPER-02",Locked,44065.919084877023,484.9560790332755,0.73278400762602491,True,True,"",0,Arm
45.919999999999433,"BANDIT-02","VIPER-02",Locked,46596.573279967677,479.84327769079471,0.71169522266693619,True,True,"",0,Arm
46.019999999999413,"VIPER-01","BANDIT-01",Locked,53085.599105371475,478.238095012295,0.65762000745523785,False,False,"",0,Arm
46.019999999999413,"VIPER-02","BANDIT-01",Locked,44017.421089503165,484.99412246652457,0.73318815758747369,True,True,"AIM-120C",0,Arm
46.019999999999413,"BANDIT-01","VIPER-02",Locked,44017.421089503165,484.99412246652457,0.73318815758747369,True,True,"",0,Arm
46.019999999999413,"BANDIT-02","VIPER-02",Locked,46548.574073937467,480.1129045011067,0.71209521605052117,True,True,"",0,Arm
46.119999999999393,"VIPER-01","BANDIT-01",Locked,53037.776897293821,478.20332052777576,0.65801852585588494,False,False,"",0,Arm
46.119999999999393,"VIPER-02","BANDIT-01",Locked,43968.920703047945,485.00609344938732,0.73359232747460057,True,True,"AIM-120C",0,Arm
46.119999999999393,"BANDIT-01","VIPER-02",Locked,43968.920703047945,485.00609344938732,0.73359232747460057,True,True,"",0,Arm
46.119999999999393,"BANDIT-02","VIPER-02",Locked,46500.547745147742,480.38543066452144,0.71249543545710226,True,True,"",0,Arm
46.219999999999374,"VIPER-01","BANDIT-01",Locked,52989.959581989016,478.14268725138527,0.65841700348342491,False,False,"",0,Arm
46.219999999999374,"VIPER-02","BANDIT-01",Locked,43920.420599472636,484.99104568285844,0.73399649500439479,True,True,"AIM-120C",0,Arm
46.219999999999374,"BANDIT-01","VIPER-02",Locked,43920.420599472636,484.99104568285844,0.73399649500439479,True,True,"",0,Arm
46.219999999999374,"BANDIT-02","VIPER-02",Locked,46452.4940070987,480.66079281374584,0.71289588327417763,True,True,"",0,Arm
46.319999999999354,"VIPER-01","BANDIT-01",Locked,52942.149726106349,478.05673621444163,0.65881541894911377,False,False,"",0,Arm
46.319999999999354,"VIPER-02","BANDIT-01",Locked,43871.923455774937,484.94959944358033,0.73440063786854226,True,True,"AIM-120C",0,Arm
46.319999999999354,"BANDIT-01","VIPER-02",Locked,43871.923455774937,484.94959944358033,0.73440063786854226,True,True,"",0,Arm
46.319999999999354,"BANDIT-02","VIPER-02",Locked,46404.412579822463,480.93892498560723,0.71329656183481283,True,True,"",0,Arm
46.419999999999334,"VIPER-01","BANDIT-01",Locked,52894.349797971292,477.94660221404405,0.65921375168357266,False,False,"",0,Arm
46.419999999999334,"VIPER-02","BANDIT-01",Locked,43823.4318502704,484.88283861080322,0.73480473458108009,True,True,"AIM-120C",0,Arm
46.419999999999334,"BANDIT-01","VIPER-02",Locked,43823.4318502704,484.88283861080322,0.73480473458108009,True,True,"",0,Arm
46.419999999999334,"BANDIT-02","VIPER-02",Locked,46356.3031898238,481.21976408372393,0.71369747341813516,True,True,"",0,Arm
46.519999999999314,"VIPER-01","BANDIT-01",Locked,52846.562178488573,477.81281706852849,0.65961198184592862,False,False,"",0,Arm
46.519999999999314,"VIPER-02","BANDIT-01",Locked,43774.948283187769,484.79117809600126,0.73520876430676863,True,True,"AIM-120C",0,Arm
46.519999999999314,"BANDIT-01","VIPER-02",Locked,43774.948283187769,484.79117809600126,0.73520876430676863,True,True,"",0,Arm
46.519999999999314,"BANDIT-02","VIPER-02",Locked,46308.165569647441,481.50325194203242,0.714098620252938,True,True,"",0,Arm
46.619999999999294,"VIPER-01","BANDIT-01",Locked,52798.789249282519,477.65495446345028,0.6600100895893124,False,False,"",0,Arm
46.619999999999294,"VIPER-02","BANDIT-01",Locked,43726.475267375914,484.67408068868514,0.7356127061052008,True,True,"AIM-120C",0,Arm
46.619999999999294,"BANDIT-01","VIPER-02",Locked,43726.475267375914,484.67408068868514,0.7356127061052008,True,True,"",0,Arm
46.619999999999294,"BANDIT-02","VIPER-02",Locked,46259.999457432568,481.78933406182949,0.71450000452139539,True,True,"",0,Arm
46.719999999999274,"VIPER-01","BANDIT-01",Locked,52751.033466394081,477.47212163597686,0.66040805444671613,False,False,"",0,Arm
46.719999999999274,"VIPER-02","BANDIT-01",Locked,43678.015398349926,484.53059951816044,0.736016538347084,True,True,"AIM-120C",0,Arm
46.719999999999274,"BANDIT-01","VIPER-02",Locked,43678.015398349926,484.53059951816044,0.736016538347084,True,True,"",0,Arm
46.719999999999274,"BANDIT-02","VIPER-02",Locked,46211.804596681613,482.07795721493608,0.71490162836098659,True,True,"",0,Arm
46.819999999999254,"VIPER-01","BANDIT-01",Locked,52703.297366109255,477.26368183153176,0.660805855282423,False,False,"",0,Arm
46.819999999999254,"VIPER-02","BANDIT-01",Locked,43629.571353260908,484.36011651762664,0.7364202387228258,True,True,"AIM-120C",0,Arm
46.819999999999254,"BANDIT-01","VIPER-02",Locked,43629.571353260908,484.36011651762664,0.7364202387228258,True,True,"",0,Arm
46.819999999999254,"BANDIT-02","VIPER-02",Locked,46163.580736223084,482.36906801428819,0.71530349386480774,True,True,"",0,Arm
46.919999999999234,"VIPER-01","BANDIT-01",Locked,52655.583515770762,477.02960030342348,0.66120347070191032,False,False,"",0,Arm
46.919999999999234,"VIPER-02","BANDIT-01",Locked,43581.145835087045,484.16267247679451,0.736823784707608,True,True,"AIM-120C",0,Arm
46.919999999999234,"BANDIT-01","VIPER-02",Locked,43581.145835087045,484.16267247679451,0.736823784707608,True,True,"",0,Arm
46.919999999999234,"BANDIT-02","VIPER-02",Locked,46115.327630235923,482.66261293606482,0.71570560308136733,True,True,"",0,Arm
47.019999999999214,"VIPER-01","BANDIT-01",Locked,52607.894460012438,476.77026134856271,0.66160087949989643,False,False,"",0,Arm
47.019999999999214,"VIPER-02","BANDIT-01",Locked,43532.741514996815,483.938749669289,0.73722715404169326,True,True,"AIM-120C",0,Arm
47.019999999999214,"BANDIT-01","VIPER-02",Locked,43532.741514996815,483.938749669289,0.73722715404169326,True,True,"",0,Arm
47.019999999999214,"BANDIT-02","VIPER-02",Locked,46067.045038230113,482.95853892723687,0.71610795801474914,True,True,"",0,Arm
47.119999999999195,"VIPER-01","BANDIT-01",Locked,52560.23317436791,476.43879896880514,0.66199805688026747,False,False,"",0,Arm
47.119999999999195,"VIPER-02","BANDIT-01",Locked,43484.361485031768,483.64163781835236,0.73763032095806869,True,True,"AIM-120C",0,Arm
47.119999999999195,"BANDIT-01","VIPER-02",Locked,43484.361485031768,483.64163781835236,0.73763032095806869,True,True,"",0,Arm
47.119999999999195,"BANDIT-02","VIPER-02",Locked,46018.732724979614,483.25679370048977,0.71651056062517,True,True,"",0,Arm
47.219999999999175,"VIPER-01","BANDIT-01",Locked,52512.630885057421,475.69458069069304,0.66239474262452158,False,False,"",0,Arm
47.219999999999175,"VIPER-02","BANDIT-01",Locked,43436.037032638233,482.9314150426884,0.7380330247280148,True,True,"AIM-120C",0,Arm
47.219999999999175,"BANDIT-01","VIPER-02",Locked,43436.037032638233,482.9314150426884,0.7380330247280148,True,True,"",0,Arm
47.219999999999175,"BANDIT-02","VIPER-02",Locked,45970.390603983571,483.55381313973703,0.71691341163347033,True,True,"",0,Arm
47.319999999999155,"VIPER-01","BANDIT-01",Locked,52465.104266650676,474.91090563330772,0.66279079777791106,False,False,"",0,Arm
47.319999999999155,"VIPER-02","BANDIT-01",Locked,43387.784896656834,482.18092458813334,0.7384351258611932,True,True,"AIM-120C",0,Arm
47.319999999999155,"BANDIT-01","VIPER-02",Locked,43387.784896656834,482.18092458813334,0.7384351258611932,True,True,"",0,Arm
47.319999999999155,"BANDIT-02","VIPER-02",Locked,45922.018984945076,483.84714756541683,0.71731650845879114,True,True,"",0,Arm
47.419999999999135,"VIPER-01","BANDIT-01",Locked,52417.655020787133,474.13474384321512,0.66318620816010732,False,False,"",0,Arm
47.419999999999135,"VIPER-02","BANDIT-01",Locked,43339.606865191869,481.43702572448746,0.73883660945673446,True,True,"AIM-120C",0,Arm
47.419999999999135,"BANDIT-01","VIPER-02",Locked,43339.606865191869,481.43702572448746,0.73883660945673446,True,True,"",0,Arm
47.419999999999135,"BANDIT-02","VIPER-02",Locked,45873.61823025217,484.13691489362674,0.717719848081232,True,True,"",0,Arm
47.519999999999115,"VIPER-01","BANDIT-01",Locked,52370.28666193589,473.33005572622858,0.66358094448386762,False,False,"",0,Arm
47.519999999999115,"VIPER-02","BANDIT-01",Locked,43291.506539983166,480.66369835340538,0.73923744550014037,True,True,"AIM-120C",0,Arm
47.519999999999115,"BANDIT-01","VIPER-02",Locked,43291.506539983166,480.66369835340538,0.73923744550014037,True,True,"",0,Arm
47.519999999999115,"BANDIT-02","VIPER-02",Locked,45825.188693432479,484.42310305629326,0.71812342755472947,True,True,"",0,Arm
47.619999999999095,"VIPER-01","BANDIT-01",Locked,52323.001588489969,472.45478786248532,0.66397498676258371,False,False,"",0,Arm
47.619999999999095,"VIPER-02","BANDIT-01",Locked,43243.486412050923,479.81893638289836,0.739637613232909,True,True,"AIM-120C",0,Arm
47.619999999999095,"BANDIT-01","VIPER-02",Locked,43243.486412050923,479.81893638289836,0.739637613232909,True,True,"",0,Arm
47.619999999999095,"BANDIT-02","VIPER-02",Locked,45776.730726129259,484.70587007075767,0.718527243948923,True,True,"",0,Arm
47.719999999999075,"VIPER-01","BANDIT-01",Locked,52275.802164702967,471.59434244784819,0.664368315294142,False,False,"",0,Arm
47.719999999999075,"VIPER-02","BANDIT-01",Locked,43195.548940474422,478.98797298467832,0.74003709216271329,True,True,"AIM-120C",0,Arm
47.719999999999075,"BANDIT-01","VIPER-02",Locked,43195.548940474422,478.98797298467832,0.74003709216271329,True,True,"",0,Arm
47.719999999999075,"BANDIT-02","VIPER-02",Locked,45728.244675651622,484.98519281871023,0.71893129436956993,True,True,"",0,Arm
47.819999999999055,"VIPER-01","BANDIT-01",Locked,52228.691544174246,470.7066433027224,0.664760903798548,False,False,"",0,Arm
47.819999999999055,"VIPER-02","BANDIT-01",Locked,43147.697372164912,478.1288199706932,0.74043585523195921,True,True,"AIM-120C",0,Arm
47.819999999999055,"BANDIT-01","VIPER-02",Locked,43147.697372164912,478.1288199706932,0.74043585523195921,True,True,"",0,Arm
47.819999999999055,"BANDIT-02","VIPER-02",Locked,45679.730878403658,485.26110760261281,0.71933557601330289,True,True,"",0,Arm
47.919999999999035,"VIPER-01","BANDIT-01",Locked,52181.672008313304,469.79190012681357,0.66515273326405588,False,False,"",0,Arm
47.919999999999035,"VIPER-02","BANDIT-01",Locked,43099.934081684492,477.24170807644424,0.74083388265262928,True,True,"AIM-120C",0,Arm
47.919999999999035,"BANDIT-01","VIPER-02",Locked,43099.934081684492,477.24170807644424,0.74083388265262928,True,True,"",0,Arm
47.919999999999035,"BANDIT-02","VIPER-02",Locked,45631.1896700956,485.53371212682231,0.7197400860825367,True,True,"",0,Arm
48.019999999999015,"VIPER-01","BANDIT-01",Locked,52134.746669741253,468.80856773938785,0.66554377775215634,False,False,"",0,Arm
48.019999999999015,"VIPER-02","BANDIT-01",Locked,43052.2622705798,476.285212529909,0.74123114774516852,True,True,"AIM-120C",0,Arm
48.019999999999015,"BANDIT-01","VIPER-02",Locked,43052.2622705798,476.285212529909,0.74123114774516852,True,True,"",0,Arm
48.019999999999015,"BANDIT-02","VIPER-02",Locked,45582.621381556986,485.80304307929964,0.72014482182035855,True,True,"",0,Arm
48.119999999998996,"VIPER-01","BANDIT-01",Locked,52087.917393064883,467.83994579508811,0.66593402172445937,False,False,"",0,Arm
48.119999999998996,"VIPER-02","BANDIT-01",Locked,43004.683893209614,475.34246012775964,0.74162763422325328,True,True,"AIM-120C",0,Arm
48.119999999998996,"BANDIT-01","VIPER-02",Locked,43004.683893209614,475.34246012775964,0.74162763422325328,True,True,"",0,Arm
48.119999999998996,"BANDIT-02","VIPER-02",Locked,45534.026339955264,486.06913647559986,0.72054978050037288,True,True,"",0,Arm
48.219999999998976,"VIPER-01","BANDIT-01",Locked,52041.18728383362,466.84441483430271,0.6663234393013866,False,False,"",0,Arm
48.219999999998976,"VIPER-02","BANDIT-01",Locked,42957.202141249254,474.37192729987225,0.74202331548958966,True,True,"AIM-120C",0,Arm
48.219999999998976,"BANDIT-01","VIPER-02",Locked,42957.202141249254,474.37192729987225,0.74202331548958966,True,True,"",0,Arm
48.219999999998976,"BANDIT-02","VIPER-02",Locked,45485.404865930555,486.33202695763725,0.72095495945057886,True,True,"",0,Arm
48.319999999998956,"VIPER-01","BANDIT-01",Locked,51994.558603713791,465.82218154387152,0.66671201163571847,False,False,"",0,Arm
48.319999999998956,"VIPER-02","BANDIT-01",Locked,42909.819364808696,473.37381137035334,0.74241817195992765,True,True,"AIM-120C",0,Arm
48.319999999998956,"BANDIT-01","VIPER-02",Locked,42909.819364808696,473.37381137035334,0.74241817195992765,True,True,"",0,Arm
48.319999999998956,"BANDIT-02","VIPER-02",Locked,45436.757275485026,486.591808760432,0.72136035603762494,True,True,"",0,Arm
48.419999999998936,"VIPER-01","BANDIT-01",Locked,51948.03441638426,464.77338359049196,0.667099713196798,False,False,"",0,Arm
48.419999999998936,"VIPER-02","BANDIT-01",Locked,42862.538715058676,472.34824030143432,0.74281217737451111,True,True,"AIM-120C",0,Arm
48.419999999998936,"BANDIT-01","VIPER-02",Locked,42862.538715058676,472.34824030143432,0.74281217737451111,True,True,"",0,Arm
48.419999999998936,"BANDIT-02","VIPER-02",Locked,45388.083878303521,486.84845415607788,0.72176596768080414,True,True,"",0,Arm
48.519999999998916,"VIPER-01","BANDIT-01",Locked,51901.616955278725,463.69814412163765,0.66748652537267739,False,False,"",0,Arm
48.519999999998916,"VIPER-02","BANDIT-01",Locked,42815.362516154288,471.29532525134715,0.743205312365381,True,True,"AIM-120C",0,Arm
48.519999999998916,"BANDIT-01","VIPER-02",Locked,42815.362516154288,471.29532525134715,0.743205312365381,True,True,"",0,Arm
48.519999999998916,"BANDIT-02","VIPER-02",Locked,45339.384981388626,487.10205598684257,0.72217179182176161,True,True,"",0,Arm
48.619999999998896,"VIPER-01","BANDIT-01",Locked,51855.308859227647,462.5965154761335,0.667872426173103,False,False,"",0,Arm
48.619999999998896,"VIPER-02","BANDIT-01",Locked,42768.293497252031,470.215114637392,0.74359755418956652,True,True,"AIM-120C",0,Arm
48.619999999998896,"BANDIT-01","VIPER-02",Locked,42768.293497252031,470.215114637392,0.74359755418956652,True,True,"",0,Arm
48.619999999998896,"BANDIT-02","VIPER-02",Locked,45290.660890341474,487.35264666740966,0.72257782591382114,True,True,"",0,Arm
48.719999999998876,"VIPER-01","BANDIT-01",Locked,51809.112755009715,461.428631843561,0.66825739370825243,False,False,"",0,Arm
48.719999999998876,"VIPER-02","BANDIT-01",Locked,42721.334375650127,469.06786560449149,0.74398888020291576,True,True,"AIM-120C",0,Arm
48.719999999998876,"BANDIT-01","VIPER-02",Locked,42721.334375650127,469.06786560449149,0.74398888020291576,True,True,"",0,Arm
48.719999999998876,"BANDIT-02","VIPER-02",Locked,45241.911900953673,487.60031715139496,0.7229840674920528,True,True,"",0,Arm
48.819999999998856,"VIPER-01","BANDIT-01",Locked,51763.031262106771,460.27478939413965,0.66864140614911038,False,False,"",0,Arm
48.819999999998856,"VIPER-02","BANDIT-01",Locked,42674.4878605887,467.93364584852281,0.74437926782842756,True,True,"AIM-120C",0,Arm
48.819999999998856,"BANDIT-01","VIPER-02",Locked,42674.4878605887,467.93364584852281,0.74437926782842756,True,True,"",0,Arm
48.819999999998856,"BANDIT-02","VIPER-02",Locked,45193.138312577,487.84497832836524,0.72339051406185839,True,True,"",0,Arm
48.919999999998836,"VIPER-01","BANDIT-01",Locked,51717.066583394742,459.09500349895421,0.66902444513837722,False,False,"",0,Arm
48.919999999998836,"VIPER-02","BANDIT-01",Locked,42627.756245298981,466.77259387194289,0.74476869795584189,True,True,"AIM-120C",0,Arm
48.919999999998836,"BANDIT-01","VIPER-02",Locked,42627.756245298981,466.77259387194289,0.74476869795584189,True,True,"",0,Arm
48.919999999998836,"BANDIT-02","VIPER-02",Locked,45144.340415412888,488.08678103941537,0.72379716320489274,True,True,"",0,Arm
49.019999999998817,"VIPER-01","BANDIT-01",Locked,51671.221302537553,457.88947014855438,0.66940648914552048,False,False,"",0,Arm
49.019999999998817,"VIPER-02","BANDIT-01",Locked,42581.1422018588,465.58491311629359,0.74515714831784341,True,True,"AIM-120C",0,Arm
49.019999999998817,"BANDIT-01","VIPER-02",Locked,42581.1422018588,465.58491311629359,0.74515714831784341,True,True,"",0,Arm
49.019999999998817,"BANDIT-02","VIPER-02",Locked,45095.518493705757,488.32575431124832,0.724204012552452,True,True,"",0,Arm
49.1199999999988,"VIPER-01","BANDIT-01",Locked,51625.497984352973,456.65836578624226,0.66978751679705861,False,False,"",0,Arm
49.1199999999988,"VIPER-02","BANDIT-01",Locked,42534.648382944295,464.37078395892615,0.7455445968087977,True,True,"AIM-120C",0,Arm
49.1199999999988,"BANDIT-01","VIPER-02",Locked,42534.648382944295,464.37078395892615,0.7455445968087977,True,True,"",0,Arm
49.1199999999988,"BANDIT-02","VIPER-02",Locked,45046.67282882041,488.56192683012148,0.72461105975983,True,True,"",0,Arm
49.219999999998777,"VIPER-01","BANDIT-01",Locked,51579.899178270047,455.40182565460395,0.67016750684774973,False,False,"",0,Arm
49.219999999998777,"VIPER-02","BANDIT-01",Locked,42488.277425646738,463.13034215130358,0.745931021452944,True,True,"AIM-120C",0,Arm
49.219999999998777,"BANDIT-01","VIPER-02",Locked,42488.277425646738,463.13034215130358,0.745931021452944,True,True,"",0,Arm
49.219999999998777,"BANDIT-02","VIPER-02",Locked,44997.80369927195,488.79532690647278,0.72501830250606725,True,True,"",0,Arm
49.319999999998757,"VIPER-01","BANDIT-01",Locked,51534.42742195537,454.1199568743225,0.67054643815037207,False,False,"",0,Arm
49.319999999998757,"VIPER-02","BANDIT-01",Locked,42442.031955371196,461.86369331912164,0.74631640037190672,True,True,"AIM-120C",0,Arm
49.319999999998757,"BANDIT-01","VIPER-02",Locked,42442.031955371196,461.86369331912164,0.74631640037190672,True,True,"",0,Arm
49.319999999998757,"BANDIT-02","VIPER-02",Locked,44948.911380766483,489.02598245496154,0.72542573849361269,True,True,"",0,Arm
49.419999999998737,"VIPER-01","BANDIT-01",Locked,51489.08524260675,452.81286614009031,0.67092428964494388,False,False,"",0,Arm
49.419999999998737,"VIPER-02","BANDIT-01",Locked,42395.914587221516,460.57094258316926,0.74670071177315411,True,True,"AIM-120C",0,Arm
49.419999999998737,"BANDIT-01","VIPER-02",Locked,42395.914587221516,460.57094258316926,0.74670071177315411,True,True,"",0,Arm
49.419999999998737,"BANDIT-02","VIPER-02",Locked,44899.996146240228,489.25392100833665,0.72583336544799826,True,True,"",0,Arm
49.519999999998717,"VIPER-01","BANDIT-01",Locked,51443.875155778318,451.48067951621897,0.67130104036851412,False,False,"",0,Arm
49.519999999998717,"VIPER-02","BANDIT-01",Locked,42349.927924744537,459.25221593551458,0.74708393396046224,True,True,"AIM-120C",0,Arm
49.519999999998717,"BANDIT-01","VIPER-02",Locked,42349.927924744537,459.25221593551458,0.74708393396046224,True,True,"",0,Arm
49.519999999998717,"BANDIT-02","VIPER-02",Locked,44851.058265896092,489.47916975216964,0.72624118111753266,True,True,"",0,Arm
49.6199999999987,"VIPER-01","BANDIT-01",Locked,51398.799663138627,450.12354562795241,0.67167666947384486,False,False,"",0,Arm
49.6199999999987,"VIPER-02","BANDIT-01",Locked,42304.074557486194,457.90766411873165,0.74746604535428185,True,True,"AIM-120C",0,Arm
49.6199999999987,"BANDIT-01","VIPER-02",Locked,42304.074557486194,457.90766411873165,0.74746604535428185,True,True,"",0,Arm
49.6199999999987,"BANDIT-02","VIPER-02",Locked,44802.098007233064,489.70175555490624,0.72664918327305794,True,True,"",0,Arm
49.719999999998677,"VIPER-01","BANDIT-01",Locked,51353.860499386014,448.779082924327,0.67205116250511665,False,False,"",0,Arm
49.719999999998677,"VIPER-02","BANDIT-01",Locked,42258.356311040261,456.57474454608644,0.74784703074133119,True,True,"AIM-120C",0,Arm
49.719999999998677,"BANDIT-01","VIPER-02",Locked,42258.356311040261,456.57474454608644,0.74784703074133119,True,True,"",0,Arm
49.719999999998677,"BANDIT-02","VIPER-02",Locked,44753.115632084664,489.92176467367216,0.72705736973262791,True,True,"",0,Arm
49.819999999998657,"VIPER-01","BANDIT-01",Locked,51309.060884193546,447.37235049526771,0.67242449263172055,False,False,"",0,Arm
49.819999999998657,"VIPER-02","BANDIT-01",Locked,42212.776489321921,455.17884310619525,0.74822686258898408,True,True,"AIM-120C",0,Arm
49.819999999998657,"BANDIT-01","VIPER-02",Locked,42212.776489321921,455.17884310619525,0.74822686258898408,True,True,"",0,Arm
49.819999999998657,"BANDIT-02","VIPER-02",Locked,44704.111393781837,490.139221383806,0.72746573838515149,True,True,"",0,Arm
49.919999999998637,"VIPER-01","BANDIT-01",Locked,51264.402525022415,445.9412543442549,0.67279664562481334,False,False,"",0,Arm
49.919999999998637,"VIPER-02","BANDIT-01",Locked,42167.336889923012,453.75770983354533,0.74860552591730833,True,True,"AIM-120C",0,Arm
49.919999999998637,"BANDIT-01","VIPER-02",Locked,42167.336889923012,453.75770983354533,0.74860552591730833,True,True,"",0,Arm
49.919999999998637,"BANDIT-02","VIPER-02",Locked,44655.085547972885,490.35421112708968,0.72787428710022606,True,True,"",0,Arm
50.019999999998618,"VIPER-01","BANDIT-01",Locked,51219.888228276111,444.48594545824238,0.67316759809769922,False,False,"",0,Arm
50.019999999998618,"VIPER-02","BANDIT-01",Locked,42122.040404131876,452.31150187888477,0.74898299663223444,True,True,"AIM-120C",0,Arm
50.019999999998618,"BANDIT-01","VIPER-02",Locked,42122.040404131876,452.31150187888477,0.74898299663223444,True,True,"",0,Arm
50.019999999998618,"BANDIT-02","VIPER-02",Locked,44606.038343075248,490.5666972753271,0.72828301380770633,True,True,"",0,Arm
50.1199999999986,"VIPER-01","BANDIT-01",Locked,51175.520410147546,443.00657198942952,0.67353732991543724,False,False,"",0,Arm
50.1199999999986,"VIPER-02","BANDIT-01",Locked,42076.889534302609,450.84037047390183,0.7493592538808117,True,True,"AIM-120C",0,Arm
50.1199999999986,"BANDIT-01","VIPER-02",Locked,42076.889534302609,450.84037047390183,0.7493592538808117,True,True,"",0,Arm
50.1199999999986,"BANDIT-02","VIPER-02",Locked,44556.970025136055,490.77670327220909,0.72869191645719966,True,True,"",0,Arm
50.219999999998578,"VIPER-01","BANDIT-01",Locked,51131.301111817971,441.50331294736503,0.67390582406818367,False,False,"",0,Arm
50.219999999998578,"VIPER-02","BANDIT-01",Locked,42031.886409361665,449.34449482270537,0.74973427992198616,True,True,"AIM-120C",0,Arm
50.219999999998578,"BANDIT-01","VIPER-02",Locked,42031.886409361665,449.34449482270537,0.74973427992198616,True,True,"",0,Arm
50.219999999998578,"BANDIT-02","VIPER-02",Locked,44507.880838465135,490.98431271620257,0.72910099301279063,True,True,"",0,Arm
50.319999999998558,"VIPER-01","BANDIT-01",Locked,51087.232723673376,439.97633014150932,0.6742730606360553,False,False,"",0,Arm
50.319999999998558,"VIPER-02","BANDIT-01",Locked,41987.033505631509,447.82403900472463,0.75010805411973758,True,True,"AIM-120C",0,Arm
50.319999999998558,"BANDIT-01","VIPER-02",Locked,41987.033505631509,447.82403900472463,0.75010805411973758,True,True,"",0,Arm
50.319999999998558,"BANDIT-02","VIPER-02",Locked,44458.771020312692,491.18954737884974,0.72951024149739441,True,True,"",0,Arm
50.419999999998538,"VIPER-01","BANDIT-01",Locked,51043.317624982847,438.4611978588747,0.67463901979180974,False,False,"",0,Arm
50.419999999998538,"VIPER-02","BANDIT-01",Locked,41942.333287922229,446.31438712392406,0.75048055593398155,True,True,"AIM-120C",0,Arm
50.419999999998538,"BANDIT-01","VIPER-02",Locked,41942.333287922229,446.31438712392406,0.75048055593398155,True,True,"",0,Arm
50.419999999998538,"BANDIT-02","VIPER-02",Locked,44409.64081173778,491.39236961695042,0.72991965990218532,True,True,"",0,Arm
50.519999999998518,"VIPER-01","BANDIT-01",Locked,50999.558173617748,436.8869565271753,0.67500368188651882,False,False,"",0,Arm
50.519999999998518,"VIPER-02","BANDIT-01",Locked,41897.788199510811,444.74496376571767,0.75085176500407669,True,True,"AIM-120C",0,Arm
50.519999999998518,"BANDIT-01","VIPER-02",Locked,41897.788199510811,444.74496376571767,0.75085176500407669,True,True,"",0,Arm
50.519999999998518,"BANDIT-02","VIPER-02",Locked,44360.49044557834,491.59292112385288,0.73032924628684726,True,True,"",0,Arm
50.6199999999985,"VIPER-01","BANDIT-01",Locked,50955.956710469072,435.289502200021,0.67536702741275789,False,False,"",0,Arm
50.6199999999985,"VIPER-02","BANDIT-01",Locked,41853.400666311245,443.15148112572382,0.75122166111407307,True,True,"AIM-120C",0,Arm
50.6199999999985,"BANDIT-01","VIPER-02",Locked,41853.400666311245,443.15148112572382,0.75122166111407307,True,True,"",0,Arm
50.6199999999985,"BANDIT-02","VIPER-02",Locked,44311.320152586144,491.79116244061839,0.73073899872844894,True,True,"",0,Arm
50.719999999998478,"VIPER-01","BANDIT-01",Locked,50912.515210667363,433.66904182918296,0.67572903991110533,False,False,"",0,Arm
50.719999999998478,"VIPER-02","BANDIT-01",Locked,41809.172750181257,441.53414879861418,0.75159022708182288,True,True,"AIM-120C",0,Arm
50.719999999998478,"BANDIT-01","VIPER-02",Locked,41809.172750181257,441.53414879861418,0.75159022708182288,True,True,"",0,Arm
50.719999999998478,"BANDIT-02","VIPER-02",Locked,44262.130159027642,491.98717415429195,0.73114891534143633,True,True,"",0,Arm
50.819999999998458,"VIPER-01","BANDIT-01",Locked,50869.235982787322,432.05996840236605,0.676089700143439,False,False,"",0,Arm
50.819999999998458,"VIPER-02","BANDIT-01",Locked,41765.106844044582,439.92715259709871,0.75195744296629519,True,True,"AIM-120C",0,Arm
50.819999999998458,"BANDIT-01","VIPER-02",Locked,41765.106844044582,439.92715259709871,0.75195744296629519,True,True,"",0,Arm
50.819999999998458,"BANDIT-02","VIPER-02",Locked,44212.920687396763,492.18091568572629,0.7315589942716938,True,True,"",0,Arm
50.919999999998439,"VIPER-01","BANDIT-01",Locked,50826.121318537611,430.39376545788025,0.67644898901218664,False,False,"",0,Arm
50.919999999998439,"VIPER-02","BANDIT-01",Locked,41721.205323419112,438.26240003900119,0.75232328897150746,True,True,"AIM-120C",0,Arm
50.919999999998439,"BANDIT-01","VIPER-02",Locked,41721.205323419112,438.26240003900119,0.75232328897150746,True,True,"",0,Arm
50.919999999998439,"BANDIT-02","VIPER-02",Locked,44163.691960582357,492.37252771694591,0.73196923366181377,True,True,"",0,Arm
51.019999999998419,"VIPER-01","BANDIT-01",Locked,50783.173824758989,428.70509064407247,0.67680688479367523,False,False,"",0,Arm
51.019999999998419,"VIPER-02","BANDIT-01",Locked,41677.470876343621,436.57434837913115,0.75268774269713656,True,True,"AIM-120C",0,Arm
51.019999999998419,"BANDIT-01","VIPER-02",Locked,41677.470876343621,436.57434837913115,0.75268774269713656,True,True,"",0,Arm
51.019999999998419,"BANDIT-02","VIPER-02",Locked,44114.444195921766,492.56190859350221,0.73237963170065212,True,True,"",0,Arm
51.1199999999984,"VIPER-01","BANDIT-01",Locked,50740.395079936752,427.027420658524,0.67716337433386053,False,False,"",0,Arm
51.1199999999984,"VIPER-02","BANDIT-01",Locked,41633.905168716163,434.8962474290729,0.75305079026069865,True,True,"AIM-120C",0,Arm
51.1199999999984,"BANDIT-01","VIPER-02",Locked,41633.905168716163,434.8962474290729,0.75305079026069865,True,True,"",0,Arm
51.1199999999984,"BANDIT-02","VIPER-02",Locked,44065.177608859318,492.74913734823139,0.73279018659283912,True,True,"",0,Arm
51.219999999998379,"VIPER-01","BANDIT-01",Locked,50697.787658710855,425.29408959566467,0.67751843617740959,False,False,"",0,Arm
51.219999999998379,"VIPER-02","BANDIT-01",Locked,41590.51085553068,433.16188713908673,0.75341240953724442,True,True,"AIM-120C",0,Arm
51.219999999998379,"BANDIT-01","VIPER-02",Locked,41590.51085553068,433.16188713908673,0.75341240953724442,True,True,"",0,Arm
51.219999999998379,"BANDIT-02","VIPER-02",Locked,44015.892412982095,492.93429277182565,0.73320089655848264,True,True,"",0,Arm
51.319999999998359,"VIPER-01","BANDIT-01",Locked,50655.353778769429,423.53886654866858,0.67787205184358812,False,False,"",0,Arm
51.319999999998359,"VIPER-02","BANDIT-01",Locked,41547.290236549161,431.40481911775231,0.75377258136209035,True,True,"AIM-120C",0,Arm
51.319999999998359,"BANDIT-01","VIPER-02",Locked,41547.290236549161,431.40481911775231,0.75377258136209035,True,True,"",0,Arm
51.319999999998359,"BANDIT-02","VIPER-02",Locked,43966.588820636913,493.11733299964658,0.73361175982802584,True,True,"",0,Arm
51.419999999998339,"VIPER-01","BANDIT-01",Locked,50613.094984785086,421.79426356748166,0.67822420846012443,False,False,"",0,Arm
51.419999999998339,"VIPER-02","BANDIT-01",Locked,41504.244943144135,429.65731365136759,0.7541312921404657,True,True,"AIM-120C",0,Arm
51.419999999998339,"BANDIT-01","VIPER-02",Locked,41504.244943144135,429.65731365136759,0.7541312921404657,True,True,"",0,Arm
51.419999999998339,"BANDIT-02","VIPER-02",Locked,43917.2670339859,493.29833476929167,0.73402277471678423,True,True,"",0,Arm
51.519999999998319,"VIPER-01","BANDIT-01",Locked,50571.0141123268,419.99556633121921,0.67857488239727681,False,False,"",0,Arm
51.519999999998319,"VIPER-02","BANDIT-01",Locked,41461.377887310708,427.85514623411717,0.7544885176057442,True,True,"AIM-120C",0,Arm
51.519999999998319,"BANDIT-01","VIPER-02",Locked,41461.377887310708,427.85514623411717,0.7544885176057442,True,True,"",0,Arm
51.519999999998319,"BANDIT-02","VIPER-02",Locked,43867.927260136021,493.477315812843,0.73443393949886659,True,True,"",0,Arm
51.6199999999983,"VIPER-01","BANDIT-01",Locked,50529.112679027807,418.20723731786825,0.67892406100810176,False,False,"",0,Arm
51.6199999999983,"VIPER-02","BANDIT-01",Locked,41418.690672502787,426.06228995623985,0.75484424439581022,True,True,"AIM-120C",0,Arm
51.6199999999983,"BANDIT-01","VIPER-02",Locked,41418.690672502787,426.06228995623985,0.75484424439581022,True,True,"",0,Arm
51.6199999999983,"BANDIT-02","VIPER-02",Locked,43818.569698435385,493.65429237950872,0.73484525251303856,True,True,"",0,Arm
51.719999999998279,"VIPER-01","BANDIT-01",Locked,50487.393461842934,416.36586412999856,0.679271721151309,False,False,"",0,Arm
51.719999999998279,"VIPER-02","BANDIT-01",Locked,41376.186150897047,424.21584430575336,0.75519844874252473,True,True,"AIM-120C",0,Arm
51.719999999998279,"BANDIT-01","VIPER-02",Locked,41376.186150897047,424.21584430575336,0.75519844874252473,True,True,"",0,Arm
51.719999999998279,"BANDIT-02","VIPER-02",Locked,43769.194546662031,493.82928055177075,0.73525671211114985,True,True,"",0,Arm
51.819999999998259,"VIPER-01","BANDIT-01",Locked,50445.8582683492,414.50362054352843,0.67961784776375678,False,False,"",0,Arm
51.819999999998259,"VIPER-02","BANDIT-01",Locked,41333.866212095381,422.34773881147419,0.75555111489920523,True,True,"AIM-120C",0,Arm
51.819999999998259,"BANDIT-01","VIPER-02",Locked,41333.866212095381,422.34773881147419,0.75555111489920523,True,True,"",0,Arm
51.819999999998259,"BANDIT-02","VIPER-02",Locked,43719.802006902355,494.00229752081219,0.73566831660914711,True,True,"",0,Arm
51.91999999999824,"VIPER-01","BANDIT-01",Locked,50404.508585946875,412.65131862360073,0.67996242845044286,False,False,"",0,Arm
51.91999999999824,"VIPER-02","BANDIT-01",Locked,41291.732454331977,420.48693442826675,0.75590222954723363,True,True,"AIM-120C",0,Arm
51.91999999999824,"BANDIT-01","VIPER-02",Locked,41291.732454331977,420.48693442826675,0.75590222954723363,True,True,"",0,Arm
51.91999999999824,"BANDIT-02","VIPER-02",Locked,43670.392295978258,494.17185311070153,0.73608006420018124,True,True,"",0,Arm
52.01999999999822,"VIPER-01","BANDIT-01",Locked,50363.347117744532,410.74763814555257,0.68030544068546228,False,False,"",0,Arm
52.01999999999822,"VIPER-02","BANDIT-01",Locked,41249.7887618583,418.55373516709687,0.75625176031784758,True,True,"AIM-120C",0,Arm
52.01999999999822,"BANDIT-01","VIPER-02",Locked,41249.7887618583,418.55373516709687,0.75625176031784758,True,True,"",0,Arm
52.01999999999822,"BANDIT-02","VIPER-02",Locked,43620.966697941738,494.31923697967585,0.73649194418381891,True,True,"",0,Arm
52.1199999999982,"VIPER-01","BANDIT-01",Locked,50322.375320522042,408.8536668376745,0.68064687232898313,False,False,"",0,Arm
52.1199999999982,"VIPER-02","BANDIT-01",Locked,41208.039076658977,416.60730843719188,0.75659967436117526,True,True,"AIM-120C",0,Arm
52.1199999999982,"BANDIT-01","VIPER-02",Locked,41208.039076658977,416.60730843719188,0.75659967436117526,True,True,"",0,Arm
52.1199999999982,"BANDIT-02","VIPER-02",Locked,43571.5277803945,494.44303820111031,0.73690393516337926,True,True,"",0,Arm
52.21999999999818,"VIPER-01","BANDIT-01",Locked,50281.595838712179,406.90944680417977,0.68098670134406525,False,False,"",0,Arm
52.21999999999818,"VIPER-02","BANDIT-01",Locked,41166.487160054123,414.6086394812678,0.75694594033288243,True,True,"AIM-120C",0,Arm
52.21999999999818,"BANDIT-01","VIPER-02",Locked,41166.487160054123,414.6086394812678,0.75694594033288243,True,True,"",0,Arm
52.21999999999818,"BANDIT-02","VIPER-02",Locked,43522.0767728644,494.56337441575238,0.73731602689279674,True,True,"",0,Arm
52.31999999999816,"VIPER-01","BANDIT-01",Locked,50241.010102138891,404.97462384158723,0.68132491581550936,False,False,"",0,Arm
52.31999999999816,"VIPER-02","BANDIT-01",Locked,41125.134411982624,412.61974289308688,0.75729054656681161,True,True,"AIM-120C",0,Arm
52.31999999999816,"BANDIT-01","VIPER-02",Locked,41125.134411982624,412.61974289308688,0.75729054656681161,True,True,"",0,Arm
52.31999999999816,"BANDIT-02","VIPER-02",Locked,43472.613762050227,494.68315688133549,0.73772821864958149,True,True,"",0,Arm
52.41999999999814,"VIPER-01","BANDIT-01",Locked,50200.620703515291,402.99063093891891,0.68166149413737265,False,False,"",0,Arm
52.41999999999814,"VIPER-02","BANDIT-01",Locked,41083.98335413012,410.58262240801059,0.75763347204891573,True,True,"AIM-120C",0,Arm
52.41999999999814,"BANDIT-01","VIPER-02",Locked,41083.98335413012,410.58262240801059,0.75763347204891573,True,True,"",0,Arm
52.41999999999814,"BANDIT-02","VIPER-02",Locked,43423.138803647518,494.80237825569844,0.73814050996960412,True,True,"",0,Arm
52.51999999999812,"VIPER-01","BANDIT-01",Locked,50160.429049279235,401.015706111163,0.68199642458933973,False,False,"",0,Arm
52.51999999999812,"VIPER-02","BANDIT-01",Locked,41043.03533382991,408.55491018858504,0.75797470555141744,True,True,"AIM-120C",0,Arm
52.51999999999812,"BANDIT-01","VIPER-02",Locked,41043.03533382991,408.55491018858504,0.75797470555141744,True,True,"",0,Arm
52.51999999999812,"BANDIT-02","VIPER-02",Locked,43373.651954053727,494.92103621660431,0.73855290038288568,True,True,"",0,Arm
52.6199999999981,"VIPER-01","BANDIT-01",Locked,50120.436825398545,399.02094526282684,0.6823296931216789,False,False,"",0,Arm
52.6199999999981,"VIPER-02","BANDIT-01",Locked,41002.291983322219,406.50788635689571,0.758314233472315,True,True,"AIM-120C",0,Arm
52.6199999999981,"BANDIT-01","VIPER-02",Locked,41002.291983322219,406.50788635689571,0.758314233472315,True,True,"",0,Arm
52.6199999999981,"BANDIT-02","VIPER-02",Locked,43324.153267989757,495.03915640102332,0.73896538943341872,True,True,"",0,Arm
52.71999999999808,"VIPER-01","BANDIT-01",Locked,50080.646540055925,396.97880793992766,0.68266127883286742,False,False,"",0,Arm
52.71999999999808,"VIPER-02","BANDIT-01",Locked,40961.755748501047,404.41437167261461,0.758652035429158,True,True,"AIM-120C",0,Arm
52.71999999999808,"BANDIT-01","VIPER-02",Locked,40961.755748501047,404.41437167261461,0.758652035429158,True,True,"",0,Arm
52.71999999999808,"BANDIT-02","VIPER-02",Locked,43274.642799857909,495.15673077456756,0.73937797666785077,True,True,"",0,Arm
52.819999999998061,"VIPER-01","BANDIT-01",Locked,50041.059833368381,394.94538360341664,0.68299116805526361,False,False,"",0,Arm
52.819999999998061,"VIPER-02","BANDIT-01",Locked,40921.4282108135,402.32986652470896,0.75898809824322089,True,True,"AIM-120C",0,Arm
52.819999999998061,"BANDIT-01","VIPER-02",Locked,40921.4282108135,402.32986652470896,0.75898809824322089,True,True,"",0,Arm
52.819999999998061,"BANDIT-02","VIPER-02",Locked,43225.120605233889,495.27375067052509,0.739790661623051,True,True,"",0,Arm
52.919999999998041,"VIPER-01","BANDIT-01",Locked,50001.678597645034,392.86578946552004,0.68331934501962488,False,False,"",0,Arm
52.919999999998041,"VIPER-02","BANDIT-01",Locked,40881.311211283486,400.20002088436837,0.75932240657263772,True,True,"AIM-120C",0,Arm
52.919999999998041,"BANDIT-01","VIPER-02",Locked,40881.311211283486,400.20002088436837,0.75932240657263772,True,True,"",0,Arm
52.919999999998041,"BANDIT-02","VIPER-02",Locked,43175.586737254336,495.39024044900805,0.740203443856214,True,True,"",0,Arm
53.019999999998021,"VIPER-01","BANDIT-01",Locked,49962.5044458078,390.79460569391438,0.68364579628493516,True,True,"",0,Arm
53.019999999998021,"VIPER-02","BANDIT-01",Locked,40841.406309634483,398.07880298165429,0.75965494741971273,True,True,"AIM-120C",0,Arm
53.019999999998021,"BANDIT-01","VIPER-02",Locked,40841.406309634483,398.07880298165429,0.75965494741971273,True,True,"",0,Arm
53.019999999998021,"BANDIT-02","VIPER-02",Locked,43126.041250531613,495.506186947462,0.74061632291223667,True,True,"",0,Arm
53.119999999998,"VIPER-01","BANDIT-01",Locked,49923.539500971681,388.70467491278015,0.68397050415856941,True,True,"",0,Arm
53.119999999998,"VIPER-02","BANDIT-01",Locked,40801.71557606729,395.93937221245551,0.75998570353277262,True,True,"AIM-120C",0,Arm
53.119999999998,"BANDIT-01","VIPER-02",Locked,40801.71557606729,395.93937221245551,0.75998570353277262,True,True,"",0,Arm
53.119999999998,"BANDIT-02","VIPER-02",Locked,43076.48419845954,495.62158771265388,0.7410292983461706,True,True,"",0,Arm
53.219999999997981,"VIPER-01","BANDIT-01",Locked,49884.785332861225,386.57040329340344,0.68429345555949,True,True,"",0,Arm
53.219999999997981,"VIPER-02","BANDIT-01",Locked,40762.240532823147,393.75637362126491,0.76031466222647381,True,True,"AIM-120C",0,Arm
53.219999999997981,"BANDIT-01","VIPER-02",Locked,40762.240532823147,393.75637362126491,0.76031466222647381,True,True,"",0,Arm
53.219999999997981,"BANDIT-02","VIPER-02",Locked,43026.915635139245,495.73646435218694,0.741442369707173,True,True,"",0,Arm
53.319999999997961,"VIPER-01","BANDIT-01",Locked,49846.243497195079,384.44415672969683,0.68461463752337437,True,True,"",0,Arm
53.319999999997961,"VIPER-02","BANDIT-01",Locked,40722.982692554571,391.58152777086161,0.76064181089537874,True,True,"AIM-120C",0,Arm
53.319999999997961,"BANDIT-01","VIPER-02",Locked,40722.982692554571,391.58152777086161,0.76064181089537874,True,True,"",0,Arm
53.319999999997961,"BANDIT-02","VIPER-02",Locked,42977.335614003365,495.85080388731069,0.741855536549972,True,True,"",0,Arm
53.419999999997941,"VIPER-01","BANDIT-01",Locked,49807.916296841286,382.29988096489279,0.6849340308596561,True,True,"",0,Arm
53.419999999997941,"VIPER-02","BANDIT-01",Locked,40683.944303031807,389.38916797996148,0.76096713080806833,True,True,"AIM-120C",0,Arm
53.419999999997941,"BANDIT-01","VIPER-02",Locked,40683.944303031807,389.38916797996148,0.76096713080806833,True,True,"",0,Arm
53.419999999997941,"BANDIT-02","VIPER-02",Locked,42927.7441890093,495.9645944405122,0.74226879842492255,True,True,"",0,Arm
53.519999999997921,"VIPER-01","BANDIT-01",Locked,49769.805238386754,380.13782956951923,0.68525162301344378,True,True,"",0,Arm
53.519999999997921,"VIPER-02","BANDIT-01",Locked,40645.126827306725,387.17949195617774,0.76129060977244412,True,True,"AIM-120C",0,Arm
53.519999999997921,"BANDIT-01","VIPER-02",Locked,40645.126827306725,387.17949195617774,0.76129060977244412,True,True,"",0,Arm
53.519999999997921,"BANDIT-02","VIPER-02",Locked,42878.141413962789,496.07784834252203,0.74268215488364353,True,True,"",0,Arm
53.6199999999979,"VIPER-01","BANDIT-01",Locked,49731.911817327476,377.93393369963991,0.68556740152227114,True,True,"",0,Arm
53.6199999999979,"VIPER-02","BANDIT-01",Locked,40606.531721507534,384.9286991374351,0.761612235654104,True,True,"AIM-120C",0,Arm
53.6199999999979,"BANDIT-01","VIPER-02",Locked,40606.531721507534,384.9286991374351,0.761612235654104,True,True,"",0,Arm
53.6199999999979,"BANDIT-02","VIPER-02",Locked,42828.527341796071,496.1905895901362,0.74309560548503284,True,True,"",0,Arm
53.719999999997881,"VIPER-01","BANDIT-01",Locked,49694.237758174932,375.73746895127721,0.685881352015209,True,True,"",0,Arm
53.719999999997881,"VIPER-02","BANDIT-01",Locked,40568.160668504417,382.685423721047,0.76193199442913,True,True,"AIM-120C",0,Arm
53.719999999997881,"BANDIT-01","VIPER-02",Locked,40568.160668504417,382.685423721047,0.76193199442913,True,True,"",0,Arm
53.719999999997881,"BANDIT-02","VIPER-02",Locked,42778.902025203271,496.30279432591362,0.74350914978997285,True,True,"",0,Arm
53.819999999997862,"VIPER-01","BANDIT-01",Locked,49656.784759284696,373.52399128819769,0.68619346033929429,True,True,"",0,Arm
53.819999999997862,"VIPER-02","BANDIT-01",Locked,40530.015325313572,380.42553512397666,0.76224987228905361,True,True,"AIM-120C",0,Arm
53.819999999997862,"BANDIT-01","VIPER-02",Locked,40530.015325313572,380.42553512397666,0.76224987228905361,True,True,"",0,Arm
53.819999999997862,"BANDIT-02","VIPER-02",Locked,42729.265516917389,496.41447375950105,0.74392278735902184,True,True,"",0,Arm
53.919999999997842,"VIPER-01","BANDIT-01",Locked,49619.554726292663,371.29372170472368,0.68650371061422788,True,True,"",0,Arm
53.919999999997842,"VIPER-02","BANDIT-01",Locked,40492.097552037296,378.14930269748982,0.76256585373302266,True,True,"AIM-120C",0,Arm
53.919999999997842,"BANDIT-01","VIPER-02",Locked,40492.097552037296,378.14930269748982,0.76256585373302266,True,True,"",0,Arm
53.919999999997842,"BANDIT-02","VIPER-02",Locked,42679.617869873626,496.52561518623821,0.74433651775105325,True,True,"",0,Arm
54.019999999997822,"VIPER-01","BANDIT-01",Locked,49582.548840670352,369.04693607561211,0.68681209299441381,True,True,"",0,Arm
54.019999999997822,"VIPER-02","BANDIT-01",Locked,40454.408498090852,375.85689841443644,0.7628799291825763,True,True,"AIM-120C",0,Arm
54.019999999997822,"BANDIT-01","VIPER-02",Locked,40454.408498090852,375.85689841443644,0.7628799291825763,True,True,"",0,Arm
54.019999999997822,"BANDIT-02","VIPER-02",Locked,42629.959136734629,496.63624142688468,0.74475034052721156,True,True,"",0,Arm
54.1199999999978,"VIPER-01","BANDIT-01",Locked,49545.768957958673,366.761527942711,0.68711859201701109,True,True,"",0,Arm
54.1199999999978,"VIPER-02","BANDIT-01",Locked,40416.949978939279,373.52662115726218,0.76319208350883949,True,True,"AIM-120C",0,Arm
54.1199999999978,"BANDIT-01","VIPER-02",Locked,40416.949978939279,373.52662115726218,0.76319208350883949,True,True,"",0,Arm
54.1199999999978,"BANDIT-02","VIPER-02",Locked,42580.289369416729,496.74635174677712,0.74516425525486074,True,True,"",0,Arm
54.219999999997782,"VIPER-01","BANDIT-01",Locked,49509.216454844507,364.482845566334,0.68742319620962922,True,True,"",0,Arm
54.219999999997782,"VIPER-02","BANDIT-01",Locked,40379.723337712057,371.2030644887671,0.76350230551906628,True,True,"AIM-120C",0,Arm
54.219999999997782,"BANDIT-01","VIPER-02",Locked,40379.723337712057,371.2030644887671,0.76350230551906628,True,True,"",0,Arm
54.219999999997782,"BANDIT-02","VIPER-02",Locked,42530.608620248124,496.85593385902831,0.74557826149793238,True,True,"",0,Arm
54.319999999997762,"VIPER-01","BANDIT-01",Locked,49472.892911185387,362.18842399106052,0.68772589240678861,True,True,"",0,Arm
54.319999999997762,"VIPER-02","BANDIT-01",Locked,40342.730118307292,368.86411201701236,0.76381058234743926,True,True,"AIM-120C",0,Arm
54.319999999997762,"BANDIT-01","VIPER-02",Locked,40342.730118307292,368.86411201701236,0.76381058234743926,True,True,"",0,Arm
54.319999999997762,"BANDIT-02","VIPER-02",Locked,42480.916941240539,496.96499926556578,0.74599235882299553,True,True,"",0,Arm
54.419999999997742,"VIPER-01","BANDIT-01",Locked,49436.8000945381,359.87847120384475,0.6880266658788492,True,True,"",0,Arm
54.419999999997742,"VIPER-02","BANDIT-01",Locked,40305.972047026036,366.51002321837188,0.76411689960811646,True,True,"AIM-120C",0,Arm
54.419999999997742,"BANDIT-01","VIPER-02",Locked,40305.972047026036,366.51002321837188,0.76411689960811646,True,True,"",0,Arm
54.419999999997742,"BANDIT-02","VIPER-02",Locked,42431.214384672,497.07353582925811,0.74640654679440011,True,True,"",0,Arm
54.519999999997722,"VIPER-01","BANDIT-01",Locked,49400.93931667674,357.55326436165393,0.68832550569436057,True,True,"",0,Arm
54.519999999997722,"VIPER-02","BANDIT-01",Locked,40269.450403187562,364.14102516609711,0.76442124664010369,True,True,"AIM-120C",0,Arm
54.519999999997722,"BANDIT-01","VIPER-02",Locked,40269.450403187562,364.14102516609711,0.76442124664010369,True,True,"",0,Arm
54.519999999997722,"BANDIT-02","VIPER-02",Locked,42381.501002738172,497.1815549954116,0.74682082497718194,True,True,"",0,Arm
54.6199999999977,"VIPER-01","BANDIT-01",Locked,49365.312084123361,355.21304374759728,0.68862239929897207,True,True,"",0,Arm
54.6199999999977,"VIPER-02","BANDIT-01",Locked,40233.16665713174,361.75735952960264,0.76472361119056886,True,True,"AIM-120C",0,Arm
54.6199999999977,"BANDIT-01","VIPER-02",Locked,40233.16665713174,361.75735952960264,0.76472361119056886,True,True,"",0,Arm
54.6199999999977,"BANDIT-02","VIPER-02",Locked,42331.776847559333,497.2890562625858,0.74723519293700558,True,True,"",0,Arm
54.719999999997682,"VIPER-01","BANDIT-01",Locked,49329.919870316204,352.85808333352219,0.6889173344140318,True,True,"",0,Arm
54.719999999997682,"VIPER-02","BANDIT-01",Locked,40197.122250919805,359.35930323347276,0.76502398124233506,True,True,"AIM-120C",0,Arm
54.719999999997682,"BANDIT-01","VIPER-02",Locked,40197.122250919805,359.35930323347276,0.76502398124233506,True,True,"",0,Arm
54.719999999997682,"BANDIT-02","VIPER-02",Locked,42282.04197013496,497.39603894968218,0.74764965024887542,True,True,"",0,Arm
54.819999999997663,"VIPER-01","BANDIT-01",Locked,49294.76393015276,350.48869174630551,0.68921030058206045,True,True,"",0,Arm
54.819999999997663,"VIPER-02","BANDIT-01",Locked,40161.318409315783,356.94711620781362,0.76532234658903531,True,True,"AIM-120C",0,Arm
54.819999999997663,"BANDIT-01","VIPER-02",Locked,40161.318409315783,356.94711620781362,0.76532234658903531,True,True,"",0,Arm
54.819999999997663,"BANDIT-02","VIPER-02",Locked,42232.296422235559,497.50251430821055,0.74806419648137046,True,True,"",0,Arm
54.919999999997643,"VIPER-01","BANDIT-01",Locked,49259.845884963222,348.10511013949019,0.68950128429197322,True,True,"",0,Arm
54.919999999997643,"VIPER-02","BANDIT-01",Locked,40125.756716823387,354.52109388740081,0.76561869402647187,True,True,"AIM-120C",0,Arm
54.919999999997643,"BANDIT-01","VIPER-02",Locked,40125.756716823387,354.52109388740081,0.76561869402647187,True,True,"",0,Arm
54.919999999997643,"BANDIT-02","VIPER-02",Locked,42182.540255102191,497.60846991917413,0.74847883120748182,True,True,"",0,Arm
55.019999999997623,"VIPER-01","BANDIT-01",Locked,49225.16694189897,345.70762380750915,0.68979027548417537,True,True,"",0,Arm
55.019999999997623,"VIPER-02","BANDIT-01",Locked,40090.438351498538,352.08147402092072,0.7659130137375123,True,True,"AIM-120C",0,Arm
55.019999999997623,"BANDIT-01","VIPER-02",Locked,40090.438351498538,352.08147402092072,0.7659130137375123,True,True,"",0,Arm
55.019999999997623,"BANDIT-02","VIPER-02",Locked,42132.773520263007,497.71391712202643,0.74889355399780833,True,True,"",0,Arm
55.1199999999976,"VIPER-01","BANDIT-01",Locked,49190.7284776734,343.29648730994865,0.69007726268605507,True,True,"",0,Arm
55.1199999999976,"VIPER-02","BANDIT-01",Locked,40055.364659094681,349.62851581814311,0.76620529450754438,True,True,"AIM-120C",0,Arm
55.1199999999976,"BANDIT-01","VIPER-02",Locked,40055.364659094681,349.62851581814311,0.76620529450754438,True,True,"",0,Arm
55.1199999999976,"BANDIT-02","VIPER-02",Locked,42082.996268586045,497.81885538735474,0.74930836442844972,True,True,"",0,Arm
55.219999999997583,"VIPER-01","BANDIT-01",Locked,49156.531842392207,340.871973890211,0.69036223464673174,True,True,"",0,Arm
55.219999999997583,"VIPER-02","BANDIT-01",Locked,40020.536958284771,347.16249738363456,0.766495525347627,True,True,"AIM-120C",0,Arm
55.219999999997583,"BANDIT-01","VIPER-02",Locked,40020.536958284771,347.16249738363456,0.766495525347627,True,True,"",0,Arm
55.219999999997583,"BANDIT-02","VIPER-02",Locked,42033.208550993942,497.92328420198129,0.74972326207505058,True,True,"",0,Arm
55.319999999997563,"VIPER-01","BANDIT-01",Locked,49122.578181605713,338.43439820454824,0.69064518181995249,True,True,"",0,Arm
55.319999999997563,"VIPER-02","BANDIT-01",Locked,39985.956369543186,344.68368809612366,0.76678369692047355,True,True,"AIM-120C",0,Arm
55.319999999997563,"BANDIT-01","VIPER-02",Locked,39985.956369543186,344.68368809612366,0.76678369692047355,True,True,"",0,Arm
55.319999999997563,"BANDIT-02","VIPER-02",Locked,41983.410417989457,498.02721482576493,0.75013824651675454,True,True,"",0,Arm
55.419999999997543,"VIPER-01","BANDIT-01",Locked,49088.868966953123,335.98401253036059,0.69092609194205745,True,True,"",0,Arm
55.419999999997543,"VIPER-02","BANDIT-01",Locked,39951.624330228406,342.19239732484641,0.76706979724809665,True,True,"AIM-120C",0,Arm
55.419999999997543,"BANDIT-01","VIPER-02",Locked,39951.624330228406,342.19239732484641,0.76706979724809665,True,True,"",0,Arm
55.419999999997543,"BANDIT-02","VIPER-02",Locked,41933.60191989864,498.13063482895933,0.75055331733417807,True,True,"",0,Arm
55.519999999997523,"VIPER-01","BANDIT-01",Locked,49055.405298480859,333.52111569365223,0.691204955845993,True,True,"",0,Arm
55.519999999997523,"VIPER-02","BANDIT-01",Locked,39917.541912749854,339.68887869937117,0.7673538173937513,True,True,"AIM-120C",0,Arm
55.519999999997523,"BANDIT-01","VIPER-02",Locked,39917.541912749854,339.68887869937117,0.7673538173937513,True,True,"",0,Arm
55.519999999997523,"BANDIT-02","VIPER-02",Locked,41883.783107693962,498.233555505051,0.75096847410255041,True,True,"",0,Arm
55.6199999999975,"VIPER-01","BANDIT-01",Locked,49022.188582963405,331.04594100812352,0.69148176180863841,True,True,"",0,Arm
55.6199999999975,"VIPER-02","BANDIT-01",Locked,39883.7104897418,337.17342361034292,0.76763574591881834,True,True,"AIM-120C",0,Arm
55.6199999999975,"BANDIT-01","VIPER-02",Locked,39883.7104897418,337.17342361034292,0.76763574591881834,True,True,"",0,Arm
55.6199999999975,"BANDIT-02","VIPER-02",Locked,41833.9540314619,498.33596440184584,0.75138371640448431,True,True,"",0,Arm
55.719999999997484,"VIPER-01","BANDIT-01",Locked,48989.2197102793,328.55883287542554,0.69175650241433928,True,True,"",0,Arm
55.719999999997484,"VIPER-02","BANDIT-01",Locked,39850.130933356224,334.64628257387994,0.76791557555536483,True,True,"AIM-120C",0,Arm
55.719999999997484,"BANDIT-01","VIPER-02",Locked,39850.130933356224,334.64628257387994,0.76791557555536483,True,True,"",0,Arm
55.719999999997484,"BANDIT-02","VIPER-02",Locked,41784.114740876423,498.43788451421517,0.75179904382602991,True,True,"",0,Arm
55.819999999997464,"VIPER-01","BANDIT-01",Locked,48956.500035897428,326.06005520454852,0.69202916636752154,True,True,"",0,Arm
55.819999999997464,"VIPER-02","BANDIT-01",Locked,39816.804563449623,332.10777789400339,0.76819329530458658,True,True,"AIM-120C",0,Arm
55.819999999997464,"BANDIT-01","VIPER-02",Locked,39816.804563449623,332.10777789400339,0.76819329530458658,True,True,"",0,Arm
55.819999999997464,"BANDIT-02","VIPER-02",Locked,41734.26528614929,498.53930344048331,0.752214455948756,True,True,"",0,Arm
55.919999999997444,"VIPER-01","BANDIT-01",Locked,48924.030714401568,323.54988897955991,0.69229974404665362,True,True,"",0,Arm
55.919999999997444,"VIPER-02","BANDIT-01",Locked,39783.732507197259,329.5581994746027,0.76846889577335631,True,True,"AIM-120C",0,Arm
55.919999999997444,"BANDIT-01","VIPER-02",Locked,39783.732507197259,329.5581994746027,0.76846889577335631,True,True,"",0,Arm
55.919999999997444,"BANDIT-02","VIPER-02",Locked,41684.405716608344,498.64022052937008,0.75262995236159724,True,True,"",0,Arm
56.019999999997424,"VIPER-01","BANDIT-01",Locked,48891.812590976624,321.04300149078648,0.69256822840852816,True,True,"",0,Arm
56.019999999997424,"VIPER-02","BANDIT-01",Locked,39750.915588728181,327.01163702094686,0.768742370093932,True,True,"AIM-120C",0,Arm
56.019999999997424,"BANDIT-01","VIPER-02",Locked,39750.915588728181,327.01163702094686,0.768742370093932,True,True,"",0,Arm
56.019999999997424,"BANDIT-02","VIPER-02",Locked,41634.536082466126,498.74064705519351,0.75304553264611573,True,True,"",0,Arm
56.119999999997404,"VIPER-01","BANDIT-01",Locked,48859.847205617742,318.51048615911236,0.6928346066198523,True,True,"",0,Arm
56.119999999997404,"VIPER-02","BANDIT-01",Locked,39718.355305023128,324.44030765080504,0.7690137057914741,True,True,"AIM-120C",0,Arm
56.119999999997404,"BANDIT-01","VIPER-02",Locked,39718.355305023128,324.44030765080504,0.7690137057914741,True,True,"",0,Arm
56.119999999997404,"BANDIT-02","VIPER-02",Locked,41584.656432700809,498.84057051706992,0.75346119639416,True,True,"",0,Arm
56.219999999997384,"VIPER-01","BANDIT-01",Locked,48828.135216304239,315.96748073360766,0.69309887319746477,True,True,"",0,Arm
56.219999999997384,"VIPER-02","BANDIT-01",Locked,39686.052297720307,321.858728284896,0.76928289751899759,True,True,"AIM-120C",0,Arm
56.219999999997384,"BANDIT-01","VIPER-02",Locked,39686.052297720307,321.858728284896,0.76928289751899759,True,True,"",0,Arm
56.219999999997384,"BANDIT-02","VIPER-02",Locked,41534.766817408527,498.94001399705525,0.75387694318826237,True,True,"",0,Arm
56.319999999997364,"VIPER-01","BANDIT-01",Locked,48796.677946207325,313.41421205383762,0.693361017114939,True,True,"",0,Arm
56.319999999997364,"VIPER-02","BANDIT-01",Locked,39654.007852681272,319.26723848939764,0.76954993456098952,True,True,"AIM-120C",0,Arm
56.319999999997364,"BANDIT-01","VIPER-02",Locked,39654.007852681272,319.26723848939764,0.76954993456098952,True,True,"",0,Arm
56.319999999997364,"BANDIT-02","VIPER-02",Locked,41484.867285104767,499.03895312832748,0.75429277262412708,True,True,"",0,Arm
56.419999999997344,"VIPER-01","BANDIT-01",Locked,48765.476290004692,310.85100091570894,0.69362103091662763,True,True,"",0,Arm
56.419999999997344,"VIPER-02","BANDIT-01",Locked,39622.222834118504,316.66611697695328,0.76981480971567917,True,True,"AIM-120C",0,Arm
56.419999999997344,"BANDIT-01","VIPER-02",Locked,39622.222834118504,316.66611697695328,0.76981480971567917,True,True,"",0,Arm
56.419999999997344,"BANDIT-02","VIPER-02",Locked,41434.957886367265,499.1373992345338,0.75470868428027282,True,True,"",0,Arm
56.519999999997324,"VIPER-01","BANDIT-01",Locked,48734.530992913678,308.29031160391145,0.69387890839238608,True,True,"",0,Arm
56.519999999997324,"VIPER-02","BANDIT-01",Locked,39590.69797270964,314.0672199661546,0.77007751689408643,True,True,"AIM-120C",0,Arm
56.519999999997324,"BANDIT-01","VIPER-02",Locked,39590.69797270964,314.0672199661546,0.77007751689408643,True,True,"",0,Arm
56.519999999997324,"BANDIT-02","VIPER-02",Locked,41385.038669239861,499.23536336901333,0.75512467775633452,True,True,"",0,Arm
56.619999999997304,"VIPER-01","BANDIT-01",Locked,48703.843271686717,305.70772549133454,0.69413463940261078,True,True,"",0,Arm
56.619999999997304,"VIPER-02","BANDIT-01",Locked,39559.4344479422,311.44727326684313,0.77033804626714841,True,True,"AIM-120C",0,Arm
56.619999999997304,"BANDIT-01","VIPER-02",Locked,39559.4344479422,311.44727326684313,0.77033804626714841,True,True,"",0,Arm
56.619999999997304,"BANDIT-02","VIPER-02",Locked,41335.109681608927,499.33284476111487,0.755540752653259,True,True,"",0,Arm
56.719999999997285,"VIPER-01","BANDIT-01",Locked,48673.414182276327,303.11605017362581,0.69438821514769744,True,True,"",0,Arm
56.719999999997285,"VIPER-02","BANDIT-01",Locked,39528.433271164227,308.8186328774259,0.77059638940696484,True,True,"AIM-120C",0,Arm
56.719999999997285,"BANDIT-01","VIPER-02",Locked,39528.433271164227,308.8186328774259,0.77059638940696484,True,True,"",0,Arm
56.719999999997285,"BANDIT-02","VIPER-02",Locked,41285.170974138869,499.42981932551942,0.7559569085488429,True,True,"",0,Arm
56.819999999997265,"VIPER-01","BANDIT-01",Locked,48643.244401163574,300.51560962030652,0.69463962999030371,True,True,"",0,Arm
56.819999999997265,"VIPER-02","BANDIT-01",Locked,39497.695097666277,306.1815329707257,0.7708525408527811,True,True,"AIM-120C",0,Arm
56.819999999997265,"BANDIT-01","VIPER-02",Locked,39497.695097666277,306.1815329707257,0.7708525408527811,True,True,"",0,Arm
56.819999999997265,"BANDIT-02","VIPER-02",Locked,41235.222595889834,499.52631006757781,0.75637314503425146,True,True,"",0,Arm
56.919999999997245,"VIPER-01","BANDIT-01",Locked,48613.334711597083,297.91704343944582,0.6948888774033577,True,True,"",0,Arm
56.919999999997245,"VIPER-02","BANDIT-01",Locked,39467.220687295841,303.54602946399496,0.77110649427253475,True,True,"AIM-120C",0,Arm
56.919999999997245,"BANDIT-01","VIPER-02",Locked,39467.220687295841,303.54602946399496,0.77110649427253475,True,True,"",0,Arm
56.919999999997245,"BANDIT-02","VIPER-02",Locked,41185.264594929504,499.62231625070768,0.75678946170892081,True,True,"",0,Arm
57.019999999997225,"VIPER-01","BANDIT-01",Locked,48583.686080673615,295.29954158399545,0.69513594932771994,True,True,"",0,Arm
57.019999999997225,"VIPER-02","BANDIT-01",Locked,39437.010971147647,300.89246181074896,0.771358241907103,True,True,"AIM-120C",0,Arm
57.019999999997225,"BANDIT-01","VIPER-02",Locked,39437.010971147647,300.89246181074896,0.771358241907103,True,True,"",0,Arm
57.019999999997225,"BANDIT-02","VIPER-02",Locked,41135.2970192831,499.71784895063075,0.75720585817264086,True,True,"",0,Arm
57.119999999997205,"VIPER-01","BANDIT-01",Locked,48554.299329760383,292.67422569230229,0.69538083891866354,True,True,"",0,Arm
57.119999999997205,"VIPER-02","BANDIT-01",Locked,39407.06673860937,298.23142519863285,0.77160777717825535,True,True,"AIM-120C",0,Arm
57.119999999997205,"BANDIT-01","VIPER-02",Locked,39407.06673860937,298.23142519863285,0.77160777717825535,True,True,"",0,Arm
57.119999999997205,"BANDIT-02","VIPER-02",Locked,41085.319917163259,499.81289565442142,0.75762233402363965,True,True,"",0,Arm
57.219999999997185,"VIPER-01","BANDIT-01",Locked,48525.175158884536,290.050400486611,0.695623540342629,True,True,"",0,Arm
57.219999999997185,"VIPER-02","BANDIT-01",Locked,39377.388662572979,295.57162031080804,0.7718550944785586,True,True,"AIM-120C",0,Arm
57.219999999997185,"BANDIT-01","VIPER-02",Locked,39377.388662572979,295.57162031080804,0.7718550944785586,True,True,"",0,Arm
57.219999999997185,"BANDIT-02","VIPER-02",Locked,41035.3333368542,499.9074556813818,0.7580388888595484,True,True,"",0,Arm
57.319999999997165,"VIPER-01","BANDIT-01",Locked,48496.314428769372,287.40988379913421,0.695864046426922,True,True,"",0,Arm
57.319999999997165,"VIPER-02","BANDIT-01",Locked,39347.977563564236,292.89605623242466,0.77210018697029814,True,True,"AIM-120C",0,Arm
57.319999999997165,"BANDIT-01","VIPER-02",Locked,39347.977563564236,292.89605623242466,0.77210018697029814,True,True,"",0,Arm
57.319999999997165,"BANDIT-02","VIPER-02",Locked,40985.337326588393,500.0015401546151,0.75845552227843016,True,True,"",0,Arm
57.419999999997145,"VIPER-01","BANDIT-01",Locked,48467.717793672891,284.77050547151958,0.69610235171939272,True,True,"",0,Arm
57.419999999997145,"VIPER-02","BANDIT-01",Locked,39318.834066103169,290.22138546092106,0.77234304944914034,True,True,"AIM-120C",0,Arm
57.419999999997145,"BANDIT-01","VIPER-02",Locked,39318.834066103169,290.22138546092106,0.77234304944914034,True,True,"",0,Arm
57.419999999997145,"BANDIT-02","VIPER-02",Locked,40935.331934784539,500.09513660170376,0.75887223387679559,True,True,"",0,Arm
57.519999999997125,"VIPER-01","BANDIT-01",Locked,48439.385801608594,282.11604369331883,0.6963384516532618,True,True,"",0,Arm
57.519999999997125,"VIPER-02","BANDIT-01",Locked,39289.958704602846,287.53245564442494,0.772583677461643,True,True,"AIM-120C",0,Arm
57.519999999997125,"BANDIT-01","VIPER-02",Locked,39289.958704602846,287.53245564442494,0.772583677461643,True,True,"",0,Arm
57.519999999997125,"BANDIT-02","VIPER-02",Locked,40885.317207340609,500.18829131441856,0.75928902327216163,True,True,"",0,Arm
57.619999999997106,"VIPER-01","BANDIT-01",Locked,48411.319371067948,279.45528242002405,0.69657233857443379,True,True,"",0,Arm
57.619999999997106,"VIPER-02","BANDIT-01",Locked,39261.352345637351,284.83764416631914,0.77282206378635543,True,True,"AIM-120C",0,Arm
57.619999999997106,"BANDIT-01","VIPER-02",Locked,39261.352345637351,284.83764416631914,0.77282206378635543,True,True,"",0,Arm
57.619999999997106,"BANDIT-02","VIPER-02",Locked,40835.293191430021,500.28095628030729,0.75970589007141665,True,True,"",0,Arm
57.719999999997086,"VIPER-01","BANDIT-01",Locked,48383.519072763935,276.79526447153023,0.69680400772696727,True,True,"",0,Arm
57.719999999997086,"VIPER-02","BANDIT-01",Locked,39233.015525820083,282.14335657191634,0.77305820395149938,True,True,"AIM-120C",0,Arm
57.719999999997086,"BANDIT-01","VIPER-02",Locked,39233.015525820083,282.14335657191634,0.77305820395149938,True,True,"",0,Arm
57.719999999997086,"BANDIT-02","VIPER-02",Locked,40785.259935705952,500.37313089392677,0.76012283386911716,True,True,"",0,Arm
57.819999999997066,"VIPER-01","BANDIT-01",Locked,48355.9854632136,274.12238564219285,0.69703345447322018,True,True,"",0,Arm
57.819999999997066,"VIPER-02","BANDIT-01",Locked,39204.9487703942,279.43714760516059,0.77329209358004847,True,True,"AIM-120C",0,Arm
57.819999999997066,"BANDIT-01","VIPER-02",Locked,39204.9487703942,279.43714760516059,0.77329209358004847,True,True,"",0,Arm
57.819999999997066,"BANDIT-02","VIPER-02",Locked,40735.217487942733,500.46484985520135,0.760539854267144,True,True,"",0,Arm
57.919999999997046,"VIPER-01","BANDIT-01",Locked,48328.719135511259,271.44991453184639,0.69726067387073964,True,True,"",0,Arm
57.919999999997046,"VIPER-02","BANDIT-01",Locked,39177.152641096887,276.73109595762674,0.77352372799085933,True,True,"AIM-120C",0,Arm
57.919999999997046,"BANDIT-01","VIPER-02",Locked,39177.152641096887,276.73109595762674,0.77352372799085933,True,True,"",0,Arm
57.919999999997046,"BANDIT-02","VIPER-02",Locked,40685.16589411156,500.55608865118785,0.76095695088240367,True,True,"",0,Arm
58.019999999997026,"VIPER-01","BANDIT-01",Locked,48301.72072144397,268.76607151037473,0.69748566065463369,True,True,"",0,Arm
58.019999999997026,"VIPER-02","BANDIT-01",Locked,39149.627720573444,274.01470804877079,0.77375310232855465,True,True,"AIM-120C",0,Arm
58.019999999997026,"BANDIT-01","VIPER-02",Locked,39149.627720573444,274.01470804877079,0.77375310232855465,True,True,"",0,Arm
58.019999999997026,"BANDIT-02","VIPER-02",Locked,40635.105202500112,500.64685843007675,0.7613741233124991,True,True,"",0,Arm
58.119999999997006,"VIPER-01","BANDIT-01",Locked,48274.990637809227,266.082409207364,0.6977084113515899,True,True,"",0,Arm
58.119999999997006,"VIPER-02","BANDIT-01",Locked,39122.374404433074,271.29821867483332,0.77398021329639111,True,True,"AIM-120C",0,Arm
58.119999999997006,"BANDIT-01","VIPER-02",Locked,39122.374404433074,271.29821867483332,0.77398021329639111,True,True,"",0,Arm
58.119999999997006,"BANDIT-02","VIPER-02",Locked,40585.035459230712,500.73715831410908,0.76179137117307749,True,True,"",0,Arm
58.219999999996986,"VIPER-01","BANDIT-01",Locked,48248.529448464506,263.388965239005,0.69792892126279593,True,True,"",0,Arm
58.219999999996986,"VIPER-02","BANDIT-01",Locked,39095.393209173031,268.57297922965768,0.77420505659022476,True,True,"AIM-120C",0,Arm
58.219999999996986,"BANDIT-01","VIPER-02",Locked,39095.393209173031,268.57297922965768,0.77420505659022476,True,True,"",0,Arm
58.219999999996986,"BANDIT-02","VIPER-02",Locked,40534.9567115695,500.8269993516405,0.76220869407025416,True,True,"",0,Arm
58.319999999996966,"VIPER-01","BANDIT-01",Locked,48222.337619316837,260.69537208423827,0.69814718650569318,True,True,"",0,Arm
58.319999999996966,"VIPER-02","BANDIT-01",Locked,39068.684562779104,265.84737975972308,0.77442762864350756,True,True,"AIM-120C",0,Arm
58.319999999996966,"BANDIT-01","VIPER-02",Locked,39068.684562779104,265.84737975972308,0.77442762864350756,True,True,"",0,Arm
58.319999999996966,"BANDIT-02","VIPER-02",Locked,40484.869005805631,500.91635710087809,0.76262609161828654,True,True,"",0,Arm
58.419999999996946,"VIPER-01","BANDIT-01",Locked,48196.415556357904,257.99355240573476,0.69836320369701754,True,True,"",0,Arm
58.419999999996946,"VIPER-02","BANDIT-01",Locked,39042.24883561211,263.11458184557637,0.7746479263698991,True,True,"AIM-120C",0,Arm
58.419999999996946,"BANDIT-01","VIPER-02",Locked,39042.24883561211,263.11458184557637,0.7746479263698991,True,True,"",0,Arm
58.419999999996946,"BANDIT-02","VIPER-02",Locked,40434.772389008394,501.0052661891196,0.76304356342493018,True,True,"",0,Arm
58.519999999996926,"VIPER-01","BANDIT-01",Locked,48170.763681377641,255.29129226765576,0.69857696932185309,True,True,"",0,Arm
58.519999999996926,"VIPER-02","BANDIT-01",Locked,39016.086407797666,260.38110363331265,0.77486594660168628,True,True,"AIM-120C",0,Arm
58.519999999996926,"BANDIT-01","VIPER-02",Locked,39016.086407797666,260.38110363331265,0.77486594660168628,True,True,"",0,Arm
58.519999999996926,"BANDIT-02","VIPER-02",Locked,40384.666907742328,501.09370221053183,0.76346110910214737,True,True,"",0,Arm
58.619999999996907,"VIPER-01","BANDIT-01",Locked,48145.382380464813,252.58493760349901,0.69878848016279327,True,True,"",0,Arm
58.619999999996907,"VIPER-02","BANDIT-01",Locked,38990.19762499119,257.64394876812781,0.77508168645840692,True,True,"AIM-120C",0,Arm
58.619999999996907,"BANDIT-01","VIPER-02",Locked,38990.19762499119,257.64394876812781,0.77508168645840692,True,True,"",0,Arm
58.619999999996907,"BANDIT-02","VIPER-02",Locked,40334.552607946251,501.18167607938057,0.76387872826711467,True,True,"",0,Arm
58.719999999996887,"VIPER-01","BANDIT-01",Locked,48120.272029461252,249.87261325985523,0.698997733087823,True,True,"",0,Arm
58.719999999996887,"VIPER-02","BANDIT-01",Locked,38964.582813620575,254.90197585465722,0.77529514321982862,True,True,"AIM-120C",0,Arm
58.719999999996887,"BANDIT-01","VIPER-02",Locked,38964.582813620575,254.90197585465722,0.77529514321982862,True,True,"",0,Arm
58.719999999996887,"BANDIT-02","VIPER-02",Locked,40284.42953564765,501.26918693207585,0.76429642053626967,True,True,"",0,Arm
58.819999999996867,"VIPER-01","BANDIT-01",Locked,48095.432907446673,247.15947389940055,0.69920472577127779,True,True,"",0,Arm
58.819999999996867,"VIPER-02","BANDIT-01",Locked,38939.242219997504,252.15893217796082,0.77550631483335419,True,True,"AIM-120C",0,Arm
58.819999999996867,"BANDIT-01","VIPER-02",Locked,38939.242219997504,252.15893217796082,0.77550631483335419,True,True,"",0,Arm
58.819999999996867,"BANDIT-02","VIPER-02",Locked,40234.2977376609,501.35623399176865,0.76471418551949255,True,True,"",0,Arm
58.919999999996847,"VIPER-01","BANDIT-01",Locked,48070.865331807363,244.44192625544008,0.699409455568272,True,True,"",0,Arm
58.919999999996847,"VIPER-02","BANDIT-01",Locked,38914.176109593885,249.41262934222908,0.77571519908671771,True,True,"AIM-120C",0,Arm
58.919999999996847,"BANDIT-01","VIPER-02",Locked,38914.176109593885,249.41262934222908,0.77571519908671771,True,True,"",0,Arm
58.919999999996847,"BANDIT-02","VIPER-02",Locked,40184.157259942367,501.44282818128221,0.76513202283381365,True,True,"",0,Arm
59.019999999996827,"VIPER-01","BANDIT-01",Locked,48046.569556256916,241.72323126727716,0.6996119203645258,True,True,"",0,Arm
59.019999999996827,"VIPER-02","BANDIT-01",Locked,38889.384696276225,246.66494838926602,0.77592179419769813,True,True,"AIM-120C",1,Arm
59.019999999996827,"BANDIT-01","VIPER-02",Locked,38889.384696276225,246.66494838926602,0.77592179419769813,True,True,"",0,Arm
59.019999999996827,"BANDIT-02","VIPER-02",Locked,40134.008148650493,501.52895686718597,0.76554993209457933,True,True,"",0,Arm
59.119999999996807,"VIPER-01","BANDIT-01",Locked,48022.545816034544,239.00203706362174,0.69981211819971223,True,True,"",0,Arm
59.119999999996807,"VIPER-02","BANDIT-01",Locked,38864.868171390961,243.91522766172335,0.77612609857174208,True,True,"AIM-120C",1,Arm
59.119999999996807,"BANDIT-01","VIPER-02",Locked,38864.868171390961,243.91522766172335,0.77612609857174208,True,True,"",0,Arm
59.119999999996807,"BANDIT-02","VIPER-02",Locked,40083.850448855294,501.61463088098782,0.765967912926206,True,True,"",0,Arm
59.219999999996787,"VIPER-01","BANDIT-01",Locked,47998.794322190763,236.27865230888736,0.700010047315077,True,True,"",0,Arm
59.219999999996787,"VIPER-02","BANDIT-01",Locked,38840.626695721585,241.16379418705435,0.7763281108689869,True,True,"AIM-120C",1,Arm
59.219999999996787,"BANDIT-01","VIPER-02",Locked,38840.626695721585,241.16379418705435,0.7763281108689869,True,True,"",0,Arm
59.219999999996787,"BANDIT-02","VIPER-02",Locked,40033.684206779595,501.69984939027188,0.76638596494350342,True,True,"",0,Arm
59.319999999996767,"VIPER-01","BANDIT-01",Locked,47975.315244268284,233.554003172809,0.70020570629776446,True,True,"",0,Arm
59.319999999996767,"VIPER-02","BANDIT-01",Locked,38816.660392141974,238.41229449425373,0.77652783006548365,True,True,"AIM-120C",1,Arm
59.319999999996767,"BANDIT-01","VIPER-02",Locked,38816.660392141974,238.41229449425373,0.77652783006548365,True,True,"",0,Arm
59.319999999996767,"BANDIT-02","VIPER-02",Locked,39983.509467434167,501.78462322727592,0.766804087771382,True,True,"",0,Arm
59.419999999996747,"VIPER-01","BANDIT-01",Locked,47952.10872555813,230.82763001528568,0.70039909395368238,True,True,"",0,Arm
59.419999999996747,"VIPER-02","BANDIT-01",Locked,38792.9693528261,235.65889263003226,0.77672525539311588,True,True,"AIM-120C",1,Arm
59.419999999996747,"BANDIT-01","VIPER-02",Locked,38792.9693528261,235.65889263003226,0.77672525539311588,True,True,"",0,Arm
59.419999999996747,"BANDIT-02","VIPER-02",Locked,39933.326276514519,501.86892794066426,0.76722228102904577,True,True,"",0,Arm
59.519999999996728,"VIPER-01","BANDIT-01",Locked,47929.174882275554,228.09998557590487,0.70059020931437055,True,True,"",0,Arm
59.519999999996728,"VIPER-02","BANDIT-01",Locked,38769.553639526042,232.90475461404114,0.77692038633728311,True,True,"AIM-120C",1,Arm
59.519999999996728,"BANDIT-01","VIPER-02",Locked,38769.553639526042,232.90475461404114,0.77692038633728311,True,True,"",0,Arm
59.519999999996728,"BANDIT-02","VIPER-02",Locked,39883.134680153613,501.95277448138495,0.76764054433205331,True,True,"",0,Arm
59.619999999996708,"VIPER-01","BANDIT-01",Locked,47906.51381405034,225.37139471746192,0.70077905154958064,True,True,"",0,Arm
59.619999999996708,"VIPER-02","BANDIT-01",Locked,38746.413307137904,230.15017474528739,0.7771132224405175,True,True,"AIM-120C",1,Arm
59.619999999996708,"BANDIT-01","VIPER-02",Locked,38746.413307137904,230.15017474528739,0.7771132224405175,True,True,"",0,Arm
59.619999999996708,"BANDIT-02","VIPER-02",Locked,39832.934723630577,502.03617370470135,0.76805887730307854,True,True,"",0,Arm
59.719999999996688,"VIPER-01","BANDIT-01",Locked,47884.125573091238,222.64464313467167,0.7009656202242398,True,True,"",0,Arm
59.719999999996688,"VIPER-02","BANDIT-01",Locked,38723.548359101223,227.398682296558,0.77730376367415654,True,True,"AIM-120C",1,Arm
59.719999999996688,"BANDIT-01","VIPER-02",Locked,38723.548359101223,227.398682296558,0.77730376367415654,True,True,"",0,Arm
59.719999999996688,"BANDIT-02","VIPER-02",Locked,39782.726451026982,502.11913633868079,0.76847727957477519,True,True,"",0,Arm
59.819999999996668,"VIPER-01","BANDIT-01",Locked,47862.010186525076,219.91563941402077,0.70114991511229108,True,True,"",0,Arm
59.819999999996668,"VIPER-02","BANDIT-01",Locked,38700.958766796051,224.64476463846708,0.77749201027669967,True,True,"AIM-120C",1,Arm
59.819999999996668,"BANDIT-01","VIPER-02",Locked,38700.958766796051,224.64476463846708,0.77749201027669967,True,True,"",0,Arm
59.819999999996668,"BANDIT-02","VIPER-02",Locked,39732.50990770245,502.20163791047423,0.76889575076914629,True,True,"",0,Arm
59.919999999996648,"VIPER-01","BANDIT-01",Locked,47840.167649510295,217.18667466192821,0.701331936254081,True,True,"",0,Arm
59.919999999996648,"VIPER-02","BANDIT-01",Locked,38678.644467730468,221.8914494764561,0.77767796276891288,True,True,"AIM-120C",1,Arm
59.919999999996648,"BANDIT-01","VIPER-02",Locked,38678.644467730468,221.8914494764561,0.77767796276891288,True,True,"",0,Arm
59.919999999996648,"BANDIT-02","VIPER-02",Locked,39682.285139104832,502.28368930428542,0.76931429050745981,True,True,"",0,Arm
60.019999999996628,"VIPER-01","BANDIT-01",Locked,47818.597918907166,214.4580388021482,0.701511684009107,True,True,"",0,Arm
60.019999999996628,"VIPER-02","BANDIT-01",Locked,38656.605364095551,219.1390474636182,0.7778616219658705,True,True,"AIM-120C",1,Arm
60.019999999996628,"BANDIT-01","VIPER-02",Locked,38656.605364095551,219.1390474636182,0.7778616219658705,True,True,"",0,Arm
60.019999999996628,"BANDIT-02","VIPER-02",Locked,39632.052189601847,502.36528950846883,0.76973289841998471,True,True,"",0,Arm
60.119999999996608,"VIPER-01","BANDIT-01",Locked,47797.300966099967,211.73007549733811,0.7016891586158337,True,True,"",0,Arm
60.119999999996608,"VIPER-02","BANDIT-01",Locked,38634.841377512668,216.3878721068574,0.77804298852072784,True,True,"AIM-120C",1,Arm
60.119999999996608,"BANDIT-01","VIPER-02",Locked,38634.841377512668,216.3878721068574,0.77804298852072784,True,True,"",0,Arm
60.119999999996608,"BANDIT-02","VIPER-02",Locked,39581.811103894841,502.44644932062931,0.77015157413420976,True,True,"",0,Arm
60.219999999996588,"VIPER-01","BANDIT-01",Locked,47776.276654973226,209.00778343985709,0.70186436120855655,True,True,"",0,Arm
60.219999999996588,"VIPER-02","BANDIT-01",Locked,38613.352304830863,213.64374107617675,0.77822206412640949,True,True,"AIM-120C",1,Arm
60.219999999996588,"BANDIT-01","VIPER-02",Locked,38613.352304830863,213.64374107617675,0.77822206412640949,True,True,"",0,Arm
60.219999999996588,"BANDIT-02","VIPER-02",Locked,39531.561926664268,502.52716775858289,0.77057031727779779,True,True,"",0,Arm
60.319999999996568,"VIPER-01","BANDIT-01",Locked,47755.524904536949,206.2825221477072,0.70203729246219215,True,True,"",0,Arm
60.319999999996568,"VIPER-02","BANDIT-01",Locked,38592.138010912917,210.89649076601521,0.778398849909059,True,True,"AIM-120C",1,Arm
60.319999999996568,"BANDIT-01","VIPER-02",Locked,38592.138010912917,210.89649076601521,0.778398849909059,True,True,"",0,Arm
60.319999999996568,"BANDIT-02","VIPER-02",Locked,39481.304702925881,502.60743210415268,0.77098912747561776,True,True,"",0,Arm
60.419999999996548,"VIPER-01","BANDIT-01",Locked,47735.045555990364,203.55886696783074,0.70220795370008038,True,True,"",0,Arm
60.419999999996548,"VIPER-02","BANDIT-01",Locked,38571.198277900934,208.15146098185556,0.778573347684159,True,True,"AIM-120C",1,Arm
60.419999999996548,"BANDIT-01","VIPER-02",Locked,38571.198277900934,208.15146098185556,0.778573347684159,True,True,"",0,Arm
60.419999999996548,"BANDIT-02","VIPER-02",Locked,39431.039476614424,502.68725307517821,0.77140800436154655,True,True,"",0,Arm
60.519999999996529,"VIPER-01","BANDIT-01",Locked,47714.838427118368,200.8371348583108,0.70237634644068037,True,True,"",0,Arm
60.519999999996529,"VIPER-02","BANDIT-01",Locked,38550.532858522958,205.40898806498583,0.77874555951230873,True,True,"AIM-120C",1,Arm
60.519999999996529,"BANDIT-01","VIPER-02",Locked,38550.532858522958,205.40898806498583,0.77874555951230873,True,True,"",0,Arm
60.519999999996529,"BANDIT-02","VIPER-02",Locked,39380.766292710512,502.76662972239995,0.77182694756074577,True,True,"",0,Arm
60.619999999996509,"VIPER-01","BANDIT-01",Locked,47694.903358558971,198.11767811573768,0.70254247201200859,True,True,"",0,Arm
60.619999999996509,"VIPER-02","BANDIT-01",Locked,38530.141540503479,202.66939500088242,0.778915487162471,True,True,"AIM-120C",1,Arm
60.619999999996509,"BANDIT-01","VIPER-02",Locked,38530.141540503479,202.66939500088242,0.778915487162471,True,True,"",0,Arm
60.619999999996509,"BANDIT-02","VIPER-02",Locked,39330.485194880188,502.84557273196049,0.77224595670933183,True,True,"",0,Arm
60.719999999996489,"VIPER-01","BANDIT-01",Locked,47675.240039627526,195.40076854699043,0.702706333003104,True,True,"",0,Arm
60.719999999996489,"VIPER-02","BANDIT-01",Locked,38510.023941404637,199.93302429712583,0.77908313382162819,True,True,"AIM-120C",1,Arm
60.719999999996489,"BANDIT-01","VIPER-02",Locked,38510.023941404637,199.93302429712583,0.77908313382162819,True,True,"",0,Arm
60.719999999996489,"BANDIT-02","VIPER-02",Locked,39280.19622701731,502.92406927569806,0.77266503144152243,True,True,"",0,Arm
60.819999999996469,"VIPER-01","BANDIT-01",Locked,47655.84819497542,192.68670133011804,0.70286793170853823,True,True,"",0,Arm
60.819999999996469,"VIPER-02","BANDIT-01",Locked,38490.179714792685,197.20019005439835,0.77924850237672771,True,True,"AIM-120C",1,Arm
60.819999999996469,"BANDIT-01","VIPER-02",Locked,38490.179714792685,197.20019005439835,0.77924850237672771,True,True,"",0,Arm
60.819999999996469,"BANDIT-02","VIPER-02",Locked,39229.899434406783,503.00211843991934,0.77308417137994356,True,True,"",0,Arm
60.919999999996449,"VIPER-01","BANDIT-01",Locked,47636.727586046691,189.97580860808642,0.70302727011627764,True,True,"",0,Arm
60.919999999996449,"VIPER-02","BANDIT-01",Locked,38470.608564305061,194.47119500193381,0.77941159529745785,True,True,"AIM-120C",1,Arm
60.919999999996449,"BANDIT-01","VIPER-02",Locked,38470.608564305061,194.47119500193381,0.77941159529745785,True,True,"",0,Arm
60.919999999996449,"BANDIT-02","VIPER-02",Locked,39179.594860786317,503.0797309136762,0.77350337616011411,True,True,"",0,Arm
61.019999999996429,"VIPER-01","BANDIT-01",Locked,47617.877878584673,187.26840335083995,0.70318435101179455,True,True,"",0,Arm
61.019999999996429,"VIPER-02","BANDIT-01",Locked,38451.31008813611,191.74637248108812,0.77957241593219917,True,True,"AIM-120C",1,Arm
61.019999999996429,"BANDIT-01","VIPER-02",Locked,38451.31008813611,191.74637248108812,0.77957241593219917,True,True,"",0,Arm
61.019999999996429,"BANDIT-02","VIPER-02",Locked,39129.282549885073,503.15690561430387,0.77392264541762446,True,True,"",0,Arm
61.119999999996409,"VIPER-01","BANDIT-01",Locked,47599.298706222617,184.56480863172612,0.703339177448145,True,True,"",0,Arm
61.119999999996409,"VIPER-02","BANDIT-01",Locked,38432.283850362161,189.02606547572807,0.77973096791364882,True,True,"AIM-120C",1,Arm
61.119999999996409,"BANDIT-01","VIPER-02",Locked,38432.283850362161,189.02606547572807,0.77973096791364882,True,True,"",0,Arm
61.119999999996409,"BANDIT-02","VIPER-02",Locked,39078.962545539267,503.23364147277209,0.77434197878717281,True,True,"",0,Arm
61.219999999996389,"VIPER-01","BANDIT-01",Locked,47580.989670929812,181.86533357196922,0.70349175274225173,True,True,"",0,Arm
61.219999999996389,"VIPER-02","BANDIT-01",Locked,38413.529381412845,186.31060288891223,0.779887255154893,True,True,"AIM-120C",1,Arm
61.219999999996389,"BANDIT-01","VIPER-02",Locked,38413.529381412845,186.31060288891223,0.779887255154893,True,True,"",0,Arm
61.219999999996389,"BANDIT-02","VIPER-02",Locked,39028.634891690715,503.30993743361563,0.77476137590257754,True,True,"",0,Arm
61.319999999996369,"VIPER-01","BANDIT-01",Locked,47562.950437128173,179.17032624284235,0.70364207969059867,True,True,"",0,Arm
61.319999999996369,"VIPER-02","BANDIT-01",Locked,38395.046282632982,183.60030281160846,0.78004128097805858,True,True,"AIM-120C",1,Arm
61.319999999996369,"BANDIT-01","VIPER-02",Locked,38395.046282632982,183.60030281160846,0.78004128097805858,True,True,"",0,Arm
61.319999999996369,"BANDIT-02","VIPER-02",Locked,38978.299631918257,503.3858041630852,0.77518083640068136,True,True,"",0,Arm
61.41999999999635,"VIPER-01","BANDIT-01",Locked,47545.180545250238,176.48009940693282,0.70379016212291479,True,True,"",0,Arm
61.41999999999635,"VIPER-02","BANDIT-01",Locked,38376.8340264041,180.895499219956,0.78019304977996584,True,True,"AIM-120C",1,Arm
61.41999999999635,"BANDIT-01","VIPER-02",Locked,38376.8340264041,180.895499219956,0.78019304977996584,True,True,"",0,Arm
61.41999999999635,"BANDIT-02","VIPER-02",Locked,38927.95680862353,503.46124044436385,0.77560035992813736,True,True,"",0,Arm
61.51999999999633,"VIPER-01","BANDIT-01",Locked,47527.679412559977,173.79490867605435,0.70393600489533359,True,True,"",0,Arm
61.51999999999633,"VIPER-02","BANDIT-01",Locked,38358.891944445808,178.19651687820735,0.78034256712961836,True,True,"AIM-120C",1,Arm
61.51999999999633,"BANDIT-01","VIPER-02",Locked,38358.891944445808,178.19651687820735,0.78034256712961836,True,True,"",0,Arm
61.51999999999633,"BANDIT-02","VIPER-02",Locked,38877.606465968689,503.536233485567,0.77601994611692771,True,True,"",0,Arm
61.61999999999631,"VIPER-01","BANDIT-01",Locked,47510.446730791111,171.11514148005975,0.70407961057674084,True,True,"",0,Arm
61.61999999999631,"VIPER-02","BANDIT-01",Locked,38341.219670537663,175.50366304184922,0.78048983607885292,True,True,"AIM-120C",1,Arm
61.61999999999631,"BANDIT-01","VIPER-02",Locked,38341.219670537663,175.50366304184922,0.78048983607885292,True,True,"",0,Arm
61.61999999999631,"BANDIT-02","VIPER-02",Locked,38827.24864727931,503.61080567833653,0.77643959460600587,True,True,"",0,Arm
61.71999999999629,"VIPER-01","BANDIT-01",Locked,47493.481854516787,168.42957038815422,0.70422098454569348,True,True,"",0,Arm
61.71999999999629,"VIPER-02","BANDIT-01",Locked,38323.81647471217,172.80497093639508,0.780634862710732,True,True,"AIM-120C",1,Arm
61.71999999999629,"BANDIT-01","VIPER-02",Locked,38323.81647471217,172.80497093639508,0.780634862710732,True,True,"",0,Arm
61.71999999999629,"BANDIT-02","VIPER-02",Locked,38776.883395762474,503.68493237280467,0.77685930503531275,True,True,"",0,Arm
61.81999999999627,"VIPER-01","BANDIT-01",Locked,47476.784205161079,165.76098387650777,0.70436013162365785,True,True,"",0,Arm
61.81999999999627,"VIPER-02","BANDIT-01",Locked,38306.681702379174,170.12486529485778,0.78077765248017372,True,True,"AIM-120C",1,Arm
61.81999999999627,"BANDIT-01","VIPER-02",Locked,38306.681702379174,170.12486529485778,0.78077765248017372,True,True,"",0,Arm
61.81999999999627,"BANDIT-02","VIPER-02",Locked,38726.510754269679,503.75863590204659,0.77727907704775279,True,True,"",0,Arm
61.91999999999625,"VIPER-01","BANDIT-01",Locked,47460.353295349749,163.0987259540307,0.70449705587208555,True,True,"",0,Arm
61.91999999999625,"VIPER-02","BANDIT-01",Locked,38289.8147972993,167.45185314466269,0.78091821002250583,True,True,"AIM-120C",1,Arm
61.91999999999625,"BANDIT-01","VIPER-02",Locked,38289.8147972993,167.45185314466269,0.78091821002250583,True,True,"",0,Arm
61.91999999999625,"BANDIT-02","VIPER-02",Locked,38676.130765650007,503.83191508648713,0.77769891028625,True,True,"",0,Arm
62.01999999999623,"VIPER-01","BANDIT-01",Locked,47444.188497154755,160.44309466432,0.7046317625237104,True,True,"",0,Arm
62.01999999999623,"VIPER-02","BANDIT-01",Locked,38273.215052152118,164.78625201453048,0.7810565412320658,True,True,"AIM-120C",1,Arm
62.01999999999623,"BANDIT-01","VIPER-02",Locked,38273.215052152118,164.78625201453048,0.7810565412320658,True,True,"",0,Arm
62.01999999999623,"BANDIT-02","VIPER-02",Locked,38625.7434728727,503.90476875967,0.77811880439272763,True,True,"",0,Arm
62.11999999999621,"VIPER-01","BANDIT-01",Locked,47428.289020323529,157.79433364977098,0.7047642581639707,True,True,"",0,Arm
62.11999999999621,"VIPER-02","BANDIT-01",Locked,38256.881587138567,162.128374826429,0.781192653440512,True,True,"AIM-120C",1,Arm
62.11999999999621,"BANDIT-01","VIPER-02",Locked,38256.881587138567,162.128374826429,0.781192653440512,True,True,"",0,Arm
62.11999999999621,"BANDIT-02","VIPER-02",Locked,38575.3489189076,503.9771840069161,0.77853875900910341,True,True,"",0,Arm
62.21999999999619,"VIPER-01","BANDIT-01",Locked,47412.6543009151,155.15277300021947,0.70489454749237423,True,True,"",0,Arm
62.21999999999619,"VIPER-02","BANDIT-01",Locked,38240.813764197366,159.47852078711509,0.7813265519650221,True,True,"AIM-120C",1,Arm
62.21999999999619,"BANDIT-01","VIPER-02",Locked,38240.813764197366,159.47852078711509,0.7813265519650221,True,True,"",0,Arm
62.21999999999619,"BANDIT-02","VIPER-02",Locked,38524.947146836625,504.04917142104819,0.77895877377636147,True,True,"",0,Arm
62.31999999999617,"VIPER-01","BANDIT-01",Locked,47397.283760494567,152.50466423770538,0.705022635329212,True,True,"",0,Arm
62.31999999999617,"VIPER-02","BANDIT-01",Locked,38225.010930942553,156.82208505555795,0.78145824224214544,True,True,"AIM-120C",1,Arm
62.31999999999617,"BANDIT-01","VIPER-02",Locked,38225.010930942553,156.82208505555795,0.78145824224214544,True,True,"",0,Arm
62.31999999999617,"BANDIT-02","VIPER-02",Locked,38474.5381993908,504.12072980414956,0.77937884833841009,True,True,"",0,Arm
62.419999999996151,"VIPER-01","BANDIT-01",Locked,47382.176375197749,149.87792667305251,0.70514853020668555,True,True,"",0,Arm
62.419999999996151,"VIPER-02","BANDIT-01",Locked,38209.471961386676,154.18875506643244,0.78158773365511114,True,True,"AIM-120C",1,Arm
62.419999999996151,"BANDIT-01","VIPER-02",Locked,38209.471961386676,154.18875506643244,0.78158773365511114,True,True,"",0,Arm
62.419999999996151,"BANDIT-02","VIPER-02",Locked,38424.122119423118,504.19185796763992,0.77979898233814082,True,True,"",0,Arm
62.519999999996131,"VIPER-01","BANDIT-01",Locked,47367.331651492728,147.25930712198166,0.70527223623756075,True,True,"",0,Arm
62.519999999996131,"VIPER-02","BANDIT-01",Locked,38194.19629355456,151.56437258975166,0.78171503088704541,True,True,"AIM-120C",1,Arm
62.519999999996131,"BANDIT-01","VIPER-02",Locked,38194.19629355456,151.56437258975166,0.78171503088704541,True,True,"",0,Arm
62.519999999996131,"BANDIT-02","VIPER-02",Locked,38373.698949784935,504.2625664635795,0.780219175418459,True,True,"",0,Arm
62.619999999996111,"VIPER-01","BANDIT-01",Locked,47352.748786539647,144.64911702237282,0.7053937601121697,True,True,"",0,Arm
62.619999999996111,"VIPER-02","BANDIT-01",Locked,38179.183040778378,148.94926780113391,0.781840141326847,True,True,"AIM-120C",1,Arm
62.619999999996111,"BANDIT-01","VIPER-02",Locked,38179.183040778378,148.94926780113391,0.781840141326847,True,True,"",0,Arm
62.619999999996111,"BANDIT-02","VIPER-02",Locked,38323.268732512719,504.33285401673106,0.78063942722906077,True,True,"",0,Arm
62.719999999996091,"VIPER-01","BANDIT-01",Locked,47338.426950505767,142.03184685346483,0.70551310874578532,True,True,"",0,Arm
62.719999999996091,"VIPER-02","BANDIT-01",Locked,38164.4312860322,146.32711602209108,0.78196307261639841,True,True,"AIM-120C",1,Arm
62.719999999996091,"BANDIT-01","VIPER-02",Locked,38164.4312860322,146.32711602209108,0.78196307261639841,True,True,"",0,Arm
62.719999999996091,"BANDIT-02","VIPER-02",Locked,38272.831510120421,504.40270765968518,0.78105973741566326,True,True,"",0,Arm
62.819999999996071,"VIPER-01","BANDIT-01",Locked,47324.365281516955,139.43894783932132,0.705630289320692,True,True,"",0,Arm
62.819999999996071,"VIPER-02","BANDIT-01",Locked,38149.940079912405,143.73105240716075,0.78208383266739667,True,True,"AIM-120C",1,Arm
62.819999999996071,"BANDIT-01","VIPER-02",Locked,38149.940079912405,143.73105240716075,0.78208383266739667,True,True,"",0,Arm
62.819999999996071,"BANDIT-02","VIPER-02",Locked,38222.38732489515,504.47214962282004,0.78148010562587378,True,True,"",0,Arm
62.919999999996051,"VIPER-01","BANDIT-01",Locked,47310.562726010212,136.8552665967546,0.70574531061658163,True,True,"",0,Arm
62.919999999996051,"VIPER-02","BANDIT-01",Locked,38135.708269650211,141.1451592803669,0.78220243108624832,True,True,"AIM-120C",1,Arm
62.919999999996051,"BANDIT-01","VIPER-02",Locked,38135.708269650211,141.1451592803669,0.78220243108624832,True,True,"",0,Arm
62.919999999996051,"BANDIT-02","VIPER-02",Locked,38171.936219480209,504.541155208873,0.7819005315043317,True,True,"",0,Arm
63.019999999996031,"VIPER-01","BANDIT-01",Locked,47297.020792302574,134.21908353710194,0.70585816006414537,True,True,"",0,Arm
63.019999999996031,"VIPER-02","BANDIT-01",Locked,38121.73537014419,138.5518469147093,0.78231887191546523,True,True,"AIM-120C",1,Arm
63.019999999996031,"BANDIT-01","VIPER-02",Locked,38121.73537014419,138.5518469147093,0.78231887191546523,True,True,"",0,Arm
63.019999999996031,"BANDIT-02","VIPER-02",Locked,38121.478236055853,504.6097466243329,0.78232101469953463,True,True,"",0,Arm
63.119999999996011,"VIPER-01","BANDIT-01",Locked,47283.742872182433,131.57838718813613,0.70596880939847984,True,True,"",0,Arm
63.119999999996011,"VIPER-02","BANDIT-01",Locked,38108.020564744053,135.97682934748491,0.78243316196046631,True,True,"AIM-120C",1,Arm
63.119999999996011,"BANDIT-01","VIPER-02",Locked,38108.020564744053,135.97682934748491,0.78243316196046631,True,True,"",0,Arm
63.119999999996011,"BANDIT-02","VIPER-02",Locked,38071.013956457566,504.66853892639034,0.78274155036285364,True,True,"",0,Arm
63.219999999995991,"VIPER-01","BANDIT-01",Locked,47270.729508182761,128.94261144828994,0.7060772540984771,True,True,"",0,Arm
63.219999999995991,"VIPER-02","BANDIT-01",Locked,38094.563040162262,133.41634370810416,0.782545307998648,True,True,"AIM-120C",1,Arm
63.219999999995991,"BANDIT-01","VIPER-02",Locked,38094.563040162262,133.41634370810416,0.782545307998648,True,True,"",0,Arm
63.219999999995991,"BANDIT-02","VIPER-02",Locked,38020.543599511315,504.73135973615825,0.78316213667073908,True,True,"",0,Arm
63.319999999995972,"VIPER-01","BANDIT-01",Locked,47257.979563252651,126.30431717930433,0.70618350363956139,True,True,"",0,Arm
63.319999999995972,"VIPER-02","BANDIT-01",Locked,38081.361477294944,130.85225060164535,0.78265532102254221,True,True,"AIM-120C",1,Arm
63.319999999995972,"BANDIT-01","VIPER-02",Locked,38081.361477294944,130.85225060164535,0.78265532102254221,True,True,"",0,Arm
63.319999999995972,"BANDIT-02","VIPER-02",Locked,37970.0666707308,504.79931661991372,0.78358277774391016,True,True,"",0,Arm
63.419999999995952,"VIPER-01","BANDIT-01",Locked,47245.491686814967,123.69622287207093,0.706287569276542,True,True,"",0,Arm
63.419999999995952,"VIPER-02","BANDIT-01",Locked,38068.414413527658,128.32121946163397,0.78276321322060294,True,True,"AIM-120C",1,Arm
63.419999999995952,"BANDIT-01","VIPER-02",Locked,38068.414413527658,128.32121946163397,0.78276321322060294,True,True,"",0,Arm
63.419999999995952,"BANDIT-02","VIPER-02",Locked,37919.582749186513,504.87045806165582,0.78400347709011253,True,True,"",0,Arm
63.519999999995932,"VIPER-01","BANDIT-01",Locked,47233.264997622638,121.07928132215267,0.70638945835314471,True,True,"",0,Arm
63.519999999995932,"VIPER-02","BANDIT-01",Locked,38055.720730236339,125.78309693065439,0.78286899391469733,True,True,"AIM-120C",1,Arm
63.519999999995932,"BANDIT-01","VIPER-02",Locked,38055.720730236339,125.78309693065439,0.78286899391469733,True,True,"",0,Arm
63.519999999995932,"BANDIT-02","VIPER-02",Locked,37869.091659806712,504.94223165958357,0.7844242361682775,True,True,"",0,Arm
63.619999999995912,"VIPER-01","BANDIT-01",Locked,47221.298347510565,118.49104117917327,0.706489180437412,True,True,"",0,Arm
63.619999999995912,"VIPER-02","BANDIT-01",Locked,38043.279031571976,123.27657437889398,0.78297267473690035,True,True,"AIM-120C",1,Arm
63.619999999995912,"BANDIT-01","VIPER-02",Locked,38043.279031571976,123.27657437889398,0.78297267473690035,True,True,"",0,Arm
63.619999999995912,"BANDIT-02","VIPER-02",Locked,37818.593444153914,505.012903828572,0.78484505463205079,True,True,"",0,Arm
63.719999999995892,"VIPER-01","BANDIT-01",Locked,47209.590900689349,115.8942237846757,0.70658674249425557,True,True,"",0,Arm
63.719999999995892,"VIPER-02","BANDIT-01",Locked,38031.08836212293,120.76124833605027,0.7830742636489757,True,True,"AIM-120C",1,Arm
63.719999999995892,"BANDIT-01","VIPER-02",Locked,38031.08836212293,120.76124833605027,0.7830742636489757,True,True,"",0,Arm
63.719999999995892,"BANDIT-02","VIPER-02",Locked,37768.088250550725,505.08196634862531,0.78526593124541066,True,True,"",0,Arm
63.819999999995872,"VIPER-01","BANDIT-01",Locked,47198.141273342553,113.3298543984767,0.70668215605547879,True,True,"",0,Arm
63.819999999995872,"VIPER-02","BANDIT-01",Locked,38019.147326010883,118.27888691219506,0.78317377228324281,True,True,"AIM-120C",1,Arm
63.819999999995872,"BANDIT-01","VIPER-02",Locked,38019.147326010883,118.27888691219506,0.78317377228324281,True,True,"",0,Arm
63.819999999995872,"BANDIT-02","VIPER-02",Locked,37717.576216301168,505.14997108823587,0.78568686486415706,True,True,"",0,Arm
63.919999999995852,"VIPER-01","BANDIT-01",Locked,47186.948341361218,110.75881854944674,0.70677543048865665,True,True,"",0,Arm
63.919999999995852,"VIPER-02","BANDIT-01",Locked,38007.454862643179,115.78841451210782,0.78327120947797357,True,True,"AIM-120C",1,Arm
63.919999999995852,"BANDIT-01","VIPER-02",Locked,38007.454862643179,115.78841451210782,0.78327120947797357,True,True,"",0,Arm
63.919999999995852,"BANDIT-02","VIPER-02",Locked,37667.057393327086,505.21790421656766,0.78610785505560776,True,True,"",0,Arm
64.019999999995846,"VIPER-01","BANDIT-01",Locked,47176.0107191889,108.22238529469051,0.70686657734009262,True,True,"",0,Arm
64.019999999995846,"VIPER-02","BANDIT-01",Locked,37996.009618863893,113.33335743989109,0.78336658650946767,True,True,"AIM-120C",1,Arm
64.019999999995846,"BANDIT-01","VIPER-02",Locked,37996.009618863893,113.33335743989109,0.78336658650946767,True,True,"",0,Arm
64.019999999995846,"BANDIT-02","VIPER-02",Locked,37616.531744768516,505.28648967568176,0.786528902126929,True,True,"",0,Arm
64.1199999999959,"VIPER-01","BANDIT-01",Locked,47165.327028039217,105.67854717664096,0.70695560809967328,True,True,"",0,Arm
64.1199999999959,"VIPER-02","BANDIT-01",Locked,37984.81019033739,110.87051725753132,0.78345991508052182,True,True,"AIM-120C",1,Arm
64.1199999999959,"BANDIT-01","VIPER-02",Locked,37984.81019033739,110.87051725753132,0.78345991508052182,True,True,"",0,Arm
64.1199999999959,"BANDIT-02","VIPER-02",Locked,37565.999192103212,505.35588527577573,0.78695000673247328,True,True,"",0,Arm
64.219999999995949,"VIPER-01","BANDIT-01",Locked,47154.895911427782,103.16965636456416,0.70704253407143525,True,True,"",0,Arm
64.219999999995949,"VIPER-02","BANDIT-01",Locked,37973.855147137314,108.44438078951117,0.78355120710718906,True,True,"AIM-120C",1,Arm
64.219999999995949,"BANDIT-01","VIPER-02",Locked,37973.855147137314,108.44438078951117,0.78355120710718906,True,True,"",0,Arm
64.219999999995949,"BANDIT-02","VIPER-02",Locked,37515.459666983726,505.42581855353717,0.78737116944180241,True,True,"",0,Arm
64.319999999996,"VIPER-01","BANDIT-01",Locked,47144.716247644283,100.65233801602075,0.70712736460296433,True,True,"",0,Arm
64.319999999996,"VIPER-02","BANDIT-01",Locked,37963.143286129933,106.00981585698678,0.783640472615584,True,True,"AIM-120C",1,Arm
64.319999999996,"BANDIT-01","VIPER-02",Locked,37963.143286129933,106.00981585698678,0.783640472615584,True,True,"",0,Arm
64.319999999996,"BANDIT-02","VIPER-02",Locked,37464.913137654992,505.49589221549809,0.78779239051954186,True,True,"",0,Arm
64.419999999996051,"VIPER-01","BANDIT-01",Locked,47134.786683397266,98.17106914384776,0.70721011097168951,True,True,"",0,Arm
64.419999999996051,"VIPER-02","BANDIT-01",Locked,37952.673174966585,103.61287954221295,0.7837277235419452,True,True,"AIM-120C",1,Arm
64.419999999996051,"BANDIT-01","VIPER-02",Locked,37952.673174966585,103.61287954221295,0.7837277235419452,True,True,"",0,Arm
64.419999999996051,"BANDIT-02","VIPER-02",Locked,37414.359607176288,505.56582370122032,0.7882136699401977,True,True,"",0,Arm
64.5199999999961,"VIPER-01","BANDIT-01",Locked,47125.10548334488,95.691647435286256,0.70729078763879283,True,True,"",0,Arm
64.5199999999961,"VIPER-02","BANDIT-01",Locked,37942.443365941617,101.20705868688879,0.7838129719504866,True,True,"AIM-120C",1,Arm
64.5199999999961,"BANDIT-01","VIPER-02",Locked,37942.443365941617,101.20705868688879,0.7838129719504866,True,True,"",0,Arm
64.5199999999961,"BANDIT-02","VIPER-02",Locked,37363.799095674709,505.63553621527745,0.78863500753604421,True,True,"",0,Arm
64.619999999996153,"VIPER-01","BANDIT-01",Locked,47115.668984926175,93.278087609108567,0.70736942512561529,True,True,"",0,Arm
64.619999999996153,"VIPER-02","BANDIT-01",Locked,37932.452384993761,98.840153252255391,0.783896230125052,True,True,"AIM-120C",1,Arm
64.619999999996153,"BANDIT-01","VIPER-02",Locked,37932.452384993761,98.840153252255391,0.783896230125052,True,True,"",0,Arm
64.619999999996153,"BANDIT-02","VIPER-02",Locked,37313.231621218394,505.7051163729908,0.78905640315651349,True,True,"",0,Arm
64.7199999999962,"VIPER-01","BANDIT-01",Locked,47106.473476884472,90.869243667620665,0.70744605435929619,True,True,"",0,Arm
64.7199999999962,"VIPER-02","BANDIT-01",Locked,37922.698724978145,96.464200857341368,0.78397751062518228,True,True,"AIM-120C",1,Arm
64.7199999999962,"BANDIT-01","VIPER-02",Locked,37922.698724978145,96.464200857341368,0.78397751062518228,True,True,"",0,Arm
64.7199999999962,"BANDIT-02","VIPER-02",Locked,37262.657189325015,505.77470371095006,0.789477856755625,True,True,"",0,Arm
64.819999999996256,"VIPER-01","BANDIT-01",Locked,47097.517093316652,88.47522882489541,0.70752069088902791,True,True,"",0,Arm
64.819999999996256,"VIPER-02","BANDIT-01",Locked,37913.180846002571,94.103466806006054,0.784056826283312,True,True,"AIM-120C",1,Arm
64.819999999996256,"BANDIT-01","VIPER-02",Locked,37913.180846002571,94.103466806006054,0.784056826283312,True,True,"",0,Arm
64.819999999996256,"BANDIT-02","VIPER-02",Locked,37212.075793478325,505.84439206348043,0.78989936838768071,True,True,"",0,Arm
64.9199999999963,"VIPER-01","BANDIT-01",Locked,47088.798556387374,86.120793413202762,0.70759334536343865,True,True,"",0,Arm
64.9199999999963,"VIPER-02","BANDIT-01",Locked,37903.897434224207,91.7836861462454,0.78413418804813162,True,True,"AIM-120C",1,Arm
64.9199999999963,"BANDIT-01","VIPER-02",Locked,37903.897434224207,91.7836861462454,0.78413418804813162,True,True,"",0,Arm
64.9199999999963,"BANDIT-02","VIPER-02",Locked,37161.487422330421,505.91419194346713,0.79032093814724658,True,True,"",0,Arm
65.019999999996358,"VIPER-01","BANDIT-01",Locked,47080.316337563,83.757315906509078,0.70766403052030835,True,True,"",0,Arm
65.019999999996358,"VIPER-02","BANDIT-01",Locked,37894.8469082808,89.454532663322723,0.78420960909766,True,True,"AIM-120C",1,Arm
65.019999999996358,"BANDIT-01","VIPER-02",Locked,37894.8469082808,89.454532663322723,0.78420960909766,True,True,"",0,Arm
65.019999999996358,"BANDIT-02","VIPER-02",Locked,37110.892067246547,505.98405145480928,0.7907425661062788,True,True,"",0,Arm
65.119999999996409,"VIPER-01","BANDIT-01",Locked,47072.068881946856,81.409232184846545,0.70773275931710966,True,True,"",0,Arm
65.119999999996409,"VIPER-02","BANDIT-01",Locked,37886.027657675055,87.141328790327819,0.784283102852708,True,True,"AIM-120C",1,Arm
65.119999999996409,"BANDIT-01","VIPER-02",Locked,37886.027657675055,87.141328790327819,0.784283102852708,True,True,"",0,Arm
65.119999999996409,"BANDIT-02","VIPER-02",Locked,37060.289726086179,506.05390192059883,0.79116425228261522,True,True,"",0,Arm
65.21999999999646,"VIPER-01","BANDIT-01",Locked,47064.054874489753,79.076785954868186,0.70779954271258549,True,True,"",0,Arm
65.21999999999646,"VIPER-02","BANDIT-01",Locked,37877.438321767841,84.8442976750548,0.78435468065193481,True,True,"AIM-120C",1,Arm
65.21999999999646,"BANDIT-01","VIPER-02",Locked,37877.438321767841,84.8442976750548,0.78435468065193481,True,True,"",0,Arm
65.21999999999646,"BANDIT-02","VIPER-02",Locked,37009.680402673774,506.12369500775208,0.79158599664438523,True,True,"",0,Arm
65.319999999996512,"VIPER-01","BANDIT-01",Locked,47056.271941924533,76.786300810730893,0.70786440048396226,True,True,"",0,Arm
65.319999999996512,"VIPER-02","BANDIT-01",Locked,37869.07644899968,82.590612235365683,0.78442436292500273,True,True,"AIM-120C",1,Arm
65.319999999996512,"BANDIT-01","VIPER-02",Locked,37869.07644899968,82.590612235365683,0.78442436292500273,True,True,"",0,Arm
65.319999999996512,"BANDIT-02","VIPER-02",Locked,36959.064103838151,506.19341563562512,0.79200779913468211,True,True,"",0,Arm
65.419999999996563,"VIPER-01","BANDIT-01",Locked,47048.719761141729,74.486229397936341,0.707927335323819,True,True,"",0,Arm
65.419999999996563,"VIPER-02","BANDIT-01",Locked,37860.941708342049,80.326988597956586,0.78449215243048309,True,True,"AIM-120C",1,Arm
65.419999999996563,"BANDIT-01","VIPER-02",Locked,37860.941708342049,80.326988597956586,0.78449215243048309,True,True,"",0,Arm
65.419999999996563,"BANDIT-02","VIPER-02",Locked,36908.440836449765,506.26307295520763,0.79242965969625212,True,True,"",0,Arm
65.519999999996614,"VIPER-01","BANDIT-01",Locked,47041.395377131026,72.202490721210054,0.70798837185724151,True,True,"",0,Arm
65.519999999996614,"VIPER-02","BANDIT-01",Locked,37853.0310486966,78.080235810623876,0.78455807459419513,True,True,"AIM-120C",1,Arm
65.519999999996614,"BANDIT-01","VIPER-02",Locked,37853.0310486966,78.080235810623876,0.78455807459419513,True,True,"",0,Arm
65.519999999996614,"BANDIT-02","VIPER-02",Locked,36857.810605988932,506.33268196142848,0.79285157828342567,True,True,"",0,Arm
65.619999999996665,"VIPER-01","BANDIT-01",Locked,47034.298457424615,69.935305597018314,0.708047512854795,True,True,"",0,Arm
65.619999999996665,"VIPER-02","BANDIT-01",Locked,37845.344125349518,75.850607899375589,0.7846221322887541,True,True,"AIM-120C",1,Arm
65.619999999996665,"BANDIT-01","VIPER-02",Locked,37845.344125349518,75.850607899375589,0.7846221322887541,True,True,"",0,Arm
65.619999999996665,"BANDIT-02","VIPER-02",Locked,36807.173416840371,506.4022487949822,0.79327355485966367,True,True,"",0,Arm
65.719999999996716,"VIPER-01","BANDIT-01",Locked,47027.426238448075,67.712404240067272,0.7081047813462662,True,True,"",0,Arm
65.719999999996716,"VIPER-02","BANDIT-01",Locked,37837.878082029129,73.6667133794465,0.784684349316424,True,True,"AIM-120C",1,Arm
65.719999999996716,"BANDIT-01","VIPER-02",Locked,37837.878082029129,73.6667133794465,0.784684349316424,True,True,"",0,Arm
65.719999999996716,"BANDIT-02","VIPER-02",Locked,36756.5292735141,506.47176625753951,0.79369558938738261,True,True,"",0,Arm
65.819999999996767,"VIPER-01","BANDIT-01",Locked,47020.7778384272,65.479322356210687,0.70816018467977337,True,True,"",0,Arm
65.819999999996767,"VIPER-02","BANDIT-01",Locked,37830.632002583261,71.472388753348412,0.78474473331180628,True,True,"AIM-120C",1,Arm
65.819999999996767,"BANDIT-01","VIPER-02",Locked,37830.632002583261,71.472388753348412,0.78474473331180628,True,True,"",0,Arm
65.819999999996767,"BANDIT-02","VIPER-02",Locked,36705.878181790751,506.54121827779016,0.79411768181841047,True,True,"",0,Arm
65.919999999996818,"VIPER-01","BANDIT-01",Locked,47014.351820197844,63.263433454665183,0.7082137348316847,True,True,"",0,Arm
65.919999999996818,"VIPER-02","BANDIT-01",Locked,37823.60439687367,69.295875660352849,0.78480329669271942,True,True,"AIM-120C",1,Arm
65.919999999996818,"BANDIT-01","VIPER-02",Locked,37823.60439687367,69.295875660352849,0.78480329669271942,True,True,"",0,Arm
65.919999999996818,"BANDIT-02","VIPER-02",Locked,36655.220149176581,506.61058776050254,0.7945398320901953,True,True,"",0,Arm
66.01999999999687,"VIPER-01","BANDIT-01",Locked,47008.145033436056,61.06494270664745,0.70826545805469965,True,True,"",0,Arm
66.01999999999687,"VIPER-02","BANDIT-01",Locked,37816.792010444195,67.137379022121337,0.78486006657963181,True,True,"AIM-120C",1,Arm
66.01999999999687,"BANDIT-01","VIPER-02",Locked,37816.792010444195,67.137379022121337,0.78486006657963181,True,True,"",0,Arm
66.01999999999687,"BANDIT-02","VIPER-02",Locked,36604.555184649944,506.6798624780568,0.79496204012791716,True,True,"",0,Arm
66.119999999996921,"VIPER-01","BANDIT-01",Locked,47002.157128847364,58.884059872701854,0.70831535725960537,True,True,"",0,Arm
66.119999999996921,"VIPER-02","BANDIT-01",Locked,37810.194474142576,64.997119207259445,0.7849150460488119,True,True,"AIM-120C",1,Arm
66.119999999996921,"BANDIT-01","VIPER-02",Locked,37810.194474142576,64.997119207259445,0.7849150460488119,True,True,"",0,Arm
66.119999999996921,"BANDIT-02","VIPER-02",Locked,36553.88329805692,506.74903658523215,0.7953843058495258,True,True,"",0,Arm
66.219999999996972,"VIPER-01","BANDIT-01",Locked,46996.386334447838,56.72099616529183,0.70836344721293476,True,True,"",0,Arm
66.219999999996972,"VIPER-02","BANDIT-01",Locked,37803.809952611315,62.875316940522936,0.78496825039490581,True,True,"AIM-120C",1,Arm
66.219999999996972,"BANDIT-01","VIPER-02",Locked,37803.809952611315,62.875316940522936,0.78496825039490581,True,True,"",0,Arm
66.219999999996972,"BANDIT-02","VIPER-02",Locked,36503.204499567728,506.81810845319916,0.795806629170269,True,True,"",0,Arm
66.319999999997023,"VIPER-01","BANDIT-01",Locked,46990.830855137618,54.575996220742738,0.70840974287385328,True,True,"",0,Arm
66.319999999997023,"VIPER-02","BANDIT-01",Locked,37797.6365863475,60.772227536595544,0.7850196951137709,True,True,"AIM-120C",1,Arm
66.319999999997023,"BANDIT-01","VIPER-02",Locked,37797.6365863475,60.772227536595544,0.7850196951137709,True,True,"",0,Arm
66.319999999997023,"BANDIT-02","VIPER-02",Locked,36452.518799447636,506.88707718517736,0.79622901000460311,True,True,"",0,Arm
66.419999999997074,"VIPER-01","BANDIT-01",Locked,46985.48738427669,52.479167817653227,0.70845427179769427,True,True,"",0,Arm
66.419999999997074,"VIPER-02","BANDIT-01",Locked,37791.67096196983,58.7187934581778,0.78506940865025143,True,True,"AIM-120C",1,Arm
66.419999999997074,"BANDIT-01","VIPER-02",Locked,37791.67096196983,58.7187934581778,0.78506940865025143,True,True,"",0,Arm
66.419999999997074,"BANDIT-02","VIPER-02",Locked,36401.826208140359,506.95594005113759,0.79665144826549716,True,True,"",0,Arm
66.519999999997125,"VIPER-01","BANDIT-01",Locked,46980.355560304168,50.37117004337037,0.70849703699746536,True,True,"",0,Arm
66.519999999997125,"VIPER-02","BANDIT-01",Locked,37785.912692977545,56.65403205560812,0.78511739422518723,True,True,"AIM-120C",1,Arm
66.519999999997125,"BANDIT-01","VIPER-02",Locked,37785.912692977545,56.65403205560812,0.78511739422518723,True,True,"",0,Arm
66.519999999997125,"BANDIT-02","VIPER-02",Locked,36351.126736499456,507.02469184102461,0.79707394386250463,True,True,"",0,Arm
66.619999999997177,"VIPER-01","BANDIT-01",Locked,46975.433533230986,48.281748930715167,0.70853805388974189,True,True,"",0,Arm
66.619999999997177,"VIPER-02","BANDIT-01",Locked,37780.359861446268,54.608530770404428,0.78516366782128122,True,True,"AIM-120C",1,Arm
66.619999999997177,"BANDIT-01","VIPER-02",Locked,37780.359861446268,54.608530770404428,0.78516366782128122,True,True,"",0,Arm
66.619999999997177,"BANDIT-02","VIPER-02",Locked,36300.420395996254,507.09332581183924,0.79749649670003131,True,True,"",0,Arm
66.719999999997228,"VIPER-01","BANDIT-01",Locked,46970.719433430517,46.211128251129978,0.70857733805474576,True,True,"",0,Arm
66.719999999997228,"VIPER-02","BANDIT-01",Locked,37775.010529094645,52.582518591165488,0.785208245590878,True,True,"AIM-120C",1,Arm
66.719999999997228,"BANDIT-01","VIPER-02",Locked,37775.010529094645,52.582518591165488,0.785208245590878,True,True,"",0,Arm
66.719999999997228,"BANDIT-02","VIPER-02",Locked,36249.7071987904,507.16183520975159,0.79791910667674681,True,True,"",0,Arm
66.819999999997279,"VIPER-01","BANDIT-01",Locked,46966.211367555647,44.159547474043634,0.70861490527036963,True,True,"",0,Arm
66.819999999997279,"VIPER-02","BANDIT-01",Locked,37769.8627335219,50.576238429567027,0.78525114388731754,True,True,"AIM-120C",1,Arm
66.819999999997279,"BANDIT-01","VIPER-02",Locked,37769.8627335219,50.576238429567027,0.78525114388731754,True,True,"",0,Arm
66.819999999997279,"BANDIT-02","VIPER-02",Locked,36198.98715765807,507.23021441606437,0.79834177368618287,True,True,"",0,Arm
66.91999999999733,"VIPER-01","BANDIT-01",Locked,46961.907419634204,42.127217973685305,0.70865077150304834,True,True,"",0,Arm
66.91999999999733,"VIPER-02","BANDIT-01",Locked,37764.914489322342,48.58990604209567,0.78529237925564721,True,True,"AIM-120C",1,Arm
66.91999999999733,"BANDIT-01","VIPER-02",Locked,37764.914489322342,48.58990604209567,0.78529237925564721,True,True,"",0,Arm
66.91999999999733,"BANDIT-02","VIPER-02",Locked,36148.260285858873,507.29845928643471,0.79876449761784274,True,True,"",0,Arm
67.019999999997381,"VIPER-01","BANDIT-01",Locked,46957.805654595584,40.114315458456723,0.7086849528783703,True,True,"",0,Arm
67.019999999997381,"VIPER-02","BANDIT-01",Locked,37760.163791453961,46.6237032352447,0.78533196840455044,True,True,"AIM-120C",1,Arm
67.019999999997381,"BANDIT-01","VIPER-02",Locked,37760.163791453961,46.6237032352447,0.78533196840455044,True,True,"",0,Arm
67.019999999997381,"BANDIT-02","VIPER-02",Locked,36097.526596997544,507.3665668007763,0.7991872783583539,True,True,"",0,Arm
67.119999999997432,"VIPER-01","BANDIT-01",Locked,46953.90412093464,38.120998466898847,0.70871746565887817,True,True,"",0,Arm
67.119999999997432,"VIPER-02","BANDIT-01",Locked,37755.608617774356,44.677795488708938,0.78536992818521378,True,True,"AIM-120C",1,Arm
67.119999999997432,"BANDIT-01","VIPER-02",Locked,37755.608617774356,44.677795488708938,0.78536992818521378,True,True,"",0,Arm
67.119999999997432,"BANDIT-02","VIPER-02",Locked,36046.78610495069,507.43453443251542,0.79961011579207764,True,True,"",0,Arm
67.219999999997484,"VIPER-01","BANDIT-01",Locked,46950.20085121919,36.147429114535406,0.70874832623984019,True,True,"",0,Arm
67.219999999997484,"VIPER-02","BANDIT-01",Locked,37751.24692953351,42.752351398271166,0.78540627558722087,True,True,"AIM-120C",1,Arm
67.219999999997484,"BANDIT-01","VIPER-02",Locked,37751.24692953351,42.752351398271166,0.78540627558722087,True,True,"",0,Arm
67.219999999997484,"BANDIT-02","VIPER-02",Locked,35996.038823843446,507.50235962903361,0.80003300980130465,True,True,"",0,Arm
67.319999999997535,"VIPER-01","BANDIT-01",Locked,46946.693861179665,34.193780823290794,0.70877755115683616,True,True,"",0,Arm
67.319999999997535,"VIPER-02","BANDIT-01",Locked,37747.076670559472,40.847549653542167,0.78544102774533786,True,True,"AIM-120C",1,Arm
67.319999999997535,"BANDIT-01","VIPER-02",Locked,37747.076670559472,40.847549653542167,0.78544102774533786,True,True,"",0,Arm
67.319999999997535,"BANDIT-02","VIPER-02",Locked,35945.284768072321,507.57003959302045,0.80045596026606414,True,True,"",0,Arm
67.419999999997586,"VIPER-01","BANDIT-01",Locked,46943.38252771557,32.225671603782622,0.70880514560237029,True,True,"",0,Arm
67.419999999997586,"VIPER-02","BANDIT-01",Locked,37743.097177482217,38.928211524091338,0.7854741901876483,True,True,"AIM-120C",1,Arm
67.419999999997586,"BANDIT-01","VIPER-02",Locked,37743.097177482217,38.928211524091338,0.7854741901876483,True,True,"",0,Arm
67.419999999997586,"BANDIT-02","VIPER-02",Locked,35894.523952321724,507.637571337725,0.80087896706398576,True,True,"",0,Arm
67.519999999997637,"VIPER-01","BANDIT-01",Locked,46940.263987941878,30.310146464298668,0.70883113343381776,True,True,"",0,Arm
67.519999999997637,"VIPER-02","BANDIT-01",Locked,37739.305494342254,37.062948158564815,0.785505787547148,True,True,"AIM-120C",1,Arm
67.519999999997637,"BANDIT-01","VIPER-02",Locked,37739.305494342254,37.062948158564815,0.785505787547148,True,True,"",0,Arm
67.519999999997637,"BANDIT-02","VIPER-02",Locked,35843.756391578812,507.70495187190056,0.80130203007017664,True,True,"",0,Arm
67.619999999997688,"VIPER-01","BANDIT-02",Locked,44983.208835328129,497.13298564534688,0.72513992637226576,True,True,"AIM-120C",0,Arm
67.619999999997688,"VIPER-02","BANDIT-01",Locked,37735.699174345071,35.2189437154593,0.78553584021379119,True,True,"AIM-120C",1,Arm
67.619999999997688,"BANDIT-01","VIPER-02",Locked,37735.699174345071,35.2189437154593,0.78553584021379119,True,True,"",0,Arm
67.619999999997688,"BANDIT-02","VIPER-02",Locked,35792.980617354187,507.87122283102423,0.80172516152204854,True,True,"",0,Arm
67.719999999997739,"VIPER-01","BANDIT-02",Locked,44933.460425113626,497.77414453265618,0.72555449645738657,True,True,"AIM-120C",0,Arm
67.719999999997739,"VIPER-02","BANDIT-01",Locked,37732.276049066015,33.397139050679016,0.78556436625778336,True,True,"AIM-120C",1,Arm
67.719999999997739,"BANDIT-01","VIPER-02",Locked,37732.276049066015,33.397139050679016,0.78556436625778336,True,True,"",0,Arm
67.719999999997739,"BANDIT-02","VIPER-02",Locked,35742.161553848346,508.45551644049664,0.80214865371793054,True,True,"",0,Arm
67.81999999999779,"VIPER-01","BANDIT-02",Locked,44883.646743494159,498.43161586152809,0.72596961047088215,True,True,"AIM-120C",0,Arm
67.81999999999779,"VIPER-02","BANDIT-01",Locked,37729.033855651986,31.598135087026851,0.78559138453623356,True,True,"AIM-120C",1,Arm
67.81999999999779,"BANDIT-01","VIPER-02",Locked,37729.033855651986,31.598135087026851,0.78559138453623356,True,True,"",0,Arm
67.81999999999779,"BANDIT-02","VIPER-02",Locked,35691.282150208121,509.07233132135531,0.80257264874826573,True,True,"",0,Arm
67.919999999997842,"VIPER-01","BANDIT-02",Locked,44833.768309970743,499.06976040320984,0.72638526408357729,True,True,"AIM-120C",0,Arm
67.919999999997842,"VIPER-02","BANDIT-01",Locked,37725.970309336277,29.822000288496241,0.78561691408886447,True,True,"AIM-120C",1,Arm
67.919999999997842,"BANDIT-01","VIPER-02",Locked,37725.970309336277,29.822000288496241,0.78561691408886447,True,True,"",0,Arm
67.919999999997842,"BANDIT-02","VIPER-02",Locked,35640.340448051225,509.70003360183432,0.80299716293290646,True,True,"",0,Arm
68.019999999997893,"VIPER-01","BANDIT-02",Locked,44783.825858429511,499.7182666315714,0.72680145117975414,True,True,"AIM-120C",0,Arm
68.019999999997893,"VIPER-02","BANDIT-01",Locked,37723.083859684164,28.067893117824404,0.78564096783596538,True,True,"AIM-120C",1,Arm
68.019999999997893,"BANDIT-01","VIPER-02",Locked,37723.083859684164,28.067893117824404,0.78564096783596538,True,True,"",0,Arm
68.019999999997893,"BANDIT-02","VIPER-02",Locked,35589.334415138714,510.35949611881483,0.80342221320717755,True,True,"",0,Arm
68.119999999997944,"VIPER-01","BANDIT-02",Locked,44733.816443987394,500.40728301984808,0.7272181963001052,True,True,"AIM-120C",0,Arm
68.119999999997944,"VIPER-02","BANDIT-01",Locked,37720.372739592545,26.335524808699514,0.78566356050339548,True,True,"AIM-120C",1,Arm
68.119999999997944,"BANDIT-01","VIPER-02",Locked,37720.372739592545,26.335524808699514,0.78566356050339548,True,True,"",0,Arm
68.119999999997944,"BANDIT-02","VIPER-02",Locked,35538.260255123118,511.05778579650928,0.80384783120730741,True,True,"",0,Arm
68.219999999998,"VIPER-01","BANDIT-02",Locked,44683.73582625085,501.13650251049859,0.727635534781243,True,True,"AIM-120C",0,Arm
68.219999999998,"VIPER-02","BANDIT-01",Locked,37717.833597224679,24.626412105279581,0.78568472002312784,True,True,"AIM-120C",1,Arm
68.219999999998,"BANDIT-01","VIPER-02",Locked,37717.833597224679,24.626412105279581,0.78568472002312784,True,True,"",0,Arm
68.219999999998,"BANDIT-02","VIPER-02",Locked,35487.114597125576,511.7847761627857,0.80427404502395361,True,True,"",0,Arm
68.319999999998046,"VIPER-01","BANDIT-02",Locked,44633.604093448477,501.42155375447544,0.72805329922126272,True,True,"AIM-120C",0,Arm
68.319999999998046,"VIPER-02","BANDIT-01",Locked,37715.464112283815,22.940255733889327,0.7857044657309683,True,True,"AIM-120C",1,Arm
68.319999999998046,"BANDIT-01","VIPER-02",Locked,37715.464112283815,22.940255733889327,0.7857044657309683,True,True,"",0,Arm
68.319999999998046,"BANDIT-02","VIPER-02",Locked,35435.918360508615,512.06408355668759,0.804700680329095,True,True,"",0,Arm
68.4199999999981,"VIPER-01","BANDIT-02",Locked,44583.446120900728,501.69239984325117,0.72847128232582736,True,True,"AIM-120C",0,Arm
68.4199999999981,"VIPER-02","BANDIT-01",Locked,37713.262036924229,21.276373480134538,0.7857228163589649,True,True,"AIM-120C",1,Arm
68.4199999999981,"BANDIT-01","VIPER-02",Locked,37713.262036924229,21.276373480134538,0.7857228163589649,True,True,"",0,Arm
68.4199999999981,"BANDIT-02","VIPER-02",Locked,35384.6961210613,512.33599828691831,0.8051275323244893,True,True,"",0,Arm
68.519999999998149,"VIPER-01","BANDIT-02",Locked,44533.261245491762,501.99075818847865,0.728889489620902,True,True,"AIM-120C",0,Arm
68.519999999998149,"VIPER-02","BANDIT-01",Locked,37711.227098712036,19.595538386424181,0.78573977417739982,True,True,"AIM-120C",1,Arm
68.519999999998149,"BANDIT-01","VIPER-02",Locked,37711.227098712036,19.595538386424181,0.78573977417739982,True,True,"",0,Arm
68.519999999998149,"BANDIT-02","VIPER-02",Locked,35333.446421619308,512.64330385960614,0.80555461315317256,True,True,"",0,Arm
68.6199999999982,"VIPER-01","BANDIT-02",Locked,44483.049725553457,502.22651813718153,0.72930791895372127,True,True,"AIM-120C",0,Arm
68.6199999999982,"VIPER-02","BANDIT-01",Locked,37709.355324080585,17.974117489022035,0.78575537229932857,True,True,"AIM-120C",1,Arm
68.6199999999982,"BANDIT-01","VIPER-02",Locked,37709.355324080585,17.974117489022035,0.78575537229932857,True,True,"",0,Arm
68.6199999999982,"BANDIT-02","VIPER-02",Locked,35282.168952617372,512.89144255760527,0.80598192539485525,True,True,"",0,Arm
68.719999999998251,"VIPER-01","BANDIT-02",Locked,44432.813192444584,502.49264760252737,0.72972655672962849,True,True,"AIM-120C",0,Arm
68.719999999998251,"VIPER-02","BANDIT-01",Locked,37707.644449512823,16.375395551939558,0.78576962958739327,True,True,"AIM-120C",1,Arm
68.719999999998251,"BANDIT-01","VIPER-02",Locked,37707.644449512823,16.375395551939558,0.78576962958739327,True,True,"",0,Arm
68.719999999998251,"BANDIT-02","VIPER-02",Locked,35230.865243450084,513.16938941220815,0.80640945630458272,True,True,"",0,Arm
68.8199999999983,"VIPER-01","BANDIT-02",Locked,44382.553381180209,502.69355923812776,0.730145388490165,True,True,"AIM-120C",0,Arm
68.8199999999983,"VIPER-02","BANDIT-01",Locked,37706.092196446705,14.799525992848862,0.78578256502961086,True,True,"AIM-120C",1,Arm
68.8199999999983,"BANDIT-01","VIPER-02",Locked,37706.092196446705,14.799525992848862,0.78578256502961086,True,True,"",0,Arm
68.8199999999983,"BANDIT-02","VIPER-02",Locked,35179.537163674708,513.380670047862,0.80683719030271084,True,True,"",0,Arm
68.919999999998353,"VIPER-01","BANDIT-02",Locked,44332.273215858069,502.87309622783681,0.73056438986784955,True,True,"AIM-120C",0,Arm
68.919999999998353,"VIPER-02","BANDIT-01",Locked,37704.697894535195,13.244768482262899,0.78579418421220681,True,True,"AIM-120C",1,Arm
68.919999999998353,"BANDIT-01","VIPER-02",Locked,37704.697894535195,13.244768482262899,0.78579418421220681,True,True,"",0,Arm
68.919999999998353,"BANDIT-02","VIPER-02",Locked,35128.187673354871,513.57128640270025,0.80726510272204277,True,True,"",0,Arm
69.0199999999984,"VIPER-01","BANDIT-02",Locked,44281.973608571192,503.07510066190054,0.73098355326190689,True,True,"AIM-120C",0,Arm
69.0199999999984,"VIPER-02","BANDIT-01",Locked,37703.458243701738,11.712633648744816,0.785804514635819,True,True,"AIM-120C",1,Arm
69.0199999999984,"BANDIT-01","VIPER-02",Locked,37703.458243701738,11.712633648744816,0.785804514635819,True,True,"",0,Arm
69.0199999999984,"BANDIT-02","VIPER-02",Locked,35076.817493299866,513.78713661820689,0.80769318755583452,True,True,"",0,Arm
69.119999999998456,"VIPER-01","BANDIT-02",Locked,44231.658514164526,503.20431960642526,0.73140284571529568,True,True,"AIM-120C",0,Arm
69.119999999998456,"VIPER-02","BANDIT-01",Locked,37702.370548653416,10.203694091033658,0.7858135787612216,True,True,"AIM-120C",1,Arm
69.119999999998456,"BANDIT-01","VIPER-02",Locked,37702.370548653416,10.203694091033658,0.7858135787612216,True,True,"",0,Arm
69.119999999998456,"BANDIT-02","VIPER-02",Locked,35025.430265463787,513.93337997851177,0.80812141445446861,True,True,"",0,Arm
69.2199999999985,"VIPER-01","BANDIT-02",Locked,44181.328104661545,503.35601798269533,0.73182226579448728,True,True,"AIM-120C",0,Arm
69.2199999999985,"VIPER-02","BANDIT-01",Locked,37701.432482454125,8.7180829270639943,0.785821395979549,True,True,"AIM-120C",1,Arm
69.2199999999985,"BANDIT-01","VIPER-02",Locked,37701.432482454125,8.7180829270639943,0.785821395979549,True,True,"",0,Arm
69.2199999999985,"BANDIT-02","VIPER-02",Locked,34974.02587838866,514.10445932425159,0.80854978434676128,True,True,"",0,Arm
69.319999999998558,"VIPER-01","BANDIT-02",Locked,44130.986615201051,503.484896164543,0.73224177820665792,True,True,"AIM-120C",0,Arm
69.319999999998558,"VIPER-02","BANDIT-01",Locked,37700.643790972994,7.2141184229984088,0.78582796840855851,True,True,"AIM-120C",1,Arm
69.319999999998558,"BANDIT-01","VIPER-02",Locked,37700.643790972994,7.2141184229984088,0.78582796840855851,True,True,"",0,Arm
69.319999999998558,"BANDIT-02","VIPER-02",Locked,34922.60839899713,514.25412199767186,0.80897826334169065,True,True,"",0,Arm
69.419999999998609,"VIPER-01","BANDIT-02",Locked,44080.634869164714,503.54456025484853,0.73266137609029414,True,True,"AIM-120C",0,Arm
69.419999999998609,"VIPER-02","BANDIT-01",Locked,37700.000286636554,5.7729163039483362,0.78583333094469543,True,True,"AIM-120C",1,Arm
69.419999999998609,"BANDIT-01","VIPER-02",Locked,37700.000286636554,5.7729163039483362,0.78583333094469543,True,True,"",0,Arm
69.419999999998609,"BANDIT-02","VIPER-02",Locked,34871.178544087925,514.335272949466,0.809406845465934,True,True,"",0,Arm
69.51999999999866,"VIPER-01","BANDIT-02",Locked,44030.276080362986,503.62786131911179,0.73308103266364188,True,True,"AIM-120C",0,Arm
69.51999999999866,"VIPER-02","BANDIT-01",Locked,37699.4996092611,4.3553528159081436,0.78583750325615753,True,True,"AIM-120C",1,Arm
69.51999999999866,"BANDIT-01","VIPER-02",Locked,37699.4996092611,4.3553528159081436,0.78583750325615753,True,True,"",0,Arm
69.51999999999866,"BANDIT-02","VIPER-02",Locked,34819.739422019644,514.44151730740623,0.80983550481650313,True,True,"",0,Arm
69.619999999998711,"VIPER-01","BANDIT-02",Locked,43979.912203985448,503.639207241625,0.73350073163345475,True,True,"AIM-120C",0,Arm
69.619999999998711,"VIPER-02","BANDIT-01",Locked,37699.139387346753,2.9615516382817852,0.78584050510544379,True,True,"AIM-120C",1,Arm
69.619999999998711,"BANDIT-01","VIPER-02",Locked,37699.139387346753,2.9615516382817852,0.78584050510544379,True,True,"",0,Arm
69.619999999998711,"BANDIT-02","VIPER-02",Locked,34768.292840686838,514.47726175077958,0.81026422632760975,True,True,"",0,Arm
69.719999999998763,"VIPER-01","BANDIT-02",Locked,43929.545813375022,503.67132453209882,0.73392045155520824,True,True,"AIM-120C",0,Arm
69.719999999998763,"VIPER-02","BANDIT-01",Locked,37698.91940365512,1.5892117338536982,0.78584233830287409,True,True,"AIM-120C",1,Arm
69.719999999998763,"BANDIT-01","VIPER-02",Locked,37698.91940365512,1.5892117338536982,0.78584233830287409,True,True,"",0,Arm
69.719999999998763,"BANDIT-02","VIPER-02",Locked,34716.841189895327,514.53585291050763,0.8106929900842057,True,True,"",0,Arm
69.819999999998814,"VIPER-01","BANDIT-02",Locked,43879.179533473987,503.67720224416803,0.7343401705543835,True,True,"AIM-120C",0,Arm
69.819999999998814,"VIPER-02","BANDIT-01",Locked,37698.835353607239,0.24081528572331629,0.78584303871993977,True,True,"AIM-120C",1,Arm
69.819999999998814,"BANDIT-01","VIPER-02",Locked,37698.835353607239,0.24081528572331629,0.78584303871993977,True,True,"",0,Arm
69.819999999998814,"BANDIT-02","VIPER-02",Locked,34665.386913544484,514.56998189291244,0.81112177572046273,True,True,"",0,Arm
69.919999999998865,"VIPER-01","BANDIT-02",Locked,43828.815484986771,503.61067764365566,0.73475987095844364,True,True,"AIM-120C",0,Arm
69.919999999998865,"VIPER-02","BANDIT-01",Locked,37698.8848358639,-1.0835089908901534,0.78584262636780089,True,True,"AIM-120C",1,Arm
69.919999999998865,"BANDIT-01","VIPER-02",Locked,37698.8848358639,-1.0835089908901534,0.78584262636780089,True,True,"",0,Arm
69.919999999998865,"BANDIT-02","VIPER-02",Locked,34613.93196880239,514.53296027511351,0.81155056692664684,True,True,"",0,Arm
70.019999999998916,"VIPER-01","BANDIT-02",Locked,43778.456193642662,503.56593955584083,0.73517953171964456,True,True,"AIM-120C",0,Arm
70.019999999998916,"VIPER-02","BANDIT-01",Locked,37699.066285773879,-2.4259919791052376,0.78584111428521775,True,True,"AIM-120C",1,Arm
70.019999999998916,"BANDIT-01","VIPER-02",Locked,37699.066285773879,-2.4259919791052376,0.78584111428521775,True,True,"",0,Arm
70.019999999998916,"BANDIT-02","VIPER-02",Locked,34562.478737165977,514.51934125034029,0.81197934385695025,True,True,"",0,Arm
70.119999999998967,"VIPER-01","BANDIT-02",Locked,43728.104146999176,503.49634090300333,0.73559913210834027,True,True,"AIM-120C",0,Arm
70.119999999998967,"VIPER-02","BANDIT-01",Locked,37699.377882809014,-3.7045683321475873,0.78583851764325829,True,True,"AIM-120C",1,Arm
70.119999999998967,"BANDIT-01","VIPER-02",Locked,37699.377882809014,-3.7045683321475873,0.78583851764325829,True,True,"",0,Arm
70.119999999998967,"BANDIT-02","VIPER-02",Locked,34511.029572669649,514.48219174607959,0.81240808689441968,True,True,"",0,Arm
70.219999999999018,"VIPER-01","BANDIT-02",Locked,43677.761834147386,503.35506401434151,0.7360186513821052,True,True,"AIM-120C",0,Arm
70.219999999999018,"VIPER-02","BANDIT-01",Locked,37699.816005549685,-4.9588146340868784,0.78583486662041935,True,True,"AIM-120C",1,Arm
70.219999999999018,"BANDIT-01","VIPER-02",Locked,37699.816005549685,-4.9588146340868784,0.78583486662041935,True,True,"",0,Arm
70.219999999999018,"BANDIT-02","VIPER-02",Locked,34459.586836335744,514.3744102906968,0.81283677636386886,True,True,"",0,Arm
70.319999999999069,"VIPER-01","BANDIT-02",Locked,43627.431305593585,503.23518628731654,0.73643807245338688,True,True,"AIM-120C",0,Arm
70.319999999999069,"VIPER-02","BANDIT-01",Locked,37700.37821767477,-6.1886610235868584,0.785830181519377,True,True,"AIM-120C",1,Arm
70.319999999999069,"BANDIT-01","VIPER-02",Locked,37700.37821767477,-6.1886610235868584,0.785830181519377,True,True,"",0,Arm
70.319999999999069,"BANDIT-02","VIPER-02",Locked,34408.152439386693,514.2896361796719,0.8132653963384443,True,True,"",0,Arm
70.419999999999121,"VIPER-01","BANDIT-02",Locked,43577.115563244886,503.08988655749033,0.73685737030629272,True,True,"AIM-120C",0,Arm
70.419999999999121,"VIPER-02","BANDIT-01",Locked,37701.063401680149,-7.3955085715824955,0.78582447165266545,True,True,"AIM-120C",1,Arm
70.419999999999121,"BANDIT-01","VIPER-02",Locked,37701.063401680149,-7.3955085715824955,0.78582447165266545,True,True,"",0,Arm
70.419999999999121,"BANDIT-02","VIPER-02",Locked,34356.729250892873,514.18078230629317,0.81369392290922615,True,True,"",0,Arm
70.519999999999172,"VIPER-01","BANDIT-02",Locked,43526.817143059852,502.9191735601737,0.7372765238078347,True,True,"AIM-120C",0,Arm
70.519999999999172,"VIPER-02","BANDIT-01",Locked,37701.868866332057,-8.5787928270257723,0.78581775944723287,True,True,"AIM-120C",1,Arm
70.519999999999172,"BANDIT-01","VIPER-02",Locked,37701.868866332057,-8.5787928270257723,0.78581775944723287,True,True,"",0,Arm
70.519999999999172,"BANDIT-02","VIPER-02",Locked,34305.31968108342,514.047812855374,0.81412233599097161,True,True,"",0,Arm
70.619999999999223,"VIPER-01","BANDIT-02",Locked,43476.5381148846,502.67674038338833,0.737695515709295,True,True,"AIM-120C",0,Arm
70.619999999999223,"VIPER-02","BANDIT-01",Locked,37702.791319175121,-9.7374302790339851,0.78581007234020739,True,True,"AIM-120C",1,Arm
70.619999999999223,"BANDIT-01","VIPER-02",Locked,37702.791319175121,-9.7374302790339851,0.78581007234020739,True,True,"",0,Arm
70.619999999999223,"BANDIT-02","VIPER-02",Locked,34253.92567225574,513.84396114432275,0.81455061939786888,True,True,"",0,Arm
70.719999999999274,"VIPER-01","BANDIT-02",Locked,43426.280547738665,502.45539932885663,0.73811432876884453,True,True,"AIM-120C",0,Arm
70.719999999999274,"VIPER-02","BANDIT-01",Locked,37703.828292787053,-10.871371370554106,0.78580143089344134,True,True,"AIM-120C",1,Arm
70.719999999999274,"BANDIT-01","VIPER-02",Locked,37703.828292787053,-10.871371370554106,0.78580143089344134,True,True,"",0,Arm
70.719999999999274,"BANDIT-02","VIPER-02",Locked,34202.549172275823,513.66268076733263,0.81497875689770161,True,True,"",0,Arm
70.819999999999325,"VIPER-01","BANDIT-02",Locked,43376.047440798844,502.20865945128327,0.73853293799334307,True,True,"AIM-120C",0,Arm
70.819999999999325,"VIPER-02","BANDIT-01",Locked,37704.979594805176,-12.026239151868969,0.785791836709957,True,True,"AIM-120C",1,Arm
70.819999999999325,"BANDIT-01","VIPER-02",Locked,37704.979594805176,-12.026239151868969,0.785791836709957,True,True,"",0,Arm
70.819999999999325,"BANDIT-02","VIPER-02",Locked,34151.19306823759,513.45715900242271,0.81540672443135354,True,True,"",0,Arm
70.919999999999376,"VIPER-01","BANDIT-02",Locked,43325.84133157281,501.93650198867664,0.7389513222368933,True,True,"AIM-120C",0,Arm
70.919999999999376,"VIPER-02","BANDIT-01",Locked,37706.240720612928,-13.113240982222411,0.7857813273282257,True,True,"AIM-120C",1,Arm
70.919999999999376,"BANDIT-01","VIPER-02",Locked,37706.240720612928,-13.113240982222411,0.7857813273282257,True,True,"",0,Arm
70.919999999999376,"BANDIT-02","VIPER-02",Locked,34099.8597849585,513.22734926467638,0.81583450179201256,True,True,"",0,Arm
71.019999999999428,"VIPER-01","BANDIT-02",Locked,43275.664756895516,501.6389482266564,0.73936946035920414,True,True,"AIM-120C",0,Arm
71.019999999999428,"VIPER-02","BANDIT-01",Locked,37707.609183790941,-14.175352213627479,0.7857699234684089,True,True,"AIM-120C",1,Arm
71.019999999999428,"BANDIT-01","VIPER-02",Locked,37707.609183790941,-14.175352213627479,0.7857699234684089,True,True,"",0,Arm
71.019999999999428,"BANDIT-02","VIPER-02",Locked,34048.551749940867,512.973234940912,0.8162620687504929,True,True,"",0,Arm
71.119999999999479,"VIPER-01","BANDIT-02",Locked,43225.519788245954,501.31606456343707,0.73978733509795047,True,True,"AIM-120C",0,Arm
71.119999999999479,"VIPER-02","BANDIT-01",Locked,37709.082940729058,-15.213017705459864,0.78575764216059119,True,True,"AIM-120C",1,Arm
71.119999999999479,"BANDIT-01","VIPER-02",Locked,37709.082940729058,-15.213017705459864,0.78575764216059119,True,True,"",0,Arm
71.119999999999479,"BANDIT-02","VIPER-02",Locked,33997.270928667975,512.69478929286186,0.816689408927767,True,True,"",0,Arm
71.21999999999953,"VIPER-01","BANDIT-02",Locked,43175.408956329127,500.9678798622059,0.740204925363924,True,True,"AIM-120C",0,Arm
71.21999999999953,"VIPER-02","BANDIT-01",Locked,37710.660996074344,-16.227687511000394,0.78574449169938054,True,True,"AIM-120C",1,Arm
71.21999999999953,"BANDIT-01","VIPER-02",Locked,37710.660996074344,-16.227687511000394,0.78574449169938054,True,True,"",0,Arm
71.21999999999953,"BANDIT-02","VIPER-02",Locked,33946.019751719963,512.39200340601269,0.81711650206900033,True,True,"",0,Arm
71.319999999999581,"VIPER-01","BANDIT-02",Locked,43125.3347865807,500.54864777070782,0.74062221011182761,True,True,"AIM-120C",0,Arm
71.319999999999581,"VIPER-02","BANDIT-01",Locked,37712.339153542838,-17.217292265451754,0.78573050705380976,True,True,"AIM-120C",1,Arm
71.319999999999581,"BANDIT-01","VIPER-02",Locked,37712.339153542838,-17.217292265451754,0.78573050705380976,True,True,"",0,Arm
71.319999999999581,"BANDIT-02","VIPER-02",Locked,33894.800653571256,512.01863114731464,0.81754332788690631,True,True,"",0,Arm
71.419999999999632,"VIPER-01","BANDIT-02",Locked,43075.299808203388,500.14996394508285,0.74103916826497185,True,True,"AIM-120C",0,Arm
71.419999999999632,"VIPER-02","BANDIT-01",Locked,37714.1149052908,-18.181807270748141,0.78571570912257682,True,True,"AIM-120C",1,Arm
71.419999999999632,"BANDIT-01","VIPER-02",Locked,37714.1149052908,-18.181807270748141,0.78571570912257682,True,True,"",0,Arm
71.419999999999632,"BANDIT-02","VIPER-02",Locked,33843.616069334777,511.66716832119863,0.817969866088877,True,True,"",0,Arm
71.519999999999683,"VIPER-01","BANDIT-02",Locked,43025.306092628249,499.72599074083382,0.74145578256143141,True,True,"AIM-120C",0,Arm
71.519999999999683,"VIPER-02","BANDIT-01",Locked,37715.987606114242,-19.167905754343661,0.78570010328238138,True,True,"AIM-120C",1,Arm
71.519999999999683,"BANDIT-01","VIPER-02",Locked,37715.987606114242,-19.167905754343661,0.78570010328238138,True,True,"",0,Arm
71.519999999999683,"BANDIT-02","VIPER-02",Locked,33792.467979564884,511.29124722180171,0.81839610017029274,True,True,"",0,Arm
71.619999999999735,"VIPER-01","BANDIT-02",Locked,42975.356168299426,499.27674208609437,0.74187203193083828,True,True,"AIM-120C",0,Arm
71.619999999999735,"VIPER-02","BANDIT-01",Locked,37717.953571203027,-20.08473838334325,0.7856837202399749,True,True,"AIM-120C",1,Arm
71.619999999999735,"BANDIT-01","VIPER-02",Locked,37717.953571203027,-20.08473838334325,0.7856837202399749,True,True,"",0,Arm
71.619999999999735,"BANDIT-02","VIPER-02",Locked,33741.358830972618,510.89085511515231,0.818822009741895,True,True,"",0,Arm
71.719999999999786,"VIPER-01","BANDIT-02",Locked,42925.453472163266,498.80220374279617,0.74228788773197285,True,True,"AIM-120C",0,Arm
71.719999999999786,"VIPER-02","BANDIT-01",Locked,37720.009839164108,-20.976356578225577,0.7856665846736326,True,True,"AIM-120C",1,Arm
71.719999999999786,"BANDIT-01","VIPER-02",Locked,37720.009839164108,-20.976356578225577,0.7856665846736326,True,True,"",0,Arm
71.719999999999786,"BANDIT-02","VIPER-02",Locked,33690.291984437587,510.46604835716795,0.81924756679635347,True,True,"",0,Arm
71.819999999999837,"VIPER-01","BANDIT-02",Locked,42875.599618784552,498.30243737749828,0.74270333651012876,True,True,"AIM-120C",0,Arm
71.819999999999837,"VIPER-02","BANDIT-01",Locked,37722.153885459258,-21.842710774382127,0.78564871762117294,True,True,"AIM-120C",1,Arm
71.819999999999837,"BANDIT-01","VIPER-02",Locked,37722.153885459258,-21.842710774382127,0.78564871762117294,True,True,"",0,Arm
71.819999999999837,"BANDIT-02","VIPER-02",Locked,33639.268966350806,510.01675404649859,0.81967275861374334,True,True,"",0,Arm
71.919999999999888,"VIPER-01","BANDIT-02",Locked,42825.797129885352,497.77746291802254,0.74311835725095543,True,True,"AIM-120C",0,Arm
71.919999999999888,"VIPER-02","BANDIT-01",Locked,37724.385604760013,-22.686323928839556,0.78563011996033327,True,True,"AIM-120C",1,Arm
71.919999999999888,"BANDIT-01","VIPER-02",Locked,37724.385604760013,-22.686323928839556,0.78563011996033327,True,True,"",0,Arm
71.919999999999888,"BANDIT-02","VIPER-02",Locked,33588.292226108526,509.54295971127692,0.82009756478242912,True,True,"",0,Arm
72.019999999999939,"VIPER-01","BANDIT-02",Locked,42776.0485248191,497.22730575002015,0.74353292895984091,True,True,"AIM-120C",0,Arm
72.019999999999939,"VIPER-02","BANDIT-01",Locked,37726.700304318736,-23.504611253132069,0.785610830797344,True,True,"AIM-120C",1,Arm
72.019999999999939,"BANDIT-01","VIPER-02",Locked,37726.700304318736,-23.504611253132069,0.785610830797344,True,True,"",0,Arm
72.019999999999939,"BANDIT-02","VIPER-02",Locked,33537.364214030044,509.04465778892046,0.820521964883083,True,True,"",0,Arm
72.11999999999999,"VIPER-01","BANDIT-02",Locked,42726.355419084517,496.65203890693596,0.74394703817429586,True,True,"AIM-120C",0,Arm
72.11999999999999,"VIPER-02","BANDIT-01",Locked,37729.095448119195,-24.297521411260107,0.7855908712656734,True,True,"AIM-120C",1,Arm
72.11999999999999,"BANDIT-01","VIPER-02",Locked,37729.095448119195,-24.297521411260107,0.7855908712656734,True,True,"",0,Arm
72.11999999999999,"BANDIT-02","VIPER-02",Locked,33486.486475909951,508.52178811662361,0.82094594603408377,True,True,"",0,Arm
72.220000000000041,"VIPER-01","BANDIT-02",Locked,42676.721225376437,496.05165635463948,0.74436065645519645,True,True,"AIM-120C",0,Arm
72.220000000000041,"VIPER-02","BANDIT-01",Locked,37731.569439661915,-25.112111288154921,0.78557025466948416,True,True,"AIM-120C",1,Arm
72.220000000000041,"BANDIT-01","VIPER-02",Locked,37731.569439661915,-25.112111288154921,0.78557025466948416,True,True,"",0,Arm
72.220000000000041,"BANDIT-02","VIPER-02",Locked,33435.662375416439,507.97441723447275,0.82136948020486311,True,True,"",0,Arm
72.320000000000093,"VIPER-01","BANDIT-02",Locked,42627.148107422807,495.46716737636808,0.74477376577147669,True,True,"AIM-120C",0,Arm
72.320000000000093,"VIPER-02","BANDIT-01",Locked,37734.120394687227,-25.856936354468385,0.78554899671093992,True,True,"AIM-120C",1,Arm
72.320000000000093,"BANDIT-01","VIPER-02",Locked,37734.120394687227,-25.856936354468385,0.78554899671093992,True,True,"",0,Arm
72.320000000000093,"BANDIT-02","VIPER-02",Locked,33384.893911498963,507.44766303234468,0.82179255073750879,True,True,"",0,Arm
72.420000000000144,"VIPER-01","BANDIT-02",Locked,42577.639944760085,494.79039241933651,0.74518633379366606,True,True,"AIM-120C",0,Arm
72.420000000000144,"VIPER-02","BANDIT-01",Locked,37736.744438570946,-26.576324678595689,0.78552712967857552,True,True,"AIM-120C",1,Arm
72.420000000000144,"BANDIT-01","VIPER-02",Locked,37736.744438570946,-26.576324678595689,0.78552712967857552,True,True,"",0,Arm
72.420000000000144,"BANDIT-02","VIPER-02",Locked,33334.183541391067,506.85108716816012,0.82221513715507455,True,True,"",0,Arm
72.5200000000002,"VIPER-01","BANDIT-02",Locked,42528.201738429758,494.06692728726836,0.74559831884641881,True,True,"AIM-120C",0,Arm
72.5200000000002,"VIPER-02","BANDIT-01",Locked,37739.439028531946,-27.270276844262007,0.78550467476223385,True,True,"AIM-120C",1,Arm
72.5200000000002,"BANDIT-01","VIPER-02",Locked,37739.439028531946,-27.270276844262007,0.78550467476223385,True,True,"",0,Arm
72.5200000000002,"BANDIT-02","VIPER-02",Locked,33283.533720358311,506.22997858255843,0.82263721899701414,True,True,"",0,Arm
72.620000000000246,"VIPER-01","BANDIT-02",Locked,42478.836924975323,493.31757135378319,0.74600969229187242,True,True,"AIM-120C",0,Arm
72.620000000000246,"VIPER-02","BANDIT-01",Locked,37742.2035877146,-27.940854846161194,0.78548163676904514,True,True,"AIM-120C",1,Arm
72.620000000000246,"BANDIT-01","VIPER-02",Locked,37742.2035877146,-27.940854846161194,0.78548163676904514,True,True,"",0,Arm
72.620000000000246,"BANDIT-02","VIPER-02",Locked,33232.946903825024,505.58435634168973,0.82305877580145825,True,True,"",0,Arm
72.7200000000003,"VIPER-01","BANDIT-02",Locked,42429.547918986042,492.54424793083723,0.74642043400844971,True,True,"AIM-120C",0,Arm
72.7200000000003,"VIPER-02","BANDIT-01",Locked,37745.034332337,-28.58649541934712,0.785458047230525,True,True,"AIM-120C",1,Arm
72.7200000000003,"BANDIT-01","VIPER-02",Locked,37745.034332337,-28.58649541934712,0.785458047230525,True,True,"",0,Arm
72.7200000000003,"BANDIT-02","VIPER-02",Locked,33182.425544401551,504.91423308797704,0.82347978712998715,True,True,"",0,Arm
72.820000000000348,"VIPER-01","BANDIT-02",Locked,42380.336682253423,491.74694739767222,0.74683052764788815,True,True,"AIM-120C",0,Arm
72.820000000000348,"VIPER-02","BANDIT-01",Locked,37747.928249793978,-29.206664959410762,0.7854339312517169,True,True,"AIM-120C",1,Arm
72.820000000000348,"BANDIT-01","VIPER-02",Locked,37747.928249793978,-29.206664959410762,0.7854339312517169,True,True,"",0,Arm
72.820000000000348,"BANDIT-02","VIPER-02",Locked,33131.971651491847,504.21958338365073,0.823900236237568,True,True,"",0,Arm
72.9200000000004,"VIPER-01","BANDIT-02",Locked,42331.206052819529,490.92573824426893,0.74723994955983741,True,True,"AIM-120C",0,Arm
72.9200000000004,"VIPER-02","BANDIT-01",Locked,37750.883269603037,-29.849025223835394,0.78540930608664139,True,True,"AIM-120C",1,Arm
72.9200000000004,"BANDIT-01","VIPER-02",Locked,37750.883269603037,-29.849025223835394,0.78540930608664139,True,True,"",0,Arm
72.9200000000004,"BANDIT-02","VIPER-02",Locked,33081.588125113376,503.50045362920713,0.82432009895738867,True,True,"",0,Arm
73.020000000000451,"VIPER-01","BANDIT-02",Locked,42282.157553732221,490.12410266554713,0.74764868705223164,True,True,"AIM-120C",0,Arm
73.020000000000451,"VIPER-02","BANDIT-01",Locked,37753.898432858,-30.420940973003198,0.78538417972618346,True,True,"AIM-120C",1,Arm
73.020000000000451,"BANDIT-01","VIPER-02",Locked,37753.898432858,-30.420940973003198,0.78538417972618346,True,True,"",0,Arm
73.020000000000451,"BANDIT-02","VIPER-02",Locked,33031.276533352677,502.8009625720909,0.82473936222206112,True,True,"",0,Arm
73.1200000000005,"VIPER-01","BANDIT-02",Locked,42233.1940178965,489.2549314491755,0.74805671651752925,True,True,"AIM-120C",0,Arm
73.1200000000005,"VIPER-02","BANDIT-01",Locked,37756.969391570929,-30.9673738487658,0.78535858840357564,True,True,"AIM-120C",1,Arm
73.1200000000005,"BANDIT-01","VIPER-02",Locked,37756.969391570929,-30.9673738487658,0.78535858840357564,True,True,"",0,Arm
73.1200000000005,"BANDIT-02","VIPER-02",Locked,32981.039775947524,502.03266605038533,0.82515800186710409,True,True,"",0,Arm
73.220000000000553,"VIPER-01","BANDIT-02",Locked,42184.317835515714,488.36195384437679,0.74846401803736917,True,True,"AIM-120C",0,Arm
73.220000000000553,"VIPER-02","BANDIT-01",Locked,37760.093598716136,-31.488343741053974,0.78533255334403229,True,True,"AIM-120C",1,Arm
73.220000000000553,"BANDIT-01","VIPER-02",Locked,37760.093598716136,-31.488343741053974,0.78533255334403229,True,True,"",0,Arm
73.220000000000553,"BANDIT-02","VIPER-02",Locked,32930.880305937804,501.23991888857324,0.82557599745051835,True,True,"",0,Arm
73.3200000000006,"VIPER-01","BANDIT-02",Locked,42135.531391979537,487.445215768508,0.748870571733504,True,True,"AIM-120C",0,Arm
73.3200000000006,"VIPER-02","BANDIT-01",Locked,37763.26949215855,-31.984908391731675,0.78530608756534548,True,True,"AIM-120C",1,Arm
73.3200000000006,"BANDIT-01","VIPER-02",Locked,37763.26949215855,-31.984908391731675,0.78530608756534548,True,True,"",0,Arm
73.3200000000006,"BANDIT-02","VIPER-02",Locked,32880.800573670538,500.42274729317825,0.82599332855274565,True,True,"",0,Arm
73.420000000000655,"VIPER-01","BANDIT-02",Locked,42086.836640281945,486.54753240921178,0.74927636133098385,True,True,"AIM-120C",0,Arm
73.420000000000655,"VIPER-02","BANDIT-01",Locked,37766.495203415281,-32.457596431840038,0.78527920663820616,True,True,"AIM-120C",1,Arm
73.420000000000655,"BANDIT-01","VIPER-02",Locked,37766.495203415281,-32.457596431840038,0.78527920663820616,True,True,"",0,Arm
73.420000000000655,"BANDIT-02","VIPER-02",Locked,32830.802591871572,499.624663659918,0.82640997840107033,True,True,"",0,Arm
73.5200000000007,"VIPER-01","BANDIT-02",Locked,42038.235963109109,485.5831712952434,0.74968136697409082,True,True,"AIM-120C",0,Arm
73.5200000000007,"VIPER-02","BANDIT-01",Locked,37769.766790899492,-32.904834096031884,0.78525194340917093,True,True,"AIM-120C",1,Arm
73.5200000000007,"BANDIT-01","VIPER-02",Locked,37769.766790899492,-32.904834096031884,0.78525194340917093,True,True,"",0,Arm
73.5200000000007,"BANDIT-02","VIPER-02",Locked,32780.888811705867,498.75849875922057,0.8268259265691178,True,True,"",0,Arm
73.620000000000758,"VIPER-01","BANDIT-02",Locked,41989.731737317205,484.59518282889951,0.75008556885569,True,True,"AIM-120C",0,Arm
73.620000000000758,"VIPER-02","BANDIT-01",Locked,37773.081711611958,-33.326654893056485,0.78522431906990042,True,True,"AIM-120C",1,Arm
73.620000000000758,"BANDIT-01","VIPER-02",Locked,37773.081711611958,-33.326654893056485,0.78522431906990042,True,True,"",0,Arm
73.620000000000758,"BANDIT-02","VIPER-02",Locked,32731.061680128016,497.867989655765,0.82724115266559994,True,True,"",0,Arm
73.720000000000809,"VIPER-01","BANDIT-02",Locked,41941.326334508914,483.58361655615494,0.75048894721242587,True,True,"AIM-120C",0,Arm
73.720000000000809,"VIPER-02","BANDIT-01",Locked,37776.439957746581,-33.773753758156708,0.78519633368544528,True,True,"AIM-120C",1,Arm
73.720000000000809,"BANDIT-01","VIPER-02",Locked,37776.439957746581,-33.773753758156708,0.78519633368544528,True,True,"",0,Arm
73.720000000000809,"BANDIT-02","VIPER-02",Locked,32681.323640392642,496.95317084009622,0.82765563633006134,True,True,"",0,Arm
73.82000000000086,"VIPER-01","BANDIT-02",Locked,41893.021701574857,482.59051142517711,0.75089148582020959,True,True,"AIM-120C",0,Arm
73.82000000000086,"VIPER-02","BANDIT-01",Locked,37779.836720403619,-34.147446629346078,0.78516802732996993,True,True,"AIM-120C",1,Arm
73.82000000000086,"BANDIT-01","VIPER-02",Locked,37779.836720403619,-34.147446629346078,0.78516802732996993,True,True,"",0,Arm
73.82000000000086,"BANDIT-02","VIPER-02",Locked,32631.67670505452,496.056831233718,0.82806936079121241,True,True,"",0,Arm
73.920000000000911,"VIPER-01","BANDIT-02",Locked,41844.820625136512,481.53171258314006,0.75129316145719582,True,True,"AIM-120C",0,Arm
73.920000000000911,"VIPER-02","BANDIT-01",Locked,37783.269461611337,-34.49577391137457,0.785139421153239,True,True,"AIM-120C",1,Arm
73.920000000000911,"BANDIT-01","VIPER-02",Locked,37783.269461611337,-34.49577391137457,0.785139421153239,True,True,"",0,Arm
73.920000000000911,"BANDIT-02","VIPER-02",Locked,32582.123743777796,495.09326833033725,0.82848230213518514,True,True,"",0,Arm
74.020000000000962,"VIPER-01","BANDIT-02",Locked,41796.725044848441,480.49110318824228,0.75169395795959648,True,True,"AIM-120C",0,Arm
74.020000000000962,"VIPER-02","BANDIT-02",Locked,32532.6666966244,494.15484604695325,0.82889444419479674,True,True,"AIM-120C",0,Arm
74.020000000000962,"BANDIT-01","VIPER-02",Locked,37786.736064861223,-34.8118929907073,0.78511053279282317,True,True,"",0,Arm
74.020000000000962,"BANDIT-02","VIPER-02",Locked,32532.6666966244,494.15484604695325,0.82889444419479674,True,True,"",0,Arm
74.120000000001014,"VIPER-01","BANDIT-02",Locked,41748.737730379515,479.38532395688338,0.75209385224683745,True,True,"AIM-120C",0,Arm
74.120000000001014,"VIPER-02","BANDIT-02",Locked,32483.304045586592,493.21208714563784,0.82930579962011186,True,True,"AIM-120C",0,Arm
74.120000000001014,"BANDIT-01","VIPER-02",Locked,37790.231106651845,-35.040608655493386,0.785081407444568,True,True,"",0,Arm
74.120000000001014,"BANDIT-02","VIPER-02",Locked,32483.304045586592,493.21208714563784,0.82930579962011186,True,True,"",0,Arm
74.220000000001065,"VIPER-01","BANDIT-02",Locked,41700.8606120644,478.25626120897465,0.75249282823279673,True,True,"AIM-120C",0,Arm
74.220000000001065,"VIPER-02","BANDIT-02",Locked,32434.035318761638,492.24490173989574,0.82971637234365314,True,True,"AIM-120C",0,Arm
74.220000000001065,"BANDIT-01","VIPER-02",Locked,37793.747659394932,-35.244478783533424,0.78505210283837568,True,True,"",0,Arm
74.220000000001065,"BANDIT-02","VIPER-02",Locked,32434.035318761638,492.24490173989574,0.82971637234365314,True,True,"",0,Arm
74.320000000001116,"VIPER-01","BANDIT-02",Locked,41653.095213336557,477.14490642216606,0.7528908732221955,True,True,"AIM-120C",0,Arm
74.320000000001116,"VIPER-02","BANDIT-02",Locked,32384.862134592004,491.2951321999397,0.83012614887840008,True,True,"AIM-120C",0,Arm
74.320000000001116,"BANDIT-01","VIPER-02",Locked,37797.284696064293,-35.472097869070225,0.78502262753279761,True,True,"",0,Arm
74.320000000001116,"BANDIT-02","VIPER-02",Locked,32384.862134592004,491.2951321999397,0.83012614887840008,True,True,"",0,Arm
74.420000000001167,"VIPER-01","BANDIT-02",Locked,41605.4455098797,475.96929460200681,0.753287954084336,True,True,"AIM-120C",0,Arm
74.420000000001167,"VIPER-02","BANDIT-02",Locked,32335.788615251466,490.27911634171909,0.83053509487290456,True,True,"AIM-120C",0,Arm
74.420000000001167,"BANDIT-01","VIPER-02",Locked,37800.839238383975,-35.626210793151941,0.78499300634680025,True,True,"",0,Arm
74.420000000001167,"BANDIT-02","VIPER-02",Locked,32335.788615251466,490.27911634171909,0.83053509487290456,True,True,"",0,Arm
74.520000000001218,"VIPER-01","BANDIT-02",Locked,41557.912598488554,474.81113531757705,0.75368406167926216,True,True,"AIM-120C",0,Arm
74.520000000001218,"VIPER-02","BANDIT-02",Locked,32286.815952595462,489.280162944576,0.83094320039503788,True,True,"AIM-120C",0,Arm
74.520000000001218,"BANDIT-01","VIPER-02",Locked,37804.408319945454,-35.755517209380493,0.78496326400045469,True,True,"",0,Arm
74.520000000001218,"BANDIT-02","VIPER-02",Locked,32286.815952595462,489.280162944576,0.83094320039503788,True,True,"",0,Arm
74.620000000001269,"VIPER-01","BANDIT-02",Locked,41510.498806561569,473.58919424991075,0.754079176611987,True,True,"AIM-120C",0,Arm
74.620000000001269,"VIPER-02","BANDIT-02",Locked,32237.946601165877,488.21527268686049,0.83135044499028443,True,True,"AIM-120C",0,Arm
74.620000000001269,"BANDIT-01","VIPER-02",Locked,37807.990913862152,-35.859947437861628,0.78493340905114883,True,True,"",0,Arm
74.620000000001269,"BANDIT-02","VIPER-02",Locked,32237.946601165877,488.21527268686049,0.83135044499028443,True,True,"",0,Arm
74.72000000000132,"VIPER-01","BANDIT-02",Locked,41463.206453084422,472.38441423347945,0.75447327955762988,True,True,"AIM-120C",0,Arm
74.72000000000132,"VIPER-02","BANDIT-02",Locked,32189.183012007925,487.16707696855167,0.83175680823326736,True,True,"AIM-120C",0,Arm
74.72000000000132,"BANDIT-01","VIPER-02",Locked,37811.583569631177,-35.988327386237948,0.78490347025307361,True,True,"",0,Arm
74.72000000000132,"BANDIT-02","VIPER-02",Locked,32189.183012007925,487.16707696855167,0.83175680823326736,True,True,"",0,Arm
74.820000000001372,"VIPER-01","BANDIT-02",Locked,41416.037847551248,471.11650410356441,0.75486635127040635,True,True,"AIM-120C",0,Arm
74.820000000001372,"VIPER-02","BANDIT-02",Locked,32140.527628465043,486.05353237003624,0.8321622697627914,True,True,"AIM-120C",0,Arm
74.820000000001372,"BANDIT-01","VIPER-02",Locked,37815.184296491039,-36.043271345512927,0.78487346419590809,True,True,"",0,Arm
74.820000000001372,"BANDIT-02","VIPER-02",Locked,32140.527628465043,486.05353237003624,0.8321622697627914,True,True,"",0,Arm
74.920000000001423,"VIPER-01","BANDIT-02",Locked,41368.995289669576,469.86547574300249,0.755258372586087,True,True,"AIM-120C",0,Arm
74.920000000001423,"VIPER-02","BANDIT-02",Locked,32091.982883681518,484.95642935241068,0.83256680930265414,True,True,"AIM-120C",0,Arm
74.920000000001423,"BANDIT-01","VIPER-02",Locked,37818.790142558821,-36.073594143528325,0.78484341547867653,True,True,"",0,Arm
74.920000000001423,"BANDIT-02","VIPER-02",Locked,32091.982883681518,484.95642935241068,0.83256680930265414,True,True,"",0,Arm
75.020000000001474,"VIPER-01","BANDIT-02",Locked,41322.08107124603,468.55196042624567,0.75564932440628318,True,True,"AIM-120C",0,Arm
75.020000000001474,"VIPER-02","BANDIT-02",Locked,32043.551202305938,483.79460802696013,0.83297040664745059,True,True,"AIM-120C",0,Arm
75.020000000001474,"BANDIT-01","VIPER-02",Locked,37822.3991283439,-36.079301927262875,0.78481334059713426,True,True,"",0,Arm
75.020000000001474,"BANDIT-02","VIPER-02",Locked,32043.551202305938,483.79460802696013,0.83297040664745059,True,True,"",0,Arm
75.120000000001525,"VIPER-01","BANDIT-02",Locked,41275.297085252882,467.25496923398754,0.75603919095622607,True,True,"AIM-120C",0,Arm
75.120000000001525,"VIPER-02","BANDIT-02",Locked,31995.234601490272,482.648881930749,0.83337304498758114,True,True,"AIM-120C",0,Arm
75.120000000001525,"BANDIT-01","VIPER-02",Locked,37826.009767769261,-36.109039959601581,0.78478325193525622,True,True,"",0,Arm
75.120000000001525,"BANDIT-02","VIPER-02",Locked,31995.234601490272,482.648881930749,0.83337304498758114,True,True,"",0,Arm
75.220000000001576,"VIPER-01","BANDIT-02",Locked,41228.645614484005,465.89614792809334,0.75642795321263345,True,True,"AIM-120C",0,Arm
75.220000000001576,"VIPER-02","BANDIT-02",Locked,31947.035499632053,481.43902961501442,0.833774704169733,True,True,"AIM-120C",0,Arm
75.220000000001576,"BANDIT-01","VIPER-02",Locked,37829.618145113382,-36.065626374730705,0.7847531821240552,True,True,"",0,Arm
75.220000000001576,"BANDIT-02","VIPER-02",Locked,31947.035499632053,481.43902961501442,0.833774704169733,True,True,"",0,Arm
75.320000000001627,"VIPER-01","BANDIT-02",Locked,41182.128929244282,464.55357941344374,0.7568155922562978,True,True,"AIM-120C",0,Arm
75.320000000001627,"VIPER-02","BANDIT-02",Locked,31898.956305625219,480.24496168251295,0.83417536411979,True,True,"AIM-120C",0,Arm
75.320000000001627,"BANDIT-01","VIPER-02",Locked,37833.2222965489,-35.997784321985762,0.78472314752875927,True,True,"",0,Arm
75.320000000001627,"BANDIT-02","VIPER-02",Locked,31898.956305625219,480.24496168251295,0.83417536411979,True,True,"",0,Arm
75.420000000001679,"VIPER-01","BANDIT-02",Locked,41135.749672209466,463.18828130697909,0.75720208606492123,True,True,"AIM-120C",0,Arm
75.420000000001679,"VIPER-02","BANDIT-02",Locked,31850.99981331599,479.02674364858626,0.83457500155570019,True,True,"AIM-120C",0,Arm
75.420000000001679,"BANDIT-01","VIPER-02",Locked,37836.820751214946,-35.954071519161907,0.78469316040654213,True,True,"",0,Arm
75.420000000001679,"BANDIT-02","VIPER-02",Locked,31850.99981331599,479.02674364858626,0.83457500155570019,True,True,"",0,Arm
75.52000000000173,"VIPER-01","BANDIT-02",Locked,41089.509326378713,461.762170620197,0.7575874222801775,True,True,"AIM-120C",0,Arm
75.52000000000173,"VIPER-02","BANDIT-02",Locked,31803.167630770229,477.74530470494909,0.83497360307691482,True,True,"AIM-120C",0,Arm
75.52000000000173,"BANDIT-01","VIPER-02",Locked,37840.410097552805,-35.83743090485153,0.78466324918706,True,True,"",0,Arm
75.52000000000173,"BANDIT-02","VIPER-02",Locked,31803.167630770229,477.74530470494909,0.83497360307691482,True,True,"",0,Arm
75.620000000001781,"VIPER-01","BANDIT-02",Locked,41043.410519630394,460.35182640369032,0.7579715790030801,True,True,"AIM-120C",0,Arm
75.620000000001781,"VIPER-02","BANDIT-02",Locked,31755.462540877914,476.47913551006923,0.83537114549268421,True,True,"AIM-120C",0,Arm
75.620000000001781,"BANDIT-01","VIPER-02",Locked,37843.9888720439,-35.744994046065223,0.78463342606630093,True,True,"",0,Arm
75.620000000001781,"BANDIT-02","VIPER-02",Locked,31755.462540877914,476.47913551006923,0.83537114549268421,True,True,"",0,Arm
75.720000000001832,"VIPER-01","BANDIT-02",Locked,40997.455482793863,458.88146577590078,0.75835453764338456,True,True,"AIM-120C",0,Arm
75.720000000001832,"VIPER-02","BANDIT-02",Locked,31707.886921509431,475.15049446526092,0.83576760898742153,True,True,"AIM-120C",0,Arm
75.720000000001832,"BANDIT-01","VIPER-02",Locked,37847.553677458862,-35.579853870758249,0.78460371935450957,True,True,"",0,Arm
75.720000000001832,"BANDIT-02","VIPER-02",Locked,31707.886921509431,475.15049446526092,0.83576760898742153,True,True,"",0,Arm
75.820000000001883,"VIPER-01","BANDIT-02",Locked,40951.645689528224,457.42651725779177,0.75873628592059816,True,True,"AIM-120C",0,Arm
75.820000000001883,"VIPER-02","BANDIT-02",Locked,31660.442374686158,473.83676002270948,0.8361629802109487,True,True,"AIM-120C",0,Arm
75.820000000001883,"BANDIT-01","VIPER-02",Locked,37851.10306405578,-35.438960616698921,0.78457414113286861,True,True,"",0,Arm
75.820000000001883,"BANDIT-02","VIPER-02",Locked,31660.442374686158,473.83676002270948,0.8361629802109487,True,True,"",0,Arm
75.920000000001934,"VIPER-01","BANDIT-02",Locked,40905.98373253458,455.9493111417076,0.75911680222887856,True,True,"AIM-120C",0,Arm
75.920000000001934,"VIPER-02","BANDIT-02",Locked,31613.131652757173,472.49926676077018,0.83655723622702372,True,True,"AIM-120C",0,Arm
75.920000000001934,"BANDIT-01","VIPER-02",Locked,37854.634133094471,-35.225569683024538,0.78454471555754624,True,True,"",0,Arm
75.920000000001934,"BANDIT-02","VIPER-02",Locked,31613.131652757173,472.49926676077018,0.83655723622702372,True,True,"",0,Arm
76.020000000001986,"VIPER-01","BANDIT-02",Locked,40860.472181566431,454.449996798928,0.75949606515361312,True,True,"AIM-120C",0,Arm
76.020000000001986,"VIPER-02","BANDIT-02",Locked,31565.957487429838,471.13814366823595,0.83695035427141806,True,True,"AIM-120C",0,Arm
76.020000000001986,"BANDIT-01","VIPER-02",Locked,37858.144961342659,-34.988198973647783,0.78451545865547789,True,True,"",0,Arm
76.020000000001986,"BANDIT-02","VIPER-02",Locked,31565.957487429838,471.13814366823595,0.83695035427141806,True,True,"",0,Arm
76.120000000002037,"VIPER-01","BANDIT-02",Locked,40815.112855696018,452.89218988340252,0.75987405953586662,True,True,"AIM-120C",0,Arm
76.120000000002037,"VIPER-02","BANDIT-02",Locked,31518.921841601765,469.71595929698719,0.837342317986652,True,True,"AIM-120C",0,Arm
76.120000000002037,"BANDIT-01","VIPER-02",Locked,37861.633149015724,-34.7751196734298,0.78448639042486912,True,True,"",0,Arm
76.120000000002037,"BANDIT-02","VIPER-02",Locked,31518.921841601765,469.71595929698719,0.837342317986652,True,True,"",0,Arm
76.220000000002088,"VIPER-01","BANDIT-02",Locked,40769.907213078986,451.34913140650968,0.76025077322434187,True,True,"AIM-120C",0,Arm
76.220000000002088,"VIPER-02","BANDIT-02",Locked,31472.026308543467,468.30797820990489,0.83773311409547113,True,True,"AIM-120C",0,Arm
76.220000000002088,"BANDIT-01","VIPER-02",Locked,37865.096301425743,-34.4899221032078,0.78445753082145231,True,True,"",0,Arm
76.220000000002088,"BANDIT-02","VIPER-02",Locked,31472.026308543467,468.30797820990489,0.83773311409547113,True,True,"",0,Arm
76.320000000002139,"VIPER-01","BANDIT-02",Locked,40724.858155684575,449.78428272712563,0.76062618203596188,True,True,"AIM-120C",0,Arm
76.320000000002139,"VIPER-02","BANDIT-02",Locked,31425.273968321293,466.876628018518,0.838122716930656,True,True,"AIM-120C",0,Arm
76.320000000002139,"BANDIT-01","VIPER-02",Locked,37868.532033889693,-34.229070911768964,0.784428899717586,True,True,"",0,Arm
76.320000000002139,"BANDIT-02","VIPER-02",Locked,31425.273968321293,466.876628018518,0.838122716930656,True,True,"",0,Arm
76.42000000000219,"VIPER-01","BANDIT-02",Locked,40679.967837081284,448.19778907397063,0.76100026802432275,True,True,"AIM-120C",0,Arm
76.42000000000219,"VIPER-02","BANDIT-02",Locked,31378.66713386932,465.42203697865932,0.83851110721775579,True,True,"AIM-120C",0,Arm
76.42000000000219,"BANDIT-01","VIPER-02",Locked,37871.938448897527,-33.944405518499387,0.784400512925854,True,True,"",0,Arm
76.42000000000219,"BANDIT-02","VIPER-02",Locked,31378.66713386932,465.42203697865932,0.83851110721775579,True,True,"",0,Arm
76.520000000002241,"VIPER-01","BANDIT-02",Locked,40635.238045441496,446.55444940268484,0.7613730162879877,True,True,"AIM-120C",0,Arm
76.520000000002241,"VIPER-02","BANDIT-02",Locked,31332.207743709983,463.9079263981892,0.83889826880241691,True,True,"AIM-120C",0,Arm
76.520000000002241,"BANDIT-01","VIPER-02",Locked,37875.312695910994,-33.58806783517764,0.78437239420074178,True,True,"",0,Arm
76.520000000002241,"BANDIT-02","VIPER-02",Locked,31332.207743709983,463.9079263981892,0.83889826880241691,True,True,"",0,Arm
76.620000000002292,"VIPER-01","BANDIT-02",Locked,40590.670568090994,444.92522967946923,0.76174441193257514,True,True,"AIM-120C",0,Arm
76.620000000002292,"VIPER-02","BANDIT-02",Locked,31285.897736858376,462.40736069056328,0.83928418552618034,True,True,"AIM-120C",0,Arm
76.620000000002292,"BANDIT-01","VIPER-02",Locked,37878.652892519392,-33.256093113266523,0.78434455922900514,True,True,"",0,Arm
76.620000000002292,"BANDIT-02","VIPER-02",Locked,31285.897736858376,462.40736069056328,0.83928418552618034,True,True,"",0,Arm
76.720000000002344,"VIPER-01","BANDIT-02",Locked,40546.267883120614,443.27472859656348,0.76211443430732828,True,True,"AIM-120C",0,Arm
76.720000000002344,"VIPER-02","BANDIT-02",Locked,31239.739766017887,460.88386865285207,0.83966883528318437,True,True,"AIM-120C",0,Arm
76.720000000002344,"BANDIT-01","VIPER-02",Locked,37881.956206992043,-32.852804755885956,0.78431703160839972,True,True,"",0,Arm
76.720000000002344,"BANDIT-02","VIPER-02",Locked,31239.739766017887,460.88386865285207,0.83966883528318437,True,True,"",0,Arm
76.8200000000024,"VIPER-01","BANDIT-02",Locked,40502.032099325268,441.60308118835405,0.7624830658389562,True,True,"AIM-120C",0,Arm
76.8200000000024,"VIPER-02","BANDIT-02",Locked,31193.736105596814,459.33756841358826,0.84005219912002671,True,True,"AIM-120C",0,Arm
76.8200000000024,"BANDIT-01","VIPER-02",Locked,37885.221250184506,-32.473864879802576,0.78428982291512916,True,True,"",0,Arm
76.8200000000024,"BANDIT-02","VIPER-02",Locked,31193.736105596814,459.33756841358826,0.84005219912002671,True,True,"",0,Arm
76.920000000002446,"VIPER-01","BANDIT-02",Locked,40457.965312468834,439.91040852213695,0.76285028906275976,True,True,"AIM-120C",0,Arm
76.920000000002446,"VIPER-02","BANDIT-02",Locked,31147.889018753842,457.76856516656505,0.84043425817705142,True,True,"AIM-120C",0,Arm
76.920000000002446,"BANDIT-01","VIPER-02",Locked,37888.44473182912,-32.023988526866454,0.78426296056809075,True,True,"",0,Arm
76.920000000002446,"BANDIT-02","VIPER-02",Locked,31147.889018753842,457.76856516656505,0.84043425817705142,True,True,"",0,Arm
77.0200000000025,"VIPER-01","BANDIT-02",Locked,40414.068930186244,438.19679952390874,0.76321609224844811,True,True,"AIM-120C",0,Arm
77.0200000000025,"VIPER-02","BANDIT-02",Locked,31102.200060146286,456.176930214153,0.840814999498781,True,True,"AIM-120C",0,Arm
77.0200000000025,"BANDIT-01","VIPER-02",Locked,37891.625277852254,-31.598443439074256,0.784236456017898,True,True,"",0,Arm
77.0200000000025,"BANDIT-02","VIPER-02",Locked,31102.200060146286,456.176930214153,0.840814999498781,True,True,"",0,Arm
77.120000000002548,"VIPER-01","BANDIT-02",Locked,40370.345370244722,436.46246061614113,0.76358045524796081,True,True,"AIM-120C",0,Arm
77.120000000002548,"VIPER-02","BANDIT-02",Locked,31056.671828968148,454.56285409823,0.84119440142526547,True,True,"AIM-120C",0,Arm
77.120000000002548,"BANDIT-01","VIPER-02",Locked,37894.760565533528,-31.149671342710551,0.784210328620554,True,True,"",0,Arm
77.120000000002548,"BANDIT-02","VIPER-02",Locked,31056.671828968148,454.56285409823,0.84119440142526547,True,True,"",0,Arm
77.2200000000026,"VIPER-01","BANDIT-02",Locked,40326.797020830949,434.67446709852067,0.76394335815974213,True,True,"AIM-120C",0,Arm
77.2200000000026,"VIPER-02","BANDIT-02",Locked,31011.306896582795,452.8922820372502,0.84157244252847674,True,True,"AIM-120C",0,Arm
77.2200000000026,"BANDIT-01","VIPER-02",Locked,37897.84733982067,-30.630548638594949,0.78418460550149449,True,True,"",0,Arm
77.2200000000026,"BANDIT-02","VIPER-02",Locked,31011.306896582795,452.8922820372502,0.84157244252847674,True,True,"",0,Arm
77.320000000002651,"VIPER-01","BANDIT-02",Locked,40283.42525991219,432.89944713459209,0.76430478950073177,True,True,"AIM-120C",0,Arm
77.320000000002651,"VIPER-02","BANDIT-02",Locked,30966.106792179282,451.23405108647063,0.84194911006517281,True,True,"AIM-120C",0,Arm
77.320000000002651,"BANDIT-01","VIPER-02",Locked,37900.884721545255,-30.13574856193156,0.78415929398712292,True,True,"",0,Arm
77.320000000002651,"BANDIT-02","VIPER-02",Locked,30966.106792179282,451.23405108647063,0.84194911006517281,True,True,"",0,Arm
77.4200000000027,"VIPER-01","BANDIT-02",Locked,40240.232450713178,431.10413038048262,0.76466472957739029,True,True,"AIM-120C",0,Arm
77.4200000000027,"VIPER-02","BANDIT-02",Locked,30921.074065024735,449.55376956565965,0.8423243827914606,True,True,"AIM-120C",0,Arm
77.4200000000027,"BANDIT-01","VIPER-02",Locked,37903.869945088169,-29.618030349422373,0.78413441712426535,True,True,"",0,Arm
77.4200000000027,"BANDIT-02","VIPER-02",Locked,30921.074065024735,449.55376956565965,0.8423243827914606,True,True,"",0,Arm
77.520000000002753,"VIPER-01","BANDIT-02",Locked,40197.220286362855,429.28865294966926,0.76502316428030959,True,True,"AIM-120C",0,Arm
77.520000000002753,"VIPER-02","BANDIT-02",Locked,30876.21057320535,447.85155826081257,0.84269824522328884,True,True,"AIM-120C",0,Arm
77.520000000002753,"BANDIT-01","VIPER-02",Locked,37906.8007303548,-29.077484286605351,0.78410999391371017,True,True,"",0,Arm
77.520000000002753,"BANDIT-02","VIPER-02",Locked,30876.21057320535,447.85155826081257,0.84269824522328884,True,True,"",0,Arm
77.6200000000028,"VIPER-01","BANDIT-02",Locked,40154.390773611609,427.453188512371,0.76538007688657,True,True,"AIM-120C",0,Arm
77.6200000000028,"VIPER-02","BANDIT-02",Locked,30831.518501133578,446.12757640860673,0.84307067915722023,True,True,"AIM-120C",0,Arm
77.6200000000028,"BANDIT-01","VIPER-02",Locked,37909.674807047653,-28.467402971706569,0.784086043274603,True,True,"",0,Arm
77.6200000000028,"BANDIT-02","VIPER-02",Locked,30831.518501133578,446.12757640860673,0.84307067915722023,True,True,"",0,Arm
77.720000000002855,"VIPER-01","BANDIT-02",Locked,40111.745901207585,425.59791834423919,0.76573545082327021,True,True,"AIM-120C",0,Arm
77.720000000002855,"VIPER-02","BANDIT-02",Locked,30787.000016655908,444.3819911452685,0.84344166652786745,True,True,"AIM-120C",0,Arm
77.720000000002855,"BANDIT-01","VIPER-02",Locked,37912.489916692706,-27.881651589152515,0.78406258402756079,True,True,"",0,Arm
77.720000000002855,"BANDIT-02","VIPER-02",Locked,30787.000016655908,444.3819911452685,0.84344166652786745,True,True,"",0,Arm
77.8200000000029,"VIPER-01","BANDIT-02",Locked,40069.287640347924,423.72301170304718,0.76608926966376734,True,True,"AIM-120C",0,Arm
77.8200000000029,"VIPER-02","BANDIT-02",Locked,30742.657271428732,442.61495861897026,0.84381118940476063,True,True,"AIM-120C",0,Arm
77.8200000000029,"BANDIT-01","VIPER-02",Locked,37915.244741383365,-27.27334292349925,0.78403962715513864,True,True,"",0,Arm
77.8200000000029,"BANDIT-02","VIPER-02",Locked,30742.657271428732,442.61495861897026,0.84381118940476063,True,True,"",0,Arm
77.920000000002958,"VIPER-01","BANDIT-02",Locked,40027.017946065811,421.82862526404705,0.7664415171161183,True,True,"AIM-120C",0,Arm
77.920000000002958,"VIPER-02","BANDIT-02",Locked,30698.492402198659,440.82662338239834,0.84417922998167794,True,True,"AIM-120C",0,Arm
77.920000000002958,"BANDIT-01","VIPER-02",Locked,37917.936107697569,-26.64265176616853,0.78401719910252032,True,True,"",0,Arm
77.920000000002958,"BANDIT-02","VIPER-02",Locked,30698.492402198659,440.82662338239834,0.84417922998167794,True,True,"",0,Arm
78.020000000003009,"VIPER-01","BANDIT-02",Locked,39984.938453257259,419.91489508777187,0.76679217955618961,True,True,"AIM-120C",0,Arm
78.020000000003009,"VIPER-02","BANDIT-02",Locked,30654.507215182311,439.01710870586652,0.84454577320681423,True,True,"AIM-120C",0,Arm
78.020000000003009,"BANDIT-01","VIPER-02",Locked,37920.562252823023,-25.943367813648425,0.7839953145598082,True,True,"",0,Arm
78.020000000003009,"BANDIT-02","VIPER-02",Locked,30654.507215182311,439.01710870586652,0.84454577320681423,True,True,"",0,Arm
78.12000000000306,"VIPER-01","BANDIT-02",Locked,39943.051093920818,418.0121000774829,0.76714124088399327,True,True,"AIM-120C",0,Arm
78.12000000000306,"VIPER-02","BANDIT-02",Locked,30610.70382642141,437.21784955454058,0.84491080144648834,True,True,"AIM-120C",0,Arm
78.12000000000306,"BANDIT-01","VIPER-02",Locked,37923.120958886568,-25.268335902991225,0.78397399200927875,True,True,"",0,Arm
78.12000000000306,"BANDIT-02","VIPER-02",Locked,30610.70382642141,437.21784955454058,0.84491080144648834,True,True,"",0,Arm
78.220000000003111,"VIPER-01","BANDIT-02",Locked,39901.358077966644,416.05991004224052,0.76748868268361137,True,True,"AIM-120C",0,Arm
78.220000000003111,"VIPER-02","BANDIT-02",Locked,30567.084642853031,435.36617334188463,0.8452742946428915,True,True,"AIM-120C",0,Arm
78.220000000003111,"BANDIT-01","VIPER-02",Locked,37925.6100195802,-24.571240727854015,0.78395324983683179,True,True,"",0,Arm
78.220000000003111,"BANDIT-02","VIPER-02",Locked,30567.084642853031,435.36617334188463,0.8452742946428915,True,True,"",0,Arm
78.320000000003162,"VIPER-01","BANDIT-02",Locked,39859.860995056086,414.08893547313312,0.76783449170786611,True,True,"AIM-120C",0,Arm
78.320000000003162,"VIPER-02","BANDIT-02",Locked,30523.6514289259,433.49384157373436,0.84563623809228428,True,True,"AIM-120C",0,Arm
78.320000000003162,"BANDIT-01","VIPER-02",Locked,37928.0276983497,-23.852165744942482,0.78393310251375259,True,True,"",0,Arm
78.320000000003162,"BANDIT-02","VIPER-02",Locked,30523.6514289259,433.49384157373436,0.84563623809228428,True,True,"",0,Arm
78.420000000003213,"VIPER-01","BANDIT-02",Locked,39818.561431051552,412.09932553279617,0.76817865474123714,True,True,"AIM-120C",0,Arm
78.420000000003213,"VIPER-02","BANDIT-02",Locked,30480.405946200233,431.60099210962005,0.84599661711499818,True,True,"AIM-120C",0,Arm
78.420000000003213,"BANDIT-01","VIPER-02",Locked,37930.371807082207,-23.111228015563306,0.783913568274315,True,True,"",0,Arm
78.420000000003213,"BANDIT-02","VIPER-02",Locked,30480.405946200233,431.60099210962005,0.84599661711499818,True,True,"",0,Arm
78.520000000003265,"VIPER-01","BANDIT-02",Locked,39777.461827086416,410.09131628321131,0.76852115144094668,True,True,"AIM-120C",0,Arm
78.520000000003265,"VIPER-02","BANDIT-02",Locked,30437.350848008671,429.68785309826137,0.84635540959992783,True,True,"AIM-120C",0,Arm
78.520000000003265,"BANDIT-01","VIPER-02",Locked,37932.639715992,-22.348610299956036,0.7838946690334001,True,True,"",0,Arm
78.520000000003265,"BANDIT-02","VIPER-02",Locked,30437.350848008671,429.68785309826137,0.84635540959992783,True,True,"",0,Arm
78.620000000003316,"VIPER-01","BANDIT-02",Locked,39736.563161891369,408.06503359743516,0.76886197365090536,True,True,"AIM-120C",0,Arm
78.620000000003316,"VIPER-02","BANDIT-02",Locked,30394.487267175191,427.75453726596766,0.84671260610687349,True,True,"AIM-120C",0,Arm
78.620000000003316,"BANDIT-01","VIPER-02",Locked,37934.829721433664,-21.564374013687679,0.78387641898805294,True,True,"",0,Arm
78.620000000003316,"BANDIT-02","VIPER-02",Locked,30394.487267175191,427.75453726596766,0.84671260610687349,True,True,"",0,Arm
78.720000000003367,"VIPER-01","BANDIT-02",Locked,39695.8681138357,406.02074117736873,0.76920109905136924,True,True,"AIM-120C",0,Arm
78.720000000003367,"VIPER-02","BANDIT-02",Locked,30351.81810818638,425.80130260883095,0.84706818243178028,True,True,"AIM-120C",0,Arm
78.720000000003367,"BANDIT-01","VIPER-02",Locked,37936.939672394074,-20.713456872171673,0.7838588360633828,True,True,"",0,Arm
78.720000000003367,"BANDIT-02","VIPER-02",Locked,30351.81810818638,425.80130260883095,0.84706818243178028,True,True,"",0,Arm
78.820000000003418,"VIPER-01","BANDIT-02",Locked,39655.377367589375,403.98613693727413,0.76953852193675532,True,True,"AIM-120C",0,Arm
78.820000000003418,"VIPER-02","BANDIT-02",Locked,30309.3441995675,423.85702872235976,0.84742213167027092,True,True,"AIM-120C",0,Arm
78.820000000003418,"BANDIT-01","VIPER-02",Locked,37938.967432143618,-19.886565899206037,0.78384193806547,True,True,"",0,Arm
78.820000000003418,"BANDIT-02","VIPER-02",Locked,30309.3441995675,423.85702872235976,0.84742213167027092,True,True,"",0,Arm
78.920000000003469,"VIPER-01","BANDIT-02",Locked,39615.093822323572,401.90596090124416,0.76987421814730372,True,True,"AIM-120C",0,Arm
78.920000000003469,"VIPER-02","BANDIT-02",Locked,30267.06868055652,421.86406464652794,0.84777442766202915,True,True,"AIM-120C",0,Arm
78.920000000003469,"BANDIT-01","VIPER-02",Locked,37940.911324010194,-19.038442642571855,0.78382573896658181,True,True,"",0,Arm
78.920000000003469,"BANDIT-02","VIPER-02",Locked,30267.06868055652,421.86406464652794,0.84777442766202915,True,True,"",0,Arm
79.02000000000352,"VIPER-01","BANDIT-02",Locked,39575.018422237808,399.80828988551906,0.770208179814685,True,True,"AIM-120C",0,Arm
79.02000000000352,"VIPER-02","BANDIT-02",Locked,30224.992652517351,419.85166858970825,0.84812506122902209,True,True,"AIM-120C",0,Arm
79.02000000000352,"BANDIT-01","VIPER-02",Locked,37942.769231695354,-18.169200860871488,0.78381025640253887,True,True,"",0,Arm
79.02000000000352,"BANDIT-02","VIPER-02",Locked,30224.992652517351,419.85166858970825,0.84812506122902209,True,True,"",0,Arm
79.120000000003571,"VIPER-01","BANDIT-02",Locked,39535.152927424082,397.69333952489393,0.77054039227146609,True,True,"AIM-120C",0,Arm
79.120000000003571,"VIPER-02","BANDIT-02",Locked,30183.118069496555,417.82004873495839,0.84847401608752882,True,True,"AIM-120C",0,Arm
79.120000000003571,"BANDIT-01","VIPER-02",Locked,37944.53905059761,-17.278984673871303,0.78379550791168673,True,True,"",0,Arm
79.120000000003571,"BANDIT-02","VIPER-02",Locked,30183.118069496555,417.82004873495839,0.84847401608752882,True,True,"",0,Arm
79.220000000003623,"VIPER-01","BANDIT-02",Locked,39495.499598507042,395.56137795128791,0.770870836679108,True,True,"AIM-120C",0,Arm
79.220000000003623,"VIPER-02","BANDIT-02",Locked,30141.447410792571,415.76946866675041,0.84882127157672871,True,True,"AIM-120C",0,Arm
79.220000000003623,"BANDIT-01","VIPER-02",Locked,37946.218691528033,-16.367959666910266,0.78378151090393322,True,True,"",0,Arm
79.220000000003623,"BANDIT-02","VIPER-02",Locked,30141.447410792571,415.76946866675041,0.84882127157672871,True,True,"",0,Arm
79.320000000003674,"VIPER-01","BANDIT-02",Locked,39456.059619538224,393.43826180131884,0.77119950317051489,True,True,"AIM-120C",0,Arm
79.320000000003674,"VIPER-02","BANDIT-02",Locked,30099.98203150163,413.72698345786586,0.84916681640415326,True,True,"AIM-120C",0,Arm
79.320000000003674,"BANDIT-01","VIPER-02",Locked,37947.806080826173,-15.436249902864363,0.783768282659782,True,True,"",0,Arm
79.320000000003674,"BANDIT-02","VIPER-02",Locked,30099.98203150163,413.72698345786586,0.84916681640415326,True,True,"",0,Arm
79.420000000003725,"VIPER-01","BANDIT-02",Locked,39416.834689908464,391.27236376588519,0.77152637758409615,True,True,"AIM-120C",0,Arm
79.420000000003725,"VIPER-02","BANDIT-02",Locked,30058.723826909492,411.63854929575587,0.84951063477575439,True,True,"AIM-120C",0,Arm
79.420000000003725,"BANDIT-01","VIPER-02",Locked,37949.299155497007,-14.483964642915398,0.78375584037085844,True,True,"",0,Arm
79.420000000003725,"BANDIT-02","VIPER-02",Locked,30058.723826909492,411.63854929575587,0.84951063477575439,True,True,"",0,Arm
79.520000000003776,"VIPER-01","BANDIT-02",Locked,39377.826487683851,389.09002781271585,0.771851445935968,True,True,"AIM-120C",0,Arm
79.520000000003776,"VIPER-02","BANDIT-02",Locked,30017.674671531364,409.53170928319628,0.849852711070572,True,True,"AIM-120C",0,Arm
79.520000000003776,"BANDIT-01","VIPER-02",Locked,37950.695865892572,-13.511250047711329,0.78374420111756193,True,True,"",0,Arm
79.520000000003776,"BANDIT-02","VIPER-02",Locked,30017.674671531364,409.53170928319628,0.849852711070572,True,True,"",0,Arm
79.620000000003827,"VIPER-01","BANDIT-02",Locked,39339.036420650991,386.91603303864946,0.77217469649457515,True,True,"AIM-120C",0,Arm
79.620000000003827,"VIPER-02","BANDIT-02",Locked,29976.836158083821,407.43244654127022,0.8501930320159683,True,True,"AIM-120C",0,Arm
79.620000000003827,"BANDIT-01","VIPER-02",Locked,37951.994611655995,-12.561811893475705,0.78373337823620015,True,True,"",0,Arm
79.620000000003827,"BANDIT-02","VIPER-02",Locked,29976.836158083821,407.43244654127022,0.8501930320159683,True,True,"",0,Arm
79.720000000003878,"VIPER-01","BANDIT-02",Locked,39300.466370730494,384.70112856275063,0.7724961135772459,True,True,"AIM-120C",0,Arm
79.720000000003878,"VIPER-02","BANDIT-02",Locked,29936.210378105909,405.28908700096918,0.8505315801824509,True,True,"AIM-120C",0,Arm
79.720000000003878,"BANDIT-01","VIPER-02",Locked,37953.193363825972,-11.548397390687111,0.78372338863478364,True,True,"",0,Arm
79.720000000003878,"BANDIT-02","VIPER-02",Locked,29936.210378105909,405.28908700096918,0.8505315801824509,True,True,"",0,Arm
79.82000000000393,"VIPER-01","BANDIT-02",Locked,39262.117945278442,382.47047777189931,0.7728156837893464,True,True,"AIM-120C",0,Arm
79.82000000000393,"VIPER-02","BANDIT-02",Locked,29895.799136844136,403.128000727142,0.85086834052629889,True,True,"AIM-120C",0,Arm
79.82000000000393,"BANDIT-01","VIPER-02",Locked,37954.28967843303,-10.514999078374483,0.78371425267972483,True,True,"",0,Arm
79.82000000000393,"BANDIT-02","VIPER-02",Locked,29895.799136844136,403.128000727142,0.85086834052629889,True,True,"",0,Arm
79.920000000003981,"VIPER-01","BANDIT-02",Locked,39223.992498369829,380.24762433214204,0.7731333958469182,True,True,"AIM-120C",0,Arm
79.920000000003981,"VIPER-02","BANDIT-02",Locked,29855.603974411682,400.97393996128005,0.85120330021323609,True,True,"AIM-120C",0,Arm
79.920000000003981,"BANDIT-01","VIPER-02",Locked,37955.282423716089,-9.4617141232426523,0.783705979802366,True,True,"",0,Arm
79.920000000003981,"BANDIT-02","VIPER-02",Locked,29855.603974411682,400.97393996128005,0.85120330021323609,True,True,"",0,Arm
80.020000000004032,"VIPER-01","BANDIT-02",Locked,39186.091838833789,377.98564551285784,0.77344923467638527,True,True,"AIM-120C",0,Arm
80.020000000004032,"VIPER-02","BANDIT-02",Locked,29815.6269101257,398.77755762610639,0.85153644241561932,True,True,"AIM-120C",0,Arm
80.020000000004032,"BANDIT-01","VIPER-02",Locked,37956.168755827341,-8.3887313277760516,0.78369859370143891,True,True,"",0,Arm
80.020000000004032,"BANDIT-02","VIPER-02",Locked,29815.6269101257,398.77755762610639,0.85153644241561932,True,True,"",0,Arm
80.120000000004083,"VIPER-01","BANDIT-02",Locked,39148.417060436819,375.73109840687971,0.77376319116302661,True,True,"AIM-120C",0,Arm
80.120000000004083,"VIPER-02","BANDIT-02",Locked,29775.869212127742,396.58782978951928,0.85186775656560221,True,True,"AIM-120C",0,Arm
80.120000000004083,"BANDIT-01","VIPER-02",Locked,37956.947563520429,-7.296142553309906,0.78369210363732988,True,True,"",0,Arm
80.120000000004083,"BANDIT-02","VIPER-02",Locked,29775.869212127742,396.58782978951928,0.85186775656560221,True,True,"",0,Arm
80.220000000004134,"VIPER-01","BANDIT-02",Locked,39110.969702186456,373.43868353591529,0.77407525248177955,True,True,"AIM-120C",0,Arm
80.220000000004134,"VIPER-02","BANDIT-02",Locked,29736.33261856627,394.357031092869,0.85219722817861454,True,True,"AIM-120C",0,Arm
80.220000000004134,"BANDIT-01","VIPER-02",Locked,37957.61688379437,-6.1840704468482368,0.78368652596838029,True,True,"",0,Arm
80.220000000004134,"BANDIT-02","VIPER-02",Locked,29736.33261856627,394.357031092869,0.85219722817861454,True,True,"",0,Arm
80.320000000004185,"VIPER-01","BANDIT-02",Locked,39073.75171369117,371.13172042486616,0.774385402385907,True,True,"AIM-120C",0,Arm
80.320000000004185,"VIPER-02","BANDIT-02",Locked,29697.019302302146,392.10969478893838,0.85252483914748223,True,True,"AIM-120C",0,Arm
80.320000000004185,"BANDIT-01","VIPER-02",Locked,37958.174350107685,-5.052740353180158,0.78368188041576936,True,True,"",0,Arm
80.320000000004185,"BANDIT-02","VIPER-02",Locked,29697.019302302146,392.10969478893838,0.85252483914748223,True,True,"",0,Arm
80.420000000004237,"VIPER-01","BANDIT-02",Locked,39036.764135617574,368.83172047427468,0.774693632203187,True,True,"AIM-120C",0,Arm
80.420000000004237,"VIPER-02","BANDIT-02",Locked,29657.930478821967,389.86853957460244,0.85285057934315034,True,True,"AIM-120C",0,Arm
80.420000000004237,"BANDIT-01","VIPER-02",Locked,37958.618877114532,-3.9441568000011249,0.78367817602404566,True,True,"",0,Arm
80.420000000004237,"BANDIT-02","VIPER-02",Locked,29657.930478821967,389.86853957460244,0.85285057934315034,True,True,"",0,Arm
80.520000000004288,"VIPER-01","BANDIT-02",Locked,39000.008436237615,366.495757730174,0.7749999296980199,True,True,"AIM-120C",0,Arm
80.520000000004288,"VIPER-02","BANDIT-02",Locked,29619.067815626178,387.58822163599734,0.853174434869782,True,True,"AIM-120C",0,Arm
80.520000000004288,"BANDIT-01","VIPER-02",Locked,37958.948124805123,-2.774430030776931,0.78367543229329073,True,True,"",0,Arm
80.520000000004288,"BANDIT-02","VIPER-02",Locked,29619.067815626178,387.58822163599734,0.853174434869782,True,True,"",0,Arm
80.620000000004339,"VIPER-01","BANDIT-02",Locked,38963.486064420555,364.16638696675045,0.77530428279649555,True,True,"AIM-120C",0,Arm
80.620000000004339,"VIPER-02","BANDIT-02",Locked,29580.432960512546,385.31371350973927,0.85349639199572891,True,True,"AIM-120C",0,Arm
80.620000000004339,"BANDIT-01","VIPER-02",Locked,37959.159780660695,-1.5859114973217097,0.78367366849449427,True,True,"",0,Arm
80.620000000004339,"BANDIT-02","VIPER-02",Locked,29580.432960512546,385.31371350973927,0.85349639199572891,True,True,"",0,Arm
80.72000000000439,"VIPER-01","BANDIT-02",Locked,38927.198439784595,361.80238535064314,0.77560667966846175,True,True,"AIM-120C",0,Arm
80.72000000000439,"VIPER-02","BANDIT-02",Locked,29542.027532106255,383.00137992745346,0.85381643723244793,True,True,"AIM-120C",0,Arm
80.72000000000439,"BANDIT-01","VIPER-02",Locked,37959.252790770915,-0.37867104576545069,0.78367289341024238,True,True,"",0,Arm
80.72000000000439,"BANDIT-02","VIPER-02",Locked,29542.027532106255,383.00137992745346,0.85381643723244793,True,True,"",0,Arm
80.820000000004441,"VIPER-01","BANDIT-02",Locked,38891.146959008125,359.44467411930015,0.7759071086749324,True,True,"AIM-120C",0,Arm
80.820000000004441,"VIPER-02","BANDIT-02",Locked,29503.8531257268,380.69455457069012,0.85413455728561,True,True,"AIM-120C",0,Arm
80.820000000004441,"BANDIT-01","VIPER-02",Locked,37959.22527982579,0.80610348560737111,0.7836731226681185,True,True,"",0,Arm
80.820000000004441,"BANDIT-02","VIPER-02",Locked,29503.8531257268,380.69455457069012,0.85413455728561,True,True,"",0,Arm
80.920000000004492,"VIPER-01","BANDIT-02",Locked,38855.332990897768,357.0536531872653,0.77620555840918537,True,True,"AIM-120C",0,Arm
80.920000000004492,"VIPER-02","BANDIT-02",Locked,29465.911308728359,378.35123455118242,0.85445073909393043,True,True,"AIM-120C",0,Arm
80.920000000004492,"BANDIT-01","VIPER-02",Locked,37959.07538619532,2.0505202390920725,0.78367437178170574,True,True,"",0,Arm
80.920000000004492,"BANDIT-02","VIPER-02",Locked,29465.911308728359,378.35123455118242,0.85445073909393043,True,True,"",0,Arm
81.020000000004543,"VIPER-01","BANDIT-02",Locked,38819.757503901084,354.66853802748244,0.77650202080082442,True,True,"AIM-120C",0,Arm
81.020000000004543,"VIPER-02","BANDIT-02",Locked,29428.203223776927,376.01303743769785,0.8547649731351924,True,True,"AIM-120C",0,Arm
81.020000000004543,"BANDIT-01","VIPER-02",Locked,37958.801265815295,3.3131654989270318,0.783676656118206,True,True,"",0,Arm
81.020000000004543,"BANDIT-02","VIPER-02",Locked,29428.203223776927,376.01303743769785,0.8547649731351924,True,True,"",0,Arm
81.1200000000046,"VIPER-01","BANDIT-02",Locked,38784.422211116726,352.26991976880174,0.77679648157402736,True,True,"AIM-120C",0,Arm
81.1200000000046,"VIPER-02","BANDIT-02",Locked,29390.730805805993,373.65935936296609,0.85507724328495016,True,True,"AIM-120C",0,Arm
81.1200000000046,"BANDIT-01","VIPER-02",Locked,37958.40109127637,4.5535648860596387,0.78367999090603035,True,True,"",0,Arm
81.1200000000046,"BANDIT-02","VIPER-02",Locked,29390.730805805993,373.65935936296609,0.85507724328495016,True,True,"",0,Arm
81.220000000004646,"VIPER-01","BANDIT-02",Locked,38749.32840540677,349.83999408353958,0.77708892995494372,True,True,"AIM-120C",0,Arm
81.220000000004646,"VIPER-02","BANDIT-02",Locked,29353.495545036232,371.27120981927908,0.85538753712469817,True,True,"AIM-120C",0,Arm
81.220000000004646,"BANDIT-01","VIPER-02",Locked,37957.873050574482,5.8524004430165784,0.78368439124521272,True,True,"",0,Arm
81.220000000004646,"BANDIT-02","VIPER-02",Locked,29353.495545036232,371.27120981927908,0.85538753712469817,True,True,"",0,Arm
81.3200000000047,"VIPER-01","BANDIT-02",Locked,38714.477002978696,347.41549795658841,0.7773793583085109,True,True,"AIM-120C",0,Arm
81.3200000000047,"VIPER-02","BANDIT-02",Locked,29316.498530714973,368.88771290913479,0.85569584557737532,True,True,"AIM-120C",0,Arm
81.3200000000047,"BANDIT-01","VIPER-02",Locked,37957.215348132726,7.1689802226433113,0.78368987209889407,True,True,"",0,Arm
81.3200000000047,"BANDIT-02","VIPER-02",Locked,29316.498530714973,368.88771290913479,0.85569584557737532,True,True,"",0,Arm
81.420000000004748,"VIPER-01","BANDIT-02",Locked,38679.869442327217,344.96103490436525,0.77766775464727322,True,True,"AIM-120C",0,Arm
81.420000000004748,"VIPER-02","BANDIT-02",Locked,29279.741409634345,366.47110248515969,0.85600215491971388,True,True,"AIM-120C",0,Arm
81.420000000004748,"BANDIT-01","VIPER-02",Locked,37956.426598231796,8.4636293688368429,0.78369644501473512,True,True,"",0,Arm
81.420000000004748,"BANDIT-02","VIPER-02",Locked,29279.741409634345,366.47110248515969,0.85600215491971388,True,True,"",0,Arm
81.5200000000048,"VIPER-01","BANDIT-02",Locked,38645.506783650053,342.51166422968384,0.77795411013624971,True,True,"AIM-120C",0,Arm
81.5200000000048,"VIPER-02","BANDIT-02",Locked,29243.225425908229,364.05881348229684,0.85630645478409817,True,True,"AIM-120C",0,Arm
81.5200000000048,"BANDIT-01","VIPER-02",Locked,37955.5046363143,9.8154874629759963,0.78370412803071421,True,True,"",0,Arm
81.5200000000048,"BANDIT-02","VIPER-02",Locked,29243.225425908229,364.05881348229684,0.85630645478409817,True,True,"",0,Arm
81.62000000000485,"VIPER-01","BANDIT-02",Locked,38611.390403443358,340.05006409501055,0.77823841330463872,True,True,"AIM-120C",0,Arm
81.62000000000485,"VIPER-02","BANDIT-02",Locked,29206.95216289907,361.63234575515645,0.8566087319758412,True,True,"AIM-120C",0,Arm
81.62000000000485,"BANDIT-01","VIPER-02",Locked,37954.448495361357,11.184631862213756,0.7837129292053221,True,True,"",0,Arm
81.62000000000485,"BANDIT-02","VIPER-02",Locked,29206.95216289907,361.63234575515645,0.8566087319758412,True,True,"",0,Arm
81.7200000000049,"VIPER-01","BANDIT-02",Locked,38577.521314416445,337.56057329814575,0.7785206557131964,True,True,"AIM-120C",0,Arm
81.7200000000049,"VIPER-02","BANDIT-02",Locked,29170.922815921207,359.174873670196,0.85690897653399,True,True,"AIM-120C",0,Arm
81.7200000000049,"BANDIT-01","VIPER-02",Locked,37953.2564296659,12.532125553950747,0.7837228630861176,True,True,"",0,Arm
81.7200000000049,"BANDIT-02","VIPER-02",Locked,29170.922815921207,359.174873670196,0.85690897653399,True,True,"",0,Arm
81.820000000004953,"VIPER-01","BANDIT-02",Locked,38543.900676019955,335.07569529963018,0.77880082769983372,True,True,"AIM-120C",0,Arm
81.820000000004953,"VIPER-02","BANDIT-02",Locked,29135.138737919529,356.72125540688165,0.857207177184004,True,True,"AIM-120C",0,Arm
81.820000000004953,"BANDIT-01","VIPER-02",Locked,37951.925942345748,13.935533825836036,0.78373395048045214,True,True,"",0,Arm
81.820000000004953,"BANDIT-02","VIPER-02",Locked,29135.138737919529,356.72125540688165,0.857207177184004,True,True,"",0,Arm
81.920000000005,"VIPER-01","BANDIT-02",Locked,38510.529468235523,332.57935348859309,0.77907892109803734,True,True,"AIM-120C",0,Arm
81.920000000005,"VIPER-02","BANDIT-02",Locked,29099.601089958545,354.254246884321,0.85750332425034559,True,True,"AIM-120C",0,Arm
81.920000000005,"BANDIT-01","VIPER-02",Locked,37950.45610220173,15.317472516041409,0.783746199148319,True,True,"",0,Arm
81.920000000005,"BANDIT-02","VIPER-02",Locked,29099.601089958545,354.254246884321,0.85750332425034559,True,True,"",0,Arm
82.020000000005055,"VIPER-01","BANDIT-02",Locked,38477.409099643737,330.0718491976167,0.77935492416963559,True,True,"AIM-120C",0,Arm
82.020000000005055,"VIPER-02","BANDIT-02",Locked,29064.311495550712,351.77416273929089,0.85779740420374417,True,True,"AIM-120C",0,Arm
82.020000000005055,"BANDIT-01","VIPER-02",Locked,37948.84521416152,16.754523080693534,0.78375962321532078,True,True,"",0,Arm
82.020000000005055,"BANDIT-02","VIPER-02",Locked,29064.311495550712,351.77416273929089,0.85779740420374417,True,True,"",0,Arm
82.1200000000051,"VIPER-01","BANDIT-02",Locked,38444.540494664325,327.53925639851656,0.77962882921113064,True,True,"AIM-120C",0,Arm
82.1200000000051,"VIPER-02","BANDIT-02",Locked,29029.271058003305,349.26593573311442,0.85808940784997256,True,True,"AIM-120C",0,Arm
82.1200000000051,"BANDIT-01","VIPER-02",Locked,37947.091223629017,18.170283072552152,0.78377423980309158,True,True,"",0,Arm
82.1200000000051,"BANDIT-02","VIPER-02",Locked,29029.271058003305,349.26593573311442,0.85808940784997256,True,True,"",0,Arm
82.220000000005157,"VIPER-01","BANDIT-02",Locked,38411.924567071881,325.01057977880987,0.77990062860773435,True,True,"AIM-120C",0,Arm
82.220000000005157,"VIPER-02","BANDIT-02",Locked,28994.480869143819,346.76088673817344,0.8583793260904683,True,True,"AIM-120C",0,Arm
82.220000000005157,"BANDIT-01","VIPER-02",Locked,37945.19322516839,19.640315166228483,0.78379005645693023,True,True,"",0,Arm
82.220000000005157,"BANDIT-02","VIPER-02",Locked,28994.480869143819,346.76088673817344,0.8583793260904683,True,True,"",0,Arm
82.320000000005209,"VIPER-01","BANDIT-02",Locked,38379.562217000239,322.47151304227827,0.78017031485833144,True,True,"AIM-120C",0,Arm
82.320000000005209,"VIPER-02","BANDIT-02",Locked,28959.942006334586,344.24356359433136,0.85866714994721183,True,True,"AIM-120C",0,Arm
82.320000000005209,"BANDIT-01","VIPER-02",Locked,37943.148822665571,21.089258323901412,0.78380709314445363,True,True,"",0,Arm
82.320000000005209,"BANDIT-02","VIPER-02",Locked,28959.942006334586,344.24356359433136,0.85866714994721183,True,True,"",0,Arm
82.42000000000526,"VIPER-01","BANDIT-02",Locked,38347.454718056128,319.92239668838789,0.78043787734953241,True,True,"AIM-120C",0,Arm
82.42000000000526,"VIPER-02","BANDIT-02",Locked,28925.655953324182,341.71432246580349,0.8589528670556319,True,True,"AIM-120C",0,Arm
82.42000000000526,"BANDIT-01","VIPER-02",Locked,37940.957134839147,22.591569475017668,0.78382535720967383,True,True,"",0,Arm
82.42000000000526,"BANDIT-02","VIPER-02",Locked,28925.655953324182,341.71432246580349,0.8589528670556319,True,True,"",0,Arm
82.520000000005311,"VIPER-01","BANDIT-02",Locked,38315.602908719651,317.36347810881671,0.780703309094003,True,True,"AIM-120C",0,Arm
82.520000000005311,"VIPER-02","BANDIT-02",Locked,28891.623723145582,339.17342257379579,0.85923646897378692,True,True,"AIM-120C",0,Arm
82.520000000005311,"BANDIT-01","VIPER-02",Locked,37938.6161791886,24.07300663525378,0.78384486517342844,True,True,"",0,Arm
82.520000000005311,"BANDIT-02","VIPER-02",Locked,28891.623723145582,339.17342257379579,0.85923646897378692,True,True,"",0,Arm
82.620000000005362,"VIPER-01","BANDIT-02",Locked,38284.007734921281,314.7830688557309,0.78096660220898939,True,True,"AIM-120C",1,Arm
82.620000000005362,"VIPER-02","BANDIT-02",Locked,28857.846446436579,336.608070337293,0.85951794627969524,True,True,"AIM-120C",0,Arm
82.620000000005362,"BANDIT-01","VIPER-02",Locked,37936.124362898954,25.606901723230802,0.78386563030917555,True,True,"",0,Arm
82.620000000005362,"BANDIT-02","VIPER-02",Locked,28857.846446436579,336.608070337293,0.85951794627969524,True,True,"",0,Arm
82.720000000005413,"VIPER-01","BANDIT-02",Locked,38252.67000149472,312.20578509773162,0.78122774998754407,True,True,"AIM-120C",1,Arm
82.720000000005413,"VIPER-02","BANDIT-02",Locked,28824.325100121136,334.04514033386033,0.85979729083232392,True,True,"AIM-120C",0,Arm
82.720000000005413,"BANDIT-01","VIPER-02",Locked,37933.480831358116,27.120195643055897,0.78388765973868246,True,True,"",0,Arm
82.720000000005413,"BANDIT-02","VIPER-02",Locked,28824.325100121136,334.04514033386033,0.85979729083232392,True,True,"",0,Arm
82.820000000005464,"VIPER-01","BANDIT-02",Locked,38221.590612167733,309.61952897392553,0.78148674489860226,True,True,"AIM-120C",1,Arm
82.820000000005464,"VIPER-02","BANDIT-02",Locked,28791.060769859683,331.47142395467336,0.86007449358450272,True,True,"AIM-120C",0,Arm
82.820000000005464,"BANDIT-01","VIPER-02",Locked,37930.684010660254,28.649318868739694,0.78391096657783133,True,True,"",0,Arm
82.820000000005464,"BANDIT-02","VIPER-02",Locked,28791.060769859683,331.47142395467336,0.86007449358450272,True,True,"",0,Arm
82.920000000005516,"VIPER-01","BANDIT-02",Locked,38190.770547914013,307.02459537092943,0.78174357876738332,True,True,"AIM-120C",1,Arm
82.920000000005516,"VIPER-02","BANDIT-02",Locked,28758.054627952733,328.887233884419,0.8603495447670606,True,True,"AIM-120C",0,Arm
82.920000000005516,"BANDIT-01","VIPER-02",Locked,37927.731992370143,30.229496862057111,0.78393556673024889,True,True,"",0,Arm
82.920000000005516,"BANDIT-02","VIPER-02",Locked,28758.054627952733,328.887233884419,0.8603495447670606,True,True,"",0,Arm
83.020000000005567,"VIPER-01","BANDIT-02",Locked,38160.210537255691,304.42126739097762,0.78199824552286934,True,True,"AIM-120C",1,Arm
83.020000000005567,"VIPER-02","BANDIT-02",Locked,28725.307570605954,326.29286800092842,0.86062243691161711,True,True,"AIM-120C",0,Arm
83.020000000005567,"BANDIT-01","VIPER-02",Locked,37924.622545720755,31.789303202522927,0.78396147878566047,True,True,"",0,Arm
83.020000000005567,"BANDIT-02","VIPER-02",Locked,28725.307570605954,326.29286800092842,0.86062243691161711,True,True,"",0,Arm
83.120000000005618,"VIPER-01","BANDIT-02",Locked,38129.911396989082,301.8098267859512,0.7822507383584244,True,True,"AIM-120C",1,Arm
83.120000000005618,"VIPER-02","BANDIT-02",Locked,28692.820591638269,323.68862541187548,0.86089316173634789,True,True,"AIM-120C",0,Arm
83.120000000005618,"BANDIT-01","VIPER-02",Locked,37921.35487361758,33.39926730395235,0.78398870938652032,True,True,"",0,Arm
83.120000000005618,"BANDIT-02","VIPER-02",Locked,28692.820591638269,323.68862541187548,0.86089316173634789,True,True,"",0,Arm
83.220000000005669,"VIPER-01","BANDIT-02",Locked,38099.873818483422,299.190557563817,0.78250105151263827,True,True,"AIM-120C",1,Arm
83.220000000005669,"VIPER-02","BANDIT-02",Locked,28660.594547053373,321.07480620211271,0.86116171210788861,True,True,"AIM-120C",0,Arm
83.220000000005669,"BANDIT-01","VIPER-02",Locked,37917.927823973216,34.989239451438351,0.78401726813355666,True,True,"",0,Arm
83.220000000005669,"BANDIT-02","VIPER-02",Locked,28660.594547053373,321.07480620211271,0.86116171210788861,True,True,"",0,Arm
83.32000000000572,"VIPER-01","BANDIT-02",Locked,38070.098567652778,296.56377356539758,0.78274917860289361,True,True,"AIM-120C",1,Arm
83.32000000000572,"VIPER-02","BANDIT-02",Locked,28628.630376592839,318.45174258357321,0.86142808019505979,True,True,"AIM-120C",0,Arm
83.32000000000572,"BANDIT-01","VIPER-02",Locked,37914.3402496111,36.594222656412342,0.78404716458657431,True,True,"",0,Arm
83.32000000000572,"BANDIT-02","VIPER-02",Locked,28628.630376592839,318.45174258357321,0.86142808019505979,True,True,"",0,Arm
83.420000000005771,"VIPER-01","BANDIT-02",Locked,38040.586550075677,293.92979620188453,0.78299511208270278,True,True,"AIM-120C",1,Arm
83.420000000005771,"VIPER-02","BANDIT-02",Locked,28596.929178817467,315.81977879019877,0.86169225684318784,True,True,"AIM-120C",0,Arm
83.420000000005771,"BANDIT-01","VIPER-02",Locked,37910.5910151549,38.213990040777361,0.78407840820704255,True,True,"",0,Arm
83.420000000005771,"BANDIT-02","VIPER-02",Locked,28596.929178817467,315.81977879019877,0.86169225684318784,True,True,"",0,Arm
83.520000000005822,"VIPER-01","BANDIT-02",Locked,38011.338290713386,291.28886575100591,0.7832388475773886,True,True,"AIM-120C",1,Arm
83.520000000005822,"VIPER-02","BANDIT-02",Locked,28565.491627108102,313.17917159977617,0.861954236440766,True,True,"AIM-120C",0,Arm
83.520000000005822,"BANDIT-01","VIPER-02",Locked,37906.677649382516,39.881933472482672,0.78411101958847906,True,True,"",0,Arm
83.520000000005822,"BANDIT-02","VIPER-02",Locked,28565.491627108102,313.17917159977617,0.861954236440766,True,True,"",0,Arm
83.620000000005874,"VIPER-01","BANDIT-02",Locked,37982.354470206483,288.64125884042841,0.78348037941494608,True,True,"AIM-120C",1,Arm
83.620000000005874,"VIPER-02","BANDIT-02",Locked,28534.318570036947,310.53021827752644,0.86221401191635882,True,True,"AIM-120C",0,Arm
83.620000000005874,"BANDIT-01","VIPER-02",Locked,37902.599070292352,41.5302483482158,0.78414500774756379,True,True,"",0,Arm
83.620000000005874,"BANDIT-02","VIPER-02",Locked,28534.318570036947,310.53021827752644,0.86221401191635882,True,True,"",0,Arm
83.720000000005925,"VIPER-01","BANDIT-02",Locked,37953.63573913744,285.98729145349091,0.78371970217385467,True,True,"AIM-120C",1,Arm
83.720000000005925,"VIPER-02","BANDIT-02",Locked,28503.410824046059,307.8732557106274,0.86247157646628292,True,True,"AIM-120C",0,Arm
83.720000000005925,"BANDIT-01","VIPER-02",Locked,37898.3538690577,43.192775903084836,0.78418038442451921,True,True,"",0,Arm
83.720000000005925,"BANDIT-02","VIPER-02",Locked,28503.410824046059,307.8732557106274,0.86247157646628292,True,True,"",0,Arm
83.820000000005976,"VIPER-01","BANDIT-02",Locked,37925.182580517765,283.32728342849481,0.78395681182901877,True,True,"AIM-120C",1,Arm
83.820000000005976,"VIPER-02","BANDIT-02",Locked,28472.769015577189,305.20862138430653,0.8627269248701902,True,True,"AIM-120C",0,Arm
83.820000000005976,"BANDIT-01","VIPER-02",Locked,37893.9413042876,44.869438876378091,0.78421715579760343,True,True,"",0,Arm
83.820000000005976,"BANDIT-02","VIPER-02",Locked,28472.769015577189,305.20862138430653,0.8627269248701902,True,True,"",0,Arm
83.920000000006027,"VIPER-01","BANDIT-02",Locked,37896.995723540342,280.66159334663547,0.78419170230383051,True,True,"AIM-120C",1,Arm
83.920000000006027,"VIPER-02","BANDIT-02",Locked,28442.394056276808,302.53669960258469,0.86298004953102669,True,True,"AIM-120C",0,Arm
83.920000000006027,"BANDIT-01","VIPER-02",Locked,37889.359331393876,46.5924167347686,0.78425533890505106,True,True,"",0,Arm
83.920000000006027,"BANDIT-02","VIPER-02",Locked,28442.394056276808,302.53669960258469,0.86298004953102669,True,True,"",0,Arm
84.020000000006078,"VIPER-01","BANDIT-02",Locked,37869.07572005799,277.99051004192904,0.78442436899951684,True,True,"AIM-120C",1,Arm
84.020000000006078,"VIPER-02","BANDIT-02",Locked,28412.286657327964,299.85780223069258,0.863230944522267,True,True,"AIM-120C",0,Arm
84.020000000006078,"BANDIT-01","VIPER-02",Locked,37884.606913060088,48.296350597394067,0.784294942391166,True,True,"",0,Arm
84.020000000006078,"BANDIT-02","VIPER-02",Locked,28412.286657327964,299.85780223069258,0.863230944522267,True,True,"",0,Arm
84.120000000006129,"VIPER-01","BANDIT-02",Locked,37841.422989723906,275.3142644106693,0.78465480841896751,True,True,"AIM-120C",1,Arm
84.120000000006129,"VIPER-02","BANDIT-02",Locked,28382.447375585871,297.17218034378385,0.86347960520345113,True,True,"AIM-120C",0,Arm
84.120000000006129,"BANDIT-01","VIPER-02",Locked,37879.683020855009,50.013823197186639,0.78433597482620843,True,True,"",0,Arm
84.120000000006129,"BANDIT-02","VIPER-02",Locked,28382.447375585871,297.17218034378385,0.86347960520345113,True,True,"",0,Arm
84.220000000006181,"VIPER-01","BANDIT-02",Locked,37814.03814786669,272.63317495884695,0.78488301543444439,True,True,"AIM-120C",1,Arm
84.220000000006181,"VIPER-02","BANDIT-02",Locked,28352.87700130387,294.4801802759485,0.86372602498913453,True,True,"AIM-120C",0,Arm
84.220000000006181,"BANDIT-01","VIPER-02",Locked,37874.585687997307,51.744580505102348,0.78437845260002259,True,True,"",0,Arm
84.220000000006181,"BANDIT-02","VIPER-02",Locked,28352.87700130387,294.4801802759485,0.86372602498913453,True,True,"",0,Arm
84.320000000006232,"VIPER-01","BANDIT-02",Locked,37786.921618401058,269.94753959090207,0.78510898651332461,True,True,"AIM-120C",1,Arm
84.320000000006232,"VIPER-02","BANDIT-02",Locked,28323.576100857674,291.78212264012524,0.86397019915951945,True,True,"AIM-120C",0,Arm
84.320000000006232,"BANDIT-01","VIPER-02",Locked,37869.314550583185,53.488515029155138,0.7844223787451402,True,True,"",0,Arm
84.320000000006232,"BANDIT-02","VIPER-02",Locked,28323.576100857674,291.78212264012524,0.86397019915951945,True,True,"",0,Arm
84.420000000006283,"VIPER-01","BANDIT-02",Locked,37760.07380711427,267.25767439828792,0.78533271827404783,True,True,"AIM-120C",1,Arm
84.420000000006283,"VIPER-02","BANDIT-02",Locked,28294.545220538359,289.07834668820487,0.86421212316218043,True,True,"AIM-120C",0,Arm
84.420000000006283,"BANDIT-01","VIPER-02",Locked,37863.867681752592,55.245419440426616,0.78446776931872853,True,True,"",0,Arm
84.420000000006283,"BANDIT-02","VIPER-02",Locked,28294.545220538359,289.07834668820487,0.86421212316218043,True,True,"",0,Arm
84.520000000006334,"VIPER-01","BANDIT-02",Locked,37733.49517240782,264.56391190504365,0.7855542068966016,True,True,"AIM-120C",1,Arm
84.520000000006334,"VIPER-02","BANDIT-02",Locked,28265.784976149484,286.36921243896728,0.86445179186542109,True,True,"AIM-120C",0,Arm
84.520000000006334,"BANDIT-01","VIPER-02",Locked,37858.2441142583,57.015117897347984,0.78451463238118091,True,True,"",0,Arm
84.520000000006334,"BANDIT-02","VIPER-02",Locked,28265.784976149484,286.36921243896728,0.86445179186542109,True,True,"",0,Arm
84.620000000006385,"VIPER-01","BANDIT-02",Locked,37707.186067955954,261.86944245836571,0.78577344943370053,True,True,"AIM-120C",1,Arm
84.620000000006385,"VIPER-02","BANDIT-02",Locked,28237.29585689371,283.658875291048,0.86468920119255244,True,True,"AIM-120C",0,Arm
84.620000000006385,"BANDIT-01","VIPER-02",Locked,37852.442586547259,58.827600557191388,0.78456297844543954,True,True,"",0,Arm
84.620000000006385,"BANDIT-02","VIPER-02",Locked,28237.29585689371,283.658875291048,0.86468920119255244,True,True,"",0,Arm
84.720000000006436,"VIPER-01","BANDIT-02",Locked,37681.1468535214,259.16832518605554,0.78599044288732167,True,True,"AIM-120C",1,Arm
84.720000000006436,"VIPER-02","BANDIT-02",Locked,28209.078365276942,280.9395288667211,0.8649243469560256,True,True,"AIM-120C",0,Arm
84.720000000006436,"BANDIT-01","VIPER-02",Locked,37846.462152733453,60.622016078648493,0.784612815393888,True,True,"",0,Arm
84.720000000006436,"BANDIT-02","VIPER-02",Locked,28209.078365276942,280.9395288667211,0.8649243469560256,True,True,"",0,Arm
84.820000000006488,"VIPER-01","BANDIT-02",Locked,37655.377862040914,256.46421567592017,0.78620518448299248,True,True,"AIM-120C",1,Arm
84.820000000006488,"VIPER-02","BANDIT-02",Locked,28181.132974200336,278.21580758450284,0.86515722521499727,True,True,"AIM-120C",0,Arm
84.820000000006488,"BANDIT-01","VIPER-02",Locked,37840.301284592446,62.428652805859443,0.78466415596172978,True,True,"",0,Arm
84.820000000006488,"BANDIT-02","VIPER-02",Locked,28181.132974200336,278.21580758450284,0.86515722521499727,True,True,"",0,Arm
84.920000000006539,"VIPER-01","BANDIT-02",Locked,37629.8794100726,253.75743406979268,0.78641767158272846,True,True,"AIM-120C",1,Arm
84.920000000006539,"VIPER-02","BANDIT-02",Locked,28153.460146519694,275.48806125904156,0.86538783211233594,True,True,"AIM-120C",0,Arm
84.920000000006539,"BANDIT-01","VIPER-02",Locked,37833.959069640725,64.2473342855263,0.784717007752994,True,True,"",0,Arm
84.920000000006539,"BANDIT-02","VIPER-02",Locked,28153.460146519694,275.48806125904156,0.86538783211233594,True,True,"",0,Arm
85.02000000000659,"VIPER-01","BANDIT-02",Locked,37604.651721022565,251.04931943107377,0.78662790232481206,True,True,"AIM-120C",1,Arm
85.02000000000659,"VIPER-02","BANDIT-02",Locked,28126.060212913319,272.75854799193979,0.86561616489238913,True,True,"AIM-120C",0,Arm
85.02000000000659,"BANDIT-01","VIPER-02",Locked,37827.434023104928,66.077875943823827,0.78477138314079231,True,True,"",0,Arm
85.02000000000659,"BANDIT-02","VIPER-02",Locked,28126.060212913319,272.75854799193979,0.86561616489238913,True,True,"",0,Arm
85.120000000006641,"VIPER-01","BANDIT-02",Locked,37579.695068694869,248.33764107681077,0.78683587442754277,True,True,"AIM-120C",1,Arm
85.120000000006641,"VIPER-02","BANDIT-02",Locked,28098.933597238803,270.02326514769771,0.86584222002301,True,True,"AIM-120C",0,Arm
85.120000000006641,"BANDIT-01","VIPER-02",Locked,37820.725261344625,67.920113270932362,0.78482728948879488,True,True,"",0,Arm
85.120000000006641,"BANDIT-02","VIPER-02",Locked,28098.933597238803,270.02326514769771,0.86584222002301,True,True,"",0,Arm
85.220000000006692,"VIPER-01","BANDIT-02",Locked,37555.009653983994,245.62423548404072,0.78704158621680009,True,True,"AIM-120C",1,Arm
85.220000000006692,"VIPER-02","BANDIT-02",Locked,28072.080620448542,267.28498433052238,0.86606599482959556,True,True,"AIM-120C",0,Arm
85.220000000006692,"BANDIT-01","VIPER-02",Locked,37813.8319075334,69.773877407652336,0.78488473410388848,True,True,"",0,Arm
85.220000000006692,"BANDIT-02","VIPER-02",Locked,28072.080620448542,267.28498433052238,0.86606599482959556,True,True,"",0,Arm
85.320000000006743,"VIPER-01","BANDIT-02",Locked,37530.595658981416,242.9094348336719,0.787245036175155,True,True,"AIM-120C",1,Arm
85.320000000006743,"VIPER-02","BANDIT-02",Locked,28045.501590857493,264.54406730614454,0.86628748674285427,True,True,"AIM-120C",0,Arm
85.320000000006743,"BANDIT-01","VIPER-02",Locked,37806.752534482504,71.638944483098214,0.78494372887931263,True,True,"",0,Arm
85.320000000006743,"BANDIT-02","VIPER-02",Locked,28045.501590857493,264.54406730614454,0.86628748674285427,True,True,"",0,Arm
85.4200000000068,"VIPER-01","BANDIT-02",Locked,37506.453236647685,240.19274107980652,0.787446223027936,True,True,"AIM-120C",1,Arm
85.4200000000068,"VIPER-02","BANDIT-02",Locked,28019.196784645403,261.80089602031018,0.86650669346128839,True,True,"AIM-120C",0,Arm
85.4200000000068,"BANDIT-01","VIPER-02",Locked,37799.486023394114,73.515101580117445,0.78500428313838244,True,True,"",0,Arm
85.4200000000068,"BANDIT-02","VIPER-02",Locked,28019.196784645403,261.80089602031018,0.86650669346128839,True,True,"",0,Arm
85.520000000006846,"VIPER-01","BANDIT-02",Locked,37482.582509475527,237.47555165163251,0.78764514575437072,True,True,"AIM-120C",1,Arm
85.520000000006846,"VIPER-02","BANDIT-02",Locked,27993.166444512794,259.05518694896347,0.86672361296239342,True,True,"AIM-120C",0,Arm
85.520000000006846,"BANDIT-01","VIPER-02",Locked,37792.031546968123,75.402202578462536,0.78506640377526571,True,True,"",0,Arm
85.520000000006846,"BANDIT-02","VIPER-02",Locked,27993.166444512794,259.05518694896347,0.86672361296239342,True,True,"",0,Arm
85.6200000000069,"VIPER-01","BANDIT-02",Locked,37458.983554098813,234.75785260525302,0.78784180371584334,True,True,"AIM-120C",1,Arm
85.6200000000069,"VIPER-02","BANDIT-02",Locked,27967.410772468222,256.307820777452,0.86693824356276494,True,True,"AIM-120C",0,Arm
85.6200000000069,"BANDIT-01","VIPER-02",Locked,37784.388014645694,77.273208895700876,0.78513009987795268,True,True,"",0,Arm
85.6200000000069,"BANDIT-02","VIPER-02",Locked,27967.410772468222,256.307820777452,0.86693824356276494,True,True,"",0,Arm
85.720000000006948,"VIPER-01","BANDIT-02",Locked,37435.656482604674,232.03779036183104,0.78803619597829444,True,True,"AIM-120C",1,Arm
85.720000000006948,"VIPER-02","BANDIT-02",Locked,27941.929969899084,253.55778295540168,0.86715058358417441,True,True,"AIM-120C",0,Arm
85.720000000006948,"BANDIT-01","VIPER-02",Locked,37776.554355409928,79.1819551809009,0.7851953803715841,True,True,"",0,Arm
85.720000000006948,"BANDIT-02","VIPER-02",Locked,27941.929969899084,253.55778295540168,0.86715058358417441,True,True,"",0,Arm
85.820000000007,"VIPER-01","BANDIT-02",Locked,37412.601295764456,229.31955628959426,0.78822832253529629,True,True,"AIM-120C",1,Arm
85.820000000007,"VIPER-02","BANDIT-02",Locked,27916.724165282427,250.80766090232521,0.8673606319559799,True,True,"AIM-120C",0,Arm
85.820000000007,"BANDIT-01","VIPER-02",Locked,37768.52951698126,81.1010719044332,0.78526225402515626,True,True,"",0,Arm
85.820000000007,"BANDIT-02","VIPER-02",Locked,27916.724165282427,250.80766090232521,0.8673606319559799,True,True,"",0,Arm
85.92000000000705,"VIPER-01","BANDIT-02",Locked,37389.818046546272,226.59872337771745,0.78841818294544774,True,True,"AIM-120C",1,Arm
85.92000000000705,"VIPER-02","BANDIT-02",Locked,27891.7935036133,248.05467041859239,0.86756838746988929,True,True,"AIM-120C",0,Arm
85.92000000000705,"BANDIT-01","VIPER-02",Locked,37760.3127253662,83.0303700949981,0.78533072728861508,True,True,"",0,Arm
85.92000000000705,"BANDIT-02","VIPER-02",Locked,27891.7935036133,248.05467041859239,0.86756838746988929,True,True,"",0,Arm
86.0200000000071,"VIPER-01","BANDIT-02",Locked,37367.306648219725,223.8813023532478,0.78860577793150233,True,True,"AIM-120C",1,Arm
86.0200000000071,"VIPER-02","BANDIT-02",Locked,27867.138019038393,245.30326799789302,0.86777384984134676,True,True,"AIM-120C",0,Arm
86.0200000000071,"BANDIT-01","VIPER-02",Locked,37751.902703739557,84.9696354454062,0.78540081080217039,True,True,"",0,Arm
86.0200000000071,"BANDIT-02","VIPER-02",Locked,27867.138019038393,245.30326799789302,0.86777384984134676,True,True,"",0,Arm
86.120000000007153,"VIPER-01","BANDIT-02",Locked,37345.0670701252,221.16496851513421,0.78879110774895667,True,True,"AIM-120C",1,Arm
86.120000000007153,"VIPER-02","BANDIT-02",Locked,27842.757774564696,242.55196136314711,0.8679770185452943,True,True,"AIM-120C",0,Arm
86.120000000007153,"BANDIT-01","VIPER-02",Locked,37743.298711147741,86.918698489542066,0.78547251074043556,True,True,"",0,Arm
86.120000000007153,"BANDIT-02","VIPER-02",Locked,27842.757774564696,242.55196136314711,0.8679770185452943,True,True,"",0,Arm
86.2200000000072,"VIPER-01","BANDIT-02",Locked,37323.099266344063,218.44558209520241,0.78897417278046622,True,True,"AIM-120C",1,Arm
86.2200000000072,"VIPER-02","BANDIT-02",Locked,27818.65281521955,239.797392901327,0.86817789320650385,True,True,"AIM-120C",0,Arm
86.2200000000072,"BANDIT-01","VIPER-02",Locked,37734.4997631632,88.852624667886133,0.78554583530697342,True,True,"",0,Arm
86.2200000000072,"BANDIT-02","VIPER-02",Locked,27818.65281521955,239.797392901327,0.86817789320650385,True,True,"",0,Arm
86.320000000007255,"VIPER-01","BANDIT-02",Locked,37301.403081004311,215.73186669212592,0.78915497432496418,True,True,"AIM-120C",1,Arm
86.320000000007255,"VIPER-02","BANDIT-02",Locked,27794.823088027762,237.04680665369381,0.86837647426643538,True,True,"AIM-120C",0,Arm
86.320000000007255,"BANDIT-01","VIPER-02",Locked,37725.504895698818,90.821072455591178,0.78562079253584327,True,True,"",0,Arm
86.320000000007255,"BANDIT-02","VIPER-02",Locked,27794.823088027762,237.04680665369381,0.86837647426643538,True,True,"",0,Arm
86.4200000000073,"VIPER-01","BANDIT-02",Locked,37279.978466453736,213.01482699716209,0.78933351277955222,True,True,"AIM-120C",1,Arm
86.4200000000073,"VIPER-02","BANDIT-02",Locked,27771.268622666128,234.29272629497075,0.8685727614777824,True,True,"AIM-120C",0,Arm
86.4200000000073,"BANDIT-01","VIPER-02",Locked,37716.3131628062,92.798743725882474,0.78569739030994845,True,True,"",0,Arm
86.4200000000073,"BANDIT-02","VIPER-02",Locked,27771.268622666128,234.29272629497075,0.8685727614777824,True,True,"",0,Arm
86.520000000007357,"VIPER-01","BANDIT-02",Locked,37258.82514472535,210.30503797376059,0.7895097904606222,True,True,"AIM-120C",1,Arm
86.520000000007357,"VIPER-02","BANDIT-02",Locked,27747.989244659639,231.54430049490989,0.86876675629450306,True,True,"AIM-120C",0,Arm
86.520000000007357,"BANDIT-01","VIPER-02",Locked,37706.923876697154,94.785459978862633,0.78577563436085707,True,True,"",0,Arm
86.520000000007357,"BANDIT-02","VIPER-02",Locked,27747.989244659639,231.54430049490989,0.86876675629450306,True,True,"",0,Arm
86.620000000007408,"VIPER-01","BANDIT-02",Locked,37237.943019621685,207.5916742904115,0.78968380816981942,True,True,"AIM-120C",1,Arm
86.620000000007408,"VIPER-02","BANDIT-02",Locked,27724.984928907783,228.79217223004994,0.86895845892576862,True,True,"AIM-120C",0,Arm
86.620000000007408,"BANDIT-01","VIPER-02",Locked,37697.336123013483,96.757683885536537,0.785855532308221,True,True,"",0,Arm
86.620000000007408,"BANDIT-02","VIPER-02",Locked,27724.984928907783,228.79217223004994,0.86895845892576862,True,True,"",0,Arm
86.72000000000746,"VIPER-01","BANDIT-02",Locked,37217.331731344239,204.8870865072175,0.78985556890546471,True,True,"AIM-120C",1,Arm
86.72000000000746,"VIPER-02","BANDIT-02",Locked,27702.255411782164,226.04731795891297,0.869147871568482,True,True,"AIM-120C",0,Arm
86.72000000000746,"BANDIT-01","VIPER-02",Locked,37687.548777904129,98.7622074604503,0.78593709351746566,True,True,"",0,Arm
86.72000000000746,"BANDIT-02","VIPER-02",Locked,27702.255411782164,226.04731795891297,0.869147871568482,True,True,"",0,Arm
86.820000000007511,"VIPER-01","BANDIT-02",Locked,37196.9911416762,202.17861021139052,0.790025073819365,True,True,"AIM-120C",1,Arm
86.820000000007511,"VIPER-02","BANDIT-02",Locked,27679.80061982085,223.29849027090506,0.86933499483482635,True,True,"AIM-120C",0,Arm
86.820000000007511,"BANDIT-01","VIPER-02",Locked,37677.561203153207,100.77517271696199,0.78602032330705662,True,True,"",0,Arm
86.820000000007511,"BANDIT-02","VIPER-02",Locked,27679.80061982085,223.29849027090506,0.86933499483482635,True,True,"",0,Arm
86.920000000007562,"VIPER-01","BANDIT-02",Locked,37176.920963272059,199.48041366514792,0.79019232530606631,True,True,"AIM-120C",1,Arm
86.920000000007562,"VIPER-02","BANDIT-02",Locked,27657.620341251288,220.5585320786025,0.86951983048957271,True,True,"AIM-120C",0,Arm
86.920000000007562,"BANDIT-01","VIPER-02",Locked,37667.372764850981,102.79643782028255,0.78610522695957519,True,True,"",0,Arm
86.920000000007562,"BANDIT-02","VIPER-02",Locked,27657.620341251288,220.5585320786025,0.86951983048957271,True,True,"",0,Arm
87.020000000007613,"VIPER-01","BANDIT-02",Locked,37157.120874196014,196.77806006582259,0.79035732604836662,True,True,"AIM-120C",1,Arm
87.020000000007613,"VIPER-02","BANDIT-02",Locked,27635.714326263886,217.8143752533295,0.8697023806144677,True,True,"AIM-120C",0,Arm
87.020000000007613,"BANDIT-01","VIPER-02",Locked,37656.982396430954,104.80387231549379,0.78619181336307542,True,True,"",0,Arm
87.020000000007613,"BANDIT-02","VIPER-02",Locked,27635.714326263886,217.8143752533295,0.8697023806144677,True,True,"",0,Arm
87.120000000007664,"VIPER-01","BANDIT-02",Locked,37137.590436492363,194.07905010079685,0.7905200796958971,True,True,"AIM-120C",1,Arm
87.120000000007664,"VIPER-02","BANDIT-02",Locked,27614.082211842317,215.07288379352556,0.86988264823464745,True,True,"AIM-120C",0,Arm
87.120000000007664,"BANDIT-01","VIPER-02",Locked,37646.389282298318,106.841407740793,0.78628008931418081,True,True,"",0,Arm
87.120000000007664,"BANDIT-02","VIPER-02",Locked,27614.082211842317,215.07288379352556,0.86988264823464745,True,True,"",0,Arm
87.220000000007715,"VIPER-01","BANDIT-02",Locked,37118.329338403048,191.39264136358864,0.79068058884664139,True,True,"AIM-120C",1,Arm
87.220000000007715,"VIPER-02","BANDIT-02",Locked,27592.723744768802,212.34272762656821,0.87006063546026,True,True,"AIM-120C",0,Arm
87.220000000007715,"BANDIT-01","VIPER-02",Locked,37635.5930474863,108.86550168368834,0.78637005793761428,True,True,"",0,Arm
87.220000000007715,"BANDIT-02","VIPER-02",Locked,27592.723744768802,212.34272762656821,0.87006063546026,True,True,"",0,Arm
87.320000000007767,"VIPER-01","BANDIT-02",Locked,37099.337257153151,188.70167564279615,0.79083885619039052,True,True,"AIM-120C",1,Arm
87.320000000007767,"VIPER-02","BANDIT-02",Locked,27571.638657792195,209.6080370307503,0.87023634451839849,True,True,"AIM-120C",0,Arm
87.320000000007767,"BANDIT-01","VIPER-02",Locked,37624.592271616013,110.91857049088517,0.78646173106986672,True,True,"",0,Arm
87.320000000007767,"BANDIT-02","VIPER-02",Locked,27571.638657792195,209.6080370307503,0.87023634451839849,True,True,"",0,Arm
87.420000000007818,"VIPER-01","BANDIT-02",Locked,37080.613758814368,186.01495755458316,0.79099488534321361,True,True,"AIM-120C",1,Arm
87.420000000007818,"VIPER-02","BANDIT-02",Locked,27550.82657544269,206.8770180233002,0.87040977853797763,True,True,"AIM-120C",0,Arm
87.420000000007818,"BANDIT-01","VIPER-02",Locked,37613.386820591484,112.97895713307082,0.78655510982840438,True,True,"",0,Arm
87.420000000007818,"BANDIT-02","VIPER-02",Locked,27550.82657544269,206.8770180233002,0.87040977853797763,True,True,"",0,Arm
87.520000000007869,"VIPER-01","BANDIT-02",Locked,37062.158167730988,183.34310273970604,0.79114868193557519,True,True,"AIM-120C",1,Arm
87.520000000007869,"VIPER-02","BANDIT-02",Locked,27530.286888640832,204.15974416531697,0.87058094259465979,True,True,"AIM-120C",0,Arm
87.520000000007869,"BANDIT-01","VIPER-02",Locked,37601.975936974704,115.02637879013979,0.786650200525211,True,True,"",0,Arm
87.520000000007869,"BANDIT-02","VIPER-02",Locked,27530.286888640832,204.15974416531697,0.87058094259465979,True,True,"",0,Arm
87.62000000000792,"VIPER-01","BANDIT-02",Locked,37043.97028023142,180.66629137737846,0.79130024766473828,True,True,"AIM-120C",1,Arm
87.62000000000792,"VIPER-02","BANDIT-02",Locked,27510.019427287731,201.43760120025146,0.87074983810593565,True,True,"AIM-120C",0,Arm
87.62000000000792,"BANDIT-01","VIPER-02",Locked,37590.35849003592,117.10110564722115,0.786747012583034,True,True,"",0,Arm
87.62000000000792,"BANDIT-02","VIPER-02",Locked,27510.019427287731,201.43760120025146,0.87074983810593565,True,True,"",0,Arm
87.720000000007971,"VIPER-01","BANDIT-02",Locked,37026.049468931793,177.99467096257447,0.79144958775890184,True,True,"AIM-120C",1,Arm
87.720000000007971,"VIPER-02","BANDIT-02",Locked,27490.023617752839,198.72017976532115,0.87091646985205973,True,True,"AIM-120C",0,Arm
87.720000000007971,"BANDIT-01","VIPER-02",Locked,37578.534168402213,119.16321948305415,0.78684554859664835,True,True,"",0,Arm
87.720000000007971,"BANDIT-02","VIPER-02",Locked,27490.023617752839,198.72017976532115,0.87091646985205973,True,True,"",0,Arm
87.820000000008022,"VIPER-01","BANDIT-02",Locked,37008.395050490166,175.3401743730096,0.79159670791258208,True,True,"AIM-120C",1,Arm
87.820000000008022,"VIPER-02","BANDIT-02",Locked,27470.298826425882,196.01890895405742,0.87108084311311773,True,True,"AIM-120C",0,Arm
87.820000000008022,"BANDIT-01","VIPER-02",Locked,37566.502083464475,121.25154345095754,0.78694581597112945,True,True,"",0,Arm
87.820000000008022,"BANDIT-02","VIPER-02",Locked,27470.298826425882,196.01890895405742,0.87108084311311773,True,True,"",0,Arm
87.920000000008073,"VIPER-01","BANDIT-02",Locked,36991.0067829244,172.68031250452003,0.79174161014229671,True,True,"AIM-120C",1,Arm
87.920000000008073,"VIPER-02","BANDIT-02",Locked,27450.844835792319,193.31242560907916,0.87124295970173082,True,True,"AIM-120C",0,Arm
87.920000000008073,"BANDIT-01","VIPER-02",Locked,37554.261939276883,123.32763570980974,0.78704781717269268,True,True,"",0,Arm
87.920000000008073,"BANDIT-02","VIPER-02",Locked,27450.844835792319,193.31242560907916,0.87124295970173082,True,True,"",0,Arm
88.020000000008125,"VIPER-01","BANDIT-02",Locked,36973.8836878849,170.02656929220365,0.79188430260095921,True,True,"AIM-120C",1,Arm
88.020000000008125,"VIPER-02","BANDIT-02",Locked,27431.660720925112,190.61170029000718,0.87140282732562413,True,True,"AIM-120C",0,Arm
88.020000000008125,"BANDIT-01","VIPER-02",Locked,37541.812700962459,125.42878194881665,0.787151560825313,True,True,"",0,Arm
88.020000000008125,"BANDIT-02","VIPER-02",Locked,27431.660720925112,190.61170029000718,0.87140282732562413,True,True,"",0,Arm
88.120000000008176,"VIPER-01","BANDIT-02",Locked,36957.025486956336,167.37925135682133,0.79202478760869721,True,True,"AIM-120C",1,Arm
88.120000000008176,"VIPER-02","BANDIT-02",Locked,27412.746221555575,187.91706995611779,0.87156044815370359,True,True,"AIM-120C",0,Arm
88.120000000008176,"BANDIT-01","VIPER-02",Locked,37529.154098852821,127.51803128692639,0.78725704917622652,True,True,"",0,Arm
88.120000000008176,"BANDIT-02","VIPER-02",Locked,27412.746221555575,187.91706995611779,0.87156044815370359,True,True,"",0,Arm
88.220000000008227,"VIPER-01","BANDIT-02",Locked,36940.431112180726,164.75203011257346,0.79216307406516073,True,True,"AIM-120C",1,Arm
88.220000000008227,"VIPER-02","BANDIT-02",Locked,27394.100315240903,185.2417588052229,0.87171583070632586,True,True,"AIM-120C",0,Arm
88.220000000008227,"BANDIT-01","VIPER-02",Locked,37516.285504089326,129.63123092318315,0.78736428746592235,True,True,"",0,Arm
88.220000000008227,"BANDIT-02","VIPER-02",Locked,27394.100315240903,185.2417588052229,0.87171583070632586,True,True,"",0,Arm
88.320000000008278,"VIPER-01","BANDIT-02",Locked,36924.100252126569,162.11890723065184,0.792299164565612,True,True,"AIM-120C",1,Arm
88.320000000008278,"VIPER-02","BANDIT-02",Locked,27375.722702357616,182.5607882348371,0.8718689774803533,True,True,"AIM-120C",0,Arm
88.320000000008278,"BANDIT-01","VIPER-02",Locked,37503.206313580929,131.73284032626171,0.787473280720159,True,True,"",0,Arm
88.320000000008278,"BANDIT-02","VIPER-02",Locked,27375.722702357616,182.5607882348371,0.8718689774803533,True,True,"",0,Arm
88.420000000008329,"VIPER-01","BANDIT-02",Locked,36908.032175317727,159.49312439322978,0.79243306520568568,True,True,"AIM-120C",1,Arm
88.420000000008329,"VIPER-02","BANDIT-02",Locked,27357.612675242453,179.88693416539158,0.87201989437297966,True,True,"AIM-120C",0,Arm
88.420000000008329,"BANDIT-01","VIPER-02",Locked,37489.915770627318,133.85725373442307,0.7875840352447725,True,True,"",0,Arm
88.420000000008329,"BANDIT-02","VIPER-02",Locked,27357.612675242453,179.88693416539158,0.87201989437297966,True,True,"",0,Arm
88.52000000000838,"VIPER-01","BANDIT-02",Locked,36892.225693455104,156.87496878494008,0.79256478588787416,True,True,"AIM-120C",1,Arm
88.52000000000838,"VIPER-02","BANDIT-02",Locked,27339.769079183734,177.22052436235833,0.87216859100680233,True,True,"AIM-120C",0,Arm
88.52000000000838,"BANDIT-01","VIPER-02",Locked,37476.413648066315,135.97041893718534,0.78769655293278085,True,True,"",0,Arm
88.52000000000838,"BANDIT-02","VIPER-02",Locked,27339.769079183734,177.22052436235833,0.87216859100680233,True,True,"",0,Arm
88.620000000008432,"VIPER-01","BANDIT-02",Locked,36876.680585735347,154.26474437197427,0.79269432845220555,True,True,"AIM-120C",1,Arm
88.620000000008432,"VIPER-02","BANDIT-02",Locked,27322.19169148049,174.56189121989985,0.87231506923766267,True,True,"AIM-120C",0,Arm
88.620000000008432,"BANDIT-01","VIPER-02",Locked,37462.699228351747,138.08930328308418,0.78781083976373556,True,True,"",0,Arm
88.620000000008432,"BANDIT-02","VIPER-02",Locked,27322.19169148049,174.56189121989985,0.87231506923766267,True,True,"",0,Arm
88.720000000008483,"VIPER-01","BANDIT-02",Locked,36861.396042541812,151.66276597791469,0.792821699645485,True,True,"AIM-120C",1,Arm
88.720000000008483,"VIPER-02","BANDIT-02",Locked,27304.879716126423,171.91138476223608,0.87245933569894651,True,True,"AIM-120C",0,Arm
88.720000000008483,"BANDIT-01","VIPER-02",Locked,37448.771979988058,140.22932742605789,0.78792690016676625,True,True,"",0,Arm
88.720000000008483,"BANDIT-02","VIPER-02",Locked,27304.879716126423,171.91138476223608,0.87245933569894651,True,True,"",0,Arm
88.820000000008534,"VIPER-01","BANDIT-02",Locked,36846.370745089152,149.08530431859256,0.79294691045759047,True,True,"AIM-120C",1,Arm
88.820000000008534,"VIPER-02","BANDIT-02",Locked,27287.831856691886,169.28490617791951,0.87260140119423435,True,True,"AIM-120C",0,Arm
88.820000000008534,"BANDIT-01","VIPER-02",Locked,37434.631547040946,142.35866218848605,0.78804473710799217,True,True,"",0,Arm
88.820000000008534,"BANDIT-02","VIPER-02",Locked,27287.831856691886,169.28490617791951,0.87260140119423435,True,True,"",0,Arm
88.920000000008585,"VIPER-01","BANDIT-02",Locked,36831.603963141868,146.50116512348401,0.79306996697381793,True,True,"AIM-120C",1,Arm
88.920000000008585,"VIPER-02","BANDIT-02",Locked,27271.047384288271,166.65212627364394,0.87274127179759786,True,True,"AIM-120C",0,Arm
88.920000000008585,"BANDIT-01","VIPER-02",Locked,37420.277434631222,144.49309126809919,0.78816435471140656,True,True,"",0,Arm
88.920000000008585,"BANDIT-02","VIPER-02",Locked,27271.047384288271,166.65212627364394,0.87274127179759786,True,True,"",0,Arm
89.020000000008636,"VIPER-01","BANDIT-02",Locked,36817.095112359028,143.92610766810003,0.79319087406367483,True,True,"AIM-120C",1,Arm
89.020000000008636,"VIPER-02","BANDIT-02",Locked,27254.525709243037,164.028413413458,0.87287895242297475,True,True,"AIM-120C",1,Arm
89.020000000008636,"BANDIT-01","VIPER-02",Locked,37405.709017828238,146.64692493277281,0.78828575818476476,True,True,"",0,Arm
89.020000000008636,"BANDIT-02","VIPER-02",Locked,27254.525709243037,164.028413413458,0.87287895242297475,True,True,"",0,Arm
89.120000000008687,"VIPER-01","BANDIT-02",Locked,36802.843268804681,141.360433110772,0.79330963942662769,True,True,"AIM-120C",1,Arm
89.120000000008687,"VIPER-02","BANDIT-02",Locked,27238.2659072821,161.4141032503,0.87301445077264928,True,True,"AIM-120C",1,Arm
89.120000000008687,"BANDIT-01","VIPER-02",Locked,37390.926132503053,148.79061931721762,0.78840894889580793,True,True,"",0,Arm
89.120000000008687,"BANDIT-02","VIPER-02",Locked,27238.2659072821,161.4141032503,0.87301445077264928,True,True,"",0,Arm
89.220000000008739,"VIPER-01","BANDIT-02",Locked,36788.847475269191,138.80448897738964,0.79342627103942354,True,True,"AIM-120C",1,Arm
89.220000000008739,"VIPER-02","BANDIT-02",Locked,27222.267017431157,158.80957738783897,0.87314777485474049,True,True,"AIM-120C",1,Arm
89.220000000008739,"BANDIT-01","VIPER-02",Locked,37375.928191442581,150.93884349524447,0.78853393173797859,True,True,"",0,Arm
89.220000000008739,"BANDIT-02","VIPER-02",Locked,27222.267017431157,158.80957738783897,0.87314777485474049,True,True,"",0,Arm
89.32000000000879,"VIPER-01","BANDIT-02",Locked,36775.10674040985,136.25860390535456,0.79354077716325133,True,True,"AIM-120C",1,Arm
89.32000000000879,"VIPER-02","BANDIT-02",Locked,27206.52804118723,156.21519833268323,0.8732789329901065,True,True,"AIM-120C",1,Arm
89.32000000000879,"BANDIT-01","VIPER-02",Locked,37360.714910313021,153.091404715368,0.78866070908072494,True,True,"",0,Arm
89.32000000000879,"BANDIT-02","VIPER-02",Locked,27206.52804118723,156.21519833268323,0.8732789329901065,True,True,"",0,Arm
89.420000000008841,"VIPER-01","BANDIT-02",Locked,36761.620042477029,133.72306158808092,0.79365316631269156,True,True,"AIM-120C",1,Arm
89.420000000008841,"VIPER-02","BANDIT-02",Locked,27191.047946258066,153.63128353051621,0.87340793378118287,True,True,"AIM-120C",1,Arm
89.420000000008841,"BANDIT-01","VIPER-02",Locked,37345.285750954681,155.26108822938542,0.78878928540871107,True,True,"",0,Arm
89.420000000008841,"BANDIT-02","VIPER-02",Locked,27191.047946258066,153.63128353051621,0.87340793378118287,True,True,"",0,Arm
89.520000000008892,"VIPER-01","BANDIT-02",Locked,36748.386333222938,131.19811576490753,0.79376344722314229,True,True,"AIM-120C",1,Arm
89.520000000008892,"VIPER-02","BANDIT-02",Locked,27175.825670485927,151.05812030141476,0.873534786079284,True,True,"AIM-120C",1,Arm
89.520000000008892,"BANDIT-01","VIPER-02",Locked,37329.640462266245,157.42133403045764,0.788919662814448,True,True,"",0,Arm
89.520000000008892,"BANDIT-02","VIPER-02",Locked,27175.825670485927,151.05812030141476,0.873534786079284,True,True,"",0,Arm
89.620000000008943,"VIPER-01","BANDIT-02",Locked,36735.404539316434,128.68401862422263,0.79387162883902973,True,True,"AIM-120C",1,Arm
89.620000000008943,"VIPER-02","BANDIT-02",Locked,27160.860123288432,148.49599412558914,0.87365949897259654,True,True,"AIM-120C",1,Arm
89.620000000008943,"BANDIT-01","VIPER-02",Locked,37313.778676061309,159.58532422039966,0.78905184436615583,True,True,"",0,Arm
89.620000000008943,"BANDIT-02","VIPER-02",Locked,27160.860123288432,148.49599412558914,0.87365949897259654,True,True,"",0,Arm
89.720000000009,"VIPER-01","BANDIT-02",Locked,36722.673561445437,126.18103715253363,0.79397772032128811,True,True,"AIM-120C",1,Arm
89.720000000009,"VIPER-02","BANDIT-02",Locked,27146.150184789225,145.94520490626297,0.8737820817934232,True,True,"AIM-120C",1,Arm
89.720000000009,"BANDIT-01","VIPER-02",Locked,37297.700163198933,161.752865744241,0.78918583197334224,True,True,"",0,Arm
89.720000000009,"BANDIT-02","VIPER-02",Locked,27146.150184789225,145.94520490626297,0.8737820817934232,True,True,"",0,Arm
89.820000000009045,"VIPER-01","BANDIT-02",Locked,36710.19227281832,123.68945101320337,0.79408173105984736,True,True,"AIM-120C",1,Arm
89.820000000009045,"VIPER-02","BANDIT-02",Locked,27131.694704362708,143.40606482915246,0.87390254413031088,True,True,"AIM-120C",1,Arm
89.820000000009045,"BANDIT-01","VIPER-02",Locked,37281.4044711837,163.92374918306382,0.78932162940680262,True,True,"",0,Arm
89.820000000009045,"BANDIT-02","VIPER-02",Locked,27131.694704362708,143.40606482915246,0.87390254413031088,True,True,"",0,Arm
89.9200000000091,"VIPER-01","BANDIT-02",Locked,36697.959518508076,121.20954110423439,0.79418367067909945,True,True,"AIM-120C",1,Arm
89.9200000000091,"VIPER-02","BANDIT-02",Locked,27117.492500015087,140.87888694348879,0.87402089583320763,True,True,"AIM-120C",1,Arm
89.9200000000091,"BANDIT-01","VIPER-02",Locked,37264.891405092349,166.09778024126808,0.78945923829089715,True,True,"",0,Arm
89.9200000000091,"BANDIT-02","VIPER-02",Locked,27117.492500015087,140.87888694348879,0.87402089583320763,True,True,"",0,Arm
90.020000000009148,"VIPER-01","BANDIT-02",Locked,36685.974115874676,118.74158062337567,0.79428354903437781,True,True,"AIM-120C",1,Arm
90.020000000009148,"VIPER-02","BANDIT-02",Locked,27103.542358842467,138.36397624856883,0.87413714700964618,True,True,"AIM-120C",1,Arm
90.020000000009148,"BANDIT-01","VIPER-02",Locked,37248.16066748825,168.27475786915451,0.78959866110426469,True,True,"",0,Arm
90.020000000009148,"BANDIT-02","VIPER-02",Locked,27103.542358842467,138.36397624856883,0.87413714700964618,True,True,"",0,Arm
90.1200000000092,"VIPER-01","BANDIT-02",Locked,36674.235739102274,116.26362557418848,0.79438136884081445,True,True,"AIM-120C",1,Arm
90.1200000000092,"VIPER-02","BANDIT-02",Locked,27089.843911277909,135.83967338772345,0.87425130073935087,True,True,"AIM-120C",1,Arm
90.1200000000092,"BANDIT-01","VIPER-02",Locked,37231.211878560513,170.46486489952852,0.78973990101199587,True,True,"",0,Arm
90.1200000000092,"BANDIT-02","VIPER-02",Locked,27089.843911277909,135.83967338772345,0.87425130073935087,True,True,"",0,Arm
90.22000000000925,"VIPER-01","BANDIT-02",Locked,36662.742618076874,113.81875460896924,0.7944771448493595,True,True,"AIM-120C",1,Arm
90.22000000000925,"VIPER-02","BANDIT-02",Locked,27076.395358368711,133.34857514864245,0.87436337201359415,True,True,"AIM-120C",1,Arm
90.22000000000925,"BANDIT-01","VIPER-02",Locked,37214.0449867708,172.64682787086534,0.7898829584435767,True,True,"",0,Arm
90.22000000000925,"BANDIT-02","VIPER-02",Locked,27076.395358368711,133.34857514864245,0.87436337201359415,True,True,"",0,Arm
90.3200000000093,"VIPER-01","BANDIT-02",Locked,36651.493276999674,111.38671263506004,0.79457088935833609,True,True,"AIM-120C",1,Arm
90.3200000000093,"VIPER-02","BANDIT-02",Locked,27063.195187505506,130.8707141316554,0.87447337343745424,True,True,"AIM-120C",1,Arm
90.3200000000093,"BANDIT-01","VIPER-02",Locked,37196.6596499936,174.8311456614282,0.79002783625005346,True,True,"",0,Arm
90.3200000000093,"BANDIT-02","VIPER-02",Locked,27063.195187505506,130.8707141316554,0.87447337343745424,True,True,"",0,Arm
90.420000000009352,"VIPER-01","BANDIT-02",Locked,36640.486420488633,108.9677193171802,0.7946626131625949,True,True,"AIM-120C",1,Arm
90.420000000009352,"VIPER-02","BANDIT-02",Locked,27050.242060899443,128.40634038883832,0.87458131615917134,True,True,"AIM-120C",1,Arm
90.420000000009352,"BANDIT-02","VIPER-02",Locked,27050.242060899443,128.40634038883832,0.87458131615917134,True,True,"",0,Arm
90.5200000000094,"VIPER-01","BANDIT-02",Locked,36629.720733707487,106.56196044933544,0.79475232721910438,True,True,"AIM-120C",1,Arm
90.5200000000094,"VIPER-02","BANDIT-02",Locked,27037.534618275185,125.95566986069062,0.87468721151437356,True,True,"AIM-120C",1,Arm
90.5200000000094,"BANDIT-02","VIPER-02",Locked,27037.534618275185,125.95566986069062,0.87468721151437356,True,True,"",0,Arm
90.620000000009455,"VIPER-01","BANDIT-02",Locked,36619.1953624913,104.16910072729408,0.79484003864590591,True,True,"AIM-120C",1,Arm
90.620000000009455,"VIPER-02","BANDIT-02",Locked,27025.071953093335,123.51839858095752,0.8747910670575556,True,True,"AIM-120C",1,Arm
90.620000000009455,"BANDIT-02","VIPER-02",Locked,27025.071953093335,123.51839858095752,0.8747910670575556,True,True,"",0,Arm
90.7200000000095,"VIPER-01","BANDIT-02",Locked,36608.909296673875,101.78915525291764,0.79492575586105119,True,True,"AIM-120C",1,Arm
90.7200000000095,"VIPER-02","BANDIT-02",Locked,27012.853002022868,121.09456967094232,0.87489289164980955,True,True,"AIM-120C",1,Arm
90.7200000000095,"BANDIT-02","VIPER-02",Locked,27012.853002022868,121.09456967094232,0.87489289164980955,True,True,"",0,Arm
90.820000000009557,"VIPER-01","BANDIT-02",Locked,36598.860470378524,99.423283029437258,0.795009496080179,True,True,"AIM-120C",1,Arm
90.820000000009557,"VIPER-02","BANDIT-02",Locked,27000.875651183735,118.68536674342724,0.87499270290680231,True,True,"AIM-120C",1,Arm
90.820000000009557,"BANDIT-02","VIPER-02",Locked,27000.875651183735,118.68536674342724,0.87499270290680231,True,True,"",0,Arm
90.920000000009608,"VIPER-01","BANDIT-02",Locked,36589.047461253627,97.071741242898625,0.79509127115621991,True,True,"AIM-120C",1,Arm
90.920000000009608,"VIPER-02","BANDIT-02",Locked,26989.138421497457,116.29107478252733,0.875090513154188,True,True,"AIM-120C",1,Arm
90.920000000009608,"BANDIT-02","VIPER-02",Locked,26989.138421497457,116.29107478252733,0.875090513154188,True,True,"",0,Arm
91.020000000009659,"VIPER-01","BANDIT-02",Locked,36579.469078300535,94.709486348205743,0.79517109101416228,True,True,"AIM-120C",1,Arm
91.020000000009659,"VIPER-02","BANDIT-02",Locked,26977.640060949107,113.88682743706592,0.87518633282542424,True,True,"AIM-120C",1,Arm
91.020000000009659,"BANDIT-02","VIPER-02",Locked,26977.640060949107,113.88682743706592,0.87518633282542424,True,True,"",0,Arm
91.120000000009711,"VIPER-01","BANDIT-02",Locked,36570.124716127088,92.385323426744449,0.795248960698941,True,True,"AIM-120C",1,Arm
91.120000000009711,"VIPER-02","BANDIT-02",Locked,26966.379897600669,111.52114853080721,0.87528016751999449,True,True,"AIM-120C",1,Arm
91.120000000009711,"BANDIT-02","VIPER-02",Locked,26966.379897600669,111.52114853080721,0.87528016751999449,True,True,"",0,Arm
91.220000000009762,"VIPER-01","BANDIT-02",Locked,36561.011946823644,90.07614287757157,0.79532490044313642,True,True,"AIM-120C",1,Arm
91.220000000009762,"VIPER-02","BANDIT-02",Locked,26955.355444940415,109.17111166939674,0.87537203795883,True,True,"AIM-120C",1,Arm
91.220000000009762,"BANDIT-02","VIPER-02",Locked,26955.355444940415,109.17111166939674,0.87537203795883,True,True,"",0,Arm
91.320000000009813,"VIPER-01","BANDIT-02",Locked,36552.129256405991,87.782221213955609,0.79539892286328351,True,True,"AIM-120C",1,Arm
91.320000000009813,"VIPER-02","BANDIT-02",Locked,26944.565121685871,106.83701891900024,0.87546195731928456,True,True,"AIM-120C",1,Arm
91.320000000009813,"BANDIT-02","VIPER-02",Locked,26944.565121685871,106.83701891900024,0.87546195731928456,True,True,"",0,Arm
91.420000000009864,"VIPER-01","BANDIT-02",Locked,36543.475107394035,85.5037655337657,0.79547104077171649,True,True,"AIM-120C",1,Arm
91.420000000009864,"VIPER-02","BANDIT-02",Locked,26934.007320506567,104.51910281214968,0.87554993899577871,True,True,"AIM-120C",1,Arm
91.420000000009864,"BANDIT-02","VIPER-02",Locked,26934.007320506567,104.51910281214968,0.87554993899577871,True,True,"",0,Arm
91.520000000009915,"VIPER-01","BANDIT-02",Locked,36535.04937245266,83.239419200746056,0.79554125522956132,True,True,"AIM-120C",1,Arm
91.520000000009915,"VIPER-02","BANDIT-02",Locked,26923.681836491327,102.2160306888631,0.87563598469590564,True,True,"AIM-120C",1,Arm
91.520000000009915,"BANDIT-02","VIPER-02",Locked,26923.681836491327,102.2160306888631,0.87563598469590564,True,True,"",0,Arm
91.620000000009966,"VIPER-01","BANDIT-02",Locked,36526.849215402326,80.9909955798991,0.79560958987164732,True,True,"AIM-120C",1,Arm
91.620000000009966,"VIPER-02","BANDIT-02",Locked,26913.585764541989,99.929638814626657,0.87572011862881682,True,True,"AIM-120C",1,Arm
91.620000000009966,"BANDIT-02","VIPER-02",Locked,26913.585764541989,99.929638814626657,0.87572011862881682,True,True,"",0,Arm
91.720000000010018,"VIPER-01","BANDIT-02",Locked,36518.873029674745,78.758747606190269,0.7956760580860438,True,True,"AIM-120C",1,Arm
91.720000000010018,"VIPER-02","BANDIT-02",Locked,26903.717421111163,97.660203461135737,0.87580235482407376,True,True,"AIM-120C",1,Arm
91.720000000010018,"BANDIT-02","VIPER-02",Locked,26903.717421111163,97.660203461135737,0.87580235482407376,True,True,"",0,Arm
91.820000000010069,"VIPER-01","BANDIT-02",Locked,36511.119471393715,76.514401255829029,0.7957406710717192,True,True,"AIM-120C",1,Arm
91.820000000010069,"VIPER-02","BANDIT-02",Locked,26894.075382302333,95.379544150558928,0.87588270514748068,True,True,"AIM-120C",1,Arm
91.820000000010069,"BANDIT-02","VIPER-02",Locked,26894.075382302333,95.379544150558928,0.87588270514748068,True,True,"",0,Arm
91.92000000001012,"VIPER-01","BANDIT-02",Locked,36503.587855950056,74.313099275924841,0.79580343453374969,True,True,"AIM-120C",1,Arm
91.92000000001012,"VIPER-02","BANDIT-02",Locked,26884.658880204595,93.14267315414321,0.87596117599829515,True,True,"AIM-120C",1,Arm
91.92000000001012,"BANDIT-02","VIPER-02",Locked,26884.658880204595,93.14267315414321,0.87596117599829515,True,True,"",0,Arm
92.020000000010171,"VIPER-01","BANDIT-02",Locked,36496.27544782406,72.128605828195788,0.79586437126813292,True,True,"AIM-120C",1,Arm
92.020000000010171,"VIPER-02","BANDIT-02",Locked,26875.465098774588,90.9234571858699,0.87603779084354516,True,True,"AIM-120C",1,Arm
92.020000000010171,"BANDIT-02","VIPER-02",Locked,26875.465098774588,90.9234571858699,0.87603779084354516,True,True,"",0,Arm
92.120000000010222,"VIPER-01","BANDIT-02",Locked,36489.1805524263,69.9611614176633,0.79592349539644758,True,True,"AIM-120C",1,Arm
92.120000000010222,"VIPER-02","BANDIT-02",Locked,26866.492257685277,88.722157652033758,0.87611256451928943,True,True,"AIM-120C",1,Arm
92.120000000010222,"BANDIT-02","VIPER-02",Locked,26866.492257685277,88.722157652033758,0.87611256451928943,True,True,"",0,Arm
92.220000000010273,"VIPER-01","BANDIT-02",Locked,36482.3020677209,67.810264608004061,0.79598081610232585,True,True,"AIM-120C",1,Arm
92.220000000010273,"VIPER-02","BANDIT-02",Locked,26857.739166360276,86.5382922869348,0.87618550694699782,True,True,"AIM-120C",1,Arm
92.220000000010273,"BANDIT-02","VIPER-02",Locked,26857.739166360276,86.5382922869348,0.87618550694699782,True,True,"",0,Arm
92.320000000010324,"VIPER-01","BANDIT-02",Locked,36475.638698140094,65.675772988658153,0.796036344182166,True,True,"AIM-120C",1,Arm
92.320000000010324,"VIPER-02","BANDIT-02",Locked,26849.204439640438,84.371736616306421,0.87625662966966311,True,True,"AIM-120C",1,Arm
92.320000000010324,"BANDIT-02","VIPER-02",Locked,26849.204439640438,84.371736616306421,0.87625662966966311,True,True,"",0,Arm
92.420000000010376,"VIPER-01","BANDIT-02",Locked,36469.187824958026,63.558947619140966,0.7960901014586832,True,True,"AIM-120C",1,Arm
92.420000000010376,"VIPER-02","BANDIT-02",Locked,26840.88536847067,82.223772514425519,0.87632595526274448,True,True,"AIM-120C",1,Arm
92.420000000010376,"BANDIT-02","VIPER-02",Locked,26840.88536847067,82.223772514425519,0.87632595526274448,True,True,"",0,Arm
92.520000000010427,"VIPER-01","BANDIT-02",Locked,36462.9476698245,61.459991777145582,0.79614210275146258,True,True,"AIM-120C",1,Arm
92.520000000010427,"VIPER-02","BANDIT-02",Locked,26832.780080992667,80.094621828360644,0.87639349932506116,True,True,"AIM-120C",1,Arm
92.520000000010427,"BANDIT-02","VIPER-02",Locked,26832.780080992667,80.094621828360644,0.87639349932506116,True,True,"",0,Arm
92.620000000010478,"VIPER-01","BANDIT-02",Locked,36456.917737677053,59.346444830323676,0.79619235218602458,True,True,"AIM-120C",1,Arm
92.620000000010478,"VIPER-02","BANDIT-02",Locked,26824.887986717997,77.951840454230023,0.87645926677735009,True,True,"AIM-120C",1,Arm
92.620000000010478,"BANDIT-02","VIPER-02",Locked,26824.887986717997,77.951840454230023,0.87645926677735009,True,True,"",0,Arm
92.720000000010529,"VIPER-01","BANDIT-02",Locked,36451.095412658215,57.281663554581385,0.79624087156118162,True,True,"AIM-120C",1,Arm
92.720000000010529,"VIPER-02","BANDIT-02",Locked,26817.20637364588,75.858790957982663,0.87652328021961778,True,True,"AIM-120C",1,Arm
92.720000000010529,"BANDIT-02","VIPER-02",Locked,26817.20637364588,75.858790957982663,0.87652328021961778,True,True,"",0,Arm
92.82000000001058,"VIPER-01","BANDIT-02",Locked,36445.4785517767,55.235355847269332,0.79628767873519424,True,True,"AIM-120C",1,Arm
92.82000000001058,"VIPER-02","BANDIT-02",Locked,26809.73300025463,73.785209194473381,0.87658555833121155,True,True,"AIM-120C",1,Arm
92.82000000001058,"BANDIT-02","VIPER-02",Locked,26809.73300025463,73.785209194473381,0.87658555833121155,True,True,"",0,Arm
92.920000000010631,"VIPER-01","BANDIT-02",Locked,36440.065297677022,53.20769870232364,0.7963327891860249,True,True,"AIM-120C",1,Arm
92.920000000010631,"VIPER-02","BANDIT-02",Locked,26802.46590893533,71.731288242287548,0.876646117425539,True,True,"AIM-120C",1,Arm
92.920000000010631,"BANDIT-02","VIPER-02",Locked,26802.46590893533,71.731288242287548,0.876646117425539,True,True,"",0,Arm
93.020000000010683,"VIPER-01","BANDIT-02",Locked,36434.855513480972,51.197012569624171,0.7963762040543253,True,True,"AIM-120C",1,Arm
93.020000000010683,"VIPER-02","BANDIT-02",Locked,26795.404862500185,69.69535680541928,0.87670495947916516,True,True,"AIM-120C",1,Arm
93.020000000010683,"BANDIT-02","VIPER-02",Locked,26795.404862500185,69.69535680541928,0.87670495947916516,True,True,"",0,Arm
93.120000000010734,"VIPER-01","BANDIT-02",Locked,36429.84577025153,49.205348091287128,0.79641795191457065,True,True,"AIM-120C",1,Arm
93.120000000010734,"VIPER-02","BANDIT-02",Locked,26788.54632830574,67.6794856345062,0.87676211393078562,True,True,"AIM-120C",1,Arm
93.120000000010734,"BANDIT-02","VIPER-02",Locked,26788.54632830574,67.6794856345062,0.87676211393078562,True,True,"",0,Arm
93.220000000010785,"VIPER-01","BANDIT-02",Locked,36425.034154304849,47.232907887947228,0.7964580487141264,True,True,"AIM-120C",1,Arm
93.220000000010785,"VIPER-02","BANDIT-02",Locked,26781.888288083519,65.683890986934387,0.87681759759930411,True,True,"AIM-120C",1,Arm
93.220000000010785,"BANDIT-02","VIPER-02",Locked,26781.888288083519,65.683890986934387,0.87681759759930411,True,True,"",0,Arm
93.320000000010836,"VIPER-01","BANDIT-02",Locked,36420.419425228007,45.245273101185667,0.79649650478976675,True,True,"AIM-120C",1,Arm
93.320000000010836,"VIPER-02","BANDIT-02",Locked,26775.429396450174,63.6741175089392,0.87687142169624865,True,True,"AIM-120C",1,Arm
93.320000000010836,"BANDIT-02","VIPER-02",Locked,26775.429396450174,63.6741175089392,0.87687142169624865,True,True,"",0,Arm
93.420000000010887,"VIPER-01","BANDIT-02",Locked,36416.000125850609,43.309542936321122,0.79653333228457834,True,True,"AIM-120C",1,Arm
93.420000000010887,"VIPER-02","BANDIT-02",Locked,26769.168090277315,61.717361974894864,0.87692359924768915,True,True,"AIM-120C",1,Arm
93.420000000010887,"BANDIT-02","VIPER-02",Locked,26769.168090277315,61.717361974894864,0.87692359924768915,True,True,"",0,Arm
93.520000000010938,"VIPER-01","BANDIT-02",Locked,36411.773316060739,41.39356412307481,0.79656855569949392,True,True,"AIM-120C",1,Arm
93.520000000010938,"VIPER-02","BANDIT-02",Locked,26763.101319993042,59.781446502411946,0.87697415566672476,True,True,"AIM-120C",1,Arm
93.520000000010938,"BANDIT-02","VIPER-02",Locked,26763.101319993042,59.781446502411946,0.87697415566672476,True,True,"",0,Arm
93.62000000001099,"VIPER-01","BANDIT-02",Locked,36407.737010618788,39.497513777403356,0.79660219157817691,True,True,"AIM-120C",1,Arm
93.62000000001099,"VIPER-02","BANDIT-02",Locked,26757.226990913823,57.866559230435811,0.87702310840905162,True,True,"AIM-120C",1,Arm
93.62000000001099,"BANDIT-02","VIPER-02",Locked,26757.226990913823,57.866559230435811,0.87702310840905162,True,True,"",0,Arm
93.720000000011041,"VIPER-01","BANDIT-02",Locked,36403.890691214459,37.619964562760089,0.79663424423987961,True,True,"AIM-120C",1,Arm
93.720000000011041,"VIPER-02","BANDIT-02",Locked,26751.544477261639,55.971276236808507,0.87707046268948641,True,True,"AIM-120C",1,Arm
93.720000000011041,"BANDIT-02","VIPER-02",Locked,26751.544477261639,55.971276236808507,0.87707046268948641,True,True,"",0,Arm
93.820000000011092,"VIPER-01","BANDIT-02",Locked,36400.231419768483,35.762269355582212,0.79666473816859606,True,True,"AIM-120C",1,Arm
93.820000000011092,"VIPER-02","BANDIT-02",Locked,26746.050728226397,54.096964368969473,0.87711624393144683,True,True,"AIM-120C",1,Arm
93.820000000011092,"BANDIT-02","VIPER-02",Locked,26746.050728226397,54.096964368969473,0.87711624393144683,True,True,"",0,Arm
93.920000000011143,"VIPER-01","BANDIT-02",Locked,36396.756811927058,33.925002475221966,0.79669369323394124,True,True,"AIM-120C",1,Arm
93.920000000011143,"VIPER-02","BANDIT-02",Locked,26740.743246456346,52.24420837904313,0.87716047294619726,True,True,"AIM-120C",1,Arm
93.920000000011143,"BANDIT-02","VIPER-02",Locked,26740.743246456346,52.24420837904313,0.87716047294619726,True,True,"",0,Arm
94.0200000000112,"VIPER-01","BANDIT-02",Locked,36393.465183659064,32.0716137429552,0.796721123469508,True,True,"AIM-120C",1,Arm
94.0200000000112,"VIPER-02","BANDIT-02",Locked,26735.620235580438,50.37637813840665,0.87720316470349646,True,True,"AIM-120C",1,Arm
94.0200000000112,"BANDIT-02","VIPER-02",Locked,26735.620235580438,50.37637813840665,0.87720316470349646,True,True,"",0,Arm
94.120000000011245,"VIPER-01","BANDIT-02",Locked,36390.35570110043,30.273318318754715,0.79674703582416317,True,True,"AIM-120C",1,Arm
94.120000000011245,"VIPER-02","BANDIT-02",Locked,26730.6807510629,48.5648588833066,0.87724432707447586,True,True,"AIM-120C",1,Arm
94.120000000011245,"BANDIT-02","VIPER-02",Locked,26730.6807510629,48.5648588833066,0.87724432707447586,True,True,"",0,Arm
94.2200000000113,"VIPER-01","BANDIT-02",Locked,36387.424902862913,28.495908676821237,0.79677145914280922,True,True,"AIM-120C",1,Arm
94.2200000000113,"VIPER-02","BANDIT-02",Locked,26725.921213798389,46.77537520303612,0.87728398988501355,True,True,"AIM-120C",1,Arm
94.2200000000113,"BANDIT-02","VIPER-02",Locked,26725.921213798389,46.77537520303612,0.87728398988501355,True,True,"",0,Arm
94.320000000011348,"VIPER-01","BANDIT-02",Locked,36384.670690735147,26.739552340552507,0.79679441091054048,True,True,"AIM-120C",1,Arm
94.320000000011348,"VIPER-02","BANDIT-02",Locked,26721.33941029571,45.008100523373116,0.87732217158086923,True,True,"AIM-120C",1,Arm
94.320000000011348,"BANDIT-02","VIPER-02",Locked,26721.33941029571,45.008100523373116,0.87732217158086923,True,True,"",0,Arm
94.4200000000114,"VIPER-01","BANDIT-02",Locked,36382.091728404564,25.003541460100912,0.79681590226329546,True,True,"AIM-120C",1,Arm
94.4200000000114,"VIPER-02","BANDIT-02",Locked,26716.933890549873,43.262328808690505,0.87735888424541786,True,True,"AIM-120C",1,Arm
94.4200000000114,"BANDIT-02","VIPER-02",Locked,26716.933890549873,43.262328808690505,0.87735888424541786,True,True,"",0,Arm
94.52000000001145,"VIPER-01","BANDIT-02",Locked,36379.686433712872,23.287600879693812,0.79683594638572619,True,True,"AIM-120C",1,Arm
94.52000000001145,"VIPER-02","BANDIT-02",Locked,26712.702957959878,41.537787036245767,0.877394142017001,True,True,"AIM-120C",1,Arm
94.52000000001145,"BANDIT-02","VIPER-02",Locked,26712.702957959878,41.537787036245767,0.877394142017001,True,True,"",0,Arm
94.6200000000115,"VIPER-01","BANDIT-02",Locked,36377.451568648554,21.593141103244108,0.79685457026126216,True,True,"AIM-120C",1,Arm
94.6200000000115,"VIPER-02","BANDIT-02",Locked,26708.643254827763,39.835895340252044,0.87742797287643537,True,True,"AIM-120C",1,Arm
94.6200000000115,"BANDIT-02","VIPER-02",Locked,26708.643254827763,39.835895340252044,0.87742797287643537,True,True,"",0,Arm
94.720000000011552,"VIPER-01","BANDIT-02",Locked,36375.384977064823,19.920299255656907,0.79687179185779322,True,True,"AIM-120C",1,Arm
94.720000000011552,"VIPER-02","BANDIT-02",Locked,26704.752507893842,38.156794293743239,0.87746039576755142,True,True,"AIM-120C",1,Arm
94.720000000011552,"BANDIT-02","VIPER-02",Locked,26704.752507893842,38.156794293743239,0.87746039576755142,True,True,"",0,Arm
94.8200000000116,"VIPER-01","BANDIT-02",Locked,36373.48611066673,18.228616029330105,0.796887615744444,True,True,"AIM-120C",1,Arm
94.8200000000116,"VIPER-02","BANDIT-02",Locked,26701.030056461179,36.459899670707436,0.87749141619615689,True,True,"AIM-120C",1,Arm
94.8200000000116,"BANDIT-02","VIPER-02",Locked,26701.030056461179,36.459899670707436,0.87749141619615689,True,True,"",0,Arm
94.920000000011655,"VIPER-01","BANDIT-02",Locked,36371.751777273974,16.596988312729035,0.796902068522717,True,True,"AIM-120C",1,Arm
94.920000000011655,"VIPER-02","BANDIT-02",Locked,26697.472587999462,34.824351933631441,0.87752106176667122,True,True,"AIM-120C",1,Arm
94.920000000011655,"BANDIT-02","VIPER-02",Locked,26697.472587999462,34.824351933631441,0.87752106176667122,True,True,"",0,Arm
95.0200000000117,"VIPER-01","BANDIT-02",Locked,36370.1793988318,14.987385047430763,0.7969151716764018,True,True,"AIM-120C",1,Arm
95.0200000000117,"VIPER-02","BANDIT-02",Locked,26694.077405541077,33.212006796165738,0.87754935495382447,True,True,"AIM-120C",1,Arm
95.0200000000117,"BANDIT-02","VIPER-02",Locked,26694.077405541077,33.212006796165738,0.87754935495382447,True,True,"",0,Arm
95.120000000011757,"VIPER-01","BANDIT-02",Locked,36368.767173274857,13.39948333945326,0.7969269402227096,True,True,"AIM-120C",1,Arm
95.120000000011757,"VIPER-02","BANDIT-02",Locked,26690.842590474487,31.622540163077741,0.877576311746046,True,True,"AIM-120C",1,Arm
95.120000000011757,"BANDIT-02","VIPER-02",Locked,26690.842590474487,31.622540163077741,0.877576311746046,True,True,"",0,Arm
95.220000000011808,"VIPER-01","BANDIT-02",Locked,36367.514239163116,11.832094397727202,0.79693738134030745,True,True,"AIM-120C",1,Arm
95.220000000011808,"VIPER-02","BANDIT-02",Locked,26687.767168128237,30.054756336883631,0.87760194026559812,True,True,"AIM-120C",1,Arm
95.220000000011808,"BANDIT-02","VIPER-02",Locked,26687.767168128237,30.054756336883631,0.87760194026559812,True,True,"",0,Arm
95.320000000011859,"VIPER-01","BANDIT-02",Locked,36366.416828757945,10.287090244762771,0.79694652642701724,True,True,"AIM-120C",1,Arm
95.320000000011859,"VIPER-02","BANDIT-02",Locked,26684.847248147231,28.510534976659418,0.87762627293210649,True,True,"AIM-120C",1,Arm
95.320000000011859,"BANDIT-02","VIPER-02",Locked,26684.847248147231,28.510534976659418,0.87762627293210649,True,True,"",0,Arm
95.42000000001191,"VIPER-01","BANDIT-02",Locked,36365.4726964592,8.7645907559091221,0.79695439419617342,True,True,"AIM-120C",1,Arm
95.42000000001191,"VIPER-02","BANDIT-02",Locked,26682.080467232139,26.989994550214046,0.87764932943973228,True,True,"AIM-120C",1,Arm
95.42000000001191,"BANDIT-02","VIPER-02",Locked,26682.080467232139,26.989994550214046,0.87764932943973228,True,True,"",0,Arm
95.520000000011962,"VIPER-01","BANDIT-02",Locked,36364.681294990914,7.2219074024999621,0.79696098920840908,True,True,"AIM-120C",1,Arm
95.520000000011962,"VIPER-02","BANDIT-02",Locked,26679.466166323451,25.450299325963197,0.877671115280638,True,True,"AIM-120C",1,Arm
95.520000000011962,"BANDIT-02","VIPER-02",Locked,26679.466166323451,25.450299325963197,0.877671115280638,True,True,"",0,Arm
95.620000000012013,"VIPER-01","BANDIT-02",Locked,36364.039286671075,5.7422749342264261,0.79696633927774108,True,True,"AIM-120C",1,Arm
95.620000000012013,"VIPER-02","BANDIT-02",Locked,26677.000887157967,23.974959502795222,0.87769165927368364,True,True,"AIM-120C",1,Arm
95.620000000012013,"BANDIT-02","VIPER-02",Locked,26677.000887157967,23.974959502795222,0.87769165927368364,True,True,"",0,Arm
95.720000000012064,"VIPER-01","BANDIT-02",Locked,36363.543988852958,4.2854860357748876,0.79697046675955874,True,True,"AIM-120C",1,Arm
95.720000000012064,"VIPER-02","BANDIT-02",Locked,26674.681828791716,22.523631192897767,0.87771098476006915,True,True,"AIM-120C",1,Arm
95.720000000012064,"BANDIT-02","VIPER-02",Locked,26674.681828791716,22.523631192897767,0.87771098476006915,True,True,"",0,Arm
95.820000000012115,"VIPER-01","BANDIT-02",Locked,36363.193111968809,2.8516318576821531,0.79697339073359341,True,True,"AIM-120C",1,Arm
95.820000000012115,"VIPER-02","BANDIT-02",Locked,26672.506585049639,21.096402013948047,0.87772911179125312,True,True,"AIM-120C",1,Arm
95.820000000012115,"BANDIT-02","VIPER-02",Locked,26672.506585049639,21.096402013948047,0.87772911179125312,True,True,"",0,Arm
95.920000000012166,"VIPER-01","BANDIT-02",Locked,36362.986594395734,1.438538146572671,0.796975111713369,True,True,"AIM-120C",1,Arm
95.920000000012166,"VIPER-02","BANDIT-02",Locked,26670.4749857859,19.69108221924817,0.87774604178511761,True,True,"AIM-120C",1,Arm
95.920000000012166,"BANDIT-02","VIPER-02",Locked,26670.4749857859,19.69108221924817,0.87774604178511761,True,True,"",0,Arm
96.020000000012217,"VIPER-01","BANDIT-02",Locked,36362.920128342557,0.048580301529280154,0.79697566559714539,True,True,"AIM-120C",1,Arm
96.020000000012217,"VIPER-02","BANDIT-02",Locked,26668.582600946858,18.310052502494997,0.8777618116587762,True,True,"AIM-120C",1,Arm
96.020000000012217,"BANDIT-02","VIPER-02",Locked,26668.582600946858,18.310052502494997,0.8777618116587762,True,True,"",0,Arm
96.120000000012269,"VIPER-01","BANDIT-02",Locked,36362.991394075296,-1.3181370860572357,0.79697507171603932,True,True,"AIM-120C",1,Arm
96.120000000012269,"VIPER-02","BANDIT-02",Locked,26666.826995692107,16.953411310760615,0.87777644170256586,True,True,"AIM-120C",1,Arm
96.120000000012269,"BANDIT-02","VIPER-02",Locked,26666.826995692107,16.953411310760615,0.87777644170256586,True,True,"",0,Arm
96.22000000001232,"VIPER-01","BANDIT-02",Locked,36363.198940626447,-2.7054359155589616,0.79697334216144644,True,True,"AIM-120C",1,Arm
96.22000000001232,"VIPER-02","BANDIT-02",Locked,26665.206607483578,15.577183179742688,0.877789944937637,True,True,"AIM-120C",1,Arm
96.22000000001232,"BANDIT-02","VIPER-02",Locked,26665.206607483578,15.577183179742688,0.877789944937637,True,True,"",0,Arm
96.320000000012371,"VIPER-01","BANDIT-02",Locked,36363.541038686388,-4.02793987478236,0.79697049134428011,True,True,"AIM-120C",1,Arm
96.320000000012371,"VIPER-02","BANDIT-02",Locked,26663.719595379098,14.267021842823736,0.87780233670517427,True,True,"AIM-120C",1,Arm
96.320000000012371,"BANDIT-02","VIPER-02",Locked,26663.719595379098,14.267021842823736,0.87780233670517427,True,True,"",0,Arm
96.420000000012422,"VIPER-01","BANDIT-02",Locked,36364.014098097738,-5.3269377777114215,0.796966549182519,True,True,"AIM-120C",1,Arm
96.420000000012422,"VIPER-02","BANDIT-02",Locked,26662.362252029259,12.98149367580104,0.87781364789975624,True,True,"AIM-120C",1,Arm
96.420000000012422,"BANDIT-02","VIPER-02",Locked,26662.362252029259,12.98149367580104,0.87781364789975624,True,True,"",0,Arm
96.520000000012473,"VIPER-01","BANDIT-02",Locked,36364.6157634493,-6.6023468506640022,0.79696153530458924,True,True,"AIM-120C",1,Arm
96.520000000012473,"VIPER-02","BANDIT-02",Locked,26661.132109749833,11.720673195499286,0.87782389908541814,True,True,"AIM-120C",1,Arm
96.520000000012473,"BANDIT-02","VIPER-02",Locked,26661.132109749833,11.720673195499286,0.87782389908541814,True,True,"",0,Arm
96.620000000012524,"VIPER-01","BANDIT-02",Locked,36365.345445026855,-7.8543332253965561,0.79695545462477635,True,True,"AIM-120C",1,Arm
96.620000000012524,"VIPER-02","BANDIT-02",Locked,26660.02847322977,10.484382776875602,0.87783309605641868,True,True,"AIM-120C",1,Arm
96.620000000012524,"BANDIT-02","VIPER-02",Locked,26660.02847322977,10.484382776875602,0.87783309605641868,True,True,"",0,Arm
96.720000000012575,"VIPER-01","BANDIT-02",Locked,36366.199477714254,-9.0826384026751636,0.79694833768571471,True,True,"AIM-120C",1,Arm
96.720000000012575,"VIPER-02","BANDIT-02",Locked,26659.047562717667,9.2728737419312655,0.87784127031068615,True,True,"AIM-120C",1,Arm
96.720000000012575,"BANDIT-02","VIPER-02",Locked,26659.047562717667,9.2728737419312655,0.87784127031068615,True,True,"",0,Arm
96.820000000012627,"VIPER-01","BANDIT-02",Locked,36367.175488861787,-10.331643053361416,0.7969402042594852,True,True,"AIM-120C",1,Arm
96.820000000012627,"VIPER-02","BANDIT-02",Locked,26658.186895964398,8.0416147882904632,0.87784844253363015,True,True,"AIM-120C",1,Arm
96.820000000012627,"BANDIT-02","VIPER-02",Locked,26658.186895964398,8.0416147882904632,0.87784844253363015,True,True,"",0,Arm
96.920000000012678,"VIPER-01","BANDIT-02",Locked,36368.272423584989,-11.51225379198255,0.79693106313679185,True,True,"AIM-120C",1,Arm
96.920000000012678,"VIPER-02","BANDIT-02",Locked,26657.445313864195,6.8799703256669966,0.8778546223844651,True,True,"AIM-120C",1,Arm
96.920000000012678,"BANDIT-02","VIPER-02",Locked,26657.445313864195,6.8799703256669966,0.8778546223844651,True,True,"",0,Arm
97.020000000012729,"VIPER-01","BANDIT-02",Locked,36369.486105607772,-12.668910054966222,0.79692094911993538,True,True,"AIM-120C",1,Arm
97.020000000012729,"VIPER-02","BANDIT-02",Locked,26656.818527088795,5.7433499511112434,0.87785984560759345,True,True,"AIM-120C",1,Arm
97.020000000012729,"BANDIT-02","VIPER-02",Locked,26656.818527088795,5.7433499511112434,0.87785984560759345,True,True,"",0,Arm
97.12000000001278,"VIPER-01","BANDIT-02",Locked,36370.815929494762,-13.801415148761237,0.79690986725421042,True,True,"AIM-120C",1,Arm
97.12000000001278,"VIPER-02","BANDIT-02",Locked,26656.305829403605,4.6319369781120985,0.87786411808830334,True,True,"AIM-120C",1,Arm
97.12000000001278,"BANDIT-02","VIPER-02",Locked,26656.305829403605,4.6319369781120985,0.87786411808830334,True,True,"",0,Arm
97.220000000012831,"VIPER-01","BANDIT-02",Locked,36372.258137232493,-14.909810902109358,0.796897848856396,True,True,"AIM-120C",1,Arm
97.220000000012831,"VIPER-02","BANDIT-02",Locked,26655.903353574158,3.5456788390458081,0.87786747205354876,True,True,"AIM-120C",1,Arm
97.220000000012831,"BANDIT-02","VIPER-02",Locked,26655.903353574158,3.5456788390458081,0.87786747205354876,True,True,"",0,Arm
97.320000000012882,"VIPER-01","BANDIT-02",Locked,36373.81167765514,-16.039341945368257,0.79688490268620726,True,True,"AIM-120C",1,Arm
97.320000000012882,"VIPER-02","BANDIT-02",Locked,26655.609948479731,2.439184771854769,0.87786991709600237,True,True,"AIM-120C",1,Arm
97.320000000012882,"BANDIT-02","VIPER-02",Locked,26655.609948479731,2.439184771854769,0.87786991709600237,True,True,"",0,Arm
97.420000000012934,"VIPER-01","BANDIT-02",Locked,36375.472769471242,-17.099405200571624,0.79687106025440646,True,True,"AIM-120C",1,Arm
97.420000000012934,"VIPER-02","BANDIT-02",Locked,26655.421726232482,1.4033129199537264,0.87787148561472939,True,True,"AIM-120C",1,Arm
97.420000000012934,"BANDIT-02","VIPER-02",Locked,26655.421726232482,1.4033129199537264,0.87787148561472939,True,True,"",0,Arm
97.520000000012985,"VIPER-01","BANDIT-02",Locked,36377.240809731185,-18.135056838356714,0.79685632658557348,True,True,"AIM-120C",1,Arm
97.520000000012985,"VIPER-02","BANDIT-02",Locked,26655.3379877674,0.39285720694113063,0.87787218343527174,True,True,"AIM-120C",1,Arm
97.520000000012985,"BANDIT-02","VIPER-02",Locked,26655.3379877674,0.39285720694113063,0.87787218343527174,True,True,"",0,Arm
97.620000000013036,"VIPER-01","BANDIT-02",Locked,36379.11246210213,-19.192184797286025,0.79684072948248241,True,True,"AIM-120C",1,Arm
97.620000000013036,"VIPER-02","BANDIT-02",Locked,26655.355294162327,-0.63820866891229289,0.87787203921531409,True,True,"AIM-120C",1,Arm
97.620000000013036,"BANDIT-02","VIPER-02",Locked,26655.355294162327,-0.63820866891229289,0.87787203921531409,True,True,"",0,Arm
97.720000000013087,"VIPER-01","BANDIT-02",Locked,36381.084829274092,-20.179178834393785,0.79682429308938263,True,True,"AIM-120C",1,Arm
97.720000000013087,"VIPER-02","BANDIT-02",Locked,26655.4706484306,-1.598036186132739,0.87787107792974506,True,True,"AIM-120C",1,Arm
97.720000000013087,"BANDIT-02","VIPER-02",Locked,26655.4706484306,-1.598036186132739,0.87787107792974506,True,True,"",0,Arm
97.820000000013138,"VIPER-01","BANDIT-02",Locked,36383.15685249598,-21.141624429440057,0.79680702622920019,True,True,"AIM-120C",1,Arm
97.820000000013138,"VIPER-02","BANDIT-02",Locked,26655.682898452404,-2.5323545698339038,0.87786930917956341,True,True,"AIM-120C",1,Arm
97.820000000013138,"BANDIT-02","VIPER-02",Locked,26655.682898452404,-2.5323545698339038,0.87786930917956341,True,True,"",0,Arm
97.920000000013189,"VIPER-01","BANDIT-02",Locked,36385.325172574208,-22.12584858003887,0.796788956895215,True,True,"AIM-120C",1,Arm
97.920000000013189,"VIPER-02","BANDIT-02",Locked,26655.988587001582,-3.487621295365499,0.8778667617749869,True,True,"AIM-120C",1,Arm
97.920000000013189,"BANDIT-02","VIPER-02",Locked,26655.988587001582,-3.487621295365499,0.8778667617749869,True,True,"",0,Arm
98.020000000013241,"VIPER-01","BANDIT-02",Locked,36387.587339693418,-23.039363705952685,0.79677010550255489,True,True,"AIM-120C",1,Arm
98.020000000013241,"VIPER-02","BANDIT-02",Locked,26656.385170324389,-4.371129229534402,0.8778634569139635,True,True,"AIM-120C",1,Arm
98.020000000013241,"BANDIT-02","VIPER-02",Locked,26656.385170324389,-4.371129229534402,0.8778634569139635,True,True,"",0,Arm
98.120000000013292,"VIPER-01","BANDIT-02",Locked,36389.941365920567,-23.928266934485009,0.79675048861732867,True,True,"AIM-120C",1,Arm
98.120000000013292,"VIPER-02","BANDIT-02",Locked,26656.870569243838,-5.2291116156920827,0.87785941192296812,True,True,"AIM-120C",1,Arm
98.120000000013292,"BANDIT-02","VIPER-02",Locked,26656.870569243838,-5.2291116156920827,0.87785941192296812,True,True,"",0,Arm
98.220000000013343,"VIPER-01","BANDIT-02",Locked,36392.385266397752,-24.839160811434549,0.79673012278001876,True,True,"AIM-120C",1,Arm
98.220000000013343,"VIPER-02","BANDIT-02",Locked,26657.442709148763,-6.1082937615469328,0.87785464409042713,True,True,"AIM-120C",1,Arm
98.220000000013343,"BANDIT-02","VIPER-02",Locked,26657.442709148763,-6.1082937615469328,0.87785464409042713,True,True,"",0,Arm
98.3200000000134,"VIPER-01","BANDIT-02",Locked,36394.91611780128,-25.6788306614108,0.79670903235165613,True,True,"AIM-120C",1,Arm
98.3200000000134,"VIPER-02","BANDIT-02",Locked,26658.098576554348,-6.9152631275915315,0.87784917852871391,True,True,"AIM-120C",1,Arm
98.3200000000134,"BANDIT-02","VIPER-02",Locked,26658.098576554348,-6.9152631275915315,0.87784917852871391,True,True,"",0,Arm
98.420000000013445,"VIPER-01","BANDIT-02",Locked,36397.531926994627,-26.540675949281379,0.79668723394171148,True,True,"AIM-120C",1,Arm
98.420000000013445,"VIPER-02","BANDIT-02",Locked,26658.836092013989,-7.7436445277088373,0.87784303256655016,True,True,"AIM-120C",1,Arm
98.420000000013445,"BANDIT-02","VIPER-02",Locked,26658.836092013989,-7.7436445277088373,0.87784303256655016,True,True,"",0,Arm
98.5200000000135,"VIPER-01","BANDIT-02",Locked,36400.22976276683,-27.331008145501915,0.7966647519769432,True,True,"AIM-120C",1,Arm
98.5200000000135,"VIPER-02","BANDIT-02",Locked,26659.652237752642,-8.4995672895646841,0.87783623135206135,True,True,"AIM-120C",1,Arm
98.5200000000135,"BANDIT-02","VIPER-02",Locked,26659.652237752642,-8.4995672895646841,0.87783623135206135,True,True,"",0,Arm
98.620000000013547,"VIPER-01","BANDIT-02",Locked,36403.007629803411,-28.14370075949919,0.79664160308497167,True,True,"AIM-120C",1,Arm
98.620000000013547,"VIPER-02","BANDIT-02",Locked,26660.54493564284,-9.277114967842099,0.87782879220297638,True,True,"AIM-120C",1,Arm
98.620000000013547,"BANDIT-02","VIPER-02",Locked,26660.54493564284,-9.277114967842099,0.87782879220297638,True,True,"",0,Arm
98.7200000000136,"VIPER-01","BANDIT-02",Locked,36405.8630607042,-28.884592735662309,0.796617807827465,True,True,"AIM-120C",1,Arm
98.7200000000136,"VIPER-02","BANDIT-02",Locked,26661.511636315536,-9.9819615465972582,0.87782073636403735,True,True,"AIM-120C",1,Arm
98.7200000000136,"BANDIT-02","VIPER-02",Locked,26661.511636315536,-9.9819615465972582,0.87782073636403735,True,True,"",0,Arm
98.82000000001365,"VIPER-01","BANDIT-02",Locked,36408.793587466673,-29.648022305507343,0.79659338677111113,True,True,"AIM-120C",1,Arm
98.82000000001365,"VIPER-02","BANDIT-02",Locked,26662.549791654983,-10.708638991114105,0.87781208506954189,True,True,"AIM-120C",1,Arm
98.82000000001365,"BANDIT-02","VIPER-02",Locked,26662.549791654983,-10.708638991114105,0.87781208506954189,True,True,"",0,Arm
98.9200000000137,"VIPER-01","BANDIT-02",Locked,36411.796739968551,-30.339429613095771,0.79656836050026214,True,True,"AIM-120C",1,Arm
98.9200000000137,"VIPER-02","BANDIT-02",Locked,26663.656853351677,-11.36244076533629,0.87780285955540283,True,True,"AIM-120C",1,Arm
98.9200000000137,"BANDIT-02","VIPER-02",Locked,26663.656853351677,-11.36244076533629,0.87780285955540283,True,True,"",0,Arm
99.020000000013752,"VIPER-01","BANDIT-02",Locked,36414.870519942466,-31.053505014327225,0.79654274566714622,True,True,"AIM-120C",1,Arm
99.020000000013752,"VIPER-02","BANDIT-02",Locked,26664.83074764923,-12.038234117481622,0.8777930771029232,True,True,"AIM-120C",1,Arm
99.020000000013752,"BANDIT-02","VIPER-02",Locked,26664.83074764923,-12.038234117481622,0.8777930771029232,True,True,"",0,Arm
99.1200000000138,"VIPER-01","BANDIT-02",Locked,36418.011980463547,-31.695368489382282,0.79651656682947047,True,True,"AIM-120C",1,Arm
99.1200000000138,"VIPER-02","BANDIT-02",Locked,26666.068452606778,-12.641011224925704,0.87778276289494361,True,True,"AIM-120C",1,Arm
99.1200000000138,"BANDIT-02","VIPER-02",Locked,26666.068452606778,-12.641011224925704,0.87778276289494361,True,True,"",0,Arm
99.220000000013854,"VIPER-01","BANDIT-02",Locked,36421.219123891933,-32.360060529408308,0.796489840634234,True,True,"AIM-120C",1,Arm
99.220000000013854,"VIPER-02","BANDIT-02",Locked,26667.367899003602,-13.2659711221791,0.87777193417497013,True,True,"AIM-120C",1,Arm
99.220000000013854,"BANDIT-02","VIPER-02",Locked,26667.367899003602,-13.2659711221791,0.87777193417497013,True,True,"",0,Arm
99.3200000000139,"VIPER-01","BANDIT-02",Locked,36424.489478375704,-33.000085088674339,0.79646258768020251,True,True,"AIM-120C",1,Arm
99.3200000000139,"VIPER-02","BANDIT-02",Locked,26668.726544680743,-13.865566408176216,0.87776061212766054,True,True,"AIM-120C",1,Arm
99.3200000000139,"BANDIT-02","VIPER-02",Locked,26668.726544680743,-13.865566408176216,0.87776061212766054,True,True,"",0,Arm
99.420000000013957,"VIPER-01","BANDIT-02",Locked,36427.820570854296,-33.567619512035748,0.79643482857621428,True,True,"AIM-120C",1,Arm
99.420000000013957,"VIPER-02","BANDIT-02",Locked,26670.141848343119,-14.391943949030097,0.8777488179304741,True,True,"AIM-120C",1,Arm
99.420000000013957,"BANDIT-02","VIPER-02",Locked,26670.141848343119,-14.391943949030097,0.8777488179304741,True,True,"",0,Arm
99.520000000014008,"VIPER-01","BANDIT-02",Locked,36431.209927067852,-34.158225972698233,0.79640658394110131,True,True,"AIM-120C",1,Arm
99.520000000014008,"VIPER-02","BANDIT-02",Locked,26671.611269617144,-14.940794548963083,0.8777365727531905,True,True,"AIM-120C",1,Arm
99.520000000014008,"BANDIT-02","VIPER-02",Locked,26671.611269617144,-14.940794548963083,0.8777365727531905,True,True,"",0,Arm
99.620000000014059,"VIPER-01","BANDIT-02",Locked,36434.655552541015,-34.724132683584074,0.79637787039549157,True,True,"AIM-120C",1,Arm
99.620000000014059,"VIPER-02","BANDIT-02",Locked,26673.132750456534,-15.464311584708991,0.87772389374619564,True,True,"AIM-120C",1,Arm
99.620000000014059,"BANDIT-02","VIPER-02",Locked,26673.132750456534,-15.464311584708991,0.87772389374619564,True,True,"",0,Arm
99.72000000001411,"VIPER-01","BANDIT-02",Locked,36438.154493865339,-35.217379373700368,0.79634871255112227,True,True,"AIM-120C",1,Arm
99.72000000001411,"VIPER-02","BANDIT-02",Locked,26674.703275193471,-15.914521432362664,0.87771080604005447,True,True,"AIM-120C",1,Arm
99.72000000001411,"BANDIT-02","VIPER-02",Locked,26674.703275193471,-15.914521432362664,0.87771080604005447,True,True,"",0,Arm
99.820000000014161,"VIPER-01","BANDIT-02",Locked,36441.704761449524,-35.73388345121014,0.79631912698792073,True,True,"AIM-120C",1,Arm
99.820000000014161,"VIPER-02","BANDIT-02",Locked,26676.320794883988,-16.387439063307795,0.87769732670930023,True,True,"AIM-120C",1,Arm
99.820000000014161,"BANDIT-02","VIPER-02",Locked,26676.320794883988,-16.387439063307795,0.87769732670930023,True,True,"",0,Arm
99.920000000014213,"VIPER-01","BANDIT-02",Locked,36445.303884544759,-36.225722442540054,0.79628913429546044,True,True,"AIM-120C",1,Arm
99.920000000014213,"VIPER-02","BANDIT-02",Locked,26677.982781225252,-16.835122970039457,0.877683476823123,True,True,"AIM-120C",1,Arm
99.920000000014213,"BANDIT-02","VIPER-02",Locked,26677.982781225252,-16.835122970039457,0.877683476823123,True,True,"",0,Arm
100.02000000001426,"VIPER-01","BANDIT-02",Locked,36448.949392929208,-36.644767879306805,0.7962587550589233,True,True,"AIM-120C",1,Arm
100.02000000001426,"VIPER-02","BANDIT-02",Locked,26679.686708669469,-17.209449169448195,0.87766927742775458,True,True,"AIM-120C",1,Arm
100.02000000001426,"BANDIT-02","VIPER-02",Locked,26679.686708669469,-17.209449169448195,0.87766927742775458,True,True,"",0,Arm
100.12000000001431,"VIPER-01","BANDIT-02",Locked,36452.638819970605,-37.087278319380218,0.79622800983357833,True,True,"AIM-120C",1,Arm
100.12000000001431,"VIPER-02","BANDIT-02",Locked,26681.430057476602,-17.606740357640362,0.8776547495210284,True,True,"AIM-120C",1,Arm
100.12000000001431,"BANDIT-02","VIPER-02",Locked,26681.430057476602,-17.606740357640362,0.8776547495210284,True,True,"",0,Arm
100.22000000001437,"VIPER-01","BANDIT-02",Locked,36456.370182346138,-37.505145695664069,0.79619691514711555,True,True,"AIM-120C",1,Arm
100.22000000001437,"VIPER-02","BANDIT-02",Locked,26683.210793554146,-17.978887553675072,0.87763991005371556,True,True,"AIM-120C",1,Arm
100.22000000001437,"BANDIT-02","VIPER-02",Locked,26683.210793554146,-17.978887553675072,0.87763991005371556,True,True,"",0,Arm
100.32000000001442,"VIPER-01","BANDIT-02",Locked,36460.140536728861,-37.898433378879673,0.79616549552725957,True,True,"AIM-120C",1,Arm
100.32000000001442,"VIPER-02","BANDIT-02",Locked,26685.025924829672,-18.325976472146372,0.87762478395975285,True,True,"AIM-120C",1,Arm
100.32000000001442,"BANDIT-02","VIPER-02",Locked,26685.025924829672,-18.325976472146372,0.87762478395975285,True,True,"",0,Arm
100.42000000001447,"VIPER-01","BANDIT-02",Locked,36463.947901466221,-38.218857971926887,0.79613376748778153,True,True,"AIM-120C",1,Arm
100.42000000001447,"VIPER-02","BANDIT-02",Locked,26686.87342341934,-18.599753020803313,0.87760938813817224,True,True,"AIM-120C",1,Arm
100.42000000001447,"BANDIT-02","VIPER-02",Locked,26686.87342341934,-18.599753020803313,0.87760938813817224,True,True,"",0,Arm
100.52000000001452,"VIPER-01","BANDIT-02",Locked,36467.789820610873,-38.562965950904577,0.79610175149490947,True,True,"AIM-120C",1,Arm
100.52000000001452,"VIPER-02","BANDIT-02",Locked,26688.75078925565,-18.89678121595745,0.87759374342286967,True,True,"AIM-120C",1,Arm
100.52000000001452,"BANDIT-02","VIPER-02",Locked,26688.75078925565,-18.89678121595745,0.87759374342286967,True,True,"",0,Arm
100.62000000001457,"VIPER-01","BANDIT-02",Locked,36471.663837511522,-38.882552324422434,0.79606946802073741,True,True,"AIM-120C",1,Arm
100.62000000001457,"VIPER-02","BANDIT-02",Locked,26690.655523995436,-19.168879315609757,0.87757787063337145,True,True,"AIM-120C",1,Arm
100.62000000001457,"BANDIT-02","VIPER-02",Locked,26690.655523995436,-19.168879315609757,0.87757787063337145,True,True,"",0,Arm
100.72000000001462,"VIPER-01","BANDIT-02",Locked,36475.567503461709,-39.177652442887435,0.79603693747115245,True,True,"AIM-120C",1,Arm
100.72000000001462,"VIPER-02","BANDIT-02",Locked,26692.585139473107,-19.416105706358231,0.87756179050439087,True,True,"AIM-120C",1,Arm
100.72000000001462,"BANDIT-02","VIPER-02",Locked,26692.585139473107,-19.416105706358231,0.87756179050439087,True,True,"",0,Arm
100.82000000001467,"VIPER-01","BANDIT-02",Locked,36479.498369615671,-39.448304556406327,0.79600418025320285,True,True,"AIM-120C",1,Arm
100.82000000001467,"VIPER-02","BANDIT-02",Locked,26694.537149808613,-19.638521965321384,0.877545523751595,True,True,"AIM-120C",1,Arm
100.82000000001467,"BANDIT-02","VIPER-02",Locked,26694.537149808613,-19.638521965321384,0.877545523751595,True,True,"",0,Arm
100.92000000001472,"VIPER-01","BANDIT-02",Locked,36483.454472357022,-39.646180724775974,0.7959712127303582,True,True,"AIM-120C",1,Arm
100.92000000001472,"VIPER-02","BANDIT-02",Locked,26696.509556381414,-19.787861255939305,0.877529087030155,True,True,"AIM-120C",1,Arm
100.92000000001472,"BANDIT-02","VIPER-02",Locked,26696.509556381414,-19.787861255939305,0.877529087030155,True,True,"",0,Arm
101.02000000001478,"VIPER-01","BANDIT-02",Locked,36487.433371529005,-39.867983374527221,0.79593805523725836,True,True,"AIM-120C",1,Arm
101.02000000001478,"VIPER-02","BANDIT-02",Locked,26698.499886560767,-19.960782359790386,0.87751250094532707,True,True,"AIM-120C",1,Arm
101.02000000001478,"BANDIT-02","VIPER-02",Locked,26698.499886560767,-19.960782359790386,0.87751250094532707,True,True,"",0,Arm
101.12000000001483,"VIPER-01","BANDIT-02",Locked,36491.432629082788,-40.065439024015205,0.79590472809097679,True,True,"AIM-120C",1,Arm
101.12000000001483,"VIPER-02","BANDIT-02",Locked,26700.505672297131,-20.109066463444126,0.87749578606419065,True,True,"AIM-120C",1,Arm
101.12000000001483,"BANDIT-02","VIPER-02",Locked,26700.505672297131,-20.109066463444126,0.87749578606419065,True,True,"",0,Arm
101.22000000001488,"VIPER-01","BANDIT-02",Locked,36495.449814726257,-40.238597614191917,0.79587125154394789,True,True,"AIM-120C",1,Arm
101.22000000001488,"VIPER-02","BANDIT-02",Locked,26702.524455621766,-20.232787360916319,0.87747896286981875,True,True,"AIM-120C",1,Arm
101.22000000001488,"BANDIT-02","VIPER-02",Locked,26702.524455621766,-20.232787360916319,0.87747896286981875,True,True,"",0,Arm
101.32000000001493,"VIPER-01","BANDIT-02",Locked,36499.482498779267,-40.387511686374545,0.79583764584350614,True,True,"AIM-120C",1,Arm
101.32000000001493,"VIPER-02","BANDIT-02",Locked,26704.553781676561,-20.3320214670147,0.8774620518193621,True,True,"AIM-120C",1,Arm
101.32000000001493,"BANDIT-02","VIPER-02",Locked,26704.553781676561,-20.3320214670147,0.8774620518193621,True,True,"",0,Arm
101.42000000001498,"VIPER-01","BANDIT-02",Locked,36503.528261636442,-40.5122344664134,0.79580393115302972,True,True,"AIM-120C",1,Arm
101.42000000001498,"VIPER-02","BANDIT-02",Locked,26706.591207944904,-20.406845730378553,0.877445073267126,True,True,"AIM-120C",1,Arm
101.42000000001498,"BANDIT-02","VIPER-02",Locked,26706.591207944904,-20.406845730378553,0.877445073267126,True,True,"",0,Arm
101.52000000001503,"VIPER-01","BANDIT-02",Locked,36507.585167443423,-40.6127830619623,0.79577012360463817,True,True,"AIM-120C",1,Arm
101.52000000001503,"VIPER-02","BANDIT-02",Locked,26708.634777407944,-20.457301592793765,0.87742804352160053,True,True,"AIM-120C",1,Arm
101.52000000001503,"BANDIT-02","VIPER-02",Locked,26708.634777407944,-20.457301592793765,0.87742804352160053,True,True,"",0,Arm
101.62000000001508,"VIPER-01","BANDIT-02",Locked,36511.650801934367,-40.689218783062607,0.79573624331721371,True,True,"AIM-120C",1,Arm
101.62000000001508,"VIPER-02","BANDIT-02",Locked,26710.682057641639,-20.483474649552139,0.87741098285298647,True,True,"AIM-120C",1,Arm
101.62000000001508,"BANDIT-02","VIPER-02",Locked,26710.682057641639,-20.483474649552139,0.87741098285298647,True,True,"",0,Arm
101.72000000001513,"VIPER-01","BANDIT-02",Locked,36515.722757244381,-40.741607437750112,0.7957023103562969,True,True,"AIM-120C",1,Arm
101.72000000001513,"VIPER-02","BANDIT-02",Locked,26712.730625067848,-20.48545521699516,0.877393911457768,True,True,"AIM-120C",1,Arm
101.72000000001513,"BANDIT-02","VIPER-02",Locked,26712.730625067848,-20.48545521699516,0.877393911457768,True,True,"",0,Arm
101.82000000001518,"VIPER-01","BANDIT-02",Locked,36519.798632201695,-40.770016498782049,0.7956683447316526,True,True,"AIM-120C",1,Arm
101.82000000001518,"VIPER-02","BANDIT-02",Locked,26714.778065245395,-20.463335105599885,0.87737684945628847,True,True,"AIM-120C",1,Arm
101.82000000001518,"BANDIT-02","VIPER-02",Locked,26714.778065245395,-20.463335105599885,0.87737684945628847,True,True,"",0,Arm
101.92000000001524,"VIPER-01","BANDIT-02",Locked,36523.876032392363,-40.774513508585166,0.79563436639673046,True,True,"AIM-120C",1,Arm
101.92000000001524,"VIPER-02","BANDIT-02",Locked,26716.821972907757,-20.417205897425919,0.87735981689243547,True,True,"AIM-120C",1,Arm
101.92000000001524,"BANDIT-02","VIPER-02",Locked,26716.821972907757,-20.417205897425919,0.87735981689243547,True,True,"",0,Arm
102.02000000001529,"VIPER-01","BANDIT-02",Locked,36527.952570165748,-40.755166380082947,0.79560039524861881,True,True,"AIM-120C",1,Arm
102.02000000001529,"VIPER-02","BANDIT-02",Locked,26718.859951945633,-20.347159353231948,0.87734283373378652,True,True,"AIM-120C",1,Arm
102.02000000001529,"BANDIT-02","VIPER-02",Locked,26718.859951945633,-20.347159353231948,0.87734283373378652,True,True,"",0,Arm
102.12000000001534,"VIPER-01","BANDIT-02",Locked,36532.025864749674,-40.712044788115655,0.79556645112708613,True,True,"AIM-120C",1,Arm
102.12000000001534,"VIPER-02","BANDIT-02",Locked,26720.88961550868,-20.253288980741363,0.877325919870761,True,True,"AIM-120C",1,Arm
102.12000000001534,"BANDIT-02","VIPER-02",Locked,26720.88961550868,-20.253288980741363,0.877325919870761,True,True,"",0,Arm
102.22000000001539,"VIPER-01","BANDIT-02",Locked,36536.094499174207,-40.64514198092759,0.795532545840215,True,True,"AIM-120C",1,Arm
102.22000000001539,"VIPER-02","BANDIT-02",Locked,26722.909540597338,-20.135612798945036,0.87730908716168887,True,True,"AIM-120C",1,Arm
102.22000000001539,"BANDIT-02","VIPER-02",Locked,26722.909540597338,-20.135612798945036,0.87730908716168887,True,True,"",0,Arm
102.32000000001544,"VIPER-01","BANDIT-02",Locked,36540.15514196585,-40.554621918713877,0.79549870715028459,True,True,"AIM-120C",1,Arm
102.32000000001544,"VIPER-02","BANDIT-02",Locked,26724.916396781508,-19.994318648032856,0.87729236336015415,True,True,"AIM-120C",1,Arm
102.32000000001544,"BANDIT-02","VIPER-02",Locked,26724.916396781508,-19.994318648032856,0.87729236336015415,True,True,"",0,Arm
102.42000000001549,"VIPER-01","BANDIT-02",Locked,36544.206388800711,-40.440489368558893,0.79546494675999413,True,True,"AIM-120C",1,Arm
102.42000000001549,"VIPER-02","BANDIT-02",Locked,26726.908778378682,-19.829436530027692,0.87727576018017772,True,True,"AIM-120C",1,Arm
102.42000000001549,"BANDIT-02","VIPER-02",Locked,26726.908778378682,-19.829436530027692,0.87727576018017772,True,True,"",0,Arm
102.52000000001554,"VIPER-01","BANDIT-02",Locked,36548.245406249545,-40.350687202831523,0.79543128828125387,True,True,"AIM-120C",1,Arm
102.52000000001554,"VIPER-02","BANDIT-02",Locked,26728.883856701592,-19.688792467214174,0.87725930119415352,True,True,"AIM-120C",1,Arm
102.52000000001554,"BANDIT-02","VIPER-02",Locked,26728.883856701592,-19.688792467214174,0.87725930119415352,True,True,"",0,Arm
102.62000000001559,"VIPER-01","BANDIT-02",Locked,36552.269846642332,-40.189589555264995,0.79539775127798062,True,True,"AIM-120C",1,Arm
102.62000000001559,"VIPER-02","BANDIT-02",Locked,26730.839290063705,-19.477058946070251,0.87724300591613591,True,True,"AIM-120C",1,Arm
102.62000000001559,"BANDIT-02","VIPER-02",Locked,26730.839290063705,-19.477058946070251,0.87724300591613591,True,True,"",0,Arm
102.72000000001565,"VIPER-01","BANDIT-02",Locked,36556.27784731031,-40.005127036266245,0.79536435127241423,True,True,"AIM-120C",1,Arm
102.72000000001565,"VIPER-02","BANDIT-02",Locked,26732.773222602606,-19.242056565387688,0.87722688981164509,True,True,"AIM-120C",1,Arm
102.72000000001565,"BANDIT-02","VIPER-02",Locked,26732.773222602606,-19.242056565387688,0.87722688981164509,True,True,"",0,Arm
102.8200000000157,"VIPER-01","BANDIT-02",Locked,36560.2665994937,-39.797426583145786,0.79533111167088588,True,True,"AIM-120C",1,Arm
102.8200000000157,"VIPER-02","BANDIT-02",Locked,26734.682857675845,-18.983935409229161,0.87721097618603472,True,True,"AIM-120C",1,Arm
102.8200000000157,"BANDIT-02","VIPER-02",Locked,26734.682857675845,-18.983935409229161,0.87721097618603472,True,True,"",0,Arm
102.92000000001575,"VIPER-01","BANDIT-02",Locked,36564.23425564944,-39.566538689081511,0.79529804786958813,True,True,"AIM-120C",1,Arm
102.92000000001575,"VIPER-02","BANDIT-02",Locked,26736.56635917785,-18.702770038434082,0.87719528034018468,True,True,"AIM-120C",1,Arm
102.92000000001575,"BANDIT-02","VIPER-02",Locked,26736.56635917785,-18.702770038434082,0.87719528034018468,True,True,"",0,Arm
103.0200000000158,"VIPER-01","BANDIT-02",Locked,36568.178499152229,-39.312560263266349,0.79526517917373152,True,True,"AIM-120C",1,Arm
103.0200000000158,"VIPER-02","BANDIT-02",Locked,26738.421425788179,-18.398681167507316,0.87717982145176521,True,True,"AIM-120C",1,Arm
103.0200000000158,"BANDIT-02","VIPER-02",Locked,26738.421425788179,-18.398681167507316,0.87717982145176521,True,True,"",0,Arm
103.12000000001585,"VIPER-01","BANDIT-02",Locked,36572.097494332316,-39.0829015804839,0.79523252088056418,True,True,"AIM-120C",1,Arm
103.12000000001585,"VIPER-02","BANDIT-02",Locked,26740.246237779749,-18.118924768573091,0.87716461468516882,True,True,"AIM-120C",1,Arm
103.12000000001585,"BANDIT-02","VIPER-02",Locked,26740.246237779749,-18.118924768573091,0.87716461468516882,True,True,"",0,Arm
103.2200000000159,"VIPER-01","BANDIT-02",Locked,36575.9884667311,-38.782902804903195,0.79520009611057429,True,True,"AIM-120C",1,Arm
103.2200000000159,"VIPER-02","BANDIT-02",Locked,26742.038042469991,-17.769214818506381,0.87714968297941687,True,True,"AIM-120C",1,Arm
103.2200000000159,"BANDIT-02","VIPER-02",Locked,26742.038042469991,-17.769214818506381,0.87714968297941687,True,True,"",0,Arm
103.32000000001595,"VIPER-01","BANDIT-02",Locked,36579.849598530091,-38.460070900419083,0.79516792001224934,True,True,"AIM-120C",1,Arm
103.32000000001595,"VIPER-02","BANDIT-02",Locked,26743.795042598696,-17.39690975545696,0.87713504131167763,True,True,"AIM-120C",1,Arm
103.32000000001595,"BANDIT-02","VIPER-02",Locked,26743.795042598696,-17.39690975545696,0.87713504131167763,True,True,"",0,Arm
103.420000000016,"VIPER-01","BANDIT-02",Locked,36583.678137225776,-38.114550101987234,0.79513601552311863,True,True,"AIM-120C",1,Arm
103.420000000016,"VIPER-02","BANDIT-02",Locked,26745.514512222984,-17.002176494673339,0.87712071239814193,True,True,"AIM-120C",1,Arm
103.420000000016,"BANDIT-02","VIPER-02",Locked,26745.514512222984,-17.002176494673339,0.87712071239814193,True,True,"",0,Arm
103.52000000001605,"VIPER-01","BANDIT-02",Locked,36587.472282875417,-37.793362085888916,0.795104397642705,True,True,"AIM-120C",1,Arm
103.52000000001605,"VIPER-02","BANDIT-02",Locked,26747.194676430281,-16.631857266104422,0.87710671102974769,True,True,"AIM-120C",1,Arm
103.52000000001605,"BANDIT-02","VIPER-02",Locked,26747.194676430281,-16.631857266104422,0.87710671102974769,True,True,"",0,Arm
103.62000000001611,"VIPER-01","BANDIT-02",Locked,36591.22977122802,-37.402568551838684,0.79507308523976661,True,True,"AIM-120C",1,Arm
103.62000000001611,"VIPER-02","BANDIT-02",Locked,26748.833300177663,-16.19243571190745,0.87709305583185293,True,True,"AIM-120C",1,Arm
103.62000000001611,"BANDIT-02","VIPER-02",Locked,26748.833300177663,-16.19243571190745,0.87709305583185293,True,True,"",0,Arm
103.72000000001616,"VIPER-01","BANDIT-02",Locked,36594.948347492085,-36.989351828761713,0.79504209710423268,True,True,"AIM-120C",1,Arm
103.72000000001616,"VIPER-02","BANDIT-02",Locked,26750.428160191674,-15.730920122658143,0.87707976533173615,True,True,"AIM-120C",1,Arm
103.72000000001616,"BANDIT-02","VIPER-02",Locked,26750.428160191674,-15.730920122658143,0.87707976533173615,True,True,"",0,Arm
103.82000000001621,"VIPER-01","BANDIT-02",Locked,36598.626234698968,-36.600424041290424,0.79501144804417534,True,True,"AIM-120C",1,Arm
103.82000000001621,"VIPER-02","BANDIT-02",Locked,26751.977511081954,-15.293826096617062,0.87706685407431717,True,True,"AIM-120C",1,Arm
103.82000000001621,"BANDIT-02","VIPER-02",Locked,26751.977511081954,-15.293826096617062,0.87706685407431717,True,True,"",0,Arm
103.92000000001626,"VIPER-01","BANDIT-02",Locked,36602.260730689195,-36.142544645827073,0.79498116057759,True,True,"AIM-120C",1,Arm
103.92000000001626,"VIPER-02","BANDIT-02",Locked,26753.478688881005,-14.788369352870225,0.877054344259325,True,True,"AIM-120C",1,Arm
103.92000000001626,"BANDIT-02","VIPER-02",Locked,26753.478688881005,-14.788369352870225,0.877054344259325,True,True,"",0,Arm
104.02000000001631,"VIPER-01","BANDIT-02",Locked,36605.850076754992,-35.662545051249786,0.7949512493603752,True,True,"AIM-120C",1,Arm
104.02000000001631,"VIPER-02","BANDIT-02",Locked,26754.929970917783,-14.261189596934297,0.87704225024235183,True,True,"AIM-120C",1,Arm
104.02000000001631,"BANDIT-02","VIPER-02",Locked,26754.929970917783,-14.261189596934297,0.87704225024235183,True,True,"",0,Arm
104.12000000001636,"VIPER-01","BANDIT-02",Locked,36609.3920581473,-35.206810568909489,0.79492173284877254,True,True,"AIM-120C",1,Arm
104.12000000001636,"VIPER-02","BANDIT-02",Locked,26756.329182834517,-13.758457608963823,0.87703059014304574,True,True,"AIM-120C",1,Arm
104.12000000001636,"BANDIT-02","VIPER-02",Locked,26756.329182834517,-13.758457608963823,0.87703059014304574,True,True,"",0,Arm
104.22000000001641,"VIPER-01","BANDIT-02",Locked,36612.884468675344,-34.682785289904373,0.79489262942770555,True,True,"AIM-120C",1,Arm
104.22000000001641,"VIPER-02","BANDIT-02",Locked,26757.67416113933,-13.188107100868077,0.87701938199050566,True,True,"AIM-120C",1,Arm
104.22000000001641,"BANDIT-02","VIPER-02",Locked,26757.67416113933,-13.188107100868077,0.87701938199050566,True,True,"",0,Arm
104.32000000001646,"VIPER-01","BANDIT-02",Locked,36616.325574790273,-34.182965107554011,0.79486395354341455,True,True,"AIM-120C",1,Arm
104.32000000001646,"VIPER-02","BANDIT-02",Locked,26758.963214637144,-12.642177663372863,0.87700863987802391,True,True,"AIM-120C",1,Arm
104.32000000001646,"BANDIT-02","VIPER-02",Locked,26758.963214637144,-12.642177663372863,0.87700863987802391,True,True,"",0,Arm
104.42000000001651,"VIPER-01","BANDIT-02",Locked,36619.712732302112,-33.615345856032739,0.79483572723081575,True,True,"AIM-120C",1,Arm
104.42000000001651,"VIPER-02","BANDIT-02",Locked,26760.193748503443,-12.029175594870283,0.87699838542913811,True,True,"AIM-120C",1,Arm
104.42000000001651,"BANDIT-02","VIPER-02",Locked,26760.193748503443,-12.029175594870283,0.87699838542913811,True,True,"",0,Arm
104.52000000001657,"VIPER-01","BANDIT-02",Locked,36623.043770766548,-33.071938190611476,0.79480796857694558,True,True,"AIM-120C",1,Arm
104.52000000001657,"VIPER-02","BANDIT-02",Locked,26761.363641454067,-11.440632680559085,0.87698863632121626,True,True,"AIM-120C",1,Arm
104.52000000001657,"BANDIT-02","VIPER-02",Locked,26761.363641454067,-11.440632680559085,0.87698863632121626,True,True,"",0,Arm
104.62000000001662,"VIPER-01","BANDIT-02",Locked,36626.316986010912,-32.461202139752416,0.79478069178324251,True,True,"AIM-120C",1,Arm
104.62000000001662,"VIPER-02","BANDIT-02",Locked,26762.471238000959,-10.785541096896882,0.876979406349992,True,True,"AIM-120C",1,Arm
104.62000000001662,"BANDIT-02","VIPER-02",Locked,26762.471238000959,-10.785541096896882,0.876979406349992,True,True,"",0,Arm
104.72000000001667,"VIPER-01","BANDIT-02",Locked,36629.530227370866,-31.874591288607718,0.7947539147719096,True,True,"AIM-120C",1,Arm
104.72000000001667,"VIPER-02","BANDIT-02",Locked,26763.514440677918,-10.154854520604413,0.87697071299435081,True,True,"AIM-120C",1,Arm
104.72000000001667,"BANDIT-02","VIPER-02",Locked,26763.514440677918,-10.154854520604413,0.87697071299435081,True,True,"",0,Arm
104.82000000001672,"VIPER-01","BANDIT-02",Locked,36632.681805405213,-31.221150569742889,0.79472765162162329,True,True,"AIM-120C",1,Arm
104.82000000001672,"VIPER-02","BANDIT-02",Locked,26764.49161276919,-9.4581699904601,0.87696256989359012,True,True,"AIM-120C",1,Arm
104.82000000001672,"BANDIT-02","VIPER-02",Locked,26764.49161276919,-9.4581699904601,0.87696256989359012,True,True,"",0,Arm
104.92000000001677,"VIPER-01","BANDIT-02",Locked,36635.768686226867,-30.591838506116964,0.7947019276147762,True,True,"AIM-120C",1,Arm
104.92000000001677,"VIPER-02","BANDIT-02",Locked,26765.399783225828,-8.7859251777115244,0.87695500180645158,True,True,"AIM-120C",1,Arm
104.92000000001677,"BANDIT-02","VIPER-02",Locked,26765.399783225828,-8.7859251777115244,0.87695500180645158,True,True,"",0,Arm
105.02000000001682,"VIPER-01","BANDIT-02",Locked,36638.789659510549,-29.896259955110658,0.79467675283741213,True,True,"AIM-120C",1,Arm
105.02000000001682,"VIPER-02","BANDIT-02",Locked,26766.237795693778,-8.0482960138009432,0.87694801836921865,True,True,"AIM-120C",1,Arm
105.02000000001682,"BANDIT-02","VIPER-02",Locked,26766.237795693778,-8.0482960138009432,0.87694801836921865,True,True,"",0,Arm
105.12000000001687,"VIPER-01","BANDIT-02",Locked,36641.743063194306,-29.224634473500753,0.79465214114004756,True,True,"AIM-120C",1,Arm
105.12000000001687,"VIPER-02","BANDIT-02",Locked,26767.004046769565,-7.3349639110213269,0.87694163294358707,True,True,"AIM-120C",1,Arm
105.12000000001687,"BANDIT-02","VIPER-02",Locked,26767.004046769565,-7.3349639110213269,0.87694163294358707,True,True,"",0,Arm
105.22000000001692,"VIPER-01","BANDIT-02",Locked,36644.625014774414,-28.487442469876637,0.79462812487688,True,True,"AIM-120C",1,Arm
105.22000000001692,"VIPER-02","BANDIT-02",Locked,26767.694728744205,-6.5569939844520153,0.87693587726046507,True,True,"AIM-120C",1,Arm
105.22000000001692,"BANDIT-02","VIPER-02",Locked,26767.694728744205,-6.5569939844520153,0.87693587726046507,True,True,"",0,Arm
105.32000000001698,"VIPER-01","BANDIT-02",Locked,36647.43522641185,-27.774129127136924,0.794604706446568,True,True,"AIM-120C",1,Arm
105.32000000001698,"VIPER-02","BANDIT-02",Locked,26768.30960768232,-5.80327696768735,0.876930753269314,True,True,"AIM-120C",1,Arm
105.32000000001698,"BANDIT-02","VIPER-02",Locked,26768.30960768232,-5.80327696768735,0.876930753269314,True,True,"",0,Arm
105.42000000001703,"VIPER-01","BANDIT-02",Locked,36650.171621037407,-27.039997268563138,0.79458190315802169,True,True,"AIM-120C",1,Arm
105.42000000001703,"VIPER-02","BANDIT-02",Locked,26768.846673763252,-5.02942085599045,0.87692627771863962,True,True,"AIM-120C",1,Arm
105.42000000001703,"BANDIT-02","VIPER-02",Locked,26768.846673763252,-5.02942085599045,0.87692627771863962,True,True,"",0,Arm
105.52000000001708,"VIPER-01","BANDIT-02",Locked,36652.831694165128,-26.241080467275278,0.79455973588195739,True,True,"AIM-120C",1,Arm
105.52000000001708,"VIPER-02","BANDIT-02",Locked,26769.303494704778,-4.19178083525013,0.87692247087746034,True,True,"AIM-120C",1,Arm
105.52000000001708,"BANDIT-02","VIPER-02",Locked,26769.303494704778,-4.19178083525013,0.87692247087746034,True,True,"",0,Arm
105.62000000001713,"VIPER-01","BANDIT-02",Locked,36655.413841854534,-25.465953429972888,0.79453821798454571,True,True,"AIM-120C",1,Arm
105.62000000001713,"VIPER-02","BANDIT-02",Locked,26769.67853471723,-3.3783500550763153,0.87691934554402318,True,True,"AIM-120C",1,Arm
105.62000000001713,"BANDIT-02","VIPER-02",Locked,26769.67853471723,-3.3783500550763153,0.87691934554402318,True,True,"",0,Arm
105.72000000001718,"VIPER-01","BANDIT-02",Locked,36657.9160298942,-24.670434142811175,0.79451736641754844,True,True,"AIM-120C",1,Arm
105.72000000001718,"VIPER-02","BANDIT-02",Locked,26769.969832581137,-2.5452637836602894,0.87691691806182392,True,True,"AIM-120C",1,Arm
105.72000000001718,"BANDIT-02","VIPER-02",Locked,26769.969832581137,-2.5452637836602894,0.87691691806182392,True,True,"",0,Arm
105.82000000001723,"VIPER-01","BANDIT-02",Locked,36660.33580217608,-23.81109238716083,0.79449720164853277,True,True,"AIM-120C",1,Arm
105.82000000001723,"VIPER-02","BANDIT-02",Locked,26770.175010143979,-1.6494230314664906,0.87691520824880032,True,True,"AIM-120C",1,Arm
105.82000000001723,"BANDIT-02","VIPER-02",Locked,26770.175010143979,-1.6494230314664906,0.87691520824880032,True,True,"",0,Arm
105.92000000001728,"VIPER-01","BANDIT-02",Locked,36662.671590876511,-22.975405407054851,0.79447773674269584,True,True,"AIM-120C",1,Arm
105.92000000001728,"VIPER-02","BANDIT-02",Locked,26770.292573115792,-0.77769973333922215,0.87691422855736845,True,True,"AIM-120C",1,Arm
105.92000000001728,"BANDIT-02","VIPER-02",Locked,26770.292573115792,-0.77769973333922215,0.87691422855736845,True,True,"",0,Arm
106.02000000001733,"VIPER-01","BANDIT-02",Locked,36664.921401681837,-22.119714870076685,0.794458988319318,True,True,"AIM-120C",1,Arm
106.02000000001733,"VIPER-02","BANDIT-02",Locked,26770.320605538669,0.11323698227806846,0.87691399495384448,True,True,"AIM-120C",1,Arm
106.02000000001733,"BANDIT-02","VIPER-02",Locked,26770.320605538669,0.11323698227806846,0.87691399495384448,True,True,"",0,Arm
106.12000000001738,"VIPER-01","BANDIT-02",Locked,36667.082823862569,-21.20117297040111,0.794440976467812,True,True,"AIM-120C",1,Arm
106.12000000001738,"VIPER-02","BANDIT-02",Locked,26770.256780001011,1.0658949404326981,0.87691452683332494,True,True,"AIM-120C",1,Arm
106.12000000001738,"BANDIT-02","VIPER-02",Locked,26770.256780001011,1.0658949404326981,0.87691452683332494,True,True,"",0,Arm
106.22000000001744,"VIPER-01","BANDIT-02",Locked,36669.155179220972,-20.30604435072425,0.79442370683982533,True,True,"AIM-120C",1,Arm
106.22000000001744,"VIPER-02","BANDIT-02",Locked,26770.100490471694,1.9946334346429972,0.87691582924606926,True,True,"AIM-120C",1,Arm
106.22000000001744,"BANDIT-02","VIPER-02",Locked,26770.100490471694,1.9946334346429972,0.87691582924606926,True,True,"",0,Arm
106.32000000001749,"VIPER-01","BANDIT-02",Locked,36671.136073853348,-19.391317460919041,0.79440719938455551,True,True,"AIM-120C",1,Arm
106.32000000001749,"VIPER-02","BANDIT-02",Locked,26769.849429958496,2.9421272790957782,0.87691792141701264,True,True,"AIM-120C",1,Arm
106.32000000001749,"BANDIT-02","VIPER-02",Locked,26769.849429958496,2.9421272790957782,0.87691792141701264,True,True,"",0,Arm
106.42000000001754,"VIPER-01","BANDIT-02",Locked,36673.02314251793,-18.457186572828466,0.79439147381235065,True,True,"AIM-120C",1,Arm
106.42000000001754,"VIPER-02","BANDIT-02",Locked,26769.50132171499,3.90816612059926,0.87692082231904189,True,True,"AIM-120C",1,Arm
106.42000000001754,"BANDIT-02","VIPER-02",Locked,26769.50132171499,3.90816612059926,0.87692082231904189,True,True,"",0,Arm
106.52000000001759,"VIPER-01","BANDIT-02",Locked,36674.815307542864,-17.503720809626717,0.79437653910380956,True,True,"AIM-120C",1,Arm
106.52000000001759,"VIPER-02","BANDIT-02",Locked,26769.055168375355,4.8926628400438625,0.87692454026353883,True,True,"AIM-120C",1,Arm
106.52000000001759,"BANDIT-02","VIPER-02",Locked,26769.055168375355,4.8926628400438625,0.87692454026353883,True,True,"",0,Arm
106.62000000001764,"VIPER-01","BANDIT-02",Locked,36676.509807697657,-16.48913161700591,0.7943624182691863,True,True,"AIM-120C",1,Arm
106.62000000001764,"VIPER-02","BANDIT-02",Locked,26768.508303996365,5.9370555574588675,0.876929097466697,True,True,"AIM-120C",1,Arm
106.62000000001764,"BANDIT-02","VIPER-02",Locked,26768.508303996365,5.9370555574588675,0.876929097466697,True,True,"",0,Arm
106.72000000001769,"VIPER-01","BANDIT-02",Locked,36678.105571655222,-15.497122292009394,0.79434912023620652,True,True,"AIM-120C",1,Arm
106.72000000001769,"VIPER-02","BANDIT-02",Locked,26767.859754985388,6.9577165014185391,0.87693450204178847,True,True,"AIM-120C",1,Arm
106.72000000001769,"BANDIT-02","VIPER-02",Locked,26767.859754985388,6.9577165014185391,0.87693450204178847,True,True,"",0,Arm
106.82000000001774,"VIPER-01","BANDIT-02",Locked,36679.600217998566,-14.485952517266824,0.79433666485001209,True,True,"AIM-120C",1,Arm
106.82000000001774,"VIPER-02","BANDIT-02",Locked,26767.107307437986,7.9963217404367617,0.87694077243801694,True,True,"AIM-120C",1,Arm
106.82000000001774,"BANDIT-02","VIPER-02",Locked,26767.107307437986,7.9963217404367617,0.87694077243801694,True,True,"",0,Arm
106.92000000001779,"VIPER-01","BANDIT-02",Locked,36680.992493667189,-13.450819309095396,0.79432506255277358,True,True,"AIM-120C",1,Arm
106.92000000001779,"VIPER-02","BANDIT-02",Locked,26766.250003163375,9.05277910835713,0.87694791664030536,True,True,"AIM-120C",1,Arm
106.92000000001779,"BANDIT-02","VIPER-02",Locked,26766.250003163375,9.05277910835713,0.87694791664030536,True,True,"",0,Arm
107.02000000001784,"VIPER-01","BANDIT-02",Locked,36682.278853162745,-12.386998940681986,0.79431434289031055,True,True,"AIM-120C",1,Arm
107.02000000001784,"VIPER-02","BANDIT-02",Locked,26765.28525350961,10.12683917949434,0.8769559562207534,True,True,"AIM-120C",1,Arm
107.02000000001784,"BANDIT-02","VIPER-02",Locked,26765.28525350961,10.12683917949434,0.8769559562207534,True,True,"",0,Arm
107.1200000000179,"VIPER-01","BANDIT-02",Locked,36683.456799589512,-11.294712678797641,0.79430452667008744,True,True,"AIM-120C",1,Arm
107.1200000000179,"VIPER-02","BANDIT-02",Locked,26764.211720080766,11.218369743861018,0.87696490233266033,True,True,"AIM-120C",1,Arm
107.1200000000179,"BANDIT-02","VIPER-02",Locked,26764.211720080766,11.218369743861018,0.87696490233266033,True,True,"",0,Arm
107.22000000001795,"VIPER-01","BANDIT-02",Locked,36684.524419911373,-10.184874956349436,0.794295629834072,True,True,"AIM-120C",1,Arm
107.22000000001795,"VIPER-02","BANDIT-02",Locked,26763.028072320463,12.327234917020593,0.87697476606399627,True,True,"AIM-120C",1,Arm
107.22000000001795,"BANDIT-02","VIPER-02",Locked,26763.028072320463,12.327234917020593,0.87697476606399627,True,True,"",0,Arm
107.320000000018,"VIPER-01","BANDIT-02",Locked,36685.480535180155,-9.0734427098696955,0.79428766220683211,True,True,"AIM-120C",1,Arm
107.320000000018,"VIPER-02","BANDIT-02",Locked,26761.732186393747,13.453231735799648,0.87698556511338555,True,True,"AIM-120C",1,Arm
107.320000000018,"BANDIT-02","VIPER-02",Locked,26761.732186393747,13.453231735799648,0.87698556511338555,True,True,"",0,Arm
107.42000000001805,"VIPER-01","BANDIT-02",Locked,36686.3249128449,-7.94847608029097,0.79428062572629254,True,True,"AIM-120C",1,Arm
107.42000000001805,"VIPER-02","BANDIT-02",Locked,26760.322760114421,14.596226054336293,0.87699731033237993,True,True,"AIM-120C",1,Arm
107.42000000001805,"BANDIT-02","VIPER-02",Locked,26760.322760114421,14.596226054336293,0.87699731033237993,True,True,"",0,Arm
