time_s,objective_id,name,type,status,progress,current_count,required_count,deadline_s,failure_reason
0,"PROTECT","保护MAGIC-01",ProtectAircraft,Active,0,0,1,850,""
0,"ESCORT_EGRESS","护送至撤离点",ReachWaypoint,Active,0,0,1,850,""
0,"PROTECT","保护MAGIC-01",ProtectAircraft,Active,0,0,1,850,""
0,"ESCORT_EGRESS","护送至撤离点",ReachWaypoint,Active,0,0,1,850,""
0.19000000000000003,"PROTECT","保护MAGIC-01",ProtectAircraft,Active,0,0,1,850,""
0.19000000000000003,"ESCORT_EGRESS","护送至撤离点",ReachWaypoint,Active,0,0,1,850,""
0.39000000000000018,"PROTECT","保护MAGIC-01",ProtectAircraft,Active,0,0,1,850,""
0.39000000000000018,"ESCORT_EGRESS","护送至撤离点",ReachWaypoint,Active,0,0,1,850,""
0.5900000000000003,"PROTECT","保护MAGIC-01",ProtectAircraft,Active,0,0,1,850,""
0.5900000000000003,"ESCORT_EGRESS","护送至撤离点",ReachWaypoint,Active,0,0,1,850,""
0.79000000000000048,"PROTECT","保护MAGIC-01",ProtectAircraft,Active,0,0,1,850,""
0.79000000000000048,"ESCORT_EGRESS","护送至撤离点",ReachWaypoint,Active,0,0,1,850,""
0.99000000000000066,"PROTECT","保护MAGIC-01",ProtectAircraft,Active,0,0,1,850,""
0.99000000000000066,"ESCORT_EGRESS","护送至撤离点",ReachWaypoint,Active,0,0,1,850,""
1.1900000000000008,"PROTECT","保护MAGIC-01",ProtectAircraft,Active,0,0,1,850,""
1.1900000000000008,"ESCORT_EGRESS","护送至撤离点",ReachWaypoint,Active,0,0,1,850,""
1.390000000000001,"PROTECT","保护MAGIC-01",ProtectAircraft,Active,0,0,1,850,""
1.390000000000001,"ESCORT_EGRESS","护送至撤离点",ReachWaypoint,Active,0,0,1,850,""
1.5900000000000012,"PROTECT","保护MAGIC-01",ProtectAircraft,Active,0,0,1,850,""
1.5900000000000012,"ESCORT_EGRESS","护送至撤离点",ReachWaypoint,Active,0,0,1,850,""
1.7900000000000014,"PROTECT","保护MAGIC-01",ProtectAircraft,Active,0,0,1,850,""
1.7900000000000014,"ESCORT_EGRESS","护送至撤离点",ReachWaypoint,Active,0,0,1,850,""
1.9900000000000015,"PROTECT","保护MAGIC-01",ProtectAircraft,Active,0,0,1,850,""
1.9900000000000015,"ESCORT_EGRESS","护送至撤离点",ReachWaypoint,Active,0,0,1,850,""
2.1899999999999973,"PROTECT","保护MAGIC-01",ProtectAircraft,Active,0,0,1,850,""
2.1899999999999973,"ESCORT_EGRESS","护送至撤离点",ReachWaypoint,Active,0,0,1,850,""
2.389999999999993,"PROTECT","保护MAGIC-01",ProtectAircraft,Active,0,0,1,850,""
2.389999999999993,"ESCORT_EGRESS","护送至撤离点",ReachWaypoint,Active,0,0,1,850,""
2.5899999999999888,"PROTECT","保护MAGIC-01",ProtectAircraft,Active,0,0,1,850,""
2.5899999999999888,"ESCORT_EGRESS","护送至撤离点",ReachWaypoint,Active,0,0,1,850,""
2.7899999999999845,"PROTECT","保护MAGIC-01",ProtectAircraft,Active,0,0,1,850,""
2.7899999999999845,"ESCORT_EGRESS","护送至撤离点",ReachWaypoint,Active,0,0,1,850,""
2.9899999999999802,"PROTECT","保护MAGIC-01",ProtectAircraft,Active,0,0,1,850,""
2.9899999999999802,"ESCORT_EGRESS","护送至撤离点",ReachWaypoint,Active,0,0,1,850,""
3.189999999999976,"PROTECT","保护MAGIC-01",ProtectAircraft,Active,0,0,1,850,""
3.189999999999976,"ESCORT_EGRESS","护送至撤离点",ReachWaypoint,Active,0,0,1,850,""
3.3899999999999717,"PROTECT","保护MAGIC-01",ProtectAircraft,Active,0,0,1,850,""
3.3899999999999717,"ESCORT_EGRESS","护送至撤离点",ReachWaypoint,Active,0,0,1,850,""
3.5899999999999674,"PROTECT","保护MAGIC-01",ProtectAircraft,Active,0,0,1,850,""
3.5899999999999674,"ESCORT_EGRESS","护送至撤离点",ReachWaypoint,Active,0,0,1,850,""
3.7899999999999632,"PROTECT","保护MAGIC-01",ProtectAircraft,Active,0,0,1,850,""
3.7899999999999632,"ESCORT_EGRESS","护送至撤离点",ReachWaypoint,Active,0,0,1,850,""
3.9899999999999589,"PROTECT","保护MAGIC-01",ProtectAircraft,Active,0,0,1,850,""
3.9899999999999589,"ESCORT_EGRESS","护送至撤离点",ReachWaypoint,Active,0,0,1,850,""
4.1899999999999551,"PROTECT","保护MAGIC-01",ProtectAircraft,Active,0,0,1,850,""
4.1899999999999551,"ESCORT_EGRESS","护送至撤离点",ReachWaypoint,Active,0,0,1,850,""
4.3899999999999508,"PROTECT","保护MAGIC-01",ProtectAircraft,Active,0,0,1,850,""
4.3899999999999508,"ESCORT_EGRESS","护送至撤离点",ReachWaypoint,Active,0,0,1,850,""
4.5899999999999466,"PROTECT","保护MAGIC-01",ProtectAircraft,Active,0,0,1,850,""
4.5899999999999466,"ESCORT_EGRESS","护送至撤离点",ReachWaypoint,Active,0,0,1,850,""
4.7899999999999423,"PROTECT","保护MAGIC-01",ProtectAircraft,Active,0,0,1,850,""
4.7899999999999423,"ESCORT_EGRESS","护送至撤离点",ReachWaypoint,Active,0,0,1,850,""
4.989999999999938,"PROTECT","保护MAGIC-01",ProtectAircraft,Active,0,0,1,850,""
4.989999999999938,"ESCORT_EGRESS","护送至撤离点",ReachWaypoint,Active,0,0,1,850,""
5.1899999999999338,"PROTECT","保护MAGIC-01",ProtectAircraft,Active,0,0,1,850,""
5.1899999999999338,"ESCORT_EGRESS","护送至撤离点",ReachWaypoint,Active,0,0,1,850,""
5.3899999999999295,"PROTECT","保护MAGIC-01",ProtectAircraft,Active,0,0,1,850,""
5.3899999999999295,"ESCORT_EGRESS","护送至撤离点",ReachWaypoint,Active,0,0,1,850,""
5.5899999999999253,"PROTECT","保护MAGIC-01",ProtectAircraft,Active,0,0,1,850,""
5.5899999999999253,"ESCORT_EGRESS","护送至撤离点",ReachWaypoint,Active,0,0,1,850,""
5.789999999999921,"PROTECT","保护MAGIC-01",ProtectAircraft,Active,0,0,1,850,""
5.789999999999921,"ESCORT_EGRESS","护送至撤离点",ReachWaypoint,Active,0,0,1,850,""
5.9899999999999167,"PROTECT","保护MAGIC-01",ProtectAircraft,Active,0,0,1,850,""
5.9899999999999167,"ESCORT_EGRESS","护送至撤离点",ReachWaypoint,Active,0,0,1,850,""
6.1899999999999125,"PROTECT","保护MAGIC-01",ProtectAircraft,Active,0,0,1,850,""
6.1899999999999125,"ESCORT_EGRESS","护送至撤离点",ReachWaypoint,Active,0,0,1,850,""
6.3899999999999082,"PROTECT","保护MAGIC-01",ProtectAircraft,Active,0,0,1,850,""
6.3899999999999082,"ESCORT_EGRESS","护送至撤离点",ReachWaypoint,Active,0,0,1,850,""
6.5899999999999039,"PROTECT","保护MAGIC-01",ProtectAircraft,Active,0,0,1,850,""
6.5899999999999039,"ESCORT_EGRESS","护送至撤离点",ReachWaypoint,Active,0,0,1,850,""
6.7899999999999,"PROTECT","保护MAGIC-01",ProtectAircraft,Active,0,0,1,850,""
6.7899999999999,"ESCORT_EGRESS","护送至撤离点",ReachWaypoint,Active,0,0,1,850,""
6.9899999999998954,"PROTECT","保护MAGIC-01",ProtectAircraft,Active,0,0,1,850,""
6.9899999999998954,"ESCORT_EGRESS","护送至撤离点",ReachWaypoint,Active,0,0,1,850,""
7.1899999999998911,"PROTECT","保护MAGIC-01",ProtectAircraft,Active,0,0,1,850,""
7.1899999999998911,"ESCORT_EGRESS","护送至撤离点",ReachWaypoint,Active,0,0,1,850,""
7.3899999999998869,"PROTECT","保护MAGIC-01",ProtectAircraft,Active,0,0,1,850,""
7.3899999999998869,"ESCORT_EGRESS","护送至撤离点",ReachWaypoint,Active,0,0,1,850,""
7.5899999999998826,"PROTECT","保护MAGIC-01",ProtectAircraft,Active,0,0,1,850,""
7.5899999999998826,"ESCORT_EGRESS","护送至撤离点",ReachWaypoint,Active,0,0,1,850,""
7.7899999999998784,"PROTECT","保护MAGIC-01",ProtectAircraft,Active,0,0,1,850,""
7.7899999999998784,"ESCORT_EGRESS","护送至撤离点",ReachWaypoint,Active,0,0,1,850,""
7.9899999999998741,"PROTECT","保护MAGIC-01",ProtectAircraft,Active,0,0,1,850,""
7.9899999999998741,"ESCORT_EGRESS","护送至撤离点",ReachWaypoint,Active,0,0,1,850,""
8.18999999999987,"PROTECT","保护MAGIC-01",ProtectAircraft,Active,0,0,1,850,""
8.18999999999987,"ESCORT_EGRESS","护送至撤离点",ReachWaypoint,Active,0,0,1,850,""
8.3899999999998656,"PROTECT","保护MAGIC-01",ProtectAircraft,Active,0,0,1,850,""
8.3899999999998656,"ESCORT_EGRESS","护送至撤离点",ReachWaypoint,Active,0,0,1,850,""
8.5899999999998613,"PROTECT","保护MAGIC-01",ProtectAircraft,Active,0,0,1,850,""
8.5899999999998613,"ESCORT_EGRESS","护送至撤离点",ReachWaypoint,Active,0,0,1,850,""
8.789999999999857,"PROTECT","保护MAGIC-01",ProtectAircraft,Active,0,0,1,850,""
8.789999999999857,"ESCORT_EGRESS","护送至撤离点",ReachWaypoint,Active,0,0,1,850,""
8.9899999999998528,"PROTECT","保护MAGIC-01",ProtectAircraft,Active,0,0,1,850,""
8.9899999999998528,"ESCORT_EGRESS","护送至撤离点",ReachWaypoint,Active,0,0,1,850,""
9.1899999999998485,"PROTECT","保护MAGIC-01",ProtectAircraft,Active,0,0,1,850,""
9.1899999999998485,"ESCORT_EGRESS","护送至撤离点",ReachWaypoint,Active,0,0,1,850,""
9.3899999999998442,"PROTECT","保护MAGIC-01",ProtectAircraft,Active,0,0,1,850,""
9.3899999999998442,"ESCORT_EGRESS","护送至撤离点",ReachWaypoint,Active,0,0,1,850,""
9.58999999999984,"PROTECT","保护MAGIC-01",ProtectAircraft,Active,0,0,1,850,""
9.58999999999984,"ESCORT_EGRESS","护送至撤离点",ReachWaypoint,Active,0,0,1,850,""
9.7899999999998357,"PROTECT","保护MAGIC-01",ProtectAircraft,Active,0,0,1,850,""
9.7899999999998357,"ESCORT_EGRESS","护送至撤离点",ReachWaypoint,Active,0,0,1,850,""
9.9899999999998315,"PROTECT","保护MAGIC-01",ProtectAircraft,Active,0,0,1,850,""
9.9899999999998315,"ESCORT_EGRESS","护送至撤离点",ReachWaypoint,Active,0,0,1,850,""
10.189999999999827,"PROTECT","保护MAGIC-01",ProtectAircraft,Active,0,0,1,850,""
10.189999999999827,"ESCORT_EGRESS","护送至撤离点",ReachWaypoint,Active,0,0,1,850,""
10.389999999999823,"PROTECT","保护MAGIC-01",ProtectAircraft,Active,0,0,1,850,""
10.389999999999823,"ESCORT_EGRESS","护送至撤离点",ReachWaypoint,Active,0,0,1,850,""
10.589999999999819,"PROTECT","保护MAGIC-01",ProtectAircraft,Active,0,0,1,850,""
10.589999999999819,"ESCORT_EGRESS","护送至撤离点",ReachWaypoint,Active,0,0,1,850,""
10.789999999999814,"PROTECT","保护MAGIC-01",ProtectAircraft,Active,0,0,1,850,""
10.789999999999814,"ESCORT_EGRESS","护送至撤离点",ReachWaypoint,Active,0,0,1,850,""
10.98999999999981,"PROTECT","保护MAGIC-01",ProtectAircraft,Active,0,0,1,850,""
10.98999999999981,"ESCORT_EGRESS","护送至撤离点",ReachWaypoint,Active,0,0,1,850,""
11.189999999999806,"PROTECT","保护MAGIC-01",ProtectAircraft,Active,0,0,1,850,""
11.189999999999806,"ESCORT_EGRESS","护送至撤离点",ReachWaypoint,Active,0,0,1,850,""
11.389999999999802,"PROTECT","保护MAGIC-01",ProtectAircraft,Active,0,0,1,850,""
11.389999999999802,"ESCORT_EGRESS","护送至撤离点",ReachWaypoint,Active,0,0,1,850,""
11.589999999999797,"PROTECT","保护MAGIC-01",ProtectAircraft,Active,0,0,1,850,""
11.589999999999797,"ESCORT_EGRESS","护送至撤离点",ReachWaypoint,Active,0,0,1,850,""
11.789999999999793,"PROTECT","保护MAGIC-01",ProtectAircraft,Active,0,0,1,850,""
11.789999999999793,"ESCORT_EGRESS","护送至撤离点",ReachWaypoint,Active,0,0,1,850,""
11.989999999999789,"PROTECT","保护MAGIC-01",ProtectAircraft,Active,0,0,1,850,""
11.989999999999789,"ESCORT_EGRESS","护送至撤离点",ReachWaypoint,Active,0,0,1,850,""
12.189999999999785,"PROTECT","保护MAGIC-01",ProtectAircraft,Active,0,0,1,850,""
12.189999999999785,"ESCORT_EGRESS","护送至撤离点",ReachWaypoint,Active,0,0,1,850,""
12.38999999999978,"PROTECT","保护MAGIC-01",ProtectAircraft,Active,0,0,1,850,""
12.38999999999978,"ESCORT_EGRESS","护送至撤离点",ReachWaypoint,Active,0,0,1,850,""
12.589999999999776,"PROTECT","保护MAGIC-01",ProtectAircraft,Active,0,0,1,850,""
12.589999999999776,"ESCORT_EGRESS","护送至撤离点",ReachWaypoint,Active,0,0,1,850,""
12.789999999999772,"PROTECT","保护MAGIC-01",ProtectAircraft,Active,0,0,1,850,""
12.789999999999772,"ESCORT_EGRESS","护送至撤离点",ReachWaypoint,Active,0,0,1,850,""
12.989999999999768,"PROTECT","保护MAGIC-01",ProtectAircraft,Active,0,0,1,850,""
12.989999999999768,"ESCORT_EGRESS","护送至撤离点",ReachWaypoint,Active,0,0,1,850,""
13.189999999999763,"PROTECT","保护MAGIC-01",ProtectAircraft,Active,0,0,1,850,""
13.189999999999763,"ESCORT_EGRESS","护送至撤离点",ReachWaypoint,Active,0,0,1,850,""
13.389999999999759,"PROTECT","保护MAGIC-01",ProtectAircraft,Active,0,0,1,850,""
13.389999999999759,"ESCORT_EGRESS","护送至撤离点",ReachWaypoint,Active,0,0,1,850,""
13.589999999999755,"PROTECT","保护MAGIC-01",ProtectAircraft,Active,0,0,1,850,""
13.589999999999755,"ESCORT_EGRESS","护送至撤离点",ReachWaypoint,Active,0,0,1,850,""
13.78999999999975,"PROTECT","保护MAGIC-01",ProtectAircraft,Active,0,0,1,850,""
13.78999999999975,"ESCORT_EGRESS","护送至撤离点",ReachWaypoint,Active,0,0,1,850,""
13.989999999999746,"PROTECT","保护MAGIC-01",ProtectAircraft,Active,0,0,1,850,""
13.989999999999746,"ESCORT_EGRESS","护送至撤离点",ReachWaypoint,Active,0,0,1,850,""
14.189999999999742,"PROTECT","保护MAGIC-01",ProtectAircraft,Active,0,0,1,850,""
14.189999999999742,"ESCORT_EGRESS","护送至撤离点",ReachWaypoint,Active,0,0,1,850,""
14.389999999999738,"PROTECT","保护MAGIC-01",ProtectAircraft,Active,0,0,1,850,""
14.389999999999738,"ESCORT_EGRESS","护送至撤离点",ReachWaypoint,Active,0,0,1,850,""
14.589999999999733,"PROTECT","保护MAGIC-01",ProtectAircraft,Active,0,0,1,850,""
14.589999999999733,"ESCORT_EGRESS","护送至撤离点",ReachWaypoint,Active,0,0,1,850,""
14.789999999999729,"PROTECT","保护MAGIC-01",ProtectAircraft,Active,0,0,1,850,""
14.789999999999729,"ESCORT_EGRESS","护送至撤离点",ReachWaypoint,Active,0,0,1,850,""
14.989999999999725,"PROTECT","保护MAGIC-01",ProtectAircraft,Active,0,0,1,850,""
14.989999999999725,"ESCORT_EGRESS","护送至撤离点",ReachWaypoint,Active,0,0,1,850,""
15.189999999999721,"PROTECT","保护MAGIC-01",ProtectAircraft,Active,0,0,1,850,""
15.189999999999721,"ESCORT_EGRESS","护送至撤离点",ReachWaypoint,Active,0,0,1,850,""
15.389999999999716,"PROTECT","保护MAGIC-01",ProtectAircraft,Active,0,0,1,850,""
15.389999999999716,"ESCORT_EGRESS","护送至撤离点",ReachWaypoint,Active,0,0,1,850,""
15.589999999999712,"PROTECT","保护MAGIC-01",ProtectAircraft,Active,0,0,1,850,""
15.589999999999712,"ESCORT_EGRESS","护送至撤离点",ReachWaypoint,Active,0,0,1,850,""
15.789999999999708,"PROTECT","保护MAGIC-01",ProtectAircraft,Active,0,0,1,850,""
15.789999999999708,"ESCORT_EGRESS","护送至撤离点",ReachWaypoint,Active,0,0,1,850,""
15.989999999999704,"PROTECT","保护MAGIC-01",ProtectAircraft,Active,0,0,1,850,""
15.989999999999704,"ESCORT_EGRESS","护送至撤离点",ReachWaypoint,Active,0,0,1,850,""
16.189999999999731,"PROTECT","保护MAGIC-01",ProtectAircraft,Active,0,0,1,850,""
16.189999999999731,"ESCORT_EGRESS","护送至撤离点",ReachWaypoint,Active,0,0,1,850,""
16.389999999999763,"PROTECT","保护MAGIC-01",ProtectAircraft,Active,0,0,1,850,""
16.389999999999763,"ESCORT_EGRESS","护送至撤离点",ReachWaypoint,Active,0,0,1,850,""
16.589999999999794,"PROTECT","保护MAGIC-01",ProtectAircraft,Active,0,0,1,850,""
16.589999999999794,"ESCORT_EGRESS","护送至撤离点",ReachWaypoint,Active,0,0,1,850,""
16.789999999999825,"PROTECT","保护MAGIC-01",ProtectAircraft,Active,0,0,1,850,""
16.789999999999825,"ESCORT_EGRESS","护送至撤离点",ReachWaypoint,Active,0,0,1,850,""
16.989999999999856,"PROTECT","保护MAGIC-01",ProtectAircraft,Active,0,0,1,850,""
16.989999999999856,"ESCORT_EGRESS","护送至撤离点",ReachWaypoint,Active,0,0,1,850,""
17.189999999999888,"PROTECT","保护MAGIC-01",ProtectAircraft,Active,0,0,1,850,""
17.189999999999888,"ESCORT_EGRESS","护送至撤离点",ReachWaypoint,Active,0,0,1,850,""
17.389999999999919,"PROTECT","保护MAGIC-01",ProtectAircraft,Active,0,0,1,850,""
17.389999999999919,"ESCORT_EGRESS","护送至撤离点",ReachWaypoint,Active,0,0,1,850,""
17.58999999999995,"PROTECT","保护MAGIC-01",ProtectAircraft,Active,0,0,1,850,""
17.58999999999995,"ESCORT_EGRESS","护送至撤离点",ReachWaypoint,Active,0,0,1,850,""
17.789999999999981,"PROTECT","保护MAGIC-01",ProtectAircraft,Active,0,0,1,850,""
17.789999999999981,"ESCORT_EGRESS","护送至撤离点",ReachWaypoint,Active,0,0,1,850,""
17.990000000000013,"PROTECT","保护MAGIC-01",ProtectAircraft,Active,0,0,1,850,""
17.990000000000013,"ESCORT_EGRESS","护送至撤离点",ReachWaypoint,Active,0,0,1,850,""
18.190000000000044,"PROTECT","保护MAGIC-01",ProtectAircraft,Active,0,0,1,850,""
18.190000000000044,"ESCORT_EGRESS","护送至撤离点",ReachWaypoint,Active,0,0,1,850,""
18.390000000000075,"PROTECT","保护MAGIC-01",ProtectAircraft,Active,0,0,1,850,""
18.390000000000075,"ESCORT_EGRESS","护送至撤离点",ReachWaypoint,Active,0,0,1,850,""
18.590000000000106,"PROTECT","保护MAGIC-01",ProtectAircraft,Active,0,0,1,850,""
18.590000000000106,"ESCORT_EGRESS","护送至撤离点",ReachWaypoint,Active,0,0,1,850,""
18.790000000000138,"PROTECT","保护MAGIC-01",ProtectAircraft,Active,0,0,1,850,""
18.790000000000138,"ESCORT_EGRESS","护送至撤离点",ReachWaypoint,Active,0,0,1,850,""
18.990000000000169,"PROTECT","保护MAGIC-01",ProtectAircraft,Active,0,0,1,850,""
18.990000000000169,"ESCORT_EGRESS","护送至撤离点",ReachWaypoint,Active,0,0,1,850,""
19.1900000000002,"PROTECT","保护MAGIC-01",ProtectAircraft,Active,0,0,1,850,""
19.1900000000002,"ESCORT_EGRESS","护送至撤离点",ReachWaypoint,Active,0,0,1,850,""
19.390000000000231,"PROTECT","保护MAGIC-01",ProtectAircraft,Active,0,0,1,850,""
19.390000000000231,"ESCORT_EGRESS","护送至撤离点",ReachWaypoint,Active,0,0,1,850,""
19.590000000000263,"PROTECT","保护MAGIC-01",ProtectAircraft,Active,0,0,1,850,""
19.590000000000263,"ESCORT_EGRESS","护送至撤离点",ReachWaypoint,Active,0,0,1,850,""
19.790000000000294,"PROTECT","保护MAGIC-01",ProtectAircraft,Active,0,0,1,850,""
19.790000000000294,"ESCORT_EGRESS","护送至撤离点",ReachWaypoint,Active,0,0,1,850,""
19.990000000000325,"PROTECT","保护MAGIC-01",ProtectAircraft,Active,0,0,1,850,""
19.990000000000325,"ESCORT_EGRESS","护送至撤离点",ReachWaypoint,Active,0,0,1,850,""
20.190000000000357,"PROTECT","保护MAGIC-01",ProtectAircraft,Active,0,0,1,850,""
20.190000000000357,"ESCORT_EGRESS","护送至撤离点",ReachWaypoint,Active,0,0,1,850,""
20.390000000000388,"PROTECT","保护MAGIC-01",ProtectAircraft,Active,0,0,1,850,""
20.390000000000388,"ESCORT_EGRESS","护送至撤离点",ReachWaypoint,Active,0,0,1,850,""
20.590000000000419,"PROTECT","保护MAGIC-01",ProtectAircraft,Active,0,0,1,850,""
20.590000000000419,"ESCORT_EGRESS","护送至撤离点",ReachWaypoint,Active,0,0,1,850,""
20.79000000000045,"PROTECT","保护MAGIC-01",ProtectAircraft,Active,0,0,1,850,""
20.79000000000045,"ESCORT_EGRESS","护送至撤离点",ReachWaypoint,Active,0,0,1,850,""
20.990000000000482,"PROTECT","保护MAGIC-01",ProtectAircraft,Active,0,0,1,850,""
20.990000000000482,"ESCORT_EGRESS","护送至撤离点",ReachWaypoint,Active,0,0,1,850,""
21.190000000000513,"PROTECT","保护MAGIC-01",ProtectAircraft,Active,0,0,1,850,""
21.190000000000513,"ESCORT_EGRESS","护送至撤离点",ReachWaypoint,Active,0,0,1,850,""
21.390000000000544,"PROTECT","保护MAGIC-01",ProtectAircraft,Active,0,0,1,850,""
21.390000000000544,"ESCORT_EGRESS","护送至撤离点",ReachWaypoint,Active,0,0,1,850,""
21.590000000000575,"PROTECT","保护MAGIC-01",ProtectAircraft,Active,0,0,1,850,""
21.590000000000575,"ESCORT_EGRESS","护送至撤离点",ReachWaypoint,Active,0,0,1,850,""
21.790000000000607,"PROTECT","保护MAGIC-01",ProtectAircraft,Active,0,0,1,850,""
21.790000000000607,"ESCORT_EGRESS","护送至撤离点",ReachWaypoint,Active,0,0,1,850,""
21.990000000000638,"PROTECT","保护MAGIC-01",ProtectAircraft,Active,0,0,1,850,""
21.990000000000638,"ESCORT_EGRESS","护送至撤离点",ReachWaypoint,Active,0,0,1,850,""
22.190000000000669,"PROTECT","保护MAGIC-01",ProtectAircraft,Active,0,0,1,850,""
22.190000000000669,"ESCORT_EGRESS","护送至撤离点",ReachWaypoint,Active,0,0,1,850,""
22.3900000000007,"PROTECT","保护MAGIC-01",ProtectAircraft,Active,0,0,1,850,""
22.3900000000007,"ESCORT_EGRESS","护送至撤离点",ReachWaypoint,Active,0,0,1,850,""
22.590000000000732,"PROTECT","保护MAGIC-01",ProtectAircraft,Active,0,0,1,850,""
22.590000000000732,"ESCORT_EGRESS","护送至撤离点",ReachWaypoint,Active,0,0,1,850,""
22.790000000000763,"PROTECT","保护MAGIC-01",ProtectAircraft,Active,0,0,1,850,""
22.790000000000763,"ESCORT_EGRESS","护送至撤离点",ReachWaypoint,Active,0,0,1,850,""
22.990000000000794,"PROTECT","保护MAGIC-01",ProtectAircraft,Active,0,0,1,850,""
22.990000000000794,"ESCORT_EGRESS","护送至撤离点",ReachWaypoint,Active,0,0,1,850,""
23.190000000000826,"PROTECT","保护MAGIC-01",ProtectAircraft,Active,0,0,1,850,""
23.190000000000826,"ESCORT_EGRESS","护送至撤离点",ReachWaypoint,Active,0,0,1,850,""
23.390000000000857,"PROTECT","保护MAGIC-01",ProtectAircraft,Active,0,0,1,850,""
23.390000000000857,"ESCORT_EGRESS","护送至撤离点",ReachWaypoint,Active,0,0,1,850,""
23.590000000000888,"PROTECT","保护MAGIC-01",ProtectAircraft,Active,0,0,1,850,""
23.590000000000888,"ESCORT_EGRESS","护送至撤离点",ReachWaypoint,Active,0,0,1,850,""
23.790000000000919,"PROTECT","保护MAGIC-01",ProtectAircraft,Active,0,0,1,850,""
23.790000000000919,"ESCORT_EGRESS","护送至撤离点",ReachWaypoint,Active,0,0,1,850,""
23.990000000000951,"PROTECT","保护MAGIC-01",ProtectAircraft,Active,0,0,1,850,""
23.990000000000951,"ESCORT_EGRESS","护送至撤离点",ReachWaypoint,Active,0,0,1,850,""
24.190000000000982,"PROTECT","保护MAGIC-01",ProtectAircraft,Active,0,0,1,850,""
24.190000000000982,"ESCORT_EGRESS","护送至撤离点",ReachWaypoint,Active,0,0,1,850,""
24.390000000001013,"PROTECT","保护MAGIC-01",ProtectAircraft,Active,0,0,1,850,""
24.390000000001013,"ESCORT_EGRESS","护送至撤离点",ReachWaypoint,Active,0,0,1,850,""
24.590000000001044,"PROTECT","保护MAGIC-01",ProtectAircraft,Active,0,0,1,850,""
24.590000000001044,"ESCORT_EGRESS","护送至撤离点",ReachWaypoint,Active,0,0,1,850,""
24.790000000001076,"PROTECT","保护MAGIC-01",ProtectAircraft,Active,0,0,1,850,""
24.790000000001076,"ESCORT_EGRESS","护送至撤离点",ReachWaypoint,Active,0,0,1,850,""
24.990000000001107,"PROTECT","保护MAGIC-01",ProtectAircraft,Active,0,0,1,850,""
24.990000000001107,"ESCORT_EGRESS","护送至撤离点",ReachWaypoint,Active,0,0,1,850,""
25.190000000001138,"PROTECT","保护MAGIC-01",ProtectAircraft,Active,0,0,1,850,""
25.190000000001138,"ESCORT_EGRESS","护送至撤离点",ReachWaypoint,Active,0,0,1,850,""
25.390000000001169,"PROTECT","保护MAGIC-01",ProtectAircraft,Active,0,0,1,850,""
25.390000000001169,"ESCORT_EGRESS","护送至撤离点",ReachWaypoint,Active,0,0,1,850,""
25.5900000000012,"PROTECT","保护MAGIC-01",ProtectAircraft,Active,0,0,1,850,""
25.5900000000012,"ESCORT_EGRESS","护送至撤离点",ReachWaypoint,Active,0,0,1,850,""
25.790000000001232,"PROTECT","保护MAGIC-01",ProtectAircraft,Active,0,0,1,850,""
25.790000000001232,"ESCORT_EGRESS","护送至撤离点",ReachWaypoint,Active,0,0,1,850,""
25.990000000001263,"PROTECT","保护MAGIC-01",ProtectAircraft,Active,0,0,1,850,""
25.990000000001263,"ESCORT_EGRESS","护送至撤离点",ReachWaypoint,Active,0,0,1,850,""
26.190000000001294,"PROTECT","保护MAGIC-01",ProtectAircraft,Active,0,0,1,850,""
26.190000000001294,"ESCORT_EGRESS","护送至撤离点",ReachWaypoint,Active,0,0,1,850,""
26.390000000001326,"PROTECT","保护MAGIC-01",ProtectAircraft,Active,0,0,1,850,""
26.390000000001326,"ESCORT_EGRESS","护送至撤离点",ReachWaypoint,Active,0,0,1,850,""
26.590000000001357,"PROTECT","保护MAGIC-01",ProtectAircraft,Active,0,0,1,850,""
26.590000000001357,"ESCORT_EGRESS","护送至撤离点",ReachWaypoint,Active,0,0,1,850,""
26.790000000001388,"PROTECT","保护MAGIC-01",ProtectAircraft,Active,0,0,1,850,""
26.790000000001388,"ESCORT_EGRESS","护送至撤离点",ReachWaypoint,Active,0,0,1,850,""
26.99000000000142,"PROTECT","保护MAGIC-01",ProtectAircraft,Active,0,0,1,850,""
26.99000000000142,"ESCORT_EGRESS","护送至撤离点",ReachWaypoint,Active,0,0,1,850,""
27.190000000001451,"PROTECT","保护MAGIC-01",ProtectAircraft,Active,0,0,1,850,""
27.190000000001451,"ESCORT_EGRESS","护送至撤离点",ReachWaypoint,Active,0,0,1,850,""
27.390000000001482,"PROTECT","保护MAGIC-01",ProtectAircraft,Active,0,0,1,850,""
27.390000000001482,"ESCORT_EGRESS","护送至撤离点",ReachWaypoint,Active,0,0,1,850,""
27.590000000001513,"PROTECT","保护MAGIC-01",ProtectAircraft,Active,0,0,1,850,""
27.590000000001513,"ESCORT_EGRESS","护送至撤离点",ReachWaypoint,Active,0,0,1,850,""
27.790000000001545,"PROTECT","保护MAGIC-01",ProtectAircraft,Active,0,0,1,850,""
27.790000000001545,"ESCORT_EGRESS","护送至撤离点",ReachWaypoint,Active,0,0,1,850,""
27.990000000001576,"PROTECT","保护MAGIC-01",ProtectAircraft,Active,0,0,1,850,""
27.990000000001576,"ESCORT_EGRESS","护送至撤离点",ReachWaypoint,Active,0,0,1,850,""
28.190000000001607,"PROTECT","保护MAGIC-01",ProtectAircraft,Active,0,0,1,850,""
28.190000000001607,"ESCORT_EGRESS","护送至撤离点",ReachWaypoint,Active,0,0,1,850,""
28.390000000001638,"PROTECT","保护MAGIC-01",ProtectAircraft,Active,0,0,1,850,""
28.390000000001638,"ESCORT_EGRESS","护送至撤离点",ReachWaypoint,Active,0,0,1,850,""
28.59000000000167,"PROTECT","保护MAGIC-01",ProtectAircraft,Active,0,0,1,850,""
28.59000000000167,"ESCORT_EGRESS","护送至撤离点",ReachWaypoint,Active,0,0,1,850,""
28.7900000000017,"PROTECT","保护MAGIC-01",ProtectAircraft,Active,0,0,1,850,""
28.7900000000017,"ESCORT_EGRESS","护送至撤离点",ReachWaypoint,Active,0,0,1,850,""
28.990000000001732,"PROTECT","保护MAGIC-01",ProtectAircraft,Active,0,0,1,850,""
28.990000000001732,"ESCORT_EGRESS","护送至撤离点",ReachWaypoint,Active,0,0,1,850,""
29.190000000001763,"PROTECT","保护MAGIC-01",ProtectAircraft,Active,0,0,1,850,""
29.190000000001763,"ESCORT_EGRESS","护送至撤离点",ReachWaypoint,Active,0,0,1,850,""
29.390000000001795,"PROTECT","保护MAGIC-01",ProtectAircraft,Active,0,0,1,850,""
29.390000000001795,"ESCORT_EGRESS","护送至撤离点",ReachWaypoint,Active,0,0,1,850,""
29.590000000001826,"PROTECT","保护MAGIC-01",ProtectAircraft,Active,0,0,1,850,""
29.590000000001826,"ESCORT_EGRESS","护送至撤离点",ReachWaypoint,Active,0,0,1,850,""
29.790000000001857,"PROTECT","保护MAGIC-01",ProtectAircraft,Active,0,0,1,850,""
29.790000000001857,"ESCORT_EGRESS","护送至撤离点",ReachWaypoint,Active,0,0,1,850,""
29.990000000001888,"PROTECT","保护MAGIC-01",ProtectAircraft,Active,0,0,1,850,""
29.990000000001888,"ESCORT_EGRESS","护送至撤离点",ReachWaypoint,Active,0,0,1,850,""
30.19000000000192,"PROTECT","保护MAGIC-01",ProtectAircraft,Active,0,0,1,850,""
30.19000000000192,"ESCORT_EGRESS","护送至撤离点",ReachWaypoint,Active,0,0,1,850,""
30.390000000001951,"PROTECT","保护MAGIC-01",ProtectAircraft,Active,0,0,1,850,""
30.390000000001951,"ESCORT_EGRESS","护送至撤离点",ReachWaypoint,Active,0,0,1,850,""
30.590000000001982,"PROTECT","保护MAGIC-01",ProtectAircraft,Active,0,0,1,850,""
30.590000000001982,"ESCORT_EGRESS","护送至撤离点",ReachWaypoint,Active,0,0,1,850,""
30.790000000002014,"PROTECT","保护MAGIC-01",ProtectAircraft,Active,0,0,1,850,""
30.790000000002014,"ESCORT_EGRESS","护送至撤离点",ReachWaypoint,Active,0,0,1,850,""
30.990000000002045,"PROTECT","保护MAGIC-01",ProtectAircraft,Active,0,0,1,850,""
30.990000000002045,"ESCORT_EGRESS","护送至撤离点",ReachWaypoint,Active,0,0,1,850,""
31.190000000002076,"PROTECT","保护MAGIC-01",ProtectAircraft,Active,0,0,1,850,""
31.190000000002076,"ESCORT_EGRESS","护送至撤离点",ReachWaypoint,Active,0,0,1,850,""
31.390000000002107,"PROTECT","保护MAGIC-01",ProtectAircraft,Active,0,0,1,850,""
31.390000000002107,"ESCORT_EGRESS","护送至撤离点",ReachWaypoint,Active,0,0,1,850,""
31.590000000002139,"PROTECT","保护MAGIC-01",ProtectAircraft,Active,0,0,1,850,""
31.590000000002139,"ESCORT_EGRESS","护送至撤离点",ReachWaypoint,Active,0,0,1,850,""
31.79000000000217,"PROTECT","保护MAGIC-01",ProtectAircraft,Active,0,0,1,850,""
31.79000000000217,"ESCORT_EGRESS","护送至撤离点",ReachWaypoint,Active,0,0,1,850,""
31.9900000000022,"PROTECT","保护MAGIC-01",ProtectAircraft,Active,0,0,1,850,""
31.9900000000022,"ESCORT_EGRESS","护送至撤离点",ReachWaypoint,Active,0,0,1,850,""
32.190000000002165,"PROTECT","保护MAGIC-01",ProtectAircraft,Active,0,0,1,850,""
32.190000000002165,"ESCORT_EGRESS","护送至撤离点",ReachWaypoint,Active,0,0,1,850,""
32.390000000002125,"PROTECT","保护MAGIC-01",ProtectAircraft,Active,0,0,1,850,""
32.390000000002125,"ESCORT_EGRESS","护送至撤离点",ReachWaypoint,Active,0,0,1,850,""
32.590000000002085,"PROTECT","保护MAGIC-01",ProtectAircraft,Active,0,0,1,850,""
32.590000000002085,"ESCORT_EGRESS","护送至撤离点",ReachWaypoint,Active,0,0,1,850,""
32.790000000002046,"PROTECT","保护MAGIC-01",ProtectAircraft,Active,0,0,1,850,""
32.790000000002046,"ESCORT_EGRESS","护送至撤离点",ReachWaypoint,Active,0,0,1,850,""
32.990000000002006,"PROTECT","保护MAGIC-01",ProtectAircraft,Active,0,0,1,850,""
32.990000000002006,"ESCORT_EGRESS","护送至撤离点",ReachWaypoint,Active,0,0,1,850,""
33.190000000001966,"PROTECT","保护MAGIC-01",ProtectAircraft,Active,0,0,1,850,""
33.190000000001966,"ESCORT_EGRESS","护送至撤离点",ReachWaypoint,Active,0,0,1,850,""
33.390000000001926,"PROTECT","保护MAGIC-01",ProtectAircraft,Active,0,0,1,850,""
33.390000000001926,"ESCORT_EGRESS","护送至撤离点",ReachWaypoint,Active,0,0,1,850,""
33.590000000001886,"PROTECT","保护MAGIC-01",ProtectAircraft,Active,0,0,1,850,""
33.590000000001886,"ESCORT_EGRESS","护送至撤离点",ReachWaypoint,Active,0,0,1,850,""
33.790000000001847,"PROTECT","保护MAGIC-01",ProtectAircraft,Active,0,0,1,850,""
33.790000000001847,"ESCORT_EGRESS","护送至撤离点",ReachWaypoint,Active,0,0,1,850,""
33.990000000001807,"PROTECT","保护MAGIC-01",ProtectAircraft,Active,0,0,1,850,""
33.990000000001807,"ESCORT_EGRESS","护送至撤离点",ReachWaypoint,Active,0,0,1,850,""
34.190000000001767,"PROTECT","保护MAGIC-01",ProtectAircraft,Active,0,0,1,850,""
34.190000000001767,"ESCORT_EGRESS","护送至撤离点",ReachWaypoint,Active,0,0,1,850,""
34.390000000001727,"PROTECT","保护MAGIC-01",ProtectAircraft,Active,0,0,1,850,""
34.390000000001727,"ESCORT_EGRESS","护送至撤离点",ReachWaypoint,Active,0,0,1,850,""
34.590000000001687,"PROTECT","保护MAGIC-01",ProtectAircraft,Active,0,0,1,850,""
34.590000000001687,"ESCORT_EGRESS","护送至撤离点",ReachWaypoint,Active,0,0,1,850,""
34.790000000001648,"PROTECT","保护MAGIC-01",ProtectAircraft,Active,0,0,1,850,""
34.790000000001648,"ESCORT_EGRESS","护送至撤离点",ReachWaypoint,Active,0,0,1,850,""
34.990000000001608,"PROTECT","保护MAGIC-01",ProtectAircraft,Active,0,0,1,850,""
34.990000000001608,"ESCORT_EGRESS","护送至撤离点",ReachWaypoint,Active,0,0,1,850,""
35.190000000001568,"PROTECT","保护MAGIC-01",ProtectAircraft,Active,0,0,1,850,""
35.190000000001568,"ESCORT_EGRESS","护送至撤离点",ReachWaypoint,Active,0,0,1,850,""
35.390000000001528,"PROTECT","保护MAGIC-01",ProtectAircraft,Active,0,0,1,850,""
35.390000000001528,"ESCORT_EGRESS","护送至撤离点",ReachWaypoint,Active,0,0,1,850,""
35.590000000001488,"PROTECT","保护MAGIC-01",ProtectAircraft,Active,0,0,1,850,""
35.590000000001488,"ESCORT_EGRESS","护送至撤离点",ReachWaypoint,Active,0,0,1,850,""
35.790000000001449,"PROTECT","保护MAGIC-01",ProtectAircraft,Active,0,0,1,850,""
35.790000000001449,"ESCORT_EGRESS","护送至撤离点",ReachWaypoint,Active,0,0,1,850,""
35.990000000001409,"PROTECT","保护MAGIC-01",ProtectAircraft,Active,0,0,1,850,""
35.990000000001409,"ESCORT_EGRESS","护送至撤离点",ReachWaypoint,Active,0,0,1,850,""
36.190000000001369,"PROTECT","保护MAGIC-01",ProtectAircraft,Active,0,0,1,850,""
36.190000000001369,"ESCORT_EGRESS","护送至撤离点",ReachWaypoint,Active,0,0,1,850,""
36.390000000001329,"PROTECT","保护MAGIC-01",ProtectAircraft,Active,0,0,1,850,""
36.390000000001329,"ESCORT_EGRESS","护送至撤离点",ReachWaypoint,Active,0,0,1,850,""
36.590000000001289,"PROTECT","保护MAGIC-01",ProtectAircraft,Active,0,0,1,850,""
36.590000000001289,"ESCORT_EGRESS","护送至撤离点",ReachWaypoint,Active,0,0,1,850,""
36.79000000000125,"PROTECT","保护MAGIC-01",ProtectAircraft,Active,0,0,1,850,""
36.79000000000125,"ESCORT_EGRESS","护送至撤离点",ReachWaypoint,Active,0,0,1,850,""
36.99000000000121,"PROTECT","保护MAGIC-01",ProtectAircraft,Active,0,0,1,850,""
36.99000000000121,"ESCORT_EGRESS","护送至撤离点",ReachWaypoint,Active,0,0,1,850,""
37.19000000000117,"PROTECT","保护MAGIC-01",ProtectAircraft,Active,0,0,1,850,""
37.19000000000117,"ESCORT_EGRESS","护送至撤离点",ReachWaypoint,Active,0,0,1,850,""
37.39000000000113,"PROTECT","保护MAGIC-01",ProtectAircraft,Active,0,0,1,850,""
37.39000000000113,"ESCORT_EGRESS","护送至撤离点",ReachWaypoint,Active,0,0,1,850,""
37.590000000001091,"PROTECT","保护MAGIC-01",ProtectAircraft,Active,0,0,1,850,""
37.590000000001091,"ESCORT_EGRESS","护送至撤离点",ReachWaypoint,Active,0,0,1,850,""
37.790000000001051,"PROTECT","保护MAGIC-01",ProtectAircraft,Active,0,0,1,850,""
37.790000000001051,"ESCORT_EGRESS","护送至撤离点",ReachWaypoint,Active,0,0,1,850,""
37.990000000001011,"PROTECT","保护MAGIC-01",ProtectAircraft,Active,0,0,1,850,""
37.990000000001011,"ESCORT_EGRESS","护送至撤离点",ReachWaypoint,Active,0,0,1,850,""
38.190000000000971,"PROTECT","保护MAGIC-01",ProtectAircraft,Active,0,0,1,850,""
38.190000000000971,"ESCORT_EGRESS","护送至撤离点",ReachWaypoint,Active,0,0,1,850,""
38.390000000000931,"PROTECT","保护MAGIC-01",ProtectAircraft,Active,0,0,1,850,""
38.390000000000931,"ESCORT_EGRESS","护送至撤离点",ReachWaypoint,Active,0,0,1,850,""
38.590000000000892,"PROTECT","保护MAGIC-01",ProtectAircraft,Active,0,0,1,850,""
38.590000000000892,"ESCORT_EGRESS","护送至撤离点",ReachWaypoint,Active,0,0,1,850,""
38.790000000000852,"PROTECT","保护MAGIC-01",ProtectAircraft,Active,0,0,1,850,""
38.790000000000852,"ESCORT_EGRESS","护送至撤离点",ReachWaypoint,Active,0,0,1,850,""
38.990000000000812,"PROTECT","保护MAGIC-01",ProtectAircraft,Active,0,0,1,850,""
38.990000000000812,"ESCORT_EGRESS","护送至撤离点",ReachWaypoint,Active,0,0,1,850,""
39.190000000000772,"PROTECT","保护MAGIC-01",ProtectAircraft,Active,0,0,1,850,""
39.190000000000772,"ESCORT_EGRESS","护送至撤离点",ReachWaypoint,Active,0,0,1,850,""
39.390000000000732,"PROTECT","保护MAGIC-01",ProtectAircraft,Active,0,0,1,850,""
39.390000000000732,"ESCORT_EGRESS","护送至撤离点",ReachWaypoint,Active,0,0,1,850,""
39.590000000000693,"PROTECT","保护MAGIC-01",ProtectAircraft,Active,0,0,1,850,""
39.590000000000693,"ESCORT_EGRESS","护送至撤离点",ReachWaypoint,Active,0,0,1,850,""
39.790000000000653,"PROTECT","保护MAGIC-01",ProtectAircraft,Active,0,0,1,850,""
39.790000000000653,"ESCORT_EGRESS","护送至撤离点",ReachWaypoint,Active,0,0,1,850,""
39.990000000000613,"PROTECT","保护MAGIC-01",ProtectAircraft,Active,0,0,1,850,""
39.990000000000613,"ESCORT_EGRESS","护送至撤离点",ReachWaypoint,Active,0,0,1,850,""
40.190000000000573,"PROTECT","保护MAGIC-01",ProtectAircraft,Active,0,0,1,850,""
40.190000000000573,"ESCORT_EGRESS","护送至撤离点",ReachWaypoint,Active,0,0,1,850,""
40.390000000000533,"PROTECT","保护MAGIC-01",ProtectAircraft,Active,0,0,1,850,""
40.390000000000533,"ESCORT_EGRESS","护送至撤离点",ReachWaypoint,Active,0,0,1,850,""
40.590000000000494,"PROTECT","保护MAGIC-01",ProtectAircraft,Active,0,0,1,850,""
40.590000000000494,"ESCORT_EGRESS","护送至撤离点",ReachWaypoint,Active,0,0,1,850,""
40.790000000000454,"PROTECT","保护MAGIC-01",ProtectAircraft,Active,0,0,1,850,""
40.790000000000454,"ESCORT_EGRESS","护送至撤离点",ReachWaypoint,Active,0,0,1,850,""
40.990000000000414,"PROTECT","保护MAGIC-01",ProtectAircraft,Active,0,0,1,850,""
40.990000000000414,"ESCORT_EGRESS","护送至撤离点",ReachWaypoint,Active,0,0,1,850,""
41.190000000000374,"PROTECT","保护MAGIC-01",ProtectAircraft,Active,0,0,1,850,""
41.190000000000374,"ESCORT_EGRESS","护送至撤离点",ReachWaypoint,Active,0,0,1,850,""
41.390000000000335,"PROTECT","保护MAGIC-01",ProtectAircraft,Active,0,0,1,850,""
41.390000000000335,"ESCORT_EGRESS","护送至撤离点",ReachWaypoint,Active,0,0,1,850,""
41.590000000000295,"PROTECT","保护MAGIC-01",ProtectAircraft,Active,0,0,1,850,""
41.590000000000295,"ESCORT_EGRESS","护送至撤离点",ReachWaypoint,Active,0,0,1,850,""
41.790000000000255,"PROTECT","保护MAGIC-01",ProtectAircraft,Active,0,0,1,850,""
41.790000000000255,"ESCORT_EGRESS","护送至撤离点",ReachWaypoint,Active,0,0,1,850,""
41.990000000000215,"PROTECT","保护MAGIC-01",ProtectAircraft,Active,0,0,1,850,""
41.990000000000215,"ESCORT_EGRESS","护送至撤离点",ReachWaypoint,Active,0,0,1,850,""
42.190000000000175,"PROTECT","保护MAGIC-01",ProtectAircraft,Active,0,0,1,850,""
42.190000000000175,"ESCORT_EGRESS","护送至撤离点",ReachWaypoint,Active,0,0,1,850,""
42.390000000000136,"PROTECT","保护MAGIC-01",ProtectAircraft,Active,0,0,1,850,""
42.390000000000136,"ESCORT_EGRESS","护送至撤离点",ReachWaypoint,Active,0,0,1,850,""
42.590000000000096,"PROTECT","保护MAGIC-01",ProtectAircraft,Active,0,0,1,850,""
42.590000000000096,"ESCORT_EGRESS","护送至撤离点",ReachWaypoint,Active,0,0,1,850,""
42.790000000000056,"PROTECT","保护MAGIC-01",ProtectAircraft,Active,0,0,1,850,""
42.790000000000056,"ESCORT_EGRESS","护送至撤离点",ReachWaypoint,Active,0,0,1,850,""
42.990000000000016,"PROTECT","保护MAGIC-01",ProtectAircraft,Active,0,0,1,850,""
42.990000000000016,"ESCORT_EGRESS","护送至撤离点",ReachWaypoint,Active,0,0,1,850,""
43.189999999999976,"PROTECT","保护MAGIC-01",ProtectAircraft,Active,0,0,1,850,""
43.189999999999976,"ESCORT_EGRESS","护送至撤离点",ReachWaypoint,Active,0,0,1,850,""
43.389999999999937,"PROTECT","保护MAGIC-01",ProtectAircraft,Active,0,0,1,850,""
43.389999999999937,"ESCORT_EGRESS","护送至撤离点",ReachWaypoint,Active,0,0,1,850,""
43.5899999999999,"PROTECT","保护MAGIC-01",ProtectAircraft,Active,0,0,1,850,""
43.5899999999999,"ESCORT_EGRESS","护送至撤离点",ReachWaypoint,Active,0,0,1,850,""
43.789999999999857,"PROTECT","保护MAGIC-01",ProtectAircraft,Active,0,0,1,850,""
43.789999999999857,"ESCORT_EGRESS","护送至撤离点",ReachWaypoint,Active,0,0,1,850,""
43.989999999999817,"PROTECT","保护MAGIC-01",ProtectAircraft,Active,0,0,1,850,""
43.989999999999817,"ESCORT_EGRESS","护送至撤离点",ReachWaypoint,Active,0,0,1,850,""
44.189999999999777,"PROTECT","保护MAGIC-01",ProtectAircraft,Active,0,0,1,850,""
44.189999999999777,"ESCORT_EGRESS","护送至撤离点",ReachWaypoint,Active,0,0,1,850,""
44.389999999999738,"PROTECT","保护MAGIC-01",ProtectAircraft,Active,0,0,1,850,""
44.389999999999738,"ESCORT_EGRESS","护送至撤离点",ReachWaypoint,Active,0,0,1,850,""
44.5899999999997,"PROTECT","保护MAGIC-01",ProtectAircraft,Active,0,0,1,850,""
44.5899999999997,"ESCORT_EGRESS","护送至撤离点",ReachWaypoint,Active,0,0,1,850,""
44.789999999999658,"PROTECT","保护MAGIC-01",ProtectAircraft,Active,0,0,1,850,""
44.789999999999658,"ESCORT_EGRESS","护送至撤离点",ReachWaypoint,Active,0,0,1,850,""
44.989999999999618,"PROTECT","保护MAGIC-01",ProtectAircraft,Active,0,0,1,850,""
44.989999999999618,"ESCORT_EGRESS","护送至撤离点",ReachWaypoint,Active,0,0,1,850,""
45.189999999999579,"PROTECT","保护MAGIC-01",ProtectAircraft,Active,0,0,1,850,""
45.189999999999579,"ESCORT_EGRESS","护送至撤离点",ReachWaypoint,Active,0,0,1,850,""
45.389999999999539,"PROTECT","保护MAGIC-01",ProtectAircraft,Active,0,0,1,850,""
45.389999999999539,"ESCORT_EGRESS","护送至撤离点",ReachWaypoint,Active,0,0,1,850,""
45.5899999999995,"PROTECT","保护MAGIC-01",ProtectAircraft,Active,0,0,1,850,""
45.5899999999995,"ESCORT_EGRESS","护送至撤离点",ReachWaypoint,Active,0,0,1,850,""
45.789999999999459,"PROTECT","保护MAGIC-01",ProtectAircraft,Active,0,0,1,850,""
45.789999999999459,"ESCORT_EGRESS","护送至撤离点",ReachWaypoint,Active,0,0,1,850,""
45.989999999999419,"PROTECT","保护MAGIC-01",ProtectAircraft,Active,0,0,1,850,""
45.989999999999419,"ESCORT_EGRESS","护送至撤离点",ReachWaypoint,Active,0,0,1,850,""
46.18999999999938,"PROTECT","保护MAGIC-01",ProtectAircraft,Active,0,0,1,850,""
46.18999999999938,"ESCORT_EGRESS","护送至撤离点",ReachWaypoint,Active,0,0,1,850,""
46.38999999999934,"PROTECT","保护MAGIC-01",ProtectAircraft,Active,0,0,1,850,""
46.38999999999934,"ESCORT_EGRESS","护送至撤离点",ReachWaypoint,Active,0,0,1,850,""
46.5899999999993,"PROTECT","保护MAGIC-01",ProtectAircraft,Active,0,0,1,850,""
46.5899999999993,"ESCORT_EGRESS","护送至撤离点",ReachWaypoint,Active,0,0,1,850,""
46.78999999999926,"PROTECT","保护MAGIC-01",ProtectAircraft,Active,0,0,1,850,""
46.78999999999926,"ESCORT_EGRESS","护送至撤离点",ReachWaypoint,Active,0,0,1,850,""
46.98999999999922,"PROTECT","保护MAGIC-01",ProtectAircraft,Active,0,0,1,850,""
46.98999999999922,"ESCORT_EGRESS","护送至撤离点",ReachWaypoint,Active,0,0,1,850,""
47.189999999999181,"PROTECT","保护MAGIC-01",ProtectAircraft,Active,0,0,1,850,""
47.189999999999181,"ESCORT_EGRESS","护送至撤离点",ReachWaypoint,Active,0,0,1,850,""
47.389999999999141,"PROTECT","保护MAGIC-01",ProtectAircraft,Active,0,0,1,850,""
47.389999999999141,"ESCORT_EGRESS","护送至撤离点",ReachWaypoint,Active,0,0,1,850,""
47.5899999999991,"PROTECT","保护MAGIC-01",ProtectAircraft,Active,0,0,1,850,""
47.5899999999991,"ESCORT_EGRESS","护送至撤离点",ReachWaypoint,Active,0,0,1,850,""
47.789999999999061,"PROTECT","保护MAGIC-01",ProtectAircraft,Active,0,0,1,850,""
47.789999999999061,"ESCORT_EGRESS","护送至撤离点",ReachWaypoint,Active,0,0,1,850,""
47.989999999999021,"PROTECT","保护MAGIC-01",ProtectAircraft,Active,0,0,1,850,""
47.989999999999021,"ESCORT_EGRESS","护送至撤离点",ReachWaypoint,Active,0,0,1,850,""
48.189999999998982,"PROTECT","保护MAGIC-01",ProtectAircraft,Active,0,0,1,850,""
48.189999999998982,"ESCORT_EGRESS","护送至撤离点",ReachWaypoint,Active,0,0,1,850,""
48.389999999998942,"PROTECT","保护MAGIC-01",ProtectAircraft,Active,0,0,1,850,""
48.389999999998942,"ESCORT_EGRESS","护送至撤离点",ReachWaypoint,Active,0,0,1,850,""
48.5899999999989,"PROTECT","保护MAGIC-01",ProtectAircraft,Active,0,0,1,850,""
48.5899999999989,"ESCORT_EGRESS","护送至撤离点",ReachWaypoint,Active,0,0,1,850,""
48.789999999998862,"PROTECT","保护MAGIC-01",ProtectAircraft,Active,0,0,1,850,""
48.789999999998862,"ESCORT_EGRESS","护送至撤离点",ReachWaypoint,Active,0,0,1,850,""
48.989999999998822,"PROTECT","保护MAGIC-01",ProtectAircraft,Active,0,0,1,850,""
48.989999999998822,"ESCORT_EGRESS","护送至撤离点",ReachWaypoint,Active,0,0,1,850,""
49.189999999998783,"PROTECT","保护MAGIC-01",ProtectAircraft,Active,0,0,1,850,""
49.189999999998783,"ESCORT_EGRESS","护送至撤离点",ReachWaypoint,Active,0,0,1,850,""
49.389999999998743,"PROTECT","保护MAGIC-01",ProtectAircraft,Active,0,0,1,850,""
49.389999999998743,"ESCORT_EGRESS","护送至撤离点",ReachWaypoint,Active,0,0,1,850,""
49.5899999999987,"PROTECT","保护MAGIC-01",ProtectAircraft,Active,0,0,1,850,""
49.5899999999987,"ESCORT_EGRESS","护送至撤离点",ReachWaypoint,Active,0,0,1,850,""
49.789999999998663,"PROTECT","保护MAGIC-01",ProtectAircraft,Active,0,0,1,850,""
49.789999999998663,"ESCORT_EGRESS","护送至撤离点",ReachWaypoint,Active,0,0,1,850,""
49.989999999998624,"PROTECT","保护MAGIC-01",ProtectAircraft,Active,0,0,1,850,""
49.989999999998624,"ESCORT_EGRESS","护送至撤离点",ReachWaypoint,Active,0,0,1,850,""
50.189999999998584,"PROTECT","保护MAGIC-01",ProtectAircraft,Active,0,0,1,850,""
50.189999999998584,"ESCORT_EGRESS","护送至撤离点",ReachWaypoint,Active,0,0,1,850,""
50.389999999998544,"PROTECT","保护MAGIC-01",ProtectAircraft,Active,0,0,1,850,""
50.389999999998544,"ESCORT_EGRESS","护送至撤离点",ReachWaypoint,Active,0,0,1,850,""
50.589999999998504,"PROTECT","保护MAGIC-01",ProtectAircraft,Active,0,0,1,850,""
50.589999999998504,"ESCORT_EGRESS","护送至撤离点",ReachWaypoint,Active,0,0,1,850,""
50.789999999998464,"PROTECT","保护MAGIC-01",ProtectAircraft,Active,0,0,1,850,""
50.789999999998464,"ESCORT_EGRESS","护送至撤离点",ReachWaypoint,Active,0,0,1,850,""
50.989999999998425,"PROTECT","保护MAGIC-01",ProtectAircraft,Active,0,0,1,850,""
50.989999999998425,"ESCORT_EGRESS","护送至撤离点",ReachWaypoint,Active,0,0,1,850,""
51.189999999998385,"PROTECT","保护MAGIC-01",ProtectAircraft,Active,0,0,1,850,""
51.189999999998385,"ESCORT_EGRESS","护送至撤离点",ReachWaypoint,Active,0,0,1,850,""
51.389999999998345,"PROTECT","保护MAGIC-01",ProtectAircraft,Active,0,0,1,850,""
51.389999999998345,"ESCORT_EGRESS","护送至撤离点",ReachWaypoint,Active,0,0,1,850,""
51.589999999998305,"PROTECT","保护MAGIC-01",ProtectAircraft,Active,0,0,1,850,""
51.589999999998305,"ESCORT_EGRESS","护送至撤离点",ReachWaypoint,Active,0,0,1,850,""
51.789999999998265,"PROTECT","保护MAGIC-01",ProtectAircraft,Active,0,0,1,850,""
51.789999999998265,"ESCORT_EGRESS","护送至撤离点",ReachWaypoint,Active,0,0,1,850,""
51.989999999998226,"PROTECT","保护MAGIC-01",ProtectAircraft,Active,0,0,1,850,""
51.989999999998226,"ESCORT_EGRESS","护送至撤离点",ReachWaypoint,Active,0,0,1,850,""
52.189999999998186,"PROTECT","保护MAGIC-01",ProtectAircraft,Active,0,0,1,850,""
52.189999999998186,"ESCORT_EGRESS","护送至撤离点",ReachWaypoint,Active,0,0,1,850,""
52.389999999998146,"PROTECT","保护MAGIC-01",ProtectAircraft,Active,0,0,1,850,""
52.389999999998146,"ESCORT_EGRESS","护送至撤离点",ReachWaypoint,Active,0,0,1,850,""
52.589999999998106,"PROTECT","保护MAGIC-01",ProtectAircraft,Active,0,0,1,850,""
52.589999999998106,"ESCORT_EGRESS","护送至撤离点",ReachWaypoint,Active,0,0,1,850,""
52.789999999998066,"PROTECT","保护MAGIC-01",ProtectAircraft,Active,0,0,1,850,""
52.789999999998066,"ESCORT_EGRESS","护送至撤离点",ReachWaypoint,Active,0,0,1,850,""
52.989999999998027,"PROTECT","保护MAGIC-01",ProtectAircraft,Active,0,0,1,850,""
52.989999999998027,"ESCORT_EGRESS","护送至撤离点",ReachWaypoint,Active,0,0,1,850,""
53.189999999997987,"PROTECT","保护MAGIC-01",ProtectAircraft,Active,0,0,1,850,""
53.189999999997987,"ESCORT_EGRESS","护送至撤离点",ReachWaypoint,Active,0,0,1,850,""
53.389999999997947,"PROTECT","保护MAGIC-01",ProtectAircraft,Active,0,0,1,850,""
53.389999999997947,"ESCORT_EGRESS","护送至撤离点",ReachWaypoint,Active,0,0,1,850,""
53.589999999997907,"PROTECT","保护MAGIC-01",ProtectAircraft,Active,0,0,1,850,""
53.589999999997907,"ESCORT_EGRESS","护送至撤离点",ReachWaypoint,Active,0,0,1,850,""
53.789999999997868,"PROTECT","保护MAGIC-01",ProtectAircraft,Active,0,0,1,850,""
53.789999999997868,"ESCORT_EGRESS","护送至撤离点",ReachWaypoint,Active,0,0,1,850,""
53.989999999997828,"PROTECT","保护MAGIC-01",ProtectAircraft,Active,0,0,1,850,""
53.989999999997828,"ESCORT_EGRESS","护送至撤离点",ReachWaypoint,Active,0,0,1,850,""
54.189999999997788,"PROTECT","保护MAGIC-01",ProtectAircraft,Active,0,0,1,850,""
54.189999999997788,"ESCORT_EGRESS","护送至撤离点",ReachWaypoint,Active,0,0,1,850,""
54.389999999997748,"PROTECT","保护MAGIC-01",ProtectAircraft,Active,0,0,1,850,""
54.389999999997748,"ESCORT_EGRESS","护送至撤离点",ReachWaypoint,Active,0,0,1,850,""
54.589999999997708,"PROTECT","保护MAGIC-01",ProtectAircraft,Active,0,0,1,850,""
54.589999999997708,"ESCORT_EGRESS","护送至撤离点",ReachWaypoint,Active,0,0,1,850,""
54.789999999997669,"PROTECT","保护MAGIC-01",ProtectAircraft,Active,0,0,1,850,""
54.789999999997669,"ESCORT_EGRESS","护送至撤离点",ReachWaypoint,Active,0,0,1,850,""
54.989999999997629,"PROTECT","保护MAGIC-01",ProtectAircraft,Active,0,0,1,850,""
54.989999999997629,"ESCORT_EGRESS","护送至撤离点",ReachWaypoint,Active,0,0,1,850,""
55.189999999997589,"PROTECT","保护MAGIC-01",ProtectAircraft,Active,0,0,1,850,""
55.189999999997589,"ESCORT_EGRESS","护送至撤离点",ReachWaypoint,Active,0,0,1,850,""
55.389999999997549,"PROTECT","保护MAGIC-01",ProtectAircraft,Active,0,0,1,850,""
55.389999999997549,"ESCORT_EGRESS","护送至撤离点",ReachWaypoint,Active,0,0,1,850,""
55.589999999997509,"PROTECT","保护MAGIC-01",ProtectAircraft,Active,0,0,1,850,""
55.589999999997509,"ESCORT_EGRESS","护送至撤离点",ReachWaypoint,Active,0,0,1,850,""
55.78999999999747,"PROTECT","保护MAGIC-01",ProtectAircraft,Active,0,0,1,850,""
55.78999999999747,"ESCORT_EGRESS","护送至撤离点",ReachWaypoint,Active,0,0,1,850,""
55.98999999999743,"PROTECT","保护MAGIC-01",ProtectAircraft,Active,0,0,1,850,""
55.98999999999743,"ESCORT_EGRESS","护送至撤离点",ReachWaypoint,Active,0,0,1,850,""
56.18999999999739,"PROTECT","保护MAGIC-01",ProtectAircraft,Active,0,0,1,850,""
56.18999999999739,"ESCORT_EGRESS","护送至撤离点",ReachWaypoint,Active,0,0,1,850,""
56.38999999999735,"PROTECT","保护MAGIC-01",ProtectAircraft,Active,0,0,1,850,""
56.38999999999735,"ESCORT_EGRESS","护送至撤离点",ReachWaypoint,Active,0,0,1,850,""
56.58999999999731,"PROTECT","保护MAGIC-01",ProtectAircraft,Active,0,0,1,850,""
56.58999999999731,"ESCORT_EGRESS","护送至撤离点",ReachWaypoint,Active,0,0,1,850,""
56.789999999997271,"PROTECT","保护MAGIC-01",ProtectAircraft,Active,0,0,1,850,""
56.789999999997271,"ESCORT_EGRESS","护送至撤离点",ReachWaypoint,Active,0,0,1,850,""
56.989999999997231,"PROTECT","保护MAGIC-01",ProtectAircraft,Active,0,0,1,850,""
56.989999999997231,"ESCORT_EGRESS","护送至撤离点",ReachWaypoint,Active,0,0,1,850,""
57.189999999997191,"PROTECT","保护MAGIC-01",ProtectAircraft,Active,0,0,1,850,""
57.189999999997191,"ESCORT_EGRESS","护送至撤离点",ReachWaypoint,Active,0,0,1,850,""
57.389999999997151,"PROTECT","保护MAGIC-01",ProtectAircraft,Active,0,0,1,850,""
57.389999999997151,"ESCORT_EGRESS","护送至撤离点",ReachWaypoint,Active,0,0,1,850,""
57.589999999997112,"PROTECT","保护MAGIC-01",ProtectAircraft,Active,0,0,1,850,""
57.589999999997112,"ESCORT_EGRESS","护送至撤离点",ReachWaypoint,Active,0,0,1,850,""
57.789999999997072,"PROTECT","保护MAGIC-01",ProtectAircraft,Active,0,0,1,850,""
57.789999999997072,"ESCORT_EGRESS","护送至撤离点",ReachWaypoint,Active,0,0,1,850,""
57.989999999997032,"PROTECT","保护MAGIC-01",ProtectAircraft,Active,0,0,1,850,""
57.989999999997032,"ESCORT_EGRESS","护送至撤离点",ReachWaypoint,Active,0,0,1,850,""
58.189999999996992,"PROTECT","保护MAGIC-01",ProtectAircraft,Active,0,0,1,850,""
58.189999999996992,"ESCORT_EGRESS","护送至撤离点",ReachWaypoint,Active,0,0,1,850,""
58.389999999996952,"PROTECT","保护MAGIC-01",ProtectAircraft,Active,0,0,1,850,""
58.389999999996952,"ESCORT_EGRESS","护送至撤离点",ReachWaypoint,Active,0,0,1,850,""
58.589999999996913,"PROTECT","保护MAGIC-01",ProtectAircraft,Active,0,0,1,850,""
58.589999999996913,"ESCORT_EGRESS","护送至撤离点",ReachWaypoint,Active,0,0,1,850,""
58.789999999996873,"PROTECT","保护MAGIC-01",ProtectAircraft,Active,0,0,1,850,""
58.789999999996873,"ESCORT_EGRESS","护送至撤离点",ReachWaypoint,Active,0,0,1,850,""
58.989999999996833,"PROTECT","保护MAGIC-01",ProtectAircraft,Active,0,0,1,850,""
58.989999999996833,"ESCORT_EGRESS","护送至撤离点",ReachWaypoint,Active,0,0,1,850,""
59.189999999996793,"PROTECT","保护MAGIC-01",ProtectAircraft,Active,0,0,1,850,""
59.189999999996793,"ESCORT_EGRESS","护送至撤离点",ReachWaypoint,Active,0,0,1,850,""
59.389999999996753,"PROTECT","保护MAGIC-01",ProtectAircraft,Active,0,0,1,850,""
59.389999999996753,"ESCORT_EGRESS","护送至撤离点",ReachWaypoint,Active,0,0,1,850,""
59.589999999996714,"PROTECT","保护MAGIC-01",ProtectAircraft,Active,0,0,1,850,""
59.589999999996714,"ESCORT_EGRESS","护送至撤离点",ReachWaypoint,Active,0,0,1,850,""
59.789999999996674,"PROTECT","保护MAGIC-01",ProtectAircraft,Active,0,0,1,850,""
59.789999999996674,"ESCORT_EGRESS","护送至撤离点",ReachWaypoint,Active,0,0,1,850,""
59.989999999996634,"PROTECT","保护MAGIC-01",ProtectAircraft,Active,0,0,1,850,""
59.989999999996634,"ESCORT_EGRESS","护送至撤离点",ReachWaypoint,Active,0,0,1,850,""
60.189999999996594,"PROTECT","保护MAGIC-01",ProtectAircraft,Active,0,0,1,850,""
60.189999999996594,"ESCORT_EGRESS","护送至撤离点",ReachWaypoint,Active,0,0,1,850,""
60.389999999996554,"PROTECT","保护MAGIC-01",ProtectAircraft,Active,0,0,1,850,""
60.389999999996554,"ESCORT_EGRESS","护送至撤离点",ReachWaypoint,Active,0,0,1,850,""
60.589999999996515,"PROTECT","保护MAGIC-01",ProtectAircraft,Active,0,0,1,850,""
60.589999999996515,"ESCORT_EGRESS","护送至撤离点",ReachWaypoint,Active,0,0,1,850,""
60.789999999996475,"PROTECT","保护MAGIC-01",ProtectAircraft,Active,0,0,1,850,""
60.789999999996475,"ESCORT_EGRESS","护送至撤离点",ReachWaypoint,Active,0,0,1,850,""
60.989999999996435,"PROTECT","保护MAGIC-01",ProtectAircraft,Active,0,0,1,850,""
60.989999999996435,"ESCORT_EGRESS","护送至撤离点",ReachWaypoint,Active,0,0,1,850,""
61.189999999996395,"PROTECT","保护MAGIC-01",ProtectAircraft,Active,0,0,1,850,""
61.189999999996395,"ESCORT_EGRESS","护送至撤离点",ReachWaypoint,Active,0,0,1,850,""
61.389999999996355,"PROTECT","保护MAGIC-01",ProtectAircraft,Active,0,0,1,850,""
61.389999999996355,"ESCORT_EGRESS","护送至撤离点",ReachWaypoint,Active,0,0,1,850,""
61.589999999996316,"PROTECT","保护MAGIC-01",ProtectAircraft,Active,0,0,1,850,""
61.589999999996316,"ESCORT_EGRESS","护送至撤离点",ReachWaypoint,Active,0,0,1,850,""
61.789999999996276,"PROTECT","保护MAGIC-01",ProtectAircraft,Active,0,0,1,850,""
61.789999999996276,"ESCORT_EGRESS","护送至撤离点",ReachWaypoint,Active,0,0,1,850,""
61.989999999996236,"PROTECT","保护MAGIC-01",ProtectAircraft,Active,0,0,1,850,""
61.989999999996236,"ESCORT_EGRESS","护送至撤离点",ReachWaypoint,Active,0,0,1,850,""
62.189999999996196,"PROTECT","保护MAGIC-01",ProtectAircraft,Active,0,0,1,850,""
62.189999999996196,"ESCORT_EGRESS","护送至撤离点",ReachWaypoint,Active,0,0,1,850,""
62.389999999996157,"PROTECT","保护MAGIC-01",ProtectAircraft,Active,0,0,1,850,""
62.389999999996157,"ESCORT_EGRESS","护送至撤离点",ReachWaypoint,Active,0,0,1,850,""
62.589999999996117,"PROTECT","保护MAGIC-01",ProtectAircraft,Active,0,0,1,850,""
62.589999999996117,"ESCORT_EGRESS","护送至撤离点",ReachWaypoint,Active,0,0,1,850,""
62.789999999996077,"PROTECT","保护MAGIC-01",ProtectAircraft,Active,0,0,1,850,""
62.789999999996077,"ESCORT_EGRESS","护送至撤离点",ReachWaypoint,Active,0,0,1,850,""
62.989999999996037,"PROTECT","保护MAGIC-01",ProtectAircraft,Active,0,0,1,850,""
62.989999999996037,"ESCORT_EGRESS","护送至撤离点",ReachWaypoint,Active,0,0,1,850,""
63.189999999996,"PROTECT","保护MAGIC-01",ProtectAircraft,Active,0,0,1,850,""
63.189999999996,"ESCORT_EGRESS","护送至撤离点",ReachWaypoint,Active,0,0,1,850,""
63.389999999995958,"PROTECT","保护MAGIC-01",ProtectAircraft,Active,0,0,1,850,""
63.389999999995958,"ESCORT_EGRESS","护送至撤离点",ReachWaypoint,Active,0,0,1,850,""
63.589999999995918,"PROTECT","保护MAGIC-01",ProtectAircraft,Active,0,0,1,850,""
63.589999999995918,"ESCORT_EGRESS","护送至撤离点",ReachWaypoint,Active,0,0,1,850,""
63.789999999995878,"PROTECT","保护MAGIC-01",ProtectAircraft,Active,0,0,1,850,""
63.789999999995878,"ESCORT_EGRESS","护送至撤离点",ReachWaypoint,Active,0,0,1,850,""
63.989999999995838,"PROTECT","保护MAGIC-01",ProtectAircraft,Active,0,0,1,850,""
63.989999999995838,"ESCORT_EGRESS","护送至撤离点",ReachWaypoint,Active,0,0,1,850,""
64.189999999995933,"PROTECT","保护MAGIC-01",ProtectAircraft,Active,0,0,1,850,""
64.189999999995933,"ESCORT_EGRESS","护送至撤离点",ReachWaypoint,Active,0,0,1,850,""
64.389999999996036,"PROTECT","保护MAGIC-01",ProtectAircraft,Active,0,0,1,850,""
64.389999999996036,"ESCORT_EGRESS","护送至撤离点",ReachWaypoint,Active,0,0,1,850,""
64.589999999996138,"PROTECT","保护MAGIC-01",ProtectAircraft,Active,0,0,1,850,""
64.589999999996138,"ESCORT_EGRESS","护送至撤离点",ReachWaypoint,Active,0,0,1,850,""
64.78999999999624,"PROTECT","保护MAGIC-01",ProtectAircraft,Active,0,0,1,850,""
64.78999999999624,"ESCORT_EGRESS","护送至撤离点",ReachWaypoint,Active,0,0,1,850,""
64.989999999996343,"PROTECT","保护MAGIC-01",ProtectAircraft,Active,0,0,1,850,""
64.989999999996343,"ESCORT_EGRESS","护送至撤离点",ReachWaypoint,Active,0,0,1,850,""
65.189999999996445,"PROTECT","保护MAGIC-01",ProtectAircraft,Active,0,0,1,850,""
65.189999999996445,"ESCORT_EGRESS","护送至撤离点",ReachWaypoint,Active,0,0,1,850,""
65.389999999996547,"PROTECT","保护MAGIC-01",ProtectAircraft,Active,0,0,1,850,""
65.389999999996547,"ESCORT_EGRESS","护送至撤离点",ReachWaypoint,Active,0,0,1,850,""
65.58999999999665,"PROTECT","保护MAGIC-01",ProtectAircraft,Active,0,0,1,850,""
65.58999999999665,"ESCORT_EGRESS","护送至撤离点",ReachWaypoint,Active,0,0,1,850,""
65.789999999996752,"PROTECT","保护MAGIC-01",ProtectAircraft,Active,0,0,1,850,""
65.789999999996752,"ESCORT_EGRESS","护送至撤离点",ReachWaypoint,Active,0,0,1,850,""
65.989999999996854,"PROTECT","保护MAGIC-01",ProtectAircraft,Active,0,0,1,850,""
65.989999999996854,"ESCORT_EGRESS","护送至撤离点",ReachWaypoint,Active,0,0,1,850,""
66.189999999996957,"PROTECT","保护MAGIC-01",ProtectAircraft,Active,0,0,1,850,""
66.189999999996957,"ESCORT_EGRESS","护送至撤离点",ReachWaypoint,Active,0,0,1,850,""
66.389999999997059,"PROTECT","保护MAGIC-01",ProtectAircraft,Active,0,0,1,850,""
66.389999999997059,"ESCORT_EGRESS","护送至撤离点",ReachWaypoint,Active,0,0,1,850,""
66.589999999997161,"PROTECT","保护MAGIC-01",ProtectAircraft,Active,0,0,1,850,""
66.589999999997161,"ESCORT_EGRESS","护送至撤离点",ReachWaypoint,Active,0,0,1,850,""
66.789999999997264,"PROTECT","保护MAGIC-01",ProtectAircraft,Active,0,0,1,850,""
66.789999999997264,"ESCORT_EGRESS","护送至撤离点",ReachWaypoint,Active,0,0,1,850,""
66.989999999997366,"PROTECT","保护MAGIC-01",ProtectAircraft,Active,0,0,1,850,""
66.989999999997366,"ESCORT_EGRESS","护送至撤离点",ReachWaypoint,Active,0,0,1,850,""
67.189999999997468,"PROTECT","保护MAGIC-01",ProtectAircraft,Active,0,0,1,850,""
67.189999999997468,"ESCORT_EGRESS","护送至撤离点",ReachWaypoint,Active,0,0,1,850,""
67.389999999997571,"PROTECT","保护MAGIC-01",ProtectAircraft,Active,0,0,1,850,""
67.389999999997571,"ESCORT_EGRESS","护送至撤离点",ReachWaypoint,Active,0,0,1,850,""
67.589999999997673,"PROTECT","保护MAGIC-01",ProtectAircraft,Active,0,0,1,850,""
67.589999999997673,"ESCORT_EGRESS","护送至撤离点",ReachWaypoint,Active,0,0,1,850,""
67.789999999997775,"PROTECT","保护MAGIC-01",ProtectAircraft,Active,0,0,1,850,""
67.789999999997775,"ESCORT_EGRESS","护送至撤离点",ReachWaypoint,Active,0,0,1,850,""
67.989999999997877,"PROTECT","保护MAGIC-01",ProtectAircraft,Active,0,0,1,850,""
67.989999999997877,"ESCORT_EGRESS","护送至撤离点",ReachWaypoint,Active,0,0,1,850,""
68.18999999999798,"PROTECT","保护MAGIC-01",ProtectAircraft,Active,0,0,1,850,""
68.18999999999798,"ESCORT_EGRESS","护送至撤离点",ReachWaypoint,Active,0,0,1,850,""
68.389999999998082,"PROTECT","保护MAGIC-01",ProtectAircraft,Active,0,0,1,850,""
68.389999999998082,"ESCORT_EGRESS","护送至撤离点",ReachWaypoint,Active,0,0,1,850,""
68.589999999998184,"PROTECT","保护MAGIC-01",ProtectAircraft,Active,0,0,1,850,""
68.589999999998184,"ESCORT_EGRESS","护送至撤离点",ReachWaypoint,Active,0,0,1,850,""
68.789999999998287,"PROTECT","保护MAGIC-01",ProtectAircraft,Active,0,0,1,850,""
68.789999999998287,"ESCORT_EGRESS","护送至撤离点",ReachWaypoint,Active,0,0,1,850,""
68.989999999998389,"PROTECT","保护MAGIC-01",ProtectAircraft,Active,0,0,1,850,""
68.989999999998389,"ESCORT_EGRESS","护送至撤离点",ReachWaypoint,Active,0,0,1,850,""
69.189999999998491,"PROTECT","保护MAGIC-01",ProtectAircraft,Active,0,0,1,850,""
69.189999999998491,"ESCORT_EGRESS","护送至撤离点",ReachWaypoint,Active,0,0,1,850,""
69.3899999999986,"PROTECT","保护MAGIC-01",ProtectAircraft,Active,0,0,1,850,""
69.3899999999986,"ESCORT_EGRESS","护送至撤离点",ReachWaypoint,Active,0,0,1,850,""
69.5899999999987,"PROTECT","保护MAGIC-01",ProtectAircraft,Active,0,0,1,850,""
69.5899999999987,"ESCORT_EGRESS","护送至撤离点",ReachWaypoint,Active,0,0,1,850,""
69.7899999999988,"PROTECT","保护MAGIC-01",ProtectAircraft,Active,0,0,1,850,""
69.7899999999988,"ESCORT_EGRESS","护送至撤离点",ReachWaypoint,Active,0,0,1,850,""
69.9899999999989,"PROTECT","保护MAGIC-01",ProtectAircraft,Active,0,0,1,850,""
69.9899999999989,"ESCORT_EGRESS","护送至撤离点",ReachWaypoint,Active,0,0,1,850,""
70.189999999999,"PROTECT","保护MAGIC-01",ProtectAircraft,Active,0,0,1,850,""
70.189999999999,"ESCORT_EGRESS","护送至撤离点",ReachWaypoint,Active,0,0,1,850,""
70.3899999999991,"PROTECT","保护MAGIC-01",ProtectAircraft,Active,0,0,1,850,""
70.3899999999991,"ESCORT_EGRESS","护送至撤离点",ReachWaypoint,Active,0,0,1,850,""
70.589999999999208,"PROTECT","保护MAGIC-01",ProtectAircraft,Active,0,0,1,850,""
70.589999999999208,"ESCORT_EGRESS","护送至撤离点",ReachWaypoint,Active,0,0,1,850,""
70.78999999999931,"PROTECT","保护MAGIC-01",ProtectAircraft,Active,0,0,1,850,""
70.78999999999931,"ESCORT_EGRESS","护送至撤离点",ReachWaypoint,Active,0,0,1,850,""
70.989999999999412,"PROTECT","保护MAGIC-01",ProtectAircraft,Active,0,0,1,850,""
70.989999999999412,"ESCORT_EGRESS","护送至撤离点",ReachWaypoint,Active,0,0,1,850,""
71.189999999999515,"PROTECT","保护MAGIC-01",ProtectAircraft,Active,0,0,1,850,""
71.189999999999515,"ESCORT_EGRESS","护送至撤离点",ReachWaypoint,Active,0,0,1,850,""
71.389999999999617,"PROTECT","保护MAGIC-01",ProtectAircraft,Active,0,0,1,850,""
71.389999999999617,"ESCORT_EGRESS","护送至撤离点",ReachWaypoint,Active,0,0,1,850,""
71.589999999999719,"PROTECT","保护MAGIC-01",ProtectAircraft,Active,0,0,1,850,""
71.589999999999719,"ESCORT_EGRESS","护送至撤离点",ReachWaypoint,Active,0,0,1,850,""
71.789999999999822,"PROTECT","保护MAGIC-01",ProtectAircraft,Active,0,0,1,850,""
71.789999999999822,"ESCORT_EGRESS","护送至撤离点",ReachWaypoint,Active,0,0,1,850,""
71.989999999999924,"PROTECT","保护MAGIC-01",ProtectAircraft,Active,0,0,1,850,""
71.989999999999924,"ESCORT_EGRESS","护送至撤离点",ReachWaypoint,Active,0,0,1,850,""
72.190000000000026,"PROTECT","保护MAGIC-01",ProtectAircraft,Active,0,0,1,850,""
72.190000000000026,"ESCORT_EGRESS","护送至撤离点",ReachWaypoint,Active,0,0,1,850,""
72.390000000000128,"PROTECT","保护MAGIC-01",ProtectAircraft,Active,0,0,1,850,""
72.390000000000128,"ESCORT_EGRESS","护送至撤离点",ReachWaypoint,Active,0,0,1,850,""
72.590000000000231,"PROTECT","保护MAGIC-01",ProtectAircraft,Active,0,0,1,850,""
72.590000000000231,"ESCORT_EGRESS","护送至撤离点",ReachWaypoint,Active,0,0,1,850,""
72.790000000000333,"PROTECT","保护MAGIC-01",ProtectAircraft,Active,0,0,1,850,""
72.790000000000333,"ESCORT_EGRESS","护送至撤离点",ReachWaypoint,Active,0,0,1,850,""
72.990000000000435,"PROTECT","保护MAGIC-01",ProtectAircraft,Active,0,0,1,850,""
72.990000000000435,"ESCORT_EGRESS","护送至撤离点",ReachWaypoint,Active,0,0,1,850,""
73.190000000000538,"PROTECT","保护MAGIC-01",ProtectAircraft,Active,0,0,1,850,""
73.190000000000538,"ESCORT_EGRESS","护送至撤离点",ReachWaypoint,Active,0,0,1,850,""
73.39000000000064,"PROTECT","保护MAGIC-01",ProtectAircraft,Active,0,0,1,850,""
73.39000000000064,"ESCORT_EGRESS","护送至撤离点",ReachWaypoint,Active,0,0,1,850,""
73.590000000000742,"PROTECT","保护MAGIC-01",ProtectAircraft,Active,0,0,1,850,""
73.590000000000742,"ESCORT_EGRESS","护送至撤离点",ReachWaypoint,Active,0,0,1,850,""
73.790000000000845,"PROTECT","保护MAGIC-01",ProtectAircraft,Active,0,0,1,850,""
73.790000000000845,"ESCORT_EGRESS","护送至撤离点",ReachWaypoint,Active,0,0,1,850,""
73.990000000000947,"PROTECT","保护MAGIC-01",ProtectAircraft,Active,0,0,1,850,""
73.990000000000947,"ESCORT_EGRESS","护送至撤离点",ReachWaypoint,Active,0,0,1,850,""
74.190000000001049,"PROTECT","保护MAGIC-01",ProtectAircraft,Active,0,0,1,850,""
74.190000000001049,"ESCORT_EGRESS","护送至撤离点",ReachWaypoint,Active,0,0,1,850,""
74.390000000001152,"PROTECT","保护MAGIC-01",ProtectAircraft,Active,0,0,1,850,""
74.390000000001152,"ESCORT_EGRESS","护送至撤离点",ReachWaypoint,Active,0,0,1,850,""
74.590000000001254,"PROTECT","保护MAGIC-01",ProtectAircraft,Active,0,0,1,850,""
74.590000000001254,"ESCORT_EGRESS","护送至撤离点",ReachWaypoint,Active,0,0,1,850,""
74.790000000001356,"PROTECT","保护MAGIC-01",ProtectAircraft,Active,0,0,1,850,""
74.790000000001356,"ESCORT_EGRESS","护送至撤离点",ReachWaypoint,Active,0,0,1,850,""
74.990000000001459,"PROTECT","保护MAGIC-01",ProtectAircraft,Active,0,0,1,850,""
74.990000000001459,"ESCORT_EGRESS","护送至撤离点",ReachWaypoint,Active,0,0,1,850,""
75.190000000001561,"PROTECT","保护MAGIC-01",ProtectAircraft,Active,0,0,1,850,""
75.190000000001561,"ESCORT_EGRESS","护送至撤离点",ReachWaypoint,Active,0,0,1,850,""
75.390000000001663,"PROTECT","保护MAGIC-01",ProtectAircraft,Active,0,0,1,850,""
75.390000000001663,"ESCORT_EGRESS","护送至撤离点",ReachWaypoint,Active,0,0,1,850,""
75.590000000001766,"PROTECT","保护MAGIC-01",ProtectAircraft,Active,0,0,1,850,""
75.590000000001766,"ESCORT_EGRESS","护送至撤离点",ReachWaypoint,Active,0,0,1,850,""
75.790000000001868,"PROTECT","保护MAGIC-01",ProtectAircraft,Active,0,0,1,850,""
75.790000000001868,"ESCORT_EGRESS","护送至撤离点",ReachWaypoint,Active,0,0,1,850,""
75.99000000000197,"PROTECT","保护MAGIC-01",ProtectAircraft,Active,0,0,1,850,""
75.99000000000197,"ESCORT_EGRESS","护送至撤离点",ReachWaypoint,Active,0,0,1,850,""
76.190000000002073,"PROTECT","保护MAGIC-01",ProtectAircraft,Active,0,0,1,850,""
76.190000000002073,"ESCORT_EGRESS","护送至撤离点",ReachWaypoint,Active,0,0,1,850,""
76.390000000002175,"PROTECT","保护MAGIC-01",ProtectAircraft,Active,0,0,1,850,""
76.390000000002175,"ESCORT_EGRESS","护送至撤离点",ReachWaypoint,Active,0,0,1,850,""
76.590000000002277,"PROTECT","保护MAGIC-01",ProtectAircraft,Active,0,0,1,850,""
76.590000000002277,"ESCORT_EGRESS","护送至撤离点",ReachWaypoint,Active,0,0,1,850,""
76.790000000002379,"PROTECT","保护MAGIC-01",ProtectAircraft,Active,0,0,1,850,""
76.790000000002379,"ESCORT_EGRESS","护送至撤离点",ReachWaypoint,Active,0,0,1,850,""
76.990000000002482,"PROTECT","保护MAGIC-01",ProtectAircraft,Active,0,0,1,850,""
76.990000000002482,"ESCORT_EGRESS","护送至撤离点",ReachWaypoint,Active,0,0,1,850,""
77.190000000002584,"PROTECT","保护MAGIC-01",ProtectAircraft,Active,0,0,1,850,""
77.190000000002584,"ESCORT_EGRESS","护送至撤离点",ReachWaypoint,Active,0,0,1,850,""
77.390000000002686,"PROTECT","保护MAGIC-01",ProtectAircraft,Active,0,0,1,850,""
77.390000000002686,"ESCORT_EGRESS","护送至撤离点",ReachWaypoint,Active,0,0,1,850,""
77.590000000002789,"PROTECT","保护MAGIC-01",ProtectAircraft,Active,0,0,1,850,""
77.590000000002789,"ESCORT_EGRESS","护送至撤离点",ReachWaypoint,Active,0,0,1,850,""
77.790000000002891,"PROTECT","保护MAGIC-01",ProtectAircraft,Active,0,0,1,850,""
77.790000000002891,"ESCORT_EGRESS","护送至撤离点",ReachWaypoint,Active,0,0,1,850,""
77.990000000003,"PROTECT","保护MAGIC-01",ProtectAircraft,Active,0,0,1,850,""
77.990000000003,"ESCORT_EGRESS","护送至撤离点",ReachWaypoint,Active,0,0,1,850,""
78.1900000000031,"PROTECT","保护MAGIC-01",ProtectAircraft,Active,0,0,1,850,""
78.1900000000031,"ESCORT_EGRESS","护送至撤离点",ReachWaypoint,Active,0,0,1,850,""
78.3900000000032,"PROTECT","保护MAGIC-01",ProtectAircraft,Active,0,0,1,850,""
78.3900000000032,"ESCORT_EGRESS","护送至撤离点",ReachWaypoint,Active,0,0,1,850,""
78.5900000000033,"PROTECT","保护MAGIC-01",ProtectAircraft,Active,0,0,1,850,""
78.5900000000033,"ESCORT_EGRESS","护送至撤离点",ReachWaypoint,Active,0,0,1,850,""
78.7900000000034,"PROTECT","保护MAGIC-01",ProtectAircraft,Active,0,0,1,850,""
78.7900000000034,"ESCORT_EGRESS","护送至撤离点",ReachWaypoint,Active,0,0,1,850,""
78.9900000000035,"PROTECT","保护MAGIC-01",ProtectAircraft,Active,0,0,1,850,""
78.9900000000035,"ESCORT_EGRESS","护送至撤离点",ReachWaypoint,Active,0,0,1,850,""
79.190000000003607,"PROTECT","保护MAGIC-01",ProtectAircraft,Active,0,0,1,850,""
79.190000000003607,"ESCORT_EGRESS","护送至撤离点",ReachWaypoint,Active,0,0,1,850,""
79.39000000000371,"PROTECT","保护MAGIC-01",ProtectAircraft,Active,0,0,1,850,""
79.39000000000371,"ESCORT_EGRESS","护送至撤离点",ReachWaypoint,Active,0,0,1,850,""
79.590000000003812,"PROTECT","保护MAGIC-01",ProtectAircraft,Active,0,0,1,850,""
79.590000000003812,"ESCORT_EGRESS","护送至撤离点",ReachWaypoint,Active,0,0,1,850,""
79.790000000003914,"PROTECT","保护MAGIC-01",ProtectAircraft,Active,0,0,1,850,""
79.790000000003914,"ESCORT_EGRESS","护送至撤离点",ReachWaypoint,Active,0,0,1,850,""
79.990000000004017,"PROTECT","保护MAGIC-01",ProtectAircraft,Active,0,0,1,850,""
79.990000000004017,"ESCORT_EGRESS","护送至撤离点",ReachWaypoint,Active,0,0,1,850,""
80.190000000004119,"PROTECT","保护MAGIC-01",ProtectAircraft,Active,0,0,1,850,""
80.190000000004119,"ESCORT_EGRESS","护送至撤离点",ReachWaypoint,Active,0,0,1,850,""
80.390000000004221,"PROTECT","保护MAGIC-01",ProtectAircraft,Active,0,0,1,850,""
80.390000000004221,"ESCORT_EGRESS","护送至撤离点",ReachWaypoint,Active,0,0,1,850,""
80.590000000004324,"PROTECT","保护MAGIC-01",ProtectAircraft,Active,0,0,1,850,""
80.590000000004324,"ESCORT_EGRESS","护送至撤离点",ReachWaypoint,Active,0,0,1,850,""
80.790000000004426,"PROTECT","保护MAGIC-01",ProtectAircraft,Active,0,0,1,850,""
80.790000000004426,"ESCORT_EGRESS","护送至撤离点",ReachWaypoint,Active,0,0,1,850,""
80.990000000004528,"PROTECT","保护MAGIC-01",ProtectAircraft,Active,0,0,1,850,""
80.990000000004528,"ESCORT_EGRESS","护送至撤离点",ReachWaypoint,Active,0,0,1,850,""
81.19000000000463,"PROTECT","保护MAGIC-01",ProtectAircraft,Active,0,0,1,850,""
81.19000000000463,"ESCORT_EGRESS","护送至撤离点",ReachWaypoint,Active,0,0,1,850,""
81.390000000004733,"PROTECT","保护MAGIC-01",ProtectAircraft,Active,0,0,1,850,""
81.390000000004733,"ESCORT_EGRESS","护送至撤离点",ReachWaypoint,Active,0,0,1,850,""
81.590000000004835,"PROTECT","保护MAGIC-01",ProtectAircraft,Active,0,0,1,850,""
81.590000000004835,"ESCORT_EGRESS","护送至撤离点",ReachWaypoint,Active,0,0,1,850,""
81.790000000004937,"PROTECT","保护MAGIC-01",ProtectAircraft,Active,0,0,1,850,""
81.790000000004937,"ESCORT_EGRESS","护送至撤离点",ReachWaypoint,Active,0,0,1,850,""
81.99000000000504,"PROTECT","保护MAGIC-01",ProtectAircraft,Active,0,0,1,850,""
81.99000000000504,"ESCORT_EGRESS","护送至撤离点",ReachWaypoint,Active,0,0,1,850,""
82.190000000005142,"PROTECT","保护MAGIC-01",ProtectAircraft,Active,0,0,1,850,""
82.190000000005142,"ESCORT_EGRESS","护送至撤离点",ReachWaypoint,Active,0,0,1,850,""
82.390000000005244,"PROTECT","保护MAGIC-01",ProtectAircraft,Active,0,0,1,850,""
82.390000000005244,"ESCORT_EGRESS","护送至撤离点",ReachWaypoint,Active,0,0,1,850,""
82.590000000005347,"PROTECT","保护MAGIC-01",ProtectAircraft,Active,0,0,1,850,""
82.590000000005347,"ESCORT_EGRESS","护送至撤离点",ReachWaypoint,Active,0,0,1,850,""
82.790000000005449,"PROTECT","保护MAGIC-01",ProtectAircraft,Active,0,0,1,850,""
82.790000000005449,"ESCORT_EGRESS","护送至撤离点",ReachWaypoint,Active,0,0,1,850,""
82.990000000005551,"PROTECT","保护MAGIC-01",ProtectAircraft,Active,0,0,1,850,""
82.990000000005551,"ESCORT_EGRESS","护送至撤离点",ReachWaypoint,Active,0,0,1,850,""
83.190000000005654,"PROTECT","保护MAGIC-01",ProtectAircraft,Active,0,0,1,850,""
83.190000000005654,"ESCORT_EGRESS","护送至撤离点",ReachWaypoint,Active,0,0,1,850,""
83.390000000005756,"PROTECT","保护MAGIC-01",ProtectAircraft,Active,0,0,1,850,""
83.390000000005756,"ESCORT_EGRESS","护送至撤离点",ReachWaypoint,Active,0,0,1,850,""
83.590000000005858,"PROTECT","保护MAGIC-01",ProtectAircraft,Active,0,0,1,850,""
83.590000000005858,"ESCORT_EGRESS","护送至撤离点",ReachWaypoint,Active,0,0,1,850,""
83.790000000005961,"PROTECT","保护MAGIC-01",ProtectAircraft,Active,0,0,1,850,""
83.790000000005961,"ESCORT_EGRESS","护送至撤离点",ReachWaypoint,Active,0,0,1,850,""
83.990000000006063,"PROTECT","保护MAGIC-01",ProtectAircraft,Active,0,0,1,850,""
83.990000000006063,"ESCORT_EGRESS","护送至撤离点",ReachWaypoint,Active,0,0,1,850,""
84.190000000006165,"PROTECT","保护MAGIC-01",ProtectAircraft,Active,0,0,1,850,""
84.190000000006165,"ESCORT_EGRESS","护送至撤离点",ReachWaypoint,Active,0,0,1,850,""
84.390000000006268,"PROTECT","保护MAGIC-01",ProtectAircraft,Active,0,0,1,850,""
84.390000000006268,"ESCORT_EGRESS","护送至撤离点",ReachWaypoint,Active,0,0,1,850,""
84.59000000000637,"PROTECT","保护MAGIC-01",ProtectAircraft,Active,0,0,1,850,""
84.59000000000637,"ESCORT_EGRESS","护送至撤离点",ReachWaypoint,Active,0,0,1,850,""
84.790000000006472,"PROTECT","保护MAGIC-01",ProtectAircraft,Active,0,0,1,850,""
84.790000000006472,"ESCORT_EGRESS","护送至撤离点",ReachWaypoint,Active,0,0,1,850,""
84.990000000006575,"PROTECT","保护MAGIC-01",ProtectAircraft,Active,0,0,1,850,""
84.990000000006575,"ESCORT_EGRESS","护送至撤离点",ReachWaypoint,Active,0,0,1,850,""
85.190000000006677,"PROTECT","保护MAGIC-01",ProtectAircraft,Active,0,0,1,850,""
85.190000000006677,"ESCORT_EGRESS","护送至撤离点",ReachWaypoint,Active,0,0,1,850,""
85.390000000006779,"PROTECT","保护MAGIC-01",ProtectAircraft,Active,0,0,1,850,""
85.390000000006779,"ESCORT_EGRESS","护送至撤离点",ReachWaypoint,Active,0,0,1,850,""
85.590000000006881,"PROTECT","保护MAGIC-01",ProtectAircraft,Active,0,0,1,850,""
85.590000000006881,"ESCORT_EGRESS","护送至撤离点",ReachWaypoint,Active,0,0,1,850,""
85.790000000006984,"PROTECT","保护MAGIC-01",ProtectAircraft,Active,0,0,1,850,""
85.790000000006984,"ESCORT_EGRESS","护送至撤离点",ReachWaypoint,Active,0,0,1,850,""
85.990000000007086,"PROTECT","保护MAGIC-01",ProtectAircraft,Active,0,0,1,850,""
85.990000000007086,"ESCORT_EGRESS","护送至撤离点",ReachWaypoint,Active,0,0,1,850,""
86.190000000007188,"PROTECT","保护MAGIC-01",ProtectAircraft,Active,0,0,1,850,""
86.190000000007188,"ESCORT_EGRESS","护送至撤离点",ReachWaypoint,Active,0,0,1,850,""
86.390000000007291,"PROTECT","保护MAGIC-01",ProtectAircraft,Active,0,0,1,850,""
86.390000000007291,"ESCORT_EGRESS","护送至撤离点",ReachWaypoint,Active,0,0,1,850,""
86.5900000000074,"PROTECT","保护MAGIC-01",ProtectAircraft,Active,0,0,1,850,""
86.5900000000074,"ESCORT_EGRESS","护送至撤离点",ReachWaypoint,Active,0,0,1,850,""
86.7900000000075,"PROTECT","保护MAGIC-01",ProtectAircraft,Active,0,0,1,850,""
86.7900000000075,"ESCORT_EGRESS","护送至撤离点",ReachWaypoint,Active,0,0,1,850,""
86.9900000000076,"PROTECT","保护MAGIC-01",ProtectAircraft,Active,0,0,1,850,""
86.9900000000076,"ESCORT_EGRESS","护送至撤离点",ReachWaypoint,Active,0,0,1,850,""
87.1900000000077,"PROTECT","保护MAGIC-01",ProtectAircraft,Active,0,0,1,850,""
87.1900000000077,"ESCORT_EGRESS","护送至撤离点",ReachWaypoint,Active,0,0,1,850,""
87.3900000000078,"PROTECT","保护MAGIC-01",ProtectAircraft,Active,0,0,1,850,""
87.3900000000078,"ESCORT_EGRESS","护送至撤离点",ReachWaypoint,Active,0,0,1,850,""
87.5900000000079,"PROTECT","保护MAGIC-01",ProtectAircraft,Active,0,0,1,850,""
87.5900000000079,"ESCORT_EGRESS","护送至撤离点",ReachWaypoint,Active,0,0,1,850,""
87.790000000008,"PROTECT","保护MAGIC-01",ProtectAircraft,Active,0,0,1,850,""
87.790000000008,"ESCORT_EGRESS","护送至撤离点",ReachWaypoint,Active,0,0,1,850,""
87.990000000008109,"PROTECT","保护MAGIC-01",ProtectAircraft,Active,0,0,1,850,""
87.990000000008109,"ESCORT_EGRESS","护送至撤离点",ReachWaypoint,Active,0,0,1,850,""
88.190000000008212,"PROTECT","保护MAGIC-01",ProtectAircraft,Active,0,0,1,850,""
88.190000000008212,"ESCORT_EGRESS","护送至撤离点",ReachWaypoint,Active,0,0,1,850,""
88.390000000008314,"PROTECT","保护MAGIC-01",ProtectAircraft,Active,0,0,1,850,""
88.390000000008314,"ESCORT_EGRESS","护送至撤离点",ReachWaypoint,Active,0,0,1,850,""
88.590000000008416,"PROTECT","保护MAGIC-01",ProtectAircraft,Active,0,0,1,850,""
88.590000000008416,"ESCORT_EGRESS","护送至撤离点",ReachWaypoint,Active,0,0,1,850,""
88.790000000008519,"PROTECT","保护MAGIC-01",ProtectAircraft,Active,0,0,1,850,""
88.790000000008519,"ESCORT_EGRESS","护送至撤离点",ReachWaypoint,Active,0,0,1,850,""
88.990000000008621,"PROTECT","保护MAGIC-01",ProtectAircraft,Active,0,0,1,850,""
88.990000000008621,"ESCORT_EGRESS","护送至撤离点",ReachWaypoint,Active,0,0,1,850,""
89.190000000008723,"PROTECT","保护MAGIC-01",ProtectAircraft,Active,0,0,1,850,""
89.190000000008723,"ESCORT_EGRESS","护送至撤离点",ReachWaypoint,Active,0,0,1,850,""
89.390000000008826,"PROTECT","保护MAGIC-01",ProtectAircraft,Active,0,0,1,850,""
89.390000000008826,"ESCORT_EGRESS","护送至撤离点",ReachWaypoint,Active,0,0,1,850,""
89.590000000008928,"PROTECT","保护MAGIC-01",ProtectAircraft,Active,0,0,1,850,""
89.590000000008928,"ESCORT_EGRESS","护送至撤离点",ReachWaypoint,Active,0,0,1,850,""
89.79000000000903,"PROTECT","保护MAGIC-01",ProtectAircraft,Active,0,0,1,850,""
89.79000000000903,"ESCORT_EGRESS","护送至撤离点",ReachWaypoint,Active,0,0,1,850,""
89.990000000009132,"PROTECT","保护MAGIC-01",ProtectAircraft,Active,0,0,1,850,""
89.990000000009132,"ESCORT_EGRESS","护送至撤离点",ReachWaypoint,Active,0,0,1,850,""
90.190000000009235,"PROTECT","保护MAGIC-01",ProtectAircraft,Active,0,0,1,850,""
90.190000000009235,"ESCORT_EGRESS","护送至撤离点",ReachWaypoint,Active,0,0,1,850,""
90.390000000009337,"PROTECT","保护MAGIC-01",ProtectAircraft,Active,0,0,1,850,""
90.390000000009337,"ESCORT_EGRESS","护送至撤离点",ReachWaypoint,Active,0,0,1,850,""
90.590000000009439,"PROTECT","保护MAGIC-01",ProtectAircraft,Active,0,0,1,850,""
90.590000000009439,"ESCORT_EGRESS","护送至撤离点",ReachWaypoint,Active,0,0,1,850,""
90.790000000009542,"PROTECT","保护MAGIC-01",ProtectAircraft,Active,0,0,1,850,""
90.790000000009542,"ESCORT_EGRESS","护送至撤离点",ReachWaypoint,Active,0,0,1,850,""
90.990000000009644,"PROTECT","保护MAGIC-01",ProtectAircraft,Active,0,0,1,850,""
90.990000000009644,"ESCORT_EGRESS","护送至撤离点",ReachWaypoint,Active,0,0,1,850,""
91.190000000009746,"PROTECT","保护MAGIC-01",ProtectAircraft,Active,0,0,1,850,""
91.190000000009746,"ESCORT_EGRESS","护送至撤离点",ReachWaypoint,Active,0,0,1,850,""
91.390000000009849,"PROTECT","保护MAGIC-01",ProtectAircraft,Active,0,0,1,850,""
91.390000000009849,"ESCORT_EGRESS","护送至撤离点",ReachWaypoint,Active,0,0,1,850,""
91.590000000009951,"PROTECT","保护MAGIC-01",ProtectAircraft,Active,0,0,1,850,""
91.590000000009951,"ESCORT_EGRESS","护送至撤离点",ReachWaypoint,Active,0,0,1,850,""
91.790000000010053,"PROTECT","保护MAGIC-01",ProtectAircraft,Active,0,0,1,850,""
91.790000000010053,"ESCORT_EGRESS","护送至撤离点",ReachWaypoint,Active,0,0,1,850,""
91.990000000010156,"PROTECT","保护MAGIC-01",ProtectAircraft,Active,0,0,1,850,""
91.990000000010156,"ESCORT_EGRESS","护送至撤离点",ReachWaypoint,Active,0,0,1,850,""
92.190000000010258,"PROTECT","保护MAGIC-01",ProtectAircraft,Active,0,0,1,850,""
92.190000000010258,"ESCORT_EGRESS","护送至撤离点",ReachWaypoint,Active,0,0,1,850,""
92.39000000001036,"PROTECT","保护MAGIC-01",ProtectAircraft,Active,0,0,1,850,""
92.39000000001036,"ESCORT_EGRESS","护送至撤离点",ReachWaypoint,Active,0,0,1,850,""
92.590000000010463,"PROTECT","保护MAGIC-01",ProtectAircraft,Active,0,0,1,850,""
92.590000000010463,"ESCORT_EGRESS","护送至撤离点",ReachWaypoint,Active,0,0,1,850,""
92.790000000010565,"PROTECT","保护MAGIC-01",ProtectAircraft,Active,0,0,1,850,""
92.790000000010565,"ESCORT_EGRESS","护送至撤离点",ReachWaypoint,Active,0,0,1,850,""
92.990000000010667,"PROTECT","保护MAGIC-01",ProtectAircraft,Active,0,0,1,850,""
92.990000000010667,"ESCORT_EGRESS","护送至撤离点",ReachWaypoint,Active,0,0,1,850,""
93.19000000001077,"PROTECT","保护MAGIC-01",ProtectAircraft,Active,0,0,1,850,""
93.19000000001077,"ESCORT_EGRESS","护送至撤离点",ReachWaypoint,Active,0,0,1,850,""
93.390000000010872,"PROTECT","保护MAGIC-01",ProtectAircraft,Active,0,0,1,850,""
93.390000000010872,"ESCORT_EGRESS","护送至撤离点",ReachWaypoint,Active,0,0,1,850,""
93.590000000010974,"PROTECT","保护MAGIC-01",ProtectAircraft,Active,0,0,1,850,""
93.590000000010974,"ESCORT_EGRESS","护送至撤离点",ReachWaypoint,Active,0,0,1,850,""
93.790000000011077,"PROTECT","保护MAGIC-01",ProtectAircraft,Active,0,0,1,850,""
93.790000000011077,"ESCORT_EGRESS","护送至撤离点",ReachWaypoint,Active,0,0,1,850,""
93.990000000011179,"PROTECT","保护MAGIC-01",ProtectAircraft,Active,0,0,1,850,""
93.990000000011179,"ESCORT_EGRESS","护送至撤离点",ReachWaypoint,Active,0,0,1,850,""
94.190000000011281,"PROTECT","保护MAGIC-01",ProtectAircraft,Active,0,0,1,850,""
94.190000000011281,"ESCORT_EGRESS","护送至撤离点",ReachWaypoint,Active,0,0,1,850,""
94.390000000011383,"PROTECT","保护MAGIC-01",ProtectAircraft,Active,0,0,1,850,""
94.390000000011383,"ESCORT_EGRESS","护送至撤离点",ReachWaypoint,Active,0,0,1,850,""
94.590000000011486,"PROTECT","保护MAGIC-01",ProtectAircraft,Active,0,0,1,850,""
94.590000000011486,"ESCORT_EGRESS","护送至撤离点",ReachWaypoint,Active,0,0,1,850,""
94.790000000011588,"PROTECT","保护MAGIC-01",ProtectAircraft,Active,0,0,1,850,""
94.790000000011588,"ESCORT_EGRESS","护送至撤离点",ReachWaypoint,Active,0,0,1,850,""
94.99000000001169,"PROTECT","保护MAGIC-01",ProtectAircraft,Active,0,0,1,850,""
94.99000000001169,"ESCORT_EGRESS","护送至撤离点",ReachWaypoint,Active,0,0,1,850,""
95.190000000011793,"PROTECT","保护MAGIC-01",ProtectAircraft,Active,0,0,1,850,""
95.190000000011793,"ESCORT_EGRESS","护送至撤离点",ReachWaypoint,Active,0,0,1,850,""
95.3900000000119,"PROTECT","保护MAGIC-01",ProtectAircraft,Active,0,0,1,850,""
95.3900000000119,"ESCORT_EGRESS","护送至撤离点",ReachWaypoint,Active,0,0,1,850,""
95.590000000012,"PROTECT","保护MAGIC-01",ProtectAircraft,Active,0,0,1,850,""
95.590000000012,"ESCORT_EGRESS","护送至撤离点",ReachWaypoint,Active,0,0,1,850,""
95.7900000000121,"PROTECT","保护MAGIC-01",ProtectAircraft,Active,0,0,1,850,""
95.7900000000121,"ESCORT_EGRESS","护送至撤离点",ReachWaypoint,Active,0,0,1,850,""
95.9900000000122,"PROTECT","保护MAGIC-01",ProtectAircraft,Active,0,0,1,850,""
95.9900000000122,"ESCORT_EGRESS","护送至撤离点",ReachWaypoint,Active,0,0,1,850,""
96.1900000000123,"PROTECT","保护MAGIC-01",ProtectAircraft,Active,0,0,1,850,""
96.1900000000123,"ESCORT_EGRESS","护送至撤离点",ReachWaypoint,Active,0,0,1,850,""
96.3900000000124,"PROTECT","保护MAGIC-01",ProtectAircraft,Active,0,0,1,850,""
96.3900000000124,"ESCORT_EGRESS","护送至撤离点",ReachWaypoint,Active,0,0,1,850,""
96.590000000012509,"PROTECT","保护MAGIC-01",ProtectAircraft,Active,0,0,1,850,""
96.590000000012509,"ESCORT_EGRESS","护送至撤离点",ReachWaypoint,Active,0,0,1,850,""
96.790000000012611,"PROTECT","保护MAGIC-01",ProtectAircraft,Active,0,0,1,850,""
96.790000000012611,"ESCORT_EGRESS","护送至撤离点",ReachWaypoint,Active,0,0,1,850,""
96.990000000012714,"PROTECT","保护MAGIC-01",ProtectAircraft,Active,0,0,1,850,""
96.990000000012714,"ESCORT_EGRESS","护送至撤离点",ReachWaypoint,Active,0,0,1,850,""
97.190000000012816,"PROTECT","保护MAGIC-01",ProtectAircraft,Active,0,0,1,850,""
97.190000000012816,"ESCORT_EGRESS","护送至撤离点",ReachWaypoint,Active,0,0,1,850,""
97.390000000012918,"PROTECT","保护MAGIC-01",ProtectAircraft,Active,0,0,1,850,""
97.390000000012918,"ESCORT_EGRESS","护送至撤离点",ReachWaypoint,Active,0,0,1,850,""
97.590000000013021,"PROTECT","保护MAGIC-01",ProtectAircraft,Active,0,0,1,850,""
97.590000000013021,"ESCORT_EGRESS","护送至撤离点",ReachWaypoint,Active,0,0,1,850,""
97.790000000013123,"PROTECT","保护MAGIC-01",ProtectAircraft,Active,0,0,1,850,""
97.790000000013123,"ESCORT_EGRESS","护送至撤离点",ReachWaypoint,Active,0,0,1,850,""
97.990000000013225,"PROTECT","保护MAGIC-01",ProtectAircraft,Active,0,0,1,850,""
97.990000000013225,"ESCORT_EGRESS","护送至撤离点",ReachWaypoint,Active,0,0,1,850,""
98.190000000013328,"PROTECT","保护MAGIC-01",ProtectAircraft,Active,0,0,1,850,""
98.190000000013328,"ESCORT_EGRESS","护送至撤离点",ReachWaypoint,Active,0,0,1,850,""
98.39000000001343,"PROTECT","保护MAGIC-01",ProtectAircraft,Active,0,0,1,850,""
98.39000000001343,"ESCORT_EGRESS","护送至撤离点",ReachWaypoint,Active,0,0,1,850,""
98.590000000013532,"PROTECT","保护MAGIC-01",ProtectAircraft,Active,0,0,1,850,""
98.590000000013532,"ESCORT_EGRESS","护送至撤离点",ReachWaypoint,Active,0,0,1,850,""
98.790000000013634,"PROTECT","保护MAGIC-01",ProtectAircraft,Active,0,0,1,850,""
98.790000000013634,"ESCORT_EGRESS","护送至撤离点",ReachWaypoint,Active,0,0,1,850,""
98.990000000013737,"PROTECT","保护MAGIC-01",ProtectAircraft,Active,0,0,1,850,""
98.990000000013737,"ESCORT_EGRESS","护送至撤离点",ReachWaypoint,Active,0,0,1,850,""
99.190000000013839,"PROTECT","保护MAGIC-01",ProtectAircraft,Active,0,0,1,850,""
99.190000000013839,"ESCORT_EGRESS","护送至撤离点",ReachWaypoint,Active,0,0,1,850,""
99.390000000013941,"PROTECT","保护MAGIC-01",ProtectAircraft,Active,0,0,1,850,""
99.390000000013941,"ESCORT_EGRESS","护送至撤离点",ReachWaypoint,Active,0,0,1,850,""
99.590000000014044,"PROTECT","保护MAGIC-01",ProtectAircraft,Active,0,0,1,850,""
99.590000000014044,"ESCORT_EGRESS","护送至撤离点",ReachWaypoint,Active,0,0,1,850,""
99.790000000014146,"PROTECT","保护MAGIC-01",ProtectAircraft,Active,0,0,1,850,""
99.790000000014146,"ESCORT_EGRESS","护送至撤离点",ReachWaypoint,Active,0,0,1,850,""
99.990000000014248,"PROTECT","保护MAGIC-01",ProtectAircraft,Active,0,0,1,850,""
99.990000000014248,"ESCORT_EGRESS","护送至撤离点",ReachWaypoint,Active,0,0,1,850,""
100.19000000001435,"PROTECT","保护MAGIC-01",ProtectAircraft,Active,0,0,1,850,""
100.19000000001435,"ESCORT_EGRESS","护送至撤离点",ReachWaypoint,Active,0,0,1,850,""
100.39000000001445,"PROTECT","保护MAGIC-01",ProtectAircraft,Active,0,0,1,850,""
100.39000000001445,"ESCORT_EGRESS","护送至撤离点",ReachWaypoint,Active,0,0,1,850,""
100.59000000001456,"PROTECT","保护MAGIC-01",ProtectAircraft,Active,0,0,1,850,""
100.59000000001456,"ESCORT_EGRESS","护送至撤离点",ReachWaypoint,Active,0,0,1,850,""
100.79000000001466,"PROTECT","保护MAGIC-01",ProtectAircraft,Active,0,0,1,850,""
100.79000000001466,"ESCORT_EGRESS","护送至撤离点",ReachWaypoint,Active,0,0,1,850,""
100.99000000001476,"PROTECT","保护MAGIC-01",ProtectAircraft,Active,0,0,1,850,""
100.99000000001476,"ESCORT_EGRESS","护送至撤离点",ReachWaypoint,Active,0,0,1,850,""
101.19000000001486,"PROTECT","保护MAGIC-01",ProtectAircraft,Active,0,0,1,850,""
101.19000000001486,"ESCORT_EGRESS","护送至撤离点",ReachWaypoint,Active,0,0,1,850,""
101.39000000001496,"PROTECT","保护MAGIC-01",ProtectAircraft,Active,0,0,1,850,""
101.39000000001496,"ESCORT_EGRESS","护送至撤离点",ReachWaypoint,Active,0,0,1,850,""
101.59000000001507,"PROTECT","保护MAGIC-01",ProtectAircraft,Active,0,0,1,850,""
101.59000000001507,"ESCORT_EGRESS","护送至撤离点",ReachWaypoint,Active,0,0,1,850,""
101.79000000001517,"PROTECT","保护MAGIC-01",ProtectAircraft,Active,0,0,1,850,""
101.79000000001517,"ESCORT_EGRESS","护送至撤离点",ReachWaypoint,Active,0,0,1,850,""
101.99000000001527,"PROTECT","保护MAGIC-01",ProtectAircraft,Active,0,0,1,850,""
101.99000000001527,"ESCORT_EGRESS","护送至撤离点",ReachWaypoint,Active,0,0,1,850,""
102.19000000001537,"PROTECT","保护MAGIC-01",ProtectAircraft,Active,0,0,1,850,""
102.19000000001537,"ESCORT_EGRESS","护送至撤离点",ReachWaypoint,Active,0,0,1,850,""
102.39000000001548,"PROTECT","保护MAGIC-01",ProtectAircraft,Active,0,0,1,850,""
102.39000000001548,"ESCORT_EGRESS","护送至撤离点",ReachWaypoint,Active,0,0,1,850,""
102.59000000001558,"PROTECT","保护MAGIC-01",ProtectAircraft,Active,0,0,1,850,""
102.59000000001558,"ESCORT_EGRESS","护送至撤离点",ReachWaypoint,Active,0,0,1,850,""
102.79000000001568,"PROTECT","保护MAGIC-01",ProtectAircraft,Active,0,0,1,850,""
102.79000000001568,"ESCORT_EGRESS","护送至撤离点",ReachWaypoint,Active,0,0,1,850,""
102.99000000001578,"PROTECT","保护MAGIC-01",ProtectAircraft,Active,0,0,1,850,""
102.99000000001578,"ESCORT_EGRESS","护送至撤离点",ReachWaypoint,Active,0,0,1,850,""
103.19000000001589,"PROTECT","保护MAGIC-01",ProtectAircraft,Active,0,0,1,850,""
103.19000000001589,"ESCORT_EGRESS","护送至撤离点",ReachWaypoint,Active,0,0,1,850,""
103.39000000001599,"PROTECT","保护MAGIC-01",ProtectAircraft,Active,0,0,1,850,""
103.39000000001599,"ESCORT_EGRESS","护送至撤离点",ReachWaypoint,Active,0,0,1,850,""
103.59000000001609,"PROTECT","保护MAGIC-01",ProtectAircraft,Active,0,0,1,850,""
103.59000000001609,"ESCORT_EGRESS","护送至撤离点",ReachWaypoint,Active,0,0,1,850,""
103.79000000001619,"PROTECT","保护MAGIC-01",ProtectAircraft,Active,0,0,1,850,""
103.79000000001619,"ESCORT_EGRESS","护送至撤离点",ReachWaypoint,Active,0,0,1,850,""
103.99000000001629,"PROTECT","保护MAGIC-01",ProtectAircraft,Active,0,0,1,850,""
103.99000000001629,"ESCORT_EGRESS","护送至撤离点",ReachWaypoint,Active,0,0,1,850,""
104.1900000000164,"PROTECT","保护MAGIC-01",ProtectAircraft,Active,0,0,1,850,""
104.1900000000164,"ESCORT_EGRESS","护送至撤离点",ReachWaypoint,Active,0,0,1,850,""
104.3900000000165,"PROTECT","保护MAGIC-01",ProtectAircraft,Active,0,0,1,850,""
104.3900000000165,"ESCORT_EGRESS","护送至撤离点",ReachWaypoint,Active,0,0,1,850,""
104.5900000000166,"PROTECT","保护MAGIC-01",ProtectAircraft,Active,0,0,1,850,""
104.5900000000166,"ESCORT_EGRESS","护送至撤离点",ReachWaypoint,Active,0,0,1,850,""
104.7900000000167,"PROTECT","保护MAGIC-01",ProtectAircraft,Active,0,0,1,850,""
104.7900000000167,"ESCORT_EGRESS","护送至撤离点",ReachWaypoint,Active,0,0,1,850,""
104.99000000001681,"PROTECT","保护MAGIC-01",ProtectAircraft,Active,0,0,1,850,""
104.99000000001681,"ESCORT_EGRESS","护送至撤离点",ReachWaypoint,Active,0,0,1,850,""
105.19000000001691,"PROTECT","保护MAGIC-01",ProtectAircraft,Active,0,0,1,850,""
105.19000000001691,"ESCORT_EGRESS","护送至撤离点",ReachWaypoint,Active,0,0,1,850,""
105.39000000001701,"PROTECT","保护MAGIC-01",ProtectAircraft,Active,0,0,1,850,""
105.39000000001701,"ESCORT_EGRESS","护送至撤离点",ReachWaypoint,Active,0,0,1,850,""
105.59000000001711,"PROTECT","保护MAGIC-01",ProtectAircraft,Active,0,0,1,850,""
105.59000000001711,"ESCORT_EGRESS","护送至撤离点",ReachWaypoint,Active,0,0,1,850,""
105.79000000001722,"PROTECT","保护MAGIC-01",ProtectAircraft,Active,0,0,1,850,""
105.79000000001722,"ESCORT_EGRESS","护送至撤离点",ReachWaypoint,Active,0,0,1,850,""
105.99000000001732,"PROTECT","保护MAGIC-01",ProtectAircraft,Active,0,0,1,850,""
105.99000000001732,"ESCORT_EGRESS","护送至撤离点",ReachWaypoint,Active,0,0,1,850,""
106.19000000001742,"PROTECT","保护MAGIC-01",ProtectAircraft,Active,0,0,1,850,""
106.19000000001742,"ESCORT_EGRESS","护送至撤离点",ReachWaypoint,Active,0,0,1,850,""
106.39000000001752,"PROTECT","保护MAGIC-01",ProtectAircraft,Active,0,0,1,850,""
106.39000000001752,"ESCORT_EGRESS","护送至撤离点",ReachWaypoint,Active,0,0,1,850,""
106.59000000001762,"PROTECT","保护MAGIC-01",ProtectAircraft,Active,0,0,1,850,""
106.59000000001762,"ESCORT_EGRESS","护送至撤离点",ReachWaypoint,Active,0,0,1,850,""
106.79000000001773,"PROTECT","保护MAGIC-01",ProtectAircraft,Active,0,0,1,850,""
106.79000000001773,"ESCORT_EGRESS","护送至撤离点",ReachWaypoint,Active,0,0,1,850,""
106.99000000001783,"PROTECT","保护MAGIC-01",ProtectAircraft,Active,0,0,1,850,""
106.99000000001783,"ESCORT_EGRESS","护送至撤离点",ReachWaypoint,Active,0,0,1,850,""
107.19000000001793,"PROTECT","保护MAGIC-01",ProtectAircraft,Active,0,0,1,850,""
107.19000000001793,"ESCORT_EGRESS","护送至撤离点",ReachWaypoint,Active,0,0,1,850,""
107.39000000001803,"PROTECT","保护MAGIC-01",ProtectAircraft,Active,0,0,1,850,""
107.39000000001803,"ESCORT_EGRESS","护送至撤离点",ReachWaypoint,Active,0,0,1,850,""
107.59000000001814,"PROTECT","保护MAGIC-01",ProtectAircraft,Active,0,0,1,850,""
107.59000000001814,"ESCORT_EGRESS","护送至撤离点",ReachWaypoint,Active,0,0,1,850,""
107.79000000001824,"PROTECT","保护MAGIC-01",ProtectAircraft,Active,0,0,1,850,""
107.79000000001824,"ESCORT_EGRESS","护送至撤离点",ReachWaypoint,Active,0,0,1,850,""
107.99000000001834,"PROTECT","保护MAGIC-01",ProtectAircraft,Active,0,0,1,850,""
107.99000000001834,"ESCORT_EGRESS","护送至撤离点",ReachWaypoint,Active,0,0,1,850,""
108.19000000001844,"PROTECT","保护MAGIC-01",ProtectAircraft,Active,0,0,1,850,""
108.19000000001844,"ESCORT_EGRESS","护送至撤离点",ReachWaypoint,Active,0,0,1,850,""
108.39000000001855,"PROTECT","保护MAGIC-01",ProtectAircraft,Active,0,0,1,850,""
108.39000000001855,"ESCORT_EGRESS","护送至撤离点",ReachWaypoint,Active,0,0,1,850,""
108.59000000001865,"PROTECT","保护MAGIC-01",ProtectAircraft,Active,0,0,1,850,""
108.59000000001865,"ESCORT_EGRESS","护送至撤离点",ReachWaypoint,Active,0,0,1,850,""
108.79000000001875,"PROTECT","保护MAGIC-01",ProtectAircraft,Active,0,0,1,850,""
108.79000000001875,"ESCORT_EGRESS","护送至撤离点",ReachWaypoint,Active,0,0,1,850,""
108.99000000001885,"PROTECT","保护MAGIC-01",ProtectAircraft,Active,0,0,1,850,""
108.99000000001885,"ESCORT_EGRESS","护送至撤离点",ReachWaypoint,Active,0,0,1,850,""
109.19000000001896,"PROTECT","保护MAGIC-01",ProtectAircraft,Active,0,0,1,850,""
109.19000000001896,"ESCORT_EGRESS","护送至撤离点",ReachWaypoint,Active,0,0,1,850,""
109.39000000001906,"PROTECT","保护MAGIC-01",ProtectAircraft,Active,0,0,1,850,""
109.39000000001906,"ESCORT_EGRESS","护送至撤离点",ReachWaypoint,Active,0,0,1,850,""
109.59000000001916,"PROTECT","保护MAGIC-01",ProtectAircraft,Active,0,0,1,850,""
109.59000000001916,"ESCORT_EGRESS","护送至撤离点",ReachWaypoint,Active,0,0,1,850,""
109.79000000001926,"PROTECT","保护MAGIC-01",ProtectAircraft,Active,0,0,1,850,""
109.79000000001926,"ESCORT_EGRESS","护送至撤离点",ReachWaypoint,Active,0,0,1,850,""
109.99000000001936,"PROTECT","保护MAGIC-01",ProtectAircraft,Active,0,0,1,850,""
109.99000000001936,"ESCORT_EGRESS","护送至撤离点",ReachWaypoint,Active,0,0,1,850,""
110.19000000001947,"PROTECT","保护MAGIC-01",ProtectAircraft,Active,0,0,1,850,""
110.19000000001947,"ESCORT_EGRESS","护送至撤离点",ReachWaypoint,Active,0,0,1,850,""
110.39000000001957,"PROTECT","保护MAGIC-01",ProtectAircraft,Active,0,0,1,850,""
110.39000000001957,"ESCORT_EGRESS","护送至撤离点",ReachWaypoint,Active,0,0,1,850,""
110.59000000001967,"PROTECT","保护MAGIC-01",ProtectAircraft,Active,0,0,1,850,""
110.59000000001967,"ESCORT_EGRESS","护送至撤离点",ReachWaypoint,Active,0,0,1,850,""
110.79000000001977,"PROTECT","保护MAGIC-01",ProtectAircraft,Active,0,0,1,850,""
110.79000000001977,"ESCORT_EGRESS","护送至撤离点",ReachWaypoint,Active,0,0,1,850,""
110.99000000001988,"PROTECT","保护MAGIC-01",ProtectAircraft,Active,0,0,1,850,""
110.99000000001988,"ESCORT_EGRESS","护送至撤离点",ReachWaypoint,Active,0,0,1,850,""
111.19000000001998,"PROTECT","保护MAGIC-01",ProtectAircraft,Active,0,0,1,850,""
111.19000000001998,"ESCORT_EGRESS","护送至撤离点",ReachWaypoint,Active,0,0,1,850,""
111.39000000002008,"PROTECT","保护MAGIC-01",ProtectAircraft,Active,0,0,1,850,""
111.39000000002008,"ESCORT_EGRESS","护送至撤离点",ReachWaypoint,Active,0,0,1,850,""
111.59000000002018,"PROTECT","保护MAGIC-01",ProtectAircraft,Active,0,0,1,850,""
111.59000000002018,"ESCORT_EGRESS","护送至撤离点",ReachWaypoint,Active,0,0,1,850,""
111.79000000002029,"PROTECT","保护MAGIC-01",ProtectAircraft,Active,0,0,1,850,""
111.79000000002029,"ESCORT_EGRESS","护送至撤离点",ReachWaypoint,Active,0,0,1,850,""
111.99000000002039,"PROTECT","保护MAGIC-01",ProtectAircraft,Active,0,0,1,850,""
111.99000000002039,"ESCORT_EGRESS","护送至撤离点",ReachWaypoint,Active,0,0,1,850,""
112.19000000002049,"PROTECT","保护MAGIC-01",ProtectAircraft,Active,0,0,1,850,""
112.19000000002049,"ESCORT_EGRESS","护送至撤离点",ReachWaypoint,Active,0,0,1,850,""
112.39000000002059,"PROTECT","保护MAGIC-01",ProtectAircraft,Active,0,0,1,850,""
112.39000000002059,"ESCORT_EGRESS","护送至撤离点",ReachWaypoint,Active,0,0,1,850,""
112.59000000002069,"PROTECT","保护MAGIC-01",ProtectAircraft,Active,0,0,1,850,""
112.59000000002069,"ESCORT_EGRESS","护送至撤离点",ReachWaypoint,Active,0,0,1,850,""
112.7900000000208,"PROTECT","保护MAGIC-01",ProtectAircraft,Active,0,0,1,850,""
112.7900000000208,"ESCORT_EGRESS","护送至撤离点",ReachWaypoint,Active,0,0,1,850,""
112.9900000000209,"PROTECT","保护MAGIC-01",ProtectAircraft,Active,0,0,1,850,""
112.9900000000209,"ESCORT_EGRESS","护送至撤离点",ReachWaypoint,Active,0,0,1,850,""
113.190000000021,"PROTECT","保护MAGIC-01",ProtectAircraft,Active,0,0,1,850,""
113.190000000021,"ESCORT_EGRESS","护送至撤离点",ReachWaypoint,Active,0,0,1,850,""
113.3900000000211,"PROTECT","保护MAGIC-01",ProtectAircraft,Active,0,0,1,850,""
113.3900000000211,"ESCORT_EGRESS","护送至撤离点",ReachWaypoint,Active,0,0,1,850,""
113.59000000002121,"PROTECT","保护MAGIC-01",ProtectAircraft,Active,0,0,1,850,""
113.59000000002121,"ESCORT_EGRESS","护送至撤离点",ReachWaypoint,Active,0,0,1,850,""
113.79000000002131,"PROTECT","保护MAGIC-01",ProtectAircraft,Active,0,0,1,850,""
113.79000000002131,"ESCORT_EGRESS","护送至撤离点",ReachWaypoint,Active,0,0,1,850,""
113.99000000002141,"PROTECT","保护MAGIC-01",ProtectAircraft,Active,0,0,1,850,""
113.99000000002141,"ESCORT_EGRESS","护送至撤离点",ReachWaypoint,Active,0,0,1,850,""
114.19000000002151,"PROTECT","保护MAGIC-01",ProtectAircraft,Active,0,0,1,850,""
114.19000000002151,"ESCORT_EGRESS","护送至撤离点",ReachWaypoint,Active,0,0,1,850,""
114.39000000002162,"PROTECT","保护MAGIC-01",ProtectAircraft,Active,0,0,1,850,""
114.39000000002162,"ESCORT_EGRESS","护送至撤离点",ReachWaypoint,Active,0,0,1,850,""
114.59000000002172,"PROTECT","保护MAGIC-01",ProtectAircraft,Active,0,0,1,850,""
114.59000000002172,"ESCORT_EGRESS","护送至撤离点",ReachWaypoint,Active,0,0,1,850,""
114.79000000002182,"PROTECT","保护MAGIC-01",ProtectAircraft,Active,0,0,1,850,""
114.79000000002182,"ESCORT_EGRESS","护送至撤离点",ReachWaypoint,Active,0,0,1,850,""
114.99000000002192,"PROTECT","保护MAGIC-01",ProtectAircraft,Active,0,0,1,850,""
114.99000000002192,"ESCORT_EGRESS","护送至撤离点",ReachWaypoint,Active,0,0,1,850,""
115.19000000002202,"PROTECT","保护MAGIC-01",ProtectAircraft,Active,0,0,1,850,""
115.19000000002202,"ESCORT_EGRESS","护送至撤离点",ReachWaypoint,Active,0,0,1,850,""
115.39000000002213,"PROTECT","保护MAGIC-01",ProtectAircraft,Active,0,0,1,850,""
115.39000000002213,"ESCORT_EGRESS","护送至撤离点",ReachWaypoint,Active,0,0,1,850,""
115.59000000002223,"PROTECT","保护MAGIC-01",ProtectAircraft,Active,0,0,1,850,""
115.59000000002223,"ESCORT_EGRESS","护送至撤离点",ReachWaypoint,Active,0,0,1,850,""
115.79000000002233,"PROTECT","保护MAGIC-01",ProtectAircraft,Active,0,0,1,850,""
115.79000000002233,"ESCORT_EGRESS","护送至撤离点",ReachWaypoint,Active,0,0,1,850,""
115.99000000002243,"PROTECT","保护MAGIC-01",ProtectAircraft,Active,0,0,1,850,""
115.99000000002243,"ESCORT_EGRESS","护送至撤离点",ReachWaypoint,Active,0,0,1,850,""
116.19000000002254,"PROTECT","保护MAGIC-01",ProtectAircraft,Active,0,0,1,850,""
116.19000000002254,"ESCORT_EGRESS","护送至撤离点",ReachWaypoint,Active,0,0,1,850,""
116.39000000002264,"PROTECT","保护MAGIC-01",ProtectAircraft,Active,0,0,1,850,""
116.39000000002264,"ESCORT_EGRESS","护送至撤离点",ReachWaypoint,Active,0,0,1,850,""
116.59000000002274,"PROTECT","保护MAGIC-01",ProtectAircraft,Active,0,0,1,850,""
116.59000000002274,"ESCORT_EGRESS","护送至撤离点",ReachWaypoint,Active,0,0,1,850,""
116.79000000002284,"PROTECT","保护MAGIC-01",ProtectAircraft,Active,0,0,1,850,""
116.79000000002284,"ESCORT_EGRESS","护送至撤离点",ReachWaypoint,Active,0,0,1,850,""
116.99000000002295,"PROTECT","保护MAGIC-01",ProtectAircraft,Active,0,0,1,850,""
116.99000000002295,"ESCORT_EGRESS","护送至撤离点",ReachWaypoint,Active,0,0,1,850,""
117.19000000002305,"PROTECT","保护MAGIC-01",ProtectAircraft,Active,0,0,1,850,""
117.19000000002305,"ESCORT_EGRESS","护送至撤离点",ReachWaypoint,Active,0,0,1,850,""
117.39000000002315,"PROTECT","保护MAGIC-01",ProtectAircraft,Active,0,0,1,850,""
117.39000000002315,"ESCORT_EGRESS","护送至撤离点",ReachWaypoint,Active,0,0,1,850,""
117.59000000002325,"PROTECT","保护MAGIC-01",ProtectAircraft,Active,0,0,1,850,""
117.59000000002325,"ESCORT_EGRESS","护送至撤离点",ReachWaypoint,Active,0,0,1,850,""
117.79000000002335,"PROTECT","保护MAGIC-01",ProtectAircraft,Active,0,0,1,850,""
117.79000000002335,"ESCORT_EGRESS","护送至撤离点",ReachWaypoint,Active,0,0,1,850,""
117.99000000002346,"PROTECT","保护MAGIC-01",ProtectAircraft,Active,0,0,1,850,""
117.99000000002346,"ESCORT_EGRESS","护送至撤离点",ReachWaypoint,Active,0,0,1,850,""
118.19000000002356,"PROTECT","保护MAGIC-01",ProtectAircraft,Active,0,0,1,850,""
118.19000000002356,"ESCORT_EGRESS","护送至撤离点",ReachWaypoint,Active,0,0,1,850,""
118.39000000002366,"PROTECT","保护MAGIC-01",ProtectAircraft,Active,0,0,1,850,""
118.39000000002366,"ESCORT_EGRESS","护送至撤离点",ReachWaypoint,Active,0,0,1,850,""
118.59000000002376,"PROTECT","保护MAGIC-01",ProtectAircraft,Active,0,0,1,850,""
118.59000000002376,"ESCORT_EGRESS","护送至撤离点",ReachWaypoint,Active,0,0,1,850,""
118.79000000002387,"PROTECT","保护MAGIC-01",ProtectAircraft,Active,0,0,1,850,""
118.79000000002387,"ESCORT_EGRESS","护送至撤离点",ReachWaypoint,Active,0,0,1,850,""
118.99000000002397,"PROTECT","保护MAGIC-01",ProtectAircraft,Active,0,0,1,850,""
118.99000000002397,"ESCORT_EGRESS","护送至撤离点",ReachWaypoint,Active,0,0,1,850,""
119.19000000002407,"PROTECT","保护MAGIC-01",ProtectAircraft,Active,0,0,1,850,""
119.19000000002407,"ESCORT_EGRESS","护送至撤离点",ReachWaypoint,Active,0,0,1,850,""
119.39000000002417,"PROTECT","保护MAGIC-01",ProtectAircraft,Active,0,0,1,850,""
119.39000000002417,"ESCORT_EGRESS","护送至撤离点",ReachWaypoint,Active,0,0,1,850,""
119.59000000002428,"PROTECT","保护MAGIC-01",ProtectAircraft,Active,0,0,1,850,""
119.59000000002428,"ESCORT_EGRESS","护送至撤离点",ReachWaypoint,Active,0,0,1,850,""
119.79000000002438,"PROTECT","保护MAGIC-01",ProtectAircraft,Active,0,0,1,850,""
119.79000000002438,"ESCORT_EGRESS","护送至撤离点",ReachWaypoint,Active,0,0,1,850,""
119.99000000002448,"PROTECT","保护MAGIC-01",ProtectAircraft,Active,0,0,1,850,""
119.99000000002448,"ESCORT_EGRESS","护送至撤离点",ReachWaypoint,Active,0,0,1,850,""
120.19000000002458,"PROTECT","保护MAGIC-01",ProtectAircraft,Active,0,0,1,850,""
120.19000000002458,"ESCORT_EGRESS","护送至撤离点",ReachWaypoint,Active,0,0,1,850,""
120.39000000002468,"PROTECT","保护MAGIC-01",ProtectAircraft,Active,0,0,1,850,""
120.39000000002468,"ESCORT_EGRESS","护送至撤离点",ReachWaypoint,Active,0,0,1,850,""
120.59000000002479,"PROTECT","保护MAGIC-01",ProtectAircraft,Active,0,0,1,850,""
120.59000000002479,"ESCORT_EGRESS","护送至撤离点",ReachWaypoint,Active,0,0,1,850,""
120.79000000002489,"PROTECT","保护MAGIC-01",ProtectAircraft,Active,0,0,1,850,""
120.79000000002489,"ESCORT_EGRESS","护送至撤离点",ReachWaypoint,Active,0,0,1,850,""
120.99000000002499,"PROTECT","保护MAGIC-01",ProtectAircraft,Active,0,0,1,850,""
120.99000000002499,"ESCORT_EGRESS","护送至撤离点",ReachWaypoint,Active,0,0,1,850,""
121.19000000002509,"PROTECT","保护MAGIC-01",ProtectAircraft,Active,0,0,1,850,""
121.19000000002509,"ESCORT_EGRESS","护送至撤离点",ReachWaypoint,Active,0,0,1,850,""
121.3900000000252,"PROTECT","保护MAGIC-01",ProtectAircraft,Active,0,0,1,850,""
121.3900000000252,"ESCORT_EGRESS","护送至撤离点",ReachWaypoint,Active,0,0,1,850,""
121.5900000000253,"PROTECT","保护MAGIC-01",ProtectAircraft,Active,0,0,1,850,""
121.5900000000253,"ESCORT_EGRESS","护送至撤离点",ReachWaypoint,Active,0,0,1,850,""
121.7900000000254,"PROTECT","保护MAGIC-01",ProtectAircraft,Active,0,0,1,850,""
121.7900000000254,"ESCORT_EGRESS","护送至撤离点",ReachWaypoint,Active,0,0,1,850,""
121.9900000000255,"PROTECT","保护MAGIC-01",ProtectAircraft,Active,0,0,1,850,""
121.9900000000255,"ESCORT_EGRESS","护送至撤离点",ReachWaypoint,Active,0,0,1,850,""
122.19000000002561,"PROTECT","保护MAGIC-01",ProtectAircraft,Active,0,0,1,850,""
122.19000000002561,"ESCORT_EGRESS","护送至撤离点",ReachWaypoint,Active,0,0,1,850,""
122.39000000002571,"PROTECT","保护MAGIC-01",ProtectAircraft,Active,0,0,1,850,""
122.39000000002571,"ESCORT_EGRESS","护送至撤离点",ReachWaypoint,Active,0,0,1,850,""
122.59000000002581,"PROTECT","保护MAGIC-01",ProtectAircraft,Active,0,0,1,850,""
122.59000000002581,"ESCORT_EGRESS","护送至撤离点",ReachWaypoint,Active,0,0,1,850,""
122.79000000002591,"PROTECT","保护MAGIC-01",ProtectAircraft,Active,0,0,1,850,""
122.79000000002591,"ESCORT_EGRESS","护送至撤离点",ReachWaypoint,Active,0,0,1,850,""
122.99000000002601,"PROTECT","保护MAGIC-01",ProtectAircraft,Active,0,0,1,850,""
122.99000000002601,"ESCORT_EGRESS","护送至撤离点",ReachWaypoint,Active,0,0,1,850,""
123.19000000002612,"PROTECT","保护MAGIC-01",ProtectAircraft,Active,0,0,1,850,""
123.19000000002612,"ESCORT_EGRESS","护送至撤离点",ReachWaypoint,Active,0,0,1,850,""
123.39000000002622,"PROTECT","保护MAGIC-01",ProtectAircraft,Active,0,0,1,850,""
123.39000000002622,"ESCORT_EGRESS","护送至撤离点",ReachWaypoint,Active,0,0,1,850,""
123.59000000002632,"PROTECT","保护MAGIC-01",ProtectAircraft,Active,0,0,1,850,""
123.59000000002632,"ESCORT_EGRESS","护送至撤离点",ReachWaypoint,Active,0,0,1,850,""
123.79000000002642,"PROTECT","保护MAGIC-01",ProtectAircraft,Active,0,0,1,850,""
123.79000000002642,"ESCORT_EGRESS","护送至撤离点",ReachWaypoint,Active,0,0,1,850,""
123.99000000002653,"PROTECT","保护MAGIC-01",ProtectAircraft,Active,0,0,1,850,""
123.99000000002653,"ESCORT_EGRESS","护送至撤离点",ReachWaypoint,Active,0,0,1,850,""
124.19000000002663,"PROTECT","保护MAGIC-01",ProtectAircraft,Active,0,0,1,850,""
124.19000000002663,"ESCORT_EGRESS","护送至撤离点",ReachWaypoint,Active,0,0,1,850,""
124.39000000002673,"PROTECT","保护MAGIC-01",ProtectAircraft,Active,0,0,1,850,""
124.39000000002673,"ESCORT_EGRESS","护送至撤离点",ReachWaypoint,Active,0,0,1,850,""
124.59000000002683,"PROTECT","保护MAGIC-01",ProtectAircraft,Active,0,0,1,850,""
124.59000000002683,"ESCORT_EGRESS","护送至撤离点",ReachWaypoint,Active,0,0,1,850,""
124.79000000002694,"PROTECT","保护MAGIC-01",ProtectAircraft,Active,0,0,1,850,""
124.79000000002694,"ESCORT_EGRESS","护送至撤离点",ReachWaypoint,Active,0,0,1,850,""
124.99000000002704,"PROTECT","保护MAGIC-01",ProtectAircraft,Active,0,0,1,850,""
124.99000000002704,"ESCORT_EGRESS","护送至撤离点",ReachWaypoint,Active,0,0,1,850,""
125.19000000002714,"PROTECT","保护MAGIC-01",ProtectAircraft,Active,0,0,1,850,""
125.19000000002714,"ESCORT_EGRESS","护送至撤离点",ReachWaypoint,Active,0,0,1,850,""
125.39000000002724,"PROTECT","保护MAGIC-01",ProtectAircraft,Active,0,0,1,850,""
125.39000000002724,"ESCORT_EGRESS","护送至撤离点",ReachWaypoint,Active,0,0,1,850,""
125.59000000002735,"PROTECT","保护MAGIC-01",ProtectAircraft,Active,0,0,1,850,""
125.59000000002735,"ESCORT_EGRESS","护送至撤离点",ReachWaypoint,Active,0,0,1,850,""
125.79000000002745,"PROTECT","保护MAGIC-01",ProtectAircraft,Active,0,0,1,850,""
125.79000000002745,"ESCORT_EGRESS","护送至撤离点",ReachWaypoint,Active,0,0,1,850,""
125.99000000002755,"PROTECT","保护MAGIC-01",ProtectAircraft,Active,0,0,1,850,""
125.99000000002755,"ESCORT_EGRESS","护送至撤离点",ReachWaypoint,Active,0,0,1,850,""
126.19000000002765,"PROTECT","保护MAGIC-01",ProtectAircraft,Active,0,0,1,850,""
126.19000000002765,"ESCORT_EGRESS","护送至撤离点",ReachWaypoint,Active,0,0,1,850,""
126.39000000002775,"PROTECT","保护MAGIC-01",ProtectAircraft,Active,0,0,1,850,""
126.39000000002775,"ESCORT_EGRESS","护送至撤离点",ReachWaypoint,Active,0,0,1,850,""
126.59000000002786,"PROTECT","保护MAGIC-01",ProtectAircraft,Active,0,0,1,850,""
126.59000000002786,"ESCORT_EGRESS","护送至撤离点",ReachWaypoint,Active,0,0,1,850,""
126.79000000002796,"PROTECT","保护MAGIC-01",ProtectAircraft,Active,0,0,1,850,""
126.79000000002796,"ESCORT_EGRESS","护送至撤离点",ReachWaypoint,Active,0,0,1,850,""
126.99000000002806,"PROTECT","保护MAGIC-01",ProtectAircraft,Active,0,0,1,850,""
126.99000000002806,"ESCORT_EGRESS","护送至撤离点",ReachWaypoint,Active,0,0,1,850,""
127.19000000002816,"PROTECT","保护MAGIC-01",ProtectAircraft,Active,0,0,1,850,""
127.19000000002816,"ESCORT_EGRESS","护送至撤离点",ReachWaypoint,Active,0,0,1,850,""
127.39000000002827,"PROTECT","保护MAGIC-01",ProtectAircraft,Active,0,0,1,850,""
127.39000000002827,"ESCORT_EGRESS","护送至撤离点",ReachWaypoint,Active,0,0,1,850,""
127.59000000002837,"PROTECT","保护MAGIC-01",ProtectAircraft,Active,0,0,1,850,""
127.59000000002837,"ESCORT_EGRESS","护送至撤离点",ReachWaypoint,Active,0,0,1,850,""
127.79000000002847,"PROTECT","保护MAGIC-01",ProtectAircraft,Active,0,0,1,850,""
127.79000000002847,"ESCORT_EGRESS","护送至撤离点",ReachWaypoint,Active,0,0,1,850,""
127.99000000002857,"PROTECT","保护MAGIC-01",ProtectAircraft,Active,0,0,1,850,""
127.99000000002857,"ESCORT_EGRESS","护送至撤离点",ReachWaypoint,Active,0,0,1,850,""
128.19000000002839,"PROTECT","保护MAGIC-01",ProtectAircraft,Active,0,0,1,850,""
128.19000000002839,"ESCORT_EGRESS","护送至撤离点",ReachWaypoint,Active,0,0,1,850,""
128.39000000002821,"PROTECT","保护MAGIC-01",ProtectAircraft,Active,0,0,1,850,""
128.39000000002821,"ESCORT_EGRESS","护送至撤离点",ReachWaypoint,Active,0,0,1,850,""
128.59000000002803,"PROTECT","保护MAGIC-01",ProtectAircraft,Active,0,0,1,850,""
128.59000000002803,"ESCORT_EGRESS","护送至撤离点",ReachWaypoint,Active,0,0,1,850,""
128.79000000002785,"PROTECT","保护MAGIC-01",ProtectAircraft,Active,0,0,1,850,""
128.79000000002785,"ESCORT_EGRESS","护送至撤离点",ReachWaypoint,Active,0,0,1,850,""
128.99000000002766,"PROTECT","保护MAGIC-01",ProtectAircraft,Active,0,0,1,850,""
128.99000000002766,"ESCORT_EGRESS","护送至撤离点",ReachWaypoint,Active,0,0,1,850,""
129.19000000002748,"PROTECT","保护MAGIC-01",ProtectAircraft,Active,0,0,1,850,""
129.19000000002748,"ESCORT_EGRESS","护送至撤离点",ReachWaypoint,Active,0,0,1,850,""
129.3900000000273,"PROTECT","保护MAGIC-01",ProtectAircraft,Active,0,0,1,850,""
129.3900000000273,"ESCORT_EGRESS","护送至撤离点",ReachWaypoint,Active,0,0,1,850,""
129.59000000002712,"PROTECT","保护MAGIC-01",ProtectAircraft,Active,0,0,1,850,""
129.59000000002712,"ESCORT_EGRESS","护送至撤离点",ReachWaypoint,Active,0,0,1,850,""
129.79000000002694,"PROTECT","保护MAGIC-01",ProtectAircraft,Active,0,0,1,850,""
129.79000000002694,"ESCORT_EGRESS","护送至撤离点",ReachWaypoint,Active,0,0,1,850,""
129.99000000002675,"PROTECT","保护MAGIC-01",ProtectAircraft,Active,0,0,1,850,""
129.99000000002675,"ESCORT_EGRESS","护送至撤离点",ReachWaypoint,Active,0,0,1,850,""
130.19000000002657,"PROTECT","保护MAGIC-01",ProtectAircraft,Active,0,0,1,850,""
130.19000000002657,"ESCORT_EGRESS","护送至撤离点",ReachWaypoint,Active,0,0,1,850,""
130.39000000002639,"PROTECT","保护MAGIC-01",ProtectAircraft,Active,0,0,1,850,""
130.39000000002639,"ESCORT_EGRESS","护送至撤离点",ReachWaypoint,Active,0,0,1,850,""
130.59000000002621,"PROTECT","保护MAGIC-01",ProtectAircraft,Active,0,0,1,850,""
130.59000000002621,"ESCORT_EGRESS","护送至撤离点",ReachWaypoint,Active,0,0,1,850,""
130.79000000002603,"PROTECT","保护MAGIC-01",ProtectAircraft,Active,0,0,1,850,""
130.79000000002603,"ESCORT_EGRESS","护送至撤离点",ReachWaypoint,Active,0,0,1,850,""
130.99000000002584,"PROTECT","保护MAGIC-01",ProtectAircraft,Active,0,0,1,850,""
130.99000000002584,"ESCORT_EGRESS","护送至撤离点",ReachWaypoint,Active,0,0,1,850,""
131.19000000002566,"PROTECT","保护MAGIC-01",ProtectAircraft,Active,0,0,1,850,""
131.19000000002566,"ESCORT_EGRESS","护送至撤离点",ReachWaypoint,Active,0,0,1,850,""
131.39000000002548,"PROTECT","保护MAGIC-01",ProtectAircraft,Succeeded,1,1,1,850,""
131.39000000002548,"ESCORT_EGRESS","护送至撤离点",ReachWaypoint,Active,0,0,1,850,""
131.5900000000253,"PROTECT","保护MAGIC-01",ProtectAircraft,Succeeded,1,1,1,850,""
131.5900000000253,"ESCORT_EGRESS","护送至撤离点",ReachWaypoint,Active,0,0,1,850,""
131.79000000002512,"PROTECT","保护MAGIC-01",ProtectAircraft,Succeeded,1,1,1,850,""
131.79000000002512,"ESCORT_EGRESS","护送至撤离点",ReachWaypoint,Active,0,0,1,850,""
131.99000000002493,"PROTECT","保护MAGIC-01",ProtectAircraft,Succeeded,1,1,1,850,""
131.99000000002493,"ESCORT_EGRESS","护送至撤离点",ReachWaypoint,Active,0,0,1,850,""
132.19000000002475,"PROTECT","保护MAGIC-01",ProtectAircraft,Succeeded,1,1,1,850,""
132.19000000002475,"ESCORT_EGRESS","护送至撤离点",ReachWaypoint,Active,0,0,1,850,""
132.39000000002457,"PROTECT","保护MAGIC-01",ProtectAircraft,Succeeded,1,1,1,850,""
132.39000000002457,"ESCORT_EGRESS","护送至撤离点",ReachWaypoint,Active,0,0,1,850,""
132.59000000002439,"PROTECT","保护MAGIC-01",ProtectAircraft,Succeeded,1,1,1,850,""
132.59000000002439,"ESCORT_EGRESS","护送至撤离点",ReachWaypoint,Active,0,0,1,850,""
132.79000000002421,"PROTECT","保护MAGIC-01",ProtectAircraft,Succeeded,1,1,1,850,""
132.79000000002421,"ESCORT_EGRESS","护送至撤离点",ReachWaypoint,Active,0,0,1,850,""
132.99000000002403,"PROTECT","保护MAGIC-01",ProtectAircraft,Succeeded,1,1,1,850,""
132.99000000002403,"ESCORT_EGRESS","护送至撤离点",ReachWaypoint,Active,0,0,1,850,""
133.19000000002384,"PROTECT","保护MAGIC-01",ProtectAircraft,Succeeded,1,1,1,850,""
133.19000000002384,"ESCORT_EGRESS","护送至撤离点",ReachWaypoint,Active,0,0,1,850,""
133.39000000002366,"PROTECT","保护MAGIC-01",ProtectAircraft,Succeeded,1,1,1,850,""
133.39000000002366,"ESCORT_EGRESS","护送至撤离点",ReachWaypoint,Active,0,0,1,850,""
133.59000000002348,"PROTECT","保护MAGIC-01",ProtectAircraft,Succeeded,1,1,1,850,""
133.59000000002348,"ESCORT_EGRESS","护送至撤离点",ReachWaypoint,Active,0,0,1,850,""
133.7900000000233,"PROTECT","保护MAGIC-01",ProtectAircraft,Succeeded,1,1,1,850,""
133.7900000000233,"ESCORT_EGRESS","护送至撤离点",ReachWaypoint,Active,0,0,1,850,""
133.99000000002312,"PROTECT","保护MAGIC-01",ProtectAircraft,Succeeded,1,1,1,850,""
133.99000000002312,"ESCORT_EGRESS","护送至撤离点",ReachWaypoint,Active,0,0,1,850,""
134.19000000002293,"PROTECT","保护MAGIC-01",ProtectAircraft,Succeeded,1,1,1,850,""
134.19000000002293,"ESCORT_EGRESS","护送至撤离点",ReachWaypoint,Active,0,0,1,850,""
134.39000000002275,"PROTECT","保护MAGIC-01",ProtectAircraft,Succeeded,1,1,1,850,""
134.39000000002275,"ESCORT_EGRESS","护送至撤离点",ReachWaypoint,Active,0,0,1,850,""
134.59000000002257,"PROTECT","保护MAGIC-01",ProtectAircraft,Succeeded,1,1,1,850,""
134.59000000002257,"ESCORT_EGRESS","护送至撤离点",ReachWaypoint,Active,0,0,1,850,""
134.79000000002239,"PROTECT","保护MAGIC-01",ProtectAircraft,Succeeded,1,1,1,850,""
134.79000000002239,"ESCORT_EGRESS","护送至撤离点",ReachWaypoint,Active,0,0,1,850,""
134.99000000002221,"PROTECT","保护MAGIC-01",ProtectAircraft,Succeeded,1,1,1,850,""
134.99000000002221,"ESCORT_EGRESS","护送至撤离点",ReachWaypoint,Active,0,0,1,850,""
135.19000000002202,"PROTECT","保护MAGIC-01",ProtectAircraft,Succeeded,1,1,1,850,""
135.19000000002202,"ESCORT_EGRESS","护送至撤离点",ReachWaypoint,Active,0,0,1,850,""
135.39000000002184,"PROTECT","保护MAGIC-01",ProtectAircraft,Succeeded,1,1,1,850,""
135.39000000002184,"ESCORT_EGRESS","护送至撤离点",ReachWaypoint,Active,0,0,1,850,""
135.59000000002166,"PROTECT","保护MAGIC-01",ProtectAircraft,Succeeded,1,1,1,850,""
135.59000000002166,"ESCORT_EGRESS","护送至撤离点",ReachWaypoint,Active,0,0,1,850,""
135.79000000002148,"PROTECT","保护MAGIC-01",ProtectAircraft,Succeeded,1,1,1,850,""
135.79000000002148,"ESCORT_EGRESS","护送至撤离点",ReachWaypoint,Active,0,0,1,850,""
135.9900000000213,"PROTECT","保护MAGIC-01",ProtectAircraft,Succeeded,1,1,1,850,""
135.9900000000213,"ESCORT_EGRESS","护送至撤离点",ReachWaypoint,Active,0,0,1,850,""
136.19000000002112,"PROTECT","保护MAGIC-01",ProtectAircraft,Succeeded,1,1,1,850,""
136.19000000002112,"ESCORT_EGRESS","护送至撤离点",ReachWaypoint,Active,0,0,1,850,""
136.39000000002093,"PROTECT","保护MAGIC-01",ProtectAircraft,Succeeded,1,1,1,850,""
136.39000000002093,"ESCORT_EGRESS","护送至撤离点",ReachWaypoint,Active,0,0,1,850,""
136.59000000002075,"PROTECT","保护MAGIC-01",ProtectAircraft,Succeeded,1,1,1,850,""
136.59000000002075,"ESCORT_EGRESS","护送至撤离点",ReachWaypoint,Active,0,0,1,850,""
136.79000000002057,"PROTECT","保护MAGIC-01",ProtectAircraft,Succeeded,1,1,1,850,""
136.79000000002057,"ESCORT_EGRESS","护送至撤离点",ReachWaypoint,Active,0,0,1,850,""
136.99000000002039,"PROTECT","保护MAGIC-01",ProtectAircraft,Succeeded,1,1,1,850,""
136.99000000002039,"ESCORT_EGRESS","护送至撤离点",ReachWaypoint,Active,0,0,1,850,""
137.19000000002021,"PROTECT","保护MAGIC-01",ProtectAircraft,Succeeded,1,1,1,850,""
137.19000000002021,"ESCORT_EGRESS","护送至撤离点",ReachWaypoint,Active,0,0,1,850,""
137.39000000002002,"PROTECT","保护MAGIC-01",ProtectAircraft,Succeeded,1,1,1,850,""
137.39000000002002,"ESCORT_EGRESS","护送至撤离点",ReachWaypoint,Active,0,0,1,850,""
137.59000000001984,"PROTECT","保护MAGIC-01",ProtectAircraft,Succeeded,1,1,1,850,""
137.59000000001984,"ESCORT_EGRESS","护送至撤离点",ReachWaypoint,Active,0,0,1,850,""
137.79000000001966,"PROTECT","保护MAGIC-01",ProtectAircraft,Succeeded,1,1,1,850,""
137.79000000001966,"ESCORT_EGRESS","护送至撤离点",ReachWaypoint,Active,0,0,1,850,""
137.99000000001948,"PROTECT","保护MAGIC-01",ProtectAircraft,Succeeded,1,1,1,850,""
137.99000000001948,"ESCORT_EGRESS","护送至撤离点",ReachWaypoint,Active,0,0,1,850,""
138.1900000000193,"PROTECT","保护MAGIC-01",ProtectAircraft,Succeeded,1,1,1,850,""
138.1900000000193,"ESCORT_EGRESS","护送至撤离点",ReachWaypoint,Active,0,0,1,850,""
138.39000000001911,"PROTECT","保护MAGIC-01",ProtectAircraft,Succeeded,1,1,1,850,""
138.39000000001911,"ESCORT_EGRESS","护送至撤离点",ReachWaypoint,Active,0,0,1,850,""
138.59000000001893,"PROTECT","保护MAGIC-01",ProtectAircraft,Succeeded,1,1,1,850,""
138.59000000001893,"ESCORT_EGRESS","护送至撤离点",ReachWaypoint,Active,0,0,1,850,""
138.79000000001875,"PROTECT","保护MAGIC-01",ProtectAircraft,Succeeded,1,1,1,850,""
138.79000000001875,"ESCORT_EGRESS","护送至撤离点",ReachWaypoint,Active,0,0,1,850,""
138.99000000001857,"PROTECT","保护MAGIC-01",ProtectAircraft,Succeeded,1,1,1,850,""
138.99000000001857,"ESCORT_EGRESS","护送至撤离点",ReachWaypoint,Active,0,0,1,850,""
139.19000000001839,"PROTECT","保护MAGIC-01",ProtectAircraft,Succeeded,1,1,1,850,""
139.19000000001839,"ESCORT_EGRESS","护送至撤离点",ReachWaypoint,Active,0,0,1,850,""
139.3900000000182,"PROTECT","保护MAGIC-01",ProtectAircraft,Succeeded,1,1,1,850,""
139.3900000000182,"ESCORT_EGRESS","护送至撤离点",ReachWaypoint,Active,0,0,1,850,""
139.59000000001802,"PROTECT","保护MAGIC-01",ProtectAircraft,Succeeded,1,1,1,850,""
139.59000000001802,"ESCORT_EGRESS","护送至撤离点",ReachWaypoint,Active,0,0,1,850,""
139.79000000001784,"PROTECT","保护MAGIC-01",ProtectAircraft,Succeeded,1,1,1,850,""
139.79000000001784,"ESCORT_EGRESS","护送至撤离点",ReachWaypoint,Active,0,0,1,850,""
139.99000000001766,"PROTECT","保护MAGIC-01",ProtectAircraft,Succeeded,1,1,1,850,""
139.99000000001766,"ESCORT_EGRESS","护送至撤离点",ReachWaypoint,Active,0,0,1,850,""
140.19000000001748,"PROTECT","保护MAGIC-01",ProtectAircraft,Succeeded,1,1,1,850,""
140.19000000001748,"ESCORT_EGRESS","护送至撤离点",ReachWaypoint,Active,0,0,1,850,""
140.3900000000173,"PROTECT","保护MAGIC-01",ProtectAircraft,Succeeded,1,1,1,850,""
140.3900000000173,"ESCORT_EGRESS","护送至撤离点",ReachWaypoint,Active,0,0,1,850,""
140.59000000001711,"PROTECT","保护MAGIC-01",ProtectAircraft,Succeeded,1,1,1,850,""
140.59000000001711,"ESCORT_EGRESS","护送至撤离点",ReachWaypoint,Active,0,0,1,850,""
140.79000000001693,"PROTECT","保护MAGIC-01",ProtectAircraft,Succeeded,1,1,1,850,""
140.79000000001693,"ESCORT_EGRESS","护送至撤离点",ReachWaypoint,Active,0,0,1,850,""
140.99000000001675,"PROTECT","保护MAGIC-01",ProtectAircraft,Succeeded,1,1,1,850,""
140.99000000001675,"ESCORT_EGRESS","护送至撤离点",ReachWaypoint,Active,0,0,1,850,""
141.19000000001657,"PROTECT","保护MAGIC-01",ProtectAircraft,Succeeded,1,1,1,850,""
141.19000000001657,"ESCORT_EGRESS","护送至撤离点",ReachWaypoint,Active,0,0,1,850,""
141.39000000001639,"PROTECT","保护MAGIC-01",ProtectAircraft,Succeeded,1,1,1,850,""
141.39000000001639,"ESCORT_EGRESS","护送至撤离点",ReachWaypoint,Active,0,0,1,850,""
141.5900000000162,"PROTECT","保护MAGIC-01",ProtectAircraft,Succeeded,1,1,1,850,""
141.5900000000162,"ESCORT_EGRESS","护送至撤离点",ReachWaypoint,Active,0,0,1,850,""
141.79000000001602,"PROTECT","保护MAGIC-01",ProtectAircraft,Succeeded,1,1,1,850,""
141.79000000001602,"ESCORT_EGRESS","护送至撤离点",ReachWaypoint,Active,0,0,1,850,""
141.99000000001584,"PROTECT","保护MAGIC-01",ProtectAircraft,Succeeded,1,1,1,850,""
141.99000000001584,"ESCORT_EGRESS","护送至撤离点",ReachWaypoint,Active,0,0,1,850,""
142.19000000001566,"PROTECT","保护MAGIC-01",ProtectAircraft,Succeeded,1,1,1,850,""
142.19000000001566,"ESCORT_EGRESS","护送至撤离点",ReachWaypoint,Active,0,0,1,850,""
142.39000000001548,"PROTECT","保护MAGIC-01",ProtectAircraft,Succeeded,1,1,1,850,""
142.39000000001548,"ESCORT_EGRESS","护送至撤离点",ReachWaypoint,Active,0,0,1,850,""
142.59000000001529,"PROTECT","保护MAGIC-01",ProtectAircraft,Succeeded,1,1,1,850,""
142.59000000001529,"ESCORT_EGRESS","护送至撤离点",ReachWaypoint,Active,0,0,1,850,""
142.79000000001511,"PROTECT","保护MAGIC-01",ProtectAircraft,Succeeded,1,1,1,850,""
142.79000000001511,"ESCORT_EGRESS","护送至撤离点",ReachWaypoint,Active,0,0,1,850,""
142.99000000001493,"PROTECT","保护MAGIC-01",ProtectAircraft,Succeeded,1,1,1,850,""
142.99000000001493,"ESCORT_EGRESS","护送至撤离点",ReachWaypoint,Active,0,0,1,850,""
143.19000000001475,"PROTECT","保护MAGIC-01",ProtectAircraft,Succeeded,1,1,1,850,""
143.19000000001475,"ESCORT_EGRESS","护送至撤离点",ReachWaypoint,Active,0,0,1,850,""
143.39000000001457,"PROTECT","保护MAGIC-01",ProtectAircraft,Succeeded,1,1,1,850,""
143.39000000001457,"ESCORT_EGRESS","护送至撤离点",ReachWaypoint,Active,0,0,1,850,""
143.59000000001438,"PROTECT","保护MAGIC-01",ProtectAircraft,Succeeded,1,1,1,850,""
143.59000000001438,"ESCORT_EGRESS","护送至撤离点",ReachWaypoint,Active,0,0,1,850,""
143.7900000000142,"PROTECT","保护MAGIC-01",ProtectAircraft,Succeeded,1,1,1,850,""
143.7900000000142,"ESCORT_EGRESS","护送至撤离点",ReachWaypoint,Active,0,0,1,850,""
143.99000000001402,"PROTECT","保护MAGIC-01",ProtectAircraft,Succeeded,1,1,1,850,""
143.99000000001402,"ESCORT_EGRESS","护送至撤离点",ReachWaypoint,Active,0,0,1,850,""
144.19000000001384,"PROTECT","保护MAGIC-01",ProtectAircraft,Succeeded,1,1,1,850,""
144.19000000001384,"ESCORT_EGRESS","护送至撤离点",ReachWaypoint,Active,0,0,1,850,""
144.39000000001366,"PROTECT","保护MAGIC-01",ProtectAircraft,Succeeded,1,1,1,850,""
144.39000000001366,"ESCORT_EGRESS","护送至撤离点",ReachWaypoint,Active,0,0,1,850,""
144.59000000001348,"PROTECT","保护MAGIC-01",ProtectAircraft,Succeeded,1,1,1,850,""
144.59000000001348,"ESCORT_EGRESS","护送至撤离点",ReachWaypoint,Active,0,0,1,850,""
144.79000000001329,"PROTECT","保护MAGIC-01",ProtectAircraft,Succeeded,1,1,1,850,""
144.79000000001329,"ESCORT_EGRESS","护送至撤离点",ReachWaypoint,Active,0,0,1,850,""
144.99000000001311,"PROTECT","保护MAGIC-01",ProtectAircraft,Succeeded,1,1,1,850,""
144.99000000001311,"ESCORT_EGRESS","护送至撤离点",ReachWaypoint,Active,0,0,1,850,""
145.19000000001293,"PROTECT","保护MAGIC-01",ProtectAircraft,Succeeded,1,1,1,850,""
145.19000000001293,"ESCORT_EGRESS","护送至撤离点",ReachWaypoint,Active,0,0,1,850,""
145.39000000001275,"PROTECT","保护MAGIC-01",ProtectAircraft,Succeeded,1,1,1,850,""
145.39000000001275,"ESCORT_EGRESS","护送至撤离点",ReachWaypoint,Active,0,0,1,850,""
145.59000000001257,"PROTECT","保护MAGIC-01",ProtectAircraft,Succeeded,1,1,1,850,""
145.59000000001257,"ESCORT_EGRESS","护送至撤离点",ReachWaypoint,Active,0,0,1,850,""
145.79000000001238,"PROTECT","保护MAGIC-01",ProtectAircraft,Succeeded,1,1,1,850,""
145.79000000001238,"ESCORT_EGRESS","护送至撤离点",ReachWaypoint,Active,0,0,1,850,""
145.9900000000122,"PROTECT","保护MAGIC-01",ProtectAircraft,Succeeded,1,1,1,850,""
145.9900000000122,"ESCORT_EGRESS","护送至撤离点",ReachWaypoint,Active,0,0,1,850,""
146.19000000001202,"PROTECT","保护MAGIC-01",ProtectAircraft,Succeeded,1,1,1,850,""
146.19000000001202,"ESCORT_EGRESS","护送至撤离点",ReachWaypoint,Active,0,0,1,850,""
146.39000000001184,"PROTECT","保护MAGIC-01",ProtectAircraft,Succeeded,1,1,1,850,""
146.39000000001184,"ESCORT_EGRESS","护送至撤离点",ReachWaypoint,Active,0,0,1,850,""
146.59000000001166,"PROTECT","保护MAGIC-01",ProtectAircraft,Succeeded,1,1,1,850,""
146.59000000001166,"ESCORT_EGRESS","护送至撤离点",ReachWaypoint,Active,0,0,1,850,""
146.79000000001147,"PROTECT","保护MAGIC-01",ProtectAircraft,Succeeded,1,1,1,850,""
146.79000000001147,"ESCORT_EGRESS","护送至撤离点",ReachWaypoint,Active,0,0,1,850,""
146.99000000001129,"PROTECT","保护MAGIC-01",ProtectAircraft,Succeeded,1,1,1,850,""
146.99000000001129,"ESCORT_EGRESS","护送至撤离点",ReachWaypoint,Active,0,0,1,850,""
147.19000000001111,"PROTECT","保护MAGIC-01",ProtectAircraft,Succeeded,1,1,1,850,""
147.19000000001111,"ESCORT_EGRESS","护送至撤离点",ReachWaypoint,Active,0,0,1,850,""
147.39000000001093,"PROTECT","保护MAGIC-01",ProtectAircraft,Succeeded,1,1,1,850,""
147.39000000001093,"ESCORT_EGRESS","护送至撤离点",ReachWaypoint,Active,0,0,1,850,""
147.59000000001075,"PROTECT","保护MAGIC-01",ProtectAircraft,Succeeded,1,1,1,850,""
147.59000000001075,"ESCORT_EGRESS","护送至撤离点",ReachWaypoint,Active,0,0,1,850,""
147.79000000001056,"PROTECT","保护MAGIC-01",ProtectAircraft,Succeeded,1,1,1,850,""
147.79000000001056,"ESCORT_EGRESS","护送至撤离点",ReachWaypoint,Active,0,0,1,850,""
147.99000000001038,"PROTECT","保护MAGIC-01",ProtectAircraft,Succeeded,1,1,1,850,""
147.99000000001038,"ESCORT_EGRESS","护送至撤离点",ReachWaypoint,Active,0,0,1,850,""
148.1900000000102,"PROTECT","保护MAGIC-01",ProtectAircraft,Succeeded,1,1,1,850,""
148.1900000000102,"ESCORT_EGRESS","护送至撤离点",ReachWaypoint,Active,0,0,1,850,""
148.39000000001002,"PROTECT","保护MAGIC-01",ProtectAircraft,Succeeded,1,1,1,850,""
148.39000000001002,"ESCORT_EGRESS","护送至撤离点",ReachWaypoint,Active,0,0,1,850,""
148.59000000000984,"PROTECT","保护MAGIC-01",ProtectAircraft,Succeeded,1,1,1,850,""
148.59000000000984,"ESCORT_EGRESS","护送至撤离点",ReachWaypoint,Active,0,0,1,850,""
148.79000000000966,"PROTECT","保护MAGIC-01",ProtectAircraft,Succeeded,1,1,1,850,""
148.79000000000966,"ESCORT_EGRESS","护送至撤离点",ReachWaypoint,Active,0,0,1,850,""
148.99000000000947,"PROTECT","保护MAGIC-01",ProtectAircraft,Succeeded,1,1,1,850,""
148.99000000000947,"ESCORT_EGRESS","护送至撤离点",ReachWaypoint,Active,0,0,1,850,""
149.19000000000929,"PROTECT","保护MAGIC-01",ProtectAircraft,Succeeded,1,1,1,850,""
149.19000000000929,"ESCORT_EGRESS","护送至撤离点",ReachWaypoint,Active,0,0,1,850,""
149.39000000000911,"PROTECT","保护MAGIC-01",ProtectAircraft,Succeeded,1,1,1,850,""
149.39000000000911,"ESCORT_EGRESS","护送至撤离点",ReachWaypoint,Active,0,0,1,850,""
149.59000000000893,"PROTECT","保护MAGIC-01",ProtectAircraft,Succeeded,1,1,1,850,""
149.59000000000893,"ESCORT_EGRESS","护送至撤离点",ReachWaypoint,Active,0,0,1,850,""
149.79000000000875,"PROTECT","保护MAGIC-01",ProtectAircraft,Succeeded,1,1,1,850,""
149.79000000000875,"ESCORT_EGRESS","护送至撤离点",ReachWaypoint,Active,0,0,1,850,""
149.99000000000856,"PROTECT","保护MAGIC-01",ProtectAircraft,Succeeded,1,1,1,850,""
149.99000000000856,"ESCORT_EGRESS","护送至撤离点",ReachWaypoint,Active,0,0,1,850,""
150.19000000000838,"PROTECT","保护MAGIC-01",ProtectAircraft,Succeeded,1,1,1,850,""
150.19000000000838,"ESCORT_EGRESS","护送至撤离点",ReachWaypoint,Active,0,0,1,850,""
150.3900000000082,"PROTECT","保护MAGIC-01",ProtectAircraft,Succeeded,1,1,1,850,""
150.3900000000082,"ESCORT_EGRESS","护送至撤离点",ReachWaypoint,Active,0,0,1,850,""
150.59000000000802,"PROTECT","保护MAGIC-01",ProtectAircraft,Succeeded,1,1,1,850,""
150.59000000000802,"ESCORT_EGRESS","护送至撤离点",ReachWaypoint,Active,0,0,1,850,""
150.79000000000784,"PROTECT","保护MAGIC-01",ProtectAircraft,Succeeded,1,1,1,850,""
150.79000000000784,"ESCORT_EGRESS","护送至撤离点",ReachWaypoint,Active,0,0,1,850,""
150.99000000000765,"PROTECT","保护MAGIC-01",ProtectAircraft,Succeeded,1,1,1,850,""
150.99000000000765,"ESCORT_EGRESS","护送至撤离点",ReachWaypoint,Active,0,0,1,850,""
151.19000000000747,"PROTECT","保护MAGIC-01",ProtectAircraft,Succeeded,1,1,1,850,""
151.19000000000747,"ESCORT_EGRESS","护送至撤离点",ReachWaypoint,Active,0,0,1,850,""
151.39000000000729,"PROTECT","保护MAGIC-01",ProtectAircraft,Succeeded,1,1,1,850,""
151.39000000000729,"ESCORT_EGRESS","护送至撤离点",ReachWaypoint,Active,0,0,1,850,""
151.59000000000711,"PROTECT","保护MAGIC-01",ProtectAircraft,Succeeded,1,1,1,850,""
151.59000000000711,"ESCORT_EGRESS","护送至撤离点",ReachWaypoint,Active,0,0,1,850,""
151.79000000000693,"PROTECT","保护MAGIC-01",ProtectAircraft,Succeeded,1,1,1,850,""
151.79000000000693,"ESCORT_EGRESS","护送至撤离点",ReachWaypoint,Active,0,0,1,850,""
151.99000000000675,"PROTECT","保护MAGIC-01",ProtectAircraft,Succeeded,1,1,1,850,""
151.99000000000675,"ESCORT_EGRESS","护送至撤离点",ReachWaypoint,Active,0,0,1,850,""
152.19000000000656,"PROTECT","保护MAGIC-01",ProtectAircraft,Succeeded,1,1,1,850,""
152.19000000000656,"ESCORT_EGRESS","护送至撤离点",ReachWaypoint,Active,0,0,1,850,""
152.39000000000638,"PROTECT","保护MAGIC-01",ProtectAircraft,Succeeded,1,1,1,850,""
152.39000000000638,"ESCORT_EGRESS","护送至撤离点",ReachWaypoint,Active,0,0,1,850,""
152.5900000000062,"PROTECT","保护MAGIC-01",ProtectAircraft,Succeeded,1,1,1,850,""
152.5900000000062,"ESCORT_EGRESS","护送至撤离点",ReachWaypoint,Active,0,0,1,850,""
152.79000000000602,"PROTECT","保护MAGIC-01",ProtectAircraft,Succeeded,1,1,1,850,""
152.79000000000602,"ESCORT_EGRESS","护送至撤离点",ReachWaypoint,Active,0,0,1,850,""
152.99000000000584,"PROTECT","保护MAGIC-01",ProtectAircraft,Succeeded,1,1,1,850,""
152.99000000000584,"ESCORT_EGRESS","护送至撤离点",ReachWaypoint,Active,0,0,1,850,""
153.19000000000565,"PROTECT","保护MAGIC-01",ProtectAircraft,Succeeded,1,1,1,850,""
153.19000000000565,"ESCORT_EGRESS","护送至撤离点",ReachWaypoint,Active,0,0,1,850,""
153.39000000000547,"PROTECT","保护MAGIC-01",ProtectAircraft,Succeeded,1,1,1,850,""
153.39000000000547,"ESCORT_EGRESS","护送至撤离点",ReachWaypoint,Active,0,0,1,850,""
153.59000000000529,"PROTECT","保护MAGIC-01",ProtectAircraft,Succeeded,1,1,1,850,""
153.59000000000529,"ESCORT_EGRESS","护送至撤离点",ReachWaypoint,Active,0,0,1,850,""
153.79000000000511,"PROTECT","保护MAGIC-01",ProtectAircraft,Succeeded,1,1,1,850,""
153.79000000000511,"ESCORT_EGRESS","护送至撤离点",ReachWaypoint,Active,0,0,1,850,""
153.99000000000493,"PROTECT","保护MAGIC-01",ProtectAircraft,Succeeded,1,1,1,850,""
153.99000000000493,"ESCORT_EGRESS","护送至撤离点",ReachWaypoint,Active,0,0,1,850,""
154.19000000000474,"PROTECT","保护MAGIC-01",ProtectAircraft,Succeeded,1,1,1,850,""
154.19000000000474,"ESCORT_EGRESS","护送至撤离点",ReachWaypoint,Active,0,0,1,850,""
154.39000000000456,"PROTECT","保护MAGIC-01",ProtectAircraft,Succeeded,1,1,1,850,""
154.39000000000456,"ESCORT_EGRESS","护送至撤离点",ReachWaypoint,Active,0,0,1,850,""
154.59000000000438,"PROTECT","保护MAGIC-01",ProtectAircraft,Succeeded,1,1,1,850,""
154.59000000000438,"ESCORT_EGRESS","护送至撤离点",ReachWaypoint,Active,0,0,1,850,""
154.7900000000042,"PROTECT","保护MAGIC-01",ProtectAircraft,Succeeded,1,1,1,850,""
154.7900000000042,"ESCORT_EGRESS","护送至撤离点",ReachWaypoint,Active,0,0,1,850,""
154.99000000000402,"PROTECT","保护MAGIC-01",ProtectAircraft,Succeeded,1,1,1,850,""
154.99000000000402,"ESCORT_EGRESS","护送至撤离点",ReachWaypoint,Active,0,0,1,850,""
155.19000000000383,"PROTECT","保护MAGIC-01",ProtectAircraft,Succeeded,1,1,1,850,""
155.19000000000383,"ESCORT_EGRESS","护送至撤离点",ReachWaypoint,Active,0,0,1,850,""
155.39000000000365,"PROTECT","保护MAGIC-01",ProtectAircraft,Succeeded,1,1,1,850,""
155.39000000000365,"ESCORT_EGRESS","护送至撤离点",ReachWaypoint,Active,0,0,1,850,""
155.59000000000347,"PROTECT","保护MAGIC-01",ProtectAircraft,Succeeded,1,1,1,850,""
155.59000000000347,"ESCORT_EGRESS","护送至撤离点",ReachWaypoint,Active,0,0,1,850,""
155.79000000000329,"PROTECT","保护MAGIC-01",ProtectAircraft,Succeeded,1,1,1,850,""
155.79000000000329,"ESCORT_EGRESS","护送至撤离点",ReachWaypoint,Active,0,0,1,850,""
155.99000000000311,"PROTECT","保护MAGIC-01",ProtectAircraft,Succeeded,1,1,1,850,""
155.99000000000311,"ESCORT_EGRESS","护送至撤离点",ReachWaypoint,Active,0,0,1,850,""
156.19000000000293,"PROTECT","保护MAGIC-01",ProtectAircraft,Succeeded,1,1,1,850,""
156.19000000000293,"ESCORT_EGRESS","护送至撤离点",ReachWaypoint,Active,0,0,1,850,""
156.39000000000274,"PROTECT","保护MAGIC-01",ProtectAircraft,Succeeded,1,1,1,850,""
156.39000000000274,"ESCORT_EGRESS","护送至撤离点",ReachWaypoint,Active,0,0,1,850,""
156.59000000000256,"PROTECT","保护MAGIC-01",ProtectAircraft,Succeeded,1,1,1,850,""
156.59000000000256,"ESCORT_EGRESS","护送至撤离点",ReachWaypoint,Active,0,0,1,850,""
156.79000000000238,"PROTECT","保护MAGIC-01",ProtectAircraft,Succeeded,1,1,1,850,""
156.79000000000238,"ESCORT_EGRESS","护送至撤离点",ReachWaypoint,Active,0,0,1,850,""
156.9900000000022,"PROTECT","保护MAGIC-01",ProtectAircraft,Succeeded,1,1,1,850,""
156.9900000000022,"ESCORT_EGRESS","护送至撤离点",ReachWaypoint,Active,0,0,1,850,""
157.19000000000202,"PROTECT","保护MAGIC-01",ProtectAircraft,Succeeded,1,1,1,850,""
157.19000000000202,"ESCORT_EGRESS","护送至撤离点",ReachWaypoint,Active,0,0,1,850,""
157.39000000000183,"PROTECT","保护MAGIC-01",ProtectAircraft,Succeeded,1,1,1,850,""
157.39000000000183,"ESCORT_EGRESS","护送至撤离点",ReachWaypoint,Active,0,0,1,850,""
157.59000000000165,"PROTECT","保护MAGIC-01",ProtectAircraft,Succeeded,1,1,1,850,""
157.59000000000165,"ESCORT_EGRESS","护送至撤离点",ReachWaypoint,Active,0,0,1,850,""
157.79000000000147,"PROTECT","保护MAGIC-01",ProtectAircraft,Succeeded,1,1,1,850,""
157.79000000000147,"ESCORT_EGRESS","护送至撤离点",ReachWaypoint,Active,0,0,1,850,""
157.99000000000129,"PROTECT","保护MAGIC-01",ProtectAircraft,Succeeded,1,1,1,850,""
157.99000000000129,"ESCORT_EGRESS","护送至撤离点",ReachWaypoint,Active,0,0,1,850,""
158.19000000000111,"PROTECT","保护MAGIC-01",ProtectAircraft,Succeeded,1,1,1,850,""
158.19000000000111,"ESCORT_EGRESS","护送至撤离点",ReachWaypoint,Active,0,0,1,850,""
158.39000000000092,"PROTECT","保护MAGIC-01",ProtectAircraft,Succeeded,1,1,1,850,""
158.39000000000092,"ESCORT_EGRESS","护送至撤离点",ReachWaypoint,Active,0,0,1,850,""
158.59000000000074,"PROTECT","保护MAGIC-01",ProtectAircraft,Succeeded,1,1,1,850,""
158.59000000000074,"ESCORT_EGRESS","护送至撤离点",ReachWaypoint,Active,0,0,1,850,""
158.79000000000056,"PROTECT","保护MAGIC-01",ProtectAircraft,Succeeded,1,1,1,850,""
158.79000000000056,"ESCORT_EGRESS","护送至撤离点",ReachWaypoint,Active,0,0,1,850,""
158.99000000000038,"PROTECT","保护MAGIC-01",ProtectAircraft,Succeeded,1,1,1,850,""
158.99000000000038,"ESCORT_EGRESS","护送至撤离点",ReachWaypoint,Active,0,0,1,850,""
159.1900000000002,"PROTECT","保护MAGIC-01",ProtectAircraft,Succeeded,1,1,1,850,""
159.1900000000002,"ESCORT_EGRESS","护送至撤离点",ReachWaypoint,Active,0,0,1,850,""
159.39000000000001,"PROTECT","保护MAGIC-01",ProtectAircraft,Succeeded,1,1,1,850,""
159.39000000000001,"ESCORT_EGRESS","护送至撤离点",ReachWaypoint,Active,0,0,1,850,""
159.58999999999983,"PROTECT","保护MAGIC-01",ProtectAircraft,Succeeded,1,1,1,850,""
159.58999999999983,"ESCORT_EGRESS","护送至撤离点",ReachWaypoint,Active,0,0,1,850,""
159.78999999999965,"PROTECT","保护MAGIC-01",ProtectAircraft,Succeeded,1,1,1,850,""
159.78999999999965,"ESCORT_EGRESS","护送至撤离点",ReachWaypoint,Active,0,0,1,850,""
159.98999999999947,"PROTECT","保护MAGIC-01",ProtectAircraft,Succeeded,1,1,1,850,""
159.98999999999947,"ESCORT_EGRESS","护送至撤离点",ReachWaypoint,Active,0,0,1,850,""
160.18999999999929,"PROTECT","保护MAGIC-01",ProtectAircraft,Succeeded,1,1,1,850,""
160.18999999999929,"ESCORT_EGRESS","护送至撤离点",ReachWaypoint,Active,0,0,1,850,""
160.38999999999911,"PROTECT","保护MAGIC-01",ProtectAircraft,Succeeded,1,1,1,850,""
160.38999999999911,"ESCORT_EGRESS","护送至撤离点",ReachWaypoint,Active,0,0,1,850,""
160.58999999999892,"PROTECT","保护MAGIC-01",ProtectAircraft,Succeeded,1,1,1,850,""
160.58999999999892,"ESCORT_EGRESS","护送至撤离点",ReachWaypoint,Active,0,0,1,850,""
160.78999999999874,"PROTECT","保护MAGIC-01",ProtectAircraft,Succeeded,1,1,1,850,""
160.78999999999874,"ESCORT_EGRESS","护送至撤离点",ReachWaypoint,Active,0,0,1,850,""
160.98999999999856,"PROTECT","保护MAGIC-01",ProtectAircraft,Succeeded,1,1,1,850,""
160.98999999999856,"ESCORT_EGRESS","护送至撤离点",ReachWaypoint,Active,0,0,1,850,""
161.18999999999838,"PROTECT","保护MAGIC-01",ProtectAircraft,Succeeded,1,1,1,850,""
161.18999999999838,"ESCORT_EGRESS","护送至撤离点",ReachWaypoint,Active,0,0,1,850,""
161.3899999999982,"PROTECT","保护MAGIC-01",ProtectAircraft,Succeeded,1,1,1,850,""
161.3899999999982,"ESCORT_EGRESS","护送至撤离点",ReachWaypoint,Active,0,0,1,850,""
161.589999999998,"PROTECT","保护MAGIC-01",ProtectAircraft,Succeeded,1,1,1,850,""
161.589999999998,"ESCORT_EGRESS","护送至撤离点",ReachWaypoint,Active,0,0,1,850,""
161.78999999999783,"PROTECT","保护MAGIC-01",ProtectAircraft,Succeeded,1,1,1,850,""
161.78999999999783,"ESCORT_EGRESS","护送至撤离点",ReachWaypoint,Active,0,0,1,850,""
161.98999999999765,"PROTECT","保护MAGIC-01",ProtectAircraft,Succeeded,1,1,1,850,""
161.98999999999765,"ESCORT_EGRESS","护送至撤离点",ReachWaypoint,Active,0,0,1,850,""
162.18999999999747,"PROTECT","保护MAGIC-01",ProtectAircraft,Succeeded,1,1,1,850,""
162.18999999999747,"ESCORT_EGRESS","护送至撤离点",ReachWaypoint,Active,0,0,1,850,""
162.38999999999729,"PROTECT","保护MAGIC-01",ProtectAircraft,Succeeded,1,1,1,850,""
162.38999999999729,"ESCORT_EGRESS","护送至撤离点",ReachWaypoint,Active,0,0,1,850,""
162.5899999999971,"PROTECT","保护MAGIC-01",ProtectAircraft,Succeeded,1,1,1,850,""
162.5899999999971,"ESCORT_EGRESS","护送至撤离点",ReachWaypoint,Active,0,0,1,850,""
162.78999999999692,"PROTECT","保护MAGIC-01",ProtectAircraft,Succeeded,1,1,1,850,""
162.78999999999692,"ESCORT_EGRESS","护送至撤离点",ReachWaypoint,Active,0,0,1,850,""
162.98999999999674,"PROTECT","保护MAGIC-01",ProtectAircraft,Succeeded,1,1,1,850,""
162.98999999999674,"ESCORT_EGRESS","护送至撤离点",ReachWaypoint,Active,0,0,1,850,""
163.18999999999656,"PROTECT","保护MAGIC-01",ProtectAircraft,Succeeded,1,1,1,850,""
163.18999999999656,"ESCORT_EGRESS","护送至撤离点",ReachWaypoint,Active,0,0,1,850,""
163.38999999999638,"PROTECT","保护MAGIC-01",ProtectAircraft,Succeeded,1,1,1,850,""
163.38999999999638,"ESCORT_EGRESS","护送至撤离点",ReachWaypoint,Active,0,0,1,850,""
163.58999999999619,"PROTECT","保护MAGIC-01",ProtectAircraft,Succeeded,1,1,1,850,""
163.58999999999619,"ESCORT_EGRESS","护送至撤离点",ReachWaypoint,Active,0,0,1,850,""
163.789999999996,"PROTECT","保护MAGIC-01",ProtectAircraft,Succeeded,1,1,1,850,""
163.789999999996,"ESCORT_EGRESS","护送至撤离点",ReachWaypoint,Active,0,0,1,850,""
163.98999999999583,"PROTECT","保护MAGIC-01",ProtectAircraft,Succeeded,1,1,1,850,""
163.98999999999583,"ESCORT_EGRESS","护送至撤离点",ReachWaypoint,Active,0,0,1,850,""
164.18999999999565,"PROTECT","保护MAGIC-01",ProtectAircraft,Succeeded,1,1,1,850,""
164.18999999999565,"ESCORT_EGRESS","护送至撤离点",ReachWaypoint,Active,0,0,1,850,""
164.38999999999547,"PROTECT","保护MAGIC-01",ProtectAircraft,Succeeded,1,1,1,850,""
164.38999999999547,"ESCORT_EGRESS","护送至撤离点",ReachWaypoint,Active,0,0,1,850,""
164.58999999999529,"PROTECT","保护MAGIC-01",ProtectAircraft,Succeeded,1,1,1,850,""
164.58999999999529,"ESCORT_EGRESS","护送至撤离点",ReachWaypoint,Active,0,0,1,850,""
164.7899999999951,"PROTECT","保护MAGIC-01",ProtectAircraft,Succeeded,1,1,1,850,""
164.7899999999951,"ESCORT_EGRESS","护送至撤离点",ReachWaypoint,Active,0,0,1,850,""
164.98999999999492,"PROTECT","保护MAGIC-01",ProtectAircraft,Succeeded,1,1,1,850,""
164.98999999999492,"ESCORT_EGRESS","护送至撤离点",ReachWaypoint,Active,0,0,1,850,""
165.18999999999474,"PROTECT","保护MAGIC-01",ProtectAircraft,Succeeded,1,1,1,850,""
165.18999999999474,"ESCORT_EGRESS","护送至撤离点",ReachWaypoint,Active,0,0,1,850,""
165.38999999999456,"PROTECT","保护MAGIC-01",ProtectAircraft,Succeeded,1,1,1,850,""
165.38999999999456,"ESCORT_EGRESS","护送至撤离点",ReachWaypoint,Active,0,0,1,850,""
165.58999999999438,"PROTECT","保护MAGIC-01",ProtectAircraft,Succeeded,1,1,1,850,""
165.58999999999438,"ESCORT_EGRESS","护送至撤离点",ReachWaypoint,Active,0,0,1,850,""
165.78999999999419,"PROTECT","保护MAGIC-01",ProtectAircraft,Succeeded,1,1,1,850,""
165.78999999999419,"ESCORT_EGRESS","护送至撤离点",ReachWaypoint,Active,0,0,1,850,""
165.989999999994,"PROTECT","保护MAGIC-01",ProtectAircraft,Succeeded,1,1,1,850,""
165.989999999994,"ESCORT_EGRESS","护送至撤离点",ReachWaypoint,Active,0,0,1,850,""
166.18999999999383,"PROTECT","保护MAGIC-01",ProtectAircraft,Succeeded,1,1,1,850,""
166.18999999999383,"ESCORT_EGRESS","护送至撤离点",ReachWaypoint,Active,0,0,1,850,""
166.38999999999365,"PROTECT","保护MAGIC-01",ProtectAircraft,Succeeded,1,1,1,850,""
166.38999999999365,"ESCORT_EGRESS","护送至撤离点",ReachWaypoint,Active,0,0,1,850,""
166.58999999999347,"PROTECT","保护MAGIC-01",ProtectAircraft,Succeeded,1,1,1,850,""
166.58999999999347,"ESCORT_EGRESS","护送至撤离点",ReachWaypoint,Active,0,0,1,850,""
166.78999999999328,"PROTECT","保护MAGIC-01",ProtectAircraft,Succeeded,1,1,1,850,""
166.78999999999328,"ESCORT_EGRESS","护送至撤离点",ReachWaypoint,Active,0,0,1,850,""
166.9899999999931,"PROTECT","保护MAGIC-01",ProtectAircraft,Succeeded,1,1,1,850,""
166.9899999999931,"ESCORT_EGRESS","护送至撤离点",ReachWaypoint,Active,0,0,1,850,""
167.18999999999292,"PROTECT","保护MAGIC-01",ProtectAircraft,Succeeded,1,1,1,850,""
167.18999999999292,"ESCORT_EGRESS","护送至撤离点",ReachWaypoint,Active,0,0,1,850,""
167.38999999999274,"PROTECT","保护MAGIC-01",ProtectAircraft,Succeeded,1,1,1,850,""
167.38999999999274,"ESCORT_EGRESS","护送至撤离点",ReachWaypoint,Active,0,0,1,850,""
167.58999999999256,"PROTECT","保护MAGIC-01",ProtectAircraft,Succeeded,1,1,1,850,""
167.58999999999256,"ESCORT_EGRESS","护送至撤离点",ReachWaypoint,Active,0,0,1,850,""
167.78999999999238,"PROTECT","保护MAGIC-01",ProtectAircraft,Succeeded,1,1,1,850,""
167.78999999999238,"ESCORT_EGRESS","护送至撤离点",ReachWaypoint,Active,0,0,1,850,""
167.98999999999219,"PROTECT","保护MAGIC-01",ProtectAircraft,Succeeded,1,1,1,850,""
167.98999999999219,"ESCORT_EGRESS","护送至撤离点",ReachWaypoint,Active,0,0,1,850,""
168.189999999992,"PROTECT","保护MAGIC-01",ProtectAircraft,Succeeded,1,1,1,850,""
168.189999999992,"ESCORT_EGRESS","护送至撤离点",ReachWaypoint,Active,0,0,1,850,""
168.38999999999183,"PROTECT","保护MAGIC-01",ProtectAircraft,Succeeded,1,1,1,850,""
168.38999999999183,"ESCORT_EGRESS","护送至撤离点",ReachWaypoint,Active,0,0,1,850,""
168.58999999999165,"PROTECT","保护MAGIC-01",ProtectAircraft,Succeeded,1,1,1,850,""
168.58999999999165,"ESCORT_EGRESS","护送至撤离点",ReachWaypoint,Active,0,0,1,850,""
168.78999999999147,"PROTECT","保护MAGIC-01",ProtectAircraft,Succeeded,1,1,1,850,""
168.78999999999147,"ESCORT_EGRESS","护送至撤离点",ReachWaypoint,Active,0,0,1,850,""
168.98999999999128,"PROTECT","保护MAGIC-01",ProtectAircraft,Succeeded,1,1,1,850,""
168.98999999999128,"ESCORT_EGRESS","护送至撤离点",ReachWaypoint,Active,0,0,1,850,""
169.1899999999911,"PROTECT","保护MAGIC-01",ProtectAircraft,Succeeded,1,1,1,850,""
169.1899999999911,"ESCORT_EGRESS","护送至撤离点",ReachWaypoint,Active,0,0,1,850,""
169.38999999999092,"PROTECT","保护MAGIC-01",ProtectAircraft,Succeeded,1,1,1,850,""
169.38999999999092,"ESCORT_EGRESS","护送至撤离点",ReachWaypoint,Active,0,0,1,850,""
169.58999999999074,"PROTECT","保护MAGIC-01",ProtectAircraft,Succeeded,1,1,1,850,""
169.58999999999074,"ESCORT_EGRESS","护送至撤离点",ReachWaypoint,Active,0,0,1,850,""
169.78999999999056,"PROTECT","保护MAGIC-01",ProtectAircraft,Succeeded,1,1,1,850,""
169.78999999999056,"ESCORT_EGRESS","护送至撤离点",ReachWaypoint,Active,0,0,1,850,""
169.98999999999037,"PROTECT","保护MAGIC-01",ProtectAircraft,Succeeded,1,1,1,850,""
169.98999999999037,"ESCORT_EGRESS","护送至撤离点",ReachWaypoint,Active,0,0,1,850,""
170.18999999999019,"PROTECT","保护MAGIC-01",ProtectAircraft,Succeeded,1,1,1,850,""
170.18999999999019,"ESCORT_EGRESS","护送至撤离点",ReachWaypoint,Active,0,0,1,850,""
170.38999999999,"PROTECT","保护MAGIC-01",ProtectAircraft,Succeeded,1,1,1,850,""
170.38999999999,"ESCORT_EGRESS","护送至撤离点",ReachWaypoint,Active,0,0,1,850,""
170.58999999998983,"PROTECT","保护MAGIC-01",ProtectAircraft,Succeeded,1,1,1,850,""
170.58999999998983,"ESCORT_EGRESS","护送至撤离点",ReachWaypoint,Active,0,0,1,850,""
170.78999999998965,"PROTECT","保护MAGIC-01",ProtectAircraft,Succeeded,1,1,1,850,""
170.78999999998965,"ESCORT_EGRESS","护送至撤离点",ReachWaypoint,Active,0,0,1,850,""
170.98999999998946,"PROTECT","保护MAGIC-01",ProtectAircraft,Succeeded,1,1,1,850,""
170.98999999998946,"ESCORT_EGRESS","护送至撤离点",ReachWaypoint,Active,0,0,1,850,""
171.18999999998928,"PROTECT","保护MAGIC-01",ProtectAircraft,Succeeded,1,1,1,850,""
171.18999999998928,"ESCORT_EGRESS","护送至撤离点",ReachWaypoint,Active,0,0,1,850,""
171.3899999999891,"PROTECT","保护MAGIC-01",ProtectAircraft,Succeeded,1,1,1,850,""
171.3899999999891,"ESCORT_EGRESS","护送至撤离点",ReachWaypoint,Active,0,0,1,850,""
171.58999999998892,"PROTECT","保护MAGIC-01",ProtectAircraft,Succeeded,1,1,1,850,""
171.58999999998892,"ESCORT_EGRESS","护送至撤离点",ReachWaypoint,Active,0,0,1,850,""
171.78999999998874,"PROTECT","保护MAGIC-01",ProtectAircraft,Succeeded,1,1,1,850,""
171.78999999998874,"ESCORT_EGRESS","护送至撤离点",ReachWaypoint,Active,0,0,1,850,""
171.98999999998856,"PROTECT","保护MAGIC-01",ProtectAircraft,Succeeded,1,1,1,850,""
171.98999999998856,"ESCORT_EGRESS","护送至撤离点",ReachWaypoint,Active,0,0,1,850,""
172.18999999998837,"PROTECT","保护MAGIC-01",ProtectAircraft,Succeeded,1,1,1,850,""
172.18999999998837,"ESCORT_EGRESS","护送至撤离点",ReachWaypoint,Active,0,0,1,850,""
172.38999999998819,"PROTECT","保护MAGIC-01",ProtectAircraft,Succeeded,1,1,1,850,""
172.38999999998819,"ESCORT_EGRESS","护送至撤离点",ReachWaypoint,Active,0,0,1,850,""
172.589999999988,"PROTECT","保护MAGIC-01",ProtectAircraft,Succeeded,1,1,1,850,""
172.589999999988,"ESCORT_EGRESS","护送至撤离点",ReachWaypoint,Active,0,0,1,850,""
172.78999999998783,"PROTECT","保护MAGIC-01",ProtectAircraft,Succeeded,1,1,1,850,""
172.78999999998783,"ESCORT_EGRESS","护送至撤离点",ReachWaypoint,Active,0,0,1,850,""
172.98999999998765,"PROTECT","保护MAGIC-01",ProtectAircraft,Succeeded,1,1,1,850,""
172.98999999998765,"ESCORT_EGRESS","护送至撤离点",ReachWaypoint,Active,0,0,1,850,""
173.18999999998746,"PROTECT","保护MAGIC-01",ProtectAircraft,Succeeded,1,1,1,850,""
173.18999999998746,"ESCORT_EGRESS","护送至撤离点",ReachWaypoint,Active,0,0,1,850,""
173.38999999998728,"PROTECT","保护MAGIC-01",ProtectAircraft,Succeeded,1,1,1,850,""
173.38999999998728,"ESCORT_EGRESS","护送至撤离点",ReachWaypoint,Active,0,0,1,850,""
173.5899999999871,"PROTECT","保护MAGIC-01",ProtectAircraft,Succeeded,1,1,1,850,""
173.5899999999871,"ESCORT_EGRESS","护送至撤离点",ReachWaypoint,Active,0,0,1,850,""
173.78999999998692,"PROTECT","保护MAGIC-01",ProtectAircraft,Succeeded,1,1,1,850,""
173.78999999998692,"ESCORT_EGRESS","护送至撤离点",ReachWaypoint,Active,0,0,1,850,""
173.98999999998674,"PROTECT","保护MAGIC-01",ProtectAircraft,Succeeded,1,1,1,850,""
173.98999999998674,"ESCORT_EGRESS","护送至撤离点",ReachWaypoint,Active,0,0,1,850,""
174.18999999998655,"PROTECT","保护MAGIC-01",ProtectAircraft,Succeeded,1,1,1,850,""
174.18999999998655,"ESCORT_EGRESS","护送至撤离点",ReachWaypoint,Active,0,0,1,850,""
174.38999999998637,"PROTECT","保护MAGIC-01",ProtectAircraft,Succeeded,1,1,1,850,""
174.38999999998637,"ESCORT_EGRESS","护送至撤离点",ReachWaypoint,Active,0,0,1,850,""
174.58999999998619,"PROTECT","保护MAGIC-01",ProtectAircraft,Succeeded,1,1,1,850,""
174.58999999998619,"ESCORT_EGRESS","护送至撤离点",ReachWaypoint,Active,0,0,1,850,""
174.789999999986,"PROTECT","保护MAGIC-01",ProtectAircraft,Succeeded,1,1,1,850,""
174.789999999986,"ESCORT_EGRESS","护送至撤离点",ReachWaypoint,Active,0,0,1,850,""
174.98999999998583,"PROTECT","保护MAGIC-01",ProtectAircraft,Succeeded,1,1,1,850,""
174.98999999998583,"ESCORT_EGRESS","护送至撤离点",ReachWaypoint,Active,0,0,1,850,""
175.18999999998564,"PROTECT","保护MAGIC-01",ProtectAircraft,Succeeded,1,1,1,850,""
175.18999999998564,"ESCORT_EGRESS","护送至撤离点",ReachWaypoint,Active,0,0,1,850,""
175.38999999998546,"PROTECT","保护MAGIC-01",ProtectAircraft,Succeeded,1,1,1,850,""
175.38999999998546,"ESCORT_EGRESS","护送至撤离点",ReachWaypoint,Active,0,0,1,850,""
175.58999999998528,"PROTECT","保护MAGIC-01",ProtectAircraft,Succeeded,1,1,1,850,""
175.58999999998528,"ESCORT_EGRESS","护送至撤离点",ReachWaypoint,Active,0,0,1,850,""
175.7899999999851,"PROTECT","保护MAGIC-01",ProtectAircraft,Succeeded,1,1,1,850,""
175.7899999999851,"ESCORT_EGRESS","护送至撤离点",ReachWaypoint,Active,0,0,1,850,""
175.98999999998492,"PROTECT","保护MAGIC-01",ProtectAircraft,Succeeded,1,1,1,850,""
175.98999999998492,"ESCORT_EGRESS","护送至撤离点",ReachWaypoint,Active,0,0,1,850,""
176.18999999998474,"PROTECT","保护MAGIC-01",ProtectAircraft,Succeeded,1,1,1,850,""
176.18999999998474,"ESCORT_EGRESS","护送至撤离点",ReachWaypoint,Active,0,0,1,850,""
176.38999999998455,"PROTECT","保护MAGIC-01",ProtectAircraft,Succeeded,1,1,1,850,""
176.38999999998455,"ESCORT_EGRESS","护送至撤离点",ReachWaypoint,Active,0,0,1,850,""
176.58999999998437,"PROTECT","保护MAGIC-01",ProtectAircraft,Succeeded,1,1,1,850,""
176.58999999998437,"ESCORT_EGRESS","护送至撤离点",ReachWaypoint,Active,0,0,1,850,""
176.78999999998419,"PROTECT","保护MAGIC-01",ProtectAircraft,Succeeded,1,1,1,850,""
176.78999999998419,"ESCORT_EGRESS","护送至撤离点",ReachWaypoint,Active,0,0,1,850,""
176.989999999984,"PROTECT","保护MAGIC-01",ProtectAircraft,Succeeded,1,1,1,850,""
176.989999999984,"ESCORT_EGRESS","护送至撤离点",ReachWaypoint,Active,0,0,1,850,""
177.18999999998383,"PROTECT","保护MAGIC-01",ProtectAircraft,Succeeded,1,1,1,850,""
177.18999999998383,"ESCORT_EGRESS","护送至撤离点",ReachWaypoint,Active,0,0,1,850,""
177.38999999998364,"PROTECT","保护MAGIC-01",ProtectAircraft,Succeeded,1,1,1,850,""
177.38999999998364,"ESCORT_EGRESS","护送至撤离点",ReachWaypoint,Active,0,0,1,850,""
177.58999999998346,"PROTECT","保护MAGIC-01",ProtectAircraft,Succeeded,1,1,1,850,""
177.58999999998346,"ESCORT_EGRESS","护送至撤离点",ReachWaypoint,Active,0,0,1,850,""
177.78999999998328,"PROTECT","保护MAGIC-01",ProtectAircraft,Succeeded,1,1,1,850,""
177.78999999998328,"ESCORT_EGRESS","护送至撤离点",ReachWaypoint,Active,0,0,1,850,""
177.9899999999831,"PROTECT","保护MAGIC-01",ProtectAircraft,Succeeded,1,1,1,850,""
177.9899999999831,"ESCORT_EGRESS","护送至撤离点",ReachWaypoint,Active,0,0,1,850,""
178.18999999998292,"PROTECT","保护MAGIC-01",ProtectAircraft,Succeeded,1,1,1,850,""
178.18999999998292,"ESCORT_EGRESS","护送至撤离点",ReachWaypoint,Active,0,0,1,850,""
178.38999999998273,"PROTECT","保护MAGIC-01",ProtectAircraft,Succeeded,1,1,1,850,""
178.38999999998273,"ESCORT_EGRESS","护送至撤离点",ReachWaypoint,Active,0,0,1,850,""
178.58999999998255,"PROTECT","保护MAGIC-01",ProtectAircraft,Succeeded,1,1,1,850,""
178.58999999998255,"ESCORT_EGRESS","护送至撤离点",ReachWaypoint,Active,0,0,1,850,""
178.78999999998237,"PROTECT","保护MAGIC-01",ProtectAircraft,Succeeded,1,1,1,850,""
178.78999999998237,"ESCORT_EGRESS","护送至撤离点",ReachWaypoint,Active,0,0,1,850,""
178.98999999998219,"PROTECT","保护MAGIC-01",ProtectAircraft,Succeeded,1,1,1,850,""
178.98999999998219,"ESCORT_EGRESS","护送至撤离点",ReachWaypoint,Active,0,0,1,850,""
179.189999999982,"PROTECT","保护MAGIC-01",ProtectAircraft,Succeeded,1,1,1,850,""
179.189999999982,"ESCORT_EGRESS","护送至撤离点",ReachWaypoint,Active,0,0,1,850,""
179.38999999998182,"PROTECT","保护MAGIC-01",ProtectAircraft,Succeeded,1,1,1,850,""
179.38999999998182,"ESCORT_EGRESS","护送至撤离点",ReachWaypoint,Active,0,0,1,850,""
179.58999999998164,"PROTECT","保护MAGIC-01",ProtectAircraft,Succeeded,1,1,1,850,""
179.58999999998164,"ESCORT_EGRESS","护送至撤离点",ReachWaypoint,Active,0,0,1,850,""
179.78999999998146,"PROTECT","保护MAGIC-01",ProtectAircraft,Succeeded,1,1,1,850,""
179.78999999998146,"ESCORT_EGRESS","护送至撤离点",ReachWaypoint,Active,0,0,1,850,""
179.98999999998128,"PROTECT","保护MAGIC-01",ProtectAircraft,Succeeded,1,1,1,850,""
179.98999999998128,"ESCORT_EGRESS","护送至撤离点",ReachWaypoint,Active,0,0,1,850,""
180.1899999999811,"PROTECT","保护MAGIC-01",ProtectAircraft,Succeeded,1,1,1,850,""
180.1899999999811,"ESCORT_EGRESS","护送至撤离点",ReachWaypoint,Active,0,0,1,850,""
180.38999999998092,"PROTECT","保护MAGIC-01",ProtectAircraft,Succeeded,1,1,1,850,""
180.38999999998092,"ESCORT_EGRESS","护送至撤离点",ReachWaypoint,Active,0,0,1,850,""
180.58999999998073,"PROTECT","保护MAGIC-01",ProtectAircraft,Succeeded,1,1,1,850,""
180.58999999998073,"ESCORT_EGRESS","护送至撤离点",ReachWaypoint,Active,0,0,1,850,""
180.78999999998055,"PROTECT","保护MAGIC-01",ProtectAircraft,Succeeded,1,1,1,850,""
180.78999999998055,"ESCORT_EGRESS","护送至撤离点",ReachWaypoint,Active,0,0,1,850,""
180.98999999998037,"PROTECT","保护MAGIC-01",ProtectAircraft,Succeeded,1,1,1,850,""
180.98999999998037,"ESCORT_EGRESS","护送至撤离点",ReachWaypoint,Active,0,0,1,850,""
181.18999999998019,"PROTECT","保护MAGIC-01",ProtectAircraft,Succeeded,1,1,1,850,""
181.18999999998019,"ESCORT_EGRESS","护送至撤离点",ReachWaypoint,Active,0,0,1,850,""
181.38999999998,"PROTECT","保护MAGIC-01",ProtectAircraft,Succeeded,1,1,1,850,""
181.38999999998,"ESCORT_EGRESS","护送至撤离点",ReachWaypoint,Active,0,0,1,850,""
181.58999999997982,"PROTECT","保护MAGIC-01",ProtectAircraft,Succeeded,1,1,1,850,""
181.58999999997982,"ESCORT_EGRESS","护送至撤离点",ReachWaypoint,Active,0,0,1,850,""
181.78999999997964,"PROTECT","保护MAGIC-01",ProtectAircraft,Succeeded,1,1,1,850,""
181.78999999997964,"ESCORT_EGRESS","护送至撤离点",ReachWaypoint,Active,0,0,1,850,""
181.98999999997946,"PROTECT","保护MAGIC-01",ProtectAircraft,Succeeded,1,1,1,850,""
181.98999999997946,"ESCORT_EGRESS","护送至撤离点",ReachWaypoint,Active,0,0,1,850,""
182.18999999997928,"PROTECT","保护MAGIC-01",ProtectAircraft,Succeeded,1,1,1,850,""
182.18999999997928,"ESCORT_EGRESS","护送至撤离点",ReachWaypoint,Active,0,0,1,850,""
182.3899999999791,"PROTECT","保护MAGIC-01",ProtectAircraft,Succeeded,1,1,1,850,""
182.3899999999791,"ESCORT_EGRESS","护送至撤离点",ReachWaypoint,Active,0,0,1,850,""
182.58999999997891,"PROTECT","保护MAGIC-01",ProtectAircraft,Succeeded,1,1,1,850,""
182.58999999997891,"ESCORT_EGRESS","护送至撤离点",ReachWaypoint,Active,0,0,1,850,""
182.78999999997873,"PROTECT","保护MAGIC-01",ProtectAircraft,Succeeded,1,1,1,850,""
182.78999999997873,"ESCORT_EGRESS","护送至撤离点",ReachWaypoint,Active,0,0,1,850,""
182.98999999997855,"PROTECT","保护MAGIC-01",ProtectAircraft,Succeeded,1,1,1,850,""
182.98999999997855,"ESCORT_EGRESS","护送至撤离点",ReachWaypoint,Active,0,0,1,850,""
183.18999999997837,"PROTECT","保护MAGIC-01",ProtectAircraft,Succeeded,1,1,1,850,""
183.18999999997837,"ESCORT_EGRESS","护送至撤离点",ReachWaypoint,Active,0,0,1,850,""
183.38999999997819,"PROTECT","保护MAGIC-01",ProtectAircraft,Succeeded,1,1,1,850,""
183.38999999997819,"ESCORT_EGRESS","护送至撤离点",ReachWaypoint,Active,0,0,1,850,""
183.589999999978,"PROTECT","保护MAGIC-01",ProtectAircraft,Succeeded,1,1,1,850,""
183.589999999978,"ESCORT_EGRESS","护送至撤离点",ReachWaypoint,Active,0,0,1,850,""
183.78999999997782,"PROTECT","保护MAGIC-01",ProtectAircraft,Succeeded,1,1,1,850,""
183.78999999997782,"ESCORT_EGRESS","护送至撤离点",ReachWaypoint,Active,0,0,1,850,""
183.98999999997764,"PROTECT","保护MAGIC-01",ProtectAircraft,Succeeded,1,1,1,850,""
183.98999999997764,"ESCORT_EGRESS","护送至撤离点",ReachWaypoint,Active,0,0,1,850,""
184.18999999997746,"PROTECT","保护MAGIC-01",ProtectAircraft,Succeeded,1,1,1,850,""
184.18999999997746,"ESCORT_EGRESS","护送至撤离点",ReachWaypoint,Active,0,0,1,850,""
184.38999999997728,"PROTECT","保护MAGIC-01",ProtectAircraft,Succeeded,1,1,1,850,""
184.38999999997728,"ESCORT_EGRESS","护送至撤离点",ReachWaypoint,Active,0,0,1,850,""
184.5899999999771,"PROTECT","保护MAGIC-01",ProtectAircraft,Succeeded,1,1,1,850,""
184.5899999999771,"ESCORT_EGRESS","护送至撤离点",ReachWaypoint,Active,0,0,1,850,""
184.78999999997691,"PROTECT","保护MAGIC-01",ProtectAircraft,Succeeded,1,1,1,850,""
184.78999999997691,"ESCORT_EGRESS","护送至撤离点",ReachWaypoint,Active,0,0,1,850,""
184.98999999997673,"PROTECT","保护MAGIC-01",ProtectAircraft,Succeeded,1,1,1,850,""
184.98999999997673,"ESCORT_EGRESS","护送至撤离点",ReachWaypoint,Active,0,0,1,850,""
185.18999999997655,"PROTECT","保护MAGIC-01",ProtectAircraft,Succeeded,1,1,1,850,""
185.18999999997655,"ESCORT_EGRESS","护送至撤离点",ReachWaypoint,Active,0,0,1,850,""
185.38999999997637,"PROTECT","保护MAGIC-01",ProtectAircraft,Succeeded,1,1,1,850,""
185.38999999997637,"ESCORT_EGRESS","护送至撤离点",ReachWaypoint,Active,0,0,1,850,""
185.58999999997619,"PROTECT","保护MAGIC-01",ProtectAircraft,Succeeded,1,1,1,850,""
185.58999999997619,"ESCORT_EGRESS","护送至撤离点",ReachWaypoint,Active,0,0,1,850,""
185.789999999976,"PROTECT","保护MAGIC-01",ProtectAircraft,Succeeded,1,1,1,850,""
185.789999999976,"ESCORT_EGRESS","护送至撤离点",ReachWaypoint,Active,0,0,1,850,""
185.98999999997582,"PROTECT","保护MAGIC-01",ProtectAircraft,Succeeded,1,1,1,850,""
185.98999999997582,"ESCORT_EGRESS","护送至撤离点",ReachWaypoint,Active,0,0,1,850,""
186.18999999997564,"PROTECT","保护MAGIC-01",ProtectAircraft,Succeeded,1,1,1,850,""
186.18999999997564,"ESCORT_EGRESS","护送至撤离点",ReachWaypoint,Active,0,0,1,850,""
186.38999999997546,"PROTECT","保护MAGIC-01",ProtectAircraft,Succeeded,1,1,1,850,""
186.38999999997546,"ESCORT_EGRESS","护送至撤离点",ReachWaypoint,Active,0,0,1,850,""
186.58999999997528,"PROTECT","保护MAGIC-01",ProtectAircraft,Succeeded,1,1,1,850,""
186.58999999997528,"ESCORT_EGRESS","护送至撤离点",ReachWaypoint,Active,0,0,1,850,""
186.78999999997509,"PROTECT","保护MAGIC-01",ProtectAircraft,Succeeded,1,1,1,850,""
186.78999999997509,"ESCORT_EGRESS","护送至撤离点",ReachWaypoint,Active,0,0,1,850,""
186.98999999997491,"PROTECT","保护MAGIC-01",ProtectAircraft,Succeeded,1,1,1,850,""
186.98999999997491,"ESCORT_EGRESS","护送至撤离点",ReachWaypoint,Active,0,0,1,850,""
187.18999999997473,"PROTECT","保护MAGIC-01",ProtectAircraft,Succeeded,1,1,1,850,""
187.18999999997473,"ESCORT_EGRESS","护送至撤离点",ReachWaypoint,Active,0,0,1,850,""
187.38999999997455,"PROTECT","保护MAGIC-01",ProtectAircraft,Succeeded,1,1,1,850,""
187.38999999997455,"ESCORT_EGRESS","护送至撤离点",ReachWaypoint,Active,0,0,1,850,""
187.58999999997437,"PROTECT","保护MAGIC-01",ProtectAircraft,Succeeded,1,1,1,850,""
187.58999999997437,"ESCORT_EGRESS","护送至撤离点",ReachWaypoint,Active,0,0,1,850,""
187.78999999997419,"PROTECT","保护MAGIC-01",ProtectAircraft,Succeeded,1,1,1,850,""
187.78999999997419,"ESCORT_EGRESS","护送至撤离点",ReachWaypoint,Active,0,0,1,850,""
187.989999999974,"PROTECT","保护MAGIC-01",ProtectAircraft,Succeeded,1,1,1,850,""
187.989999999974,"ESCORT_EGRESS","护送至撤离点",ReachWaypoint,Active,0,0,1,850,""
188.18999999997382,"PROTECT","保护MAGIC-01",ProtectAircraft,Succeeded,1,1,1,850,""
188.18999999997382,"ESCORT_EGRESS","护送至撤离点",ReachWaypoint,Active,0,0,1,850,""
188.38999999997364,"PROTECT","保护MAGIC-01",ProtectAircraft,Succeeded,1,1,1,850,""
188.38999999997364,"ESCORT_EGRESS","护送至撤离点",ReachWaypoint,Active,0,0,1,850,""
188.58999999997346,"PROTECT","保护MAGIC-01",ProtectAircraft,Succeeded,1,1,1,850,""
188.58999999997346,"ESCORT_EGRESS","护送至撤离点",ReachWaypoint,Active,0,0,1,850,""
188.78999999997328,"PROTECT","保护MAGIC-01",ProtectAircraft,Succeeded,1,1,1,850,""
188.78999999997328,"ESCORT_EGRESS","护送至撤离点",ReachWaypoint,Active,0,0,1,850,""
188.98999999997309,"PROTECT","保护MAGIC-01",ProtectAircraft,Succeeded,1,1,1,850,""
188.98999999997309,"ESCORT_EGRESS","护送至撤离点",ReachWaypoint,Active,0,0,1,850,""
189.18999999997291,"PROTECT","保护MAGIC-01",ProtectAircraft,Succeeded,1,1,1,850,""
189.18999999997291,"ESCORT_EGRESS","护送至撤离点",ReachWaypoint,Active,0,0,1,850,""
189.38999999997273,"PROTECT","保护MAGIC-01",ProtectAircraft,Succeeded,1,1,1,850,""
189.38999999997273,"ESCORT_EGRESS","护送至撤离点",ReachWaypoint,Active,0,0,1,850,""
189.58999999997255,"PROTECT","保护MAGIC-01",ProtectAircraft,Succeeded,1,1,1,850,""
189.58999999997255,"ESCORT_EGRESS","护送至撤离点",ReachWaypoint,Active,0,0,1,850,""
189.78999999997237,"PROTECT","保护MAGIC-01",ProtectAircraft,Succeeded,1,1,1,850,""
189.78999999997237,"ESCORT_EGRESS","护送至撤离点",ReachWaypoint,Active,0,0,1,850,""
189.98999999997218,"PROTECT","保护MAGIC-01",ProtectAircraft,Succeeded,1,1,1,850,""
189.98999999997218,"ESCORT_EGRESS","护送至撤离点",ReachWaypoint,Active,0,0,1,850,""
190.189999999972,"PROTECT","保护MAGIC-01",ProtectAircraft,Succeeded,1,1,1,850,""
190.189999999972,"ESCORT_EGRESS","护送至撤离点",ReachWaypoint,Active,0,0,1,850,""
190.38999999997182,"PROTECT","保护MAGIC-01",ProtectAircraft,Succeeded,1,1,1,850,""
190.38999999997182,"ESCORT_EGRESS","护送至撤离点",ReachWaypoint,Active,0,0,1,850,""
190.58999999997164,"PROTECT","保护MAGIC-01",ProtectAircraft,Succeeded,1,1,1,850,""
190.58999999997164,"ESCORT_EGRESS","护送至撤离点",ReachWaypoint,Active,0,0,1,850,""
190.78999999997146,"PROTECT","保护MAGIC-01",ProtectAircraft,Succeeded,1,1,1,850,""
190.78999999997146,"ESCORT_EGRESS","护送至撤离点",ReachWaypoint,Active,0,0,1,850,""
190.98999999997127,"PROTECT","保护MAGIC-01",ProtectAircraft,Succeeded,1,1,1,850,""
190.98999999997127,"ESCORT_EGRESS","护送至撤离点",ReachWaypoint,Active,0,0,1,850,""
191.18999999997109,"PROTECT","保护MAGIC-01",ProtectAircraft,Succeeded,1,1,1,850,""
191.18999999997109,"ESCORT_EGRESS","护送至撤离点",ReachWaypoint,Active,0,0,1,850,""
191.38999999997091,"PROTECT","保护MAGIC-01",ProtectAircraft,Succeeded,1,1,1,850,""
191.38999999997091,"ESCORT_EGRESS","护送至撤离点",ReachWaypoint,Active,0,0,1,850,""
191.58999999997073,"PROTECT","保护MAGIC-01",ProtectAircraft,Succeeded,1,1,1,850,""
191.58999999997073,"ESCORT_EGRESS","护送至撤离点",ReachWaypoint,Active,0,0,1,850,""
191.78999999997055,"PROTECT","保护MAGIC-01",ProtectAircraft,Succeeded,1,1,1,850,""
191.78999999997055,"ESCORT_EGRESS","护送至撤离点",ReachWaypoint,Active,0,0,1,850,""
191.98999999997037,"PROTECT","保护MAGIC-01",ProtectAircraft,Succeeded,1,1,1,850,""
191.98999999997037,"ESCORT_EGRESS","护送至撤离点",ReachWaypoint,Active,0,0,1,850,""
192.18999999997018,"PROTECT","保护MAGIC-01",ProtectAircraft,Succeeded,1,1,1,850,""
192.18999999997018,"ESCORT_EGRESS","护送至撤离点",ReachWaypoint,Active,0,0,1,850,""
192.38999999997,"PROTECT","保护MAGIC-01",ProtectAircraft,Succeeded,1,1,1,850,""
192.38999999997,"ESCORT_EGRESS","护送至撤离点",ReachWaypoint,Active,0,0,1,850,""
192.58999999996982,"PROTECT","保护MAGIC-01",ProtectAircraft,Succeeded,1,1,1,850,""
192.58999999996982,"ESCORT_EGRESS","护送至撤离点",ReachWaypoint,Active,0,0,1,850,""
192.78999999996964,"PROTECT","保护MAGIC-01",ProtectAircraft,Succeeded,1,1,1,850,""
192.78999999996964,"ESCORT_EGRESS","护送至撤离点",ReachWaypoint,Active,0,0,1,850,""
192.98999999996946,"PROTECT","保护MAGIC-01",ProtectAircraft,Succeeded,1,1,1,850,""
192.98999999996946,"ESCORT_EGRESS","护送至撤离点",ReachWaypoint,Active,0,0,1,850,""
193.18999999996927,"PROTECT","保护MAGIC-01",ProtectAircraft,Succeeded,1,1,1,850,""
193.18999999996927,"ESCORT_EGRESS","护送至撤离点",ReachWaypoint,Active,0,0,1,850,""
193.38999999996909,"PROTECT","保护MAGIC-01",ProtectAircraft,Succeeded,1,1,1,850,""
193.38999999996909,"ESCORT_EGRESS","护送至撤离点",ReachWaypoint,Active,0,0,1,850,""
193.58999999996891,"PROTECT","保护MAGIC-01",ProtectAircraft,Succeeded,1,1,1,850,""
193.58999999996891,"ESCORT_EGRESS","护送至撤离点",ReachWaypoint,Active,0,0,1,850,""
193.78999999996873,"PROTECT","保护MAGIC-01",ProtectAircraft,Succeeded,1,1,1,850,""
193.78999999996873,"ESCORT_EGRESS","护送至撤离点",ReachWaypoint,Active,0,0,1,850,""
193.98999999996855,"PROTECT","保护MAGIC-01",ProtectAircraft,Succeeded,1,1,1,850,""
193.98999999996855,"ESCORT_EGRESS","护送至撤离点",ReachWaypoint,Active,0,0,1,850,""
194.18999999996836,"PROTECT","保护MAGIC-01",ProtectAircraft,Succeeded,1,1,1,850,""
194.18999999996836,"ESCORT_EGRESS","护送至撤离点",ReachWaypoint,Active,0,0,1,850,""
194.38999999996818,"PROTECT","保护MAGIC-01",ProtectAircraft,Succeeded,1,1,1,850,""
194.38999999996818,"ESCORT_EGRESS","护送至撤离点",ReachWaypoint,Active,0,0,1,850,""
194.589999999968,"PROTECT","保护MAGIC-01",ProtectAircraft,Succeeded,1,1,1,850,""
194.589999999968,"ESCORT_EGRESS","护送至撤离点",ReachWaypoint,Active,0,0,1,850,""
194.78999999996782,"PROTECT","保护MAGIC-01",ProtectAircraft,Succeeded,1,1,1,850,""
194.78999999996782,"ESCORT_EGRESS","护送至撤离点",ReachWaypoint,Active,0,0,1,850,""
194.98999999996764,"PROTECT","保护MAGIC-01",ProtectAircraft,Succeeded,1,1,1,850,""
194.98999999996764,"ESCORT_EGRESS","护送至撤离点",ReachWaypoint,Active,0,0,1,850,""
195.18999999996745,"PROTECT","保护MAGIC-01",ProtectAircraft,Succeeded,1,1,1,850,""
195.18999999996745,"ESCORT_EGRESS","护送至撤离点",ReachWaypoint,Active,0,0,1,850,""
195.38999999996727,"PROTECT","保护MAGIC-01",ProtectAircraft,Succeeded,1,1,1,850,""
195.38999999996727,"ESCORT_EGRESS","护送至撤离点",ReachWaypoint,Active,0,0,1,850,""
195.58999999996709,"PROTECT","保护MAGIC-01",ProtectAircraft,Succeeded,1,1,1,850,""
195.58999999996709,"ESCORT_EGRESS","护送至撤离点",ReachWaypoint,Active,0,0,1,850,""
195.78999999996691,"PROTECT","保护MAGIC-01",ProtectAircraft,Succeeded,1,1,1,850,""
195.78999999996691,"ESCORT_EGRESS","护送至撤离点",ReachWaypoint,Active,0,0,1,850,""
195.98999999996673,"PROTECT","保护MAGIC-01",ProtectAircraft,Succeeded,1,1,1,850,""
195.98999999996673,"ESCORT_EGRESS","护送至撤离点",ReachWaypoint,Active,0,0,1,850,""
196.18999999996655,"PROTECT","保护MAGIC-01",ProtectAircraft,Succeeded,1,1,1,850,""
196.18999999996655,"ESCORT_EGRESS","护送至撤离点",ReachWaypoint,Active,0,0,1,850,""
196.38999999996636,"PROTECT","保护MAGIC-01",ProtectAircraft,Succeeded,1,1,1,850,""
196.38999999996636,"ESCORT_EGRESS","护送至撤离点",ReachWaypoint,Active,0,0,1,850,""
196.58999999996618,"PROTECT","保护MAGIC-01",ProtectAircraft,Succeeded,1,1,1,850,""
196.58999999996618,"ESCORT_EGRESS","护送至撤离点",ReachWaypoint,Active,0,0,1,850,""
196.789999999966,"PROTECT","保护MAGIC-01",ProtectAircraft,Succeeded,1,1,1,850,""
196.789999999966,"ESCORT_EGRESS","护送至撤离点",ReachWaypoint,Active,0,0,1,850,""
196.98999999996582,"PROTECT","保护MAGIC-01",ProtectAircraft,Succeeded,1,1,1,850,""
196.98999999996582,"ESCORT_EGRESS","护送至撤离点",ReachWaypoint,Active,0,0,1,850,""
197.18999999996564,"PROTECT","保护MAGIC-01",ProtectAircraft,Succeeded,1,1,1,850,""
197.18999999996564,"ESCORT_EGRESS","护送至撤离点",ReachWaypoint,Active,0,0,1,850,""
197.38999999996545,"PROTECT","保护MAGIC-01",ProtectAircraft,Succeeded,1,1,1,850,""
197.38999999996545,"ESCORT_EGRESS","护送至撤离点",ReachWaypoint,Active,0,0,1,850,""
197.58999999996527,"PROTECT","保护MAGIC-01",ProtectAircraft,Succeeded,1,1,1,850,""
197.58999999996527,"ESCORT_EGRESS","护送至撤离点",ReachWaypoint,Active,0,0,1,850,""
197.78999999996509,"PROTECT","保护MAGIC-01",ProtectAircraft,Succeeded,1,1,1,850,""
197.78999999996509,"ESCORT_EGRESS","护送至撤离点",ReachWaypoint,Active,0,0,1,850,""
197.98999999996491,"PROTECT","保护MAGIC-01",ProtectAircraft,Succeeded,1,1,1,850,""
197.98999999996491,"ESCORT_EGRESS","护送至撤离点",ReachWaypoint,Active,0,0,1,850,""
198.18999999996473,"PROTECT","保护MAGIC-01",ProtectAircraft,Succeeded,1,1,1,850,""
198.18999999996473,"ESCORT_EGRESS","护送至撤离点",ReachWaypoint,Active,0,0,1,850,""
198.38999999996454,"PROTECT","保护MAGIC-01",ProtectAircraft,Succeeded,1,1,1,850,""
198.38999999996454,"ESCORT_EGRESS","护送至撤离点",ReachWaypoint,Active,0,0,1,850,""
198.58999999996436,"PROTECT","保护MAGIC-01",ProtectAircraft,Succeeded,1,1,1,850,""
198.58999999996436,"ESCORT_EGRESS","护送至撤离点",ReachWaypoint,Active,0,0,1,850,""
198.78999999996418,"PROTECT","保护MAGIC-01",ProtectAircraft,Succeeded,1,1,1,850,""
198.78999999996418,"ESCORT_EGRESS","护送至撤离点",ReachWaypoint,Active,0,0,1,850,""
198.989999999964,"PROTECT","保护MAGIC-01",ProtectAircraft,Succeeded,1,1,1,850,""
198.989999999964,"ESCORT_EGRESS","护送至撤离点",ReachWaypoint,Active,0,0,1,850,""
199.18999999996382,"PROTECT","保护MAGIC-01",ProtectAircraft,Succeeded,1,1,1,850,""
199.18999999996382,"ESCORT_EGRESS","护送至撤离点",ReachWaypoint,Active,0,0,1,850,""
199.38999999996363,"PROTECT","保护MAGIC-01",ProtectAircraft,Succeeded,1,1,1,850,""
199.38999999996363,"ESCORT_EGRESS","护送至撤离点",ReachWaypoint,Active,0,0,1,850,""
199.58999999996345,"PROTECT","保护MAGIC-01",ProtectAircraft,Succeeded,1,1,1,850,""
199.58999999996345,"ESCORT_EGRESS","护送至撤离点",ReachWaypoint,Active,0,0,1,850,""
199.78999999996327,"PROTECT","保护MAGIC-01",ProtectAircraft,Succeeded,1,1,1,850,""
199.78999999996327,"ESCORT_EGRESS","护送至撤离点",ReachWaypoint,Active,0,0,1,850,""
199.98999999996309,"PROTECT","保护MAGIC-01",ProtectAircraft,Succeeded,1,1,1,850,""
199.98999999996309,"ESCORT_EGRESS","护送至撤离点",ReachWaypoint,Active,0,0,1,850,""
200.18999999996291,"PROTECT","保护MAGIC-01",ProtectAircraft,Succeeded,1,1,1,850,""
200.18999999996291,"ESCORT_EGRESS","护送至撤离点",ReachWaypoint,Active,0,0,1,850,""
200.38999999996273,"PROTECT","保护MAGIC-01",ProtectAircraft,Succeeded,1,1,1,850,""
200.38999999996273,"ESCORT_EGRESS","护送至撤离点",ReachWaypoint,Active,0,0,1,850,""
200.58999999996254,"PROTECT","保护MAGIC-01",ProtectAircraft,Succeeded,1,1,1,850,""
200.58999999996254,"ESCORT_EGRESS","护送至撤离点",ReachWaypoint,Active,0,0,1,850,""
200.78999999996236,"PROTECT","保护MAGIC-01",ProtectAircraft,Succeeded,1,1,1,850,""
200.78999999996236,"ESCORT_EGRESS","护送至撤离点",ReachWaypoint,Active,0,0,1,850,""
200.98999999996218,"PROTECT","保护MAGIC-01",ProtectAircraft,Succeeded,1,1,1,850,""
200.98999999996218,"ESCORT_EGRESS","护送至撤离点",ReachWaypoint,Active,0,0,1,850,""
201.189999999962,"PROTECT","保护MAGIC-01",ProtectAircraft,Succeeded,1,1,1,850,""
201.189999999962,"ESCORT_EGRESS","护送至撤离点",ReachWaypoint,Active,0,0,1,850,""
201.38999999996182,"PROTECT","保护MAGIC-01",ProtectAircraft,Succeeded,1,1,1,850,""
201.38999999996182,"ESCORT_EGRESS","护送至撤离点",ReachWaypoint,Active,0,0,1,850,""
201.58999999996163,"PROTECT","保护MAGIC-01",ProtectAircraft,Succeeded,1,1,1,850,""
201.58999999996163,"ESCORT_EGRESS","护送至撤离点",ReachWaypoint,Active,0,0,1,850,""
201.78999999996145,"PROTECT","保护MAGIC-01",ProtectAircraft,Succeeded,1,1,1,850,""
201.78999999996145,"ESCORT_EGRESS","护送至撤离点",ReachWaypoint,Active,0,0,1,850,""
201.98999999996127,"PROTECT","保护MAGIC-01",ProtectAircraft,Succeeded,1,1,1,850,""
201.98999999996127,"ESCORT_EGRESS","护送至撤离点",ReachWaypoint,Active,0,0,1,850,""
202.18999999996109,"PROTECT","保护MAGIC-01",ProtectAircraft,Succeeded,1,1,1,850,""
202.18999999996109,"ESCORT_EGRESS","护送至撤离点",ReachWaypoint,Active,0,0,1,850,""
202.38999999996091,"PROTECT","保护MAGIC-01",ProtectAircraft,Succeeded,1,1,1,850,""
202.38999999996091,"ESCORT_EGRESS","护送至撤离点",ReachWaypoint,Active,0,0,1,850,""
202.58999999996072,"PROTECT","保护MAGIC-01",ProtectAircraft,Succeeded,1,1,1,850,""
202.58999999996072,"ESCORT_EGRESS","护送至撤离点",ReachWaypoint,Active,0,0,1,850,""
202.78999999996054,"PROTECT","保护MAGIC-01",ProtectAircraft,Succeeded,1,1,1,850,""
202.78999999996054,"ESCORT_EGRESS","护送至撤离点",ReachWaypoint,Active,0,0,1,850,""
202.98999999996036,"PROTECT","保护MAGIC-01",ProtectAircraft,Succeeded,1,1,1,850,""
202.98999999996036,"ESCORT_EGRESS","护送至撤离点",ReachWaypoint,Active,0,0,1,850,""
203.18999999996018,"PROTECT","保护MAGIC-01",ProtectAircraft,Succeeded,1,1,1,850,""
203.18999999996018,"ESCORT_EGRESS","护送至撤离点",ReachWaypoint,Active,0,0,1,850,""
203.38999999996,"PROTECT","保护MAGIC-01",ProtectAircraft,Succeeded,1,1,1,850,""
203.38999999996,"ESCORT_EGRESS","护送至撤离点",ReachWaypoint,Active,0,0,1,850,""
203.58999999995982,"PROTECT","保护MAGIC-01",ProtectAircraft,Succeeded,1,1,1,850,""
203.58999999995982,"ESCORT_EGRESS","护送至撤离点",ReachWaypoint,Active,0,0,1,850,""
203.78999999995963,"PROTECT","保护MAGIC-01",ProtectAircraft,Succeeded,1,1,1,850,""
203.78999999995963,"ESCORT_EGRESS","护送至撤离点",ReachWaypoint,Active,0,0,1,850,""
203.98999999995945,"PROTECT","保护MAGIC-01",ProtectAircraft,Succeeded,1,1,1,850,""
203.98999999995945,"ESCORT_EGRESS","护送至撤离点",ReachWaypoint,Active,0,0,1,850,""
204.18999999995927,"PROTECT","保护MAGIC-01",ProtectAircraft,Succeeded,1,1,1,850,""
204.18999999995927,"ESCORT_EGRESS","护送至撤离点",ReachWaypoint,Active,0,0,1,850,""
204.38999999995909,"PROTECT","保护MAGIC-01",ProtectAircraft,Succeeded,1,1,1,850,""
204.38999999995909,"ESCORT_EGRESS","护送至撤离点",ReachWaypoint,Active,0,0,1,850,""
204.58999999995891,"PROTECT","保护MAGIC-01",ProtectAircraft,Succeeded,1,1,1,850,""
204.58999999995891,"ESCORT_EGRESS","护送至撤离点",ReachWaypoint,Active,0,0,1,850,""
204.78999999995872,"PROTECT","保护MAGIC-01",ProtectAircraft,Succeeded,1,1,1,850,""
204.78999999995872,"ESCORT_EGRESS","护送至撤离点",ReachWaypoint,Active,0,0,1,850,""
204.98999999995854,"PROTECT","保护MAGIC-01",ProtectAircraft,Succeeded,1,1,1,850,""
204.98999999995854,"ESCORT_EGRESS","护送至撤离点",ReachWaypoint,Active,0,0,1,850,""
205.18999999995836,"PROTECT","保护MAGIC-01",ProtectAircraft,Succeeded,1,1,1,850,""
205.18999999995836,"ESCORT_EGRESS","护送至撤离点",ReachWaypoint,Active,0,0,1,850,""
205.38999999995818,"PROTECT","保护MAGIC-01",ProtectAircraft,Succeeded,1,1,1,850,""
205.38999999995818,"ESCORT_EGRESS","护送至撤离点",ReachWaypoint,Active,0,0,1,850,""
205.589999999958,"PROTECT","保护MAGIC-01",ProtectAircraft,Succeeded,1,1,1,850,""
205.589999999958,"ESCORT_EGRESS","护送至撤离点",ReachWaypoint,Active,0,0,1,850,""
205.78999999995781,"PROTECT","保护MAGIC-01",ProtectAircraft,Succeeded,1,1,1,850,""
205.78999999995781,"ESCORT_EGRESS","护送至撤离点",ReachWaypoint,Active,0,0,1,850,""
205.98999999995763,"PROTECT","保护MAGIC-01",ProtectAircraft,Succeeded,1,1,1,850,""
205.98999999995763,"ESCORT_EGRESS","护送至撤离点",ReachWaypoint,Active,0,0,1,850,""
206.18999999995745,"PROTECT","保护MAGIC-01",ProtectAircraft,Succeeded,1,1,1,850,""
206.18999999995745,"ESCORT_EGRESS","护送至撤离点",ReachWaypoint,Active,0,0,1,850,""
206.38999999995727,"PROTECT","保护MAGIC-01",ProtectAircraft,Succeeded,1,1,1,850,""
206.38999999995727,"ESCORT_EGRESS","护送至撤离点",ReachWaypoint,Active,0,0,1,850,""
206.58999999995709,"PROTECT","保护MAGIC-01",ProtectAircraft,Succeeded,1,1,1,850,""
206.58999999995709,"ESCORT_EGRESS","护送至撤离点",ReachWaypoint,Active,0,0,1,850,""
206.7899999999569,"PROTECT","保护MAGIC-01",ProtectAircraft,Succeeded,1,1,1,850,""
206.7899999999569,"ESCORT_EGRESS","护送至撤离点",ReachWaypoint,Active,0,0,1,850,""
206.98999999995672,"PROTECT","保护MAGIC-01",ProtectAircraft,Succeeded,1,1,1,850,""
206.98999999995672,"ESCORT_EGRESS","护送至撤离点",ReachWaypoint,Active,0,0,1,850,""
207.18999999995654,"PROTECT","保护MAGIC-01",ProtectAircraft,Succeeded,1,1,1,850,""
207.18999999995654,"ESCORT_EGRESS","护送至撤离点",ReachWaypoint,Active,0,0,1,850,""
207.38999999995636,"PROTECT","保护MAGIC-01",ProtectAircraft,Succeeded,1,1,1,850,""
207.38999999995636,"ESCORT_EGRESS","护送至撤离点",ReachWaypoint,Active,0,0,1,850,""
207.58999999995618,"PROTECT","保护MAGIC-01",ProtectAircraft,Succeeded,1,1,1,850,""
207.58999999995618,"ESCORT_EGRESS","护送至撤离点",ReachWaypoint,Active,0,0,1,850,""
207.789999999956,"PROTECT","保护MAGIC-01",ProtectAircraft,Succeeded,1,1,1,850,""
207.789999999956,"ESCORT_EGRESS","护送至撤离点",ReachWaypoint,Active,0,0,1,850,""
207.98999999995581,"PROTECT","保护MAGIC-01",ProtectAircraft,Succeeded,1,1,1,850,""
207.98999999995581,"ESCORT_EGRESS","护送至撤离点",ReachWaypoint,Active,0,0,1,850,""
208.18999999995563,"PROTECT","保护MAGIC-01",ProtectAircraft,Succeeded,1,1,1,850,""
208.18999999995563,"ESCORT_EGRESS","护送至撤离点",ReachWaypoint,Active,0,0,1,850,""
208.38999999995545,"PROTECT","保护MAGIC-01",ProtectAircraft,Succeeded,1,1,1,850,""
208.38999999995545,"ESCORT_EGRESS","护送至撤离点",ReachWaypoint,Active,0,0,1,850,""
208.58999999995527,"PROTECT","保护MAGIC-01",ProtectAircraft,Succeeded,1,1,1,850,""
208.58999999995527,"ESCORT_EGRESS","护送至撤离点",ReachWaypoint,Active,0,0,1,850,""
208.78999999995509,"PROTECT","保护MAGIC-01",ProtectAircraft,Succeeded,1,1,1,850,""
208.78999999995509,"ESCORT_EGRESS","护送至撤离点",ReachWaypoint,Active,0,0,1,850,""
208.9899999999549,"PROTECT","保护MAGIC-01",ProtectAircraft,Succeeded,1,1,1,850,""
208.9899999999549,"ESCORT_EGRESS","护送至撤离点",ReachWaypoint,Active,0,0,1,850,""
209.18999999995472,"PROTECT","保护MAGIC-01",ProtectAircraft,Succeeded,1,1,1,850,""
209.18999999995472,"ESCORT_EGRESS","护送至撤离点",ReachWaypoint,Active,0,0,1,850,""
209.38999999995454,"PROTECT","保护MAGIC-01",ProtectAircraft,Succeeded,1,1,1,850,""
209.38999999995454,"ESCORT_EGRESS","护送至撤离点",ReachWaypoint,Active,0,0,1,850,""
209.58999999995436,"PROTECT","保护MAGIC-01",ProtectAircraft,Succeeded,1,1,1,850,""
209.58999999995436,"ESCORT_EGRESS","护送至撤离点",ReachWaypoint,Active,0,0,1,850,""
209.78999999995418,"PROTECT","保护MAGIC-01",ProtectAircraft,Succeeded,1,1,1,850,""
209.78999999995418,"ESCORT_EGRESS","护送至撤离点",ReachWaypoint,Active,0,0,1,850,""
209.989999999954,"PROTECT","保护MAGIC-01",ProtectAircraft,Succeeded,1,1,1,850,""
209.989999999954,"ESCORT_EGRESS","护送至撤离点",ReachWaypoint,Active,0,0,1,850,""
210.18999999995381,"PROTECT","保护MAGIC-01",ProtectAircraft,Succeeded,1,1,1,850,""
210.18999999995381,"ESCORT_EGRESS","护送至撤离点",ReachWaypoint,Active,0,0,1,850,""
210.38999999995363,"PROTECT","保护MAGIC-01",ProtectAircraft,Succeeded,1,1,1,850,""
210.38999999995363,"ESCORT_EGRESS","护送至撤离点",ReachWaypoint,Active,0,0,1,850,""
210.58999999995345,"PROTECT","保护MAGIC-01",ProtectAircraft,Succeeded,1,1,1,850,""
210.58999999995345,"ESCORT_EGRESS","护送至撤离点",ReachWaypoint,Active,0,0,1,850,""
210.78999999995327,"PROTECT","保护MAGIC-01",ProtectAircraft,Succeeded,1,1,1,850,""
210.78999999995327,"ESCORT_EGRESS","护送至撤离点",ReachWaypoint,Active,0,0,1,850,""
210.98999999995308,"PROTECT","保护MAGIC-01",ProtectAircraft,Succeeded,1,1,1,850,""
210.98999999995308,"ESCORT_EGRESS","护送至撤离点",ReachWaypoint,Active,0,0,1,850,""
211.1899999999529,"PROTECT","保护MAGIC-01",ProtectAircraft,Succeeded,1,1,1,850,""
211.1899999999529,"ESCORT_EGRESS","护送至撤离点",ReachWaypoint,Active,0,0,1,850,""
211.38999999995272,"PROTECT","保护MAGIC-01",ProtectAircraft,Succeeded,1,1,1,850,""
211.38999999995272,"ESCORT_EGRESS","护送至撤离点",ReachWaypoint,Active,0,0,1,850,""
211.58999999995254,"PROTECT","保护MAGIC-01",ProtectAircraft,Succeeded,1,1,1,850,""
211.58999999995254,"ESCORT_EGRESS","护送至撤离点",ReachWaypoint,Active,0,0,1,850,""
211.78999999995236,"PROTECT","保护MAGIC-01",ProtectAircraft,Succeeded,1,1,1,850,""
211.78999999995236,"ESCORT_EGRESS","护送至撤离点",ReachWaypoint,Active,0,0,1,850,""
211.98999999995218,"PROTECT","保护MAGIC-01",ProtectAircraft,Succeeded,1,1,1,850,""
211.98999999995218,"ESCORT_EGRESS","护送至撤离点",ReachWaypoint,Active,0,0,1,850,""
212.189999999952,"PROTECT","保护MAGIC-01",ProtectAircraft,Succeeded,1,1,1,850,""
212.189999999952,"ESCORT_EGRESS","护送至撤离点",ReachWaypoint,Active,0,0,1,850,""
212.38999999995181,"PROTECT","保护MAGIC-01",ProtectAircraft,Succeeded,1,1,1,850,""
212.38999999995181,"ESCORT_EGRESS","护送至撤离点",ReachWaypoint,Active,0,0,1,850,""
212.58999999995163,"PROTECT","保护MAGIC-01",ProtectAircraft,Succeeded,1,1,1,850,""
212.58999999995163,"ESCORT_EGRESS","护送至撤离点",ReachWaypoint,Active,0,0,1,850,""
212.78999999995145,"PROTECT","保护MAGIC-01",ProtectAircraft,Succeeded,1,1,1,850,""
212.78999999995145,"ESCORT_EGRESS","护送至撤离点",ReachWaypoint,Active,0,0,1,850,""
212.98999999995127,"PROTECT","保护MAGIC-01",ProtectAircraft,Succeeded,1,1,1,850,""
212.98999999995127,"ESCORT_EGRESS","护送至撤离点",ReachWaypoint,Active,0,0,1,850,""
213.18999999995108,"PROTECT","保护MAGIC-01",ProtectAircraft,Succeeded,1,1,1,850,""
213.18999999995108,"ESCORT_EGRESS","护送至撤离点",ReachWaypoint,Active,0,0,1,850,""
213.3899999999509,"PROTECT","保护MAGIC-01",ProtectAircraft,Succeeded,1,1,1,850,""
213.3899999999509,"ESCORT_EGRESS","护送至撤离点",ReachWaypoint,Active,0,0,1,850,""
213.58999999995072,"PROTECT","保护MAGIC-01",ProtectAircraft,Succeeded,1,1,1,850,""
213.58999999995072,"ESCORT_EGRESS","护送至撤离点",ReachWaypoint,Active,0,0,1,850,""
213.78999999995054,"PROTECT","保护MAGIC-01",ProtectAircraft,Succeeded,1,1,1,850,""
213.78999999995054,"ESCORT_EGRESS","护送至撤离点",ReachWaypoint,Active,0,0,1,850,""
213.98999999995036,"PROTECT","保护MAGIC-01",ProtectAircraft,Succeeded,1,1,1,850,""
213.98999999995036,"ESCORT_EGRESS","护送至撤离点",ReachWaypoint,Active,0,0,1,850,""
214.18999999995017,"PROTECT","保护MAGIC-01",ProtectAircraft,Succeeded,1,1,1,850,""
214.18999999995017,"ESCORT_EGRESS","护送至撤离点",ReachWaypoint,Active,0,0,1,850,""
214.38999999995,"PROTECT","保护MAGIC-01",ProtectAircraft,Succeeded,1,1,1,850,""
214.38999999995,"ESCORT_EGRESS","护送至撤离点",ReachWaypoint,Active,0,0,1,850,""
214.58999999994981,"PROTECT","保护MAGIC-01",ProtectAircraft,Succeeded,1,1,1,850,""
214.58999999994981,"ESCORT_EGRESS","护送至撤离点",ReachWaypoint,Active,0,0,1,850,""
214.78999999994963,"PROTECT","保护MAGIC-01",ProtectAircraft,Succeeded,1,1,1,850,""
214.78999999994963,"ESCORT_EGRESS","护送至撤离点",ReachWaypoint,Active,0,0,1,850,""
214.98999999994945,"PROTECT","保护MAGIC-01",ProtectAircraft,Succeeded,1,1,1,850,""
214.98999999994945,"ESCORT_EGRESS","护送至撤离点",ReachWaypoint,Active,0,0,1,850,""
215.18999999994926,"PROTECT","保护MAGIC-01",ProtectAircraft,Succeeded,1,1,1,850,""
215.18999999994926,"ESCORT_EGRESS","护送至撤离点",ReachWaypoint,Active,0,0,1,850,""
215.38999999994908,"PROTECT","保护MAGIC-01",ProtectAircraft,Succeeded,1,1,1,850,""
215.38999999994908,"ESCORT_EGRESS","护送至撤离点",ReachWaypoint,Active,0,0,1,850,""
215.5899999999489,"PROTECT","保护MAGIC-01",ProtectAircraft,Succeeded,1,1,1,850,""
215.5899999999489,"ESCORT_EGRESS","护送至撤离点",ReachWaypoint,Active,0,0,1,850,""
215.78999999994872,"PROTECT","保护MAGIC-01",ProtectAircraft,Succeeded,1,1,1,850,""
215.78999999994872,"ESCORT_EGRESS","护送至撤离点",ReachWaypoint,Active,0,0,1,850,""
215.98999999994854,"PROTECT","保护MAGIC-01",ProtectAircraft,Succeeded,1,1,1,850,""
215.98999999994854,"ESCORT_EGRESS","护送至撤离点",ReachWaypoint,Active,0,0,1,850,""
216.18999999994836,"PROTECT","保护MAGIC-01",ProtectAircraft,Succeeded,1,1,1,850,""
216.18999999994836,"ESCORT_EGRESS","护送至撤离点",ReachWaypoint,Active,0,0,1,850,""
216.38999999994817,"PROTECT","保护MAGIC-01",ProtectAircraft,Succeeded,1,1,1,850,""
216.38999999994817,"ESCORT_EGRESS","护送至撤离点",ReachWaypoint,Active,0,0,1,850,""
216.589999999948,"PROTECT","保护MAGIC-01",ProtectAircraft,Succeeded,1,1,1,850,""
216.589999999948,"ESCORT_EGRESS","护送至撤离点",ReachWaypoint,Active,0,0,1,850,""
216.78999999994781,"PROTECT","保护MAGIC-01",ProtectAircraft,Succeeded,1,1,1,850,""
216.78999999994781,"ESCORT_EGRESS","护送至撤离点",ReachWaypoint,Active,0,0,1,850,""
216.98999999994763,"PROTECT","保护MAGIC-01",ProtectAircraft,Succeeded,1,1,1,850,""
216.98999999994763,"ESCORT_EGRESS","护送至撤离点",ReachWaypoint,Active,0,0,1,850,""
217.18999999994745,"PROTECT","保护MAGIC-01",ProtectAircraft,Succeeded,1,1,1,850,""
217.18999999994745,"ESCORT_EGRESS","护送至撤离点",ReachWaypoint,Active,0,0,1,850,""
217.38999999994726,"PROTECT","保护MAGIC-01",ProtectAircraft,Succeeded,1,1,1,850,""
217.38999999994726,"ESCORT_EGRESS","护送至撤离点",ReachWaypoint,Active,0,0,1,850,""
217.58999999994708,"PROTECT","保护MAGIC-01",ProtectAircraft,Succeeded,1,1,1,850,""
217.58999999994708,"ESCORT_EGRESS","护送至撤离点",ReachWaypoint,Active,0,0,1,850,""
217.7899999999469,"PROTECT","保护MAGIC-01",ProtectAircraft,Succeeded,1,1,1,850,""
217.7899999999469,"ESCORT_EGRESS","护送至撤离点",ReachWaypoint,Active,0,0,1,850,""
217.98999999994672,"PROTECT","保护MAGIC-01",ProtectAircraft,Succeeded,1,1,1,850,""
217.98999999994672,"ESCORT_EGRESS","护送至撤离点",ReachWaypoint,Active,0,0,1,850,""
218.18999999994654,"PROTECT","保护MAGIC-01",ProtectAircraft,Succeeded,1,1,1,850,""
218.18999999994654,"ESCORT_EGRESS","护送至撤离点",ReachWaypoint,Active,0,0,1,850,""
218.38999999994635,"PROTECT","保护MAGIC-01",ProtectAircraft,Succeeded,1,1,1,850,""
218.38999999994635,"ESCORT_EGRESS","护送至撤离点",ReachWaypoint,Active,0,0,1,850,""
218.58999999994617,"PROTECT","保护MAGIC-01",ProtectAircraft,Succeeded,1,1,1,850,""
218.58999999994617,"ESCORT_EGRESS","护送至撤离点",ReachWaypoint,Active,0,0,1,850,""
218.789999999946,"PROTECT","保护MAGIC-01",ProtectAircraft,Succeeded,1,1,1,850,""
218.789999999946,"ESCORT_EGRESS","护送至撤离点",ReachWaypoint,Active,0,0,1,850,""
218.98999999994581,"PROTECT","保护MAGIC-01",ProtectAircraft,Succeeded,1,1,1,850,""
218.98999999994581,"ESCORT_EGRESS","护送至撤离点",ReachWaypoint,Active,0,0,1,850,""
219.18999999994563,"PROTECT","保护MAGIC-01",ProtectAircraft,Succeeded,1,1,1,850,""
219.18999999994563,"ESCORT_EGRESS","护送至撤离点",ReachWaypoint,Active,0,0,1,850,""
219.38999999994545,"PROTECT","保护MAGIC-01",ProtectAircraft,Succeeded,1,1,1,850,""
219.38999999994545,"ESCORT_EGRESS","护送至撤离点",ReachWaypoint,Active,0,0,1,850,""
219.58999999994526,"PROTECT","保护MAGIC-01",ProtectAircraft,Succeeded,1,1,1,850,""
219.58999999994526,"ESCORT_EGRESS","护送至撤离点",ReachWaypoint,Active,0,0,1,850,""
219.78999999994508,"PROTECT","保护MAGIC-01",ProtectAircraft,Succeeded,1,1,1,850,""
219.78999999994508,"ESCORT_EGRESS","护送至撤离点",ReachWaypoint,Active,0,0,1,850,""
219.9899999999449,"PROTECT","保护MAGIC-01",ProtectAircraft,Succeeded,1,1,1,850,""
219.9899999999449,"ESCORT_EGRESS","护送至撤离点",ReachWaypoint,Active,0,0,1,850,""
220.18999999994472,"PROTECT","保护MAGIC-01",ProtectAircraft,Succeeded,1,1,1,850,""
220.18999999994472,"ESCORT_EGRESS","护送至撤离点",ReachWaypoint,Active,0,0,1,850,""
220.38999999994454,"PROTECT","保护MAGIC-01",ProtectAircraft,Succeeded,1,1,1,850,""
220.38999999994454,"ESCORT_EGRESS","护送至撤离点",ReachWaypoint,Active,0,0,1,850,""
220.58999999994435,"PROTECT","保护MAGIC-01",ProtectAircraft,Succeeded,1,1,1,850,""
220.58999999994435,"ESCORT_EGRESS","护送至撤离点",ReachWaypoint,Active,0,0,1,850,""
220.78999999994417,"PROTECT","保护MAGIC-01",ProtectAircraft,Succeeded,1,1,1,850,""
220.78999999994417,"ESCORT_EGRESS","护送至撤离点",ReachWaypoint,Active,0,0,1,850,""
220.989999999944,"PROTECT","保护MAGIC-01",ProtectAircraft,Succeeded,1,1,1,850,""
220.989999999944,"ESCORT_EGRESS","护送至撤离点",ReachWaypoint,Active,0,0,1,850,""
221.18999999994381,"PROTECT","保护MAGIC-01",ProtectAircraft,Succeeded,1,1,1,850,""
221.18999999994381,"ESCORT_EGRESS","护送至撤离点",ReachWaypoint,Active,0,0,1,850,""
221.38999999994363,"PROTECT","保护MAGIC-01",ProtectAircraft,Succeeded,1,1,1,850,""
221.38999999994363,"ESCORT_EGRESS","护送至撤离点",ReachWaypoint,Active,0,0,1,850,""
221.58999999994344,"PROTECT","保护MAGIC-01",ProtectAircraft,Succeeded,1,1,1,850,""
221.58999999994344,"ESCORT_EGRESS","护送至撤离点",ReachWaypoint,Active,0,0,1,850,""
221.78999999994326,"PROTECT","保护MAGIC-01",ProtectAircraft,Succeeded,1,1,1,850,""
221.78999999994326,"ESCORT_EGRESS","护送至撤离点",ReachWaypoint,Active,0,0,1,850,""
221.98999999994308,"PROTECT","保护MAGIC-01",ProtectAircraft,Succeeded,1,1,1,850,""
221.98999999994308,"ESCORT_EGRESS","护送至撤离点",ReachWaypoint,Active,0,0,1,850,""
222.1899999999429,"PROTECT","保护MAGIC-01",ProtectAircraft,Succeeded,1,1,1,850,""
222.1899999999429,"ESCORT_EGRESS","护送至撤离点",ReachWaypoint,Active,0,0,1,850,""
222.38999999994272,"PROTECT","保护MAGIC-01",ProtectAircraft,Succeeded,1,1,1,850,""
222.38999999994272,"ESCORT_EGRESS","护送至撤离点",ReachWaypoint,Active,0,0,1,850,""
222.58999999994253,"PROTECT","保护MAGIC-01",ProtectAircraft,Succeeded,1,1,1,850,""
222.58999999994253,"ESCORT_EGRESS","护送至撤离点",ReachWaypoint,Active,0,0,1,850,""
222.78999999994235,"PROTECT","保护MAGIC-01",ProtectAircraft,Succeeded,1,1,1,850,""
222.78999999994235,"ESCORT_EGRESS","护送至撤离点",ReachWaypoint,Active,0,0,1,850,""
222.98999999994217,"PROTECT","保护MAGIC-01",ProtectAircraft,Succeeded,1,1,1,850,""
222.98999999994217,"ESCORT_EGRESS","护送至撤离点",ReachWaypoint,Active,0,0,1,850,""
223.189999999942,"PROTECT","保护MAGIC-01",ProtectAircraft,Succeeded,1,1,1,850,""
223.189999999942,"ESCORT_EGRESS","护送至撤离点",ReachWaypoint,Active,0,0,1,850,""
223.38999999994181,"PROTECT","保护MAGIC-01",ProtectAircraft,Succeeded,1,1,1,850,""
223.38999999994181,"ESCORT_EGRESS","护送至撤离点",ReachWaypoint,Active,0,0,1,850,""
223.58999999994163,"PROTECT","保护MAGIC-01",ProtectAircraft,Succeeded,1,1,1,850,""
223.58999999994163,"ESCORT_EGRESS","护送至撤离点",ReachWaypoint,Active,0,0,1,850,""
223.78999999994144,"PROTECT","保护MAGIC-01",ProtectAircraft,Succeeded,1,1,1,850,""
223.78999999994144,"ESCORT_EGRESS","护送至撤离点",ReachWaypoint,Active,0,0,1,850,""
223.98999999994126,"PROTECT","保护MAGIC-01",ProtectAircraft,Succeeded,1,1,1,850,""
223.98999999994126,"ESCORT_EGRESS","护送至撤离点",ReachWaypoint,Active,0,0,1,850,""
224.18999999994108,"PROTECT","保护MAGIC-01",ProtectAircraft,Succeeded,1,1,1,850,""
224.18999999994108,"ESCORT_EGRESS","护送至撤离点",ReachWaypoint,Active,0,0,1,850,""
224.3899999999409,"PROTECT","保护MAGIC-01",ProtectAircraft,Succeeded,1,1,1,850,""
224.3899999999409,"ESCORT_EGRESS","护送至撤离点",ReachWaypoint,Active,0,0,1,850,""
224.58999999994072,"PROTECT","保护MAGIC-01",ProtectAircraft,Succeeded,1,1,1,850,""
224.58999999994072,"ESCORT_EGRESS","护送至撤离点",ReachWaypoint,Active,0,0,1,850,""
224.78999999994053,"PROTECT","保护MAGIC-01",ProtectAircraft,Succeeded,1,1,1,850,""
224.78999999994053,"ESCORT_EGRESS","护送至撤离点",ReachWaypoint,Active,0,0,1,850,""
224.98999999994035,"PROTECT","保护MAGIC-01",ProtectAircraft,Succeeded,1,1,1,850,""
224.98999999994035,"ESCORT_EGRESS","护送至撤离点",ReachWaypoint,Active,0,0,1,850,""
225.18999999994017,"PROTECT","保护MAGIC-01",ProtectAircraft,Succeeded,1,1,1,850,""
225.18999999994017,"ESCORT_EGRESS","护送至撤离点",ReachWaypoint,Active,0,0,1,850,""
225.38999999994,"PROTECT","保护MAGIC-01",ProtectAircraft,Succeeded,1,1,1,850,""
225.38999999994,"ESCORT_EGRESS","护送至撤离点",ReachWaypoint,Active,0,0,1,850,""
225.58999999993981,"PROTECT","保护MAGIC-01",ProtectAircraft,Succeeded,1,1,1,850,""
225.58999999993981,"ESCORT_EGRESS","护送至撤离点",ReachWaypoint,Active,0,0,1,850,""
225.78999999993962,"PROTECT","保护MAGIC-01",ProtectAircraft,Succeeded,1,1,1,850,""
225.78999999993962,"ESCORT_EGRESS","护送至撤离点",ReachWaypoint,Active,0,0,1,850,""
225.98999999993944,"PROTECT","保护MAGIC-01",ProtectAircraft,Succeeded,1,1,1,850,""
225.98999999993944,"ESCORT_EGRESS","护送至撤离点",ReachWaypoint,Active,0,0,1,850,""
226.18999999993926,"PROTECT","保护MAGIC-01",ProtectAircraft,Succeeded,1,1,1,850,""
226.18999999993926,"ESCORT_EGRESS","护送至撤离点",ReachWaypoint,Active,0,0,1,850,""
226.38999999993908,"PROTECT","保护MAGIC-01",ProtectAircraft,Succeeded,1,1,1,850,""
226.38999999993908,"ESCORT_EGRESS","护送至撤离点",ReachWaypoint,Active,0,0,1,850,""
226.5899999999389,"PROTECT","保护MAGIC-01",ProtectAircraft,Succeeded,1,1,1,850,""
226.5899999999389,"ESCORT_EGRESS","护送至撤离点",ReachWaypoint,Active,0,0,1,850,""
226.78999999993871,"PROTECT","保护MAGIC-01",ProtectAircraft,Succeeded,1,1,1,850,""
226.78999999993871,"ESCORT_EGRESS","护送至撤离点",ReachWaypoint,Active,0,0,1,850,""
226.98999999993853,"PROTECT","保护MAGIC-01",ProtectAircraft,Succeeded,1,1,1,850,""
226.98999999993853,"ESCORT_EGRESS","护送至撤离点",ReachWaypoint,Active,0,0,1,850,""
227.18999999993835,"PROTECT","保护MAGIC-01",ProtectAircraft,Succeeded,1,1,1,850,""
227.18999999993835,"ESCORT_EGRESS","护送至撤离点",ReachWaypoint,Active,0,0,1,850,""
227.38999999993817,"PROTECT","保护MAGIC-01",ProtectAircraft,Succeeded,1,1,1,850,""
227.38999999993817,"ESCORT_EGRESS","护送至撤离点",ReachWaypoint,Active,0,0,1,850,""
227.589999999938,"PROTECT","保护MAGIC-01",ProtectAircraft,Succeeded,1,1,1,850,""
227.589999999938,"ESCORT_EGRESS","护送至撤离点",ReachWaypoint,Active,0,0,1,850,""
227.78999999993781,"PROTECT","保护MAGIC-01",ProtectAircraft,Succeeded,1,1,1,850,""
227.78999999993781,"ESCORT_EGRESS","护送至撤离点",ReachWaypoint,Active,0,0,1,850,""
227.98999999993762,"PROTECT","保护MAGIC-01",ProtectAircraft,Succeeded,1,1,1,850,""
227.98999999993762,"ESCORT_EGRESS","护送至撤离点",ReachWaypoint,Active,0,0,1,850,""
228.18999999993744,"PROTECT","保护MAGIC-01",ProtectAircraft,Succeeded,1,1,1,850,""
228.18999999993744,"ESCORT_EGRESS","护送至撤离点",ReachWaypoint,Active,0,0,1,850,""
228.38999999993726,"PROTECT","保护MAGIC-01",ProtectAircraft,Succeeded,1,1,1,850,""
228.38999999993726,"ESCORT_EGRESS","护送至撤离点",ReachWaypoint,Active,0,0,1,850,""
228.58999999993708,"PROTECT","保护MAGIC-01",ProtectAircraft,Succeeded,1,1,1,850,""
228.58999999993708,"ESCORT_EGRESS","护送至撤离点",ReachWaypoint,Active,0,0,1,850,""
228.7899999999369,"PROTECT","保护MAGIC-01",ProtectAircraft,Succeeded,1,1,1,850,""
228.7899999999369,"ESCORT_EGRESS","护送至撤离点",ReachWaypoint,Active,0,0,1,850,""
228.98999999993671,"PROTECT","保护MAGIC-01",ProtectAircraft,Succeeded,1,1,1,850,""
228.98999999993671,"ESCORT_EGRESS","护送至撤离点",ReachWaypoint,Active,0,0,1,850,""
229.18999999993653,"PROTECT","保护MAGIC-01",ProtectAircraft,Succeeded,1,1,1,850,""
229.18999999993653,"ESCORT_EGRESS","护送至撤离点",ReachWaypoint,Active,0,0,1,850,""
229.38999999993635,"PROTECT","保护MAGIC-01",ProtectAircraft,Succeeded,1,1,1,850,""
229.38999999993635,"ESCORT_EGRESS","护送至撤离点",ReachWaypoint,Active,0,0,1,850,""
229.58999999993617,"PROTECT","保护MAGIC-01",ProtectAircraft,Succeeded,1,1,1,850,""
229.58999999993617,"ESCORT_EGRESS","护送至撤离点",ReachWaypoint,Active,0,0,1,850,""
229.789999999936,"PROTECT","保护MAGIC-01",ProtectAircraft,Succeeded,1,1,1,850,""
229.789999999936,"ESCORT_EGRESS","护送至撤离点",ReachWaypoint,Active,0,0,1,850,""
229.9899999999358,"PROTECT","保护MAGIC-01",ProtectAircraft,Succeeded,1,1,1,850,""
229.9899999999358,"ESCORT_EGRESS","护送至撤离点",ReachWaypoint,Active,0,0,1,850,""
230.18999999993562,"PROTECT","保护MAGIC-01",ProtectAircraft,Succeeded,1,1,1,850,""
230.18999999993562,"ESCORT_EGRESS","护送至撤离点",ReachWaypoint,Active,0,0,1,850,""
230.38999999993544,"PROTECT","保护MAGIC-01",ProtectAircraft,Succeeded,1,1,1,850,""
230.38999999993544,"ESCORT_EGRESS","护送至撤离点",ReachWaypoint,Active,0,0,1,850,""
230.58999999993526,"PROTECT","保护MAGIC-01",ProtectAircraft,Succeeded,1,1,1,850,""
230.58999999993526,"ESCORT_EGRESS","护送至撤离点",ReachWaypoint,Active,0,0,1,850,""
230.78999999993508,"PROTECT","保护MAGIC-01",ProtectAircraft,Succeeded,1,1,1,850,""
230.78999999993508,"ESCORT_EGRESS","护送至撤离点",ReachWaypoint,Active,0,0,1,850,""
230.98999999993489,"PROTECT","保护MAGIC-01",ProtectAircraft,Succeeded,1,1,1,850,""
230.98999999993489,"ESCORT_EGRESS","护送至撤离点",ReachWaypoint,Active,0,0,1,850,""
231.18999999993471,"PROTECT","保护MAGIC-01",ProtectAircraft,Succeeded,1,1,1,850,""
231.18999999993471,"ESCORT_EGRESS","护送至撤离点",ReachWaypoint,Active,0,0,1,850,""
231.38999999993453,"PROTECT","保护MAGIC-01",ProtectAircraft,Succeeded,1,1,1,850,""
231.38999999993453,"ESCORT_EGRESS","护送至撤离点",ReachWaypoint,Active,0,0,1,850,""
231.58999999993435,"PROTECT","保护MAGIC-01",ProtectAircraft,Succeeded,1,1,1,850,""
231.58999999993435,"ESCORT_EGRESS","护送至撤离点",ReachWaypoint,Active,0,0,1,850,""
231.78999999993417,"PROTECT","保护MAGIC-01",ProtectAircraft,Succeeded,1,1,1,850,""
231.78999999993417,"ESCORT_EGRESS","护送至撤离点",ReachWaypoint,Active,0,0,1,850,""
231.98999999993399,"PROTECT","保护MAGIC-01",ProtectAircraft,Succeeded,1,1,1,850,""
231.98999999993399,"ESCORT_EGRESS","护送至撤离点",ReachWaypoint,Active,0,0,1,850,""
232.1899999999338,"PROTECT","保护MAGIC-01",ProtectAircraft,Succeeded,1,1,1,850,""
232.1899999999338,"ESCORT_EGRESS","护送至撤离点",ReachWaypoint,Active,0,0,1,850,""
232.38999999993362,"PROTECT","保护MAGIC-01",ProtectAircraft,Succeeded,1,1,1,850,""
232.38999999993362,"ESCORT_EGRESS","护送至撤离点",ReachWaypoint,Active,0,0,1,850,""
232.58999999993344,"PROTECT","保护MAGIC-01",ProtectAircraft,Succeeded,1,1,1,850,""
232.58999999993344,"ESCORT_EGRESS","护送至撤离点",ReachWaypoint,Active,0,0,1,850,""
232.78999999993326,"PROTECT","保护MAGIC-01",ProtectAircraft,Succeeded,1,1,1,850,""
232.78999999993326,"ESCORT_EGRESS","护送至撤离点",ReachWaypoint,Active,0,0,1,850,""
232.98999999993308,"PROTECT","保护MAGIC-01",ProtectAircraft,Succeeded,1,1,1,850,""
232.98999999993308,"ESCORT_EGRESS","护送至撤离点",ReachWaypoint,Active,0,0,1,850,""
233.18999999993289,"PROTECT","保护MAGIC-01",ProtectAircraft,Succeeded,1,1,1,850,""
233.18999999993289,"ESCORT_EGRESS","护送至撤离点",ReachWaypoint,Active,0,0,1,850,""
233.38999999993271,"PROTECT","保护MAGIC-01",ProtectAircraft,Succeeded,1,1,1,850,""
233.38999999993271,"ESCORT_EGRESS","护送至撤离点",ReachWaypoint,Active,0,0,1,850,""
233.58999999993253,"PROTECT","保护MAGIC-01",ProtectAircraft,Succeeded,1,1,1,850,""
233.58999999993253,"ESCORT_EGRESS","护送至撤离点",ReachWaypoint,Active,0,0,1,850,""
233.78999999993235,"PROTECT","保护MAGIC-01",ProtectAircraft,Succeeded,1,1,1,850,""
233.78999999993235,"ESCORT_EGRESS","护送至撤离点",ReachWaypoint,Active,0,0,1,850,""
233.98999999993217,"PROTECT","保护MAGIC-01",ProtectAircraft,Succeeded,1,1,1,850,""
233.98999999993217,"ESCORT_EGRESS","护送至撤离点",ReachWaypoint,Active,0,0,1,850,""
234.18999999993198,"PROTECT","保护MAGIC-01",ProtectAircraft,Succeeded,1,1,1,850,""
234.18999999993198,"ESCORT_EGRESS","护送至撤离点",ReachWaypoint,Active,0,0,1,850,""
234.3899999999318,"PROTECT","保护MAGIC-01",ProtectAircraft,Succeeded,1,1,1,850,""
234.3899999999318,"ESCORT_EGRESS","护送至撤离点",ReachWaypoint,Active,0,0,1,850,""
234.58999999993162,"PROTECT","保护MAGIC-01",ProtectAircraft,Succeeded,1,1,1,850,""
234.58999999993162,"ESCORT_EGRESS","护送至撤离点",ReachWaypoint,Active,0,0,1,850,""
234.78999999993144,"PROTECT","保护MAGIC-01",ProtectAircraft,Succeeded,1,1,1,850,""
234.78999999993144,"ESCORT_EGRESS","护送至撤离点",ReachWaypoint,Active,0,0,1,850,""
234.98999999993126,"PROTECT","保护MAGIC-01",ProtectAircraft,Succeeded,1,1,1,850,""
234.98999999993126,"ESCORT_EGRESS","护送至撤离点",ReachWaypoint,Active,0,0,1,850,""
235.18999999993108,"PROTECT","保护MAGIC-01",ProtectAircraft,Succeeded,1,1,1,850,""
235.18999999993108,"ESCORT_EGRESS","护送至撤离点",ReachWaypoint,Active,0,0,1,850,""
235.38999999993089,"PROTECT","保护MAGIC-01",ProtectAircraft,Succeeded,1,1,1,850,""
235.38999999993089,"ESCORT_EGRESS","护送至撤离点",ReachWaypoint,Active,0,0,1,850,""
235.58999999993071,"PROTECT","保护MAGIC-01",ProtectAircraft,Succeeded,1,1,1,850,""
235.58999999993071,"ESCORT_EGRESS","护送至撤离点",ReachWaypoint,Active,0,0,1,850,""
235.78999999993053,"PROTECT","保护MAGIC-01",ProtectAircraft,Succeeded,1,1,1,850,""
235.78999999993053,"ESCORT_EGRESS","护送至撤离点",ReachWaypoint,Active,0,0,1,850,""
235.90999999993042,"PROTECT","保护MAGIC-01",ProtectAircraft,Succeeded,1,1,1,850,""
235.90999999993042,"ESCORT_EGRESS","护送至撤离点",ReachWaypoint,Succeeded,1,1,1,850,""
