time_s,batch_id,run_id,mission_id,seed,mode,status,authority,wall_time_s,simulation_rate,terrain_source,terrain_valid,completion_reason,report_path
0,"","KTEX_CAP_01-00001000","KTEX_CAP_01",1000,Manual,Running,ManualPilot,0,0,None,False,"",""
0,"","KTEX_CAP_01-00001000","KTEX_CAP_01",1000,Batch,Running,AutomationPilot,0,0,None,False,"",""
0.19000000000000003,"smoke-00001000","KTEX_CAP_01-00001000","KTEX_CAP_01",1000,Batch,Running,AutomationPilot,0.0030797,3.2470695197584183,MissionCache,True,"","D:\Workspace\MM\FlightSim\FlightSimProject\Artifacts\FlightSimVerification\Missions\smoke-00001000\KTEX_CAP_01-00001000"
0.39000000000000018,"smoke-00001000","KTEX_CAP_01-00001000","KTEX_CAP_01",1000,Batch,Running,AutomationPilot,0.0067207,31.24674513071556,MissionCache,True,"","D:\Workspace\MM\FlightSim\FlightSimProject\Artifacts\FlightSimVerification\Missions\smoke-00001000\KTEX_CAP_01-00001000"
0.5900000000000003,"smoke-00001000","KTEX_CAP_01-00001000","KTEX_CAP_01",1000,Batch,Running,AutomationPilot,0.0101911,40.231182109880208,MissionCache,True,"","D:\Workspace\MM\FlightSim\FlightSimProject\Artifacts\FlightSimVerification\Missions\smoke-00001000\KTEX_CAP_01-00001000"
0.79000000000000048,"smoke-00001000","KTEX_CAP_01-00001000","KTEX_CAP_01",1000,Batch,Running,AutomationPilot,0.0147584,41.332393755420668,MissionCache,True,"","D:\Workspace\MM\FlightSim\FlightSimProject\Artifacts\FlightSimVerification\Missions\smoke-00001000\KTEX_CAP_01-00001000"
0.99000000000000066,"smoke-00001000","KTEX_CAP_01-00001000","KTEX_CAP_01",1000,Batch,Running,AutomationPilot,0.0183212,44.211077876994985,MissionCache,True,"","D:\Workspace\MM\FlightSim\FlightSimProject\Artifacts\FlightSimVerification\Missions\smoke-00001000\KTEX_CAP_01-00001000"
1.1900000000000008,"smoke-00001000","KTEX_CAP_01-00001000","KTEX_CAP_01",1000,Batch,Running,AutomationPilot,0.021560799999999998,46.844272939779636,MissionCache,True,"","D:\Workspace\MM\FlightSim\FlightSimProject\Artifacts\FlightSimVerification\Missions\smoke-00001000\KTEX_CAP_01-00001000"
1.390000000000001,"smoke-00001000","KTEX_CAP_01-00001000","KTEX_CAP_01",1000,Batch,Running,AutomationPilot,0.0249202,48.554987520164396,MissionCache,True,"","D:\Workspace\MM\FlightSim\FlightSimProject\Artifacts\FlightSimVerification\Missions\smoke-00001000\KTEX_CAP_01-00001000"
1.5900000000000012,"smoke-00001000","KTEX_CAP_01-00001000","KTEX_CAP_01",1000,Batch,Running,AutomationPilot,0.0282568,49.899493219331312,MissionCache,True,"","D:\Workspace\MM\FlightSim\FlightSimProject\Artifacts\FlightSimVerification\Missions\smoke-00001000\KTEX_CAP_01-00001000"
1.7900000000000014,"smoke-00001000","KTEX_CAP_01-00001000","KTEX_CAP_01",1000,Batch,Running,AutomationPilot,0.0316359,50.891550422147027,MissionCache,True,"","D:\Workspace\MM\FlightSim\FlightSimProject\Artifacts\FlightSimVerification\Missions\smoke-00001000\KTEX_CAP_01-00001000"
1.9900000000000015,"smoke-00001000","KTEX_CAP_01-00001000","KTEX_CAP_01",1000,Batch,Running,AutomationPilot,0.0352048,51.413443621324404,MissionCache,True,"","D:\Workspace\MM\FlightSim\FlightSimProject\Artifacts\FlightSimVerification\Missions\smoke-00001000\KTEX_CAP_01-00001000"
2.1899999999999973,"smoke-00001000","KTEX_CAP_01-00001000","KTEX_CAP_01",1000,Batch,Running,AutomationPilot,0.0384225,52.3130977942612,MissionCache,True,"","D:\Workspace\MM\FlightSim\FlightSimProject\Artifacts\FlightSimVerification\Missions\smoke-00001000\KTEX_CAP_01-00001000"
2.389999999999993,"smoke-00001000","KTEX_CAP_01-00001000","KTEX_CAP_01",1000,Batch,Running,AutomationPilot,0.0424952,52.005873604548206,MissionCache,True,"","D:\Workspace\MM\FlightSim\FlightSimProject\Artifacts\FlightSimVerification\Missions\smoke-00001000\KTEX_CAP_01-00001000"
2.5899999999999888,"smoke-00001000","KTEX_CAP_01-00001000","KTEX_CAP_01",1000,Batch,Running,AutomationPilot,0.0457623,52.663436933895206,MissionCache,True,"","D:\Workspace\MM\FlightSim\FlightSimProject\Artifacts\FlightSimVerification\Missions\smoke-00001000\KTEX_CAP_01-00001000"
2.7899999999999845,"smoke-00001000","KTEX_CAP_01-00001000","KTEX_CAP_01",1000,Batch,Running,AutomationPilot,0.049413099999999995,52.820001173777577,MissionCache,True,"","D:\Workspace\MM\FlightSim\FlightSimProject\Artifacts\FlightSimVerification\Missions\smoke-00001000\KTEX_CAP_01-00001000"
2.9899999999999802,"smoke-00001000","KTEX_CAP_01-00001000","KTEX_CAP_01",1000,Batch,Running,AutomationPilot,0.0526407,53.380749116177867,MissionCache,True,"","D:\Workspace\MM\FlightSim\FlightSimProject\Artifacts\FlightSimVerification\Missions\smoke-00001000\KTEX_CAP_01-00001000"
3.189999999999976,"smoke-00001000","KTEX_CAP_01-00001000","KTEX_CAP_01",1000,Batch,Running,AutomationPilot,0.0561228,53.6323918264944,MissionCache,True,"","D:\Workspace\MM\FlightSim\FlightSimProject\Artifacts\FlightSimVerification\Missions\smoke-00001000\KTEX_CAP_01-00001000"
3.3899999999999717,"smoke-00001000","KTEX_CAP_01-00001000","KTEX_CAP_01",1000,Batch,Running,AutomationPilot,0.0593775,54.060881647088131,MissionCache,True,"","D:\Workspace\MM\FlightSim\FlightSimProject\Artifacts\FlightSimVerification\Missions\smoke-00001000\KTEX_CAP_01-00001000"
3.5899999999999674,"smoke-00001000","KTEX_CAP_01-00001000","KTEX_CAP_01",1000,Batch,Running,AutomationPilot,0.062809,54.2915824165322,MissionCache,True,"","D:\Workspace\MM\FlightSim\FlightSimProject\Artifacts\FlightSimVerification\Missions\smoke-00001000\KTEX_CAP_01-00001000"
3.7899999999999632,"smoke-00001000","KTEX_CAP_01-00001000","KTEX_CAP_01",1000,Batch,Running,AutomationPilot,0.0660769,54.633313608840112,MissionCache,True,"","D:\Workspace\MM\FlightSim\FlightSimProject\Artifacts\FlightSimVerification\Missions\smoke-00001000\KTEX_CAP_01-00001000"
3.9899999999999589,"smoke-00001000","KTEX_CAP_01-00001000","KTEX_CAP_01",1000,Batch,Running,AutomationPilot,0.0702723,54.217664712837959,MissionCache,True,"","D:\Workspace\MM\FlightSim\FlightSimProject\Artifacts\FlightSimVerification\Missions\smoke-00001000\KTEX_CAP_01-00001000"
4.1899999999999551,"smoke-00001000","KTEX_CAP_01-00001000","KTEX_CAP_01",1000,Batch,Running,AutomationPilot,0.073581899999999992,54.497097791711809,MissionCache,True,"","D:\Workspace\MM\FlightSim\FlightSimProject\Artifacts\FlightSimVerification\Missions\smoke-00001000\KTEX_CAP_01-00001000"
4.3899999999999508,"smoke-00001000","KTEX_CAP_01-00001000","KTEX_CAP_01",1000,Batch,Running,AutomationPilot,0.078245399999999993,53.805079915240448,MissionCache,True,"","D:\Workspace\MM\FlightSim\FlightSimProject\Artifacts\FlightSimVerification\Missions\smoke-00001000\KTEX_CAP_01-00001000"
4.5899999999999466,"smoke-00001000","KTEX_CAP_01-00001000","KTEX_CAP_01",1000,Batch,Running,AutomationPilot,0.0814897,54.1172688082046,MissionCache,True,"","D:\Workspace\MM\FlightSim\FlightSimProject\Artifacts\FlightSimVerification\Missions\smoke-00001000\KTEX_CAP_01-00001000"
4.7899999999999423,"smoke-00001000","KTEX_CAP_01-00001000","KTEX_CAP_01",1000,Batch,Running,AutomationPilot,0.084951699999999991,54.266130048014894,MissionCache,True,"","D:\Workspace\MM\FlightSim\FlightSimProject\Artifacts\FlightSimVerification\Missions\smoke-00001000\KTEX_CAP_01-00001000"
4.989999999999938,"smoke-00001000","KTEX_CAP_01-00001000","KTEX_CAP_01",1000,Batch,Running,AutomationPilot,0.0881407,54.571837981771665,MissionCache,True,"","D:\Workspace\MM\FlightSim\FlightSimProject\Artifacts\FlightSimVerification\Missions\smoke-00001000\KTEX_CAP_01-00001000"
5.1899999999999338,"smoke-00001000","KTEX_CAP_01-00001000","KTEX_CAP_01",1000,Batch,Running,AutomationPilot,0.0913037,54.871817900040604,MissionCache,True,"","D:\Workspace\MM\FlightSim\FlightSimProject\Artifacts\FlightSimVerification\Missions\smoke-00001000\KTEX_CAP_01-00001000"
5.3899999999999295,"smoke-00001000","KTEX_CAP_01-00001000","KTEX_CAP_01",1000,Batch,Running,AutomationPilot,0.0948762,54.913666441108873,MissionCache,True,"","D:\Workspace\MM\FlightSim\FlightSimProject\Artifacts\FlightSimVerification\Missions\smoke-00001000\KTEX_CAP_01-00001000"
5.5899999999999253,"smoke-00001000","KTEX_CAP_01-00001000","KTEX_CAP_01",1000,Batch,Running,AutomationPilot,0.0983916,54.984368584309323,MissionCache,True,"","D:\Workspace\MM\FlightSim\FlightSimProject\Artifacts\FlightSimVerification\Missions\smoke-00001000\KTEX_CAP_01-00001000"
5.789999999999921,"smoke-00001000","KTEX_CAP_01-00001000","KTEX_CAP_01",1000,Batch,Running,AutomationPilot,0.1046143,53.62555597083692,MissionCache,True,"","D:\Workspace\MM\FlightSim\FlightSimProject\Artifacts\FlightSimVerification\Missions\smoke-00001000\KTEX_CAP_01-00001000"
5.9899999999999167,"smoke-00001000","KTEX_CAP_01-00001000","KTEX_CAP_01",1000,Batch,Running,AutomationPilot,0.10787849999999999,53.856885292249345,MissionCache,True,"","D:\Workspace\MM\FlightSim\FlightSimProject\Artifacts\FlightSimVerification\Missions\smoke-00001000\KTEX_CAP_01-00001000"
6.1899999999999125,"smoke-00001000","KTEX_CAP_01-00001000","KTEX_CAP_01",1000,Batch,Running,AutomationPilot,0.1114318,53.934334723121374,MissionCache,True,"","D:\Workspace\MM\FlightSim\FlightSimProject\Artifacts\FlightSimVerification\Missions\smoke-00001000\KTEX_CAP_01-00001000"
6.3899999999999082,"smoke-00001000","KTEX_CAP_01-00001000","KTEX_CAP_01",1000,Batch,Running,AutomationPilot,0.1148583,54.066619478086587,MissionCache,True,"","D:\Workspace\MM\FlightSim\FlightSimProject\Artifacts\FlightSimVerification\Missions\smoke-00001000\KTEX_CAP_01-00001000"
6.5899999999999039,"smoke-00001000","KTEX_CAP_01-00001000","KTEX_CAP_01",1000,Batch,Running,AutomationPilot,0.11831059999999999,54.179422638376515,MissionCache,True,"","D:\Workspace\MM\FlightSim\FlightSimProject\Artifacts\FlightSimVerification\Missions\smoke-00001000\KTEX_CAP_01-00001000"
6.7899999999999,"smoke-00001000","KTEX_CAP_01-00001000","KTEX_CAP_01",1000,Batch,Running,AutomationPilot,0.12156489999999999,54.374247829759284,MissionCache,True,"","D:\Workspace\MM\FlightSim\FlightSimProject\Artifacts\FlightSimVerification\Missions\smoke-00001000\KTEX_CAP_01-00001000"
6.9899999999998954,"smoke-00001000","KTEX_CAP_01-00001000","KTEX_CAP_01",1000,Batch,Running,AutomationPilot,0.1258542,54.110232316441561,MissionCache,True,"","D:\Workspace\MM\FlightSim\FlightSimProject\Artifacts\FlightSimVerification\Missions\smoke-00001000\KTEX_CAP_01-00001000"
7.1899999999998911,"smoke-00001000","KTEX_CAP_01-00001000","KTEX_CAP_01",1000,Batch,Running,AutomationPilot,0.1290624,54.314812059901996,MissionCache,True,"","D:\Workspace\MM\FlightSim\FlightSimProject\Artifacts\FlightSimVerification\Missions\smoke-00001000\KTEX_CAP_01-00001000"
7.3899999999998869,"smoke-00001000","KTEX_CAP_01-00001000","KTEX_CAP_01",1000,Batch,Running,AutomationPilot,0.1322851,54.503492834793121,MissionCache,True,"","D:\Workspace\MM\FlightSim\FlightSimProject\Artifacts\FlightSimVerification\Missions\smoke-00001000\KTEX_CAP_01-00001000"
7.5899999999998826,"smoke-00001000","KTEX_CAP_01-00001000","KTEX_CAP_01",1000,Batch,Running,AutomationPilot,0.1359775,54.494309720357315,MissionCache,True,"","D:\Workspace\MM\FlightSim\FlightSimProject\Artifacts\FlightSimVerification\Missions\smoke-00001000\KTEX_CAP_01-00001000"
7.7899999999998784,"smoke-00001000","KTEX_CAP_01-00001000","KTEX_CAP_01",1000,Batch,Running,AutomationPilot,0.1394917,54.555217263822023,MissionCache,True,"","D:\Workspace\MM\FlightSim\FlightSimProject\Artifacts\FlightSimVerification\Missions\smoke-00001000\KTEX_CAP_01-00001000"
7.9899999999998741,"smoke-00001000","KTEX_CAP_01-00001000","KTEX_CAP_01",1000,Batch,Running,AutomationPilot,0.1430994,54.577447564419408,MissionCache,True,"","D:\Workspace\MM\FlightSim\FlightSimProject\Artifacts\FlightSimVerification\Missions\smoke-00001000\KTEX_CAP_01-00001000"
8.18999999999987,"smoke-00001000","KTEX_CAP_01-00001000","KTEX_CAP_01",1000,Batch,Running,AutomationPilot,0.1464181,54.7063511956505,MissionCache,True,"","D:\Workspace\MM\FlightSim\FlightSimProject\Artifacts\FlightSimVerification\Missions\smoke-00001000\KTEX_CAP_01-00001000"
8.3899999999998656,"smoke-00001000","KTEX_CAP_01-00001000","KTEX_CAP_01",1000,Batch,Running,AutomationPilot,0.15060959999999998,54.511797388744611,MissionCache,True,"","D:\Workspace\MM\FlightSim\FlightSimProject\Artifacts\FlightSimVerification\Missions\smoke-00001000\KTEX_CAP_01-00001000"
8.5899999999998613,"smoke-00001000","KTEX_CAP_01-00001000","KTEX_CAP_01",1000,Batch,Running,AutomationPilot,0.1539188,54.639199370056588,MissionCache,True,"","D:\Workspace\MM\FlightSim\FlightSimProject\Artifacts\FlightSimVerification\Missions\smoke-00001000\KTEX_CAP_01-00001000"
8.789999999999857,"smoke-00001000","KTEX_CAP_01-00001000","KTEX_CAP_01",1000,Batch,Running,AutomationPilot,0.1580676,54.470365843473679,MissionCache,True,"","D:\Workspace\MM\FlightSim\FlightSimProject\Artifacts\FlightSimVerification\Missions\smoke-00001000\KTEX_CAP_01-00001000"
8.9899999999998528,"smoke-00001000","KTEX_CAP_01-00001000","KTEX_CAP_01",1000,Batch,Running,AutomationPilot,0.1612122,54.648469532701974,MissionCache,True,"","D:\Workspace\MM\FlightSim\FlightSimProject\Artifacts\FlightSimVerification\Missions\smoke-00001000\KTEX_CAP_01-00001000"
9.1899999999998485,"smoke-00001000","KTEX_CAP_01-00001000","KTEX_CAP_01",1000,Batch,Running,AutomationPilot,0.16456949999999998,54.748905477624064,MissionCache,True,"","D:\Workspace\MM\FlightSim\FlightSimProject\Artifacts\FlightSimVerification\Missions\smoke-00001000\KTEX_CAP_01-00001000"
9.3899999999998442,"smoke-00001000","KTEX_CAP_01-00001000","KTEX_CAP_01",1000,Batch,Running,AutomationPilot,0.16779139999999998,54.889583137156308,MissionCache,True,"","D:\Workspace\MM\FlightSim\FlightSimProject\Artifacts\FlightSimVerification\Missions\smoke-00001000\KTEX_CAP_01-00001000"
9.58999999999984,"smoke-00001000","KTEX_CAP_01-00001000","KTEX_CAP_01",1000,Batch,Running,AutomationPilot,0.17199689999999998,54.710288383103681,MissionCache,True,"","D:\Workspace\MM\FlightSim\FlightSimProject\Artifacts\FlightSimVerification\Missions\smoke-00001000\KTEX_CAP_01-00001000"
9.7899999999998357,"smoke-00001000","KTEX_CAP_01-00001000","KTEX_CAP_01",1000,Batch,Running,AutomationPilot,0.1755661,54.737218631614184,MissionCache,True,"","D:\Workspace\MM\FlightSim\FlightSimProject\Artifacts\FlightSimVerification\Missions\smoke-00001000\KTEX_CAP_01-00001000"
9.9899999999998315,"smoke-00001000","KTEX_CAP_01-00001000","KTEX_CAP_01",1000,Batch,Running,AutomationPilot,0.1788862,54.839333609858308,MissionCache,True,"","D:\Workspace\MM\FlightSim\FlightSimProject\Artifacts\FlightSimVerification\Missions\smoke-00001000\KTEX_CAP_01-00001000"
10.189999999999827,"smoke-00001000","KTEX_CAP_01-00001000","KTEX_CAP_01",1000,Batch,Running,AutomationPilot,0.18210469999999998,54.9683780813995,MissionCache,True,"","D:\Workspace\MM\FlightSim\FlightSimProject\Artifacts\FlightSimVerification\Missions\smoke-00001000\KTEX_CAP_01-00001000"
10.389999999999823,"smoke-00001000","KTEX_CAP_01-00001000","KTEX_CAP_01",1000,Batch,Running,AutomationPilot,0.18558639999999998,55.014807119486278,MissionCache,True,"","D:\Workspace\MM\FlightSim\FlightSimProject\Artifacts\FlightSimVerification\Missions\smoke-00001000\KTEX_CAP_01-00001000"
10.589999999999819,"smoke-00001000","KTEX_CAP_01-00001000","KTEX_CAP_01",1000,Batch,Running,AutomationPilot,0.18892219999999998,55.102047297775613,MissionCache,True,"","D:\Workspace\MM\FlightSim\FlightSimProject\Artifacts\FlightSimVerification\Missions\smoke-00001000\KTEX_CAP_01-00001000"
10.789999999999814,"smoke-00001000","KTEX_CAP_01-00001000","KTEX_CAP_01",1000,Batch,Running,AutomationPilot,0.1922033,55.201965835133,MissionCache,True,"","D:\Workspace\MM\FlightSim\FlightSimProject\Artifacts\FlightSimVerification\Missions\smoke-00001000\KTEX_CAP_01-00001000"
10.98999999999981,"smoke-00001000","KTEX_CAP_01-00001000","KTEX_CAP_01",1000,Batch,Running,AutomationPilot,0.1966113,54.981580407635853,MissionCache,True,"","D:\Workspace\MM\FlightSim\FlightSimProject\Artifacts\FlightSimVerification\Missions\smoke-00001000\KTEX_CAP_01-00001000"
11.189999999999806,"smoke-00001000","KTEX_CAP_01-00001000","KTEX_CAP_01",1000,Batch,Running,AutomationPilot,0.19979639999999999,55.10609800777096,MissionCache,True,"","D:\Workspace\MM\FlightSim\FlightSimProject\Artifacts\FlightSimVerification\Missions\smoke-00001000\KTEX_CAP_01-00001000"
11.389999999999802,"smoke-00001000","KTEX_CAP_01-00001000","KTEX_CAP_01",1000,Batch,Running,AutomationPilot,0.20442079999999999,54.837863857297329,MissionCache,True,"","D:\Workspace\MM\FlightSim\FlightSimProject\Artifacts\FlightSimVerification\Missions\smoke-00001000\KTEX_CAP_01-00001000"
11.589999999999797,"smoke-00001000","KTEX_CAP_01-00001000","KTEX_CAP_01",1000,Batch,Running,AutomationPilot,0.20777859999999998,54.914221195059561,MissionCache,True,"","D:\Workspace\MM\FlightSim\FlightSimProject\Artifacts\FlightSimVerification\Missions\smoke-00001000\KTEX_CAP_01-00001000"
11.789999999999793,"smoke-00001000","KTEX_CAP_01-00001000","KTEX_CAP_01",1000,Batch,Running,AutomationPilot,0.21100619999999998,55.022079919925567,MissionCache,True,"","D:\Workspace\MM\FlightSim\FlightSimProject\Artifacts\FlightSimVerification\Missions\smoke-00001000\KTEX_CAP_01-00001000"
11.989999999999789,"smoke-00001000","KTEX_CAP_01-00001000","KTEX_CAP_01",1000,Batch,Running,AutomationPilot,0.2144526,55.070444471178213,MissionCache,True,"","D:\Workspace\MM\FlightSim\FlightSimProject\Artifacts\FlightSimVerification\Missions\smoke-00001000\KTEX_CAP_01-00001000"
12.189999999999785,"smoke-00001000","KTEX_CAP_01-00001000","KTEX_CAP_01",1000,Batch,Running,AutomationPilot,0.2187711,54.897561880887324,MissionCache,True,"","D:\Workspace\MM\FlightSim\FlightSimProject\Artifacts\FlightSimVerification\Missions\smoke-00001000\KTEX_CAP_01-00001000"
12.38999999999978,"smoke-00001000","KTEX_CAP_01-00001000","KTEX_CAP_01",1000,Batch,Running,AutomationPilot,0.22287659999999998,54.783678501914444,MissionCache,True,"","D:\Workspace\MM\FlightSim\FlightSimProject\Artifacts\FlightSimVerification\Missions\smoke-00001000\KTEX_CAP_01-00001000"
12.589999999999776,"smoke-00001000","KTEX_CAP_01-00001000","KTEX_CAP_01",1000,Batch,Running,AutomationPilot,0.2262987,54.839024704957566,MissionCache,True,"","D:\Workspace\MM\FlightSim\FlightSimProject\Artifacts\FlightSimVerification\Missions\smoke-00001000\KTEX_CAP_01-00001000"
12.789999999999772,"smoke-00001000","KTEX_CAP_01-00001000","KTEX_CAP_01",1000,Batch,Running,AutomationPilot,0.2295345,54.937275224420624,MissionCache,True,"","D:\Workspace\MM\FlightSim\FlightSimProject\Artifacts\FlightSimVerification\Missions\smoke-00001000\KTEX_CAP_01-00001000"
12.989999999999768,"smoke-00001000","KTEX_CAP_01-00001000","KTEX_CAP_01",1000,Batch,Running,AutomationPilot,0.2328712,55.0089491530072,MissionCache,True,"","D:\Workspace\MM\FlightSim\FlightSimProject\Artifacts\FlightSimVerification\Missions\smoke-00001000\KTEX_CAP_01-00001000"
13.189999999999763,"smoke-00001000","KTEX_CAP_01-00001000","KTEX_CAP_01",1000,Batch,Running,AutomationPilot,0.2361043,55.102766023320065,MissionCache,True,"","D:\Workspace\MM\FlightSim\FlightSimProject\Artifacts\FlightSimVerification\Missions\smoke-00001000\KTEX_CAP_01-00001000"
13.389999999999759,"smoke-00001000","KTEX_CAP_01-00001000","KTEX_CAP_01",1000,Batch,Running,AutomationPilot,0.2393035,55.201867085102236,MissionCache,True,"","D:\Workspace\MM\FlightSim\FlightSimProject\Artifacts\FlightSimVerification\Missions\smoke-00001000\KTEX_CAP_01-00001000"
13.589999999999755,"smoke-00001000","KTEX_CAP_01-00001000","KTEX_CAP_01",1000,Batch,Running,AutomationPilot,0.2433735,55.100493685630354,MissionCache,True,"","D:\Workspace\MM\FlightSim\FlightSimProject\Artifacts\FlightSimVerification\Missions\smoke-00001000\KTEX_CAP_01-00001000"
13.78999999999975,"smoke-00001000","KTEX_CAP_01-00001000","KTEX_CAP_01",1000,Batch,Running,AutomationPilot,0.2466763,55.173520926006084,MissionCache,True,"","D:\Workspace\MM\FlightSim\FlightSimProject\Artifacts\FlightSimVerification\Missions\smoke-00001000\KTEX_CAP_01-00001000"
13.989999999999746,"smoke-00001000","KTEX_CAP_01-00001000","KTEX_CAP_01",1000,Batch,Running,AutomationPilot,0.2503763,55.156977717139164,MissionCache,True,"","D:\Workspace\MM\FlightSim\FlightSimProject\Artifacts\FlightSimVerification\Missions\smoke-00001000\KTEX_CAP_01-00001000"
14.189999999999742,"smoke-00001000","KTEX_CAP_01-00001000","KTEX_CAP_01",1000,Batch,Running,AutomationPilot,0.2535966,55.245220164622651,MissionCache,True,"","D:\Workspace\MM\FlightSim\FlightSimProject\Artifacts\FlightSimVerification\Missions\smoke-00001000\KTEX_CAP_01-00001000"
14.389999999999738,"smoke-00001000","KTEX_CAP_01-00001000","KTEX_CAP_01",1000,Batch,Running,AutomationPilot,0.2589067,54.8846360484288,MissionCache,True,"","D:\Workspace\MM\FlightSim\FlightSimProject\Artifacts\FlightSimVerification\Missions\smoke-00001000\KTEX_CAP_01-00001000"
14.589999999999733,"smoke-00001000","KTEX_CAP_01-00001000","KTEX_CAP_01",1000,Batch,Running,AutomationPilot,0.2630925,54.7716107452692,MissionCache,True,"","D:\Workspace\MM\FlightSim\FlightSimProject\Artifacts\FlightSimVerification\Missions\smoke-00001000\KTEX_CAP_01-00001000"
14.789999999999729,"smoke-00001000","KTEX_CAP_01-00001000","KTEX_CAP_01",1000,Batch,Running,AutomationPilot,0.2664197,54.8382871086475,MissionCache,True,"","D:\Workspace\MM\FlightSim\FlightSimProject\Artifacts\FlightSimVerification\Missions\smoke-00001000\KTEX_CAP_01-00001000"
14.989999999999725,"smoke-00001000","KTEX_CAP_01-00001000","KTEX_CAP_01",1000,Batch,Running,AutomationPilot,0.27054459999999997,54.741436347277791,MissionCache,True,"","D:\Workspace\MM\FlightSim\FlightSimProject\Artifacts\FlightSimVerification\Missions\smoke-00001000\KTEX_CAP_01-00001000"
15.189999999999721,"smoke-00001000","KTEX_CAP_01-00001000","KTEX_CAP_01",1000,Batch,Running,AutomationPilot,0.2737823,54.824581428382061,MissionCache,True,"","D:\Workspace\MM\FlightSim\FlightSimProject\Artifacts\FlightSimVerification\Missions\smoke-00001000\KTEX_CAP_01-00001000"
15.389999999999716,"smoke-00001000","KTEX_CAP_01-00001000","KTEX_CAP_01",1000,Batch,Running,AutomationPilot,0.27720079999999997,54.86997151523272,MissionCache,True,"","D:\Workspace\MM\FlightSim\FlightSimProject\Artifacts\FlightSimVerification\Missions\smoke-00001000\KTEX_CAP_01-00001000"
15.589999999999712,"smoke-00001000","KTEX_CAP_01-00001000","KTEX_CAP_01",1000,Batch,Running,AutomationPilot,0.2805464,54.928525192266655,MissionCache,True,"","D:\Workspace\MM\FlightSim\FlightSimProject\Artifacts\FlightSimVerification\Missions\smoke-00001000\KTEX_CAP_01-00001000"
15.789999999999708,"smoke-00001000","KTEX_CAP_01-00001000","KTEX_CAP_01",1000,Batch,Running,AutomationPilot,0.283808,55.001973164955572,MissionCache,True,"","D:\Workspace\MM\FlightSim\FlightSimProject\Artifacts\FlightSimVerification\Missions\smoke-00001000\KTEX_CAP_01-00001000"
15.989999999999704,"smoke-00001000","KTEX_CAP_01-00001000","KTEX_CAP_01",1000,Batch,Running,AutomationPilot,0.2873436,55.021235900154757,MissionCache,True,"","D:\Workspace\MM\FlightSim\FlightSimProject\Artifacts\FlightSimVerification\Missions\smoke-00001000\KTEX_CAP_01-00001000"
16.189999999999731,"smoke-00001000","KTEX_CAP_01-00001000","KTEX_CAP_01",1000,Batch,Running,AutomationPilot,0.2905135,55.1093150576469,MissionCache,True,"","D:\Workspace\MM\FlightSim\FlightSimProject\Artifacts\FlightSimVerification\Missions\smoke-00001000\KTEX_CAP_01-00001000"
16.389999999999763,"smoke-00001000","KTEX_CAP_01-00001000","KTEX_CAP_01",1000,Batch,Running,AutomationPilot,0.2949563,54.957293673672112,MissionCache,True,"","D:\Workspace\MM\FlightSim\FlightSimProject\Artifacts\FlightSimVerification\Missions\smoke-00001000\KTEX_CAP_01-00001000"
16.589999999999794,"smoke-00001000","KTEX_CAP_01-00001000","KTEX_CAP_01",1000,Batch,Running,AutomationPilot,0.29813029999999996,55.043046614181009,MissionCache,True,"","D:\Workspace\MM\FlightSim\FlightSimProject\Artifacts\FlightSimVerification\Missions\smoke-00001000\KTEX_CAP_01-00001000"
16.789999999999825,"smoke-00001000","KTEX_CAP_01-00001000","KTEX_CAP_01",1000,Batch,Running,AutomationPilot,0.30130989999999996,55.125968313685675,MissionCache,True,"","D:\Workspace\MM\FlightSim\FlightSimProject\Artifacts\FlightSimVerification\Missions\smoke-00001000\KTEX_CAP_01-00001000"
16.989999999999856,"smoke-00001000","KTEX_CAP_01-00001000","KTEX_CAP_01",1000,Batch,Running,AutomationPilot,0.30470729999999996,55.167696999710316,MissionCache,True,"","D:\Workspace\MM\FlightSim\FlightSimProject\Artifacts\FlightSimVerification\Missions\smoke-00001000\KTEX_CAP_01-00001000"
17.189999999999888,"smoke-00001000","KTEX_CAP_01-00001000","KTEX_CAP_01",1000,Batch,Running,AutomationPilot,0.3080485,55.218577594112162,MissionCache,True,"","D:\Workspace\MM\FlightSim\FlightSimProject\Artifacts\FlightSimVerification\Missions\smoke-00001000\KTEX_CAP_01-00001000"
17.389999999999919,"smoke-00001000","KTEX_CAP_01-00001000","KTEX_CAP_01",1000,Batch,Running,AutomationPilot,0.31139659999999997,55.267141645091478,MissionCache,True,"","D:\Workspace\MM\FlightSim\FlightSimProject\Artifacts\FlightSimVerification\Missions\smoke-00001000\KTEX_CAP_01-00001000"
17.58999999999995,"smoke-00001000","KTEX_CAP_01-00001000","KTEX_CAP_01",1000,Batch,Running,AutomationPilot,0.3155116,55.180221582978,MissionCache,True,"","D:\Workspace\MM\FlightSim\FlightSimProject\Artifacts\FlightSimVerification\Missions\smoke-00001000\KTEX_CAP_01-00001000"
17.789999999999981,"smoke-00001000","KTEX_CAP_01-00001000","KTEX_CAP_01",1000,Batch,Running,AutomationPilot,0.3187199,55.252276371823513,MissionCache,True,"","D:\Workspace\MM\FlightSim\FlightSimProject\Artifacts\FlightSimVerification\Missions\smoke-00001000\KTEX_CAP_01-00001000"
17.990000000000013,"smoke-00001000","KTEX_CAP_01-00001000","KTEX_CAP_01",1000,Batch,Running,AutomationPilot,0.32192339999999997,55.323719866278708,MissionCache,True,"","D:\Workspace\MM\FlightSim\FlightSimProject\Artifacts\FlightSimVerification\Missions\smoke-00001000\KTEX_CAP_01-00001000"
18.190000000000044,"smoke-00001000","KTEX_CAP_01-00001000","KTEX_CAP_01",1000,Batch,Running,AutomationPilot,0.3252584,55.37136012475009,MissionCache,True,"","D:\Workspace\MM\FlightSim\FlightSimProject\Artifacts\FlightSimVerification\Missions\smoke-00001000\KTEX_CAP_01-00001000"
18.390000000000075,"smoke-00001000","KTEX_CAP_01-00001000","KTEX_CAP_01",1000,Batch,Running,AutomationPilot,0.3286144,55.4144918786275,MissionCache,True,"","D:\Workspace\MM\FlightSim\FlightSimProject\Artifacts\FlightSimVerification\Missions\smoke-00001000\KTEX_CAP_01-00001000"
18.590000000000106,"smoke-00001000","KTEX_CAP_01-00001000","KTEX_CAP_01",1000,Batch,Running,AutomationPilot,0.3318653,55.474314428173358,MissionCache,True,"","D:\Workspace\MM\FlightSim\FlightSimProject\Artifacts\FlightSimVerification\Missions\smoke-00001000\KTEX_CAP_01-00001000"
18.790000000000138,"smoke-00001000","KTEX_CAP_01-00001000","KTEX_CAP_01",1000,Batch,Running,AutomationPilot,0.3351647,55.524940424812371,MissionCache,True,"","D:\Workspace\MM\FlightSim\FlightSimProject\Artifacts\FlightSimVerification\Missions\smoke-00001000\KTEX_CAP_01-00001000"
18.990000000000169,"smoke-00001000","KTEX_CAP_01-00001000","KTEX_CAP_01",1000,Batch,Running,AutomationPilot,0.3391895,55.455726076426721,MissionCache,True,"","D:\Workspace\MM\FlightSim\FlightSimProject\Artifacts\FlightSimVerification\Missions\smoke-00001000\KTEX_CAP_01-00001000"
19.1900000000002,"smoke-00001000","KTEX_CAP_01-00001000","KTEX_CAP_01",1000,Batch,Running,AutomationPilot,0.34244769999999997,55.51212637725461,MissionCache,True,"","D:\Workspace\MM\FlightSim\FlightSimProject\Artifacts\FlightSimVerification\Missions\smoke-00001000\KTEX_CAP_01-00001000"
19.390000000000231,"smoke-00001000","KTEX_CAP_01-00001000","KTEX_CAP_01",1000,Batch,Running,AutomationPilot,0.3458275,55.547924904758013,MissionCache,True,"","D:\Workspace\MM\FlightSim\FlightSimProject\Artifacts\FlightSimVerification\Missions\smoke-00001000\KTEX_CAP_01-00001000"
19.590000000000263,"smoke-00001000","KTEX_CAP_01-00001000","KTEX_CAP_01",1000,Batch,Running,AutomationPilot,0.3489848,55.618468196896359,MissionCache,True,"","D:\Workspace\MM\FlightSim\FlightSimProject\Artifacts\FlightSimVerification\Missions\smoke-00001000\KTEX_CAP_01-00001000"
19.790000000000294,"smoke-00001000","KTEX_CAP_01-00001000","KTEX_CAP_01",1000,Batch,Running,AutomationPilot,0.35224849999999996,55.67092549719947,MissionCache,True,"","D:\Workspace\MM\FlightSim\FlightSimProject\Artifacts\FlightSimVerification\Missions\smoke-00001000\KTEX_CAP_01-00001000"
19.990000000000325,"smoke-00001000","KTEX_CAP_01-00001000","KTEX_CAP_01",1000,Batch,Running,AutomationPilot,0.3556278,55.704306581207369,MissionCache,True,"","D:\Workspace\MM\FlightSim\FlightSimProject\Artifacts\FlightSimVerification\Missions\smoke-00001000\KTEX_CAP_01-00001000"
20.190000000000357,"smoke-00001000","KTEX_CAP_01-00001000","KTEX_CAP_01",1000,Batch,Running,AutomationPilot,0.3601931,55.553535034403296,MissionCache,True,"","D:\Workspace\MM\FlightSim\FlightSimProject\Artifacts\FlightSimVerification\Missions\smoke-00001000\KTEX_CAP_01-00001000"
20.390000000000388,"smoke-00001000","KTEX_CAP_01-00001000","KTEX_CAP_01",1000,Batch,Running,AutomationPilot,0.36343549999999997,55.608216588639145,MissionCache,True,"","D:\Workspace\MM\FlightSim\FlightSimProject\Artifacts\FlightSimVerification\Missions\smoke-00001000\KTEX_CAP_01-00001000"
20.590000000000419,"smoke-00001000","KTEX_CAP_01-00001000","KTEX_CAP_01",1000,Batch,Running,AutomationPilot,0.3668432,55.636849749430795,MissionCache,True,"","D:\Workspace\MM\FlightSim\FlightSimProject\Artifacts\FlightSimVerification\Missions\smoke-00001000\KTEX_CAP_01-00001000"
20.79000000000045,"smoke-00001000","KTEX_CAP_01-00001000","KTEX_CAP_01",1000,Batch,Running,AutomationPilot,0.37005099999999996,55.695025820766389,MissionCache,True,"","D:\Workspace\MM\FlightSim\FlightSimProject\Artifacts\FlightSimVerification\Missions\smoke-00001000\KTEX_CAP_01-00001000"
20.990000000000482,"smoke-00001000","KTEX_CAP_01-00001000","KTEX_CAP_01",1000,Batch,Running,AutomationPilot,0.3736632,55.69186368901314,MissionCache,True,"","D:\Workspace\MM\FlightSim\FlightSimProject\Artifacts\FlightSimVerification\Missions\smoke-00001000\KTEX_CAP_01-00001000"
21.190000000000513,"smoke-00001000","KTEX_CAP_01-00001000","KTEX_CAP_01",1000,Batch,Running,AutomationPilot,0.3769706,55.73378931938057,MissionCache,True,"","D:\Workspace\MM\FlightSim\FlightSimProject\Artifacts\FlightSimVerification\Missions\smoke-00001000\KTEX_CAP_01-00001000"
21.390000000000544,"smoke-00001000","KTEX_CAP_01-00001000","KTEX_CAP_01",1000,Batch,Running,AutomationPilot,0.380214,55.78437406302902,MissionCache,True,"","D:\Workspace\MM\FlightSim\FlightSimProject\Artifacts\FlightSimVerification\Missions\smoke-00001000\KTEX_CAP_01-00001000"
21.590000000000575,"smoke-00001000","KTEX_CAP_01-00001000","KTEX_CAP_01",1000,Batch,Running,AutomationPilot,0.384843,55.633076345420207,MissionCache,True,"","D:\Workspace\MM\FlightSim\FlightSimProject\Artifacts\FlightSimVerification\Missions\smoke-00001000\KTEX_CAP_01-00001000"
21.790000000000607,"smoke-00001000","KTEX_CAP_01-00001000","KTEX_CAP_01",1000,Batch,Running,AutomationPilot,0.38839409999999996,55.639362183927567,MissionCache,True,"","D:\Workspace\MM\FlightSim\FlightSimProject\Artifacts\FlightSimVerification\Missions\smoke-00001000\KTEX_CAP_01-00001000"
21.990000000000638,"smoke-00001000","KTEX_CAP_01-00001000","KTEX_CAP_01",1000,Batch,Running,AutomationPilot,0.39169289999999995,55.6813769154371,MissionCache,True,"","D:\Workspace\MM\FlightSim\FlightSimProject\Artifacts\FlightSimVerification\Missions\smoke-00001000\KTEX_CAP_01-00001000"
22.190000000000669,"smoke-00001000","KTEX_CAP_01-00001000","KTEX_CAP_01",1000,Batch,Running,AutomationPilot,0.39503079999999996,55.717174458297031,MissionCache,True,"","D:\Workspace\MM\FlightSim\FlightSimProject\Artifacts\FlightSimVerification\Missions\smoke-00001000\KTEX_CAP_01-00001000"
22.3900000000007,"smoke-00001000","KTEX_CAP_01-00001000","KTEX_CAP_01",1000,Batch,Running,AutomationPilot,0.3983025,55.761638453187395,MissionCache,True,"","D:\Workspace\MM\FlightSim\FlightSimProject\Artifacts\FlightSimVerification\Missions\smoke-00001000\KTEX_CAP_01-00001000"
22.590000000000732,"smoke-00001000","KTEX_CAP_01-00001000","KTEX_CAP_01",1000,Batch,Running,AutomationPilot,0.40155179999999996,55.808490959325063,MissionCache,True,"","D:\Workspace\MM\FlightSim\FlightSimProject\Artifacts\FlightSimVerification\Missions\smoke-00001000\KTEX_CAP_01-00001000"
22.790000000000763,"smoke-00001000","KTEX_CAP_01-00001000","KTEX_CAP_01",1000,Batch,Running,AutomationPilot,0.405174,55.8031857917851,MissionCache,True,"","D:\Workspace\MM\FlightSim\FlightSimProject\Artifacts\FlightSimVerification\Missions\smoke-00001000\KTEX_CAP_01-00001000"
22.990000000000794,"smoke-00001000","KTEX_CAP_01-00001000","KTEX_CAP_01",1000,Batch,Running,AutomationPilot,0.40928749999999997,55.730995938064972,MissionCache,True,"","D:\Workspace\MM\FlightSim\FlightSimProject\Artifacts\FlightSimVerification\Missions\smoke-00001000\KTEX_CAP_01-00001000"
23.190000000000826,"smoke-00001000","KTEX_CAP_01-00001000","KTEX_CAP_01",1000,Batch,Running,AutomationPilot,0.41250729999999997,55.780831030143709,MissionCache,True,"","D:\Workspace\MM\FlightSim\FlightSimProject\Artifacts\FlightSimVerification\Missions\smoke-00001000\KTEX_CAP_01-00001000"
23.390000000000857,"smoke-00001000","KTEX_CAP_01-00001000","KTEX_CAP_01",1000,Batch,Running,AutomationPilot,0.41572929999999997,55.829598731676668,MissionCache,True,"","D:\Workspace\MM\FlightSim\FlightSimProject\Artifacts\FlightSimVerification\Missions\smoke-00001000\KTEX_CAP_01-00001000"
23.590000000000888,"smoke-00001000","KTEX_CAP_01-00001000","KTEX_CAP_01",1000,Batch,Running,AutomationPilot,0.4192624,55.836154160260641,MissionCache,True,"","D:\Workspace\MM\FlightSim\FlightSimProject\Artifacts\FlightSimVerification\Missions\smoke-00001000\KTEX_CAP_01-00001000"
23.790000000000919,"smoke-00001000","KTEX_CAP_01-00001000","KTEX_CAP_01",1000,Batch,Running,AutomationPilot,0.4224842,55.883746658457035,MissionCache,True,"","D:\Workspace\MM\FlightSim\FlightSimProject\Artifacts\FlightSimVerification\Missions\smoke-00001000\KTEX_CAP_01-00001000"
23.990000000000951,"smoke-00001000","KTEX_CAP_01-00001000","KTEX_CAP_01",1000,Batch,Running,AutomationPilot,0.4258688,55.909237774640744,MissionCache,True,"","D:\Workspace\MM\FlightSim\FlightSimProject\Artifacts\FlightSimVerification\Missions\smoke-00001000\KTEX_CAP_01-00001000"
24.190000000000982,"smoke-00001000","KTEX_CAP_01-00001000","KTEX_CAP_01",1000,Batch,Running,AutomationPilot,0.42996779999999996,55.841390913461325,MissionCache,True,"","D:\Workspace\MM\FlightSim\FlightSimProject\Artifacts\FlightSimVerification\Missions\smoke-00001000\KTEX_CAP_01-00001000"
24.390000000001013,"smoke-00001000","KTEX_CAP_01-00001000","KTEX_CAP_01",1000,Batch,Running,AutomationPilot,0.4331961,55.886929729979073,MissionCache,True,"","D:\Workspace\MM\FlightSim\FlightSimProject\Artifacts\FlightSimVerification\Missions\smoke-00001000\KTEX_CAP_01-00001000"
24.590000000001044,"smoke-00001000","KTEX_CAP_01-00001000","KTEX_CAP_01",1000,Batch,Running,AutomationPilot,0.4368083,55.882637761235344,MissionCache,True,"","D:\Workspace\MM\FlightSim\FlightSimProject\Artifacts\FlightSimVerification\Missions\smoke-00001000\KTEX_CAP_01-00001000"
24.790000000001076,"smoke-00001000","KTEX_CAP_01-00001000","KTEX_CAP_01",1000,Batch,Running,AutomationPilot,0.4400222,55.928996309734032,MissionCache,True,"","D:\Workspace\MM\FlightSim\FlightSimProject\Artifacts\FlightSimVerification\Missions\smoke-00001000\KTEX_CAP_01-00001000"
24.990000000001107,"smoke-00001000","KTEX_CAP_01-00001000","KTEX_CAP_01",1000,Batch,Running,AutomationPilot,0.443314,55.964846587297217,MissionCache,True,"","D:\Workspace\MM\FlightSim\FlightSimProject\Artifacts\FlightSimVerification\Missions\smoke-00001000\KTEX_CAP_01-00001000"
25.190000000001138,"smoke-00001000","KTEX_CAP_01-00001000","KTEX_CAP_01",1000,Batch,Running,AutomationPilot,0.44708739999999997,55.939845318837236,MissionCache,True,"","D:\Workspace\MM\FlightSim\FlightSimProject\Artifacts\FlightSimVerification\Missions\smoke-00001000\KTEX_CAP_01-00001000"
25.390000000001169,"smoke-00001000","KTEX_CAP_01-00001000","KTEX_CAP_01",1000,Batch,Running,AutomationPilot,0.4503275,55.981480145008113,MissionCache,True,"","D:\Workspace\MM\FlightSim\FlightSimProject\Artifacts\FlightSimVerification\Missions\smoke-00001000\KTEX_CAP_01-00001000"
25.5900000000012,"smoke-00001000","KTEX_CAP_01-00001000","KTEX_CAP_01",1000,Batch,Running,AutomationPilot,0.4544529,55.91338508347328,MissionCache,True,"","D:\Workspace\MM\FlightSim\FlightSimProject\Artifacts\FlightSimVerification\Missions\smoke-00001000\KTEX_CAP_01-00001000"
25.790000000001232,"smoke-00001000","KTEX_CAP_01-00001000","KTEX_CAP_01",1000,Batch,Running,AutomationPilot,0.4576328,55.9618978359969,MissionCache,True,"","D:\Workspace\MM\FlightSim\FlightSimProject\Artifacts\FlightSimVerification\Missions\smoke-00001000\KTEX_CAP_01-00001000"
25.990000000001263,"smoke-00001000","KTEX_CAP_01-00001000","KTEX_CAP_01",1000,Batch,Running,AutomationPilot,0.46093589999999995,55.994770639477721,MissionCache,True,"","D:\Workspace\MM\FlightSim\FlightSimProject\Artifacts\FlightSimVerification\Missions\smoke-00001000\KTEX_CAP_01-00001000"
26.190000000001294,"smoke-00001000","KTEX_CAP_01-00001000","KTEX_CAP_01",1000,Batch,Running,AutomationPilot,0.4643755,56.010706852539087,MissionCache,True,"","D:\Workspace\MM\FlightSim\FlightSimProject\Artifacts\FlightSimVerification\Missions\smoke-00001000\KTEX_CAP_01-00001000"
26.390000000001326,"smoke-00001000","KTEX_CAP_01-00001000","KTEX_CAP_01",1000,Batch,Running,AutomationPilot,0.46774119999999997,56.035260524412429,MissionCache,True,"","D:\Workspace\MM\FlightSim\FlightSimProject\Artifacts\FlightSimVerification\Missions\smoke-00001000\KTEX_CAP_01-00001000"
26.590000000001357,"smoke-00001000","KTEX_CAP_01-00001000","KTEX_CAP_01",1000,Batch,Running,AutomationPilot,0.4709099,56.082915224337668,MissionCache,True,"","D:\Workspace\MM\FlightSim\FlightSimProject\Artifacts\FlightSimVerification\Missions\smoke-00001000\KTEX_CAP_01-00001000"
26.790000000001388,"smoke-00001000","KTEX_CAP_01-00001000","KTEX_CAP_01",1000,Batch,Running,AutomationPilot,0.47519059999999996,55.998582463544864,MissionCache,True,"","D:\Workspace\MM\FlightSim\FlightSimProject\Artifacts\FlightSimVerification\Missions\smoke-00001000\KTEX_CAP_01-00001000"
26.99000000000142,"smoke-00001000","KTEX_CAP_01-00001000","KTEX_CAP_01",1000,Batch,Running,AutomationPilot,0.47852239999999996,56.026635325747328,MissionCache,True,"","D:\Workspace\MM\FlightSim\FlightSimProject\Artifacts\FlightSimVerification\Missions\smoke-00001000\KTEX_CAP_01-00001000"
27.190000000001451,"smoke-00001000","KTEX_CAP_01-00001000","KTEX_CAP_01",1000,Batch,Running,AutomationPilot,0.4817391,56.067693072871648,MissionCache,True,"","D:\Workspace\MM\FlightSim\FlightSimProject\Artifacts\FlightSimVerification\Missions\smoke-00001000\KTEX_CAP_01-00001000"
27.390000000001482,"smoke-00001000","KTEX_CAP_01-00001000","KTEX_CAP_01",1000,Batch,Running,AutomationPilot,0.4851829,56.081943530988944,MissionCache,True,"","D:\Workspace\MM\FlightSim\FlightSimProject\Artifacts\FlightSimVerification\Missions\smoke-00001000\KTEX_CAP_01-00001000"
27.590000000001513,"smoke-00001000","KTEX_CAP_01-00001000","KTEX_CAP_01",1000,Batch,Running,AutomationPilot,0.48843319999999996,56.11821637022522,MissionCache,True,"","D:\Workspace\MM\FlightSim\FlightSimProject\Artifacts\FlightSimVerification\Missions\smoke-00001000\KTEX_CAP_01-00001000"
27.790000000001545,"smoke-00001000","KTEX_CAP_01-00001000","KTEX_CAP_01",1000,Batch,Running,AutomationPilot,0.4916699,56.1555629091826,MissionCache,True,"","D:\Workspace\MM\FlightSim\FlightSimProject\Artifacts\FlightSimVerification\Missions\smoke-00001000\KTEX_CAP_01-00001000"
27.990000000001576,"smoke-00001000","KTEX_CAP_01-00001000","KTEX_CAP_01",1000,Batch,Running,AutomationPilot,0.49493279999999995,56.189446324837533,MissionCache,True,"","D:\Workspace\MM\FlightSim\FlightSimProject\Artifacts\FlightSimVerification\Missions\smoke-00001000\KTEX_CAP_01-00001000"
28.190000000001607,"smoke-00001000","KTEX_CAP_01-00001000","KTEX_CAP_01",1000,Batch,Running,AutomationPilot,0.49968769999999996,56.055011960473678,MissionCache,True,"","D:\Workspace\MM\FlightSim\FlightSimProject\Artifacts\FlightSimVerification\Missions\smoke-00001000\KTEX_CAP_01-00001000"
28.390000000001638,"smoke-00001000","KTEX_CAP_01-00001000","KTEX_CAP_01",1000,Batch,Running,AutomationPilot,0.50285689999999994,56.099458911673707,MissionCache,True,"","D:\Workspace\MM\FlightSim\FlightSimProject\Artifacts\FlightSimVerification\Missions\smoke-00001000\KTEX_CAP_01-00001000"
28.59000000000167,"smoke-00001000","KTEX_CAP_01-00001000","KTEX_CAP_01",1000,Batch,Running,AutomationPilot,0.5061608,56.1284082054589,MissionCache,True,"","D:\Workspace\MM\FlightSim\FlightSimProject\Artifacts\FlightSimVerification\Missions\smoke-00001000\KTEX_CAP_01-00001000"
28.7900000000017,"smoke-00001000","KTEX_CAP_01-00001000","KTEX_CAP_01",1000,Batch,Running,AutomationPilot,0.5094234,56.161534786194892,MissionCache,True,"","D:\Workspace\MM\FlightSim\FlightSimProject\Artifacts\FlightSimVerification\Missions\smoke-00001000\KTEX_CAP_01-00001000"
28.990000000001732,"smoke-00001000","KTEX_CAP_01-00001000","KTEX_CAP_01",1000,Batch,Running,AutomationPilot,0.512848,56.17648894019613,MissionCache,True,"","D:\Workspace\MM\FlightSim\FlightSimProject\Artifacts\FlightSimVerification\Missions\smoke-00001000\KTEX_CAP_01-00001000"
29.190000000001763,"smoke-00001000","KTEX_CAP_01-00001000","KTEX_CAP_01",1000,Batch,Running,AutomationPilot,0.5174607,56.062228493877384,MissionCache,True,"","D:\Workspace\MM\FlightSim\FlightSimProject\Artifacts\FlightSimVerification\Missions\smoke-00001000\KTEX_CAP_01-00001000"
29.390000000001795,"smoke-00001000","KTEX_CAP_01-00001000","KTEX_CAP_01",1000,Batch,Running,AutomationPilot,0.5226784,55.885225025564033,MissionCache,True,"","D:\Workspace\MM\FlightSim\FlightSimProject\Artifacts\FlightSimVerification\Missions\smoke-00001000\KTEX_CAP_01-00001000"
29.590000000001826,"smoke-00001000","KTEX_CAP_01-00001000","KTEX_CAP_01",1000,Batch,Running,AutomationPilot,0.527104,55.7954407479393,MissionCache,True,"","D:\Workspace\MM\FlightSim\FlightSimProject\Artifacts\FlightSimVerification\Missions\smoke-00001000\KTEX_CAP_01-00001000"
29.790000000001857,"smoke-00001000","KTEX_CAP_01-00001000","KTEX_CAP_01",1000,Batch,Running,AutomationPilot,0.5303911,55.826728615924793,MissionCache,True,"","D:\Workspace\MM\FlightSim\FlightSimProject\Artifacts\FlightSimVerification\Missions\smoke-00001000\KTEX_CAP_01-00001000"
29.990000000001888,"smoke-00001000","KTEX_CAP_01-00001000","KTEX_CAP_01",1000,Batch,Running,AutomationPilot,0.5336799,55.857453128742272,MissionCache,True,"","D:\Workspace\MM\FlightSim\FlightSimProject\Artifacts\FlightSimVerification\Missions\smoke-00001000\KTEX_CAP_01-00001000"
30.19000000000192,"smoke-00001000","KTEX_CAP_01-00001000","KTEX_CAP_01",1000,Batch,Running,AutomationPilot,0.53695779999999993,55.888935778569369,MissionCache,True,"","D:\Workspace\MM\FlightSim\FlightSimProject\Artifacts\FlightSimVerification\Missions\smoke-00001000\KTEX_CAP_01-00001000"
30.390000000001951,"smoke-00001000","KTEX_CAP_01-00001000","KTEX_CAP_01",1000,Batch,Running,AutomationPilot,0.5401372,55.930234022026113,MissionCache,True,"","D:\Workspace\MM\FlightSim\FlightSimProject\Artifacts\FlightSimVerification\Missions\smoke-00001000\KTEX_CAP_01-00001000"
30.590000000001982,"smoke-00001000","KTEX_CAP_01-00001000","KTEX_CAP_01",1000,Batch,Running,AutomationPilot,0.5435084,55.951297164868024,MissionCache,True,"","D:\Workspace\MM\FlightSim\FlightSimProject\Artifacts\FlightSimVerification\Missions\smoke-00001000\KTEX_CAP_01-00001000"
30.790000000002014,"smoke-00001000","KTEX_CAP_01-00001000","KTEX_CAP_01",1000,Batch,Running,AutomationPilot,0.5478459,55.873376071632528,MissionCache,True,"","D:\Workspace\MM\FlightSim\FlightSimProject\Artifacts\FlightSimVerification\Missions\smoke-00001000\KTEX_CAP_01-00001000"
30.990000000002045,"smoke-00001000","KTEX_CAP_01-00001000","KTEX_CAP_01",1000,Batch,Running,AutomationPilot,0.5511132,55.905030037389814,MissionCache,True,"","D:\Workspace\MM\FlightSim\FlightSimProject\Artifacts\FlightSimVerification\Missions\smoke-00001000\KTEX_CAP_01-00001000"
31.190000000002076,"smoke-00001000","KTEX_CAP_01-00001000","KTEX_CAP_01",1000,Batch,Running,AutomationPilot,0.5544955,55.924709939038365,MissionCache,True,"","D:\Workspace\MM\FlightSim\FlightSimProject\Artifacts\FlightSimVerification\Missions\smoke-00001000\KTEX_CAP_01-00001000"
31.390000000002107,"smoke-00001000","KTEX_CAP_01-00001000","KTEX_CAP_01",1000,Batch,Running,AutomationPilot,0.5577981,55.952144691783786,MissionCache,True,"","D:\Workspace\MM\FlightSim\FlightSimProject\Artifacts\FlightSimVerification\Missions\smoke-00001000\KTEX_CAP_01-00001000"
31.590000000002139,"smoke-00001000","KTEX_CAP_01-00001000","KTEX_CAP_01",1000,Batch,Running,AutomationPilot,0.5610537,55.98394592175778,MissionCache,True,"","D:\Workspace\MM\FlightSim\FlightSimProject\Artifacts\FlightSimVerification\Missions\smoke-00001000\KTEX_CAP_01-00001000"
31.79000000000217,"smoke-00001000","KTEX_CAP_01-00001000","KTEX_CAP_01",1000,Batch,Running,AutomationPilot,0.564446,56.001814168232464,MissionCache,True,"","D:\Workspace\MM\FlightSim\FlightSimProject\Artifacts\FlightSimVerification\Missions\smoke-00001000\KTEX_CAP_01-00001000"
31.9900000000022,"smoke-00001000","KTEX_CAP_01-00001000","KTEX_CAP_01",1000,Batch,Running,AutomationPilot,0.5676161,56.041398402903255,MissionCache,True,"","D:\Workspace\MM\FlightSim\FlightSimProject\Artifacts\FlightSimVerification\Missions\smoke-00001000\KTEX_CAP_01-00001000"
32.190000000002165,"smoke-00001000","KTEX_CAP_01-00001000","KTEX_CAP_01",1000,Batch,Running,AutomationPilot,0.573958,55.770631300551962,MissionCache,True,"","D:\Workspace\MM\FlightSim\FlightSimProject\Artifacts\FlightSimVerification\Missions\smoke-00001000\KTEX_CAP_01-00001000"
32.390000000002125,"smoke-00001000","KTEX_CAP_01-00001000","KTEX_CAP_01",1000,Batch,Running,AutomationPilot,0.5771664,55.807129451752843,MissionCache,True,"","D:\Workspace\MM\FlightSim\FlightSimProject\Artifacts\FlightSimVerification\Missions\smoke-00001000\KTEX_CAP_01-00001000"
32.590000000002085,"smoke-00001000","KTEX_CAP_01-00001000","KTEX_CAP_01",1000,Batch,Running,AutomationPilot,0.5803355,55.847005740648505,MissionCache,True,"","D:\Workspace\MM\FlightSim\FlightSimProject\Artifacts\FlightSimVerification\Missions\smoke-00001000\KTEX_CAP_01-00001000"
32.790000000002046,"smoke-00001000","KTEX_CAP_01-00001000","KTEX_CAP_01",1000,Batch,Running,AutomationPilot,0.5835461,55.882474409480388,MissionCache,True,"","D:\Workspace\MM\FlightSim\FlightSimProject\Artifacts\FlightSimVerification\Missions\smoke-00001000\KTEX_CAP_01-00001000"
32.990000000002006,"smoke-00001000","KTEX_CAP_01-00001000","KTEX_CAP_01",1000,Batch,Running,AutomationPilot,0.5867723,55.916068294297531,MissionCache,True,"","D:\Workspace\MM\FlightSim\FlightSimProject\Artifacts\FlightSimVerification\Missions\smoke-00001000\KTEX_CAP_01-00001000"
33.190000000001966,"smoke-00001000","KTEX_CAP_01-00001000","KTEX_CAP_01",1000,Batch,Running,AutomationPilot,0.5900108,55.948128407144416,MissionCache,True,"","D:\Workspace\MM\FlightSim\FlightSimProject\Artifacts\FlightSimVerification\Missions\smoke-00001000\KTEX_CAP_01-00001000"
33.390000000001926,"smoke-00001000","KTEX_CAP_01-00001000","KTEX_CAP_01",1000,Batch,Running,AutomationPilot,0.5942023,55.890056299011235,MissionCache,True,"","D:\Workspace\MM\FlightSim\FlightSimProject\Artifacts\FlightSimVerification\Missions\smoke-00001000\KTEX_CAP_01-00001000"
33.590000000001886,"smoke-00001000","KTEX_CAP_01-00001000","KTEX_CAP_01",1000,Batch,Running,AutomationPilot,0.59748479999999993,55.917740501518914,MissionCache,True,"","D:\Workspace\MM\FlightSim\FlightSimProject\Artifacts\FlightSimVerification\Missions\smoke-00001000\KTEX_CAP_01-00001000"
33.790000000001847,"smoke-00001000","KTEX_CAP_01-00001000","KTEX_CAP_01",1000,Batch,Running,AutomationPilot,0.6006845,55.952833808766307,MissionCache,True,"","D:\Workspace\MM\FlightSim\FlightSimProject\Artifacts\FlightSimVerification\Missions\smoke-00001000\KTEX_CAP_01-00001000"
33.990000000001807,"smoke-00001000","KTEX_CAP_01-00001000","KTEX_CAP_01",1000,Batch,Running,AutomationPilot,0.6040282,55.97420782672372,MissionCache,True,"","D:\Workspace\MM\FlightSim\FlightSimProject\Artifacts\FlightSimVerification\Missions\smoke-00001000\KTEX_CAP_01-00001000"
34.190000000001767,"smoke-00001000","KTEX_CAP_01-00001000","KTEX_CAP_01",1000,Batch,Running,AutomationPilot,0.607235,56.007970555059913,MissionCache,True,"","D:\Workspace\MM\FlightSim\FlightSimProject\Artifacts\FlightSimVerification\Missions\smoke-00001000\KTEX_CAP_01-00001000"
34.390000000001727,"smoke-00001000","KTEX_CAP_01-00001000","KTEX_CAP_01",1000,Batch,Running,AutomationPilot,0.610426,56.042829106233619,MissionCache,True,"","D:\Workspace\MM\FlightSim\FlightSimProject\Artifacts\FlightSimVerification\Missions\smoke-00001000\KTEX_CAP_01-00001000"
34.590000000001687,"smoke-00001000","KTEX_CAP_01-00001000","KTEX_CAP_01",1000,Batch,Running,AutomationPilot,0.6136473,56.074556182357071,MissionCache,True,"","D:\Workspace\MM\FlightSim\FlightSimProject\Artifacts\FlightSimVerification\Missions\smoke-00001000\KTEX_CAP_01-00001000"
34.790000000001648,"smoke-00001000","KTEX_CAP_01-00001000","KTEX_CAP_01",1000,Batch,Running,AutomationPilot,0.6177074,56.0297642540816,MissionCache,True,"","D:\Workspace\MM\FlightSim\FlightSimProject\Artifacts\FlightSimVerification\Missions\smoke-00001000\KTEX_CAP_01-00001000"
34.990000000001608,"smoke-00001000","KTEX_CAP_01-00001000","KTEX_CAP_01",1000,Batch,Running,AutomationPilot,0.6209741,56.057088371321193,MissionCache,True,"","D:\Workspace\MM\FlightSim\FlightSimProject\Artifacts\FlightSimVerification\Missions\smoke-00001000\KTEX_CAP_01-00001000"
35.190000000001568,"smoke-00001000","KTEX_CAP_01-00001000","KTEX_CAP_01",1000,Batch,Running,AutomationPilot,0.6242175,56.086219947376684,MissionCache,True,"","D:\Workspace\MM\FlightSim\FlightSimProject\Artifacts\FlightSimVerification\Missions\smoke-00001000\KTEX_CAP_01-00001000"
35.390000000001528,"smoke-00001000","KTEX_CAP_01-00001000","KTEX_CAP_01",1000,Batch,Running,AutomationPilot,0.627443,56.11665123366037,MissionCache,True,"","D:\Workspace\MM\FlightSim\FlightSimProject\Artifacts\FlightSimVerification\Missions\smoke-00001000\KTEX_CAP_01-00001000"
35.590000000001488,"smoke-00001000","KTEX_CAP_01-00001000","KTEX_CAP_01",1000,Batch,Running,AutomationPilot,0.6306096,56.152015446643254,MissionCache,True,"","D:\Workspace\MM\FlightSim\FlightSimProject\Artifacts\FlightSimVerification\Missions\smoke-00001000\KTEX_CAP_01-00001000"
35.790000000001449,"smoke-00001000","KTEX_CAP_01-00001000","KTEX_CAP_01",1000,Batch,Running,AutomationPilot,0.63385039999999992,56.180448888257366,MissionCache,True,"","D:\Workspace\MM\FlightSim\FlightSimProject\Artifacts\FlightSimVerification\Missions\smoke-00001000\KTEX_CAP_01-00001000"
35.990000000001409,"smoke-00001000","KTEX_CAP_01-00001000","KTEX_CAP_01",1000,Batch,Running,AutomationPilot,0.6373627,56.184649650821186,MissionCache,True,"","D:\Workspace\MM\FlightSim\FlightSimProject\Artifacts\FlightSimVerification\Missions\smoke-00001000\KTEX_CAP_01-00001000"
36.190000000001369,"smoke-00001000","KTEX_CAP_01-00001000","KTEX_CAP_01",1000,Batch,Running,AutomationPilot,0.6413687,56.145552472394435,MissionCache,True,"","D:\Workspace\MM\FlightSim\FlightSimProject\Artifacts\FlightSimVerification\Missions\smoke-00001000\KTEX_CAP_01-00001000"
36.390000000001329,"smoke-00001000","KTEX_CAP_01-00001000","KTEX_CAP_01",1000,Batch,Running,AutomationPilot,0.64503199999999994,56.136749804662976,MissionCache,True,"","D:\Workspace\MM\FlightSim\FlightSimProject\Artifacts\FlightSimVerification\Missions\smoke-00001000\KTEX_CAP_01-00001000"
36.590000000001289,"smoke-00001000","KTEX_CAP_01-00001000","KTEX_CAP_01",1000,Batch,Running,AutomationPilot,0.6503325,55.98674524185909,MissionCache,True,"","D:\Workspace\MM\FlightSim\FlightSimProject\Artifacts\FlightSimVerification\Missions\smoke-00001000\KTEX_CAP_01-00001000"
36.79000000000125,"smoke-00001000","KTEX_CAP_01-00001000","KTEX_CAP_01",1000,Batch,Running,AutomationPilot,0.6539539,55.982539442002391,MissionCache,True,"","D:\Workspace\MM\FlightSim\FlightSimProject\Artifacts\FlightSimVerification\Missions\smoke-00001000\KTEX_CAP_01-00001000"
36.99000000000121,"smoke-00001000","KTEX_CAP_01-00001000","KTEX_CAP_01",1000,Batch,Running,AutomationPilot,0.6572994,56.001876770313871,MissionCache,True,"","D:\Workspace\MM\FlightSim\FlightSimProject\Artifacts\FlightSimVerification\Missions\smoke-00001000\KTEX_CAP_01-00001000"
37.19000000000117,"smoke-00001000","KTEX_CAP_01-00001000","KTEX_CAP_01",1000,Batch,Running,AutomationPilot,0.66054099999999993,56.029830093818866,MissionCache,True,"","D:\Workspace\MM\FlightSim\FlightSimProject\Artifacts\FlightSimVerification\Missions\smoke-00001000\KTEX_CAP_01-00001000"
37.39000000000113,"smoke-00001000","KTEX_CAP_01-00001000","KTEX_CAP_01",1000,Batch,Running,AutomationPilot,0.66477999999999993,55.973404735402944,MissionCache,True,"","D:\Workspace\MM\FlightSim\FlightSimProject\Artifacts\FlightSimVerification\Missions\smoke-00001000\KTEX_CAP_01-00001000"
37.590000000001091,"smoke-00001000","KTEX_CAP_01-00001000","KTEX_CAP_01",1000,Batch,Running,AutomationPilot,0.668094,55.995114459942954,MissionCache,True,"","D:\Workspace\MM\FlightSim\FlightSimProject\Artifacts\FlightSimVerification\Missions\smoke-00001000\KTEX_CAP_01-00001000"
37.790000000001051,"smoke-00001000","KTEX_CAP_01-00001000","KTEX_CAP_01",1000,Batch,Running,AutomationPilot,0.6712849,56.026882177747616,MissionCache,True,"","D:\Workspace\MM\FlightSim\FlightSimProject\Artifacts\FlightSimVerification\Missions\smoke-00001000\KTEX_CAP_01-00001000"
37.990000000001011,"smoke-00001000","KTEX_CAP_01-00001000","KTEX_CAP_01",1000,Batch,Running,AutomationPilot,0.674941,56.0197113525494,MissionCache,True,"","D:\Workspace\MM\FlightSim\FlightSimProject\Artifacts\FlightSimVerification\Missions\smoke-00001000\KTEX_CAP_01-00001000"
38.190000000000971,"smoke-00001000","KTEX_CAP_01-00001000","KTEX_CAP_01",1000,Batch,Running,AutomationPilot,0.6802327,55.877937064773576,MissionCache,True,"","D:\Workspace\MM\FlightSim\FlightSimProject\Artifacts\FlightSimVerification\Missions\smoke-00001000\KTEX_CAP_01-00001000"
38.390000000000931,"smoke-00001000","KTEX_CAP_01-00001000","KTEX_CAP_01",1000,Batch,Running,AutomationPilot,0.6843764,55.831849257223027,MissionCache,True,"","D:\Workspace\MM\FlightSim\FlightSimProject\Artifacts\FlightSimVerification\Missions\smoke-00001000\KTEX_CAP_01-00001000"
38.590000000000892,"smoke-00001000","KTEX_CAP_01-00001000","KTEX_CAP_01",1000,Batch,Running,AutomationPilot,0.6875861,55.862094943456434,MissionCache,True,"","D:\Workspace\MM\FlightSim\FlightSimProject\Artifacts\FlightSimVerification\Missions\smoke-00001000\KTEX_CAP_01-00001000"
38.790000000000852,"smoke-00001000","KTEX_CAP_01-00001000","KTEX_CAP_01",1000,Batch,Running,AutomationPilot,0.6918127,55.809903460865769,MissionCache,True,"","D:\Workspace\MM\FlightSim\FlightSimProject\Artifacts\FlightSimVerification\Missions\smoke-00001000\KTEX_CAP_01-00001000"
38.990000000000812,"smoke-00001000","KTEX_CAP_01-00001000","KTEX_CAP_01",1000,Batch,Running,AutomationPilot,0.6954364,55.806684838470993,MissionCache,True,"","D:\Workspace\MM\FlightSim\FlightSimProject\Artifacts\FlightSimVerification\Missions\smoke-00001000\KTEX_CAP_01-00001000"
39.190000000000772,"smoke-00001000","KTEX_CAP_01-00001000","KTEX_CAP_01",1000,Batch,Running,AutomationPilot,0.6988135,55.823191738569463,MissionCache,True,"","D:\Workspace\MM\FlightSim\FlightSimProject\Artifacts\FlightSimVerification\Missions\smoke-00001000\KTEX_CAP_01-00001000"
39.390000000000732,"smoke-00001000","KTEX_CAP_01-00001000","KTEX_CAP_01",1000,Batch,Running,AutomationPilot,0.7021143,55.84560804416143,MissionCache,True,"","D:\Workspace\MM\FlightSim\FlightSimProject\Artifacts\FlightSimVerification\Missions\smoke-00001000\KTEX_CAP_01-00001000"
39.590000000000693,"smoke-00001000","KTEX_CAP_01-00001000","KTEX_CAP_01",1000,Batch,Running,AutomationPilot,0.70584,55.834183384337422,MissionCache,True,"","D:\Workspace\MM\FlightSim\FlightSimProject\Artifacts\FlightSimVerification\Missions\smoke-00001000\KTEX_CAP_01-00001000"
39.790000000000653,"smoke-00001000","KTEX_CAP_01-00001000","KTEX_CAP_01",1000,Batch,Running,AutomationPilot,0.709015,55.86623696254761,MissionCache,True,"","D:\Workspace\MM\FlightSim\FlightSimProject\Artifacts\FlightSimVerification\Missions\smoke-00001000\KTEX_CAP_01-00001000"
39.990000000000613,"smoke-00001000","KTEX_CAP_01-00001000","KTEX_CAP_01",1000,Batch,Running,AutomationPilot,0.7122303,55.89484187909536,MissionCache,True,"","D:\Workspace\MM\FlightSim\FlightSimProject\Artifacts\FlightSimVerification\Missions\smoke-00001000\KTEX_CAP_01-00001000"
40.190000000000573,"smoke-00001000","KTEX_CAP_01-00001000","KTEX_CAP_01",1000,Batch,Running,AutomationPilot,0.7165872,55.834098069293745,MissionCache,True,"","D:\Workspace\MM\FlightSim\FlightSimProject\Artifacts\FlightSimVerification\Missions\smoke-00001000\KTEX_CAP_01-00001000"
40.390000000000533,"smoke-00001000","KTEX_CAP_01-00001000","KTEX_CAP_01",1000,Batch,Running,AutomationPilot,0.7197878,55.863686492047478,MissionCache,True,"","D:\Workspace\MM\FlightSim\FlightSimProject\Artifacts\FlightSimVerification\Missions\smoke-00001000\KTEX_CAP_01-00001000"
40.590000000000494,"smoke-00001000","KTEX_CAP_01-00001000","KTEX_CAP_01",1000,Batch,Running,AutomationPilot,0.7229609,55.89513900406029,MissionCache,True,"","D:\Workspace\MM\FlightSim\FlightSimProject\Artifacts\FlightSimVerification\Missions\smoke-00001000\KTEX_CAP_01-00001000"
40.790000000000454,"smoke-00001000","KTEX_CAP_01-00001000","KTEX_CAP_01",1000,Batch,Running,AutomationPilot,0.72652549999999994,55.896179831266068,MissionCache,True,"","D:\Workspace\MM\FlightSim\FlightSimProject\Artifacts\FlightSimVerification\Missions\smoke-00001000\KTEX_CAP_01-00001000"
40.990000000000414,"smoke-00001000","KTEX_CAP_01-00001000","KTEX_CAP_01",1000,Batch,Running,AutomationPilot,0.72978029999999994,55.920939493708524,MissionCache,True,"","D:\Workspace\MM\FlightSim\FlightSimProject\Artifacts\FlightSimVerification\Missions\smoke-00001000\KTEX_CAP_01-00001000"
41.190000000000374,"smoke-00001000","KTEX_CAP_01-00001000","KTEX_CAP_01",1000,Batch,Running,AutomationPilot,0.73305829999999994,55.943708706388584,MissionCache,True,"","D:\Workspace\MM\FlightSim\FlightSimProject\Artifacts\FlightSimVerification\Missions\smoke-00001000\KTEX_CAP_01-00001000"
41.390000000000335,"smoke-00001000","KTEX_CAP_01-00001000","KTEX_CAP_01",1000,Batch,Running,AutomationPilot,0.7371584,55.903860011634364,MissionCache,True,"","D:\Workspace\MM\FlightSim\FlightSimProject\Artifacts\FlightSimVerification\Missions\smoke-00001000\KTEX_CAP_01-00001000"
41.590000000000295,"smoke-00001000","KTEX_CAP_01-00001000","KTEX_CAP_01",1000,Batch,Running,AutomationPilot,0.74040489999999992,55.928857304969668,MissionCache,True,"","D:\Workspace\MM\FlightSim\FlightSimProject\Artifacts\FlightSimVerification\Missions\smoke-00001000\KTEX_CAP_01-00001000"
41.790000000000255,"smoke-00001000","KTEX_CAP_01-00001000","KTEX_CAP_01",1000,Batch,Running,AutomationPilot,0.7437228,55.948264595357692,MissionCache,True,"","D:\Workspace\MM\FlightSim\FlightSimProject\Artifacts\FlightSimVerification\Missions\smoke-00001000\KTEX_CAP_01-00001000"
41.990000000000215,"smoke-00001000","KTEX_CAP_01-00001000","KTEX_CAP_01",1000,Batch,Running,AutomationPilot,0.7474347,55.937996991576988,MissionCache,True,"","D:\Workspace\MM\FlightSim\FlightSimProject\Artifacts\FlightSimVerification\Missions\smoke-00001000\KTEX_CAP_01-00001000"
42.190000000000175,"smoke-00001000","KTEX_CAP_01-00001000","KTEX_CAP_01",1000,Batch,Running,AutomationPilot,0.7506255,55.966657141277793,MissionCache,True,"","D:\Workspace\MM\FlightSim\FlightSimProject\Artifacts\FlightSimVerification\Missions\smoke-00001000\KTEX_CAP_01-00001000"
42.390000000000136,"smoke-00001000","KTEX_CAP_01-00001000","KTEX_CAP_01",1000,Batch,Running,AutomationPilot,0.75375989999999993,55.99926448727264,MissionCache,True,"","D:\Workspace\MM\FlightSim\FlightSimProject\Artifacts\FlightSimVerification\Missions\smoke-00001000\KTEX_CAP_01-00001000"
42.590000000000096,"smoke-00001000","KTEX_CAP_01-00001000","KTEX_CAP_01",1000,Batch,Running,AutomationPilot,0.75749769999999994,55.9869686733044,MissionCache,True,"","D:\Workspace\MM\FlightSim\FlightSimProject\Artifacts\FlightSimVerification\Missions\smoke-00001000\KTEX_CAP_01-00001000"
42.790000000000056,"smoke-00001000","KTEX_CAP_01-00001000","KTEX_CAP_01",1000,Batch,Running,AutomationPilot,0.76182149999999993,55.93173729016587,MissionCache,True,"","D:\Workspace\MM\FlightSim\FlightSimProject\Artifacts\FlightSimVerification\Missions\smoke-00001000\KTEX_CAP_01-00001000"
42.990000000000016,"smoke-00001000","KTEX_CAP_01-00001000","KTEX_CAP_01",1000,Batch,Running,AutomationPilot,0.76550129999999994,55.924137555351059,MissionCache,True,"","D:\Workspace\MM\FlightSim\FlightSimProject\Artifacts\FlightSimVerification\Missions\smoke-00001000\KTEX_CAP_01-00001000"
43.189999999999976,"smoke-00001000","KTEX_CAP_01-00001000","KTEX_CAP_01",1000,Batch,Running,AutomationPilot,0.76868229999999993,55.952894973645179,MissionCache,True,"","D:\Workspace\MM\FlightSim\FlightSimProject\Artifacts\FlightSimVerification\Missions\smoke-00001000\KTEX_CAP_01-00001000"
43.389999999999937,"smoke-00001000","KTEX_CAP_01-00001000","KTEX_CAP_01",1000,Batch,Running,AutomationPilot,0.7718718,55.980798883959707,MissionCache,True,"","D:\Workspace\MM\FlightSim\FlightSimProject\Artifacts\FlightSimVerification\Missions\smoke-00001000\KTEX_CAP_01-00001000"
43.5899999999999,"smoke-00001000","KTEX_CAP_01-00001000","KTEX_CAP_01",1000,Batch,Running,AutomationPilot,0.77582849999999992,55.953087570255455,MissionCache,True,"","D:\Workspace\MM\FlightSim\FlightSimProject\Artifacts\FlightSimVerification\Missions\smoke-00001000\KTEX_CAP_01-00001000"
43.789999999999857,"smoke-00001000","KTEX_CAP_01-00001000","KTEX_CAP_01",1000,Batch,Running,AutomationPilot,0.78117189999999992,55.826380851640849,MissionCache,True,"","D:\Workspace\MM\FlightSim\FlightSimProject\Artifacts\FlightSimVerification\Missions\smoke-00001000\KTEX_CAP_01-00001000"
43.989999999999817,"smoke-00001000","KTEX_CAP_01-00001000","KTEX_CAP_01",1000,Batch,Running,AutomationPilot,0.7861444,55.727675475395941,MissionCache,True,"","D:\Workspace\MM\FlightSim\FlightSimProject\Artifacts\FlightSimVerification\Missions\smoke-00001000\KTEX_CAP_01-00001000"
44.189999999999777,"smoke-00001000","KTEX_CAP_01-00001000","KTEX_CAP_01",1000,Batch,Running,AutomationPilot,0.78932229999999992,55.756691531456568,MissionCache,True,"","D:\Workspace\MM\FlightSim\FlightSimProject\Artifacts\FlightSimVerification\Missions\smoke-00001000\KTEX_CAP_01-00001000"
44.389999999999738,"smoke-00001000","KTEX_CAP_01-00001000","KTEX_CAP_01",1000,Batch,Running,AutomationPilot,0.7932171,55.735056644643407,MissionCache,True,"","D:\Workspace\MM\FlightSim\FlightSimProject\Artifacts\FlightSimVerification\Missions\smoke-00001000\KTEX_CAP_01-00001000"
44.5899999999997,"smoke-00001000","KTEX_CAP_01-00001000","KTEX_CAP_01",1000,Batch,Running,AutomationPilot,0.79660389999999992,55.749162162022728,MissionCache,True,"","D:\Workspace\MM\FlightSim\FlightSimProject\Artifacts\FlightSimVerification\Missions\smoke-00001000\KTEX_CAP_01-00001000"
44.789999999999658,"smoke-00001000","KTEX_CAP_01-00001000","KTEX_CAP_01",1000,Batch,Running,AutomationPilot,0.7998099,55.775753713475787,MissionCache,True,"","D:\Workspace\MM\FlightSim\FlightSimProject\Artifacts\FlightSimVerification\Missions\smoke-00001000\KTEX_CAP_01-00001000"
44.989999999999618,"smoke-00001000","KTEX_CAP_01-00001000","KTEX_CAP_01",1000,Batch,Running,AutomationPilot,0.8030025,55.8030641249556,MissionCache,True,"","D:\Workspace\MM\FlightSim\FlightSimProject\Artifacts\FlightSimVerification\Missions\smoke-00001000\KTEX_CAP_01-00001000"
45.189999999999579,"smoke-00001000","KTEX_CAP_01-00001000","KTEX_CAP_01",1000,Batch,Running,AutomationPilot,0.8063715,55.817944954651317,MissionCache,True,"","D:\Workspace\MM\FlightSim\FlightSimProject\Artifacts\FlightSimVerification\Missions\smoke-00001000\KTEX_CAP_01-00001000"
45.389999999999539,"smoke-00001000","KTEX_CAP_01-00001000","KTEX_CAP_01",1000,Batch,Running,AutomationPilot,0.81067689999999992,55.76821049175026,MissionCache,True,"","D:\Workspace\MM\FlightSim\FlightSimProject\Artifacts\FlightSimVerification\Missions\smoke-00001000\KTEX_CAP_01-00001000"
45.5899999999995,"smoke-00001000","KTEX_CAP_01-00001000","KTEX_CAP_01",1000,Batch,Running,AutomationPilot,0.8139628,55.788790347666421,MissionCache,True,"","D:\Workspace\MM\FlightSim\FlightSimProject\Artifacts\FlightSimVerification\Missions\smoke-00001000\KTEX_CAP_01-00001000"
45.789999999999459,"smoke-00001000","KTEX_CAP_01-00001000","KTEX_CAP_01",1000,Batch,Running,AutomationPilot,0.8171921,55.813070145929572,MissionCache,True,"","D:\Workspace\MM\FlightSim\FlightSimProject\Artifacts\FlightSimVerification\Missions\smoke-00001000\KTEX_CAP_01-00001000"
45.989999999999419,"smoke-00001000","KTEX_CAP_01-00001000","KTEX_CAP_01",1000,Batch,Running,AutomationPilot,0.82031979999999993,55.844074469492824,MissionCache,True,"","D:\Workspace\MM\FlightSim\FlightSimProject\Artifacts\FlightSimVerification\Missions\smoke-00001000\KTEX_CAP_01-00001000"
46.18999999999938,"smoke-00001000","KTEX_CAP_01-00001000","KTEX_CAP_01",1000,Batch,Running,AutomationPilot,0.8235346,55.86893374000244,MissionCache,True,"","D:\Workspace\MM\FlightSim\FlightSimProject\Artifacts\FlightSimVerification\Missions\smoke-00001000\KTEX_CAP_01-00001000"
46.38999999999934,"smoke-00001000","KTEX_CAP_01-00001000","KTEX_CAP_01",1000,Batch,Running,AutomationPilot,0.82687389999999994,55.885183944008126,MissionCache,True,"","D:\Workspace\MM\FlightSim\FlightSimProject\Artifacts\FlightSimVerification\Missions\smoke-00001000\KTEX_CAP_01-00001000"
46.5899999999993,"smoke-00001000","KTEX_CAP_01-00001000","KTEX_CAP_01",1000,Batch,Running,AutomationPilot,0.83004159999999994,55.912860271098872,MissionCache,True,"","D:\Workspace\MM\FlightSim\FlightSimProject\Artifacts\FlightSimVerification\Missions\smoke-00001000\KTEX_CAP_01-00001000"
46.78999999999926,"smoke-00001000","KTEX_CAP_01-00001000","KTEX_CAP_01",1000,Batch,Running,AutomationPilot,0.8342428,55.871024598593237,MissionCache,True,"","D:\Workspace\MM\FlightSim\FlightSimProject\Artifacts\FlightSimVerification\Missions\smoke-00001000\KTEX_CAP_01-00001000"
46.98999999999922,"smoke-00001000","KTEX_CAP_01-00001000","KTEX_CAP_01",1000,Batch,Running,AutomationPilot,0.8380318,55.857068908362734,MissionCache,True,"","D:\Workspace\MM\FlightSim\FlightSimProject\Artifacts\FlightSimVerification\Missions\smoke-00001000\KTEX_CAP_01-00001000"
47.189999999999181,"smoke-00001000","KTEX_CAP_01-00001000","KTEX_CAP_01",1000,Batch,Running,AutomationPilot,0.8412002,55.88443749775525,MissionCache,True,"","D:\Workspace\MM\FlightSim\FlightSimProject\Artifacts\FlightSimVerification\Missions\smoke-00001000\KTEX_CAP_01-00001000"
47.389999999999141,"smoke-00001000","KTEX_CAP_01-00001000","KTEX_CAP_01",1000,Batch,Running,AutomationPilot,0.8448968,55.876646709987746,MissionCache,True,"","D:\Workspace\MM\FlightSim\FlightSimProject\Artifacts\FlightSimVerification\Missions\smoke-00001000\KTEX_CAP_01-00001000"
47.5899999999991,"smoke-00001000","KTEX_CAP_01-00001000","KTEX_CAP_01",1000,Batch,Running,AutomationPilot,0.84884169999999992,55.852581229219936,MissionCache,True,"","D:\Workspace\MM\FlightSim\FlightSimProject\Artifacts\FlightSimVerification\Missions\smoke-00001000\KTEX_CAP_01-00001000"
47.789999999999061,"smoke-00001000","KTEX_CAP_01-00001000","KTEX_CAP_01",1000,Batch,Running,AutomationPilot,0.8520093,55.879671735976473,MissionCache,True,"","D:\Workspace\MM\FlightSim\FlightSimProject\Artifacts\FlightSimVerification\Missions\smoke-00001000\KTEX_CAP_01-00001000"
47.989999999999021,"smoke-00001000","KTEX_CAP_01-00001000","KTEX_CAP_01",1000,Batch,Running,AutomationPilot,0.8561666,55.84193543639644,MissionCache,True,"","D:\Workspace\MM\FlightSim\FlightSimProject\Artifacts\FlightSimVerification\Missions\smoke-00001000\KTEX_CAP_01-00001000"
48.189999999998982,"smoke-00001000","KTEX_CAP_01-00001000","KTEX_CAP_01",1000,Batch,Running,AutomationPilot,0.8594564,55.860890674615973,MissionCache,True,"","D:\Workspace\MM\FlightSim\FlightSimProject\Artifacts\FlightSimVerification\Missions\smoke-00001000\KTEX_CAP_01-00001000"
48.389999999998942,"smoke-00001000","KTEX_CAP_01-00001000","KTEX_CAP_01",1000,Batch,Running,AutomationPilot,0.86262869999999991,55.887312814886613,MissionCache,True,"","D:\Workspace\MM\FlightSim\FlightSimProject\Artifacts\FlightSimVerification\Missions\smoke-00001000\KTEX_CAP_01-00001000"
48.5899999999989,"smoke-00001000","KTEX_CAP_01-00001000","KTEX_CAP_01",1000,Batch,Running,AutomationPilot,0.86606869999999991,55.896258576252606,MissionCache,True,"","D:\Workspace\MM\FlightSim\FlightSimProject\Artifacts\FlightSimVerification\Missions\smoke-00001000\KTEX_CAP_01-00001000"
48.789999999998862,"smoke-00001000","KTEX_CAP_01-00001000","KTEX_CAP_01",1000,Batch,Running,AutomationPilot,0.8694136,55.911248685319507,MissionCache,True,"","D:\Workspace\MM\FlightSim\FlightSimProject\Artifacts\FlightSimVerification\Missions\smoke-00001000\KTEX_CAP_01-00001000"
48.989999999998822,"smoke-00001000","KTEX_CAP_01-00001000","KTEX_CAP_01",1000,Batch,Running,AutomationPilot,0.87258249999999993,55.9374041996016,MissionCache,True,"","D:\Workspace\MM\FlightSim\FlightSimProject\Artifacts\FlightSimVerification\Missions\smoke-00001000\KTEX_CAP_01-00001000"
49.189999999998783,"smoke-00001000","KTEX_CAP_01-00001000","KTEX_CAP_01",1000,Batch,Running,AutomationPilot,0.8761511,55.937839945642736,MissionCache,True,"","D:\Workspace\MM\FlightSim\FlightSimProject\Artifacts\FlightSimVerification\Missions\smoke-00001000\KTEX_CAP_01-00001000"
49.389999999998743,"smoke-00001000","KTEX_CAP_01-00001000","KTEX_CAP_01",1000,Batch,Running,AutomationPilot,0.8804322,55.893003458981596,MissionCache,True,"","D:\Workspace\MM\FlightSim\FlightSimProject\Artifacts\FlightSimVerification\Missions\smoke-00001000\KTEX_CAP_01-00001000"
49.5899999999987,"smoke-00001000","KTEX_CAP_01-00001000","KTEX_CAP_01",1000,Batch,Running,AutomationPilot,0.88390859999999993,55.899444806848514,MissionCache,True,"","D:\Workspace\MM\FlightSim\FlightSimProject\Artifacts\FlightSimVerification\Missions\smoke-00001000\KTEX_CAP_01-00001000"
49.789999999998663,"smoke-00001000","KTEX_CAP_01-00001000","KTEX_CAP_01",1000,Batch,Running,AutomationPilot,0.8873707,55.906736609625156,MissionCache,True,"","D:\Workspace\MM\FlightSim\FlightSimProject\Artifacts\FlightSimVerification\Missions\smoke-00001000\KTEX_CAP_01-00001000"
49.989999999998624,"smoke-00001000","KTEX_CAP_01-00001000","KTEX_CAP_01",1000,Batch,Running,AutomationPilot,0.8906657,55.924461894062674,MissionCache,True,"","D:\Workspace\MM\FlightSim\FlightSimProject\Artifacts\FlightSimVerification\Missions\smoke-00001000\KTEX_CAP_01-00001000"
50.189999999998584,"smoke-00001000","KTEX_CAP_01-00001000","KTEX_CAP_01",1000,Batch,Running,AutomationPilot,0.89411579999999991,55.932352386568525,MissionCache,True,"","D:\Workspace\MM\FlightSim\FlightSimProject\Artifacts\FlightSimVerification\Missions\smoke-00001000\KTEX_CAP_01-00001000"
50.389999999998544,"smoke-00001000","KTEX_CAP_01-00001000","KTEX_CAP_01",1000,Batch,Running,AutomationPilot,0.8974519,55.947288094212716,MissionCache,True,"","D:\Workspace\MM\FlightSim\FlightSimProject\Artifacts\FlightSimVerification\Missions\smoke-00001000\KTEX_CAP_01-00001000"
50.589999999998504,"smoke-00001000","KTEX_CAP_01-00001000","KTEX_CAP_01",1000,Batch,Running,AutomationPilot,0.9024865,55.856791209617583,MissionCache,True,"","D:\Workspace\MM\FlightSim\FlightSimProject\Artifacts\FlightSimVerification\Missions\smoke-00001000\KTEX_CAP_01-00001000"
50.789999999998464,"smoke-00001000","KTEX_CAP_01-00001000","KTEX_CAP_01",1000,Batch,Running,AutomationPilot,0.90600949999999991,55.860341420259395,MissionCache,True,"","D:\Workspace\MM\FlightSim\FlightSimProject\Artifacts\FlightSimVerification\Missions\smoke-00001000\KTEX_CAP_01-00001000"
50.989999999998425,"smoke-00001000","KTEX_CAP_01-00001000","KTEX_CAP_01",1000,Batch,Running,AutomationPilot,0.9092368,55.882032051494683,MissionCache,True,"","D:\Workspace\MM\FlightSim\FlightSimProject\Artifacts\FlightSimVerification\Missions\smoke-00001000\KTEX_CAP_01-00001000"
51.189999999998385,"smoke-00001000","KTEX_CAP_01-00001000","KTEX_CAP_01",1000,Batch,Running,AutomationPilot,0.91252309999999992,55.899954751828666,MissionCache,True,"","D:\Workspace\MM\FlightSim\FlightSimProject\Artifacts\FlightSimVerification\Missions\smoke-00001000\KTEX_CAP_01-00001000"
51.389999999998345,"smoke-00001000","KTEX_CAP_01-00001000","KTEX_CAP_01",1000,Batch,Running,AutomationPilot,0.91619129999999993,55.8944403859744,MissionCache,True,"","D:\Workspace\MM\FlightSim\FlightSimProject\Artifacts\FlightSimVerification\Missions\smoke-00001000\KTEX_CAP_01-00001000"
51.589999999998305,"smoke-00001000","KTEX_CAP_01-00001000","KTEX_CAP_01",1000,Batch,Running,AutomationPilot,0.9197006,55.898626139852844,MissionCache,True,"","D:\Workspace\MM\FlightSim\FlightSimProject\Artifacts\FlightSimVerification\Missions\smoke-00001000\KTEX_CAP_01-00001000"
51.789999999998265,"smoke-00001000","KTEX_CAP_01-00001000","KTEX_CAP_01",1000,Batch,Running,AutomationPilot,0.92298229999999992,55.916565247240719,MissionCache,True,"","D:\Workspace\MM\FlightSim\FlightSimProject\Artifacts\FlightSimVerification\Missions\smoke-00001000\KTEX_CAP_01-00001000"
51.989999999998226,"smoke-00001000","KTEX_CAP_01-00001000","KTEX_CAP_01",1000,Batch,Running,AutomationPilot,0.92747229999999992,55.861506591623559,MissionCache,True,"","D:\Workspace\MM\FlightSim\FlightSimProject\Artifacts\FlightSimVerification\Missions\smoke-00001000\KTEX_CAP_01-00001000"
52.189999999998186,"smoke-00001000","KTEX_CAP_01-00001000","KTEX_CAP_01",1000,Batch,Running,AutomationPilot,0.9311332,55.856670130544394,MissionCache,True,"","D:\Workspace\MM\FlightSim\FlightSimProject\Artifacts\FlightSimVerification\Missions\smoke-00001000\KTEX_CAP_01-00001000"
52.389999999998146,"smoke-00001000","KTEX_CAP_01-00001000","KTEX_CAP_01",1000,Batch,Running,AutomationPilot,0.9345661999999999,55.865491390549096,MissionCache,True,"","D:\Workspace\MM\FlightSim\FlightSimProject\Artifacts\FlightSimVerification\Missions\smoke-00001000\KTEX_CAP_01-00001000"
52.589999999998106,"smoke-00001000","KTEX_CAP_01-00001000","KTEX_CAP_01",1000,Batch,Running,AutomationPilot,0.938203,55.862110865130617,MissionCache,True,"","D:\Workspace\MM\FlightSim\FlightSimProject\Artifacts\FlightSimVerification\Missions\smoke-00001000\KTEX_CAP_01-00001000"
52.789999999998066,"smoke-00001000","KTEX_CAP_01-00001000","KTEX_CAP_01",1000,Batch,Running,AutomationPilot,0.94146449999999993,55.88102366047589,MissionCache,True,"","D:\Workspace\MM\FlightSim\FlightSimProject\Artifacts\FlightSimVerification\Missions\smoke-00001000\KTEX_CAP_01-00001000"
52.989999999998027,"smoke-00001000","KTEX_CAP_01-00001000","KTEX_CAP_01",1000,Batch,Running,AutomationPilot,0.94482309999999992,55.894061015229269,MissionCache,True,"","D:\Workspace\MM\FlightSim\FlightSimProject\Artifacts\FlightSimVerification\Missions\smoke-00001000\KTEX_CAP_01-00001000"
53.189999999997987,"smoke-00001000","KTEX_CAP_01-00001000","KTEX_CAP_01",1000,Batch,Running,AutomationPilot,0.94818059999999993,55.907070868142661,MissionCache,True,"","D:\Workspace\MM\FlightSim\FlightSimProject\Artifacts\FlightSimVerification\Missions\smoke-00001000\KTEX_CAP_01-00001000"
53.389999999997947,"smoke-00001000","KTEX_CAP_01-00001000","KTEX_CAP_01",1000,Batch,Running,AutomationPilot,0.9523337,55.873272152395728,MissionCache,True,"","D:\Workspace\MM\FlightSim\FlightSimProject\Artifacts\FlightSimVerification\Missions\smoke-00001000\KTEX_CAP_01-00001000"
53.589999999997907,"smoke-00001000","KTEX_CAP_01-00001000","KTEX_CAP_01",1000,Batch,Running,AutomationPilot,0.95557929999999991,55.892797175491296,MissionCache,True,"","D:\Workspace\MM\FlightSim\FlightSimProject\Artifacts\FlightSimVerification\Missions\smoke-00001000\KTEX_CAP_01-00001000"
53.789999999997868,"smoke-00001000","KTEX_CAP_01-00001000","KTEX_CAP_01",1000,Batch,Running,AutomationPilot,0.9588065,55.913262999362125,MissionCache,True,"","D:\Workspace\MM\FlightSim\FlightSimProject\Artifacts\FlightSimVerification\Missions\smoke-00001000\KTEX_CAP_01-00001000"
53.989999999997828,"smoke-00001000","KTEX_CAP_01-00001000","KTEX_CAP_01",1000,Batch,Running,AutomationPilot,0.9621398,55.927423436799792,MissionCache,True,"","D:\Workspace\MM\FlightSim\FlightSimProject\Artifacts\FlightSimVerification\Missions\smoke-00001000\KTEX_CAP_01-00001000"
54.189999999997788,"smoke-00001000","KTEX_CAP_01-00001000","KTEX_CAP_01",1000,Batch,Running,AutomationPilot,0.96545779999999992,55.942372623638057,MissionCache,True,"","D:\Workspace\MM\FlightSim\FlightSimProject\Artifacts\FlightSimVerification\Missions\smoke-00001000\KTEX_CAP_01-00001000"
54.389999999997748,"smoke-00001000","KTEX_CAP_01-00001000","KTEX_CAP_01",1000,Batch,Running,AutomationPilot,0.96904799999999991,55.941501349776054,MissionCache,True,"","D:\Workspace\MM\FlightSim\FlightSimProject\Artifacts\FlightSimVerification\Missions\smoke-00001000\KTEX_CAP_01-00001000"
54.589999999997708,"smoke-00001000","KTEX_CAP_01-00001000","KTEX_CAP_01",1000,Batch,Running,AutomationPilot,0.9732685,55.9044087011937,MissionCache,True,"","D:\Workspace\MM\FlightSim\FlightSimProject\Artifacts\FlightSimVerification\Missions\smoke-00001000\KTEX_CAP_01-00001000"
54.789999999997669,"smoke-00001000","KTEX_CAP_01-00001000","KTEX_CAP_01",1000,Batch,Running,AutomationPilot,0.9769146,55.900485057749883,MissionCache,True,"","D:\Workspace\MM\FlightSim\FlightSimProject\Artifacts\FlightSimVerification\Missions\smoke-00001000\KTEX_CAP_01-00001000"
54.989999999997629,"smoke-00001000","KTEX_CAP_01-00001000","KTEX_CAP_01",1000,Batch,Running,AutomationPilot,0.98027449999999994,55.912910108339723,MissionCache,True,"","D:\Workspace\MM\FlightSim\FlightSimProject\Artifacts\FlightSimVerification\Missions\smoke-00001000\KTEX_CAP_01-00001000"
55.189999999997589,"smoke-00001000","KTEX_CAP_01-00001000","KTEX_CAP_01",1000,Batch,Running,AutomationPilot,0.98354769999999991,55.930180102091263,MissionCache,True,"","D:\Workspace\MM\FlightSim\FlightSimProject\Artifacts\FlightSimVerification\Missions\smoke-00001000\KTEX_CAP_01-00001000"
55.389999999997549,"smoke-00001000","KTEX_CAP_01-00001000","KTEX_CAP_01",1000,Batch,Running,AutomationPilot,0.9867794,55.949688451134655,MissionCache,True,"","D:\Workspace\MM\FlightSim\FlightSimProject\Artifacts\FlightSimVerification\Missions\smoke-00001000\KTEX_CAP_01-00001000"
55.589999999997509,"smoke-00001000","KTEX_CAP_01-00001000","KTEX_CAP_01",1000,Batch,Running,AutomationPilot,0.9900937,55.964400137075458,MissionCache,True,"","D:\Workspace\MM\FlightSim\FlightSimProject\Artifacts\FlightSimVerification\Missions\smoke-00001000\KTEX_CAP_01-00001000"
55.78999999999747,"smoke-00001000","KTEX_CAP_01-00001000","KTEX_CAP_01",1000,Batch,Running,AutomationPilot,0.9938247,55.9555422601164,MissionCache,True,"","D:\Workspace\MM\FlightSim\FlightSimProject\Artifacts\FlightSimVerification\Missions\smoke-00001000\KTEX_CAP_01-00001000"
55.98999999999743,"smoke-00001000","KTEX_CAP_01-00001000","KTEX_CAP_01",1000,Batch,Running,AutomationPilot,0.9980815,55.917277296490788,MissionCache,True,"","D:\Workspace\MM\FlightSim\FlightSimProject\Artifacts\FlightSimVerification\Missions\smoke-00001000\KTEX_CAP_01-00001000"
56.18999999999739,"smoke-00001000","KTEX_CAP_01-00001000","KTEX_CAP_01",1000,Batch,Running,AutomationPilot,1.0013326999999999,55.93545481935967,MissionCache,True,"","D:\Workspace\MM\FlightSim\FlightSimProject\Artifacts\FlightSimVerification\Missions\smoke-00001000\KTEX_CAP_01-00001000"
56.38999999999735,"smoke-00001000","KTEX_CAP_01-00001000","KTEX_CAP_01",1000,Batch,Running,AutomationPilot,1.0045491,55.9554530485343,MissionCache,True,"","D:\Workspace\MM\FlightSim\FlightSimProject\Artifacts\FlightSimVerification\Missions\smoke-00001000\KTEX_CAP_01-00001000"
56.58999999999731,"smoke-00001000","KTEX_CAP_01-00001000","KTEX_CAP_01",1000,Batch,Running,AutomationPilot,1.0077924,55.973829530761833,MissionCache,True,"","D:\Workspace\MM\FlightSim\FlightSimProject\Artifacts\FlightSimVerification\Missions\smoke-00001000\KTEX_CAP_01-00001000"
56.789999999997271,"smoke-00001000","KTEX_CAP_01-00001000","KTEX_CAP_01",1000,Batch,Running,AutomationPilot,1.0111486,55.985836305363328,MissionCache,True,"","D:\Workspace\MM\FlightSim\FlightSimProject\Artifacts\FlightSimVerification\Missions\smoke-00001000\KTEX_CAP_01-00001000"
56.989999999997231,"smoke-00001000","KTEX_CAP_01-00001000","KTEX_CAP_01",1000,Batch,Running,AutomationPilot,1.0147004,55.9869691585785,MissionCache,True,"","D:\Workspace\MM\FlightSim\FlightSimProject\Artifacts\FlightSimVerification\Missions\smoke-00001000\KTEX_CAP_01-00001000"
57.189999999997191,"smoke-00001000","KTEX_CAP_01-00001000","KTEX_CAP_01",1000,Batch,Running,AutomationPilot,1.0187314,55.961757927553059,MissionCache,True,"","D:\Workspace\MM\FlightSim\FlightSimProject\Artifacts\FlightSimVerification\Missions\smoke-00001000\KTEX_CAP_01-00001000"
57.389999999997151,"smoke-00001000","KTEX_CAP_01-00001000","KTEX_CAP_01",1000,Batch,Running,AutomationPilot,1.0219304999999999,55.982280595399779,MissionCache,True,"","D:\Workspace\MM\FlightSim\FlightSimProject\Artifacts\FlightSimVerification\Missions\smoke-00001000\KTEX_CAP_01-00001000"
57.589999999997112,"smoke-00001000","KTEX_CAP_01-00001000","KTEX_CAP_01",1000,Batch,Running,AutomationPilot,1.0256408,55.974762314444931,MissionCache,True,"","D:\Workspace\MM\FlightSim\FlightSimProject\Artifacts\FlightSimVerification\Missions\smoke-00001000\KTEX_CAP_01-00001000"
57.789999999997072,"smoke-00001000","KTEX_CAP_01-00001000","KTEX_CAP_01",1000,Batch,Running,AutomationPilot,1.0288211,55.996129939400646,MissionCache,True,"","D:\Workspace\MM\FlightSim\FlightSimProject\Artifacts\FlightSimVerification\Missions\smoke-00001000\KTEX_CAP_01-00001000"
57.989999999997032,"smoke-00001000","KTEX_CAP_01-00001000","KTEX_CAP_01",1000,Batch,Running,AutomationPilot,1.0320795,56.01312689574501,MissionCache,True,"","D:\Workspace\MM\FlightSim\FlightSimProject\Artifacts\FlightSimVerification\Missions\smoke-00001000\KTEX_CAP_01-00001000"
58.189999999996992,"smoke-00001000","KTEX_CAP_01-00001000","KTEX_CAP_01",1000,Batch,Running,AutomationPilot,1.0353412,56.0298382793972,MissionCache,True,"","D:\Workspace\MM\FlightSim\FlightSimProject\Artifacts\FlightSimVerification\Missions\smoke-00001000\KTEX_CAP_01-00001000"
58.389999999996952,"smoke-00001000","KTEX_CAP_01-00001000","KTEX_CAP_01",1000,Batch,Running,AutomationPilot,1.0385625,56.048624902205681,MissionCache,True,"","D:\Workspace\MM\FlightSim\FlightSimProject\Artifacts\FlightSimVerification\Missions\smoke-00001000\KTEX_CAP_01-00001000"
58.589999999996913,"smoke-00001000","KTEX_CAP_01-00001000","KTEX_CAP_01",1000,Batch,Running,AutomationPilot,1.0449173,55.899160632135143,MissionCache,True,"","D:\Workspace\MM\FlightSim\FlightSimProject\Artifacts\FlightSimVerification\Missions\smoke-00001000\KTEX_CAP_01-00001000"
58.789999999996873,"smoke-00001000","KTEX_CAP_01-00001000","KTEX_CAP_01",1000,Batch,Running,AutomationPilot,1.0481303,55.918620041799109,MissionCache,True,"","D:\Workspace\MM\FlightSim\FlightSimProject\Artifacts\FlightSimVerification\Missions\smoke-00001000\KTEX_CAP_01-00001000"
58.989999999996833,"smoke-00001000","KTEX_CAP_01-00001000","KTEX_CAP_01",1000,Batch,Running,AutomationPilot,1.0513029999999999,55.940104803274487,MissionCache,True,"","D:\Workspace\MM\FlightSim\FlightSimProject\Artifacts\FlightSimVerification\Missions\smoke-00001000\KTEX_CAP_01-00001000"
59.189999999996793,"smoke-00001000","KTEX_CAP_01-00001000","KTEX_CAP_01",1000,Batch,Running,AutomationPilot,1.0546369,55.952906635446595,MissionCache,True,"","D:\Workspace\MM\FlightSim\FlightSimProject\Artifacts\FlightSimVerification\Missions\smoke-00001000\KTEX_CAP_01-00001000"
59.389999999996753,"smoke-00001000","KTEX_CAP_01-00001000","KTEX_CAP_01",1000,Batch,Running,AutomationPilot,1.0578612,55.971426119037908,MissionCache,True,"","D:\Workspace\MM\FlightSim\FlightSimProject\Artifacts\FlightSimVerification\Missions\smoke-00001000\KTEX_CAP_01-00001000"
59.589999999996714,"smoke-00001000","KTEX_CAP_01-00001000","KTEX_CAP_01",1000,Batch,Running,AutomationPilot,1.0609962,55.994545503552935,MissionCache,True,"","D:\Workspace\MM\FlightSim\FlightSimProject\Artifacts\FlightSimVerification\Missions\smoke-00001000\KTEX_CAP_01-00001000"
59.789999999996674,"smoke-00001000","KTEX_CAP_01-00001000","KTEX_CAP_01",1000,Batch,Running,AutomationPilot,1.0651709999999999,55.962845402284437,MissionCache,True,"","D:\Workspace\MM\FlightSim\FlightSimProject\Artifacts\FlightSimVerification\Missions\smoke-00001000\KTEX_CAP_01-00001000"
59.989999999996634,"smoke-00001000","KTEX_CAP_01-00001000","KTEX_CAP_01",1000,Batch,Running,AutomationPilot,1.0683601,55.982996744259417,MissionCache,True,"","D:\Workspace\MM\FlightSim\FlightSimProject\Artifacts\FlightSimVerification\Missions\smoke-00001000\KTEX_CAP_01-00001000"
60.189999999996594,"smoke-00001000","KTEX_CAP_01-00001000","KTEX_CAP_01",1000,Batch,Running,AutomationPilot,1.0716436999999999,55.998089663566944,MissionCache,True,"","D:\Workspace\MM\FlightSim\FlightSimProject\Artifacts\FlightSimVerification\Missions\smoke-00001000\KTEX_CAP_01-00001000"
60.389999999996554,"smoke-00001000","KTEX_CAP_01-00001000","KTEX_CAP_01",1000,Batch,Running,AutomationPilot,1.0748583999999999,56.016680894894243,MissionCache,True,"","D:\Workspace\MM\FlightSim\FlightSimProject\Artifacts\FlightSimVerification\Missions\smoke-00001000\KTEX_CAP_01-00001000"
60.589999999996515,"smoke-00001000","KTEX_CAP_01-00001000","KTEX_CAP_01",1000,Batch,Running,AutomationPilot,1.0780965,56.033945013267875,MissionCache,True,"","D:\Workspace\MM\FlightSim\FlightSimProject\Artifacts\FlightSimVerification\Missions\smoke-00001000\KTEX_CAP_01-00001000"
60.789999999996475,"smoke-00001000","KTEX_CAP_01-00001000","KTEX_CAP_01",1000,Batch,Running,AutomationPilot,1.0812543,56.0552684044785,MissionCache,True,"","D:\Workspace\MM\FlightSim\FlightSimProject\Artifacts\FlightSimVerification\Missions\smoke-00001000\KTEX_CAP_01-00001000"
60.989999999996435,"smoke-00001000","KTEX_CAP_01-00001000","KTEX_CAP_01",1000,Batch,Running,AutomationPilot,1.0847782,56.057542454297547,MissionCache,True,"","D:\Workspace\MM\FlightSim\FlightSimProject\Artifacts\FlightSimVerification\Missions\smoke-00001000\KTEX_CAP_01-00001000"
61.189999999996395,"smoke-00001000","KTEX_CAP_01-00001000","KTEX_CAP_01",1000,Batch,Running,AutomationPilot,1.0888635,56.030898271451321,MissionCache,True,"","D:\Workspace\MM\FlightSim\FlightSimProject\Artifacts\FlightSimVerification\Missions\smoke-00001000\KTEX_CAP_01-00001000"
61.389999999996355,"smoke-00001000","KTEX_CAP_01-00001000","KTEX_CAP_01",1000,Batch,Running,AutomationPilot,1.0920656,56.049746462113994,MissionCache,True,"","D:\Workspace\MM\FlightSim\FlightSimProject\Artifacts\FlightSimVerification\Missions\smoke-00001000\KTEX_CAP_01-00001000"
61.589999999996316,"smoke-00001000","KTEX_CAP_01-00001000","KTEX_CAP_01",1000,Batch,Running,AutomationPilot,1.0953351,56.065034344280896,MissionCache,True,"","D:\Workspace\MM\FlightSim\FlightSimProject\Artifacts\FlightSimVerification\Missions\smoke-00001000\KTEX_CAP_01-00001000"
61.789999999996276,"smoke-00001000","KTEX_CAP_01-00001000","KTEX_CAP_01",1000,Batch,Running,AutomationPilot,1.0985029,56.085423170021961,MissionCache,True,"","D:\Workspace\MM\FlightSim\FlightSimProject\Artifacts\FlightSimVerification\Missions\smoke-00001000\KTEX_CAP_01-00001000"
61.989999999996236,"smoke-00001000","KTEX_CAP_01-00001000","KTEX_CAP_01",1000,Batch,Running,AutomationPilot,1.1017238999999999,56.10298551206548,MissionCache,True,"","D:\Workspace\MM\FlightSim\FlightSimProject\Artifacts\FlightSimVerification\Missions\smoke-00001000\KTEX_CAP_01-00001000"
62.189999999996196,"smoke-00001000","KTEX_CAP_01-00001000","KTEX_CAP_01",1000,Batch,Running,AutomationPilot,1.1051612,56.1094616785282,MissionCache,True,"","D:\Workspace\MM\FlightSim\FlightSimProject\Artifacts\FlightSimVerification\Missions\smoke-00001000\KTEX_CAP_01-00001000"
62.389999999996157,"smoke-00001000","KTEX_CAP_01-00001000","KTEX_CAP_01",1000,Batch,Running,AutomationPilot,1.1084756,56.122119422381687,MissionCache,True,"","D:\Workspace\MM\FlightSim\FlightSimProject\Artifacts\FlightSimVerification\Missions\smoke-00001000\KTEX_CAP_01-00001000"
62.589999999996117,"smoke-00001000","KTEX_CAP_01-00001000","KTEX_CAP_01",1000,Batch,Running,AutomationPilot,1.1125752,56.095084628882752,MissionCache,True,"","D:\Workspace\MM\FlightSim\FlightSimProject\Artifacts\FlightSimVerification\Missions\smoke-00001000\KTEX_CAP_01-00001000"
62.789999999996077,"smoke-00001000","KTEX_CAP_01-00001000","KTEX_CAP_01",1000,Batch,Running,AutomationPilot,1.1159035,56.107002083958079,MissionCache,True,"","D:\Workspace\MM\FlightSim\FlightSimProject\Artifacts\FlightSimVerification\Missions\smoke-00001000\KTEX_CAP_01-00001000"
62.989999999996037,"smoke-00001000","KTEX_CAP_01-00001000","KTEX_CAP_01",1000,Batch,Running,AutomationPilot,1.1192347999999999,56.118698239186344,MissionCache,True,"","D:\Workspace\MM\FlightSim\FlightSimProject\Artifacts\FlightSimVerification\Missions\smoke-00001000\KTEX_CAP_01-00001000"
63.189999999996,"smoke-00001000","KTEX_CAP_01-00001000","KTEX_CAP_01",1000,Batch,Running,AutomationPilot,1.1224467,56.136295825891807,MissionCache,True,"","D:\Workspace\MM\FlightSim\FlightSimProject\Artifacts\FlightSimVerification\Missions\smoke-00001000\KTEX_CAP_01-00001000"
63.389999999995958,"smoke-00001000","KTEX_CAP_01-00001000","KTEX_CAP_01",1000,Batch,Running,AutomationPilot,1.1258932,56.142092340548814,MissionCache,True,"","D:\Workspace\MM\FlightSim\FlightSimProject\Artifacts\FlightSimVerification\Missions\smoke-00001000\KTEX_CAP_01-00001000"
63.589999999995918,"smoke-00001000","KTEX_CAP_01-00001000","KTEX_CAP_01",1000,Batch,Running,AutomationPilot,1.1291202999999999,56.158763596754007,MissionCache,True,"","D:\Workspace\MM\FlightSim\FlightSimProject\Artifacts\FlightSimVerification\Missions\smoke-00001000\KTEX_CAP_01-00001000"
63.789999999995878,"smoke-00001000","KTEX_CAP_01-00001000","KTEX_CAP_01",1000,Batch,Running,AutomationPilot,1.1338454,56.101122780932847,MissionCache,True,"","D:\Workspace\MM\FlightSim\FlightSimProject\Artifacts\FlightSimVerification\Missions\smoke-00001000\KTEX_CAP_01-00001000"
63.989999999995838,"smoke-00001000","KTEX_CAP_01-00001000","KTEX_CAP_01",1000,Batch,Running,AutomationPilot,1.1371707,56.112947686742082,MissionCache,True,"","D:\Workspace\MM\FlightSim\FlightSimProject\Artifacts\FlightSimVerification\Missions\smoke-00001000\KTEX_CAP_01-00001000"
64.189999999995933,"smoke-00001000","KTEX_CAP_01-00001000","KTEX_CAP_01",1000,Batch,Running,AutomationPilot,1.1403676999999999,56.131018091792541,MissionCache,True,"","D:\Workspace\MM\FlightSim\FlightSimProject\Artifacts\FlightSimVerification\Missions\smoke-00001000\KTEX_CAP_01-00001000"
64.389999999996036,"smoke-00001000","KTEX_CAP_01-00001000","KTEX_CAP_01",1000,Batch,Running,AutomationPilot,1.1435605,56.149193680610644,MissionCache,True,"","D:\Workspace\MM\FlightSim\FlightSimProject\Artifacts\FlightSimVerification\Missions\smoke-00001000\KTEX_CAP_01-00001000"
64.589999999996138,"smoke-00001000","KTEX_CAP_01-00001000","KTEX_CAP_01",1000,Batch,Running,AutomationPilot,1.1467971,56.165122845179894,MissionCache,True,"","D:\Workspace\MM\FlightSim\FlightSimProject\Artifacts\FlightSimVerification\Missions\smoke-00001000\KTEX_CAP_01-00001000"
64.78999999999624,"smoke-00001000","KTEX_CAP_01-00001000","KTEX_CAP_01",1000,Batch,Running,AutomationPilot,1.1500852,56.178446605517706,MissionCache,True,"","D:\Workspace\MM\FlightSim\FlightSimProject\Artifacts\FlightSimVerification\Missions\smoke-00001000\KTEX_CAP_01-00001000"
64.989999999996343,"smoke-00001000","KTEX_CAP_01-00001000","KTEX_CAP_01",1000,Batch,Running,AutomationPilot,1.1533528,56.192693163788441,MissionCache,True,"","D:\Workspace\MM\FlightSim\FlightSimProject\Artifacts\FlightSimVerification\Missions\smoke-00001000\KTEX_CAP_01-00001000"
65.189999999996445,"smoke-00001000","KTEX_CAP_01-00001000","KTEX_CAP_01",1000,Batch,Running,AutomationPilot,1.1576312,56.157781511068769,MissionCache,True,"","D:\Workspace\MM\FlightSim\FlightSimProject\Artifacts\FlightSimVerification\Missions\smoke-00001000\KTEX_CAP_01-00001000"
65.389999999996547,"smoke-00001000","KTEX_CAP_01-00001000","KTEX_CAP_01",1000,Batch,Running,AutomationPilot,1.1607874,56.177384420262015,MissionCache,True,"","D:\Workspace\MM\FlightSim\FlightSimProject\Artifacts\FlightSimVerification\Missions\smoke-00001000\KTEX_CAP_01-00001000"
65.58999999999665,"smoke-00001000","KTEX_CAP_01-00001000","KTEX_CAP_01",1000,Batch,Running,AutomationPilot,1.1640983,56.189412870027006,MissionCache,True,"","D:\Workspace\MM\FlightSim\FlightSimProject\Artifacts\FlightSimVerification\Missions\smoke-00001000\KTEX_CAP_01-00001000"
65.789999999996752,"smoke-00001000","KTEX_CAP_01-00001000","KTEX_CAP_01",1000,Batch,Running,AutomationPilot,1.1673316,56.205109156641228,MissionCache,True,"","D:\Workspace\MM\FlightSim\FlightSimProject\Artifacts\FlightSimVerification\Missions\smoke-00001000\KTEX_CAP_01-00001000"
65.989999999996854,"smoke-00001000","KTEX_CAP_01-00001000","KTEX_CAP_01",1000,Batch,Running,AutomationPilot,1.1705961999999999,56.219215473274872,MissionCache,True,"","D:\Workspace\MM\FlightSim\FlightSimProject\Artifacts\FlightSimVerification\Missions\smoke-00001000\KTEX_CAP_01-00001000"
66.189999999996957,"smoke-00001000","KTEX_CAP_01-00001000","KTEX_CAP_01",1000,Batch,Running,AutomationPilot,1.1737902999999998,56.236620800152188,MissionCache,True,"","D:\Workspace\MM\FlightSim\FlightSimProject\Artifacts\FlightSimVerification\Missions\smoke-00001000\KTEX_CAP_01-00001000"
66.389999999997059,"smoke-00001000","KTEX_CAP_01-00001000","KTEX_CAP_01",1000,Batch,Running,AutomationPilot,1.1770853,56.249109559007294,MissionCache,True,"","D:\Workspace\MM\FlightSim\FlightSimProject\Artifacts\FlightSimVerification\Missions\smoke-00001000\KTEX_CAP_01-00001000"
66.589999999997161,"smoke-00001000","KTEX_CAP_01-00001000","KTEX_CAP_01",1000,Batch,Running,AutomationPilot,1.1814741,56.209442085947607,MissionCache,True,"","D:\Workspace\MM\FlightSim\FlightSimProject\Artifacts\FlightSimVerification\Missions\smoke-00001000\KTEX_CAP_01-00001000"
66.789999999997264,"smoke-00001000","KTEX_CAP_01-00001000","KTEX_CAP_01",1000,Batch,Running,AutomationPilot,1.1847263,56.223956537469604,MissionCache,True,"","D:\Workspace\MM\FlightSim\FlightSimProject\Artifacts\FlightSimVerification\Missions\smoke-00001000\KTEX_CAP_01-00001000"
66.989999999997366,"smoke-00001000","KTEX_CAP_01-00001000","KTEX_CAP_01",1000,Batch,Running,AutomationPilot,1.1879125,56.24151610492968,MissionCache,True,"","D:\Workspace\MM\FlightSim\FlightSimProject\Artifacts\FlightSimVerification\Missions\smoke-00001000\KTEX_CAP_01-00001000"
67.189999999997468,"smoke-00001000","KTEX_CAP_01-00001000","KTEX_CAP_01",1000,Batch,Running,AutomationPilot,1.1911444,56.256823270123569,MissionCache,True,"","D:\Workspace\MM\FlightSim\FlightSimProject\Artifacts\FlightSimVerification\Missions\smoke-00001000\KTEX_CAP_01-00001000"
67.389999999997571,"smoke-00001000","KTEX_CAP_01-00001000","KTEX_CAP_01",1000,Batch,Running,AutomationPilot,1.1947581,56.254065153437736,MissionCache,True,"","D:\Workspace\MM\FlightSim\FlightSimProject\Artifacts\FlightSimVerification\Missions\smoke-00001000\KTEX_CAP_01-00001000"
67.589999999997673,"smoke-00001000","KTEX_CAP_01-00001000","KTEX_CAP_01",1000,Batch,Running,AutomationPilot,1.1980543,56.266231004719558,MissionCache,True,"","D:\Workspace\MM\FlightSim\FlightSimProject\Artifacts\FlightSimVerification\Missions\smoke-00001000\KTEX_CAP_01-00001000"
67.789999999997775,"smoke-00001000","KTEX_CAP_01-00001000","KTEX_CAP_01",1000,Batch,Running,AutomationPilot,1.2022964,56.2340534330783,MissionCache,True,"","D:\Workspace\MM\FlightSim\FlightSimProject\Artifacts\FlightSimVerification\Missions\smoke-00001000\KTEX_CAP_01-00001000"
67.989999999997877,"smoke-00001000","KTEX_CAP_01-00001000","KTEX_CAP_01",1000,Batch,Running,AutomationPilot,1.2057461,56.239037389378893,MissionCache,True,"","D:\Workspace\MM\FlightSim\FlightSimProject\Artifacts\FlightSimVerification\Missions\smoke-00001000\KTEX_CAP_01-00001000"
68.18999999999798,"smoke-00001000","KTEX_CAP_01-00001000","KTEX_CAP_01",1000,Batch,Running,AutomationPilot,1.209254,56.241285949848326,MissionCache,True,"","D:\Workspace\MM\FlightSim\FlightSimProject\Artifacts\FlightSimVerification\Missions\smoke-00001000\KTEX_CAP_01-00001000"
68.389999999998082,"smoke-00001000","KTEX_CAP_01-00001000","KTEX_CAP_01",1000,Batch,Running,AutomationPilot,1.2126455999999999,56.248915594134012,MissionCache,True,"","D:\Workspace\MM\FlightSim\FlightSimProject\Artifacts\FlightSimVerification\Missions\smoke-00001000\KTEX_CAP_01-00001000"
68.589999999998184,"smoke-00001000","KTEX_CAP_01-00001000","KTEX_CAP_01",1000,Batch,Running,AutomationPilot,1.2161568,56.250970269621554,MissionCache,True,"","D:\Workspace\MM\FlightSim\FlightSimProject\Artifacts\FlightSimVerification\Missions\smoke-00001000\KTEX_CAP_01-00001000"
68.789999999998287,"smoke-00001000","KTEX_CAP_01-00001000","KTEX_CAP_01",1000,Batch,Running,AutomationPilot,1.2193311,56.268555767992957,MissionCache,True,"","D:\Workspace\MM\FlightSim\FlightSimProject\Artifacts\FlightSimVerification\Missions\smoke-00001000\KTEX_CAP_01-00001000"
68.989999999998389,"smoke-00001000","KTEX_CAP_01-00001000","KTEX_CAP_01",1000,Batch,Running,AutomationPilot,1.2225897,56.282168907523349,MissionCache,True,"","D:\Workspace\MM\FlightSim\FlightSimProject\Artifacts\FlightSimVerification\Missions\smoke-00001000\KTEX_CAP_01-00001000"
69.189999999998491,"smoke-00001000","KTEX_CAP_01-00001000","KTEX_CAP_01",1000,Batch,Running,AutomationPilot,1.2272703999999999,56.230477000014346,MissionCache,True,"","D:\Workspace\MM\FlightSim\FlightSimProject\Artifacts\FlightSimVerification\Missions\smoke-00001000\KTEX_CAP_01-00001000"
69.3899999999986,"smoke-00001000","KTEX_CAP_01-00001000","KTEX_CAP_01",1000,Batch,Running,AutomationPilot,1.2305547,56.242928493953585,MissionCache,True,"","D:\Workspace\MM\FlightSim\FlightSimProject\Artifacts\FlightSimVerification\Missions\smoke-00001000\KTEX_CAP_01-00001000"
69.5899999999987,"smoke-00001000","KTEX_CAP_01-00001000","KTEX_CAP_01",1000,Batch,Running,AutomationPilot,1.2337886,56.257611717273612,MissionCache,True,"","D:\Workspace\MM\FlightSim\FlightSimProject\Artifacts\FlightSimVerification\Missions\smoke-00001000\KTEX_CAP_01-00001000"
69.7899999999988,"smoke-00001000","KTEX_CAP_01-00001000","KTEX_CAP_01",1000,Batch,Running,AutomationPilot,1.2371972,56.264272179082454,MissionCache,True,"","D:\Workspace\MM\FlightSim\FlightSimProject\Artifacts\FlightSimVerification\Missions\smoke-00001000\KTEX_CAP_01-00001000"
69.9899999999989,"smoke-00001000","KTEX_CAP_01-00001000","KTEX_CAP_01",1000,Batch,Running,AutomationPilot,1.2404521,56.277868367507949,MissionCache,True,"","D:\Workspace\MM\FlightSim\FlightSimProject\Artifacts\FlightSimVerification\Missions\smoke-00001000\KTEX_CAP_01-00001000"
70.189999999999,"smoke-00001000","KTEX_CAP_01-00001000","KTEX_CAP_01",1000,Batch,Running,AutomationPilot,1.2437707999999998,56.28850588870467,MissionCache,True,"","D:\Workspace\MM\FlightSim\FlightSimProject\Artifacts\FlightSimVerification\Missions\smoke-00001000\KTEX_CAP_01-00001000"
70.3899999999991,"smoke-00001000","KTEX_CAP_01-00001000","KTEX_CAP_01",1000,Batch,Running,AutomationPilot,1.2480347,56.256448638807086,MissionCache,True,"","D:\Workspace\MM\FlightSim\FlightSimProject\Artifacts\FlightSimVerification\Missions\smoke-00001000\KTEX_CAP_01-00001000"
70.589999999999208,"smoke-00001000","KTEX_CAP_01-00001000","KTEX_CAP_01",1000,Batch,Running,AutomationPilot,1.2513319,56.268045272400641,MissionCache,True,"","D:\Workspace\MM\FlightSim\FlightSimProject\Artifacts\FlightSimVerification\Missions\smoke-00001000\KTEX_CAP_01-00001000"
70.78999999999931,"smoke-00001000","KTEX_CAP_01-00001000","KTEX_CAP_01",1000,Batch,Running,AutomationPilot,1.2546065,56.2805947522185,MissionCache,True,"","D:\Workspace\MM\FlightSim\FlightSimProject\Artifacts\FlightSimVerification\Missions\smoke-00001000\KTEX_CAP_01-00001000"
70.989999999999412,"smoke-00001000","KTEX_CAP_01-00001000","KTEX_CAP_01",1000,Batch,Running,AutomationPilot,1.2582651,56.275899252072811,MissionCache,True,"","D:\Workspace\MM\FlightSim\FlightSimProject\Artifacts\FlightSimVerification\Missions\smoke-00001000\KTEX_CAP_01-00001000"
71.189999999999515,"smoke-00001000","KTEX_CAP_01-00001000","KTEX_CAP_01",1000,Batch,Running,AutomationPilot,1.2615893999999999,56.2861419095622,MissionCache,True,"","D:\Workspace\MM\FlightSim\FlightSimProject\Artifacts\FlightSimVerification\Missions\smoke-00001000\KTEX_CAP_01-00001000"
71.389999999999617,"smoke-00001000","KTEX_CAP_01-00001000","KTEX_CAP_01",1000,Batch,Running,AutomationPilot,1.2653786,56.275647462348047,MissionCache,True,"","D:\Workspace\MM\FlightSim\FlightSimProject\Artifacts\FlightSimVerification\Missions\smoke-00001000\KTEX_CAP_01-00001000"
71.589999999999719,"smoke-00001000","KTEX_CAP_01-00001000","KTEX_CAP_01",1000,Batch,Running,AutomationPilot,1.2695028,56.250368254406077,MissionCache,True,"","D:\Workspace\MM\FlightSim\FlightSimProject\Artifacts\FlightSimVerification\Missions\smoke-00001000\KTEX_CAP_01-00001000"
71.789999999999822,"smoke-00001000","KTEX_CAP_01-00001000","KTEX_CAP_01",1000,Batch,Running,AutomationPilot,1.2738417,56.215776261681285,MissionCache,True,"","D:\Workspace\MM\FlightSim\FlightSimProject\Artifacts\FlightSimVerification\Missions\smoke-00001000\KTEX_CAP_01-00001000"
71.989999999999924,"smoke-00001000","KTEX_CAP_01-00001000","KTEX_CAP_01",1000,Batch,Running,AutomationPilot,1.2772286,56.22329471795404,MissionCache,True,"","D:\Workspace\MM\FlightSim\FlightSimProject\Artifacts\FlightSimVerification\Missions\smoke-00001000\KTEX_CAP_01-00001000"
72.190000000000026,"smoke-00001000","KTEX_CAP_01-00001000","KTEX_CAP_01",1000,Batch,Running,AutomationPilot,1.2804408,56.238445385370362,MissionCache,True,"","D:\Workspace\MM\FlightSim\FlightSimProject\Artifacts\FlightSimVerification\Missions\smoke-00001000\KTEX_CAP_01-00001000"
72.390000000000128,"smoke-00001000","KTEX_CAP_01-00001000","KTEX_CAP_01",1000,Batch,Running,AutomationPilot,1.283601,56.255799115145621,MissionCache,True,"","D:\Workspace\MM\FlightSim\FlightSimProject\Artifacts\FlightSimVerification\Missions\smoke-00001000\KTEX_CAP_01-00001000"
72.590000000000231,"smoke-00001000","KTEX_CAP_01-00001000","KTEX_CAP_01",1000,Batch,Running,AutomationPilot,1.2873985,56.245210787491324,MissionCache,True,"","D:\Workspace\MM\FlightSim\FlightSimProject\Artifacts\FlightSimVerification\Missions\smoke-00001000\KTEX_CAP_01-00001000"
72.790000000000333,"smoke-00001000","KTEX_CAP_01-00001000","KTEX_CAP_01",1000,Batch,Running,AutomationPilot,1.290638,56.258997488064232,MissionCache,True,"","D:\Workspace\MM\FlightSim\FlightSimProject\Artifacts\FlightSimVerification\Missions\smoke-00001000\KTEX_CAP_01-00001000"
72.990000000000435,"smoke-00001000","KTEX_CAP_01-00001000","KTEX_CAP_01",1000,Batch,Running,AutomationPilot,1.2947298999999999,56.235667377420071,MissionCache,True,"","D:\Workspace\MM\FlightSim\FlightSimProject\Artifacts\FlightSimVerification\Missions\smoke-00001000\KTEX_CAP_01-00001000"
73.190000000000538,"smoke-00001000","KTEX_CAP_01-00001000","KTEX_CAP_01",1000,Batch,Running,AutomationPilot,1.2978996,56.2524250720167,MissionCache,True,"","D:\Workspace\MM\FlightSim\FlightSimProject\Artifacts\FlightSimVerification\Missions\smoke-00001000\KTEX_CAP_01-00001000"
73.39000000000064,"smoke-00001000","KTEX_CAP_01-00001000","KTEX_CAP_01",1000,Batch,Running,AutomationPilot,1.3010632,56.269364931696288,MissionCache,True,"","D:\Workspace\MM\FlightSim\FlightSimProject\Artifacts\FlightSimVerification\Missions\smoke-00001000\KTEX_CAP_01-00001000"
73.590000000000742,"smoke-00001000","KTEX_CAP_01-00001000","KTEX_CAP_01",1000,Batch,Running,AutomationPilot,1.3043634,56.280328012884027,MissionCache,True,"","D:\Workspace\MM\FlightSim\FlightSimProject\Artifacts\FlightSimVerification\Missions\smoke-00001000\KTEX_CAP_01-00001000"
73.790000000000845,"smoke-00001000","KTEX_CAP_01-00001000","KTEX_CAP_01",1000,Batch,Running,AutomationPilot,1.3076778,56.290624494811148,MissionCache,True,"","D:\Workspace\MM\FlightSim\FlightSimProject\Artifacts\FlightSimVerification\Missions\smoke-00001000\KTEX_CAP_01-00001000"
73.990000000000947,"smoke-00001000","KTEX_CAP_01-00001000","KTEX_CAP_01",1000,Batch,Running,AutomationPilot,1.3108643,56.306362145952754,MissionCache,True,"","D:\Workspace\MM\FlightSim\FlightSimProject\Artifacts\FlightSimVerification\Missions\smoke-00001000\KTEX_CAP_01-00001000"
74.190000000001049,"smoke-00001000","KTEX_CAP_01-00001000","KTEX_CAP_01",1000,Batch,Running,AutomationPilot,1.3141093,56.319516192451388,MissionCache,True,"","D:\Workspace\MM\FlightSim\FlightSimProject\Artifacts\FlightSimVerification\Missions\smoke-00001000\KTEX_CAP_01-00001000"
74.390000000001152,"smoke-00001000","KTEX_CAP_01-00001000","KTEX_CAP_01",1000,Batch,Running,AutomationPilot,1.3181882999999999,56.296964553547525,MissionCache,True,"","D:\Workspace\MM\FlightSim\FlightSimProject\Artifacts\FlightSimVerification\Missions\smoke-00001000\KTEX_CAP_01-00001000"
74.590000000001254,"smoke-00001000","KTEX_CAP_01-00001000","KTEX_CAP_01",1000,Batch,Running,AutomationPilot,1.3213711,56.312719416976172,MissionCache,True,"","D:\Workspace\MM\FlightSim\FlightSimProject\Artifacts\FlightSimVerification\Missions\smoke-00001000\KTEX_CAP_01-00001000"
74.790000000001356,"smoke-00001000","KTEX_CAP_01-00001000","KTEX_CAP_01",1000,Batch,Running,AutomationPilot,1.3246928,56.322492278965555,MissionCache,True,"","D:\Workspace\MM\FlightSim\FlightSimProject\Artifacts\FlightSimVerification\Missions\smoke-00001000\KTEX_CAP_01-00001000"
74.990000000001459,"smoke-00001000","KTEX_CAP_01-00001000","KTEX_CAP_01",1000,Batch,Running,AutomationPilot,1.3278896999999998,56.337510562813591,MissionCache,True,"","D:\Workspace\MM\FlightSim\FlightSimProject\Artifacts\FlightSimVerification\Missions\smoke-00001000\KTEX_CAP_01-00001000"
75.190000000001561,"smoke-00001000","KTEX_CAP_01-00001000","KTEX_CAP_01",1000,Batch,Running,AutomationPilot,1.3310750999999998,56.352943571704913,MissionCache,True,"","D:\Workspace\MM\FlightSim\FlightSimProject\Artifacts\FlightSimVerification\Missions\smoke-00001000\KTEX_CAP_01-00001000"
75.390000000001663,"smoke-00001000","KTEX_CAP_01-00001000","KTEX_CAP_01",1000,Batch,Running,AutomationPilot,1.3343695,56.363698360912451,MissionCache,True,"","D:\Workspace\MM\FlightSim\FlightSimProject\Artifacts\FlightSimVerification\Missions\smoke-00001000\KTEX_CAP_01-00001000"
75.590000000001766,"smoke-00001000","KTEX_CAP_01-00001000","KTEX_CAP_01",1000,Batch,Running,AutomationPilot,1.3375321,56.379955292289189,MissionCache,True,"","D:\Workspace\MM\FlightSim\FlightSimProject\Artifacts\FlightSimVerification\Missions\smoke-00001000\KTEX_CAP_01-00001000"
75.790000000001868,"smoke-00001000","KTEX_CAP_01-00001000","KTEX_CAP_01",1000,Batch,Running,AutomationPilot,1.3416462,56.356139196758264,MissionCache,True,"","D:\Workspace\MM\FlightSim\FlightSimProject\Artifacts\FlightSimVerification\Missions\smoke-00001000\KTEX_CAP_01-00001000"
75.99000000000197,"smoke-00001000","KTEX_CAP_01-00001000","KTEX_CAP_01",1000,Batch,Running,AutomationPilot,1.3448137,56.372120539820408,MissionCache,True,"","D:\Workspace\MM\FlightSim\FlightSimProject\Artifacts\FlightSimVerification\Missions\smoke-00001000\KTEX_CAP_01-00001000"
76.190000000002073,"smoke-00001000","KTEX_CAP_01-00001000","KTEX_CAP_01",1000,Batch,Running,AutomationPilot,1.3479416,56.389683351268324,MissionCache,True,"","D:\Workspace\MM\FlightSim\FlightSimProject\Artifacts\FlightSimVerification\Missions\smoke-00001000\KTEX_CAP_01-00001000"
76.390000000002175,"smoke-00001000","KTEX_CAP_01-00001000","KTEX_CAP_01",1000,Batch,Running,AutomationPilot,1.3511233,56.404918781285232,MissionCache,True,"","D:\Workspace\MM\FlightSim\FlightSimProject\Artifacts\FlightSimVerification\Missions\smoke-00001000\KTEX_CAP_01-00001000"
76.590000000002277,"smoke-00001000","KTEX_CAP_01-00001000","KTEX_CAP_01",1000,Batch,Running,AutomationPilot,1.3543456999999999,56.4183871222851,MissionCache,True,"","D:\Workspace\MM\FlightSim\FlightSimProject\Artifacts\FlightSimVerification\Missions\smoke-00001000\KTEX_CAP_01-00001000"
76.790000000002379,"smoke-00001000","KTEX_CAP_01-00001000","KTEX_CAP_01",1000,Batch,Running,AutomationPilot,1.3575217,56.4337203596836,MissionCache,True,"","D:\Workspace\MM\FlightSim\FlightSimProject\Artifacts\FlightSimVerification\Missions\smoke-00001000\KTEX_CAP_01-00001000"
76.990000000002482,"smoke-00001000","KTEX_CAP_01-00001000","KTEX_CAP_01",1000,Batch,Running,AutomationPilot,1.3615591999999999,56.413265027332194,MissionCache,True,"","D:\Workspace\MM\FlightSim\FlightSimProject\Artifacts\FlightSimVerification\Missions\smoke-00001000\KTEX_CAP_01-00001000"
77.190000000002584,"smoke-00001000","KTEX_CAP_01-00001000","KTEX_CAP_01",1000,Batch,Running,AutomationPilot,1.3648751,56.4227452021086,MissionCache,True,"","D:\Workspace\MM\FlightSim\FlightSimProject\Artifacts\FlightSimVerification\Missions\smoke-00001000\KTEX_CAP_01-00001000"
77.390000000002686,"smoke-00001000","KTEX_CAP_01-00001000","KTEX_CAP_01",1000,Batch,Running,AutomationPilot,1.3680975,56.436036174324272,MissionCache,True,"","D:\Workspace\MM\FlightSim\FlightSimProject\Artifacts\FlightSimVerification\Missions\smoke-00001000\KTEX_CAP_01-00001000"
77.590000000002789,"smoke-00001000","KTEX_CAP_01-00001000","KTEX_CAP_01",1000,Batch,Running,AutomationPilot,1.3712068,56.453920736101004,MissionCache,True,"","D:\Workspace\MM\FlightSim\FlightSimProject\Artifacts\FlightSimVerification\Missions\smoke-00001000\KTEX_CAP_01-00001000"
77.790000000002891,"smoke-00001000","KTEX_CAP_01-00001000","KTEX_CAP_01",1000,Batch,Running,AutomationPilot,1.3744452,56.4664200507978,MissionCache,True,"","D:\Workspace\MM\FlightSim\FlightSimProject\Artifacts\FlightSimVerification\Missions\smoke-00001000\KTEX_CAP_01-00001000"
77.990000000003,"smoke-00001000","KTEX_CAP_01-00001000","KTEX_CAP_01",1000,Batch,Running,AutomationPilot,1.3779527999999999,56.467826764460227,MissionCache,True,"","D:\Workspace\MM\FlightSim\FlightSimProject\Artifacts\FlightSimVerification\Missions\smoke-00001000\KTEX_CAP_01-00001000"
78.1900000000031,"smoke-00001000","KTEX_CAP_01-00001000","KTEX_CAP_01",1000,Batch,Running,AutomationPilot,1.3813834,56.472373998415648,MissionCache,True,"","D:\Workspace\MM\FlightSim\FlightSimProject\Artifacts\FlightSimVerification\Missions\smoke-00001000\KTEX_CAP_01-00001000"
78.3900000000032,"smoke-00001000","KTEX_CAP_01-00001000","KTEX_CAP_01",1000,Batch,Running,AutomationPilot,1.3866492,56.402152757887947,MissionCache,True,"","D:\Workspace\MM\FlightSim\FlightSimProject\Artifacts\FlightSimVerification\Missions\smoke-00001000\KTEX_CAP_01-00001000"
78.5900000000033,"smoke-00001000","KTEX_CAP_01-00001000","KTEX_CAP_01",1000,Batch,Running,AutomationPilot,1.3918150999999999,56.336506192527452,MissionCache,True,"","D:\Workspace\MM\FlightSim\FlightSimProject\Artifacts\FlightSimVerification\Missions\smoke-00001000\KTEX_CAP_01-00001000"
78.7900000000034,"smoke-00001000","KTEX_CAP_01-00001000","KTEX_CAP_01",1000,Batch,Running,AutomationPilot,1.3962058,56.302588056863335,MissionCache,True,"","D:\Workspace\MM\FlightSim\FlightSimProject\Artifacts\FlightSimVerification\Missions\smoke-00001000\KTEX_CAP_01-00001000"
78.9900000000035,"smoke-00001000","KTEX_CAP_01-00001000","KTEX_CAP_01",1000,Batch,Running,AutomationPilot,1.3994799999999998,56.313773687372041,MissionCache,True,"","D:\Workspace\MM\FlightSim\FlightSimProject\Artifacts\FlightSimVerification\Missions\smoke-00001000\KTEX_CAP_01-00001000"
79.190000000003607,"smoke-00001000","KTEX_CAP_01-00001000","KTEX_CAP_01",1000,Batch,Running,AutomationPilot,1.4027454,56.3252604499744,MissionCache,True,"","D:\Workspace\MM\FlightSim\FlightSimProject\Artifacts\FlightSimVerification\Missions\smoke-00001000\KTEX_CAP_01-00001000"
79.39000000000371,"smoke-00001000","KTEX_CAP_01-00001000","KTEX_CAP_01",1000,Batch,Running,AutomationPilot,1.4062603,56.326698549339419,MissionCache,True,"","D:\Workspace\MM\FlightSim\FlightSimProject\Artifacts\FlightSimVerification\Missions\smoke-00001000\KTEX_CAP_01-00001000"
79.590000000003812,"smoke-00001000","KTEX_CAP_01-00001000","KTEX_CAP_01",1000,Batch,Running,AutomationPilot,1.410722,56.290325095946415,MissionCache,True,"","D:\Workspace\MM\FlightSim\FlightSimProject\Artifacts\FlightSimVerification\Missions\smoke-00001000\KTEX_CAP_01-00001000"
79.790000000003914,"smoke-00001000","KTEX_CAP_01-00001000","KTEX_CAP_01",1000,Batch,Running,AutomationPilot,1.4153959999999999,56.245743240763595,MissionCache,True,"","D:\Workspace\MM\FlightSim\FlightSimProject\Artifacts\FlightSimVerification\Missions\smoke-00001000\KTEX_CAP_01-00001000"
79.990000000004017,"smoke-00001000","KTEX_CAP_01-00001000","KTEX_CAP_01",1000,Batch,Running,AutomationPilot,1.4186444,56.257931867918359,MissionCache,True,"","D:\Workspace\MM\FlightSim\FlightSimProject\Artifacts\FlightSimVerification\Missions\smoke-00001000\KTEX_CAP_01-00001000"
80.190000000004119,"smoke-00001000","KTEX_CAP_01-00001000","KTEX_CAP_01",1000,Batch,Running,AutomationPilot,1.421756,56.275479055480709,MissionCache,True,"","D:\Workspace\MM\FlightSim\FlightSimProject\Artifacts\FlightSimVerification\Missions\smoke-00001000\KTEX_CAP_01-00001000"
80.390000000004221,"smoke-00001000","KTEX_CAP_01-00001000","KTEX_CAP_01",1000,Batch,Running,AutomationPilot,1.4250802,56.284551564188547,MissionCache,True,"","D:\Workspace\MM\FlightSim\FlightSimProject\Artifacts\FlightSimVerification\Missions\smoke-00001000\KTEX_CAP_01-00001000"
80.590000000004324,"smoke-00001000","KTEX_CAP_01-00001000","KTEX_CAP_01",1000,Batch,Running,AutomationPilot,1.4283773,56.294649879975154,MissionCache,True,"","D:\Workspace\MM\FlightSim\FlightSimProject\Artifacts\FlightSimVerification\Missions\smoke-00001000\KTEX_CAP_01-00001000"
80.790000000004426,"smoke-00001000","KTEX_CAP_01-00001000","KTEX_CAP_01",1000,Batch,Running,AutomationPilot,1.4315350999999998,56.310180588659222,MissionCache,True,"","D:\Workspace\MM\FlightSim\FlightSimProject\Artifacts\FlightSimVerification\Missions\smoke-00001000\KTEX_CAP_01-00001000"
80.990000000004528,"smoke-00001000","KTEX_CAP_01-00001000","KTEX_CAP_01",1000,Batch,Running,AutomationPilot,1.4359342,56.2769519661865,MissionCache,True,"","D:\Workspace\MM\FlightSim\FlightSimProject\Artifacts\FlightSimVerification\Missions\smoke-00001000\KTEX_CAP_01-00001000"
81.19000000000463,"smoke-00001000","KTEX_CAP_01-00001000","KTEX_CAP_01",1000,Batch,Running,AutomationPilot,1.4390676,56.29339441733282,MissionCache,True,"","D:\Workspace\MM\FlightSim\FlightSimProject\Artifacts\FlightSimVerification\Missions\smoke-00001000\KTEX_CAP_01-00001000"
81.390000000004733,"smoke-00001000","KTEX_CAP_01-00001000","KTEX_CAP_01",1000,Batch,Running,AutomationPilot,1.4424252,56.301013043868508,MissionCache,True,"","D:\Workspace\MM\FlightSim\FlightSimProject\Artifacts\FlightSimVerification\Missions\smoke-00001000\KTEX_CAP_01-00001000"
81.590000000004835,"smoke-00001000","KTEX_CAP_01-00001000","KTEX_CAP_01",1000,Batch,Running,AutomationPilot,1.4457281,56.310726754224909,MissionCache,True,"","D:\Workspace\MM\FlightSim\FlightSimProject\Artifacts\FlightSimVerification\Missions\smoke-00001000\KTEX_CAP_01-00001000"
81.790000000004937,"smoke-00001000","KTEX_CAP_01-00001000","KTEX_CAP_01",1000,Batch,Running,AutomationPilot,1.4489104,56.325084007958566,MissionCache,True,"","D:\Workspace\MM\FlightSim\FlightSimProject\Artifacts\FlightSimVerification\Missions\smoke-00001000\KTEX_CAP_01-00001000"
81.99000000000504,"smoke-00001000","KTEX_CAP_01-00001000","KTEX_CAP_01",1000,Batch,Running,AutomationPilot,1.4520975999999999,56.339188219858606,MissionCache,True,"","D:\Workspace\MM\FlightSim\FlightSimProject\Artifacts\FlightSimVerification\Missions\smoke-00001000\KTEX_CAP_01-00001000"
82.190000000005142,"smoke-00001000","KTEX_CAP_01-00001000","KTEX_CAP_01",1000,Batch,Running,AutomationPilot,1.455276,56.3535714187584,MissionCache,True,"","D:\Workspace\MM\FlightSim\FlightSimProject\Artifacts\FlightSimVerification\Missions\smoke-00001000\KTEX_CAP_01-00001000"
82.390000000005244,"smoke-00001000","KTEX_CAP_01-00001000","KTEX_CAP_01",1000,Batch,Running,AutomationPilot,1.4610697,56.266993970243277,MissionCache,True,"","D:\Workspace\MM\FlightSim\FlightSimProject\Artifacts\FlightSimVerification\Missions\smoke-00001000\KTEX_CAP_01-00001000"
82.590000000005347,"smoke-00001000","KTEX_CAP_01-00001000","KTEX_CAP_01",1000,Batch,Running,AutomationPilot,1.4662526999999999,56.2045000837886,MissionCache,True,"","D:\Workspace\MM\FlightSim\FlightSimProject\Artifacts\FlightSimVerification\Missions\smoke-00001000\KTEX_CAP_01-00001000"
82.790000000005449,"smoke-00001000","KTEX_CAP_01-00001000","KTEX_CAP_01",1000,Batch,Running,AutomationPilot,1.471504,56.139840598466172,MissionCache,True,"","D:\Workspace\MM\FlightSim\FlightSimProject\Artifacts\FlightSimVerification\Missions\smoke-00001000\KTEX_CAP_01-00001000"
82.990000000005551,"smoke-00001000","KTEX_CAP_01-00001000","KTEX_CAP_01",1000,Batch,Running,AutomationPilot,1.4759729,56.1053661622144,MissionCache,True,"","D:\Workspace\MM\FlightSim\FlightSimProject\Artifacts\FlightSimVerification\Missions\smoke-00001000\KTEX_CAP_01-00001000"
83.190000000005654,"smoke-00001000","KTEX_CAP_01-00001000","KTEX_CAP_01",1000,Batch,Running,AutomationPilot,1.4791573999999998,56.119788198338846,MissionCache,True,"","D:\Workspace\MM\FlightSim\FlightSimProject\Artifacts\FlightSimVerification\Missions\smoke-00001000\KTEX_CAP_01-00001000"
83.390000000005756,"smoke-00001000","KTEX_CAP_01-00001000","KTEX_CAP_01",1000,Batch,Running,AutomationPilot,1.4822993999999998,56.135757728840524,MissionCache,True,"","D:\Workspace\MM\FlightSim\FlightSimProject\Artifacts\FlightSimVerification\Missions\smoke-00001000\KTEX_CAP_01-00001000"
83.590000000005858,"smoke-00001000","KTEX_CAP_01-00001000","KTEX_CAP_01",1000,Batch,Running,AutomationPilot,1.4871778,56.0860981114738,MissionCache,True,"","D:\Workspace\MM\FlightSim\FlightSimProject\Artifacts\FlightSimVerification\Missions\smoke-00001000\KTEX_CAP_01-00001000"
83.790000000005961,"smoke-00001000","KTEX_CAP_01-00001000","KTEX_CAP_01",1000,Batch,Running,AutomationPilot,1.4903701,56.100159282587505,MissionCache,True,"","D:\Workspace\MM\FlightSim\FlightSimProject\Artifacts\FlightSimVerification\Missions\smoke-00001000\KTEX_CAP_01-00001000"
83.990000000006063,"smoke-00001000","KTEX_CAP_01-00001000","KTEX_CAP_01",1000,Batch,Running,AutomationPilot,1.4936539,56.11072283880889,MissionCache,True,"","D:\Workspace\MM\FlightSim\FlightSimProject\Artifacts\FlightSimVerification\Missions\smoke-00001000\KTEX_CAP_01-00001000"
84.190000000006165,"smoke-00001000","KTEX_CAP_01-00001000","KTEX_CAP_01",1000,Batch,Running,AutomationPilot,1.4969842,56.119496785608071,MissionCache,True,"","D:\Workspace\MM\FlightSim\FlightSimProject\Artifacts\FlightSimVerification\Missions\smoke-00001000\KTEX_CAP_01-00001000"
84.390000000006268,"smoke-00001000","KTEX_CAP_01-00001000","KTEX_CAP_01",1000,Batch,Running,AutomationPilot,1.5001512,56.13434165836496,MissionCache,True,"","D:\Workspace\MM\FlightSim\FlightSimProject\Artifacts\FlightSimVerification\Missions\smoke-00001000\KTEX_CAP_01-00001000"
84.59000000000637,"smoke-00001000","KTEX_CAP_01-00001000","KTEX_CAP_01",1000,Batch,Running,AutomationPilot,1.5035325,56.141120993398069,MissionCache,True,"","D:\Workspace\MM\FlightSim\FlightSimProject\Artifacts\FlightSimVerification\Missions\smoke-00001000\KTEX_CAP_01-00001000"
84.790000000006472,"smoke-00001000","KTEX_CAP_01-00001000","KTEX_CAP_01",1000,Batch,Running,AutomationPilot,1.506668,56.157029949535257,MissionCache,True,"","D:\Workspace\MM\FlightSim\FlightSimProject\Artifacts\FlightSimVerification\Missions\smoke-00001000\KTEX_CAP_01-00001000"
84.990000000006575,"smoke-00001000","KTEX_CAP_01-00001000","KTEX_CAP_01",1000,Batch,Running,AutomationPilot,1.5130955,56.050659062832771,MissionCache,True,"","D:\Workspace\MM\FlightSim\FlightSimProject\Artifacts\FlightSimVerification\Missions\smoke-00001000\KTEX_CAP_01-00001000"
85.190000000006677,"smoke-00001000","KTEX_CAP_01-00001000","KTEX_CAP_01",1000,Batch,Running,AutomationPilot,1.5162776,56.064931645766308,MissionCache,True,"","D:\Workspace\MM\FlightSim\FlightSimProject\Artifacts\FlightSimVerification\Missions\smoke-00001000\KTEX_CAP_01-00001000"
85.390000000006779,"smoke-00001000","KTEX_CAP_01-00001000","KTEX_CAP_01",1000,Batch,Running,AutomationPilot,1.519647,56.072232564540769,MissionCache,True,"","D:\Workspace\MM\FlightSim\FlightSimProject\Artifacts\FlightSimVerification\Missions\smoke-00001000\KTEX_CAP_01-00001000"
85.590000000006881,"smoke-00001000","KTEX_CAP_01-00001000","KTEX_CAP_01",1000,Batch,Running,AutomationPilot,1.5227826999999998,56.088107646617473,MissionCache,True,"","D:\Workspace\MM\FlightSim\FlightSimProject\Artifacts\FlightSimVerification\Missions\smoke-00001000\KTEX_CAP_01-00001000"
85.790000000006984,"smoke-00001000","KTEX_CAP_01-00001000","KTEX_CAP_01",1000,Batch,Running,AutomationPilot,1.5263171,56.089262185431124,MissionCache,True,"","D:\Workspace\MM\FlightSim\FlightSimProject\Artifacts\FlightSimVerification\Missions\smoke-00001000\KTEX_CAP_01-00001000"
85.990000000007086,"smoke-00001000","KTEX_CAP_01-00001000","KTEX_CAP_01",1000,Batch,Running,AutomationPilot,1.5294826,56.103939985984148,MissionCache,True,"","D:\Workspace\MM\FlightSim\FlightSimProject\Artifacts\FlightSimVerification\Missions\smoke-00001000\KTEX_CAP_01-00001000"
86.190000000007188,"smoke-00001000","KTEX_CAP_01-00001000","KTEX_CAP_01",1000,Batch,Running,AutomationPilot,1.5335872,56.084192669322682,MissionCache,True,"","D:\Workspace\MM\FlightSim\FlightSimProject\Artifacts\FlightSimVerification\Missions\smoke-00001000\KTEX_CAP_01-00001000"
86.390000000007291,"smoke-00001000","KTEX_CAP_01-00001000","KTEX_CAP_01",1000,Batch,Running,AutomationPilot,1.5368537999999998,56.095121084391508,MissionCache,True,"","D:\Workspace\MM\FlightSim\FlightSimProject\Artifacts\FlightSimVerification\Missions\smoke-00001000\KTEX_CAP_01-00001000"
86.5900000000074,"smoke-00001000","KTEX_CAP_01-00001000","KTEX_CAP_01",1000,Batch,Running,AutomationPilot,1.5399812,56.111074602733659,MissionCache,True,"","D:\Workspace\MM\FlightSim\FlightSimProject\Artifacts\FlightSimVerification\Missions\smoke-00001000\KTEX_CAP_01-00001000"
86.7900000000075,"smoke-00001000","KTEX_CAP_01-00001000","KTEX_CAP_01",1000,Batch,Running,AutomationPilot,1.5431632,56.124977578526632,MissionCache,True,"","D:\Workspace\MM\FlightSim\FlightSimProject\Artifacts\FlightSimVerification\Missions\smoke-00001000\KTEX_CAP_01-00001000"
86.9900000000076,"smoke-00001000","KTEX_CAP_01-00001000","KTEX_CAP_01",1000,Batch,Running,AutomationPilot,1.5463612,56.138242475307521,MissionCache,True,"","D:\Workspace\MM\FlightSim\FlightSimProject\Artifacts\FlightSimVerification\Missions\smoke-00001000\KTEX_CAP_01-00001000"
87.1900000000077,"smoke-00001000","KTEX_CAP_01-00001000","KTEX_CAP_01",1000,Batch,Running,AutomationPilot,1.5497161,56.145767602212828,MissionCache,True,"","D:\Workspace\MM\FlightSim\FlightSimProject\Artifacts\FlightSimVerification\Missions\smoke-00001000\KTEX_CAP_01-00001000"
87.3900000000078,"smoke-00001000","KTEX_CAP_01-00001000","KTEX_CAP_01",1000,Batch,Running,AutomationPilot,1.5545596,56.099489527456981,MissionCache,True,"","D:\Workspace\MM\FlightSim\FlightSimProject\Artifacts\FlightSimVerification\Missions\smoke-00001000\KTEX_CAP_01-00001000"
87.5900000000079,"smoke-00001000","KTEX_CAP_01-00001000","KTEX_CAP_01",1000,Batch,Running,AutomationPilot,1.558609,56.082057783579984,MissionCache,True,"","D:\Workspace\MM\FlightSim\FlightSimProject\Artifacts\FlightSimVerification\Missions\smoke-00001000\KTEX_CAP_01-00001000"
87.790000000008,"smoke-00001000","KTEX_CAP_01-00001000","KTEX_CAP_01",1000,Batch,Running,AutomationPilot,1.5618016,56.09547333029235,MissionCache,True,"","D:\Workspace\MM\FlightSim\FlightSimProject\Artifacts\FlightSimVerification\Missions\smoke-00001000\KTEX_CAP_01-00001000"
87.990000000008109,"smoke-00001000","KTEX_CAP_01-00001000","KTEX_CAP_01",1000,Batch,Running,AutomationPilot,1.5650682,56.106181187508646,MissionCache,True,"","D:\Workspace\MM\FlightSim\FlightSimProject\Artifacts\FlightSimVerification\Missions\smoke-00001000\KTEX_CAP_01-00001000"
88.190000000008212,"smoke-00001000","KTEX_CAP_01-00001000","KTEX_CAP_01",1000,Batch,Running,AutomationPilot,1.5683532999999998,56.116182495365123,MissionCache,True,"","D:\Workspace\MM\FlightSim\FlightSimProject\Artifacts\FlightSimVerification\Missions\smoke-00001000\KTEX_CAP_01-00001000"
88.390000000008314,"smoke-00001000","KTEX_CAP_01-00001000","KTEX_CAP_01",1000,Batch,Running,AutomationPilot,1.5716786,56.124706412626743,MissionCache,True,"","D:\Workspace\MM\FlightSim\FlightSimProject\Artifacts\FlightSimVerification\Missions\smoke-00001000\KTEX_CAP_01-00001000"
88.590000000008416,"smoke-00001000","KTEX_CAP_01-00001000","KTEX_CAP_01",1000,Batch,Running,AutomationPilot,1.5752633999999999,56.123947271299727,MissionCache,True,"","D:\Workspace\MM\FlightSim\FlightSimProject\Artifacts\FlightSimVerification\Missions\smoke-00001000\KTEX_CAP_01-00001000"
88.790000000008519,"smoke-00001000","KTEX_CAP_01-00001000","KTEX_CAP_01",1000,Batch,Running,AutomationPilot,1.5805661,56.062191894415825,MissionCache,True,"","D:\Workspace\MM\FlightSim\FlightSimProject\Artifacts\FlightSimVerification\Missions\smoke-00001000\KTEX_CAP_01-00001000"
88.990000000008621,"smoke-00001000","KTEX_CAP_01-00001000","KTEX_CAP_01",1000,Batch,Running,AutomationPilot,1.5851882,56.024893447988404,MissionCache,True,"","D:\Workspace\MM\FlightSim\FlightSimProject\Artifacts\FlightSimVerification\Missions\smoke-00001000\KTEX_CAP_01-00001000"
89.190000000008723,"smoke-00001000","KTEX_CAP_01-00001000","KTEX_CAP_01",1000,Batch,Running,AutomationPilot,1.5904862,55.9640190527957,MissionCache,True,"","D:\Workspace\MM\FlightSim\FlightSimProject\Artifacts\FlightSimVerification\Missions\smoke-00001000\KTEX_CAP_01-00001000"
89.390000000008826,"smoke-00001000","KTEX_CAP_01-00001000","KTEX_CAP_01",1000,Batch,Running,AutomationPilot,1.595135,55.926300908706,MissionCache,True,"","D:\Workspace\MM\FlightSim\FlightSimProject\Artifacts\FlightSimVerification\Missions\smoke-00001000\KTEX_CAP_01-00001000"
89.590000000008928,"smoke-00001000","KTEX_CAP_01-00001000","KTEX_CAP_01",1000,Batch,Running,AutomationPilot,1.5986558,55.928236709871406,MissionCache,True,"","D:\Workspace\MM\FlightSim\FlightSimProject\Artifacts\FlightSimVerification\Missions\smoke-00001000\KTEX_CAP_01-00001000"
89.79000000000903,"smoke-00001000","KTEX_CAP_01-00001000","KTEX_CAP_01",1000,Batch,Running,AutomationPilot,1.6019599,55.9377297771367,MissionCache,True,"","D:\Workspace\MM\FlightSim\FlightSimProject\Artifacts\FlightSimVerification\Missions\smoke-00001000\KTEX_CAP_01-00001000"
89.990000000009132,"smoke-00001000","KTEX_CAP_01-00001000","KTEX_CAP_01",1000,Batch,Running,AutomationPilot,1.6051391,55.951537159620024,MissionCache,True,"","D:\Workspace\MM\FlightSim\FlightSimProject\Artifacts\FlightSimVerification\Missions\smoke-00001000\KTEX_CAP_01-00001000"
90.190000000009235,"smoke-00001000","KTEX_CAP_01-00001000","KTEX_CAP_01",1000,Batch,Running,AutomationPilot,1.6094023,55.927594983559516,MissionCache,True,"","D:\Workspace\MM\FlightSim\FlightSimProject\Artifacts\FlightSimVerification\Missions\smoke-00001000\KTEX_CAP_01-00001000"
90.390000000009337,"smoke-00001000","KTEX_CAP_01-00001000","KTEX_CAP_01",1000,Batch,Running,AutomationPilot,1.6127181,55.936620293409774,MissionCache,True,"","D:\Workspace\MM\FlightSim\FlightSimProject\Artifacts\FlightSimVerification\Missions\smoke-00001000\KTEX_CAP_01-00001000"
90.590000000009439,"smoke-00001000","KTEX_CAP_01-00001000","KTEX_CAP_01",1000,Batch,Running,AutomationPilot,1.617093,55.908967511459977,MissionCache,True,"","D:\Workspace\MM\FlightSim\FlightSimProject\Artifacts\FlightSimVerification\Missions\smoke-00001000\KTEX_CAP_01-00001000"
90.790000000009542,"smoke-00001000","KTEX_CAP_01-00001000","KTEX_CAP_01",1000,Batch,Running,AutomationPilot,1.6223512999999998,55.851035469327428,MissionCache,True,"","D:\Workspace\MM\FlightSim\FlightSimProject\Artifacts\FlightSimVerification\Missions\smoke-00001000\KTEX_CAP_01-00001000"
90.990000000009644,"smoke-00001000","KTEX_CAP_01-00001000","KTEX_CAP_01",1000,Batch,Running,AutomationPilot,1.6263961,55.835106835296486,MissionCache,True,"","D:\Workspace\MM\FlightSim\FlightSimProject\Artifacts\FlightSimVerification\Missions\smoke-00001000\KTEX_CAP_01-00001000"
91.190000000009746,"smoke-00001000","KTEX_CAP_01-00001000","KTEX_CAP_01",1000,Batch,Running,AutomationPilot,1.6315018,55.782960214944083,MissionCache,True,"","D:\Workspace\MM\FlightSim\FlightSimProject\Artifacts\FlightSimVerification\Missions\smoke-00001000\KTEX_CAP_01-00001000"
91.390000000009849,"smoke-00001000","KTEX_CAP_01-00001000","KTEX_CAP_01",1000,Batch,Running,AutomationPilot,1.6361134,55.747969547838039,MissionCache,True,"","D:\Workspace\MM\FlightSim\FlightSimProject\Artifacts\FlightSimVerification\Missions\smoke-00001000\KTEX_CAP_01-00001000"
91.590000000009951,"smoke-00001000","KTEX_CAP_01-00001000","KTEX_CAP_01",1000,Batch,Running,AutomationPilot,1.6402503,55.729299363645815,MissionCache,True,"","D:\Workspace\MM\FlightSim\FlightSimProject\Artifacts\FlightSimVerification\Missions\smoke-00001000\KTEX_CAP_01-00001000"
91.790000000010053,"smoke-00001000","KTEX_CAP_01-00001000","KTEX_CAP_01",1000,Batch,Running,AutomationPilot,1.6434555,55.742306378243867,MissionCache,True,"","D:\Workspace\MM\FlightSim\FlightSimProject\Artifacts\FlightSimVerification\Missions\smoke-00001000\KTEX_CAP_01-00001000"
91.990000000010156,"smoke-00001000","KTEX_CAP_01-00001000","KTEX_CAP_01",1000,Batch,Running,AutomationPilot,1.6467334999999999,55.752797887460282,MissionCache,True,"","D:\Workspace\MM\FlightSim\FlightSimProject\Artifacts\FlightSimVerification\Missions\smoke-00001000\KTEX_CAP_01-00001000"
92.190000000010258,"smoke-00001000","KTEX_CAP_01-00001000","KTEX_CAP_01",1000,Batch,Running,AutomationPilot,1.6499751999999999,55.7644745205929,MissionCache,True,"","D:\Workspace\MM\FlightSim\FlightSimProject\Artifacts\FlightSimVerification\Missions\smoke-00001000\KTEX_CAP_01-00001000"
92.39000000001036,"smoke-00001000","KTEX_CAP_01-00001000","KTEX_CAP_01",1000,Batch,Running,AutomationPilot,1.6532168999999999,55.776105361619685,MissionCache,True,"","D:\Workspace\MM\FlightSim\FlightSimProject\Artifacts\FlightSimVerification\Missions\smoke-00001000\KTEX_CAP_01-00001000"
92.590000000010463,"smoke-00001000","KTEX_CAP_01-00001000","KTEX_CAP_01",1000,Batch,Running,AutomationPilot,1.6568702,55.773831891001706,MissionCache,True,"","D:\Workspace\MM\FlightSim\FlightSimProject\Artifacts\FlightSimVerification\Missions\smoke-00001000\KTEX_CAP_01-00001000"
92.790000000010565,"smoke-00001000","KTEX_CAP_01-00001000","KTEX_CAP_01",1000,Batch,Running,AutomationPilot,1.6615939,55.735640339080732,MissionCache,True,"","D:\Workspace\MM\FlightSim\FlightSimProject\Artifacts\FlightSimVerification\Missions\smoke-00001000\KTEX_CAP_01-00001000"
92.990000000010667,"smoke-00001000","KTEX_CAP_01-00001000","KTEX_CAP_01",1000,Batch,Running,AutomationPilot,1.6649812,55.742371145097962,MissionCache,True,"","D:\Workspace\MM\FlightSim\FlightSimProject\Artifacts\FlightSimVerification\Missions\smoke-00001000\KTEX_CAP_01-00001000"
93.19000000001077,"smoke-00001000","KTEX_CAP_01-00001000","KTEX_CAP_01",1000,Batch,Running,AutomationPilot,1.6681681,55.755771855372778,MissionCache,True,"","D:\Workspace\MM\FlightSim\FlightSimProject\Artifacts\FlightSimVerification\Missions\smoke-00001000\KTEX_CAP_01-00001000"
93.390000000010872,"smoke-00001000","KTEX_CAP_01-00001000","KTEX_CAP_01",1000,Batch,Running,AutomationPilot,1.6713953,55.767776779084386,MissionCache,True,"","D:\Workspace\MM\FlightSim\FlightSimProject\Artifacts\FlightSimVerification\Missions\smoke-00001000\KTEX_CAP_01-00001000"
93.590000000010974,"smoke-00001000","KTEX_CAP_01-00001000","KTEX_CAP_01",1000,Batch,Running,AutomationPilot,1.6746987999999998,55.777194084100913,MissionCache,True,"","D:\Workspace\MM\FlightSim\FlightSimProject\Artifacts\FlightSimVerification\Missions\smoke-00001000\KTEX_CAP_01-00001000"
93.790000000011077,"smoke-00001000","KTEX_CAP_01-00001000","KTEX_CAP_01",1000,Batch,Running,AutomationPilot,1.6779024,55.789895765099914,MissionCache,True,"","D:\Workspace\MM\FlightSim\FlightSimProject\Artifacts\FlightSimVerification\Missions\smoke-00001000\KTEX_CAP_01-00001000"
93.990000000011179,"smoke-00001000","KTEX_CAP_01-00001000","KTEX_CAP_01",1000,Batch,Running,AutomationPilot,1.68109,55.8030801444367,MissionCache,True,"","D:\Workspace\MM\FlightSim\FlightSimProject\Artifacts\FlightSimVerification\Missions\smoke-00001000\KTEX_CAP_01-00001000"
94.190000000011281,"smoke-00001000","KTEX_CAP_01-00001000","KTEX_CAP_01",1000,Batch,Running,AutomationPilot,1.685231,55.784637239649157,MissionCache,True,"","D:\Workspace\MM\FlightSim\FlightSimProject\Artifacts\FlightSimVerification\Missions\smoke-00001000\KTEX_CAP_01-00001000"
94.390000000011383,"smoke-00001000","KTEX_CAP_01-00001000","KTEX_CAP_01",1000,Batch,Running,AutomationPilot,1.6883833,55.798940915852043,MissionCache,True,"","D:\Workspace\MM\FlightSim\FlightSimProject\Artifacts\FlightSimVerification\Missions\smoke-00001000\KTEX_CAP_01-00001000"
94.590000000011486,"smoke-00001000","KTEX_CAP_01-00001000","KTEX_CAP_01",1000,Batch,Running,AutomationPilot,1.6929740999999998,55.765767473945054,MissionCache,True,"","D:\Workspace\MM\FlightSim\FlightSimProject\Artifacts\FlightSimVerification\Missions\smoke-00001000\KTEX_CAP_01-00001000"
94.790000000011588,"smoke-00001000","KTEX_CAP_01-00001000","KTEX_CAP_01",1000,Batch,Running,AutomationPilot,1.6969108,55.754256499523429,MissionCache,True,"","D:\Workspace\MM\FlightSim\FlightSimProject\Artifacts\FlightSimVerification\Missions\smoke-00001000\KTEX_CAP_01-00001000"
94.99000000001169,"smoke-00001000","KTEX_CAP_01-00001000","KTEX_CAP_01",1000,Batch,Running,AutomationPilot,1.7001119,55.766917459969314,MissionCache,True,"","D:\Workspace\MM\FlightSim\FlightSimProject\Artifacts\FlightSimVerification\Missions\smoke-00001000\KTEX_CAP_01-00001000"
95.190000000011793,"smoke-00001000","KTEX_CAP_01-00001000","KTEX_CAP_01",1000,Batch,Running,AutomationPilot,1.7033725,55.777582413718491,MissionCache,True,"","D:\Workspace\MM\FlightSim\FlightSimProject\Artifacts\FlightSimVerification\Missions\smoke-00001000\KTEX_CAP_01-00001000"
95.3900000000119,"smoke-00001000","KTEX_CAP_01-00001000","KTEX_CAP_01",1000,Batch,Running,AutomationPilot,1.7070398,55.77491514844106,MissionCache,True,"","D:\Workspace\MM\FlightSim\FlightSimProject\Artifacts\FlightSimVerification\Missions\smoke-00001000\KTEX_CAP_01-00001000"
95.590000000012,"smoke-00001000","KTEX_CAP_01-00001000","KTEX_CAP_01",1000,Batch,Running,AutomationPilot,1.7115091,55.7461248672367,MissionCache,True,"","D:\Workspace\MM\FlightSim\FlightSimProject\Artifacts\FlightSimVerification\Missions\smoke-00001000\KTEX_CAP_01-00001000"
95.7900000000121,"smoke-00001000","KTEX_CAP_01-00001000","KTEX_CAP_01",1000,Batch,Running,AutomationPilot,1.7147819,55.756361785724472,MissionCache,True,"","D:\Workspace\MM\FlightSim\FlightSimProject\Artifacts\FlightSimVerification\Missions\smoke-00001000\KTEX_CAP_01-00001000"
95.9900000000122,"smoke-00001000","KTEX_CAP_01-00001000","KTEX_CAP_01",1000,Batch,Running,AutomationPilot,1.7180651,55.766222129773844,MissionCache,True,"","D:\Workspace\MM\FlightSim\FlightSimProject\Artifacts\FlightSimVerification\Missions\smoke-00001000\KTEX_CAP_01-00001000"
96.1900000000123,"smoke-00001000","KTEX_CAP_01-00001000","KTEX_CAP_01",1000,Batch,Running,AutomationPilot,1.7216208,55.767216567093179,MissionCache,True,"","D:\Workspace\MM\FlightSim\FlightSimProject\Artifacts\FlightSimVerification\Missions\smoke-00001000\KTEX_CAP_01-00001000"
96.3900000000124,"smoke-00001000","KTEX_CAP_01-00001000","KTEX_CAP_01",1000,Batch,Running,AutomationPilot,1.724828,55.77947482300398,MissionCache,True,"","D:\Workspace\MM\FlightSim\FlightSimProject\Artifacts\FlightSimVerification\Missions\smoke-00001000\KTEX_CAP_01-00001000"
96.590000000012509,"smoke-00001000","KTEX_CAP_01-00001000","KTEX_CAP_01",1000,Batch,Running,AutomationPilot,1.7280331999999998,55.791752149213586,MissionCache,True,"","D:\Workspace\MM\FlightSim\FlightSimProject\Artifacts\FlightSimVerification\Missions\smoke-00001000\KTEX_CAP_01-00001000"
96.790000000012611,"smoke-00001000","KTEX_CAP_01-00001000","KTEX_CAP_01",1000,Batch,Running,AutomationPilot,1.7321023999999998,55.776148107647984,MissionCache,True,"","D:\Workspace\MM\FlightSim\FlightSimProject\Artifacts\FlightSimVerification\Missions\smoke-00001000\KTEX_CAP_01-00001000"
96.990000000012714,"smoke-00001000","KTEX_CAP_01-00001000","KTEX_CAP_01",1000,Batch,Running,AutomationPilot,1.7355588,55.7803054555182,MissionCache,True,"","D:\Workspace\MM\FlightSim\FlightSimProject\Artifacts\FlightSimVerification\Missions\smoke-00001000\KTEX_CAP_01-00001000"
97.190000000012816,"smoke-00001000","KTEX_CAP_01-00001000","KTEX_CAP_01",1000,Batch,Running,AutomationPilot,1.7389432,55.786756002158505,MissionCache,True,"","D:\Workspace\MM\FlightSim\FlightSimProject\Artifacts\FlightSimVerification\Missions\smoke-00001000\KTEX_CAP_01-00001000"
97.390000000012918,"smoke-00001000","KTEX_CAP_01-00001000","KTEX_CAP_01",1000,Batch,Running,AutomationPilot,1.7421934,55.797479200651793,MissionCache,True,"","D:\Workspace\MM\FlightSim\FlightSimProject\Artifacts\FlightSimVerification\Missions\smoke-00001000\KTEX_CAP_01-00001000"
97.590000000013021,"smoke-00001000","KTEX_CAP_01-00001000","KTEX_CAP_01",1000,Batch,Running,AutomationPilot,1.7456696999999999,55.80093416298223,MissionCache,True,"","D:\Workspace\MM\FlightSim\FlightSimProject\Artifacts\FlightSimVerification\Missions\smoke-00001000\KTEX_CAP_01-00001000"
97.790000000013123,"smoke-00001000","KTEX_CAP_01-00001000","KTEX_CAP_01",1000,Batch,Running,AutomationPilot,1.7488849,55.81270671386838,MissionCache,True,"","D:\Workspace\MM\FlightSim\FlightSimProject\Artifacts\FlightSimVerification\Missions\smoke-00001000\KTEX_CAP_01-00001000"
97.990000000013225,"smoke-00001000","KTEX_CAP_01-00001000","KTEX_CAP_01",1000,Batch,Running,AutomationPilot,1.7526655,55.806427410143655,MissionCache,True,"","D:\Workspace\MM\FlightSim\FlightSimProject\Artifacts\FlightSimVerification\Missions\smoke-00001000\KTEX_CAP_01-00001000"
98.190000000013328,"smoke-00001000","KTEX_CAP_01-00001000","KTEX_CAP_01",1000,Batch,Running,AutomationPilot,1.7573858,55.770337964500015,MissionCache,True,"","D:\Workspace\MM\FlightSim\FlightSimProject\Artifacts\FlightSimVerification\Missions\smoke-00001000\KTEX_CAP_01-00001000"
98.39000000001343,"smoke-00001000","KTEX_CAP_01-00001000","KTEX_CAP_01",1000,Batch,Running,AutomationPilot,1.7606285,55.7812167643619,MissionCache,True,"","D:\Workspace\MM\FlightSim\FlightSimProject\Artifacts\FlightSimVerification\Missions\smoke-00001000\KTEX_CAP_01-00001000"
98.590000000013532,"smoke-00001000","KTEX_CAP_01-00001000","KTEX_CAP_01",1000,Batch,Running,AutomationPilot,1.7638787999999999,55.791815174610321,MissionCache,True,"","D:\Workspace\MM\FlightSim\FlightSimProject\Artifacts\FlightSimVerification\Missions\smoke-00001000\KTEX_CAP_01-00001000"
98.790000000013634,"smoke-00001000","KTEX_CAP_01-00001000","KTEX_CAP_01",1000,Batch,Running,AutomationPilot,1.7673005,55.796962655764283,MissionCache,True,"","D:\Workspace\MM\FlightSim\FlightSimProject\Artifacts\FlightSimVerification\Missions\smoke-00001000\KTEX_CAP_01-00001000"
98.990000000013737,"smoke-00001000","KTEX_CAP_01-00001000","KTEX_CAP_01",1000,Batch,Running,AutomationPilot,1.7705756,55.806710540918814,MissionCache,True,"","D:\Workspace\MM\FlightSim\FlightSimProject\Artifacts\FlightSimVerification\Missions\smoke-00001000\KTEX_CAP_01-00001000"
99.190000000013839,"smoke-00001000","KTEX_CAP_01-00001000","KTEX_CAP_01",1000,Batch,Running,AutomationPilot,1.7737912,55.818294735036318,MissionCache,True,"","D:\Workspace\MM\FlightSim\FlightSimProject\Artifacts\FlightSimVerification\Missions\smoke-00001000\KTEX_CAP_01-00001000"
99.390000000013941,"smoke-00001000","KTEX_CAP_01-00001000","KTEX_CAP_01",1000,Batch,Running,AutomationPilot,1.7780051,55.798490116824667,MissionCache,True,"","D:\Workspace\MM\FlightSim\FlightSimProject\Artifacts\FlightSimVerification\Missions\smoke-00001000\KTEX_CAP_01-00001000"
99.590000000014044,"smoke-00001000","KTEX_CAP_01-00001000","KTEX_CAP_01",1000,Batch,Running,AutomationPilot,1.7812941999999998,55.807737991856683,MissionCache,True,"","D:\Workspace\MM\FlightSim\FlightSimProject\Artifacts\FlightSimVerification\Missions\smoke-00001000\KTEX_CAP_01-00001000"
99.790000000014146,"smoke-00001000","KTEX_CAP_01-00001000","KTEX_CAP_01",1000,Batch,Running,AutomationPilot,1.7845373,55.818390571053939,MissionCache,True,"","D:\Workspace\MM\FlightSim\FlightSimProject\Artifacts\FlightSimVerification\Missions\smoke-00001000\KTEX_CAP_01-00001000"
99.990000000014248,"smoke-00001000","KTEX_CAP_01-00001000","KTEX_CAP_01",1000,Batch,Running,AutomationPilot,1.787709,55.83123427806995,MissionCache,True,"","D:\Workspace\MM\FlightSim\FlightSimProject\Artifacts\FlightSimVerification\Missions\smoke-00001000\KTEX_CAP_01-00001000"
100.19000000001435,"smoke-00001000","KTEX_CAP_01-00001000","KTEX_CAP_01",1000,Batch,Running,AutomationPilot,1.7908846999999999,55.843907762467495,MissionCache,True,"","D:\Workspace\MM\FlightSim\FlightSimProject\Artifacts\FlightSimVerification\Missions\smoke-00001000\KTEX_CAP_01-00001000"
100.39000000001445,"smoke-00001000","KTEX_CAP_01-00001000","KTEX_CAP_01",1000,Batch,Running,AutomationPilot,1.7941418999999998,55.853999062178062,MissionCache,True,"","D:\Workspace\MM\FlightSim\FlightSimProject\Artifacts\FlightSimVerification\Missions\smoke-00001000\KTEX_CAP_01-00001000"
100.59000000001456,"smoke-00001000","KTEX_CAP_01-00001000","KTEX_CAP_01",1000,Batch,Running,AutomationPilot,1.7973487,55.865620288380583,MissionCache,True,"","D:\Workspace\MM\FlightSim\FlightSimProject\Artifacts\FlightSimVerification\Missions\smoke-00001000\KTEX_CAP_01-00001000"
100.79000000001466,"smoke-00001000","KTEX_CAP_01-00001000","KTEX_CAP_01",1000,Batch,Running,AutomationPilot,1.8014615999999999,55.849094979329323,MissionCache,True,"","D:\Workspace\MM\FlightSim\FlightSimProject\Artifacts\FlightSimVerification\Missions\smoke-00001000\KTEX_CAP_01-00001000"
100.99000000001476,"smoke-00001000","KTEX_CAP_01-00001000","KTEX_CAP_01",1000,Batch,Running,AutomationPilot,1.8046105,55.86247004548332,MissionCache,True,"","D:\Workspace\MM\FlightSim\FlightSimProject\Artifacts\FlightSimVerification\Missions\smoke-00001000\KTEX_CAP_01-00001000"
101.19000000001486,"smoke-00001000","KTEX_CAP_01-00001000","KTEX_CAP_01",1000,Batch,Running,AutomationPilot,1.807806,55.874358199947764,MissionCache,True,"","D:\Workspace\MM\FlightSim\FlightSimProject\Artifacts\FlightSimVerification\Missions\smoke-00001000\KTEX_CAP_01-00001000"
101.39000000001496,"smoke-00001000","KTEX_CAP_01-00001000","KTEX_CAP_01",1000,Batch,Running,AutomationPilot,1.8111163,55.882661980357021,MissionCache,True,"","D:\Workspace\MM\FlightSim\FlightSimProject\Artifacts\FlightSimVerification\Missions\smoke-00001000\KTEX_CAP_01-00001000"
101.59000000001507,"smoke-00001000","KTEX_CAP_01-00001000","KTEX_CAP_01",1000,Batch,Running,AutomationPilot,1.8146472,55.884141005488544,MissionCache,True,"","D:\Workspace\MM\FlightSim\FlightSimProject\Artifacts\FlightSimVerification\Missions\smoke-00001000\KTEX_CAP_01-00001000"
101.79000000001517,"smoke-00001000","KTEX_CAP_01-00001000","KTEX_CAP_01",1000,Batch,Running,AutomationPilot,1.817801,55.897207670154806,MissionCache,True,"","D:\Workspace\MM\FlightSim\FlightSimProject\Artifacts\FlightSimVerification\Missions\smoke-00001000\KTEX_CAP_01-00001000"
101.99000000001527,"smoke-00001000","KTEX_CAP_01-00001000","KTEX_CAP_01",1000,Batch,Running,AutomationPilot,1.8209853999999999,55.909289552796629,MissionCache,True,"","D:\Workspace\MM\FlightSim\FlightSimProject\Artifacts\FlightSimVerification\Missions\smoke-00001000\KTEX_CAP_01-00001000"
102.19000000001537,"smoke-00001000","KTEX_CAP_01-00001000","KTEX_CAP_01",1000,Batch,Running,AutomationPilot,1.8253985,55.88368786323386,MissionCache,True,"","D:\Workspace\MM\FlightSim\FlightSimProject\Artifacts\FlightSimVerification\Missions\smoke-00001000\KTEX_CAP_01-00001000"
102.39000000001548,"smoke-00001000","KTEX_CAP_01-00001000","KTEX_CAP_01",1000,Batch,Running,AutomationPilot,1.8287704,55.890012218053933,MissionCache,True,"","D:\Workspace\MM\FlightSim\FlightSimProject\Artifacts\FlightSimVerification\Missions\smoke-00001000\KTEX_CAP_01-00001000"
102.59000000001558,"smoke-00001000","KTEX_CAP_01-00001000","KTEX_CAP_01",1000,Batch,Running,AutomationPilot,1.8321466,55.896182106833315,MissionCache,True,"","D:\Workspace\MM\FlightSim\FlightSimProject\Artifacts\FlightSimVerification\Missions\smoke-00001000\KTEX_CAP_01-00001000"
102.79000000001568,"smoke-00001000","KTEX_CAP_01-00001000","KTEX_CAP_01",1000,Batch,Running,AutomationPilot,1.8355004,55.903011516649954,MissionCache,True,"","D:\Workspace\MM\FlightSim\FlightSimProject\Artifacts\FlightSimVerification\Missions\smoke-00001000\KTEX_CAP_01-00001000"
102.99000000001578,"smoke-00001000","KTEX_CAP_01-00001000","KTEX_CAP_01",1000,Batch,Running,AutomationPilot,1.8386396999999999,55.916338584452241,MissionCache,True,"","D:\Workspace\MM\FlightSim\FlightSimProject\Artifacts\FlightSimVerification\Missions\smoke-00001000\KTEX_CAP_01-00001000"
103.19000000001589,"smoke-00001000","KTEX_CAP_01-00001000","KTEX_CAP_01",1000,Batch,Running,AutomationPilot,1.8418823,55.926483467491813,MissionCache,True,"","D:\Workspace\MM\FlightSim\FlightSimProject\Artifacts\FlightSimVerification\Missions\smoke-00001000\KTEX_CAP_01-00001000"
103.39000000001599,"smoke-00001000","KTEX_CAP_01-00001000","KTEX_CAP_01",1000,Batch,Running,AutomationPilot,1.8462798,55.901602779825623,MissionCache,True,"","D:\Workspace\MM\FlightSim\FlightSimProject\Artifacts\FlightSimVerification\Missions\smoke-00001000\KTEX_CAP_01-00001000"
103.59000000001609,"smoke-00001000","KTEX_CAP_01-00001000","KTEX_CAP_01",1000,Batch,Running,AutomationPilot,1.8495346,55.911362782840612,MissionCache,True,"","D:\Workspace\MM\FlightSim\FlightSimProject\Artifacts\FlightSimVerification\Missions\smoke-00001000\KTEX_CAP_01-00001000"
103.79000000001619,"smoke-00001000","KTEX_CAP_01-00001000","KTEX_CAP_01",1000,Batch,Running,AutomationPilot,1.8526756999999998,55.924520411217195,MissionCache,True,"","D:\Workspace\MM\FlightSim\FlightSimProject\Artifacts\FlightSimVerification\Missions\smoke-00001000\KTEX_CAP_01-00001000"
103.99000000001629,"smoke-00001000","KTEX_CAP_01-00001000","KTEX_CAP_01",1000,Batch,Running,AutomationPilot,1.8571818999999998,55.8965171909204,MissionCache,True,"","D:\Workspace\MM\FlightSim\FlightSimProject\Artifacts\FlightSimVerification\Missions\smoke-00001000\KTEX_CAP_01-00001000"
104.1900000000164,"smoke-00001000","KTEX_CAP_01-00001000","KTEX_CAP_01",1000,Batch,Running,AutomationPilot,1.8615225,55.873619577532,MissionCache,True,"","D:\Workspace\MM\FlightSim\FlightSimProject\Artifacts\FlightSimVerification\Missions\smoke-00001000\KTEX_CAP_01-00001000"
104.3900000000165,"smoke-00001000","KTEX_CAP_01-00001000","KTEX_CAP_01",1000,Batch,Running,AutomationPilot,1.8648201999999998,55.882063053594344,MissionCache,True,"","D:\Workspace\MM\FlightSim\FlightSimProject\Artifacts\FlightSimVerification\Missions\smoke-00001000\KTEX_CAP_01-00001000"
104.5900000000166,"smoke-00001000","KTEX_CAP_01-00001000","KTEX_CAP_01",1000,Batch,Running,AutomationPilot,1.8680074,55.89378286189686,MissionCache,True,"","D:\Workspace\MM\FlightSim\FlightSimProject\Artifacts\FlightSimVerification\Missions\smoke-00001000\KTEX_CAP_01-00001000"
104.7900000000167,"smoke-00001000","KTEX_CAP_01-00001000","KTEX_CAP_01",1000,Batch,Running,AutomationPilot,1.8722413,55.874208094873566,MissionCache,True,"","D:\Workspace\MM\FlightSim\FlightSimProject\Artifacts\FlightSimVerification\Missions\smoke-00001000\KTEX_CAP_01-00001000"
104.99000000001681,"smoke-00001000","KTEX_CAP_01-00001000","KTEX_CAP_01",1000,Batch,Running,AutomationPilot,1.8762024,55.862842942753254,MissionCache,True,"","D:\Workspace\MM\FlightSim\FlightSimProject\Artifacts\FlightSimVerification\Missions\smoke-00001000\KTEX_CAP_01-00001000"
105.19000000001691,"smoke-00001000","KTEX_CAP_01-00001000","KTEX_CAP_01",1000,Batch,Running,AutomationPilot,1.8794914999999999,55.871495029382586,MissionCache,True,"","D:\Workspace\MM\FlightSim\FlightSimProject\Artifacts\FlightSimVerification\Missions\smoke-00001000\KTEX_CAP_01-00001000"
105.39000000001701,"smoke-00001000","KTEX_CAP_01-00001000","KTEX_CAP_01",1000,Batch,Running,AutomationPilot,1.8826490999999999,55.88402002264624,MissionCache,True,"","D:\Workspace\MM\FlightSim\FlightSimProject\Artifacts\FlightSimVerification\Missions\smoke-00001000\KTEX_CAP_01-00001000"
105.59000000001711,"smoke-00001000","KTEX_CAP_01-00001000","KTEX_CAP_01",1000,Batch,Running,AutomationPilot,1.8859407,55.892531509615878,MissionCache,True,"","D:\Workspace\MM\FlightSim\FlightSimProject\Artifacts\FlightSimVerification\Missions\smoke-00001000\KTEX_CAP_01-00001000"
105.79000000001722,"smoke-00001000","KTEX_CAP_01-00001000","KTEX_CAP_01",1000,Batch,Running,AutomationPilot,1.8891593,55.903173438056349,MissionCache,True,"","D:\Workspace\MM\FlightSim\FlightSimProject\Artifacts\FlightSimVerification\Missions\smoke-00001000\KTEX_CAP_01-00001000"
105.99000000001732,"smoke-00001000","KTEX_CAP_01-00001000","KTEX_CAP_01",1000,Batch,Running,AutomationPilot,1.8923854999999998,55.913554611371325,MissionCache,True,"","D:\Workspace\MM\FlightSim\FlightSimProject\Artifacts\FlightSimVerification\Missions\smoke-00001000\KTEX_CAP_01-00001000"
106.19000000001742,"smoke-00001000","KTEX_CAP_01-00001000","KTEX_CAP_01",1000,Batch,Running,AutomationPilot,1.8963648,55.9016914889041,MissionCache,True,"","D:\Workspace\MM\FlightSim\FlightSimProject\Artifacts\FlightSimVerification\Missions\smoke-00001000\KTEX_CAP_01-00001000"
106.39000000001752,"smoke-00001000","KTEX_CAP_01-00001000","KTEX_CAP_01",1000,Batch,Running,AutomationPilot,1.8993102,55.920302012813615,MissionCache,True,"","D:\Workspace\MM\FlightSim\FlightSimProject\Artifacts\FlightSimVerification\Missions\smoke-00001000\KTEX_CAP_01-00001000"
106.59000000001762,"smoke-00001000","KTEX_CAP_01-00001000","KTEX_CAP_01",1000,Batch,Running,AutomationPilot,1.9023131,55.937164076732444,MissionCache,True,"","D:\Workspace\MM\FlightSim\FlightSimProject\Artifacts\FlightSimVerification\Missions\smoke-00001000\KTEX_CAP_01-00001000"
106.79000000001773,"smoke-00001000","KTEX_CAP_01-00001000","KTEX_CAP_01",1000,Batch,Running,AutomationPilot,1.9061339,55.929963786918449,MissionCache,True,"","D:\Workspace\MM\FlightSim\FlightSimProject\Artifacts\FlightSimVerification\Missions\smoke-00001000\KTEX_CAP_01-00001000"
106.99000000001783,"smoke-00001000","KTEX_CAP_01-00001000","KTEX_CAP_01",1000,Batch,Running,AutomationPilot,1.9092563999999999,55.943245757886551,MissionCache,True,"","D:\Workspace\MM\FlightSim\FlightSimProject\Artifacts\FlightSimVerification\Missions\smoke-00001000\KTEX_CAP_01-00001000"
107.19000000001793,"smoke-00001000","KTEX_CAP_01-00001000","KTEX_CAP_01",1000,Batch,Running,AutomationPilot,1.9122297,55.9608503099904,MissionCache,True,"","D:\Workspace\MM\FlightSim\FlightSimProject\Artifacts\FlightSimVerification\Missions\smoke-00001000\KTEX_CAP_01-00001000"
107.39000000001803,"smoke-00001000","KTEX_CAP_01-00001000","KTEX_CAP_01",1000,Batch,Running,AutomationPilot,1.915187,55.97886785991026,MissionCache,True,"","D:\Workspace\MM\FlightSim\FlightSimProject\Artifacts\FlightSimVerification\Missions\smoke-00001000\KTEX_CAP_01-00001000"
107.59000000001814,"smoke-00001000","KTEX_CAP_01-00001000","KTEX_CAP_01",1000,Batch,Running,AutomationPilot,1.9189749999999999,55.97258953348431,MissionCache,True,"","D:\Workspace\MM\FlightSim\FlightSimProject\Artifacts\FlightSimVerification\Missions\smoke-00001000\KTEX_CAP_01-00001000"
107.79000000001824,"smoke-00001000","KTEX_CAP_01-00001000","KTEX_CAP_01",1000,Batch,Running,AutomationPilot,1.9221802,55.983304791100309,MissionCache,True,"","D:\Workspace\MM\FlightSim\FlightSimProject\Artifacts\FlightSimVerification\Missions\smoke-00001000\KTEX_CAP_01-00001000"
107.99000000001834,"smoke-00001000","KTEX_CAP_01-00001000","KTEX_CAP_01",1000,Batch,Running,AutomationPilot,1.9251376999999998,56.001188901977379,MissionCache,True,"","D:\Workspace\MM\FlightSim\FlightSimProject\Artifacts\FlightSimVerification\Missions\smoke-00001000\KTEX_CAP_01-00001000"
108.19000000001844,"smoke-00001000","KTEX_CAP_01-00001000","KTEX_CAP_01",1000,Batch,Running,AutomationPilot,1.9281627,56.017057066822396,MissionCache,True,"","D:\Workspace\MM\FlightSim\FlightSimProject\Artifacts\FlightSimVerification\Missions\smoke-00001000\KTEX_CAP_01-00001000"
108.39000000001855,"smoke-00001000","KTEX_CAP_01-00001000","KTEX_CAP_01",1000,Batch,Running,AutomationPilot,1.9311473,56.03404773940261,MissionCache,True,"","D:\Workspace\MM\FlightSim\FlightSimProject\Artifacts\FlightSimVerification\Missions\smoke-00001000\KTEX_CAP_01-00001000"
108.59000000001865,"smoke-00001000","KTEX_CAP_01-00001000","KTEX_CAP_01",1000,Batch,Running,AutomationPilot,1.9341864,56.049406613560386,MissionCache,True,"","D:\Workspace\MM\FlightSim\FlightSimProject\Artifacts\FlightSimVerification\Missions\smoke-00001000\KTEX_CAP_01-00001000"
108.79000000001875,"smoke-00001000","KTEX_CAP_01-00001000","KTEX_CAP_01",1000,Batch,Running,AutomationPilot,1.9373748,56.060396780229958,MissionCache,True,"","D:\Workspace\MM\FlightSim\FlightSimProject\Artifacts\FlightSimVerification\Missions\smoke-00001000\KTEX_CAP_01-00001000"
108.99000000001885,"smoke-00001000","KTEX_CAP_01-00001000","KTEX_CAP_01",1000,Batch,Running,AutomationPilot,1.9403282,56.078141831891514,MissionCache,True,"","D:\Workspace\MM\FlightSim\FlightSimProject\Artifacts\FlightSimVerification\Missions\smoke-00001000\KTEX_CAP_01-00001000"
109.19000000001896,"smoke-00001000","KTEX_CAP_01-00001000","KTEX_CAP_01",1000,Batch,Running,AutomationPilot,1.9444263,56.062808860391812,MissionCache,True,"","D:\Workspace\MM\FlightSim\FlightSimProject\Artifacts\FlightSimVerification\Missions\smoke-00001000\KTEX_CAP_01-00001000"
109.39000000001906,"smoke-00001000","KTEX_CAP_01-00001000","KTEX_CAP_01",1000,Batch,Running,AutomationPilot,1.9474502,56.078455818802951,MissionCache,True,"","D:\Workspace\MM\FlightSim\FlightSimProject\Artifacts\FlightSimVerification\Missions\smoke-00001000\KTEX_CAP_01-00001000"
109.59000000001916,"smoke-00001000","KTEX_CAP_01-00001000","KTEX_CAP_01",1000,Batch,Running,AutomationPilot,1.9504464,56.0948509018341,MissionCache,True,"","D:\Workspace\MM\FlightSim\FlightSimProject\Artifacts\FlightSimVerification\Missions\smoke-00001000\KTEX_CAP_01-00001000"
109.79000000001926,"smoke-00001000","KTEX_CAP_01-00001000","KTEX_CAP_01",1000,Batch,Running,AutomationPilot,1.9534941,56.109716430686518,MissionCache,True,"","D:\Workspace\MM\FlightSim\FlightSimProject\Artifacts\FlightSimVerification\Missions\smoke-00001000\KTEX_CAP_01-00001000"
109.99000000001936,"smoke-00001000","KTEX_CAP_01-00001000","KTEX_CAP_01",1000,Batch,Running,AutomationPilot,1.956996,56.111509681174248,MissionCache,True,"","D:\Workspace\MM\FlightSim\FlightSimProject\Artifacts\FlightSimVerification\Missions\smoke-00001000\KTEX_CAP_01-00001000"
110.19000000001947,"smoke-00001000","KTEX_CAP_01-00001000","KTEX_CAP_01",1000,Batch,Running,AutomationPilot,1.959957,56.128782417175159,MissionCache,True,"","D:\Workspace\MM\FlightSim\FlightSimProject\Artifacts\FlightSimVerification\Missions\smoke-00001000\KTEX_CAP_01-00001000"
110.39000000001957,"smoke-00001000","KTEX_CAP_01-00001000","KTEX_CAP_01",1000,Batch,Running,AutomationPilot,1.9629889999999999,56.143972279019131,MissionCache,True,"","D:\Workspace\MM\FlightSim\FlightSimProject\Artifacts\FlightSimVerification\Missions\smoke-00001000\KTEX_CAP_01-00001000"
110.59000000001967,"smoke-00001000","KTEX_CAP_01-00001000","KTEX_CAP_01",1000,Batch,Running,AutomationPilot,1.9669628,56.132225784859571,MissionCache,True,"","D:\Workspace\MM\FlightSim\FlightSimProject\Artifacts\FlightSimVerification\Missions\smoke-00001000\KTEX_CAP_01-00001000"
110.79000000001977,"smoke-00001000","KTEX_CAP_01-00001000","KTEX_CAP_01",1000,Batch,Running,AutomationPilot,1.9699756,56.147903557800248,MissionCache,True,"","D:\Workspace\MM\FlightSim\FlightSimProject\Artifacts\FlightSimVerification\Missions\smoke-00001000\KTEX_CAP_01-00001000"
110.99000000001988,"smoke-00001000","KTEX_CAP_01-00001000","KTEX_CAP_01",1000,Batch,Running,AutomationPilot,1.9729287,56.165232935189081,MissionCache,True,"","D:\Workspace\MM\FlightSim\FlightSimProject\Artifacts\FlightSimVerification\Missions\smoke-00001000\KTEX_CAP_01-00001000"
111.19000000001998,"smoke-00001000","KTEX_CAP_01-00001000","KTEX_CAP_01",1000,Batch,Running,AutomationPilot,1.9759293,56.181159923090306,MissionCache,True,"","D:\Workspace\MM\FlightSim\FlightSimProject\Artifacts\FlightSimVerification\Missions\smoke-00001000\KTEX_CAP_01-00001000"
111.39000000002008,"smoke-00001000","KTEX_CAP_01-00001000","KTEX_CAP_01",1000,Batch,Running,AutomationPilot,1.9788698,56.198745364662187,MissionCache,True,"","D:\Workspace\MM\FlightSim\FlightSimProject\Artifacts\FlightSimVerification\Missions\smoke-00001000\KTEX_CAP_01-00001000"
111.59000000002018,"smoke-00001000","KTEX_CAP_01-00001000","KTEX_CAP_01",1000,Batch,Running,AutomationPilot,1.9818159,56.216119771781067,MissionCache,True,"","D:\Workspace\MM\FlightSim\FlightSimProject\Artifacts\FlightSimVerification\Missions\smoke-00001000\KTEX_CAP_01-00001000"
111.79000000002029,"smoke-00001000","KTEX_CAP_01-00001000","KTEX_CAP_01",1000,Batch,Running,AutomationPilot,1.9854596999999998,56.213681899471545,MissionCache,True,"","D:\Workspace\MM\FlightSim\FlightSimProject\Artifacts\FlightSimVerification\Missions\smoke-00001000\KTEX_CAP_01-00001000"
111.99000000002039,"smoke-00001000","KTEX_CAP_01-00001000","KTEX_CAP_01",1000,Batch,Running,AutomationPilot,1.9903317999999999,56.176563123806943,MissionCache,True,"","D:\Workspace\MM\FlightSim\FlightSimProject\Artifacts\FlightSimVerification\Missions\smoke-00001000\KTEX_CAP_01-00001000"
112.19000000002049,"smoke-00001000","KTEX_CAP_01-00001000","KTEX_CAP_01",1000,Batch,Running,AutomationPilot,1.9976013,56.072250253351555,MissionCache,True,"","D:\Workspace\MM\FlightSim\FlightSimProject\Artifacts\FlightSimVerification\Missions\smoke-00001000\KTEX_CAP_01-00001000"
112.39000000002059,"smoke-00001000","KTEX_CAP_01-00001000","KTEX_CAP_01",1000,Batch,Running,AutomationPilot,2.0010844999999997,56.074593551656875,MissionCache,True,"","D:\Workspace\MM\FlightSim\FlightSimProject\Artifacts\FlightSimVerification\Missions\smoke-00001000\KTEX_CAP_01-00001000"
112.59000000002069,"smoke-00001000","KTEX_CAP_01-00001000","KTEX_CAP_01",1000,Batch,Running,AutomationPilot,2.0041788,56.087810129525671,MissionCache,True,"","D:\Workspace\MM\FlightSim\FlightSimProject\Artifacts\FlightSimVerification\Missions\smoke-00001000\KTEX_CAP_01-00001000"
112.7900000000208,"smoke-00001000","KTEX_CAP_01-00001000","KTEX_CAP_01",1000,Batch,Running,AutomationPilot,2.0072517999999997,56.101581276460045,MissionCache,True,"","D:\Workspace\MM\FlightSim\FlightSimProject\Artifacts\FlightSimVerification\Missions\smoke-00001000\KTEX_CAP_01-00001000"
112.9900000000209,"smoke-00001000","KTEX_CAP_01-00001000","KTEX_CAP_01",1000,Batch,Running,AutomationPilot,2.0102943,56.116161698324873,MissionCache,True,"","D:\Workspace\MM\FlightSim\FlightSimProject\Artifacts\FlightSimVerification\Missions\smoke-00001000\KTEX_CAP_01-00001000"
113.190000000021,"smoke-00001000","KTEX_CAP_01-00001000","KTEX_CAP_01",1000,Batch,Running,AutomationPilot,2.0132830999999998,56.132195218854676,MissionCache,True,"","D:\Workspace\MM\FlightSim\FlightSimProject\Artifacts\FlightSimVerification\Missions\smoke-00001000\KTEX_CAP_01-00001000"
113.3900000000211,"smoke-00001000","KTEX_CAP_01-00001000","KTEX_CAP_01",1000,Batch,Running,AutomationPilot,2.0165626999999997,56.140084312786819,MissionCache,True,"","D:\Workspace\MM\FlightSim\FlightSimProject\Artifacts\FlightSimVerification\Missions\smoke-00001000\KTEX_CAP_01-00001000"
113.59000000002121,"smoke-00001000","KTEX_CAP_01-00001000","KTEX_CAP_01",1000,Batch,Running,AutomationPilot,2.0195175,56.156978090074041,MissionCache,True,"","D:\Workspace\MM\FlightSim\FlightSimProject\Artifacts\FlightSimVerification\Missions\smoke-00001000\KTEX_CAP_01-00001000"
113.79000000002131,"smoke-00001000","KTEX_CAP_01-00001000","KTEX_CAP_01",1000,Batch,Running,AutomationPilot,2.0234606,56.146386047754632,MissionCache,True,"","D:\Workspace\MM\FlightSim\FlightSimProject\Artifacts\FlightSimVerification\Missions\smoke-00001000\KTEX_CAP_01-00001000"
113.99000000002141,"smoke-00001000","KTEX_CAP_01-00001000","KTEX_CAP_01",1000,Batch,Running,AutomationPilot,2.026768,56.153442327894119,MissionCache,True,"","D:\Workspace\MM\FlightSim\FlightSimProject\Artifacts\FlightSimVerification\Missions\smoke-00001000\KTEX_CAP_01-00001000"
114.19000000002151,"smoke-00001000","KTEX_CAP_01-00001000","KTEX_CAP_01",1000,Batch,Running,AutomationPilot,2.0297437,56.169653340971777,MissionCache,True,"","D:\Workspace\MM\FlightSim\FlightSimProject\Artifacts\FlightSimVerification\Missions\smoke-00001000\KTEX_CAP_01-00001000"
114.39000000002162,"smoke-00001000","KTEX_CAP_01-00001000","KTEX_CAP_01",1000,Batch,Running,AutomationPilot,2.0328927,56.181027163913527,MissionCache,True,"","D:\Workspace\MM\FlightSim\FlightSimProject\Artifacts\FlightSimVerification\Missions\smoke-00001000\KTEX_CAP_01-00001000"
114.59000000002172,"smoke-00001000","KTEX_CAP_01-00001000","KTEX_CAP_01",1000,Batch,Running,AutomationPilot,2.0358468,56.197745331339092,MissionCache,True,"","D:\Workspace\MM\FlightSim\FlightSimProject\Artifacts\FlightSimVerification\Missions\smoke-00001000\KTEX_CAP_01-00001000"
114.79000000002182,"smoke-00001000","KTEX_CAP_01-00001000","KTEX_CAP_01",1000,Batch,Running,AutomationPilot,2.0387663,56.2153690690403,MissionCache,True,"","D:\Workspace\MM\FlightSim\FlightSimProject\Artifacts\FlightSimVerification\Missions\smoke-00001000\KTEX_CAP_01-00001000"
114.99000000002192,"smoke-00001000","KTEX_CAP_01-00001000","KTEX_CAP_01",1000,Batch,Running,AutomationPilot,2.0417669,56.23070880423316,MissionCache,True,"","D:\Workspace\MM\FlightSim\FlightSimProject\Artifacts\FlightSimVerification\Missions\smoke-00001000\KTEX_CAP_01-00001000"
115.19000000002202,"smoke-00001000","KTEX_CAP_01-00001000","KTEX_CAP_01",1000,Batch,Running,AutomationPilot,2.0457039999999997,56.220254738721707,MissionCache,True,"","D:\Workspace\MM\FlightSim\FlightSimProject\Artifacts\FlightSimVerification\Missions\smoke-00001000\KTEX_CAP_01-00001000"
115.39000000002213,"smoke-00001000","KTEX_CAP_01-00001000","KTEX_CAP_01",1000,Batch,Running,AutomationPilot,2.0487024,56.235595760527268,MissionCache,True,"","D:\Workspace\MM\FlightSim\FlightSimProject\Artifacts\FlightSimVerification\Missions\smoke-00001000\KTEX_CAP_01-00001000"
115.59000000002223,"smoke-00001000","KTEX_CAP_01-00001000","KTEX_CAP_01",1000,Batch,Running,AutomationPilot,2.0517377999999997,56.249877542843024,MissionCache,True,"","D:\Workspace\MM\FlightSim\FlightSimProject\Artifacts\FlightSimVerification\Missions\smoke-00001000\KTEX_CAP_01-00001000"
115.79000000002233,"smoke-00001000","KTEX_CAP_01-00001000","KTEX_CAP_01",1000,Batch,Running,AutomationPilot,2.0548433,56.262197706278741,MissionCache,True,"","D:\Workspace\MM\FlightSim\FlightSimProject\Artifacts\FlightSimVerification\Missions\smoke-00001000\KTEX_CAP_01-00001000"
115.99000000002243,"smoke-00001000","KTEX_CAP_01-00001000","KTEX_CAP_01",1000,Batch,Running,AutomationPilot,2.0578506,56.277166087772521,MissionCache,True,"","D:\Workspace\MM\FlightSim\FlightSimProject\Artifacts\FlightSimVerification\Missions\smoke-00001000\KTEX_CAP_01-00001000"
116.19000000002254,"smoke-00001000","KTEX_CAP_01-00001000","KTEX_CAP_01",1000,Batch,Running,AutomationPilot,2.0608153,56.29325442218061,MissionCache,True,"","D:\Workspace\MM\FlightSim\FlightSimProject\Artifacts\FlightSimVerification\Missions\smoke-00001000\KTEX_CAP_01-00001000"
116.39000000002264,"smoke-00001000","KTEX_CAP_01-00001000","KTEX_CAP_01",1000,Batch,Running,AutomationPilot,2.0641113,56.300258614941235,MissionCache,True,"","D:\Workspace\MM\FlightSim\FlightSimProject\Artifacts\FlightSimVerification\Missions\smoke-00001000\KTEX_CAP_01-00001000"
116.59000000002274,"smoke-00001000","KTEX_CAP_01-00001000","KTEX_CAP_01",1000,Batch,Running,AutomationPilot,2.0671383,56.314567825492205,MissionCache,True,"","D:\Workspace\MM\FlightSim\FlightSimProject\Artifacts\FlightSimVerification\Missions\smoke-00001000\KTEX_CAP_01-00001000"
116.79000000002284,"smoke-00001000","KTEX_CAP_01-00001000","KTEX_CAP_01",1000,Batch,Running,AutomationPilot,2.0709944,56.306284555874583,MissionCache,True,"","D:\Workspace\MM\FlightSim\FlightSimProject\Artifacts\FlightSimVerification\Missions\smoke-00001000\KTEX_CAP_01-00001000"
116.99000000002295,"smoke-00001000","KTEX_CAP_01-00001000","KTEX_CAP_01",1000,Batch,Running,AutomationPilot,2.0739605,56.322191285717757,MissionCache,True,"","D:\Workspace\MM\FlightSim\FlightSimProject\Artifacts\FlightSimVerification\Missions\smoke-00001000\KTEX_CAP_01-00001000"
117.19000000002305,"smoke-00001000","KTEX_CAP_01-00001000","KTEX_CAP_01",1000,Batch,Running,AutomationPilot,2.0779155,56.31124076028258,MissionCache,True,"","D:\Workspace\MM\FlightSim\FlightSimProject\Artifacts\FlightSimVerification\Missions\smoke-00001000\KTEX_CAP_01-00001000"
117.39000000002315,"smoke-00001000","KTEX_CAP_01-00001000","KTEX_CAP_01",1000,Batch,Running,AutomationPilot,2.0808013,56.329261232210428,MissionCache,True,"","D:\Workspace\MM\FlightSim\FlightSimProject\Artifacts\FlightSimVerification\Missions\smoke-00001000\KTEX_CAP_01-00001000"
117.59000000002325,"smoke-00001000","KTEX_CAP_01-00001000","KTEX_CAP_01",1000,Batch,Running,AutomationPilot,2.0836992999999997,56.346901877839656,MissionCache,True,"","D:\Workspace\MM\FlightSim\FlightSimProject\Artifacts\FlightSimVerification\Missions\smoke-00001000\KTEX_CAP_01-00001000"
117.79000000002335,"smoke-00001000","KTEX_CAP_01-00001000","KTEX_CAP_01",1000,Batch,Running,AutomationPilot,2.0869274,56.355578061806682,MissionCache,True,"","D:\Workspace\MM\FlightSim\FlightSimProject\Artifacts\FlightSimVerification\Missions\smoke-00001000\KTEX_CAP_01-00001000"
117.99000000002346,"smoke-00001000","KTEX_CAP_01-00001000","KTEX_CAP_01",1000,Batch,Running,AutomationPilot,2.0898494,56.372483108124143,MissionCache,True,"","D:\Workspace\MM\FlightSim\FlightSimProject\Artifacts\FlightSimVerification\Missions\smoke-00001000\KTEX_CAP_01-00001000"
118.19000000002356,"smoke-00001000","KTEX_CAP_01-00001000","KTEX_CAP_01",1000,Batch,Running,AutomationPilot,2.094681,56.3379340338808,MissionCache,True,"","D:\Workspace\MM\FlightSim\FlightSimProject\Artifacts\FlightSimVerification\Missions\smoke-00001000\KTEX_CAP_01-00001000"
118.39000000002366,"smoke-00001000","KTEX_CAP_01-00001000","KTEX_CAP_01",1000,Batch,Running,AutomationPilot,2.0977055,56.35204751097023,MissionCache,True,"","D:\Workspace\MM\FlightSim\FlightSimProject\Artifacts\FlightSimVerification\Missions\smoke-00001000\KTEX_CAP_01-00001000"
118.59000000002376,"smoke-00001000","KTEX_CAP_01-00001000","KTEX_CAP_01",1000,Batch,Running,AutomationPilot,2.1006964999999997,56.367019224349491,MissionCache,True,"","D:\Workspace\MM\FlightSim\FlightSimProject\Artifacts\FlightSimVerification\Missions\smoke-00001000\KTEX_CAP_01-00001000"
118.79000000002387,"smoke-00001000","KTEX_CAP_01-00001000","KTEX_CAP_01",1000,Batch,Running,AutomationPilot,2.1036108,56.384004113319719,MissionCache,True,"","D:\Workspace\MM\FlightSim\FlightSimProject\Artifacts\FlightSimVerification\Missions\smoke-00001000\KTEX_CAP_01-00001000"
118.99000000002397,"smoke-00001000","KTEX_CAP_01-00001000","KTEX_CAP_01",1000,Batch,Running,AutomationPilot,2.1072835,56.380643610612374,MissionCache,True,"","D:\Workspace\MM\FlightSim\FlightSimProject\Artifacts\FlightSimVerification\Missions\smoke-00001000\KTEX_CAP_01-00001000"
119.19000000002407,"smoke-00001000","KTEX_CAP_01-00001000","KTEX_CAP_01",1000,Batch,Running,AutomationPilot,2.1118843,56.3525189329851,MissionCache,True,"","D:\Workspace\MM\FlightSim\FlightSimProject\Artifacts\FlightSimVerification\Missions\smoke-00001000\KTEX_CAP_01-00001000"
119.39000000002417,"smoke-00001000","KTEX_CAP_01-00001000","KTEX_CAP_01",1000,Batch,Running,AutomationPilot,2.1158213,56.342187310442561,MissionCache,True,"","D:\Workspace\MM\FlightSim\FlightSimProject\Artifacts\FlightSimVerification\Missions\smoke-00001000\KTEX_CAP_01-00001000"
119.59000000002428,"smoke-00001000","KTEX_CAP_01-00001000","KTEX_CAP_01",1000,Batch,Running,AutomationPilot,2.1187302,56.359228749382147,MissionCache,True,"","D:\Workspace\MM\FlightSim\FlightSimProject\Artifacts\FlightSimVerification\Missions\smoke-00001000\KTEX_CAP_01-00001000"
119.79000000002438,"smoke-00001000","KTEX_CAP_01-00001000","KTEX_CAP_01",1000,Batch,Running,AutomationPilot,2.1228748,56.343407533983772,MissionCache,True,"","D:\Workspace\MM\FlightSim\FlightSimProject\Artifacts\FlightSimVerification\Missions\smoke-00001000\KTEX_CAP_01-00001000"
119.99000000002448,"smoke-00001000","KTEX_CAP_01-00001000","KTEX_CAP_01",1000,Batch,Running,AutomationPilot,2.1259227,56.356705725953439,MissionCache,True,"","D:\Workspace\MM\FlightSim\FlightSimProject\Artifacts\FlightSimVerification\Missions\smoke-00001000\KTEX_CAP_01-00001000"
120.19000000002458,"smoke-00001000","KTEX_CAP_01-00001000","KTEX_CAP_01",1000,Batch,Running,AutomationPilot,2.1290207,56.368639346730866,MissionCache,True,"","D:\Workspace\MM\FlightSim\FlightSimProject\Artifacts\FlightSimVerification\Missions\smoke-00001000\KTEX_CAP_01-00001000"
120.39000000002468,"smoke-00001000","KTEX_CAP_01-00001000","KTEX_CAP_01",1000,Batch,Running,AutomationPilot,2.1320539,56.382251874600641,MissionCache,True,"","D:\Workspace\MM\FlightSim\FlightSimProject\Artifacts\FlightSimVerification\Missions\smoke-00001000\KTEX_CAP_01-00001000"
120.59000000002479,"smoke-00001000","KTEX_CAP_01-00001000","KTEX_CAP_01",1000,Batch,Running,AutomationPilot,2.1353002,56.390197500110141,MissionCache,True,"","D:\Workspace\MM\FlightSim\FlightSimProject\Artifacts\FlightSimVerification\Missions\smoke-00001000\KTEX_CAP_01-00001000"
120.79000000002489,"smoke-00001000","KTEX_CAP_01-00001000","KTEX_CAP_01",1000,Batch,Running,AutomationPilot,2.1383079,56.404412105489953,MissionCache,True,"","D:\Workspace\MM\FlightSim\FlightSimProject\Artifacts\FlightSimVerification\Missions\smoke-00001000\KTEX_CAP_01-00001000"
120.99000000002499,"smoke-00001000","KTEX_CAP_01-00001000","KTEX_CAP_01",1000,Batch,Running,AutomationPilot,2.1412766,56.41961435529857,MissionCache,True,"","D:\Workspace\MM\FlightSim\FlightSimProject\Artifacts\FlightSimVerification\Missions\smoke-00001000\KTEX_CAP_01-00001000"
121.19000000002509,"smoke-00001000","KTEX_CAP_01-00001000","KTEX_CAP_01",1000,Batch,Running,AutomationPilot,2.1443566,56.431845337676108,MissionCache,True,"","D:\Workspace\MM\FlightSim\FlightSimProject\Artifacts\FlightSimVerification\Missions\smoke-00001000\KTEX_CAP_01-00001000"
121.3900000000252,"smoke-00001000","KTEX_CAP_01-00001000","KTEX_CAP_01",1000,Batch,Running,AutomationPilot,2.1483287,56.42060267594298,MissionCache,True,"","D:\Workspace\MM\FlightSim\FlightSimProject\Artifacts\FlightSimVerification\Missions\smoke-00001000\KTEX_CAP_01-00001000"
121.5900000000253,"smoke-00001000","KTEX_CAP_01-00001000","KTEX_CAP_01",1000,Batch,Running,AutomationPilot,2.1513261,56.434958884208775,MissionCache,True,"","D:\Workspace\MM\FlightSim\FlightSimProject\Artifacts\FlightSimVerification\Missions\smoke-00001000\KTEX_CAP_01-00001000"
121.7900000000254,"smoke-00001000","KTEX_CAP_01-00001000","KTEX_CAP_01",1000,Batch,Running,AutomationPilot,2.1543179,56.449421879670268,MissionCache,True,"","D:\Workspace\MM\FlightSim\FlightSimProject\Artifacts\FlightSimVerification\Missions\smoke-00001000\KTEX_CAP_01-00001000"
121.9900000000255,"smoke-00001000","KTEX_CAP_01-00001000","KTEX_CAP_01",1000,Batch,Running,AutomationPilot,2.1572332,56.4658470859921,MissionCache,True,"","D:\Workspace\MM\FlightSim\FlightSimProject\Artifacts\FlightSimVerification\Missions\smoke-00001000\KTEX_CAP_01-00001000"
122.19000000002561,"smoke-00001000","KTEX_CAP_01-00001000","KTEX_CAP_01",1000,Batch,Running,AutomationPilot,2.1602391,56.479859104497045,MissionCache,True,"","D:\Workspace\MM\FlightSim\FlightSimProject\Artifacts\FlightSimVerification\Missions\smoke-00001000\KTEX_CAP_01-00001000"
122.39000000002571,"smoke-00001000","KTEX_CAP_01-00001000","KTEX_CAP_01",1000,Batch,Running,AutomationPilot,2.1631979,56.495062240965382,MissionCache,True,"","D:\Workspace\MM\FlightSim\FlightSimProject\Artifacts\FlightSimVerification\Missions\smoke-00001000\KTEX_CAP_01-00001000"
122.59000000002581,"smoke-00001000","KTEX_CAP_01-00001000","KTEX_CAP_01",1000,Batch,Running,AutomationPilot,2.1663159999999997,56.506068366769085,MissionCache,True,"","D:\Workspace\MM\FlightSim\FlightSimProject\Artifacts\FlightSimVerification\Missions\smoke-00001000\KTEX_CAP_01-00001000"
122.79000000002591,"smoke-00001000","KTEX_CAP_01-00001000","KTEX_CAP_01",1000,Batch,Running,AutomationPilot,2.1703549,56.493064797847495,MissionCache,True,"","D:\Workspace\MM\FlightSim\FlightSimProject\Artifacts\FlightSimVerification\Missions\smoke-00001000\KTEX_CAP_01-00001000"
122.99000000002601,"smoke-00001000","KTEX_CAP_01-00001000","KTEX_CAP_01",1000,Batch,Running,AutomationPilot,2.1733897,56.506203190355563,MissionCache,True,"","D:\Workspace\MM\FlightSim\FlightSimProject\Artifacts\FlightSimVerification\Missions\smoke-00001000\KTEX_CAP_01-00001000"
123.19000000002612,"smoke-00001000","KTEX_CAP_01-00001000","KTEX_CAP_01",1000,Batch,Running,AutomationPilot,2.1768513,56.508223598013345,MissionCache,True,"","D:\Workspace\MM\FlightSim\FlightSimProject\Artifacts\FlightSimVerification\Missions\smoke-00001000\KTEX_CAP_01-00001000"
123.39000000002622,"smoke-00001000","KTEX_CAP_01-00001000","KTEX_CAP_01",1000,Batch,Running,AutomationPilot,2.1798919,56.521151347012271,MissionCache,True,"","D:\Workspace\MM\FlightSim\FlightSimProject\Artifacts\FlightSimVerification\Missions\smoke-00001000\KTEX_CAP_01-00001000"
123.59000000002632,"smoke-00001000","KTEX_CAP_01-00001000","KTEX_CAP_01",1000,Batch,Running,AutomationPilot,2.1828089,56.53724428190953,MissionCache,True,"","D:\Workspace\MM\FlightSim\FlightSimProject\Artifacts\FlightSimVerification\Missions\smoke-00001000\KTEX_CAP_01-00001000"
123.79000000002642,"smoke-00001000","KTEX_CAP_01-00001000","KTEX_CAP_01",1000,Batch,Running,AutomationPilot,2.1860868,56.543957906898449,MissionCache,True,"","D:\Workspace\MM\FlightSim\FlightSimProject\Artifacts\FlightSimVerification\Missions\smoke-00001000\KTEX_CAP_01-00001000"
123.99000000002653,"smoke-00001000","KTEX_CAP_01-00001000","KTEX_CAP_01",1000,Batch,Running,AutomationPilot,2.1890357,56.559150679921046,MissionCache,True,"","D:\Workspace\MM\FlightSim\FlightSimProject\Artifacts\FlightSimVerification\Missions\smoke-00001000\KTEX_CAP_01-00001000"
124.19000000002663,"smoke-00001000","KTEX_CAP_01-00001000","KTEX_CAP_01",1000,Batch,Running,AutomationPilot,2.1919893999999998,56.5741786890149,MissionCache,True,"","D:\Workspace\MM\FlightSim\FlightSimProject\Artifacts\FlightSimVerification\Missions\smoke-00001000\KTEX_CAP_01-00001000"
124.39000000002673,"smoke-00001000","KTEX_CAP_01-00001000","KTEX_CAP_01",1000,Batch,Running,AutomationPilot,2.1959871,56.562263047914371,MissionCache,True,"","D:\Workspace\MM\FlightSim\FlightSimProject\Artifacts\FlightSimVerification\Missions\smoke-00001000\KTEX_CAP_01-00001000"
124.59000000002683,"smoke-00001000","KTEX_CAP_01-00001000","KTEX_CAP_01",1000,Batch,Running,AutomationPilot,2.1989548,56.576879160966264,MissionCache,True,"","D:\Workspace\MM\FlightSim\FlightSimProject\Artifacts\FlightSimVerification\Missions\smoke-00001000\KTEX_CAP_01-00001000"
124.79000000002694,"smoke-00001000","KTEX_CAP_01-00001000","KTEX_CAP_01",1000,Batch,Running,AutomationPilot,2.2021398999999997,56.585869044935272,MissionCache,True,"","D:\Workspace\MM\FlightSim\FlightSimProject\Artifacts\FlightSimVerification\Missions\smoke-00001000\KTEX_CAP_01-00001000"
124.99000000002704,"smoke-00001000","KTEX_CAP_01-00001000","KTEX_CAP_01",1000,Batch,Running,AutomationPilot,2.2051746999999997,56.598690344137793,MissionCache,True,"","D:\Workspace\MM\FlightSim\FlightSimProject\Artifacts\FlightSimVerification\Missions\smoke-00001000\KTEX_CAP_01-00001000"
125.19000000002714,"smoke-00001000","KTEX_CAP_01-00001000","KTEX_CAP_01",1000,Batch,Running,AutomationPilot,2.2081459999999997,56.613104387131585,MissionCache,True,"","D:\Workspace\MM\FlightSim\FlightSimProject\Artifacts\FlightSimVerification\Missions\smoke-00001000\KTEX_CAP_01-00001000"
125.39000000002724,"smoke-00001000","KTEX_CAP_01-00001000","KTEX_CAP_01",1000,Batch,Running,AutomationPilot,2.211194,56.62551544551367,MissionCache,True,"","D:\Workspace\MM\FlightSim\FlightSimProject\Artifacts\FlightSimVerification\Missions\smoke-00001000\KTEX_CAP_01-00001000"
125.59000000002735,"smoke-00001000","KTEX_CAP_01-00001000","KTEX_CAP_01",1000,Batch,Running,AutomationPilot,2.2141726999999998,56.639665008979321,MissionCache,True,"","D:\Workspace\MM\FlightSim\FlightSimProject\Artifacts\FlightSimVerification\Missions\smoke-00001000\KTEX_CAP_01-00001000"
125.79000000002745,"smoke-00001000","KTEX_CAP_01-00001000","KTEX_CAP_01",1000,Batch,Running,AutomationPilot,2.2174528,56.646076074326075,MissionCache,True,"","D:\Workspace\MM\FlightSim\FlightSimProject\Artifacts\FlightSimVerification\Missions\smoke-00001000\KTEX_CAP_01-00001000"
125.99000000002755,"smoke-00001000","KTEX_CAP_01-00001000","KTEX_CAP_01",1000,Batch,Running,AutomationPilot,2.2214174,56.63501150212808,MissionCache,True,"","D:\Workspace\MM\FlightSim\FlightSimProject\Artifacts\FlightSimVerification\Missions\smoke-00001000\KTEX_CAP_01-00001000"
126.19000000002765,"smoke-00001000","KTEX_CAP_01-00001000","KTEX_CAP_01",1000,Batch,Running,AutomationPilot,2.2244748999999997,56.64707657525269,MissionCache,True,"","D:\Workspace\MM\FlightSim\FlightSimProject\Artifacts\FlightSimVerification\Missions\smoke-00001000\KTEX_CAP_01-00001000"
126.39000000002775,"smoke-00001000","KTEX_CAP_01-00001000","KTEX_CAP_01",1000,Batch,Running,AutomationPilot,2.2274891,56.660209919782616,MissionCache,True,"","D:\Workspace\MM\FlightSim\FlightSimProject\Artifacts\FlightSimVerification\Missions\smoke-00001000\KTEX_CAP_01-00001000"
126.59000000002786,"smoke-00001000","KTEX_CAP_01-00001000","KTEX_CAP_01",1000,Batch,Running,AutomationPilot,2.2304288999999997,56.675198209648279,MissionCache,True,"","D:\Workspace\MM\FlightSim\FlightSimProject\Artifacts\FlightSimVerification\Missions\smoke-00001000\KTEX_CAP_01-00001000"
126.79000000002796,"smoke-00001000","KTEX_CAP_01-00001000","KTEX_CAP_01",1000,Batch,Running,AutomationPilot,2.2335651999999997,56.6851596720919,MissionCache,True,"","D:\Workspace\MM\FlightSim\FlightSimProject\Artifacts\FlightSimVerification\Missions\smoke-00001000\KTEX_CAP_01-00001000"
126.99000000002806,"smoke-00001000","KTEX_CAP_01-00001000","KTEX_CAP_01",1000,Batch,Running,AutomationPilot,2.2367646,56.693493807988546,MissionCache,True,"","D:\Workspace\MM\FlightSim\FlightSimProject\Artifacts\FlightSimVerification\Missions\smoke-00001000\KTEX_CAP_01-00001000"
127.19000000002816,"smoke-00001000","KTEX_CAP_01-00001000","KTEX_CAP_01",1000,Batch,Running,AutomationPilot,2.2397554,56.70708506831955,MissionCache,True,"","D:\Workspace\MM\FlightSim\FlightSimProject\Artifacts\FlightSimVerification\Missions\smoke-00001000\KTEX_CAP_01-00001000"
127.39000000002827,"smoke-00001000","KTEX_CAP_01-00001000","KTEX_CAP_01",1000,Batch,Running,AutomationPilot,2.2437183,56.6960656335638,MissionCache,True,"","D:\Workspace\MM\FlightSim\FlightSimProject\Artifacts\FlightSimVerification\Missions\smoke-00001000\KTEX_CAP_01-00001000"
127.59000000002837,"smoke-00001000","KTEX_CAP_01-00001000","KTEX_CAP_01",1000,Batch,Running,AutomationPilot,2.2480439999999997,56.675936947865921,MissionCache,True,"","D:\Workspace\MM\FlightSim\FlightSimProject\Artifacts\FlightSimVerification\Missions\smoke-00001000\KTEX_CAP_01-00001000"
127.79000000002847,"smoke-00001000","KTEX_CAP_01-00001000","KTEX_CAP_01",1000,Batch,Running,AutomationPilot,2.2510696,56.688607051522695,MissionCache,True,"","D:\Workspace\MM\FlightSim\FlightSimProject\Artifacts\FlightSimVerification\Missions\smoke-00001000\KTEX_CAP_01-00001000"
127.99000000002857,"smoke-00001000","KTEX_CAP_01-00001000","KTEX_CAP_01",1000,Batch,Running,AutomationPilot,2.2539987,56.703670680922968,MissionCache,True,"","D:\Workspace\MM\FlightSim\FlightSimProject\Artifacts\FlightSimVerification\Missions\smoke-00001000\KTEX_CAP_01-00001000"
128.19000000002839,"smoke-00001000","KTEX_CAP_01-00001000","KTEX_CAP_01",1000,Batch,Running,AutomationPilot,2.2571239,56.713767463110273,MissionCache,True,"","D:\Workspace\MM\FlightSim\FlightSimProject\Artifacts\FlightSimVerification\Missions\smoke-00001000\KTEX_CAP_01-00001000"
128.39000000002821,"smoke-00001000","KTEX_CAP_01-00001000","KTEX_CAP_01",1000,Batch,Running,AutomationPilot,2.2601369,56.726652266076613,MissionCache,True,"","D:\Workspace\MM\FlightSim\FlightSimProject\Artifacts\FlightSimVerification\Missions\smoke-00001000\KTEX_CAP_01-00001000"
128.59000000002803,"smoke-00001000","KTEX_CAP_01-00001000","KTEX_CAP_01",1000,Batch,Running,AutomationPilot,2.2634363,56.732323326275271,MissionCache,True,"","D:\Workspace\MM\FlightSim\FlightSimProject\Artifacts\FlightSimVerification\Missions\smoke-00001000\KTEX_CAP_01-00001000"
128.79000000002785,"smoke-00001000","KTEX_CAP_01-00001000","KTEX_CAP_01",1000,Batch,Running,AutomationPilot,2.2667017,56.738828933700454,MissionCache,True,"","D:\Workspace\MM\FlightSim\FlightSimProject\Artifacts\FlightSimVerification\Missions\smoke-00001000\KTEX_CAP_01-00001000"
128.99000000002766,"smoke-00001000","KTEX_CAP_01-00001000","KTEX_CAP_01",1000,Batch,Running,AutomationPilot,2.2704782,56.732542069784166,MissionCache,True,"","D:\Workspace\MM\FlightSim\FlightSimProject\Artifacts\FlightSimVerification\Missions\smoke-00001000\KTEX_CAP_01-00001000"
129.19000000002748,"smoke-00001000","KTEX_CAP_01-00001000","KTEX_CAP_01",1000,Batch,Running,AutomationPilot,2.2734718,56.745810526450185,MissionCache,True,"","D:\Workspace\MM\FlightSim\FlightSimProject\Artifacts\FlightSimVerification\Missions\smoke-00001000\KTEX_CAP_01-00001000"
129.3900000000273,"smoke-00001000","KTEX_CAP_01-00001000","KTEX_CAP_01",1000,Batch,Running,AutomationPilot,2.2765554,56.756800207905094,MissionCache,True,"","D:\Workspace\MM\FlightSim\FlightSimProject\Artifacts\FlightSimVerification\Missions\smoke-00001000\KTEX_CAP_01-00001000"
129.59000000002712,"smoke-00001000","KTEX_CAP_01-00001000","KTEX_CAP_01",1000,Batch,Running,AutomationPilot,2.2795839,56.769132296480635,MissionCache,True,"","D:\Workspace\MM\FlightSim\FlightSimProject\Artifacts\FlightSimVerification\Missions\smoke-00001000\KTEX_CAP_01-00001000"
129.79000000002694,"smoke-00001000","KTEX_CAP_01-00001000","KTEX_CAP_01",1000,Batch,Running,AutomationPilot,2.2825297,56.783488950889492,MissionCache,True,"","D:\Workspace\MM\FlightSim\FlightSimProject\Artifacts\FlightSimVerification\Missions\smoke-00001000\KTEX_CAP_01-00001000"
129.99000000002675,"smoke-00001000","KTEX_CAP_01-00001000","KTEX_CAP_01",1000,Batch,Running,AutomationPilot,2.2857638,56.790644772669395,MissionCache,True,"","D:\Workspace\MM\FlightSim\FlightSimProject\Artifacts\FlightSimVerification\Missions\smoke-00001000\KTEX_CAP_01-00001000"
130.19000000002657,"smoke-00001000","KTEX_CAP_01-00001000","KTEX_CAP_01",1000,Batch,Running,AutomationPilot,2.2886868,56.805500866272638,MissionCache,True,"","D:\Workspace\MM\FlightSim\FlightSimProject\Artifacts\FlightSimVerification\Missions\smoke-00001000\KTEX_CAP_01-00001000"
130.39000000002639,"smoke-00001000","KTEX_CAP_01-00001000","KTEX_CAP_01",1000,Batch,Running,AutomationPilot,2.2926759999999997,56.793894994332639,MissionCache,True,"","D:\Workspace\MM\FlightSim\FlightSimProject\Artifacts\FlightSimVerification\Missions\smoke-00001000\KTEX_CAP_01-00001000"
130.59000000002621,"smoke-00001000","KTEX_CAP_01-00001000","KTEX_CAP_01",1000,Batch,Running,AutomationPilot,2.2959366,56.800348929507187,MissionCache,True,"","D:\Workspace\MM\FlightSim\FlightSimProject\Artifacts\FlightSimVerification\Missions\smoke-00001000\KTEX_CAP_01-00001000"
130.79000000002603,"smoke-00001000","KTEX_CAP_01-00001000","KTEX_CAP_01",1000,Batch,Running,AutomationPilot,2.2988983999999997,56.814168038059535,MissionCache,True,"","D:\Workspace\MM\FlightSim\FlightSimProject\Artifacts\FlightSimVerification\Missions\smoke-00001000\KTEX_CAP_01-00001000"
130.99000000002584,"smoke-00001000","KTEX_CAP_01-00001000","KTEX_CAP_01",1000,Batch,Running,AutomationPilot,2.3018468,56.828282403514436,MissionCache,True,"","D:\Workspace\MM\FlightSim\FlightSimProject\Artifacts\FlightSimVerification\Missions\smoke-00001000\KTEX_CAP_01-00001000"
131.19000000002566,"smoke-00001000","KTEX_CAP_01-00001000","KTEX_CAP_01",1000,Batch,Running,AutomationPilot,2.3048075999999997,56.8420548422462,MissionCache,True,"","D:\Workspace\MM\FlightSim\FlightSimProject\Artifacts\FlightSimVerification\Missions\smoke-00001000\KTEX_CAP_01-00001000"
131.39000000002548,"smoke-00001000","KTEX_CAP_01-00001000","KTEX_CAP_01",1000,Batch,Running,AutomationPilot,2.3077270999999997,56.8568094555139,MissionCache,True,"","D:\Workspace\MM\FlightSim\FlightSimProject\Artifacts\FlightSimVerification\Missions\smoke-00001000\KTEX_CAP_01-00001000"
131.5900000000253,"smoke-00001000","KTEX_CAP_01-00001000","KTEX_CAP_01",1000,Batch,Running,AutomationPilot,2.3111677999999998,56.858701475516177,MissionCache,True,"","D:\Workspace\MM\FlightSim\FlightSimProject\Artifacts\FlightSimVerification\Missions\smoke-00001000\KTEX_CAP_01-00001000"
131.79000000002512,"smoke-00001000","KTEX_CAP_01-00001000","KTEX_CAP_01",1000,Batch,Running,AutomationPilot,2.3140885,56.873365042013425,MissionCache,True,"","D:\Workspace\MM\FlightSim\FlightSimProject\Artifacts\FlightSimVerification\Missions\smoke-00001000\KTEX_CAP_01-00001000"
131.99000000002493,"smoke-00001000","KTEX_CAP_01-00001000","KTEX_CAP_01",1000,Batch,Running,AutomationPilot,2.3179244,56.865530213161875,MissionCache,True,"","D:\Workspace\MM\FlightSim\FlightSimProject\Artifacts\FlightSimVerification\Missions\smoke-00001000\KTEX_CAP_01-00001000"
132.19000000002475,"smoke-00001000","KTEX_CAP_01-00001000","KTEX_CAP_01",1000,Batch,Running,AutomationPilot,2.3209158,56.87840980703605,MissionCache,True,"","D:\Workspace\MM\FlightSim\FlightSimProject\Artifacts\FlightSimVerification\Missions\smoke-00001000\KTEX_CAP_01-00001000"
132.39000000002457,"smoke-00001000","KTEX_CAP_01-00001000","KTEX_CAP_01",1000,Batch,Running,AutomationPilot,2.3238347,56.893031160961982,MissionCache,True,"","D:\Workspace\MM\FlightSim\FlightSimProject\Artifacts\FlightSimVerification\Missions\smoke-00001000\KTEX_CAP_01-00001000"
132.59000000002439,"smoke-00001000","KTEX_CAP_01-00001000","KTEX_CAP_01",1000,Batch,Running,AutomationPilot,2.3272475,56.8955386137592,MissionCache,True,"","D:\Workspace\MM\FlightSim\FlightSimProject\Artifacts\FlightSimVerification\Missions\smoke-00001000\KTEX_CAP_01-00001000"
132.79000000002421,"smoke-00001000","KTEX_CAP_01-00001000","KTEX_CAP_01",1000,Batch,Running,AutomationPilot,2.3301786,56.909800819569952,MissionCache,True,"","D:\Workspace\MM\FlightSim\FlightSimProject\Artifacts\FlightSimVerification\Missions\smoke-00001000\KTEX_CAP_01-00001000"
132.99000000002403,"smoke-00001000","KTEX_CAP_01-00001000","KTEX_CAP_01",1000,Batch,Running,AutomationPilot,2.3330973,56.92432973113646,MissionCache,True,"","D:\Workspace\MM\FlightSim\FlightSimProject\Artifacts\FlightSimVerification\Missions\smoke-00001000\KTEX_CAP_01-00001000"
133.19000000002384,"smoke-00001000","KTEX_CAP_01-00001000","KTEX_CAP_01",1000,Batch,Running,AutomationPilot,2.3361579,56.935363829655529,MissionCache,True,"","D:\Workspace\MM\FlightSim\FlightSimProject\Artifacts\FlightSimVerification\Missions\smoke-00001000\KTEX_CAP_01-00001000"
133.39000000002366,"smoke-00001000","KTEX_CAP_01-00001000","KTEX_CAP_01",1000,Batch,Running,AutomationPilot,2.3390572,56.950296042364343,MissionCache,True,"","D:\Workspace\MM\FlightSim\FlightSimProject\Artifacts\FlightSimVerification\Missions\smoke-00001000\KTEX_CAP_01-00001000"
133.59000000002348,"smoke-00001000","KTEX_CAP_01-00001000","KTEX_CAP_01",1000,Batch,Running,AutomationPilot,2.3430521,56.938554631381713,MissionCache,True,"","D:\Workspace\MM\FlightSim\FlightSimProject\Artifacts\FlightSimVerification\Missions\smoke-00001000\KTEX_CAP_01-00001000"
133.7900000000233,"smoke-00001000","KTEX_CAP_01-00001000","KTEX_CAP_01",1000,Batch,Running,AutomationPilot,2.3461187999999997,56.949375283137186,MissionCache,True,"","D:\Workspace\MM\FlightSim\FlightSimProject\Artifacts\FlightSimVerification\Missions\smoke-00001000\KTEX_CAP_01-00001000"
133.99000000002312,"smoke-00001000","KTEX_CAP_01-00001000","KTEX_CAP_01",1000,Batch,Running,AutomationPilot,2.349125,56.961634651209827,MissionCache,True,"","D:\Workspace\MM\FlightSim\FlightSimProject\Artifacts\FlightSimVerification\Missions\smoke-00001000\KTEX_CAP_01-00001000"
134.19000000002293,"smoke-00001000","KTEX_CAP_01-00001000","KTEX_CAP_01",1000,Batch,Running,AutomationPilot,2.3521294999999998,56.973903860320235,MissionCache,True,"","D:\Workspace\MM\FlightSim\FlightSimProject\Artifacts\FlightSimVerification\Missions\smoke-00001000\KTEX_CAP_01-00001000"
134.39000000002275,"smoke-00001000","KTEX_CAP_01-00001000","KTEX_CAP_01",1000,Batch,Running,AutomationPilot,2.3554882,56.977572632298866,MissionCache,True,"","D:\Workspace\MM\FlightSim\FlightSimProject\Artifacts\FlightSimVerification\Missions\smoke-00001000\KTEX_CAP_01-00001000"
134.59000000002257,"smoke-00001000","KTEX_CAP_01-00001000","KTEX_CAP_01",1000,Batch,Running,AutomationPilot,2.3585689999999997,56.987944808917078,MissionCache,True,"","D:\Workspace\MM\FlightSim\FlightSimProject\Artifacts\FlightSimVerification\Missions\smoke-00001000\KTEX_CAP_01-00001000"
134.79000000002239,"smoke-00001000","KTEX_CAP_01-00001000","KTEX_CAP_01",1000,Batch,Running,AutomationPilot,2.3615705,57.000203889751567,MissionCache,True,"","D:\Workspace\MM\FlightSim\FlightSimProject\Artifacts\FlightSimVerification\Missions\smoke-00001000\KTEX_CAP_01-00001000"
134.99000000002221,"smoke-00001000","KTEX_CAP_01-00001000","KTEX_CAP_01",1000,Batch,Running,AutomationPilot,2.3654523,56.991214745705243,MissionCache,True,"","D:\Workspace\MM\FlightSim\FlightSimProject\Artifacts\FlightSimVerification\Missions\smoke-00001000\KTEX_CAP_01-00001000"
135.19000000002202,"smoke-00001000","KTEX_CAP_01-00001000","KTEX_CAP_01",1000,Batch,Running,AutomationPilot,2.3684588,57.003313716084989,MissionCache,True,"","D:\Workspace\MM\FlightSim\FlightSimProject\Artifacts\FlightSimVerification\Missions\smoke-00001000\KTEX_CAP_01-00001000"
135.39000000002184,"smoke-00001000","KTEX_CAP_01-00001000","KTEX_CAP_01",1000,Batch,Running,AutomationPilot,2.3712746,57.019967236195257,MissionCache,True,"","D:\Workspace\MM\FlightSim\FlightSimProject\Artifacts\FlightSimVerification\Missions\smoke-00001000\KTEX_CAP_01-00001000"
135.59000000002166,"smoke-00001000","KTEX_CAP_01-00001000","KTEX_CAP_01",1000,Batch,Running,AutomationPilot,2.3740408,57.037772897593769,MissionCache,True,"","D:\Workspace\MM\FlightSim\FlightSimProject\Artifacts\FlightSimVerification\Missions\smoke-00001000\KTEX_CAP_01-00001000"
135.79000000002148,"smoke-00001000","KTEX_CAP_01-00001000","KTEX_CAP_01",1000,Batch,Running,AutomationPilot,2.3772279999999997,57.045432747730409,MissionCache,True,"","D:\Workspace\MM\FlightSim\FlightSimProject\Artifacts\FlightSimVerification\Missions\smoke-00001000\KTEX_CAP_01-00001000"
135.9900000000213,"smoke-00001000","KTEX_CAP_01-00001000","KTEX_CAP_01",1000,Batch,Running,AutomationPilot,2.379943,57.064391878301905,MissionCache,True,"","D:\Workspace\MM\FlightSim\FlightSimProject\Artifacts\FlightSimVerification\Missions\smoke-00001000\KTEX_CAP_01-00001000"
136.19000000002112,"smoke-00001000","KTEX_CAP_01-00001000","KTEX_CAP_01",1000,Batch,Running,AutomationPilot,2.3826443999999998,57.0836336299371,MissionCache,True,"","D:\Workspace\MM\FlightSim\FlightSimProject\Artifacts\FlightSimVerification\Missions\smoke-00001000\KTEX_CAP_01-00001000"
136.39000000002093,"smoke-00001000","KTEX_CAP_01-00001000","KTEX_CAP_01",1000,Batch,Running,AutomationPilot,2.3856257999999997,57.0961296612491,MissionCache,True,"","D:\Workspace\MM\FlightSim\FlightSimProject\Artifacts\FlightSimVerification\Missions\smoke-00001000\KTEX_CAP_01-00001000"
136.59000000002075,"smoke-00001000","KTEX_CAP_01-00001000","KTEX_CAP_01",1000,Batch,Running,AutomationPilot,2.3886042,57.108666224408765,MissionCache,True,"","D:\Workspace\MM\FlightSim\FlightSimProject\Artifacts\FlightSimVerification\Missions\smoke-00001000\KTEX_CAP_01-00001000"
136.79000000002057,"smoke-00001000","KTEX_CAP_01-00001000","KTEX_CAP_01",1000,Batch,Running,AutomationPilot,2.3923584,57.102648165099652,MissionCache,True,"","D:\Workspace\MM\FlightSim\FlightSimProject\Artifacts\FlightSimVerification\Missions\smoke-00001000\KTEX_CAP_01-00001000"
136.99000000002039,"smoke-00001000","KTEX_CAP_01-00001000","KTEX_CAP_01",1000,Batch,Running,AutomationPilot,2.3953769,57.1141852457626,MissionCache,True,"","D:\Workspace\MM\FlightSim\FlightSimProject\Artifacts\FlightSimVerification\Missions\smoke-00001000\KTEX_CAP_01-00001000"
137.19000000002021,"smoke-00001000","KTEX_CAP_01-00001000","KTEX_CAP_01",1000,Batch,Running,AutomationPilot,2.3980837999999998,57.133116032067093,MissionCache,True,"","D:\Workspace\MM\FlightSim\FlightSimProject\Artifacts\FlightSimVerification\Missions\smoke-00001000\KTEX_CAP_01-00001000"
137.39000000002002,"smoke-00001000","KTEX_CAP_01-00001000","KTEX_CAP_01",1000,Batch,Running,AutomationPilot,2.4007837,57.152170768245469,MissionCache,True,"","D:\Workspace\MM\FlightSim\FlightSimProject\Artifacts\FlightSimVerification\Missions\smoke-00001000\KTEX_CAP_01-00001000"
137.59000000001984,"smoke-00001000","KTEX_CAP_01-00001000","KTEX_CAP_01",1000,Batch,Running,AutomationPilot,2.403907,57.161113137912579,MissionCache,True,"","D:\Workspace\MM\FlightSim\FlightSimProject\Artifacts\FlightSimVerification\Missions\smoke-00001000\KTEX_CAP_01-00001000"
137.79000000001966,"smoke-00001000","KTEX_CAP_01-00001000","KTEX_CAP_01",1000,Batch,Running,AutomationPilot,2.406824,57.174932608292018,MissionCache,True,"","D:\Workspace\MM\FlightSim\FlightSimProject\Artifacts\FlightSimVerification\Missions\smoke-00001000\KTEX_CAP_01-00001000"
137.99000000001948,"smoke-00001000","KTEX_CAP_01-00001000","KTEX_CAP_01",1000,Batch,Running,AutomationPilot,2.4095735,57.192694059766026,MissionCache,True,"","D:\Workspace\MM\FlightSim\FlightSimProject\Artifacts\FlightSimVerification\Missions\smoke-00001000\KTEX_CAP_01-00001000"
138.1900000000193,"smoke-00001000","KTEX_CAP_01-00001000","KTEX_CAP_01",1000,Batch,Running,AutomationPilot,2.4122969999999997,57.211031643292465,MissionCache,True,"","D:\Workspace\MM\FlightSim\FlightSimProject\Artifacts\FlightSimVerification\Missions\smoke-00001000\KTEX_CAP_01-00001000"
138.39000000001911,"smoke-00001000","KTEX_CAP_01-00001000","KTEX_CAP_01",1000,Batch,Running,AutomationPilot,2.4151078,57.227259172455689,MissionCache,True,"","D:\Workspace\MM\FlightSim\FlightSimProject\Artifacts\FlightSimVerification\Missions\smoke-00001000\KTEX_CAP_01-00001000"
138.59000000001893,"smoke-00001000","KTEX_CAP_01-00001000","KTEX_CAP_01",1000,Batch,Running,AutomationPilot,2.4189293,57.219530971830842,MissionCache,True,"","D:\Workspace\MM\FlightSim\FlightSimProject\Artifacts\FlightSimVerification\Missions\smoke-00001000\KTEX_CAP_01-00001000"
138.79000000001875,"smoke-00001000","KTEX_CAP_01-00001000","KTEX_CAP_01",1000,Batch,Running,AutomationPilot,2.4217139999999997,57.236321051956971,MissionCache,True,"","D:\Workspace\MM\FlightSim\FlightSimProject\Artifacts\FlightSimVerification\Missions\smoke-00001000\KTEX_CAP_01-00001000"
138.99000000001857,"smoke-00001000","KTEX_CAP_01-00001000","KTEX_CAP_01",1000,Batch,Running,AutomationPilot,2.42462,57.250208280068108,MissionCache,True,"","D:\Workspace\MM\FlightSim\FlightSimProject\Artifacts\FlightSimVerification\Missions\smoke-00001000\KTEX_CAP_01-00001000"
139.19000000001839,"smoke-00001000","KTEX_CAP_01-00001000","KTEX_CAP_01",1000,Batch,Running,AutomationPilot,2.4276705,57.260653783130188,MissionCache,True,"","D:\Workspace\MM\FlightSim\FlightSimProject\Artifacts\FlightSimVerification\Missions\smoke-00001000\KTEX_CAP_01-00001000"
139.3900000000182,"smoke-00001000","KTEX_CAP_01-00001000","KTEX_CAP_01",1000,Batch,Running,AutomationPilot,2.4304704,57.276978152055818,MissionCache,True,"","D:\Workspace\MM\FlightSim\FlightSimProject\Artifacts\FlightSimVerification\Missions\smoke-00001000\KTEX_CAP_01-00001000"
139.59000000001802,"smoke-00001000","KTEX_CAP_01-00001000","KTEX_CAP_01",1000,Batch,Running,AutomationPilot,2.4333339,57.291767480006826,MissionCache,True,"","D:\Workspace\MM\FlightSim\FlightSimProject\Artifacts\FlightSimVerification\Missions\smoke-00001000\KTEX_CAP_01-00001000"
139.79000000001784,"smoke-00001000","KTEX_CAP_01-00001000","KTEX_CAP_01",1000,Batch,Running,AutomationPilot,2.4361728,57.307100711418336,MissionCache,True,"","D:\Workspace\MM\FlightSim\FlightSimProject\Artifacts\FlightSimVerification\Missions\smoke-00001000\KTEX_CAP_01-00001000"
139.99000000001766,"smoke-00001000","KTEX_CAP_01-00001000","KTEX_CAP_01",1000,Batch,Running,AutomationPilot,2.4389285999999997,57.3243513565825,MissionCache,True,"","D:\Workspace\MM\FlightSim\FlightSimProject\Artifacts\FlightSimVerification\Missions\smoke-00001000\KTEX_CAP_01-00001000"
140.19000000001748,"smoke-00001000","KTEX_CAP_01-00001000","KTEX_CAP_01",1000,Batch,Running,AutomationPilot,2.4417027,57.34113330014241,MissionCache,True,"","D:\Workspace\MM\FlightSim\FlightSimProject\Artifacts\FlightSimVerification\Missions\smoke-00001000\KTEX_CAP_01-00001000"
140.3900000000173,"smoke-00001000","KTEX_CAP_01-00001000","KTEX_CAP_01",1000,Batch,Running,AutomationPilot,2.4456018999999998,57.331489642700014,MissionCache,True,"","D:\Workspace\MM\FlightSim\FlightSimProject\Artifacts\FlightSimVerification\Missions\smoke-00001000\KTEX_CAP_01-00001000"
140.59000000001711,"smoke-00001000","KTEX_CAP_01-00001000","KTEX_CAP_01",1000,Batch,Running,AutomationPilot,2.4484323,57.346899074978417,MissionCache,True,"","D:\Workspace\MM\FlightSim\FlightSimProject\Artifacts\FlightSimVerification\Missions\smoke-00001000\KTEX_CAP_01-00001000"
140.79000000001693,"smoke-00001000","KTEX_CAP_01-00001000","KTEX_CAP_01",1000,Batch,Running,AutomationPilot,2.4516274,57.353739805656069,MissionCache,True,"","D:\Workspace\MM\FlightSim\FlightSimProject\Artifacts\FlightSimVerification\Missions\smoke-00001000\KTEX_CAP_01-00001000"
140.99000000001675,"smoke-00001000","KTEX_CAP_01-00001000","KTEX_CAP_01",1000,Batch,Running,AutomationPilot,2.4544102999999997,57.370196010022013,MissionCache,True,"","D:\Workspace\MM\FlightSim\FlightSimProject\Artifacts\FlightSimVerification\Missions\smoke-00001000\KTEX_CAP_01-00001000"
141.19000000001657,"smoke-00001000","KTEX_CAP_01-00001000","KTEX_CAP_01",1000,Batch,Running,AutomationPilot,2.4572081,57.386266958837041,MissionCache,True,"","D:\Workspace\MM\FlightSim\FlightSimProject\Artifacts\FlightSimVerification\Missions\smoke-00001000\KTEX_CAP_01-00001000"
141.39000000001639,"smoke-00001000","KTEX_CAP_01-00001000","KTEX_CAP_01",1000,Batch,Running,AutomationPilot,2.4601452,57.399051080406373,MissionCache,True,"","D:\Workspace\MM\FlightSim\FlightSimProject\Artifacts\FlightSimVerification\Missions\smoke-00001000\KTEX_CAP_01-00001000"
141.5900000000162,"smoke-00001000","KTEX_CAP_01-00001000","KTEX_CAP_01",1000,Batch,Running,AutomationPilot,2.4629494,57.414902636658461,MissionCache,True,"","D:\Workspace\MM\FlightSim\FlightSimProject\Artifacts\FlightSimVerification\Missions\smoke-00001000\KTEX_CAP_01-00001000"
141.79000000001602,"smoke-00001000","KTEX_CAP_01-00001000","KTEX_CAP_01",1000,Batch,Running,AutomationPilot,2.4661443999999997,57.42161732298247,MissionCache,True,"","D:\Workspace\MM\FlightSim\FlightSimProject\Artifacts\FlightSimVerification\Missions\smoke-00001000\KTEX_CAP_01-00001000"
141.99000000001584,"smoke-00001000","KTEX_CAP_01-00001000","KTEX_CAP_01",1000,Batch,Running,AutomationPilot,2.4689364,57.437688552858631,MissionCache,True,"","D:\Workspace\MM\FlightSim\FlightSimProject\Artifacts\FlightSimVerification\Missions\smoke-00001000\KTEX_CAP_01-00001000"
142.19000000001566,"smoke-00001000","KTEX_CAP_01-00001000","KTEX_CAP_01",1000,Batch,Running,AutomationPilot,2.4727219,57.430639490844413,MissionCache,True,"","D:\Workspace\MM\FlightSim\FlightSimProject\Artifacts\FlightSimVerification\Missions\smoke-00001000\KTEX_CAP_01-00001000"
142.39000000001548,"smoke-00001000","KTEX_CAP_01-00001000","KTEX_CAP_01",1000,Batch,Running,AutomationPilot,2.4760136,57.435064169282285,MissionCache,True,"","D:\Workspace\MM\FlightSim\FlightSimProject\Artifacts\FlightSimVerification\Missions\smoke-00001000\KTEX_CAP_01-00001000"
142.59000000001529,"smoke-00001000","KTEX_CAP_01-00001000","KTEX_CAP_01",1000,Batch,Running,AutomationPilot,2.478819,57.4507456978567,MissionCache,True,"","D:\Workspace\MM\FlightSim\FlightSimProject\Artifacts\FlightSimVerification\Missions\smoke-00001000\KTEX_CAP_01-00001000"
142.79000000001511,"smoke-00001000","KTEX_CAP_01-00001000","KTEX_CAP_01",1000,Batch,Running,AutomationPilot,2.4815641,57.467788158289075,MissionCache,True,"","D:\Workspace\MM\FlightSim\FlightSimProject\Artifacts\FlightSimVerification\Missions\smoke-00001000\KTEX_CAP_01-00001000"
142.99000000001493,"smoke-00001000","KTEX_CAP_01-00001000","KTEX_CAP_01",1000,Batch,Running,AutomationPilot,2.4843509999999998,57.483825755706462,MissionCache,True,"","D:\Workspace\MM\FlightSim\FlightSimProject\Artifacts\FlightSimVerification\Missions\smoke-00001000\KTEX_CAP_01-00001000"
143.19000000001475,"smoke-00001000","KTEX_CAP_01-00001000","KTEX_CAP_01",1000,Batch,Running,AutomationPilot,2.4876378,57.488272609467067,MissionCache,True,"","D:\Workspace\MM\FlightSim\FlightSimProject\Artifacts\FlightSimVerification\Missions\smoke-00001000\KTEX_CAP_01-00001000"
143.39000000001457,"smoke-00001000","KTEX_CAP_01-00001000","KTEX_CAP_01",1000,Batch,Running,AutomationPilot,2.4903809,57.505259536810108,MissionCache,True,"","D:\Workspace\MM\FlightSim\FlightSimProject\Artifacts\FlightSimVerification\Missions\smoke-00001000\KTEX_CAP_01-00001000"
143.59000000001438,"smoke-00001000","KTEX_CAP_01-00001000","KTEX_CAP_01",1000,Batch,Running,AutomationPilot,2.4932189,57.520019601975,MissionCache,True,"","D:\Workspace\MM\FlightSim\FlightSimProject\Artifacts\FlightSimVerification\Missions\smoke-00001000\KTEX_CAP_01-00001000"
143.7900000000142,"smoke-00001000","KTEX_CAP_01-00001000","KTEX_CAP_01",1000,Batch,Running,AutomationPilot,2.4964694,57.525239444158366,MissionCache,True,"","D:\Workspace\MM\FlightSim\FlightSimProject\Artifacts\FlightSimVerification\Missions\smoke-00001000\KTEX_CAP_01-00001000"
143.99000000001402,"smoke-00001000","KTEX_CAP_01-00001000","KTEX_CAP_01",1000,Batch,Running,AutomationPilot,2.5023752999999997,57.469397176360474,MissionCache,True,"","D:\Workspace\MM\FlightSim\FlightSimProject\Artifacts\FlightSimVerification\Missions\smoke-00001000\KTEX_CAP_01-00001000"
144.19000000001384,"smoke-00001000","KTEX_CAP_01-00001000","KTEX_CAP_01",1000,Batch,Running,AutomationPilot,2.505366,57.480623589533025,MissionCache,True,"","D:\Workspace\MM\FlightSim\FlightSimProject\Artifacts\FlightSimVerification\Missions\smoke-00001000\KTEX_CAP_01-00001000"
144.39000000001366,"smoke-00001000","KTEX_CAP_01-00001000","KTEX_CAP_01",1000,Batch,Running,AutomationPilot,2.5081048,57.497597389077931,MissionCache,True,"","D:\Workspace\MM\FlightSim\FlightSimProject\Artifacts\FlightSimVerification\Missions\smoke-00001000\KTEX_CAP_01-00001000"
144.59000000001348,"smoke-00001000","KTEX_CAP_01-00001000","KTEX_CAP_01",1000,Batch,Running,AutomationPilot,2.5110481,57.509850169741327,MissionCache,True,"","D:\Workspace\MM\FlightSim\FlightSimProject\Artifacts\FlightSimVerification\Missions\smoke-00001000\KTEX_CAP_01-00001000"
144.79000000001329,"smoke-00001000","KTEX_CAP_01-00001000","KTEX_CAP_01",1000,Batch,Running,AutomationPilot,2.5139584999999998,57.522827047468553,MissionCache,True,"","D:\Workspace\MM\FlightSim\FlightSimProject\Artifacts\FlightSimVerification\Missions\smoke-00001000\KTEX_CAP_01-00001000"
144.99000000001311,"smoke-00001000","KTEX_CAP_01-00001000","KTEX_CAP_01",1000,Batch,Running,AutomationPilot,2.5167355,57.538823607015232,MissionCache,True,"","D:\Workspace\MM\FlightSim\FlightSimProject\Artifacts\FlightSimVerification\Missions\smoke-00001000\KTEX_CAP_01-00001000"
145.19000000001293,"smoke-00001000","KTEX_CAP_01-00001000","KTEX_CAP_01",1000,Batch,Running,AutomationPilot,2.5194783,57.555566166223024,MissionCache,True,"","D:\Workspace\MM\FlightSim\FlightSimProject\Artifacts\FlightSimVerification\Missions\smoke-00001000\KTEX_CAP_01-00001000"
145.39000000001275,"smoke-00001000","KTEX_CAP_01-00001000","KTEX_CAP_01",1000,Batch,Running,AutomationPilot,2.5222195,57.5723088335543,MissionCache,True,"","D:\Workspace\MM\FlightSim\FlightSimProject\Artifacts\FlightSimVerification\Missions\smoke-00001000\KTEX_CAP_01-00001000"
145.59000000001257,"smoke-00001000","KTEX_CAP_01-00001000","KTEX_CAP_01",1000,Batch,Running,AutomationPilot,2.5252868,57.581578456756965,MissionCache,True,"","D:\Workspace\MM\FlightSim\FlightSimProject\Artifacts\FlightSimVerification\Missions\smoke-00001000\KTEX_CAP_01-00001000"
145.79000000001238,"smoke-00001000","KTEX_CAP_01-00001000","KTEX_CAP_01",1000,Batch,Running,AutomationPilot,2.5307135,57.537133302530115,MissionCache,True,"","D:\Workspace\MM\FlightSim\FlightSimProject\Artifacts\FlightSimVerification\Missions\smoke-00001000\KTEX_CAP_01-00001000"
145.9900000000122,"smoke-00001000","KTEX_CAP_01-00001000","KTEX_CAP_01",1000,Batch,Running,AutomationPilot,2.5335460999999997,57.551745358023041,MissionCache,True,"","D:\Workspace\MM\FlightSim\FlightSimProject\Artifacts\FlightSimVerification\Missions\smoke-00001000\KTEX_CAP_01-00001000"
146.19000000001202,"smoke-00001000","KTEX_CAP_01-00001000","KTEX_CAP_01",1000,Batch,Running,AutomationPilot,2.5363178,57.567707012115036,MissionCache,True,"","D:\Workspace\MM\FlightSim\FlightSimProject\Artifacts\FlightSimVerification\Missions\smoke-00001000\KTEX_CAP_01-00001000"
146.39000000001184,"smoke-00001000","KTEX_CAP_01-00001000","KTEX_CAP_01",1000,Batch,Running,AutomationPilot,2.5390373,57.584817678736741,MissionCache,True,"","D:\Workspace\MM\FlightSim\FlightSimProject\Artifacts\FlightSimVerification\Missions\smoke-00001000\KTEX_CAP_01-00001000"
146.59000000001166,"smoke-00001000","KTEX_CAP_01-00001000","KTEX_CAP_01",1000,Batch,Running,AutomationPilot,2.5418105,57.6006747946048,MissionCache,True,"","D:\Workspace\MM\FlightSim\FlightSimProject\Artifacts\FlightSimVerification\Missions\smoke-00001000\KTEX_CAP_01-00001000"
146.79000000001147,"smoke-00001000","KTEX_CAP_01-00001000","KTEX_CAP_01",1000,Batch,Running,AutomationPilot,2.5451006,57.604795661126964,MissionCache,True,"","D:\Workspace\MM\FlightSim\FlightSimProject\Artifacts\FlightSimVerification\Missions\smoke-00001000\KTEX_CAP_01-00001000"
146.99000000001129,"smoke-00001000","KTEX_CAP_01-00001000","KTEX_CAP_01",1000,Batch,Running,AutomationPilot,2.5479225,57.619491958649242,MissionCache,True,"","D:\Workspace\MM\FlightSim\FlightSimProject\Artifacts\FlightSimVerification\Missions\smoke-00001000\KTEX_CAP_01-00001000"
147.19000000001111,"smoke-00001000","KTEX_CAP_01-00001000","KTEX_CAP_01",1000,Batch,Running,AutomationPilot,2.5506919,57.63534200269789,MissionCache,True,"","D:\Workspace\MM\FlightSim\FlightSimProject\Artifacts\FlightSimVerification\Missions\smoke-00001000\KTEX_CAP_01-00001000"
147.39000000001093,"smoke-00001000","KTEX_CAP_01-00001000","KTEX_CAP_01",1000,Batch,Running,AutomationPilot,2.5534247,57.651984019740667,MissionCache,True,"","D:\Workspace\MM\FlightSim\FlightSimProject\Artifacts\FlightSimVerification\Missions\smoke-00001000\KTEX_CAP_01-00001000"
147.59000000001075,"smoke-00001000","KTEX_CAP_01-00001000","KTEX_CAP_01",1000,Batch,Running,AutomationPilot,2.5571683999999997,57.645792901246132,MissionCache,True,"","D:\Workspace\MM\FlightSim\FlightSimProject\Artifacts\FlightSimVerification\Missions\smoke-00001000\KTEX_CAP_01-00001000"
147.79000000001056,"smoke-00001000","KTEX_CAP_01-00001000","KTEX_CAP_01",1000,Batch,Running,AutomationPilot,2.5600638,57.658719286609468,MissionCache,True,"","D:\Workspace\MM\FlightSim\FlightSimProject\Artifacts\FlightSimVerification\Missions\smoke-00001000\KTEX_CAP_01-00001000"
147.99000000001038,"smoke-00001000","KTEX_CAP_01-00001000","KTEX_CAP_01",1000,Batch,Running,AutomationPilot,2.5629105,57.672712332330974,MissionCache,True,"","D:\Workspace\MM\FlightSim\FlightSimProject\Artifacts\FlightSimVerification\Missions\smoke-00001000\KTEX_CAP_01-00001000"
148.1900000000102,"smoke-00001000","KTEX_CAP_01-00001000","KTEX_CAP_01",1000,Batch,Running,AutomationPilot,2.5656982,57.688000872437129,MissionCache,True,"","D:\Workspace\MM\FlightSim\FlightSimProject\Artifacts\FlightSimVerification\Missions\smoke-00001000\KTEX_CAP_01-00001000"
148.39000000001002,"smoke-00001000","KTEX_CAP_01-00001000","KTEX_CAP_01",1000,Batch,Running,AutomationPilot,2.5685933999999997,57.700841246423117,MissionCache,True,"","D:\Workspace\MM\FlightSim\FlightSimProject\Artifacts\FlightSimVerification\Missions\smoke-00001000\KTEX_CAP_01-00001000"
148.59000000000984,"smoke-00001000","KTEX_CAP_01-00001000","KTEX_CAP_01",1000,Batch,Running,AutomationPilot,2.5713775,57.716146306798592,MissionCache,True,"","D:\Workspace\MM\FlightSim\FlightSimProject\Artifacts\FlightSimVerification\Missions\smoke-00001000\KTEX_CAP_01-00001000"
148.79000000000966,"smoke-00001000","KTEX_CAP_01-00001000","KTEX_CAP_01",1000,Batch,Running,AutomationPilot,2.5746464,57.720547567234796,MissionCache,True,"","D:\Workspace\MM\FlightSim\FlightSimProject\Artifacts\FlightSimVerification\Missions\smoke-00001000\KTEX_CAP_01-00001000"
148.99000000000947,"smoke-00001000","KTEX_CAP_01-00001000","KTEX_CAP_01",1000,Batch,Running,AutomationPilot,2.5790954,57.698524839371835,MissionCache,True,"","D:\Workspace\MM\FlightSim\FlightSimProject\Artifacts\FlightSimVerification\Missions\smoke-00001000\KTEX_CAP_01-00001000"
149.19000000000929,"smoke-00001000","KTEX_CAP_01-00001000","KTEX_CAP_01",1000,Batch,Running,AutomationPilot,2.5835546,57.676350250159011,MissionCache,True,"","D:\Workspace\MM\FlightSim\FlightSimProject\Artifacts\FlightSimVerification\Missions\smoke-00001000\KTEX_CAP_01-00001000"
149.39000000000911,"smoke-00001000","KTEX_CAP_01-00001000","KTEX_CAP_01",1000,Batch,Running,AutomationPilot,2.5875649999999997,57.664251912515937,MissionCache,True,"","D:\Workspace\MM\FlightSim\FlightSimProject\Artifacts\FlightSimVerification\Missions\smoke-00001000\KTEX_CAP_01-00001000"
149.59000000000893,"smoke-00001000","KTEX_CAP_01-00001000","KTEX_CAP_01",1000,Batch,Running,AutomationPilot,2.5908007,57.669430149532189,MissionCache,True,"","D:\Workspace\MM\FlightSim\FlightSimProject\Artifacts\FlightSimVerification\Missions\smoke-00001000\KTEX_CAP_01-00001000"
149.79000000000875,"smoke-00001000","KTEX_CAP_01-00001000","KTEX_CAP_01",1000,Batch,Running,AutomationPilot,2.5935846,57.684642328616896,MissionCache,True,"","D:\Workspace\MM\FlightSim\FlightSimProject\Artifacts\FlightSimVerification\Missions\smoke-00001000\KTEX_CAP_01-00001000"
149.99000000000856,"smoke-00001000","KTEX_CAP_01-00001000","KTEX_CAP_01",1000,Batch,Running,AutomationPilot,2.5963821,57.69951965082825,MissionCache,True,"","D:\Workspace\MM\FlightSim\FlightSimProject\Artifacts\FlightSimVerification\Missions\smoke-00001000\KTEX_CAP_01-00001000"
150.19000000000838,"smoke-00001000","KTEX_CAP_01-00001000","KTEX_CAP_01",1000,Batch,Running,AutomationPilot,2.5990778999999997,57.716623268586353,MissionCache,True,"","D:\Workspace\MM\FlightSim\FlightSimProject\Artifacts\FlightSimVerification\Missions\smoke-00001000\KTEX_CAP_01-00001000"
150.3900000000082,"smoke-00001000","KTEX_CAP_01-00001000","KTEX_CAP_01",1000,Batch,Running,AutomationPilot,2.6017489,57.734241763303274,MissionCache,True,"","D:\Workspace\MM\FlightSim\FlightSimProject\Artifacts\FlightSimVerification\Missions\smoke-00001000\KTEX_CAP_01-00001000"
150.59000000000802,"smoke-00001000","KTEX_CAP_01-00001000","KTEX_CAP_01",1000,Batch,Running,AutomationPilot,2.6048812,57.741596814475912,MissionCache,True,"","D:\Workspace\MM\FlightSim\FlightSimProject\Artifacts\FlightSimVerification\Missions\smoke-00001000\KTEX_CAP_01-00001000"
150.79000000000784,"smoke-00001000","KTEX_CAP_01-00001000","KTEX_CAP_01",1000,Batch,Running,AutomationPilot,2.6077602,57.754543535102655,MissionCache,True,"","D:\Workspace\MM\FlightSim\FlightSimProject\Artifacts\FlightSimVerification\Missions\smoke-00001000\KTEX_CAP_01-00001000"
150.99000000000765,"smoke-00001000","KTEX_CAP_01-00001000","KTEX_CAP_01",1000,Batch,Running,AutomationPilot,2.6104985999999997,57.770573023869019,MissionCache,True,"","D:\Workspace\MM\FlightSim\FlightSimProject\Artifacts\FlightSimVerification\Missions\smoke-00001000\KTEX_CAP_01-00001000"
151.19000000000747,"smoke-00001000","KTEX_CAP_01-00001000","KTEX_CAP_01",1000,Batch,Running,AutomationPilot,2.61422,57.764839990516343,MissionCache,True,"","D:\Workspace\MM\FlightSim\FlightSimProject\Artifacts\FlightSimVerification\Missions\smoke-00001000\KTEX_CAP_01-00001000"
151.39000000000729,"smoke-00001000","KTEX_CAP_01-00001000","KTEX_CAP_01",1000,Batch,Running,AutomationPilot,2.6170662,57.778439078081959,MissionCache,True,"","D:\Workspace\MM\FlightSim\FlightSimProject\Artifacts\FlightSimVerification\Missions\smoke-00001000\KTEX_CAP_01-00001000"
151.59000000000711,"smoke-00001000","KTEX_CAP_01-00001000","KTEX_CAP_01",1000,Batch,Running,AutomationPilot,2.6198679,57.792990249625667,MissionCache,True,"","D:\Workspace\MM\FlightSim\FlightSimProject\Artifacts\FlightSimVerification\Missions\smoke-00001000\KTEX_CAP_01-00001000"
151.79000000000693,"smoke-00001000","KTEX_CAP_01-00001000","KTEX_CAP_01",1000,Batch,Running,AutomationPilot,2.6225584,57.809961448334988,MissionCache,True,"","D:\Workspace\MM\FlightSim\FlightSimProject\Artifacts\FlightSimVerification\Missions\smoke-00001000\KTEX_CAP_01-00001000"
151.99000000000675,"smoke-00001000","KTEX_CAP_01-00001000","KTEX_CAP_01",1000,Batch,Running,AutomationPilot,2.6259552999999998,57.811342028558869,MissionCache,True,"","D:\Workspace\MM\FlightSim\FlightSimProject\Artifacts\FlightSimVerification\Missions\smoke-00001000\KTEX_CAP_01-00001000"
152.19000000000656,"smoke-00001000","KTEX_CAP_01-00001000","KTEX_CAP_01",1000,Batch,Running,AutomationPilot,2.6288695,57.823334326792079,MissionCache,True,"","D:\Workspace\MM\FlightSim\FlightSimProject\Artifacts\FlightSimVerification\Missions\smoke-00001000\KTEX_CAP_01-00001000"
152.39000000000638,"smoke-00001000","KTEX_CAP_01-00001000","KTEX_CAP_01",1000,Batch,Running,AutomationPilot,2.6317284,57.836515348622804,MissionCache,True,"","D:\Workspace\MM\FlightSim\FlightSimProject\Artifacts\FlightSimVerification\Missions\smoke-00001000\KTEX_CAP_01-00001000"
152.5900000000062,"smoke-00001000","KTEX_CAP_01-00001000","KTEX_CAP_01",1000,Batch,Running,AutomationPilot,2.6345074,57.851422243113213,MissionCache,True,"","D:\Workspace\MM\FlightSim\FlightSimProject\Artifacts\FlightSimVerification\Missions\smoke-00001000\KTEX_CAP_01-00001000"
152.79000000000602,"smoke-00001000","KTEX_CAP_01-00001000","KTEX_CAP_01",1000,Batch,Running,AutomationPilot,2.637645,57.858430531783533,MissionCache,True,"","D:\Workspace\MM\FlightSim\FlightSimProject\Artifacts\FlightSimVerification\Missions\smoke-00001000\KTEX_CAP_01-00001000"
152.99000000000584,"smoke-00001000","KTEX_CAP_01-00001000","KTEX_CAP_01",1000,Batch,Running,AutomationPilot,2.6414244,57.851362318000092,MissionCache,True,"","D:\Workspace\MM\FlightSim\FlightSimProject\Artifacts\FlightSimVerification\Missions\smoke-00001000\KTEX_CAP_01-00001000"
153.19000000000565,"smoke-00001000","KTEX_CAP_01-00001000","KTEX_CAP_01",1000,Batch,Running,AutomationPilot,2.6443412,57.863183465131435,MissionCache,True,"","D:\Workspace\MM\FlightSim\FlightSimProject\Artifacts\FlightSimVerification\Missions\smoke-00001000\KTEX_CAP_01-00001000"
153.39000000000547,"smoke-00001000","KTEX_CAP_01-00001000","KTEX_CAP_01",1000,Batch,Running,AutomationPilot,2.6472531,57.875085687879881,MissionCache,True,"","D:\Workspace\MM\FlightSim\FlightSimProject\Artifacts\FlightSimVerification\Missions\smoke-00001000\KTEX_CAP_01-00001000"
153.59000000000529,"smoke-00001000","KTEX_CAP_01-00001000","KTEX_CAP_01",1000,Batch,Running,AutomationPilot,2.6499688999999997,57.8912454406561,MissionCache,True,"","D:\Workspace\MM\FlightSim\FlightSimProject\Artifacts\FlightSimVerification\Missions\smoke-00001000\KTEX_CAP_01-00001000"
153.79000000000511,"smoke-00001000","KTEX_CAP_01-00001000","KTEX_CAP_01",1000,Batch,Running,AutomationPilot,2.6531431,57.897367088871036,MissionCache,True,"","D:\Workspace\MM\FlightSim\FlightSimProject\Artifacts\FlightSimVerification\Missions\smoke-00001000\KTEX_CAP_01-00001000"
153.99000000000493,"smoke-00001000","KTEX_CAP_01-00001000","KTEX_CAP_01",1000,Batch,Running,AutomationPilot,2.6560251,57.909844300795612,MissionCache,True,"","D:\Workspace\MM\FlightSim\FlightSimProject\Artifacts\FlightSimVerification\Missions\smoke-00001000\KTEX_CAP_01-00001000"
154.19000000000474,"smoke-00001000","KTEX_CAP_01-00001000","KTEX_CAP_01",1000,Batch,Running,AutomationPilot,2.6587093999999998,57.926601530804732,MissionCache,True,"","D:\Workspace\MM\FlightSim\FlightSimProject\Artifacts\FlightSimVerification\Missions\smoke-00001000\KTEX_CAP_01-00001000"
154.39000000000456,"smoke-00001000","KTEX_CAP_01-00001000","KTEX_CAP_01",1000,Batch,Running,AutomationPilot,2.6615230999999997,57.940507824262262,MissionCache,True,"","D:\Workspace\MM\FlightSim\FlightSimProject\Artifacts\FlightSimVerification\Missions\smoke-00001000\KTEX_CAP_01-00001000"
154.59000000000438,"smoke-00001000","KTEX_CAP_01-00001000","KTEX_CAP_01",1000,Batch,Running,AutomationPilot,2.6643195,57.954761056248906,MissionCache,True,"","D:\Workspace\MM\FlightSim\FlightSimProject\Artifacts\FlightSimVerification\Missions\smoke-00001000\KTEX_CAP_01-00001000"
154.7900000000042,"smoke-00001000","KTEX_CAP_01-00001000","KTEX_CAP_01",1000,Batch,Running,AutomationPilot,2.6682322,57.944732096406142,MissionCache,True,"","D:\Workspace\MM\FlightSim\FlightSimProject\Artifacts\FlightSimVerification\Missions\smoke-00001000\KTEX_CAP_01-00001000"
154.99000000000402,"smoke-00001000","KTEX_CAP_01-00001000","KTEX_CAP_01",1000,Batch,Running,AutomationPilot,2.670938,57.960911110630114,MissionCache,True,"","D:\Workspace\MM\FlightSim\FlightSimProject\Artifacts\FlightSimVerification\Missions\smoke-00001000\KTEX_CAP_01-00001000"
155.19000000000383,"smoke-00001000","KTEX_CAP_01-00001000","KTEX_CAP_01",1000,Batch,Running,AutomationPilot,2.6737473,57.974813102197054,MissionCache,True,"","D:\Workspace\MM\FlightSim\FlightSimProject\Artifacts\FlightSimVerification\Missions\smoke-00001000\KTEX_CAP_01-00001000"
155.39000000000365,"smoke-00001000","KTEX_CAP_01-00001000","KTEX_CAP_01",1000,Batch,Running,AutomationPilot,2.6769078,57.981078018452415,MissionCache,True,"","D:\Workspace\MM\FlightSim\FlightSimProject\Artifacts\FlightSimVerification\Missions\smoke-00001000\KTEX_CAP_01-00001000"
155.59000000000347,"smoke-00001000","KTEX_CAP_01-00001000","KTEX_CAP_01",1000,Batch,Running,AutomationPilot,2.679601,57.997440663741969,MissionCache,True,"","D:\Workspace\MM\FlightSim\FlightSimProject\Artifacts\FlightSimVerification\Missions\smoke-00001000\KTEX_CAP_01-00001000"
155.79000000000329,"smoke-00001000","KTEX_CAP_01-00001000","KTEX_CAP_01",1000,Batch,Running,AutomationPilot,2.68247,58.009968424624866,MissionCache,True,"","D:\Workspace\MM\FlightSim\FlightSimProject\Artifacts\FlightSimVerification\Missions\smoke-00001000\KTEX_CAP_01-00001000"
155.99000000000311,"smoke-00001000","KTEX_CAP_01-00001000","KTEX_CAP_01",1000,Batch,Running,AutomationPilot,2.6858754,58.010881666365933,MissionCache,True,"","D:\Workspace\MM\FlightSim\FlightSimProject\Artifacts\FlightSimVerification\Missions\smoke-00001000\KTEX_CAP_01-00001000"
156.19000000000293,"smoke-00001000","KTEX_CAP_01-00001000","KTEX_CAP_01",1000,Batch,Running,AutomationPilot,2.689912,57.998179866108288,MissionCache,True,"","D:\Workspace\MM\FlightSim\FlightSimProject\Artifacts\FlightSimVerification\Missions\smoke-00001000\KTEX_CAP_01-00001000"
156.39000000000274,"smoke-00001000","KTEX_CAP_01-00001000","KTEX_CAP_01",1000,Batch,Running,AutomationPilot,2.6926704999999997,58.0130394714106,MissionCache,True,"","D:\Workspace\MM\FlightSim\FlightSimProject\Artifacts\FlightSimVerification\Missions\smoke-00001000\KTEX_CAP_01-00001000"
156.59000000000256,"smoke-00001000","KTEX_CAP_01-00001000","KTEX_CAP_01",1000,Batch,Running,AutomationPilot,2.6965281,58.004216607274635,MissionCache,True,"","D:\Workspace\MM\FlightSim\FlightSimProject\Artifacts\FlightSimVerification\Missions\smoke-00001000\KTEX_CAP_01-00001000"
156.79000000000238,"smoke-00001000","KTEX_CAP_01-00001000","KTEX_CAP_01",1000,Batch,Running,AutomationPilot,2.6994295999999998,58.015960112463226,MissionCache,True,"","D:\Workspace\MM\FlightSim\FlightSimProject\Artifacts\FlightSimVerification\Missions\smoke-00001000\KTEX_CAP_01-00001000"
156.9900000000022,"smoke-00001000","KTEX_CAP_01-00001000","KTEX_CAP_01",1000,Batch,Running,AutomationPilot,2.7023265,58.02777717644495,MissionCache,True,"","D:\Workspace\MM\FlightSim\FlightSimProject\Artifacts\FlightSimVerification\Missions\smoke-00001000\KTEX_CAP_01-00001000"
157.19000000000202,"smoke-00001000","KTEX_CAP_01-00001000","KTEX_CAP_01",1000,Batch,Running,AutomationPilot,2.7051472,58.04120382062839,MissionCache,True,"","D:\Workspace\MM\FlightSim\FlightSimProject\Artifacts\FlightSimVerification\Missions\smoke-00001000\KTEX_CAP_01-00001000"
157.39000000000183,"smoke-00001000","KTEX_CAP_01-00001000","KTEX_CAP_01",1000,Batch,Running,AutomationPilot,2.7078678999999997,58.056746416618779,MissionCache,True,"","D:\Workspace\MM\FlightSim\FlightSimProject\Artifacts\FlightSimVerification\Missions\smoke-00001000\KTEX_CAP_01-00001000"
157.59000000000165,"smoke-00001000","KTEX_CAP_01-00001000","KTEX_CAP_01",1000,Batch,Running,AutomationPilot,2.7106037,58.071934307476155,MissionCache,True,"","D:\Workspace\MM\FlightSim\FlightSimProject\Artifacts\FlightSimVerification\Missions\smoke-00001000\KTEX_CAP_01-00001000"
157.79000000000147,"smoke-00001000","KTEX_CAP_01-00001000","KTEX_CAP_01",1000,Batch,Running,AutomationPilot,2.7134671,58.084360042545434,MissionCache,True,"","D:\Workspace\MM\FlightSim\FlightSimProject\Artifacts\FlightSimVerification\Missions\smoke-00001000\KTEX_CAP_01-00001000"
157.99000000000129,"smoke-00001000","KTEX_CAP_01-00001000","KTEX_CAP_01",1000,Batch,Running,AutomationPilot,2.7163161,58.097067568830248,MissionCache,True,"","D:\Workspace\MM\FlightSim\FlightSimProject\Artifacts\FlightSimVerification\Missions\smoke-00001000\KTEX_CAP_01-00001000"
158.19000000000111,"smoke-00001000","KTEX_CAP_01-00001000","KTEX_CAP_01",1000,Batch,Running,AutomationPilot,2.7191099,58.110928138653492,MissionCache,True,"","D:\Workspace\MM\FlightSim\FlightSimProject\Artifacts\FlightSimVerification\Missions\smoke-00001000\KTEX_CAP_01-00001000"
158.39000000000092,"smoke-00001000","KTEX_CAP_01-00001000","KTEX_CAP_01",1000,Batch,Running,AutomationPilot,2.7227316,58.107086280557766,MissionCache,True,"","D:\Workspace\MM\FlightSim\FlightSimProject\Artifacts\FlightSimVerification\Missions\smoke-00001000\KTEX_CAP_01-00001000"
158.59000000000074,"smoke-00001000","KTEX_CAP_01-00001000","KTEX_CAP_01",1000,Batch,Running,AutomationPilot,2.7259043999999997,58.112823032238744,MissionCache,True,"","D:\Workspace\MM\FlightSim\FlightSimProject\Artifacts\FlightSimVerification\Missions\smoke-00001000\KTEX_CAP_01-00001000"
158.79000000000056,"smoke-00001000","KTEX_CAP_01-00001000","KTEX_CAP_01",1000,Batch,Running,AutomationPilot,2.7285846,58.129038769771228,MissionCache,True,"","D:\Workspace\MM\FlightSim\FlightSimProject\Artifacts\FlightSimVerification\Missions\smoke-00001000\KTEX_CAP_01-00001000"
158.99000000000038,"smoke-00001000","KTEX_CAP_01-00001000","KTEX_CAP_01",1000,Batch,Running,AutomationPilot,2.7311243999999997,58.14821177680539,MissionCache,True,"","D:\Workspace\MM\FlightSim\FlightSimProject\Artifacts\FlightSimVerification\Missions\smoke-00001000\KTEX_CAP_01-00001000"
159.1900000000002,"smoke-00001000","KTEX_CAP_01-00001000","KTEX_CAP_01",1000,Batch,Running,AutomationPilot,2.7336275999999997,58.168127948371747,MissionCache,True,"","D:\Workspace\MM\FlightSim\FlightSimProject\Artifacts\FlightSimVerification\Missions\smoke-00001000\KTEX_CAP_01-00001000"
159.39000000000001,"smoke-00001000","KTEX_CAP_01-00001000","KTEX_CAP_01",1000,Batch,Running,AutomationPilot,2.7361183,58.188273511419517,MissionCache,True,"","D:\Workspace\MM\FlightSim\FlightSimProject\Artifacts\FlightSimVerification\Missions\smoke-00001000\KTEX_CAP_01-00001000"
159.58999999999983,"smoke-00001000","KTEX_CAP_01-00001000","KTEX_CAP_01",1000,Batch,Running,AutomationPilot,2.7386863,58.206739486738584,MissionCache,True,"","D:\Workspace\MM\FlightSim\FlightSimProject\Artifacts\FlightSimVerification\Missions\smoke-00001000\KTEX_CAP_01-00001000"
159.78999999999965,"smoke-00001000","KTEX_CAP_01-00001000","KTEX_CAP_01",1000,Batch,Running,AutomationPilot,2.7411955,58.2264198230297,MissionCache,True,"","D:\Workspace\MM\FlightSim\FlightSimProject\Artifacts\FlightSimVerification\Missions\smoke-00001000\KTEX_CAP_01-00001000"
159.98999999999947,"smoke-00001000","KTEX_CAP_01-00001000","KTEX_CAP_01",1000,Batch,Running,AutomationPilot,2.7437709999999997,58.244656715155763,MissionCache,True,"","D:\Workspace\MM\FlightSim\FlightSimProject\Artifacts\FlightSimVerification\Missions\smoke-00001000\KTEX_CAP_01-00001000"
160.18999999999929,"smoke-00001000","KTEX_CAP_01-00001000","KTEX_CAP_01",1000,Batch,Running,AutomationPilot,2.7476444,58.235337877055507,MissionCache,True,"","D:\Workspace\MM\FlightSim\FlightSimProject\Artifacts\FlightSimVerification\Missions\smoke-00001000\KTEX_CAP_01-00001000"
160.38999999999911,"smoke-00001000","KTEX_CAP_01-00001000","KTEX_CAP_01",1000,Batch,Running,AutomationPilot,2.7513122,58.23039639049297,MissionCache,True,"","D:\Workspace\MM\FlightSim\FlightSimProject\Artifacts\FlightSimVerification\Missions\smoke-00001000\KTEX_CAP_01-00001000"
160.58999999999892,"smoke-00001000","KTEX_CAP_01-00001000","KTEX_CAP_01",1000,Batch,Running,AutomationPilot,2.7547232,58.230895939018154,MissionCache,True,"","D:\Workspace\MM\FlightSim\FlightSimProject\Artifacts\FlightSimVerification\Missions\smoke-00001000\KTEX_CAP_01-00001000"
160.78999999999874,"smoke-00001000","KTEX_CAP_01-00001000","KTEX_CAP_01",1000,Batch,Running,AutomationPilot,2.7572022,58.251077849857694,MissionCache,True,"","D:\Workspace\MM\FlightSim\FlightSimProject\Artifacts\FlightSimVerification\Missions\smoke-00001000\KTEX_CAP_01-00001000"
160.98999999999856,"smoke-00001000","KTEX_CAP_01-00001000","KTEX_CAP_01",1000,Batch,Running,AutomationPilot,2.7599267999999997,58.266038070284594,MissionCache,True,"","D:\Workspace\MM\FlightSim\FlightSimProject\Artifacts\FlightSimVerification\Missions\smoke-00001000\KTEX_CAP_01-00001000"
161.18999999999838,"smoke-00001000","KTEX_CAP_01-00001000","KTEX_CAP_01",1000,Batch,Running,AutomationPilot,2.7625094,58.283964572210522,MissionCache,True,"","D:\Workspace\MM\FlightSim\FlightSimProject\Artifacts\FlightSimVerification\Missions\smoke-00001000\KTEX_CAP_01-00001000"
161.3899999999982,"smoke-00001000","KTEX_CAP_01-00001000","KTEX_CAP_01",1000,Batch,Running,AutomationPilot,2.7652296,58.298956441084805,MissionCache,True,"","D:\Workspace\MM\FlightSim\FlightSimProject\Artifacts\FlightSimVerification\Missions\smoke-00001000\KTEX_CAP_01-00001000"
161.589999999998,"smoke-00001000","KTEX_CAP_01-00001000","KTEX_CAP_01",1000,Batch,Running,AutomationPilot,2.7677454,58.318225368561059,MissionCache,True,"","D:\Workspace\MM\FlightSim\FlightSimProject\Artifacts\FlightSimVerification\Missions\smoke-00001000\KTEX_CAP_01-00001000"
161.78999999999783,"smoke-00001000","KTEX_CAP_01-00001000","KTEX_CAP_01",1000,Batch,Running,AutomationPilot,2.7702142,58.338449062891236,MissionCache,True,"","D:\Workspace\MM\FlightSim\FlightSimProject\Artifacts\FlightSimVerification\Missions\smoke-00001000\KTEX_CAP_01-00001000"
161.98999999999765,"smoke-00001000","KTEX_CAP_01-00001000","KTEX_CAP_01",1000,Batch,Running,AutomationPilot,2.7726978,58.358325238328469,MissionCache,True,"","D:\Workspace\MM\FlightSim\FlightSimProject\Artifacts\FlightSimVerification\Missions\smoke-00001000\KTEX_CAP_01-00001000"
162.18999999999747,"smoke-00001000","KTEX_CAP_01-00001000","KTEX_CAP_01",1000,Batch,Running,AutomationPilot,2.7759316,58.362389044455433,MissionCache,True,"","D:\Workspace\MM\FlightSim\FlightSimProject\Artifacts\FlightSimVerification\Missions\smoke-00001000\KTEX_CAP_01-00001000"
162.38999999999729,"smoke-00001000","KTEX_CAP_01-00001000","KTEX_CAP_01",1000,Batch,Running,AutomationPilot,2.7799896,58.34913914785777,MissionCache,True,"","D:\Workspace\MM\FlightSim\FlightSimProject\Artifacts\FlightSimVerification\Missions\smoke-00001000\KTEX_CAP_01-00001000"
162.5899999999971,"smoke-00001000","KTEX_CAP_01-00001000","KTEX_CAP_01",1000,Batch,Running,AutomationPilot,2.7838749999999997,58.339544699383879,MissionCache,True,"","D:\Workspace\MM\FlightSim\FlightSimProject\Artifacts\FlightSimVerification\Missions\smoke-00001000\KTEX_CAP_01-00001000"
162.78999999999692,"smoke-00001000","KTEX_CAP_01-00001000","KTEX_CAP_01",1000,Batch,Running,AutomationPilot,2.7875764,58.33382719124652,MissionCache,True,"","D:\Workspace\MM\FlightSim\FlightSimProject\Artifacts\FlightSimVerification\Missions\smoke-00001000\KTEX_CAP_01-00001000"
162.98999999999674,"smoke-00001000","KTEX_CAP_01-00001000","KTEX_CAP_01",1000,Batch,Running,AutomationPilot,2.7900996,58.352755579047034,MissionCache,True,"","D:\Workspace\MM\FlightSim\FlightSimProject\Artifacts\FlightSimVerification\Missions\smoke-00001000\KTEX_CAP_01-00001000"
163.18999999999656,"smoke-00001000","KTEX_CAP_01-00001000","KTEX_CAP_01",1000,Batch,Running,AutomationPilot,2.7926112,58.371892227602871,MissionCache,True,"","D:\Workspace\MM\FlightSim\FlightSimProject\Artifacts\FlightSimVerification\Missions\smoke-00001000\KTEX_CAP_01-00001000"
163.38999999999638,"smoke-00001000","KTEX_CAP_01-00001000","KTEX_CAP_01",1000,Batch,Running,AutomationPilot,2.7954493,58.384174594043451,MissionCache,True,"","D:\Workspace\MM\FlightSim\FlightSimProject\Artifacts\FlightSimVerification\Missions\smoke-00001000\KTEX_CAP_01-00001000"
163.58999999999619,"smoke-00001000","KTEX_CAP_01-00001000","KTEX_CAP_01",1000,Batch,Running,AutomationPilot,2.7979681,58.403096161102184,MissionCache,True,"","D:\Workspace\MM\FlightSim\FlightSimProject\Artifacts\FlightSimVerification\Missions\smoke-00001000\KTEX_CAP_01-00001000"
163.789999999996,"smoke-00001000","KTEX_CAP_01-00001000","KTEX_CAP_01",1000,Batch,Running,AutomationPilot,2.800418,58.4234210749953,MissionCache,True,"","D:\Workspace\MM\FlightSim\FlightSimProject\Artifacts\FlightSimVerification\Missions\smoke-00001000\KTEX_CAP_01-00001000"
163.98999999999583,"smoke-00001000","KTEX_CAP_01-00001000","KTEX_CAP_01",1000,Batch,Running,AutomationPilot,2.8028559,58.443960675964824,MissionCache,True,"","D:\Workspace\MM\FlightSim\FlightSimProject\Artifacts\FlightSimVerification\Missions\smoke-00001000\KTEX_CAP_01-00001000"
164.18999999999565,"smoke-00001000","KTEX_CAP_01-00001000","KTEX_CAP_01",1000,Batch,Running,AutomationPilot,2.8053645,58.462991172803321,MissionCache,True,"","D:\Workspace\MM\FlightSim\FlightSimProject\Artifacts\FlightSimVerification\Missions\smoke-00001000\KTEX_CAP_01-00001000"
164.38999999999547,"smoke-00001000","KTEX_CAP_01-00001000","KTEX_CAP_01",1000,Batch,Running,AutomationPilot,2.8079180999999998,58.481050426647286,MissionCache,True,"","D:\Workspace\MM\FlightSim\FlightSimProject\Artifacts\FlightSimVerification\Missions\smoke-00001000\KTEX_CAP_01-00001000"
164.58999999999529,"smoke-00001000","KTEX_CAP_01-00001000","KTEX_CAP_01",1000,Batch,Running,AutomationPilot,2.8105672,58.497089128484618,MissionCache,True,"","D:\Workspace\MM\FlightSim\FlightSimProject\Artifacts\FlightSimVerification\Missions\smoke-00001000\KTEX_CAP_01-00001000"
164.7899999999951,"smoke-00001000","KTEX_CAP_01-00001000","KTEX_CAP_01",1000,Batch,Running,AutomationPilot,2.8130341,58.51688751302207,MissionCache,True,"","D:\Workspace\MM\FlightSim\FlightSimProject\Artifacts\FlightSimVerification\Missions\smoke-00001000\KTEX_CAP_01-00001000"
164.98999999999492,"smoke-00001000","KTEX_CAP_01-00001000","KTEX_CAP_01",1000,Batch,Running,AutomationPilot,2.8167643,58.510397905850724,MissionCache,True,"","D:\Workspace\MM\FlightSim\FlightSimProject\Artifacts\FlightSimVerification\Missions\smoke-00001000\KTEX_CAP_01-00001000"
165.18999999999474,"smoke-00001000","KTEX_CAP_01-00001000","KTEX_CAP_01",1000,Batch,Running,AutomationPilot,2.8192855,58.529013822826712,MissionCache,True,"","D:\Workspace\MM\FlightSim\FlightSimProject\Artifacts\FlightSimVerification\Missions\smoke-00001000\KTEX_CAP_01-00001000"
165.38999999999456,"smoke-00001000","KTEX_CAP_01-00001000","KTEX_CAP_01",1000,Batch,Running,AutomationPilot,2.8218234,58.547249980276838,MissionCache,True,"","D:\Workspace\MM\FlightSim\FlightSimProject\Artifacts\FlightSimVerification\Missions\smoke-00001000\KTEX_CAP_01-00001000"
165.58999999999438,"smoke-00001000","KTEX_CAP_01-00001000","KTEX_CAP_01",1000,Batch,Running,AutomationPilot,2.824454,58.563531217004972,MissionCache,True,"","D:\Workspace\MM\FlightSim\FlightSimProject\Artifacts\FlightSimVerification\Missions\smoke-00001000\KTEX_CAP_01-00001000"
165.78999999999419,"smoke-00001000","KTEX_CAP_01-00001000","KTEX_CAP_01",1000,Batch,Running,AutomationPilot,2.8271283,58.578876664350311,MissionCache,True,"","D:\Workspace\MM\FlightSim\FlightSimProject\Artifacts\FlightSimVerification\Missions\smoke-00001000\KTEX_CAP_01-00001000"
165.989999999994,"smoke-00001000","KTEX_CAP_01-00001000","KTEX_CAP_01",1000,Batch,Running,AutomationPilot,2.8295857,58.598684606016413,MissionCache,True,"","D:\Workspace\MM\FlightSim\FlightSimProject\Artifacts\FlightSimVerification\Missions\smoke-00001000\KTEX_CAP_01-00001000"
166.18999999999383,"smoke-00001000","KTEX_CAP_01-00001000","KTEX_CAP_01",1000,Batch,Running,AutomationPilot,2.8320357,58.618611340243341,MissionCache,True,"","D:\Workspace\MM\FlightSim\FlightSimProject\Artifacts\FlightSimVerification\Missions\smoke-00001000\KTEX_CAP_01-00001000"
166.38999999999365,"smoke-00001000","KTEX_CAP_01-00001000","KTEX_CAP_01",1000,Batch,Running,AutomationPilot,2.8346291,58.635537185444761,MissionCache,True,"","D:\Workspace\MM\FlightSim\FlightSimProject\Artifacts\FlightSimVerification\Missions\smoke-00001000\KTEX_CAP_01-00001000"
166.58999999999347,"smoke-00001000","KTEX_CAP_01-00001000","KTEX_CAP_01",1000,Batch,Running,AutomationPilot,2.8372191,58.652502374594064,MissionCache,True,"","D:\Workspace\MM\FlightSim\FlightSimProject\Artifacts\FlightSimVerification\Missions\smoke-00001000\KTEX_CAP_01-00001000"
166.78999999999328,"smoke-00001000","KTEX_CAP_01-00001000","KTEX_CAP_01",1000,Batch,Running,AutomationPilot,2.8398588,58.668409851924132,MissionCache,True,"","D:\Workspace\MM\FlightSim\FlightSimProject\Artifacts\FlightSimVerification\Missions\smoke-00001000\KTEX_CAP_01-00001000"
166.9899999999931,"smoke-00001000","KTEX_CAP_01-00001000","KTEX_CAP_01",1000,Batch,Running,AutomationPilot,2.8424050999999997,58.686216120282531,MissionCache,True,"","D:\Workspace\MM\FlightSim\FlightSimProject\Artifacts\FlightSimVerification\Missions\smoke-00001000\KTEX_CAP_01-00001000"
167.18999999999292,"smoke-00001000","KTEX_CAP_01-00001000","KTEX_CAP_01",1000,Batch,Running,AutomationPilot,2.8460476999999997,58.681377687377868,MissionCache,True,"","D:\Workspace\MM\FlightSim\FlightSimProject\Artifacts\FlightSimVerification\Missions\smoke-00001000\KTEX_CAP_01-00001000"
167.38999999999274,"smoke-00001000","KTEX_CAP_01-00001000","KTEX_CAP_01",1000,Batch,Running,AutomationPilot,2.8486059,58.698888463298104,MissionCache,True,"","D:\Workspace\MM\FlightSim\FlightSimProject\Artifacts\FlightSimVerification\Missions\smoke-00001000\KTEX_CAP_01-00001000"
167.58999999999256,"smoke-00001000","KTEX_CAP_01-00001000","KTEX_CAP_01",1000,Batch,Running,AutomationPilot,2.8511265999999997,58.717140094723518,MissionCache,True,"","D:\Workspace\MM\FlightSim\FlightSimProject\Artifacts\FlightSimVerification\Missions\smoke-00001000\KTEX_CAP_01-00001000"
167.78999999999238,"smoke-00001000","KTEX_CAP_01-00001000","KTEX_CAP_01",1000,Batch,Running,AutomationPilot,2.8538581,58.7310209992545,MissionCache,True,"","D:\Workspace\MM\FlightSim\FlightSimProject\Artifacts\FlightSimVerification\Missions\smoke-00001000\KTEX_CAP_01-00001000"
167.98999999999219,"smoke-00001000","KTEX_CAP_01-00001000","KTEX_CAP_01",1000,Batch,Running,AutomationPilot,2.8563989999999997,58.748795248840366,MissionCache,True,"","D:\Workspace\MM\FlightSim\FlightSimProject\Artifacts\FlightSimVerification\Missions\smoke-00001000\KTEX_CAP_01-00001000"
168.189999999992,"smoke-00001000","KTEX_CAP_01-00001000","KTEX_CAP_01",1000,Batch,Running,AutomationPilot,2.8590266,58.764755808844932,MissionCache,True,"","D:\Workspace\MM\FlightSim\FlightSimProject\Artifacts\FlightSimVerification\Missions\smoke-00001000\KTEX_CAP_01-00001000"
168.38999999999183,"smoke-00001000","KTEX_CAP_01-00001000","KTEX_CAP_01",1000,Batch,Running,AutomationPilot,2.8615105,58.783638920769988,MissionCache,True,"","D:\Workspace\MM\FlightSim\FlightSimProject\Artifacts\FlightSimVerification\Missions\smoke-00001000\KTEX_CAP_01-00001000"
168.58999999999165,"smoke-00001000","KTEX_CAP_01-00001000","KTEX_CAP_01",1000,Batch,Running,AutomationPilot,2.8639598,58.803199681780384,MissionCache,True,"","D:\Workspace\MM\FlightSim\FlightSimProject\Artifacts\FlightSimVerification\Missions\smoke-00001000\KTEX_CAP_01-00001000"
168.78999999999147,"smoke-00001000","KTEX_CAP_01-00001000","KTEX_CAP_01",1000,Batch,Running,AutomationPilot,2.866732,58.816101400476796,MissionCache,True,"","D:\Workspace\MM\FlightSim\FlightSimProject\Artifacts\FlightSimVerification\Missions\smoke-00001000\KTEX_CAP_01-00001000"
168.98999999999128,"smoke-00001000","KTEX_CAP_01-00001000","KTEX_CAP_01",1000,Batch,Running,AutomationPilot,2.8696365,58.826265974799057,MissionCache,True,"","D:\Workspace\MM\FlightSim\FlightSimProject\Artifacts\FlightSimVerification\Missions\smoke-00001000\KTEX_CAP_01-00001000"
169.1899999999911,"smoke-00001000","KTEX_CAP_01-00001000","KTEX_CAP_01",1000,Batch,Running,AutomationPilot,2.8721443,58.844536467053992,MissionCache,True,"","D:\Workspace\MM\FlightSim\FlightSimProject\Artifacts\FlightSimVerification\Missions\smoke-00001000\KTEX_CAP_01-00001000"
169.38999999999092,"smoke-00001000","KTEX_CAP_01-00001000","KTEX_CAP_01",1000,Batch,Running,AutomationPilot,2.8755824999999997,58.843729922543034,MissionCache,True,"","D:\Workspace\MM\FlightSim\FlightSimProject\Artifacts\FlightSimVerification\Missions\smoke-00001000\KTEX_CAP_01-00001000"
169.58999999999074,"smoke-00001000","KTEX_CAP_01-00001000","KTEX_CAP_01",1000,Batch,Running,AutomationPilot,2.8780402,58.862972101637389,MissionCache,True,"","D:\Workspace\MM\FlightSim\FlightSimProject\Artifacts\FlightSimVerification\Missions\smoke-00001000\KTEX_CAP_01-00001000"
169.78999999999056,"smoke-00001000","KTEX_CAP_01-00001000","KTEX_CAP_01",1000,Batch,Running,AutomationPilot,2.8805327999999997,58.881468039520584,MissionCache,True,"","D:\Workspace\MM\FlightSim\FlightSimProject\Artifacts\FlightSimVerification\Missions\smoke-00001000\KTEX_CAP_01-00001000"
169.98999999999037,"smoke-00001000","KTEX_CAP_01-00001000","KTEX_CAP_01",1000,Batch,Running,AutomationPilot,2.8830429,58.8995744738972,MissionCache,True,"","D:\Workspace\MM\FlightSim\FlightSimProject\Artifacts\FlightSimVerification\Missions\smoke-00001000\KTEX_CAP_01-00001000"
170.18999999999019,"smoke-00001000","KTEX_CAP_01-00001000","KTEX_CAP_01",1000,Batch,Running,AutomationPilot,2.8856466,58.915738330532356,MissionCache,True,"","D:\Workspace\MM\FlightSim\FlightSimProject\Artifacts\FlightSimVerification\Missions\smoke-00001000\KTEX_CAP_01-00001000"
170.38999999999,"smoke-00001000","KTEX_CAP_01-00001000","KTEX_CAP_01",1000,Batch,Running,AutomationPilot,2.888134,58.934246125695751,MissionCache,True,"","D:\Workspace\MM\FlightSim\FlightSimProject\Artifacts\FlightSimVerification\Missions\smoke-00001000\KTEX_CAP_01-00001000"
170.58999999998983,"smoke-00001000","KTEX_CAP_01-00001000","KTEX_CAP_01",1000,Batch,Running,AutomationPilot,2.8906855,58.951414811465995,MissionCache,True,"","D:\Workspace\MM\FlightSim\FlightSimProject\Artifacts\FlightSimVerification\Missions\smoke-00001000\KTEX_CAP_01-00001000"
170.78999999998965,"smoke-00001000","KTEX_CAP_01-00001000","KTEX_CAP_01",1000,Batch,Running,AutomationPilot,2.8933063,58.967140810494143,MissionCache,True,"","D:\Workspace\MM\FlightSim\FlightSimProject\Artifacts\FlightSimVerification\Missions\smoke-00001000\KTEX_CAP_01-00001000"
170.98999999998946,"smoke-00001000","KTEX_CAP_01-00001000","KTEX_CAP_01",1000,Batch,Running,AutomationPilot,2.8958353,58.984708142755785,MissionCache,True,"","D:\Workspace\MM\FlightSim\FlightSimProject\Artifacts\FlightSimVerification\Missions\smoke-00001000\KTEX_CAP_01-00001000"
171.18999999998928,"smoke-00001000","KTEX_CAP_01-00001000","KTEX_CAP_01",1000,Batch,Running,AutomationPilot,2.8983437,59.002664176781195,MissionCache,True,"","D:\Workspace\MM\FlightSim\FlightSimProject\Artifacts\FlightSimVerification\Missions\smoke-00001000\KTEX_CAP_01-00001000"
171.3899999999891,"smoke-00001000","KTEX_CAP_01-00001000","KTEX_CAP_01",1000,Batch,Running,AutomationPilot,2.9009149,59.019311459287984,MissionCache,True,"","D:\Workspace\MM\FlightSim\FlightSimProject\Artifacts\FlightSimVerification\Missions\smoke-00001000\KTEX_CAP_01-00001000"
171.58999999998892,"smoke-00001000","KTEX_CAP_01-00001000","KTEX_CAP_01",1000,Batch,Running,AutomationPilot,2.9043812,59.017734999795856,MissionCache,True,"","D:\Workspace\MM\FlightSim\FlightSimProject\Artifacts\FlightSimVerification\Missions\smoke-00001000\KTEX_CAP_01-00001000"
171.78999999998874,"smoke-00001000","KTEX_CAP_01-00001000","KTEX_CAP_01",1000,Batch,Running,AutomationPilot,2.9068647999999997,59.036113409880265,MissionCache,True,"","D:\Workspace\MM\FlightSim\FlightSimProject\Artifacts\FlightSimVerification\Missions\smoke-00001000\KTEX_CAP_01-00001000"
171.98999999998856,"smoke-00001000","KTEX_CAP_01-00001000","KTEX_CAP_01",1000,Batch,Running,AutomationPilot,2.9093077,59.055286589310825,MissionCache,True,"","D:\Workspace\MM\FlightSim\FlightSimProject\Artifacts\FlightSimVerification\Missions\smoke-00001000\KTEX_CAP_01-00001000"
172.18999999998837,"smoke-00001000","KTEX_CAP_01-00001000","KTEX_CAP_01",1000,Batch,Running,AutomationPilot,2.9118304,59.072808636103446,MissionCache,True,"","D:\Workspace\MM\FlightSim\FlightSimProject\Artifacts\FlightSimVerification\Missions\smoke-00001000\KTEX_CAP_01-00001000"
172.38999999998819,"smoke-00001000","KTEX_CAP_01-00001000","KTEX_CAP_01",1000,Batch,Running,AutomationPilot,2.9144433,59.08847154445872,MissionCache,True,"","D:\Workspace\MM\FlightSim\FlightSimProject\Artifacts\FlightSimVerification\Missions\smoke-00001000\KTEX_CAP_01-00001000"
172.589999999988,"smoke-00001000","KTEX_CAP_01-00001000","KTEX_CAP_01",1000,Batch,Running,AutomationPilot,2.9173104,59.098956353766191,MissionCache,True,"","D:\Workspace\MM\FlightSim\FlightSimProject\Artifacts\FlightSimVerification\Missions\smoke-00001000\KTEX_CAP_01-00001000"
172.78999999998783,"smoke-00001000","KTEX_CAP_01-00001000","KTEX_CAP_01",1000,Batch,Running,AutomationPilot,2.9197864,59.117338172404665,MissionCache,True,"","D:\Workspace\MM\FlightSim\FlightSimProject\Artifacts\FlightSimVerification\Missions\smoke-00001000\KTEX_CAP_01-00001000"
172.98999999998765,"smoke-00001000","KTEX_CAP_01-00001000","KTEX_CAP_01",1000,Batch,Running,AutomationPilot,2.9222644,59.135648369116709,MissionCache,True,"","D:\Workspace\MM\FlightSim\FlightSimProject\Artifacts\FlightSimVerification\Missions\smoke-00001000\KTEX_CAP_01-00001000"
173.18999999998746,"smoke-00001000","KTEX_CAP_01-00001000","KTEX_CAP_01",1000,Batch,Running,AutomationPilot,2.925057,59.147565329491918,MissionCache,True,"","D:\Workspace\MM\FlightSim\FlightSimProject\Artifacts\FlightSimVerification\Missions\smoke-00001000\KTEX_CAP_01-00001000"
173.38999999998728,"smoke-00001000","KTEX_CAP_01-00001000","KTEX_CAP_01",1000,Batch,Running,AutomationPilot,2.9277564,59.161342794771947,MissionCache,True,"","D:\Workspace\MM\FlightSim\FlightSimProject\Artifacts\FlightSimVerification\Missions\smoke-00001000\KTEX_CAP_01-00001000"
173.5899999999871,"smoke-00001000","KTEX_CAP_01-00001000","KTEX_CAP_01",1000,Batch,Running,AutomationPilot,2.9311715,59.160646178494595,MissionCache,True,"","D:\Workspace\MM\FlightSim\FlightSimProject\Artifacts\FlightSimVerification\Missions\smoke-00001000\KTEX_CAP_01-00001000"
173.78999999998692,"smoke-00001000","KTEX_CAP_01-00001000","KTEX_CAP_01",1000,Batch,Running,AutomationPilot,2.9356988999999998,59.137536209856911,MissionCache,True,"","D:\Workspace\MM\FlightSim\FlightSimProject\Artifacts\FlightSimVerification\Missions\smoke-00001000\KTEX_CAP_01-00001000"
173.98999999998674,"smoke-00001000","KTEX_CAP_01-00001000","KTEX_CAP_01",1000,Batch,Running,AutomationPilot,2.93817,59.155869129419642,MissionCache,True,"","D:\Workspace\MM\FlightSim\FlightSimProject\Artifacts\FlightSimVerification\Missions\smoke-00001000\KTEX_CAP_01-00001000"
174.18999999998655,"smoke-00001000","KTEX_CAP_01-00001000","KTEX_CAP_01",1000,Batch,Running,AutomationPilot,2.9406356,59.1742819137423,MissionCache,True,"","D:\Workspace\MM\FlightSim\FlightSimProject\Artifacts\FlightSimVerification\Missions\smoke-00001000\KTEX_CAP_01-00001000"
174.38999999998637,"smoke-00001000","KTEX_CAP_01-00001000","KTEX_CAP_01",1000,Batch,Running,AutomationPilot,2.9431122999999997,59.192440601055743,MissionCache,True,"","D:\Workspace\MM\FlightSim\FlightSimProject\Artifacts\FlightSimVerification\Missions\smoke-00001000\KTEX_CAP_01-00001000"
174.58999999998619,"smoke-00001000","KTEX_CAP_01-00001000","KTEX_CAP_01",1000,Batch,Running,AutomationPilot,2.9459646999999998,59.203017605739255,MissionCache,True,"","D:\Workspace\MM\FlightSim\FlightSimProject\Artifacts\FlightSimVerification\Missions\smoke-00001000\KTEX_CAP_01-00001000"
174.789999999986,"smoke-00001000","KTEX_CAP_01-00001000","KTEX_CAP_01",1000,Batch,Running,AutomationPilot,2.9485674,59.218588661051527,MissionCache,True,"","D:\Workspace\MM\FlightSim\FlightSimProject\Artifacts\FlightSimVerification\Missions\smoke-00001000\KTEX_CAP_01-00001000"
174.98999999998583,"smoke-00001000","KTEX_CAP_01-00001000","KTEX_CAP_01",1000,Batch,Running,AutomationPilot,2.9509993999999997,59.23755863860427,MissionCache,True,"","D:\Workspace\MM\FlightSim\FlightSimProject\Artifacts\FlightSimVerification\Missions\smoke-00001000\KTEX_CAP_01-00001000"
175.18999999998564,"smoke-00001000","KTEX_CAP_01-00001000","KTEX_CAP_01",1000,Batch,Running,AutomationPilot,2.9534993,59.255135086704037,MissionCache,True,"","D:\Workspace\MM\FlightSim\FlightSimProject\Artifacts\FlightSimVerification\Missions\smoke-00001000\KTEX_CAP_01-00001000"
175.38999999998546,"smoke-00001000","KTEX_CAP_01-00001000","KTEX_CAP_01",1000,Batch,Running,AutomationPilot,2.9562299,59.268056249612265,MissionCache,True,"","D:\Workspace\MM\FlightSim\FlightSimProject\Artifacts\FlightSimVerification\Missions\smoke-00001000\KTEX_CAP_01-00001000"
175.58999999998528,"smoke-00001000","KTEX_CAP_01-00001000","KTEX_CAP_01",1000,Batch,Running,AutomationPilot,2.9589505,59.28115390912604,MissionCache,True,"","D:\Workspace\MM\FlightSim\FlightSimProject\Artifacts\FlightSimVerification\Missions\smoke-00001000\KTEX_CAP_01-00001000"
175.7899999999851,"smoke-00001000","KTEX_CAP_01-00001000","KTEX_CAP_01",1000,Batch,Running,AutomationPilot,2.9617774,59.2920993994975,MissionCache,True,"","D:\Workspace\MM\FlightSim\FlightSimProject\Artifacts\FlightSimVerification\Missions\smoke-00001000\KTEX_CAP_01-00001000"
175.98999999998492,"smoke-00001000","KTEX_CAP_01-00001000","KTEX_CAP_01",1000,Batch,Running,AutomationPilot,2.9663431,59.268261988973926,MissionCache,True,"","D:\Workspace\MM\FlightSim\FlightSimProject\Artifacts\FlightSimVerification\Missions\smoke-00001000\KTEX_CAP_01-00001000"
176.18999999998474,"smoke-00001000","KTEX_CAP_01-00001000","KTEX_CAP_01",1000,Batch,Running,AutomationPilot,2.9688282999999998,59.286015294311532,MissionCache,True,"","D:\Workspace\MM\FlightSim\FlightSimProject\Artifacts\FlightSimVerification\Missions\smoke-00001000\KTEX_CAP_01-00001000"
176.38999999998455,"smoke-00001000","KTEX_CAP_01-00001000","KTEX_CAP_01",1000,Batch,Running,AutomationPilot,2.9712997999999997,59.30401233829879,MissionCache,True,"","D:\Workspace\MM\FlightSim\FlightSimProject\Artifacts\FlightSimVerification\Missions\smoke-00001000\KTEX_CAP_01-00001000"
176.58999999998437,"smoke-00001000","KTEX_CAP_01-00001000","KTEX_CAP_01",1000,Batch,Running,AutomationPilot,2.9737587,59.322230818520865,MissionCache,True,"","D:\Workspace\MM\FlightSim\FlightSimProject\Artifacts\FlightSimVerification\Missions\smoke-00001000\KTEX_CAP_01-00001000"
176.78999999998419,"smoke-00001000","KTEX_CAP_01-00001000","KTEX_CAP_01",1000,Batch,Running,AutomationPilot,2.976901,59.326796557891704,MissionCache,True,"","D:\Workspace\MM\FlightSim\FlightSimProject\Artifacts\FlightSimVerification\Missions\smoke-00001000\KTEX_CAP_01-00001000"
176.989999999984,"smoke-00001000","KTEX_CAP_01-00001000","KTEX_CAP_01",1000,Batch,Running,AutomationPilot,2.9794872,59.342426441699153,MissionCache,True,"","D:\Workspace\MM\FlightSim\FlightSimProject\Artifacts\FlightSimVerification\Missions\smoke-00001000\KTEX_CAP_01-00001000"
177.18999999998383,"smoke-00001000","KTEX_CAP_01-00001000","KTEX_CAP_01",1000,Batch,Running,AutomationPilot,2.9820116999999997,59.359257376483136,MissionCache,True,"","D:\Workspace\MM\FlightSim\FlightSimProject\Artifacts\FlightSimVerification\Missions\smoke-00001000\KTEX_CAP_01-00001000"
177.38999999998364,"smoke-00001000","KTEX_CAP_01-00001000","KTEX_CAP_01",1000,Batch,Running,AutomationPilot,2.9845287,59.376209047674365,MissionCache,True,"","D:\Workspace\MM\FlightSim\FlightSimProject\Artifacts\FlightSimVerification\Missions\smoke-00001000\KTEX_CAP_01-00001000"
177.58999999998346,"smoke-00001000","KTEX_CAP_01-00001000","KTEX_CAP_01",1000,Batch,Running,AutomationPilot,2.987012,59.3938022344683,MissionCache,True,"","D:\Workspace\MM\FlightSim\FlightSimProject\Artifacts\FlightSimVerification\Missions\smoke-00001000\KTEX_CAP_01-00001000"
177.78999999998328,"smoke-00001000","KTEX_CAP_01-00001000","KTEX_CAP_01",1000,Batch,Running,AutomationPilot,2.9894784,59.411702054774324,MissionCache,True,"","D:\Workspace\MM\FlightSim\FlightSimProject\Artifacts\FlightSimVerification\Missions\smoke-00001000\KTEX_CAP_01-00001000"
177.9899999999831,"smoke-00001000","KTEX_CAP_01-00001000","KTEX_CAP_01",1000,Batch,Running,AutomationPilot,2.992012,59.428237587276811,MissionCache,True,"","D:\Workspace\MM\FlightSim\FlightSimProject\Artifacts\FlightSimVerification\Missions\smoke-00001000\KTEX_CAP_01-00001000"
178.18999999998292,"smoke-00001000","KTEX_CAP_01-00001000","KTEX_CAP_01",1000,Batch,Running,AutomationPilot,2.9955993,59.423835490942693,MissionCache,True,"","D:\Workspace\MM\FlightSim\FlightSimProject\Artifacts\FlightSimVerification\Missions\smoke-00001000\KTEX_CAP_01-00001000"
178.38999999998273,"smoke-00001000","KTEX_CAP_01-00001000","KTEX_CAP_01",1000,Batch,Running,AutomationPilot,2.9981616,59.439758017040475,MissionCache,True,"","D:\Workspace\MM\FlightSim\FlightSimProject\Artifacts\FlightSimVerification\Missions\smoke-00001000\KTEX_CAP_01-00001000"
178.58999999998255,"smoke-00001000","KTEX_CAP_01-00001000","KTEX_CAP_01",1000,Batch,Running,AutomationPilot,3.0006204,59.457704146776685,MissionCache,True,"","D:\Workspace\MM\FlightSim\FlightSimProject\Artifacts\FlightSimVerification\Missions\smoke-00001000\KTEX_CAP_01-00001000"
178.78999999998237,"smoke-00001000","KTEX_CAP_01-00001000","KTEX_CAP_01",1000,Batch,Running,AutomationPilot,3.0030571999999998,59.4760565999151,MissionCache,True,"","D:\Workspace\MM\FlightSim\FlightSimProject\Artifacts\FlightSimVerification\Missions\smoke-00001000\KTEX_CAP_01-00001000"
178.98999999998219,"smoke-00001000","KTEX_CAP_01-00001000","KTEX_CAP_01",1000,Batch,Running,AutomationPilot,3.0057528,59.489256734613164,MissionCache,True,"","D:\Workspace\MM\FlightSim\FlightSimProject\Artifacts\FlightSimVerification\Missions\smoke-00001000\KTEX_CAP_01-00001000"
179.189999999982,"smoke-00001000","KTEX_CAP_01-00001000","KTEX_CAP_01",1000,Batch,Running,AutomationPilot,3.0085471999999998,59.500479168145404,MissionCache,True,"","D:\Workspace\MM\FlightSim\FlightSimProject\Artifacts\FlightSimVerification\Missions\smoke-00001000\KTEX_CAP_01-00001000"
179.38999999998182,"smoke-00001000","KTEX_CAP_01-00001000","KTEX_CAP_01",1000,Batch,Running,AutomationPilot,3.0110845,59.516762149976856,MissionCache,True,"","D:\Workspace\MM\FlightSim\FlightSimProject\Artifacts\FlightSimVerification\Missions\smoke-00001000\KTEX_CAP_01-00001000"
179.58999999998164,"smoke-00001000","KTEX_CAP_01-00001000","KTEX_CAP_01",1000,Batch,Running,AutomationPilot,3.0135802,59.53383951752199,MissionCache,True,"","D:\Workspace\MM\FlightSim\FlightSimProject\Artifacts\FlightSimVerification\Missions\smoke-00001000\KTEX_CAP_01-00001000"
179.78999999998146,"smoke-00001000","KTEX_CAP_01-00001000","KTEX_CAP_01",1000,Batch,Running,AutomationPilot,3.0161056,59.550302217528994,MissionCache,True,"","D:\Workspace\MM\FlightSim\FlightSimProject\Artifacts\FlightSimVerification\Missions\smoke-00001000\KTEX_CAP_01-00001000"
179.98999999998128,"smoke-00001000","KTEX_CAP_01-00001000","KTEX_CAP_01",1000,Batch,Running,AutomationPilot,3.0185958999999998,59.567430009423077,MissionCache,True,"","D:\Workspace\MM\FlightSim\FlightSimProject\Artifacts\FlightSimVerification\Missions\smoke-00001000\KTEX_CAP_01-00001000"
180.1899999999811,"smoke-00001000","KTEX_CAP_01-00001000","KTEX_CAP_01",1000,Batch,Running,AutomationPilot,3.0210664,59.58492007987023,MissionCache,True,"","D:\Workspace\MM\FlightSim\FlightSimProject\Artifacts\FlightSimVerification\Missions\smoke-00001000\KTEX_CAP_01-00001000"
180.38999999998092,"smoke-00001000","KTEX_CAP_01-00001000","KTEX_CAP_01",1000,Batch,Running,AutomationPilot,3.0244804,59.583788342612863,MissionCache,True,"","D:\Workspace\MM\FlightSim\FlightSimProject\Artifacts\FlightSimVerification\Missions\smoke-00001000\KTEX_CAP_01-00001000"
180.58999999998073,"smoke-00001000","KTEX_CAP_01-00001000","KTEX_CAP_01",1000,Batch,Running,AutomationPilot,3.0283979,59.57275297277841,MissionCache,True,"","D:\Workspace\MM\FlightSim\FlightSimProject\Artifacts\FlightSimVerification\Missions\smoke-00001000\KTEX_CAP_01-00001000"
180.78999999998055,"smoke-00001000","KTEX_CAP_01-00001000","KTEX_CAP_01",1000,Batch,Running,AutomationPilot,3.0324776,59.558560300653404,MissionCache,True,"","D:\Workspace\MM\FlightSim\FlightSimProject\Artifacts\FlightSimVerification\Missions\smoke-00001000\KTEX_CAP_01-00001000"
180.98999999998037,"smoke-00001000","KTEX_CAP_01-00001000","KTEX_CAP_01",1000,Batch,Running,AutomationPilot,3.0356780999999997,59.561651151345906,MissionCache,True,"","D:\Workspace\MM\FlightSim\FlightSimProject\Artifacts\FlightSimVerification\Missions\smoke-00001000\KTEX_CAP_01-00001000"
181.18999999998019,"smoke-00001000","KTEX_CAP_01-00001000","KTEX_CAP_01",1000,Batch,Running,AutomationPilot,3.0382113,59.57781804049651,MissionCache,True,"","D:\Workspace\MM\FlightSim\FlightSimProject\Artifacts\FlightSimVerification\Missions\smoke-00001000\KTEX_CAP_01-00001000"
181.38999999998,"smoke-00001000","KTEX_CAP_01-00001000","KTEX_CAP_01",1000,Batch,Running,AutomationPilot,3.0407794,59.5932740138861,MissionCache,True,"","D:\Workspace\MM\FlightSim\FlightSimProject\Artifacts\FlightSimVerification\Missions\smoke-00001000\KTEX_CAP_01-00001000"
181.58999999997982,"smoke-00001000","KTEX_CAP_01-00001000","KTEX_CAP_01",1000,Batch,Running,AutomationPilot,3.0433665,59.608331760233277,MissionCache,True,"","D:\Workspace\MM\FlightSim\FlightSimProject\Artifacts\FlightSimVerification\Missions\smoke-00001000\KTEX_CAP_01-00001000"
181.78999999997964,"smoke-00001000","KTEX_CAP_01-00001000","KTEX_CAP_01",1000,Batch,Running,AutomationPilot,3.0458529,59.625335156527029,MissionCache,True,"","D:\Workspace\MM\FlightSim\FlightSimProject\Artifacts\FlightSimVerification\Missions\smoke-00001000\KTEX_CAP_01-00001000"
181.98999999997946,"smoke-00001000","KTEX_CAP_01-00001000","KTEX_CAP_01",1000,Batch,Running,AutomationPilot,3.0483645999999998,59.641815811658368,MissionCache,True,"","D:\Workspace\MM\FlightSim\FlightSimProject\Artifacts\FlightSimVerification\Missions\smoke-00001000\KTEX_CAP_01-00001000"
182.18999999997928,"smoke-00001000","KTEX_CAP_01-00001000","KTEX_CAP_01",1000,Batch,Running,AutomationPilot,3.0508553999999997,59.658678021901487,MissionCache,True,"","D:\Workspace\MM\FlightSim\FlightSimProject\Artifacts\FlightSimVerification\Missions\smoke-00001000\KTEX_CAP_01-00001000"
182.3899999999791,"smoke-00001000","KTEX_CAP_01-00001000","KTEX_CAP_01",1000,Batch,Running,AutomationPilot,3.0534334,59.673808506836686,MissionCache,True,"","D:\Workspace\MM\FlightSim\FlightSimProject\Artifacts\FlightSimVerification\Missions\smoke-00001000\KTEX_CAP_01-00001000"
182.58999999997891,"smoke-00001000","KTEX_CAP_01-00001000","KTEX_CAP_01",1000,Batch,Running,AutomationPilot,3.0572255,59.66520951757699,MissionCache,True,"","D:\Workspace\MM\FlightSim\FlightSimProject\Artifacts\FlightSimVerification\Missions\smoke-00001000\KTEX_CAP_01-00001000"
182.78999999997873,"smoke-00001000","KTEX_CAP_01-00001000","KTEX_CAP_01",1000,Batch,Running,AutomationPilot,3.0597243,59.681847805692456,MissionCache,True,"","D:\Workspace\MM\FlightSim\FlightSimProject\Artifacts\FlightSimVerification\Missions\smoke-00001000\KTEX_CAP_01-00001000"
182.98999999997855,"smoke-00001000","KTEX_CAP_01-00001000","KTEX_CAP_01",1000,Batch,Running,AutomationPilot,3.0623453,59.696076729158762,MissionCache,True,"","D:\Workspace\MM\FlightSim\FlightSimProject\Artifacts\FlightSimVerification\Missions\smoke-00001000\KTEX_CAP_01-00001000"
183.18999999997837,"smoke-00001000","KTEX_CAP_01-00001000","KTEX_CAP_01",1000,Batch,Running,AutomationPilot,3.0650423,59.708800756184843,MissionCache,True,"","D:\Workspace\MM\FlightSim\FlightSimProject\Artifacts\FlightSimVerification\Missions\smoke-00001000\KTEX_CAP_01-00001000"
183.38999999997819,"smoke-00001000","KTEX_CAP_01-00001000","KTEX_CAP_01",1000,Batch,Running,AutomationPilot,3.0677833,59.720645848739821,MissionCache,True,"","D:\Workspace\MM\FlightSim\FlightSimProject\Artifacts\FlightSimVerification\Missions\smoke-00001000\KTEX_CAP_01-00001000"
183.589999999978,"smoke-00001000","KTEX_CAP_01-00001000","KTEX_CAP_01",1000,Batch,Running,AutomationPilot,3.0704955,59.733030059799205,MissionCache,True,"","D:\Workspace\MM\FlightSim\FlightSimProject\Artifacts\FlightSimVerification\Missions\smoke-00001000\KTEX_CAP_01-00001000"
183.78999999997782,"smoke-00001000","KTEX_CAP_01-00001000","KTEX_CAP_01",1000,Batch,Running,AutomationPilot,3.0730408,59.748637245551052,MissionCache,True,"","D:\Workspace\MM\FlightSim\FlightSimProject\Artifacts\FlightSimVerification\Missions\smoke-00001000\KTEX_CAP_01-00001000"
183.98999999997764,"smoke-00001000","KTEX_CAP_01-00001000","KTEX_CAP_01",1000,Batch,Running,AutomationPilot,3.075935,59.757439607786843,MissionCache,True,"","D:\Workspace\MM\FlightSim\FlightSimProject\Artifacts\FlightSimVerification\Missions\smoke-00001000\KTEX_CAP_01-00001000"
184.18999999997746,"smoke-00001000","KTEX_CAP_01-00001000","KTEX_CAP_01",1000,Batch,Running,AutomationPilot,3.0783997,59.774564037274835,MissionCache,True,"","D:\Workspace\MM\FlightSim\FlightSimProject\Artifacts\FlightSimVerification\Missions\smoke-00001000\KTEX_CAP_01-00001000"
184.38999999997728,"smoke-00001000","KTEX_CAP_01-00001000","KTEX_CAP_01",1000,Batch,Running,AutomationPilot,3.0808507,59.791926950558633,MissionCache,True,"","D:\Workspace\MM\FlightSim\FlightSimProject\Artifacts\FlightSimVerification\Missions\smoke-00001000\KTEX_CAP_01-00001000"
184.5899999999771,"smoke-00001000","KTEX_CAP_01-00001000","KTEX_CAP_01",1000,Batch,Running,AutomationPilot,3.0833909999999998,59.807530086186695,MissionCache,True,"","D:\Workspace\MM\FlightSim\FlightSimProject\Artifacts\FlightSimVerification\Missions\smoke-00001000\KTEX_CAP_01-00001000"
184.78999999997691,"smoke-00001000","KTEX_CAP_01-00001000","KTEX_CAP_01",1000,Batch,Running,AutomationPilot,3.0892918999999996,59.7580306347798,MissionCache,True,"","D:\Workspace\MM\FlightSim\FlightSimProject\Artifacts\FlightSimVerification\Missions\smoke-00001000\KTEX_CAP_01-00001000"
184.98999999997673,"smoke-00001000","KTEX_CAP_01-00001000","KTEX_CAP_01",1000,Batch,Running,AutomationPilot,3.0919075,59.772163300479363,MissionCache,True,"","D:\Workspace\MM\FlightSim\FlightSimProject\Artifacts\FlightSimVerification\Missions\smoke-00001000\KTEX_CAP_01-00001000"
185.18999999997655,"smoke-00001000","KTEX_CAP_01-00001000","KTEX_CAP_01",1000,Batch,Running,AutomationPilot,3.0944987999999998,59.786741555684792,MissionCache,True,"","D:\Workspace\MM\FlightSim\FlightSimProject\Artifacts\FlightSimVerification\Missions\smoke-00001000\KTEX_CAP_01-00001000"
185.38999999997637,"smoke-00001000","KTEX_CAP_01-00001000","KTEX_CAP_01",1000,Batch,Running,AutomationPilot,3.0970356999999997,59.8023458366904,MissionCache,True,"","D:\Workspace\MM\FlightSim\FlightSimProject\Artifacts\FlightSimVerification\Missions\smoke-00001000\KTEX_CAP_01-00001000"
185.58999999997619,"smoke-00001000","KTEX_CAP_01-00001000","KTEX_CAP_01",1000,Batch,Running,AutomationPilot,3.0995208,59.818924267253294,MissionCache,True,"","D:\Workspace\MM\FlightSim\FlightSimProject\Artifacts\FlightSimVerification\Missions\smoke-00001000\KTEX_CAP_01-00001000"
185.789999999976,"smoke-00001000","KTEX_CAP_01-00001000","KTEX_CAP_01",1000,Batch,Running,AutomationPilot,3.1022613999999997,59.830548128528491,MissionCache,True,"","D:\Workspace\MM\FlightSim\FlightSimProject\Artifacts\FlightSimVerification\Missions\smoke-00001000\KTEX_CAP_01-00001000"
185.98999999997582,"smoke-00001000","KTEX_CAP_01-00001000","KTEX_CAP_01",1000,Batch,Running,AutomationPilot,3.1049309999999997,59.843519872092493,MissionCache,True,"","D:\Workspace\MM\FlightSim\FlightSimProject\Artifacts\FlightSimVerification\Missions\smoke-00001000\KTEX_CAP_01-00001000"
186.18999999997564,"smoke-00001000","KTEX_CAP_01-00001000","KTEX_CAP_01",1000,Batch,Running,AutomationPilot,3.1074116,59.860109938437446,MissionCache,True,"","D:\Workspace\MM\FlightSim\FlightSimProject\Artifacts\FlightSimVerification\Missions\smoke-00001000\KTEX_CAP_01-00001000"
186.38999999997546,"smoke-00001000","KTEX_CAP_01-00001000","KTEX_CAP_01",1000,Batch,Running,AutomationPilot,3.1099118,59.876296170192234,MissionCache,True,"","D:\Workspace\MM\FlightSim\FlightSimProject\Artifacts\FlightSimVerification\Missions\smoke-00001000\KTEX_CAP_01-00001000"
186.43999999997541,"smoke-00001000","KTEX_CAP_01-00001000","KTEX_CAP_01",1000,Batch,Completed,AutomationPilot,3.1124707,59.891326848466541,MissionCache,True,"All required objectives succeeded.","D:\Workspace\MM\FlightSim\FlightSimProject\Artifacts\FlightSimVerification\Missions\smoke-00001000\KTEX_CAP_01-00001000"
