time_s,aircraft,callsign,side,role,status,ai_mode,control_authority,leader,formation_slot,ai_skill_normalized,waypoint_index,target,detected,engaged,valid
0,"VIPER-01","VIPER-01",Friendly,Player,Active,Patrol,ManualPilot,"",0,0.85,0,"",False,False,True
0,"VIPER-02","VIPER-02",Friendly,Wingman,Active,Formation,FormationAI,"VIPER-01",1,0.85,0,"",False,False,True
0,"VIPER-03","VIPER-03",Friendly,Wingman,Active,Formation,FormationAI,"VIPER-01",2,0.85,0,"",False,False,True
0,"BANDIT-01","BANDIT-01",Hostile,Patrol,Active,Patrol,MissionAI,"",0,0.45,0,"",False,False,True
0,"BANDIT-02","BANDIT-02",Hostile,Patrol,Active,Patrol,MissionAI,"",0,0.45,0,"",False,False,True
0,"BANDIT-03","BANDIT-03",Hostile,Patrol,Active,Patrol,MissionAI,"",0,0.45,0,"",False,False,True
0,"BANDIT-04","BANDIT-04",Hostile,Patrol,Active,Patrol,MissionAI,"",0,0.45,0,"",False,False,True
0,"VIPER-01","VIPER-01",Friendly,Player,Active,Patrol,AutomationPilot,"",0,0.85,0,"",False,False,True
0,"VIPER-02","VIPER-02",Friendly,Wingman,Active,Formation,FormationAI,"VIPER-01",1,0.85,0,"",False,False,True
0,"VIPER-03","VIPER-03",Friendly,Wingman,Active,Formation,FormationAI,"VIPER-01",2,0.85,0,"",False,False,True
0,"BANDIT-01","BANDIT-01",Hostile,Patrol,Active,Patrol,MissionAI,"",0,0.45,0,"",False,False,True
0,"BANDIT-02","BANDIT-02",Hostile,Patrol,Active,Patrol,MissionAI,"",0,0.45,0,"",False,False,True
0,"BANDIT-03","BANDIT-03",Hostile,Patrol,Active,Patrol,MissionAI,"",0,0.45,0,"",False,False,True
0,"BANDIT-04","BANDIT-04",Hostile,Patrol,Active,Patrol,MissionAI,"",0,0.45,0,"",False,False,True
0.19000000000000003,"VIPER-01","VIPER-01",Friendly,Player,Active,Intercept,AutomationPilot,"",0,0.85,0,"BANDIT-01",False,False,True
0.19000000000000003,"VIPER-02","VIPER-02",Friendly,Wingman,Active,Intercept,MissionAI,"VIPER-01",1,0.85,0,"BANDIT-01",False,False,True
0.19000000000000003,"VIPER-03","VIPER-03",Friendly,Wingman,Active,Intercept,MissionAI,"VIPER-01",2,0.85,0,"BANDIT-01",False,False,True
0.19000000000000003,"BANDIT-01","BANDIT-01",Hostile,Patrol,Active,Intercept,MissionAI,"",0,0.45,0,"VIPER-03",False,False,True
0.19000000000000003,"BANDIT-02","BANDIT-02",Hostile,Patrol,Active,Intercept,MissionAI,"",0,0.45,0,"VIPER-03",False,False,True
0.19000000000000003,"BANDIT-03","BANDIT-03",Hostile,Patrol,Active,Intercept,MissionAI,"",0,0.45,0,"VIPER-03",False,False,True
0.19000000000000003,"BANDIT-04","BANDIT-04",Hostile,Patrol,Active,Intercept,MissionAI,"",0,0.45,0,"VIPER-03",False,False,True
0.39000000000000018,"VIPER-01","VIPER-01",Friendly,Player,Active,Intercept,AutomationPilot,"",0,0.85,0,"BANDIT-01",False,False,True
0.39000000000000018,"VIPER-02","VIPER-02",Friendly,Wingman,Active,Intercept,MissionAI,"VIPER-01",1,0.85,0,"BANDIT-01",False,False,True
0.39000000000000018,"VIPER-03","VIPER-03",Friendly,Wingman,Active,Intercept,MissionAI,"VIPER-01",2,0.85,0,"BANDIT-01",False,False,True
0.39000000000000018,"BANDIT-01","BANDIT-01",Hostile,Patrol,Active,Intercept,MissionAI,"",0,0.45,0,"VIPER-03",False,False,True
0.39000000000000018,"BANDIT-02","BANDIT-02",Hostile,Patrol,Active,Intercept,MissionAI,"",0,0.45,0,"VIPER-03",False,False,True
0.39000000000000018,"BANDIT-03","BANDIT-03",Hostile,Patrol,Active,Intercept,MissionAI,"",0,0.45,0,"VIPER-03",False,False,True
0.39000000000000018,"BANDIT-04","BANDIT-04",Hostile,Patrol,Active,Intercept,MissionAI,"",0,0.45,0,"VIPER-03",False,False,True
0.5900000000000003,"VIPER-01","VIPER-01",Friendly,Player,Active,Intercept,AutomationPilot,"",0,0.85,0,"BANDIT-01",False,False,True
0.5900000000000003,"VIPER-02","VIPER-02",Friendly,Wingman,Active,Intercept,MissionAI,"VIPER-01",1,0.85,0,"BANDIT-01",False,False,True
0.5900000000000003,"VIPER-03","VIPER-03",Friendly,Wingman,Active,Intercept,MissionAI,"VIPER-01",2,0.85,0,"BANDIT-01",False,False,True
0.5900000000000003,"BANDIT-01","BANDIT-01",Hostile,Patrol,Active,Intercept,MissionAI,"",0,0.45,0,"VIPER-03",False,False,True
0.5900000000000003,"BANDIT-02","BANDIT-02",Hostile,Patrol,Active,Intercept,MissionAI,"",0,0.45,0,"VIPER-03",False,False,True
0.5900000000000003,"BANDIT-03","BANDIT-03",Hostile,Patrol,Active,Intercept,MissionAI,"",0,0.45,0,"VIPER-03",False,False,True
0.5900000000000003,"BANDIT-04","BANDIT-04",Hostile,Patrol,Active,Intercept,MissionAI,"",0,0.45,0,"VIPER-03",False,False,True
0.79000000000000048,"VIPER-01","VIPER-01",Friendly,Player,Active,Intercept,AutomationPilot,"",0,0.85,0,"BANDIT-01",False,False,True
0.79000000000000048,"VIPER-02","VIPER-02",Friendly,Wingman,Active,Intercept,MissionAI,"VIPER-01",1,0.85,0,"BANDIT-01",False,False,True
0.79000000000000048,"VIPER-03","VIPER-03",Friendly,Wingman,Active,Intercept,MissionAI,"VIPER-01",2,0.85,0,"BANDIT-01",False,False,True
0.79000000000000048,"BANDIT-01","BANDIT-01",Hostile,Patrol,Active,Intercept,MissionAI,"",0,0.45,0,"VIPER-03",False,False,True
0.79000000000000048,"BANDIT-02","BANDIT-02",Hostile,Patrol,Active,Intercept,MissionAI,"",0,0.45,0,"VIPER-03",False,False,True
0.79000000000000048,"BANDIT-03","BANDIT-03",Hostile,Patrol,Active,Intercept,MissionAI,"",0,0.45,0,"VIPER-03",False,False,True
0.79000000000000048,"BANDIT-04","BANDIT-04",Hostile,Patrol,Active,Intercept,MissionAI,"",0,0.45,0,"VIPER-03",False,False,True
0.99000000000000066,"VIPER-01","VIPER-01",Friendly,Player,Active,Intercept,AutomationPilot,"",0,0.85,0,"BANDIT-01",False,False,True
0.99000000000000066,"VIPER-02","VIPER-02",Friendly,Wingman,Active,Intercept,MissionAI,"VIPER-01",1,0.85,0,"BANDIT-01",False,False,True
0.99000000000000066,"VIPER-03","VIPER-03",Friendly,Wingman,Active,Intercept,MissionAI,"VIPER-01",2,0.85,0,"BANDIT-01",False,False,True
0.99000000000000066,"BANDIT-01","BANDIT-01",Hostile,Patrol,Active,Intercept,MissionAI,"",0,0.45,0,"VIPER-03",False,False,True
0.99000000000000066,"BANDIT-02","BANDIT-02",Hostile,Patrol,Active,Intercept,MissionAI,"",0,0.45,0,"VIPER-03",False,False,True
0.99000000000000066,"BANDIT-03","BANDIT-03",Hostile,Patrol,Active,Intercept,MissionAI,"",0,0.45,0,"VIPER-03",False,False,True
0.99000000000000066,"BANDIT-04","BANDIT-04",Hostile,Patrol,Active,Intercept,MissionAI,"",0,0.45,0,"VIPER-03",False,False,True
1.1900000000000008,"VIPER-01","VIPER-01",Friendly,Player,Active,Intercept,AutomationPilot,"",0,0.85,0,"BANDIT-01",False,False,True
1.1900000000000008,"VIPER-02","VIPER-02",Friendly,Wingman,Active,Intercept,MissionAI,"VIPER-01",1,0.85,0,"BANDIT-01",False,False,True
1.1900000000000008,"VIPER-03","VIPER-03",Friendly,Wingman,Active,Intercept,MissionAI,"VIPER-01",2,0.85,0,"BANDIT-01",False,False,True
1.1900000000000008,"BANDIT-01","BANDIT-01",Hostile,Patrol,Active,Intercept,MissionAI,"",0,0.45,0,"VIPER-03",False,False,True
1.1900000000000008,"BANDIT-02","BANDIT-02",Hostile,Patrol,Active,Intercept,MissionAI,"",0,0.45,0,"VIPER-03",False,False,True
1.1900000000000008,"BANDIT-03","BANDIT-03",Hostile,Patrol,Active,Intercept,MissionAI,"",0,0.45,0,"VIPER-03",False,False,True
1.1900000000000008,"BANDIT-04","BANDIT-04",Hostile,Patrol,Active,Intercept,MissionAI,"",0,0.45,0,"VIPER-03",False,False,True
1.390000000000001,"VIPER-01","VIPER-01",Friendly,Player,Active,Intercept,AutomationPilot,"",0,0.85,0,"BANDIT-01",False,False,True
1.390000000000001,"VIPER-02","VIPER-02",Friendly,Wingman,Active,Intercept,MissionAI,"VIPER-01",1,0.85,0,"BANDIT-01",False,False,True
1.390000000000001,"VIPER-03","VIPER-03",Friendly,Wingman,Active,Intercept,MissionAI,"VIPER-01",2,0.85,0,"BANDIT-01",False,False,True
1.390000000000001,"BANDIT-01","BANDIT-01",Hostile,Patrol,Active,Intercept,MissionAI,"",0,0.45,0,"VIPER-03",False,False,True
1.390000000000001,"BANDIT-02","BANDIT-02",Hostile,Patrol,Active,Intercept,MissionAI,"",0,0.45,0,"VIPER-03",False,False,True
1.390000000000001,"BANDIT-03","BANDIT-03",Hostile,Patrol,Active,Intercept,MissionAI,"",0,0.45,0,"VIPER-03",False,False,True
1.390000000000001,"BANDIT-04","BANDIT-04",Hostile,Patrol,Active,Intercept,MissionAI,"",0,0.45,0,"VIPER-03",False,False,True
1.5900000000000012,"VIPER-01","VIPER-01",Friendly,Player,Active,Intercept,AutomationPilot,"",0,0.85,0,"BANDIT-01",False,False,True
1.5900000000000012,"VIPER-02","VIPER-02",Friendly,Wingman,Active,Intercept,MissionAI,"VIPER-01",1,0.85,0,"BANDIT-01",False,False,True
1.5900000000000012,"VIPER-03","VIPER-03",Friendly,Wingman,Active,Intercept,MissionAI,"VIPER-01",2,0.85,0,"BANDIT-01",False,False,True
1.5900000000000012,"BANDIT-01","BANDIT-01",Hostile,Patrol,Active,Intercept,MissionAI,"",0,0.45,0,"VIPER-03",False,False,True
1.5900000000000012,"BANDIT-02","BANDIT-02",Hostile,Patrol,Active,Intercept,MissionAI,"",0,0.45,0,"VIPER-03",False,False,True
1.5900000000000012,"BANDIT-03","BANDIT-03",Hostile,Patrol,Active,Intercept,MissionAI,"",0,0.45,0,"VIPER-03",False,False,True
1.5900000000000012,"BANDIT-04","BANDIT-04",Hostile,Patrol,Active,Intercept,MissionAI,"",0,0.45,0,"VIPER-03",False,False,True
1.7900000000000014,"VIPER-01","VIPER-01",Friendly,Player,Active,Intercept,AutomationPilot,"",0,0.85,0,"BANDIT-01",False,False,True
1.7900000000000014,"VIPER-02","VIPER-02",Friendly,Wingman,Active,Intercept,MissionAI,"VIPER-01",1,0.85,0,"BANDIT-01",False,False,True
1.7900000000000014,"VIPER-03","VIPER-03",Friendly,Wingman,Active,Intercept,MissionAI,"VIPER-01",2,0.85,0,"BANDIT-01",False,False,True
1.7900000000000014,"BANDIT-01","BANDIT-01",Hostile,Patrol,Active,Intercept,MissionAI,"",0,0.45,0,"VIPER-03",False,False,True
1.7900000000000014,"BANDIT-02","BANDIT-02",Hostile,Patrol,Active,Intercept,MissionAI,"",0,0.45,0,"VIPER-03",False,False,True
1.7900000000000014,"BANDIT-03","BANDIT-03",Hostile,Patrol,Active,Intercept,MissionAI,"",0,0.45,0,"VIPER-03",False,False,True
1.7900000000000014,"BANDIT-04","BANDIT-04",Hostile,Patrol,Active,Intercept,MissionAI,"",0,0.45,0,"VIPER-03",False,False,True
1.9900000000000015,"VIPER-01","VIPER-01",Friendly,Player,Active,Intercept,AutomationPilot,"",0,0.85,0,"BANDIT-01",False,False,True
1.9900000000000015,"VIPER-02","VIPER-02",Friendly,Wingman,Active,Intercept,MissionAI,"VIPER-01",1,0.85,0,"BANDIT-01",False,False,True
1.9900000000000015,"VIPER-03","VIPER-03",Friendly,Wingman,Active,Intercept,MissionAI,"VIPER-01",2,0.85,0,"BANDIT-01",False,False,True
1.9900000000000015,"BANDIT-01","BANDIT-01",Hostile,Patrol,Active,Intercept,MissionAI,"",0,0.45,0,"VIPER-03",False,False,True
1.9900000000000015,"BANDIT-02","BANDIT-02",Hostile,Patrol,Active,Intercept,MissionAI,"",0,0.45,0,"VIPER-03",False,False,True
1.9900000000000015,"BANDIT-03","BANDIT-03",Hostile,Patrol,Active,Intercept,MissionAI,"",0,0.45,0,"VIPER-03",False,False,True
1.9900000000000015,"BANDIT-04","BANDIT-04",Hostile,Patrol,Active,Intercept,MissionAI,"",0,0.45,0,"VIPER-03",False,False,True
2.1899999999999973,"VIPER-01","VIPER-01",Friendly,Player,Active,Intercept,AutomationPilot,"",0,0.85,0,"BANDIT-01",False,False,True
2.1899999999999973,"VIPER-02","VIPER-02",Friendly,Wingman,Active,Intercept,MissionAI,"VIPER-01",1,0.85,0,"BANDIT-01",False,False,True
2.1899999999999973,"VIPER-03","VIPER-03",Friendly,Wingman,Active,Intercept,MissionAI,"VIPER-01",2,0.85,0,"BANDIT-01",False,False,True
2.1899999999999973,"BANDIT-01","BANDIT-01",Hostile,Patrol,Active,Intercept,MissionAI,"",0,0.45,0,"VIPER-03",False,False,True
2.1899999999999973,"BANDIT-02","BANDIT-02",Hostile,Patrol,Active,Intercept,MissionAI,"",0,0.45,0,"VIPER-03",False,False,True
2.1899999999999973,"BANDIT-03","BANDIT-03",Hostile,Patrol,Active,Intercept,MissionAI,"",0,0.45,0,"VIPER-03",False,False,True
2.1899999999999973,"BANDIT-04","BANDIT-04",Hostile,Patrol,Active,Intercept,MissionAI,"",0,0.45,0,"VIPER-03",False,False,True
2.389999999999993,"VIPER-01","VIPER-01",Friendly,Player,Active,Intercept,AutomationPilot,"",0,0.85,0,"BANDIT-01",False,False,True
2.389999999999993,"VIPER-02","VIPER-02",Friendly,Wingman,Active,Intercept,MissionAI,"VIPER-01",1,0.85,0,"BANDIT-01",False,False,True
2.389999999999993,"VIPER-03","VIPER-03",Friendly,Wingman,Active,Intercept,MissionAI,"VIPER-01",2,0.85,0,"BANDIT-01",False,False,True
2.389999999999993,"BANDIT-01","BANDIT-01",Hostile,Patrol,Active,Intercept,MissionAI,"",0,0.45,0,"VIPER-03",False,False,True
2.389999999999993,"BANDIT-02","BANDIT-02",Hostile,Patrol,Active,Intercept,MissionAI,"",0,0.45,0,"VIPER-03",False,False,True
2.389999999999993,"BANDIT-03","BANDIT-03",Hostile,Patrol,Active,Intercept,MissionAI,"",0,0.45,0,"VIPER-03",False,False,True
2.389999999999993,"BANDIT-04","BANDIT-04",Hostile,Patrol,Active,Intercept,MissionAI,"",0,0.45,0,"VIPER-03",False,False,True
2.5899999999999888,"VIPER-01","VIPER-01",Friendly,Player,Active,Intercept,AutomationPilot,"",0,0.85,0,"BANDIT-01",False,False,True
2.5899999999999888,"VIPER-02","VIPER-02",Friendly,Wingman,Active,Intercept,MissionAI,"VIPER-01",1,0.85,0,"BANDIT-01",False,False,True
2.5899999999999888,"VIPER-03","VIPER-03",Friendly,Wingman,Active,Intercept,MissionAI,"VIPER-01",2,0.85,0,"BANDIT-01",False,False,True
2.5899999999999888,"BANDIT-01","BANDIT-01",Hostile,Patrol,Active,Intercept,MissionAI,"",0,0.45,0,"VIPER-03",False,False,True
2.5899999999999888,"BANDIT-02","BANDIT-02",Hostile,Patrol,Active,Intercept,MissionAI,"",0,0.45,0,"VIPER-03",False,False,True
2.5899999999999888,"BANDIT-03","BANDIT-03",Hostile,Patrol,Active,Intercept,MissionAI,"",0,0.45,0,"VIPER-03",False,False,True
2.5899999999999888,"BANDIT-04","BANDIT-04",Hostile,Patrol,Active,Intercept,MissionAI,"",0,0.45,0,"VIPER-03",False,False,True
2.7899999999999845,"VIPER-01","VIPER-01",Friendly,Player,Active,Intercept,AutomationPilot,"",0,0.85,0,"BANDIT-01",False,False,True
2.7899999999999845,"VIPER-02","VIPER-02",Friendly,Wingman,Active,Intercept,MissionAI,"VIPER-01",1,0.85,0,"BANDIT-01",False,False,True
2.7899999999999845,"VIPER-03","VIPER-03",Friendly,Wingman,Active,Intercept,MissionAI,"VIPER-01",2,0.85,0,"BANDIT-01",False,False,True
2.7899999999999845,"BANDIT-01","BANDIT-01",Hostile,Patrol,Active,Intercept,MissionAI,"",0,0.45,0,"VIPER-03",False,False,True
2.7899999999999845,"BANDIT-02","BANDIT-02",Hostile,Patrol,Active,Intercept,MissionAI,"",0,0.45,0,"VIPER-03",False,False,True
2.7899999999999845,"BANDIT-03","BANDIT-03",Hostile,Patrol,Active,Intercept,MissionAI,"",0,0.45,0,"VIPER-03",False,False,True
2.7899999999999845,"BANDIT-04","BANDIT-04",Hostile,Patrol,Active,Intercept,MissionAI,"",0,0.45,0,"VIPER-03",False,False,True
2.9899999999999802,"VIPER-01","VIPER-01",Friendly,Player,Active,Intercept,AutomationPilot,"",0,0.85,0,"BANDIT-01",False,False,True
2.9899999999999802,"VIPER-02","VIPER-02",Friendly,Wingman,Active,Intercept,MissionAI,"VIPER-01",1,0.85,0,"BANDIT-01",False,False,True
2.9899999999999802,"VIPER-03","VIPER-03",Friendly,Wingman,Active,Intercept,MissionAI,"VIPER-01",2,0.85,0,"BANDIT-01",False,False,True
2.9899999999999802,"BANDIT-01","BANDIT-01",Hostile,Patrol,Active,Intercept,MissionAI,"",0,0.45,0,"VIPER-03",False,False,True
2.9899999999999802,"BANDIT-02","BANDIT-02",Hostile,Patrol,Active,Intercept,MissionAI,"",0,0.45,0,"VIPER-03",False,False,True
2.9899999999999802,"BANDIT-03","BANDIT-03",Hostile,Patrol,Active,Intercept,MissionAI,"",0,0.45,0,"VIPER-03",False,False,True
2.9899999999999802,"BANDIT-04","BANDIT-04",Hostile,Patrol,Active,Intercept,MissionAI,"",0,0.45,0,"VIPER-03",False,False,True
3.189999999999976,"VIPER-01","VIPER-01",Friendly,Player,Active,Intercept,AutomationPilot,"",0,0.85,0,"BANDIT-01",False,False,True
3.189999999999976,"VIPER-02","VIPER-02",Friendly,Wingman,Active,Intercept,MissionAI,"VIPER-01",1,0.85,0,"BANDIT-01",False,False,True
3.189999999999976,"VIPER-03","VIPER-03",Friendly,Wingman,Active,Intercept,MissionAI,"VIPER-01",2,0.85,0,"BANDIT-01",False,False,True
3.189999999999976,"BANDIT-01","BANDIT-01",Hostile,Patrol,Active,Intercept,MissionAI,"",0,0.45,0,"VIPER-03",False,False,True
3.189999999999976,"BANDIT-02","BANDIT-02",Hostile,Patrol,Active,Intercept,MissionAI,"",0,0.45,0,"VIPER-03",False,False,True
3.189999999999976,"BANDIT-03","BANDIT-03",Hostile,Patrol,Active,Intercept,MissionAI,"",0,0.45,0,"VIPER-03",False,False,True
3.189999999999976,"BANDIT-04","BANDIT-04",Hostile,Patrol,Active,Intercept,MissionAI,"",0,0.45,0,"VIPER-03",False,False,True
3.3899999999999717,"VIPER-01","VIPER-01",Friendly,Player,Active,Intercept,AutomationPilot,"",0,0.85,0,"BANDIT-01",False,False,True
3.3899999999999717,"VIPER-02","VIPER-02",Friendly,Wingman,Active,Intercept,MissionAI,"VIPER-01",1,0.85,0,"BANDIT-01",False,False,True
3.3899999999999717,"VIPER-03","VIPER-03",Friendly,Wingman,Active,Intercept,MissionAI,"VIPER-01",2,0.85,0,"BANDIT-01",False,False,True
3.3899999999999717,"BANDIT-01","BANDIT-01",Hostile,Patrol,Active,Intercept,MissionAI,"",0,0.45,0,"VIPER-03",False,False,True
3.3899999999999717,"BANDIT-02","BANDIT-02",Hostile,Patrol,Active,Intercept,MissionAI,"",0,0.45,0,"VIPER-03",False,False,True
3.3899999999999717,"BANDIT-03","BANDIT-03",Hostile,Patrol,Active,Intercept,MissionAI,"",0,0.45,0,"VIPER-03",False,False,True
3.3899999999999717,"BANDIT-04","BANDIT-04",Hostile,Patrol,Active,Intercept,MissionAI,"",0,0.45,0,"VIPER-03",False,False,True
3.5899999999999674,"VIPER-01","VIPER-01",Friendly,Player,Active,Intercept,AutomationPilot,"",0,0.85,0,"BANDIT-01",False,False,True
3.5899999999999674,"VIPER-02","VIPER-02",Friendly,Wingman,Active,Intercept,MissionAI,"VIPER-01",1,0.85,0,"BANDIT-01",False,False,True
3.5899999999999674,"VIPER-03","VIPER-03",Friendly,Wingman,Active,Intercept,MissionAI,"VIPER-01",2,0.85,0,"BANDIT-01",False,False,True
3.5899999999999674,"BANDIT-01","BANDIT-01",Hostile,Patrol,Active,Intercept,MissionAI,"",0,0.45,0,"VIPER-03",False,False,True
3.5899999999999674,"BANDIT-02","BANDIT-02",Hostile,Patrol,Active,Intercept,MissionAI,"",0,0.45,0,"VIPER-03",False,False,True
3.5899999999999674,"BANDIT-03","BANDIT-03",Hostile,Patrol,Active,Intercept,MissionAI,"",0,0.45,0,"VIPER-03",False,False,True
3.5899999999999674,"BANDIT-04","BANDIT-04",Hostile,Patrol,Active,Intercept,MissionAI,"",0,0.45,0,"VIPER-03",False,False,True
3.7899999999999632,"VIPER-01","VIPER-01",Friendly,Player,Active,Intercept,AutomationPilot,"",0,0.85,0,"BANDIT-01",False,False,True
3.7899999999999632,"VIPER-02","VIPER-02",Friendly,Wingman,Active,Intercept,MissionAI,"VIPER-01",1,0.85,0,"BANDIT-01",False,False,True
3.7899999999999632,"VIPER-03","VIPER-03",Friendly,Wingman,Active,Intercept,MissionAI,"VIPER-01",2,0.85,0,"BANDIT-01",False,False,True
3.7899999999999632,"BANDIT-01","BANDIT-01",Hostile,Patrol,Active,Intercept,MissionAI,"",0,0.45,0,"VIPER-03",False,False,True
3.7899999999999632,"BANDIT-02","BANDIT-02",Hostile,Patrol,Active,Intercept,MissionAI,"",0,0.45,0,"VIPER-03",False,False,True
3.7899999999999632,"BANDIT-03","BANDIT-03",Hostile,Patrol,Active,Intercept,MissionAI,"",0,0.45,0,"VIPER-03",False,False,True
3.7899999999999632,"BANDIT-04","BANDIT-04",Hostile,Patrol,Active,Intercept,MissionAI,"",0,0.45,0,"VIPER-03",False,False,True
3.9899999999999589,"VIPER-01","VIPER-01",Friendly,Player,Active,Intercept,AutomationPilot,"",0,0.85,0,"BANDIT-01",False,False,True
3.9899999999999589,"VIPER-02","VIPER-02",Friendly,Wingman,Active,Intercept,MissionAI,"VIPER-01",1,0.85,0,"BANDIT-01",False,False,True
3.9899999999999589,"VIPER-03","VIPER-03",Friendly,Wingman,Active,Intercept,MissionAI,"VIPER-01",2,0.85,0,"BANDIT-01",False,False,True
3.9899999999999589,"BANDIT-01","BANDIT-01",Hostile,Patrol,Active,Intercept,MissionAI,"",0,0.45,0,"VIPER-03",False,False,True
3.9899999999999589,"BANDIT-02","BANDIT-02",Hostile,Patrol,Active,Intercept,MissionAI,"",0,0.45,0,"VIPER-03",False,False,True
3.9899999999999589,"BANDIT-03","BANDIT-03",Hostile,Patrol,Active,Intercept,MissionAI,"",0,0.45,0,"VIPER-03",False,False,True
3.9899999999999589,"BANDIT-04","BANDIT-04",Hostile,Patrol,Active,Intercept,MissionAI,"",0,0.45,0,"VIPER-03",False,False,True
4.1899999999999551,"VIPER-01","VIPER-01",Friendly,Player,Active,Intercept,AutomationPilot,"",0,0.85,0,"BANDIT-01",False,False,True
4.1899999999999551,"VIPER-02","VIPER-02",Friendly,Wingman,Active,Intercept,MissionAI,"VIPER-01",1,0.85,0,"BANDIT-01",False,False,True
4.1899999999999551,"VIPER-03","VIPER-03",Friendly,Wingman,Active,Intercept,MissionAI,"VIPER-01",2,0.85,0,"BANDIT-01",False,False,True
4.1899999999999551,"BANDIT-01","BANDIT-01",Hostile,Patrol,Active,Intercept,MissionAI,"",0,0.45,0,"VIPER-03",False,False,True
4.1899999999999551,"BANDIT-02","BANDIT-02",Hostile,Patrol,Active,Intercept,MissionAI,"",0,0.45,0,"VIPER-03",False,False,True
4.1899999999999551,"BANDIT-03","BANDIT-03",Hostile,Patrol,Active,Intercept,MissionAI,"",0,0.45,0,"VIPER-03",False,False,True
4.1899999999999551,"BANDIT-04","BANDIT-04",Hostile,Patrol,Active,Intercept,MissionAI,"",0,0.45,0,"VIPER-03",False,False,True
4.3899999999999508,"VIPER-01","VIPER-01",Friendly,Player,Active,Intercept,AutomationPilot,"",0,0.85,0,"BANDIT-01",False,False,True
4.3899999999999508,"VIPER-02","VIPER-02",Friendly,Wingman,Active,Intercept,MissionAI,"VIPER-01",1,0.85,0,"BANDIT-01",False,False,True
4.3899999999999508,"VIPER-03","VIPER-03",Friendly,Wingman,Active,Intercept,MissionAI,"VIPER-01",2,0.85,0,"BANDIT-01",False,False,True
4.3899999999999508,"BANDIT-01","BANDIT-01",Hostile,Patrol,Active,Intercept,MissionAI,"",0,0.45,0,"VIPER-03",False,False,True
4.3899999999999508,"BANDIT-02","BANDIT-02",Hostile,Patrol,Active,Intercept,MissionAI,"",0,0.45,0,"VIPER-03",False,False,True
4.3899999999999508,"BANDIT-03","BANDIT-03",Hostile,Patrol,Active,Intercept,MissionAI,"",0,0.45,0,"VIPER-03",False,False,True
4.3899999999999508,"BANDIT-04","BANDIT-04",Hostile,Patrol,Active,Intercept,MissionAI,"",0,0.45,0,"VIPER-03",False,False,True
4.5899999999999466,"VIPER-01","VIPER-01",Friendly,Player,Active,Intercept,AutomationPilot,"",0,0.85,0,"BANDIT-01",False,False,True
4.5899999999999466,"VIPER-02","VIPER-02",Friendly,Wingman,Active,Intercept,MissionAI,"VIPER-01",1,0.85,0,"BANDIT-01",False,False,True
4.5899999999999466,"VIPER-03","VIPER-03",Friendly,Wingman,Active,Intercept,MissionAI,"VIPER-01",2,0.85,0,"BANDIT-01",False,False,True
4.5899999999999466,"BANDIT-01","BANDIT-01",Hostile,Patrol,Active,Intercept,MissionAI,"",0,0.45,0,"VIPER-03",False,False,True
4.5899999999999466,"BANDIT-02","BANDIT-02",Hostile,Patrol,Active,Intercept,MissionAI,"",0,0.45,0,"VIPER-03",False,False,True
4.5899999999999466,"BANDIT-03","BANDIT-03",Hostile,Patrol,Active,Intercept,MissionAI,"",0,0.45,0,"VIPER-03",False,False,True
4.5899999999999466,"BANDIT-04","BANDIT-04",Hostile,Patrol,Active,Intercept,MissionAI,"",0,0.45,0,"VIPER-03",False,False,True
4.7899999999999423,"VIPER-01","VIPER-01",Friendly,Player,Active,Intercept,AutomationPilot,"",0,0.85,0,"BANDIT-01",False,False,True
4.7899999999999423,"VIPER-02","VIPER-02",Friendly,Wingman,Active,Intercept,MissionAI,"VIPER-01",1,0.85,0,"BANDIT-01",False,False,True
4.7899999999999423,"VIPER-03","VIPER-03",Friendly,Wingman,Active,Intercept,MissionAI,"VIPER-01",2,0.85,0,"BANDIT-01",False,False,True
4.7899999999999423,"BANDIT-01","BANDIT-01",Hostile,Patrol,Active,Intercept,MissionAI,"",0,0.45,0,"VIPER-03",False,False,True
4.7899999999999423,"BANDIT-02","BANDIT-02",Hostile,Patrol,Active,Intercept,MissionAI,"",0,0.45,0,"VIPER-03",False,False,True
4.7899999999999423,"BANDIT-03","BANDIT-03",Hostile,Patrol,Active,Intercept,MissionAI,"",0,0.45,0,"VIPER-03",False,False,True
4.7899999999999423,"BANDIT-04","BANDIT-04",Hostile,Patrol,Active,Intercept,MissionAI,"",0,0.45,0,"VIPER-03",False,False,True
4.989999999999938,"VIPER-01","VIPER-01",Friendly,Player,Active,Intercept,AutomationPilot,"",0,0.85,0,"BANDIT-01",False,False,True
4.989999999999938,"VIPER-02","VIPER-02",Friendly,Wingman,Active,Intercept,MissionAI,"VIPER-01",1,0.85,0,"BANDIT-01",False,False,True
4.989999999999938,"VIPER-03","VIPER-03",Friendly,Wingman,Active,Intercept,MissionAI,"VIPER-01",2,0.85,0,"BANDIT-01",False,False,True
4.989999999999938,"BANDIT-01","BANDIT-01",Hostile,Patrol,Active,Intercept,MissionAI,"",0,0.45,0,"VIPER-03",False,False,True
4.989999999999938,"BANDIT-02","BANDIT-02",Hostile,Patrol,Active,Intercept,MissionAI,"",0,0.45,0,"VIPER-03",False,False,True
4.989999999999938,"BANDIT-03","BANDIT-03",Hostile,Patrol,Active,Intercept,MissionAI,"",0,0.45,0,"VIPER-03",False,False,True
4.989999999999938,"BANDIT-04","BANDIT-04",Hostile,Patrol,Active,Intercept,MissionAI,"",0,0.45,0,"VIPER-03",False,False,True
5.1899999999999338,"VIPER-01","VIPER-01",Friendly,Player,Active,Intercept,AutomationPilot,"",0,0.85,0,"BANDIT-01",False,False,True
5.1899999999999338,"VIPER-02","VIPER-02",Friendly,Wingman,Active,Intercept,MissionAI,"VIPER-01",1,0.85,0,"BANDIT-01",False,False,True
5.1899999999999338,"VIPER-03","VIPER-03",Friendly,Wingman,Active,Intercept,MissionAI,"VIPER-01",2,0.85,0,"BANDIT-01",False,False,True
5.1899999999999338,"BANDIT-01","BANDIT-01",Hostile,Patrol,Active,Intercept,MissionAI,"",0,0.45,0,"VIPER-03",False,False,True
5.1899999999999338,"BANDIT-02","BANDIT-02",Hostile,Patrol,Active,Intercept,MissionAI,"",0,0.45,0,"VIPER-03",False,False,True
5.1899999999999338,"BANDIT-03","BANDIT-03",Hostile,Patrol,Active,Intercept,MissionAI,"",0,0.45,0,"VIPER-03",False,False,True
5.1899999999999338,"BANDIT-04","BANDIT-04",Hostile,Patrol,Active,Intercept,MissionAI,"",0,0.45,0,"VIPER-03",False,False,True
5.3899999999999295,"VIPER-01","VIPER-01",Friendly,Player,Active,Intercept,AutomationPilot,"",0,0.85,0,"BANDIT-01",False,False,True
5.3899999999999295,"VIPER-02","VIPER-02",Friendly,Wingman,Active,Intercept,MissionAI,"VIPER-01",1,0.85,0,"BANDIT-01",False,False,True
5.3899999999999295,"VIPER-03","VIPER-03",Friendly,Wingman,Active,Intercept,MissionAI,"VIPER-01",2,0.85,0,"BANDIT-01",False,False,True
5.3899999999999295,"BANDIT-01","BANDIT-01",Hostile,Patrol,Active,Intercept,MissionAI,"",0,0.45,0,"VIPER-03",False,False,True
5.3899999999999295,"BANDIT-02","BANDIT-02",Hostile,Patrol,Active,Intercept,MissionAI,"",0,0.45,0,"VIPER-03",False,False,True
5.3899999999999295,"BANDIT-03","BANDIT-03",Hostile,Patrol,Active,Intercept,MissionAI,"",0,0.45,0,"VIPER-03",False,False,True
5.3899999999999295,"BANDIT-04","BANDIT-04",Hostile,Patrol,Active,Intercept,MissionAI,"",0,0.45,0,"VIPER-03",False,False,True
5.5899999999999253,"VIPER-01","VIPER-01",Friendly,Player,Active,Intercept,AutomationPilot,"",0,0.85,0,"BANDIT-01",False,False,True
5.5899999999999253,"VIPER-02","VIPER-02",Friendly,Wingman,Active,Intercept,MissionAI,"VIPER-01",1,0.85,0,"BANDIT-01",False,False,True
5.5899999999999253,"VIPER-03","VIPER-03",Friendly,Wingman,Active,Intercept,MissionAI,"VIPER-01",2,0.85,0,"BANDIT-01",False,False,True
5.5899999999999253,"BANDIT-01","BANDIT-01",Hostile,Patrol,Active,Intercept,MissionAI,"",0,0.45,0,"VIPER-03",False,False,True
5.5899999999999253,"BANDIT-02","BANDIT-02",Hostile,Patrol,Active,Intercept,MissionAI,"",0,0.45,0,"VIPER-03",False,False,True
5.5899999999999253,"BANDIT-03","BANDIT-03",Hostile,Patrol,Active,Intercept,MissionAI,"",0,0.45,0,"VIPER-03",False,False,True
5.5899999999999253,"BANDIT-04","BANDIT-04",Hostile,Patrol,Active,Intercept,MissionAI,"",0,0.45,0,"VIPER-03",False,False,True
5.789999999999921,"VIPER-01","VIPER-01",Friendly,Player,Active,Intercept,AutomationPilot,"",0,0.85,0,"BANDIT-01",False,False,True
5.789999999999921,"VIPER-02","VIPER-02",Friendly,Wingman,Active,Intercept,MissionAI,"VIPER-01",1,0.85,0,"BANDIT-01",False,False,True
5.789999999999921,"VIPER-03","VIPER-03",Friendly,Wingman,Active,Intercept,MissionAI,"VIPER-01",2,0.85,0,"BANDIT-01",False,False,True
5.789999999999921,"BANDIT-01","BANDIT-01",Hostile,Patrol,Active,Intercept,MissionAI,"",0,0.45,0,"VIPER-03",False,False,True
5.789999999999921,"BANDIT-02","BANDIT-02",Hostile,Patrol,Active,Intercept,MissionAI,"",0,0.45,0,"VIPER-03",False,False,True
5.789999999999921,"BANDIT-03","BANDIT-03",Hostile,Patrol,Active,Intercept,MissionAI,"",0,0.45,0,"VIPER-03",False,False,True
5.789999999999921,"BANDIT-04","BANDIT-04",Hostile,Patrol,Active,Intercept,MissionAI,"",0,0.45,0,"VIPER-03",False,False,True
5.9899999999999167,"VIPER-01","VIPER-01",Friendly,Player,Active,Intercept,AutomationPilot,"",0,0.85,0,"BANDIT-01",False,False,True
5.9899999999999167,"VIPER-02","VIPER-02",Friendly,Wingman,Active,Intercept,MissionAI,"VIPER-01",1,0.85,0,"BANDIT-01",False,False,True
5.9899999999999167,"VIPER-03","VIPER-03",Friendly,Wingman,Active,Intercept,MissionAI,"VIPER-01",2,0.85,0,"BANDIT-01",False,False,True
5.9899999999999167,"BANDIT-01","BANDIT-01",Hostile,Patrol,Active,Intercept,MissionAI,"",0,0.45,0,"VIPER-03",False,False,True
5.9899999999999167,"BANDIT-02","BANDIT-02",Hostile,Patrol,Active,Intercept,MissionAI,"",0,0.45,0,"VIPER-03",False,False,True
5.9899999999999167,"BANDIT-03","BANDIT-03",Hostile,Patrol,Active,Intercept,MissionAI,"",0,0.45,0,"VIPER-03",False,False,True
5.9899999999999167,"BANDIT-04","BANDIT-04",Hostile,Patrol,Active,Intercept,MissionAI,"",0,0.45,0,"VIPER-03",False,False,True
6.1899999999999125,"VIPER-01","VIPER-01",Friendly,Player,Active,Intercept,AutomationPilot,"",0,0.85,0,"BANDIT-01",False,False,True
6.1899999999999125,"VIPER-02","VIPER-02",Friendly,Wingman,Active,Intercept,MissionAI,"VIPER-01",1,0.85,0,"BANDIT-01",False,False,True
6.1899999999999125,"VIPER-03","VIPER-03",Friendly,Wingman,Active,Intercept,MissionAI,"VIPER-01",2,0.85,0,"BANDIT-01",False,False,True
6.1899999999999125,"BANDIT-01","BANDIT-01",Hostile,Patrol,Active,Intercept,MissionAI,"",0,0.45,0,"VIPER-03",False,False,True
6.1899999999999125,"BANDIT-02","BANDIT-02",Hostile,Patrol,Active,Intercept,MissionAI,"",0,0.45,0,"VIPER-03",False,False,True
6.1899999999999125,"BANDIT-03","BANDIT-03",Hostile,Patrol,Active,Intercept,MissionAI,"",0,0.45,0,"VIPER-03",False,False,True
6.1899999999999125,"BANDIT-04","BANDIT-04",Hostile,Patrol,Active,Intercept,MissionAI,"",0,0.45,0,"VIPER-03",False,False,True
6.3899999999999082,"VIPER-01","VIPER-01",Friendly,Player,Active,Intercept,AutomationPilot,"",0,0.85,0,"BANDIT-01",False,False,True
6.3899999999999082,"VIPER-02","VIPER-02",Friendly,Wingman,Active,Intercept,MissionAI,"VIPER-01",1,0.85,0,"BANDIT-01",False,False,True
6.3899999999999082,"VIPER-03","VIPER-03",Friendly,Wingman,Active,Intercept,MissionAI,"VIPER-01",2,0.85,0,"BANDIT-01",False,False,True
6.3899999999999082,"BANDIT-01","BANDIT-01",Hostile,Patrol,Active,Intercept,MissionAI,"",0,0.45,0,"VIPER-03",False,False,True
6.3899999999999082,"BANDIT-02","BANDIT-02",Hostile,Patrol,Active,Intercept,MissionAI,"",0,0.45,0,"VIPER-03",False,False,True
6.3899999999999082,"BANDIT-03","BANDIT-03",Hostile,Patrol,Active,Intercept,MissionAI,"",0,0.45,0,"VIPER-03",False,False,True
6.3899999999999082,"BANDIT-04","BANDIT-04",Hostile,Patrol,Active,Intercept,MissionAI,"",0,0.45,0,"VIPER-03",False,False,True
6.5899999999999039,"VIPER-01","VIPER-01",Friendly,Player,Active,Intercept,AutomationPilot,"",0,0.85,0,"BANDIT-01",False,False,True
6.5899999999999039,"VIPER-02","VIPER-02",Friendly,Wingman,Active,Intercept,MissionAI,"VIPER-01",1,0.85,0,"BANDIT-01",False,False,True
6.5899999999999039,"VIPER-03","VIPER-03",Friendly,Wingman,Active,Intercept,MissionAI,"VIPER-01",2,0.85,0,"BANDIT-01",False,False,True
6.5899999999999039,"BANDIT-01","BANDIT-01",Hostile,Patrol,Active,Intercept,MissionAI,"",0,0.45,0,"VIPER-03",False,False,True
6.5899999999999039,"BANDIT-02","BANDIT-02",Hostile,Patrol,Active,Intercept,MissionAI,"",0,0.45,0,"VIPER-03",False,False,True
6.5899999999999039,"BANDIT-03","BANDIT-03",Hostile,Patrol,Active,Intercept,MissionAI,"",0,0.45,0,"VIPER-03",False,False,True
6.5899999999999039,"BANDIT-04","BANDIT-04",Hostile,Patrol,Active,Intercept,MissionAI,"",0,0.45,0,"VIPER-03",False,False,True
6.7899999999999,"VIPER-01","VIPER-01",Friendly,Player,Active,Intercept,AutomationPilot,"",0,0.85,0,"BANDIT-01",False,False,True
6.7899999999999,"VIPER-02","VIPER-02",Friendly,Wingman,Active,Intercept,MissionAI,"VIPER-01",1,0.85,0,"BANDIT-01",False,False,True
6.7899999999999,"VIPER-03","VIPER-03",Friendly,Wingman,Active,Intercept,MissionAI,"VIPER-01",2,0.85,0,"BANDIT-01",False,False,True
6.7899999999999,"BANDIT-01","BANDIT-01",Hostile,Patrol,Active,Intercept,MissionAI,"",0,0.45,0,"VIPER-03",False,False,True
6.7899999999999,"BANDIT-02","BANDIT-02",Hostile,Patrol,Active,Intercept,MissionAI,"",0,0.45,0,"VIPER-03",False,False,True
6.7899999999999,"BANDIT-03","BANDIT-03",Hostile,Patrol,Active,Intercept,MissionAI,"",0,0.45,0,"VIPER-03",False,False,True
6.7899999999999,"BANDIT-04","BANDIT-04",Hostile,Patrol,Active,Intercept,MissionAI,"",0,0.45,0,"VIPER-03",False,False,True
6.9899999999998954,"VIPER-01","VIPER-01",Friendly,Player,Active,Intercept,AutomationPilot,"",0,0.85,0,"BANDIT-01",False,False,True
6.9899999999998954,"VIPER-02","VIPER-02",Friendly,Wingman,Active,Intercept,MissionAI,"VIPER-01",1,0.85,0,"BANDIT-01",False,False,True
6.9899999999998954,"VIPER-03","VIPER-03",Friendly,Wingman,Active,Intercept,MissionAI,"VIPER-01",2,0.85,0,"BANDIT-01",False,False,True
6.9899999999998954,"BANDIT-01","BANDIT-01",Hostile,Patrol,Active,Intercept,MissionAI,"",0,0.45,0,"VIPER-03",False,False,True
6.9899999999998954,"BANDIT-02","BANDIT-02",Hostile,Patrol,Active,Intercept,MissionAI,"",0,0.45,0,"VIPER-03",False,False,True
6.9899999999998954,"BANDIT-03","BANDIT-03",Hostile,Patrol,Active,Intercept,MissionAI,"",0,0.45,0,"VIPER-03",False,False,True
6.9899999999998954,"BANDIT-04","BANDIT-04",Hostile,Patrol,Active,Intercept,MissionAI,"",0,0.45,0,"VIPER-03",False,False,True
7.1899999999998911,"VIPER-01","VIPER-01",Friendly,Player,Active,Intercept,AutomationPilot,"",0,0.85,0,"BANDIT-01",False,False,True
7.1899999999998911,"VIPER-02","VIPER-02",Friendly,Wingman,Active,Intercept,MissionAI,"VIPER-01",1,0.85,0,"BANDIT-01",False,False,True
7.1899999999998911,"VIPER-03","VIPER-03",Friendly,Wingman,Active,Intercept,MissionAI,"VIPER-01",2,0.85,0,"BANDIT-01",False,False,True
7.1899999999998911,"BANDIT-01","BANDIT-01",Hostile,Patrol,Active,Intercept,MissionAI,"",0,0.45,0,"VIPER-03",False,False,True
7.1899999999998911,"BANDIT-02","BANDIT-02",Hostile,Patrol,Active,Intercept,MissionAI,"",0,0.45,0,"VIPER-03",False,False,True
7.1899999999998911,"BANDIT-03","BANDIT-03",Hostile,Patrol,Active,Intercept,MissionAI,"",0,0.45,0,"VIPER-03",False,False,True
7.1899999999998911,"BANDIT-04","BANDIT-04",Hostile,Patrol,Active,Intercept,MissionAI,"",0,0.45,0,"VIPER-03",False,False,True
7.3899999999998869,"VIPER-01","VIPER-01",Friendly,Player,Active,Intercept,AutomationPilot,"",0,0.85,0,"BANDIT-01",False,False,True
7.3899999999998869,"VIPER-02","VIPER-02",Friendly,Wingman,Active,Intercept,MissionAI,"VIPER-01",1,0.85,0,"BANDIT-01",False,False,True
7.3899999999998869,"VIPER-03","VIPER-03",Friendly,Wingman,Active,Intercept,MissionAI,"VIPER-01",2,0.85,0,"BANDIT-01",False,False,True
7.3899999999998869,"BANDIT-01","BANDIT-01",Hostile,Patrol,Active,Intercept,MissionAI,"",0,0.45,0,"VIPER-03",False,False,True
7.3899999999998869,"BANDIT-02","BANDIT-02",Hostile,Patrol,Active,Intercept,MissionAI,"",0,0.45,0,"VIPER-03",False,False,True
7.3899999999998869,"BANDIT-03","BANDIT-03",Hostile,Patrol,Active,Intercept,MissionAI,"",0,0.45,0,"VIPER-03",False,False,True
7.3899999999998869,"BANDIT-04","BANDIT-04",Hostile,Patrol,Active,Intercept,MissionAI,"",0,0.45,0,"VIPER-03",False,False,True
7.5899999999998826,"VIPER-01","VIPER-01",Friendly,Player,Active,Intercept,AutomationPilot,"",0,0.85,0,"BANDIT-01",False,False,True
7.5899999999998826,"VIPER-02","VIPER-02",Friendly,Wingman,Active,Intercept,MissionAI,"VIPER-01",1,0.85,0,"BANDIT-01",False,False,True
7.5899999999998826,"VIPER-03","VIPER-03",Friendly,Wingman,Active,Intercept,MissionAI,"VIPER-01",2,0.85,0,"BANDIT-01",False,False,True
7.5899999999998826,"BANDIT-01","BANDIT-01",Hostile,Patrol,Active,Intercept,MissionAI,"",0,0.45,0,"VIPER-03",False,False,True
7.5899999999998826,"BANDIT-02","BANDIT-02",Hostile,Patrol,Active,Intercept,MissionAI,"",0,0.45,0,"VIPER-03",False,False,True
7.5899999999998826,"BANDIT-03","BANDIT-03",Hostile,Patrol,Active,Intercept,MissionAI,"",0,0.45,0,"VIPER-03",False,False,True
7.5899999999998826,"BANDIT-04","BANDIT-04",Hostile,Patrol,Active,Intercept,MissionAI,"",0,0.45,0,"VIPER-03",False,False,True
7.7899999999998784,"VIPER-01","VIPER-01",Friendly,Player,Active,Intercept,AutomationPilot,"",0,0.85,0,"BANDIT-01",False,False,True
7.7899999999998784,"VIPER-02","VIPER-02",Friendly,Wingman,Active,Intercept,MissionAI,"VIPER-01",1,0.85,0,"BANDIT-01",False,False,True
7.7899999999998784,"VIPER-03","VIPER-03",Friendly,Wingman,Active,Intercept,MissionAI,"VIPER-01",2,0.85,0,"BANDIT-01",False,False,True
7.7899999999998784,"BANDIT-01","BANDIT-01",Hostile,Patrol,Active,Intercept,MissionAI,"",0,0.45,0,"VIPER-03",False,False,True
7.7899999999998784,"BANDIT-02","BANDIT-02",Hostile,Patrol,Active,Intercept,MissionAI,"",0,0.45,0,"VIPER-03",False,False,True
7.7899999999998784,"BANDIT-03","BANDIT-03",Hostile,Patrol,Active,Intercept,MissionAI,"",0,0.45,0,"VIPER-03",False,False,True
7.7899999999998784,"BANDIT-04","BANDIT-04",Hostile,Patrol,Active,Intercept,MissionAI,"",0,0.45,0,"VIPER-03",False,False,True
7.9899999999998741,"VIPER-01","VIPER-01",Friendly,Player,Active,Intercept,AutomationPilot,"",0,0.85,0,"BANDIT-01",False,False,True
7.9899999999998741,"VIPER-02","VIPER-02",Friendly,Wingman,Active,Intercept,MissionAI,"VIPER-01",1,0.85,0,"BANDIT-01",False,False,True
7.9899999999998741,"VIPER-03","VIPER-03",Friendly,Wingman,Active,Intercept,MissionAI,"VIPER-01",2,0.85,0,"BANDIT-01",False,False,True
7.9899999999998741,"BANDIT-01","BANDIT-01",Hostile,Patrol,Active,Intercept,MissionAI,"",0,0.45,0,"VIPER-03",False,False,True
7.9899999999998741,"BANDIT-02","BANDIT-02",Hostile,Patrol,Active,Intercept,MissionAI,"",0,0.45,0,"VIPER-03",False,False,True
7.9899999999998741,"BANDIT-03","BANDIT-03",Hostile,Patrol,Active,Intercept,MissionAI,"",0,0.45,0,"VIPER-03",False,False,True
7.9899999999998741,"BANDIT-04","BANDIT-04",Hostile,Patrol,Active,Intercept,MissionAI,"",0,0.45,0,"VIPER-03",False,False,True
8.18999999999987,"VIPER-01","VIPER-01",Friendly,Player,Active,Intercept,AutomationPilot,"",0,0.85,0,"BANDIT-01",False,False,True
8.18999999999987,"VIPER-02","VIPER-02",Friendly,Wingman,Active,Intercept,MissionAI,"VIPER-01",1,0.85,0,"BANDIT-01",False,False,True
8.18999999999987,"VIPER-03","VIPER-03",Friendly,Wingman,Active,Intercept,MissionAI,"VIPER-01",2,0.85,0,"BANDIT-01",False,False,True
8.18999999999987,"BANDIT-01","BANDIT-01",Hostile,Patrol,Active,Intercept,MissionAI,"",0,0.45,0,"VIPER-03",False,False,True
8.18999999999987,"BANDIT-02","BANDIT-02",Hostile,Patrol,Active,Intercept,MissionAI,"",0,0.45,0,"VIPER-03",False,False,True
8.18999999999987,"BANDIT-03","BANDIT-03",Hostile,Patrol,Active,Intercept,MissionAI,"",0,0.45,0,"VIPER-03",False,False,True
8.18999999999987,"BANDIT-04","BANDIT-04",Hostile,Patrol,Active,Intercept,MissionAI,"",0,0.45,0,"VIPER-03",False,False,True
8.3899999999998656,"VIPER-01","VIPER-01",Friendly,Player,Active,Intercept,AutomationPilot,"",0,0.85,0,"BANDIT-01",False,False,True
8.3899999999998656,"VIPER-02","VIPER-02",Friendly,Wingman,Active,Intercept,MissionAI,"VIPER-01",1,0.85,0,"BANDIT-01",False,False,True
8.3899999999998656,"VIPER-03","VIPER-03",Friendly,Wingman,Active,Intercept,MissionAI,"VIPER-01",2,0.85,0,"BANDIT-01",False,False,True
8.3899999999998656,"BANDIT-01","BANDIT-01",Hostile,Patrol,Active,Intercept,MissionAI,"",0,0.45,0,"VIPER-03",False,False,True
8.3899999999998656,"BANDIT-02","BANDIT-02",Hostile,Patrol,Active,Intercept,MissionAI,"",0,0.45,0,"VIPER-03",False,False,True
8.3899999999998656,"BANDIT-03","BANDIT-03",Hostile,Patrol,Active,Intercept,MissionAI,"",0,0.45,0,"VIPER-03",False,False,True
8.3899999999998656,"BANDIT-04","BANDIT-04",Hostile,Patrol,Active,Intercept,MissionAI,"",0,0.45,0,"VIPER-03",False,False,True
8.5899999999998613,"VIPER-01","VIPER-01",Friendly,Player,Active,Intercept,AutomationPilot,"",0,0.85,0,"BANDIT-01",False,False,True
8.5899999999998613,"VIPER-02","VIPER-02",Friendly,Wingman,Active,Intercept,MissionAI,"VIPER-01",1,0.85,0,"BANDIT-01",False,False,True
8.5899999999998613,"VIPER-03","VIPER-03",Friendly,Wingman,Active,Intercept,MissionAI,"VIPER-01",2,0.85,0,"BANDIT-01",False,False,True
8.5899999999998613,"BANDIT-01","BANDIT-01",Hostile,Patrol,Active,Intercept,MissionAI,"",0,0.45,0,"VIPER-03",False,False,True
8.5899999999998613,"BANDIT-02","BANDIT-02",Hostile,Patrol,Active,Intercept,MissionAI,"",0,0.45,0,"VIPER-03",False,False,True
8.5899999999998613,"BANDIT-03","BANDIT-03",Hostile,Patrol,Active,Intercept,MissionAI,"",0,0.45,0,"VIPER-03",False,False,True
8.5899999999998613,"BANDIT-04","BANDIT-04",Hostile,Patrol,Active,Intercept,MissionAI,"",0,0.45,0,"VIPER-03",False,False,True
8.789999999999857,"VIPER-01","VIPER-01",Friendly,Player,Active,Intercept,AutomationPilot,"",0,0.85,0,"BANDIT-01",False,False,True
8.789999999999857,"VIPER-02","VIPER-02",Friendly,Wingman,Active,Intercept,MissionAI,"VIPER-01",1,0.85,0,"BANDIT-01",False,False,True
8.789999999999857,"VIPER-03","VIPER-03",Friendly,Wingman,Active,Intercept,MissionAI,"VIPER-01",2,0.85,0,"BANDIT-01",False,False,True
8.789999999999857,"BANDIT-01","BANDIT-01",Hostile,Patrol,Active,Intercept,MissionAI,"",0,0.45,0,"VIPER-03",False,False,True
8.789999999999857,"BANDIT-02","BANDIT-02",Hostile,Patrol,Active,Intercept,MissionAI,"",0,0.45,0,"VIPER-03",False,False,True
8.789999999999857,"BANDIT-03","BANDIT-03",Hostile,Patrol,Active,Intercept,MissionAI,"",0,0.45,0,"VIPER-03",False,False,True
8.789999999999857,"BANDIT-04","BANDIT-04",Hostile,Patrol,Active,Intercept,MissionAI,"",0,0.45,0,"VIPER-03",False,False,True
8.9899999999998528,"VIPER-01","VIPER-01",Friendly,Player,Active,Intercept,AutomationPilot,"",0,0.85,0,"BANDIT-01",False,False,True
8.9899999999998528,"VIPER-02","VIPER-02",Friendly,Wingman,Active,Intercept,MissionAI,"VIPER-01",1,0.85,0,"BANDIT-01",False,False,True
8.9899999999998528,"VIPER-03","VIPER-03",Friendly,Wingman,Active,Intercept,MissionAI,"VIPER-01",2,0.85,0,"BANDIT-01",False,False,True
8.9899999999998528,"BANDIT-01","BANDIT-01",Hostile,Patrol,Active,Intercept,MissionAI,"",0,0.45,0,"VIPER-03",False,False,True
8.9899999999998528,"BANDIT-02","BANDIT-02",Hostile,Patrol,Active,Intercept,MissionAI,"",0,0.45,0,"VIPER-03",False,False,True
8.9899999999998528,"BANDIT-03","BANDIT-03",Hostile,Patrol,Active,Intercept,MissionAI,"",0,0.45,0,"VIPER-03",False,False,True
8.9899999999998528,"BANDIT-04","BANDIT-04",Hostile,Patrol,Active,Intercept,MissionAI,"",0,0.45,0,"VIPER-03",False,False,True
9.1899999999998485,"VIPER-01","VIPER-01",Friendly,Player,Active,Intercept,AutomationPilot,"",0,0.85,0,"BANDIT-01",False,False,True
9.1899999999998485,"VIPER-02","VIPER-02",Friendly,Wingman,Active,Intercept,MissionAI,"VIPER-01",1,0.85,0,"BANDIT-01",False,False,True
9.1899999999998485,"VIPER-03","VIPER-03",Friendly,Wingman,Active,Intercept,MissionAI,"VIPER-01",2,0.85,0,"BANDIT-01",False,False,True
9.1899999999998485,"BANDIT-01","BANDIT-01",Hostile,Patrol,Active,Intercept,MissionAI,"",0,0.45,0,"VIPER-03",False,False,True
9.1899999999998485,"BANDIT-02","BANDIT-02",Hostile,Patrol,Active,Intercept,MissionAI,"",0,0.45,0,"VIPER-03",False,False,True
9.1899999999998485,"BANDIT-03","BANDIT-03",Hostile,Patrol,Active,Intercept,MissionAI,"",0,0.45,0,"VIPER-03",False,False,True
9.1899999999998485,"BANDIT-04","BANDIT-04",Hostile,Patrol,Active,Intercept,MissionAI,"",0,0.45,0,"VIPER-03",False,False,True
9.3899999999998442,"VIPER-01","VIPER-01",Friendly,Player,Active,Intercept,AutomationPilot,"",0,0.85,0,"BANDIT-01",False,False,True
9.3899999999998442,"VIPER-02","VIPER-02",Friendly,Wingman,Active,Intercept,MissionAI,"VIPER-01",1,0.85,0,"BANDIT-01",False,False,True
9.3899999999998442,"VIPER-03","VIPER-03",Friendly,Wingman,Active,Intercept,MissionAI,"VIPER-01",2,0.85,0,"BANDIT-01",False,False,True
9.3899999999998442,"BANDIT-01","BANDIT-01",Hostile,Patrol,Active,Intercept,MissionAI,"",0,0.45,0,"VIPER-03",False,False,True
9.3899999999998442,"BANDIT-02","BANDIT-02",Hostile,Patrol,Active,Intercept,MissionAI,"",0,0.45,0,"VIPER-03",False,False,True
9.3899999999998442,"BANDIT-03","BANDIT-03",Hostile,Patrol,Active,Intercept,MissionAI,"",0,0.45,0,"VIPER-03",False,False,True
9.3899999999998442,"BANDIT-04","BANDIT-04",Hostile,Patrol,Active,Intercept,MissionAI,"",0,0.45,0,"VIPER-03",False,False,True
9.58999999999984,"VIPER-01","VIPER-01",Friendly,Player,Active,Intercept,AutomationPilot,"",0,0.85,0,"BANDIT-01",False,False,True
9.58999999999984,"VIPER-02","VIPER-02",Friendly,Wingman,Active,Intercept,MissionAI,"VIPER-01",1,0.85,0,"BANDIT-01",False,False,True
9.58999999999984,"VIPER-03","VIPER-03",Friendly,Wingman,Active,Intercept,MissionAI,"VIPER-01",2,0.85,0,"BANDIT-01",False,False,True
9.58999999999984,"BANDIT-01","BANDIT-01",Hostile,Patrol,Active,Intercept,MissionAI,"",0,0.45,0,"VIPER-03",False,False,True
9.58999999999984,"BANDIT-02","BANDIT-02",Hostile,Patrol,Active,Intercept,MissionAI,"",0,0.45,0,"VIPER-03",False,False,True
9.58999999999984,"BANDIT-03","BANDIT-03",Hostile,Patrol,Active,Intercept,MissionAI,"",0,0.45,0,"VIPER-03",False,False,True
9.58999999999984,"BANDIT-04","BANDIT-04",Hostile,Patrol,Active,Intercept,MissionAI,"",0,0.45,0,"VIPER-03",False,False,True
9.7899999999998357,"VIPER-01","VIPER-01",Friendly,Player,Active,Intercept,AutomationPilot,"",0,0.85,0,"BANDIT-01",False,False,True
9.7899999999998357,"VIPER-02","VIPER-02",Friendly,Wingman,Active,Intercept,MissionAI,"VIPER-01",1,0.85,0,"BANDIT-01",False,False,True
9.7899999999998357,"VIPER-03","VIPER-03",Friendly,Wingman,Active,Intercept,MissionAI,"VIPER-01",2,0.85,0,"BANDIT-01",False,False,True
9.7899999999998357,"BANDIT-01","BANDIT-01",Hostile,Patrol,Active,Intercept,MissionAI,"",0,0.45,0,"VIPER-03",False,False,True
9.7899999999998357,"BANDIT-02","BANDIT-02",Hostile,Patrol,Active,Intercept,MissionAI,"",0,0.45,0,"VIPER-03",False,False,True
9.7899999999998357,"BANDIT-03","BANDIT-03",Hostile,Patrol,Active,Intercept,MissionAI,"",0,0.45,0,"VIPER-03",False,False,True
9.7899999999998357,"BANDIT-04","BANDIT-04",Hostile,Patrol,Active,Intercept,MissionAI,"",0,0.45,0,"VIPER-03",False,False,True
9.9899999999998315,"VIPER-01","VIPER-01",Friendly,Player,Active,Intercept,AutomationPilot,"",0,0.85,0,"BANDIT-01",False,False,True
9.9899999999998315,"VIPER-02","VIPER-02",Friendly,Wingman,Active,Intercept,MissionAI,"VIPER-01",1,0.85,0,"BANDIT-01",False,False,True
9.9899999999998315,"VIPER-03","VIPER-03",Friendly,Wingman,Active,Intercept,MissionAI,"VIPER-01",2,0.85,0,"BANDIT-01",False,False,True
9.9899999999998315,"BANDIT-01","BANDIT-01",Hostile,Patrol,Active,Intercept,MissionAI,"",0,0.45,0,"VIPER-03",False,False,True
9.9899999999998315,"BANDIT-02","BANDIT-02",Hostile,Patrol,Active,Intercept,MissionAI,"",0,0.45,0,"VIPER-03",False,False,True
9.9899999999998315,"BANDIT-03","BANDIT-03",Hostile,Patrol,Active,Intercept,MissionAI,"",0,0.45,0,"VIPER-03",False,False,True
9.9899999999998315,"BANDIT-04","BANDIT-04",Hostile,Patrol,Active,Intercept,MissionAI,"",0,0.45,0,"VIPER-03",False,False,True
10.189999999999827,"VIPER-01","VIPER-01",Friendly,Player,Active,Intercept,AutomationPilot,"",0,0.85,0,"BANDIT-01",False,False,True
10.189999999999827,"VIPER-02","VIPER-02",Friendly,Wingman,Active,Intercept,MissionAI,"VIPER-01",1,0.85,0,"BANDIT-01",False,False,True
10.189999999999827,"VIPER-03","VIPER-03",Friendly,Wingman,Active,Intercept,MissionAI,"VIPER-01",2,0.85,0,"BANDIT-01",False,False,True
10.189999999999827,"BANDIT-01","BANDIT-01",Hostile,Patrol,Active,Intercept,MissionAI,"",0,0.45,0,"VIPER-03",False,False,True
10.189999999999827,"BANDIT-02","BANDIT-02",Hostile,Patrol,Active,Intercept,MissionAI,"",0,0.45,0,"VIPER-03",False,False,True
10.189999999999827,"BANDIT-03","BANDIT-03",Hostile,Patrol,Active,Intercept,MissionAI,"",0,0.45,0,"VIPER-03",False,False,True
10.189999999999827,"BANDIT-04","BANDIT-04",Hostile,Patrol,Active,Intercept,MissionAI,"",0,0.45,0,"VIPER-03",False,False,True
10.389999999999823,"VIPER-01","VIPER-01",Friendly,Player,Active,Intercept,AutomationPilot,"",0,0.85,0,"BANDIT-01",False,False,True
10.389999999999823,"VIPER-02","VIPER-02",Friendly,Wingman,Active,Intercept,MissionAI,"VIPER-01",1,0.85,0,"BANDIT-01",False,False,True
10.389999999999823,"VIPER-03","VIPER-03",Friendly,Wingman,Active,Intercept,MissionAI,"VIPER-01",2,0.85,0,"BANDIT-01",False,False,True
10.389999999999823,"BANDIT-01","BANDIT-01",Hostile,Patrol,Active,Intercept,MissionAI,"",0,0.45,0,"VIPER-03",False,False,True
10.389999999999823,"BANDIT-02","BANDIT-02",Hostile,Patrol,Active,Intercept,MissionAI,"",0,0.45,0,"VIPER-03",False,False,True
10.389999999999823,"BANDIT-03","BANDIT-03",Hostile,Patrol,Active,Intercept,MissionAI,"",0,0.45,0,"VIPER-03",False,False,True
10.389999999999823,"BANDIT-04","BANDIT-04",Hostile,Patrol,Active,Intercept,MissionAI,"",0,0.45,0,"VIPER-03",False,False,True
10.589999999999819,"VIPER-01","VIPER-01",Friendly,Player,Active,Intercept,AutomationPilot,"",0,0.85,0,"BANDIT-01",False,False,True
10.589999999999819,"VIPER-02","VIPER-02",Friendly,Wingman,Active,Intercept,MissionAI,"VIPER-01",1,0.85,0,"BANDIT-01",False,False,True
10.589999999999819,"VIPER-03","VIPER-03",Friendly,Wingman,Active,Intercept,MissionAI,"VIPER-01",2,0.85,0,"BANDIT-01",False,False,True
10.589999999999819,"BANDIT-01","BANDIT-01",Hostile,Patrol,Active,Intercept,MissionAI,"",0,0.45,0,"VIPER-03",False,False,True
10.589999999999819,"BANDIT-02","BANDIT-02",Hostile,Patrol,Active,Intercept,MissionAI,"",0,0.45,0,"VIPER-03",False,False,True
10.589999999999819,"BANDIT-03","BANDIT-03",Hostile,Patrol,Active,Intercept,MissionAI,"",0,0.45,0,"VIPER-03",False,False,True
10.589999999999819,"BANDIT-04","BANDIT-04",Hostile,Patrol,Active,Intercept,MissionAI,"",0,0.45,0,"VIPER-03",False,False,True
10.789999999999814,"VIPER-01","VIPER-01",Friendly,Player,Active,Intercept,AutomationPilot,"",0,0.85,0,"BANDIT-01",False,False,True
10.789999999999814,"VIPER-02","VIPER-02",Friendly,Wingman,Active,Intercept,MissionAI,"VIPER-01",1,0.85,0,"BANDIT-01",False,False,True
10.789999999999814,"VIPER-03","VIPER-03",Friendly,Wingman,Active,Intercept,MissionAI,"VIPER-01",2,0.85,0,"BANDIT-01",False,False,True
10.789999999999814,"BANDIT-01","BANDIT-01",Hostile,Patrol,Active,Intercept,MissionAI,"",0,0.45,0,"VIPER-03",False,False,True
10.789999999999814,"BANDIT-02","BANDIT-02",Hostile,Patrol,Active,Intercept,MissionAI,"",0,0.45,0,"VIPER-03",False,False,True
10.789999999999814,"BANDIT-03","BANDIT-03",Hostile,Patrol,Active,Intercept,MissionAI,"",0,0.45,0,"VIPER-03",False,False,True
10.789999999999814,"BANDIT-04","BANDIT-04",Hostile,Patrol,Active,Intercept,MissionAI,"",0,0.45,0,"VIPER-03",False,False,True
10.98999999999981,"VIPER-01","VIPER-01",Friendly,Player,Active,Intercept,AutomationPilot,"",0,0.85,0,"BANDIT-01",False,False,True
10.98999999999981,"VIPER-02","VIPER-02",Friendly,Wingman,Active,Intercept,MissionAI,"VIPER-01",1,0.85,0,"BANDIT-01",False,False,True
10.98999999999981,"VIPER-03","VIPER-03",Friendly,Wingman,Active,Intercept,MissionAI,"VIPER-01",2,0.85,0,"BANDIT-01",False,False,True
10.98999999999981,"BANDIT-01","BANDIT-01",Hostile,Patrol,Active,Intercept,MissionAI,"",0,0.45,0,"VIPER-03",False,False,True
10.98999999999981,"BANDIT-02","BANDIT-02",Hostile,Patrol,Active,Intercept,MissionAI,"",0,0.45,0,"VIPER-03",False,False,True
10.98999999999981,"BANDIT-03","BANDIT-03",Hostile,Patrol,Active,Intercept,MissionAI,"",0,0.45,0,"VIPER-03",False,False,True
10.98999999999981,"BANDIT-04","BANDIT-04",Hostile,Patrol,Active,Intercept,MissionAI,"",0,0.45,0,"VIPER-03",False,False,True
11.189999999999806,"VIPER-01","VIPER-01",Friendly,Player,Active,Intercept,AutomationPilot,"",0,0.85,0,"BANDIT-01",False,False,True
11.189999999999806,"VIPER-02","VIPER-02",Friendly,Wingman,Active,Intercept,MissionAI,"VIPER-01",1,0.85,0,"BANDIT-01",False,False,True
11.189999999999806,"VIPER-03","VIPER-03",Friendly,Wingman,Active,Intercept,MissionAI,"VIPER-01",2,0.85,0,"BANDIT-01",False,False,True
11.189999999999806,"BANDIT-01","BANDIT-01",Hostile,Patrol,Active,Intercept,MissionAI,"",0,0.45,0,"VIPER-03",False,False,True
11.189999999999806,"BANDIT-02","BANDIT-02",Hostile,Patrol,Active,Intercept,MissionAI,"",0,0.45,0,"VIPER-03",False,False,True
11.189999999999806,"BANDIT-03","BANDIT-03",Hostile,Patrol,Active,Intercept,MissionAI,"",0,0.45,0,"VIPER-03",False,False,True
11.189999999999806,"BANDIT-04","BANDIT-04",Hostile,Patrol,Active,Intercept,MissionAI,"",0,0.45,0,"VIPER-03",False,False,True
11.389999999999802,"VIPER-01","VIPER-01",Friendly,Player,Active,Intercept,AutomationPilot,"",0,0.85,0,"BANDIT-01",False,False,True
11.389999999999802,"VIPER-02","VIPER-02",Friendly,Wingman,Active,Intercept,MissionAI,"VIPER-01",1,0.85,0,"BANDIT-01",False,False,True
11.389999999999802,"VIPER-03","VIPER-03",Friendly,Wingman,Active,Intercept,MissionAI,"VIPER-01",2,0.85,0,"BANDIT-01",False,False,True
11.389999999999802,"BANDIT-01","BANDIT-01",Hostile,Patrol,Active,Intercept,MissionAI,"",0,0.45,0,"VIPER-03",False,False,True
11.389999999999802,"BANDIT-02","BANDIT-02",Hostile,Patrol,Active,Intercept,MissionAI,"",0,0.45,0,"VIPER-03",False,False,True
11.389999999999802,"BANDIT-03","BANDIT-03",Hostile,Patrol,Active,Intercept,MissionAI,"",0,0.45,0,"VIPER-03",False,False,True
11.389999999999802,"BANDIT-04","BANDIT-04",Hostile,Patrol,Active,Intercept,MissionAI,"",0,0.45,0,"VIPER-03",False,False,True
11.589999999999797,"VIPER-01","VIPER-01",Friendly,Player,Active,Intercept,AutomationPilot,"",0,0.85,0,"BANDIT-01",False,False,True
11.589999999999797,"VIPER-02","VIPER-02",Friendly,Wingman,Active,Intercept,MissionAI,"VIPER-01",1,0.85,0,"BANDIT-01",False,False,True
11.589999999999797,"VIPER-03","VIPER-03",Friendly,Wingman,Active,Intercept,MissionAI,"VIPER-01",2,0.85,0,"BANDIT-01",False,False,True
11.589999999999797,"BANDIT-01","BANDIT-01",Hostile,Patrol,Active,Intercept,MissionAI,"",0,0.45,0,"VIPER-03",False,False,True
11.589999999999797,"BANDIT-02","BANDIT-02",Hostile,Patrol,Active,Intercept,MissionAI,"",0,0.45,0,"VIPER-03",False,False,True
11.589999999999797,"BANDIT-03","BANDIT-03",Hostile,Patrol,Active,Intercept,MissionAI,"",0,0.45,0,"VIPER-03",False,False,True
11.589999999999797,"BANDIT-04","BANDIT-04",Hostile,Patrol,Active,Intercept,MissionAI,"",0,0.45,0,"VIPER-03",False,False,True
11.789999999999793,"VIPER-01","VIPER-01",Friendly,Player,Active,Intercept,AutomationPilot,"",0,0.85,0,"BANDIT-01",False,False,True
11.789999999999793,"VIPER-02","VIPER-02",Friendly,Wingman,Active,Intercept,MissionAI,"VIPER-01",1,0.85,0,"BANDIT-01",False,False,True
11.789999999999793,"VIPER-03","VIPER-03",Friendly,Wingman,Active,Intercept,MissionAI,"VIPER-01",2,0.85,0,"BANDIT-01",False,False,True
11.789999999999793,"BANDIT-01","BANDIT-01",Hostile,Patrol,Active,Intercept,MissionAI,"",0,0.45,0,"VIPER-03",False,False,True
11.789999999999793,"BANDIT-02","BANDIT-02",Hostile,Patrol,Active,Intercept,MissionAI,"",0,0.45,0,"VIPER-03",False,False,True
11.789999999999793,"BANDIT-03","BANDIT-03",Hostile,Patrol,Active,Intercept,MissionAI,"",0,0.45,0,"VIPER-03",False,False,True
11.789999999999793,"BANDIT-04","BANDIT-04",Hostile,Patrol,Active,Intercept,MissionAI,"",0,0.45,0,"VIPER-03",False,False,True
11.989999999999789,"VIPER-01","VIPER-01",Friendly,Player,Active,Intercept,AutomationPilot,"",0,0.85,0,"BANDIT-01",False,False,True
11.989999999999789,"VIPER-02","VIPER-02",Friendly,Wingman,Active,Intercept,MissionAI,"VIPER-01",1,0.85,0,"BANDIT-01",False,False,True
11.989999999999789,"VIPER-03","VIPER-03",Friendly,Wingman,Active,Intercept,MissionAI,"VIPER-01",2,0.85,0,"BANDIT-01",False,False,True
11.989999999999789,"BANDIT-01","BANDIT-01",Hostile,Patrol,Active,Intercept,MissionAI,"",0,0.45,0,"VIPER-03",False,False,True
11.989999999999789,"BANDIT-02","BANDIT-02",Hostile,Patrol,Active,Intercept,MissionAI,"",0,0.45,0,"VIPER-03",False,False,True
11.989999999999789,"BANDIT-03","BANDIT-03",Hostile,Patrol,Active,Intercept,MissionAI,"",0,0.45,0,"VIPER-03",False,False,True
11.989999999999789,"BANDIT-04","BANDIT-04",Hostile,Patrol,Active,Intercept,MissionAI,"",0,0.45,0,"VIPER-03",False,False,True
12.189999999999785,"VIPER-01","VIPER-01",Friendly,Player,Active,Intercept,AutomationPilot,"",0,0.85,0,"BANDIT-01",False,False,True
12.189999999999785,"VIPER-02","VIPER-02",Friendly,Wingman,Active,Intercept,MissionAI,"VIPER-01",1,0.85,0,"BANDIT-01",False,False,True
12.189999999999785,"VIPER-03","VIPER-03",Friendly,Wingman,Active,Intercept,MissionAI,"VIPER-01",2,0.85,0,"BANDIT-01",False,False,True
12.189999999999785,"BANDIT-01","BANDIT-01",Hostile,Patrol,Active,Intercept,MissionAI,"",0,0.45,0,"VIPER-03",False,False,True
12.189999999999785,"BANDIT-02","BANDIT-02",Hostile,Patrol,Active,Intercept,MissionAI,"",0,0.45,0,"VIPER-03",False,False,True
12.189999999999785,"BANDIT-03","BANDIT-03",Hostile,Patrol,Active,Intercept,MissionAI,"",0,0.45,0,"VIPER-03",False,False,True
12.189999999999785,"BANDIT-04","BANDIT-04",Hostile,Patrol,Active,Intercept,MissionAI,"",0,0.45,0,"VIPER-03",False,False,True
12.38999999999978,"VIPER-01","VIPER-01",Friendly,Player,Active,Intercept,AutomationPilot,"",0,0.85,0,"BANDIT-01",False,False,True
12.38999999999978,"VIPER-02","VIPER-02",Friendly,Wingman,Active,Intercept,MissionAI,"VIPER-01",1,0.85,0,"BANDIT-01",False,False,True
12.38999999999978,"VIPER-03","VIPER-03",Friendly,Wingman,Active,Intercept,MissionAI,"VIPER-01",2,0.85,0,"BANDIT-01",False,False,True
12.38999999999978,"BANDIT-01","BANDIT-01",Hostile,Patrol,Active,Intercept,MissionAI,"",0,0.45,0,"VIPER-03",False,False,True
12.38999999999978,"BANDIT-02","BANDIT-02",Hostile,Patrol,Active,Intercept,MissionAI,"",0,0.45,0,"VIPER-03",False,False,True
12.38999999999978,"BANDIT-03","BANDIT-03",Hostile,Patrol,Active,Intercept,MissionAI,"",0,0.45,0,"VIPER-03",False,False,True
12.38999999999978,"BANDIT-04","BANDIT-04",Hostile,Patrol,Active,Intercept,MissionAI,"",0,0.45,0,"VIPER-03",False,False,True
12.589999999999776,"VIPER-01","VIPER-01",Friendly,Player,Active,Intercept,AutomationPilot,"",0,0.85,0,"BANDIT-01",False,False,True
12.589999999999776,"VIPER-02","VIPER-02",Friendly,Wingman,Active,Intercept,MissionAI,"VIPER-01",1,0.85,0,"BANDIT-01",False,False,True
12.589999999999776,"VIPER-03","VIPER-03",Friendly,Wingman,Active,Intercept,MissionAI,"VIPER-01",2,0.85,0,"BANDIT-01",False,False,True
12.589999999999776,"BANDIT-01","BANDIT-01",Hostile,Patrol,Active,Intercept,MissionAI,"",0,0.45,0,"VIPER-03",False,False,True
12.589999999999776,"BANDIT-02","BANDIT-02",Hostile,Patrol,Active,Intercept,MissionAI,"",0,0.45,0,"VIPER-03",False,False,True
12.589999999999776,"BANDIT-03","BANDIT-03",Hostile,Patrol,Active,Intercept,MissionAI,"",0,0.45,0,"VIPER-03",False,False,True
12.589999999999776,"BANDIT-04","BANDIT-04",Hostile,Patrol,Active,Intercept,MissionAI,"",0,0.45,0,"VIPER-03",False,False,True
12.789999999999772,"VIPER-01","VIPER-01",Friendly,Player,Active,Intercept,AutomationPilot,"",0,0.85,0,"BANDIT-01",False,False,True
12.789999999999772,"VIPER-02","VIPER-02",Friendly,Wingman,Active,Intercept,MissionAI,"VIPER-01",1,0.85,0,"BANDIT-01",False,False,True
12.789999999999772,"VIPER-03","VIPER-03",Friendly,Wingman,Active,Intercept,MissionAI,"VIPER-01",2,0.85,0,"BANDIT-01",False,False,True
12.789999999999772,"BANDIT-01","BANDIT-01",Hostile,Patrol,Active,Intercept,MissionAI,"",0,0.45,0,"VIPER-03",False,False,True
12.789999999999772,"BANDIT-02","BANDIT-02",Hostile,Patrol,Active,Intercept,MissionAI,"",0,0.45,0,"VIPER-03",False,False,True
12.789999999999772,"BANDIT-03","BANDIT-03",Hostile,Patrol,Active,Intercept,MissionAI,"",0,0.45,0,"VIPER-03",False,False,True
12.789999999999772,"BANDIT-04","BANDIT-04",Hostile,Patrol,Active,Intercept,MissionAI,"",0,0.45,0,"VIPER-03",False,False,True
12.989999999999768,"VIPER-01","VIPER-01",Friendly,Player,Active,Intercept,AutomationPilot,"",0,0.85,0,"BANDIT-01",False,False,True
12.989999999999768,"VIPER-02","VIPER-02",Friendly,Wingman,Active,Intercept,MissionAI,"VIPER-01",1,0.85,0,"BANDIT-01",False,False,True
12.989999999999768,"VIPER-03","VIPER-03",Friendly,Wingman,Active,Intercept,MissionAI,"VIPER-01",2,0.85,0,"BANDIT-01",False,False,True
12.989999999999768,"BANDIT-01","BANDIT-01",Hostile,Patrol,Active,Intercept,MissionAI,"",0,0.45,0,"VIPER-03",False,False,True
12.989999999999768,"BANDIT-02","BANDIT-02",Hostile,Patrol,Active,Intercept,MissionAI,"",0,0.45,0,"VIPER-03",False,False,True
12.989999999999768,"BANDIT-03","BANDIT-03",Hostile,Patrol,Active,Intercept,MissionAI,"",0,0.45,0,"VIPER-03",False,False,True
12.989999999999768,"BANDIT-04","BANDIT-04",Hostile,Patrol,Active,Intercept,MissionAI,"",0,0.45,0,"VIPER-03",False,False,True
13.189999999999763,"VIPER-01","VIPER-01",Friendly,Player,Active,Intercept,AutomationPilot,"",0,0.85,0,"BANDIT-01",False,False,True
13.189999999999763,"VIPER-02","VIPER-02",Friendly,Wingman,Active,Intercept,MissionAI,"VIPER-01",1,0.85,0,"BANDIT-01",False,False,True
13.189999999999763,"VIPER-03","VIPER-03",Friendly,Wingman,Active,Intercept,MissionAI,"VIPER-01",2,0.85,0,"BANDIT-01",False,False,True
13.189999999999763,"BANDIT-01","BANDIT-01",Hostile,Patrol,Active,Intercept,MissionAI,"",0,0.45,0,"VIPER-03",False,False,True
13.189999999999763,"BANDIT-02","BANDIT-02",Hostile,Patrol,Active,Intercept,MissionAI,"",0,0.45,0,"VIPER-03",False,False,True
13.189999999999763,"BANDIT-03","BANDIT-03",Hostile,Patrol,Active,Intercept,MissionAI,"",0,0.45,0,"VIPER-03",False,False,True
13.189999999999763,"BANDIT-04","BANDIT-04",Hostile,Patrol,Active,Intercept,MissionAI,"",0,0.45,0,"VIPER-03",False,False,True
13.389999999999759,"VIPER-01","VIPER-01",Friendly,Player,Active,Intercept,AutomationPilot,"",0,0.85,0,"BANDIT-01",False,False,True
13.389999999999759,"VIPER-02","VIPER-02",Friendly,Wingman,Active,Intercept,MissionAI,"VIPER-01",1,0.85,0,"BANDIT-01",False,False,True
13.389999999999759,"VIPER-03","VIPER-03",Friendly,Wingman,Active,Intercept,MissionAI,"VIPER-01",2,0.85,0,"BANDIT-01",False,False,True
13.389999999999759,"BANDIT-01","BANDIT-01",Hostile,Patrol,Active,Intercept,MissionAI,"",0,0.45,0,"VIPER-03",False,False,True
13.389999999999759,"BANDIT-02","BANDIT-02",Hostile,Patrol,Active,Intercept,MissionAI,"",0,0.45,0,"VIPER-03",False,False,True
13.389999999999759,"BANDIT-03","BANDIT-03",Hostile,Patrol,Active,Intercept,MissionAI,"",0,0.45,0,"VIPER-03",False,False,True
13.389999999999759,"BANDIT-04","BANDIT-04",Hostile,Patrol,Active,Intercept,MissionAI,"",0,0.45,0,"VIPER-03",False,False,True
13.589999999999755,"VIPER-01","VIPER-01",Friendly,Player,Active,Intercept,AutomationPilot,"",0,0.85,0,"BANDIT-01",False,False,True
13.589999999999755,"VIPER-02","VIPER-02",Friendly,Wingman,Active,Intercept,MissionAI,"VIPER-01",1,0.85,0,"BANDIT-01",False,False,True
13.589999999999755,"VIPER-03","VIPER-03",Friendly,Wingman,Active,Intercept,MissionAI,"VIPER-01",2,0.85,0,"BANDIT-01",False,False,True
13.589999999999755,"BANDIT-01","BANDIT-01",Hostile,Patrol,Active,Intercept,MissionAI,"",0,0.45,0,"VIPER-03",False,False,True
13.589999999999755,"BANDIT-02","BANDIT-02",Hostile,Patrol,Active,Intercept,MissionAI,"",0,0.45,0,"VIPER-03",False,False,True
13.589999999999755,"BANDIT-03","BANDIT-03",Hostile,Patrol,Active,Intercept,MissionAI,"",0,0.45,0,"VIPER-03",False,False,True
13.589999999999755,"BANDIT-04","BANDIT-04",Hostile,Patrol,Active,Intercept,MissionAI,"",0,0.45,0,"VIPER-03",False,False,True
13.78999999999975,"VIPER-01","VIPER-01",Friendly,Player,Active,Intercept,AutomationPilot,"",0,0.85,0,"BANDIT-01",False,False,True
13.78999999999975,"VIPER-02","VIPER-02",Friendly,Wingman,Active,Intercept,MissionAI,"VIPER-01",1,0.85,0,"BANDIT-01",False,False,True
13.78999999999975,"VIPER-03","VIPER-03",Friendly,Wingman,Active,Intercept,MissionAI,"VIPER-01",2,0.85,0,"BANDIT-01",False,False,True
13.78999999999975,"BANDIT-01","BANDIT-01",Hostile,Patrol,Active,Intercept,MissionAI,"",0,0.45,0,"VIPER-03",False,False,True
13.78999999999975,"BANDIT-02","BANDIT-02",Hostile,Patrol,Active,Intercept,MissionAI,"",0,0.45,0,"VIPER-03",False,False,True
13.78999999999975,"BANDIT-03","BANDIT-03",Hostile,Patrol,Active,Intercept,MissionAI,"",0,0.45,0,"VIPER-03",False,False,True
13.78999999999975,"BANDIT-04","BANDIT-04",Hostile,Patrol,Active,Intercept,MissionAI,"",0,0.45,0,"VIPER-03",False,False,True
13.989999999999746,"VIPER-01","VIPER-01",Friendly,Player,Active,Intercept,AutomationPilot,"",0,0.85,0,"BANDIT-01",False,False,True
13.989999999999746,"VIPER-02","VIPER-02",Friendly,Wingman,Active,Intercept,MissionAI,"VIPER-01",1,0.85,0,"BANDIT-01",False,False,True
13.989999999999746,"VIPER-03","VIPER-03",Friendly,Wingman,Active,Intercept,MissionAI,"VIPER-01",2,0.85,0,"BANDIT-01",False,False,True
13.989999999999746,"BANDIT-01","BANDIT-01",Hostile,Patrol,Active,Intercept,MissionAI,"",0,0.45,0,"VIPER-03",False,False,True
13.989999999999746,"BANDIT-02","BANDIT-02",Hostile,Patrol,Active,Intercept,MissionAI,"",0,0.45,0,"VIPER-03",False,False,True
13.989999999999746,"BANDIT-03","BANDIT-03",Hostile,Patrol,Active,Intercept,MissionAI,"",0,0.45,0,"VIPER-03",False,False,True
13.989999999999746,"BANDIT-04","BANDIT-04",Hostile,Patrol,Active,Intercept,MissionAI,"",0,0.45,0,"VIPER-03",False,False,True
14.189999999999742,"VIPER-01","VIPER-01",Friendly,Player,Active,Intercept,AutomationPilot,"",0,0.85,0,"BANDIT-01",False,False,True
14.189999999999742,"VIPER-02","VIPER-02",Friendly,Wingman,Active,Intercept,MissionAI,"VIPER-01",1,0.85,0,"BANDIT-01",False,False,True
14.189999999999742,"VIPER-03","VIPER-03",Friendly,Wingman,Active,Intercept,MissionAI,"VIPER-01",2,0.85,0,"BANDIT-01",False,False,True
14.189999999999742,"BANDIT-01","BANDIT-01",Hostile,Patrol,Active,Intercept,MissionAI,"",0,0.45,0,"VIPER-03",False,False,True
14.189999999999742,"BANDIT-02","BANDIT-02",Hostile,Patrol,Active,Intercept,MissionAI,"",0,0.45,0,"VIPER-03",False,False,True
14.189999999999742,"BANDIT-03","BANDIT-03",Hostile,Patrol,Active,Intercept,MissionAI,"",0,0.45,0,"VIPER-03",False,False,True
14.189999999999742,"BANDIT-04","BANDIT-04",Hostile,Patrol,Active,Intercept,MissionAI,"",0,0.45,0,"VIPER-03",False,False,True
14.389999999999738,"VIPER-01","VIPER-01",Friendly,Player,Active,Intercept,AutomationPilot,"",0,0.85,0,"BANDIT-01",False,False,True
14.389999999999738,"VIPER-02","VIPER-02",Friendly,Wingman,Active,Intercept,MissionAI,"VIPER-01",1,0.85,0,"BANDIT-01",False,False,True
14.389999999999738,"VIPER-03","VIPER-03",Friendly,Wingman,Active,Intercept,MissionAI,"VIPER-01",2,0.85,0,"BANDIT-01",False,False,True
14.389999999999738,"BANDIT-01","BANDIT-01",Hostile,Patrol,Active,Intercept,MissionAI,"",0,0.45,0,"VIPER-03",False,False,True
14.389999999999738,"BANDIT-02","BANDIT-02",Hostile,Patrol,Active,Intercept,MissionAI,"",0,0.45,0,"VIPER-03",False,False,True
14.389999999999738,"BANDIT-03","BANDIT-03",Hostile,Patrol,Active,Intercept,MissionAI,"",0,0.45,0,"VIPER-03",False,False,True
14.389999999999738,"BANDIT-04","BANDIT-04",Hostile,Patrol,Active,Intercept,MissionAI,"",0,0.45,0,"VIPER-03",False,False,True
14.589999999999733,"VIPER-01","VIPER-01",Friendly,Player,Active,Intercept,AutomationPilot,"",0,0.85,0,"BANDIT-01",False,False,True
14.589999999999733,"VIPER-02","VIPER-02",Friendly,Wingman,Active,Intercept,MissionAI,"VIPER-01",1,0.85,0,"BANDIT-01",False,False,True
14.589999999999733,"VIPER-03","VIPER-03",Friendly,Wingman,Active,Intercept,MissionAI,"VIPER-01",2,0.85,0,"BANDIT-01",False,False,True
14.589999999999733,"BANDIT-01","BANDIT-01",Hostile,Patrol,Active,Intercept,MissionAI,"",0,0.45,0,"VIPER-03",False,False,True
14.589999999999733,"BANDIT-02","BANDIT-02",Hostile,Patrol,Active,Intercept,MissionAI,"",0,0.45,0,"VIPER-03",False,False,True
14.589999999999733,"BANDIT-03","BANDIT-03",Hostile,Patrol,Active,Intercept,MissionAI,"",0,0.45,0,"VIPER-03",False,False,True
14.589999999999733,"BANDIT-04","BANDIT-04",Hostile,Patrol,Active,Intercept,MissionAI,"",0,0.45,0,"VIPER-03",False,False,True
14.789999999999729,"VIPER-01","VIPER-01",Friendly,Player,Active,Intercept,AutomationPilot,"",0,0.85,0,"BANDIT-01",False,False,True
14.789999999999729,"VIPER-02","VIPER-02",Friendly,Wingman,Active,Intercept,MissionAI,"VIPER-01",1,0.85,0,"BANDIT-01",False,False,True
14.789999999999729,"VIPER-03","VIPER-03",Friendly,Wingman,Active,Intercept,MissionAI,"VIPER-01",2,0.85,0,"BANDIT-01",False,False,True
14.789999999999729,"BANDIT-01","BANDIT-01",Hostile,Patrol,Active,Intercept,MissionAI,"",0,0.45,0,"VIPER-03",False,False,True
14.789999999999729,"BANDIT-02","BANDIT-02",Hostile,Patrol,Active,Intercept,MissionAI,"",0,0.45,0,"VIPER-03",False,False,True
14.789999999999729,"BANDIT-03","BANDIT-03",Hostile,Patrol,Active,Intercept,MissionAI,"",0,0.45,0,"VIPER-03",False,False,True
14.789999999999729,"BANDIT-04","BANDIT-04",Hostile,Patrol,Active,Intercept,MissionAI,"",0,0.45,0,"VIPER-03",False,False,True
14.989999999999725,"VIPER-01","VIPER-01",Friendly,Player,Active,Intercept,AutomationPilot,"",0,0.85,0,"BANDIT-01",False,False,True
14.989999999999725,"VIPER-02","VIPER-02",Friendly,Wingman,Active,Intercept,MissionAI,"VIPER-01",1,0.85,0,"BANDIT-01",False,False,True
14.989999999999725,"VIPER-03","VIPER-03",Friendly,Wingman,Active,Intercept,MissionAI,"VIPER-01",2,0.85,0,"BANDIT-01",False,False,True
14.989999999999725,"BANDIT-01","BANDIT-01",Hostile,Patrol,Active,Intercept,MissionAI,"",0,0.45,0,"VIPER-03",False,False,True
14.989999999999725,"BANDIT-02","BANDIT-02",Hostile,Patrol,Active,Intercept,MissionAI,"",0,0.45,0,"VIPER-03",False,False,True
14.989999999999725,"BANDIT-03","BANDIT-03",Hostile,Patrol,Active,Intercept,MissionAI,"",0,0.45,0,"VIPER-03",False,False,True
14.989999999999725,"BANDIT-04","BANDIT-04",Hostile,Patrol,Active,Intercept,MissionAI,"",0,0.45,0,"VIPER-03",False,False,True
15.189999999999721,"VIPER-01","VIPER-01",Friendly,Player,Active,Intercept,AutomationPilot,"",0,0.85,0,"BANDIT-01",False,False,True
15.189999999999721,"VIPER-02","VIPER-02",Friendly,Wingman,Active,Intercept,MissionAI,"VIPER-01",1,0.85,0,"BANDIT-01",False,False,True
15.189999999999721,"VIPER-03","VIPER-03",Friendly,Wingman,Active,Intercept,MissionAI,"VIPER-01",2,0.85,0,"BANDIT-01",False,False,True
15.189999999999721,"BANDIT-01","BANDIT-01",Hostile,Patrol,Active,Intercept,MissionAI,"",0,0.45,0,"VIPER-03",False,False,True
15.189999999999721,"BANDIT-02","BANDIT-02",Hostile,Patrol,Active,Intercept,MissionAI,"",0,0.45,0,"VIPER-03",False,False,True
15.189999999999721,"BANDIT-03","BANDIT-03",Hostile,Patrol,Active,Intercept,MissionAI,"",0,0.45,0,"VIPER-03",False,False,True
15.189999999999721,"BANDIT-04","BANDIT-04",Hostile,Patrol,Active,Intercept,MissionAI,"",0,0.45,0,"VIPER-03",False,False,True
15.389999999999716,"VIPER-01","VIPER-01",Friendly,Player,Active,Intercept,AutomationPilot,"",0,0.85,0,"BANDIT-01",False,False,True
15.389999999999716,"VIPER-02","VIPER-02",Friendly,Wingman,Active,Intercept,MissionAI,"VIPER-01",1,0.85,0,"BANDIT-01",False,False,True
15.389999999999716,"VIPER-03","VIPER-03",Friendly,Wingman,Active,Intercept,MissionAI,"VIPER-01",2,0.85,0,"BANDIT-01",False,False,True
15.389999999999716,"BANDIT-01","BANDIT-01",Hostile,Patrol,Active,Intercept,MissionAI,"",0,0.45,0,"VIPER-03",False,False,True
15.389999999999716,"BANDIT-02","BANDIT-02",Hostile,Patrol,Active,Intercept,MissionAI,"",0,0.45,0,"VIPER-03",False,False,True
15.389999999999716,"BANDIT-03","BANDIT-03",Hostile,Patrol,Active,Intercept,MissionAI,"",0,0.45,0,"VIPER-03",False,False,True
15.389999999999716,"BANDIT-04","BANDIT-04",Hostile,Patrol,Active,Intercept,MissionAI,"",0,0.45,0,"VIPER-03",False,False,True
15.589999999999712,"VIPER-01","VIPER-01",Friendly,Player,Active,Intercept,AutomationPilot,"",0,0.85,0,"BANDIT-01",False,False,True
15.589999999999712,"VIPER-02","VIPER-02",Friendly,Wingman,Active,Intercept,MissionAI,"VIPER-01",1,0.85,0,"BANDIT-01",False,False,True
15.589999999999712,"VIPER-03","VIPER-03",Friendly,Wingman,Active,Intercept,MissionAI,"VIPER-01",2,0.85,0,"BANDIT-01",False,False,True
15.589999999999712,"BANDIT-01","BANDIT-01",Hostile,Patrol,Active,Intercept,MissionAI,"",0,0.45,0,"VIPER-03",False,False,True
15.589999999999712,"BANDIT-02","BANDIT-02",Hostile,Patrol,Active,Intercept,MissionAI,"",0,0.45,0,"VIPER-03",False,False,True
15.589999999999712,"BANDIT-03","BANDIT-03",Hostile,Patrol,Active,Intercept,MissionAI,"",0,0.45,0,"VIPER-03",False,False,True
15.589999999999712,"BANDIT-04","BANDIT-04",Hostile,Patrol,Active,Intercept,MissionAI,"",0,0.45,0,"VIPER-03",False,False,True
15.789999999999708,"VIPER-01","VIPER-01",Friendly,Player,Active,Intercept,AutomationPilot,"",0,0.85,0,"BANDIT-01",False,False,True
15.789999999999708,"VIPER-02","VIPER-02",Friendly,Wingman,Active,Intercept,MissionAI,"VIPER-01",1,0.85,0,"BANDIT-01",False,False,True
15.789999999999708,"VIPER-03","VIPER-03",Friendly,Wingman,Active,Intercept,MissionAI,"VIPER-01",2,0.85,0,"BANDIT-01",False,False,True
15.789999999999708,"BANDIT-01","BANDIT-01",Hostile,Patrol,Active,Intercept,MissionAI,"",0,0.45,0,"VIPER-03",False,False,True
15.789999999999708,"BANDIT-02","BANDIT-02",Hostile,Patrol,Active,Intercept,MissionAI,"",0,0.45,0,"VIPER-03",False,False,True
15.789999999999708,"BANDIT-03","BANDIT-03",Hostile,Patrol,Active,Intercept,MissionAI,"",0,0.45,0,"VIPER-03",False,False,True
15.789999999999708,"BANDIT-04","BANDIT-04",Hostile,Patrol,Active,Intercept,MissionAI,"",0,0.45,0,"VIPER-03",False,False,True
15.989999999999704,"VIPER-01","VIPER-01",Friendly,Player,Active,Intercept,AutomationPilot,"",0,0.85,0,"BANDIT-01",False,False,True
15.989999999999704,"VIPER-02","VIPER-02",Friendly,Wingman,Active,Intercept,MissionAI,"VIPER-01",1,0.85,0,"BANDIT-01",False,False,True
15.989999999999704,"VIPER-03","VIPER-03",Friendly,Wingman,Active,Intercept,MissionAI,"VIPER-01",2,0.85,0,"BANDIT-01",False,False,True
15.989999999999704,"BANDIT-01","BANDIT-01",Hostile,Patrol,Active,Intercept,MissionAI,"",0,0.45,0,"VIPER-03",False,False,True
15.989999999999704,"BANDIT-02","BANDIT-02",Hostile,Patrol,Active,Intercept,MissionAI,"",0,0.45,0,"VIPER-03",False,False,True
15.989999999999704,"BANDIT-03","BANDIT-03",Hostile,Patrol,Active,Intercept,MissionAI,"",0,0.45,0,"VIPER-03",False,False,True
15.989999999999704,"BANDIT-04","BANDIT-04",Hostile,Patrol,Active,Intercept,MissionAI,"",0,0.45,0,"VIPER-03",False,False,True
16.189999999999731,"VIPER-01","VIPER-01",Friendly,Player,Active,Intercept,AutomationPilot,"",0,0.85,0,"BANDIT-01",False,False,True
16.189999999999731,"VIPER-02","VIPER-02",Friendly,Wingman,Active,Intercept,MissionAI,"VIPER-01",1,0.85,0,"BANDIT-01",False,False,True
16.189999999999731,"VIPER-03","VIPER-03",Friendly,Wingman,Active,Intercept,MissionAI,"VIPER-01",2,0.85,0,"BANDIT-01",False,False,True
16.189999999999731,"BANDIT-01","BANDIT-01",Hostile,Patrol,Active,Intercept,MissionAI,"",0,0.45,0,"VIPER-03",False,False,True
16.189999999999731,"BANDIT-02","BANDIT-02",Hostile,Patrol,Active,Intercept,MissionAI,"",0,0.45,0,"VIPER-03",False,False,True
16.189999999999731,"BANDIT-03","BANDIT-03",Hostile,Patrol,Active,Intercept,MissionAI,"",0,0.45,0,"VIPER-03",False,False,True
16.189999999999731,"BANDIT-04","BANDIT-04",Hostile,Patrol,Active,Intercept,MissionAI,"",0,0.45,0,"VIPER-03",False,False,True
16.389999999999763,"VIPER-01","VIPER-01",Friendly,Player,Active,Intercept,AutomationPilot,"",0,0.85,0,"BANDIT-01",False,False,True
16.389999999999763,"VIPER-02","VIPER-02",Friendly,Wingman,Active,Intercept,MissionAI,"VIPER-01",1,0.85,0,"BANDIT-01",False,False,True
16.389999999999763,"VIPER-03","VIPER-03",Friendly,Wingman,Active,Intercept,MissionAI,"VIPER-01",2,0.85,0,"BANDIT-01",False,False,True
16.389999999999763,"BANDIT-01","BANDIT-01",Hostile,Patrol,Active,Intercept,MissionAI,"",0,0.45,0,"VIPER-03",False,False,True
16.389999999999763,"BANDIT-02","BANDIT-02",Hostile,Patrol,Active,Intercept,MissionAI,"",0,0.45,0,"VIPER-03",False,False,True
16.389999999999763,"BANDIT-03","BANDIT-03",Hostile,Patrol,Active,Intercept,MissionAI,"",0,0.45,0,"VIPER-03",False,False,True
16.389999999999763,"BANDIT-04","BANDIT-04",Hostile,Patrol,Active,Intercept,MissionAI,"",0,0.45,0,"VIPER-03",False,False,True
16.589999999999794,"VIPER-01","VIPER-01",Friendly,Player,Active,Intercept,AutomationPilot,"",0,0.85,0,"BANDIT-01",False,False,True
16.589999999999794,"VIPER-02","VIPER-02",Friendly,Wingman,Active,Intercept,MissionAI,"VIPER-01",1,0.85,0,"BANDIT-01",False,False,True
16.589999999999794,"VIPER-03","VIPER-03",Friendly,Wingman,Active,Intercept,MissionAI,"VIPER-01",2,0.85,0,"BANDIT-01",False,False,True
16.589999999999794,"BANDIT-01","BANDIT-01",Hostile,Patrol,Active,Intercept,MissionAI,"",0,0.45,0,"VIPER-03",False,False,True
16.589999999999794,"BANDIT-02","BANDIT-02",Hostile,Patrol,Active,Intercept,MissionAI,"",0,0.45,0,"VIPER-03",False,False,True
16.589999999999794,"BANDIT-03","BANDIT-03",Hostile,Patrol,Active,Intercept,MissionAI,"",0,0.45,0,"VIPER-03",False,False,True
16.589999999999794,"BANDIT-04","BANDIT-04",Hostile,Patrol,Active,Intercept,MissionAI,"",0,0.45,0,"VIPER-03",False,False,True
16.789999999999825,"VIPER-01","VIPER-01",Friendly,Player,Active,Intercept,AutomationPilot,"",0,0.85,0,"BANDIT-01",False,False,True
16.789999999999825,"VIPER-02","VIPER-02",Friendly,Wingman,Active,Intercept,MissionAI,"VIPER-01",1,0.85,0,"BANDIT-01",False,False,True
16.789999999999825,"VIPER-03","VIPER-03",Friendly,Wingman,Active,Intercept,MissionAI,"VIPER-01",2,0.85,0,"BANDIT-01",False,False,True
16.789999999999825,"BANDIT-01","BANDIT-01",Hostile,Patrol,Active,Intercept,MissionAI,"",0,0.45,0,"VIPER-03",False,False,True
16.789999999999825,"BANDIT-02","BANDIT-02",Hostile,Patrol,Active,Intercept,MissionAI,"",0,0.45,0,"VIPER-03",False,False,True
16.789999999999825,"BANDIT-03","BANDIT-03",Hostile,Patrol,Active,Intercept,MissionAI,"",0,0.45,0,"VIPER-03",False,False,True
16.789999999999825,"BANDIT-04","BANDIT-04",Hostile,Patrol,Active,Intercept,MissionAI,"",0,0.45,0,"VIPER-03",False,False,True
16.989999999999856,"VIPER-01","VIPER-01",Friendly,Player,Active,Intercept,AutomationPilot,"",0,0.85,0,"BANDIT-01",False,False,True
16.989999999999856,"VIPER-02","VIPER-02",Friendly,Wingman,Active,Intercept,MissionAI,"VIPER-01",1,0.85,0,"BANDIT-01",False,False,True
16.989999999999856,"VIPER-03","VIPER-03",Friendly,Wingman,Active,Intercept,MissionAI,"VIPER-01",2,0.85,0,"BANDIT-01",False,False,True
16.989999999999856,"BANDIT-01","BANDIT-01",Hostile,Patrol,Active,Intercept,MissionAI,"",0,0.45,0,"VIPER-03",False,False,True
16.989999999999856,"BANDIT-02","BANDIT-02",Hostile,Patrol,Active,Intercept,MissionAI,"",0,0.45,0,"VIPER-03",False,False,True
16.989999999999856,"BANDIT-03","BANDIT-03",Hostile,Patrol,Active,Intercept,MissionAI,"",0,0.45,0,"VIPER-03",False,False,True
16.989999999999856,"BANDIT-04","BANDIT-04",Hostile,Patrol,Active,Intercept,MissionAI,"",0,0.45,0,"VIPER-03",False,False,True
17.189999999999888,"VIPER-01","VIPER-01",Friendly,Player,Active,Intercept,AutomationPilot,"",0,0.85,0,"BANDIT-01",False,False,True
17.189999999999888,"VIPER-02","VIPER-02",Friendly,Wingman,Active,Intercept,MissionAI,"VIPER-01",1,0.85,0,"BANDIT-01",False,False,True
17.189999999999888,"VIPER-03","VIPER-03",Friendly,Wingman,Active,Intercept,MissionAI,"VIPER-01",2,0.85,0,"BANDIT-01",False,False,True
17.189999999999888,"BANDIT-01","BANDIT-01",Hostile,Patrol,Active,Intercept,MissionAI,"",0,0.45,0,"VIPER-03",False,False,True
17.189999999999888,"BANDIT-02","BANDIT-02",Hostile,Patrol,Active,Intercept,MissionAI,"",0,0.45,0,"VIPER-03",False,False,True
17.189999999999888,"BANDIT-03","BANDIT-03",Hostile,Patrol,Active,Intercept,MissionAI,"",0,0.45,0,"VIPER-03",False,False,True
17.189999999999888,"BANDIT-04","BANDIT-04",Hostile,Patrol,Active,Intercept,MissionAI,"",0,0.45,0,"VIPER-03",False,False,True
17.389999999999919,"VIPER-01","VIPER-01",Friendly,Player,Active,Intercept,AutomationPilot,"",0,0.85,0,"BANDIT-01",False,False,True
17.389999999999919,"VIPER-02","VIPER-02",Friendly,Wingman,Active,Intercept,MissionAI,"VIPER-01",1,0.85,0,"BANDIT-01",False,False,True
17.389999999999919,"VIPER-03","VIPER-03",Friendly,Wingman,Active,Intercept,MissionAI,"VIPER-01",2,0.85,0,"BANDIT-01",False,False,True
17.389999999999919,"BANDIT-01","BANDIT-01",Hostile,Patrol,Active,Intercept,MissionAI,"",0,0.45,0,"VIPER-03",False,False,True
17.389999999999919,"BANDIT-02","BANDIT-02",Hostile,Patrol,Active,Intercept,MissionAI,"",0,0.45,0,"VIPER-03",False,False,True
17.389999999999919,"BANDIT-03","BANDIT-03",Hostile,Patrol,Active,Intercept,MissionAI,"",0,0.45,0,"VIPER-03",False,False,True
17.389999999999919,"BANDIT-04","BANDIT-04",Hostile,Patrol,Active,Intercept,MissionAI,"",0,0.45,0,"VIPER-03",False,False,True
17.58999999999995,"VIPER-01","VIPER-01",Friendly,Player,Active,Intercept,AutomationPilot,"",0,0.85,0,"BANDIT-01",False,False,True
17.58999999999995,"VIPER-02","VIPER-02",Friendly,Wingman,Active,Intercept,MissionAI,"VIPER-01",1,0.85,0,"BANDIT-01",False,False,True
17.58999999999995,"VIPER-03","VIPER-03",Friendly,Wingman,Active,Intercept,MissionAI,"VIPER-01",2,0.85,0,"BANDIT-01",False,False,True
17.58999999999995,"BANDIT-01","BANDIT-01",Hostile,Patrol,Active,Intercept,MissionAI,"",0,0.45,0,"VIPER-03",False,False,True
17.58999999999995,"BANDIT-02","BANDIT-02",Hostile,Patrol,Active,Intercept,MissionAI,"",0,0.45,0,"VIPER-03",False,False,True
17.58999999999995,"BANDIT-03","BANDIT-03",Hostile,Patrol,Active,Intercept,MissionAI,"",0,0.45,0,"VIPER-03",False,False,True
17.58999999999995,"BANDIT-04","BANDIT-04",Hostile,Patrol,Active,Intercept,MissionAI,"",0,0.45,0,"VIPER-03",False,False,True
17.789999999999981,"VIPER-01","VIPER-01",Friendly,Player,Active,Intercept,AutomationPilot,"",0,0.85,0,"BANDIT-01",False,False,True
17.789999999999981,"VIPER-02","VIPER-02",Friendly,Wingman,Active,Intercept,MissionAI,"VIPER-01",1,0.85,0,"BANDIT-01",False,False,True
17.789999999999981,"VIPER-03","VIPER-03",Friendly,Wingman,Active,Intercept,MissionAI,"VIPER-01",2,0.85,0,"BANDIT-01",False,False,True
17.789999999999981,"BANDIT-01","BANDIT-01",Hostile,Patrol,Active,Intercept,MissionAI,"",0,0.45,0,"VIPER-03",False,False,True
17.789999999999981,"BANDIT-02","BANDIT-02",Hostile,Patrol,Active,Intercept,MissionAI,"",0,0.45,0,"VIPER-03",False,False,True
17.789999999999981,"BANDIT-03","BANDIT-03",Hostile,Patrol,Active,Intercept,MissionAI,"",0,0.45,0,"VIPER-03",False,False,True
17.789999999999981,"BANDIT-04","BANDIT-04",Hostile,Patrol,Active,Intercept,MissionAI,"",0,0.45,0,"VIPER-03",False,False,True
17.990000000000013,"VIPER-01","VIPER-01",Friendly,Player,Active,Intercept,AutomationPilot,"",0,0.85,0,"BANDIT-01",False,False,True
17.990000000000013,"VIPER-02","VIPER-02",Friendly,Wingman,Active,Intercept,MissionAI,"VIPER-01",1,0.85,0,"BANDIT-01",False,False,True
17.990000000000013,"VIPER-03","VIPER-03",Friendly,Wingman,Active,Intercept,MissionAI,"VIPER-01",2,0.85,0,"BANDIT-01",False,False,True
17.990000000000013,"BANDIT-01","BANDIT-01",Hostile,Patrol,Active,Intercept,MissionAI,"",0,0.45,0,"VIPER-03",False,False,True
17.990000000000013,"BANDIT-02","BANDIT-02",Hostile,Patrol,Active,Intercept,MissionAI,"",0,0.45,0,"VIPER-03",False,False,True
17.990000000000013,"BANDIT-03","BANDIT-03",Hostile,Patrol,Active,Intercept,MissionAI,"",0,0.45,0,"VIPER-03",False,False,True
17.990000000000013,"BANDIT-04","BANDIT-04",Hostile,Patrol,Active,Intercept,MissionAI,"",0,0.45,0,"VIPER-03",False,False,True
18.190000000000044,"VIPER-01","VIPER-01",Friendly,Player,Active,Intercept,AutomationPilot,"",0,0.85,0,"BANDIT-01",False,False,True
18.190000000000044,"VIPER-02","VIPER-02",Friendly,Wingman,Active,Intercept,MissionAI,"VIPER-01",1,0.85,0,"BANDIT-01",False,False,True
18.190000000000044,"VIPER-03","VIPER-03",Friendly,Wingman,Active,Intercept,MissionAI,"VIPER-01",2,0.85,0,"BANDIT-01",False,False,True
18.190000000000044,"BANDIT-01","BANDIT-01",Hostile,Patrol,Active,Intercept,MissionAI,"",0,0.45,0,"VIPER-03",False,False,True
18.190000000000044,"BANDIT-02","BANDIT-02",Hostile,Patrol,Active,Intercept,MissionAI,"",0,0.45,0,"VIPER-03",False,False,True
18.190000000000044,"BANDIT-03","BANDIT-03",Hostile,Patrol,Active,Intercept,MissionAI,"",0,0.45,0,"VIPER-03",False,False,True
18.190000000000044,"BANDIT-04","BANDIT-04",Hostile,Patrol,Active,Intercept,MissionAI,"",0,0.45,0,"VIPER-03",False,False,True
18.390000000000075,"VIPER-01","VIPER-01",Friendly,Player,Active,Intercept,AutomationPilot,"",0,0.85,0,"BANDIT-01",False,False,True
18.390000000000075,"VIPER-02","VIPER-02",Friendly,Wingman,Active,Intercept,MissionAI,"VIPER-01",1,0.85,0,"BANDIT-01",False,False,True
18.390000000000075,"VIPER-03","VIPER-03",Friendly,Wingman,Active,Intercept,MissionAI,"VIPER-01",2,0.85,0,"BANDIT-01",False,False,True
18.390000000000075,"BANDIT-01","BANDIT-01",Hostile,Patrol,Active,Intercept,MissionAI,"",0,0.45,0,"VIPER-03",False,False,True
18.390000000000075,"BANDIT-02","BANDIT-02",Hostile,Patrol,Active,Intercept,MissionAI,"",0,0.45,0,"VIPER-03",False,False,True
18.390000000000075,"BANDIT-03","BANDIT-03",Hostile,Patrol,Active,Intercept,MissionAI,"",0,0.45,0,"VIPER-03",False,False,True
18.390000000000075,"BANDIT-04","BANDIT-04",Hostile,Patrol,Active,Intercept,MissionAI,"",0,0.45,0,"VIPER-03",False,False,True
18.590000000000106,"VIPER-01","VIPER-01",Friendly,Player,Active,Intercept,AutomationPilot,"",0,0.85,0,"BANDIT-01",False,False,True
18.590000000000106,"VIPER-02","VIPER-02",Friendly,Wingman,Active,Intercept,MissionAI,"VIPER-01",1,0.85,0,"BANDIT-01",False,False,True
18.590000000000106,"VIPER-03","VIPER-03",Friendly,Wingman,Active,Intercept,MissionAI,"VIPER-01",2,0.85,0,"BANDIT-01",False,False,True
18.590000000000106,"BANDIT-01","BANDIT-01",Hostile,Patrol,Active,Intercept,MissionAI,"",0,0.45,0,"VIPER-03",False,False,True
18.590000000000106,"BANDIT-02","BANDIT-02",Hostile,Patrol,Active,Intercept,MissionAI,"",0,0.45,0,"VIPER-03",False,False,True
18.590000000000106,"BANDIT-03","BANDIT-03",Hostile,Patrol,Active,Intercept,MissionAI,"",0,0.45,0,"VIPER-03",False,False,True
18.590000000000106,"BANDIT-04","BANDIT-04",Hostile,Patrol,Active,Intercept,MissionAI,"",0,0.45,0,"VIPER-03",False,False,True
18.790000000000138,"VIPER-01","VIPER-01",Friendly,Player,Active,Intercept,AutomationPilot,"",0,0.85,0,"BANDIT-01",False,False,True
18.790000000000138,"VIPER-02","VIPER-02",Friendly,Wingman,Active,Intercept,MissionAI,"VIPER-01",1,0.85,0,"BANDIT-01",False,False,True
18.790000000000138,"VIPER-03","VIPER-03",Friendly,Wingman,Active,Intercept,MissionAI,"VIPER-01",2,0.85,0,"BANDIT-01",False,False,True
18.790000000000138,"BANDIT-01","BANDIT-01",Hostile,Patrol,Active,Intercept,MissionAI,"",0,0.45,0,"VIPER-03",False,False,True
18.790000000000138,"BANDIT-02","BANDIT-02",Hostile,Patrol,Active,Intercept,MissionAI,"",0,0.45,0,"VIPER-03",False,False,True
18.790000000000138,"BANDIT-03","BANDIT-03",Hostile,Patrol,Active,Intercept,MissionAI,"",0,0.45,0,"VIPER-03",False,False,True
18.790000000000138,"BANDIT-04","BANDIT-04",Hostile,Patrol,Active,Intercept,MissionAI,"",0,0.45,0,"VIPER-03",False,False,True
18.990000000000169,"VIPER-01","VIPER-01",Friendly,Player,Active,Intercept,AutomationPilot,"",0,0.85,0,"BANDIT-01",False,False,True
18.990000000000169,"VIPER-02","VIPER-02",Friendly,Wingman,Active,Intercept,MissionAI,"VIPER-01",1,0.85,0,"BANDIT-01",False,False,True
18.990000000000169,"VIPER-03","VIPER-03",Friendly,Wingman,Active,Intercept,MissionAI,"VIPER-01",2,0.85,0,"BANDIT-01",False,False,True
18.990000000000169,"BANDIT-01","BANDIT-01",Hostile,Patrol,Active,Intercept,MissionAI,"",0,0.45,0,"VIPER-03",False,False,True
18.990000000000169,"BANDIT-02","BANDIT-02",Hostile,Patrol,Active,Intercept,MissionAI,"",0,0.45,0,"VIPER-03",False,False,True
18.990000000000169,"BANDIT-03","BANDIT-03",Hostile,Patrol,Active,Intercept,MissionAI,"",0,0.45,0,"VIPER-03",False,False,True
18.990000000000169,"BANDIT-04","BANDIT-04",Hostile,Patrol,Active,Intercept,MissionAI,"",0,0.45,0,"VIPER-03",False,False,True
19.1900000000002,"VIPER-01","VIPER-01",Friendly,Player,Active,Intercept,AutomationPilot,"",0,0.85,0,"BANDIT-01",False,False,True
19.1900000000002,"VIPER-02","VIPER-02",Friendly,Wingman,Active,Intercept,MissionAI,"VIPER-01",1,0.85,0,"BANDIT-01",False,False,True
19.1900000000002,"VIPER-03","VIPER-03",Friendly,Wingman,Active,Intercept,MissionAI,"VIPER-01",2,0.85,0,"BANDIT-01",False,False,True
19.1900000000002,"BANDIT-01","BANDIT-01",Hostile,Patrol,Active,Intercept,MissionAI,"",0,0.45,0,"VIPER-03",False,False,True
19.1900000000002,"BANDIT-02","BANDIT-02",Hostile,Patrol,Active,Intercept,MissionAI,"",0,0.45,0,"VIPER-03",False,False,True
19.1900000000002,"BANDIT-03","BANDIT-03",Hostile,Patrol,Active,Intercept,MissionAI,"",0,0.45,0,"VIPER-03",False,False,True
19.1900000000002,"BANDIT-04","BANDIT-04",Hostile,Patrol,Active,Intercept,MissionAI,"",0,0.45,0,"VIPER-03",False,False,True
19.390000000000231,"VIPER-01","VIPER-01",Friendly,Player,Active,Intercept,AutomationPilot,"",0,0.85,0,"BANDIT-01",False,False,True
19.390000000000231,"VIPER-02","VIPER-02",Friendly,Wingman,Active,Intercept,MissionAI,"VIPER-01",1,0.85,0,"BANDIT-01",False,False,True
19.390000000000231,"VIPER-03","VIPER-03",Friendly,Wingman,Active,Intercept,MissionAI,"VIPER-01",2,0.85,0,"BANDIT-01",False,False,True
19.390000000000231,"BANDIT-01","BANDIT-01",Hostile,Patrol,Active,Intercept,MissionAI,"",0,0.45,0,"VIPER-03",False,False,True
19.390000000000231,"BANDIT-02","BANDIT-02",Hostile,Patrol,Active,Intercept,MissionAI,"",0,0.45,0,"VIPER-03",False,False,True
19.390000000000231,"BANDIT-03","BANDIT-03",Hostile,Patrol,Active,Intercept,MissionAI,"",0,0.45,0,"VIPER-03",False,False,True
19.390000000000231,"BANDIT-04","BANDIT-04",Hostile,Patrol,Active,Intercept,MissionAI,"",0,0.45,0,"VIPER-03",False,False,True
19.590000000000263,"VIPER-01","VIPER-01",Friendly,Player,Active,Intercept,AutomationPilot,"",0,0.85,0,"BANDIT-01",False,False,True
19.590000000000263,"VIPER-02","VIPER-02",Friendly,Wingman,Active,Intercept,MissionAI,"VIPER-01",1,0.85,0,"BANDIT-01",False,False,True
19.590000000000263,"VIPER-03","VIPER-03",Friendly,Wingman,Active,Intercept,MissionAI,"VIPER-01",2,0.85,0,"BANDIT-01",False,False,True
19.590000000000263,"BANDIT-01","BANDIT-01",Hostile,Patrol,Active,Intercept,MissionAI,"",0,0.45,0,"VIPER-03",False,False,True
19.590000000000263,"BANDIT-02","BANDIT-02",Hostile,Patrol,Active,Intercept,MissionAI,"",0,0.45,0,"VIPER-03",False,False,True
19.590000000000263,"BANDIT-03","BANDIT-03",Hostile,Patrol,Active,Intercept,MissionAI,"",0,0.45,0,"VIPER-03",False,False,True
19.590000000000263,"BANDIT-04","BANDIT-04",Hostile,Patrol,Active,Intercept,MissionAI,"",0,0.45,0,"VIPER-03",False,False,True
19.790000000000294,"VIPER-01","VIPER-01",Friendly,Player,Active,Intercept,AutomationPilot,"",0,0.85,0,"BANDIT-01",False,False,True
19.790000000000294,"VIPER-02","VIPER-02",Friendly,Wingman,Active,Intercept,MissionAI,"VIPER-01",1,0.85,0,"BANDIT-01",False,False,True
19.790000000000294,"VIPER-03","VIPER-03",Friendly,Wingman,Active,Intercept,MissionAI,"VIPER-01",2,0.85,0,"BANDIT-01",False,False,True
19.790000000000294,"BANDIT-01","BANDIT-01",Hostile,Patrol,Active,Intercept,MissionAI,"",0,0.45,0,"VIPER-03",False,False,True
19.790000000000294,"BANDIT-02","BANDIT-02",Hostile,Patrol,Active,Intercept,MissionAI,"",0,0.45,0,"VIPER-03",False,False,True
19.790000000000294,"BANDIT-03","BANDIT-03",Hostile,Patrol,Active,Intercept,MissionAI,"",0,0.45,0,"VIPER-03",False,False,True
19.790000000000294,"BANDIT-04","BANDIT-04",Hostile,Patrol,Active,Intercept,MissionAI,"",0,0.45,0,"VIPER-03",False,False,True
19.990000000000325,"VIPER-01","VIPER-01",Friendly,Player,Active,Intercept,AutomationPilot,"",0,0.85,0,"BANDIT-01",False,False,True
19.990000000000325,"VIPER-02","VIPER-02",Friendly,Wingman,Active,Intercept,MissionAI,"VIPER-01",1,0.85,0,"BANDIT-01",False,False,True
19.990000000000325,"VIPER-03","VIPER-03",Friendly,Wingman,Active,Intercept,MissionAI,"VIPER-01",2,0.85,0,"BANDIT-01",False,False,True
19.990000000000325,"BANDIT-01","BANDIT-01",Hostile,Patrol,Active,Intercept,MissionAI,"",0,0.45,0,"VIPER-03",False,False,True
19.990000000000325,"BANDIT-02","BANDIT-02",Hostile,Patrol,Active,Intercept,MissionAI,"",0,0.45,0,"VIPER-03",False,False,True
19.990000000000325,"BANDIT-03","BANDIT-03",Hostile,Patrol,Active,Intercept,MissionAI,"",0,0.45,0,"VIPER-03",False,False,True
19.990000000000325,"BANDIT-04","BANDIT-04",Hostile,Patrol,Active,Intercept,MissionAI,"",0,0.45,0,"VIPER-03",False,False,True
20.190000000000357,"VIPER-01","VIPER-01",Friendly,Player,Active,Intercept,AutomationPilot,"",0,0.85,0,"BANDIT-01",False,False,True
20.190000000000357,"VIPER-02","VIPER-02",Friendly,Wingman,Active,Intercept,MissionAI,"VIPER-01",1,0.85,0,"BANDIT-01",False,False,True
20.190000000000357,"VIPER-03","VIPER-03",Friendly,Wingman,Active,Intercept,MissionAI,"VIPER-01",2,0.85,0,"BANDIT-01",False,False,True
20.190000000000357,"BANDIT-01","BANDIT-01",Hostile,Patrol,Active,Intercept,MissionAI,"",0,0.45,0,"VIPER-03",False,False,True
20.190000000000357,"BANDIT-02","BANDIT-02",Hostile,Patrol,Active,Intercept,MissionAI,"",0,0.45,0,"VIPER-03",False,False,True
20.190000000000357,"BANDIT-03","BANDIT-03",Hostile,Patrol,Active,Intercept,MissionAI,"",0,0.45,0,"VIPER-03",False,False,True
20.190000000000357,"BANDIT-04","BANDIT-04",Hostile,Patrol,Active,Intercept,MissionAI,"",0,0.45,0,"VIPER-03",False,False,True
20.390000000000388,"VIPER-01","VIPER-01",Friendly,Player,Active,Intercept,AutomationPilot,"",0,0.85,0,"BANDIT-01",False,False,True
20.390000000000388,"VIPER-02","VIPER-02",Friendly,Wingman,Active,Intercept,MissionAI,"VIPER-01",1,0.85,0,"BANDIT-01",False,False,True
20.390000000000388,"VIPER-03","VIPER-03",Friendly,Wingman,Active,Intercept,MissionAI,"VIPER-01",2,0.85,0,"BANDIT-01",False,False,True
20.390000000000388,"BANDIT-01","BANDIT-01",Hostile,Patrol,Active,Intercept,MissionAI,"",0,0.45,0,"VIPER-03",False,False,True
20.390000000000388,"BANDIT-02","BANDIT-02",Hostile,Patrol,Active,Intercept,MissionAI,"",0,0.45,0,"VIPER-03",False,False,True
20.390000000000388,"BANDIT-03","BANDIT-03",Hostile,Patrol,Active,Intercept,MissionAI,"",0,0.45,0,"VIPER-03",False,False,True
20.390000000000388,"BANDIT-04","BANDIT-04",Hostile,Patrol,Active,Intercept,MissionAI,"",0,0.45,0,"VIPER-03",False,False,True
20.590000000000419,"VIPER-01","VIPER-01",Friendly,Player,Active,Intercept,AutomationPilot,"",0,0.85,0,"BANDIT-01",False,False,True
20.590000000000419,"VIPER-02","VIPER-02",Friendly,Wingman,Active,Intercept,MissionAI,"VIPER-01",1,0.85,0,"BANDIT-01",False,False,True
20.590000000000419,"VIPER-03","VIPER-03",Friendly,Wingman,Active,Intercept,MissionAI,"VIPER-01",2,0.85,0,"BANDIT-01",False,False,True
20.590000000000419,"BANDIT-01","BANDIT-01",Hostile,Patrol,Active,Intercept,MissionAI,"",0,0.45,0,"VIPER-03",False,False,True
20.590000000000419,"BANDIT-02","BANDIT-02",Hostile,Patrol,Active,Intercept,MissionAI,"",0,0.45,0,"VIPER-03",False,False,True
20.590000000000419,"BANDIT-03","BANDIT-03",Hostile,Patrol,Active,Intercept,MissionAI,"",0,0.45,0,"VIPER-03",False,False,True
20.590000000000419,"BANDIT-04","BANDIT-04",Hostile,Patrol,Active,Intercept,MissionAI,"",0,0.45,0,"VIPER-03",False,False,True
20.79000000000045,"VIPER-01","VIPER-01",Friendly,Player,Active,Intercept,AutomationPilot,"",0,0.85,0,"BANDIT-01",False,False,True
20.79000000000045,"VIPER-02","VIPER-02",Friendly,Wingman,Active,Intercept,MissionAI,"VIPER-01",1,0.85,0,"BANDIT-01",False,False,True
20.79000000000045,"VIPER-03","VIPER-03",Friendly,Wingman,Active,Intercept,MissionAI,"VIPER-01",2,0.85,0,"BANDIT-01",False,False,True
20.79000000000045,"BANDIT-01","BANDIT-01",Hostile,Patrol,Active,Intercept,MissionAI,"",0,0.45,0,"VIPER-03",False,False,True
20.79000000000045,"BANDIT-02","BANDIT-02",Hostile,Patrol,Active,Intercept,MissionAI,"",0,0.45,0,"VIPER-03",False,False,True
20.79000000000045,"BANDIT-03","BANDIT-03",Hostile,Patrol,Active,Intercept,MissionAI,"",0,0.45,0,"VIPER-03",False,False,True
20.79000000000045,"BANDIT-04","BANDIT-04",Hostile,Patrol,Active,Intercept,MissionAI,"",0,0.45,0,"VIPER-03",False,False,True
20.990000000000482,"VIPER-01","VIPER-01",Friendly,Player,Active,Intercept,AutomationPilot,"",0,0.85,0,"BANDIT-01",False,False,True
20.990000000000482,"VIPER-02","VIPER-02",Friendly,Wingman,Active,Intercept,MissionAI,"VIPER-01",1,0.85,0,"BANDIT-01",False,False,True
20.990000000000482,"VIPER-03","VIPER-03",Friendly,Wingman,Active,Intercept,MissionAI,"VIPER-01",2,0.85,0,"BANDIT-01",False,False,True
20.990000000000482,"BANDIT-01","BANDIT-01",Hostile,Patrol,Active,Intercept,MissionAI,"",0,0.45,0,"VIPER-03",False,False,True
20.990000000000482,"BANDIT-02","BANDIT-02",Hostile,Patrol,Active,Intercept,MissionAI,"",0,0.45,0,"VIPER-03",False,False,True
20.990000000000482,"BANDIT-03","BANDIT-03",Hostile,Patrol,Active,Intercept,MissionAI,"",0,0.45,0,"VIPER-03",False,False,True
20.990000000000482,"BANDIT-04","BANDIT-04",Hostile,Patrol,Active,Intercept,MissionAI,"",0,0.45,0,"VIPER-03",False,False,True
21.190000000000513,"VIPER-01","VIPER-01",Friendly,Player,Active,Intercept,AutomationPilot,"",0,0.85,0,"BANDIT-01",False,False,True
21.190000000000513,"VIPER-02","VIPER-02",Friendly,Wingman,Active,Intercept,MissionAI,"VIPER-01",1,0.85,0,"BANDIT-01",False,False,True
21.190000000000513,"VIPER-03","VIPER-03",Friendly,Wingman,Active,Intercept,MissionAI,"VIPER-01",2,0.85,0,"BANDIT-01",False,False,True
21.190000000000513,"BANDIT-01","BANDIT-01",Hostile,Patrol,Active,Intercept,MissionAI,"",0,0.45,0,"VIPER-03",False,False,True
21.190000000000513,"BANDIT-02","BANDIT-02",Hostile,Patrol,Active,Intercept,MissionAI,"",0,0.45,0,"VIPER-03",False,False,True
21.190000000000513,"BANDIT-03","BANDIT-03",Hostile,Patrol,Active,Intercept,MissionAI,"",0,0.45,0,"VIPER-03",False,False,True
21.190000000000513,"BANDIT-04","BANDIT-04",Hostile,Patrol,Active,Intercept,MissionAI,"",0,0.45,0,"VIPER-03",False,False,True
21.390000000000544,"VIPER-01","VIPER-01",Friendly,Player,Active,Intercept,AutomationPilot,"",0,0.85,0,"BANDIT-01",False,False,True
21.390000000000544,"VIPER-02","VIPER-02",Friendly,Wingman,Active,Intercept,MissionAI,"VIPER-01",1,0.85,0,"BANDIT-01",False,False,True
21.390000000000544,"VIPER-03","VIPER-03",Friendly,Wingman,Active,Intercept,MissionAI,"VIPER-01",2,0.85,0,"BANDIT-01",False,False,True
21.390000000000544,"BANDIT-01","BANDIT-01",Hostile,Patrol,Active,Intercept,MissionAI,"",0,0.45,0,"VIPER-03",False,False,True
21.390000000000544,"BANDIT-02","BANDIT-02",Hostile,Patrol,Active,Intercept,MissionAI,"",0,0.45,0,"VIPER-03",False,False,True
21.390000000000544,"BANDIT-03","BANDIT-03",Hostile,Patrol,Active,Intercept,MissionAI,"",0,0.45,0,"VIPER-03",False,False,True
21.390000000000544,"BANDIT-04","BANDIT-04",Hostile,Patrol,Active,Intercept,MissionAI,"",0,0.45,0,"VIPER-03",False,False,True
21.590000000000575,"VIPER-01","VIPER-01",Friendly,Player,Active,Intercept,AutomationPilot,"",0,0.85,0,"BANDIT-01",False,False,True
21.590000000000575,"VIPER-02","VIPER-02",Friendly,Wingman,Active,Intercept,MissionAI,"VIPER-01",1,0.85,0,"BANDIT-01",False,False,True
21.590000000000575,"VIPER-03","VIPER-03",Friendly,Wingman,Active,Intercept,MissionAI,"VIPER-01",2,0.85,0,"BANDIT-01",False,False,True
21.590000000000575,"BANDIT-01","BANDIT-01",Hostile,Patrol,Active,Intercept,MissionAI,"",0,0.45,0,"VIPER-03",False,False,True
21.590000000000575,"BANDIT-02","BANDIT-02",Hostile,Patrol,Active,Intercept,MissionAI,"",0,0.45,0,"VIPER-03",False,False,True
21.590000000000575,"BANDIT-03","BANDIT-03",Hostile,Patrol,Active,Intercept,MissionAI,"",0,0.45,0,"VIPER-03",False,False,True
21.590000000000575,"BANDIT-04","BANDIT-04",Hostile,Patrol,Active,Intercept,MissionAI,"",0,0.45,0,"VIPER-03",False,False,True
21.790000000000607,"VIPER-01","VIPER-01",Friendly,Player,Active,Intercept,AutomationPilot,"",0,0.85,0,"BANDIT-01",False,False,True
21.790000000000607,"VIPER-02","VIPER-02",Friendly,Wingman,Active,Intercept,MissionAI,"VIPER-01",1,0.85,0,"BANDIT-01",False,False,True
21.790000000000607,"VIPER-03","VIPER-03",Friendly,Wingman,Active,Intercept,MissionAI,"VIPER-01",2,0.85,0,"BANDIT-01",False,False,True
21.790000000000607,"BANDIT-01","BANDIT-01",Hostile,Patrol,Active,Intercept,MissionAI,"",0,0.45,0,"VIPER-03",False,False,True
21.790000000000607,"BANDIT-02","BANDIT-02",Hostile,Patrol,Active,Intercept,MissionAI,"",0,0.45,0,"VIPER-03",False,False,True
21.790000000000607,"BANDIT-03","BANDIT-03",Hostile,Patrol,Active,Intercept,MissionAI,"",0,0.45,0,"VIPER-03",False,False,True
21.790000000000607,"BANDIT-04","BANDIT-04",Hostile,Patrol,Active,Intercept,MissionAI,"",0,0.45,0,"VIPER-03",False,False,True
21.990000000000638,"VIPER-01","VIPER-01",Friendly,Player,Active,Intercept,AutomationPilot,"",0,0.85,0,"BANDIT-01",False,False,True
21.990000000000638,"VIPER-02","VIPER-02",Friendly,Wingman,Active,Intercept,MissionAI,"VIPER-01",1,0.85,0,"BANDIT-01",False,False,True
21.990000000000638,"VIPER-03","VIPER-03",Friendly,Wingman,Active,Intercept,MissionAI,"VIPER-01",2,0.85,0,"BANDIT-01",False,False,True
21.990000000000638,"BANDIT-01","BANDIT-01",Hostile,Patrol,Active,Intercept,MissionAI,"",0,0.45,0,"VIPER-03",False,False,True
21.990000000000638,"BANDIT-02","BANDIT-02",Hostile,Patrol,Active,Intercept,MissionAI,"",0,0.45,0,"VIPER-03",False,False,True
21.990000000000638,"BANDIT-03","BANDIT-03",Hostile,Patrol,Active,Intercept,MissionAI,"",0,0.45,0,"VIPER-03",False,False,True
21.990000000000638,"BANDIT-04","BANDIT-04",Hostile,Patrol,Active,Intercept,MissionAI,"",0,0.45,0,"VIPER-03",False,False,True
22.190000000000669,"VIPER-01","VIPER-01",Friendly,Player,Active,Intercept,AutomationPilot,"",0,0.85,0,"BANDIT-01",False,False,True
22.190000000000669,"VIPER-02","VIPER-02",Friendly,Wingman,Active,Intercept,MissionAI,"VIPER-01",1,0.85,0,"BANDIT-01",False,False,True
22.190000000000669,"VIPER-03","VIPER-03",Friendly,Wingman,Active,Intercept,MissionAI,"VIPER-01",2,0.85,0,"BANDIT-01",False,False,True
22.190000000000669,"BANDIT-01","BANDIT-01",Hostile,Patrol,Active,Intercept,MissionAI,"",0,0.45,0,"VIPER-03",False,False,True
22.190000000000669,"BANDIT-02","BANDIT-02",Hostile,Patrol,Active,Intercept,MissionAI,"",0,0.45,0,"VIPER-03",False,False,True
22.190000000000669,"BANDIT-03","BANDIT-03",Hostile,Patrol,Active,Intercept,MissionAI,"",0,0.45,0,"VIPER-03",False,False,True
22.190000000000669,"BANDIT-04","BANDIT-04",Hostile,Patrol,Active,Intercept,MissionAI,"",0,0.45,0,"VIPER-03",False,False,True
22.3900000000007,"VIPER-01","VIPER-01",Friendly,Player,Active,Intercept,AutomationPilot,"",0,0.85,0,"BANDIT-01",False,False,True
22.3900000000007,"VIPER-02","VIPER-02",Friendly,Wingman,Active,Intercept,MissionAI,"VIPER-01",1,0.85,0,"BANDIT-01",False,False,True
22.3900000000007,"VIPER-03","VIPER-03",Friendly,Wingman,Active,Intercept,MissionAI,"VIPER-01",2,0.85,0,"BANDIT-01",False,False,True
22.3900000000007,"BANDIT-01","BANDIT-01",Hostile,Patrol,Active,Intercept,MissionAI,"",0,0.45,0,"VIPER-03",False,False,True
22.3900000000007,"BANDIT-02","BANDIT-02",Hostile,Patrol,Active,Intercept,MissionAI,"",0,0.45,0,"VIPER-03",False,False,True
22.3900000000007,"BANDIT-03","BANDIT-03",Hostile,Patrol,Active,Intercept,MissionAI,"",0,0.45,0,"VIPER-03",False,False,True
22.3900000000007,"BANDIT-04","BANDIT-04",Hostile,Patrol,Active,Intercept,MissionAI,"",0,0.45,0,"VIPER-03",False,False,True
22.590000000000732,"VIPER-01","VIPER-01",Friendly,Player,Active,Intercept,AutomationPilot,"",0,0.85,0,"BANDIT-01",False,False,True
22.590000000000732,"VIPER-02","VIPER-02",Friendly,Wingman,Active,Intercept,MissionAI,"VIPER-01",1,0.85,0,"BANDIT-01",False,False,True
22.590000000000732,"VIPER-03","VIPER-03",Friendly,Wingman,Active,Intercept,MissionAI,"VIPER-01",2,0.85,0,"BANDIT-01",False,False,True
22.590000000000732,"BANDIT-01","BANDIT-01",Hostile,Patrol,Active,Intercept,MissionAI,"",0,0.45,0,"VIPER-03",False,False,True
22.590000000000732,"BANDIT-02","BANDIT-02",Hostile,Patrol,Active,Intercept,MissionAI,"",0,0.45,0,"VIPER-03",False,False,True
22.590000000000732,"BANDIT-03","BANDIT-03",Hostile,Patrol,Active,Intercept,MissionAI,"",0,0.45,0,"VIPER-03",False,False,True
22.590000000000732,"BANDIT-04","BANDIT-04",Hostile,Patrol,Active,Intercept,MissionAI,"",0,0.45,0,"VIPER-03",False,False,True
22.790000000000763,"VIPER-01","VIPER-01",Friendly,Player,Active,Intercept,AutomationPilot,"",0,0.85,0,"BANDIT-01",False,False,True
22.790000000000763,"VIPER-02","VIPER-02",Friendly,Wingman,Active,Intercept,MissionAI,"VIPER-01",1,0.85,0,"BANDIT-01",False,False,True
22.790000000000763,"VIPER-03","VIPER-03",Friendly,Wingman,Active,Intercept,MissionAI,"VIPER-01",2,0.85,0,"BANDIT-01",False,False,True
22.790000000000763,"BANDIT-01","BANDIT-01",Hostile,Patrol,Active,Intercept,MissionAI,"",0,0.45,0,"VIPER-03",False,False,True
22.790000000000763,"BANDIT-02","BANDIT-02",Hostile,Patrol,Active,Intercept,MissionAI,"",0,0.45,0,"VIPER-03",False,False,True
22.790000000000763,"BANDIT-03","BANDIT-03",Hostile,Patrol,Active,Intercept,MissionAI,"",0,0.45,0,"VIPER-03",False,False,True
22.790000000000763,"BANDIT-04","BANDIT-04",Hostile,Patrol,Active,Intercept,MissionAI,"",0,0.45,0,"VIPER-03",False,False,True
22.990000000000794,"VIPER-01","VIPER-01",Friendly,Player,Active,Intercept,AutomationPilot,"",0,0.85,0,"BANDIT-01",False,False,True
22.990000000000794,"VIPER-02","VIPER-02",Friendly,Wingman,Active,Intercept,MissionAI,"VIPER-01",1,0.85,0,"BANDIT-01",False,False,True
22.990000000000794,"VIPER-03","VIPER-03",Friendly,Wingman,Active,Intercept,MissionAI,"VIPER-01",2,0.85,0,"BANDIT-01",False,False,True
22.990000000000794,"BANDIT-01","BANDIT-01",Hostile,Patrol,Active,Intercept,MissionAI,"",0,0.45,0,"VIPER-03",False,False,True
22.990000000000794,"BANDIT-02","BANDIT-02",Hostile,Patrol,Active,Intercept,MissionAI,"",0,0.45,0,"VIPER-03",False,False,True
22.990000000000794,"BANDIT-03","BANDIT-03",Hostile,Patrol,Active,Intercept,MissionAI,"",0,0.45,0,"VIPER-03",False,False,True
22.990000000000794,"BANDIT-04","BANDIT-04",Hostile,Patrol,Active,Intercept,MissionAI,"",0,0.45,0,"VIPER-03",False,False,True
23.190000000000826,"VIPER-01","VIPER-01",Friendly,Player,Active,Intercept,AutomationPilot,"",0,0.85,0,"BANDIT-01",False,False,True
23.190000000000826,"VIPER-02","VIPER-02",Friendly,Wingman,Active,Intercept,MissionAI,"VIPER-01",1,0.85,0,"BANDIT-01",False,False,True
23.190000000000826,"VIPER-03","VIPER-03",Friendly,Wingman,Active,Intercept,MissionAI,"VIPER-01",2,0.85,0,"BANDIT-01",False,False,True
23.190000000000826,"BANDIT-01","BANDIT-01",Hostile,Patrol,Active,Intercept,MissionAI,"",0,0.45,0,"VIPER-03",False,False,True
23.190000000000826,"BANDIT-02","BANDIT-02",Hostile,Patrol,Active,Intercept,MissionAI,"",0,0.45,0,"VIPER-03",False,False,True
23.190000000000826,"BANDIT-03","BANDIT-03",Hostile,Patrol,Active,Intercept,MissionAI,"",0,0.45,0,"VIPER-03",False,False,True
23.190000000000826,"BANDIT-04","BANDIT-04",Hostile,Patrol,Active,Intercept,MissionAI,"",0,0.45,0,"VIPER-03",False,False,True
23.390000000000857,"VIPER-01","VIPER-01",Friendly,Player,Active,Intercept,AutomationPilot,"",0,0.85,0,"BANDIT-01",False,False,True
23.390000000000857,"VIPER-02","VIPER-02",Friendly,Wingman,Active,Intercept,MissionAI,"VIPER-01",1,0.85,0,"BANDIT-01",False,False,True
23.390000000000857,"VIPER-03","VIPER-03",Friendly,Wingman,Active,Intercept,MissionAI,"VIPER-01",2,0.85,0,"BANDIT-01",False,False,True
23.390000000000857,"BANDIT-01","BANDIT-01",Hostile,Patrol,Active,Intercept,MissionAI,"",0,0.45,0,"VIPER-03",False,False,True
23.390000000000857,"BANDIT-02","BANDIT-02",Hostile,Patrol,Active,Intercept,MissionAI,"",0,0.45,0,"VIPER-03",False,False,True
23.390000000000857,"BANDIT-03","BANDIT-03",Hostile,Patrol,Active,Intercept,MissionAI,"",0,0.45,0,"VIPER-03",False,False,True
23.390000000000857,"BANDIT-04","BANDIT-04",Hostile,Patrol,Active,Intercept,MissionAI,"",0,0.45,0,"VIPER-03",False,False,True
23.590000000000888,"VIPER-01","VIPER-01",Friendly,Player,Active,Intercept,AutomationPilot,"",0,0.85,0,"BANDIT-01",False,False,True
23.590000000000888,"VIPER-02","VIPER-02",Friendly,Wingman,Active,Intercept,MissionAI,"VIPER-01",1,0.85,0,"BANDIT-01",False,False,True
23.590000000000888,"VIPER-03","VIPER-03",Friendly,Wingman,Active,Intercept,MissionAI,"VIPER-01",2,0.85,0,"BANDIT-01",False,False,True
23.590000000000888,"BANDIT-01","BANDIT-01",Hostile,Patrol,Active,Intercept,MissionAI,"",0,0.45,0,"VIPER-03",False,False,True
23.590000000000888,"BANDIT-02","BANDIT-02",Hostile,Patrol,Active,Intercept,MissionAI,"",0,0.45,0,"VIPER-03",False,False,True
23.590000000000888,"BANDIT-03","BANDIT-03",Hostile,Patrol,Active,Intercept,MissionAI,"",0,0.45,0,"VIPER-03",False,False,True
23.590000000000888,"BANDIT-04","BANDIT-04",Hostile,Patrol,Active,Intercept,MissionAI,"",0,0.45,0,"VIPER-03",False,False,True
23.790000000000919,"VIPER-01","VIPER-01",Friendly,Player,Active,Intercept,AutomationPilot,"",0,0.85,0,"BANDIT-01",False,False,True
23.790000000000919,"VIPER-02","VIPER-02",Friendly,Wingman,Active,Intercept,MissionAI,"VIPER-01",1,0.85,0,"BANDIT-01",False,False,True
23.790000000000919,"VIPER-03","VIPER-03",Friendly,Wingman,Active,Intercept,MissionAI,"VIPER-01",2,0.85,0,"BANDIT-01",False,False,True
23.790000000000919,"BANDIT-01","BANDIT-01",Hostile,Patrol,Active,Intercept,MissionAI,"",0,0.45,0,"VIPER-03",False,False,True
23.790000000000919,"BANDIT-02","BANDIT-02",Hostile,Patrol,Active,Intercept,MissionAI,"",0,0.45,0,"VIPER-03",False,False,True
23.790000000000919,"BANDIT-03","BANDIT-03",Hostile,Patrol,Active,Intercept,MissionAI,"",0,0.45,0,"VIPER-03",False,False,True
23.790000000000919,"BANDIT-04","BANDIT-04",Hostile,Patrol,Active,Intercept,MissionAI,"",0,0.45,0,"VIPER-03",False,False,True
23.990000000000951,"VIPER-01","VIPER-01",Friendly,Player,Active,Intercept,AutomationPilot,"",0,0.85,0,"BANDIT-01",False,False,True
23.990000000000951,"VIPER-02","VIPER-02",Friendly,Wingman,Active,Intercept,MissionAI,"VIPER-01",1,0.85,0,"BANDIT-01",False,False,True
23.990000000000951,"VIPER-03","VIPER-03",Friendly,Wingman,Active,Intercept,MissionAI,"VIPER-01",2,0.85,0,"BANDIT-01",False,False,True
23.990000000000951,"BANDIT-01","BANDIT-01",Hostile,Patrol,Active,Intercept,MissionAI,"",0,0.45,0,"VIPER-03",False,False,True
23.990000000000951,"BANDIT-02","BANDIT-02",Hostile,Patrol,Active,Intercept,MissionAI,"",0,0.45,0,"VIPER-03",False,False,True
23.990000000000951,"BANDIT-03","BANDIT-03",Hostile,Patrol,Active,Intercept,MissionAI,"",0,0.45,0,"VIPER-03",False,False,True
23.990000000000951,"BANDIT-04","BANDIT-04",Hostile,Patrol,Active,Intercept,MissionAI,"",0,0.45,0,"VIPER-03",False,False,True
24.190000000000982,"VIPER-01","VIPER-01",Friendly,Player,Active,Intercept,AutomationPilot,"",0,0.85,0,"BANDIT-01",False,False,True
24.190000000000982,"VIPER-02","VIPER-02",Friendly,Wingman,Active,Intercept,MissionAI,"VIPER-01",1,0.85,0,"BANDIT-01",False,False,True
24.190000000000982,"VIPER-03","VIPER-03",Friendly,Wingman,Active,Intercept,MissionAI,"VIPER-01",2,0.85,0,"BANDIT-01",False,False,True
24.190000000000982,"BANDIT-01","BANDIT-01",Hostile,Patrol,Active,Intercept,MissionAI,"",0,0.45,0,"VIPER-03",False,False,True
24.190000000000982,"BANDIT-02","BANDIT-02",Hostile,Patrol,Active,Intercept,MissionAI,"",0,0.45,0,"VIPER-03",False,False,True
24.190000000000982,"BANDIT-03","BANDIT-03",Hostile,Patrol,Active,Intercept,MissionAI,"",0,0.45,0,"VIPER-03",False,False,True
24.190000000000982,"BANDIT-04","BANDIT-04",Hostile,Patrol,Active,Intercept,MissionAI,"",0,0.45,0,"VIPER-03",False,False,True
24.390000000001013,"VIPER-01","VIPER-01",Friendly,Player,Active,Intercept,AutomationPilot,"",0,0.85,0,"BANDIT-01",False,False,True
24.390000000001013,"VIPER-02","VIPER-02",Friendly,Wingman,Active,Intercept,MissionAI,"VIPER-01",1,0.85,0,"BANDIT-01",False,False,True
24.390000000001013,"VIPER-03","VIPER-03",Friendly,Wingman,Active,Intercept,MissionAI,"VIPER-01",2,0.85,0,"BANDIT-01",False,False,True
24.390000000001013,"BANDIT-01","BANDIT-01",Hostile,Patrol,Active,Intercept,MissionAI,"",0,0.45,0,"VIPER-03",False,False,True
24.390000000001013,"BANDIT-02","BANDIT-02",Hostile,Patrol,Active,Intercept,MissionAI,"",0,0.45,0,"VIPER-03",False,False,True
24.390000000001013,"BANDIT-03","BANDIT-03",Hostile,Patrol,Active,Intercept,MissionAI,"",0,0.45,0,"VIPER-03",False,False,True
24.390000000001013,"BANDIT-04","BANDIT-04",Hostile,Patrol,Active,Intercept,MissionAI,"",0,0.45,0,"VIPER-03",False,False,True
24.590000000001044,"VIPER-01","VIPER-01",Friendly,Player,Active,Intercept,AutomationPilot,"",0,0.85,0,"BANDIT-01",False,False,True
24.590000000001044,"VIPER-02","VIPER-02",Friendly,Wingman,Active,Intercept,MissionAI,"VIPER-01",1,0.85,0,"BANDIT-01",False,False,True
24.590000000001044,"VIPER-03","VIPER-03",Friendly,Wingman,Active,Intercept,MissionAI,"VIPER-01",2,0.85,0,"BANDIT-01",False,False,True
24.590000000001044,"BANDIT-01","BANDIT-01",Hostile,Patrol,Active,Intercept,MissionAI,"",0,0.45,0,"VIPER-03",False,False,True
24.590000000001044,"BANDIT-02","BANDIT-02",Hostile,Patrol,Active,Intercept,MissionAI,"",0,0.45,0,"VIPER-03",False,False,True
24.590000000001044,"BANDIT-03","BANDIT-03",Hostile,Patrol,Active,Intercept,MissionAI,"",0,0.45,0,"VIPER-03",False,False,True
24.590000000001044,"BANDIT-04","BANDIT-04",Hostile,Patrol,Active,Intercept,MissionAI,"",0,0.45,0,"VIPER-03",False,False,True
24.790000000001076,"VIPER-01","VIPER-01",Friendly,Player,Active,Intercept,AutomationPilot,"",0,0.85,0,"BANDIT-01",False,False,True
24.790000000001076,"VIPER-02","VIPER-02",Friendly,Wingman,Active,Intercept,MissionAI,"VIPER-01",1,0.85,0,"BANDIT-01",False,False,True
24.790000000001076,"VIPER-03","VIPER-03",Friendly,Wingman,Active,Intercept,MissionAI,"VIPER-01",2,0.85,0,"BANDIT-01",False,False,True
24.790000000001076,"BANDIT-01","BANDIT-01",Hostile,Patrol,Active,Intercept,MissionAI,"",0,0.45,0,"VIPER-03",False,False,True
24.790000000001076,"BANDIT-02","BANDIT-02",Hostile,Patrol,Active,Intercept,MissionAI,"",0,0.45,0,"VIPER-03",False,False,True
24.790000000001076,"BANDIT-03","BANDIT-03",Hostile,Patrol,Active,Intercept,MissionAI,"",0,0.45,0,"VIPER-03",False,False,True
24.790000000001076,"BANDIT-04","BANDIT-04",Hostile,Patrol,Active,Intercept,MissionAI,"",0,0.45,0,"VIPER-03",False,False,True
24.990000000001107,"VIPER-01","VIPER-01",Friendly,Player,Active,Intercept,AutomationPilot,"",0,0.85,0,"BANDIT-01",False,False,True
24.990000000001107,"VIPER-02","VIPER-02",Friendly,Wingman,Active,Intercept,MissionAI,"VIPER-01",1,0.85,0,"BANDIT-01",False,False,True
24.990000000001107,"VIPER-03","VIPER-03",Friendly,Wingman,Active,Intercept,MissionAI,"VIPER-01",2,0.85,0,"BANDIT-01",False,False,True
24.990000000001107,"BANDIT-01","BANDIT-01",Hostile,Patrol,Active,Intercept,MissionAI,"",0,0.45,0,"VIPER-03",False,False,True
24.990000000001107,"BANDIT-02","BANDIT-02",Hostile,Patrol,Active,Intercept,MissionAI,"",0,0.45,0,"VIPER-03",False,False,True
24.990000000001107,"BANDIT-03","BANDIT-03",Hostile,Patrol,Active,Intercept,MissionAI,"",0,0.45,0,"VIPER-03",False,False,True
24.990000000001107,"BANDIT-04","BANDIT-04",Hostile,Patrol,Active,Intercept,MissionAI,"",0,0.45,0,"VIPER-03",False,False,True
25.190000000001138,"VIPER-01","VIPER-01",Friendly,Player,Active,Intercept,AutomationPilot,"",0,0.85,0,"BANDIT-01",False,False,True
25.190000000001138,"VIPER-02","VIPER-02",Friendly,Wingman,Active,Intercept,MissionAI,"VIPER-01",1,0.85,0,"BANDIT-01",False,False,True
25.190000000001138,"VIPER-03","VIPER-03",Friendly,Wingman,Active,Intercept,MissionAI,"VIPER-01",2,0.85,0,"BANDIT-01",False,False,True
25.190000000001138,"BANDIT-01","BANDIT-01",Hostile,Patrol,Active,Intercept,MissionAI,"",0,0.45,0,"VIPER-03",False,False,True
25.190000000001138,"BANDIT-02","BANDIT-02",Hostile,Patrol,Active,Intercept,MissionAI,"",0,0.45,0,"VIPER-03",False,False,True
25.190000000001138,"BANDIT-03","BANDIT-03",Hostile,Patrol,Active,Intercept,MissionAI,"",0,0.45,0,"VIPER-03",False,False,True
25.190000000001138,"BANDIT-04","BANDIT-04",Hostile,Patrol,Active,Intercept,MissionAI,"",0,0.45,0,"VIPER-03",False,False,True
25.390000000001169,"VIPER-01","VIPER-01",Friendly,Player,Active,Intercept,AutomationPilot,"",0,0.85,0,"BANDIT-01",False,False,True
25.390000000001169,"VIPER-02","VIPER-02",Friendly,Wingman,Active,Intercept,MissionAI,"VIPER-01",1,0.85,0,"BANDIT-01",False,False,True
25.390000000001169,"VIPER-03","VIPER-03",Friendly,Wingman,Active,Intercept,MissionAI,"VIPER-01",2,0.85,0,"BANDIT-01",False,False,True
25.390000000001169,"BANDIT-01","BANDIT-01",Hostile,Patrol,Active,Intercept,MissionAI,"",0,0.45,0,"VIPER-03",False,False,True
25.390000000001169,"BANDIT-02","BANDIT-02",Hostile,Patrol,Active,Intercept,MissionAI,"",0,0.45,0,"VIPER-03",False,False,True
25.390000000001169,"BANDIT-03","BANDIT-03",Hostile,Patrol,Active,Intercept,MissionAI,"",0,0.45,0,"VIPER-03",False,False,True
25.390000000001169,"BANDIT-04","BANDIT-04",Hostile,Patrol,Active,Intercept,MissionAI,"",0,0.45,0,"VIPER-03",False,False,True
25.5900000000012,"VIPER-01","VIPER-01",Friendly,Player,Active,Intercept,AutomationPilot,"",0,0.85,0,"BANDIT-01",False,False,True
25.5900000000012,"VIPER-02","VIPER-02",Friendly,Wingman,Active,Intercept,MissionAI,"VIPER-01",1,0.85,0,"BANDIT-01",False,False,True
25.5900000000012,"VIPER-03","VIPER-03",Friendly,Wingman,Active,Intercept,MissionAI,"VIPER-01",2,0.85,0,"BANDIT-01",False,False,True
25.5900000000012,"BANDIT-01","BANDIT-01",Hostile,Patrol,Active,Intercept,MissionAI,"",0,0.45,0,"VIPER-03",False,False,True
25.5900000000012,"BANDIT-02","BANDIT-02",Hostile,Patrol,Active,Intercept,MissionAI,"",0,0.45,0,"VIPER-03",False,False,True
25.5900000000012,"BANDIT-03","BANDIT-03",Hostile,Patrol,Active,Intercept,MissionAI,"",0,0.45,0,"VIPER-03",False,False,True
25.5900000000012,"BANDIT-04","BANDIT-04",Hostile,Patrol,Active,Intercept,MissionAI,"",0,0.45,0,"VIPER-03",False,False,True
25.790000000001232,"VIPER-01","VIPER-01",Friendly,Player,Active,Intercept,AutomationPilot,"",0,0.85,0,"BANDIT-01",False,False,True
25.790000000001232,"VIPER-02","VIPER-02",Friendly,Wingman,Active,Intercept,MissionAI,"VIPER-01",1,0.85,0,"BANDIT-01",False,False,True
25.790000000001232,"VIPER-03","VIPER-03",Friendly,Wingman,Active,Intercept,MissionAI,"VIPER-01",2,0.85,0,"BANDIT-01",False,False,True
25.790000000001232,"BANDIT-01","BANDIT-01",Hostile,Patrol,Active,Intercept,MissionAI,"",0,0.45,0,"VIPER-03",False,False,True
25.790000000001232,"BANDIT-02","BANDIT-02",Hostile,Patrol,Active,Intercept,MissionAI,"",0,0.45,0,"VIPER-03",False,False,True
25.790000000001232,"BANDIT-03","BANDIT-03",Hostile,Patrol,Active,Intercept,MissionAI,"",0,0.45,0,"VIPER-03",False,False,True
25.790000000001232,"BANDIT-04","BANDIT-04",Hostile,Patrol,Active,Intercept,MissionAI,"",0,0.45,0,"VIPER-03",False,False,True
25.990000000001263,"VIPER-01","VIPER-01",Friendly,Player,Active,Intercept,AutomationPilot,"",0,0.85,0,"BANDIT-01",False,False,True
25.990000000001263,"VIPER-02","VIPER-02",Friendly,Wingman,Active,Intercept,MissionAI,"VIPER-01",1,0.85,0,"BANDIT-01",False,False,True
25.990000000001263,"VIPER-03","VIPER-03",Friendly,Wingman,Active,Intercept,MissionAI,"VIPER-01",2,0.85,0,"BANDIT-01",False,False,True
25.990000000001263,"BANDIT-01","BANDIT-01",Hostile,Patrol,Active,Intercept,MissionAI,"",0,0.45,0,"VIPER-03",False,False,True
25.990000000001263,"BANDIT-02","BANDIT-02",Hostile,Patrol,Active,Intercept,MissionAI,"",0,0.45,0,"VIPER-03",False,False,True
25.990000000001263,"BANDIT-03","BANDIT-03",Hostile,Patrol,Active,Intercept,MissionAI,"",0,0.45,0,"VIPER-03",False,False,True
25.990000000001263,"BANDIT-04","BANDIT-04",Hostile,Patrol,Active,Intercept,MissionAI,"",0,0.45,0,"VIPER-03",False,False,True
26.190000000001294,"VIPER-01","VIPER-01",Friendly,Player,Active,Intercept,AutomationPilot,"",0,0.85,0,"BANDIT-01",False,False,True
26.190000000001294,"VIPER-02","VIPER-02",Friendly,Wingman,Active,Intercept,MissionAI,"VIPER-01",1,0.85,0,"BANDIT-01",False,False,True
26.190000000001294,"VIPER-03","VIPER-03",Friendly,Wingman,Active,Intercept,MissionAI,"VIPER-01",2,0.85,0,"BANDIT-01",False,False,True
26.190000000001294,"BANDIT-01","BANDIT-01",Hostile,Patrol,Active,Intercept,MissionAI,"",0,0.45,0,"VIPER-03",False,False,True
26.190000000001294,"BANDIT-02","BANDIT-02",Hostile,Patrol,Active,Intercept,MissionAI,"",0,0.45,0,"VIPER-03",False,False,True
26.190000000001294,"BANDIT-03","BANDIT-03",Hostile,Patrol,Active,Intercept,MissionAI,"",0,0.45,0,"VIPER-03",False,False,True
26.190000000001294,"BANDIT-04","BANDIT-04",Hostile,Patrol,Active,Intercept,MissionAI,"",0,0.45,0,"VIPER-03",False,False,True
26.390000000001326,"VIPER-01","VIPER-01",Friendly,Player,Active,Intercept,AutomationPilot,"",0,0.85,0,"BANDIT-01",False,False,True
26.390000000001326,"VIPER-02","VIPER-02",Friendly,Wingman,Active,Intercept,MissionAI,"VIPER-01",1,0.85,0,"BANDIT-01",False,False,True
26.390000000001326,"VIPER-03","VIPER-03",Friendly,Wingman,Active,Intercept,MissionAI,"VIPER-01",2,0.85,0,"BANDIT-01",False,False,True
26.390000000001326,"BANDIT-01","BANDIT-01",Hostile,Patrol,Active,Intercept,MissionAI,"",0,0.45,0,"VIPER-03",False,False,True
26.390000000001326,"BANDIT-02","BANDIT-02",Hostile,Patrol,Active,Intercept,MissionAI,"",0,0.45,0,"VIPER-03",False,False,True
26.390000000001326,"BANDIT-03","BANDIT-03",Hostile,Patrol,Active,Intercept,MissionAI,"",0,0.45,0,"VIPER-03",False,False,True
26.390000000001326,"BANDIT-04","BANDIT-04",Hostile,Patrol,Active,Intercept,MissionAI,"",0,0.45,0,"VIPER-03",False,False,True
26.590000000001357,"VIPER-01","VIPER-01",Friendly,Player,Active,Intercept,AutomationPilot,"",0,0.85,0,"BANDIT-01",False,False,True
26.590000000001357,"VIPER-02","VIPER-02",Friendly,Wingman,Active,Intercept,MissionAI,"VIPER-01",1,0.85,0,"BANDIT-01",False,False,True
26.590000000001357,"VIPER-03","VIPER-03",Friendly,Wingman,Active,Intercept,MissionAI,"VIPER-01",2,0.85,0,"BANDIT-01",False,False,True
26.590000000001357,"BANDIT-01","BANDIT-01",Hostile,Patrol,Active,Intercept,MissionAI,"",0,0.45,0,"VIPER-03",False,False,True
26.590000000001357,"BANDIT-02","BANDIT-02",Hostile,Patrol,Active,Intercept,MissionAI,"",0,0.45,0,"VIPER-03",False,False,True
26.590000000001357,"BANDIT-03","BANDIT-03",Hostile,Patrol,Active,Intercept,MissionAI,"",0,0.45,0,"VIPER-03",False,False,True
26.590000000001357,"BANDIT-04","BANDIT-04",Hostile,Patrol,Active,Intercept,MissionAI,"",0,0.45,0,"VIPER-03",False,False,True
26.790000000001388,"VIPER-01","VIPER-01",Friendly,Player,Active,Intercept,AutomationPilot,"",0,0.85,0,"BANDIT-01",False,False,True
26.790000000001388,"VIPER-02","VIPER-02",Friendly,Wingman,Active,Intercept,MissionAI,"VIPER-01",1,0.85,0,"BANDIT-01",False,False,True
26.790000000001388,"VIPER-03","VIPER-03",Friendly,Wingman,Active,Intercept,MissionAI,"VIPER-01",2,0.85,0,"BANDIT-01",False,False,True
26.790000000001388,"BANDIT-01","BANDIT-01",Hostile,Patrol,Active,Intercept,MissionAI,"",0,0.45,0,"VIPER-03",False,False,True
26.790000000001388,"BANDIT-02","BANDIT-02",Hostile,Patrol,Active,Intercept,MissionAI,"",0,0.45,0,"VIPER-03",False,False,True
26.790000000001388,"BANDIT-03","BANDIT-03",Hostile,Patrol,Active,Intercept,MissionAI,"",0,0.45,0,"VIPER-03",False,False,True
26.790000000001388,"BANDIT-04","BANDIT-04",Hostile,Patrol,Active,Intercept,MissionAI,"",0,0.45,0,"VIPER-03",False,False,True
26.99000000000142,"VIPER-01","VIPER-01",Friendly,Player,Active,Intercept,AutomationPilot,"",0,0.85,0,"BANDIT-01",False,False,True
26.99000000000142,"VIPER-02","VIPER-02",Friendly,Wingman,Active,Intercept,MissionAI,"VIPER-01",1,0.85,0,"BANDIT-01",False,False,True
26.99000000000142,"VIPER-03","VIPER-03",Friendly,Wingman,Active,Intercept,MissionAI,"VIPER-01",2,0.85,0,"BANDIT-01",False,False,True
26.99000000000142,"BANDIT-01","BANDIT-01",Hostile,Patrol,Active,Intercept,MissionAI,"",0,0.45,0,"VIPER-03",False,False,True
26.99000000000142,"BANDIT-02","BANDIT-02",Hostile,Patrol,Active,Intercept,MissionAI,"",0,0.45,0,"VIPER-03",False,False,True
26.99000000000142,"BANDIT-03","BANDIT-03",Hostile,Patrol,Active,Intercept,MissionAI,"",0,0.45,0,"VIPER-03",False,False,True
26.99000000000142,"BANDIT-04","BANDIT-04",Hostile,Patrol,Active,Intercept,MissionAI,"",0,0.45,0,"VIPER-03",False,False,True
27.190000000001451,"VIPER-01","VIPER-01",Friendly,Player,Active,Intercept,AutomationPilot,"",0,0.85,0,"BANDIT-01",False,False,True
27.190000000001451,"VIPER-02","VIPER-02",Friendly,Wingman,Active,Intercept,MissionAI,"VIPER-01",1,0.85,0,"BANDIT-01",False,False,True
27.190000000001451,"VIPER-03","VIPER-03",Friendly,Wingman,Active,Intercept,MissionAI,"VIPER-01",2,0.85,0,"BANDIT-01",False,False,True
27.190000000001451,"BANDIT-01","BANDIT-01",Hostile,Patrol,Active,Intercept,MissionAI,"",0,0.45,0,"VIPER-03",False,False,True
27.190000000001451,"BANDIT-02","BANDIT-02",Hostile,Patrol,Active,Intercept,MissionAI,"",0,0.45,0,"VIPER-03",False,False,True
27.190000000001451,"BANDIT-03","BANDIT-03",Hostile,Patrol,Active,Intercept,MissionAI,"",0,0.45,0,"VIPER-03",False,False,True
27.190000000001451,"BANDIT-04","BANDIT-04",Hostile,Patrol,Active,Intercept,MissionAI,"",0,0.45,0,"VIPER-03",False,False,True
27.390000000001482,"VIPER-01","VIPER-01",Friendly,Player,Active,Intercept,AutomationPilot,"",0,0.85,0,"BANDIT-01",False,False,True
27.390000000001482,"VIPER-02","VIPER-02",Friendly,Wingman,Active,Intercept,MissionAI,"VIPER-01",1,0.85,0,"BANDIT-01",False,False,True
27.390000000001482,"VIPER-03","VIPER-03",Friendly,Wingman,Active,Intercept,MissionAI,"VIPER-01",2,0.85,0,"BANDIT-01",False,False,True
27.390000000001482,"BANDIT-01","BANDIT-01",Hostile,Patrol,Active,Intercept,MissionAI,"",0,0.45,0,"VIPER-03",False,False,True
27.390000000001482,"BANDIT-02","BANDIT-02",Hostile,Patrol,Active,Intercept,MissionAI,"",0,0.45,0,"VIPER-03",False,False,True
27.390000000001482,"BANDIT-03","BANDIT-03",Hostile,Patrol,Active,Intercept,MissionAI,"",0,0.45,0,"VIPER-03",False,False,True
27.390000000001482,"BANDIT-04","BANDIT-04",Hostile,Patrol,Active,Intercept,MissionAI,"",0,0.45,0,"VIPER-03",False,False,True
27.590000000001513,"VIPER-01","VIPER-01",Friendly,Player,Active,Intercept,AutomationPilot,"",0,0.85,0,"BANDIT-01",False,False,True
27.590000000001513,"VIPER-02","VIPER-02",Friendly,Wingman,Active,Intercept,MissionAI,"VIPER-01",1,0.85,0,"BANDIT-01",False,False,True
27.590000000001513,"VIPER-03","VIPER-03",Friendly,Wingman,Active,Intercept,MissionAI,"VIPER-01",2,0.85,0,"BANDIT-01",False,False,True
27.590000000001513,"BANDIT-01","BANDIT-01",Hostile,Patrol,Active,Intercept,MissionAI,"",0,0.45,0,"VIPER-03",False,False,True
27.590000000001513,"BANDIT-02","BANDIT-02",Hostile,Patrol,Active,Intercept,MissionAI,"",0,0.45,0,"VIPER-03",False,False,True
27.590000000001513,"BANDIT-03","BANDIT-03",Hostile,Patrol,Active,Intercept,MissionAI,"",0,0.45,0,"VIPER-03",False,False,True
27.590000000001513,"BANDIT-04","BANDIT-04",Hostile,Patrol,Active,Intercept,MissionAI,"",0,0.45,0,"VIPER-03",False,False,True
27.790000000001545,"VIPER-01","VIPER-01",Friendly,Player,Active,Intercept,AutomationPilot,"",0,0.85,0,"BANDIT-01",False,False,True
27.790000000001545,"VIPER-02","VIPER-02",Friendly,Wingman,Active,Intercept,MissionAI,"VIPER-01",1,0.85,0,"BANDIT-01",False,False,True
27.790000000001545,"VIPER-03","VIPER-03",Friendly,Wingman,Active,Intercept,MissionAI,"VIPER-01",2,0.85,0,"BANDIT-01",False,False,True
27.790000000001545,"BANDIT-01","BANDIT-01",Hostile,Patrol,Active,Intercept,MissionAI,"",0,0.45,0,"VIPER-03",False,False,True
27.790000000001545,"BANDIT-02","BANDIT-02",Hostile,Patrol,Active,Intercept,MissionAI,"",0,0.45,0,"VIPER-03",False,False,True
27.790000000001545,"BANDIT-03","BANDIT-03",Hostile,Patrol,Active,Intercept,MissionAI,"",0,0.45,0,"VIPER-03",False,False,True
27.790000000001545,"BANDIT-04","BANDIT-04",Hostile,Patrol,Active,Intercept,MissionAI,"",0,0.45,0,"VIPER-03",False,False,True
27.990000000001576,"VIPER-01","VIPER-01",Friendly,Player,Active,Intercept,AutomationPilot,"",0,0.85,0,"BANDIT-01",False,False,True
27.990000000001576,"VIPER-02","VIPER-02",Friendly,Wingman,Active,Intercept,MissionAI,"VIPER-01",1,0.85,0,"BANDIT-01",False,False,True
27.990000000001576,"VIPER-03","VIPER-03",Friendly,Wingman,Active,Intercept,MissionAI,"VIPER-01",2,0.85,0,"BANDIT-01",False,False,True
27.990000000001576,"BANDIT-01","BANDIT-01",Hostile,Patrol,Active,Intercept,MissionAI,"",0,0.45,0,"VIPER-03",False,False,True
27.990000000001576,"BANDIT-02","BANDIT-02",Hostile,Patrol,Active,Intercept,MissionAI,"",0,0.45,0,"VIPER-03",False,False,True
27.990000000001576,"BANDIT-03","BANDIT-03",Hostile,Patrol,Active,Intercept,MissionAI,"",0,0.45,0,"VIPER-03",False,False,True
27.990000000001576,"BANDIT-04","BANDIT-04",Hostile,Patrol,Active,Intercept,MissionAI,"",0,0.45,0,"VIPER-03",False,False,True
28.190000000001607,"VIPER-01","VIPER-01",Friendly,Player,Active,Intercept,AutomationPilot,"",0,0.85,0,"BANDIT-01",False,False,True
28.190000000001607,"VIPER-02","VIPER-02",Friendly,Wingman,Active,Intercept,MissionAI,"VIPER-01",1,0.85,0,"BANDIT-01",False,False,True
28.190000000001607,"VIPER-03","VIPER-03",Friendly,Wingman,Active,Intercept,MissionAI,"VIPER-01",2,0.85,0,"BANDIT-01",False,False,True
28.190000000001607,"BANDIT-01","BANDIT-01",Hostile,Patrol,Active,Intercept,MissionAI,"",0,0.45,0,"VIPER-03",False,False,True
28.190000000001607,"BANDIT-02","BANDIT-02",Hostile,Patrol,Active,Intercept,MissionAI,"",0,0.45,0,"VIPER-03",False,False,True
28.190000000001607,"BANDIT-03","BANDIT-03",Hostile,Patrol,Active,Intercept,MissionAI,"",0,0.45,0,"VIPER-03",False,False,True
28.190000000001607,"BANDIT-04","BANDIT-04",Hostile,Patrol,Active,Intercept,MissionAI,"",0,0.45,0,"VIPER-03",False,False,True
28.390000000001638,"VIPER-01","VIPER-01",Friendly,Player,Active,Intercept,AutomationPilot,"",0,0.85,0,"BANDIT-01",False,False,True
28.390000000001638,"VIPER-02","VIPER-02",Friendly,Wingman,Active,Intercept,MissionAI,"VIPER-01",1,0.85,0,"BANDIT-01",False,False,True
28.390000000001638,"VIPER-03","VIPER-03",Friendly,Wingman,Active,Intercept,MissionAI,"VIPER-01",2,0.85,0,"BANDIT-01",False,False,True
28.390000000001638,"BANDIT-01","BANDIT-01",Hostile,Patrol,Active,Intercept,MissionAI,"",0,0.45,0,"VIPER-03",False,False,True
28.390000000001638,"BANDIT-02","BANDIT-02",Hostile,Patrol,Active,Intercept,MissionAI,"",0,0.45,0,"VIPER-03",False,False,True
28.390000000001638,"BANDIT-03","BANDIT-03",Hostile,Patrol,Active,Intercept,MissionAI,"",0,0.45,0,"VIPER-03",False,False,True
28.390000000001638,"BANDIT-04","BANDIT-04",Hostile,Patrol,Active,Intercept,MissionAI,"",0,0.45,0,"VIPER-03",False,False,True
28.59000000000167,"VIPER-01","VIPER-01",Friendly,Player,Active,Intercept,AutomationPilot,"",0,0.85,0,"BANDIT-01",False,False,True
28.59000000000167,"VIPER-02","VIPER-02",Friendly,Wingman,Active,Intercept,MissionAI,"VIPER-01",1,0.85,0,"BANDIT-01",False,False,True
28.59000000000167,"VIPER-03","VIPER-03",Friendly,Wingman,Active,Intercept,MissionAI,"VIPER-01",2,0.85,0,"BANDIT-01",False,False,True
28.59000000000167,"BANDIT-01","BANDIT-01",Hostile,Patrol,Active,Intercept,MissionAI,"",0,0.45,0,"VIPER-03",False,False,True
28.59000000000167,"BANDIT-02","BANDIT-02",Hostile,Patrol,Active,Intercept,MissionAI,"",0,0.45,0,"VIPER-03",False,False,True
28.59000000000167,"BANDIT-03","BANDIT-03",Hostile,Patrol,Active,Intercept,MissionAI,"",0,0.45,0,"VIPER-03",False,False,True
28.59000000000167,"BANDIT-04","BANDIT-04",Hostile,Patrol,Active,Intercept,MissionAI,"",0,0.45,0,"VIPER-03",False,False,True
28.7900000000017,"VIPER-01","VIPER-01",Friendly,Player,Active,Intercept,AutomationPilot,"",0,0.85,0,"BANDIT-01",False,False,True
28.7900000000017,"VIPER-02","VIPER-02",Friendly,Wingman,Active,Intercept,MissionAI,"VIPER-01",1,0.85,0,"BANDIT-01",False,False,True
28.7900000000017,"VIPER-03","VIPER-03",Friendly,Wingman,Active,Intercept,MissionAI,"VIPER-01",2,0.85,0,"BANDIT-01",False,False,True
28.7900000000017,"BANDIT-01","BANDIT-01",Hostile,Patrol,Active,Intercept,MissionAI,"",0,0.45,0,"VIPER-03",False,False,True
28.7900000000017,"BANDIT-02","BANDIT-02",Hostile,Patrol,Active,Intercept,MissionAI,"",0,0.45,0,"VIPER-03",False,False,True
28.7900000000017,"BANDIT-03","BANDIT-03",Hostile,Patrol,Active,Intercept,MissionAI,"",0,0.45,0,"VIPER-03",False,False,True
28.7900000000017,"BANDIT-04","BANDIT-04",Hostile,Patrol,Active,Intercept,MissionAI,"",0,0.45,0,"VIPER-03",False,False,True
28.990000000001732,"VIPER-01","VIPER-01",Friendly,Player,Active,Intercept,AutomationPilot,"",0,0.85,0,"BANDIT-01",False,False,True
28.990000000001732,"VIPER-02","VIPER-02",Friendly,Wingman,Active,Intercept,MissionAI,"VIPER-01",1,0.85,0,"BANDIT-01",False,False,True
28.990000000001732,"VIPER-03","VIPER-03",Friendly,Wingman,Active,Intercept,MissionAI,"VIPER-01",2,0.85,0,"BANDIT-01",False,False,True
28.990000000001732,"BANDIT-01","BANDIT-01",Hostile,Patrol,Active,Intercept,MissionAI,"",0,0.45,0,"VIPER-03",False,False,True
28.990000000001732,"BANDIT-02","BANDIT-02",Hostile,Patrol,Active,Intercept,MissionAI,"",0,0.45,0,"VIPER-03",False,False,True
28.990000000001732,"BANDIT-03","BANDIT-03",Hostile,Patrol,Active,Intercept,MissionAI,"",0,0.45,0,"VIPER-03",False,False,True
28.990000000001732,"BANDIT-04","BANDIT-04",Hostile,Patrol,Active,Intercept,MissionAI,"",0,0.45,0,"VIPER-03",False,False,True
29.190000000001763,"VIPER-01","VIPER-01",Friendly,Player,Active,Intercept,AutomationPilot,"",0,0.85,0,"BANDIT-01",False,False,True
29.190000000001763,"VIPER-02","VIPER-02",Friendly,Wingman,Active,Intercept,MissionAI,"VIPER-01",1,0.85,0,"BANDIT-01",False,False,True
29.190000000001763,"VIPER-03","VIPER-03",Friendly,Wingman,Active,Intercept,MissionAI,"VIPER-01",2,0.85,0,"BANDIT-01",False,False,True
29.190000000001763,"BANDIT-01","BANDIT-01",Hostile,Patrol,Active,Intercept,MissionAI,"",0,0.45,0,"VIPER-03",False,False,True
29.190000000001763,"BANDIT-02","BANDIT-02",Hostile,Patrol,Active,Intercept,MissionAI,"",0,0.45,0,"VIPER-03",False,False,True
29.190000000001763,"BANDIT-03","BANDIT-03",Hostile,Patrol,Active,Intercept,MissionAI,"",0,0.45,0,"VIPER-03",False,False,True
29.190000000001763,"BANDIT-04","BANDIT-04",Hostile,Patrol,Active,Intercept,MissionAI,"",0,0.45,0,"VIPER-03",False,False,True
29.390000000001795,"VIPER-01","VIPER-01",Friendly,Player,Active,Intercept,AutomationPilot,"",0,0.85,0,"BANDIT-01",False,False,True
29.390000000001795,"VIPER-02","VIPER-02",Friendly,Wingman,Active,Intercept,MissionAI,"VIPER-01",1,0.85,0,"BANDIT-01",False,False,True
29.390000000001795,"VIPER-03","VIPER-03",Friendly,Wingman,Active,Intercept,MissionAI,"VIPER-01",2,0.85,0,"BANDIT-01",False,False,True
29.390000000001795,"BANDIT-01","BANDIT-01",Hostile,Patrol,Active,Intercept,MissionAI,"",0,0.45,0,"VIPER-03",False,False,True
29.390000000001795,"BANDIT-02","BANDIT-02",Hostile,Patrol,Active,Intercept,MissionAI,"",0,0.45,0,"VIPER-03",False,False,True
29.390000000001795,"BANDIT-03","BANDIT-03",Hostile,Patrol,Active,Intercept,MissionAI,"",0,0.45,0,"VIPER-03",False,False,True
29.390000000001795,"BANDIT-04","BANDIT-04",Hostile,Patrol,Active,Intercept,MissionAI,"",0,0.45,0,"VIPER-03",False,False,True
29.590000000001826,"VIPER-01","VIPER-01",Friendly,Player,Active,Intercept,AutomationPilot,"",0,0.85,0,"BANDIT-01",False,False,True
29.590000000001826,"VIPER-02","VIPER-02",Friendly,Wingman,Active,Intercept,MissionAI,"VIPER-01",1,0.85,0,"BANDIT-01",False,False,True
29.590000000001826,"VIPER-03","VIPER-03",Friendly,Wingman,Active,Intercept,MissionAI,"VIPER-01",2,0.85,0,"BANDIT-01",False,False,True
29.590000000001826,"BANDIT-01","BANDIT-01",Hostile,Patrol,Active,Intercept,MissionAI,"",0,0.45,0,"VIPER-03",False,False,True
29.590000000001826,"BANDIT-02","BANDIT-02",Hostile,Patrol,Active,Intercept,MissionAI,"",0,0.45,0,"VIPER-03",False,False,True
29.590000000001826,"BANDIT-03","BANDIT-03",Hostile,Patrol,Active,Intercept,MissionAI,"",0,0.45,0,"VIPER-03",False,False,True
29.590000000001826,"BANDIT-04","BANDIT-04",Hostile,Patrol,Active,Intercept,MissionAI,"",0,0.45,0,"VIPER-03",False,False,True
29.790000000001857,"VIPER-01","VIPER-01",Friendly,Player,Active,Intercept,AutomationPilot,"",0,0.85,0,"BANDIT-01",False,False,True
29.790000000001857,"VIPER-02","VIPER-02",Friendly,Wingman,Active,Intercept,MissionAI,"VIPER-01",1,0.85,0,"BANDIT-01",False,False,True
29.790000000001857,"VIPER-03","VIPER-03",Friendly,Wingman,Active,Intercept,MissionAI,"VIPER-01",2,0.85,0,"BANDIT-01",False,False,True
29.790000000001857,"BANDIT-01","BANDIT-01",Hostile,Patrol,Active,Intercept,MissionAI,"",0,0.45,0,"VIPER-03",False,False,True
29.790000000001857,"BANDIT-02","BANDIT-02",Hostile,Patrol,Active,Intercept,MissionAI,"",0,0.45,0,"VIPER-03",False,False,True
29.790000000001857,"BANDIT-03","BANDIT-03",Hostile,Patrol,Active,Intercept,MissionAI,"",0,0.45,0,"VIPER-03",False,False,True
29.790000000001857,"BANDIT-04","BANDIT-04",Hostile,Patrol,Active,Intercept,MissionAI,"",0,0.45,0,"VIPER-03",False,False,True
29.990000000001888,"VIPER-01","VIPER-01",Friendly,Player,Active,Intercept,AutomationPilot,"",0,0.85,0,"BANDIT-01",False,False,True
29.990000000001888,"VIPER-02","VIPER-02",Friendly,Wingman,Active,Intercept,MissionAI,"VIPER-01",1,0.85,0,"BANDIT-01",False,False,True
29.990000000001888,"VIPER-03","VIPER-03",Friendly,Wingman,Active,Intercept,MissionAI,"VIPER-01",2,0.85,0,"BANDIT-01",False,False,True
29.990000000001888,"BANDIT-01","BANDIT-01",Hostile,Patrol,Active,Intercept,MissionAI,"",0,0.45,0,"VIPER-03",False,False,True
29.990000000001888,"BANDIT-02","BANDIT-02",Hostile,Patrol,Active,Intercept,MissionAI,"",0,0.45,0,"VIPER-03",False,False,True
29.990000000001888,"BANDIT-03","BANDIT-03",Hostile,Patrol,Active,Intercept,MissionAI,"",0,0.45,0,"VIPER-03",False,False,True
29.990000000001888,"BANDIT-04","BANDIT-04",Hostile,Patrol,Active,Intercept,MissionAI,"",0,0.45,0,"VIPER-03",False,False,True
30.19000000000192,"VIPER-01","VIPER-01",Friendly,Player,Active,Intercept,AutomationPilot,"",0,0.85,0,"BANDIT-01",False,False,True
30.19000000000192,"VIPER-02","VIPER-02",Friendly,Wingman,Active,Intercept,MissionAI,"VIPER-01",1,0.85,0,"BANDIT-01",False,False,True
30.19000000000192,"VIPER-03","VIPER-03",Friendly,Wingman,Active,Intercept,MissionAI,"VIPER-01",2,0.85,0,"BANDIT-01",False,False,True
30.19000000000192,"BANDIT-01","BANDIT-01",Hostile,Patrol,Active,Intercept,MissionAI,"",0,0.45,0,"VIPER-03",False,False,True
30.19000000000192,"BANDIT-02","BANDIT-02",Hostile,Patrol,Active,Intercept,MissionAI,"",0,0.45,0,"VIPER-03",False,False,True
30.19000000000192,"BANDIT-03","BANDIT-03",Hostile,Patrol,Active,Intercept,MissionAI,"",0,0.45,0,"VIPER-03",False,False,True
30.19000000000192,"BANDIT-04","BANDIT-04",Hostile,Patrol,Active,Intercept,MissionAI,"",0,0.45,0,"VIPER-03",False,False,True
30.390000000001951,"VIPER-01","VIPER-01",Friendly,Player,Active,Intercept,AutomationPilot,"",0,0.85,0,"BANDIT-01",False,False,True
30.390000000001951,"VIPER-02","VIPER-02",Friendly,Wingman,Active,Intercept,MissionAI,"VIPER-01",1,0.85,0,"BANDIT-01",False,False,True
30.390000000001951,"VIPER-03","VIPER-03",Friendly,Wingman,Active,Intercept,MissionAI,"VIPER-01",2,0.85,0,"BANDIT-01",False,False,True
30.390000000001951,"BANDIT-01","BANDIT-01",Hostile,Patrol,Active,Intercept,MissionAI,"",0,0.45,0,"VIPER-03",False,False,True
30.390000000001951,"BANDIT-02","BANDIT-02",Hostile,Patrol,Active,Intercept,MissionAI,"",0,0.45,0,"VIPER-03",False,False,True
30.390000000001951,"BANDIT-03","BANDIT-03",Hostile,Patrol,Active,Intercept,MissionAI,"",0,0.45,0,"VIPER-03",False,False,True
30.390000000001951,"BANDIT-04","BANDIT-04",Hostile,Patrol,Active,Intercept,MissionAI,"",0,0.45,0,"VIPER-03",False,False,True
30.590000000001982,"VIPER-01","VIPER-01",Friendly,Player,Active,Intercept,AutomationPilot,"",0,0.85,0,"BANDIT-01",False,False,True
30.590000000001982,"VIPER-02","VIPER-02",Friendly,Wingman,Active,Intercept,MissionAI,"VIPER-01",1,0.85,0,"BANDIT-01",False,False,True
30.590000000001982,"VIPER-03","VIPER-03",Friendly,Wingman,Active,Intercept,MissionAI,"VIPER-01",2,0.85,0,"BANDIT-01",False,False,True
30.590000000001982,"BANDIT-01","BANDIT-01",Hostile,Patrol,Active,Intercept,MissionAI,"",0,0.45,0,"VIPER-03",False,False,True
30.590000000001982,"BANDIT-02","BANDIT-02",Hostile,Patrol,Active,Intercept,MissionAI,"",0,0.45,0,"VIPER-03",False,False,True
30.590000000001982,"BANDIT-03","BANDIT-03",Hostile,Patrol,Active,Intercept,MissionAI,"",0,0.45,0,"VIPER-03",False,False,True
30.590000000001982,"BANDIT-04","BANDIT-04",Hostile,Patrol,Active,Intercept,MissionAI,"",0,0.45,0,"VIPER-03",False,False,True
30.790000000002014,"VIPER-01","VIPER-01",Friendly,Player,Active,Intercept,AutomationPilot,"",0,0.85,0,"BANDIT-01",False,False,True
30.790000000002014,"VIPER-02","VIPER-02",Friendly,Wingman,Active,Intercept,MissionAI,"VIPER-01",1,0.85,0,"BANDIT-01",False,False,True
30.790000000002014,"VIPER-03","VIPER-03",Friendly,Wingman,Active,Intercept,MissionAI,"VIPER-01",2,0.85,0,"BANDIT-01",False,False,True
30.790000000002014,"BANDIT-01","BANDIT-01",Hostile,Patrol,Active,Intercept,MissionAI,"",0,0.45,0,"VIPER-03",False,False,True
30.790000000002014,"BANDIT-02","BANDIT-02",Hostile,Patrol,Active,Intercept,MissionAI,"",0,0.45,0,"VIPER-03",False,False,True
30.790000000002014,"BANDIT-03","BANDIT-03",Hostile,Patrol,Active,Intercept,MissionAI,"",0,0.45,0,"VIPER-03",False,False,True
30.790000000002014,"BANDIT-04","BANDIT-04",Hostile,Patrol,Active,Intercept,MissionAI,"",0,0.45,0,"VIPER-03",False,False,True
30.990000000002045,"VIPER-01","VIPER-01",Friendly,Player,Active,Intercept,AutomationPilot,"",0,0.85,0,"BANDIT-01",False,False,True
30.990000000002045,"VIPER-02","VIPER-02",Friendly,Wingman,Active,Intercept,MissionAI,"VIPER-01",1,0.85,0,"BANDIT-01",False,False,True
30.990000000002045,"VIPER-03","VIPER-03",Friendly,Wingman,Active,Intercept,MissionAI,"VIPER-01",2,0.85,0,"BANDIT-01",False,False,True
30.990000000002045,"BANDIT-01","BANDIT-01",Hostile,Patrol,Active,Intercept,MissionAI,"",0,0.45,0,"VIPER-03",False,False,True
30.990000000002045,"BANDIT-02","BANDIT-02",Hostile,Patrol,Active,Intercept,MissionAI,"",0,0.45,0,"VIPER-03",False,False,True
30.990000000002045,"BANDIT-03","BANDIT-03",Hostile,Patrol,Active,Intercept,MissionAI,"",0,0.45,0,"VIPER-03",False,False,True
30.990000000002045,"BANDIT-04","BANDIT-04",Hostile,Patrol,Active,Intercept,MissionAI,"",0,0.45,0,"VIPER-03",False,False,True
31.190000000002076,"VIPER-01","VIPER-01",Friendly,Player,Active,Intercept,AutomationPilot,"",0,0.85,0,"BANDIT-01",False,False,True
31.190000000002076,"VIPER-02","VIPER-02",Friendly,Wingman,Active,Intercept,MissionAI,"VIPER-01",1,0.85,0,"BANDIT-01",False,False,True
31.190000000002076,"VIPER-03","VIPER-03",Friendly,Wingman,Active,Intercept,MissionAI,"VIPER-01",2,0.85,0,"BANDIT-01",False,False,True
31.190000000002076,"BANDIT-01","BANDIT-01",Hostile,Patrol,Active,Intercept,MissionAI,"",0,0.45,0,"VIPER-03",False,False,True
31.190000000002076,"BANDIT-02","BANDIT-02",Hostile,Patrol,Active,Intercept,MissionAI,"",0,0.45,0,"VIPER-03",False,False,True
31.190000000002076,"BANDIT-03","BANDIT-03",Hostile,Patrol,Active,Intercept,MissionAI,"",0,0.45,0,"VIPER-03",False,False,True
31.190000000002076,"BANDIT-04","BANDIT-04",Hostile,Patrol,Active,Intercept,MissionAI,"",0,0.45,0,"VIPER-03",False,False,True
31.390000000002107,"VIPER-01","VIPER-01",Friendly,Player,Active,Intercept,AutomationPilot,"",0,0.85,0,"BANDIT-01",False,False,True
31.390000000002107,"VIPER-02","VIPER-02",Friendly,Wingman,Active,Intercept,MissionAI,"VIPER-01",1,0.85,0,"BANDIT-01",False,False,True
31.390000000002107,"VIPER-03","VIPER-03",Friendly,Wingman,Active,Intercept,MissionAI,"VIPER-01",2,0.85,0,"BANDIT-01",False,False,True
31.390000000002107,"BANDIT-01","BANDIT-01",Hostile,Patrol,Active,Intercept,MissionAI,"",0,0.45,0,"VIPER-03",False,False,True
31.390000000002107,"BANDIT-02","BANDIT-02",Hostile,Patrol,Active,Intercept,MissionAI,"",0,0.45,0,"VIPER-03",False,False,True
31.390000000002107,"BANDIT-03","BANDIT-03",Hostile,Patrol,Active,Intercept,MissionAI,"",0,0.45,0,"VIPER-03",False,False,True
31.390000000002107,"BANDIT-04","BANDIT-04",Hostile,Patrol,Active,Intercept,MissionAI,"",0,0.45,0,"VIPER-03",False,False,True
31.590000000002139,"VIPER-01","VIPER-01",Friendly,Player,Active,Intercept,AutomationPilot,"",0,0.85,0,"BANDIT-01",False,False,True
31.590000000002139,"VIPER-02","VIPER-02",Friendly,Wingman,Active,Intercept,MissionAI,"VIPER-01",1,0.85,0,"BANDIT-01",False,False,True
31.590000000002139,"VIPER-03","VIPER-03",Friendly,Wingman,Active,Intercept,MissionAI,"VIPER-01",2,0.85,0,"BANDIT-01",False,False,True
31.590000000002139,"BANDIT-01","BANDIT-01",Hostile,Patrol,Active,Intercept,MissionAI,"",0,0.45,0,"VIPER-03",False,False,True
31.590000000002139,"BANDIT-02","BANDIT-02",Hostile,Patrol,Active,Intercept,MissionAI,"",0,0.45,0,"VIPER-03",False,False,True
31.590000000002139,"BANDIT-03","BANDIT-03",Hostile,Patrol,Active,Intercept,MissionAI,"",0,0.45,0,"VIPER-03",False,False,True
31.590000000002139,"BANDIT-04","BANDIT-04",Hostile,Patrol,Active,Intercept,MissionAI,"",0,0.45,0,"VIPER-03",False,False,True
31.79000000000217,"VIPER-01","VIPER-01",Friendly,Player,Active,Intercept,AutomationPilot,"",0,0.85,0,"BANDIT-01",False,False,True
31.79000000000217,"VIPER-02","VIPER-02",Friendly,Wingman,Active,Intercept,MissionAI,"VIPER-01",1,0.85,0,"BANDIT-01",False,False,True
31.79000000000217,"VIPER-03","VIPER-03",Friendly,Wingman,Active,Intercept,MissionAI,"VIPER-01",2,0.85,0,"BANDIT-01",False,False,True
31.79000000000217,"BANDIT-01","BANDIT-01",Hostile,Patrol,Active,Intercept,MissionAI,"",0,0.45,0,"VIPER-03",False,False,True
31.79000000000217,"BANDIT-02","BANDIT-02",Hostile,Patrol,Active,Intercept,MissionAI,"",0,0.45,0,"VIPER-03",False,False,True
31.79000000000217,"BANDIT-03","BANDIT-03",Hostile,Patrol,Active,Intercept,MissionAI,"",0,0.45,0,"VIPER-03",False,False,True
31.79000000000217,"BANDIT-04","BANDIT-04",Hostile,Patrol,Active,Intercept,MissionAI,"",0,0.45,0,"VIPER-03",False,False,True
31.9900000000022,"VIPER-01","VIPER-01",Friendly,Player,Active,Intercept,AutomationPilot,"",0,0.85,0,"BANDIT-01",False,False,True
31.9900000000022,"VIPER-02","VIPER-02",Friendly,Wingman,Active,Intercept,MissionAI,"VIPER-01",1,0.85,0,"BANDIT-01",False,False,True
31.9900000000022,"VIPER-03","VIPER-03",Friendly,Wingman,Active,Intercept,MissionAI,"VIPER-01",2,0.85,0,"BANDIT-01",False,False,True
31.9900000000022,"BANDIT-01","BANDIT-01",Hostile,Patrol,Active,Intercept,MissionAI,"",0,0.45,0,"VIPER-03",False,False,True
31.9900000000022,"BANDIT-02","BANDIT-02",Hostile,Patrol,Active,Intercept,MissionAI,"",0,0.45,0,"VIPER-03",False,False,True
31.9900000000022,"BANDIT-03","BANDIT-03",Hostile,Patrol,Active,Intercept,MissionAI,"",0,0.45,0,"VIPER-03",False,False,True
31.9900000000022,"BANDIT-04","BANDIT-04",Hostile,Patrol,Active,Intercept,MissionAI,"",0,0.45,0,"VIPER-03",False,False,True
32.190000000002165,"VIPER-01","VIPER-01",Friendly,Player,Active,Intercept,AutomationPilot,"",0,0.85,0,"BANDIT-01",False,False,True
32.190000000002165,"VIPER-02","VIPER-02",Friendly,Wingman,Active,Intercept,MissionAI,"VIPER-01",1,0.85,0,"BANDIT-01",False,False,True
32.190000000002165,"VIPER-03","VIPER-03",Friendly,Wingman,Active,Intercept,MissionAI,"VIPER-01",2,0.85,0,"BANDIT-01",False,False,True
32.190000000002165,"BANDIT-01","BANDIT-01",Hostile,Patrol,Active,Intercept,MissionAI,"",0,0.45,0,"VIPER-03",False,False,True
32.190000000002165,"BANDIT-02","BANDIT-02",Hostile,Patrol,Active,Intercept,MissionAI,"",0,0.45,0,"VIPER-03",False,False,True
32.190000000002165,"BANDIT-03","BANDIT-03",Hostile,Patrol,Active,Intercept,MissionAI,"",0,0.45,0,"VIPER-03",False,False,True
32.190000000002165,"BANDIT-04","BANDIT-04",Hostile,Patrol,Active,Intercept,MissionAI,"",0,0.45,0,"VIPER-03",False,False,True
32.390000000002125,"VIPER-01","VIPER-01",Friendly,Player,Active,Intercept,AutomationPilot,"",0,0.85,0,"BANDIT-01",False,False,True
32.390000000002125,"VIPER-02","VIPER-02",Friendly,Wingman,Active,Intercept,MissionAI,"VIPER-01",1,0.85,0,"BANDIT-01",False,False,True
32.390000000002125,"VIPER-03","VIPER-03",Friendly,Wingman,Active,Intercept,MissionAI,"VIPER-01",2,0.85,0,"BANDIT-01",False,False,True
32.390000000002125,"BANDIT-01","BANDIT-01",Hostile,Patrol,Active,Intercept,MissionAI,"",0,0.45,0,"VIPER-03",False,False,True
32.390000000002125,"BANDIT-02","BANDIT-02",Hostile,Patrol,Active,Intercept,MissionAI,"",0,0.45,0,"VIPER-03",False,False,True
32.390000000002125,"BANDIT-03","BANDIT-03",Hostile,Patrol,Active,Intercept,MissionAI,"",0,0.45,0,"VIPER-03",False,False,True
32.390000000002125,"BANDIT-04","BANDIT-04",Hostile,Patrol,Active,Intercept,MissionAI,"",0,0.45,0,"VIPER-03",False,False,True
32.590000000002085,"VIPER-01","VIPER-01",Friendly,Player,Active,Intercept,AutomationPilot,"",0,0.85,0,"BANDIT-01",False,False,True
32.590000000002085,"VIPER-02","VIPER-02",Friendly,Wingman,Active,Intercept,MissionAI,"VIPER-01",1,0.85,0,"BANDIT-01",False,False,True
32.590000000002085,"VIPER-03","VIPER-03",Friendly,Wingman,Active,Intercept,MissionAI,"VIPER-01",2,0.85,0,"BANDIT-01",False,False,True
32.590000000002085,"BANDIT-01","BANDIT-01",Hostile,Patrol,Active,Intercept,MissionAI,"",0,0.45,0,"VIPER-03",False,False,True
32.590000000002085,"BANDIT-02","BANDIT-02",Hostile,Patrol,Active,Intercept,MissionAI,"",0,0.45,0,"VIPER-03",False,False,True
32.590000000002085,"BANDIT-03","BANDIT-03",Hostile,Patrol,Active,Intercept,MissionAI,"",0,0.45,0,"VIPER-03",False,False,True
32.590000000002085,"BANDIT-04","BANDIT-04",Hostile,Patrol,Active,Intercept,MissionAI,"",0,0.45,0,"VIPER-03",False,False,True
32.790000000002046,"VIPER-01","VIPER-01",Friendly,Player,Active,Intercept,AutomationPilot,"",0,0.85,0,"BANDIT-01",False,False,True
32.790000000002046,"VIPER-02","VIPER-02",Friendly,Wingman,Active,Intercept,MissionAI,"VIPER-01",1,0.85,0,"BANDIT-01",False,False,True
32.790000000002046,"VIPER-03","VIPER-03",Friendly,Wingman,Active,Intercept,MissionAI,"VIPER-01",2,0.85,0,"BANDIT-01",False,False,True
32.790000000002046,"BANDIT-01","BANDIT-01",Hostile,Patrol,Active,Intercept,MissionAI,"",0,0.45,0,"VIPER-03",False,False,True
32.790000000002046,"BANDIT-02","BANDIT-02",Hostile,Patrol,Active,Intercept,MissionAI,"",0,0.45,0,"VIPER-03",False,False,True
32.790000000002046,"BANDIT-03","BANDIT-03",Hostile,Patrol,Active,Intercept,MissionAI,"",0,0.45,0,"VIPER-03",False,False,True
32.790000000002046,"BANDIT-04","BANDIT-04",Hostile,Patrol,Active,Intercept,MissionAI,"",0,0.45,0,"VIPER-03",False,False,True
32.990000000002006,"VIPER-01","VIPER-01",Friendly,Player,Active,Intercept,AutomationPilot,"",0,0.85,0,"BANDIT-01",False,False,True
32.990000000002006,"VIPER-02","VIPER-02",Friendly,Wingman,Active,Intercept,MissionAI,"VIPER-01",1,0.85,0,"BANDIT-01",False,False,True
32.990000000002006,"VIPER-03","VIPER-03",Friendly,Wingman,Active,Intercept,MissionAI,"VIPER-01",2,0.85,0,"BANDIT-01",False,False,True
32.990000000002006,"BANDIT-01","BANDIT-01",Hostile,Patrol,Active,Intercept,MissionAI,"",0,0.45,0,"VIPER-03",False,False,True
32.990000000002006,"BANDIT-02","BANDIT-02",Hostile,Patrol,Active,Intercept,MissionAI,"",0,0.45,0,"VIPER-03",False,False,True
32.990000000002006,"BANDIT-03","BANDIT-03",Hostile,Patrol,Active,Intercept,MissionAI,"",0,0.45,0,"VIPER-03",False,False,True
32.990000000002006,"BANDIT-04","BANDIT-04",Hostile,Patrol,Active,Intercept,MissionAI,"",0,0.45,0,"VIPER-03",False,False,True
33.190000000001966,"VIPER-01","VIPER-01",Friendly,Player,Active,Intercept,AutomationPilot,"",0,0.85,0,"BANDIT-01",False,False,True
33.190000000001966,"VIPER-02","VIPER-02",Friendly,Wingman,Active,Intercept,MissionAI,"VIPER-01",1,0.85,0,"BANDIT-01",False,False,True
33.190000000001966,"VIPER-03","VIPER-03",Friendly,Wingman,Active,Intercept,MissionAI,"VIPER-01",2,0.85,0,"BANDIT-01",False,False,True
33.190000000001966,"BANDIT-01","BANDIT-01",Hostile,Patrol,Active,Intercept,MissionAI,"",0,0.45,0,"VIPER-03",False,False,True
33.190000000001966,"BANDIT-02","BANDIT-02",Hostile,Patrol,Active,Intercept,MissionAI,"",0,0.45,0,"VIPER-03",False,False,True
33.190000000001966,"BANDIT-03","BANDIT-03",Hostile,Patrol,Active,Intercept,MissionAI,"",0,0.45,0,"VIPER-03",False,False,True
33.190000000001966,"BANDIT-04","BANDIT-04",Hostile,Patrol,Active,Intercept,MissionAI,"",0,0.45,0,"VIPER-03",False,False,True
33.390000000001926,"VIPER-01","VIPER-01",Friendly,Player,Active,Intercept,AutomationPilot,"",0,0.85,0,"BANDIT-01",False,False,True
33.390000000001926,"VIPER-02","VIPER-02",Friendly,Wingman,Active,Intercept,MissionAI,"VIPER-01",1,0.85,0,"BANDIT-01",False,False,True
33.390000000001926,"VIPER-03","VIPER-03",Friendly,Wingman,Active,Intercept,MissionAI,"VIPER-01",2,0.85,0,"BANDIT-01",False,False,True
33.390000000001926,"BANDIT-01","BANDIT-01",Hostile,Patrol,Active,Intercept,MissionAI,"",0,0.45,0,"VIPER-03",False,False,True
33.390000000001926,"BANDIT-02","BANDIT-02",Hostile,Patrol,Active,Intercept,MissionAI,"",0,0.45,0,"VIPER-03",False,False,True
33.390000000001926,"BANDIT-03","BANDIT-03",Hostile,Patrol,Active,Intercept,MissionAI,"",0,0.45,0,"VIPER-03",False,False,True
33.390000000001926,"BANDIT-04","BANDIT-04",Hostile,Patrol,Active,Intercept,MissionAI,"",0,0.45,0,"VIPER-03",False,False,True
33.590000000001886,"VIPER-01","VIPER-01",Friendly,Player,Active,Intercept,AutomationPilot,"",0,0.85,0,"BANDIT-01",False,False,True
33.590000000001886,"VIPER-02","VIPER-02",Friendly,Wingman,Active,Intercept,MissionAI,"VIPER-01",1,0.85,0,"BANDIT-01",False,False,True
33.590000000001886,"VIPER-03","VIPER-03",Friendly,Wingman,Active,Intercept,MissionAI,"VIPER-01",2,0.85,0,"BANDIT-01",False,False,True
33.590000000001886,"BANDIT-01","BANDIT-01",Hostile,Patrol,Active,Intercept,MissionAI,"",0,0.45,0,"VIPER-03",False,False,True
33.590000000001886,"BANDIT-02","BANDIT-02",Hostile,Patrol,Active,Intercept,MissionAI,"",0,0.45,0,"VIPER-03",False,False,True
33.590000000001886,"BANDIT-03","BANDIT-03",Hostile,Patrol,Active,Intercept,MissionAI,"",0,0.45,0,"VIPER-03",False,False,True
33.590000000001886,"BANDIT-04","BANDIT-04",Hostile,Patrol,Active,Intercept,MissionAI,"",0,0.45,0,"VIPER-03",False,False,True
33.790000000001847,"VIPER-01","VIPER-01",Friendly,Player,Active,Intercept,AutomationPilot,"",0,0.85,0,"BANDIT-01",False,False,True
33.790000000001847,"VIPER-02","VIPER-02",Friendly,Wingman,Active,Intercept,MissionAI,"VIPER-01",1,0.85,0,"BANDIT-01",False,False,True
33.790000000001847,"VIPER-03","VIPER-03",Friendly,Wingman,Active,Intercept,MissionAI,"VIPER-01",2,0.85,0,"BANDIT-01",False,False,True
33.790000000001847,"BANDIT-01","BANDIT-01",Hostile,Patrol,Active,Intercept,MissionAI,"",0,0.45,0,"VIPER-03",False,False,True
33.790000000001847,"BANDIT-02","BANDIT-02",Hostile,Patrol,Active,Intercept,MissionAI,"",0,0.45,0,"VIPER-03",False,False,True
33.790000000001847,"BANDIT-03","BANDIT-03",Hostile,Patrol,Active,Intercept,MissionAI,"",0,0.45,0,"VIPER-03",False,False,True
33.790000000001847,"BANDIT-04","BANDIT-04",Hostile,Patrol,Active,Intercept,MissionAI,"",0,0.45,0,"VIPER-03",False,False,True
33.990000000001807,"VIPER-01","VIPER-01",Friendly,Player,Active,Intercept,AutomationPilot,"",0,0.85,0,"BANDIT-01",False,False,True
33.990000000001807,"VIPER-02","VIPER-02",Friendly,Wingman,Active,Intercept,MissionAI,"VIPER-01",1,0.85,0,"BANDIT-01",False,False,True
33.990000000001807,"VIPER-03","VIPER-03",Friendly,Wingman,Active,Intercept,MissionAI,"VIPER-01",2,0.85,0,"BANDIT-01",False,False,True
33.990000000001807,"BANDIT-01","BANDIT-01",Hostile,Patrol,Active,Intercept,MissionAI,"",0,0.45,0,"VIPER-03",False,False,True
33.990000000001807,"BANDIT-02","BANDIT-02",Hostile,Patrol,Active,Intercept,MissionAI,"",0,0.45,0,"VIPER-03",False,False,True
33.990000000001807,"BANDIT-03","BANDIT-03",Hostile,Patrol,Active,Intercept,MissionAI,"",0,0.45,0,"VIPER-03",False,False,True
33.990000000001807,"BANDIT-04","BANDIT-04",Hostile,Patrol,Active,Intercept,MissionAI,"",0,0.45,0,"VIPER-03",False,False,True
34.190000000001767,"VIPER-01","VIPER-01",Friendly,Player,Active,Intercept,AutomationPilot,"",0,0.85,0,"BANDIT-01",False,False,True
34.190000000001767,"VIPER-02","VIPER-02",Friendly,Wingman,Active,Intercept,MissionAI,"VIPER-01",1,0.85,0,"BANDIT-01",False,False,True
34.190000000001767,"VIPER-03","VIPER-03",Friendly,Wingman,Active,Intercept,MissionAI,"VIPER-01",2,0.85,0,"BANDIT-01",False,False,True
34.190000000001767,"BANDIT-01","BANDIT-01",Hostile,Patrol,Active,Intercept,MissionAI,"",0,0.45,0,"VIPER-03",False,False,True
34.190000000001767,"BANDIT-02","BANDIT-02",Hostile,Patrol,Active,Intercept,MissionAI,"",0,0.45,0,"VIPER-03",False,False,True
34.190000000001767,"BANDIT-03","BANDIT-03",Hostile,Patrol,Active,Intercept,MissionAI,"",0,0.45,0,"VIPER-03",False,False,True
34.190000000001767,"BANDIT-04","BANDIT-04",Hostile,Patrol,Active,Intercept,MissionAI,"",0,0.45,0,"VIPER-03",False,False,True
34.390000000001727,"VIPER-01","VIPER-01",Friendly,Player,Active,Intercept,AutomationPilot,"",0,0.85,0,"BANDIT-01",False,False,True
34.390000000001727,"VIPER-02","VIPER-02",Friendly,Wingman,Active,Intercept,MissionAI,"VIPER-01",1,0.85,0,"BANDIT-01",False,False,True
34.390000000001727,"VIPER-03","VIPER-03",Friendly,Wingman,Active,Intercept,MissionAI,"VIPER-01",2,0.85,0,"BANDIT-01",False,False,True
34.390000000001727,"BANDIT-01","BANDIT-01",Hostile,Patrol,Active,Intercept,MissionAI,"",0,0.45,0,"VIPER-03",False,False,True
34.390000000001727,"BANDIT-02","BANDIT-02",Hostile,Patrol,Active,Intercept,MissionAI,"",0,0.45,0,"VIPER-03",False,False,True
34.390000000001727,"BANDIT-03","BANDIT-03",Hostile,Patrol,Active,Intercept,MissionAI,"",0,0.45,0,"VIPER-03",False,False,True
34.390000000001727,"BANDIT-04","BANDIT-04",Hostile,Patrol,Active,Intercept,MissionAI,"",0,0.45,0,"VIPER-03",False,False,True
34.590000000001687,"VIPER-01","VIPER-01",Friendly,Player,Active,Intercept,AutomationPilot,"",0,0.85,0,"BANDIT-01",False,False,True
34.590000000001687,"VIPER-02","VIPER-02",Friendly,Wingman,Active,Intercept,MissionAI,"VIPER-01",1,0.85,0,"BANDIT-01",False,False,True
34.590000000001687,"VIPER-03","VIPER-03",Friendly,Wingman,Active,Intercept,MissionAI,"VIPER-01",2,0.85,0,"BANDIT-01",False,False,True
34.590000000001687,"BANDIT-01","BANDIT-01",Hostile,Patrol,Active,Intercept,MissionAI,"",0,0.45,0,"VIPER-03",False,False,True
34.590000000001687,"BANDIT-02","BANDIT-02",Hostile,Patrol,Active,Intercept,MissionAI,"",0,0.45,0,"VIPER-03",False,False,True
34.590000000001687,"BANDIT-03","BANDIT-03",Hostile,Patrol,Active,Intercept,MissionAI,"",0,0.45,0,"VIPER-03",False,False,True
34.590000000001687,"BANDIT-04","BANDIT-04",Hostile,Patrol,Active,Intercept,MissionAI,"",0,0.45,0,"VIPER-03",False,False,True
34.790000000001648,"VIPER-01","VIPER-01",Friendly,Player,Active,Intercept,AutomationPilot,"",0,0.85,0,"BANDIT-01",False,False,True
34.790000000001648,"VIPER-02","VIPER-02",Friendly,Wingman,Active,Intercept,MissionAI,"VIPER-01",1,0.85,0,"BANDIT-01",False,False,True
34.790000000001648,"VIPER-03","VIPER-03",Friendly,Wingman,Active,Intercept,MissionAI,"VIPER-01",2,0.85,0,"BANDIT-01",False,False,True
34.790000000001648,"BANDIT-01","BANDIT-01",Hostile,Patrol,Active,Intercept,MissionAI,"",0,0.45,0,"VIPER-03",False,False,True
34.790000000001648,"BANDIT-02","BANDIT-02",Hostile,Patrol,Active,Intercept,MissionAI,"",0,0.45,0,"VIPER-03",False,False,True
34.790000000001648,"BANDIT-03","BANDIT-03",Hostile,Patrol,Active,Intercept,MissionAI,"",0,0.45,0,"VIPER-03",False,False,True
34.790000000001648,"BANDIT-04","BANDIT-04",Hostile,Patrol,Active,Intercept,MissionAI,"",0,0.45,0,"VIPER-03",False,False,True
34.990000000001608,"VIPER-01","VIPER-01",Friendly,Player,Active,Intercept,AutomationPilot,"",0,0.85,0,"BANDIT-01",False,False,True
34.990000000001608,"VIPER-02","VIPER-02",Friendly,Wingman,Active,Intercept,MissionAI,"VIPER-01",1,0.85,0,"BANDIT-01",False,False,True
34.990000000001608,"VIPER-03","VIPER-03",Friendly,Wingman,Active,Intercept,MissionAI,"VIPER-01",2,0.85,0,"BANDIT-01",False,False,True
34.990000000001608,"BANDIT-01","BANDIT-01",Hostile,Patrol,Active,Intercept,MissionAI,"",0,0.45,0,"VIPER-03",False,False,True
34.990000000001608,"BANDIT-02","BANDIT-02",Hostile,Patrol,Active,Intercept,MissionAI,"",0,0.45,0,"VIPER-03",False,False,True
34.990000000001608,"BANDIT-03","BANDIT-03",Hostile,Patrol,Active,Intercept,MissionAI,"",0,0.45,0,"VIPER-03",False,False,True
34.990000000001608,"BANDIT-04","BANDIT-04",Hostile,Patrol,Active,Intercept,MissionAI,"",0,0.45,0,"VIPER-03",False,False,True
35.190000000001568,"VIPER-01","VIPER-01",Friendly,Player,Active,Intercept,AutomationPilot,"",0,0.85,0,"BANDIT-01",False,False,True
35.190000000001568,"VIPER-02","VIPER-02",Friendly,Wingman,Active,Intercept,MissionAI,"VIPER-01",1,0.85,0,"BANDIT-01",False,False,True
35.190000000001568,"VIPER-03","VIPER-03",Friendly,Wingman,Active,Intercept,MissionAI,"VIPER-01",2,0.85,0,"BANDIT-01",False,False,True
35.190000000001568,"BANDIT-01","BANDIT-01",Hostile,Patrol,Active,Intercept,MissionAI,"",0,0.45,0,"VIPER-03",False,False,True
35.190000000001568,"BANDIT-02","BANDIT-02",Hostile,Patrol,Active,Intercept,MissionAI,"",0,0.45,0,"VIPER-03",False,False,True
35.190000000001568,"BANDIT-03","BANDIT-03",Hostile,Patrol,Active,Intercept,MissionAI,"",0,0.45,0,"VIPER-03",False,False,True
35.190000000001568,"BANDIT-04","BANDIT-04",Hostile,Patrol,Active,Intercept,MissionAI,"",0,0.45,0,"VIPER-03",False,False,True
35.390000000001528,"VIPER-01","VIPER-01",Friendly,Player,Active,Intercept,AutomationPilot,"",0,0.85,0,"BANDIT-01",False,False,True
35.390000000001528,"VIPER-02","VIPER-02",Friendly,Wingman,Active,Intercept,MissionAI,"VIPER-01",1,0.85,0,"BANDIT-01",False,False,True
35.390000000001528,"VIPER-03","VIPER-03",Friendly,Wingman,Active,Intercept,MissionAI,"VIPER-01",2,0.85,0,"BANDIT-01",False,False,True
35.390000000001528,"BANDIT-01","BANDIT-01",Hostile,Patrol,Active,Intercept,MissionAI,"",0,0.45,0,"VIPER-03",False,False,True
35.390000000001528,"BANDIT-02","BANDIT-02",Hostile,Patrol,Active,Intercept,MissionAI,"",0,0.45,0,"VIPER-03",False,False,True
35.390000000001528,"BANDIT-03","BANDIT-03",Hostile,Patrol,Active,Intercept,MissionAI,"",0,0.45,0,"VIPER-03",False,False,True
35.390000000001528,"BANDIT-04","BANDIT-04",Hostile,Patrol,Active,Intercept,MissionAI,"",0,0.45,0,"VIPER-03",False,False,True
35.590000000001488,"VIPER-01","VIPER-01",Friendly,Player,Active,Intercept,AutomationPilot,"",0,0.85,0,"BANDIT-01",False,False,True
35.590000000001488,"VIPER-02","VIPER-02",Friendly,Wingman,Active,Intercept,MissionAI,"VIPER-01",1,0.85,0,"BANDIT-01",False,False,True
35.590000000001488,"VIPER-03","VIPER-03",Friendly,Wingman,Active,Intercept,MissionAI,"VIPER-01",2,0.85,0,"BANDIT-01",False,False,True
35.590000000001488,"BANDIT-01","BANDIT-01",Hostile,Patrol,Active,Intercept,MissionAI,"",0,0.45,0,"VIPER-03",False,False,True
35.590000000001488,"BANDIT-02","BANDIT-02",Hostile,Patrol,Active,Intercept,MissionAI,"",0,0.45,0,"VIPER-03",False,False,True
35.590000000001488,"BANDIT-03","BANDIT-03",Hostile,Patrol,Active,Intercept,MissionAI,"",0,0.45,0,"VIPER-03",False,False,True
35.590000000001488,"BANDIT-04","BANDIT-04",Hostile,Patrol,Active,Intercept,MissionAI,"",0,0.45,0,"VIPER-03",False,False,True
35.790000000001449,"VIPER-01","VIPER-01",Friendly,Player,Active,Intercept,AutomationPilot,"",0,0.85,0,"BANDIT-01",False,False,True
35.790000000001449,"VIPER-02","VIPER-02",Friendly,Wingman,Active,Intercept,MissionAI,"VIPER-01",1,0.85,0,"BANDIT-01",False,False,True
35.790000000001449,"VIPER-03","VIPER-03",Friendly,Wingman,Active,Intercept,MissionAI,"VIPER-01",2,0.85,0,"BANDIT-01",False,False,True
35.790000000001449,"BANDIT-01","BANDIT-01",Hostile,Patrol,Active,Intercept,MissionAI,"",0,0.45,0,"VIPER-03",False,False,True
35.790000000001449,"BANDIT-02","BANDIT-02",Hostile,Patrol,Active,Intercept,MissionAI,"",0,0.45,0,"VIPER-03",False,False,True
35.790000000001449,"BANDIT-03","BANDIT-03",Hostile,Patrol,Active,Intercept,MissionAI,"",0,0.45,0,"VIPER-03",False,False,True
35.790000000001449,"BANDIT-04","BANDIT-04",Hostile,Patrol,Active,Intercept,MissionAI,"",0,0.45,0,"VIPER-03",False,False,True
35.990000000001409,"VIPER-01","VIPER-01",Friendly,Player,Active,Intercept,AutomationPilot,"",0,0.85,0,"BANDIT-01",False,False,True
35.990000000001409,"VIPER-02","VIPER-02",Friendly,Wingman,Active,Intercept,MissionAI,"VIPER-01",1,0.85,0,"BANDIT-01",False,False,True
35.990000000001409,"VIPER-03","VIPER-03",Friendly,Wingman,Active,Intercept,MissionAI,"VIPER-01",2,0.85,0,"BANDIT-01",False,False,True
35.990000000001409,"BANDIT-01","BANDIT-01",Hostile,Patrol,Active,Intercept,MissionAI,"",0,0.45,0,"VIPER-03",False,False,True
35.990000000001409,"BANDIT-02","BANDIT-02",Hostile,Patrol,Active,Intercept,MissionAI,"",0,0.45,0,"VIPER-03",False,False,True
35.990000000001409,"BANDIT-03","BANDIT-03",Hostile,Patrol,Active,Intercept,MissionAI,"",0,0.45,0,"VIPER-03",False,False,True
35.990000000001409,"BANDIT-04","BANDIT-04",Hostile,Patrol,Active,Intercept,MissionAI,"",0,0.45,0,"VIPER-03",False,False,True
36.190000000001369,"VIPER-01","VIPER-01",Friendly,Player,Active,Intercept,AutomationPilot,"",0,0.85,0,"BANDIT-01",False,False,True
36.190000000001369,"VIPER-02","VIPER-02",Friendly,Wingman,Active,Intercept,MissionAI,"VIPER-01",1,0.85,0,"BANDIT-01",False,False,True
36.190000000001369,"VIPER-03","VIPER-03",Friendly,Wingman,Active,Intercept,MissionAI,"VIPER-01",2,0.85,0,"BANDIT-01",False,False,True
36.190000000001369,"BANDIT-01","BANDIT-01",Hostile,Patrol,Active,Intercept,MissionAI,"",0,0.45,0,"VIPER-03",False,False,True
36.190000000001369,"BANDIT-02","BANDIT-02",Hostile,Patrol,Active,Intercept,MissionAI,"",0,0.45,0,"VIPER-03",False,False,True
36.190000000001369,"BANDIT-03","BANDIT-03",Hostile,Patrol,Active,Intercept,MissionAI,"",0,0.45,0,"VIPER-03",False,False,True
36.190000000001369,"BANDIT-04","BANDIT-04",Hostile,Patrol,Active,Intercept,MissionAI,"",0,0.45,0,"VIPER-03",False,False,True
36.390000000001329,"VIPER-01","VIPER-01",Friendly,Player,Active,Intercept,AutomationPilot,"",0,0.85,0,"BANDIT-01",False,False,True
36.390000000001329,"VIPER-02","VIPER-02",Friendly,Wingman,Active,Intercept,MissionAI,"VIPER-01",1,0.85,0,"BANDIT-01",False,False,True
36.390000000001329,"VIPER-03","VIPER-03",Friendly,Wingman,Active,Intercept,MissionAI,"VIPER-01",2,0.85,0,"BANDIT-01",False,False,True
36.390000000001329,"BANDIT-01","BANDIT-01",Hostile,Patrol,Active,Intercept,MissionAI,"",0,0.45,0,"VIPER-03",False,False,True
36.390000000001329,"BANDIT-02","BANDIT-02",Hostile,Patrol,Active,Intercept,MissionAI,"",0,0.45,0,"VIPER-03",False,False,True
36.390000000001329,"BANDIT-03","BANDIT-03",Hostile,Patrol,Active,Intercept,MissionAI,"",0,0.45,0,"VIPER-03",False,False,True
36.390000000001329,"BANDIT-04","BANDIT-04",Hostile,Patrol,Active,Intercept,MissionAI,"",0,0.45,0,"VIPER-03",False,False,True
36.590000000001289,"VIPER-01","VIPER-01",Friendly,Player,Active,Intercept,AutomationPilot,"",0,0.85,0,"BANDIT-01",False,False,True
36.590000000001289,"VIPER-02","VIPER-02",Friendly,Wingman,Active,Intercept,MissionAI,"VIPER-01",1,0.85,0,"BANDIT-01",False,False,True
36.590000000001289,"VIPER-03","VIPER-03",Friendly,Wingman,Active,Intercept,MissionAI,"VIPER-01",2,0.85,0,"BANDIT-01",False,False,True
36.590000000001289,"BANDIT-01","BANDIT-01",Hostile,Patrol,Active,Intercept,MissionAI,"",0,0.45,0,"VIPER-03",False,False,True
36.590000000001289,"BANDIT-02","BANDIT-02",Hostile,Patrol,Active,Intercept,MissionAI,"",0,0.45,0,"VIPER-03",False,False,True
36.590000000001289,"BANDIT-03","BANDIT-03",Hostile,Patrol,Active,Intercept,MissionAI,"",0,0.45,0,"VIPER-03",False,False,True
36.590000000001289,"BANDIT-04","BANDIT-04",Hostile,Patrol,Active,Intercept,MissionAI,"",0,0.45,0,"VIPER-03",False,False,True
36.79000000000125,"VIPER-01","VIPER-01",Friendly,Player,Active,Intercept,AutomationPilot,"",0,0.85,0,"BANDIT-01",False,False,True
36.79000000000125,"VIPER-02","VIPER-02",Friendly,Wingman,Active,Intercept,MissionAI,"VIPER-01",1,0.85,0,"BANDIT-01",False,False,True
36.79000000000125,"VIPER-03","VIPER-03",Friendly,Wingman,Active,Intercept,MissionAI,"VIPER-01",2,0.85,0,"BANDIT-01",False,False,True
36.79000000000125,"BANDIT-01","BANDIT-01",Hostile,Patrol,Active,Intercept,MissionAI,"",0,0.45,0,"VIPER-03",False,False,True
36.79000000000125,"BANDIT-02","BANDIT-02",Hostile,Patrol,Active,Intercept,MissionAI,"",0,0.45,0,"VIPER-03",False,False,True
36.79000000000125,"BANDIT-03","BANDIT-03",Hostile,Patrol,Active,Intercept,MissionAI,"",0,0.45,0,"VIPER-03",False,False,True
36.79000000000125,"BANDIT-04","BANDIT-04",Hostile,Patrol,Active,Intercept,MissionAI,"",0,0.45,0,"VIPER-03",False,False,True
36.99000000000121,"VIPER-01","VIPER-01",Friendly,Player,Active,Intercept,AutomationPilot,"",0,0.85,0,"BANDIT-01",False,False,True
36.99000000000121,"VIPER-02","VIPER-02",Friendly,Wingman,Active,Intercept,MissionAI,"VIPER-01",1,0.85,0,"BANDIT-01",False,False,True
36.99000000000121,"VIPER-03","VIPER-03",Friendly,Wingman,Active,Intercept,MissionAI,"VIPER-01",2,0.85,0,"BANDIT-01",False,False,True
36.99000000000121,"BANDIT-01","BANDIT-01",Hostile,Patrol,Active,Intercept,MissionAI,"",0,0.45,0,"VIPER-03",False,False,True
36.99000000000121,"BANDIT-02","BANDIT-02",Hostile,Patrol,Active,Intercept,MissionAI,"",0,0.45,0,"VIPER-03",False,False,True
36.99000000000121,"BANDIT-03","BANDIT-03",Hostile,Patrol,Active,Intercept,MissionAI,"",0,0.45,0,"VIPER-03",False,False,True
36.99000000000121,"BANDIT-04","BANDIT-04",Hostile,Patrol,Active,Intercept,MissionAI,"",0,0.45,0,"VIPER-03",False,False,True
37.19000000000117,"VIPER-01","VIPER-01",Friendly,Player,Active,Intercept,AutomationPilot,"",0,0.85,0,"BANDIT-01",False,False,True
37.19000000000117,"VIPER-02","VIPER-02",Friendly,Wingman,Active,Intercept,MissionAI,"VIPER-01",1,0.85,0,"BANDIT-01",False,False,True
37.19000000000117,"VIPER-03","VIPER-03",Friendly,Wingman,Active,Intercept,MissionAI,"VIPER-01",2,0.85,0,"BANDIT-01",False,False,True
37.19000000000117,"BANDIT-01","BANDIT-01",Hostile,Patrol,Active,Intercept,MissionAI,"",0,0.45,0,"VIPER-03",False,False,True
37.19000000000117,"BANDIT-02","BANDIT-02",Hostile,Patrol,Active,Intercept,MissionAI,"",0,0.45,0,"VIPER-03",False,False,True
37.19000000000117,"BANDIT-03","BANDIT-03",Hostile,Patrol,Active,Intercept,MissionAI,"",0,0.45,0,"VIPER-03",False,False,True
37.19000000000117,"BANDIT-04","BANDIT-04",Hostile,Patrol,Active,Intercept,MissionAI,"",0,0.45,0,"VIPER-03",False,False,True
37.39000000000113,"VIPER-01","VIPER-01",Friendly,Player,Active,Intercept,AutomationPilot,"",0,0.85,0,"BANDIT-01",False,False,True
37.39000000000113,"VIPER-02","VIPER-02",Friendly,Wingman,Active,Intercept,MissionAI,"VIPER-01",1,0.85,0,"BANDIT-01",False,False,True
37.39000000000113,"VIPER-03","VIPER-03",Friendly,Wingman,Active,Intercept,MissionAI,"VIPER-01",2,0.85,0,"BANDIT-01",False,False,True
37.39000000000113,"BANDIT-01","BANDIT-01",Hostile,Patrol,Active,Intercept,MissionAI,"",0,0.45,0,"VIPER-03",False,False,True
37.39000000000113,"BANDIT-02","BANDIT-02",Hostile,Patrol,Active,Intercept,MissionAI,"",0,0.45,0,"VIPER-03",False,False,True
37.39000000000113,"BANDIT-03","BANDIT-03",Hostile,Patrol,Active,Intercept,MissionAI,"",0,0.45,0,"VIPER-03",False,False,True
37.39000000000113,"BANDIT-04","BANDIT-04",Hostile,Patrol,Active,Intercept,MissionAI,"",0,0.45,0,"VIPER-03",False,False,True
37.590000000001091,"VIPER-01","VIPER-01",Friendly,Player,Active,Intercept,AutomationPilot,"",0,0.85,0,"BANDIT-01",False,False,True
37.590000000001091,"VIPER-02","VIPER-02",Friendly,Wingman,Active,Intercept,MissionAI,"VIPER-01",1,0.85,0,"BANDIT-01",False,False,True
37.590000000001091,"VIPER-03","VIPER-03",Friendly,Wingman,Active,Intercept,MissionAI,"VIPER-01",2,0.85,0,"BANDIT-01",False,False,True
37.590000000001091,"BANDIT-01","BANDIT-01",Hostile,Patrol,Active,Intercept,MissionAI,"",0,0.45,0,"VIPER-03",False,False,True
37.590000000001091,"BANDIT-02","BANDIT-02",Hostile,Patrol,Active,Intercept,MissionAI,"",0,0.45,0,"VIPER-03",False,False,True
37.590000000001091,"BANDIT-03","BANDIT-03",Hostile,Patrol,Active,Intercept,MissionAI,"",0,0.45,0,"VIPER-03",False,False,True
37.590000000001091,"BANDIT-04","BANDIT-04",Hostile,Patrol,Active,Intercept,MissionAI,"",0,0.45,0,"VIPER-03",False,False,True
37.790000000001051,"VIPER-01","VIPER-01",Friendly,Player,Active,Intercept,AutomationPilot,"",0,0.85,0,"BANDIT-01",False,False,True
37.790000000001051,"VIPER-02","VIPER-02",Friendly,Wingman,Active,Intercept,MissionAI,"VIPER-01",1,0.85,0,"BANDIT-01",False,False,True
37.790000000001051,"VIPER-03","VIPER-03",Friendly,Wingman,Active,Intercept,MissionAI,"VIPER-01",2,0.85,0,"BANDIT-01",False,False,True
37.790000000001051,"BANDIT-01","BANDIT-01",Hostile,Patrol,Active,Intercept,MissionAI,"",0,0.45,0,"VIPER-03",False,False,True
37.790000000001051,"BANDIT-02","BANDIT-02",Hostile,Patrol,Active,Intercept,MissionAI,"",0,0.45,0,"VIPER-03",False,False,True
37.790000000001051,"BANDIT-03","BANDIT-03",Hostile,Patrol,Active,Intercept,MissionAI,"",0,0.45,0,"VIPER-03",False,False,True
37.790000000001051,"BANDIT-04","BANDIT-04",Hostile,Patrol,Active,Intercept,MissionAI,"",0,0.45,0,"VIPER-03",False,False,True
37.990000000001011,"VIPER-01","VIPER-01",Friendly,Player,Active,Intercept,AutomationPilot,"",0,0.85,0,"BANDIT-01",False,False,True
37.990000000001011,"VIPER-02","VIPER-02",Friendly,Wingman,Active,Intercept,MissionAI,"VIPER-01",1,0.85,0,"BANDIT-01",False,False,True
37.990000000001011,"VIPER-03","VIPER-03",Friendly,Wingman,Active,Intercept,MissionAI,"VIPER-01",2,0.85,0,"BANDIT-01",False,False,True
37.990000000001011,"BANDIT-01","BANDIT-01",Hostile,Patrol,Active,Intercept,MissionAI,"",0,0.45,0,"VIPER-03",False,False,True
37.990000000001011,"BANDIT-02","BANDIT-02",Hostile,Patrol,Active,Intercept,MissionAI,"",0,0.45,0,"VIPER-03",False,False,True
37.990000000001011,"BANDIT-03","BANDIT-03",Hostile,Patrol,Active,Intercept,MissionAI,"",0,0.45,0,"VIPER-03",False,False,True
37.990000000001011,"BANDIT-04","BANDIT-04",Hostile,Patrol,Active,Intercept,MissionAI,"",0,0.45,0,"VIPER-03",False,False,True
38.190000000000971,"VIPER-01","VIPER-01",Friendly,Player,Active,Intercept,AutomationPilot,"",0,0.85,0,"BANDIT-01",False,False,True
38.190000000000971,"VIPER-02","VIPER-02",Friendly,Wingman,Active,Intercept,MissionAI,"VIPER-01",1,0.85,0,"BANDIT-01",False,False,True
38.190000000000971,"VIPER-03","VIPER-03",Friendly,Wingman,Active,Intercept,MissionAI,"VIPER-01",2,0.85,0,"BANDIT-01",False,False,True
38.190000000000971,"BANDIT-01","BANDIT-01",Hostile,Patrol,Active,Intercept,MissionAI,"",0,0.45,0,"VIPER-03",False,False,True
38.190000000000971,"BANDIT-02","BANDIT-02",Hostile,Patrol,Active,Intercept,MissionAI,"",0,0.45,0,"VIPER-03",False,False,True
38.190000000000971,"BANDIT-03","BANDIT-03",Hostile,Patrol,Active,Intercept,MissionAI,"",0,0.45,0,"VIPER-03",False,False,True
38.190000000000971,"BANDIT-04","BANDIT-04",Hostile,Patrol,Active,Intercept,MissionAI,"",0,0.45,0,"VIPER-03",False,False,True
38.390000000000931,"VIPER-01","VIPER-01",Friendly,Player,Active,Intercept,AutomationPilot,"",0,0.85,0,"BANDIT-01",False,False,True
38.390000000000931,"VIPER-02","VIPER-02",Friendly,Wingman,Active,Intercept,MissionAI,"VIPER-01",1,0.85,0,"BANDIT-01",False,False,True
38.390000000000931,"VIPER-03","VIPER-03",Friendly,Wingman,Active,Intercept,MissionAI,"VIPER-01",2,0.85,0,"BANDIT-01",False,False,True
38.390000000000931,"BANDIT-01","BANDIT-01",Hostile,Patrol,Active,Intercept,MissionAI,"",0,0.45,0,"VIPER-03",False,False,True
38.390000000000931,"BANDIT-02","BANDIT-02",Hostile,Patrol,Active,Intercept,MissionAI,"",0,0.45,0,"VIPER-03",False,False,True
38.390000000000931,"BANDIT-03","BANDIT-03",Hostile,Patrol,Active,Intercept,MissionAI,"",0,0.45,0,"VIPER-03",False,False,True
38.390000000000931,"BANDIT-04","BANDIT-04",Hostile,Patrol,Active,Intercept,MissionAI,"",0,0.45,0,"VIPER-03",False,False,True
38.590000000000892,"VIPER-01","VIPER-01",Friendly,Player,Active,Intercept,AutomationPilot,"",0,0.85,0,"BANDIT-01",False,False,True
38.590000000000892,"VIPER-02","VIPER-02",Friendly,Wingman,Active,Intercept,MissionAI,"VIPER-01",1,0.85,0,"BANDIT-01",False,False,True
38.590000000000892,"VIPER-03","VIPER-03",Friendly,Wingman,Active,Intercept,MissionAI,"VIPER-01",2,0.85,0,"BANDIT-01",False,False,True
38.590000000000892,"BANDIT-01","BANDIT-01",Hostile,Patrol,Active,Intercept,MissionAI,"",0,0.45,0,"VIPER-03",False,False,True
38.590000000000892,"BANDIT-02","BANDIT-02",Hostile,Patrol,Active,Intercept,MissionAI,"",0,0.45,0,"VIPER-03",False,False,True
38.590000000000892,"BANDIT-03","BANDIT-03",Hostile,Patrol,Active,Intercept,MissionAI,"",0,0.45,0,"VIPER-03",False,False,True
38.590000000000892,"BANDIT-04","BANDIT-04",Hostile,Patrol,Active,Intercept,MissionAI,"",0,0.45,0,"VIPER-03",False,False,True
38.790000000000852,"VIPER-01","VIPER-01",Friendly,Player,Active,Intercept,AutomationPilot,"",0,0.85,0,"BANDIT-01",False,False,True
38.790000000000852,"VIPER-02","VIPER-02",Friendly,Wingman,Active,Intercept,MissionAI,"VIPER-01",1,0.85,0,"BANDIT-01",False,False,True
38.790000000000852,"VIPER-03","VIPER-03",Friendly,Wingman,Active,Intercept,MissionAI,"VIPER-01",2,0.85,0,"BANDIT-01",False,False,True
38.790000000000852,"BANDIT-01","BANDIT-01",Hostile,Patrol,Active,Intercept,MissionAI,"",0,0.45,0,"VIPER-03",False,False,True
38.790000000000852,"BANDIT-02","BANDIT-02",Hostile,Patrol,Active,Intercept,MissionAI,"",0,0.45,0,"VIPER-03",False,False,True
38.790000000000852,"BANDIT-03","BANDIT-03",Hostile,Patrol,Active,Intercept,MissionAI,"",0,0.45,0,"VIPER-03",False,False,True
38.790000000000852,"BANDIT-04","BANDIT-04",Hostile,Patrol,Active,Intercept,MissionAI,"",0,0.45,0,"VIPER-03",False,False,True
38.990000000000812,"VIPER-01","VIPER-01",Friendly,Player,Active,Intercept,AutomationPilot,"",0,0.85,0,"BANDIT-01",False,False,True
38.990000000000812,"VIPER-02","VIPER-02",Friendly,Wingman,Active,Intercept,MissionAI,"VIPER-01",1,0.85,0,"BANDIT-01",False,False,True
38.990000000000812,"VIPER-03","VIPER-03",Friendly,Wingman,Active,Intercept,MissionAI,"VIPER-01",2,0.85,0,"BANDIT-01",False,False,True
38.990000000000812,"BANDIT-01","BANDIT-01",Hostile,Patrol,Active,Intercept,MissionAI,"",0,0.45,0,"VIPER-03",False,False,True
38.990000000000812,"BANDIT-02","BANDIT-02",Hostile,Patrol,Active,Intercept,MissionAI,"",0,0.45,0,"VIPER-03",False,False,True
38.990000000000812,"BANDIT-03","BANDIT-03",Hostile,Patrol,Active,Intercept,MissionAI,"",0,0.45,0,"VIPER-03",False,False,True
38.990000000000812,"BANDIT-04","BANDIT-04",Hostile,Patrol,Active,Intercept,MissionAI,"",0,0.45,0,"VIPER-03",False,False,True
39.190000000000772,"VIPER-01","VIPER-01",Friendly,Player,Active,Intercept,AutomationPilot,"",0,0.85,0,"BANDIT-01",False,False,True
39.190000000000772,"VIPER-02","VIPER-02",Friendly,Wingman,Active,Intercept,MissionAI,"VIPER-01",1,0.85,0,"BANDIT-01",False,False,True
39.190000000000772,"VIPER-03","VIPER-03",Friendly,Wingman,Active,Intercept,MissionAI,"VIPER-01",2,0.85,0,"BANDIT-01",False,False,True
39.190000000000772,"BANDIT-01","BANDIT-01",Hostile,Patrol,Active,Intercept,MissionAI,"",0,0.45,0,"VIPER-03",False,False,True
39.190000000000772,"BANDIT-02","BANDIT-02",Hostile,Patrol,Active,Intercept,MissionAI,"",0,0.45,0,"VIPER-03",False,False,True
39.190000000000772,"BANDIT-03","BANDIT-03",Hostile,Patrol,Active,Intercept,MissionAI,"",0,0.45,0,"VIPER-03",False,False,True
39.190000000000772,"BANDIT-04","BANDIT-04",Hostile,Patrol,Active,Intercept,MissionAI,"",0,0.45,0,"VIPER-03",False,False,True
39.390000000000732,"VIPER-01","VIPER-01",Friendly,Player,Active,Intercept,AutomationPilot,"",0,0.85,0,"BANDIT-01",False,False,True
39.390000000000732,"VIPER-02","VIPER-02",Friendly,Wingman,Active,Intercept,MissionAI,"VIPER-01",1,0.85,0,"BANDIT-01",False,False,True
39.390000000000732,"VIPER-03","VIPER-03",Friendly,Wingman,Active,Intercept,MissionAI,"VIPER-01",2,0.85,0,"BANDIT-01",False,False,True
39.390000000000732,"BANDIT-01","BANDIT-01",Hostile,Patrol,Active,Intercept,MissionAI,"",0,0.45,0,"VIPER-03",False,False,True
39.390000000000732,"BANDIT-02","BANDIT-02",Hostile,Patrol,Active,Intercept,MissionAI,"",0,0.45,0,"VIPER-03",False,False,True
39.390000000000732,"BANDIT-03","BANDIT-03",Hostile,Patrol,Active,Intercept,MissionAI,"",0,0.45,0,"VIPER-03",False,False,True
39.390000000000732,"BANDIT-04","BANDIT-04",Hostile,Patrol,Active,Intercept,MissionAI,"",0,0.45,0,"VIPER-03",False,False,True
39.590000000000693,"VIPER-01","VIPER-01",Friendly,Player,Active,Intercept,AutomationPilot,"",0,0.85,0,"BANDIT-01",False,False,True
39.590000000000693,"VIPER-02","VIPER-02",Friendly,Wingman,Active,Intercept,MissionAI,"VIPER-01",1,0.85,0,"BANDIT-01",False,False,True
39.590000000000693,"VIPER-03","VIPER-03",Friendly,Wingman,Active,Intercept,MissionAI,"VIPER-01",2,0.85,0,"BANDIT-01",False,False,True
39.590000000000693,"BANDIT-01","BANDIT-01",Hostile,Patrol,Active,Intercept,MissionAI,"",0,0.45,0,"VIPER-03",False,False,True
39.590000000000693,"BANDIT-02","BANDIT-02",Hostile,Patrol,Active,Intercept,MissionAI,"",0,0.45,0,"VIPER-03",False,False,True
39.590000000000693,"BANDIT-03","BANDIT-03",Hostile,Patrol,Active,Intercept,MissionAI,"",0,0.45,0,"VIPER-03",False,False,True
39.590000000000693,"BANDIT-04","BANDIT-04",Hostile,Patrol,Active,Intercept,MissionAI,"",0,0.45,0,"VIPER-03",False,False,True
39.790000000000653,"VIPER-01","VIPER-01",Friendly,Player,Active,Intercept,AutomationPilot,"",0,0.85,0,"BANDIT-01",False,False,True
39.790000000000653,"VIPER-02","VIPER-02",Friendly,Wingman,Active,Intercept,MissionAI,"VIPER-01",1,0.85,0,"BANDIT-01",False,False,True
39.790000000000653,"VIPER-03","VIPER-03",Friendly,Wingman,Active,Intercept,MissionAI,"VIPER-01",2,0.85,0,"BANDIT-01",False,False,True
39.790000000000653,"BANDIT-01","BANDIT-01",Hostile,Patrol,Active,Intercept,MissionAI,"",0,0.45,0,"VIPER-03",False,False,True
39.790000000000653,"BANDIT-02","BANDIT-02",Hostile,Patrol,Active,Intercept,MissionAI,"",0,0.45,0,"VIPER-03",False,False,True
39.790000000000653,"BANDIT-03","BANDIT-03",Hostile,Patrol,Active,Intercept,MissionAI,"",0,0.45,0,"VIPER-03",False,False,True
39.790000000000653,"BANDIT-04","BANDIT-04",Hostile,Patrol,Active,Intercept,MissionAI,"",0,0.45,0,"VIPER-03",False,False,True
39.990000000000613,"VIPER-01","VIPER-01",Friendly,Player,Active,Intercept,AutomationPilot,"",0,0.85,0,"BANDIT-01",False,False,True
39.990000000000613,"VIPER-02","VIPER-02",Friendly,Wingman,Active,Intercept,MissionAI,"VIPER-01",1,0.85,0,"BANDIT-01",False,False,True
39.990000000000613,"VIPER-03","VIPER-03",Friendly,Wingman,Active,Intercept,MissionAI,"VIPER-01",2,0.85,0,"BANDIT-01",False,False,True
39.990000000000613,"BANDIT-01","BANDIT-01",Hostile,Patrol,Active,Intercept,MissionAI,"",0,0.45,0,"VIPER-03",False,False,True
39.990000000000613,"BANDIT-02","BANDIT-02",Hostile,Patrol,Active,Intercept,MissionAI,"",0,0.45,0,"VIPER-03",False,False,True
39.990000000000613,"BANDIT-03","BANDIT-03",Hostile,Patrol,Active,Intercept,MissionAI,"",0,0.45,0,"VIPER-03",False,False,True
39.990000000000613,"BANDIT-04","BANDIT-04",Hostile,Patrol,Active,Intercept,MissionAI,"",0,0.45,0,"VIPER-03",False,False,True
40.190000000000573,"VIPER-01","VIPER-01",Friendly,Player,Active,Intercept,AutomationPilot,"",0,0.85,0,"BANDIT-01",False,False,True
40.190000000000573,"VIPER-02","VIPER-02",Friendly,Wingman,Active,Intercept,MissionAI,"VIPER-01",1,0.85,0,"BANDIT-01",False,False,True
40.190000000000573,"VIPER-03","VIPER-03",Friendly,Wingman,Active,Intercept,MissionAI,"VIPER-01",2,0.85,0,"BANDIT-01",False,False,True
40.190000000000573,"BANDIT-01","BANDIT-01",Hostile,Patrol,Active,Intercept,MissionAI,"",0,0.45,0,"VIPER-03",False,False,True
40.190000000000573,"BANDIT-02","BANDIT-02",Hostile,Patrol,Active,Intercept,MissionAI,"",0,0.45,0,"VIPER-03",False,False,True
40.190000000000573,"BANDIT-03","BANDIT-03",Hostile,Patrol,Active,Intercept,MissionAI,"",0,0.45,0,"VIPER-03",False,False,True
40.190000000000573,"BANDIT-04","BANDIT-04",Hostile,Patrol,Active,Intercept,MissionAI,"",0,0.45,0,"VIPER-03",False,False,True
40.390000000000533,"VIPER-01","VIPER-01",Friendly,Player,Active,Intercept,AutomationPilot,"",0,0.85,0,"BANDIT-01",False,False,True
40.390000000000533,"VIPER-02","VIPER-02",Friendly,Wingman,Active,Intercept,MissionAI,"VIPER-01",1,0.85,0,"BANDIT-01",False,False,True
40.390000000000533,"VIPER-03","VIPER-03",Friendly,Wingman,Active,Intercept,MissionAI,"VIPER-01",2,0.85,0,"BANDIT-01",False,False,True
40.390000000000533,"BANDIT-01","BANDIT-01",Hostile,Patrol,Active,Intercept,MissionAI,"",0,0.45,0,"VIPER-03",False,False,True
40.390000000000533,"BANDIT-02","BANDIT-02",Hostile,Patrol,Active,Intercept,MissionAI,"",0,0.45,0,"VIPER-03",False,False,True
40.390000000000533,"BANDIT-03","BANDIT-03",Hostile,Patrol,Active,Intercept,MissionAI,"",0,0.45,0,"VIPER-03",False,False,True
40.390000000000533,"BANDIT-04","BANDIT-04",Hostile,Patrol,Active,Intercept,MissionAI,"",0,0.45,0,"VIPER-03",False,False,True
40.590000000000494,"VIPER-01","VIPER-01",Friendly,Player,Active,Intercept,AutomationPilot,"",0,0.85,0,"BANDIT-01",False,False,True
40.590000000000494,"VIPER-02","VIPER-02",Friendly,Wingman,Active,Intercept,MissionAI,"VIPER-01",1,0.85,0,"BANDIT-01",False,False,True
40.590000000000494,"VIPER-03","VIPER-03",Friendly,Wingman,Active,Intercept,MissionAI,"VIPER-01",2,0.85,0,"BANDIT-01",False,False,True
40.590000000000494,"BANDIT-01","BANDIT-01",Hostile,Patrol,Active,Intercept,MissionAI,"",0,0.45,0,"VIPER-03",False,False,True
40.590000000000494,"BANDIT-02","BANDIT-02",Hostile,Patrol,Active,Intercept,MissionAI,"",0,0.45,0,"VIPER-03",False,False,True
40.590000000000494,"BANDIT-03","BANDIT-03",Hostile,Patrol,Active,Intercept,MissionAI,"",0,0.45,0,"VIPER-03",False,False,True
40.590000000000494,"BANDIT-04","BANDIT-04",Hostile,Patrol,Active,Intercept,MissionAI,"",0,0.45,0,"VIPER-03",False,False,True
40.790000000000454,"VIPER-01","VIPER-01",Friendly,Player,Active,Intercept,AutomationPilot,"",0,0.85,0,"BANDIT-01",False,False,True
40.790000000000454,"VIPER-02","VIPER-02",Friendly,Wingman,Active,Intercept,MissionAI,"VIPER-01",1,0.85,0,"BANDIT-01",False,False,True
40.790000000000454,"VIPER-03","VIPER-03",Friendly,Wingman,Active,Intercept,MissionAI,"VIPER-01",2,0.85,0,"BANDIT-01",False,False,True
40.790000000000454,"BANDIT-01","BANDIT-01",Hostile,Patrol,Active,Intercept,MissionAI,"",0,0.45,0,"VIPER-03",False,False,True
40.790000000000454,"BANDIT-02","BANDIT-02",Hostile,Patrol,Active,Intercept,MissionAI,"",0,0.45,0,"VIPER-03",False,False,True
40.790000000000454,"BANDIT-03","BANDIT-03",Hostile,Patrol,Active,Intercept,MissionAI,"",0,0.45,0,"VIPER-03",False,False,True
40.790000000000454,"BANDIT-04","BANDIT-04",Hostile,Patrol,Active,Intercept,MissionAI,"",0,0.45,0,"VIPER-03",False,False,True
40.990000000000414,"VIPER-01","VIPER-01",Friendly,Player,Active,Intercept,AutomationPilot,"",0,0.85,0,"BANDIT-01",False,False,True
40.990000000000414,"VIPER-02","VIPER-02",Friendly,Wingman,Active,Intercept,MissionAI,"VIPER-01",1,0.85,0,"BANDIT-01",False,False,True
40.990000000000414,"VIPER-03","VIPER-03",Friendly,Wingman,Active,Intercept,MissionAI,"VIPER-01",2,0.85,0,"BANDIT-01",False,False,True
40.990000000000414,"BANDIT-01","BANDIT-01",Hostile,Patrol,Active,Intercept,MissionAI,"",0,0.45,0,"VIPER-03",False,False,True
40.990000000000414,"BANDIT-02","BANDIT-02",Hostile,Patrol,Active,Intercept,MissionAI,"",0,0.45,0,"VIPER-03",False,False,True
40.990000000000414,"BANDIT-03","BANDIT-03",Hostile,Patrol,Active,Intercept,MissionAI,"",0,0.45,0,"VIPER-03",False,False,True
40.990000000000414,"BANDIT-04","BANDIT-04",Hostile,Patrol,Active,Intercept,MissionAI,"",0,0.45,0,"VIPER-03",False,False,True
41.190000000000374,"VIPER-01","VIPER-01",Friendly,Player,Active,Intercept,AutomationPilot,"",0,0.85,0,"BANDIT-01",False,False,True
41.190000000000374,"VIPER-02","VIPER-02",Friendly,Wingman,Active,Intercept,MissionAI,"VIPER-01",1,0.85,0,"BANDIT-01",False,False,True
41.190000000000374,"VIPER-03","VIPER-03",Friendly,Wingman,Active,Intercept,MissionAI,"VIPER-01",2,0.85,0,"BANDIT-01",False,False,True
41.190000000000374,"BANDIT-01","BANDIT-01",Hostile,Patrol,Active,Intercept,MissionAI,"",0,0.45,0,"VIPER-03",False,False,True
41.190000000000374,"BANDIT-02","BANDIT-02",Hostile,Patrol,Active,Intercept,MissionAI,"",0,0.45,0,"VIPER-03",False,False,True
41.190000000000374,"BANDIT-03","BANDIT-03",Hostile,Patrol,Active,Intercept,MissionAI,"",0,0.45,0,"VIPER-03",False,False,True
41.190000000000374,"BANDIT-04","BANDIT-04",Hostile,Patrol,Active,Intercept,MissionAI,"",0,0.45,0,"VIPER-03",False,False,True
41.390000000000335,"VIPER-01","VIPER-01",Friendly,Player,Active,Intercept,AutomationPilot,"",0,0.85,0,"BANDIT-01",False,False,True
41.390000000000335,"VIPER-02","VIPER-02",Friendly,Wingman,Active,Intercept,MissionAI,"VIPER-01",1,0.85,0,"BANDIT-01",False,False,True
41.390000000000335,"VIPER-03","VIPER-03",Friendly,Wingman,Active,Intercept,MissionAI,"VIPER-01",2,0.85,0,"BANDIT-01",False,False,True
41.390000000000335,"BANDIT-01","BANDIT-01",Hostile,Patrol,Active,Intercept,MissionAI,"",0,0.45,0,"VIPER-03",False,False,True
41.390000000000335,"BANDIT-02","BANDIT-02",Hostile,Patrol,Active,Intercept,MissionAI,"",0,0.45,0,"VIPER-03",False,False,True
41.390000000000335,"BANDIT-03","BANDIT-03",Hostile,Patrol,Active,Intercept,MissionAI,"",0,0.45,0,"VIPER-03",False,False,True
41.390000000000335,"BANDIT-04","BANDIT-04",Hostile,Patrol,Active,Intercept,MissionAI,"",0,0.45,0,"VIPER-03",False,False,True
41.590000000000295,"VIPER-01","VIPER-01",Friendly,Player,Active,Intercept,AutomationPilot,"",0,0.85,0,"BANDIT-01",False,False,True
41.590000000000295,"VIPER-02","VIPER-02",Friendly,Wingman,Active,Intercept,MissionAI,"VIPER-01",1,0.85,0,"BANDIT-01",False,False,True
41.590000000000295,"VIPER-03","VIPER-03",Friendly,Wingman,Active,Intercept,MissionAI,"VIPER-01",2,0.85,0,"BANDIT-01",False,False,True
41.590000000000295,"BANDIT-01","BANDIT-01",Hostile,Patrol,Active,Intercept,MissionAI,"",0,0.45,0,"VIPER-03",False,False,True
41.590000000000295,"BANDIT-02","BANDIT-02",Hostile,Patrol,Active,Intercept,MissionAI,"",0,0.45,0,"VIPER-03",False,False,True
41.590000000000295,"BANDIT-03","BANDIT-03",Hostile,Patrol,Active,Intercept,MissionAI,"",0,0.45,0,"VIPER-03",False,False,True
41.590000000000295,"BANDIT-04","BANDIT-04",Hostile,Patrol,Active,Intercept,MissionAI,"",0,0.45,0,"VIPER-03",False,False,True
41.790000000000255,"VIPER-01","VIPER-01",Friendly,Player,Active,Intercept,AutomationPilot,"",0,0.85,0,"BANDIT-01",False,False,True
41.790000000000255,"VIPER-02","VIPER-02",Friendly,Wingman,Active,Intercept,MissionAI,"VIPER-01",1,0.85,0,"BANDIT-01",False,False,True
41.790000000000255,"VIPER-03","VIPER-03",Friendly,Wingman,Active,Intercept,MissionAI,"VIPER-01",2,0.85,0,"BANDIT-01",False,False,True
41.790000000000255,"BANDIT-01","BANDIT-01",Hostile,Patrol,Active,Intercept,MissionAI,"",0,0.45,0,"VIPER-03",False,False,True
41.790000000000255,"BANDIT-02","BANDIT-02",Hostile,Patrol,Active,Intercept,MissionAI,"",0,0.45,0,"VIPER-03",False,False,True
41.790000000000255,"BANDIT-03","BANDIT-03",Hostile,Patrol,Active,Intercept,MissionAI,"",0,0.45,0,"VIPER-03",False,False,True
41.790000000000255,"BANDIT-04","BANDIT-04",Hostile,Patrol,Active,Intercept,MissionAI,"",0,0.45,0,"VIPER-03",False,False,True
41.990000000000215,"VIPER-01","VIPER-01",Friendly,Player,Active,Intercept,AutomationPilot,"",0,0.85,0,"BANDIT-01",False,False,True
41.990000000000215,"VIPER-02","VIPER-02",Friendly,Wingman,Active,Intercept,MissionAI,"VIPER-01",1,0.85,0,"BANDIT-01",False,False,True
41.990000000000215,"VIPER-03","VIPER-03",Friendly,Wingman,Active,Intercept,MissionAI,"VIPER-01",2,0.85,0,"BANDIT-01",False,False,True
41.990000000000215,"BANDIT-01","BANDIT-01",Hostile,Patrol,Active,Intercept,MissionAI,"",0,0.45,0,"VIPER-03",False,False,True
41.990000000000215,"BANDIT-02","BANDIT-02",Hostile,Patrol,Active,Intercept,MissionAI,"",0,0.45,0,"VIPER-03",False,False,True
41.990000000000215,"BANDIT-03","BANDIT-03",Hostile,Patrol,Active,Intercept,MissionAI,"",0,0.45,0,"VIPER-03",False,False,True
41.990000000000215,"BANDIT-04","BANDIT-04",Hostile,Patrol,Active,Intercept,MissionAI,"",0,0.45,0,"VIPER-03",False,False,True
42.190000000000175,"VIPER-01","VIPER-01",Friendly,Player,Active,Intercept,AutomationPilot,"",0,0.85,0,"BANDIT-01",False,False,True
42.190000000000175,"VIPER-02","VIPER-02",Friendly,Wingman,Active,Intercept,MissionAI,"VIPER-01",1,0.85,0,"BANDIT-01",False,False,True
42.190000000000175,"VIPER-03","VIPER-03",Friendly,Wingman,Active,Intercept,MissionAI,"VIPER-01",2,0.85,0,"BANDIT-01",False,False,True
42.190000000000175,"BANDIT-01","BANDIT-01",Hostile,Patrol,Active,Intercept,MissionAI,"",0,0.45,0,"VIPER-03",False,False,True
42.190000000000175,"BANDIT-02","BANDIT-02",Hostile,Patrol,Active,Intercept,MissionAI,"",0,0.45,0,"VIPER-03",False,False,True
42.190000000000175,"BANDIT-03","BANDIT-03",Hostile,Patrol,Active,Intercept,MissionAI,"",0,0.45,0,"VIPER-03",False,False,True
42.190000000000175,"BANDIT-04","BANDIT-04",Hostile,Patrol,Active,Intercept,MissionAI,"",0,0.45,0,"VIPER-03",False,False,True
42.390000000000136,"VIPER-01","VIPER-01",Friendly,Player,Active,Intercept,AutomationPilot,"",0,0.85,0,"BANDIT-01",False,False,True
42.390000000000136,"VIPER-02","VIPER-02",Friendly,Wingman,Active,Intercept,MissionAI,"VIPER-01",1,0.85,0,"BANDIT-01",False,False,True
42.390000000000136,"VIPER-03","VIPER-03",Friendly,Wingman,Active,Intercept,MissionAI,"VIPER-01",2,0.85,0,"BANDIT-01",False,False,True
42.390000000000136,"BANDIT-01","BANDIT-01",Hostile,Patrol,Active,Intercept,MissionAI,"",0,0.45,0,"VIPER-03",False,False,True
42.390000000000136,"BANDIT-02","BANDIT-02",Hostile,Patrol,Active,Intercept,MissionAI,"",0,0.45,0,"VIPER-03",False,False,True
42.390000000000136,"BANDIT-03","BANDIT-03",Hostile,Patrol,Active,Intercept,MissionAI,"",0,0.45,0,"VIPER-03",False,False,True
42.390000000000136,"BANDIT-04","BANDIT-04",Hostile,Patrol,Active,Intercept,MissionAI,"",0,0.45,0,"VIPER-03",False,False,True
42.590000000000096,"VIPER-01","VIPER-01",Friendly,Player,Active,Intercept,AutomationPilot,"",0,0.85,0,"BANDIT-01",False,False,True
42.590000000000096,"VIPER-02","VIPER-02",Friendly,Wingman,Active,Intercept,MissionAI,"VIPER-01",1,0.85,0,"BANDIT-01",False,False,True
42.590000000000096,"VIPER-03","VIPER-03",Friendly,Wingman,Active,Intercept,MissionAI,"VIPER-01",2,0.85,0,"BANDIT-01",False,False,True
42.590000000000096,"BANDIT-01","BANDIT-01",Hostile,Patrol,Active,Intercept,MissionAI,"",0,0.45,0,"VIPER-03",False,False,True
42.590000000000096,"BANDIT-02","BANDIT-02",Hostile,Patrol,Active,Intercept,MissionAI,"",0,0.45,0,"VIPER-03",False,False,True
42.590000000000096,"BANDIT-03","BANDIT-03",Hostile,Patrol,Active,Intercept,MissionAI,"",0,0.45,0,"VIPER-03",False,False,True
42.590000000000096,"BANDIT-04","BANDIT-04",Hostile,Patrol,Active,Intercept,MissionAI,"",0,0.45,0,"VIPER-03",False,False,True
42.790000000000056,"VIPER-01","VIPER-01",Friendly,Player,Active,Intercept,AutomationPilot,"",0,0.85,0,"BANDIT-01",False,False,True
42.790000000000056,"VIPER-02","VIPER-02",Friendly,Wingman,Active,Intercept,MissionAI,"VIPER-01",1,0.85,0,"BANDIT-01",False,False,True
42.790000000000056,"VIPER-03","VIPER-03",Friendly,Wingman,Active,Intercept,MissionAI,"VIPER-01",2,0.85,0,"BANDIT-01",False,False,True
42.790000000000056,"BANDIT-01","BANDIT-01",Hostile,Patrol,Active,Intercept,MissionAI,"",0,0.45,0,"VIPER-03",False,False,True
42.790000000000056,"BANDIT-02","BANDIT-02",Hostile,Patrol,Active,Intercept,MissionAI,"",0,0.45,0,"VIPER-03",False,False,True
42.790000000000056,"BANDIT-03","BANDIT-03",Hostile,Patrol,Active,Intercept,MissionAI,"",0,0.45,0,"VIPER-03",False,False,True
42.790000000000056,"BANDIT-04","BANDIT-04",Hostile,Patrol,Active,Intercept,MissionAI,"",0,0.45,0,"VIPER-03",False,False,True
42.990000000000016,"VIPER-01","VIPER-01",Friendly,Player,Active,Intercept,AutomationPilot,"",0,0.85,0,"BANDIT-01",False,False,True
42.990000000000016,"VIPER-02","VIPER-02",Friendly,Wingman,Active,Intercept,MissionAI,"VIPER-01",1,0.85,0,"BANDIT-01",False,False,True
42.990000000000016,"VIPER-03","VIPER-03",Friendly,Wingman,Active,Intercept,MissionAI,"VIPER-01",2,0.85,0,"BANDIT-01",False,False,True
42.990000000000016,"BANDIT-01","BANDIT-01",Hostile,Patrol,Active,Intercept,MissionAI,"",0,0.45,0,"VIPER-03",False,False,True
42.990000000000016,"BANDIT-02","BANDIT-02",Hostile,Patrol,Active,Intercept,MissionAI,"",0,0.45,0,"VIPER-03",False,False,True
42.990000000000016,"BANDIT-03","BANDIT-03",Hostile,Patrol,Active,Intercept,MissionAI,"",0,0.45,0,"VIPER-03",False,False,True
42.990000000000016,"BANDIT-04","BANDIT-04",Hostile,Patrol,Active,Intercept,MissionAI,"",0,0.45,0,"VIPER-03",False,False,True
43.189999999999976,"VIPER-01","VIPER-01",Friendly,Player,Active,Intercept,AutomationPilot,"",0,0.85,0,"BANDIT-01",False,False,True
43.189999999999976,"VIPER-02","VIPER-02",Friendly,Wingman,Active,Intercept,MissionAI,"VIPER-01",1,0.85,0,"BANDIT-01",False,False,True
43.189999999999976,"VIPER-03","VIPER-03",Friendly,Wingman,Active,Intercept,MissionAI,"VIPER-01",2,0.85,0,"BANDIT-01",False,False,True
43.189999999999976,"BANDIT-01","BANDIT-01",Hostile,Patrol,Active,Intercept,MissionAI,"",0,0.45,0,"VIPER-03",False,False,True
43.189999999999976,"BANDIT-02","BANDIT-02",Hostile,Patrol,Active,Intercept,MissionAI,"",0,0.45,0,"VIPER-03",False,False,True
43.189999999999976,"BANDIT-03","BANDIT-03",Hostile,Patrol,Active,Intercept,MissionAI,"",0,0.45,0,"VIPER-03",False,False,True
43.189999999999976,"BANDIT-04","BANDIT-04",Hostile,Patrol,Active,Intercept,MissionAI,"",0,0.45,0,"VIPER-03",False,False,True
43.389999999999937,"VIPER-01","VIPER-01",Friendly,Player,Active,Engage,AutomationPilot,"",0,0.85,0,"BANDIT-01",False,True,True
43.389999999999937,"VIPER-02","VIPER-02",Friendly,Wingman,Active,Intercept,MissionAI,"VIPER-01",1,0.85,0,"BANDIT-01",False,False,True
43.389999999999937,"VIPER-03","VIPER-03",Friendly,Wingman,Active,Intercept,MissionAI,"VIPER-01",2,0.85,0,"BANDIT-01",False,False,True
43.389999999999937,"BANDIT-01","BANDIT-01",Hostile,Patrol,Active,Evade,MissionAI,"",0,0.45,0,"VIPER-03",False,False,True
43.389999999999937,"BANDIT-02","BANDIT-02",Hostile,Patrol,Active,Intercept,MissionAI,"",0,0.45,0,"VIPER-03",False,False,True
43.389999999999937,"BANDIT-03","BANDIT-03",Hostile,Patrol,Active,Intercept,MissionAI,"",0,0.45,0,"VIPER-03",False,False,True
43.389999999999937,"BANDIT-04","BANDIT-04",Hostile,Patrol,Active,Intercept,MissionAI,"",0,0.45,0,"VIPER-03",False,False,True
43.5899999999999,"VIPER-01","VIPER-01",Friendly,Player,Active,Engage,AutomationPilot,"",0,0.85,0,"BANDIT-01",False,True,True
43.5899999999999,"VIPER-02","VIPER-02",Friendly,Wingman,Active,Intercept,MissionAI,"VIPER-01",1,0.85,0,"BANDIT-01",False,False,True
43.5899999999999,"VIPER-03","VIPER-03",Friendly,Wingman,Active,Engage,MissionAI,"VIPER-01",2,0.85,0,"BANDIT-01",False,True,True
43.5899999999999,"BANDIT-01","BANDIT-01",Hostile,Patrol,Active,Evade,MissionAI,"",0,0.45,0,"VIPER-03",False,False,True
43.5899999999999,"BANDIT-02","BANDIT-02",Hostile,Patrol,Active,Intercept,MissionAI,"",0,0.45,0,"VIPER-03",False,False,True
43.5899999999999,"BANDIT-03","BANDIT-03",Hostile,Patrol,Active,Intercept,MissionAI,"",0,0.45,0,"VIPER-03",False,False,True
43.5899999999999,"BANDIT-04","BANDIT-04",Hostile,Patrol,Active,Intercept,MissionAI,"",0,0.45,0,"VIPER-03",False,False,True
43.789999999999857,"VIPER-01","VIPER-01",Friendly,Player,Active,Engage,AutomationPilot,"",0,0.85,0,"BANDIT-01",False,True,True
43.789999999999857,"VIPER-02","VIPER-02",Friendly,Wingman,Active,Engage,MissionAI,"VIPER-01",1,0.85,0,"BANDIT-01",False,True,True
43.789999999999857,"VIPER-03","VIPER-03",Friendly,Wingman,Active,Engage,MissionAI,"VIPER-01",2,0.85,0,"BANDIT-01",False,True,True
43.789999999999857,"BANDIT-01","BANDIT-01",Hostile,Patrol,Active,Evade,MissionAI,"",0,0.45,0,"VIPER-03",False,False,True
43.789999999999857,"BANDIT-02","BANDIT-02",Hostile,Patrol,Active,Intercept,MissionAI,"",0,0.45,0,"VIPER-03",False,False,True
43.789999999999857,"BANDIT-03","BANDIT-03",Hostile,Patrol,Active,Intercept,MissionAI,"",0,0.45,0,"VIPER-03",False,False,True
43.789999999999857,"BANDIT-04","BANDIT-04",Hostile,Patrol,Active,Intercept,MissionAI,"",0,0.45,0,"VIPER-03",False,False,True
43.989999999999817,"VIPER-01","VIPER-01",Friendly,Player,Active,Engage,AutomationPilot,"",0,0.85,0,"BANDIT-01",False,True,True
43.989999999999817,"VIPER-02","VIPER-02",Friendly,Wingman,Active,Engage,MissionAI,"VIPER-01",1,0.85,0,"BANDIT-01",False,True,True
43.989999999999817,"VIPER-03","VIPER-03",Friendly,Wingman,Active,Engage,MissionAI,"VIPER-01",2,0.85,0,"BANDIT-01",False,True,True
43.989999999999817,"BANDIT-01","BANDIT-01",Hostile,Patrol,Active,Evade,MissionAI,"",0,0.45,0,"VIPER-03",False,False,True
43.989999999999817,"BANDIT-02","BANDIT-02",Hostile,Patrol,Active,Intercept,MissionAI,"",0,0.45,0,"VIPER-03",False,False,True
43.989999999999817,"BANDIT-03","BANDIT-03",Hostile,Patrol,Active,Intercept,MissionAI,"",0,0.45,0,"VIPER-03",False,False,True
43.989999999999817,"BANDIT-04","BANDIT-04",Hostile,Patrol,Active,Intercept,MissionAI,"",0,0.45,0,"VIPER-03",False,False,True
44.189999999999777,"VIPER-01","VIPER-01",Friendly,Player,Active,Engage,AutomationPilot,"",0,0.85,0,"BANDIT-01",False,True,True
44.189999999999777,"VIPER-02","VIPER-02",Friendly,Wingman,Active,Engage,MissionAI,"VIPER-01",1,0.85,0,"BANDIT-01",False,True,True
44.189999999999777,"VIPER-03","VIPER-03",Friendly,Wingman,Active,Engage,MissionAI,"VIPER-01",2,0.85,0,"BANDIT-01",False,True,True
44.189999999999777,"BANDIT-01","BANDIT-01",Hostile,Patrol,Active,Evade,MissionAI,"",0,0.45,0,"VIPER-03",False,False,True
44.189999999999777,"BANDIT-02","BANDIT-02",Hostile,Patrol,Active,Intercept,MissionAI,"",0,0.45,0,"VIPER-03",False,False,True
44.189999999999777,"BANDIT-03","BANDIT-03",Hostile,Patrol,Active,Intercept,MissionAI,"",0,0.45,0,"VIPER-03",False,False,True
44.189999999999777,"BANDIT-04","BANDIT-04",Hostile,Patrol,Active,Intercept,MissionAI,"",0,0.45,0,"VIPER-03",False,False,True
44.389999999999738,"VIPER-01","VIPER-01",Friendly,Player,Active,Engage,AutomationPilot,"",0,0.85,0,"BANDIT-01",False,True,True
44.389999999999738,"VIPER-02","VIPER-02",Friendly,Wingman,Active,Engage,MissionAI,"VIPER-01",1,0.85,0,"BANDIT-01",False,True,True
44.389999999999738,"VIPER-03","VIPER-03",Friendly,Wingman,Active,Engage,MissionAI,"VIPER-01",2,0.85,0,"BANDIT-01",False,True,True
44.389999999999738,"BANDIT-01","BANDIT-01",Hostile,Patrol,Active,Evade,MissionAI,"",0,0.45,0,"VIPER-03",False,False,True
44.389999999999738,"BANDIT-02","BANDIT-02",Hostile,Patrol,Active,Intercept,MissionAI,"",0,0.45,0,"VIPER-03",False,False,True
44.389999999999738,"BANDIT-03","BANDIT-03",Hostile,Patrol,Active,Intercept,MissionAI,"",0,0.45,0,"VIPER-03",False,False,True
44.389999999999738,"BANDIT-04","BANDIT-04",Hostile,Patrol,Active,Intercept,MissionAI,"",0,0.45,0,"VIPER-03",False,False,True
44.5899999999997,"VIPER-01","VIPER-01",Friendly,Player,Active,Engage,AutomationPilot,"",0,0.85,0,"BANDIT-01",False,True,True
44.5899999999997,"VIPER-02","VIPER-02",Friendly,Wingman,Active,Engage,MissionAI,"VIPER-01",1,0.85,0,"BANDIT-01",False,True,True
44.5899999999997,"VIPER-03","VIPER-03",Friendly,Wingman,Active,Engage,MissionAI,"VIPER-01",2,0.85,0,"BANDIT-01",False,True,True
44.5899999999997,"BANDIT-01","BANDIT-01",Hostile,Patrol,Active,Evade,MissionAI,"",0,0.45,0,"VIPER-03",False,False,True
44.5899999999997,"BANDIT-02","BANDIT-02",Hostile,Patrol,Active,Intercept,MissionAI,"",0,0.45,0,"VIPER-03",False,False,True
44.5899999999997,"BANDIT-03","BANDIT-03",Hostile,Patrol,Active,Intercept,MissionAI,"",0,0.45,0,"VIPER-03",False,False,True
44.5899999999997,"BANDIT-04","BANDIT-04",Hostile,Patrol,Active,Intercept,MissionAI,"",0,0.45,0,"VIPER-03",False,False,True
44.789999999999658,"VIPER-01","VIPER-01",Friendly,Player,Active,Engage,AutomationPilot,"",0,0.85,0,"BANDIT-01",False,True,True
44.789999999999658,"VIPER-02","VIPER-02",Friendly,Wingman,Active,Engage,MissionAI,"VIPER-01",1,0.85,0,"BANDIT-01",False,True,True
44.789999999999658,"VIPER-03","VIPER-03",Friendly,Wingman,Active,Engage,MissionAI,"VIPER-01",2,0.85,0,"BANDIT-01",False,True,True
44.789999999999658,"BANDIT-01","BANDIT-01",Hostile,Patrol,Active,Evade,MissionAI,"",0,0.45,0,"VIPER-03",False,False,True
44.789999999999658,"BANDIT-02","BANDIT-02",Hostile,Patrol,Active,Intercept,MissionAI,"",0,0.45,0,"VIPER-03",False,False,True
44.789999999999658,"BANDIT-03","BANDIT-03",Hostile,Patrol,Active,Intercept,MissionAI,"",0,0.45,0,"VIPER-03",False,False,True
44.789999999999658,"BANDIT-04","BANDIT-04",Hostile,Patrol,Active,Intercept,MissionAI,"",0,0.45,0,"VIPER-03",False,False,True
44.989999999999618,"VIPER-01","VIPER-01",Friendly,Player,Active,Engage,AutomationPilot,"",0,0.85,0,"BANDIT-01",False,True,True
44.989999999999618,"VIPER-02","VIPER-02",Friendly,Wingman,Active,Engage,MissionAI,"VIPER-01",1,0.85,0,"BANDIT-01",False,True,True
44.989999999999618,"VIPER-03","VIPER-03",Friendly,Wingman,Active,Engage,MissionAI,"VIPER-01",2,0.85,0,"BANDIT-01",False,True,True
44.989999999999618,"BANDIT-01","BANDIT-01",Hostile,Patrol,Active,Evade,MissionAI,"",0,0.45,0,"VIPER-03",False,False,True
44.989999999999618,"BANDIT-02","BANDIT-02",Hostile,Patrol,Active,Intercept,MissionAI,"",0,0.45,0,"VIPER-03",False,False,True
44.989999999999618,"BANDIT-03","BANDIT-03",Hostile,Patrol,Active,Intercept,MissionAI,"",0,0.45,0,"VIPER-03",False,False,True
44.989999999999618,"BANDIT-04","BANDIT-04",Hostile,Patrol,Active,Intercept,MissionAI,"",0,0.45,0,"VIPER-03",False,False,True
45.189999999999579,"VIPER-01","VIPER-01",Friendly,Player,Active,Engage,AutomationPilot,"",0,0.85,0,"BANDIT-01",False,True,True
45.189999999999579,"VIPER-02","VIPER-02",Friendly,Wingman,Active,Engage,MissionAI,"VIPER-01",1,0.85,0,"BANDIT-01",False,True,True
45.189999999999579,"VIPER-03","VIPER-03",Friendly,Wingman,Active,Engage,MissionAI,"VIPER-01",2,0.85,0,"BANDIT-01",False,True,True
45.189999999999579,"BANDIT-01","BANDIT-01",Hostile,Patrol,Active,Evade,MissionAI,"",0,0.45,0,"VIPER-03",False,False,True
45.189999999999579,"BANDIT-02","BANDIT-02",Hostile,Patrol,Active,Intercept,MissionAI,"",0,0.45,0,"VIPER-03",False,False,True
45.189999999999579,"BANDIT-03","BANDIT-03",Hostile,Patrol,Active,Intercept,MissionAI,"",0,0.45,0,"VIPER-03",False,False,True
45.189999999999579,"BANDIT-04","BANDIT-04",Hostile,Patrol,Active,Intercept,MissionAI,"",0,0.45,0,"VIPER-03",False,False,True
45.389999999999539,"VIPER-01","VIPER-01",Friendly,Player,Active,Engage,AutomationPilot,"",0,0.85,0,"BANDIT-01",False,True,True
45.389999999999539,"VIPER-02","VIPER-02",Friendly,Wingman,Active,Engage,MissionAI,"VIPER-01",1,0.85,0,"BANDIT-01",False,True,True
45.389999999999539,"VIPER-03","VIPER-03",Friendly,Wingman,Active,Engage,MissionAI,"VIPER-01",2,0.85,0,"BANDIT-01",False,True,True
45.389999999999539,"BANDIT-01","BANDIT-01",Hostile,Patrol,Active,Evade,MissionAI,"",0,0.45,0,"VIPER-03",False,False,True
45.389999999999539,"BANDIT-02","BANDIT-02",Hostile,Patrol,Active,Intercept,MissionAI,"",0,0.45,0,"VIPER-03",False,False,True
45.389999999999539,"BANDIT-03","BANDIT-03",Hostile,Patrol,Active,Intercept,MissionAI,"",0,0.45,0,"VIPER-03",False,False,True
45.389999999999539,"BANDIT-04","BANDIT-04",Hostile,Patrol,Active,Intercept,MissionAI,"",0,0.45,0,"VIPER-03",False,False,True
45.5899999999995,"VIPER-01","VIPER-01",Friendly,Player,Active,Engage,AutomationPilot,"",0,0.85,0,"BANDIT-01",False,True,True
45.5899999999995,"VIPER-02","VIPER-02",Friendly,Wingman,Active,Engage,MissionAI,"VIPER-01",1,0.85,0,"BANDIT-01",False,True,True
45.5899999999995,"VIPER-03","VIPER-03",Friendly,Wingman,Active,Engage,MissionAI,"VIPER-01",2,0.85,0,"BANDIT-01",False,True,True
45.5899999999995,"BANDIT-01","BANDIT-01",Hostile,Patrol,Active,Evade,MissionAI,"",0,0.45,0,"VIPER-03",False,False,True
45.5899999999995,"BANDIT-02","BANDIT-02",Hostile,Patrol,Active,Intercept,MissionAI,"",0,0.45,0,"VIPER-03",False,False,True
45.5899999999995,"BANDIT-03","BANDIT-03",Hostile,Patrol,Active,Intercept,MissionAI,"",0,0.45,0,"VIPER-03",False,False,True
45.5899999999995,"BANDIT-04","BANDIT-04",Hostile,Patrol,Active,Intercept,MissionAI,"",0,0.45,0,"VIPER-03",False,False,True
45.789999999999459,"VIPER-01","VIPER-01",Friendly,Player,Active,Engage,AutomationPilot,"",0,0.85,0,"BANDIT-01",False,True,True
45.789999999999459,"VIPER-02","VIPER-02",Friendly,Wingman,Active,Engage,MissionAI,"VIPER-01",1,0.85,0,"BANDIT-01",False,True,True
45.789999999999459,"VIPER-03","VIPER-03",Friendly,Wingman,Active,Engage,MissionAI,"VIPER-01",2,0.85,0,"BANDIT-01",False,True,True
45.789999999999459,"BANDIT-01","BANDIT-01",Hostile,Patrol,Active,Evade,MissionAI,"",0,0.45,0,"VIPER-03",False,False,True
45.789999999999459,"BANDIT-02","BANDIT-02",Hostile,Patrol,Active,Intercept,MissionAI,"",0,0.45,0,"VIPER-03",False,False,True
45.789999999999459,"BANDIT-03","BANDIT-03",Hostile,Patrol,Active,Intercept,MissionAI,"",0,0.45,0,"VIPER-03",False,False,True
45.789999999999459,"BANDIT-04","BANDIT-04",Hostile,Patrol,Active,Intercept,MissionAI,"",0,0.45,0,"VIPER-03",False,False,True
45.989999999999419,"VIPER-01","VIPER-01",Friendly,Player,Active,Engage,AutomationPilot,"",0,0.85,0,"BANDIT-01",False,True,True
45.989999999999419,"VIPER-02","VIPER-02",Friendly,Wingman,Active,Engage,MissionAI,"VIPER-01",1,0.85,0,"BANDIT-01",False,True,True
45.989999999999419,"VIPER-03","VIPER-03",Friendly,Wingman,Active,Engage,MissionAI,"VIPER-01",2,0.85,0,"BANDIT-01",False,True,True
45.989999999999419,"BANDIT-01","BANDIT-01",Hostile,Patrol,Active,Evade,MissionAI,"",0,0.45,0,"VIPER-03",False,False,True
45.989999999999419,"BANDIT-02","BANDIT-02",Hostile,Patrol,Active,Intercept,MissionAI,"",0,0.45,0,"VIPER-03",False,False,True
45.989999999999419,"BANDIT-03","BANDIT-03",Hostile,Patrol,Active,Intercept,MissionAI,"",0,0.45,0,"VIPER-03",False,False,True
45.989999999999419,"BANDIT-04","BANDIT-04",Hostile,Patrol,Active,Intercept,MissionAI,"",0,0.45,0,"VIPER-03",False,False,True
46.18999999999938,"VIPER-01","VIPER-01",Friendly,Player,Active,Engage,AutomationPilot,"",0,0.85,0,"BANDIT-01",False,True,True
46.18999999999938,"VIPER-02","VIPER-02",Friendly,Wingman,Active,Engage,MissionAI,"VIPER-01",1,0.85,0,"BANDIT-01",False,True,True
46.18999999999938,"VIPER-03","VIPER-03",Friendly,Wingman,Active,Engage,MissionAI,"VIPER-01",2,0.85,0,"BANDIT-01",False,True,True
46.18999999999938,"BANDIT-01","BANDIT-01",Hostile,Patrol,Active,Evade,MissionAI,"",0,0.45,0,"VIPER-03",False,False,True
46.18999999999938,"BANDIT-02","BANDIT-02",Hostile,Patrol,Active,Intercept,MissionAI,"",0,0.45,0,"VIPER-03",False,False,True
46.18999999999938,"BANDIT-03","BANDIT-03",Hostile,Patrol,Active,Intercept,MissionAI,"",0,0.45,0,"VIPER-03",False,False,True
46.18999999999938,"BANDIT-04","BANDIT-04",Hostile,Patrol,Active,Intercept,MissionAI,"",0,0.45,0,"VIPER-03",False,False,True
46.38999999999934,"VIPER-01","VIPER-01",Friendly,Player,Active,Engage,AutomationPilot,"",0,0.85,0,"BANDIT-01",False,True,True
46.38999999999934,"VIPER-02","VIPER-02",Friendly,Wingman,Active,Engage,MissionAI,"VIPER-01",1,0.85,0,"BANDIT-01",False,True,True
46.38999999999934,"VIPER-03","VIPER-03",Friendly,Wingman,Active,Engage,MissionAI,"VIPER-01",2,0.85,0,"BANDIT-01",False,True,True
46.38999999999934,"BANDIT-01","BANDIT-01",Hostile,Patrol,Active,Evade,MissionAI,"",0,0.45,0,"VIPER-03",False,False,True
46.38999999999934,"BANDIT-02","BANDIT-02",Hostile,Patrol,Active,Intercept,MissionAI,"",0,0.45,0,"VIPER-03",False,False,True
46.38999999999934,"BANDIT-03","BANDIT-03",Hostile,Patrol,Active,Intercept,MissionAI,"",0,0.45,0,"VIPER-03",False,False,True
46.38999999999934,"BANDIT-04","BANDIT-04",Hostile,Patrol,Active,Intercept,MissionAI,"",0,0.45,0,"VIPER-03",False,False,True
46.5899999999993,"VIPER-01","VIPER-01",Friendly,Player,Active,Engage,AutomationPilot,"",0,0.85,0,"BANDIT-01",False,True,True
46.5899999999993,"VIPER-02","VIPER-02",Friendly,Wingman,Active,Engage,MissionAI,"VIPER-01",1,0.85,0,"BANDIT-01",False,True,True
46.5899999999993,"VIPER-03","VIPER-03",Friendly,Wingman,Active,Engage,MissionAI,"VIPER-01",2,0.85,0,"BANDIT-01",False,True,True
46.5899999999993,"BANDIT-01","BANDIT-01",Hostile,Patrol,Active,Evade,MissionAI,"",0,0.45,0,"VIPER-03",False,False,True
46.5899999999993,"BANDIT-02","BANDIT-02",Hostile,Patrol,Active,Intercept,MissionAI,"",0,0.45,0,"VIPER-03",False,False,True
46.5899999999993,"BANDIT-03","BANDIT-03",Hostile,Patrol,Active,Intercept,MissionAI,"",0,0.45,0,"VIPER-03",False,False,True
46.5899999999993,"BANDIT-04","BANDIT-04",Hostile,Patrol,Active,Intercept,MissionAI,"",0,0.45,0,"VIPER-03",False,False,True
46.78999999999926,"VIPER-01","VIPER-01",Friendly,Player,Active,Engage,AutomationPilot,"",0,0.85,0,"BANDIT-01",False,True,True
46.78999999999926,"VIPER-02","VIPER-02",Friendly,Wingman,Active,Engage,MissionAI,"VIPER-01",1,0.85,0,"BANDIT-01",False,True,True
46.78999999999926,"VIPER-03","VIPER-03",Friendly,Wingman,Active,Engage,MissionAI,"VIPER-01",2,0.85,0,"BANDIT-01",False,True,True
46.78999999999926,"BANDIT-01","BANDIT-01",Hostile,Patrol,Active,Evade,MissionAI,"",0,0.45,0,"VIPER-03",False,False,True
46.78999999999926,"BANDIT-02","BANDIT-02",Hostile,Patrol,Active,Intercept,MissionAI,"",0,0.45,0,"VIPER-03",False,False,True
46.78999999999926,"BANDIT-03","BANDIT-03",Hostile,Patrol,Active,Intercept,MissionAI,"",0,0.45,0,"VIPER-03",False,False,True
46.78999999999926,"BANDIT-04","BANDIT-04",Hostile,Patrol,Active,Intercept,MissionAI,"",0,0.45,0,"VIPER-03",False,False,True
46.98999999999922,"VIPER-01","VIPER-01",Friendly,Player,Active,Engage,AutomationPilot,"",0,0.85,0,"BANDIT-01",False,True,True
46.98999999999922,"VIPER-02","VIPER-02",Friendly,Wingman,Active,Engage,MissionAI,"VIPER-01",1,0.85,0,"BANDIT-01",False,True,True
46.98999999999922,"VIPER-03","VIPER-03",Friendly,Wingman,Active,Engage,MissionAI,"VIPER-01",2,0.85,0,"BANDIT-01",False,True,True
46.98999999999922,"BANDIT-01","BANDIT-01",Hostile,Patrol,Active,Evade,MissionAI,"",0,0.45,0,"VIPER-03",False,False,True
46.98999999999922,"BANDIT-02","BANDIT-02",Hostile,Patrol,Active,Intercept,MissionAI,"",0,0.45,0,"VIPER-03",False,False,True
46.98999999999922,"BANDIT-03","BANDIT-03",Hostile,Patrol,Active,Intercept,MissionAI,"",0,0.45,0,"VIPER-03",False,False,True
46.98999999999922,"BANDIT-04","BANDIT-04",Hostile,Patrol,Active,Intercept,MissionAI,"",0,0.45,0,"VIPER-03",False,False,True
47.189999999999181,"VIPER-01","VIPER-01",Friendly,Player,Active,Engage,AutomationPilot,"",0,0.85,0,"BANDIT-01",False,True,True
47.189999999999181,"VIPER-02","VIPER-02",Friendly,Wingman,Active,Engage,MissionAI,"VIPER-01",1,0.85,0,"BANDIT-01",False,True,True
47.189999999999181,"VIPER-03","VIPER-03",Friendly,Wingman,Active,Engage,MissionAI,"VIPER-01",2,0.85,0,"BANDIT-01",False,True,True
47.189999999999181,"BANDIT-01","BANDIT-01",Hostile,Patrol,Active,Evade,MissionAI,"",0,0.45,0,"VIPER-03",False,False,True
47.189999999999181,"BANDIT-02","BANDIT-02",Hostile,Patrol,Active,Intercept,MissionAI,"",0,0.45,0,"VIPER-03",False,False,True
47.189999999999181,"BANDIT-03","BANDIT-03",Hostile,Patrol,Active,Intercept,MissionAI,"",0,0.45,0,"VIPER-03",False,False,True
47.189999999999181,"BANDIT-04","BANDIT-04",Hostile,Patrol,Active,Intercept,MissionAI,"",0,0.45,0,"VIPER-03",False,False,True
47.389999999999141,"VIPER-01","VIPER-01",Friendly,Player,Active,Engage,AutomationPilot,"",0,0.85,0,"BANDIT-01",False,True,True
47.389999999999141,"VIPER-02","VIPER-02",Friendly,Wingman,Active,Engage,MissionAI,"VIPER-01",1,0.85,0,"BANDIT-01",False,True,True
47.389999999999141,"VIPER-03","VIPER-03",Friendly,Wingman,Active,Engage,MissionAI,"VIPER-01",2,0.85,0,"BANDIT-01",False,True,True
47.389999999999141,"BANDIT-01","BANDIT-01",Hostile,Patrol,Active,Evade,MissionAI,"",0,0.45,0,"VIPER-03",False,False,True
47.389999999999141,"BANDIT-02","BANDIT-02",Hostile,Patrol,Active,Intercept,MissionAI,"",0,0.45,0,"VIPER-03",False,False,True
47.389999999999141,"BANDIT-03","BANDIT-03",Hostile,Patrol,Active,Intercept,MissionAI,"",0,0.45,0,"VIPER-03",False,False,True
47.389999999999141,"BANDIT-04","BANDIT-04",Hostile,Patrol,Active,Intercept,MissionAI,"",0,0.45,0,"VIPER-03",False,False,True
47.5899999999991,"VIPER-01","VIPER-01",Friendly,Player,Active,Engage,AutomationPilot,"",0,0.85,0,"BANDIT-01",False,True,True
47.5899999999991,"VIPER-02","VIPER-02",Friendly,Wingman,Active,Engage,MissionAI,"VIPER-01",1,0.85,0,"BANDIT-01",False,True,True
47.5899999999991,"VIPER-03","VIPER-03",Friendly,Wingman,Active,Engage,MissionAI,"VIPER-01",2,0.85,0,"BANDIT-01",False,True,True
47.5899999999991,"BANDIT-01","BANDIT-01",Hostile,Patrol,Active,Evade,MissionAI,"",0,0.45,0,"VIPER-03",False,False,True
47.5899999999991,"BANDIT-02","BANDIT-02",Hostile,Patrol,Active,Intercept,MissionAI,"",0,0.45,0,"VIPER-03",False,False,True
47.5899999999991,"BANDIT-03","BANDIT-03",Hostile,Patrol,Active,Intercept,MissionAI,"",0,0.45,0,"VIPER-03",False,False,True
47.5899999999991,"BANDIT-04","BANDIT-04",Hostile,Patrol,Active,Intercept,MissionAI,"",0,0.45,0,"VIPER-03",False,False,True
47.789999999999061,"VIPER-01","VIPER-01",Friendly,Player,Active,Engage,AutomationPilot,"",0,0.85,0,"BANDIT-01",False,True,True
47.789999999999061,"VIPER-02","VIPER-02",Friendly,Wingman,Active,Engage,MissionAI,"VIPER-01",1,0.85,0,"BANDIT-01",False,True,True
47.789999999999061,"VIPER-03","VIPER-03",Friendly,Wingman,Active,Engage,MissionAI,"VIPER-01",2,0.85,0,"BANDIT-01",False,True,True
47.789999999999061,"BANDIT-01","BANDIT-01",Hostile,Patrol,Active,Evade,MissionAI,"",0,0.45,0,"VIPER-03",False,False,True
47.789999999999061,"BANDIT-02","BANDIT-02",Hostile,Patrol,Active,Intercept,MissionAI,"",0,0.45,0,"VIPER-03",False,False,True
47.789999999999061,"BANDIT-03","BANDIT-03",Hostile,Patrol,Active,Intercept,MissionAI,"",0,0.45,0,"VIPER-03",False,False,True
47.789999999999061,"BANDIT-04","BANDIT-04",Hostile,Patrol,Active,Intercept,MissionAI,"",0,0.45,0,"VIPER-03",False,False,True
47.989999999999021,"VIPER-01","VIPER-01",Friendly,Player,Active,Engage,AutomationPilot,"",0,0.85,0,"BANDIT-01",False,True,True
47.989999999999021,"VIPER-02","VIPER-02",Friendly,Wingman,Active,Engage,MissionAI,"VIPER-01",1,0.85,0,"BANDIT-01",False,True,True
47.989999999999021,"VIPER-03","VIPER-03",Friendly,Wingman,Active,Engage,MissionAI,"VIPER-01",2,0.85,0,"BANDIT-01",False,True,True
47.989999999999021,"BANDIT-01","BANDIT-01",Hostile,Patrol,Active,Evade,MissionAI,"",0,0.45,0,"VIPER-03",False,False,True
47.989999999999021,"BANDIT-02","BANDIT-02",Hostile,Patrol,Active,Engage,MissionAI,"",0,0.45,0,"VIPER-03",False,False,True
47.989999999999021,"BANDIT-03","BANDIT-03",Hostile,Patrol,Active,Intercept,MissionAI,"",0,0.45,0,"VIPER-03",False,False,True
47.989999999999021,"BANDIT-04","BANDIT-04",Hostile,Patrol,Active,Intercept,MissionAI,"",0,0.45,0,"VIPER-03",False,False,True
48.189999999998982,"VIPER-01","VIPER-01",Friendly,Player,Active,Engage,AutomationPilot,"",0,0.85,0,"BANDIT-01",False,True,True
48.189999999998982,"VIPER-02","VIPER-02",Friendly,Wingman,Active,Engage,MissionAI,"VIPER-01",1,0.85,0,"BANDIT-01",False,True,True
48.189999999998982,"VIPER-03","VIPER-03",Friendly,Wingman,Active,Engage,MissionAI,"VIPER-01",2,0.85,0,"BANDIT-01",False,True,True
48.189999999998982,"BANDIT-01","BANDIT-01",Hostile,Patrol,Active,Evade,MissionAI,"",0,0.45,0,"VIPER-03",False,False,True
48.189999999998982,"BANDIT-02","BANDIT-02",Hostile,Patrol,Active,Engage,MissionAI,"",0,0.45,0,"VIPER-03",False,False,True
48.189999999998982,"BANDIT-03","BANDIT-03",Hostile,Patrol,Active,Intercept,MissionAI,"",0,0.45,0,"VIPER-03",False,False,True
48.189999999998982,"BANDIT-04","BANDIT-04",Hostile,Patrol,Active,Intercept,MissionAI,"",0,0.45,0,"VIPER-03",False,False,True
48.389999999998942,"VIPER-01","VIPER-01",Friendly,Player,Active,Engage,AutomationPilot,"",0,0.85,0,"BANDIT-01",False,True,True
48.389999999998942,"VIPER-02","VIPER-02",Friendly,Wingman,Active,Engage,MissionAI,"VIPER-01",1,0.85,0,"BANDIT-01",False,True,True
48.389999999998942,"VIPER-03","VIPER-03",Friendly,Wingman,Active,Engage,MissionAI,"VIPER-01",2,0.85,0,"BANDIT-01",False,True,True
48.389999999998942,"BANDIT-01","BANDIT-01",Hostile,Patrol,Active,Evade,MissionAI,"",0,0.45,0,"VIPER-03",False,False,True
48.389999999998942,"BANDIT-02","BANDIT-02",Hostile,Patrol,Active,Engage,MissionAI,"",0,0.45,0,"VIPER-03",False,False,True
48.389999999998942,"BANDIT-03","BANDIT-03",Hostile,Patrol,Active,Intercept,MissionAI,"",0,0.45,0,"VIPER-03",False,False,True
48.389999999998942,"BANDIT-04","BANDIT-04",Hostile,Patrol,Active,Intercept,MissionAI,"",0,0.45,0,"VIPER-03",False,False,True
48.5899999999989,"VIPER-01","VIPER-01",Friendly,Player,Active,Engage,AutomationPilot,"",0,0.85,0,"BANDIT-01",False,True,True
48.5899999999989,"VIPER-02","VIPER-02",Friendly,Wingman,Active,Engage,MissionAI,"VIPER-01",1,0.85,0,"BANDIT-01",False,True,True
48.5899999999989,"VIPER-03","VIPER-03",Friendly,Wingman,Active,Engage,MissionAI,"VIPER-01",2,0.85,0,"BANDIT-01",False,True,True
48.5899999999989,"BANDIT-01","BANDIT-01",Hostile,Patrol,Active,Evade,MissionAI,"",0,0.45,0,"VIPER-03",False,False,True
48.5899999999989,"BANDIT-02","BANDIT-02",Hostile,Patrol,Active,Engage,MissionAI,"",0,0.45,0,"VIPER-03",False,False,True
48.5899999999989,"BANDIT-03","BANDIT-03",Hostile,Patrol,Active,Intercept,MissionAI,"",0,0.45,0,"VIPER-03",False,False,True
48.5899999999989,"BANDIT-04","BANDIT-04",Hostile,Patrol,Active,Intercept,MissionAI,"",0,0.45,0,"VIPER-03",False,False,True
48.789999999998862,"VIPER-01","VIPER-01",Friendly,Player,Active,Engage,AutomationPilot,"",0,0.85,0,"BANDIT-01",False,True,True
48.789999999998862,"VIPER-02","VIPER-02",Friendly,Wingman,Active,Engage,MissionAI,"VIPER-01",1,0.85,0,"BANDIT-01",False,True,True
48.789999999998862,"VIPER-03","VIPER-03",Friendly,Wingman,Active,Engage,MissionAI,"VIPER-01",2,0.85,0,"BANDIT-01",False,True,True
48.789999999998862,"BANDIT-01","BANDIT-01",Hostile,Patrol,Active,Evade,MissionAI,"",0,0.45,0,"VIPER-03",False,False,True
48.789999999998862,"BANDIT-02","BANDIT-02",Hostile,Patrol,Active,Engage,MissionAI,"",0,0.45,0,"VIPER-03",False,False,True
48.789999999998862,"BANDIT-03","BANDIT-03",Hostile,Patrol,Active,Intercept,MissionAI,"",0,0.45,0,"VIPER-03",False,False,True
48.789999999998862,"BANDIT-04","BANDIT-04",Hostile,Patrol,Active,Intercept,MissionAI,"",0,0.45,0,"VIPER-03",False,False,True
48.989999999998822,"VIPER-01","VIPER-01",Friendly,Player,Active,Engage,AutomationPilot,"",0,0.85,0,"BANDIT-01",False,True,True
48.989999999998822,"VIPER-02","VIPER-02",Friendly,Wingman,Active,Engage,MissionAI,"VIPER-01",1,0.85,0,"BANDIT-01",False,True,True
48.989999999998822,"VIPER-03","VIPER-03",Friendly,Wingman,Active,Engage,MissionAI,"VIPER-01",2,0.85,0,"BANDIT-01",False,True,True
48.989999999998822,"BANDIT-01","BANDIT-01",Hostile,Patrol,Active,Evade,MissionAI,"",0,0.45,0,"VIPER-03",False,False,True
48.989999999998822,"BANDIT-02","BANDIT-02",Hostile,Patrol,Active,Engage,MissionAI,"",0,0.45,0,"VIPER-03",False,False,True
48.989999999998822,"BANDIT-03","BANDIT-03",Hostile,Patrol,Active,Intercept,MissionAI,"",0,0.45,0,"VIPER-03",False,False,True
48.989999999998822,"BANDIT-04","BANDIT-04",Hostile,Patrol,Active,Intercept,MissionAI,"",0,0.45,0,"VIPER-03",False,False,True
49.189999999998783,"VIPER-01","VIPER-01",Friendly,Player,Active,Engage,AutomationPilot,"",0,0.85,0,"BANDIT-01",False,True,True
49.189999999998783,"VIPER-02","VIPER-02",Friendly,Wingman,Active,Engage,MissionAI,"VIPER-01",1,0.85,0,"BANDIT-01",False,True,True
49.189999999998783,"VIPER-03","VIPER-03",Friendly,Wingman,Active,Engage,MissionAI,"VIPER-01",2,0.85,0,"BANDIT-01",False,True,True
49.189999999998783,"BANDIT-01","BANDIT-01",Hostile,Patrol,Active,Evade,MissionAI,"",0,0.45,0,"VIPER-03",False,False,True
49.189999999998783,"BANDIT-02","BANDIT-02",Hostile,Patrol,Active,Engage,MissionAI,"",0,0.45,0,"VIPER-03",False,False,True
49.189999999998783,"BANDIT-03","BANDIT-03",Hostile,Patrol,Active,Intercept,MissionAI,"",0,0.45,0,"VIPER-03",False,False,True
49.189999999998783,"BANDIT-04","BANDIT-04",Hostile,Patrol,Active,Intercept,MissionAI,"",0,0.45,0,"VIPER-03",False,False,True
49.389999999998743,"VIPER-01","VIPER-01",Friendly,Player,Active,Engage,AutomationPilot,"",0,0.85,0,"BANDIT-01",False,True,True
49.389999999998743,"VIPER-02","VIPER-02",Friendly,Wingman,Active,Engage,MissionAI,"VIPER-01",1,0.85,0,"BANDIT-01",False,True,True
49.389999999998743,"VIPER-03","VIPER-03",Friendly,Wingman,Active,Engage,MissionAI,"VIPER-01",2,0.85,0,"BANDIT-01",False,True,True
49.389999999998743,"BANDIT-01","BANDIT-01",Hostile,Patrol,Active,Evade,MissionAI,"",0,0.45,0,"VIPER-03",False,False,True
49.389999999998743,"BANDIT-02","BANDIT-02",Hostile,Patrol,Active,Engage,MissionAI,"",0,0.45,0,"VIPER-03",False,False,True
49.389999999998743,"BANDIT-03","BANDIT-03",Hostile,Patrol,Active,Intercept,MissionAI,"",0,0.45,0,"VIPER-03",False,False,True
49.389999999998743,"BANDIT-04","BANDIT-04",Hostile,Patrol,Active,Intercept,MissionAI,"",0,0.45,0,"VIPER-03",False,False,True
49.5899999999987,"VIPER-01","VIPER-01",Friendly,Player,Active,Engage,AutomationPilot,"",0,0.85,0,"BANDIT-01",False,True,True
49.5899999999987,"VIPER-02","VIPER-02",Friendly,Wingman,Active,Engage,MissionAI,"VIPER-01",1,0.85,0,"BANDIT-01",False,True,True
49.5899999999987,"VIPER-03","VIPER-03",Friendly,Wingman,Active,Engage,MissionAI,"VIPER-01",2,0.85,0,"BANDIT-01",False,True,True
49.5899999999987,"BANDIT-01","BANDIT-01",Hostile,Patrol,Active,Evade,MissionAI,"",0,0.45,0,"VIPER-03",False,False,True
49.5899999999987,"BANDIT-02","BANDIT-02",Hostile,Patrol,Active,Engage,MissionAI,"",0,0.45,0,"VIPER-03",False,False,True
49.5899999999987,"BANDIT-03","BANDIT-03",Hostile,Patrol,Active,Intercept,MissionAI,"",0,0.45,0,"VIPER-03",False,False,True
49.5899999999987,"BANDIT-04","BANDIT-04",Hostile,Patrol,Active,Intercept,MissionAI,"",0,0.45,0,"VIPER-03",False,False,True
49.789999999998663,"VIPER-01","VIPER-01",Friendly,Player,Active,Engage,AutomationPilot,"",0,0.85,0,"BANDIT-01",False,True,True
49.789999999998663,"VIPER-02","VIPER-02",Friendly,Wingman,Active,Engage,MissionAI,"VIPER-01",1,0.85,0,"BANDIT-01",False,True,True
49.789999999998663,"VIPER-03","VIPER-03",Friendly,Wingman,Active,Engage,MissionAI,"VIPER-01",2,0.85,0,"BANDIT-01",False,True,True
49.789999999998663,"BANDIT-01","BANDIT-01",Hostile,Patrol,Active,Evade,MissionAI,"",0,0.45,0,"VIPER-03",False,False,True
49.789999999998663,"BANDIT-02","BANDIT-02",Hostile,Patrol,Active,Engage,MissionAI,"",0,0.45,0,"VIPER-03",False,False,True
49.789999999998663,"BANDIT-03","BANDIT-03",Hostile,Patrol,Active,Intercept,MissionAI,"",0,0.45,0,"VIPER-03",False,False,True
49.789999999998663,"BANDIT-04","BANDIT-04",Hostile,Patrol,Active,Intercept,MissionAI,"",0,0.45,0,"VIPER-03",False,False,True
49.989999999998624,"VIPER-01","VIPER-01",Friendly,Player,Active,Engage,AutomationPilot,"",0,0.85,0,"BANDIT-01",False,True,True
49.989999999998624,"VIPER-02","VIPER-02",Friendly,Wingman,Active,Engage,MissionAI,"VIPER-01",1,0.85,0,"BANDIT-01",False,True,True
49.989999999998624,"VIPER-03","VIPER-03",Friendly,Wingman,Active,Engage,MissionAI,"VIPER-01",2,0.85,0,"BANDIT-01",False,True,True
49.989999999998624,"BANDIT-01","BANDIT-01",Hostile,Patrol,Active,Evade,MissionAI,"",0,0.45,0,"VIPER-03",False,False,True
49.989999999998624,"BANDIT-02","BANDIT-02",Hostile,Patrol,Active,Engage,MissionAI,"",0,0.45,0,"VIPER-03",False,False,True
49.989999999998624,"BANDIT-03","BANDIT-03",Hostile,Patrol,Active,Intercept,MissionAI,"",0,0.45,0,"VIPER-03",False,False,True
49.989999999998624,"BANDIT-04","BANDIT-04",Hostile,Patrol,Active,Intercept,MissionAI,"",0,0.45,0,"VIPER-03",False,False,True
50.189999999998584,"VIPER-01","VIPER-01",Friendly,Player,Active,Engage,AutomationPilot,"",0,0.85,0,"BANDIT-01",False,True,True
50.189999999998584,"VIPER-02","VIPER-02",Friendly,Wingman,Active,Engage,MissionAI,"VIPER-01",1,0.85,0,"BANDIT-01",False,True,True
50.189999999998584,"VIPER-03","VIPER-03",Friendly,Wingman,Active,Engage,MissionAI,"VIPER-01",2,0.85,0,"BANDIT-01",False,True,True
50.189999999998584,"BANDIT-01","BANDIT-01",Hostile,Patrol,Active,Evade,MissionAI,"",0,0.45,0,"VIPER-03",False,False,True
50.189999999998584,"BANDIT-02","BANDIT-02",Hostile,Patrol,Active,Engage,MissionAI,"",0,0.45,0,"VIPER-03",False,False,True
50.189999999998584,"BANDIT-03","BANDIT-03",Hostile,Patrol,Active,Intercept,MissionAI,"",0,0.45,0,"VIPER-03",False,False,True
50.189999999998584,"BANDIT-04","BANDIT-04",Hostile,Patrol,Active,Intercept,MissionAI,"",0,0.45,0,"VIPER-03",False,False,True
50.389999999998544,"VIPER-01","VIPER-01",Friendly,Player,Active,Engage,AutomationPilot,"",0,0.85,0,"BANDIT-01",False,True,True
50.389999999998544,"VIPER-02","VIPER-02",Friendly,Wingman,Active,Engage,MissionAI,"VIPER-01",1,0.85,0,"BANDIT-01",False,True,True
50.389999999998544,"VIPER-03","VIPER-03",Friendly,Wingman,Active,Engage,MissionAI,"VIPER-01",2,0.85,0,"BANDIT-01",False,True,True
50.389999999998544,"BANDIT-01","BANDIT-01",Hostile,Patrol,Active,Evade,MissionAI,"",0,0.45,0,"VIPER-03",False,False,True
50.389999999998544,"BANDIT-02","BANDIT-02",Hostile,Patrol,Active,Engage,MissionAI,"",0,0.45,0,"VIPER-03",False,False,True
50.389999999998544,"BANDIT-03","BANDIT-03",Hostile,Patrol,Active,Intercept,MissionAI,"",0,0.45,0,"VIPER-03",False,False,True
50.389999999998544,"BANDIT-04","BANDIT-04",Hostile,Patrol,Active,Intercept,MissionAI,"",0,0.45,0,"VIPER-03",False,False,True
50.589999999998504,"VIPER-01","VIPER-01",Friendly,Player,Active,Engage,AutomationPilot,"",0,0.85,0,"BANDIT-01",False,True,True
50.589999999998504,"VIPER-02","VIPER-02",Friendly,Wingman,Active,Engage,MissionAI,"VIPER-01",1,0.85,0,"BANDIT-01",False,True,True
50.589999999998504,"VIPER-03","VIPER-03",Friendly,Wingman,Active,Engage,MissionAI,"VIPER-01",2,0.85,0,"BANDIT-01",False,True,True
50.589999999998504,"BANDIT-01","BANDIT-01",Hostile,Patrol,Active,Evade,MissionAI,"",0,0.45,0,"VIPER-03",False,False,True
50.589999999998504,"BANDIT-02","BANDIT-02",Hostile,Patrol,Active,Engage,MissionAI,"",0,0.45,0,"VIPER-03",False,False,True
50.589999999998504,"BANDIT-03","BANDIT-03",Hostile,Patrol,Active,Intercept,MissionAI,"",0,0.45,0,"VIPER-03",False,False,True
50.589999999998504,"BANDIT-04","BANDIT-04",Hostile,Patrol,Active,Intercept,MissionAI,"",0,0.45,0,"VIPER-03",False,False,True
50.789999999998464,"VIPER-01","VIPER-01",Friendly,Player,Active,Engage,AutomationPilot,"",0,0.85,0,"BANDIT-01",False,True,True
50.789999999998464,"VIPER-02","VIPER-02",Friendly,Wingman,Active,Engage,MissionAI,"VIPER-01",1,0.85,0,"BANDIT-01",False,True,True
50.789999999998464,"VIPER-03","VIPER-03",Friendly,Wingman,Active,Engage,MissionAI,"VIPER-01",2,0.85,0,"BANDIT-01",False,True,True
50.789999999998464,"BANDIT-01","BANDIT-01",Hostile,Patrol,Active,Evade,MissionAI,"",0,0.45,0,"VIPER-03",False,False,True
50.789999999998464,"BANDIT-02","BANDIT-02",Hostile,Patrol,Active,Engage,MissionAI,"",0,0.45,0,"VIPER-03",False,False,True
50.789999999998464,"BANDIT-03","BANDIT-03",Hostile,Patrol,Active,Intercept,MissionAI,"",0,0.45,0,"VIPER-03",False,False,True
50.789999999998464,"BANDIT-04","BANDIT-04",Hostile,Patrol,Active,Intercept,MissionAI,"",0,0.45,0,"VIPER-03",False,False,True
50.989999999998425,"VIPER-01","VIPER-01",Friendly,Player,Active,Engage,AutomationPilot,"",0,0.85,0,"BANDIT-01",False,True,True
50.989999999998425,"VIPER-02","VIPER-02",Friendly,Wingman,Active,Engage,MissionAI,"VIPER-01",1,0.85,0,"BANDIT-01",False,True,True
50.989999999998425,"VIPER-03","VIPER-03",Friendly,Wingman,Active,Engage,MissionAI,"VIPER-01",2,0.85,0,"BANDIT-01",False,True,True
50.989999999998425,"BANDIT-01","BANDIT-01",Hostile,Patrol,Active,Evade,MissionAI,"",0,0.45,0,"VIPER-03",False,False,True
50.989999999998425,"BANDIT-02","BANDIT-02",Hostile,Patrol,Active,Engage,MissionAI,"",0,0.45,0,"VIPER-03",False,False,True
50.989999999998425,"BANDIT-03","BANDIT-03",Hostile,Patrol,Active,Intercept,MissionAI,"",0,0.45,0,"VIPER-03",False,False,True
50.989999999998425,"BANDIT-04","BANDIT-04",Hostile,Patrol,Active,Intercept,MissionAI,"",0,0.45,0,"VIPER-03",False,False,True
51.189999999998385,"VIPER-01","VIPER-01",Friendly,Player,Active,Engage,AutomationPilot,"",0,0.85,0,"BANDIT-01",False,True,True
51.189999999998385,"VIPER-02","VIPER-02",Friendly,Wingman,Active,Engage,MissionAI,"VIPER-01",1,0.85,0,"BANDIT-01",False,True,True
51.189999999998385,"VIPER-03","VIPER-03",Friendly,Wingman,Active,Engage,MissionAI,"VIPER-01",2,0.85,0,"BANDIT-01",False,True,True
51.189999999998385,"BANDIT-01","BANDIT-01",Hostile,Patrol,Active,Evade,MissionAI,"",0,0.45,0,"VIPER-03",False,False,True
51.189999999998385,"BANDIT-02","BANDIT-02",Hostile,Patrol,Active,Engage,MissionAI,"",0,0.45,0,"VIPER-03",False,False,True
51.189999999998385,"BANDIT-03","BANDIT-03",Hostile,Patrol,Active,Intercept,MissionAI,"",0,0.45,0,"VIPER-03",False,False,True
51.189999999998385,"BANDIT-04","BANDIT-04",Hostile,Patrol,Active,Intercept,MissionAI,"",0,0.45,0,"VIPER-03",False,False,True
51.389999999998345,"VIPER-01","VIPER-01",Friendly,Player,Active,Engage,AutomationPilot,"",0,0.85,0,"BANDIT-01",False,True,True
51.389999999998345,"VIPER-02","VIPER-02",Friendly,Wingman,Active,Engage,MissionAI,"VIPER-01",1,0.85,0,"BANDIT-01",False,True,True
51.389999999998345,"VIPER-03","VIPER-03",Friendly,Wingman,Active,Engage,MissionAI,"VIPER-01",2,0.85,0,"BANDIT-01",False,True,True
51.389999999998345,"BANDIT-01","BANDIT-01",Hostile,Patrol,Active,Evade,MissionAI,"",0,0.45,0,"VIPER-03",False,False,True
51.389999999998345,"BANDIT-02","BANDIT-02",Hostile,Patrol,Active,Engage,MissionAI,"",0,0.45,0,"VIPER-03",False,False,True
51.389999999998345,"BANDIT-03","BANDIT-03",Hostile,Patrol,Active,Intercept,MissionAI,"",0,0.45,0,"VIPER-03",False,False,True
51.389999999998345,"BANDIT-04","BANDIT-04",Hostile,Patrol,Active,Intercept,MissionAI,"",0,0.45,0,"VIPER-03",False,False,True
51.589999999998305,"VIPER-01","VIPER-01",Friendly,Player,Active,Engage,AutomationPilot,"",0,0.85,0,"BANDIT-01",False,True,True
51.589999999998305,"VIPER-02","VIPER-02",Friendly,Wingman,Active,Engage,MissionAI,"VIPER-01",1,0.85,0,"BANDIT-01",False,True,True
51.589999999998305,"VIPER-03","VIPER-03",Friendly,Wingman,Active,Engage,MissionAI,"VIPER-01",2,0.85,0,"BANDIT-01",False,True,True
51.589999999998305,"BANDIT-01","BANDIT-01",Hostile,Patrol,Active,Evade,MissionAI,"",0,0.45,0,"VIPER-03",False,False,True
51.589999999998305,"BANDIT-02","BANDIT-02",Hostile,Patrol,Active,Engage,MissionAI,"",0,0.45,0,"VIPER-03",False,False,True
51.589999999998305,"BANDIT-03","BANDIT-03",Hostile,Patrol,Active,Intercept,MissionAI,"",0,0.45,0,"VIPER-03",False,False,True
51.589999999998305,"BANDIT-04","BANDIT-04",Hostile,Patrol,Active,Intercept,MissionAI,"",0,0.45,0,"VIPER-03",False,False,True
51.789999999998265,"VIPER-01","VIPER-01",Friendly,Player,Active,Engage,AutomationPilot,"",0,0.85,0,"BANDIT-01",False,True,True
51.789999999998265,"VIPER-02","VIPER-02",Friendly,Wingman,Active,Engage,MissionAI,"VIPER-01",1,0.85,0,"BANDIT-01",False,True,True
51.789999999998265,"VIPER-03","VIPER-03",Friendly,Wingman,Active,Engage,MissionAI,"VIPER-01",2,0.85,0,"BANDIT-01",False,True,True
51.789999999998265,"BANDIT-01","BANDIT-01",Hostile,Patrol,Active,Evade,MissionAI,"",0,0.45,0,"VIPER-03",False,False,True
51.789999999998265,"BANDIT-02","BANDIT-02",Hostile,Patrol,Active,Engage,MissionAI,"",0,0.45,0,"VIPER-03",False,False,True
51.789999999998265,"BANDIT-03","BANDIT-03",Hostile,Patrol,Active,Intercept,MissionAI,"",0,0.45,0,"VIPER-03",False,False,True
51.789999999998265,"BANDIT-04","BANDIT-04",Hostile,Patrol,Active,Intercept,MissionAI,"",0,0.45,0,"VIPER-03",False,False,True
51.989999999998226,"VIPER-01","VIPER-01",Friendly,Player,Active,Engage,AutomationPilot,"",0,0.85,0,"BANDIT-01",False,True,True
51.989999999998226,"VIPER-02","VIPER-02",Friendly,Wingman,Active,Engage,MissionAI,"VIPER-01",1,0.85,0,"BANDIT-01",False,True,True
51.989999999998226,"VIPER-03","VIPER-03",Friendly,Wingman,Active,Engage,MissionAI,"VIPER-01",2,0.85,0,"BANDIT-01",False,True,True
51.989999999998226,"BANDIT-01","BANDIT-01",Hostile,Patrol,Active,Evade,MissionAI,"",0,0.45,0,"VIPER-03",False,False,True
51.989999999998226,"BANDIT-02","BANDIT-02",Hostile,Patrol,Active,Engage,MissionAI,"",0,0.45,0,"VIPER-03",False,False,True
51.989999999998226,"BANDIT-03","BANDIT-03",Hostile,Patrol,Active,Intercept,MissionAI,"",0,0.45,0,"VIPER-03",False,False,True
51.989999999998226,"BANDIT-04","BANDIT-04",Hostile,Patrol,Active,Intercept,MissionAI,"",0,0.45,0,"VIPER-03",False,False,True
52.189999999998186,"VIPER-01","VIPER-01",Friendly,Player,Active,Engage,AutomationPilot,"",0,0.85,0,"BANDIT-01",False,True,True
52.189999999998186,"VIPER-02","VIPER-02",Friendly,Wingman,Active,Engage,MissionAI,"VIPER-01",1,0.85,0,"BANDIT-01",False,True,True
52.189999999998186,"VIPER-03","VIPER-03",Friendly,Wingman,Active,Engage,MissionAI,"VIPER-01",2,0.85,0,"BANDIT-01",False,True,True
52.189999999998186,"BANDIT-01","BANDIT-01",Hostile,Patrol,Active,Evade,MissionAI,"",0,0.45,0,"VIPER-03",False,False,True
52.189999999998186,"BANDIT-02","BANDIT-02",Hostile,Patrol,Active,Engage,MissionAI,"",0,0.45,0,"VIPER-03",False,False,True
52.189999999998186,"BANDIT-03","BANDIT-03",Hostile,Patrol,Active,Intercept,MissionAI,"",0,0.45,0,"VIPER-03",False,False,True
52.189999999998186,"BANDIT-04","BANDIT-04",Hostile,Patrol,Active,Intercept,MissionAI,"",0,0.45,0,"VIPER-03",False,False,True
52.389999999998146,"VIPER-01","VIPER-01",Friendly,Player,Active,Engage,AutomationPilot,"",0,0.85,0,"BANDIT-01",False,True,True
52.389999999998146,"VIPER-02","VIPER-02",Friendly,Wingman,Active,Engage,MissionAI,"VIPER-01",1,0.85,0,"BANDIT-01",False,True,True
52.389999999998146,"VIPER-03","VIPER-03",Friendly,Wingman,Active,Engage,MissionAI,"VIPER-01",2,0.85,0,"BANDIT-01",False,True,True
52.389999999998146,"BANDIT-01","BANDIT-01",Hostile,Patrol,Active,Evade,MissionAI,"",0,0.45,0,"VIPER-03",False,False,True
52.389999999998146,"BANDIT-02","BANDIT-02",Hostile,Patrol,Active,Engage,MissionAI,"",0,0.45,0,"VIPER-03",False,False,True
52.389999999998146,"BANDIT-03","BANDIT-03",Hostile,Patrol,Active,Engage,MissionAI,"",0,0.45,0,"VIPER-03",False,False,True
52.389999999998146,"BANDIT-04","BANDIT-04",Hostile,Patrol,Active,Intercept,MissionAI,"",0,0.45,0,"VIPER-03",False,False,True
52.589999999998106,"VIPER-01","VIPER-01",Friendly,Player,Active,Engage,AutomationPilot,"",0,0.85,0,"BANDIT-01",False,True,True
52.589999999998106,"VIPER-02","VIPER-02",Friendly,Wingman,Active,Engage,MissionAI,"VIPER-01",1,0.85,0,"BANDIT-01",False,True,True
52.589999999998106,"VIPER-03","VIPER-03",Friendly,Wingman,Active,Engage,MissionAI,"VIPER-01",2,0.85,0,"BANDIT-01",False,True,True
52.589999999998106,"BANDIT-01","BANDIT-01",Hostile,Patrol,Active,Evade,MissionAI,"",0,0.45,0,"VIPER-03",False,False,True
52.589999999998106,"BANDIT-02","BANDIT-02",Hostile,Patrol,Active,Engage,MissionAI,"",0,0.45,0,"VIPER-03",False,False,True
52.589999999998106,"BANDIT-03","BANDIT-03",Hostile,Patrol,Active,Engage,MissionAI,"",0,0.45,0,"VIPER-03",False,False,True
52.589999999998106,"BANDIT-04","BANDIT-04",Hostile,Patrol,Active,Intercept,MissionAI,"",0,0.45,0,"VIPER-03",False,False,True
52.789999999998066,"VIPER-01","VIPER-01",Friendly,Player,Active,Engage,AutomationPilot,"",0,0.85,0,"BANDIT-01",False,True,True
52.789999999998066,"VIPER-02","VIPER-02",Friendly,Wingman,Active,Engage,MissionAI,"VIPER-01",1,0.85,0,"BANDIT-01",False,True,True
52.789999999998066,"VIPER-03","VIPER-03",Friendly,Wingman,Active,Engage,MissionAI,"VIPER-01",2,0.85,0,"BANDIT-01",False,True,True
52.789999999998066,"BANDIT-01","BANDIT-01",Hostile,Patrol,Active,Evade,MissionAI,"",0,0.45,0,"VIPER-03",False,False,True
52.789999999998066,"BANDIT-02","BANDIT-02",Hostile,Patrol,Active,Engage,MissionAI,"",0,0.45,0,"VIPER-03",False,False,True
52.789999999998066,"BANDIT-03","BANDIT-03",Hostile,Patrol,Active,Engage,MissionAI,"",0,0.45,0,"VIPER-03",False,False,True
52.789999999998066,"BANDIT-04","BANDIT-04",Hostile,Patrol,Active,Intercept,MissionAI,"",0,0.45,0,"VIPER-03",False,False,True
52.989999999998027,"VIPER-01","VIPER-01",Friendly,Player,Active,Engage,AutomationPilot,"",0,0.85,0,"BANDIT-01",False,True,True
52.989999999998027,"VIPER-02","VIPER-02",Friendly,Wingman,Active,Engage,MissionAI,"VIPER-01",1,0.85,0,"BANDIT-01",False,True,True
52.989999999998027,"VIPER-03","VIPER-03",Friendly,Wingman,Active,Engage,MissionAI,"VIPER-01",2,0.85,0,"BANDIT-01",False,True,True
52.989999999998027,"BANDIT-01","BANDIT-01",Hostile,Patrol,Active,Evade,MissionAI,"",0,0.45,0,"VIPER-03",False,False,True
52.989999999998027,"BANDIT-02","BANDIT-02",Hostile,Patrol,Active,Engage,MissionAI,"",0,0.45,0,"VIPER-03",False,False,True
52.989999999998027,"BANDIT-03","BANDIT-03",Hostile,Patrol,Active,Engage,MissionAI,"",0,0.45,0,"VIPER-03",False,False,True
52.989999999998027,"BANDIT-04","BANDIT-04",Hostile,Patrol,Active,Intercept,MissionAI,"",0,0.45,0,"VIPER-03",False,False,True
53.189999999997987,"VIPER-01","VIPER-01",Friendly,Player,Active,Engage,AutomationPilot,"",0,0.85,0,"BANDIT-01",False,True,True
53.189999999997987,"VIPER-02","VIPER-02",Friendly,Wingman,Active,Engage,MissionAI,"VIPER-01",1,0.85,0,"BANDIT-01",False,True,True
53.189999999997987,"VIPER-03","VIPER-03",Friendly,Wingman,Active,Engage,MissionAI,"VIPER-01",2,0.85,0,"BANDIT-01",False,True,True
53.189999999997987,"BANDIT-01","BANDIT-01",Hostile,Patrol,Active,Evade,MissionAI,"",0,0.45,0,"VIPER-03",False,False,True
53.189999999997987,"BANDIT-02","BANDIT-02",Hostile,Patrol,Active,Engage,MissionAI,"",0,0.45,0,"VIPER-03",False,False,True
53.189999999997987,"BANDIT-03","BANDIT-03",Hostile,Patrol,Active,Engage,MissionAI,"",0,0.45,0,"VIPER-03",False,False,True
53.189999999997987,"BANDIT-04","BANDIT-04",Hostile,Patrol,Active,Intercept,MissionAI,"",0,0.45,0,"VIPER-03",False,False,True
53.389999999997947,"VIPER-01","VIPER-01",Friendly,Player,Active,Engage,AutomationPilot,"",0,0.85,0,"BANDIT-01",False,True,True
53.389999999997947,"VIPER-02","VIPER-02",Friendly,Wingman,Active,Engage,MissionAI,"VIPER-01",1,0.85,0,"BANDIT-01",False,True,True
53.389999999997947,"VIPER-03","VIPER-03",Friendly,Wingman,Active,Engage,MissionAI,"VIPER-01",2,0.85,0,"BANDIT-01",False,True,True
53.389999999997947,"BANDIT-01","BANDIT-01",Hostile,Patrol,Active,Evade,MissionAI,"",0,0.45,0,"VIPER-03",False,False,True
53.389999999997947,"BANDIT-02","BANDIT-02",Hostile,Patrol,Active,Engage,MissionAI,"",0,0.45,0,"VIPER-03",False,False,True
53.389999999997947,"BANDIT-03","BANDIT-03",Hostile,Patrol,Active,Engage,MissionAI,"",0,0.45,0,"VIPER-03",False,False,True
53.389999999997947,"BANDIT-04","BANDIT-04",Hostile,Patrol,Active,Intercept,MissionAI,"",0,0.45,0,"VIPER-03",False,False,True
53.589999999997907,"VIPER-01","VIPER-01",Friendly,Player,Active,Engage,AutomationPilot,"",0,0.85,0,"BANDIT-01",False,True,True
53.589999999997907,"VIPER-02","VIPER-02",Friendly,Wingman,Active,Engage,MissionAI,"VIPER-01",1,0.85,0,"BANDIT-01",False,True,True
53.589999999997907,"VIPER-03","VIPER-03",Friendly,Wingman,Active,Engage,MissionAI,"VIPER-01",2,0.85,0,"BANDIT-01",False,True,True
53.589999999997907,"BANDIT-01","BANDIT-01",Hostile,Patrol,Active,Evade,MissionAI,"",0,0.45,0,"VIPER-03",False,False,True
53.589999999997907,"BANDIT-02","BANDIT-02",Hostile,Patrol,Active,Engage,MissionAI,"",0,0.45,0,"VIPER-03",False,False,True
53.589999999997907,"BANDIT-03","BANDIT-03",Hostile,Patrol,Active,Engage,MissionAI,"",0,0.45,0,"VIPER-03",False,False,True
53.589999999997907,"BANDIT-04","BANDIT-04",Hostile,Patrol,Active,Intercept,MissionAI,"",0,0.45,0,"VIPER-03",False,False,True
53.789999999997868,"VIPER-01","VIPER-01",Friendly,Player,Active,Engage,AutomationPilot,"",0,0.85,0,"BANDIT-01",False,True,True
53.789999999997868,"VIPER-02","VIPER-02",Friendly,Wingman,Active,Engage,MissionAI,"VIPER-01",1,0.85,0,"BANDIT-01",False,True,True
53.789999999997868,"VIPER-03","VIPER-03",Friendly,Wingman,Active,Engage,MissionAI,"VIPER-01",2,0.85,0,"BANDIT-01",False,True,True
53.789999999997868,"BANDIT-01","BANDIT-01",Hostile,Patrol,Active,Evade,MissionAI,"",0,0.45,0,"VIPER-03",False,False,True
53.789999999997868,"BANDIT-02","BANDIT-02",Hostile,Patrol,Active,Engage,MissionAI,"",0,0.45,0,"VIPER-03",False,False,True
53.789999999997868,"BANDIT-03","BANDIT-03",Hostile,Patrol,Active,Engage,MissionAI,"",0,0.45,0,"VIPER-03",False,False,True
53.789999999997868,"BANDIT-04","BANDIT-04",Hostile,Patrol,Active,Intercept,MissionAI,"",0,0.45,0,"VIPER-03",False,False,True
53.989999999997828,"VIPER-01","VIPER-01",Friendly,Player,Active,Engage,AutomationPilot,"",0,0.85,0,"BANDIT-01",False,True,True
53.989999999997828,"VIPER-02","VIPER-02",Friendly,Wingman,Active,Engage,MissionAI,"VIPER-01",1,0.85,0,"BANDIT-01",False,True,True
53.989999999997828,"VIPER-03","VIPER-03",Friendly,Wingman,Active,Engage,MissionAI,"VIPER-01",2,0.85,0,"BANDIT-01",False,True,True
53.989999999997828,"BANDIT-01","BANDIT-01",Hostile,Patrol,Active,Evade,MissionAI,"",0,0.45,0,"VIPER-03",False,False,True
53.989999999997828,"BANDIT-02","BANDIT-02",Hostile,Patrol,Active,Engage,MissionAI,"",0,0.45,0,"VIPER-03",False,False,True
53.989999999997828,"BANDIT-03","BANDIT-03",Hostile,Patrol,Active,Engage,MissionAI,"",0,0.45,0,"VIPER-03",False,False,True
53.989999999997828,"BANDIT-04","BANDIT-04",Hostile,Patrol,Active,Intercept,MissionAI,"",0,0.45,0,"VIPER-03",False,False,True
54.189999999997788,"VIPER-01","VIPER-01",Friendly,Player,Active,Engage,AutomationPilot,"",0,0.85,0,"BANDIT-01",False,True,True
54.189999999997788,"VIPER-02","VIPER-02",Friendly,Wingman,Active,Engage,MissionAI,"VIPER-01",1,0.85,0,"BANDIT-01",False,True,True
54.189999999997788,"VIPER-03","VIPER-03",Friendly,Wingman,Active,Engage,MissionAI,"VIPER-01",2,0.85,0,"BANDIT-01",False,True,True
54.189999999997788,"BANDIT-01","BANDIT-01",Hostile,Patrol,Active,Evade,MissionAI,"",0,0.45,0,"VIPER-03",False,False,True
54.189999999997788,"BANDIT-02","BANDIT-02",Hostile,Patrol,Active,Engage,MissionAI,"",0,0.45,0,"VIPER-03",False,False,True
54.189999999997788,"BANDIT-03","BANDIT-03",Hostile,Patrol,Active,Engage,MissionAI,"",0,0.45,0,"VIPER-03",False,False,True
54.189999999997788,"BANDIT-04","BANDIT-04",Hostile,Patrol,Active,Intercept,MissionAI,"",0,0.45,0,"VIPER-03",False,False,True
54.389999999997748,"VIPER-01","VIPER-01",Friendly,Player,Active,Engage,AutomationPilot,"",0,0.85,0,"BANDIT-01",False,True,True
54.389999999997748,"VIPER-02","VIPER-02",Friendly,Wingman,Active,Engage,MissionAI,"VIPER-01",1,0.85,0,"BANDIT-01",False,True,True
54.389999999997748,"VIPER-03","VIPER-03",Friendly,Wingman,Active,Engage,MissionAI,"VIPER-01",2,0.85,0,"BANDIT-01",False,True,True
54.389999999997748,"BANDIT-01","BANDIT-01",Hostile,Patrol,Active,Evade,MissionAI,"",0,0.45,0,"VIPER-03",False,False,True
54.389999999997748,"BANDIT-02","BANDIT-02",Hostile,Patrol,Active,Engage,MissionAI,"",0,0.45,0,"VIPER-03",False,False,True
54.389999999997748,"BANDIT-03","BANDIT-03",Hostile,Patrol,Active,Engage,MissionAI,"",0,0.45,0,"VIPER-03",False,False,True
54.389999999997748,"BANDIT-04","BANDIT-04",Hostile,Patrol,Active,Intercept,MissionAI,"",0,0.45,0,"VIPER-03",False,False,True
54.589999999997708,"VIPER-01","VIPER-01",Friendly,Player,Active,Engage,AutomationPilot,"",0,0.85,0,"BANDIT-01",False,True,True
54.589999999997708,"VIPER-02","VIPER-02",Friendly,Wingman,Active,Engage,MissionAI,"VIPER-01",1,0.85,0,"BANDIT-01",False,True,True
54.589999999997708,"VIPER-03","VIPER-03",Friendly,Wingman,Active,Engage,MissionAI,"VIPER-01",2,0.85,0,"BANDIT-01",False,True,True
54.589999999997708,"BANDIT-01","BANDIT-01",Hostile,Patrol,Active,Evade,MissionAI,"",0,0.45,0,"VIPER-03",False,False,True
54.589999999997708,"BANDIT-02","BANDIT-02",Hostile,Patrol,Active,Engage,MissionAI,"",0,0.45,0,"VIPER-03",False,False,True
54.589999999997708,"BANDIT-03","BANDIT-03",Hostile,Patrol,Active,Engage,MissionAI,"",0,0.45,0,"VIPER-03",False,False,True
54.589999999997708,"BANDIT-04","BANDIT-04",Hostile,Patrol,Active,Intercept,MissionAI,"",0,0.45,0,"VIPER-03",False,False,True
54.789999999997669,"VIPER-01","VIPER-01",Friendly,Player,Active,Engage,AutomationPilot,"",0,0.85,0,"BANDIT-01",False,True,True
54.789999999997669,"VIPER-02","VIPER-02",Friendly,Wingman,Active,Engage,MissionAI,"VIPER-01",1,0.85,0,"BANDIT-01",False,True,True
54.789999999997669,"VIPER-03","VIPER-03",Friendly,Wingman,Active,Engage,MissionAI,"VIPER-01",2,0.85,0,"BANDIT-01",False,True,True
54.789999999997669,"BANDIT-01","BANDIT-01",Hostile,Patrol,Active,Evade,MissionAI,"",0,0.45,0,"VIPER-03",False,False,True
54.789999999997669,"BANDIT-02","BANDIT-02",Hostile,Patrol,Active,Engage,MissionAI,"",0,0.45,0,"VIPER-03",False,False,True
54.789999999997669,"BANDIT-03","BANDIT-03",Hostile,Patrol,Active,Engage,MissionAI,"",0,0.45,0,"VIPER-03",False,False,True
54.789999999997669,"BANDIT-04","BANDIT-04",Hostile,Patrol,Active,Intercept,MissionAI,"",0,0.45,0,"VIPER-03",False,False,True
54.989999999997629,"VIPER-01","VIPER-01",Friendly,Player,Active,Engage,AutomationPilot,"",0,0.85,0,"BANDIT-01",False,True,True
54.989999999997629,"VIPER-02","VIPER-02",Friendly,Wingman,Active,Engage,MissionAI,"VIPER-01",1,0.85,0,"BANDIT-01",False,True,True
54.989999999997629,"VIPER-03","VIPER-03",Friendly,Wingman,Active,Engage,MissionAI,"VIPER-01",2,0.85,0,"BANDIT-01",False,True,True
54.989999999997629,"BANDIT-01","BANDIT-01",Hostile,Patrol,Active,Evade,MissionAI,"",0,0.45,0,"VIPER-03",False,False,True
54.989999999997629,"BANDIT-02","BANDIT-02",Hostile,Patrol,Active,Engage,MissionAI,"",0,0.45,0,"VIPER-03",False,False,True
54.989999999997629,"BANDIT-03","BANDIT-03",Hostile,Patrol,Active,Engage,MissionAI,"",0,0.45,0,"VIPER-03",False,False,True
54.989999999997629,"BANDIT-04","BANDIT-04",Hostile,Patrol,Active,Intercept,MissionAI,"",0,0.45,0,"VIPER-03",False,False,True
55.189999999997589,"VIPER-01","VIPER-01",Friendly,Player,Active,Engage,AutomationPilot,"",0,0.85,0,"BANDIT-01",False,True,True
55.189999999997589,"VIPER-02","VIPER-02",Friendly,Wingman,Active,Engage,MissionAI,"VIPER-01",1,0.85,0,"BANDIT-01",False,True,True
55.189999999997589,"VIPER-03","VIPER-03",Friendly,Wingman,Active,Engage,MissionAI,"VIPER-01",2,0.85,0,"BANDIT-01",False,True,True
55.189999999997589,"BANDIT-01","BANDIT-01",Hostile,Patrol,Active,Evade,MissionAI,"",0,0.45,0,"VIPER-03",False,False,True
55.189999999997589,"BANDIT-02","BANDIT-02",Hostile,Patrol,Active,Engage,MissionAI,"",0,0.45,0,"VIPER-03",False,False,True
55.189999999997589,"BANDIT-03","BANDIT-03",Hostile,Patrol,Active,Engage,MissionAI,"",0,0.45,0,"VIPER-03",False,False,True
55.189999999997589,"BANDIT-04","BANDIT-04",Hostile,Patrol,Active,Intercept,MissionAI,"",0,0.45,0,"VIPER-03",False,False,True
55.389999999997549,"VIPER-01","VIPER-01",Friendly,Player,Active,Engage,AutomationPilot,"",0,0.85,0,"BANDIT-01",False,True,True
55.389999999997549,"VIPER-02","VIPER-02",Friendly,Wingman,Active,Engage,MissionAI,"VIPER-01",1,0.85,0,"BANDIT-01",False,True,True
55.389999999997549,"VIPER-03","VIPER-03",Friendly,Wingman,Active,Engage,MissionAI,"VIPER-01",2,0.85,0,"BANDIT-01",False,True,True
55.389999999997549,"BANDIT-01","BANDIT-01",Hostile,Patrol,Active,Evade,MissionAI,"",0,0.45,0,"VIPER-03",False,False,True
55.389999999997549,"BANDIT-02","BANDIT-02",Hostile,Patrol,Active,Engage,MissionAI,"",0,0.45,0,"VIPER-03",False,False,True
55.389999999997549,"BANDIT-03","BANDIT-03",Hostile,Patrol,Active,Engage,MissionAI,"",0,0.45,0,"VIPER-03",False,False,True
55.389999999997549,"BANDIT-04","BANDIT-04",Hostile,Patrol,Active,Intercept,MissionAI,"",0,0.45,0,"VIPER-03",False,False,True
55.589999999997509,"VIPER-01","VIPER-01",Friendly,Player,Active,Engage,AutomationPilot,"",0,0.85,0,"BANDIT-01",False,True,True
55.589999999997509,"VIPER-02","VIPER-02",Friendly,Wingman,Active,Engage,MissionAI,"VIPER-01",1,0.85,0,"BANDIT-01",False,True,True
55.589999999997509,"VIPER-03","VIPER-03",Friendly,Wingman,Active,Engage,MissionAI,"VIPER-01",2,0.85,0,"BANDIT-01",False,True,True
55.589999999997509,"BANDIT-01","BANDIT-01",Hostile,Patrol,Active,Evade,MissionAI,"",0,0.45,0,"VIPER-03",False,False,True
55.589999999997509,"BANDIT-02","BANDIT-02",Hostile,Patrol,Active,Engage,MissionAI,"",0,0.45,0,"VIPER-03",False,False,True
55.589999999997509,"BANDIT-03","BANDIT-03",Hostile,Patrol,Active,Engage,MissionAI,"",0,0.45,0,"VIPER-03",False,False,True
55.589999999997509,"BANDIT-04","BANDIT-04",Hostile,Patrol,Active,Intercept,MissionAI,"",0,0.45,0,"VIPER-03",False,False,True
55.78999999999747,"VIPER-01","VIPER-01",Friendly,Player,Active,Engage,AutomationPilot,"",0,0.85,0,"BANDIT-01",False,True,True
55.78999999999747,"VIPER-02","VIPER-02",Friendly,Wingman,Active,Engage,MissionAI,"VIPER-01",1,0.85,0,"BANDIT-01",False,True,True
55.78999999999747,"VIPER-03","VIPER-03",Friendly,Wingman,Active,Engage,MissionAI,"VIPER-01",2,0.85,0,"BANDIT-01",False,True,True
55.78999999999747,"BANDIT-01","BANDIT-01",Hostile,Patrol,Active,Evade,MissionAI,"",0,0.45,0,"VIPER-03",False,False,True
55.78999999999747,"BANDIT-02","BANDIT-02",Hostile,Patrol,Active,Engage,MissionAI,"",0,0.45,0,"VIPER-03",False,False,True
55.78999999999747,"BANDIT-03","BANDIT-03",Hostile,Patrol,Active,Engage,MissionAI,"",0,0.45,0,"VIPER-03",False,False,True
55.78999999999747,"BANDIT-04","BANDIT-04",Hostile,Patrol,Active,Intercept,MissionAI,"",0,0.45,0,"VIPER-03",False,False,True
55.98999999999743,"VIPER-01","VIPER-01",Friendly,Player,Active,Engage,AutomationPilot,"",0,0.85,0,"BANDIT-01",False,True,True
55.98999999999743,"VIPER-02","VIPER-02",Friendly,Wingman,Active,Engage,MissionAI,"VIPER-01",1,0.85,0,"BANDIT-01",False,True,True
55.98999999999743,"VIPER-03","VIPER-03",Friendly,Wingman,Active,Engage,MissionAI,"VIPER-01",2,0.85,0,"BANDIT-01",False,True,True
55.98999999999743,"BANDIT-01","BANDIT-01",Hostile,Patrol,Active,Evade,MissionAI,"",0,0.45,0,"VIPER-03",False,False,True
55.98999999999743,"BANDIT-02","BANDIT-02",Hostile,Patrol,Active,Engage,MissionAI,"",0,0.45,0,"VIPER-03",False,False,True
55.98999999999743,"BANDIT-03","BANDIT-03",Hostile,Patrol,Active,Engage,MissionAI,"",0,0.45,0,"VIPER-03",False,False,True
55.98999999999743,"BANDIT-04","BANDIT-04",Hostile,Patrol,Active,Intercept,MissionAI,"",0,0.45,0,"VIPER-03",False,False,True
56.18999999999739,"VIPER-01","VIPER-01",Friendly,Player,Active,Engage,AutomationPilot,"",0,0.85,0,"BANDIT-01",False,True,True
56.18999999999739,"VIPER-02","VIPER-02",Friendly,Wingman,Active,Engage,MissionAI,"VIPER-01",1,0.85,0,"BANDIT-01",False,True,True
56.18999999999739,"VIPER-03","VIPER-03",Friendly,Wingman,Active,Engage,MissionAI,"VIPER-01",2,0.85,0,"BANDIT-01",False,True,True
56.18999999999739,"BANDIT-01","BANDIT-01",Hostile,Patrol,Active,Evade,MissionAI,"",0,0.45,0,"VIPER-03",False,False,True
56.18999999999739,"BANDIT-02","BANDIT-02",Hostile,Patrol,Active,Engage,MissionAI,"",0,0.45,0,"VIPER-03",False,False,True
56.18999999999739,"BANDIT-03","BANDIT-03",Hostile,Patrol,Active,Engage,MissionAI,"",0,0.45,0,"VIPER-03",False,False,True
56.18999999999739,"BANDIT-04","BANDIT-04",Hostile,Patrol,Active,Intercept,MissionAI,"",0,0.45,0,"VIPER-03",False,False,True
56.38999999999735,"VIPER-01","VIPER-01",Friendly,Player,Active,Engage,AutomationPilot,"",0,0.85,0,"BANDIT-01",False,True,True
56.38999999999735,"VIPER-02","VIPER-02",Friendly,Wingman,Active,Engage,MissionAI,"VIPER-01",1,0.85,0,"BANDIT-01",False,True,True
56.38999999999735,"VIPER-03","VIPER-03",Friendly,Wingman,Active,Engage,MissionAI,"VIPER-01",2,0.85,0,"BANDIT-01",False,True,True
56.38999999999735,"BANDIT-01","BANDIT-01",Hostile,Patrol,Active,Evade,MissionAI,"",0,0.45,0,"VIPER-03",False,False,True
56.38999999999735,"BANDIT-02","BANDIT-02",Hostile,Patrol,Active,Engage,MissionAI,"",0,0.45,0,"VIPER-03",False,False,True
56.38999999999735,"BANDIT-03","BANDIT-03",Hostile,Patrol,Active,Engage,MissionAI,"",0,0.45,0,"VIPER-03",False,False,True
56.38999999999735,"BANDIT-04","BANDIT-04",Hostile,Patrol,Active,Intercept,MissionAI,"",0,0.45,0,"VIPER-03",False,False,True
56.58999999999731,"VIPER-01","VIPER-01",Friendly,Player,Active,Engage,AutomationPilot,"",0,0.85,0,"BANDIT-01",False,True,True
56.58999999999731,"VIPER-02","VIPER-02",Friendly,Wingman,Active,Engage,MissionAI,"VIPER-01",1,0.85,0,"BANDIT-01",False,True,True
56.58999999999731,"VIPER-03","VIPER-03",Friendly,Wingman,Active,Engage,MissionAI,"VIPER-01",2,0.85,0,"BANDIT-01",False,True,True
56.58999999999731,"BANDIT-01","BANDIT-01",Hostile,Patrol,Active,Evade,MissionAI,"",0,0.45,0,"VIPER-03",False,False,True
56.58999999999731,"BANDIT-02","BANDIT-02",Hostile,Patrol,Active,Engage,MissionAI,"",0,0.45,0,"VIPER-03",False,False,True
56.58999999999731,"BANDIT-03","BANDIT-03",Hostile,Patrol,Active,Engage,MissionAI,"",0,0.45,0,"VIPER-03",False,False,True
56.58999999999731,"BANDIT-04","BANDIT-04",Hostile,Patrol,Active,Intercept,MissionAI,"",0,0.45,0,"VIPER-03",False,False,True
56.789999999997271,"VIPER-01","VIPER-01",Friendly,Player,Active,Engage,AutomationPilot,"",0,0.85,0,"BANDIT-01",False,True,True
56.789999999997271,"VIPER-02","VIPER-02",Friendly,Wingman,Active,Engage,MissionAI,"VIPER-01",1,0.85,0,"BANDIT-01",False,True,True
56.789999999997271,"VIPER-03","VIPER-03",Friendly,Wingman,Active,Engage,MissionAI,"VIPER-01",2,0.85,0,"BANDIT-01",False,True,True
56.789999999997271,"BANDIT-01","BANDIT-01",Hostile,Patrol,Active,Evade,MissionAI,"",0,0.45,0,"VIPER-03",False,False,True
56.789999999997271,"BANDIT-02","BANDIT-02",Hostile,Patrol,Active,Engage,MissionAI,"",0,0.45,0,"VIPER-03",False,False,True
56.789999999997271,"BANDIT-03","BANDIT-03",Hostile,Patrol,Active,Engage,MissionAI,"",0,0.45,0,"VIPER-03",False,False,True
56.789999999997271,"BANDIT-04","BANDIT-04",Hostile,Patrol,Active,Engage,MissionAI,"",0,0.45,0,"VIPER-03",False,False,True
56.989999999997231,"VIPER-01","VIPER-01",Friendly,Player,Active,Engage,AutomationPilot,"",0,0.85,0,"BANDIT-01",False,True,True
56.989999999997231,"VIPER-02","VIPER-02",Friendly,Wingman,Active,Engage,MissionAI,"VIPER-01",1,0.85,0,"BANDIT-01",False,True,True
56.989999999997231,"VIPER-03","VIPER-03",Friendly,Wingman,Active,Engage,MissionAI,"VIPER-01",2,0.85,0,"BANDIT-01",False,True,True
56.989999999997231,"BANDIT-01","BANDIT-01",Hostile,Patrol,Active,Evade,MissionAI,"",0,0.45,0,"VIPER-03",False,False,True
56.989999999997231,"BANDIT-02","BANDIT-02",Hostile,Patrol,Active,Engage,MissionAI,"",0,0.45,0,"VIPER-03",False,False,True
56.989999999997231,"BANDIT-03","BANDIT-03",Hostile,Patrol,Active,Engage,MissionAI,"",0,0.45,0,"VIPER-03",False,False,True
56.989999999997231,"BANDIT-04","BANDIT-04",Hostile,Patrol,Active,Engage,MissionAI,"",0,0.45,0,"VIPER-03",False,False,True
57.189999999997191,"VIPER-01","VIPER-01",Friendly,Player,Active,Engage,AutomationPilot,"",0,0.85,0,"BANDIT-01",False,True,True
57.189999999997191,"VIPER-02","VIPER-02",Friendly,Wingman,Active,Engage,MissionAI,"VIPER-01",1,0.85,0,"BANDIT-01",False,True,True
57.189999999997191,"VIPER-03","VIPER-03",Friendly,Wingman,Active,Engage,MissionAI,"VIPER-01",2,0.85,0,"BANDIT-01",False,True,True
57.189999999997191,"BANDIT-01","BANDIT-01",Hostile,Patrol,Active,Evade,MissionAI,"",0,0.45,0,"VIPER-03",False,False,True
57.189999999997191,"BANDIT-02","BANDIT-02",Hostile,Patrol,Active,Engage,MissionAI,"",0,0.45,0,"VIPER-03",False,False,True
57.189999999997191,"BANDIT-03","BANDIT-03",Hostile,Patrol,Active,Engage,MissionAI,"",0,0.45,0,"VIPER-03",False,False,True
57.189999999997191,"BANDIT-04","BANDIT-04",Hostile,Patrol,Active,Engage,MissionAI,"",0,0.45,0,"VIPER-03",False,False,True
57.389999999997151,"VIPER-01","VIPER-01",Friendly,Player,Active,Engage,AutomationPilot,"",0,0.85,0,"BANDIT-01",False,True,True
57.389999999997151,"VIPER-02","VIPER-02",Friendly,Wingman,Active,Engage,MissionAI,"VIPER-01",1,0.85,0,"BANDIT-01",False,True,True
57.389999999997151,"VIPER-03","VIPER-03",Friendly,Wingman,Active,Engage,MissionAI,"VIPER-01",2,0.85,0,"BANDIT-01",False,True,True
57.389999999997151,"BANDIT-01","BANDIT-01",Hostile,Patrol,Active,Evade,MissionAI,"",0,0.45,0,"VIPER-03",False,False,True
57.389999999997151,"BANDIT-02","BANDIT-02",Hostile,Patrol,Active,Engage,MissionAI,"",0,0.45,0,"VIPER-03",False,False,True
57.389999999997151,"BANDIT-03","BANDIT-03",Hostile,Patrol,Active,Engage,MissionAI,"",0,0.45,0,"VIPER-03",False,False,True
57.389999999997151,"BANDIT-04","BANDIT-04",Hostile,Patrol,Active,Engage,MissionAI,"",0,0.45,0,"VIPER-03",False,False,True
57.589999999997112,"VIPER-01","VIPER-01",Friendly,Player,Active,Engage,AutomationPilot,"",0,0.85,0,"BANDIT-01",False,True,True
57.589999999997112,"VIPER-02","VIPER-02",Friendly,Wingman,Active,Engage,MissionAI,"VIPER-01",1,0.85,0,"BANDIT-01",False,True,True
57.589999999997112,"VIPER-03","VIPER-03",Friendly,Wingman,Active,Engage,MissionAI,"VIPER-01",2,0.85,0,"BANDIT-01",False,True,True
57.589999999997112,"BANDIT-01","BANDIT-01",Hostile,Patrol,Active,Evade,MissionAI,"",0,0.45,0,"VIPER-03",False,False,True
57.589999999997112,"BANDIT-02","BANDIT-02",Hostile,Patrol,Active,Engage,MissionAI,"",0,0.45,0,"VIPER-03",False,False,True
57.589999999997112,"BANDIT-03","BANDIT-03",Hostile,Patrol,Active,Engage,MissionAI,"",0,0.45,0,"VIPER-03",False,False,True
57.589999999997112,"BANDIT-04","BANDIT-04",Hostile,Patrol,Active,Engage,MissionAI,"",0,0.45,0,"VIPER-03",False,False,True
57.789999999997072,"VIPER-01","VIPER-01",Friendly,Player,Active,Engage,AutomationPilot,"",0,0.85,0,"BANDIT-01",False,True,True
57.789999999997072,"VIPER-02","VIPER-02",Friendly,Wingman,Active,Engage,MissionAI,"VIPER-01",1,0.85,0,"BANDIT-01",False,True,True
57.789999999997072,"VIPER-03","VIPER-03",Friendly,Wingman,Active,Engage,MissionAI,"VIPER-01",2,0.85,0,"BANDIT-01",False,True,True
57.789999999997072,"BANDIT-01","BANDIT-01",Hostile,Patrol,Active,Evade,MissionAI,"",0,0.45,0,"VIPER-03",False,False,True
57.789999999997072,"BANDIT-02","BANDIT-02",Hostile,Patrol,Active,Engage,MissionAI,"",0,0.45,0,"VIPER-03",False,False,True
57.789999999997072,"BANDIT-03","BANDIT-03",Hostile,Patrol,Active,Engage,MissionAI,"",0,0.45,0,"VIPER-03",False,False,True
57.789999999997072,"BANDIT-04","BANDIT-04",Hostile,Patrol,Active,Engage,MissionAI,"",0,0.45,0,"VIPER-03",False,False,True
57.989999999997032,"VIPER-01","VIPER-01",Friendly,Player,Active,Engage,AutomationPilot,"",0,0.85,0,"BANDIT-01",False,True,True
57.989999999997032,"VIPER-02","VIPER-02",Friendly,Wingman,Active,Engage,MissionAI,"VIPER-01",1,0.85,0,"BANDIT-01",False,True,True
57.989999999997032,"VIPER-03","VIPER-03",Friendly,Wingman,Active,Engage,MissionAI,"VIPER-01",2,0.85,0,"BANDIT-01",False,True,True
57.989999999997032,"BANDIT-01","BANDIT-01",Hostile,Patrol,Active,Evade,MissionAI,"",0,0.45,0,"VIPER-03",False,False,True
57.989999999997032,"BANDIT-02","BANDIT-02",Hostile,Patrol,Active,Engage,MissionAI,"",0,0.45,0,"VIPER-03",False,False,True
57.989999999997032,"BANDIT-03","BANDIT-03",Hostile,Patrol,Active,Engage,MissionAI,"",0,0.45,0,"VIPER-03",False,False,True
57.989999999997032,"BANDIT-04","BANDIT-04",Hostile,Patrol,Active,Engage,MissionAI,"",0,0.45,0,"VIPER-03",False,False,True
58.189999999996992,"VIPER-01","VIPER-01",Friendly,Player,Active,Engage,AutomationPilot,"",0,0.85,0,"BANDIT-01",False,True,True
58.189999999996992,"VIPER-02","VIPER-02",Friendly,Wingman,Active,Engage,MissionAI,"VIPER-01",1,0.85,0,"BANDIT-01",False,True,True
58.189999999996992,"VIPER-03","VIPER-03",Friendly,Wingman,Active,Engage,MissionAI,"VIPER-01",2,0.85,0,"BANDIT-01",False,True,True
58.189999999996992,"BANDIT-01","BANDIT-01",Hostile,Patrol,Active,Evade,MissionAI,"",0,0.45,0,"VIPER-03",False,False,True
58.189999999996992,"BANDIT-02","BANDIT-02",Hostile,Patrol,Active,Engage,MissionAI,"",0,0.45,0,"VIPER-03",False,False,True
58.189999999996992,"BANDIT-03","BANDIT-03",Hostile,Patrol,Active,Engage,MissionAI,"",0,0.45,0,"VIPER-03",False,False,True
58.189999999996992,"BANDIT-04","BANDIT-04",Hostile,Patrol,Active,Engage,MissionAI,"",0,0.45,0,"VIPER-03",False,False,True
58.389999999996952,"VIPER-01","VIPER-01",Friendly,Player,Active,Engage,AutomationPilot,"",0,0.85,0,"BANDIT-01",False,True,True
58.389999999996952,"VIPER-02","VIPER-02",Friendly,Wingman,Active,Engage,MissionAI,"VIPER-01",1,0.85,0,"BANDIT-01",False,True,True
58.389999999996952,"VIPER-03","VIPER-03",Friendly,Wingman,Active,Engage,MissionAI,"VIPER-01",2,0.85,0,"BANDIT-01",False,True,True
58.389999999996952,"BANDIT-01","BANDIT-01",Hostile,Patrol,Active,Evade,MissionAI,"",0,0.45,0,"VIPER-03",False,False,True
58.389999999996952,"BANDIT-02","BANDIT-02",Hostile,Patrol,Active,Engage,MissionAI,"",0,0.45,0,"VIPER-03",False,False,True
58.389999999996952,"BANDIT-03","BANDIT-03",Hostile,Patrol,Active,Engage,MissionAI,"",0,0.45,0,"VIPER-03",False,False,True
58.389999999996952,"BANDIT-04","BANDIT-04",Hostile,Patrol,Active,Engage,MissionAI,"",0,0.45,0,"VIPER-03",False,False,True
58.589999999996913,"VIPER-01","VIPER-01",Friendly,Player,Active,Engage,AutomationPilot,"",0,0.85,0,"BANDIT-01",False,True,True
58.589999999996913,"VIPER-02","VIPER-02",Friendly,Wingman,Active,Engage,MissionAI,"VIPER-01",1,0.85,0,"BANDIT-01",False,True,True
58.589999999996913,"VIPER-03","VIPER-03",Friendly,Wingman,Active,Engage,MissionAI,"VIPER-01",2,0.85,0,"BANDIT-01",False,True,True
58.589999999996913,"BANDIT-01","BANDIT-01",Hostile,Patrol,Active,Evade,MissionAI,"",0,0.45,0,"VIPER-03",False,False,True
58.589999999996913,"BANDIT-02","BANDIT-02",Hostile,Patrol,Active,Engage,MissionAI,"",0,0.45,0,"VIPER-03",False,False,True
58.589999999996913,"BANDIT-03","BANDIT-03",Hostile,Patrol,Active,Engage,MissionAI,"",0,0.45,0,"VIPER-03",False,False,True
58.589999999996913,"BANDIT-04","BANDIT-04",Hostile,Patrol,Active,Engage,MissionAI,"",0,0.45,0,"VIPER-03",False,False,True
58.789999999996873,"VIPER-01","VIPER-01",Friendly,Player,Active,Engage,AutomationPilot,"",0,0.85,0,"BANDIT-01",False,True,True
58.789999999996873,"VIPER-02","VIPER-02",Friendly,Wingman,Active,Engage,MissionAI,"VIPER-01",1,0.85,0,"BANDIT-01",False,True,True
58.789999999996873,"VIPER-03","VIPER-03",Friendly,Wingman,Active,Engage,MissionAI,"VIPER-01",2,0.85,0,"BANDIT-01",False,True,True
58.789999999996873,"BANDIT-01","BANDIT-01",Hostile,Patrol,Active,Evade,MissionAI,"",0,0.45,0,"VIPER-03",False,False,True
58.789999999996873,"BANDIT-02","BANDIT-02",Hostile,Patrol,Active,Engage,MissionAI,"",0,0.45,0,"VIPER-03",False,False,True
58.789999999996873,"BANDIT-03","BANDIT-03",Hostile,Patrol,Active,Engage,MissionAI,"",0,0.45,0,"VIPER-03",False,False,True
58.789999999996873,"BANDIT-04","BANDIT-04",Hostile,Patrol,Active,Engage,MissionAI,"",0,0.45,0,"VIPER-03",False,False,True
58.989999999996833,"VIPER-01","VIPER-01",Friendly,Player,Active,Engage,AutomationPilot,"",0,0.85,0,"BANDIT-01",False,True,True
58.989999999996833,"VIPER-02","VIPER-02",Friendly,Wingman,Active,Engage,MissionAI,"VIPER-01",1,0.85,0,"BANDIT-01",False,True,True
58.989999999996833,"VIPER-03","VIPER-03",Friendly,Wingman,Active,Engage,MissionAI,"VIPER-01",2,0.85,0,"BANDIT-01",False,True,True
58.989999999996833,"BANDIT-01","BANDIT-01",Hostile,Patrol,Active,Evade,MissionAI,"",0,0.45,0,"VIPER-03",False,False,True
58.989999999996833,"BANDIT-02","BANDIT-02",Hostile,Patrol,Active,Engage,MissionAI,"",0,0.45,0,"VIPER-03",False,False,True
58.989999999996833,"BANDIT-03","BANDIT-03",Hostile,Patrol,Active,Engage,MissionAI,"",0,0.45,0,"VIPER-03",False,False,True
58.989999999996833,"BANDIT-04","BANDIT-04",Hostile,Patrol,Active,Engage,MissionAI,"",0,0.45,0,"VIPER-03",False,False,True
59.189999999996793,"VIPER-01","VIPER-01",Friendly,Player,Active,Engage,AutomationPilot,"",0,0.85,0,"BANDIT-01",False,True,True
59.189999999996793,"VIPER-02","VIPER-02",Friendly,Wingman,Active,Engage,MissionAI,"VIPER-01",1,0.85,0,"BANDIT-01",False,True,True
59.189999999996793,"VIPER-03","VIPER-03",Friendly,Wingman,Active,Engage,MissionAI,"VIPER-01",2,0.85,0,"BANDIT-01",False,True,True
59.189999999996793,"BANDIT-01","BANDIT-01",Hostile,Patrol,Active,Evade,MissionAI,"",0,0.45,0,"VIPER-03",False,False,True
59.189999999996793,"BANDIT-02","BANDIT-02",Hostile,Patrol,Active,Engage,MissionAI,"",0,0.45,0,"VIPER-03",False,False,True
59.189999999996793,"BANDIT-03","BANDIT-03",Hostile,Patrol,Active,Engage,MissionAI,"",0,0.45,0,"VIPER-03",False,False,True
59.189999999996793,"BANDIT-04","BANDIT-04",Hostile,Patrol,Active,Engage,MissionAI,"",0,0.45,0,"VIPER-03",False,False,True
59.389999999996753,"VIPER-01","VIPER-01",Friendly,Player,Active,Engage,AutomationPilot,"",0,0.85,0,"BANDIT-01",False,True,True
59.389999999996753,"VIPER-02","VIPER-02",Friendly,Wingman,Active,Engage,MissionAI,"VIPER-01",1,0.85,0,"BANDIT-01",False,True,True
59.389999999996753,"VIPER-03","VIPER-03",Friendly,Wingman,Active,Engage,MissionAI,"VIPER-01",2,0.85,0,"BANDIT-01",False,True,True
59.389999999996753,"BANDIT-01","BANDIT-01",Hostile,Patrol,Active,Evade,MissionAI,"",0,0.45,0,"VIPER-03",False,False,True
59.389999999996753,"BANDIT-02","BANDIT-02",Hostile,Patrol,Active,Engage,MissionAI,"",0,0.45,0,"VIPER-03",False,False,True
59.389999999996753,"BANDIT-03","BANDIT-03",Hostile,Patrol,Active,Engage,MissionAI,"",0,0.45,0,"VIPER-03",False,False,True
59.389999999996753,"BANDIT-04","BANDIT-04",Hostile,Patrol,Active,Engage,MissionAI,"",0,0.45,0,"VIPER-03",False,False,True
59.589999999996714,"VIPER-01","VIPER-01",Friendly,Player,Active,Engage,AutomationPilot,"",0,0.85,0,"BANDIT-01",False,True,True
59.589999999996714,"VIPER-02","VIPER-02",Friendly,Wingman,Active,Engage,MissionAI,"VIPER-01",1,0.85,0,"BANDIT-01",False,True,True
59.589999999996714,"VIPER-03","VIPER-03",Friendly,Wingman,Active,Engage,MissionAI,"VIPER-01",2,0.85,0,"BANDIT-01",False,True,True
59.589999999996714,"BANDIT-01","BANDIT-01",Hostile,Patrol,Active,Evade,MissionAI,"",0,0.45,0,"VIPER-03",False,False,True
59.589999999996714,"BANDIT-02","BANDIT-02",Hostile,Patrol,Active,Engage,MissionAI,"",0,0.45,0,"VIPER-03",False,False,True
59.589999999996714,"BANDIT-03","BANDIT-03",Hostile,Patrol,Active,Engage,MissionAI,"",0,0.45,0,"VIPER-03",False,False,True
59.589999999996714,"BANDIT-04","BANDIT-04",Hostile,Patrol,Active,Engage,MissionAI,"",0,0.45,0,"VIPER-03",False,False,True
59.789999999996674,"VIPER-01","VIPER-01",Friendly,Player,Active,Engage,AutomationPilot,"",0,0.85,0,"BANDIT-01",False,True,True
59.789999999996674,"VIPER-02","VIPER-02",Friendly,Wingman,Active,Engage,MissionAI,"VIPER-01",1,0.85,0,"BANDIT-01",False,True,True
59.789999999996674,"VIPER-03","VIPER-03",Friendly,Wingman,Active,Engage,MissionAI,"VIPER-01",2,0.85,0,"BANDIT-01",False,True,True
59.789999999996674,"BANDIT-01","BANDIT-01",Hostile,Patrol,Active,Evade,MissionAI,"",0,0.45,0,"VIPER-03",False,False,True
59.789999999996674,"BANDIT-02","BANDIT-02",Hostile,Patrol,Active,Engage,MissionAI,"",0,0.45,0,"VIPER-03",False,False,True
59.789999999996674,"BANDIT-03","BANDIT-03",Hostile,Patrol,Active,Engage,MissionAI,"",0,0.45,0,"VIPER-03",False,False,True
59.789999999996674,"BANDIT-04","BANDIT-04",Hostile,Patrol,Active,Engage,MissionAI,"",0,0.45,0,"VIPER-03",False,False,True
59.989999999996634,"VIPER-01","VIPER-01",Friendly,Player,Active,Engage,AutomationPilot,"",0,0.85,0,"BANDIT-01",False,True,True
59.989999999996634,"VIPER-02","VIPER-02",Friendly,Wingman,Active,Engage,MissionAI,"VIPER-01",1,0.85,0,"BANDIT-01",False,True,True
59.989999999996634,"VIPER-03","VIPER-03",Friendly,Wingman,Active,Engage,MissionAI,"VIPER-01",2,0.85,0,"BANDIT-01",False,True,True
59.989999999996634,"BANDIT-01","BANDIT-01",Hostile,Patrol,Active,Evade,MissionAI,"",0,0.45,0,"VIPER-03",False,False,True
59.989999999996634,"BANDIT-02","BANDIT-02",Hostile,Patrol,Active,Engage,MissionAI,"",0,0.45,0,"VIPER-03",False,False,True
59.989999999996634,"BANDIT-03","BANDIT-03",Hostile,Patrol,Active,Engage,MissionAI,"",0,0.45,0,"VIPER-03",False,False,True
59.989999999996634,"BANDIT-04","BANDIT-04",Hostile,Patrol,Active,Engage,MissionAI,"",0,0.45,0,"VIPER-03",False,False,True
60.189999999996594,"VIPER-01","VIPER-01",Friendly,Player,Active,Engage,AutomationPilot,"",0,0.85,0,"BANDIT-01",False,True,True
60.189999999996594,"VIPER-02","VIPER-02",Friendly,Wingman,Active,Engage,MissionAI,"VIPER-01",1,0.85,0,"BANDIT-01",False,True,True
60.189999999996594,"VIPER-03","VIPER-03",Friendly,Wingman,Active,Engage,MissionAI,"VIPER-01",2,0.85,0,"BANDIT-01",False,True,True
60.189999999996594,"BANDIT-01","BANDIT-01",Hostile,Patrol,Active,Evade,MissionAI,"",0,0.45,0,"VIPER-03",False,False,True
60.189999999996594,"BANDIT-02","BANDIT-02",Hostile,Patrol,Active,Engage,MissionAI,"",0,0.45,0,"VIPER-03",False,False,True
60.189999999996594,"BANDIT-03","BANDIT-03",Hostile,Patrol,Active,Engage,MissionAI,"",0,0.45,0,"VIPER-03",False,False,True
60.189999999996594,"BANDIT-04","BANDIT-04",Hostile,Patrol,Active,Engage,MissionAI,"",0,0.45,0,"VIPER-03",False,False,True
60.389999999996554,"VIPER-01","VIPER-01",Friendly,Player,Active,Engage,AutomationPilot,"",0,0.85,0,"BANDIT-01",False,True,True
60.389999999996554,"VIPER-02","VIPER-02",Friendly,Wingman,Active,Engage,MissionAI,"VIPER-01",1,0.85,0,"BANDIT-01",False,True,True
60.389999999996554,"VIPER-03","VIPER-03",Friendly,Wingman,Active,Engage,MissionAI,"VIPER-01",2,0.85,0,"BANDIT-01",False,True,True
60.389999999996554,"BANDIT-01","BANDIT-01",Hostile,Patrol,Active,Evade,MissionAI,"",0,0.45,0,"VIPER-03",False,False,True
60.389999999996554,"BANDIT-02","BANDIT-02",Hostile,Patrol,Active,Engage,MissionAI,"",0,0.45,0,"VIPER-03",False,False,True
60.389999999996554,"BANDIT-03","BANDIT-03",Hostile,Patrol,Active,Engage,MissionAI,"",0,0.45,0,"VIPER-03",False,False,True
60.389999999996554,"BANDIT-04","BANDIT-04",Hostile,Patrol,Active,Engage,MissionAI,"",0,0.45,0,"VIPER-03",False,False,True
60.589999999996515,"VIPER-01","VIPER-01",Friendly,Player,Active,Engage,AutomationPilot,"",0,0.85,0,"BANDIT-01",False,True,True
60.589999999996515,"VIPER-02","VIPER-02",Friendly,Wingman,Active,Engage,MissionAI,"VIPER-01",1,0.85,0,"BANDIT-01",False,True,True
60.589999999996515,"VIPER-03","VIPER-03",Friendly,Wingman,Active,Engage,MissionAI,"VIPER-01",2,0.85,0,"BANDIT-01",False,True,True
60.589999999996515,"BANDIT-01","BANDIT-01",Hostile,Patrol,Active,Evade,MissionAI,"",0,0.45,0,"VIPER-03",False,False,True
60.589999999996515,"BANDIT-02","BANDIT-02",Hostile,Patrol,Active,Engage,MissionAI,"",0,0.45,0,"VIPER-03",False,False,True
60.589999999996515,"BANDIT-03","BANDIT-03",Hostile,Patrol,Active,Engage,MissionAI,"",0,0.45,0,"VIPER-03",False,False,True
60.589999999996515,"BANDIT-04","BANDIT-04",Hostile,Patrol,Active,Engage,MissionAI,"",0,0.45,0,"VIPER-03",False,False,True
60.789999999996475,"VIPER-01","VIPER-01",Friendly,Player,Active,Engage,AutomationPilot,"",0,0.85,0,"BANDIT-01",False,True,True
60.789999999996475,"VIPER-02","VIPER-02",Friendly,Wingman,Active,Engage,MissionAI,"VIPER-01",1,0.85,0,"BANDIT-01",False,True,True
60.789999999996475,"VIPER-03","VIPER-03",Friendly,Wingman,Active,Engage,MissionAI,"VIPER-01",2,0.85,0,"BANDIT-01",False,True,True
60.789999999996475,"BANDIT-01","BANDIT-01",Hostile,Patrol,Active,Evade,MissionAI,"",0,0.45,0,"VIPER-03",False,False,True
60.789999999996475,"BANDIT-02","BANDIT-02",Hostile,Patrol,Active,Engage,MissionAI,"",0,0.45,0,"VIPER-03",False,False,True
60.789999999996475,"BANDIT-03","BANDIT-03",Hostile,Patrol,Active,Engage,MissionAI,"",0,0.45,0,"VIPER-03",False,False,True
60.789999999996475,"BANDIT-04","BANDIT-04",Hostile,Patrol,Active,Engage,MissionAI,"",0,0.45,0,"VIPER-03",False,False,True
60.989999999996435,"VIPER-01","VIPER-01",Friendly,Player,Active,Engage,AutomationPilot,"",0,0.85,0,"BANDIT-01",False,True,True
60.989999999996435,"VIPER-02","VIPER-02",Friendly,Wingman,Active,Engage,MissionAI,"VIPER-01",1,0.85,0,"BANDIT-01",False,True,True
60.989999999996435,"VIPER-03","VIPER-03",Friendly,Wingman,Active,Engage,MissionAI,"VIPER-01",2,0.85,0,"BANDIT-01",False,True,True
60.989999999996435,"BANDIT-01","BANDIT-01",Hostile,Patrol,Active,Evade,MissionAI,"",0,0.45,0,"VIPER-03",False,False,True
60.989999999996435,"BANDIT-02","BANDIT-02",Hostile,Patrol,Active,Engage,MissionAI,"",0,0.45,0,"VIPER-03",False,False,True
60.989999999996435,"BANDIT-03","BANDIT-03",Hostile,Patrol,Active,Engage,MissionAI,"",0,0.45,0,"VIPER-03",False,False,True
60.989999999996435,"BANDIT-04","BANDIT-04",Hostile,Patrol,Active,Engage,MissionAI,"",0,0.45,0,"VIPER-03",False,False,True
61.189999999996395,"VIPER-01","VIPER-01",Friendly,Player,Active,Engage,AutomationPilot,"",0,0.85,0,"BANDIT-01",False,True,True
61.189999999996395,"VIPER-02","VIPER-02",Friendly,Wingman,Active,Engage,MissionAI,"VIPER-01",1,0.85,0,"BANDIT-01",False,True,True
61.189999999996395,"VIPER-03","VIPER-03",Friendly,Wingman,Active,Engage,MissionAI,"VIPER-01",2,0.85,0,"BANDIT-01",False,True,True
61.189999999996395,"BANDIT-01","BANDIT-01",Hostile,Patrol,Active,Evade,MissionAI,"",0,0.45,0,"VIPER-03",False,False,True
61.189999999996395,"BANDIT-02","BANDIT-02",Hostile,Patrol,Active,Engage,MissionAI,"",0,0.45,0,"VIPER-03",False,False,True
61.189999999996395,"BANDIT-03","BANDIT-03",Hostile,Patrol,Active,Engage,MissionAI,"",0,0.45,0,"VIPER-03",False,False,True
61.189999999996395,"BANDIT-04","BANDIT-04",Hostile,Patrol,Active,Engage,MissionAI,"",0,0.45,0,"VIPER-03",False,False,True
61.389999999996355,"VIPER-01","VIPER-01",Friendly,Player,Active,Engage,AutomationPilot,"",0,0.85,0,"BANDIT-01",False,True,True
61.389999999996355,"VIPER-02","VIPER-02",Friendly,Wingman,Active,Engage,MissionAI,"VIPER-01",1,0.85,0,"BANDIT-01",False,True,True
61.389999999996355,"VIPER-03","VIPER-03",Friendly,Wingman,Active,Engage,MissionAI,"VIPER-01",2,0.85,0,"BANDIT-01",False,True,True
61.389999999996355,"BANDIT-01","BANDIT-01",Hostile,Patrol,Active,Evade,MissionAI,"",0,0.45,0,"VIPER-03",False,False,True
61.389999999996355,"BANDIT-02","BANDIT-02",Hostile,Patrol,Active,Engage,MissionAI,"",0,0.45,0,"VIPER-03",False,False,True
61.389999999996355,"BANDIT-03","BANDIT-03",Hostile,Patrol,Active,Engage,MissionAI,"",0,0.45,0,"VIPER-03",False,False,True
61.389999999996355,"BANDIT-04","BANDIT-04",Hostile,Patrol,Active,Engage,MissionAI,"",0,0.45,0,"VIPER-03",False,False,True
61.589999999996316,"VIPER-01","VIPER-01",Friendly,Player,Active,Engage,AutomationPilot,"",0,0.85,0,"BANDIT-01",False,True,True
61.589999999996316,"VIPER-02","VIPER-02",Friendly,Wingman,Active,Engage,MissionAI,"VIPER-01",1,0.85,0,"BANDIT-01",False,True,True
61.589999999996316,"VIPER-03","VIPER-03",Friendly,Wingman,Active,Engage,MissionAI,"VIPER-01",2,0.85,0,"BANDIT-01",False,True,True
61.589999999996316,"BANDIT-01","BANDIT-01",Hostile,Patrol,Active,Evade,MissionAI,"",0,0.45,0,"VIPER-03",False,False,True
61.589999999996316,"BANDIT-02","BANDIT-02",Hostile,Patrol,Active,Engage,MissionAI,"",0,0.45,0,"VIPER-03",False,False,True
61.589999999996316,"BANDIT-03","BANDIT-03",Hostile,Patrol,Active,Engage,MissionAI,"",0,0.45,0,"VIPER-03",False,False,True
61.589999999996316,"BANDIT-04","BANDIT-04",Hostile,Patrol,Active,Engage,MissionAI,"",0,0.45,0,"VIPER-03",False,False,True
61.789999999996276,"VIPER-01","VIPER-01",Friendly,Player,Active,Engage,AutomationPilot,"",0,0.85,0,"BANDIT-01",False,True,True
61.789999999996276,"VIPER-02","VIPER-02",Friendly,Wingman,Active,Engage,MissionAI,"VIPER-01",1,0.85,0,"BANDIT-01",False,True,True
61.789999999996276,"VIPER-03","VIPER-03",Friendly,Wingman,Active,Engage,MissionAI,"VIPER-01",2,0.85,0,"BANDIT-01",False,True,True
61.789999999996276,"BANDIT-01","BANDIT-01",Hostile,Patrol,Active,Evade,MissionAI,"",0,0.45,0,"VIPER-03",False,False,True
61.789999999996276,"BANDIT-02","BANDIT-02",Hostile,Patrol,Active,Engage,MissionAI,"",0,0.45,0,"VIPER-03",False,False,True
61.789999999996276,"BANDIT-03","BANDIT-03",Hostile,Patrol,Active,Engage,MissionAI,"",0,0.45,0,"VIPER-03",False,False,True
61.789999999996276,"BANDIT-04","BANDIT-04",Hostile,Patrol,Active,Engage,MissionAI,"",0,0.45,0,"VIPER-03",False,False,True
61.989999999996236,"VIPER-01","VIPER-01",Friendly,Player,Active,Engage,AutomationPilot,"",0,0.85,0,"BANDIT-01",False,True,True
61.989999999996236,"VIPER-02","VIPER-02",Friendly,Wingman,Active,Engage,MissionAI,"VIPER-01",1,0.85,0,"BANDIT-01",False,True,True
61.989999999996236,"VIPER-03","VIPER-03",Friendly,Wingman,Active,Engage,MissionAI,"VIPER-01",2,0.85,0,"BANDIT-01",False,True,True
61.989999999996236,"BANDIT-01","BANDIT-01",Hostile,Patrol,Active,Evade,MissionAI,"",0,0.45,0,"VIPER-03",False,False,True
61.989999999996236,"BANDIT-02","BANDIT-02",Hostile,Patrol,Active,Engage,MissionAI,"",0,0.45,0,"VIPER-03",False,False,True
61.989999999996236,"BANDIT-03","BANDIT-03",Hostile,Patrol,Active,Engage,MissionAI,"",0,0.45,0,"VIPER-03",False,False,True
61.989999999996236,"BANDIT-04","BANDIT-04",Hostile,Patrol,Active,Engage,MissionAI,"",0,0.45,0,"VIPER-03",False,False,True
62.189999999996196,"VIPER-01","VIPER-01",Friendly,Player,Active,Engage,AutomationPilot,"",0,0.85,0,"BANDIT-01",False,True,True
62.189999999996196,"VIPER-02","VIPER-02",Friendly,Wingman,Active,Engage,MissionAI,"VIPER-01",1,0.85,0,"BANDIT-01",False,True,True
62.189999999996196,"VIPER-03","VIPER-03",Friendly,Wingman,Active,Engage,MissionAI,"VIPER-01",2,0.85,0,"BANDIT-01",False,True,True
62.189999999996196,"BANDIT-01","BANDIT-01",Hostile,Patrol,Active,Evade,MissionAI,"",0,0.45,0,"VIPER-03",False,False,True
62.189999999996196,"BANDIT-02","BANDIT-02",Hostile,Patrol,Active,Engage,MissionAI,"",0,0.45,0,"VIPER-03",False,False,True
62.189999999996196,"BANDIT-03","BANDIT-03",Hostile,Patrol,Active,Engage,MissionAI,"",0,0.45,0,"VIPER-03",False,False,True
62.189999999996196,"BANDIT-04","BANDIT-04",Hostile,Patrol,Active,Engage,MissionAI,"",0,0.45,0,"VIPER-03",False,False,True
62.389999999996157,"VIPER-01","VIPER-01",Friendly,Player,Active,Engage,AutomationPilot,"",0,0.85,0,"BANDIT-01",False,True,True
62.389999999996157,"VIPER-02","VIPER-02",Friendly,Wingman,Active,Engage,MissionAI,"VIPER-01",1,0.85,0,"BANDIT-01",False,True,True
62.389999999996157,"VIPER-03","VIPER-03",Friendly,Wingman,Active,Engage,MissionAI,"VIPER-01",2,0.85,0,"BANDIT-01",False,True,True
62.389999999996157,"BANDIT-01","BANDIT-01",Hostile,Patrol,Active,Evade,MissionAI,"",0,0.45,0,"VIPER-03",False,False,True
62.389999999996157,"BANDIT-02","BANDIT-02",Hostile,Patrol,Active,Engage,MissionAI,"",0,0.45,0,"VIPER-03",False,False,True
62.389999999996157,"BANDIT-03","BANDIT-03",Hostile,Patrol,Active,Engage,MissionAI,"",0,0.45,0,"VIPER-03",False,False,True
62.389999999996157,"BANDIT-04","BANDIT-04",Hostile,Patrol,Active,Engage,MissionAI,"",0,0.45,0,"VIPER-03",False,False,True
62.589999999996117,"VIPER-01","VIPER-01",Friendly,Player,Active,Engage,AutomationPilot,"",0,0.85,0,"BANDIT-01",False,True,True
62.589999999996117,"VIPER-02","VIPER-02",Friendly,Wingman,Active,Engage,MissionAI,"VIPER-01",1,0.85,0,"BANDIT-01",False,True,True
62.589999999996117,"VIPER-03","VIPER-03",Friendly,Wingman,Active,Engage,MissionAI,"VIPER-01",2,0.85,0,"BANDIT-01",False,True,True
62.589999999996117,"BANDIT-01","BANDIT-01",Hostile,Patrol,Active,Evade,MissionAI,"",0,0.45,0,"VIPER-03",False,False,True
62.589999999996117,"BANDIT-02","BANDIT-02",Hostile,Patrol,Active,Engage,MissionAI,"",0,0.45,0,"VIPER-03",False,False,True
62.589999999996117,"BANDIT-03","BANDIT-03",Hostile,Patrol,Active,Engage,MissionAI,"",0,0.45,0,"VIPER-03",False,False,True
62.589999999996117,"BANDIT-04","BANDIT-04",Hostile,Patrol,Active,Engage,MissionAI,"",0,0.45,0,"VIPER-03",False,False,True
62.789999999996077,"VIPER-01","VIPER-01",Friendly,Player,Active,Engage,AutomationPilot,"",0,0.85,0,"BANDIT-01",False,True,True
62.789999999996077,"VIPER-02","VIPER-02",Friendly,Wingman,Active,Engage,MissionAI,"VIPER-01",1,0.85,0,"BANDIT-01",False,True,True
62.789999999996077,"VIPER-03","VIPER-03",Friendly,Wingman,Active,Engage,MissionAI,"VIPER-01",2,0.85,0,"BANDIT-01",False,True,True
62.789999999996077,"BANDIT-01","BANDIT-01",Hostile,Patrol,Active,Evade,MissionAI,"",0,0.45,0,"VIPER-03",False,False,True
62.789999999996077,"BANDIT-02","BANDIT-02",Hostile,Patrol,Active,Engage,MissionAI,"",0,0.45,0,"VIPER-03",False,False,True
62.789999999996077,"BANDIT-03","BANDIT-03",Hostile,Patrol,Active,Engage,MissionAI,"",0,0.45,0,"VIPER-03",False,False,True
62.789999999996077,"BANDIT-04","BANDIT-04",Hostile,Patrol,Active,Engage,MissionAI,"",0,0.45,0,"VIPER-03",False,False,True
62.989999999996037,"VIPER-01","VIPER-01",Friendly,Player,Active,Engage,AutomationPilot,"",0,0.85,0,"BANDIT-01",False,True,True
62.989999999996037,"VIPER-02","VIPER-02",Friendly,Wingman,Active,Engage,MissionAI,"VIPER-01",1,0.85,0,"BANDIT-01",False,True,True
62.989999999996037,"VIPER-03","VIPER-03",Friendly,Wingman,Active,Engage,MissionAI,"VIPER-01",2,0.85,0,"BANDIT-01",False,True,True
62.989999999996037,"BANDIT-01","BANDIT-01",Hostile,Patrol,Active,Evade,MissionAI,"",0,0.45,0,"VIPER-03",False,False,True
62.989999999996037,"BANDIT-02","BANDIT-02",Hostile,Patrol,Active,Engage,MissionAI,"",0,0.45,0,"VIPER-03",False,False,True
62.989999999996037,"BANDIT-03","BANDIT-03",Hostile,Patrol,Active,Engage,MissionAI,"",0,0.45,0,"VIPER-03",False,False,True
62.989999999996037,"BANDIT-04","BANDIT-04",Hostile,Patrol,Active,Engage,MissionAI,"",0,0.45,0,"VIPER-03",False,False,True
63.189999999996,"VIPER-01","VIPER-01",Friendly,Player,Active,Engage,AutomationPilot,"",0,0.85,0,"BANDIT-01",False,True,True
63.189999999996,"VIPER-02","VIPER-02",Friendly,Wingman,Active,Engage,MissionAI,"VIPER-01",1,0.85,0,"BANDIT-01",False,True,True
63.189999999996,"VIPER-03","VIPER-03",Friendly,Wingman,Active,Engage,MissionAI,"VIPER-01",2,0.85,0,"BANDIT-01",False,True,True
63.189999999996,"BANDIT-01","BANDIT-01",Hostile,Patrol,Active,Evade,MissionAI,"",0,0.45,0,"VIPER-03",False,False,True
63.189999999996,"BANDIT-02","BANDIT-02",Hostile,Patrol,Active,Engage,MissionAI,"",0,0.45,0,"VIPER-03",False,False,True
63.189999999996,"BANDIT-03","BANDIT-03",Hostile,Patrol,Active,Engage,MissionAI,"",0,0.45,0,"VIPER-03",False,False,True
63.189999999996,"BANDIT-04","BANDIT-04",Hostile,Patrol,Active,Engage,MissionAI,"",0,0.45,0,"VIPER-03",False,False,True
63.389999999995958,"VIPER-01","VIPER-01",Friendly,Player,Active,Engage,AutomationPilot,"",0,0.85,0,"BANDIT-01",False,True,True
63.389999999995958,"VIPER-02","VIPER-02",Friendly,Wingman,Active,Engage,MissionAI,"VIPER-01",1,0.85,0,"BANDIT-01",False,True,True
63.389999999995958,"VIPER-03","VIPER-03",Friendly,Wingman,Active,Engage,MissionAI,"VIPER-01",2,0.85,0,"BANDIT-01",False,True,True
63.389999999995958,"BANDIT-01","BANDIT-01",Hostile,Patrol,Active,Evade,MissionAI,"",0,0.45,0,"VIPER-03",False,False,True
63.389999999995958,"BANDIT-02","BANDIT-02",Hostile,Patrol,Active,Engage,MissionAI,"",0,0.45,0,"VIPER-03",False,False,True
63.389999999995958,"BANDIT-03","BANDIT-03",Hostile,Patrol,Active,Engage,MissionAI,"",0,0.45,0,"VIPER-03",False,False,True
63.389999999995958,"BANDIT-04","BANDIT-04",Hostile,Patrol,Active,Engage,MissionAI,"",0,0.45,0,"VIPER-03",False,False,True
63.589999999995918,"VIPER-01","VIPER-01",Friendly,Player,Active,Engage,AutomationPilot,"",0,0.85,0,"BANDIT-01",False,True,True
63.589999999995918,"VIPER-02","VIPER-02",Friendly,Wingman,Active,Engage,MissionAI,"VIPER-01",1,0.85,0,"BANDIT-01",False,True,True
63.589999999995918,"VIPER-03","VIPER-03",Friendly,Wingman,Active,Engage,MissionAI,"VIPER-01",2,0.85,0,"BANDIT-01",False,True,True
63.589999999995918,"BANDIT-01","BANDIT-01",Hostile,Patrol,Active,Evade,MissionAI,"",0,0.45,0,"VIPER-03",False,False,True
63.589999999995918,"BANDIT-02","BANDIT-02",Hostile,Patrol,Active,Engage,MissionAI,"",0,0.45,0,"VIPER-03",False,False,True
63.589999999995918,"BANDIT-03","BANDIT-03",Hostile,Patrol,Active,Engage,MissionAI,"",0,0.45,0,"VIPER-03",False,False,True
63.589999999995918,"BANDIT-04","BANDIT-04",Hostile,Patrol,Active,Engage,MissionAI,"",0,0.45,0,"VIPER-03",False,False,True
63.789999999995878,"VIPER-01","VIPER-01",Friendly,Player,Active,Engage,AutomationPilot,"",0,0.85,0,"BANDIT-01",False,True,True
63.789999999995878,"VIPER-02","VIPER-02",Friendly,Wingman,Active,Engage,MissionAI,"VIPER-01",1,0.85,0,"BANDIT-01",False,True,True
63.789999999995878,"VIPER-03","VIPER-03",Friendly,Wingman,Active,Engage,MissionAI,"VIPER-01",2,0.85,0,"BANDIT-01",False,True,True
63.789999999995878,"BANDIT-01","BANDIT-01",Hostile,Patrol,Active,Evade,MissionAI,"",0,0.45,0,"VIPER-03",False,False,True
63.789999999995878,"BANDIT-02","BANDIT-02",Hostile,Patrol,Active,Engage,MissionAI,"",0,0.45,0,"VIPER-03",False,False,True
63.789999999995878,"BANDIT-03","BANDIT-03",Hostile,Patrol,Active,Engage,MissionAI,"",0,0.45,0,"VIPER-03",False,False,True
63.789999999995878,"BANDIT-04","BANDIT-04",Hostile,Patrol,Active,Engage,MissionAI,"",0,0.45,0,"VIPER-03",False,False,True
63.989999999995838,"VIPER-01","VIPER-01",Friendly,Player,Active,Engage,AutomationPilot,"",0,0.85,0,"BANDIT-01",False,True,True
63.989999999995838,"VIPER-02","VIPER-02",Friendly,Wingman,Active,Engage,MissionAI,"VIPER-01",1,0.85,0,"BANDIT-01",False,True,True
63.989999999995838,"VIPER-03","VIPER-03",Friendly,Wingman,Active,Engage,MissionAI,"VIPER-01",2,0.85,0,"BANDIT-01",False,True,True
63.989999999995838,"BANDIT-01","BANDIT-01",Hostile,Patrol,Active,Evade,MissionAI,"",0,0.45,0,"VIPER-03",False,False,True
63.989999999995838,"BANDIT-02","BANDIT-02",Hostile,Patrol,Active,Engage,MissionAI,"",0,0.45,0,"VIPER-03",False,False,True
63.989999999995838,"BANDIT-03","BANDIT-03",Hostile,Patrol,Active,Engage,MissionAI,"",0,0.45,0,"VIPER-03",False,False,True
63.989999999995838,"BANDIT-04","BANDIT-04",Hostile,Patrol,Active,Engage,MissionAI,"",0,0.45,0,"VIPER-03",False,False,True
64.189999999995933,"VIPER-01","VIPER-01",Friendly,Player,Active,Engage,AutomationPilot,"",0,0.85,0,"BANDIT-01",False,True,True
64.189999999995933,"VIPER-02","VIPER-02",Friendly,Wingman,Active,Engage,MissionAI,"VIPER-01",1,0.85,0,"BANDIT-01",False,True,True
64.189999999995933,"VIPER-03","VIPER-03",Friendly,Wingman,Active,Engage,MissionAI,"VIPER-01",2,0.85,0,"BANDIT-01",False,True,True
64.189999999995933,"BANDIT-01","BANDIT-01",Hostile,Patrol,Active,Evade,MissionAI,"",0,0.45,0,"VIPER-03",False,False,True
64.189999999995933,"BANDIT-02","BANDIT-02",Hostile,Patrol,Active,Engage,MissionAI,"",0,0.45,0,"VIPER-03",False,False,True
64.189999999995933,"BANDIT-03","BANDIT-03",Hostile,Patrol,Active,Engage,MissionAI,"",0,0.45,0,"VIPER-03",False,False,True
64.189999999995933,"BANDIT-04","BANDIT-04",Hostile,Patrol,Active,Engage,MissionAI,"",0,0.45,0,"VIPER-03",False,False,True
64.389999999996036,"VIPER-01","VIPER-01",Friendly,Player,Active,Engage,AutomationPilot,"",0,0.85,0,"BANDIT-02",False,True,True
64.389999999996036,"VIPER-02","VIPER-02",Friendly,Wingman,Active,Engage,MissionAI,"VIPER-01",1,0.85,0,"BANDIT-02",False,True,True
64.389999999996036,"VIPER-03","VIPER-03",Friendly,Wingman,Active,Engage,MissionAI,"VIPER-01",2,0.85,0,"BANDIT-02",False,True,True
64.389999999996036,"BANDIT-01","BANDIT-01",Hostile,Patrol,Active,Evade,MissionAI,"",0,0.45,0,"VIPER-03",False,False,True
64.389999999996036,"BANDIT-02","BANDIT-02",Hostile,Patrol,Active,Engage,MissionAI,"",0,0.45,0,"VIPER-03",False,False,True
64.389999999996036,"BANDIT-03","BANDIT-03",Hostile,Patrol,Active,Engage,MissionAI,"",0,0.45,0,"VIPER-03",False,False,True
64.389999999996036,"BANDIT-04","BANDIT-04",Hostile,Patrol,Active,Engage,MissionAI,"",0,0.45,0,"VIPER-03",False,False,True
64.589999999996138,"VIPER-01","VIPER-01",Friendly,Player,Active,Engage,AutomationPilot,"",0,0.85,0,"BANDIT-02",False,True,True
64.589999999996138,"VIPER-02","VIPER-02",Friendly,Wingman,Active,Engage,MissionAI,"VIPER-01",1,0.85,0,"BANDIT-02",False,True,True
64.589999999996138,"VIPER-03","VIPER-03",Friendly,Wingman,Active,Engage,MissionAI,"VIPER-01",2,0.85,0,"BANDIT-02",False,True,True
64.589999999996138,"BANDIT-01","BANDIT-01",Hostile,Patrol,Active,Evade,MissionAI,"",0,0.45,0,"VIPER-03",False,False,True
64.589999999996138,"BANDIT-02","BANDIT-02",Hostile,Patrol,Active,Engage,MissionAI,"",0,0.45,0,"VIPER-03",False,False,True
64.589999999996138,"BANDIT-03","BANDIT-03",Hostile,Patrol,Active,Engage,MissionAI,"",0,0.45,0,"VIPER-03",False,False,True
64.589999999996138,"BANDIT-04","BANDIT-04",Hostile,Patrol,Active,Engage,MissionAI,"",0,0.45,0,"VIPER-03",False,False,True
64.78999999999624,"VIPER-01","VIPER-01",Friendly,Player,Active,Engage,AutomationPilot,"",0,0.85,0,"BANDIT-02",False,True,True
64.78999999999624,"VIPER-02","VIPER-02",Friendly,Wingman,Active,Engage,MissionAI,"VIPER-01",1,0.85,0,"BANDIT-02",False,True,True
64.78999999999624,"VIPER-03","VIPER-03",Friendly,Wingman,Active,Engage,MissionAI,"VIPER-01",2,0.85,0,"BANDIT-02",False,True,True
64.78999999999624,"BANDIT-01","BANDIT-01",Hostile,Patrol,Active,Evade,MissionAI,"",0,0.45,0,"VIPER-03",False,False,True
64.78999999999624,"BANDIT-02","BANDIT-02",Hostile,Patrol,Active,Engage,MissionAI,"",0,0.45,0,"VIPER-03",False,False,True
64.78999999999624,"BANDIT-03","BANDIT-03",Hostile,Patrol,Active,Engage,MissionAI,"",0,0.45,0,"VIPER-03",False,False,True
64.78999999999624,"BANDIT-04","BANDIT-04",Hostile,Patrol,Active,Engage,MissionAI,"",0,0.45,0,"VIPER-03",False,False,True
64.989999999996343,"VIPER-01","VIPER-01",Friendly,Player,Active,Engage,AutomationPilot,"",0,0.85,0,"BANDIT-02",False,True,True
64.989999999996343,"VIPER-02","VIPER-02",Friendly,Wingman,Active,Engage,MissionAI,"VIPER-01",1,0.85,0,"BANDIT-02",False,True,True
64.989999999996343,"VIPER-03","VIPER-03",Friendly,Wingman,Active,Engage,MissionAI,"VIPER-01",2,0.85,0,"BANDIT-02",False,True,True
64.989999999996343,"BANDIT-01","BANDIT-01",Hostile,Patrol,Active,Evade,MissionAI,"",0,0.45,0,"VIPER-03",False,False,True
64.989999999996343,"BANDIT-02","BANDIT-02",Hostile,Patrol,Active,Engage,MissionAI,"",0,0.45,0,"VIPER-03",False,False,True
64.989999999996343,"BANDIT-03","BANDIT-03",Hostile,Patrol,Active,Engage,MissionAI,"",0,0.45,0,"VIPER-03",False,False,True
64.989999999996343,"BANDIT-04","BANDIT-04",Hostile,Patrol,Active,Engage,MissionAI,"",0,0.45,0,"VIPER-03",False,False,True
65.189999999996445,"VIPER-01","VIPER-01",Friendly,Player,Active,Engage,AutomationPilot,"",0,0.85,0,"BANDIT-02",False,True,True
65.189999999996445,"VIPER-02","VIPER-02",Friendly,Wingman,Active,Engage,MissionAI,"VIPER-01",1,0.85,0,"BANDIT-02",False,True,True
65.189999999996445,"VIPER-03","VIPER-03",Friendly,Wingman,Active,Engage,MissionAI,"VIPER-01",2,0.85,0,"BANDIT-02",False,True,True
65.189999999996445,"BANDIT-01","BANDIT-01",Hostile,Patrol,Active,Evade,MissionAI,"",0,0.45,0,"VIPER-03",False,False,True
65.189999999996445,"BANDIT-02","BANDIT-02",Hostile,Patrol,Active,Engage,MissionAI,"",0,0.45,0,"VIPER-03",False,False,True
65.189999999996445,"BANDIT-03","BANDIT-03",Hostile,Patrol,Active,Engage,MissionAI,"",0,0.45,0,"VIPER-03",False,False,True
65.189999999996445,"BANDIT-04","BANDIT-04",Hostile,Patrol,Active,Engage,MissionAI,"",0,0.45,0,"VIPER-03",False,False,True
65.389999999996547,"VIPER-01","VIPER-01",Friendly,Player,Active,Engage,AutomationPilot,"",0,0.85,0,"BANDIT-02",False,True,True
65.389999999996547,"VIPER-02","VIPER-02",Friendly,Wingman,Active,Engage,MissionAI,"VIPER-01",1,0.85,0,"BANDIT-02",False,True,True
65.389999999996547,"VIPER-03","VIPER-03",Friendly,Wingman,Active,Engage,MissionAI,"VIPER-01",2,0.85,0,"BANDIT-02",False,True,True
65.389999999996547,"BANDIT-01","BANDIT-01",Hostile,Patrol,Active,Evade,MissionAI,"",0,0.45,0,"VIPER-03",False,False,True
65.389999999996547,"BANDIT-02","BANDIT-02",Hostile,Patrol,Active,Engage,MissionAI,"",0,0.45,0,"VIPER-03",False,False,True
65.389999999996547,"BANDIT-03","BANDIT-03",Hostile,Patrol,Active,Engage,MissionAI,"",0,0.45,0,"VIPER-03",False,False,True
65.389999999996547,"BANDIT-04","BANDIT-04",Hostile,Patrol,Active,Engage,MissionAI,"",0,0.45,0,"VIPER-03",False,False,True
65.58999999999665,"VIPER-01","VIPER-01",Friendly,Player,Active,Engage,AutomationPilot,"",0,0.85,0,"BANDIT-02",False,True,True
65.58999999999665,"VIPER-02","VIPER-02",Friendly,Wingman,Active,Engage,MissionAI,"VIPER-01",1,0.85,0,"BANDIT-02",False,True,True
65.58999999999665,"VIPER-03","VIPER-03",Friendly,Wingman,Active,Engage,MissionAI,"VIPER-01",2,0.85,0,"BANDIT-02",False,True,True
65.58999999999665,"BANDIT-01","BANDIT-01",Hostile,Patrol,Active,Evade,MissionAI,"",0,0.45,0,"VIPER-03",False,False,True
65.58999999999665,"BANDIT-02","BANDIT-02",Hostile,Patrol,Active,Engage,MissionAI,"",0,0.45,0,"VIPER-03",False,False,True
65.58999999999665,"BANDIT-03","BANDIT-03",Hostile,Patrol,Active,Engage,MissionAI,"",0,0.45,0,"VIPER-03",False,False,True
65.58999999999665,"BANDIT-04","BANDIT-04",Hostile,Patrol,Active,Engage,MissionAI,"",0,0.45,0,"VIPER-03",False,False,True
65.789999999996752,"VIPER-01","VIPER-01",Friendly,Player,Active,Engage,AutomationPilot,"",0,0.85,0,"BANDIT-02",False,True,True
65.789999999996752,"VIPER-02","VIPER-02",Friendly,Wingman,Active,Engage,MissionAI,"VIPER-01",1,0.85,0,"BANDIT-02",False,True,True
65.789999999996752,"VIPER-03","VIPER-03",Friendly,Wingman,Active,Engage,MissionAI,"VIPER-01",2,0.85,0,"BANDIT-02",False,True,True
65.789999999996752,"BANDIT-01","BANDIT-01",Hostile,Patrol,Active,Evade,MissionAI,"",0,0.45,0,"VIPER-03",False,False,True
65.789999999996752,"BANDIT-02","BANDIT-02",Hostile,Patrol,Active,Engage,MissionAI,"",0,0.45,0,"VIPER-03",False,False,True
65.789999999996752,"BANDIT-03","BANDIT-03",Hostile,Patrol,Active,Engage,MissionAI,"",0,0.45,0,"VIPER-03",False,False,True
65.789999999996752,"BANDIT-04","BANDIT-04",Hostile,Patrol,Active,Engage,MissionAI,"",0,0.45,0,"VIPER-03",False,False,True
65.989999999996854,"VIPER-01","VIPER-01",Friendly,Player,Active,Engage,AutomationPilot,"",0,0.85,0,"BANDIT-02",False,True,True
65.989999999996854,"VIPER-02","VIPER-02",Friendly,Wingman,Active,Engage,MissionAI,"VIPER-01",1,0.85,0,"BANDIT-02",False,True,True
65.989999999996854,"VIPER-03","VIPER-03",Friendly,Wingman,Active,Engage,MissionAI,"VIPER-01",2,0.85,0,"BANDIT-02",False,True,True
65.989999999996854,"BANDIT-01","BANDIT-01",Hostile,Patrol,Active,Evade,MissionAI,"",0,0.45,0,"VIPER-03",False,False,True
65.989999999996854,"BANDIT-02","BANDIT-02",Hostile,Patrol,Active,Engage,MissionAI,"",0,0.45,0,"VIPER-03",False,False,True
65.989999999996854,"BANDIT-03","BANDIT-03",Hostile,Patrol,Active,Engage,MissionAI,"",0,0.45,0,"VIPER-03",False,False,True
65.989999999996854,"BANDIT-04","BANDIT-04",Hostile,Patrol,Active,Engage,MissionAI,"",0,0.45,0,"VIPER-03",False,False,True
66.189999999996957,"VIPER-01","VIPER-01",Friendly,Player,Active,Engage,AutomationPilot,"",0,0.85,0,"BANDIT-02",False,True,True
66.189999999996957,"VIPER-02","VIPER-02",Friendly,Wingman,Active,Engage,MissionAI,"VIPER-01",1,0.85,0,"BANDIT-02",False,True,True
66.189999999996957,"VIPER-03","VIPER-03",Friendly,Wingman,Active,Engage,MissionAI,"VIPER-01",2,0.85,0,"BANDIT-02",False,True,True
66.189999999996957,"BANDIT-01","BANDIT-01",Hostile,Patrol,Active,Evade,MissionAI,"",0,0.45,0,"VIPER-03",False,False,True
66.189999999996957,"BANDIT-02","BANDIT-02",Hostile,Patrol,Active,Engage,MissionAI,"",0,0.45,0,"VIPER-03",False,False,True
66.189999999996957,"BANDIT-03","BANDIT-03",Hostile,Patrol,Active,Engage,MissionAI,"",0,0.45,0,"VIPER-03",False,False,True
66.189999999996957,"BANDIT-04","BANDIT-04",Hostile,Patrol,Active,Engage,MissionAI,"",0,0.45,0,"VIPER-03",False,False,True
66.389999999997059,"VIPER-01","VIPER-01",Friendly,Player,Active,Engage,AutomationPilot,"",0,0.85,0,"BANDIT-02",False,True,True
66.389999999997059,"VIPER-02","VIPER-02",Friendly,Wingman,Active,Engage,MissionAI,"VIPER-01",1,0.85,0,"BANDIT-02",False,True,True
66.389999999997059,"VIPER-03","VIPER-03",Friendly,Wingman,Active,Engage,MissionAI,"VIPER-01",2,0.85,0,"BANDIT-02",False,True,True
66.389999999997059,"BANDIT-01","BANDIT-01",Hostile,Patrol,Active,Evade,MissionAI,"",0,0.45,0,"VIPER-03",False,False,True
66.389999999997059,"BANDIT-02","BANDIT-02",Hostile,Patrol,Active,Engage,MissionAI,"",0,0.45,0,"VIPER-03",False,False,True
66.389999999997059,"BANDIT-03","BANDIT-03",Hostile,Patrol,Active,Engage,MissionAI,"",0,0.45,0,"VIPER-03",False,False,True
66.389999999997059,"BANDIT-04","BANDIT-04",Hostile,Patrol,Active,Engage,MissionAI,"",0,0.45,0,"VIPER-03",False,False,True
66.589999999997161,"VIPER-01","VIPER-01",Friendly,Player,Active,Engage,AutomationPilot,"",0,0.85,0,"BANDIT-02",False,True,True
66.589999999997161,"VIPER-02","VIPER-02",Friendly,Wingman,Active,Engage,MissionAI,"VIPER-01",1,0.85,0,"BANDIT-02",False,True,True
66.589999999997161,"VIPER-03","VIPER-03",Friendly,Wingman,Active,Engage,MissionAI,"VIPER-01",2,0.85,0,"BANDIT-02",False,True,True
66.589999999997161,"BANDIT-01","BANDIT-01",Hostile,Patrol,Active,Evade,MissionAI,"",0,0.45,0,"VIPER-03",False,False,True
66.589999999997161,"BANDIT-02","BANDIT-02",Hostile,Patrol,Active,Engage,MissionAI,"",0,0.45,0,"VIPER-03",False,False,True
66.589999999997161,"BANDIT-03","BANDIT-03",Hostile,Patrol,Active,Engage,MissionAI,"",0,0.45,0,"VIPER-03",False,False,True
66.589999999997161,"BANDIT-04","BANDIT-04",Hostile,Patrol,Active,Engage,MissionAI,"",0,0.45,0,"VIPER-03",False,False,True
66.789999999997264,"VIPER-01","VIPER-01",Friendly,Player,Active,Engage,AutomationPilot,"",0,0.85,0,"BANDIT-02",False,True,True
66.789999999997264,"VIPER-02","VIPER-02",Friendly,Wingman,Active,Engage,MissionAI,"VIPER-01",1,0.85,0,"BANDIT-02",False,True,True
66.789999999997264,"VIPER-03","VIPER-03",Friendly,Wingman,Active,Engage,MissionAI,"VIPER-01",2,0.85,0,"BANDIT-02",False,True,True
66.789999999997264,"BANDIT-01","BANDIT-01",Hostile,Patrol,Active,Evade,MissionAI,"",0,0.45,0,"VIPER-03",False,False,True
66.789999999997264,"BANDIT-02","BANDIT-02",Hostile,Patrol,Active,Engage,MissionAI,"",0,0.45,0,"VIPER-03",False,False,True
66.789999999997264,"BANDIT-03","BANDIT-03",Hostile,Patrol,Active,Engage,MissionAI,"",0,0.45,0,"VIPER-03",False,False,True
66.789999999997264,"BANDIT-04","BANDIT-04",Hostile,Patrol,Active,Engage,MissionAI,"",0,0.45,0,"VIPER-03",False,False,True
66.989999999997366,"VIPER-01","VIPER-01",Friendly,Player,Active,Engage,AutomationPilot,"",0,0.85,0,"BANDIT-02",False,True,True
66.989999999997366,"VIPER-02","VIPER-02",Friendly,Wingman,Active,Engage,MissionAI,"VIPER-01",1,0.85,0,"BANDIT-02",False,True,True
66.989999999997366,"VIPER-03","VIPER-03",Friendly,Wingman,Active,Engage,MissionAI,"VIPER-01",2,0.85,0,"BANDIT-02",False,True,True
66.989999999997366,"BANDIT-01","BANDIT-01",Hostile,Patrol,Active,Evade,MissionAI,"",0,0.45,0,"VIPER-03",False,False,True
66.989999999997366,"BANDIT-02","BANDIT-02",Hostile,Patrol,Active,Engage,MissionAI,"",0,0.45,0,"VIPER-03",False,False,True
66.989999999997366,"BANDIT-03","BANDIT-03",Hostile,Patrol,Active,Engage,MissionAI,"",0,0.45,0,"VIPER-03",False,False,True
66.989999999997366,"BANDIT-04","BANDIT-04",Hostile,Patrol,Active,Engage,MissionAI,"",0,0.45,0,"VIPER-03",False,False,True
67.189999999997468,"VIPER-01","VIPER-01",Friendly,Player,Active,Engage,AutomationPilot,"",0,0.85,0,"BANDIT-02",False,True,True
67.189999999997468,"VIPER-02","VIPER-02",Friendly,Wingman,Active,Engage,MissionAI,"VIPER-01",1,0.85,0,"BANDIT-02",False,True,True
67.189999999997468,"VIPER-03","VIPER-03",Friendly,Wingman,Active,Engage,MissionAI,"VIPER-01",2,0.85,0,"BANDIT-02",False,True,True
67.189999999997468,"BANDIT-01","BANDIT-01",Hostile,Patrol,Active,Evade,MissionAI,"",0,0.45,0,"VIPER-03",False,False,True
67.189999999997468,"BANDIT-02","BANDIT-02",Hostile,Patrol,Active,Engage,MissionAI,"",0,0.45,0,"VIPER-03",False,False,True
67.189999999997468,"BANDIT-03","BANDIT-03",Hostile,Patrol,Active,Engage,MissionAI,"",0,0.45,0,"VIPER-03",False,False,True
67.189999999997468,"BANDIT-04","BANDIT-04",Hostile,Patrol,Active,Engage,MissionAI,"",0,0.45,0,"VIPER-03",False,False,True
67.389999999997571,"VIPER-01","VIPER-01",Friendly,Player,Active,Engage,AutomationPilot,"",0,0.85,0,"BANDIT-02",False,True,True
67.389999999997571,"VIPER-02","VIPER-02",Friendly,Wingman,Active,Engage,MissionAI,"VIPER-01",1,0.85,0,"BANDIT-02",False,True,True
67.389999999997571,"VIPER-03","VIPER-03",Friendly,Wingman,Active,Engage,MissionAI,"VIPER-01",2,0.85,0,"BANDIT-02",False,True,True
67.389999999997571,"BANDIT-01","BANDIT-01",Hostile,Patrol,Active,Evade,MissionAI,"",0,0.45,0,"VIPER-03",False,False,True
67.389999999997571,"BANDIT-02","BANDIT-02",Hostile,Patrol,Active,Engage,MissionAI,"",0,0.45,0,"VIPER-03",False,False,True
67.389999999997571,"BANDIT-03","BANDIT-03",Hostile,Patrol,Active,Engage,MissionAI,"",0,0.45,0,"VIPER-03",False,False,True
67.389999999997571,"BANDIT-04","BANDIT-04",Hostile,Patrol,Active,Engage,MissionAI,"",0,0.45,0,"VIPER-03",False,False,True
67.589999999997673,"VIPER-01","VIPER-01",Friendly,Player,Active,Engage,AutomationPilot,"",0,0.85,0,"BANDIT-02",False,True,True
67.589999999997673,"VIPER-02","VIPER-02",Friendly,Wingman,Active,Engage,MissionAI,"VIPER-01",1,0.85,0,"BANDIT-02",False,True,True
67.589999999997673,"VIPER-03","VIPER-03",Friendly,Wingman,Active,Engage,MissionAI,"VIPER-01",2,0.85,0,"BANDIT-02",False,True,True
67.589999999997673,"BANDIT-01","BANDIT-01",Hostile,Patrol,Active,Evade,MissionAI,"",0,0.45,0,"VIPER-03",False,False,True
67.589999999997673,"BANDIT-02","BANDIT-02",Hostile,Patrol,Active,Engage,MissionAI,"",0,0.45,0,"VIPER-03",False,False,True
67.589999999997673,"BANDIT-03","BANDIT-03",Hostile,Patrol,Active,Engage,MissionAI,"",0,0.45,0,"VIPER-03",False,False,True
67.589999999997673,"BANDIT-04","BANDIT-04",Hostile,Patrol,Active,Engage,MissionAI,"",0,0.45,0,"VIPER-03",False,False,True
67.789999999997775,"VIPER-01","VIPER-01",Friendly,Player,Active,Engage,AutomationPilot,"",0,0.85,0,"BANDIT-02",False,True,True
67.789999999997775,"VIPER-02","VIPER-02",Friendly,Wingman,Active,Engage,MissionAI,"VIPER-01",1,0.85,0,"BANDIT-02",False,True,True
67.789999999997775,"VIPER-03","VIPER-03",Friendly,Wingman,Active,Engage,MissionAI,"VIPER-01",2,0.85,0,"BANDIT-02",False,True,True
67.789999999997775,"BANDIT-01","BANDIT-01",Hostile,Patrol,Active,Evade,MissionAI,"",0,0.45,0,"VIPER-03",False,False,True
67.789999999997775,"BANDIT-02","BANDIT-02",Hostile,Patrol,Active,Engage,MissionAI,"",0,0.45,0,"VIPER-03",False,False,True
67.789999999997775,"BANDIT-03","BANDIT-03",Hostile,Patrol,Active,Engage,MissionAI,"",0,0.45,0,"VIPER-03",False,False,True
67.789999999997775,"BANDIT-04","BANDIT-04",Hostile,Patrol,Active,Engage,MissionAI,"",0,0.45,0,"VIPER-03",False,False,True
67.989999999997877,"VIPER-01","VIPER-01",Friendly,Player,Active,Engage,AutomationPilot,"",0,0.85,0,"BANDIT-02",False,True,True
67.989999999997877,"VIPER-02","VIPER-02",Friendly,Wingman,Active,Engage,MissionAI,"VIPER-01",1,0.85,0,"BANDIT-02",False,True,True
67.989999999997877,"VIPER-03","VIPER-03",Friendly,Wingman,Active,Engage,MissionAI,"VIPER-01",2,0.85,0,"BANDIT-02",False,True,True
67.989999999997877,"BANDIT-01","BANDIT-01",Hostile,Patrol,Active,Evade,MissionAI,"",0,0.45,0,"VIPER-03",False,False,True
67.989999999997877,"BANDIT-02","BANDIT-02",Hostile,Patrol,Active,Engage,MissionAI,"",0,0.45,0,"VIPER-03",False,False,True
67.989999999997877,"BANDIT-03","BANDIT-03",Hostile,Patrol,Active,Engage,MissionAI,"",0,0.45,0,"VIPER-03",False,False,True
67.989999999997877,"BANDIT-04","BANDIT-04",Hostile,Patrol,Active,Engage,MissionAI,"",0,0.45,0,"VIPER-03",False,False,True
68.18999999999798,"VIPER-01","VIPER-01",Friendly,Player,Active,Engage,AutomationPilot,"",0,0.85,0,"BANDIT-02",False,True,True
68.18999999999798,"VIPER-02","VIPER-02",Friendly,Wingman,Active,Engage,MissionAI,"VIPER-01",1,0.85,0,"BANDIT-02",False,True,True
68.18999999999798,"VIPER-03","VIPER-03",Friendly,Wingman,Active,Engage,MissionAI,"VIPER-01",2,0.85,0,"BANDIT-02",False,True,True
68.18999999999798,"BANDIT-01","BANDIT-01",Hostile,Patrol,Active,Evade,MissionAI,"",0,0.45,0,"VIPER-03",False,False,True
68.18999999999798,"BANDIT-02","BANDIT-02",Hostile,Patrol,Active,Engage,MissionAI,"",0,0.45,0,"VIPER-03",False,False,True
68.18999999999798,"BANDIT-03","BANDIT-03",Hostile,Patrol,Active,Engage,MissionAI,"",0,0.45,0,"VIPER-03",False,False,True
68.18999999999798,"BANDIT-04","BANDIT-04",Hostile,Patrol,Active,Engage,MissionAI,"",0,0.45,0,"VIPER-03",False,False,True
68.389999999998082,"VIPER-01","VIPER-01",Friendly,Player,Active,Engage,AutomationPilot,"",0,0.85,0,"BANDIT-02",False,True,True
68.389999999998082,"VIPER-02","VIPER-02",Friendly,Wingman,Active,Engage,MissionAI,"VIPER-01",1,0.85,0,"BANDIT-02",False,True,True
68.389999999998082,"VIPER-03","VIPER-03",Friendly,Wingman,Active,Engage,MissionAI,"VIPER-01",2,0.85,0,"BANDIT-02",False,True,True
68.389999999998082,"BANDIT-01","BANDIT-01",Hostile,Patrol,Active,Evade,MissionAI,"",0,0.45,0,"VIPER-03",False,False,True
68.389999999998082,"BANDIT-02","BANDIT-02",Hostile,Patrol,Active,Engage,MissionAI,"",0,0.45,0,"VIPER-03",False,False,True
68.389999999998082,"BANDIT-03","BANDIT-03",Hostile,Patrol,Active,Engage,MissionAI,"",0,0.45,0,"VIPER-03",False,False,True
68.389999999998082,"BANDIT-04","BANDIT-04",Hostile,Patrol,Active,Engage,MissionAI,"",0,0.45,0,"VIPER-03",False,False,True
68.589999999998184,"VIPER-01","VIPER-01",Friendly,Player,Active,Engage,AutomationPilot,"",0,0.85,0,"BANDIT-02",False,True,True
68.589999999998184,"VIPER-02","VIPER-02",Friendly,Wingman,Active,Engage,MissionAI,"VIPER-01",1,0.85,0,"BANDIT-02",False,True,True
68.589999999998184,"VIPER-03","VIPER-03",Friendly,Wingman,Active,Engage,MissionAI,"VIPER-01",2,0.85,0,"BANDIT-02",False,True,True
68.589999999998184,"BANDIT-01","BANDIT-01",Hostile,Patrol,Active,Evade,MissionAI,"",0,0.45,0,"VIPER-03",False,False,True
68.589999999998184,"BANDIT-02","BANDIT-02",Hostile,Patrol,Active,Engage,MissionAI,"",0,0.45,0,"VIPER-03",False,False,True
68.589999999998184,"BANDIT-03","BANDIT-03",Hostile,Patrol,Active,Engage,MissionAI,"",0,0.45,0,"VIPER-03",False,False,True
68.589999999998184,"BANDIT-04","BANDIT-04",Hostile,Patrol,Active,Engage,MissionAI,"",0,0.45,0,"VIPER-03",False,False,True
68.789999999998287,"VIPER-01","VIPER-01",Friendly,Player,Active,Engage,AutomationPilot,"",0,0.85,0,"BANDIT-02",False,True,True
68.789999999998287,"VIPER-02","VIPER-02",Friendly,Wingman,Active,Engage,MissionAI,"VIPER-01",1,0.85,0,"BANDIT-02",False,True,True
68.789999999998287,"VIPER-03","VIPER-03",Friendly,Wingman,Active,Engage,MissionAI,"VIPER-01",2,0.85,0,"BANDIT-02",False,True,True
68.789999999998287,"BANDIT-01","BANDIT-01",Hostile,Patrol,Active,Evade,MissionAI,"",0,0.45,0,"VIPER-03",False,False,True
68.789999999998287,"BANDIT-02","BANDIT-02",Hostile,Patrol,Active,Engage,MissionAI,"",0,0.45,0,"VIPER-03",False,False,True
68.789999999998287,"BANDIT-03","BANDIT-03",Hostile,Patrol,Active,Engage,MissionAI,"",0,0.45,0,"VIPER-03",False,False,True
68.789999999998287,"BANDIT-04","BANDIT-04",Hostile,Patrol,Active,Engage,MissionAI,"",0,0.45,0,"VIPER-03",False,False,True
68.989999999998389,"VIPER-01","VIPER-01",Friendly,Player,Active,Engage,AutomationPilot,"",0,0.85,0,"BANDIT-02",False,True,True
68.989999999998389,"VIPER-02","VIPER-02",Friendly,Wingman,Active,Engage,MissionAI,"VIPER-01",1,0.85,0,"BANDIT-02",False,True,True
68.989999999998389,"VIPER-03","VIPER-03",Friendly,Wingman,Active,Engage,MissionAI,"VIPER-01",2,0.85,0,"BANDIT-02",False,True,True
68.989999999998389,"BANDIT-01","BANDIT-01",Hostile,Patrol,Active,Evade,MissionAI,"",0,0.45,0,"VIPER-03",False,False,True
68.989999999998389,"BANDIT-02","BANDIT-02",Hostile,Patrol,Active,Engage,MissionAI,"",0,0.45,0,"VIPER-03",False,False,True
68.989999999998389,"BANDIT-03","BANDIT-03",Hostile,Patrol,Active,Engage,MissionAI,"",0,0.45,0,"VIPER-03",False,False,True
68.989999999998389,"BANDIT-04","BANDIT-04",Hostile,Patrol,Active,Engage,MissionAI,"",0,0.45,0,"VIPER-03",False,False,True
69.189999999998491,"VIPER-01","VIPER-01",Friendly,Player,Active,Engage,AutomationPilot,"",0,0.85,0,"BANDIT-02",False,True,True
69.189999999998491,"VIPER-02","VIPER-02",Friendly,Wingman,Active,Engage,MissionAI,"VIPER-01",1,0.85,0,"BANDIT-02",False,True,True
69.189999999998491,"VIPER-03","VIPER-03",Friendly,Wingman,Active,Engage,MissionAI,"VIPER-01",2,0.85,0,"BANDIT-02",False,True,True
69.189999999998491,"BANDIT-01","BANDIT-01",Hostile,Patrol,Active,Evade,MissionAI,"",0,0.45,0,"VIPER-03",False,False,True
69.189999999998491,"BANDIT-02","BANDIT-02",Hostile,Patrol,Active,Engage,MissionAI,"",0,0.45,0,"VIPER-03",False,False,True
69.189999999998491,"BANDIT-03","BANDIT-03",Hostile,Patrol,Active,Engage,MissionAI,"",0,0.45,0,"VIPER-03",False,False,True
69.189999999998491,"BANDIT-04","BANDIT-04",Hostile,Patrol,Active,Engage,MissionAI,"",0,0.45,0,"VIPER-03",False,False,True
69.3899999999986,"VIPER-01","VIPER-01",Friendly,Player,Active,Engage,AutomationPilot,"",0,0.85,0,"BANDIT-02",False,True,True
69.3899999999986,"VIPER-02","VIPER-02",Friendly,Wingman,Active,Engage,MissionAI,"VIPER-01",1,0.85,0,"BANDIT-02",False,True,True
69.3899999999986,"VIPER-03","VIPER-03",Friendly,Wingman,Active,Engage,MissionAI,"VIPER-01",2,0.85,0,"BANDIT-02",False,True,True
69.3899999999986,"BANDIT-01","BANDIT-01",Hostile,Patrol,Active,Evade,MissionAI,"",0,0.45,0,"VIPER-03",False,False,True
69.3899999999986,"BANDIT-02","BANDIT-02",Hostile,Patrol,Active,Engage,MissionAI,"",0,0.45,0,"VIPER-03",False,False,True
69.3899999999986,"BANDIT-03","BANDIT-03",Hostile,Patrol,Active,Engage,MissionAI,"",0,0.45,0,"VIPER-03",False,False,True
69.3899999999986,"BANDIT-04","BANDIT-04",Hostile,Patrol,Active,Engage,MissionAI,"",0,0.45,0,"VIPER-03",False,False,True
69.5899999999987,"VIPER-01","VIPER-01",Friendly,Player,Active,Engage,AutomationPilot,"",0,0.85,0,"BANDIT-02",False,True,True
69.5899999999987,"VIPER-02","VIPER-02",Friendly,Wingman,Active,Engage,MissionAI,"VIPER-01",1,0.85,0,"BANDIT-02",False,True,True
69.5899999999987,"VIPER-03","VIPER-03",Friendly,Wingman,Active,Engage,MissionAI,"VIPER-01",2,0.85,0,"BANDIT-02",False,True,True
69.5899999999987,"BANDIT-01","BANDIT-01",Hostile,Patrol,Active,Evade,MissionAI,"",0,0.45,0,"VIPER-03",False,False,True
69.5899999999987,"BANDIT-02","BANDIT-02",Hostile,Patrol,Active,Engage,MissionAI,"",0,0.45,0,"VIPER-03",False,False,True
69.5899999999987,"BANDIT-03","BANDIT-03",Hostile,Patrol,Active,Engage,MissionAI,"",0,0.45,0,"VIPER-03",False,False,True
69.5899999999987,"BANDIT-04","BANDIT-04",Hostile,Patrol,Active,Engage,MissionAI,"",0,0.45,0,"VIPER-03",False,False,True
69.7899999999988,"VIPER-01","VIPER-01",Friendly,Player,Active,Engage,AutomationPilot,"",0,0.85,0,"BANDIT-02",False,True,True
69.7899999999988,"VIPER-02","VIPER-02",Friendly,Wingman,Active,Engage,MissionAI,"VIPER-01",1,0.85,0,"BANDIT-02",False,True,True
69.7899999999988,"VIPER-03","VIPER-03",Friendly,Wingman,Active,Engage,MissionAI,"VIPER-01",2,0.85,0,"BANDIT-02",False,True,True
69.7899999999988,"BANDIT-01","BANDIT-01",Hostile,Patrol,Active,Evade,MissionAI,"",0,0.45,0,"VIPER-03",False,False,True
69.7899999999988,"BANDIT-02","BANDIT-02",Hostile,Patrol,Active,Engage,MissionAI,"",0,0.45,0,"VIPER-03",False,False,True
69.7899999999988,"BANDIT-03","BANDIT-03",Hostile,Patrol,Active,Engage,MissionAI,"",0,0.45,0,"VIPER-03",False,False,True
69.7899999999988,"BANDIT-04","BANDIT-04",Hostile,Patrol,Active,Engage,MissionAI,"",0,0.45,0,"VIPER-03",False,False,True
69.9899999999989,"VIPER-01","VIPER-01",Friendly,Player,Active,Engage,AutomationPilot,"",0,0.85,0,"BANDIT-02",False,True,True
69.9899999999989,"VIPER-02","VIPER-02",Friendly,Wingman,Active,Engage,MissionAI,"VIPER-01",1,0.85,0,"BANDIT-02",False,True,True
69.9899999999989,"VIPER-03","VIPER-03",Friendly,Wingman,Active,Engage,MissionAI,"VIPER-01",2,0.85,0,"BANDIT-02",False,True,True
69.9899999999989,"BANDIT-01","BANDIT-01",Hostile,Patrol,Active,Evade,MissionAI,"",0,0.45,0,"VIPER-03",False,False,True
69.9899999999989,"BANDIT-02","BANDIT-02",Hostile,Patrol,Active,Engage,MissionAI,"",0,0.45,0,"VIPER-03",False,False,True
69.9899999999989,"BANDIT-03","BANDIT-03",Hostile,Patrol,Active,Engage,MissionAI,"",0,0.45,0,"VIPER-03",False,False,True
69.9899999999989,"BANDIT-04","BANDIT-04",Hostile,Patrol,Active,Engage,MissionAI,"",0,0.45,0,"VIPER-03",False,False,True
70.189999999999,"VIPER-01","VIPER-01",Friendly,Player,Active,Engage,AutomationPilot,"",0,0.85,0,"BANDIT-02",False,True,True
70.189999999999,"VIPER-02","VIPER-02",Friendly,Wingman,Active,Engage,MissionAI,"VIPER-01",1,0.85,0,"BANDIT-02",False,True,True
70.189999999999,"VIPER-03","VIPER-03",Friendly,Wingman,Active,Engage,MissionAI,"VIPER-01",2,0.85,0,"BANDIT-02",False,True,True
70.189999999999,"BANDIT-01","BANDIT-01",Hostile,Patrol,Active,Evade,MissionAI,"",0,0.45,0,"VIPER-03",False,False,True
70.189999999999,"BANDIT-02","BANDIT-02",Hostile,Patrol,Active,Engage,MissionAI,"",0,0.45,0,"VIPER-03",False,False,True
70.189999999999,"BANDIT-03","BANDIT-03",Hostile,Patrol,Active,Engage,MissionAI,"",0,0.45,0,"VIPER-03",False,False,True
70.189999999999,"BANDIT-04","BANDIT-04",Hostile,Patrol,Active,Engage,MissionAI,"",0,0.45,0,"VIPER-03",False,False,True
70.3899999999991,"VIPER-01","VIPER-01",Friendly,Player,Active,Engage,AutomationPilot,"",0,0.85,0,"BANDIT-02",False,True,True
70.3899999999991,"VIPER-02","VIPER-02",Friendly,Wingman,Active,Engage,MissionAI,"VIPER-01",1,0.85,0,"BANDIT-02",False,True,True
70.3899999999991,"VIPER-03","VIPER-03",Friendly,Wingman,Active,Engage,MissionAI,"VIPER-01",2,0.85,0,"BANDIT-02",False,True,True
70.3899999999991,"BANDIT-01","BANDIT-01",Hostile,Patrol,Active,Evade,MissionAI,"",0,0.45,0,"VIPER-03",False,False,True
70.3899999999991,"BANDIT-02","BANDIT-02",Hostile,Patrol,Active,Engage,MissionAI,"",0,0.45,0,"VIPER-03",False,False,True
70.3899999999991,"BANDIT-03","BANDIT-03",Hostile,Patrol,Active,Engage,MissionAI,"",0,0.45,0,"VIPER-03",False,False,True
70.3899999999991,"BANDIT-04","BANDIT-04",Hostile,Patrol,Active,Engage,MissionAI,"",0,0.45,0,"VIPER-03",False,False,True
70.589999999999208,"VIPER-01","VIPER-01",Friendly,Player,Active,Engage,AutomationPilot,"",0,0.85,0,"BANDIT-02",False,True,True
70.589999999999208,"VIPER-02","VIPER-02",Friendly,Wingman,Active,Engage,MissionAI,"VIPER-01",1,0.85,0,"BANDIT-02",False,True,True
70.589999999999208,"VIPER-03","VIPER-03",Friendly,Wingman,Active,Engage,MissionAI,"VIPER-01",2,0.85,0,"BANDIT-02",False,True,True
70.589999999999208,"BANDIT-01","BANDIT-01",Hostile,Patrol,Active,Evade,MissionAI,"",0,0.45,0,"VIPER-03",False,False,True
70.589999999999208,"BANDIT-02","BANDIT-02",Hostile,Patrol,Active,Engage,MissionAI,"",0,0.45,0,"VIPER-03",False,False,True
70.589999999999208,"BANDIT-03","BANDIT-03",Hostile,Patrol,Active,Engage,MissionAI,"",0,0.45,0,"VIPER-03",False,False,True
70.589999999999208,"BANDIT-04","BANDIT-04",Hostile,Patrol,Active,Engage,MissionAI,"",0,0.45,0,"VIPER-03",False,False,True
70.78999999999931,"VIPER-01","VIPER-01",Friendly,Player,Active,Engage,AutomationPilot,"",0,0.85,0,"BANDIT-02",False,True,True
70.78999999999931,"VIPER-02","VIPER-02",Friendly,Wingman,Active,Engage,MissionAI,"VIPER-01",1,0.85,0,"BANDIT-02",False,True,True
70.78999999999931,"VIPER-03","VIPER-03",Friendly,Wingman,Active,Engage,MissionAI,"VIPER-01",2,0.85,0,"BANDIT-02",False,True,True
70.78999999999931,"BANDIT-01","BANDIT-01",Hostile,Patrol,Active,Evade,MissionAI,"",0,0.45,0,"VIPER-03",False,False,True
70.78999999999931,"BANDIT-02","BANDIT-02",Hostile,Patrol,Active,Engage,MissionAI,"",0,0.45,0,"VIPER-03",False,False,True
70.78999999999931,"BANDIT-03","BANDIT-03",Hostile,Patrol,Active,Engage,MissionAI,"",0,0.45,0,"VIPER-03",False,False,True
70.78999999999931,"BANDIT-04","BANDIT-04",Hostile,Patrol,Active,Engage,MissionAI,"",0,0.45,0,"VIPER-03",False,False,True
70.989999999999412,"VIPER-01","VIPER-01",Friendly,Player,Active,Engage,AutomationPilot,"",0,0.85,0,"BANDIT-02",False,True,True
70.989999999999412,"VIPER-02","VIPER-02",Friendly,Wingman,Active,Engage,MissionAI,"VIPER-01",1,0.85,0,"BANDIT-02",False,True,True
70.989999999999412,"VIPER-03","VIPER-03",Friendly,Wingman,Active,Engage,MissionAI,"VIPER-01",2,0.85,0,"BANDIT-02",False,True,True
70.989999999999412,"BANDIT-01","BANDIT-01",Hostile,Patrol,Active,Evade,MissionAI,"",0,0.45,0,"VIPER-03",False,False,True
70.989999999999412,"BANDIT-02","BANDIT-02",Hostile,Patrol,Active,Engage,MissionAI,"",0,0.45,0,"VIPER-03",False,False,True
70.989999999999412,"BANDIT-03","BANDIT-03",Hostile,Patrol,Active,Engage,MissionAI,"",0,0.45,0,"VIPER-03",False,False,True
70.989999999999412,"BANDIT-04","BANDIT-04",Hostile,Patrol,Active,Engage,MissionAI,"",0,0.45,0,"VIPER-03",False,False,True
71.189999999999515,"VIPER-01","VIPER-01",Friendly,Player,Active,Engage,AutomationPilot,"",0,0.85,0,"BANDIT-02",False,True,True
71.189999999999515,"VIPER-02","VIPER-02",Friendly,Wingman,Active,Engage,MissionAI,"VIPER-01",1,0.85,0,"BANDIT-02",False,True,True
71.189999999999515,"VIPER-03","VIPER-03",Friendly,Wingman,Active,Engage,MissionAI,"VIPER-01",2,0.85,0,"BANDIT-02",False,True,True
71.189999999999515,"BANDIT-01","BANDIT-01",Hostile,Patrol,Active,Evade,MissionAI,"",0,0.45,0,"VIPER-03",False,False,True
71.189999999999515,"BANDIT-02","BANDIT-02",Hostile,Patrol,Active,Engage,MissionAI,"",0,0.45,0,"VIPER-03",False,False,True
71.189999999999515,"BANDIT-03","BANDIT-03",Hostile,Patrol,Active,Engage,MissionAI,"",0,0.45,0,"VIPER-03",False,False,True
71.189999999999515,"BANDIT-04","BANDIT-04",Hostile,Patrol,Active,Engage,MissionAI,"",0,0.45,0,"VIPER-03",False,False,True
71.389999999999617,"VIPER-01","VIPER-01",Friendly,Player,Active,Engage,AutomationPilot,"",0,0.85,0,"BANDIT-02",False,True,True
71.389999999999617,"VIPER-02","VIPER-02",Friendly,Wingman,Active,Engage,MissionAI,"VIPER-01",1,0.85,0,"BANDIT-02",False,True,True
71.389999999999617,"VIPER-03","VIPER-03",Friendly,Wingman,Active,Engage,MissionAI,"VIPER-01",2,0.85,0,"BANDIT-02",False,True,True
71.389999999999617,"BANDIT-01","BANDIT-01",Hostile,Patrol,Active,Evade,MissionAI,"",0,0.45,0,"VIPER-03",False,False,True
71.389999999999617,"BANDIT-02","BANDIT-02",Hostile,Patrol,Active,Engage,MissionAI,"",0,0.45,0,"VIPER-03",False,False,True
71.389999999999617,"BANDIT-03","BANDIT-03",Hostile,Patrol,Active,Engage,MissionAI,"",0,0.45,0,"VIPER-03",False,False,True
71.389999999999617,"BANDIT-04","BANDIT-04",Hostile,Patrol,Active,Engage,MissionAI,"",0,0.45,0,"VIPER-03",False,False,True
71.589999999999719,"VIPER-01","VIPER-01",Friendly,Player,Active,Engage,AutomationPilot,"",0,0.85,0,"BANDIT-02",False,True,True
71.589999999999719,"VIPER-02","VIPER-02",Friendly,Wingman,Active,Engage,MissionAI,"VIPER-01",1,0.85,0,"BANDIT-02",False,True,True
71.589999999999719,"VIPER-03","VIPER-03",Friendly,Wingman,Active,Engage,MissionAI,"VIPER-01",2,0.85,0,"BANDIT-02",False,True,True
71.589999999999719,"BANDIT-01","BANDIT-01",Hostile,Patrol,Active,Evade,MissionAI,"",0,0.45,0,"VIPER-03",False,False,True
71.589999999999719,"BANDIT-02","BANDIT-02",Hostile,Patrol,Active,Engage,MissionAI,"",0,0.45,0,"VIPER-03",False,False,True
71.589999999999719,"BANDIT-03","BANDIT-03",Hostile,Patrol,Active,Engage,MissionAI,"",0,0.45,0,"VIPER-03",False,False,True
71.589999999999719,"BANDIT-04","BANDIT-04",Hostile,Patrol,Active,Engage,MissionAI,"",0,0.45,0,"VIPER-03",False,False,True
71.789999999999822,"VIPER-01","VIPER-01",Friendly,Player,Active,Engage,AutomationPilot,"",0,0.85,0,"BANDIT-02",False,True,True
71.789999999999822,"VIPER-02","VIPER-02",Friendly,Wingman,Active,Engage,MissionAI,"VIPER-01",1,0.85,0,"BANDIT-02",False,True,True
71.789999999999822,"VIPER-03","VIPER-03",Friendly,Wingman,Active,Engage,MissionAI,"VIPER-01",2,0.85,0,"BANDIT-02",False,True,True
71.789999999999822,"BANDIT-01","BANDIT-01",Hostile,Patrol,Active,Evade,MissionAI,"",0,0.45,0,"VIPER-03",False,False,True
71.789999999999822,"BANDIT-02","BANDIT-02",Hostile,Patrol,Active,Engage,MissionAI,"",0,0.45,0,"VIPER-03",False,False,True
71.789999999999822,"BANDIT-03","BANDIT-03",Hostile,Patrol,Active,Engage,MissionAI,"",0,0.45,0,"VIPER-03",False,False,True
71.789999999999822,"BANDIT-04","BANDIT-04",Hostile,Patrol,Active,Engage,MissionAI,"",0,0.45,0,"VIPER-03",False,False,True
71.989999999999924,"VIPER-01","VIPER-01",Friendly,Player,Active,Engage,AutomationPilot,"",0,0.85,0,"BANDIT-02",False,True,True
71.989999999999924,"VIPER-02","VIPER-02",Friendly,Wingman,Active,Engage,MissionAI,"VIPER-01",1,0.85,0,"BANDIT-02",False,True,True
71.989999999999924,"VIPER-03","VIPER-03",Friendly,Wingman,Active,Engage,MissionAI,"VIPER-01",2,0.85,0,"BANDIT-02",False,True,True
71.989999999999924,"BANDIT-01","BANDIT-01",Hostile,Patrol,Active,Evade,MissionAI,"",0,0.45,0,"VIPER-03",False,False,True
71.989999999999924,"BANDIT-02","BANDIT-02",Hostile,Patrol,Active,Engage,MissionAI,"",0,0.45,0,"VIPER-03",False,False,True
71.989999999999924,"BANDIT-03","BANDIT-03",Hostile,Patrol,Active,Engage,MissionAI,"",0,0.45,0,"VIPER-03",False,False,True
71.989999999999924,"BANDIT-04","BANDIT-04",Hostile,Patrol,Active,Engage,MissionAI,"",0,0.45,0,"VIPER-03",False,False,True
72.190000000000026,"VIPER-01","VIPER-01",Friendly,Player,Active,Engage,AutomationPilot,"",0,0.85,0,"BANDIT-02",False,True,True
72.190000000000026,"VIPER-02","VIPER-02",Friendly,Wingman,Active,Engage,MissionAI,"VIPER-01",1,0.85,0,"BANDIT-02",False,True,True
72.190000000000026,"VIPER-03","VIPER-03",Friendly,Wingman,Active,Engage,MissionAI,"VIPER-01",2,0.85,0,"BANDIT-02",False,True,True
72.190000000000026,"BANDIT-01","BANDIT-01",Hostile,Patrol,Active,Evade,MissionAI,"",0,0.45,0,"VIPER-03",False,False,True
72.190000000000026,"BANDIT-02","BANDIT-02",Hostile,Patrol,Active,Engage,MissionAI,"",0,0.45,0,"VIPER-03",False,False,True
72.190000000000026,"BANDIT-03","BANDIT-03",Hostile,Patrol,Active,Engage,MissionAI,"",0,0.45,0,"VIPER-03",False,False,True
72.190000000000026,"BANDIT-04","BANDIT-04",Hostile,Patrol,Active,Engage,MissionAI,"",0,0.45,0,"VIPER-03",False,False,True
72.390000000000128,"VIPER-01","VIPER-01",Friendly,Player,Active,Engage,AutomationPilot,"",0,0.85,0,"BANDIT-02",False,True,True
72.390000000000128,"VIPER-02","VIPER-02",Friendly,Wingman,Active,Engage,MissionAI,"VIPER-01",1,0.85,0,"BANDIT-02",False,True,True
72.390000000000128,"VIPER-03","VIPER-03",Friendly,Wingman,Active,Engage,MissionAI,"VIPER-01",2,0.85,0,"BANDIT-02",False,True,True
72.390000000000128,"BANDIT-01","BANDIT-01",Hostile,Patrol,Active,Evade,MissionAI,"",0,0.45,0,"VIPER-03",False,False,True
72.390000000000128,"BANDIT-02","BANDIT-02",Hostile,Patrol,Active,Engage,MissionAI,"",0,0.45,0,"VIPER-03",False,False,True
72.390000000000128,"BANDIT-03","BANDIT-03",Hostile,Patrol,Active,Engage,MissionAI,"",0,0.45,0,"VIPER-03",False,False,True
72.390000000000128,"BANDIT-04","BANDIT-04",Hostile,Patrol,Active,Engage,MissionAI,"",0,0.45,0,"VIPER-03",False,False,True
72.590000000000231,"VIPER-01","VIPER-01",Friendly,Player,Active,Engage,AutomationPilot,"",0,0.85,0,"BANDIT-02",False,True,True
72.590000000000231,"VIPER-02","VIPER-02",Friendly,Wingman,Active,Engage,MissionAI,"VIPER-01",1,0.85,0,"BANDIT-02",False,True,True
72.590000000000231,"VIPER-03","VIPER-03",Friendly,Wingman,Active,Engage,MissionAI,"VIPER-01",2,0.85,0,"BANDIT-02",False,True,True
72.590000000000231,"BANDIT-01","BANDIT-01",Hostile,Patrol,Active,Evade,MissionAI,"",0,0.45,0,"VIPER-03",False,False,True
72.590000000000231,"BANDIT-02","BANDIT-02",Hostile,Patrol,Active,Engage,MissionAI,"",0,0.45,0,"VIPER-03",False,False,True
72.590000000000231,"BANDIT-03","BANDIT-03",Hostile,Patrol,Active,Engage,MissionAI,"",0,0.45,0,"VIPER-03",False,False,True
72.590000000000231,"BANDIT-04","BANDIT-04",Hostile,Patrol,Active,Engage,MissionAI,"",0,0.45,0,"VIPER-03",False,False,True
72.790000000000333,"VIPER-01","VIPER-01",Friendly,Player,Active,Engage,AutomationPilot,"",0,0.85,0,"BANDIT-02",False,True,True
72.790000000000333,"VIPER-02","VIPER-02",Friendly,Wingman,Active,Engage,MissionAI,"VIPER-01",1,0.85,0,"BANDIT-02",False,True,True
72.790000000000333,"VIPER-03","VIPER-03",Friendly,Wingman,Active,Engage,MissionAI,"VIPER-01",2,0.85,0,"BANDIT-02",False,True,True
72.790000000000333,"BANDIT-01","BANDIT-01",Hostile,Patrol,Active,Evade,MissionAI,"",0,0.45,0,"VIPER-03",False,False,True
72.790000000000333,"BANDIT-02","BANDIT-02",Hostile,Patrol,Active,Engage,MissionAI,"",0,0.45,0,"VIPER-03",False,False,True
72.790000000000333,"BANDIT-03","BANDIT-03",Hostile,Patrol,Active,Engage,MissionAI,"",0,0.45,0,"VIPER-03",False,False,True
72.790000000000333,"BANDIT-04","BANDIT-04",Hostile,Patrol,Active,Engage,MissionAI,"",0,0.45,0,"VIPER-03",False,False,True
72.990000000000435,"VIPER-01","VIPER-01",Friendly,Player,Active,Engage,AutomationPilot,"",0,0.85,0,"BANDIT-02",False,True,True
72.990000000000435,"VIPER-02","VIPER-02",Friendly,Wingman,Active,Engage,MissionAI,"VIPER-01",1,0.85,0,"BANDIT-02",False,True,True
72.990000000000435,"VIPER-03","VIPER-03",Friendly,Wingman,Active,Engage,MissionAI,"VIPER-01",2,0.85,0,"BANDIT-02",False,True,True
72.990000000000435,"BANDIT-01","BANDIT-01",Hostile,Patrol,Active,Evade,MissionAI,"",0,0.45,0,"VIPER-03",False,False,True
72.990000000000435,"BANDIT-02","BANDIT-02",Hostile,Patrol,Active,Engage,MissionAI,"",0,0.45,0,"VIPER-03",False,False,True
72.990000000000435,"BANDIT-03","BANDIT-03",Hostile,Patrol,Active,Engage,MissionAI,"",0,0.45,0,"VIPER-03",False,False,True
72.990000000000435,"BANDIT-04","BANDIT-04",Hostile,Patrol,Active,Engage,MissionAI,"",0,0.45,0,"VIPER-03",False,False,True
73.190000000000538,"VIPER-01","VIPER-01",Friendly,Player,Active,Engage,AutomationPilot,"",0,0.85,0,"BANDIT-02",False,True,True
73.190000000000538,"VIPER-02","VIPER-02",Friendly,Wingman,Active,Engage,MissionAI,"VIPER-01",1,0.85,0,"BANDIT-02",False,True,True
73.190000000000538,"VIPER-03","VIPER-03",Friendly,Wingman,Active,Engage,MissionAI,"VIPER-01",2,0.85,0,"BANDIT-02",False,True,True
73.190000000000538,"BANDIT-01","BANDIT-01",Hostile,Patrol,Active,Evade,MissionAI,"",0,0.45,0,"VIPER-03",False,False,True
73.190000000000538,"BANDIT-02","BANDIT-02",Hostile,Patrol,Active,Engage,MissionAI,"",0,0.45,0,"VIPER-03",False,False,True
73.190000000000538,"BANDIT-03","BANDIT-03",Hostile,Patrol,Active,Engage,MissionAI,"",0,0.45,0,"VIPER-03",False,False,True
73.190000000000538,"BANDIT-04","BANDIT-04",Hostile,Patrol,Active,Engage,MissionAI,"",0,0.45,0,"VIPER-03",False,False,True
73.39000000000064,"VIPER-01","VIPER-01",Friendly,Player,Active,Engage,AutomationPilot,"",0,0.85,0,"BANDIT-02",False,True,True
73.39000000000064,"VIPER-02","VIPER-02",Friendly,Wingman,Active,Engage,MissionAI,"VIPER-01",1,0.85,0,"BANDIT-02",False,True,True
73.39000000000064,"VIPER-03","VIPER-03",Friendly,Wingman,Active,Engage,MissionAI,"VIPER-01",2,0.85,0,"BANDIT-02",False,True,True
73.39000000000064,"BANDIT-01","BANDIT-01",Hostile,Patrol,Active,Evade,MissionAI,"",0,0.45,0,"VIPER-03",False,False,True
73.39000000000064,"BANDIT-02","BANDIT-02",Hostile,Patrol,Active,Evade,MissionAI,"",0,0.45,0,"VIPER-03",False,False,True
73.39000000000064,"BANDIT-03","BANDIT-03",Hostile,Patrol,Active,Engage,MissionAI,"",0,0.45,0,"VIPER-03",False,False,True
73.39000000000064,"BANDIT-04","BANDIT-04",Hostile,Patrol,Active,Engage,MissionAI,"",0,0.45,0,"VIPER-03",False,False,True
73.590000000000742,"VIPER-01","VIPER-01",Friendly,Player,Active,Engage,AutomationPilot,"",0,0.85,0,"BANDIT-02",False,True,True
73.590000000000742,"VIPER-02","VIPER-02",Friendly,Wingman,Active,Engage,MissionAI,"VIPER-01",1,0.85,0,"BANDIT-02",False,True,True
73.590000000000742,"VIPER-03","VIPER-03",Friendly,Wingman,Active,Engage,MissionAI,"VIPER-01",2,0.85,0,"BANDIT-02",False,True,True
73.590000000000742,"BANDIT-01","BANDIT-01",Hostile,Patrol,Active,Evade,MissionAI,"",0,0.45,0,"VIPER-03",False,False,True
73.590000000000742,"BANDIT-02","BANDIT-02",Hostile,Patrol,Active,Evade,MissionAI,"",0,0.45,0,"VIPER-03",False,False,True
73.590000000000742,"BANDIT-03","BANDIT-03",Hostile,Patrol,Active,Engage,MissionAI,"",0,0.45,0,"VIPER-03",False,False,True
73.590000000000742,"BANDIT-04","BANDIT-04",Hostile,Patrol,Active,Engage,MissionAI,"",0,0.45,0,"VIPER-03",False,False,True
73.790000000000845,"VIPER-01","VIPER-01",Friendly,Player,Active,Engage,AutomationPilot,"",0,0.85,0,"BANDIT-02",False,True,True
73.790000000000845,"VIPER-02","VIPER-02",Friendly,Wingman,Active,Engage,MissionAI,"VIPER-01",1,0.85,0,"BANDIT-02",False,True,True
73.790000000000845,"VIPER-03","VIPER-03",Friendly,Wingman,Active,Engage,MissionAI,"VIPER-01",2,0.85,0,"BANDIT-02",False,True,True
73.790000000000845,"BANDIT-01","BANDIT-01",Hostile,Patrol,Active,Evade,MissionAI,"",0,0.45,0,"VIPER-03",False,False,True
73.790000000000845,"BANDIT-02","BANDIT-02",Hostile,Patrol,Active,Evade,MissionAI,"",0,0.45,0,"VIPER-03",False,False,True
73.790000000000845,"BANDIT-03","BANDIT-03",Hostile,Patrol,Active,Engage,MissionAI,"",0,0.45,0,"VIPER-03",False,False,True
73.790000000000845,"BANDIT-04","BANDIT-04",Hostile,Patrol,Active,Engage,MissionAI,"",0,0.45,0,"VIPER-03",False,False,True
73.990000000000947,"VIPER-01","VIPER-01",Friendly,Player,Active,Engage,AutomationPilot,"",0,0.85,0,"BANDIT-02",False,True,True
73.990000000000947,"VIPER-02","VIPER-02",Friendly,Wingman,Active,Engage,MissionAI,"VIPER-01",1,0.85,0,"BANDIT-02",False,True,True
73.990000000000947,"VIPER-03","VIPER-03",Friendly,Wingman,Active,Engage,MissionAI,"VIPER-01",2,0.85,0,"BANDIT-02",False,True,True
73.990000000000947,"BANDIT-01","BANDIT-01",Hostile,Patrol,Active,Evade,MissionAI,"",0,0.45,0,"VIPER-03",False,False,True
73.990000000000947,"BANDIT-02","BANDIT-02",Hostile,Patrol,Active,Evade,MissionAI,"",0,0.45,0,"VIPER-03",False,False,True
73.990000000000947,"BANDIT-03","BANDIT-03",Hostile,Patrol,Active,Engage,MissionAI,"",0,0.45,0,"VIPER-03",False,False,True
73.990000000000947,"BANDIT-04","BANDIT-04",Hostile,Patrol,Active,Engage,MissionAI,"",0,0.45,0,"VIPER-03",False,False,True
74.190000000001049,"VIPER-01","VIPER-01",Friendly,Player,Active,Engage,AutomationPilot,"",0,0.85,0,"BANDIT-02",False,True,True
74.190000000001049,"VIPER-02","VIPER-02",Friendly,Wingman,Active,Engage,MissionAI,"VIPER-01",1,0.85,0,"BANDIT-02",False,True,True
74.190000000001049,"VIPER-03","VIPER-03",Friendly,Wingman,Active,Engage,MissionAI,"VIPER-01",2,0.85,0,"BANDIT-02",False,True,True
74.190000000001049,"BANDIT-01","BANDIT-01",Hostile,Patrol,Active,Evade,MissionAI,"",0,0.45,0,"VIPER-03",False,False,True
74.190000000001049,"BANDIT-02","BANDIT-02",Hostile,Patrol,Active,Evade,MissionAI,"",0,0.45,0,"VIPER-03",False,False,True
74.190000000001049,"BANDIT-03","BANDIT-03",Hostile,Patrol,Active,Engage,MissionAI,"",0,0.45,0,"VIPER-03",False,False,True
74.190000000001049,"BANDIT-04","BANDIT-04",Hostile,Patrol,Active,Engage,MissionAI,"",0,0.45,0,"VIPER-03",False,False,True
74.390000000001152,"VIPER-01","VIPER-01",Friendly,Player,Active,Engage,AutomationPilot,"",0,0.85,0,"BANDIT-02",False,True,True
74.390000000001152,"VIPER-02","VIPER-02",Friendly,Wingman,Active,Engage,MissionAI,"VIPER-01",1,0.85,0,"BANDIT-02",False,True,True
74.390000000001152,"VIPER-03","VIPER-03",Friendly,Wingman,Active,Engage,MissionAI,"VIPER-01",2,0.85,0,"BANDIT-02",False,True,True
74.390000000001152,"BANDIT-01","BANDIT-01",Hostile,Patrol,Active,Evade,MissionAI,"",0,0.45,0,"VIPER-03",False,False,True
74.390000000001152,"BANDIT-02","BANDIT-02",Hostile,Patrol,Active,Evade,MissionAI,"",0,0.45,0,"VIPER-03",False,False,True
74.390000000001152,"BANDIT-03","BANDIT-03",Hostile,Patrol,Active,Engage,MissionAI,"",0,0.45,0,"VIPER-03",False,False,True
74.390000000001152,"BANDIT-04","BANDIT-04",Hostile,Patrol,Active,Engage,MissionAI,"",0,0.45,0,"VIPER-03",False,False,True
74.590000000001254,"VIPER-01","VIPER-01",Friendly,Player,Active,Engage,AutomationPilot,"",0,0.85,0,"BANDIT-02",False,True,True
74.590000000001254,"VIPER-02","VIPER-02",Friendly,Wingman,Active,Engage,MissionAI,"VIPER-01",1,0.85,0,"BANDIT-02",False,True,True
74.590000000001254,"VIPER-03","VIPER-03",Friendly,Wingman,Active,Engage,MissionAI,"VIPER-01",2,0.85,0,"BANDIT-02",False,True,True
74.590000000001254,"BANDIT-01","BANDIT-01",Hostile,Patrol,Active,Evade,MissionAI,"",0,0.45,0,"VIPER-03",False,False,True
74.590000000001254,"BANDIT-02","BANDIT-02",Hostile,Patrol,Active,Evade,MissionAI,"",0,0.45,0,"VIPER-03",False,False,True
74.590000000001254,"BANDIT-03","BANDIT-03",Hostile,Patrol,Active,Engage,MissionAI,"",0,0.45,0,"VIPER-03",False,False,True
74.590000000001254,"BANDIT-04","BANDIT-04",Hostile,Patrol,Active,Engage,MissionAI,"",0,0.45,0,"VIPER-03",False,False,True
74.790000000001356,"VIPER-01","VIPER-01",Friendly,Player,Active,Engage,AutomationPilot,"",0,0.85,0,"BANDIT-02",False,True,True
74.790000000001356,"VIPER-02","VIPER-02",Friendly,Wingman,Active,Engage,MissionAI,"VIPER-01",1,0.85,0,"BANDIT-02",False,True,True
74.790000000001356,"VIPER-03","VIPER-03",Friendly,Wingman,Active,Engage,MissionAI,"VIPER-01",2,0.85,0,"BANDIT-02",False,True,True
74.790000000001356,"BANDIT-01","BANDIT-01",Hostile,Patrol,Active,Evade,MissionAI,"",0,0.45,0,"VIPER-03",False,False,True
74.790000000001356,"BANDIT-02","BANDIT-02",Hostile,Patrol,Active,Evade,MissionAI,"",0,0.45,0,"VIPER-03",False,False,True
74.790000000001356,"BANDIT-03","BANDIT-03",Hostile,Patrol,Active,Engage,MissionAI,"",0,0.45,0,"VIPER-03",False,False,True
74.790000000001356,"BANDIT-04","BANDIT-04",Hostile,Patrol,Active,Engage,MissionAI,"",0,0.45,0,"VIPER-03",False,False,True
74.990000000001459,"VIPER-01","VIPER-01",Friendly,Player,Active,Engage,AutomationPilot,"",0,0.85,0,"BANDIT-02",False,True,True
74.990000000001459,"VIPER-02","VIPER-02",Friendly,Wingman,Active,Engage,MissionAI,"VIPER-01",1,0.85,0,"BANDIT-02",False,True,True
74.990000000001459,"VIPER-03","VIPER-03",Friendly,Wingman,Active,Engage,MissionAI,"VIPER-01",2,0.85,0,"BANDIT-02",False,True,True
74.990000000001459,"BANDIT-01","BANDIT-01",Hostile,Patrol,Active,Evade,MissionAI,"",0,0.45,0,"VIPER-03",False,False,True
74.990000000001459,"BANDIT-02","BANDIT-02",Hostile,Patrol,Active,Evade,MissionAI,"",0,0.45,0,"VIPER-03",False,False,True
74.990000000001459,"BANDIT-03","BANDIT-03",Hostile,Patrol,Active,Engage,MissionAI,"",0,0.45,0,"VIPER-03",False,False,True
74.990000000001459,"BANDIT-04","BANDIT-04",Hostile,Patrol,Active,Engage,MissionAI,"",0,0.45,0,"VIPER-03",False,False,True
75.190000000001561,"VIPER-01","VIPER-01",Friendly,Player,Active,Engage,AutomationPilot,"",0,0.85,0,"BANDIT-02",False,True,True
75.190000000001561,"VIPER-02","VIPER-02",Friendly,Wingman,Active,Engage,MissionAI,"VIPER-01",1,0.85,0,"BANDIT-02",False,True,True
75.190000000001561,"VIPER-03","VIPER-03",Friendly,Wingman,Active,Engage,MissionAI,"VIPER-01",2,0.85,0,"BANDIT-02",False,True,True
75.190000000001561,"BANDIT-01","BANDIT-01",Hostile,Patrol,Active,Evade,MissionAI,"",0,0.45,0,"VIPER-03",False,False,True
75.190000000001561,"BANDIT-02","BANDIT-02",Hostile,Patrol,Active,Evade,MissionAI,"",0,0.45,0,"VIPER-03",False,False,True
75.190000000001561,"BANDIT-03","BANDIT-03",Hostile,Patrol,Active,Engage,MissionAI,"",0,0.45,0,"VIPER-03",False,False,True
75.190000000001561,"BANDIT-04","BANDIT-04",Hostile,Patrol,Active,Engage,MissionAI,"",0,0.45,0,"VIPER-03",False,False,True
75.390000000001663,"VIPER-01","VIPER-01",Friendly,Player,Active,Engage,AutomationPilot,"",0,0.85,0,"BANDIT-02",False,True,True
75.390000000001663,"VIPER-02","VIPER-02",Friendly,Wingman,Active,Engage,MissionAI,"VIPER-01",1,0.85,0,"BANDIT-02",False,True,True
75.390000000001663,"VIPER-03","VIPER-03",Friendly,Wingman,Active,Engage,MissionAI,"VIPER-01",2,0.85,0,"BANDIT-02",False,True,True
75.390000000001663,"BANDIT-01","BANDIT-01",Hostile,Patrol,Active,Evade,MissionAI,"",0,0.45,0,"VIPER-03",False,False,True
75.390000000001663,"BANDIT-02","BANDIT-02",Hostile,Patrol,Active,Evade,MissionAI,"",0,0.45,0,"VIPER-03",False,False,True
75.390000000001663,"BANDIT-03","BANDIT-03",Hostile,Patrol,Active,Engage,MissionAI,"",0,0.45,0,"VIPER-03",False,False,True
75.390000000001663,"BANDIT-04","BANDIT-04",Hostile,Patrol,Active,Engage,MissionAI,"",0,0.45,0,"VIPER-03",False,False,True
75.590000000001766,"VIPER-01","VIPER-01",Friendly,Player,Active,Engage,AutomationPilot,"",0,0.85,0,"BANDIT-02",False,True,True
75.590000000001766,"VIPER-02","VIPER-02",Friendly,Wingman,Active,Engage,MissionAI,"VIPER-01",1,0.85,0,"BANDIT-02",False,True,True
75.590000000001766,"VIPER-03","VIPER-03",Friendly,Wingman,Active,Engage,MissionAI,"VIPER-01",2,0.85,0,"BANDIT-02",False,True,True
75.590000000001766,"BANDIT-01","BANDIT-01",Hostile,Patrol,Active,Evade,MissionAI,"",0,0.45,0,"VIPER-03",False,False,True
75.590000000001766,"BANDIT-02","BANDIT-02",Hostile,Patrol,Active,Evade,MissionAI,"",0,0.45,0,"VIPER-03",False,False,True
75.590000000001766,"BANDIT-03","BANDIT-03",Hostile,Patrol,Active,Engage,MissionAI,"",0,0.45,0,"VIPER-03",False,False,True
75.590000000001766,"BANDIT-04","BANDIT-04",Hostile,Patrol,Active,Engage,MissionAI,"",0,0.45,0,"VIPER-03",False,False,True
75.790000000001868,"VIPER-01","VIPER-01",Friendly,Player,Active,Engage,AutomationPilot,"",0,0.85,0,"BANDIT-02",False,True,True
75.790000000001868,"VIPER-02","VIPER-02",Friendly,Wingman,Active,Engage,MissionAI,"VIPER-01",1,0.85,0,"BANDIT-02",False,True,True
75.790000000001868,"VIPER-03","VIPER-03",Friendly,Wingman,Active,Engage,MissionAI,"VIPER-01",2,0.85,0,"BANDIT-02",False,True,True
75.790000000001868,"BANDIT-01","BANDIT-01",Hostile,Patrol,Active,Evade,MissionAI,"",0,0.45,0,"VIPER-03",False,False,True
75.790000000001868,"BANDIT-02","BANDIT-02",Hostile,Patrol,Active,Evade,MissionAI,"",0,0.45,0,"VIPER-03",False,False,True
75.790000000001868,"BANDIT-03","BANDIT-03",Hostile,Patrol,Active,Engage,MissionAI,"",0,0.45,0,"VIPER-03",False,False,True
75.790000000001868,"BANDIT-04","BANDIT-04",Hostile,Patrol,Active,Engage,MissionAI,"",0,0.45,0,"VIPER-03",False,False,True
75.99000000000197,"VIPER-01","VIPER-01",Friendly,Player,Active,Engage,AutomationPilot,"",0,0.85,0,"BANDIT-02",False,True,True
75.99000000000197,"VIPER-02","VIPER-02",Friendly,Wingman,Active,Engage,MissionAI,"VIPER-01",1,0.85,0,"BANDIT-02",False,True,True
75.99000000000197,"VIPER-03","VIPER-03",Friendly,Wingman,Active,Engage,MissionAI,"VIPER-01",2,0.85,0,"BANDIT-02",False,True,True
75.99000000000197,"BANDIT-01","BANDIT-01",Hostile,Patrol,Active,Evade,MissionAI,"",0,0.45,0,"VIPER-03",False,False,True
75.99000000000197,"BANDIT-02","BANDIT-02",Hostile,Patrol,Active,Evade,MissionAI,"",0,0.45,0,"VIPER-03",False,False,True
75.99000000000197,"BANDIT-03","BANDIT-03",Hostile,Patrol,Active,Engage,MissionAI,"",0,0.45,0,"VIPER-03",False,False,True
75.99000000000197,"BANDIT-04","BANDIT-04",Hostile,Patrol,Active,Engage,MissionAI,"",0,0.45,0,"VIPER-03",False,False,True
76.190000000002073,"VIPER-01","VIPER-01",Friendly,Player,Active,Engage,AutomationPilot,"",0,0.85,0,"BANDIT-02",False,True,True
76.190000000002073,"VIPER-02","VIPER-02",Friendly,Wingman,Active,Engage,MissionAI,"VIPER-01",1,0.85,0,"BANDIT-02",False,True,True
76.190000000002073,"VIPER-03","VIPER-03",Friendly,Wingman,Active,Engage,MissionAI,"VIPER-01",2,0.85,0,"BANDIT-02",False,True,True
76.190000000002073,"BANDIT-01","BANDIT-01",Hostile,Patrol,Active,Evade,MissionAI,"",0,0.45,0,"VIPER-03",False,False,True
76.190000000002073,"BANDIT-02","BANDIT-02",Hostile,Patrol,Active,Evade,MissionAI,"",0,0.45,0,"VIPER-03",False,False,True
76.190000000002073,"BANDIT-03","BANDIT-03",Hostile,Patrol,Active,Engage,MissionAI,"",0,0.45,0,"VIPER-03",False,False,True
76.190000000002073,"BANDIT-04","BANDIT-04",Hostile,Patrol,Active,Engage,MissionAI,"",0,0.45,0,"VIPER-03",False,False,True
76.390000000002175,"VIPER-01","VIPER-01",Friendly,Player,Active,Engage,AutomationPilot,"",0,0.85,0,"BANDIT-02",False,True,True
76.390000000002175,"VIPER-02","VIPER-02",Friendly,Wingman,Active,Engage,MissionAI,"VIPER-01",1,0.85,0,"BANDIT-02",False,True,True
76.390000000002175,"VIPER-03","VIPER-03",Friendly,Wingman,Active,Engage,MissionAI,"VIPER-01",2,0.85,0,"BANDIT-02",False,True,True
76.390000000002175,"BANDIT-01","BANDIT-01",Hostile,Patrol,Active,Evade,MissionAI,"",0,0.45,0,"VIPER-03",False,False,True
76.390000000002175,"BANDIT-02","BANDIT-02",Hostile,Patrol,Active,Evade,MissionAI,"",0,0.45,0,"VIPER-03",False,False,True
76.390000000002175,"BANDIT-03","BANDIT-03",Hostile,Patrol,Active,Engage,MissionAI,"",0,0.45,0,"VIPER-03",False,False,True
76.390000000002175,"BANDIT-04","BANDIT-04",Hostile,Patrol,Active,Engage,MissionAI,"",0,0.45,0,"VIPER-03",False,False,True
76.590000000002277,"VIPER-01","VIPER-01",Friendly,Player,Active,Engage,AutomationPilot,"",0,0.85,0,"BANDIT-02",False,True,True
76.590000000002277,"VIPER-02","VIPER-02",Friendly,Wingman,Active,Engage,MissionAI,"VIPER-01",1,0.85,0,"BANDIT-02",False,True,True
76.590000000002277,"VIPER-03","VIPER-03",Friendly,Wingman,Active,Engage,MissionAI,"VIPER-01",2,0.85,0,"BANDIT-02",False,True,True
76.590000000002277,"BANDIT-01","BANDIT-01",Hostile,Patrol,Active,Evade,MissionAI,"",0,0.45,0,"VIPER-03",False,False,True
76.590000000002277,"BANDIT-02","BANDIT-02",Hostile,Patrol,Active,Evade,MissionAI,"",0,0.45,0,"VIPER-03",False,False,True
76.590000000002277,"BANDIT-03","BANDIT-03",Hostile,Patrol,Active,Engage,MissionAI,"",0,0.45,0,"VIPER-03",False,False,True
76.590000000002277,"BANDIT-04","BANDIT-04",Hostile,Patrol,Active,Engage,MissionAI,"",0,0.45,0,"VIPER-03",False,False,True
76.790000000002379,"VIPER-01","VIPER-01",Friendly,Player,Active,Engage,AutomationPilot,"",0,0.85,0,"BANDIT-02",False,True,True
76.790000000002379,"VIPER-02","VIPER-02",Friendly,Wingman,Active,Engage,MissionAI,"VIPER-01",1,0.85,0,"BANDIT-02",False,True,True
76.790000000002379,"VIPER-03","VIPER-03",Friendly,Wingman,Active,Engage,MissionAI,"VIPER-01",2,0.85,0,"BANDIT-02",False,True,True
76.790000000002379,"BANDIT-01","BANDIT-01",Hostile,Patrol,Active,Evade,MissionAI,"",0,0.45,0,"VIPER-03",False,False,True
76.790000000002379,"BANDIT-02","BANDIT-02",Hostile,Patrol,Active,Evade,MissionAI,"",0,0.45,0,"VIPER-03",False,False,True
76.790000000002379,"BANDIT-03","BANDIT-03",Hostile,Patrol,Active,Engage,MissionAI,"",0,0.45,0,"VIPER-03",False,False,True
76.790000000002379,"BANDIT-04","BANDIT-04",Hostile,Patrol,Active,Engage,MissionAI,"",0,0.45,0,"VIPER-03",False,False,True
76.990000000002482,"VIPER-01","VIPER-01",Friendly,Player,Active,Engage,AutomationPilot,"",0,0.85,0,"BANDIT-02",False,True,True
76.990000000002482,"VIPER-02","VIPER-02",Friendly,Wingman,Active,Engage,MissionAI,"VIPER-01",1,0.85,0,"BANDIT-02",False,True,True
76.990000000002482,"VIPER-03","VIPER-03",Friendly,Wingman,Active,Engage,MissionAI,"VIPER-01",2,0.85,0,"BANDIT-02",False,True,True
76.990000000002482,"BANDIT-01","BANDIT-01",Hostile,Patrol,Active,Evade,MissionAI,"",0,0.45,0,"VIPER-03",False,False,True
76.990000000002482,"BANDIT-02","BANDIT-02",Hostile,Patrol,Active,Evade,MissionAI,"",0,0.45,0,"VIPER-03",False,False,True
76.990000000002482,"BANDIT-03","BANDIT-03",Hostile,Patrol,Active,Engage,MissionAI,"",0,0.45,0,"VIPER-03",False,False,True
76.990000000002482,"BANDIT-04","BANDIT-04",Hostile,Patrol,Active,Engage,MissionAI,"",0,0.45,0,"VIPER-03",False,False,True
77.190000000002584,"VIPER-01","VIPER-01",Friendly,Player,Active,Engage,AutomationPilot,"",0,0.85,0,"BANDIT-02",False,True,True
77.190000000002584,"VIPER-02","VIPER-02",Friendly,Wingman,Active,Engage,MissionAI,"VIPER-01",1,0.85,0,"BANDIT-02",False,True,True
77.190000000002584,"VIPER-03","VIPER-03",Friendly,Wingman,Active,Engage,MissionAI,"VIPER-01",2,0.85,0,"BANDIT-02",False,True,True
77.190000000002584,"BANDIT-01","BANDIT-01",Hostile,Patrol,Active,Evade,MissionAI,"",0,0.45,0,"VIPER-03",False,False,True
77.190000000002584,"BANDIT-02","BANDIT-02",Hostile,Patrol,Active,Evade,MissionAI,"",0,0.45,0,"VIPER-03",False,False,True
77.190000000002584,"BANDIT-03","BANDIT-03",Hostile,Patrol,Active,Engage,MissionAI,"",0,0.45,0,"VIPER-03",False,False,True
77.190000000002584,"BANDIT-04","BANDIT-04",Hostile,Patrol,Active,Engage,MissionAI,"",0,0.45,0,"VIPER-03",False,False,True
77.390000000002686,"VIPER-01","VIPER-01",Friendly,Player,Active,Engage,AutomationPilot,"",0,0.85,0,"BANDIT-02",False,True,True
77.390000000002686,"VIPER-02","VIPER-02",Friendly,Wingman,Active,Engage,MissionAI,"VIPER-01",1,0.85,0,"BANDIT-02",False,True,True
77.390000000002686,"VIPER-03","VIPER-03",Friendly,Wingman,Active,Engage,MissionAI,"VIPER-01",2,0.85,0,"BANDIT-02",False,True,True
77.390000000002686,"BANDIT-01","BANDIT-01",Hostile,Patrol,Active,Evade,MissionAI,"",0,0.45,0,"VIPER-03",False,False,True
77.390000000002686,"BANDIT-02","BANDIT-02",Hostile,Patrol,Active,Evade,MissionAI,"",0,0.45,0,"VIPER-03",False,False,True
77.390000000002686,"BANDIT-03","BANDIT-03",Hostile,Patrol,Active,Engage,MissionAI,"",0,0.45,0,"VIPER-03",False,False,True
77.390000000002686,"BANDIT-04","BANDIT-04",Hostile,Patrol,Active,Engage,MissionAI,"",0,0.45,0,"VIPER-03",False,False,True
77.590000000002789,"VIPER-01","VIPER-01",Friendly,Player,Active,Engage,AutomationPilot,"",0,0.85,0,"BANDIT-02",False,True,True
77.590000000002789,"VIPER-02","VIPER-02",Friendly,Wingman,Active,Engage,MissionAI,"VIPER-01",1,0.85,0,"BANDIT-02",False,True,True
77.590000000002789,"VIPER-03","VIPER-03",Friendly,Wingman,Active,Engage,MissionAI,"VIPER-01",2,0.85,0,"BANDIT-02",False,True,True
77.590000000002789,"BANDIT-01","BANDIT-01",Hostile,Patrol,Active,Evade,MissionAI,"",0,0.45,0,"VIPER-03",False,False,True
77.590000000002789,"BANDIT-02","BANDIT-02",Hostile,Patrol,Active,Evade,MissionAI,"",0,0.45,0,"VIPER-03",False,False,True
77.590000000002789,"BANDIT-03","BANDIT-03",Hostile,Patrol,Active,Engage,MissionAI,"",0,0.45,0,"VIPER-03",False,False,True
77.590000000002789,"BANDIT-04","BANDIT-04",Hostile,Patrol,Active,Engage,MissionAI,"",0,0.45,0,"VIPER-03",False,False,True
77.790000000002891,"VIPER-01","VIPER-01",Friendly,Player,Active,Engage,AutomationPilot,"",0,0.85,0,"BANDIT-02",False,True,True
77.790000000002891,"VIPER-02","VIPER-02",Friendly,Wingman,Active,Engage,MissionAI,"VIPER-01",1,0.85,0,"BANDIT-02",False,True,True
77.790000000002891,"VIPER-03","VIPER-03",Friendly,Wingman,Active,Engage,MissionAI,"VIPER-01",2,0.85,0,"BANDIT-02",False,True,True
77.790000000002891,"BANDIT-01","BANDIT-01",Hostile,Patrol,Active,Evade,MissionAI,"",0,0.45,0,"VIPER-03",False,False,True
77.790000000002891,"BANDIT-02","BANDIT-02",Hostile,Patrol,Active,Evade,MissionAI,"",0,0.45,0,"VIPER-03",False,False,True
77.790000000002891,"BANDIT-03","BANDIT-03",Hostile,Patrol,Active,Engage,MissionAI,"",0,0.45,0,"VIPER-03",False,False,True
77.790000000002891,"BANDIT-04","BANDIT-04",Hostile,Patrol,Active,Engage,MissionAI,"",0,0.45,0,"VIPER-03",False,False,True
77.990000000003,"VIPER-01","VIPER-01",Friendly,Player,Active,Engage,AutomationPilot,"",0,0.85,0,"BANDIT-02",False,True,True
77.990000000003,"VIPER-02","VIPER-02",Friendly,Wingman,Active,Engage,MissionAI,"VIPER-01",1,0.85,0,"BANDIT-02",False,True,True
77.990000000003,"VIPER-03","VIPER-03",Friendly,Wingman,Active,Engage,MissionAI,"VIPER-01",2,0.85,0,"BANDIT-02",False,True,True
77.990000000003,"BANDIT-01","BANDIT-01",Hostile,Patrol,Active,Evade,MissionAI,"",0,0.45,0,"VIPER-03",False,False,True
77.990000000003,"BANDIT-02","BANDIT-02",Hostile,Patrol,Active,Evade,MissionAI,"",0,0.45,0,"VIPER-03",False,False,True
77.990000000003,"BANDIT-03","BANDIT-03",Hostile,Patrol,Active,Engage,MissionAI,"",0,0.45,0,"VIPER-03",False,False,True
77.990000000003,"BANDIT-04","BANDIT-04",Hostile,Patrol,Active,Engage,MissionAI,"",0,0.45,0,"VIPER-03",False,False,True
78.1900000000031,"VIPER-01","VIPER-01",Friendly,Player,Active,Engage,AutomationPilot,"",0,0.85,0,"BANDIT-02",False,True,True
78.1900000000031,"VIPER-02","VIPER-02",Friendly,Wingman,Active,Engage,MissionAI,"VIPER-01",1,0.85,0,"BANDIT-02",False,True,True
78.1900000000031,"VIPER-03","VIPER-03",Friendly,Wingman,Active,Engage,MissionAI,"VIPER-01",2,0.85,0,"BANDIT-02",False,True,True
78.1900000000031,"BANDIT-01","BANDIT-01",Hostile,Patrol,Active,Evade,MissionAI,"",0,0.45,0,"VIPER-03",False,False,True
78.1900000000031,"BANDIT-02","BANDIT-02",Hostile,Patrol,Active,Evade,MissionAI,"",0,0.45,0,"VIPER-03",False,False,True
78.1900000000031,"BANDIT-03","BANDIT-03",Hostile,Patrol,Active,Engage,MissionAI,"",0,0.45,0,"VIPER-03",False,False,True
78.1900000000031,"BANDIT-04","BANDIT-04",Hostile,Patrol,Active,Engage,MissionAI,"",0,0.45,0,"VIPER-03",False,False,True
78.3900000000032,"VIPER-01","VIPER-01",Friendly,Player,Active,Engage,AutomationPilot,"",0,0.85,0,"BANDIT-02",False,True,True
78.3900000000032,"VIPER-02","VIPER-02",Friendly,Wingman,Active,Engage,MissionAI,"VIPER-01",1,0.85,0,"BANDIT-02",False,True,True
78.3900000000032,"VIPER-03","VIPER-03",Friendly,Wingman,Active,Engage,MissionAI,"VIPER-01",2,0.85,0,"BANDIT-02",False,True,True
78.3900000000032,"BANDIT-01","BANDIT-01",Hostile,Patrol,Active,Evade,MissionAI,"",0,0.45,0,"VIPER-03",False,False,True
78.3900000000032,"BANDIT-02","BANDIT-02",Hostile,Patrol,Active,Evade,MissionAI,"",0,0.45,0,"VIPER-03",False,False,True
78.3900000000032,"BANDIT-03","BANDIT-03",Hostile,Patrol,Active,Engage,MissionAI,"",0,0.45,0,"VIPER-03",False,False,True
78.3900000000032,"BANDIT-04","BANDIT-04",Hostile,Patrol,Active,Engage,MissionAI,"",0,0.45,0,"VIPER-03",False,False,True
78.5900000000033,"VIPER-01","VIPER-01",Friendly,Player,Active,Engage,AutomationPilot,"",0,0.85,0,"BANDIT-02",False,True,True
78.5900000000033,"VIPER-02","VIPER-02",Friendly,Wingman,Active,Engage,MissionAI,"VIPER-01",1,0.85,0,"BANDIT-02",False,True,True
78.5900000000033,"VIPER-03","VIPER-03",Friendly,Wingman,Active,Engage,MissionAI,"VIPER-01",2,0.85,0,"BANDIT-02",False,True,True
78.5900000000033,"BANDIT-01","BANDIT-01",Hostile,Patrol,Active,Evade,MissionAI,"",0,0.45,0,"VIPER-03",False,False,True
78.5900000000033,"BANDIT-02","BANDIT-02",Hostile,Patrol,Active,Evade,MissionAI,"",0,0.45,0,"VIPER-03",False,False,True
78.5900000000033,"BANDIT-03","BANDIT-03",Hostile,Patrol,Active,Engage,MissionAI,"",0,0.45,0,"VIPER-03",False,False,True
78.5900000000033,"BANDIT-04","BANDIT-04",Hostile,Patrol,Active,Engage,MissionAI,"",0,0.45,0,"VIPER-03",False,False,True
78.7900000000034,"VIPER-01","VIPER-01",Friendly,Player,Active,Engage,AutomationPilot,"",0,0.85,0,"BANDIT-02",False,True,True
78.7900000000034,"VIPER-02","VIPER-02",Friendly,Wingman,Active,Engage,MissionAI,"VIPER-01",1,0.85,0,"BANDIT-02",False,True,True
78.7900000000034,"VIPER-03","VIPER-03",Friendly,Wingman,Active,Engage,MissionAI,"VIPER-01",2,0.85,0,"BANDIT-02",False,True,True
78.7900000000034,"BANDIT-01","BANDIT-01",Hostile,Patrol,Active,Evade,MissionAI,"",0,0.45,0,"VIPER-03",False,False,True
78.7900000000034,"BANDIT-02","BANDIT-02",Hostile,Patrol,Active,Evade,MissionAI,"",0,0.45,0,"VIPER-03",False,False,True
78.7900000000034,"BANDIT-03","BANDIT-03",Hostile,Patrol,Active,Engage,MissionAI,"",0,0.45,0,"VIPER-03",False,False,True
78.7900000000034,"BANDIT-04","BANDIT-04",Hostile,Patrol,Active,Engage,MissionAI,"",0,0.45,0,"VIPER-03",False,False,True
78.9900000000035,"VIPER-01","VIPER-01",Friendly,Player,Active,Engage,AutomationPilot,"",0,0.85,0,"BANDIT-02",False,True,True
78.9900000000035,"VIPER-02","VIPER-02",Friendly,Wingman,Active,Engage,MissionAI,"VIPER-01",1,0.85,0,"BANDIT-02",False,True,True
78.9900000000035,"VIPER-03","VIPER-03",Friendly,Wingman,Active,Engage,MissionAI,"VIPER-01",2,0.85,0,"BANDIT-02",False,True,True
78.9900000000035,"BANDIT-01","BANDIT-01",Hostile,Patrol,Active,Evade,MissionAI,"",0,0.45,0,"VIPER-03",False,False,True
78.9900000000035,"BANDIT-02","BANDIT-02",Hostile,Patrol,Active,Evade,MissionAI,"",0,0.45,0,"VIPER-03",False,False,True
78.9900000000035,"BANDIT-03","BANDIT-03",Hostile,Patrol,Active,Engage,MissionAI,"",0,0.45,0,"VIPER-03",False,False,True
78.9900000000035,"BANDIT-04","BANDIT-04",Hostile,Patrol,Active,Engage,MissionAI,"",0,0.45,0,"VIPER-03",False,False,True
79.190000000003607,"VIPER-01","VIPER-01",Friendly,Player,Active,Engage,AutomationPilot,"",0,0.85,0,"BANDIT-02",False,True,True
79.190000000003607,"VIPER-02","VIPER-02",Friendly,Wingman,Active,Engage,MissionAI,"VIPER-01",1,0.85,0,"BANDIT-02",False,True,True
79.190000000003607,"VIPER-03","VIPER-03",Friendly,Wingman,Active,Engage,MissionAI,"VIPER-01",2,0.85,0,"BANDIT-02",False,True,True
79.190000000003607,"BANDIT-01","BANDIT-01",Hostile,Patrol,Active,Evade,MissionAI,"",0,0.45,0,"VIPER-03",False,False,True
79.190000000003607,"BANDIT-02","BANDIT-02",Hostile,Patrol,Active,Evade,MissionAI,"",0,0.45,0,"VIPER-03",False,False,True
79.190000000003607,"BANDIT-03","BANDIT-03",Hostile,Patrol,Active,Engage,MissionAI,"",0,0.45,0,"VIPER-03",False,False,True
79.190000000003607,"BANDIT-04","BANDIT-04",Hostile,Patrol,Active,Engage,MissionAI,"",0,0.45,0,"VIPER-03",False,False,True
79.39000000000371,"VIPER-01","VIPER-01",Friendly,Player,Active,Engage,AutomationPilot,"",0,0.85,0,"BANDIT-02",False,True,True
79.39000000000371,"VIPER-02","VIPER-02",Friendly,Wingman,Active,Engage,MissionAI,"VIPER-01",1,0.85,0,"BANDIT-02",False,True,True
79.39000000000371,"VIPER-03","VIPER-03",Friendly,Wingman,Active,Engage,MissionAI,"VIPER-01",2,0.85,0,"BANDIT-02",False,True,True
79.39000000000371,"BANDIT-01","BANDIT-01",Hostile,Patrol,Active,Evade,MissionAI,"",0,0.45,0,"VIPER-03",False,False,True
79.39000000000371,"BANDIT-02","BANDIT-02",Hostile,Patrol,Active,Evade,MissionAI,"",0,0.45,0,"VIPER-03",False,False,True
79.39000000000371,"BANDIT-03","BANDIT-03",Hostile,Patrol,Active,Engage,MissionAI,"",0,0.45,0,"VIPER-03",False,False,True
79.39000000000371,"BANDIT-04","BANDIT-04",Hostile,Patrol,Active,Engage,MissionAI,"",0,0.45,0,"VIPER-03",False,False,True
79.590000000003812,"VIPER-01","VIPER-01",Friendly,Player,Active,Engage,AutomationPilot,"",0,0.85,0,"BANDIT-02",False,True,True
79.590000000003812,"VIPER-02","VIPER-02",Friendly,Wingman,Active,Engage,MissionAI,"VIPER-01",1,0.85,0,"BANDIT-02",False,True,True
79.590000000003812,"VIPER-03","VIPER-03",Friendly,Wingman,Active,Engage,MissionAI,"VIPER-01",2,0.85,0,"BANDIT-02",False,True,True
79.590000000003812,"BANDIT-01","BANDIT-01",Hostile,Patrol,Active,Evade,MissionAI,"",0,0.45,0,"VIPER-03",False,False,True
79.590000000003812,"BANDIT-02","BANDIT-02",Hostile,Patrol,Active,Evade,MissionAI,"",0,0.45,0,"VIPER-03",False,False,True
79.590000000003812,"BANDIT-03","BANDIT-03",Hostile,Patrol,Active,Engage,MissionAI,"",0,0.45,0,"VIPER-03",False,False,True
79.590000000003812,"BANDIT-04","BANDIT-04",Hostile,Patrol,Active,Engage,MissionAI,"",0,0.45,0,"VIPER-03",False,False,True
79.790000000003914,"VIPER-01","VIPER-01",Friendly,Player,Active,Engage,AutomationPilot,"",0,0.85,0,"BANDIT-02",False,True,True
79.790000000003914,"VIPER-02","VIPER-02",Friendly,Wingman,Active,Engage,MissionAI,"VIPER-01",1,0.85,0,"BANDIT-02",False,True,True
79.790000000003914,"VIPER-03","VIPER-03",Friendly,Wingman,Active,Engage,MissionAI,"VIPER-01",2,0.85,0,"BANDIT-02",False,True,True
79.790000000003914,"BANDIT-01","BANDIT-01",Hostile,Patrol,Active,Evade,MissionAI,"",0,0.45,0,"VIPER-03",False,False,True
79.790000000003914,"BANDIT-02","BANDIT-02",Hostile,Patrol,Active,Evade,MissionAI,"",0,0.45,0,"VIPER-03",False,False,True
79.790000000003914,"BANDIT-03","BANDIT-03",Hostile,Patrol,Active,Engage,MissionAI,"",0,0.45,0,"VIPER-03",False,False,True
79.790000000003914,"BANDIT-04","BANDIT-04",Hostile,Patrol,Active,Engage,MissionAI,"",0,0.45,0,"VIPER-03",False,False,True
79.990000000004017,"VIPER-01","VIPER-01",Friendly,Player,Active,Engage,AutomationPilot,"",0,0.85,0,"BANDIT-02",False,True,True
79.990000000004017,"VIPER-02","VIPER-02",Friendly,Wingman,Active,Engage,MissionAI,"VIPER-01",1,0.85,0,"BANDIT-02",False,True,True
79.990000000004017,"VIPER-03","VIPER-03",Friendly,Wingman,Active,Engage,MissionAI,"VIPER-01",2,0.85,0,"BANDIT-02",False,True,True
79.990000000004017,"BANDIT-01","BANDIT-01",Hostile,Patrol,Active,Evade,MissionAI,"",0,0.45,0,"VIPER-03",False,False,True
79.990000000004017,"BANDIT-02","BANDIT-02",Hostile,Patrol,Active,Evade,MissionAI,"",0,0.45,0,"VIPER-03",False,False,True
79.990000000004017,"BANDIT-03","BANDIT-03",Hostile,Patrol,Active,Engage,MissionAI,"",0,0.45,0,"VIPER-03",False,False,True
79.990000000004017,"BANDIT-04","BANDIT-04",Hostile,Patrol,Active,Engage,MissionAI,"",0,0.45,0,"VIPER-03",False,False,True
80.190000000004119,"VIPER-01","VIPER-01",Friendly,Player,Active,Engage,AutomationPilot,"",0,0.85,0,"BANDIT-02",False,True,True
80.190000000004119,"VIPER-02","VIPER-02",Friendly,Wingman,Active,Engage,MissionAI,"VIPER-01",1,0.85,0,"BANDIT-02",False,True,True
80.190000000004119,"VIPER-03","VIPER-03",Friendly,Wingman,Active,Engage,MissionAI,"VIPER-01",2,0.85,0,"BANDIT-02",False,True,True
80.190000000004119,"BANDIT-01","BANDIT-01",Hostile,Patrol,Active,Evade,MissionAI,"",0,0.45,0,"VIPER-03",False,False,True
80.190000000004119,"BANDIT-02","BANDIT-02",Hostile,Patrol,Active,Evade,MissionAI,"",0,0.45,0,"VIPER-03",False,False,True
80.190000000004119,"BANDIT-03","BANDIT-03",Hostile,Patrol,Active,Engage,MissionAI,"",0,0.45,0,"VIPER-03",False,False,True
80.190000000004119,"BANDIT-04","BANDIT-04",Hostile,Patrol,Active,Engage,MissionAI,"",0,0.45,0,"VIPER-03",False,False,True
80.390000000004221,"VIPER-01","VIPER-01",Friendly,Player,Active,Engage,AutomationPilot,"",0,0.85,0,"BANDIT-02",False,True,True
80.390000000004221,"VIPER-02","VIPER-02",Friendly,Wingman,Active,Engage,MissionAI,"VIPER-01",1,0.85,0,"BANDIT-02",False,True,True
80.390000000004221,"VIPER-03","VIPER-03",Friendly,Wingman,Active,Engage,MissionAI,"VIPER-01",2,0.85,0,"BANDIT-02",False,True,True
80.390000000004221,"BANDIT-01","BANDIT-01",Hostile,Patrol,Active,Evade,MissionAI,"",0,0.45,0,"VIPER-03",False,False,True
80.390000000004221,"BANDIT-02","BANDIT-02",Hostile,Patrol,Active,Evade,MissionAI,"",0,0.45,0,"VIPER-03",False,False,True
80.390000000004221,"BANDIT-03","BANDIT-03",Hostile,Patrol,Active,Engage,MissionAI,"",0,0.45,0,"VIPER-03",False,False,True
80.390000000004221,"BANDIT-04","BANDIT-04",Hostile,Patrol,Active,Engage,MissionAI,"",0,0.45,0,"VIPER-03",False,False,True
80.590000000004324,"VIPER-01","VIPER-01",Friendly,Player,Active,Engage,AutomationPilot,"",0,0.85,0,"BANDIT-02",False,True,True
80.590000000004324,"VIPER-02","VIPER-02",Friendly,Wingman,Active,Engage,MissionAI,"VIPER-01",1,0.85,0,"BANDIT-02",False,True,True
80.590000000004324,"VIPER-03","VIPER-03",Friendly,Wingman,Active,Engage,MissionAI,"VIPER-01",2,0.85,0,"BANDIT-02",False,True,True
80.590000000004324,"BANDIT-01","BANDIT-01",Hostile,Patrol,Active,Evade,MissionAI,"",0,0.45,0,"VIPER-03",False,False,True
80.590000000004324,"BANDIT-02","BANDIT-02",Hostile,Patrol,Active,Evade,MissionAI,"",0,0.45,0,"VIPER-03",False,False,True
80.590000000004324,"BANDIT-03","BANDIT-03",Hostile,Patrol,Active,Engage,MissionAI,"",0,0.45,0,"VIPER-03",False,False,True
80.590000000004324,"BANDIT-04","BANDIT-04",Hostile,Patrol,Active,Engage,MissionAI,"",0,0.45,0,"VIPER-03",False,False,True
80.790000000004426,"VIPER-01","VIPER-01",Friendly,Player,Active,Engage,AutomationPilot,"",0,0.85,0,"BANDIT-02",False,True,True
80.790000000004426,"VIPER-02","VIPER-02",Friendly,Wingman,Active,Engage,MissionAI,"VIPER-01",1,0.85,0,"BANDIT-02",False,True,True
80.790000000004426,"VIPER-03","VIPER-03",Friendly,Wingman,Active,Engage,MissionAI,"VIPER-01",2,0.85,0,"BANDIT-02",False,True,True
80.790000000004426,"BANDIT-01","BANDIT-01",Hostile,Patrol,Active,Evade,MissionAI,"",0,0.45,0,"VIPER-03",False,False,True
80.790000000004426,"BANDIT-02","BANDIT-02",Hostile,Patrol,Active,Evade,MissionAI,"",0,0.45,0,"VIPER-03",False,False,True
80.790000000004426,"BANDIT-03","BANDIT-03",Hostile,Patrol,Active,Engage,MissionAI,"",0,0.45,0,"VIPER-03",False,False,True
80.790000000004426,"BANDIT-04","BANDIT-04",Hostile,Patrol,Active,Engage,MissionAI,"",0,0.45,0,"VIPER-03",False,False,True
80.990000000004528,"VIPER-01","VIPER-01",Friendly,Player,Active,Engage,AutomationPilot,"",0,0.85,0,"BANDIT-02",False,True,True
80.990000000004528,"VIPER-02","VIPER-02",Friendly,Wingman,Active,Engage,MissionAI,"VIPER-01",1,0.85,0,"BANDIT-02",False,True,True
80.990000000004528,"VIPER-03","VIPER-03",Friendly,Wingman,Active,Engage,MissionAI,"VIPER-01",2,0.85,0,"BANDIT-02",False,True,True
80.990000000004528,"BANDIT-01","BANDIT-01",Hostile,Patrol,Active,Evade,MissionAI,"",0,0.45,0,"VIPER-03",False,False,True
80.990000000004528,"BANDIT-02","BANDIT-02",Hostile,Patrol,Active,Evade,MissionAI,"",0,0.45,0,"VIPER-03",False,False,True
80.990000000004528,"BANDIT-03","BANDIT-03",Hostile,Patrol,Active,Engage,MissionAI,"",0,0.45,0,"VIPER-03",False,False,True
80.990000000004528,"BANDIT-04","BANDIT-04",Hostile,Patrol,Active,Engage,MissionAI,"",0,0.45,0,"VIPER-03",False,False,True
81.19000000000463,"VIPER-01","VIPER-01",Friendly,Player,Active,Engage,AutomationPilot,"",0,0.85,0,"BANDIT-02",False,True,True
81.19000000000463,"VIPER-02","VIPER-02",Friendly,Wingman,Active,Engage,MissionAI,"VIPER-01",1,0.85,0,"BANDIT-02",False,True,True
81.19000000000463,"VIPER-03","VIPER-03",Friendly,Wingman,Active,Engage,MissionAI,"VIPER-01",2,0.85,0,"BANDIT-02",False,True,True
81.19000000000463,"BANDIT-01","BANDIT-01",Hostile,Patrol,Active,Evade,MissionAI,"",0,0.45,0,"VIPER-03",False,False,True
81.19000000000463,"BANDIT-02","BANDIT-02",Hostile,Patrol,Active,Evade,MissionAI,"",0,0.45,0,"VIPER-03",False,False,True
81.19000000000463,"BANDIT-03","BANDIT-03",Hostile,Patrol,Active,Engage,MissionAI,"",0,0.45,0,"VIPER-03",False,False,True
81.19000000000463,"BANDIT-04","BANDIT-04",Hostile,Patrol,Active,Engage,MissionAI,"",0,0.45,0,"VIPER-03",False,False,True
81.390000000004733,"VIPER-01","VIPER-01",Friendly,Player,Active,Engage,AutomationPilot,"",0,0.85,0,"BANDIT-02",False,True,True
81.390000000004733,"VIPER-02","VIPER-02",Friendly,Wingman,Active,Engage,MissionAI,"VIPER-01",1,0.85,0,"BANDIT-02",False,True,True
81.390000000004733,"VIPER-03","VIPER-03",Friendly,Wingman,Active,Engage,MissionAI,"VIPER-01",2,0.85,0,"BANDIT-02",False,True,True
81.390000000004733,"BANDIT-01","BANDIT-01",Hostile,Patrol,Active,Evade,MissionAI,"",0,0.45,0,"VIPER-03",False,False,True
81.390000000004733,"BANDIT-02","BANDIT-02",Hostile,Patrol,Active,Evade,MissionAI,"",0,0.45,0,"VIPER-03",False,False,True
81.390000000004733,"BANDIT-03","BANDIT-03",Hostile,Patrol,Active,Engage,MissionAI,"",0,0.45,0,"VIPER-03",False,False,True
81.390000000004733,"BANDIT-04","BANDIT-04",Hostile,Patrol,Active,Engage,MissionAI,"",0,0.45,0,"VIPER-03",False,False,True
81.590000000004835,"VIPER-01","VIPER-01",Friendly,Player,Active,Engage,AutomationPilot,"",0,0.85,0,"BANDIT-02",False,True,True
81.590000000004835,"VIPER-02","VIPER-02",Friendly,Wingman,Active,Engage,MissionAI,"VIPER-01",1,0.85,0,"BANDIT-02",False,True,True
81.590000000004835,"VIPER-03","VIPER-03",Friendly,Wingman,Active,Engage,MissionAI,"VIPER-01",2,0.85,0,"BANDIT-02",False,True,True
81.590000000004835,"BANDIT-01","BANDIT-01",Hostile,Patrol,Active,Evade,MissionAI,"",0,0.45,0,"VIPER-03",False,False,True
81.590000000004835,"BANDIT-02","BANDIT-02",Hostile,Patrol,Active,Evade,MissionAI,"",0,0.45,0,"VIPER-03",False,False,True
81.590000000004835,"BANDIT-03","BANDIT-03",Hostile,Patrol,Active,Engage,MissionAI,"",0,0.45,0,"VIPER-03",False,False,True
81.590000000004835,"BANDIT-04","BANDIT-04",Hostile,Patrol,Active,Engage,MissionAI,"",0,0.45,0,"VIPER-03",False,False,True
81.790000000004937,"VIPER-01","VIPER-01",Friendly,Player,Active,Engage,AutomationPilot,"",0,0.85,0,"BANDIT-02",False,True,True
81.790000000004937,"VIPER-02","VIPER-02",Friendly,Wingman,Active,Engage,MissionAI,"VIPER-01",1,0.85,0,"BANDIT-02",False,True,True
81.790000000004937,"VIPER-03","VIPER-03",Friendly,Wingman,Active,Engage,MissionAI,"VIPER-01",2,0.85,0,"BANDIT-02",False,True,True
81.790000000004937,"BANDIT-01","BANDIT-01",Hostile,Patrol,Active,Evade,MissionAI,"",0,0.45,0,"VIPER-03",False,False,True
81.790000000004937,"BANDIT-02","BANDIT-02",Hostile,Patrol,Active,Evade,MissionAI,"",0,0.45,0,"VIPER-03",False,False,True
81.790000000004937,"BANDIT-03","BANDIT-03",Hostile,Patrol,Active,Engage,MissionAI,"",0,0.45,0,"VIPER-03",False,False,True
81.790000000004937,"BANDIT-04","BANDIT-04",Hostile,Patrol,Active,Engage,MissionAI,"",0,0.45,0,"VIPER-03",False,False,True
81.99000000000504,"VIPER-01","VIPER-01",Friendly,Player,Active,Engage,AutomationPilot,"",0,0.85,0,"BANDIT-02",False,True,True
81.99000000000504,"VIPER-02","VIPER-02",Friendly,Wingman,Active,Engage,MissionAI,"VIPER-01",1,0.85,0,"BANDIT-02",False,True,True
81.99000000000504,"VIPER-03","VIPER-03",Friendly,Wingman,Active,Engage,MissionAI,"VIPER-01",2,0.85,0,"BANDIT-02",False,True,True
81.99000000000504,"BANDIT-01","BANDIT-01",Hostile,Patrol,Active,Evade,MissionAI,"",0,0.45,0,"VIPER-03",False,False,True
81.99000000000504,"BANDIT-02","BANDIT-02",Hostile,Patrol,Active,Evade,MissionAI,"",0,0.45,0,"VIPER-03",False,False,True
81.99000000000504,"BANDIT-03","BANDIT-03",Hostile,Patrol,Active,Engage,MissionAI,"",0,0.45,0,"VIPER-03",False,False,True
81.99000000000504,"BANDIT-04","BANDIT-04",Hostile,Patrol,Active,Engage,MissionAI,"",0,0.45,0,"VIPER-03",False,False,True
82.190000000005142,"VIPER-01","VIPER-01",Friendly,Player,Active,Engage,AutomationPilot,"",0,0.85,0,"BANDIT-02",False,True,True
82.190000000005142,"VIPER-02","VIPER-02",Friendly,Wingman,Active,Engage,MissionAI,"VIPER-01",1,0.85,0,"BANDIT-02",False,True,True
82.190000000005142,"VIPER-03","VIPER-03",Friendly,Wingman,Active,Engage,MissionAI,"VIPER-01",2,0.85,0,"BANDIT-02",False,True,True
82.190000000005142,"BANDIT-01","BANDIT-01",Hostile,Patrol,Active,Evade,MissionAI,"",0,0.45,0,"VIPER-03",False,False,True
82.190000000005142,"BANDIT-02","BANDIT-02",Hostile,Patrol,Active,Evade,MissionAI,"",0,0.45,0,"VIPER-03",False,False,True
82.190000000005142,"BANDIT-03","BANDIT-03",Hostile,Patrol,Active,Engage,MissionAI,"",0,0.45,0,"VIPER-03",False,False,True
82.190000000005142,"BANDIT-04","BANDIT-04",Hostile,Patrol,Active,Engage,MissionAI,"",0,0.45,0,"VIPER-03",False,False,True
82.390000000005244,"VIPER-01","VIPER-01",Friendly,Player,Active,Engage,AutomationPilot,"",0,0.85,0,"BANDIT-02",False,True,True
82.390000000005244,"VIPER-02","VIPER-02",Friendly,Wingman,Active,Engage,MissionAI,"VIPER-01",1,0.85,0,"BANDIT-02",False,True,True
82.390000000005244,"VIPER-03","VIPER-03",Friendly,Wingman,Active,Engage,MissionAI,"VIPER-01",2,0.85,0,"BANDIT-02",False,True,True
82.390000000005244,"BANDIT-01","BANDIT-01",Hostile,Patrol,Active,Evade,MissionAI,"",0,0.45,0,"VIPER-03",False,False,True
82.390000000005244,"BANDIT-02","BANDIT-02",Hostile,Patrol,Active,Evade,MissionAI,"",0,0.45,0,"VIPER-03",False,False,True
82.390000000005244,"BANDIT-03","BANDIT-03",Hostile,Patrol,Active,Engage,MissionAI,"",0,0.45,0,"VIPER-03",False,False,True
82.390000000005244,"BANDIT-04","BANDIT-04",Hostile,Patrol,Active,Engage,MissionAI,"",0,0.45,0,"VIPER-03",False,False,True
82.590000000005347,"VIPER-01","VIPER-01",Friendly,Player,Active,Engage,AutomationPilot,"",0,0.85,0,"BANDIT-02",False,True,True
82.590000000005347,"VIPER-02","VIPER-02",Friendly,Wingman,Active,Engage,MissionAI,"VIPER-01",1,0.85,0,"BANDIT-02",False,True,True
82.590000000005347,"VIPER-03","VIPER-03",Friendly,Wingman,Active,Engage,MissionAI,"VIPER-01",2,0.85,0,"BANDIT-02",False,True,True
82.590000000005347,"BANDIT-01","BANDIT-01",Hostile,Patrol,Active,Evade,MissionAI,"",0,0.45,0,"VIPER-03",False,False,True
82.590000000005347,"BANDIT-02","BANDIT-02",Hostile,Patrol,Active,Evade,MissionAI,"",0,0.45,0,"VIPER-03",False,False,True
82.590000000005347,"BANDIT-03","BANDIT-03",Hostile,Patrol,Active,Engage,MissionAI,"",0,0.45,0,"VIPER-03",False,False,True
82.590000000005347,"BANDIT-04","BANDIT-04",Hostile,Patrol,Active,Engage,MissionAI,"",0,0.45,0,"VIPER-03",False,False,True
82.790000000005449,"VIPER-01","VIPER-01",Friendly,Player,Active,Engage,AutomationPilot,"",0,0.85,0,"BANDIT-02",False,True,True
82.790000000005449,"VIPER-02","VIPER-02",Friendly,Wingman,Active,Engage,MissionAI,"VIPER-01",1,0.85,0,"BANDIT-02",False,True,True
82.790000000005449,"VIPER-03","VIPER-03",Friendly,Wingman,Active,Engage,MissionAI,"VIPER-01",2,0.85,0,"BANDIT-02",False,True,True
82.790000000005449,"BANDIT-01","BANDIT-01",Hostile,Patrol,Active,Evade,MissionAI,"",0,0.45,0,"VIPER-03",False,False,True
82.790000000005449,"BANDIT-02","BANDIT-02",Hostile,Patrol,Active,Evade,MissionAI,"",0,0.45,0,"VIPER-03",False,False,True
82.790000000005449,"BANDIT-03","BANDIT-03",Hostile,Patrol,Active,Engage,MissionAI,"",0,0.45,0,"VIPER-03",False,False,True
82.790000000005449,"BANDIT-04","BANDIT-04",Hostile,Patrol,Active,Engage,MissionAI,"",0,0.45,0,"VIPER-03",False,False,True
82.990000000005551,"VIPER-01","VIPER-01",Friendly,Player,Active,Engage,AutomationPilot,"",0,0.85,0,"BANDIT-02",False,True,True
82.990000000005551,"VIPER-02","VIPER-02",Friendly,Wingman,Active,Engage,MissionAI,"VIPER-01",1,0.85,0,"BANDIT-02",False,True,True
82.990000000005551,"VIPER-03","VIPER-03",Friendly,Wingman,Active,Engage,MissionAI,"VIPER-01",2,0.85,0,"BANDIT-02",False,True,True
82.990000000005551,"BANDIT-01","BANDIT-01",Hostile,Patrol,Active,Evade,MissionAI,"",0,0.45,0,"VIPER-03",False,False,True
82.990000000005551,"BANDIT-02","BANDIT-02",Hostile,Patrol,Active,Evade,MissionAI,"",0,0.45,0,"VIPER-03",False,False,True
82.990000000005551,"BANDIT-03","BANDIT-03",Hostile,Patrol,Active,Engage,MissionAI,"",0,0.45,0,"VIPER-03",False,False,True
82.990000000005551,"BANDIT-04","BANDIT-04",Hostile,Patrol,Active,Engage,MissionAI,"",0,0.45,0,"VIPER-03",False,False,True
83.190000000005654,"VIPER-01","VIPER-01",Friendly,Player,Active,Engage,AutomationPilot,"",0,0.85,0,"BANDIT-02",False,True,True
83.190000000005654,"VIPER-02","VIPER-02",Friendly,Wingman,Active,Engage,MissionAI,"VIPER-01",1,0.85,0,"BANDIT-02",False,True,True
83.190000000005654,"VIPER-03","VIPER-03",Friendly,Wingman,Active,Engage,MissionAI,"VIPER-01",2,0.85,0,"BANDIT-02",False,True,True
83.190000000005654,"BANDIT-01","BANDIT-01",Hostile,Patrol,Active,Evade,MissionAI,"",0,0.45,0,"VIPER-03",False,False,True
83.190000000005654,"BANDIT-02","BANDIT-02",Hostile,Patrol,Active,Evade,MissionAI,"",0,0.45,0,"VIPER-03",False,False,True
83.190000000005654,"BANDIT-03","BANDIT-03",Hostile,Patrol,Active,Engage,MissionAI,"",0,0.45,0,"VIPER-03",False,False,True
83.190000000005654,"BANDIT-04","BANDIT-04",Hostile,Patrol,Active,Engage,MissionAI,"",0,0.45,0,"VIPER-03",False,False,True
83.390000000005756,"VIPER-01","VIPER-01",Friendly,Player,Active,Engage,AutomationPilot,"",0,0.85,0,"BANDIT-02",False,True,True
83.390000000005756,"VIPER-02","VIPER-02",Friendly,Wingman,Active,Engage,MissionAI,"VIPER-01",1,0.85,0,"BANDIT-02",False,True,True
83.390000000005756,"VIPER-03","VIPER-03",Friendly,Wingman,Active,Engage,MissionAI,"VIPER-01",2,0.85,0,"BANDIT-02",False,True,True
83.390000000005756,"BANDIT-01","BANDIT-01",Hostile,Patrol,Active,Evade,MissionAI,"",0,0.45,0,"VIPER-03",False,False,True
83.390000000005756,"BANDIT-02","BANDIT-02",Hostile,Patrol,Active,Evade,MissionAI,"",0,0.45,0,"VIPER-03",False,False,True
83.390000000005756,"BANDIT-03","BANDIT-03",Hostile,Patrol,Active,Engage,MissionAI,"",0,0.45,0,"VIPER-03",False,False,True
83.390000000005756,"BANDIT-04","BANDIT-04",Hostile,Patrol,Active,Engage,MissionAI,"",0,0.45,0,"VIPER-03",False,False,True
83.590000000005858,"VIPER-01","VIPER-01",Friendly,Player,Active,Engage,AutomationPilot,"",0,0.85,0,"BANDIT-02",False,True,True
83.590000000005858,"VIPER-02","VIPER-02",Friendly,Wingman,Active,Engage,MissionAI,"VIPER-01",1,0.85,0,"BANDIT-02",False,True,True
83.590000000005858,"VIPER-03","VIPER-03",Friendly,Wingman,Active,Engage,MissionAI,"VIPER-01",2,0.85,0,"BANDIT-02",False,True,True
83.590000000005858,"BANDIT-01","BANDIT-01",Hostile,Patrol,Active,Evade,MissionAI,"",0,0.45,0,"VIPER-03",False,False,True
83.590000000005858,"BANDIT-02","BANDIT-02",Hostile,Patrol,Active,Evade,MissionAI,"",0,0.45,0,"VIPER-03",False,False,True
83.590000000005858,"BANDIT-03","BANDIT-03",Hostile,Patrol,Active,Engage,MissionAI,"",0,0.45,0,"VIPER-03",False,False,True
83.590000000005858,"BANDIT-04","BANDIT-04",Hostile,Patrol,Active,Engage,MissionAI,"",0,0.45,0,"VIPER-03",False,False,True
83.790000000005961,"VIPER-01","VIPER-01",Friendly,Player,Active,Engage,AutomationPilot,"",0,0.85,0,"BANDIT-02",False,True,True
83.790000000005961,"VIPER-02","VIPER-02",Friendly,Wingman,Active,Engage,MissionAI,"VIPER-01",1,0.85,0,"BANDIT-02",False,True,True
83.790000000005961,"VIPER-03","VIPER-03",Friendly,Wingman,Active,Engage,MissionAI,"VIPER-01",2,0.85,0,"BANDIT-02",False,True,True
83.790000000005961,"BANDIT-01","BANDIT-01",Hostile,Patrol,Active,Evade,MissionAI,"",0,0.45,0,"VIPER-03",False,False,True
83.790000000005961,"BANDIT-02","BANDIT-02",Hostile,Patrol,Active,Evade,MissionAI,"",0,0.45,0,"VIPER-03",False,False,True
83.790000000005961,"BANDIT-03","BANDIT-03",Hostile,Patrol,Active,Engage,MissionAI,"",0,0.45,0,"VIPER-03",False,False,True
83.790000000005961,"BANDIT-04","BANDIT-04",Hostile,Patrol,Active,Engage,MissionAI,"",0,0.45,0,"VIPER-03",False,False,True
83.990000000006063,"VIPER-01","VIPER-01",Friendly,Player,Active,Engage,AutomationPilot,"",0,0.85,0,"BANDIT-02",False,True,True
83.990000000006063,"VIPER-02","VIPER-02",Friendly,Wingman,Active,Engage,MissionAI,"VIPER-01",1,0.85,0,"BANDIT-02",False,True,True
83.990000000006063,"VIPER-03","VIPER-03",Friendly,Wingman,Active,Engage,MissionAI,"VIPER-01",2,0.85,0,"BANDIT-02",False,True,True
83.990000000006063,"BANDIT-01","BANDIT-01",Hostile,Patrol,Active,Evade,MissionAI,"",0,0.45,0,"VIPER-03",False,False,True
83.990000000006063,"BANDIT-02","BANDIT-02",Hostile,Patrol,Active,Evade,MissionAI,"",0,0.45,0,"VIPER-03",False,False,True
83.990000000006063,"BANDIT-03","BANDIT-03",Hostile,Patrol,Active,Engage,MissionAI,"",0,0.45,0,"VIPER-03",False,False,True
83.990000000006063,"BANDIT-04","BANDIT-04",Hostile,Patrol,Active,Engage,MissionAI,"",0,0.45,0,"VIPER-03",False,False,True
84.190000000006165,"VIPER-01","VIPER-01",Friendly,Player,Active,Engage,AutomationPilot,"",0,0.85,0,"BANDIT-02",False,True,True
84.190000000006165,"VIPER-02","VIPER-02",Friendly,Wingman,Active,Engage,MissionAI,"VIPER-01",1,0.85,0,"BANDIT-02",False,True,True
84.190000000006165,"VIPER-03","VIPER-03",Friendly,Wingman,Active,Engage,MissionAI,"VIPER-01",2,0.85,0,"BANDIT-02",False,True,True
84.190000000006165,"BANDIT-01","BANDIT-01",Hostile,Patrol,Active,Evade,MissionAI,"",0,0.45,0,"VIPER-03",False,False,True
84.190000000006165,"BANDIT-02","BANDIT-02",Hostile,Patrol,Active,Evade,MissionAI,"",0,0.45,0,"VIPER-03",False,False,True
84.190000000006165,"BANDIT-03","BANDIT-03",Hostile,Patrol,Active,Engage,MissionAI,"",0,0.45,0,"VIPER-03",False,False,True
84.190000000006165,"BANDIT-04","BANDIT-04",Hostile,Patrol,Active,Engage,MissionAI,"",0,0.45,0,"VIPER-03",False,False,True
84.390000000006268,"VIPER-01","VIPER-01",Friendly,Player,Active,Engage,AutomationPilot,"",0,0.85,0,"BANDIT-02",False,True,True
84.390000000006268,"VIPER-02","VIPER-02",Friendly,Wingman,Active,Engage,MissionAI,"VIPER-01",1,0.85,0,"BANDIT-02",False,True,True
84.390000000006268,"VIPER-03","VIPER-03",Friendly,Wingman,Active,Engage,MissionAI,"VIPER-01",2,0.85,0,"BANDIT-02",False,True,True
84.390000000006268,"BANDIT-01","BANDIT-01",Hostile,Patrol,Active,Evade,MissionAI,"",0,0.45,0,"VIPER-03",False,False,True
84.390000000006268,"BANDIT-02","BANDIT-02",Hostile,Patrol,Active,Evade,MissionAI,"",0,0.45,0,"VIPER-03",False,False,True
84.390000000006268,"BANDIT-03","BANDIT-03",Hostile,Patrol,Active,Engage,MissionAI,"",0,0.45,0,"VIPER-03",False,False,True
84.390000000006268,"BANDIT-04","BANDIT-04",Hostile,Patrol,Active,Engage,MissionAI,"",0,0.45,0,"VIPER-03",False,False,True
84.59000000000637,"VIPER-01","VIPER-01",Friendly,Player,Active,Engage,AutomationPilot,"",0,0.85,0,"BANDIT-02",False,True,True
84.59000000000637,"VIPER-02","VIPER-02",Friendly,Wingman,Active,Engage,MissionAI,"VIPER-01",1,0.85,0,"BANDIT-02",False,True,True
84.59000000000637,"VIPER-03","VIPER-03",Friendly,Wingman,Active,Engage,MissionAI,"VIPER-01",2,0.85,0,"BANDIT-02",False,True,True
84.59000000000637,"BANDIT-01","BANDIT-01",Hostile,Patrol,Active,Evade,MissionAI,"",0,0.45,0,"VIPER-03",False,False,True
84.59000000000637,"BANDIT-02","BANDIT-02",Hostile,Patrol,Active,Evade,MissionAI,"",0,0.45,0,"VIPER-03",False,False,True
84.59000000000637,"BANDIT-03","BANDIT-03",Hostile,Patrol,Active,Engage,MissionAI,"",0,0.45,0,"VIPER-03",False,False,True
84.59000000000637,"BANDIT-04","BANDIT-04",Hostile,Patrol,Active,Engage,MissionAI,"",0,0.45,0,"VIPER-03",False,False,True
84.790000000006472,"VIPER-01","VIPER-01",Friendly,Player,Active,Engage,AutomationPilot,"",0,0.85,0,"BANDIT-02",False,True,True
84.790000000006472,"VIPER-02","VIPER-02",Friendly,Wingman,Active,Engage,MissionAI,"VIPER-01",1,0.85,0,"BANDIT-02",False,True,True
84.790000000006472,"VIPER-03","VIPER-03",Friendly,Wingman,Active,Engage,MissionAI,"VIPER-01",2,0.85,0,"BANDIT-02",False,True,True
84.790000000006472,"BANDIT-01","BANDIT-01",Hostile,Patrol,Active,Evade,MissionAI,"",0,0.45,0,"VIPER-03",False,False,True
84.790000000006472,"BANDIT-02","BANDIT-02",Hostile,Patrol,Active,Evade,MissionAI,"",0,0.45,0,"VIPER-03",False,False,True
84.790000000006472,"BANDIT-03","BANDIT-03",Hostile,Patrol,Active,Engage,MissionAI,"",0,0.45,0,"VIPER-03",False,False,True
84.790000000006472,"BANDIT-04","BANDIT-04",Hostile,Patrol,Active,Engage,MissionAI,"",0,0.45,0,"VIPER-03",False,False,True
84.990000000006575,"VIPER-01","VIPER-01",Friendly,Player,Active,Engage,AutomationPilot,"",0,0.85,0,"BANDIT-02",False,True,True
84.990000000006575,"VIPER-02","VIPER-02",Friendly,Wingman,Active,Engage,MissionAI,"VIPER-01",1,0.85,0,"BANDIT-02",False,True,True
84.990000000006575,"VIPER-03","VIPER-03",Friendly,Wingman,Active,Engage,MissionAI,"VIPER-01",2,0.85,0,"BANDIT-02",False,True,True
84.990000000006575,"BANDIT-01","BANDIT-01",Hostile,Patrol,Active,Evade,MissionAI,"",0,0.45,0,"VIPER-03",False,False,True
84.990000000006575,"BANDIT-02","BANDIT-02",Hostile,Patrol,Active,Evade,MissionAI,"",0,0.45,0,"VIPER-03",False,False,True
84.990000000006575,"BANDIT-03","BANDIT-03",Hostile,Patrol,Active,Engage,MissionAI,"",0,0.45,0,"VIPER-03",False,False,True
84.990000000006575,"BANDIT-04","BANDIT-04",Hostile,Patrol,Active,Engage,MissionAI,"",0,0.45,0,"VIPER-03",False,False,True
85.190000000006677,"VIPER-01","VIPER-01",Friendly,Player,Active,Engage,AutomationPilot,"",0,0.85,0,"BANDIT-02",False,True,True
85.190000000006677,"VIPER-02","VIPER-02",Friendly,Wingman,Active,Engage,MissionAI,"VIPER-01",1,0.85,0,"BANDIT-02",False,True,True
85.190000000006677,"VIPER-03","VIPER-03",Friendly,Wingman,Active,Engage,MissionAI,"VIPER-01",2,0.85,0,"BANDIT-02",False,True,True
85.190000000006677,"BANDIT-01","BANDIT-01",Hostile,Patrol,Active,Evade,MissionAI,"",0,0.45,0,"VIPER-03",False,False,True
85.190000000006677,"BANDIT-02","BANDIT-02",Hostile,Patrol,Active,Evade,MissionAI,"",0,0.45,0,"VIPER-03",False,False,True
85.190000000006677,"BANDIT-03","BANDIT-03",Hostile,Patrol,Active,Engage,MissionAI,"",0,0.45,0,"VIPER-03",False,False,True
85.190000000006677,"BANDIT-04","BANDIT-04",Hostile,Patrol,Active,Engage,MissionAI,"",0,0.45,0,"VIPER-03",False,False,True
85.390000000006779,"VIPER-01","VIPER-01",Friendly,Player,Active,Engage,AutomationPilot,"",0,0.85,0,"BANDIT-02",False,True,True
85.390000000006779,"VIPER-02","VIPER-02",Friendly,Wingman,Active,Engage,MissionAI,"VIPER-01",1,0.85,0,"BANDIT-02",False,True,True
85.390000000006779,"VIPER-03","VIPER-03",Friendly,Wingman,Active,Engage,MissionAI,"VIPER-01",2,0.85,0,"BANDIT-02",False,True,True
85.390000000006779,"BANDIT-01","BANDIT-01",Hostile,Patrol,Active,Evade,MissionAI,"",0,0.45,0,"VIPER-03",False,False,True
85.390000000006779,"BANDIT-02","BANDIT-02",Hostile,Patrol,Active,Evade,MissionAI,"",0,0.45,0,"VIPER-03",False,False,True
85.390000000006779,"BANDIT-03","BANDIT-03",Hostile,Patrol,Active,Engage,MissionAI,"",0,0.45,0,"VIPER-03",False,False,True
85.390000000006779,"BANDIT-04","BANDIT-04",Hostile,Patrol,Active,Engage,MissionAI,"",0,0.45,0,"VIPER-03",False,False,True
85.590000000006881,"VIPER-01","VIPER-01",Friendly,Player,Active,Engage,AutomationPilot,"",0,0.85,0,"BANDIT-02",False,True,True
85.590000000006881,"VIPER-02","VIPER-02",Friendly,Wingman,Active,Engage,MissionAI,"VIPER-01",1,0.85,0,"BANDIT-02",False,True,True
85.590000000006881,"VIPER-03","VIPER-03",Friendly,Wingman,Active,Engage,MissionAI,"VIPER-01",2,0.85,0,"BANDIT-02",False,True,True
85.590000000006881,"BANDIT-01","BANDIT-01",Hostile,Patrol,Active,Evade,MissionAI,"",0,0.45,0,"VIPER-03",False,False,True
85.590000000006881,"BANDIT-02","BANDIT-02",Hostile,Patrol,Active,Evade,MissionAI,"",0,0.45,0,"VIPER-03",False,False,True
85.590000000006881,"BANDIT-03","BANDIT-03",Hostile,Patrol,Active,Engage,MissionAI,"",0,0.45,0,"VIPER-03",False,False,True
85.590000000006881,"BANDIT-04","BANDIT-04",Hostile,Patrol,Active,Engage,MissionAI,"",0,0.45,0,"VIPER-03",False,False,True
85.790000000006984,"VIPER-01","VIPER-01",Friendly,Player,Active,Engage,AutomationPilot,"",0,0.85,0,"BANDIT-02",False,True,True
85.790000000006984,"VIPER-02","VIPER-02",Friendly,Wingman,Active,Engage,MissionAI,"VIPER-01",1,0.85,0,"BANDIT-02",False,True,True
85.790000000006984,"VIPER-03","VIPER-03",Friendly,Wingman,Active,Engage,MissionAI,"VIPER-01",2,0.85,0,"BANDIT-02",False,True,True
85.790000000006984,"BANDIT-01","BANDIT-01",Hostile,Patrol,Active,Evade,MissionAI,"",0,0.45,0,"VIPER-03",False,False,True
85.790000000006984,"BANDIT-02","BANDIT-02",Hostile,Patrol,Active,Evade,MissionAI,"",0,0.45,0,"VIPER-03",False,False,True
85.790000000006984,"BANDIT-03","BANDIT-03",Hostile,Patrol,Active,Engage,MissionAI,"",0,0.45,0,"VIPER-03",False,False,True
85.790000000006984,"BANDIT-04","BANDIT-04",Hostile,Patrol,Active,Engage,MissionAI,"",0,0.45,0,"VIPER-03",False,False,True
85.990000000007086,"VIPER-01","VIPER-01",Friendly,Player,Active,Engage,AutomationPilot,"",0,0.85,0,"BANDIT-02",False,True,True
85.990000000007086,"VIPER-02","VIPER-02",Friendly,Wingman,Active,Engage,MissionAI,"VIPER-01",1,0.85,0,"BANDIT-02",False,True,True
85.990000000007086,"VIPER-03","VIPER-03",Friendly,Wingman,Active,Engage,MissionAI,"VIPER-01",2,0.85,0,"BANDIT-02",False,True,True
85.990000000007086,"BANDIT-01","BANDIT-01",Hostile,Patrol,Active,Evade,MissionAI,"",0,0.45,0,"VIPER-03",False,False,True
85.990000000007086,"BANDIT-02","BANDIT-02",Hostile,Patrol,Active,Evade,MissionAI,"",0,0.45,0,"VIPER-03",False,False,True
85.990000000007086,"BANDIT-03","BANDIT-03",Hostile,Patrol,Active,Engage,MissionAI,"",0,0.45,0,"VIPER-03",False,False,True
85.990000000007086,"BANDIT-04","BANDIT-04",Hostile,Patrol,Active,Engage,MissionAI,"",0,0.45,0,"VIPER-03",False,False,True
86.190000000007188,"VIPER-01","VIPER-01",Friendly,Player,Active,Engage,AutomationPilot,"",0,0.85,0,"BANDIT-02",False,True,True
86.190000000007188,"VIPER-02","VIPER-02",Friendly,Wingman,Active,Engage,MissionAI,"VIPER-01",1,0.85,0,"BANDIT-02",False,True,True
86.190000000007188,"VIPER-03","VIPER-03",Friendly,Wingman,Active,Engage,MissionAI,"VIPER-01",2,0.85,0,"BANDIT-02",False,True,True
86.190000000007188,"BANDIT-01","BANDIT-01",Hostile,Patrol,Active,Evade,MissionAI,"",0,0.45,0,"VIPER-03",False,False,True
86.190000000007188,"BANDIT-02","BANDIT-02",Hostile,Patrol,Active,Evade,MissionAI,"",0,0.45,0,"VIPER-03",False,False,True
86.190000000007188,"BANDIT-03","BANDIT-03",Hostile,Patrol,Active,Engage,MissionAI,"",0,0.45,0,"VIPER-03",False,False,True
86.190000000007188,"BANDIT-04","BANDIT-04",Hostile,Patrol,Active,Engage,MissionAI,"",0,0.45,0,"VIPER-03",False,False,True
86.390000000007291,"VIPER-01","VIPER-01",Friendly,Player,Active,Engage,AutomationPilot,"",0,0.85,0,"BANDIT-02",False,True,True
86.390000000007291,"VIPER-02","VIPER-02",Friendly,Wingman,Active,Engage,MissionAI,"VIPER-01",1,0.85,0,"BANDIT-02",False,True,True
86.390000000007291,"VIPER-03","VIPER-03",Friendly,Wingman,Active,Engage,MissionAI,"VIPER-01",2,0.85,0,"BANDIT-02",False,True,True
86.390000000007291,"BANDIT-01","BANDIT-01",Hostile,Patrol,Active,Evade,MissionAI,"",0,0.45,0,"VIPER-03",False,False,True
86.390000000007291,"BANDIT-02","BANDIT-02",Hostile,Patrol,Active,Evade,MissionAI,"",0,0.45,0,"VIPER-03",False,False,True
86.390000000007291,"BANDIT-03","BANDIT-03",Hostile,Patrol,Active,Engage,MissionAI,"",0,0.45,0,"VIPER-03",False,False,True
86.390000000007291,"BANDIT-04","BANDIT-04",Hostile,Patrol,Active,Engage,MissionAI,"",0,0.45,0,"VIPER-03",False,False,True
86.5900000000074,"VIPER-01","VIPER-01",Friendly,Player,Active,Engage,AutomationPilot,"",0,0.85,0,"BANDIT-02",False,True,True
86.5900000000074,"VIPER-02","VIPER-02",Friendly,Wingman,Active,Engage,MissionAI,"VIPER-01",1,0.85,0,"BANDIT-02",False,True,True
86.5900000000074,"VIPER-03","VIPER-03",Friendly,Wingman,Active,Engage,MissionAI,"VIPER-01",2,0.85,0,"BANDIT-02",False,True,True
86.5900000000074,"BANDIT-01","BANDIT-01",Hostile,Patrol,Active,Evade,MissionAI,"",0,0.45,0,"VIPER-03",False,False,True
86.5900000000074,"BANDIT-02","BANDIT-02",Hostile,Patrol,Active,Evade,MissionAI,"",0,0.45,0,"VIPER-03",False,False,True
86.5900000000074,"BANDIT-03","BANDIT-03",Hostile,Patrol,Active,Engage,MissionAI,"",0,0.45,0,"VIPER-03",False,False,True
86.5900000000074,"BANDIT-04","BANDIT-04",Hostile,Patrol,Active,Engage,MissionAI,"",0,0.45,0,"VIPER-03",False,False,True
86.7900000000075,"VIPER-01","VIPER-01",Friendly,Player,Active,Engage,AutomationPilot,"",0,0.85,0,"BANDIT-02",False,True,True
86.7900000000075,"VIPER-02","VIPER-02",Friendly,Wingman,Active,Engage,MissionAI,"VIPER-01",1,0.85,0,"BANDIT-02",False,True,True
86.7900000000075,"VIPER-03","VIPER-03",Friendly,Wingman,Active,Engage,MissionAI,"VIPER-01",2,0.85,0,"BANDIT-02",False,True,True
86.7900000000075,"BANDIT-01","BANDIT-01",Hostile,Patrol,Active,Evade,MissionAI,"",0,0.45,0,"VIPER-03",False,False,True
86.7900000000075,"BANDIT-02","BANDIT-02",Hostile,Patrol,Active,Evade,MissionAI,"",0,0.45,0,"VIPER-03",False,False,True
86.7900000000075,"BANDIT-03","BANDIT-03",Hostile,Patrol,Active,Engage,MissionAI,"",0,0.45,0,"VIPER-03",False,False,True
86.7900000000075,"BANDIT-04","BANDIT-04",Hostile,Patrol,Active,Engage,MissionAI,"",0,0.45,0,"VIPER-03",False,False,True
86.9900000000076,"VIPER-01","VIPER-01",Friendly,Player,Active,Engage,AutomationPilot,"",0,0.85,0,"BANDIT-02",False,True,True
86.9900000000076,"VIPER-02","VIPER-02",Friendly,Wingman,Active,Engage,MissionAI,"VIPER-01",1,0.85,0,"BANDIT-02",False,True,True
86.9900000000076,"VIPER-03","VIPER-03",Friendly,Wingman,Active,Engage,MissionAI,"VIPER-01",2,0.85,0,"BANDIT-02",False,True,True
86.9900000000076,"BANDIT-01","BANDIT-01",Hostile,Patrol,Active,Evade,MissionAI,"",0,0.45,0,"VIPER-03",False,False,True
86.9900000000076,"BANDIT-02","BANDIT-02",Hostile,Patrol,Active,Evade,MissionAI,"",0,0.45,0,"VIPER-03",False,False,True
86.9900000000076,"BANDIT-03","BANDIT-03",Hostile,Patrol,Active,Engage,MissionAI,"",0,0.45,0,"VIPER-03",False,False,True
86.9900000000076,"BANDIT-04","BANDIT-04",Hostile,Patrol,Active,Engage,MissionAI,"",0,0.45,0,"VIPER-03",False,False,True
87.1900000000077,"VIPER-01","VIPER-01",Friendly,Player,Active,Engage,AutomationPilot,"",0,0.85,0,"BANDIT-02",False,True,True
87.1900000000077,"VIPER-02","VIPER-02",Friendly,Wingman,Active,Engage,MissionAI,"VIPER-01",1,0.85,0,"BANDIT-02",False,True,True
87.1900000000077,"VIPER-03","VIPER-03",Friendly,Wingman,Active,Engage,MissionAI,"VIPER-01",2,0.85,0,"BANDIT-02",False,True,True
87.1900000000077,"BANDIT-01","BANDIT-01",Hostile,Patrol,Active,Evade,MissionAI,"",0,0.45,0,"VIPER-03",False,False,True
87.1900000000077,"BANDIT-02","BANDIT-02",Hostile,Patrol,Active,Evade,MissionAI,"",0,0.45,0,"VIPER-03",False,False,True
87.1900000000077,"BANDIT-03","BANDIT-03",Hostile,Patrol,Active,Engage,MissionAI,"",0,0.45,0,"VIPER-03",False,False,True
87.1900000000077,"BANDIT-04","BANDIT-04",Hostile,Patrol,Active,Engage,MissionAI,"",0,0.45,0,"VIPER-03",False,False,True
87.3900000000078,"VIPER-01","VIPER-01",Friendly,Player,Active,Engage,AutomationPilot,"",0,0.85,0,"BANDIT-02",False,True,True
87.3900000000078,"VIPER-02","VIPER-02",Friendly,Wingman,Active,Engage,MissionAI,"VIPER-01",1,0.85,0,"BANDIT-02",False,True,True
87.3900000000078,"VIPER-03","VIPER-03",Friendly,Wingman,Active,Engage,MissionAI,"VIPER-01",2,0.85,0,"BANDIT-02",False,True,True
87.3900000000078,"BANDIT-01","BANDIT-01",Hostile,Patrol,Active,Evade,MissionAI,"",0,0.45,0,"VIPER-03",False,False,True
87.3900000000078,"BANDIT-02","BANDIT-02",Hostile,Patrol,Active,Evade,MissionAI,"",0,0.45,0,"VIPER-03",False,False,True
87.3900000000078,"BANDIT-03","BANDIT-03",Hostile,Patrol,Active,Engage,MissionAI,"",0,0.45,0,"VIPER-03",False,False,True
87.3900000000078,"BANDIT-04","BANDIT-04",Hostile,Patrol,Active,Engage,MissionAI,"",0,0.45,0,"VIPER-03",False,False,True
87.5900000000079,"VIPER-01","VIPER-01",Friendly,Player,Active,Engage,AutomationPilot,"",0,0.85,0,"BANDIT-02",False,True,True
87.5900000000079,"VIPER-02","VIPER-02",Friendly,Wingman,Active,Engage,MissionAI,"VIPER-01",1,0.85,0,"BANDIT-02",False,True,True
87.5900000000079,"VIPER-03","VIPER-03",Friendly,Wingman,Active,Engage,MissionAI,"VIPER-01",2,0.85,0,"BANDIT-02",False,True,True
87.5900000000079,"BANDIT-01","BANDIT-01",Hostile,Patrol,Active,Evade,MissionAI,"",0,0.45,0,"VIPER-03",False,False,True
87.5900000000079,"BANDIT-02","BANDIT-02",Hostile,Patrol,Active,Evade,MissionAI,"",0,0.45,0,"VIPER-03",False,False,True
87.5900000000079,"BANDIT-03","BANDIT-03",Hostile,Patrol,Active,Engage,MissionAI,"",0,0.45,0,"VIPER-03",False,False,True
87.5900000000079,"BANDIT-04","BANDIT-04",Hostile,Patrol,Active,Engage,MissionAI,"",0,0.45,0,"VIPER-03",False,False,True
87.790000000008,"VIPER-01","VIPER-01",Friendly,Player,Active,Engage,AutomationPilot,"",0,0.85,0,"BANDIT-02",False,True,True
87.790000000008,"VIPER-02","VIPER-02",Friendly,Wingman,Active,Engage,MissionAI,"VIPER-01",1,0.85,0,"BANDIT-02",False,True,True
87.790000000008,"VIPER-03","VIPER-03",Friendly,Wingman,Active,Engage,MissionAI,"VIPER-01",2,0.85,0,"BANDIT-02",False,True,True
87.790000000008,"BANDIT-01","BANDIT-01",Hostile,Patrol,Active,Evade,MissionAI,"",0,0.45,0,"VIPER-03",False,False,True
87.790000000008,"BANDIT-02","BANDIT-02",Hostile,Patrol,Active,Evade,MissionAI,"",0,0.45,0,"VIPER-03",False,False,True
87.790000000008,"BANDIT-03","BANDIT-03",Hostile,Patrol,Active,Engage,MissionAI,"",0,0.45,0,"VIPER-03",False,False,True
87.790000000008,"BANDIT-04","BANDIT-04",Hostile,Patrol,Active,Engage,MissionAI,"",0,0.45,0,"VIPER-03",False,False,True
87.990000000008109,"VIPER-01","VIPER-01",Friendly,Player,Active,Engage,AutomationPilot,"",0,0.85,0,"BANDIT-02",False,True,True
87.990000000008109,"VIPER-02","VIPER-02",Friendly,Wingman,Active,Engage,MissionAI,"VIPER-01",1,0.85,0,"BANDIT-02",False,True,True
87.990000000008109,"VIPER-03","VIPER-03",Friendly,Wingman,Active,Engage,MissionAI,"VIPER-01",2,0.85,0,"BANDIT-02",False,True,True
87.990000000008109,"BANDIT-01","BANDIT-01",Hostile,Patrol,Active,Evade,MissionAI,"",0,0.45,0,"VIPER-03",False,False,True
87.990000000008109,"BANDIT-02","BANDIT-02",Hostile,Patrol,Active,Evade,MissionAI,"",0,0.45,0,"VIPER-03",False,False,True
87.990000000008109,"BANDIT-03","BANDIT-03",Hostile,Patrol,Active,Engage,MissionAI,"",0,0.45,0,"VIPER-03",False,False,True
87.990000000008109,"BANDIT-04","BANDIT-04",Hostile,Patrol,Active,Engage,MissionAI,"",0,0.45,0,"VIPER-03",False,False,True
88.190000000008212,"VIPER-01","VIPER-01",Friendly,Player,Active,Engage,AutomationPilot,"",0,0.85,0,"BANDIT-02",False,True,True
88.190000000008212,"VIPER-02","VIPER-02",Friendly,Wingman,Active,Engage,MissionAI,"VIPER-01",1,0.85,0,"BANDIT-02",False,True,True
88.190000000008212,"VIPER-03","VIPER-03",Friendly,Wingman,Active,Engage,MissionAI,"VIPER-01",2,0.85,0,"BANDIT-02",False,True,True
88.190000000008212,"BANDIT-01","BANDIT-01",Hostile,Patrol,Active,Evade,MissionAI,"",0,0.45,0,"VIPER-03",False,False,True
88.190000000008212,"BANDIT-02","BANDIT-02",Hostile,Patrol,Active,Evade,MissionAI,"",0,0.45,0,"VIPER-03",False,False,True
88.190000000008212,"BANDIT-03","BANDIT-03",Hostile,Patrol,Active,Engage,MissionAI,"",0,0.45,0,"VIPER-03",False,False,True
88.190000000008212,"BANDIT-04","BANDIT-04",Hostile,Patrol,Active,Engage,MissionAI,"",0,0.45,0,"VIPER-03",False,False,True
88.390000000008314,"VIPER-01","VIPER-01",Friendly,Player,Active,Engage,AutomationPilot,"",0,0.85,0,"BANDIT-02",False,True,True
88.390000000008314,"VIPER-02","VIPER-02",Friendly,Wingman,Active,Engage,MissionAI,"VIPER-01",1,0.85,0,"BANDIT-02",False,True,True
88.390000000008314,"VIPER-03","VIPER-03",Friendly,Wingman,Active,Engage,MissionAI,"VIPER-01",2,0.85,0,"BANDIT-02",False,True,True
88.390000000008314,"BANDIT-01","BANDIT-01",Hostile,Patrol,Active,Evade,MissionAI,"",0,0.45,0,"VIPER-03",False,False,True
88.390000000008314,"BANDIT-02","BANDIT-02",Hostile,Patrol,Active,Evade,MissionAI,"",0,0.45,0,"VIPER-03",False,False,True
88.390000000008314,"BANDIT-03","BANDIT-03",Hostile,Patrol,Active,Engage,MissionAI,"",0,0.45,0,"VIPER-03",False,False,True
88.390000000008314,"BANDIT-04","BANDIT-04",Hostile,Patrol,Active,Engage,MissionAI,"",0,0.45,0,"VIPER-03",False,False,True
88.590000000008416,"VIPER-01","VIPER-01",Friendly,Player,Active,Engage,AutomationPilot,"",0,0.85,0,"BANDIT-02",False,True,True
88.590000000008416,"VIPER-02","VIPER-02",Friendly,Wingman,Active,Engage,MissionAI,"VIPER-01",1,0.85,0,"BANDIT-02",False,True,True
88.590000000008416,"VIPER-03","VIPER-03",Friendly,Wingman,Active,Engage,MissionAI,"VIPER-01",2,0.85,0,"BANDIT-02",False,True,True
88.590000000008416,"BANDIT-01","BANDIT-01",Hostile,Patrol,Active,Evade,MissionAI,"",0,0.45,0,"VIPER-03",False,False,True
88.590000000008416,"BANDIT-02","BANDIT-02",Hostile,Patrol,Active,Evade,MissionAI,"",0,0.45,0,"VIPER-03",False,False,True
88.590000000008416,"BANDIT-03","BANDIT-03",Hostile,Patrol,Active,Engage,MissionAI,"",0,0.45,0,"VIPER-03",False,False,True
88.590000000008416,"BANDIT-04","BANDIT-04",Hostile,Patrol,Active,Engage,MissionAI,"",0,0.45,0,"VIPER-03",False,False,True
88.790000000008519,"VIPER-01","VIPER-01",Friendly,Player,Active,Engage,AutomationPilot,"",0,0.85,0,"BANDIT-02",False,True,True
88.790000000008519,"VIPER-02","VIPER-02",Friendly,Wingman,Active,Engage,MissionAI,"VIPER-01",1,0.85,0,"BANDIT-02",False,True,True
88.790000000008519,"VIPER-03","VIPER-03",Friendly,Wingman,Active,Engage,MissionAI,"VIPER-01",2,0.85,0,"BANDIT-02",False,True,True
88.790000000008519,"BANDIT-01","BANDIT-01",Hostile,Patrol,Active,Evade,MissionAI,"",0,0.45,0,"VIPER-03",False,False,True
88.790000000008519,"BANDIT-02","BANDIT-02",Hostile,Patrol,Active,Evade,MissionAI,"",0,0.45,0,"VIPER-03",False,False,True
88.790000000008519,"BANDIT-03","BANDIT-03",Hostile,Patrol,Active,Engage,MissionAI,"",0,0.45,0,"VIPER-03",False,False,True
88.790000000008519,"BANDIT-04","BANDIT-04",Hostile,Patrol,Active,Engage,MissionAI,"",0,0.45,0,"VIPER-03",False,False,True
88.990000000008621,"VIPER-01","VIPER-01",Friendly,Player,Active,Engage,AutomationPilot,"",0,0.85,0,"BANDIT-02",False,True,True
88.990000000008621,"VIPER-02","VIPER-02",Friendly,Wingman,Active,Engage,MissionAI,"VIPER-01",1,0.85,0,"BANDIT-02",False,True,True
88.990000000008621,"VIPER-03","VIPER-03",Friendly,Wingman,Active,Engage,MissionAI,"VIPER-01",2,0.85,0,"BANDIT-02",False,True,True
88.990000000008621,"BANDIT-01","BANDIT-01",Hostile,Patrol,Active,Evade,MissionAI,"",0,0.45,0,"VIPER-03",False,False,True
88.990000000008621,"BANDIT-02","BANDIT-02",Hostile,Patrol,Active,Evade,MissionAI,"",0,0.45,0,"VIPER-03",False,False,True
88.990000000008621,"BANDIT-03","BANDIT-03",Hostile,Patrol,Active,Engage,MissionAI,"",0,0.45,0,"VIPER-03",False,False,True
88.990000000008621,"BANDIT-04","BANDIT-04",Hostile,Patrol,Active,Engage,MissionAI,"",0,0.45,0,"VIPER-03",False,False,True
89.190000000008723,"VIPER-01","VIPER-01",Friendly,Player,Active,Engage,AutomationPilot,"",0,0.85,0,"BANDIT-02",False,True,True
89.190000000008723,"VIPER-02","VIPER-02",Friendly,Wingman,Active,Engage,MissionAI,"VIPER-01",1,0.85,0,"BANDIT-02",False,True,True
89.190000000008723,"VIPER-03","VIPER-03",Friendly,Wingman,Active,Engage,MissionAI,"VIPER-01",2,0.85,0,"BANDIT-02",False,True,True
89.190000000008723,"BANDIT-01","BANDIT-01",Hostile,Patrol,Active,Evade,MissionAI,"",0,0.45,0,"VIPER-03",False,False,True
89.190000000008723,"BANDIT-02","BANDIT-02",Hostile,Patrol,Active,Evade,MissionAI,"",0,0.45,0,"VIPER-03",False,False,True
89.190000000008723,"BANDIT-03","BANDIT-03",Hostile,Patrol,Active,Engage,MissionAI,"",0,0.45,0,"VIPER-03",False,False,True
89.190000000008723,"BANDIT-04","BANDIT-04",Hostile,Patrol,Active,Engage,MissionAI,"",0,0.45,0,"VIPER-03",False,False,True
89.390000000008826,"VIPER-01","VIPER-01",Friendly,Player,Active,Engage,AutomationPilot,"",0,0.85,0,"BANDIT-02",False,True,True
89.390000000008826,"VIPER-02","VIPER-02",Friendly,Wingman,Active,Engage,MissionAI,"VIPER-01",1,0.85,0,"BANDIT-02",False,True,True
89.390000000008826,"VIPER-03","VIPER-03",Friendly,Wingman,Active,Engage,MissionAI,"VIPER-01",2,0.85,0,"BANDIT-02",False,True,True
89.390000000008826,"BANDIT-01","BANDIT-01",Hostile,Patrol,Active,Evade,MissionAI,"",0,0.45,0,"VIPER-03",False,False,True
89.390000000008826,"BANDIT-02","BANDIT-02",Hostile,Patrol,Active,Evade,MissionAI,"",0,0.45,0,"VIPER-03",False,False,True
89.390000000008826,"BANDIT-03","BANDIT-03",Hostile,Patrol,Active,Engage,MissionAI,"",0,0.45,0,"VIPER-03",False,False,True
89.390000000008826,"BANDIT-04","BANDIT-04",Hostile,Patrol,Active,Engage,MissionAI,"",0,0.45,0,"VIPER-03",False,False,True
89.590000000008928,"VIPER-01","VIPER-01",Friendly,Player,Active,Engage,AutomationPilot,"",0,0.85,0,"BANDIT-02",False,True,True
89.590000000008928,"VIPER-02","VIPER-02",Friendly,Wingman,Active,Engage,MissionAI,"VIPER-01",1,0.85,0,"BANDIT-02",False,True,True
89.590000000008928,"VIPER-03","VIPER-03",Friendly,Wingman,Active,Engage,MissionAI,"VIPER-01",2,0.85,0,"BANDIT-02",False,True,True
89.590000000008928,"BANDIT-01","BANDIT-01",Hostile,Patrol,Active,Evade,MissionAI,"",0,0.45,0,"VIPER-03",False,False,True
89.590000000008928,"BANDIT-02","BANDIT-02",Hostile,Patrol,Active,Evade,MissionAI,"",0,0.45,0,"VIPER-03",False,False,True
89.590000000008928,"BANDIT-03","BANDIT-03",Hostile,Patrol,Active,Engage,MissionAI,"",0,0.45,0,"VIPER-03",False,False,True
89.590000000008928,"BANDIT-04","BANDIT-04",Hostile,Patrol,Active,Engage,MissionAI,"",0,0.45,0,"VIPER-03",False,False,True
89.79000000000903,"VIPER-01","VIPER-01",Friendly,Player,Active,Engage,AutomationPilot,"",0,0.85,0,"BANDIT-02",False,True,True
89.79000000000903,"VIPER-02","VIPER-02",Friendly,Wingman,Active,Engage,MissionAI,"VIPER-01",1,0.85,0,"BANDIT-02",False,True,True
89.79000000000903,"VIPER-03","VIPER-03",Friendly,Wingman,Active,Engage,MissionAI,"VIPER-01",2,0.85,0,"BANDIT-02",False,True,True
89.79000000000903,"BANDIT-01","BANDIT-01",Hostile,Patrol,Active,Engage,MissionAI,"",0,0.45,0,"VIPER-03",False,False,True
89.79000000000903,"BANDIT-02","BANDIT-02",Hostile,Patrol,Active,Evade,MissionAI,"",0,0.45,0,"VIPER-03",False,False,True
89.79000000000903,"BANDIT-03","BANDIT-03",Hostile,Patrol,Active,Engage,MissionAI,"",0,0.45,0,"VIPER-03",False,False,True
89.79000000000903,"BANDIT-04","BANDIT-04",Hostile,Patrol,Active,Engage,MissionAI,"",0,0.45,0,"VIPER-03",False,False,True
89.990000000009132,"VIPER-01","VIPER-01",Friendly,Player,Active,Engage,AutomationPilot,"",0,0.85,0,"BANDIT-02",False,True,True
89.990000000009132,"VIPER-02","VIPER-02",Friendly,Wingman,Active,Engage,MissionAI,"VIPER-01",1,0.85,0,"BANDIT-02",False,True,True
89.990000000009132,"VIPER-03","VIPER-03",Friendly,Wingman,Active,Engage,MissionAI,"VIPER-01",2,0.85,0,"BANDIT-02",False,True,True
89.990000000009132,"BANDIT-01","BANDIT-01",Hostile,Patrol,Active,Engage,MissionAI,"",0,0.45,0,"VIPER-03",False,False,True
89.990000000009132,"BANDIT-02","BANDIT-02",Hostile,Patrol,Active,Evade,MissionAI,"",0,0.45,0,"VIPER-03",False,False,True
89.990000000009132,"BANDIT-03","BANDIT-03",Hostile,Patrol,Active,Engage,MissionAI,"",0,0.45,0,"VIPER-03",False,False,True
89.990000000009132,"BANDIT-04","BANDIT-04",Hostile,Patrol,Active,Engage,MissionAI,"",0,0.45,0,"VIPER-03",False,False,True
90.190000000009235,"VIPER-01","VIPER-01",Friendly,Player,Active,Engage,AutomationPilot,"",0,0.85,0,"BANDIT-02",False,True,True
90.190000000009235,"VIPER-02","VIPER-02",Friendly,Wingman,Active,Engage,MissionAI,"VIPER-01",1,0.85,0,"BANDIT-02",False,True,True
90.190000000009235,"VIPER-03","VIPER-03",Friendly,Wingman,Active,Engage,MissionAI,"VIPER-01",2,0.85,0,"BANDIT-02",False,True,True
90.190000000009235,"BANDIT-01","BANDIT-01",Hostile,Patrol,Active,Engage,MissionAI,"",0,0.45,0,"VIPER-03",False,False,True
90.190000000009235,"BANDIT-02","BANDIT-02",Hostile,Patrol,Active,Evade,MissionAI,"",0,0.45,0,"VIPER-03",False,False,True
90.190000000009235,"BANDIT-03","BANDIT-03",Hostile,Patrol,Active,Engage,MissionAI,"",0,0.45,0,"VIPER-03",False,False,True
90.190000000009235,"BANDIT-04","BANDIT-04",Hostile,Patrol,Active,Engage,MissionAI,"",0,0.45,0,"VIPER-03",False,False,True
90.390000000009337,"VIPER-01","VIPER-01",Friendly,Player,Active,Engage,AutomationPilot,"",0,0.85,0,"BANDIT-02",False,True,True
90.390000000009337,"VIPER-02","VIPER-02",Friendly,Wingman,Active,Engage,MissionAI,"VIPER-01",1,0.85,0,"BANDIT-02",False,True,True
90.390000000009337,"VIPER-03","VIPER-03",Friendly,Wingman,Active,Engage,MissionAI,"VIPER-01",2,0.85,0,"BANDIT-02",False,True,True
90.390000000009337,"BANDIT-01","BANDIT-01",Hostile,Patrol,Active,Engage,MissionAI,"",0,0.45,0,"VIPER-03",False,False,True
90.390000000009337,"BANDIT-02","BANDIT-02",Hostile,Patrol,Active,Evade,MissionAI,"",0,0.45,0,"VIPER-03",False,False,True
90.390000000009337,"BANDIT-03","BANDIT-03",Hostile,Patrol,Active,Engage,MissionAI,"",0,0.45,0,"VIPER-03",False,False,True
90.390000000009337,"BANDIT-04","BANDIT-04",Hostile,Patrol,Active,Engage,MissionAI,"",0,0.45,0,"VIPER-03",False,False,True
90.590000000009439,"VIPER-01","VIPER-01",Friendly,Player,Active,Engage,AutomationPilot,"",0,0.85,0,"BANDIT-03",False,True,True
90.590000000009439,"VIPER-02","VIPER-02",Friendly,Wingman,Active,Engage,MissionAI,"VIPER-01",1,0.85,0,"BANDIT-03",False,True,True
90.590000000009439,"VIPER-03","VIPER-03",Friendly,Wingman,Active,Engage,MissionAI,"VIPER-01",2,0.85,0,"BANDIT-03",False,True,True
90.590000000009439,"BANDIT-01","BANDIT-01",Hostile,Patrol,Active,Engage,MissionAI,"",0,0.45,0,"VIPER-03",False,False,True
90.590000000009439,"BANDIT-02","BANDIT-02",Hostile,Patrol,Active,Evade,MissionAI,"",0,0.45,0,"VIPER-03",False,False,True
90.590000000009439,"BANDIT-03","BANDIT-03",Hostile,Patrol,Active,Engage,MissionAI,"",0,0.45,0,"VIPER-03",False,False,True
90.590000000009439,"BANDIT-04","BANDIT-04",Hostile,Patrol,Active,Engage,MissionAI,"",0,0.45,0,"VIPER-03",False,False,True
90.790000000009542,"VIPER-01","VIPER-01",Friendly,Player,Active,Engage,AutomationPilot,"",0,0.85,0,"BANDIT-03",False,True,True
90.790000000009542,"VIPER-02","VIPER-02",Friendly,Wingman,Active,Engage,MissionAI,"VIPER-01",1,0.85,0,"BANDIT-03",False,True,True
90.790000000009542,"VIPER-03","VIPER-03",Friendly,Wingman,Active,Engage,MissionAI,"VIPER-01",2,0.85,0,"BANDIT-03",False,True,True
90.790000000009542,"BANDIT-01","BANDIT-01",Hostile,Patrol,Active,Engage,MissionAI,"",0,0.45,0,"VIPER-03",False,False,True
90.790000000009542,"BANDIT-02","BANDIT-02",Hostile,Patrol,Active,Evade,MissionAI,"",0,0.45,0,"VIPER-03",False,False,True
90.790000000009542,"BANDIT-03","BANDIT-03",Hostile,Patrol,Active,Engage,MissionAI,"",0,0.45,0,"VIPER-03",False,False,True
90.790000000009542,"BANDIT-04","BANDIT-04",Hostile,Patrol,Active,Engage,MissionAI,"",0,0.45,0,"VIPER-03",False,False,True
90.990000000009644,"VIPER-01","VIPER-01",Friendly,Player,Active,Engage,AutomationPilot,"",0,0.85,0,"BANDIT-03",False,True,True
90.990000000009644,"VIPER-02","VIPER-02",Friendly,Wingman,Active,Engage,MissionAI,"VIPER-01",1,0.85,0,"BANDIT-03",False,True,True
90.990000000009644,"VIPER-03","VIPER-03",Friendly,Wingman,Active,Engage,MissionAI,"VIPER-01",2,0.85,0,"BANDIT-03",False,True,True
90.990000000009644,"BANDIT-01","BANDIT-01",Hostile,Patrol,Active,Engage,MissionAI,"",0,0.45,0,"VIPER-03",False,False,True
90.990000000009644,"BANDIT-02","BANDIT-02",Hostile,Patrol,Active,Evade,MissionAI,"",0,0.45,0,"VIPER-03",False,False,True
90.990000000009644,"BANDIT-03","BANDIT-03",Hostile,Patrol,Active,Engage,MissionAI,"",0,0.45,0,"VIPER-03",False,False,True
90.990000000009644,"BANDIT-04","BANDIT-04",Hostile,Patrol,Active,Engage,MissionAI,"",0,0.45,0,"VIPER-03",False,False,True
91.190000000009746,"VIPER-01","VIPER-01",Friendly,Player,Active,Engage,AutomationPilot,"",0,0.85,0,"BANDIT-03",False,True,True
91.190000000009746,"VIPER-02","VIPER-02",Friendly,Wingman,Active,Engage,MissionAI,"VIPER-01",1,0.85,0,"BANDIT-03",False,True,True
91.190000000009746,"VIPER-03","VIPER-03",Friendly,Wingman,Active,Engage,MissionAI,"VIPER-01",2,0.85,0,"BANDIT-03",False,True,True
91.190000000009746,"BANDIT-01","BANDIT-01",Hostile,Patrol,Active,Engage,MissionAI,"",0,0.45,0,"VIPER-03",False,False,True
91.190000000009746,"BANDIT-02","BANDIT-02",Hostile,Patrol,Active,Evade,MissionAI,"",0,0.45,0,"VIPER-03",False,False,True
91.190000000009746,"BANDIT-03","BANDIT-03",Hostile,Patrol,Active,Engage,MissionAI,"",0,0.45,0,"VIPER-03",False,False,True
91.190000000009746,"BANDIT-04","BANDIT-04",Hostile,Patrol,Active,Engage,MissionAI,"",0,0.45,0,"VIPER-03",False,False,True
91.390000000009849,"VIPER-01","VIPER-01",Friendly,Player,Active,Engage,AutomationPilot,"",0,0.85,0,"BANDIT-03",False,True,True
91.390000000009849,"VIPER-02","VIPER-02",Friendly,Wingman,Active,Engage,MissionAI,"VIPER-01",1,0.85,0,"BANDIT-03",False,True,True
91.390000000009849,"VIPER-03","VIPER-03",Friendly,Wingman,Active,Engage,MissionAI,"VIPER-01",2,0.85,0,"BANDIT-03",False,True,True
91.390000000009849,"BANDIT-01","BANDIT-01",Hostile,Patrol,Active,Engage,MissionAI,"",0,0.45,0,"VIPER-03",False,False,True
91.390000000009849,"BANDIT-02","BANDIT-02",Hostile,Patrol,Active,Evade,MissionAI,"",0,0.45,0,"VIPER-03",False,False,True
91.390000000009849,"BANDIT-03","BANDIT-03",Hostile,Patrol,Active,Engage,MissionAI,"",0,0.45,0,"VIPER-03",False,False,True
91.390000000009849,"BANDIT-04","BANDIT-04",Hostile,Patrol,Active,Engage,MissionAI,"",0,0.45,0,"VIPER-03",False,False,True
91.590000000009951,"VIPER-01","VIPER-01",Friendly,Player,Active,Engage,AutomationPilot,"",0,0.85,0,"BANDIT-03",False,True,True
91.590000000009951,"VIPER-02","VIPER-02",Friendly,Wingman,Active,Engage,MissionAI,"VIPER-01",1,0.85,0,"BANDIT-03",False,True,True
91.590000000009951,"VIPER-03","VIPER-03",Friendly,Wingman,Active,Engage,MissionAI,"VIPER-01",2,0.85,0,"BANDIT-03",False,True,True
91.590000000009951,"BANDIT-01","BANDIT-01",Hostile,Patrol,Active,Engage,MissionAI,"",0,0.45,0,"VIPER-03",False,False,True
91.590000000009951,"BANDIT-02","BANDIT-02",Hostile,Patrol,Active,Evade,MissionAI,"",0,0.45,0,"VIPER-03",False,False,True
91.590000000009951,"BANDIT-03","BANDIT-03",Hostile,Patrol,Active,Engage,MissionAI,"",0,0.45,0,"VIPER-03",False,False,True
91.590000000009951,"BANDIT-04","BANDIT-04",Hostile,Patrol,Active,Engage,MissionAI,"",0,0.45,0,"VIPER-03",False,False,True
91.790000000010053,"VIPER-01","VIPER-01",Friendly,Player,Active,Engage,AutomationPilot,"",0,0.85,0,"BANDIT-03",False,True,True
91.790000000010053,"VIPER-02","VIPER-02",Friendly,Wingman,Active,Engage,MissionAI,"VIPER-01",1,0.85,0,"BANDIT-03",False,True,True
91.790000000010053,"VIPER-03","VIPER-03",Friendly,Wingman,Active,Engage,MissionAI,"VIPER-01",2,0.85,0,"BANDIT-03",False,True,True
91.790000000010053,"BANDIT-01","BANDIT-01",Hostile,Patrol,Active,Engage,MissionAI,"",0,0.45,0,"VIPER-03",False,False,True
91.790000000010053,"BANDIT-02","BANDIT-02",Hostile,Patrol,Active,Evade,MissionAI,"",0,0.45,0,"VIPER-03",False,False,True
91.790000000010053,"BANDIT-03","BANDIT-03",Hostile,Patrol,Active,Engage,MissionAI,"",0,0.45,0,"VIPER-03",False,False,True
91.790000000010053,"BANDIT-04","BANDIT-04",Hostile,Patrol,Active,Engage,MissionAI,"",0,0.45,0,"VIPER-03",False,False,True
91.990000000010156,"VIPER-01","VIPER-01",Friendly,Player,Active,Engage,AutomationPilot,"",0,0.85,0,"BANDIT-03",False,True,True
91.990000000010156,"VIPER-02","VIPER-02",Friendly,Wingman,Active,Engage,MissionAI,"VIPER-01",1,0.85,0,"BANDIT-03",False,True,True
91.990000000010156,"VIPER-03","VIPER-03",Friendly,Wingman,Active,Engage,MissionAI,"VIPER-01",2,0.85,0,"BANDIT-03",False,True,True
91.990000000010156,"BANDIT-01","BANDIT-01",Hostile,Patrol,Active,Engage,MissionAI,"",0,0.45,0,"VIPER-03",False,False,True
91.990000000010156,"BANDIT-02","BANDIT-02",Hostile,Patrol,Active,Evade,MissionAI,"",0,0.45,0,"VIPER-03",False,False,True
91.990000000010156,"BANDIT-03","BANDIT-03",Hostile,Patrol,Active,Engage,MissionAI,"",0,0.45,0,"VIPER-03",False,False,True
91.990000000010156,"BANDIT-04","BANDIT-04",Hostile,Patrol,Active,Engage,MissionAI,"",0,0.45,0,"VIPER-03",False,False,True
92.190000000010258,"VIPER-01","VIPER-01",Friendly,Player,Active,Engage,AutomationPilot,"",0,0.85,0,"BANDIT-03",False,True,True
92.190000000010258,"VIPER-02","VIPER-02",Friendly,Wingman,Active,Engage,MissionAI,"VIPER-01",1,0.85,0,"BANDIT-03",False,True,True
92.190000000010258,"VIPER-03","VIPER-03",Friendly,Wingman,Active,Engage,MissionAI,"VIPER-01",2,0.85,0,"BANDIT-03",False,True,True
92.190000000010258,"BANDIT-01","BANDIT-01",Hostile,Patrol,Active,Engage,MissionAI,"",0,0.45,0,"VIPER-03",False,False,True
92.190000000010258,"BANDIT-02","BANDIT-02",Hostile,Patrol,Active,Evade,MissionAI,"",0,0.45,0,"VIPER-03",False,False,True
92.190000000010258,"BANDIT-03","BANDIT-03",Hostile,Patrol,Active,Engage,MissionAI,"",0,0.45,0,"VIPER-03",False,False,True
92.190000000010258,"BANDIT-04","BANDIT-04",Hostile,Patrol,Active,Engage,MissionAI,"",0,0.45,0,"VIPER-03",False,False,True
92.39000000001036,"VIPER-01","VIPER-01",Friendly,Player,Active,Engage,AutomationPilot,"",0,0.85,0,"BANDIT-03",False,True,True
92.39000000001036,"VIPER-02","VIPER-02",Friendly,Wingman,Active,Engage,MissionAI,"VIPER-01",1,0.85,0,"BANDIT-03",False,True,True
92.39000000001036,"VIPER-03","VIPER-03",Friendly,Wingman,Active,Engage,MissionAI,"VIPER-01",2,0.85,0,"BANDIT-03",False,True,True
92.39000000001036,"BANDIT-01","BANDIT-01",Hostile,Patrol,Active,Engage,MissionAI,"",0,0.45,0,"VIPER-03",False,False,True
92.39000000001036,"BANDIT-02","BANDIT-02",Hostile,Patrol,Active,Evade,MissionAI,"",0,0.45,0,"VIPER-03",False,False,True
92.39000000001036,"BANDIT-03","BANDIT-03",Hostile,Patrol,Active,Engage,MissionAI,"",0,0.45,0,"VIPER-03",False,False,True
92.39000000001036,"BANDIT-04","BANDIT-04",Hostile,Patrol,Active,Engage,MissionAI,"",0,0.45,0,"VIPER-03",False,False,True
92.590000000010463,"VIPER-01","VIPER-01",Friendly,Player,Active,Engage,AutomationPilot,"",0,0.85,0,"BANDIT-03",False,True,True
92.590000000010463,"VIPER-02","VIPER-02",Friendly,Wingman,Active,Engage,MissionAI,"VIPER-01",1,0.85,0,"BANDIT-03",False,True,True
92.590000000010463,"VIPER-03","VIPER-03",Friendly,Wingman,Active,Engage,MissionAI,"VIPER-01",2,0.85,0,"BANDIT-03",False,True,True
92.590000000010463,"BANDIT-01","BANDIT-01",Hostile,Patrol,Active,Engage,MissionAI,"",0,0.45,0,"VIPER-03",False,False,True
92.590000000010463,"BANDIT-02","BANDIT-02",Hostile,Patrol,Active,Evade,MissionAI,"",0,0.45,0,"VIPER-03",False,False,True
92.590000000010463,"BANDIT-03","BANDIT-03",Hostile,Patrol,Active,Engage,MissionAI,"",0,0.45,0,"VIPER-03",False,False,True
92.590000000010463,"BANDIT-04","BANDIT-04",Hostile,Patrol,Active,Engage,MissionAI,"",0,0.45,0,"VIPER-03",False,False,True
92.790000000010565,"VIPER-01","VIPER-01",Friendly,Player,Active,Engage,AutomationPilot,"",0,0.85,0,"BANDIT-03",False,True,True
92.790000000010565,"VIPER-02","VIPER-02",Friendly,Wingman,Active,Engage,MissionAI,"VIPER-01",1,0.85,0,"BANDIT-03",False,True,True
92.790000000010565,"VIPER-03","VIPER-03",Friendly,Wingman,Active,Engage,MissionAI,"VIPER-01",2,0.85,0,"BANDIT-03",False,True,True
92.790000000010565,"BANDIT-01","BANDIT-01",Hostile,Patrol,Active,Engage,MissionAI,"",0,0.45,0,"VIPER-03",False,False,True
92.790000000010565,"BANDIT-02","BANDIT-02",Hostile,Patrol,Active,Evade,MissionAI,"",0,0.45,0,"VIPER-03",False,False,True
92.790000000010565,"BANDIT-03","BANDIT-03",Hostile,Patrol,Active,Engage,MissionAI,"",0,0.45,0,"VIPER-03",False,False,True
92.790000000010565,"BANDIT-04","BANDIT-04",Hostile,Patrol,Active,Engage,MissionAI,"",0,0.45,0,"VIPER-03",False,False,True
92.990000000010667,"VIPER-01","VIPER-01",Friendly,Player,Active,Engage,AutomationPilot,"",0,0.85,0,"BANDIT-03",False,True,True
92.990000000010667,"VIPER-02","VIPER-02",Friendly,Wingman,Active,Engage,MissionAI,"VIPER-01",1,0.85,0,"BANDIT-03",False,True,True
92.990000000010667,"VIPER-03","VIPER-03",Friendly,Wingman,Active,Engage,MissionAI,"VIPER-01",2,0.85,0,"BANDIT-03",False,True,True
92.990000000010667,"BANDIT-01","BANDIT-01",Hostile,Patrol,Active,Engage,MissionAI,"",0,0.45,0,"VIPER-03",False,False,True
92.990000000010667,"BANDIT-02","BANDIT-02",Hostile,Patrol,Active,Evade,MissionAI,"",0,0.45,0,"VIPER-03",False,False,True
92.990000000010667,"BANDIT-03","BANDIT-03",Hostile,Patrol,Active,Engage,MissionAI,"",0,0.45,0,"VIPER-03",False,False,True
92.990000000010667,"BANDIT-04","BANDIT-04",Hostile,Patrol,Active,Engage,MissionAI,"",0,0.45,0,"VIPER-03",False,False,True
93.19000000001077,"VIPER-01","VIPER-01",Friendly,Player,Active,Engage,AutomationPilot,"",0,0.85,0,"BANDIT-03",False,True,True
93.19000000001077,"VIPER-02","VIPER-02",Friendly,Wingman,Active,Engage,MissionAI,"VIPER-01",1,0.85,0,"BANDIT-03",False,True,True
93.19000000001077,"VIPER-03","VIPER-03",Friendly,Wingman,Active,Engage,MissionAI,"VIPER-01",2,0.85,0,"BANDIT-03",False,True,True
93.19000000001077,"BANDIT-01","BANDIT-01",Hostile,Patrol,Active,Engage,MissionAI,"",0,0.45,0,"VIPER-03",False,False,True
93.19000000001077,"BANDIT-02","BANDIT-02",Hostile,Patrol,Active,Evade,MissionAI,"",0,0.45,0,"VIPER-03",False,False,True
93.19000000001077,"BANDIT-03","BANDIT-03",Hostile,Patrol,Active,Engage,MissionAI,"",0,0.45,0,"VIPER-03",False,False,True
93.19000000001077,"BANDIT-04","BANDIT-04",Hostile,Patrol,Active,Engage,MissionAI,"",0,0.45,0,"VIPER-03",False,False,True
93.390000000010872,"VIPER-01","VIPER-01",Friendly,Player,Active,Engage,AutomationPilot,"",0,0.85,0,"BANDIT-03",False,True,True
93.390000000010872,"VIPER-02","VIPER-02",Friendly,Wingman,Active,Engage,MissionAI,"VIPER-01",1,0.85,0,"BANDIT-03",False,True,True
93.390000000010872,"VIPER-03","VIPER-03",Friendly,Wingman,Active,Engage,MissionAI,"VIPER-01",2,0.85,0,"BANDIT-03",False,True,True
93.390000000010872,"BANDIT-01","BANDIT-01",Hostile,Patrol,Active,Engage,MissionAI,"",0,0.45,0,"VIPER-03",False,False,True
93.390000000010872,"BANDIT-02","BANDIT-02",Hostile,Patrol,Active,Evade,MissionAI,"",0,0.45,0,"VIPER-03",False,False,True
93.390000000010872,"BANDIT-03","BANDIT-03",Hostile,Patrol,Active,Engage,MissionAI,"",0,0.45,0,"VIPER-03",False,False,True
93.390000000010872,"BANDIT-04","BANDIT-04",Hostile,Patrol,Active,Engage,MissionAI,"",0,0.45,0,"VIPER-03",False,False,True
93.590000000010974,"VIPER-01","VIPER-01",Friendly,Player,Active,Engage,AutomationPilot,"",0,0.85,0,"BANDIT-03",False,True,True
93.590000000010974,"VIPER-02","VIPER-02",Friendly,Wingman,Active,Engage,MissionAI,"VIPER-01",1,0.85,0,"BANDIT-03",False,True,True
93.590000000010974,"VIPER-03","VIPER-03",Friendly,Wingman,Active,Engage,MissionAI,"VIPER-01",2,0.85,0,"BANDIT-03",False,True,True
93.590000000010974,"BANDIT-01","BANDIT-01",Hostile,Patrol,Active,Engage,MissionAI,"",0,0.45,0,"VIPER-03",False,False,True
93.590000000010974,"BANDIT-02","BANDIT-02",Hostile,Patrol,Active,Evade,MissionAI,"",0,0.45,0,"VIPER-03",False,False,True
93.590000000010974,"BANDIT-03","BANDIT-03",Hostile,Patrol,Active,Engage,MissionAI,"",0,0.45,0,"VIPER-03",False,False,True
93.590000000010974,"BANDIT-04","BANDIT-04",Hostile,Patrol,Active,Engage,MissionAI,"",0,0.45,0,"VIPER-03",False,False,True
93.790000000011077,"VIPER-01","VIPER-01",Friendly,Player,Active,Engage,AutomationPilot,"",0,0.85,0,"BANDIT-03",False,True,True
93.790000000011077,"VIPER-02","VIPER-02",Friendly,Wingman,Active,Engage,MissionAI,"VIPER-01",1,0.85,0,"BANDIT-03",False,True,True
93.790000000011077,"VIPER-03","VIPER-03",Friendly,Wingman,Active,Engage,MissionAI,"VIPER-01",2,0.85,0,"BANDIT-03",False,True,True
93.790000000011077,"BANDIT-01","BANDIT-01",Hostile,Patrol,Active,Engage,MissionAI,"",0,0.45,0,"VIPER-03",False,False,True
93.790000000011077,"BANDIT-02","BANDIT-02",Hostile,Patrol,Active,Evade,MissionAI,"",0,0.45,0,"VIPER-03",False,False,True
93.790000000011077,"BANDIT-03","BANDIT-03",Hostile,Patrol,Active,Engage,MissionAI,"",0,0.45,0,"VIPER-03",False,False,True
93.790000000011077,"BANDIT-04","BANDIT-04",Hostile,Patrol,Active,Engage,MissionAI,"",0,0.45,0,"VIPER-03",False,False,True
93.990000000011179,"VIPER-01","VIPER-01",Friendly,Player,Active,Engage,AutomationPilot,"",0,0.85,0,"BANDIT-03",False,True,True
93.990000000011179,"VIPER-02","VIPER-02",Friendly,Wingman,Active,Engage,MissionAI,"VIPER-01",1,0.85,0,"BANDIT-03",False,True,True
93.990000000011179,"VIPER-03","VIPER-03",Friendly,Wingman,Active,Engage,MissionAI,"VIPER-01",2,0.85,0,"BANDIT-03",False,True,True
93.990000000011179,"BANDIT-01","BANDIT-01",Hostile,Patrol,Active,Engage,MissionAI,"",0,0.45,0,"VIPER-03",False,False,True
93.990000000011179,"BANDIT-02","BANDIT-02",Hostile,Patrol,Active,Evade,MissionAI,"",0,0.45,0,"VIPER-03",False,False,True
93.990000000011179,"BANDIT-03","BANDIT-03",Hostile,Patrol,Active,Engage,MissionAI,"",0,0.45,0,"VIPER-03",False,False,True
93.990000000011179,"BANDIT-04","BANDIT-04",Hostile,Patrol,Active,Engage,MissionAI,"",0,0.45,0,"VIPER-03",False,False,True
94.190000000011281,"VIPER-01","VIPER-01",Friendly,Player,Active,Engage,AutomationPilot,"",0,0.85,0,"BANDIT-03",False,True,True
94.190000000011281,"VIPER-02","VIPER-02",Friendly,Wingman,Active,Engage,MissionAI,"VIPER-01",1,0.85,0,"BANDIT-03",False,True,True
94.190000000011281,"VIPER-03","VIPER-03",Friendly,Wingman,Active,Engage,MissionAI,"VIPER-01",2,0.85,0,"BANDIT-03",False,True,True
94.190000000011281,"BANDIT-01","BANDIT-01",Hostile,Patrol,Active,Engage,MissionAI,"",0,0.45,0,"VIPER-03",False,False,True
94.190000000011281,"BANDIT-02","BANDIT-02",Hostile,Patrol,Active,Evade,MissionAI,"",0,0.45,0,"VIPER-03",False,False,True
94.190000000011281,"BANDIT-03","BANDIT-03",Hostile,Patrol,Active,Engage,MissionAI,"",0,0.45,0,"VIPER-03",False,False,True
94.190000000011281,"BANDIT-04","BANDIT-04",Hostile,Patrol,Active,Engage,MissionAI,"",0,0.45,0,"VIPER-03",False,False,True
94.390000000011383,"VIPER-01","VIPER-01",Friendly,Player,Active,Engage,AutomationPilot,"",0,0.85,0,"BANDIT-03",False,True,True
94.390000000011383,"VIPER-02","VIPER-02",Friendly,Wingman,Active,Engage,MissionAI,"VIPER-01",1,0.85,0,"BANDIT-03",False,True,True
94.390000000011383,"VIPER-03","VIPER-03",Friendly,Wingman,Active,Engage,MissionAI,"VIPER-01",2,0.85,0,"BANDIT-03",False,True,True
94.390000000011383,"BANDIT-01","BANDIT-01",Hostile,Patrol,Active,Engage,MissionAI,"",0,0.45,0,"VIPER-03",False,False,True
94.390000000011383,"BANDIT-02","BANDIT-02",Hostile,Patrol,Active,Evade,MissionAI,"",0,0.45,0,"VIPER-03",False,False,True
94.390000000011383,"BANDIT-03","BANDIT-03",Hostile,Patrol,Active,Engage,MissionAI,"",0,0.45,0,"VIPER-03",False,False,True
94.390000000011383,"BANDIT-04","BANDIT-04",Hostile,Patrol,Active,Engage,MissionAI,"",0,0.45,0,"VIPER-03",False,False,True
94.590000000011486,"VIPER-01","VIPER-01",Friendly,Player,Active,Engage,AutomationPilot,"",0,0.85,0,"BANDIT-03",False,True,True
94.590000000011486,"VIPER-02","VIPER-02",Friendly,Wingman,Active,Engage,MissionAI,"VIPER-01",1,0.85,0,"BANDIT-03",False,True,True
94.590000000011486,"VIPER-03","VIPER-03",Friendly,Wingman,Active,Engage,MissionAI,"VIPER-01",2,0.85,0,"BANDIT-03",False,True,True
94.590000000011486,"BANDIT-01","BANDIT-01",Hostile,Patrol,Active,Engage,MissionAI,"",0,0.45,0,"VIPER-03",False,False,True
94.590000000011486,"BANDIT-02","BANDIT-02",Hostile,Patrol,Active,Evade,MissionAI,"",0,0.45,0,"VIPER-03",False,False,True
94.590000000011486,"BANDIT-03","BANDIT-03",Hostile,Patrol,Active,Engage,MissionAI,"",0,0.45,0,"VIPER-03",False,False,True
94.590000000011486,"BANDIT-04","BANDIT-04",Hostile,Patrol,Active,Engage,MissionAI,"",0,0.45,0,"VIPER-03",False,False,True
94.790000000011588,"VIPER-01","VIPER-01",Friendly,Player,Active,Engage,AutomationPilot,"",0,0.85,0,"BANDIT-03",False,True,True
94.790000000011588,"VIPER-02","VIPER-02",Friendly,Wingman,Active,Engage,MissionAI,"VIPER-01",1,0.85,0,"BANDIT-03",False,True,True
94.790000000011588,"VIPER-03","VIPER-03",Friendly,Wingman,Active,Engage,MissionAI,"VIPER-01",2,0.85,0,"BANDIT-03",False,True,True
94.790000000011588,"BANDIT-01","BANDIT-01",Hostile,Patrol,Active,Engage,MissionAI,"",0,0.45,0,"VIPER-03",False,False,True
94.790000000011588,"BANDIT-02","BANDIT-02",Hostile,Patrol,Active,Evade,MissionAI,"",0,0.45,0,"VIPER-03",False,False,True
94.790000000011588,"BANDIT-03","BANDIT-03",Hostile,Patrol,Active,Engage,MissionAI,"",0,0.45,0,"VIPER-03",False,False,True
94.790000000011588,"BANDIT-04","BANDIT-04",Hostile,Patrol,Active,Engage,MissionAI,"",0,0.45,0,"VIPER-03",False,False,True
94.99000000001169,"VIPER-01","VIPER-01",Friendly,Player,Active,Engage,AutomationPilot,"",0,0.85,0,"BANDIT-03",False,True,True
94.99000000001169,"VIPER-02","VIPER-02",Friendly,Wingman,Active,Engage,MissionAI,"VIPER-01",1,0.85,0,"BANDIT-03",False,True,True
94.99000000001169,"VIPER-03","VIPER-03",Friendly,Wingman,Active,Engage,MissionAI,"VIPER-01",2,0.85,0,"BANDIT-03",False,True,True
94.99000000001169,"BANDIT-01","BANDIT-01",Hostile,Patrol,Active,Engage,MissionAI,"",0,0.45,0,"VIPER-03",False,False,True
94.99000000001169,"BANDIT-02","BANDIT-02",Hostile,Patrol,Active,Evade,MissionAI,"",0,0.45,0,"VIPER-03",False,False,True
94.99000000001169,"BANDIT-03","BANDIT-03",Hostile,Patrol,Active,Engage,MissionAI,"",0,0.45,0,"VIPER-03",False,False,True
94.99000000001169,"BANDIT-04","BANDIT-04",Hostile,Patrol,Active,Engage,MissionAI,"",0,0.45,0,"VIPER-03",False,False,True
95.190000000011793,"VIPER-01","VIPER-01",Friendly,Player,Active,Engage,AutomationPilot,"",0,0.85,0,"BANDIT-03",False,True,True
95.190000000011793,"VIPER-02","VIPER-02",Friendly,Wingman,Active,Engage,MissionAI,"VIPER-01",1,0.85,0,"BANDIT-03",False,True,True
95.190000000011793,"VIPER-03","VIPER-03",Friendly,Wingman,Active,Engage,MissionAI,"VIPER-01",2,0.85,0,"BANDIT-03",False,True,True
95.190000000011793,"BANDIT-01","BANDIT-01",Hostile,Patrol,Active,Engage,MissionAI,"",0,0.45,0,"VIPER-03",False,False,True
95.190000000011793,"BANDIT-02","BANDIT-02",Hostile,Patrol,Active,Evade,MissionAI,"",0,0.45,0,"VIPER-03",False,False,True
95.190000000011793,"BANDIT-03","BANDIT-03",Hostile,Patrol,Active,Engage,MissionAI,"",0,0.45,0,"VIPER-03",False,False,True
95.190000000011793,"BANDIT-04","BANDIT-04",Hostile,Patrol,Active,Engage,MissionAI,"",0,0.45,0,"VIPER-03",False,False,True
95.3900000000119,"VIPER-01","VIPER-01",Friendly,Player,Active,Engage,AutomationPilot,"",0,0.85,0,"BANDIT-03",False,True,True
95.3900000000119,"VIPER-02","VIPER-02",Friendly,Wingman,Active,Engage,MissionAI,"VIPER-01",1,0.85,0,"BANDIT-03",False,True,True
95.3900000000119,"VIPER-03","VIPER-03",Friendly,Wingman,Active,Engage,MissionAI,"VIPER-01",2,0.85,0,"BANDIT-03",False,True,True
95.3900000000119,"BANDIT-01","BANDIT-01",Hostile,Patrol,Active,Engage,MissionAI,"",0,0.45,0,"VIPER-03",False,False,True
95.3900000000119,"BANDIT-02","BANDIT-02",Hostile,Patrol,Active,Evade,MissionAI,"",0,0.45,0,"VIPER-03",False,False,True
95.3900000000119,"BANDIT-03","BANDIT-03",Hostile,Patrol,Active,Engage,MissionAI,"",0,0.45,0,"VIPER-03",False,False,True
95.3900000000119,"BANDIT-04","BANDIT-04",Hostile,Patrol,Active,Engage,MissionAI,"",0,0.45,0,"VIPER-03",False,False,True
95.590000000012,"VIPER-01","VIPER-01",Friendly,Player,Active,Engage,AutomationPilot,"",0,0.85,0,"BANDIT-03",False,True,True
95.590000000012,"VIPER-02","VIPER-02",Friendly,Wingman,Active,Engage,MissionAI,"VIPER-01",1,0.85,0,"BANDIT-03",False,True,True
95.590000000012,"VIPER-03","VIPER-03",Friendly,Wingman,Active,Engage,MissionAI,"VIPER-01",2,0.85,0,"BANDIT-03",False,True,True
95.590000000012,"BANDIT-01","BANDIT-01",Hostile,Patrol,Active,Engage,MissionAI,"",0,0.45,0,"VIPER-03",False,False,True
95.590000000012,"BANDIT-02","BANDIT-02",Hostile,Patrol,Active,Evade,MissionAI,"",0,0.45,0,"VIPER-03",False,False,True
95.590000000012,"BANDIT-03","BANDIT-03",Hostile,Patrol,Active,Engage,MissionAI,"",0,0.45,0,"VIPER-03",False,False,True
95.590000000012,"BANDIT-04","BANDIT-04",Hostile,Patrol,Active,Engage,MissionAI,"",0,0.45,0,"VIPER-03",False,False,True
95.7900000000121,"VIPER-01","VIPER-01",Friendly,Player,Active,Engage,AutomationPilot,"",0,0.85,0,"BANDIT-03",False,True,True
95.7900000000121,"VIPER-02","VIPER-02",Friendly,Wingman,Active,Engage,MissionAI,"VIPER-01",1,0.85,0,"BANDIT-03",False,True,True
95.7900000000121,"VIPER-03","VIPER-03",Friendly,Wingman,Active,Engage,MissionAI,"VIPER-01",2,0.85,0,"BANDIT-03",False,True,True
95.7900000000121,"BANDIT-01","BANDIT-01",Hostile,Patrol,Active,Engage,MissionAI,"",0,0.45,0,"VIPER-03",False,False,True
95.7900000000121,"BANDIT-02","BANDIT-02",Hostile,Patrol,Active,Evade,MissionAI,"",0,0.45,0,"VIPER-03",False,False,True
95.7900000000121,"BANDIT-03","BANDIT-03",Hostile,Patrol,Active,Engage,MissionAI,"",0,0.45,0,"VIPER-03",False,False,True
95.7900000000121,"BANDIT-04","BANDIT-04",Hostile,Patrol,Active,Engage,MissionAI,"",0,0.45,0,"VIPER-03",False,False,True
95.9900000000122,"VIPER-01","VIPER-01",Friendly,Player,Active,Engage,AutomationPilot,"",0,0.85,0,"BANDIT-03",False,True,True
95.9900000000122,"VIPER-02","VIPER-02",Friendly,Wingman,Active,Engage,MissionAI,"VIPER-01",1,0.85,0,"BANDIT-03",False,True,True
95.9900000000122,"VIPER-03","VIPER-03",Friendly,Wingman,Active,Engage,MissionAI,"VIPER-01",2,0.85,0,"BANDIT-03",False,True,True
95.9900000000122,"BANDIT-01","BANDIT-01",Hostile,Patrol,Active,Engage,MissionAI,"",0,0.45,0,"VIPER-03",False,False,True
95.9900000000122,"BANDIT-02","BANDIT-02",Hostile,Patrol,Active,Evade,MissionAI,"",0,0.45,0,"VIPER-03",False,False,True
95.9900000000122,"BANDIT-03","BANDIT-03",Hostile,Patrol,Active,Engage,MissionAI,"",0,0.45,0,"VIPER-03",False,False,True
95.9900000000122,"BANDIT-04","BANDIT-04",Hostile,Patrol,Active,Engage,MissionAI,"",0,0.45,0,"VIPER-03",False,False,True
96.1900000000123,"VIPER-01","VIPER-01",Friendly,Player,Active,Engage,AutomationPilot,"",0,0.85,0,"BANDIT-03",False,True,True
96.1900000000123,"VIPER-02","VIPER-02",Friendly,Wingman,Active,Engage,MissionAI,"VIPER-01",1,0.85,0,"BANDIT-03",False,True,True
96.1900000000123,"VIPER-03","VIPER-03",Friendly,Wingman,Active,Engage,MissionAI,"VIPER-01",2,0.85,0,"BANDIT-03",False,True,True
96.1900000000123,"BANDIT-01","BANDIT-01",Hostile,Patrol,Active,Engage,MissionAI,"",0,0.45,0,"VIPER-03",False,False,True
96.1900000000123,"BANDIT-02","BANDIT-02",Hostile,Patrol,Active,Evade,MissionAI,"",0,0.45,0,"VIPER-03",False,False,True
96.1900000000123,"BANDIT-03","BANDIT-03",Hostile,Patrol,Active,Engage,MissionAI,"",0,0.45,0,"VIPER-03",False,False,True
96.1900000000123,"BANDIT-04","BANDIT-04",Hostile,Patrol,Active,Engage,MissionAI,"",0,0.45,0,"VIPER-03",False,False,True
96.3900000000124,"VIPER-01","VIPER-01",Friendly,Player,Active,Engage,AutomationPilot,"",0,0.85,0,"BANDIT-03",False,True,True
96.3900000000124,"VIPER-02","VIPER-02",Friendly,Wingman,Active,Engage,MissionAI,"VIPER-01",1,0.85,0,"BANDIT-03",False,True,True
96.3900000000124,"VIPER-03","VIPER-03",Friendly,Wingman,Active,Engage,MissionAI,"VIPER-01",2,0.85,0,"BANDIT-03",False,True,True
96.3900000000124,"BANDIT-01","BANDIT-01",Hostile,Patrol,Active,Engage,MissionAI,"",0,0.45,0,"VIPER-03",False,False,True
96.3900000000124,"BANDIT-02","BANDIT-02",Hostile,Patrol,Active,Evade,MissionAI,"",0,0.45,0,"VIPER-03",False,False,True
96.3900000000124,"BANDIT-03","BANDIT-03",Hostile,Patrol,Active,Engage,MissionAI,"",0,0.45,0,"VIPER-03",False,False,True
96.3900000000124,"BANDIT-04","BANDIT-04",Hostile,Patrol,Active,Engage,MissionAI,"",0,0.45,0,"VIPER-03",False,False,True
96.590000000012509,"VIPER-01","VIPER-01",Friendly,Player,Active,Engage,AutomationPilot,"",0,0.85,0,"BANDIT-03",False,True,True
96.590000000012509,"VIPER-02","VIPER-02",Friendly,Wingman,Active,Engage,MissionAI,"VIPER-01",1,0.85,0,"BANDIT-03",False,True,True
96.590000000012509,"VIPER-03","VIPER-03",Friendly,Wingman,Active,Engage,MissionAI,"VIPER-01",2,0.85,0,"BANDIT-03",False,True,True
96.590000000012509,"BANDIT-01","BANDIT-01",Hostile,Patrol,Active,Engage,MissionAI,"",0,0.45,0,"VIPER-03",False,False,True
96.590000000012509,"BANDIT-02","BANDIT-02",Hostile,Patrol,Active,Evade,MissionAI,"",0,0.45,0,"VIPER-03",False,False,True
96.590000000012509,"BANDIT-03","BANDIT-03",Hostile,Patrol,Active,Engage,MissionAI,"",0,0.45,0,"VIPER-03",False,False,True
96.590000000012509,"BANDIT-04","BANDIT-04",Hostile,Patrol,Active,Engage,MissionAI,"",0,0.45,0,"VIPER-03",False,False,True
96.790000000012611,"VIPER-01","VIPER-01",Friendly,Player,Active,Engage,AutomationPilot,"",0,0.85,0,"BANDIT-03",False,True,True
96.790000000012611,"VIPER-02","VIPER-02",Friendly,Wingman,Active,Engage,MissionAI,"VIPER-01",1,0.85,0,"BANDIT-03",False,True,True
96.790000000012611,"VIPER-03","VIPER-03",Friendly,Wingman,Active,Engage,MissionAI,"VIPER-01",2,0.85,0,"BANDIT-03",False,True,True
96.790000000012611,"BANDIT-01","BANDIT-01",Hostile,Patrol,Active,Engage,MissionAI,"",0,0.45,0,"VIPER-03",False,False,True
96.790000000012611,"BANDIT-02","BANDIT-02",Hostile,Patrol,Active,Evade,MissionAI,"",0,0.45,0,"VIPER-03",False,False,True
96.790000000012611,"BANDIT-03","BANDIT-03",Hostile,Patrol,Active,Engage,MissionAI,"",0,0.45,0,"VIPER-03",False,False,True
96.790000000012611,"BANDIT-04","BANDIT-04",Hostile,Patrol,Active,Engage,MissionAI,"",0,0.45,0,"VIPER-03",False,False,True
96.990000000012714,"VIPER-01","VIPER-01",Friendly,Player,Active,Engage,AutomationPilot,"",0,0.85,0,"BANDIT-03",False,True,True
96.990000000012714,"VIPER-02","VIPER-02",Friendly,Wingman,Active,Engage,MissionAI,"VIPER-01",1,0.85,0,"BANDIT-03",False,True,True
96.990000000012714,"VIPER-03","VIPER-03",Friendly,Wingman,Active,Engage,MissionAI,"VIPER-01",2,0.85,0,"BANDIT-03",False,True,True
96.990000000012714,"BANDIT-01","BANDIT-01",Hostile,Patrol,Active,Engage,MissionAI,"",0,0.45,0,"VIPER-03",False,False,True
96.990000000012714,"BANDIT-02","BANDIT-02",Hostile,Patrol,Active,Evade,MissionAI,"",0,0.45,0,"VIPER-03",False,False,True
96.990000000012714,"BANDIT-03","BANDIT-03",Hostile,Patrol,Active,Engage,MissionAI,"",0,0.45,0,"VIPER-03",False,False,True
96.990000000012714,"BANDIT-04","BANDIT-04",Hostile,Patrol,Active,Engage,MissionAI,"",0,0.45,0,"VIPER-03",False,False,True
97.190000000012816,"VIPER-01","VIPER-01",Friendly,Player,Active,Engage,AutomationPilot,"",0,0.85,0,"BANDIT-03",False,True,True
97.190000000012816,"VIPER-02","VIPER-02",Friendly,Wingman,Active,Engage,MissionAI,"VIPER-01",1,0.85,0,"BANDIT-03",False,True,True
97.190000000012816,"VIPER-03","VIPER-03",Friendly,Wingman,Active,Engage,MissionAI,"VIPER-01",2,0.85,0,"BANDIT-03",False,True,True
97.190000000012816,"BANDIT-01","BANDIT-01",Hostile,Patrol,Active,Engage,MissionAI,"",0,0.45,0,"VIPER-03",False,False,True
97.190000000012816,"BANDIT-02","BANDIT-02",Hostile,Patrol,Active,Evade,MissionAI,"",0,0.45,0,"VIPER-03",False,False,True
97.190000000012816,"BANDIT-03","BANDIT-03",Hostile,Patrol,Active,Engage,MissionAI,"",0,0.45,0,"VIPER-03",False,False,True
97.190000000012816,"BANDIT-04","BANDIT-04",Hostile,Patrol,Active,Engage,MissionAI,"",0,0.45,0,"VIPER-03",False,False,True
97.390000000012918,"VIPER-01","VIPER-01",Friendly,Player,Active,Engage,AutomationPilot,"",0,0.85,0,"BANDIT-03",False,True,True
97.390000000012918,"VIPER-02","VIPER-02",Friendly,Wingman,Active,Engage,MissionAI,"VIPER-01",1,0.85,0,"BANDIT-03",False,True,True
97.390000000012918,"VIPER-03","VIPER-03",Friendly,Wingman,Active,Evade,MissionAI,"VIPER-01",2,0.85,0,"BANDIT-03",False,True,True
97.390000000012918,"BANDIT-01","BANDIT-01",Hostile,Patrol,Active,Engage,MissionAI,"",0,0.45,0,"VIPER-03",False,False,True
97.390000000012918,"BANDIT-02","BANDIT-02",Hostile,Patrol,Active,Evade,MissionAI,"",0,0.45,0,"VIPER-03",False,False,True
97.390000000012918,"BANDIT-03","BANDIT-03",Hostile,Patrol,Active,Engage,MissionAI,"",0,0.45,0,"VIPER-03",False,True,True
97.390000000012918,"BANDIT-04","BANDIT-04",Hostile,Patrol,Active,Engage,MissionAI,"",0,0.45,0,"VIPER-03",False,False,True
97.590000000013021,"VIPER-01","VIPER-01",Friendly,Player,Active,Engage,AutomationPilot,"",0,0.85,0,"BANDIT-03",False,True,True
97.590000000013021,"VIPER-02","VIPER-02",Friendly,Wingman,Active,Engage,MissionAI,"VIPER-01",1,0.85,0,"BANDIT-03",False,True,True
97.590000000013021,"VIPER-03","VIPER-03",Friendly,Wingman,Active,Evade,MissionAI,"VIPER-01",2,0.85,0,"BANDIT-03",False,True,True
97.590000000013021,"BANDIT-01","BANDIT-01",Hostile,Patrol,Active,Engage,MissionAI,"",0,0.45,0,"VIPER-03",False,False,True
97.590000000013021,"BANDIT-02","BANDIT-02",Hostile,Patrol,Active,Evade,MissionAI,"",0,0.45,0,"VIPER-03",False,False,True
97.590000000013021,"BANDIT-03","BANDIT-03",Hostile,Patrol,Active,Engage,MissionAI,"",0,0.45,0,"VIPER-03",False,True,True
97.590000000013021,"BANDIT-04","BANDIT-04",Hostile,Patrol,Active,Engage,MissionAI,"",0,0.45,0,"VIPER-03",False,False,True
97.790000000013123,"VIPER-01","VIPER-01",Friendly,Player,Active,Engage,AutomationPilot,"",0,0.85,0,"BANDIT-03",False,True,True
97.790000000013123,"VIPER-02","VIPER-02",Friendly,Wingman,Active,Engage,MissionAI,"VIPER-01",1,0.85,0,"BANDIT-03",False,True,True
97.790000000013123,"VIPER-03","VIPER-03",Friendly,Wingman,Active,Evade,MissionAI,"VIPER-01",2,0.85,0,"BANDIT-03",False,True,True
97.790000000013123,"BANDIT-01","BANDIT-01",Hostile,Patrol,Active,Engage,MissionAI,"",0,0.45,0,"VIPER-03",False,False,True
97.790000000013123,"BANDIT-02","BANDIT-02",Hostile,Patrol,Active,Evade,MissionAI,"",0,0.45,0,"VIPER-03",False,False,True
97.790000000013123,"BANDIT-03","BANDIT-03",Hostile,Patrol,Active,Engage,MissionAI,"",0,0.45,0,"VIPER-03",False,True,True
97.790000000013123,"BANDIT-04","BANDIT-04",Hostile,Patrol,Active,Engage,MissionAI,"",0,0.45,0,"VIPER-03",False,False,True
97.990000000013225,"VIPER-01","VIPER-01",Friendly,Player,Active,Engage,AutomationPilot,"",0,0.85,0,"BANDIT-03",False,True,True
97.990000000013225,"VIPER-02","VIPER-02",Friendly,Wingman,Active,Engage,MissionAI,"VIPER-01",1,0.85,0,"BANDIT-03",False,True,True
97.990000000013225,"VIPER-03","VIPER-03",Friendly,Wingman,Active,Evade,MissionAI,"VIPER-01",2,0.85,0,"BANDIT-03",False,True,True
97.990000000013225,"BANDIT-01","BANDIT-01",Hostile,Patrol,Active,Engage,MissionAI,"",0,0.45,0,"VIPER-03",False,False,True
97.990000000013225,"BANDIT-02","BANDIT-02",Hostile,Patrol,Active,Evade,MissionAI,"",0,0.45,0,"VIPER-03",False,False,True
97.990000000013225,"BANDIT-03","BANDIT-03",Hostile,Patrol,Active,Engage,MissionAI,"",0,0.45,0,"VIPER-03",False,True,True
97.990000000013225,"BANDIT-04","BANDIT-04",Hostile,Patrol,Active,Engage,MissionAI,"",0,0.45,0,"VIPER-03",False,False,True
98.190000000013328,"VIPER-01","VIPER-01",Friendly,Player,Active,Engage,AutomationPilot,"",0,0.85,0,"BANDIT-03",False,True,True
98.190000000013328,"VIPER-02","VIPER-02",Friendly,Wingman,Active,Engage,MissionAI,"VIPER-01",1,0.85,0,"BANDIT-03",False,True,True
98.190000000013328,"VIPER-03","VIPER-03",Friendly,Wingman,Active,Evade,MissionAI,"VIPER-01",2,0.85,0,"BANDIT-03",False,True,True
98.190000000013328,"BANDIT-01","BANDIT-01",Hostile,Patrol,Active,Engage,MissionAI,"",0,0.45,0,"VIPER-03",False,False,True
98.190000000013328,"BANDIT-02","BANDIT-02",Hostile,Patrol,Active,Evade,MissionAI,"",0,0.45,0,"VIPER-03",False,False,True
98.190000000013328,"BANDIT-03","BANDIT-03",Hostile,Patrol,Active,Engage,MissionAI,"",0,0.45,0,"VIPER-03",False,True,True
98.190000000013328,"BANDIT-04","BANDIT-04",Hostile,Patrol,Active,Engage,MissionAI,"",0,0.45,0,"VIPER-03",False,False,True
98.39000000001343,"VIPER-01","VIPER-01",Friendly,Player,Active,Engage,AutomationPilot,"",0,0.85,0,"BANDIT-03",False,True,True
98.39000000001343,"VIPER-02","VIPER-02",Friendly,Wingman,Active,Engage,MissionAI,"VIPER-01",1,0.85,0,"BANDIT-03",False,True,True
98.39000000001343,"VIPER-03","VIPER-03",Friendly,Wingman,Active,Evade,MissionAI,"VIPER-01",2,0.85,0,"BANDIT-03",False,True,True
98.39000000001343,"BANDIT-01","BANDIT-01",Hostile,Patrol,Active,Engage,MissionAI,"",0,0.45,0,"VIPER-03",False,False,True
98.39000000001343,"BANDIT-02","BANDIT-02",Hostile,Patrol,Active,Evade,MissionAI,"",0,0.45,0,"VIPER-03",False,False,True
98.39000000001343,"BANDIT-03","BANDIT-03",Hostile,Patrol,Active,Engage,MissionAI,"",0,0.45,0,"VIPER-03",False,True,True
98.39000000001343,"BANDIT-04","BANDIT-04",Hostile,Patrol,Active,Engage,MissionAI,"",0,0.45,0,"VIPER-03",False,False,True
98.590000000013532,"VIPER-01","VIPER-01",Friendly,Player,Active,Engage,AutomationPilot,"",0,0.85,0,"BANDIT-03",False,True,True
98.590000000013532,"VIPER-02","VIPER-02",Friendly,Wingman,Active,Engage,MissionAI,"VIPER-01",1,0.85,0,"BANDIT-03",False,True,True
98.590000000013532,"VIPER-03","VIPER-03",Friendly,Wingman,Active,Evade,MissionAI,"VIPER-01",2,0.85,0,"BANDIT-03",False,True,True
98.590000000013532,"BANDIT-01","BANDIT-01",Hostile,Patrol,Active,Engage,MissionAI,"",0,0.45,0,"VIPER-03",False,False,True
98.590000000013532,"BANDIT-02","BANDIT-02",Hostile,Patrol,Active,Evade,MissionAI,"",0,0.45,0,"VIPER-03",False,False,True
98.590000000013532,"BANDIT-03","BANDIT-03",Hostile,Patrol,Active,Engage,MissionAI,"",0,0.45,0,"VIPER-03",False,True,True
98.590000000013532,"BANDIT-04","BANDIT-04",Hostile,Patrol,Active,Engage,MissionAI,"",0,0.45,0,"VIPER-03",False,False,True
98.790000000013634,"VIPER-01","VIPER-01",Friendly,Player,Active,Engage,AutomationPilot,"",0,0.85,0,"BANDIT-03",False,True,True
98.790000000013634,"VIPER-02","VIPER-02",Friendly,Wingman,Active,Engage,MissionAI,"VIPER-01",1,0.85,0,"BANDIT-03",False,True,True
98.790000000013634,"VIPER-03","VIPER-03",Friendly,Wingman,Active,Evade,MissionAI,"VIPER-01",2,0.85,0,"BANDIT-03",False,True,True
98.790000000013634,"BANDIT-01","BANDIT-01",Hostile,Patrol,Active,Engage,MissionAI,"",0,0.45,0,"VIPER-03",False,False,True
98.790000000013634,"BANDIT-02","BANDIT-02",Hostile,Patrol,Active,Evade,MissionAI,"",0,0.45,0,"VIPER-03",False,False,True
98.790000000013634,"BANDIT-03","BANDIT-03",Hostile,Patrol,Active,Engage,MissionAI,"",0,0.45,0,"VIPER-03",False,True,True
98.790000000013634,"BANDIT-04","BANDIT-04",Hostile,Patrol,Active,Engage,MissionAI,"",0,0.45,0,"VIPER-03",False,False,True
98.990000000013737,"VIPER-01","VIPER-01",Friendly,Player,Active,Engage,AutomationPilot,"",0,0.85,0,"BANDIT-03",False,True,True
98.990000000013737,"VIPER-02","VIPER-02",Friendly,Wingman,Active,Engage,MissionAI,"VIPER-01",1,0.85,0,"BANDIT-03",False,True,True
98.990000000013737,"VIPER-03","VIPER-03",Friendly,Wingman,Active,Evade,MissionAI,"VIPER-01",2,0.85,0,"BANDIT-03",False,True,True
98.990000000013737,"BANDIT-01","BANDIT-01",Hostile,Patrol,Active,Engage,MissionAI,"",0,0.45,0,"VIPER-03",False,False,True
98.990000000013737,"BANDIT-02","BANDIT-02",Hostile,Patrol,Active,Evade,MissionAI,"",0,0.45,0,"VIPER-03",False,False,True
98.990000000013737,"BANDIT-03","BANDIT-03",Hostile,Patrol,Active,Engage,MissionAI,"",0,0.45,0,"VIPER-03",False,True,True
98.990000000013737,"BANDIT-04","BANDIT-04",Hostile,Patrol,Active,Engage,MissionAI,"",0,0.45,0,"VIPER-03",False,False,True
99.190000000013839,"VIPER-01","VIPER-01",Friendly,Player,Active,Engage,AutomationPilot,"",0,0.85,0,"BANDIT-03",False,True,True
99.190000000013839,"VIPER-02","VIPER-02",Friendly,Wingman,Active,Engage,MissionAI,"VIPER-01",1,0.85,0,"BANDIT-03",False,True,True
99.190000000013839,"VIPER-03","VIPER-03",Friendly,Wingman,Active,Evade,MissionAI,"VIPER-01",2,0.85,0,"BANDIT-03",False,True,True
99.190000000013839,"BANDIT-01","BANDIT-01",Hostile,Patrol,Active,Engage,MissionAI,"",0,0.45,0,"VIPER-03",False,False,True
99.190000000013839,"BANDIT-02","BANDIT-02",Hostile,Patrol,Active,Evade,MissionAI,"",0,0.45,0,"VIPER-03",False,False,True
99.190000000013839,"BANDIT-03","BANDIT-03",Hostile,Patrol,Active,Engage,MissionAI,"",0,0.45,0,"VIPER-03",False,True,True
99.190000000013839,"BANDIT-04","BANDIT-04",Hostile,Patrol,Active,Engage,MissionAI,"",0,0.45,0,"VIPER-03",False,False,True
99.390000000013941,"VIPER-01","VIPER-01",Friendly,Player,Active,Engage,AutomationPilot,"",0,0.85,0,"BANDIT-03",False,True,True
99.390000000013941,"VIPER-02","VIPER-02",Friendly,Wingman,Active,Engage,MissionAI,"VIPER-01",1,0.85,0,"BANDIT-03",False,True,True
99.390000000013941,"VIPER-03","VIPER-03",Friendly,Wingman,Active,Evade,MissionAI,"VIPER-01",2,0.85,0,"BANDIT-03",False,True,True
99.390000000013941,"BANDIT-01","BANDIT-01",Hostile,Patrol,Active,Engage,MissionAI,"",0,0.45,0,"VIPER-03",False,False,True
99.390000000013941,"BANDIT-02","BANDIT-02",Hostile,Patrol,Active,Evade,MissionAI,"",0,0.45,0,"VIPER-03",False,False,True
99.390000000013941,"BANDIT-03","BANDIT-03",Hostile,Patrol,Active,Engage,MissionAI,"",0,0.45,0,"VIPER-03",False,True,True
99.390000000013941,"BANDIT-04","BANDIT-04",Hostile,Patrol,Active,Engage,MissionAI,"",0,0.45,0,"VIPER-03",False,False,True
99.590000000014044,"VIPER-01","VIPER-01",Friendly,Player,Active,Engage,AutomationPilot,"",0,0.85,0,"BANDIT-03",False,True,True
99.590000000014044,"VIPER-02","VIPER-02",Friendly,Wingman,Active,Engage,MissionAI,"VIPER-01",1,0.85,0,"BANDIT-03",False,True,True
99.590000000014044,"VIPER-03","VIPER-03",Friendly,Wingman,Active,Evade,MissionAI,"VIPER-01",2,0.85,0,"BANDIT-03",False,True,True
99.590000000014044,"BANDIT-01","BANDIT-01",Hostile,Patrol,Active,Engage,MissionAI,"",0,0.45,0,"VIPER-03",False,False,True
99.590000000014044,"BANDIT-02","BANDIT-02",Hostile,Patrol,Active,Evade,MissionAI,"",0,0.45,0,"VIPER-03",False,False,True
99.590000000014044,"BANDIT-03","BANDIT-03",Hostile,Patrol,Active,Engage,MissionAI,"",0,0.45,0,"VIPER-03",False,True,True
99.590000000014044,"BANDIT-04","BANDIT-04",Hostile,Patrol,Active,Engage,MissionAI,"",0,0.45,0,"VIPER-03",False,False,True
99.790000000014146,"VIPER-01","VIPER-01",Friendly,Player,Active,Engage,AutomationPilot,"",0,0.85,0,"BANDIT-03",False,True,True
99.790000000014146,"VIPER-02","VIPER-02",Friendly,Wingman,Active,Engage,MissionAI,"VIPER-01",1,0.85,0,"BANDIT-03",False,True,True
99.790000000014146,"VIPER-03","VIPER-03",Friendly,Wingman,Active,Evade,MissionAI,"VIPER-01",2,0.85,0,"BANDIT-03",False,True,True
99.790000000014146,"BANDIT-01","BANDIT-01",Hostile,Patrol,Active,Engage,MissionAI,"",0,0.45,0,"VIPER-03",False,False,True
99.790000000014146,"BANDIT-02","BANDIT-02",Hostile,Patrol,Active,Evade,MissionAI,"",0,0.45,0,"VIPER-03",False,False,True
99.790000000014146,"BANDIT-03","BANDIT-03",Hostile,Patrol,Active,Engage,MissionAI,"",0,0.45,0,"VIPER-03",False,True,True
99.790000000014146,"BANDIT-04","BANDIT-04",Hostile,Patrol,Active,Engage,MissionAI,"",0,0.45,0,"VIPER-03",False,False,True
99.990000000014248,"VIPER-01","VIPER-01",Friendly,Player,Active,Engage,AutomationPilot,"",0,0.85,0,"BANDIT-03",False,True,True
99.990000000014248,"VIPER-02","VIPER-02",Friendly,Wingman,Active,Engage,MissionAI,"VIPER-01",1,0.85,0,"BANDIT-03",False,True,True
99.990000000014248,"VIPER-03","VIPER-03",Friendly,Wingman,Active,Evade,MissionAI,"VIPER-01",2,0.85,0,"BANDIT-03",False,True,True
99.990000000014248,"BANDIT-01","BANDIT-01",Hostile,Patrol,Active,Engage,MissionAI,"",0,0.45,0,"VIPER-03",False,False,True
99.990000000014248,"BANDIT-02","BANDIT-02",Hostile,Patrol,Active,Evade,MissionAI,"",0,0.45,0,"VIPER-03",False,False,True
99.990000000014248,"BANDIT-03","BANDIT-03",Hostile,Patrol,Active,Engage,MissionAI,"",0,0.45,0,"VIPER-03",False,True,True
99.990000000014248,"BANDIT-04","BANDIT-04",Hostile,Patrol,Active,Engage,MissionAI,"",0,0.45,0,"VIPER-03",False,False,True
100.19000000001435,"VIPER-01","VIPER-01",Friendly,Player,Active,Engage,AutomationPilot,"",0,0.85,0,"BANDIT-03",False,True,True
100.19000000001435,"VIPER-02","VIPER-02",Friendly,Wingman,Active,Engage,MissionAI,"VIPER-01",1,0.85,0,"BANDIT-03",False,True,True
100.19000000001435,"VIPER-03","VIPER-03",Friendly,Wingman,Active,Evade,MissionAI,"VIPER-01",2,0.85,0,"BANDIT-03",False,True,True
100.19000000001435,"BANDIT-01","BANDIT-01",Hostile,Patrol,Active,Engage,MissionAI,"",0,0.45,0,"VIPER-03",False,False,True
100.19000000001435,"BANDIT-02","BANDIT-02",Hostile,Patrol,Active,Evade,MissionAI,"",0,0.45,0,"VIPER-03",False,False,True
100.19000000001435,"BANDIT-03","BANDIT-03",Hostile,Patrol,Active,Engage,MissionAI,"",0,0.45,0,"VIPER-03",False,True,True
100.19000000001435,"BANDIT-04","BANDIT-04",Hostile,Patrol,Active,Engage,MissionAI,"",0,0.45,0,"VIPER-03",False,False,True
100.39000000001445,"VIPER-01","VIPER-01",Friendly,Player,Active,Engage,AutomationPilot,"",0,0.85,0,"BANDIT-03",False,True,True
100.39000000001445,"VIPER-02","VIPER-02",Friendly,Wingman,Active,Engage,MissionAI,"VIPER-01",1,0.85,0,"BANDIT-03",False,True,True
100.39000000001445,"VIPER-03","VIPER-03",Friendly,Wingman,Active,Evade,MissionAI,"VIPER-01",2,0.85,0,"BANDIT-03",False,True,True
100.39000000001445,"BANDIT-01","BANDIT-01",Hostile,Patrol,Active,Engage,MissionAI,"",0,0.45,0,"VIPER-03",False,False,True
100.39000000001445,"BANDIT-02","BANDIT-02",Hostile,Patrol,Active,Evade,MissionAI,"",0,0.45,0,"VIPER-03",False,False,True
100.39000000001445,"BANDIT-03","BANDIT-03",Hostile,Patrol,Active,Engage,MissionAI,"",0,0.45,0,"VIPER-03",False,True,True
100.39000000001445,"BANDIT-04","BANDIT-04",Hostile,Patrol,Active,Engage,MissionAI,"",0,0.45,0,"VIPER-03",False,False,True
100.59000000001456,"VIPER-01","VIPER-01",Friendly,Player,Active,Engage,AutomationPilot,"",0,0.85,0,"BANDIT-03",False,True,True
100.59000000001456,"VIPER-02","VIPER-02",Friendly,Wingman,Active,Engage,MissionAI,"VIPER-01",1,0.85,0,"BANDIT-03",False,True,True
100.59000000001456,"VIPER-03","VIPER-03",Friendly,Wingman,Active,Evade,MissionAI,"VIPER-01",2,0.85,0,"BANDIT-03",False,True,True
100.59000000001456,"BANDIT-01","BANDIT-01",Hostile,Patrol,Active,Engage,MissionAI,"",0,0.45,0,"VIPER-03",False,False,True
100.59000000001456,"BANDIT-02","BANDIT-02",Hostile,Patrol,Active,Evade,MissionAI,"",0,0.45,0,"VIPER-03",False,False,True
100.59000000001456,"BANDIT-03","BANDIT-03",Hostile,Patrol,Active,Engage,MissionAI,"",0,0.45,0,"VIPER-03",False,True,True
100.59000000001456,"BANDIT-04","BANDIT-04",Hostile,Patrol,Active,Engage,MissionAI,"",0,0.45,0,"VIPER-03",False,False,True
100.79000000001466,"VIPER-01","VIPER-01",Friendly,Player,Active,Engage,AutomationPilot,"",0,0.85,0,"BANDIT-03",False,True,True
100.79000000001466,"VIPER-02","VIPER-02",Friendly,Wingman,Active,Engage,MissionAI,"VIPER-01",1,0.85,0,"BANDIT-03",False,True,True
100.79000000001466,"VIPER-03","VIPER-03",Friendly,Wingman,Active,Evade,MissionAI,"VIPER-01",2,0.85,0,"BANDIT-03",False,True,True
100.79000000001466,"BANDIT-01","BANDIT-01",Hostile,Patrol,Active,Engage,MissionAI,"",0,0.45,0,"VIPER-03",False,False,True
100.79000000001466,"BANDIT-02","BANDIT-02",Hostile,Patrol,Active,Evade,MissionAI,"",0,0.45,0,"VIPER-03",False,False,True
100.79000000001466,"BANDIT-03","BANDIT-03",Hostile,Patrol,Active,Engage,MissionAI,"",0,0.45,0,"VIPER-03",False,True,True
100.79000000001466,"BANDIT-04","BANDIT-04",Hostile,Patrol,Active,Engage,MissionAI,"",0,0.45,0,"VIPER-03",False,False,True
100.99000000001476,"VIPER-01","VIPER-01",Friendly,Player,Active,Engage,AutomationPilot,"",0,0.85,0,"BANDIT-03",False,True,True
100.99000000001476,"VIPER-02","VIPER-02",Friendly,Wingman,Active,Engage,MissionAI,"VIPER-01",1,0.85,0,"BANDIT-03",False,True,True
100.99000000001476,"VIPER-03","VIPER-03",Friendly,Wingman,Active,Evade,MissionAI,"VIPER-01",2,0.85,0,"BANDIT-03",False,True,True
100.99000000001476,"BANDIT-01","BANDIT-01",Hostile,Patrol,Active,Engage,MissionAI,"",0,0.45,0,"VIPER-03",False,False,True
100.99000000001476,"BANDIT-02","BANDIT-02",Hostile,Patrol,Active,Evade,MissionAI,"",0,0.45,0,"VIPER-03",False,False,True
100.99000000001476,"BANDIT-03","BANDIT-03",Hostile,Patrol,Active,Engage,MissionAI,"",0,0.45,0,"VIPER-03",False,True,True
100.99000000001476,"BANDIT-04","BANDIT-04",Hostile,Patrol,Active,Engage,MissionAI,"",0,0.45,0,"VIPER-03",False,False,True
101.19000000001486,"VIPER-01","VIPER-01",Friendly,Player,Active,Engage,AutomationPilot,"",0,0.85,0,"BANDIT-03",False,True,True
101.19000000001486,"VIPER-02","VIPER-02",Friendly,Wingman,Active,Engage,MissionAI,"VIPER-01",1,0.85,0,"BANDIT-03",False,True,True
101.19000000001486,"VIPER-03","VIPER-03",Friendly,Wingman,Active,Evade,MissionAI,"VIPER-01",2,0.85,0,"BANDIT-03",False,True,True
101.19000000001486,"BANDIT-01","BANDIT-01",Hostile,Patrol,Active,Engage,MissionAI,"",0,0.45,0,"VIPER-03",False,False,True
101.19000000001486,"BANDIT-02","BANDIT-02",Hostile,Patrol,Active,Evade,MissionAI,"",0,0.45,0,"VIPER-03",False,False,True
101.19000000001486,"BANDIT-03","BANDIT-03",Hostile,Patrol,Active,Engage,MissionAI,"",0,0.45,0,"VIPER-03",False,True,True
101.19000000001486,"BANDIT-04","BANDIT-04",Hostile,Patrol,Active,Engage,MissionAI,"",0,0.45,0,"VIPER-03",False,False,True
101.39000000001496,"VIPER-01","VIPER-01",Friendly,Player,Active,Engage,AutomationPilot,"",0,0.85,0,"BANDIT-03",False,True,True
101.39000000001496,"VIPER-02","VIPER-02",Friendly,Wingman,Active,Engage,MissionAI,"VIPER-01",1,0.85,0,"BANDIT-03",False,True,True
101.39000000001496,"VIPER-03","VIPER-03",Friendly,Wingman,Active,Evade,MissionAI,"VIPER-01",2,0.85,0,"BANDIT-03",False,True,True
101.39000000001496,"BANDIT-01","BANDIT-01",Hostile,Patrol,Active,Engage,MissionAI,"",0,0.45,0,"VIPER-03",False,False,True
101.39000000001496,"BANDIT-02","BANDIT-02",Hostile,Patrol,Active,Evade,MissionAI,"",0,0.45,0,"VIPER-03",False,False,True
101.39000000001496,"BANDIT-03","BANDIT-03",Hostile,Patrol,Active,Engage,MissionAI,"",0,0.45,0,"VIPER-03",False,True,True
101.39000000001496,"BANDIT-04","BANDIT-04",Hostile,Patrol,Active,Engage,MissionAI,"",0,0.45,0,"VIPER-03",False,False,True
101.59000000001507,"VIPER-01","VIPER-01",Friendly,Player,Active,Engage,AutomationPilot,"",0,0.85,0,"BANDIT-03",False,True,True
101.59000000001507,"VIPER-02","VIPER-02",Friendly,Wingman,Active,Engage,MissionAI,"VIPER-01",1,0.85,0,"BANDIT-03",False,True,True
101.59000000001507,"VIPER-03","VIPER-03",Friendly,Wingman,Active,Evade,MissionAI,"VIPER-01",2,0.85,0,"BANDIT-03",False,True,True
101.59000000001507,"BANDIT-01","BANDIT-01",Hostile,Patrol,Active,Engage,MissionAI,"",0,0.45,0,"VIPER-03",False,False,True
101.59000000001507,"BANDIT-02","BANDIT-02",Hostile,Patrol,Active,Evade,MissionAI,"",0,0.45,0,"VIPER-03",False,False,True
101.59000000001507,"BANDIT-03","BANDIT-03",Hostile,Patrol,Active,Engage,MissionAI,"",0,0.45,0,"VIPER-03",False,True,True
101.59000000001507,"BANDIT-04","BANDIT-04",Hostile,Patrol,Active,Engage,MissionAI,"",0,0.45,0,"VIPER-03",False,False,True
101.79000000001517,"VIPER-01","VIPER-01",Friendly,Player,Active,Engage,AutomationPilot,"",0,0.85,0,"BANDIT-03",False,True,True
101.79000000001517,"VIPER-02","VIPER-02",Friendly,Wingman,Active,Engage,MissionAI,"VIPER-01",1,0.85,0,"BANDIT-03",False,True,True
101.79000000001517,"VIPER-03","VIPER-03",Friendly,Wingman,Active,Evade,MissionAI,"VIPER-01",2,0.85,0,"BANDIT-03",False,True,True
101.79000000001517,"BANDIT-01","BANDIT-01",Hostile,Patrol,Active,Engage,MissionAI,"",0,0.45,0,"VIPER-03",False,False,True
101.79000000001517,"BANDIT-02","BANDIT-02",Hostile,Patrol,Active,Evade,MissionAI,"",0,0.45,0,"VIPER-03",False,False,True
101.79000000001517,"BANDIT-03","BANDIT-03",Hostile,Patrol,Active,Engage,MissionAI,"",0,0.45,0,"VIPER-03",False,True,True
101.79000000001517,"BANDIT-04","BANDIT-04",Hostile,Patrol,Active,Engage,MissionAI,"",0,0.45,0,"VIPER-03",False,True,True
101.99000000001527,"VIPER-01","VIPER-01",Friendly,Player,Active,Engage,AutomationPilot,"",0,0.85,0,"BANDIT-03",False,True,True
101.99000000001527,"VIPER-02","VIPER-02",Friendly,Wingman,Active,Engage,MissionAI,"VIPER-01",1,0.85,0,"BANDIT-03",False,True,True
101.99000000001527,"VIPER-03","VIPER-03",Friendly,Wingman,Active,Evade,MissionAI,"VIPER-01",2,0.85,0,"BANDIT-03",False,True,True
101.99000000001527,"BANDIT-01","BANDIT-01",Hostile,Patrol,Active,Engage,MissionAI,"",0,0.45,0,"VIPER-03",False,False,True
101.99000000001527,"BANDIT-02","BANDIT-02",Hostile,Patrol,Active,Evade,MissionAI,"",0,0.45,0,"VIPER-03",False,False,True
101.99000000001527,"BANDIT-03","BANDIT-03",Hostile,Patrol,Active,Engage,MissionAI,"",0,0.45,0,"VIPER-03",False,True,True
101.99000000001527,"BANDIT-04","BANDIT-04",Hostile,Patrol,Active,Engage,MissionAI,"",0,0.45,0,"VIPER-03",False,True,True
102.19000000001537,"VIPER-01","VIPER-01",Friendly,Player,Active,Engage,AutomationPilot,"",0,0.85,0,"BANDIT-03",False,True,True
102.19000000001537,"VIPER-02","VIPER-02",Friendly,Wingman,Active,Engage,MissionAI,"VIPER-01",1,0.85,0,"BANDIT-03",False,True,True
102.19000000001537,"VIPER-03","VIPER-03",Friendly,Wingman,Active,Evade,MissionAI,"VIPER-01",2,0.85,0,"BANDIT-03",False,True,True
102.19000000001537,"BANDIT-01","BANDIT-01",Hostile,Patrol,Active,Engage,MissionAI,"",0,0.45,0,"VIPER-03",False,False,True
102.19000000001537,"BANDIT-02","BANDIT-02",Hostile,Patrol,Active,Evade,MissionAI,"",0,0.45,0,"VIPER-03",False,False,True
102.19000000001537,"BANDIT-03","BANDIT-03",Hostile,Patrol,Active,Engage,MissionAI,"",0,0.45,0,"VIPER-03",False,True,True
102.19000000001537,"BANDIT-04","BANDIT-04",Hostile,Patrol,Active,Engage,MissionAI,"",0,0.45,0,"VIPER-03",False,True,True
102.39000000001548,"VIPER-01","VIPER-01",Friendly,Player,Active,Engage,AutomationPilot,"",0,0.85,0,"BANDIT-03",False,True,True
102.39000000001548,"VIPER-02","VIPER-02",Friendly,Wingman,Active,Engage,MissionAI,"VIPER-01",1,0.85,0,"BANDIT-03",False,True,True
102.39000000001548,"VIPER-03","VIPER-03",Friendly,Wingman,Active,Evade,MissionAI,"VIPER-01",2,0.85,0,"BANDIT-03",False,True,True
102.39000000001548,"BANDIT-01","BANDIT-01",Hostile,Patrol,Active,Engage,MissionAI,"",0,0.45,0,"VIPER-03",False,False,True
102.39000000001548,"BANDIT-02","BANDIT-02",Hostile,Patrol,Active,Evade,MissionAI,"",0,0.45,0,"VIPER-03",False,False,True
102.39000000001548,"BANDIT-03","BANDIT-03",Hostile,Patrol,Active,Engage,MissionAI,"",0,0.45,0,"VIPER-03",False,True,True
102.39000000001548,"BANDIT-04","BANDIT-04",Hostile,Patrol,Active,Engage,MissionAI,"",0,0.45,0,"VIPER-03",False,True,True
102.59000000001558,"VIPER-01","VIPER-01",Friendly,Player,Active,Engage,AutomationPilot,"",0,0.85,0,"BANDIT-03",False,True,True
102.59000000001558,"VIPER-02","VIPER-02",Friendly,Wingman,Active,Engage,MissionAI,"VIPER-01",1,0.85,0,"BANDIT-03",False,True,True
102.59000000001558,"VIPER-03","VIPER-03",Friendly,Wingman,Active,Evade,MissionAI,"VIPER-01",2,0.85,0,"BANDIT-03",False,True,True
102.59000000001558,"BANDIT-01","BANDIT-01",Hostile,Patrol,Active,Engage,MissionAI,"",0,0.45,0,"VIPER-03",False,False,True
102.59000000001558,"BANDIT-02","BANDIT-02",Hostile,Patrol,Active,Evade,MissionAI,"",0,0.45,0,"VIPER-03",False,False,True
102.59000000001558,"BANDIT-03","BANDIT-03",Hostile,Patrol,Active,Engage,MissionAI,"",0,0.45,0,"VIPER-03",False,True,True
102.59000000001558,"BANDIT-04","BANDIT-04",Hostile,Patrol,Active,Engage,MissionAI,"",0,0.45,0,"VIPER-03",False,True,True
102.79000000001568,"VIPER-01","VIPER-01",Friendly,Player,Active,Engage,AutomationPilot,"",0,0.85,0,"BANDIT-03",False,True,True
102.79000000001568,"VIPER-02","VIPER-02",Friendly,Wingman,Active,Engage,MissionAI,"VIPER-01",1,0.85,0,"BANDIT-03",False,True,True
102.79000000001568,"VIPER-03","VIPER-03",Friendly,Wingman,Active,Evade,MissionAI,"VIPER-01",2,0.85,0,"BANDIT-03",False,True,True
102.79000000001568,"BANDIT-01","BANDIT-01",Hostile,Patrol,Active,Engage,MissionAI,"",0,0.45,0,"VIPER-03",False,False,True
102.79000000001568,"BANDIT-02","BANDIT-02",Hostile,Patrol,Active,Evade,MissionAI,"",0,0.45,0,"VIPER-03",False,False,True
102.79000000001568,"BANDIT-03","BANDIT-03",Hostile,Patrol,Active,Engage,MissionAI,"",0,0.45,0,"VIPER-03",False,True,True
102.79000000001568,"BANDIT-04","BANDIT-04",Hostile,Patrol,Active,Engage,MissionAI,"",0,0.45,0,"VIPER-03",False,True,True
102.99000000001578,"VIPER-01","VIPER-01",Friendly,Player,Active,Engage,AutomationPilot,"",0,0.85,0,"BANDIT-03",False,True,True
102.99000000001578,"VIPER-02","VIPER-02",Friendly,Wingman,Active,Engage,MissionAI,"VIPER-01",1,0.85,0,"BANDIT-03",False,True,True
102.99000000001578,"VIPER-03","VIPER-03",Friendly,Wingman,Active,Evade,MissionAI,"VIPER-01",2,0.85,0,"BANDIT-03",False,True,True
102.99000000001578,"BANDIT-01","BANDIT-01",Hostile,Patrol,Active,Engage,MissionAI,"",0,0.45,0,"VIPER-03",False,False,True
102.99000000001578,"BANDIT-02","BANDIT-02",Hostile,Patrol,Active,Evade,MissionAI,"",0,0.45,0,"VIPER-03",False,False,True
102.99000000001578,"BANDIT-03","BANDIT-03",Hostile,Patrol,Active,Engage,MissionAI,"",0,0.45,0,"VIPER-03",False,True,True
102.99000000001578,"BANDIT-04","BANDIT-04",Hostile,Patrol,Active,Engage,MissionAI,"",0,0.45,0,"VIPER-03",False,True,True
103.19000000001589,"VIPER-01","VIPER-01",Friendly,Player,Active,Engage,AutomationPilot,"",0,0.85,0,"BANDIT-03",False,True,True
103.19000000001589,"VIPER-02","VIPER-02",Friendly,Wingman,Active,Engage,MissionAI,"VIPER-01",1,0.85,0,"BANDIT-03",False,True,True
103.19000000001589,"VIPER-03","VIPER-03",Friendly,Wingman,Active,Evade,MissionAI,"VIPER-01",2,0.85,0,"BANDIT-03",False,True,True
103.19000000001589,"BANDIT-01","BANDIT-01",Hostile,Patrol,Active,Engage,MissionAI,"",0,0.45,0,"VIPER-03",False,False,True
103.19000000001589,"BANDIT-02","BANDIT-02",Hostile,Patrol,Active,Evade,MissionAI,"",0,0.45,0,"VIPER-03",False,False,True
103.19000000001589,"BANDIT-03","BANDIT-03",Hostile,Patrol,Active,Engage,MissionAI,"",0,0.45,0,"VIPER-03",False,True,True
103.19000000001589,"BANDIT-04","BANDIT-04",Hostile,Patrol,Active,Engage,MissionAI,"",0,0.45,0,"VIPER-03",False,True,True
103.39000000001599,"VIPER-01","VIPER-01",Friendly,Player,Active,Engage,AutomationPilot,"",0,0.85,0,"BANDIT-03",False,True,True
103.39000000001599,"VIPER-02","VIPER-02",Friendly,Wingman,Active,Engage,MissionAI,"VIPER-01",1,0.85,0,"BANDIT-03",False,True,True
103.39000000001599,"VIPER-03","VIPER-03",Friendly,Wingman,Active,Evade,MissionAI,"VIPER-01",2,0.85,0,"BANDIT-03",False,True,True
103.39000000001599,"BANDIT-01","BANDIT-01",Hostile,Patrol,Active,Engage,MissionAI,"",0,0.45,0,"VIPER-03",False,False,True
103.39000000001599,"BANDIT-02","BANDIT-02",Hostile,Patrol,Active,Evade,MissionAI,"",0,0.45,0,"VIPER-03",False,False,True
103.39000000001599,"BANDIT-03","BANDIT-03",Hostile,Patrol,Active,Evade,MissionAI,"",0,0.45,0,"VIPER-03",False,True,True
103.39000000001599,"BANDIT-04","BANDIT-04",Hostile,Patrol,Active,Engage,MissionAI,"",0,0.45,0,"VIPER-03",False,True,True
103.59000000001609,"VIPER-01","VIPER-01",Friendly,Player,Active,Engage,AutomationPilot,"",0,0.85,0,"BANDIT-03",False,True,True
103.59000000001609,"VIPER-02","VIPER-02",Friendly,Wingman,Active,Engage,MissionAI,"VIPER-01",1,0.85,0,"BANDIT-03",False,True,True
103.59000000001609,"VIPER-03","VIPER-03",Friendly,Wingman,Active,Evade,MissionAI,"VIPER-01",2,0.85,0,"BANDIT-03",False,True,True
103.59000000001609,"BANDIT-01","BANDIT-01",Hostile,Patrol,Active,Engage,MissionAI,"",0,0.45,0,"VIPER-03",False,False,True
103.59000000001609,"BANDIT-02","BANDIT-02",Hostile,Patrol,Active,Evade,MissionAI,"",0,0.45,0,"VIPER-03",False,False,True
103.59000000001609,"BANDIT-03","BANDIT-03",Hostile,Patrol,Active,Evade,MissionAI,"",0,0.45,0,"VIPER-03",False,True,True
103.59000000001609,"BANDIT-04","BANDIT-04",Hostile,Patrol,Active,Engage,MissionAI,"",0,0.45,0,"VIPER-03",False,True,True
103.79000000001619,"VIPER-01","VIPER-01",Friendly,Player,Active,Engage,AutomationPilot,"",0,0.85,0,"BANDIT-03",False,True,True
103.79000000001619,"VIPER-02","VIPER-02",Friendly,Wingman,Active,Engage,MissionAI,"VIPER-01",1,0.85,0,"BANDIT-03",False,True,True
103.79000000001619,"VIPER-03","VIPER-03",Friendly,Wingman,Active,Evade,MissionAI,"VIPER-01",2,0.85,0,"BANDIT-03",False,True,True
103.79000000001619,"BANDIT-01","BANDIT-01",Hostile,Patrol,Active,Engage,MissionAI,"",0,0.45,0,"VIPER-03",False,False,True
103.79000000001619,"BANDIT-02","BANDIT-02",Hostile,Patrol,Active,Evade,MissionAI,"",0,0.45,0,"VIPER-03",False,False,True
103.79000000001619,"BANDIT-03","BANDIT-03",Hostile,Patrol,Active,Evade,MissionAI,"",0,0.45,0,"VIPER-03",False,True,True
103.79000000001619,"BANDIT-04","BANDIT-04",Hostile,Patrol,Active,Engage,MissionAI,"",0,0.45,0,"VIPER-03",False,True,True
103.99000000001629,"VIPER-01","VIPER-01",Friendly,Player,Active,Engage,AutomationPilot,"",0,0.85,0,"BANDIT-03",False,True,True
103.99000000001629,"VIPER-02","VIPER-02",Friendly,Wingman,Active,Engage,MissionAI,"VIPER-01",1,0.85,0,"BANDIT-03",False,True,True
103.99000000001629,"VIPER-03","VIPER-03",Friendly,Wingman,Active,Evade,MissionAI,"VIPER-01",2,0.85,0,"BANDIT-03",False,True,True
103.99000000001629,"BANDIT-01","BANDIT-01",Hostile,Patrol,Active,Engage,MissionAI,"",0,0.45,0,"VIPER-03",False,False,True
103.99000000001629,"BANDIT-02","BANDIT-02",Hostile,Patrol,Active,Evade,MissionAI,"",0,0.45,0,"VIPER-03",False,False,True
103.99000000001629,"BANDIT-03","BANDIT-03",Hostile,Patrol,Active,Evade,MissionAI,"",0,0.45,0,"VIPER-03",False,True,True
103.99000000001629,"BANDIT-04","BANDIT-04",Hostile,Patrol,Active,Engage,MissionAI,"",0,0.45,0,"VIPER-03",False,True,True
104.1900000000164,"VIPER-01","VIPER-01",Friendly,Player,Active,Engage,AutomationPilot,"",0,0.85,0,"BANDIT-03",False,True,True
104.1900000000164,"VIPER-02","VIPER-02",Friendly,Wingman,Active,Engage,MissionAI,"VIPER-01",1,0.85,0,"BANDIT-03",False,True,True
104.1900000000164,"VIPER-03","VIPER-03",Friendly,Wingman,Active,Evade,MissionAI,"VIPER-01",2,0.85,0,"BANDIT-03",False,True,True
104.1900000000164,"BANDIT-01","BANDIT-01",Hostile,Patrol,Active,Engage,MissionAI,"",0,0.45,0,"VIPER-03",False,False,True
104.1900000000164,"BANDIT-02","BANDIT-02",Hostile,Patrol,Active,Evade,MissionAI,"",0,0.45,0,"VIPER-03",False,False,True
104.1900000000164,"BANDIT-03","BANDIT-03",Hostile,Patrol,Active,Evade,MissionAI,"",0,0.45,0,"VIPER-03",False,True,True
104.1900000000164,"BANDIT-04","BANDIT-04",Hostile,Patrol,Active,Engage,MissionAI,"",0,0.45,0,"VIPER-03",False,True,True
104.3900000000165,"VIPER-01","VIPER-01",Friendly,Player,Active,Engage,AutomationPilot,"",0,0.85,0,"BANDIT-03",False,True,True
104.3900000000165,"VIPER-02","VIPER-02",Friendly,Wingman,Active,Engage,MissionAI,"VIPER-01",1,0.85,0,"BANDIT-03",False,True,True
104.3900000000165,"VIPER-03","VIPER-03",Friendly,Wingman,Active,Evade,MissionAI,"VIPER-01",2,0.85,0,"BANDIT-03",False,True,True
104.3900000000165,"BANDIT-01","BANDIT-01",Hostile,Patrol,Active,Engage,MissionAI,"",0,0.45,0,"VIPER-03",False,False,True
104.3900000000165,"BANDIT-02","BANDIT-02",Hostile,Patrol,Active,Evade,MissionAI,"",0,0.45,0,"VIPER-03",False,False,True
104.3900000000165,"BANDIT-03","BANDIT-03",Hostile,Patrol,Active,Evade,MissionAI,"",0,0.45,0,"VIPER-03",False,True,True
104.3900000000165,"BANDIT-04","BANDIT-04",Hostile,Patrol,Active,Engage,MissionAI,"",0,0.45,0,"VIPER-03",False,True,True
104.5900000000166,"VIPER-01","VIPER-01",Friendly,Player,Active,Engage,AutomationPilot,"",0,0.85,0,"BANDIT-03",False,True,True
104.5900000000166,"VIPER-02","VIPER-02",Friendly,Wingman,Active,Engage,MissionAI,"VIPER-01",1,0.85,0,"BANDIT-03",False,True,True
104.5900000000166,"VIPER-03","VIPER-03",Friendly,Wingman,Active,Evade,MissionAI,"VIPER-01",2,0.85,0,"BANDIT-03",False,True,True
104.5900000000166,"BANDIT-01","BANDIT-01",Hostile,Patrol,Active,Engage,MissionAI,"",0,0.45,0,"VIPER-03",False,False,True
104.5900000000166,"BANDIT-02","BANDIT-02",Hostile,Patrol,Active,Evade,MissionAI,"",0,0.45,0,"VIPER-03",False,False,True
104.5900000000166,"BANDIT-03","BANDIT-03",Hostile,Patrol,Active,Evade,MissionAI,"",0,0.45,0,"VIPER-03",False,True,True
104.5900000000166,"BANDIT-04","BANDIT-04",Hostile,Patrol,Active,Engage,MissionAI,"",0,0.45,0,"VIPER-03",False,True,True
104.7900000000167,"VIPER-01","VIPER-01",Friendly,Player,Active,Engage,AutomationPilot,"",0,0.85,0,"BANDIT-03",False,True,True
104.7900000000167,"VIPER-02","VIPER-02",Friendly,Wingman,Active,Engage,MissionAI,"VIPER-01",1,0.85,0,"BANDIT-03",False,True,True
104.7900000000167,"VIPER-03","VIPER-03",Friendly,Wingman,Active,Evade,MissionAI,"VIPER-01",2,0.85,0,"BANDIT-03",False,True,True
104.7900000000167,"BANDIT-01","BANDIT-01",Hostile,Patrol,Active,Engage,MissionAI,"",0,0.45,0,"VIPER-03",False,False,True
104.7900000000167,"BANDIT-02","BANDIT-02",Hostile,Patrol,Active,Evade,MissionAI,"",0,0.45,0,"VIPER-03",False,False,True
104.7900000000167,"BANDIT-03","BANDIT-03",Hostile,Patrol,Active,Evade,MissionAI,"",0,0.45,0,"VIPER-03",False,True,True
104.7900000000167,"BANDIT-04","BANDIT-04",Hostile,Patrol,Active,Engage,MissionAI,"",0,0.45,0,"VIPER-03",False,True,True
104.99000000001681,"VIPER-01","VIPER-01",Friendly,Player,Active,Engage,AutomationPilot,"",0,0.85,0,"BANDIT-03",False,True,True
104.99000000001681,"VIPER-02","VIPER-02",Friendly,Wingman,Active,Engage,MissionAI,"VIPER-01",1,0.85,0,"BANDIT-03",False,True,True
104.99000000001681,"VIPER-03","VIPER-03",Friendly,Wingman,Active,Evade,MissionAI,"VIPER-01",2,0.85,0,"BANDIT-03",False,True,True
104.99000000001681,"BANDIT-01","BANDIT-01",Hostile,Patrol,Active,Engage,MissionAI,"",0,0.45,0,"VIPER-02",False,False,True
104.99000000001681,"BANDIT-02","BANDIT-02",Hostile,Patrol,Active,Evade,MissionAI,"",0,0.45,0,"VIPER-03",False,False,True
104.99000000001681,"BANDIT-03","BANDIT-03",Hostile,Patrol,Active,Evade,MissionAI,"",0,0.45,0,"VIPER-03",False,True,True
104.99000000001681,"BANDIT-04","BANDIT-04",Hostile,Patrol,Active,Engage,MissionAI,"",0,0.45,0,"VIPER-03",False,True,True
105.19000000001691,"VIPER-01","VIPER-01",Friendly,Player,Active,Engage,AutomationPilot,"",0,0.85,0,"BANDIT-03",False,True,True
105.19000000001691,"VIPER-02","VIPER-02",Friendly,Wingman,Active,Engage,MissionAI,"VIPER-01",1,0.85,0,"BANDIT-03",False,True,True
105.19000000001691,"VIPER-03","VIPER-03",Friendly,Wingman,Active,Evade,MissionAI,"VIPER-01",2,0.85,0,"BANDIT-03",False,True,True
105.19000000001691,"BANDIT-01","BANDIT-01",Hostile,Patrol,Active,Engage,MissionAI,"",0,0.45,0,"VIPER-02",False,False,True
105.19000000001691,"BANDIT-02","BANDIT-02",Hostile,Patrol,Active,Evade,MissionAI,"",0,0.45,0,"VIPER-03",False,False,True
105.19000000001691,"BANDIT-03","BANDIT-03",Hostile,Patrol,Active,Evade,MissionAI,"",0,0.45,0,"VIPER-03",False,True,True
105.19000000001691,"BANDIT-04","BANDIT-04",Hostile,Patrol,Active,Engage,MissionAI,"",0,0.45,0,"VIPER-02",False,True,True
105.39000000001701,"VIPER-01","VIPER-01",Friendly,Player,Active,Engage,AutomationPilot,"",0,0.85,0,"BANDIT-03",False,True,True
105.39000000001701,"VIPER-02","VIPER-02",Friendly,Wingman,Active,Engage,MissionAI,"VIPER-01",1,0.85,0,"BANDIT-03",False,True,True
105.39000000001701,"VIPER-03","VIPER-03",Friendly,Wingman,Active,Evade,MissionAI,"VIPER-01",2,0.85,0,"BANDIT-03",False,True,True
105.39000000001701,"BANDIT-01","BANDIT-01",Hostile,Patrol,Active,Engage,MissionAI,"",0,0.45,0,"VIPER-02",False,False,True
105.39000000001701,"BANDIT-02","BANDIT-02",Hostile,Patrol,Active,Evade,MissionAI,"",0,0.45,0,"VIPER-03",False,False,True
105.39000000001701,"BANDIT-03","BANDIT-03",Hostile,Patrol,Active,Evade,MissionAI,"",0,0.45,0,"VIPER-03",False,True,True
105.39000000001701,"BANDIT-04","BANDIT-04",Hostile,Patrol,Active,Engage,MissionAI,"",0,0.45,0,"VIPER-02",False,True,True
105.59000000001711,"VIPER-01","VIPER-01",Friendly,Player,Active,Engage,AutomationPilot,"",0,0.85,0,"BANDIT-03",False,True,True
105.59000000001711,"VIPER-02","VIPER-02",Friendly,Wingman,Active,Engage,MissionAI,"VIPER-01",1,0.85,0,"BANDIT-03",False,True,True
105.59000000001711,"VIPER-03","VIPER-03",Friendly,Wingman,Active,Evade,MissionAI,"VIPER-01",2,0.85,0,"BANDIT-03",False,True,True
105.59000000001711,"BANDIT-01","BANDIT-01",Hostile,Patrol,Active,Engage,MissionAI,"",0,0.45,0,"VIPER-02",False,False,True
105.59000000001711,"BANDIT-02","BANDIT-02",Hostile,Patrol,Active,Evade,MissionAI,"",0,0.45,0,"VIPER-03",False,False,True
105.59000000001711,"BANDIT-03","BANDIT-03",Hostile,Patrol,Active,Evade,MissionAI,"",0,0.45,0,"VIPER-03",False,True,True
105.59000000001711,"BANDIT-04","BANDIT-04",Hostile,Patrol,Active,Engage,MissionAI,"",0,0.45,0,"VIPER-02",False,True,True
105.79000000001722,"VIPER-01","VIPER-01",Friendly,Player,Active,Engage,AutomationPilot,"",0,0.85,0,"BANDIT-03",False,True,True
105.79000000001722,"VIPER-02","VIPER-02",Friendly,Wingman,Active,Engage,MissionAI,"VIPER-01",1,0.85,0,"BANDIT-03",False,True,True
105.79000000001722,"VIPER-03","VIPER-03",Friendly,Wingman,Active,Evade,MissionAI,"VIPER-01",2,0.85,0,"BANDIT-03",False,True,True
105.79000000001722,"BANDIT-01","BANDIT-01",Hostile,Patrol,Active,Engage,MissionAI,"",0,0.45,0,"VIPER-02",False,False,True
105.79000000001722,"BANDIT-02","BANDIT-02",Hostile,Patrol,Neutralized,Evade,MissionAI,"",0,0.45,0,"VIPER-03",False,True,True
105.79000000001722,"BANDIT-03","BANDIT-03",Hostile,Patrol,Active,Evade,MissionAI,"",0,0.45,0,"VIPER-03",False,True,True
105.79000000001722,"BANDIT-04","BANDIT-04",Hostile,Patrol,Active,Engage,MissionAI,"",0,0.45,0,"VIPER-02",False,True,True
105.99000000001732,"VIPER-01","VIPER-01",Friendly,Player,Active,Engage,AutomationPilot,"",0,0.85,0,"BANDIT-03",False,True,True
105.99000000001732,"VIPER-02","VIPER-02",Friendly,Wingman,Active,Engage,MissionAI,"VIPER-01",1,0.85,0,"BANDIT-03",False,True,True
105.99000000001732,"VIPER-03","VIPER-03",Friendly,Wingman,Active,Evade,MissionAI,"VIPER-01",2,0.85,0,"BANDIT-03",False,True,True
105.99000000001732,"BANDIT-01","BANDIT-01",Hostile,Patrol,Active,Engage,MissionAI,"",0,0.45,0,"VIPER-02",False,False,True
105.99000000001732,"BANDIT-02","BANDIT-02",Hostile,Patrol,Neutralized,Evade,MissionAI,"",0,0.45,0,"VIPER-03",False,True,True
105.99000000001732,"BANDIT-03","BANDIT-03",Hostile,Patrol,Active,Evade,MissionAI,"",0,0.45,0,"VIPER-03",False,True,True
105.99000000001732,"BANDIT-04","BANDIT-04",Hostile,Patrol,Active,Engage,MissionAI,"",0,0.45,0,"VIPER-02",False,True,True
106.19000000001742,"VIPER-01","VIPER-01",Friendly,Player,Active,Engage,AutomationPilot,"",0,0.85,0,"BANDIT-03",False,True,True
106.19000000001742,"VIPER-02","VIPER-02",Friendly,Wingman,Active,Engage,MissionAI,"VIPER-01",1,0.85,0,"BANDIT-03",False,True,True
106.19000000001742,"VIPER-03","VIPER-03",Friendly,Wingman,Active,Evade,MissionAI,"VIPER-01",2,0.85,0,"BANDIT-03",False,True,True
106.19000000001742,"BANDIT-01","BANDIT-01",Hostile,Patrol,Active,Engage,MissionAI,"",0,0.45,0,"VIPER-02",False,False,True
106.19000000001742,"BANDIT-02","BANDIT-02",Hostile,Patrol,Neutralized,Evade,MissionAI,"",0,0.45,0,"VIPER-03",False,True,True
106.19000000001742,"BANDIT-03","BANDIT-03",Hostile,Patrol,Active,Evade,MissionAI,"",0,0.45,0,"VIPER-03",False,True,True
106.19000000001742,"BANDIT-04","BANDIT-04",Hostile,Patrol,Active,Engage,MissionAI,"",0,0.45,0,"VIPER-02",False,True,True
106.39000000001752,"VIPER-01","VIPER-01",Friendly,Player,Active,Engage,AutomationPilot,"",0,0.85,0,"BANDIT-03",False,True,True
106.39000000001752,"VIPER-02","VIPER-02",Friendly,Wingman,Active,Engage,MissionAI,"VIPER-01",1,0.85,0,"BANDIT-03",False,True,True
106.39000000001752,"VIPER-03","VIPER-03",Friendly,Wingman,Active,Evade,MissionAI,"VIPER-01",2,0.85,0,"BANDIT-03",False,True,True
106.39000000001752,"BANDIT-01","BANDIT-01",Hostile,Patrol,Active,Engage,MissionAI,"",0,0.45,0,"VIPER-02",False,False,True
106.39000000001752,"BANDIT-02","BANDIT-02",Hostile,Patrol,Neutralized,Evade,MissionAI,"",0,0.45,0,"VIPER-03",False,True,True
106.39000000001752,"BANDIT-03","BANDIT-03",Hostile,Patrol,Active,Evade,MissionAI,"",0,0.45,0,"VIPER-03",False,True,True
106.39000000001752,"BANDIT-04","BANDIT-04",Hostile,Patrol,Active,Engage,MissionAI,"",0,0.45,0,"VIPER-02",False,True,True
106.59000000001762,"VIPER-01","VIPER-01",Friendly,Player,Active,Engage,AutomationPilot,"",0,0.85,0,"BANDIT-03",False,True,True
106.59000000001762,"VIPER-02","VIPER-02",Friendly,Wingman,Active,Engage,MissionAI,"VIPER-01",1,0.85,0,"BANDIT-03",False,True,True
106.59000000001762,"VIPER-03","VIPER-03",Friendly,Wingman,Active,Evade,MissionAI,"VIPER-01",2,0.85,0,"BANDIT-03",False,True,True
106.59000000001762,"BANDIT-01","BANDIT-01",Hostile,Patrol,Active,Engage,MissionAI,"",0,0.45,0,"VIPER-02",False,False,True
106.59000000001762,"BANDIT-02","BANDIT-02",Hostile,Patrol,Neutralized,Evade,MissionAI,"",0,0.45,0,"VIPER-03",False,True,True
106.59000000001762,"BANDIT-03","BANDIT-03",Hostile,Patrol,Active,Evade,MissionAI,"",0,0.45,0,"VIPER-03",False,True,True
106.59000000001762,"BANDIT-04","BANDIT-04",Hostile,Patrol,Active,Engage,MissionAI,"",0,0.45,0,"VIPER-02",False,True,True
106.79000000001773,"VIPER-01","VIPER-01",Friendly,Player,Active,Engage,AutomationPilot,"",0,0.85,0,"BANDIT-03",False,True,True
106.79000000001773,"VIPER-02","VIPER-02",Friendly,Wingman,Active,Engage,MissionAI,"VIPER-01",1,0.85,0,"BANDIT-03",False,True,True
106.79000000001773,"VIPER-03","VIPER-03",Friendly,Wingman,Active,Evade,MissionAI,"VIPER-01",2,0.85,0,"BANDIT-03",False,True,True
106.79000000001773,"BANDIT-01","BANDIT-01",Hostile,Patrol,Active,Engage,MissionAI,"",0,0.45,0,"VIPER-02",False,False,True
106.79000000001773,"BANDIT-02","BANDIT-02",Hostile,Patrol,Neutralized,Evade,MissionAI,"",0,0.45,0,"VIPER-03",False,True,True
106.79000000001773,"BANDIT-03","BANDIT-03",Hostile,Patrol,Active,Evade,MissionAI,"",0,0.45,0,"VIPER-03",False,True,True
106.79000000001773,"BANDIT-04","BANDIT-04",Hostile,Patrol,Active,Engage,MissionAI,"",0,0.45,0,"VIPER-02",False,True,True
106.99000000001783,"VIPER-01","VIPER-01",Friendly,Player,Active,Engage,AutomationPilot,"",0,0.85,0,"BANDIT-03",False,True,True
106.99000000001783,"VIPER-02","VIPER-02",Friendly,Wingman,Active,Engage,MissionAI,"VIPER-01",1,0.85,0,"BANDIT-03",False,True,True
106.99000000001783,"VIPER-03","VIPER-03",Friendly,Wingman,Active,Evade,MissionAI,"VIPER-01",2,0.85,0,"BANDIT-03",False,True,True
106.99000000001783,"BANDIT-01","BANDIT-01",Hostile,Patrol,Active,Engage,MissionAI,"",0,0.45,0,"VIPER-02",False,False,True
106.99000000001783,"BANDIT-02","BANDIT-02",Hostile,Patrol,Neutralized,Evade,MissionAI,"",0,0.45,0,"VIPER-03",False,True,True
106.99000000001783,"BANDIT-03","BANDIT-03",Hostile,Patrol,Active,Evade,MissionAI,"",0,0.45,0,"VIPER-03",False,True,True
106.99000000001783,"BANDIT-04","BANDIT-04",Hostile,Patrol,Active,Engage,MissionAI,"",0,0.45,0,"VIPER-02",False,True,True
107.19000000001793,"VIPER-01","VIPER-01",Friendly,Player,Active,Engage,AutomationPilot,"",0,0.85,0,"BANDIT-03",False,True,True
107.19000000001793,"VIPER-02","VIPER-02",Friendly,Wingman,Active,Engage,MissionAI,"VIPER-01",1,0.85,0,"BANDIT-03",False,True,True
107.19000000001793,"VIPER-03","VIPER-03",Friendly,Wingman,Active,Evade,MissionAI,"VIPER-01",2,0.85,0,"BANDIT-03",False,True,True
107.19000000001793,"BANDIT-01","BANDIT-01",Hostile,Patrol,Active,Engage,MissionAI,"",0,0.45,0,"VIPER-02",False,False,True
107.19000000001793,"BANDIT-02","BANDIT-02",Hostile,Patrol,Neutralized,Evade,MissionAI,"",0,0.45,0,"VIPER-03",False,True,True
107.19000000001793,"BANDIT-03","BANDIT-03",Hostile,Patrol,Active,Evade,MissionAI,"",0,0.45,0,"VIPER-03",False,True,True
107.19000000001793,"BANDIT-04","BANDIT-04",Hostile,Patrol,Active,Engage,MissionAI,"",0,0.45,0,"VIPER-02",False,True,True
107.39000000001803,"VIPER-01","VIPER-01",Friendly,Player,Active,Engage,AutomationPilot,"",0,0.85,0,"BANDIT-03",False,True,True
107.39000000001803,"VIPER-02","VIPER-02",Friendly,Wingman,Active,Engage,MissionAI,"VIPER-01",1,0.85,0,"BANDIT-03",False,True,True
107.39000000001803,"VIPER-03","VIPER-03",Friendly,Wingman,Active,Evade,MissionAI,"VIPER-01",2,0.85,0,"BANDIT-03",False,True,True
107.39000000001803,"BANDIT-01","BANDIT-01",Hostile,Patrol,Active,Engage,MissionAI,"",0,0.45,0,"VIPER-02",False,False,True
107.39000000001803,"BANDIT-02","BANDIT-02",Hostile,Patrol,Neutralized,Evade,MissionAI,"",0,0.45,0,"VIPER-03",False,True,True
107.39000000001803,"BANDIT-03","BANDIT-03",Hostile,Patrol,Active,Evade,MissionAI,"",0,0.45,0,"VIPER-03",False,True,True
107.39000000001803,"BANDIT-04","BANDIT-04",Hostile,Patrol,Active,Engage,MissionAI,"",0,0.45,0,"VIPER-02",False,True,True
107.59000000001814,"VIPER-01","VIPER-01",Friendly,Player,Active,Engage,AutomationPilot,"",0,0.85,0,"BANDIT-03",False,True,True
107.59000000001814,"VIPER-02","VIPER-02",Friendly,Wingman,Active,Engage,MissionAI,"VIPER-01",1,0.85,0,"BANDIT-03",False,True,True
107.59000000001814,"VIPER-03","VIPER-03",Friendly,Wingman,Active,Evade,MissionAI,"VIPER-01",2,0.85,0,"BANDIT-03",False,True,True
107.59000000001814,"BANDIT-01","BANDIT-01",Hostile,Patrol,Active,Engage,MissionAI,"",0,0.45,0,"VIPER-02",False,False,True
107.59000000001814,"BANDIT-02","BANDIT-02",Hostile,Patrol,Neutralized,Evade,MissionAI,"",0,0.45,0,"VIPER-03",False,True,True
107.59000000001814,"BANDIT-03","BANDIT-03",Hostile,Patrol,Active,Evade,MissionAI,"",0,0.45,0,"VIPER-03",False,True,True
107.59000000001814,"BANDIT-04","BANDIT-04",Hostile,Patrol,Active,Engage,MissionAI,"",0,0.45,0,"VIPER-02",False,True,True
107.79000000001824,"VIPER-01","VIPER-01",Friendly,Player,Active,Engage,AutomationPilot,"",0,0.85,0,"BANDIT-03",False,True,True
107.79000000001824,"VIPER-02","VIPER-02",Friendly,Wingman,Active,Engage,MissionAI,"VIPER-01",1,0.85,0,"BANDIT-03",False,True,True
107.79000000001824,"VIPER-03","VIPER-03",Friendly,Wingman,Active,Evade,MissionAI,"VIPER-01",2,0.85,0,"BANDIT-03",False,True,True
107.79000000001824,"BANDIT-01","BANDIT-01",Hostile,Patrol,Active,Engage,MissionAI,"",0,0.45,0,"VIPER-02",False,False,True
107.79000000001824,"BANDIT-02","BANDIT-02",Hostile,Patrol,Neutralized,Evade,MissionAI,"",0,0.45,0,"VIPER-03",False,True,True
107.79000000001824,"BANDIT-03","BANDIT-03",Hostile,Patrol,Active,Evade,MissionAI,"",0,0.45,0,"VIPER-03",False,True,True
107.79000000001824,"BANDIT-04","BANDIT-04",Hostile,Patrol,Active,Engage,MissionAI,"",0,0.45,0,"VIPER-02",False,True,True
107.99000000001834,"VIPER-01","VIPER-01",Friendly,Player,Active,Engage,AutomationPilot,"",0,0.85,0,"BANDIT-03",False,True,True
107.99000000001834,"VIPER-02","VIPER-02",Friendly,Wingman,Active,Engage,MissionAI,"VIPER-01",1,0.85,0,"BANDIT-03",False,True,True
107.99000000001834,"VIPER-03","VIPER-03",Friendly,Wingman,Active,Evade,MissionAI,"VIPER-01",2,0.85,0,"BANDIT-03",False,True,True
107.99000000001834,"BANDIT-01","BANDIT-01",Hostile,Patrol,Active,Engage,MissionAI,"",0,0.45,0,"VIPER-02",False,False,True
107.99000000001834,"BANDIT-02","BANDIT-02",Hostile,Patrol,Neutralized,Evade,MissionAI,"",0,0.45,0,"VIPER-03",False,True,True
107.99000000001834,"BANDIT-03","BANDIT-03",Hostile,Patrol,Active,Evade,MissionAI,"",0,0.45,0,"VIPER-03",False,True,True
107.99000000001834,"BANDIT-04","BANDIT-04",Hostile,Patrol,Active,Engage,MissionAI,"",0,0.45,0,"VIPER-02",False,True,True
108.19000000001844,"VIPER-01","VIPER-01",Friendly,Player,Active,Engage,AutomationPilot,"",0,0.85,0,"BANDIT-03",False,True,True
108.19000000001844,"VIPER-02","VIPER-02",Friendly,Wingman,Active,Engage,MissionAI,"VIPER-01",1,0.85,0,"BANDIT-03",False,True,True
108.19000000001844,"VIPER-03","VIPER-03",Friendly,Wingman,Active,Evade,MissionAI,"VIPER-01",2,0.85,0,"BANDIT-03",False,True,True
108.19000000001844,"BANDIT-01","BANDIT-01",Hostile,Patrol,Active,Engage,MissionAI,"",0,0.45,0,"VIPER-02",False,False,True
108.19000000001844,"BANDIT-02","BANDIT-02",Hostile,Patrol,Neutralized,Evade,MissionAI,"",0,0.45,0,"VIPER-03",False,True,True
108.19000000001844,"BANDIT-03","BANDIT-03",Hostile,Patrol,Active,Evade,MissionAI,"",0,0.45,0,"VIPER-03",False,True,True
108.19000000001844,"BANDIT-04","BANDIT-04",Hostile,Patrol,Active,Engage,MissionAI,"",0,0.45,0,"VIPER-02",False,True,True
108.39000000001855,"VIPER-01","VIPER-01",Friendly,Player,Active,Engage,AutomationPilot,"",0,0.85,0,"BANDIT-03",False,True,True
108.39000000001855,"VIPER-02","VIPER-02",Friendly,Wingman,Active,Engage,MissionAI,"VIPER-01",1,0.85,0,"BANDIT-03",False,True,True
108.39000000001855,"VIPER-03","VIPER-03",Friendly,Wingman,Active,Evade,MissionAI,"VIPER-01",2,0.85,0,"BANDIT-03",False,True,True
108.39000000001855,"BANDIT-01","BANDIT-01",Hostile,Patrol,Active,Engage,MissionAI,"",0,0.45,0,"VIPER-02",False,False,True
108.39000000001855,"BANDIT-02","BANDIT-02",Hostile,Patrol,Neutralized,Evade,MissionAI,"",0,0.45,0,"VIPER-03",False,True,True
108.39000000001855,"BANDIT-03","BANDIT-03",Hostile,Patrol,Active,Evade,MissionAI,"",0,0.45,0,"VIPER-03",False,True,True
108.39000000001855,"BANDIT-04","BANDIT-04",Hostile,Patrol,Active,Engage,MissionAI,"",0,0.45,0,"VIPER-02",False,True,True
108.59000000001865,"VIPER-01","VIPER-01",Friendly,Player,Active,Engage,AutomationPilot,"",0,0.85,0,"BANDIT-03",False,True,True
108.59000000001865,"VIPER-02","VIPER-02",Friendly,Wingman,Active,Engage,MissionAI,"VIPER-01",1,0.85,0,"BANDIT-03",False,True,True
108.59000000001865,"VIPER-03","VIPER-03",Friendly,Wingman,Active,Evade,MissionAI,"VIPER-01",2,0.85,0,"BANDIT-03",False,True,True
108.59000000001865,"BANDIT-01","BANDIT-01",Hostile,Patrol,Active,Engage,MissionAI,"",0,0.45,0,"VIPER-02",False,False,True
108.59000000001865,"BANDIT-02","BANDIT-02",Hostile,Patrol,Neutralized,Evade,MissionAI,"",0,0.45,0,"VIPER-03",False,True,True
108.59000000001865,"BANDIT-03","BANDIT-03",Hostile,Patrol,Active,Evade,MissionAI,"",0,0.45,0,"VIPER-03",False,True,True
108.59000000001865,"BANDIT-04","BANDIT-04",Hostile,Patrol,Active,Engage,MissionAI,"",0,0.45,0,"VIPER-02",False,True,True
108.79000000001875,"VIPER-01","VIPER-01",Friendly,Player,Active,Engage,AutomationPilot,"",0,0.85,0,"BANDIT-03",False,True,True
108.79000000001875,"VIPER-02","VIPER-02",Friendly,Wingman,Active,Engage,MissionAI,"VIPER-01",1,0.85,0,"BANDIT-03",False,True,True
108.79000000001875,"VIPER-03","VIPER-03",Friendly,Wingman,Active,Evade,MissionAI,"VIPER-01",2,0.85,0,"BANDIT-03",False,True,True
108.79000000001875,"BANDIT-01","BANDIT-01",Hostile,Patrol,Active,Engage,MissionAI,"",0,0.45,0,"VIPER-02",False,False,True
108.79000000001875,"BANDIT-02","BANDIT-02",Hostile,Patrol,Neutralized,Evade,MissionAI,"",0,0.45,0,"VIPER-03",False,True,True
108.79000000001875,"BANDIT-03","BANDIT-03",Hostile,Patrol,Active,Evade,MissionAI,"",0,0.45,0,"VIPER-03",False,True,True
108.79000000001875,"BANDIT-04","BANDIT-04",Hostile,Patrol,Active,Engage,MissionAI,"",0,0.45,0,"VIPER-02",False,True,True
108.99000000001885,"VIPER-01","VIPER-01",Friendly,Player,Active,Engage,AutomationPilot,"",0,0.85,0,"BANDIT-03",False,True,True
108.99000000001885,"VIPER-02","VIPER-02",Friendly,Wingman,Active,Engage,MissionAI,"VIPER-01",1,0.85,0,"BANDIT-03",False,True,True
108.99000000001885,"VIPER-03","VIPER-03",Friendly,Wingman,Active,Evade,MissionAI,"VIPER-01",2,0.85,0,"BANDIT-03",False,True,True
108.99000000001885,"BANDIT-01","BANDIT-01",Hostile,Patrol,Active,Engage,MissionAI,"",0,0.45,0,"VIPER-02",False,False,True
108.99000000001885,"BANDIT-02","BANDIT-02",Hostile,Patrol,Neutralized,Evade,MissionAI,"",0,0.45,0,"VIPER-03",False,True,True
108.99000000001885,"BANDIT-03","BANDIT-03",Hostile,Patrol,Active,Evade,MissionAI,"",0,0.45,0,"VIPER-03",False,True,True
108.99000000001885,"BANDIT-04","BANDIT-04",Hostile,Patrol,Active,Engage,MissionAI,"",0,0.45,0,"VIPER-02",False,True,True
109.19000000001896,"VIPER-01","VIPER-01",Friendly,Player,Active,Engage,AutomationPilot,"",0,0.85,0,"BANDIT-03",False,True,True
109.19000000001896,"VIPER-02","VIPER-02",Friendly,Wingman,Active,Engage,MissionAI,"VIPER-01",1,0.85,0,"BANDIT-03",False,True,True
109.19000000001896,"VIPER-03","VIPER-03",Friendly,Wingman,Active,Evade,MissionAI,"VIPER-01",2,0.85,0,"BANDIT-03",False,True,True
109.19000000001896,"BANDIT-01","BANDIT-01",Hostile,Patrol,Active,Engage,MissionAI,"",0,0.45,0,"VIPER-02",False,False,True
109.19000000001896,"BANDIT-02","BANDIT-02",Hostile,Patrol,Neutralized,Evade,MissionAI,"",0,0.45,0,"VIPER-03",False,True,True
109.19000000001896,"BANDIT-03","BANDIT-03",Hostile,Patrol,Active,Evade,MissionAI,"",0,0.45,0,"VIPER-03",False,True,True
109.19000000001896,"BANDIT-04","BANDIT-04",Hostile,Patrol,Active,Engage,MissionAI,"",0,0.45,0,"VIPER-02",False,True,True
109.39000000001906,"VIPER-01","VIPER-01",Friendly,Player,Active,Engage,AutomationPilot,"",0,0.85,0,"BANDIT-03",False,True,True
109.39000000001906,"VIPER-02","VIPER-02",Friendly,Wingman,Active,Engage,MissionAI,"VIPER-01",1,0.85,0,"BANDIT-03",False,True,True
109.39000000001906,"VIPER-03","VIPER-03",Friendly,Wingman,Active,Evade,MissionAI,"VIPER-01",2,0.85,0,"BANDIT-03",False,True,True
109.39000000001906,"BANDIT-01","BANDIT-01",Hostile,Patrol,Active,Engage,MissionAI,"",0,0.45,0,"VIPER-02",False,False,True
109.39000000001906,"BANDIT-02","BANDIT-02",Hostile,Patrol,Neutralized,Evade,MissionAI,"",0,0.45,0,"VIPER-03",False,True,True
109.39000000001906,"BANDIT-03","BANDIT-03",Hostile,Patrol,Active,Evade,MissionAI,"",0,0.45,0,"VIPER-03",False,True,True
109.39000000001906,"BANDIT-04","BANDIT-04",Hostile,Patrol,Active,Engage,MissionAI,"",0,0.45,0,"VIPER-02",False,True,True
109.59000000001916,"VIPER-01","VIPER-01",Friendly,Player,Active,Engage,AutomationPilot,"",0,0.85,0,"BANDIT-03",False,True,True
109.59000000001916,"VIPER-02","VIPER-02",Friendly,Wingman,Active,Engage,MissionAI,"VIPER-01",1,0.85,0,"BANDIT-03",False,True,True
109.59000000001916,"VIPER-03","VIPER-03",Friendly,Wingman,Active,Evade,MissionAI,"VIPER-01",2,0.85,0,"BANDIT-03",False,True,True
109.59000000001916,"BANDIT-01","BANDIT-01",Hostile,Patrol,Active,Engage,MissionAI,"",0,0.45,0,"VIPER-02",False,False,True
109.59000000001916,"BANDIT-02","BANDIT-02",Hostile,Patrol,Neutralized,Evade,MissionAI,"",0,0.45,0,"VIPER-03",False,True,True
109.59000000001916,"BANDIT-03","BANDIT-03",Hostile,Patrol,Active,Evade,MissionAI,"",0,0.45,0,"VIPER-03",False,True,True
109.59000000001916,"BANDIT-04","BANDIT-04",Hostile,Patrol,Active,Engage,MissionAI,"",0,0.45,0,"VIPER-02",False,True,True
109.79000000001926,"VIPER-01","VIPER-01",Friendly,Player,Active,Engage,AutomationPilot,"",0,0.85,0,"BANDIT-03",False,True,True
109.79000000001926,"VIPER-02","VIPER-02",Friendly,Wingman,Active,Engage,MissionAI,"VIPER-01",1,0.85,0,"BANDIT-03",False,True,True
109.79000000001926,"VIPER-03","VIPER-03",Friendly,Wingman,Active,Evade,MissionAI,"VIPER-01",2,0.85,0,"BANDIT-03",False,True,True
109.79000000001926,"BANDIT-01","BANDIT-01",Hostile,Patrol,Active,Engage,MissionAI,"",0,0.45,0,"VIPER-02",False,False,True
109.79000000001926,"BANDIT-02","BANDIT-02",Hostile,Patrol,Neutralized,Evade,MissionAI,"",0,0.45,0,"VIPER-03",False,True,True
109.79000000001926,"BANDIT-03","BANDIT-03",Hostile,Patrol,Active,Evade,MissionAI,"",0,0.45,0,"VIPER-03",False,True,True
109.79000000001926,"BANDIT-04","BANDIT-04",Hostile,Patrol,Active,Engage,MissionAI,"",0,0.45,0,"VIPER-02",False,True,True
109.99000000001936,"VIPER-01","VIPER-01",Friendly,Player,Active,Engage,AutomationPilot,"",0,0.85,0,"BANDIT-03",False,True,True
109.99000000001936,"VIPER-02","VIPER-02",Friendly,Wingman,Active,Engage,MissionAI,"VIPER-01",1,0.85,0,"BANDIT-03",False,True,True
109.99000000001936,"VIPER-03","VIPER-03",Friendly,Wingman,Active,Evade,MissionAI,"VIPER-01",2,0.85,0,"BANDIT-03",False,True,True
109.99000000001936,"BANDIT-01","BANDIT-01",Hostile,Patrol,Active,Engage,MissionAI,"",0,0.45,0,"VIPER-02",False,False,True
109.99000000001936,"BANDIT-02","BANDIT-02",Hostile,Patrol,Neutralized,Evade,MissionAI,"",0,0.45,0,"VIPER-03",False,True,True
109.99000000001936,"BANDIT-03","BANDIT-03",Hostile,Patrol,Active,Evade,MissionAI,"",0,0.45,0,"VIPER-03",False,True,True
109.99000000001936,"BANDIT-04","BANDIT-04",Hostile,Patrol,Active,Engage,MissionAI,"",0,0.45,0,"VIPER-02",False,True,True
110.19000000001947,"VIPER-01","VIPER-01",Friendly,Player,Active,Engage,AutomationPilot,"",0,0.85,0,"BANDIT-03",False,True,True
110.19000000001947,"VIPER-02","VIPER-02",Friendly,Wingman,Active,Engage,MissionAI,"VIPER-01",1,0.85,0,"BANDIT-03",False,True,True
110.19000000001947,"VIPER-03","VIPER-03",Friendly,Wingman,Active,Evade,MissionAI,"VIPER-01",2,0.85,0,"BANDIT-03",False,True,True
110.19000000001947,"BANDIT-01","BANDIT-01",Hostile,Patrol,Active,Engage,MissionAI,"",0,0.45,0,"VIPER-02",False,False,True
110.19000000001947,"BANDIT-02","BANDIT-02",Hostile,Patrol,Neutralized,Evade,MissionAI,"",0,0.45,0,"VIPER-03",False,True,True
110.19000000001947,"BANDIT-03","BANDIT-03",Hostile,Patrol,Active,Evade,MissionAI,"",0,0.45,0,"VIPER-03",False,True,True
110.19000000001947,"BANDIT-04","BANDIT-04",Hostile,Patrol,Active,Engage,MissionAI,"",0,0.45,0,"VIPER-02",False,True,True
110.39000000001957,"VIPER-01","VIPER-01",Friendly,Player,Active,Engage,AutomationPilot,"",0,0.85,0,"BANDIT-03",False,True,True
110.39000000001957,"VIPER-02","VIPER-02",Friendly,Wingman,Active,Engage,MissionAI,"VIPER-01",1,0.85,0,"BANDIT-03",False,True,True
110.39000000001957,"VIPER-03","VIPER-03",Friendly,Wingman,Active,Evade,MissionAI,"VIPER-01",2,0.85,0,"BANDIT-03",False,True,True
110.39000000001957,"BANDIT-01","BANDIT-01",Hostile,Patrol,Active,Engage,MissionAI,"",0,0.45,0,"VIPER-02",False,False,True
110.39000000001957,"BANDIT-02","BANDIT-02",Hostile,Patrol,Neutralized,Evade,MissionAI,"",0,0.45,0,"VIPER-03",False,True,True
110.39000000001957,"BANDIT-03","BANDIT-03",Hostile,Patrol,Active,Evade,MissionAI,"",0,0.45,0,"VIPER-03",False,True,True
110.39000000001957,"BANDIT-04","BANDIT-04",Hostile,Patrol,Active,Engage,MissionAI,"",0,0.45,0,"VIPER-02",False,True,True
110.59000000001967,"VIPER-01","VIPER-01",Friendly,Player,Active,Engage,AutomationPilot,"",0,0.85,0,"BANDIT-03",False,True,True
110.59000000001967,"VIPER-02","VIPER-02",Friendly,Wingman,Active,Engage,MissionAI,"VIPER-01",1,0.85,0,"BANDIT-03",False,True,True
110.59000000001967,"VIPER-03","VIPER-03",Friendly,Wingman,Active,Evade,MissionAI,"VIPER-01",2,0.85,0,"BANDIT-03",False,True,True
110.59000000001967,"BANDIT-01","BANDIT-01",Hostile,Patrol,Active,Engage,MissionAI,"",0,0.45,0,"VIPER-02",False,False,True
110.59000000001967,"BANDIT-02","BANDIT-02",Hostile,Patrol,Neutralized,Evade,MissionAI,"",0,0.45,0,"VIPER-03",False,True,True
110.59000000001967,"BANDIT-03","BANDIT-03",Hostile,Patrol,Active,Evade,MissionAI,"",0,0.45,0,"VIPER-03",False,True,True
110.59000000001967,"BANDIT-04","BANDIT-04",Hostile,Patrol,Active,Engage,MissionAI,"",0,0.45,0,"VIPER-02",False,True,True
110.79000000001977,"VIPER-01","VIPER-01",Friendly,Player,Active,Engage,AutomationPilot,"",0,0.85,0,"BANDIT-03",False,True,True
110.79000000001977,"VIPER-02","VIPER-02",Friendly,Wingman,Active,Engage,MissionAI,"VIPER-01",1,0.85,0,"BANDIT-03",False,True,True
110.79000000001977,"VIPER-03","VIPER-03",Friendly,Wingman,Active,Evade,MissionAI,"VIPER-01",2,0.85,0,"BANDIT-03",False,True,True
110.79000000001977,"BANDIT-01","BANDIT-01",Hostile,Patrol,Active,Engage,MissionAI,"",0,0.45,0,"VIPER-02",False,False,True
110.79000000001977,"BANDIT-02","BANDIT-02",Hostile,Patrol,Neutralized,Evade,MissionAI,"",0,0.45,0,"VIPER-03",False,True,True
110.79000000001977,"BANDIT-03","BANDIT-03",Hostile,Patrol,Active,Evade,MissionAI,"",0,0.45,0,"VIPER-03",False,True,True
110.79000000001977,"BANDIT-04","BANDIT-04",Hostile,Patrol,Active,Engage,MissionAI,"",0,0.45,0,"VIPER-02",False,True,True
110.99000000001988,"VIPER-01","VIPER-01",Friendly,Player,Active,Engage,AutomationPilot,"",0,0.85,0,"BANDIT-03",False,True,True
110.99000000001988,"VIPER-02","VIPER-02",Friendly,Wingman,Active,Engage,MissionAI,"VIPER-01",1,0.85,0,"BANDIT-03",False,True,True
110.99000000001988,"VIPER-03","VIPER-03",Friendly,Wingman,Active,Evade,MissionAI,"VIPER-01",2,0.85,0,"BANDIT-03",False,True,True
110.99000000001988,"BANDIT-01","BANDIT-01",Hostile,Patrol,Active,Engage,MissionAI,"",0,0.45,0,"VIPER-02",False,False,True
110.99000000001988,"BANDIT-02","BANDIT-02",Hostile,Patrol,Neutralized,Evade,MissionAI,"",0,0.45,0,"VIPER-03",False,True,True
110.99000000001988,"BANDIT-03","BANDIT-03",Hostile,Patrol,Active,Evade,MissionAI,"",0,0.45,0,"VIPER-03",False,True,True
110.99000000001988,"BANDIT-04","BANDIT-04",Hostile,Patrol,Active,Engage,MissionAI,"",0,0.45,0,"VIPER-02",False,True,True
111.19000000001998,"VIPER-01","VIPER-01",Friendly,Player,Active,Engage,AutomationPilot,"",0,0.85,0,"BANDIT-03",False,True,True
111.19000000001998,"VIPER-02","VIPER-02",Friendly,Wingman,Active,Engage,MissionAI,"VIPER-01",1,0.85,0,"BANDIT-03",False,True,True
111.19000000001998,"VIPER-03","VIPER-03",Friendly,Wingman,Active,Evade,MissionAI,"VIPER-01",2,0.85,0,"BANDIT-03",False,True,True
111.19000000001998,"BANDIT-01","BANDIT-01",Hostile,Patrol,Active,Engage,MissionAI,"",0,0.45,0,"VIPER-02",False,False,True
111.19000000001998,"BANDIT-02","BANDIT-02",Hostile,Patrol,Neutralized,Evade,MissionAI,"",0,0.45,0,"VIPER-03",False,True,True
111.19000000001998,"BANDIT-03","BANDIT-03",Hostile,Patrol,Active,Evade,MissionAI,"",0,0.45,0,"VIPER-03",False,True,True
111.19000000001998,"BANDIT-04","BANDIT-04",Hostile,Patrol,Active,Engage,MissionAI,"",0,0.45,0,"VIPER-02",False,True,True
111.39000000002008,"VIPER-01","VIPER-01",Friendly,Player,Active,Engage,AutomationPilot,"",0,0.85,0,"BANDIT-03",False,True,True
111.39000000002008,"VIPER-02","VIPER-02",Friendly,Wingman,Active,Engage,MissionAI,"VIPER-01",1,0.85,0,"BANDIT-03",False,True,True
111.39000000002008,"VIPER-03","VIPER-03",Friendly,Wingman,Active,Evade,MissionAI,"VIPER-01",2,0.85,0,"BANDIT-03",False,True,True
111.39000000002008,"BANDIT-01","BANDIT-01",Hostile,Patrol,Active,Engage,MissionAI,"",0,0.45,0,"VIPER-02",False,False,True
111.39000000002008,"BANDIT-02","BANDIT-02",Hostile,Patrol,Neutralized,Evade,MissionAI,"",0,0.45,0,"VIPER-03",False,True,True
111.39000000002008,"BANDIT-03","BANDIT-03",Hostile,Patrol,Active,Evade,MissionAI,"",0,0.45,0,"VIPER-03",False,True,True
111.39000000002008,"BANDIT-04","BANDIT-04",Hostile,Patrol,Active,Engage,MissionAI,"",0,0.45,0,"VIPER-02",False,True,True
111.59000000002018,"VIPER-01","VIPER-01",Friendly,Player,Active,Engage,AutomationPilot,"",0,0.85,0,"BANDIT-03",False,True,True
111.59000000002018,"VIPER-02","VIPER-02",Friendly,Wingman,Active,Engage,MissionAI,"VIPER-01",1,0.85,0,"BANDIT-03",False,True,True
111.59000000002018,"VIPER-03","VIPER-03",Friendly,Wingman,Active,Evade,MissionAI,"VIPER-01",2,0.85,0,"BANDIT-03",False,True,True
111.59000000002018,"BANDIT-01","BANDIT-01",Hostile,Patrol,Active,Engage,MissionAI,"",0,0.45,0,"VIPER-02",False,False,True
111.59000000002018,"BANDIT-02","BANDIT-02",Hostile,Patrol,Neutralized,Evade,MissionAI,"",0,0.45,0,"VIPER-03",False,True,True
111.59000000002018,"BANDIT-03","BANDIT-03",Hostile,Patrol,Active,Evade,MissionAI,"",0,0.45,0,"VIPER-03",False,True,True
111.59000000002018,"BANDIT-04","BANDIT-04",Hostile,Patrol,Active,Engage,MissionAI,"",0,0.45,0,"VIPER-02",False,True,True
111.79000000002029,"VIPER-01","VIPER-01",Friendly,Player,Active,Engage,AutomationPilot,"",0,0.85,0,"BANDIT-03",False,True,True
111.79000000002029,"VIPER-02","VIPER-02",Friendly,Wingman,Active,Engage,MissionAI,"VIPER-01",1,0.85,0,"BANDIT-03",False,True,True
111.79000000002029,"VIPER-03","VIPER-03",Friendly,Wingman,Active,Evade,MissionAI,"VIPER-01",2,0.85,0,"BANDIT-03",False,True,True
111.79000000002029,"BANDIT-01","BANDIT-01",Hostile,Patrol,Active,Engage,MissionAI,"",0,0.45,0,"VIPER-02",False,False,True
111.79000000002029,"BANDIT-02","BANDIT-02",Hostile,Patrol,Neutralized,Evade,MissionAI,"",0,0.45,0,"VIPER-03",False,True,True
111.79000000002029,"BANDIT-03","BANDIT-03",Hostile,Patrol,Active,Evade,MissionAI,"",0,0.45,0,"VIPER-03",False,True,True
111.79000000002029,"BANDIT-04","BANDIT-04",Hostile,Patrol,Active,Engage,MissionAI,"",0,0.45,0,"VIPER-02",False,True,True
111.99000000002039,"VIPER-01","VIPER-01",Friendly,Player,Active,Engage,AutomationPilot,"",0,0.85,0,"BANDIT-03",False,True,True
111.99000000002039,"VIPER-02","VIPER-02",Friendly,Wingman,Active,Engage,MissionAI,"VIPER-01",1,0.85,0,"BANDIT-03",False,True,True
111.99000000002039,"VIPER-03","VIPER-03",Friendly,Wingman,Active,Evade,MissionAI,"VIPER-01",2,0.85,0,"BANDIT-03",False,True,True
111.99000000002039,"BANDIT-01","BANDIT-01",Hostile,Patrol,Active,Engage,MissionAI,"",0,0.45,0,"VIPER-02",False,False,True
111.99000000002039,"BANDIT-02","BANDIT-02",Hostile,Patrol,Neutralized,Evade,MissionAI,"",0,0.45,0,"VIPER-03",False,True,True
111.99000000002039,"BANDIT-03","BANDIT-03",Hostile,Patrol,Active,Evade,MissionAI,"",0,0.45,0,"VIPER-03",False,True,True
111.99000000002039,"BANDIT-04","BANDIT-04",Hostile,Patrol,Active,Engage,MissionAI,"",0,0.45,0,"VIPER-02",False,True,True
112.19000000002049,"VIPER-01","VIPER-01",Friendly,Player,Active,Engage,AutomationPilot,"",0,0.85,0,"BANDIT-03",False,True,True
112.19000000002049,"VIPER-02","VIPER-02",Friendly,Wingman,Active,Engage,MissionAI,"VIPER-01",1,0.85,0,"BANDIT-03",False,True,True
112.19000000002049,"VIPER-03","VIPER-03",Friendly,Wingman,Active,Evade,MissionAI,"VIPER-01",2,0.85,0,"BANDIT-03",False,True,True
112.19000000002049,"BANDIT-01","BANDIT-01",Hostile,Patrol,Active,Engage,MissionAI,"",0,0.45,0,"VIPER-02",False,False,True
112.19000000002049,"BANDIT-02","BANDIT-02",Hostile,Patrol,Neutralized,Evade,MissionAI,"",0,0.45,0,"VIPER-03",False,True,True
112.19000000002049,"BANDIT-03","BANDIT-03",Hostile,Patrol,Active,Evade,MissionAI,"",0,0.45,0,"VIPER-03",False,True,True
112.19000000002049,"BANDIT-04","BANDIT-04",Hostile,Patrol,Active,Engage,MissionAI,"",0,0.45,0,"VIPER-02",False,True,True
112.39000000002059,"VIPER-01","VIPER-01",Friendly,Player,Active,Engage,AutomationPilot,"",0,0.85,0,"BANDIT-03",False,True,True
112.39000000002059,"VIPER-02","VIPER-02",Friendly,Wingman,Active,Engage,MissionAI,"VIPER-01",1,0.85,0,"BANDIT-03",False,True,True
112.39000000002059,"VIPER-03","VIPER-03",Friendly,Wingman,Active,Evade,MissionAI,"VIPER-01",2,0.85,0,"BANDIT-03",False,True,True
112.39000000002059,"BANDIT-01","BANDIT-01",Hostile,Patrol,Active,Engage,MissionAI,"",0,0.45,0,"VIPER-02",False,False,True
112.39000000002059,"BANDIT-02","BANDIT-02",Hostile,Patrol,Neutralized,Evade,MissionAI,"",0,0.45,0,"VIPER-03",False,True,True
112.39000000002059,"BANDIT-03","BANDIT-03",Hostile,Patrol,Active,Evade,MissionAI,"",0,0.45,0,"VIPER-03",False,True,True
112.39000000002059,"BANDIT-04","BANDIT-04",Hostile,Patrol,Active,Engage,MissionAI,"",0,0.45,0,"VIPER-02",False,True,True
112.59000000002069,"VIPER-01","VIPER-01",Friendly,Player,Active,Engage,AutomationPilot,"",0,0.85,0,"BANDIT-03",False,True,True
112.59000000002069,"VIPER-02","VIPER-02",Friendly,Wingman,Active,Engage,MissionAI,"VIPER-01",1,0.85,0,"BANDIT-03",False,True,True
112.59000000002069,"VIPER-03","VIPER-03",Friendly,Wingman,Active,Evade,MissionAI,"VIPER-01",2,0.85,0,"BANDIT-03",False,True,True
112.59000000002069,"BANDIT-01","BANDIT-01",Hostile,Patrol,Active,Engage,MissionAI,"",0,0.45,0,"VIPER-02",False,False,True
112.59000000002069,"BANDIT-02","BANDIT-02",Hostile,Patrol,Neutralized,Evade,MissionAI,"",0,0.45,0,"VIPER-03",False,True,True
112.59000000002069,"BANDIT-03","BANDIT-03",Hostile,Patrol,Active,Evade,MissionAI,"",0,0.45,0,"VIPER-03",False,True,True
112.59000000002069,"BANDIT-04","BANDIT-04",Hostile,Patrol,Active,Engage,MissionAI,"",0,0.45,0,"VIPER-02",False,True,True
112.7900000000208,"VIPER-01","VIPER-01",Friendly,Player,Active,Engage,AutomationPilot,"",0,0.85,0,"BANDIT-03",False,True,True
112.7900000000208,"VIPER-02","VIPER-02",Friendly,Wingman,Active,Engage,MissionAI,"VIPER-01",1,0.85,0,"BANDIT-03",False,True,True
112.7900000000208,"VIPER-03","VIPER-03",Friendly,Wingman,Active,Evade,MissionAI,"VIPER-01",2,0.85,0,"BANDIT-03",False,True,True
112.7900000000208,"BANDIT-01","BANDIT-01",Hostile,Patrol,Active,Engage,MissionAI,"",0,0.45,0,"VIPER-02",False,False,True
112.7900000000208,"BANDIT-02","BANDIT-02",Hostile,Patrol,Neutralized,Evade,MissionAI,"",0,0.45,0,"VIPER-03",False,True,True
112.7900000000208,"BANDIT-03","BANDIT-03",Hostile,Patrol,Active,Evade,MissionAI,"",0,0.45,0,"VIPER-03",False,True,True
112.7900000000208,"BANDIT-04","BANDIT-04",Hostile,Patrol,Active,Engage,MissionAI,"",0,0.45,0,"VIPER-02",False,True,True
112.9900000000209,"VIPER-01","VIPER-01",Friendly,Player,Active,Engage,AutomationPilot,"",0,0.85,0,"BANDIT-03",False,True,True
112.9900000000209,"VIPER-02","VIPER-02",Friendly,Wingman,Active,Engage,MissionAI,"VIPER-01",1,0.85,0,"BANDIT-03",False,True,True
112.9900000000209,"VIPER-03","VIPER-03",Friendly,Wingman,Active,Evade,MissionAI,"VIPER-01",2,0.85,0,"BANDIT-03",False,True,True
112.9900000000209,"BANDIT-01","BANDIT-01",Hostile,Patrol,Active,Engage,MissionAI,"",0,0.45,0,"VIPER-02",False,False,True
112.9900000000209,"BANDIT-02","BANDIT-02",Hostile,Patrol,Neutralized,Evade,MissionAI,"",0,0.45,0,"VIPER-03",False,True,True
112.9900000000209,"BANDIT-03","BANDIT-03",Hostile,Patrol,Active,Evade,MissionAI,"",0,0.45,0,"VIPER-03",False,True,True
112.9900000000209,"BANDIT-04","BANDIT-04",Hostile,Patrol,Active,Engage,MissionAI,"",0,0.45,0,"VIPER-02",False,True,True
113.190000000021,"VIPER-01","VIPER-01",Friendly,Player,Active,Engage,AutomationPilot,"",0,0.85,0,"BANDIT-03",False,True,True
113.190000000021,"VIPER-02","VIPER-02",Friendly,Wingman,Active,Engage,MissionAI,"VIPER-01",1,0.85,0,"BANDIT-03",False,True,True
113.190000000021,"VIPER-03","VIPER-03",Friendly,Wingman,Active,Evade,MissionAI,"VIPER-01",2,0.85,0,"BANDIT-03",False,True,True
113.190000000021,"BANDIT-01","BANDIT-01",Hostile,Patrol,Active,Engage,MissionAI,"",0,0.45,0,"VIPER-02",False,False,True
113.190000000021,"BANDIT-02","BANDIT-02",Hostile,Patrol,Neutralized,Evade,MissionAI,"",0,0.45,0,"VIPER-03",False,True,True
113.190000000021,"BANDIT-03","BANDIT-03",Hostile,Patrol,Active,Evade,MissionAI,"",0,0.45,0,"VIPER-03",False,True,True
113.190000000021,"BANDIT-04","BANDIT-04",Hostile,Patrol,Active,Engage,MissionAI,"",0,0.45,0,"VIPER-02",False,True,True
113.3900000000211,"VIPER-01","VIPER-01",Friendly,Player,Active,Engage,AutomationPilot,"",0,0.85,0,"BANDIT-03",False,True,True
113.3900000000211,"VIPER-02","VIPER-02",Friendly,Wingman,Active,Engage,MissionAI,"VIPER-01",1,0.85,0,"BANDIT-03",False,True,True
113.3900000000211,"VIPER-03","VIPER-03",Friendly,Wingman,Active,Evade,MissionAI,"VIPER-01",2,0.85,0,"BANDIT-03",False,True,True
113.3900000000211,"BANDIT-01","BANDIT-01",Hostile,Patrol,Active,Engage,MissionAI,"",0,0.45,0,"VIPER-02",False,False,True
113.3900000000211,"BANDIT-02","BANDIT-02",Hostile,Patrol,Neutralized,Evade,MissionAI,"",0,0.45,0,"VIPER-03",False,True,True
113.3900000000211,"BANDIT-03","BANDIT-03",Hostile,Patrol,Active,Evade,MissionAI,"",0,0.45,0,"VIPER-03",False,True,True
113.3900000000211,"BANDIT-04","BANDIT-04",Hostile,Patrol,Active,Engage,MissionAI,"",0,0.45,0,"VIPER-02",False,True,True
113.59000000002121,"VIPER-01","VIPER-01",Friendly,Player,Active,Engage,AutomationPilot,"",0,0.85,0,"BANDIT-03",False,True,True
113.59000000002121,"VIPER-02","VIPER-02",Friendly,Wingman,Active,Engage,MissionAI,"VIPER-01",1,0.85,0,"BANDIT-03",False,True,True
113.59000000002121,"VIPER-03","VIPER-03",Friendly,Wingman,Active,Evade,MissionAI,"VIPER-01",2,0.85,0,"BANDIT-03",False,True,True
113.59000000002121,"BANDIT-01","BANDIT-01",Hostile,Patrol,Active,Engage,MissionAI,"",0,0.45,0,"VIPER-02",False,False,True
113.59000000002121,"BANDIT-02","BANDIT-02",Hostile,Patrol,Neutralized,Evade,MissionAI,"",0,0.45,0,"VIPER-03",False,True,True
113.59000000002121,"BANDIT-03","BANDIT-03",Hostile,Patrol,Active,Evade,MissionAI,"",0,0.45,0,"VIPER-03",False,True,True
113.59000000002121,"BANDIT-04","BANDIT-04",Hostile,Patrol,Active,Engage,MissionAI,"",0,0.45,0,"VIPER-02",False,True,True
113.79000000002131,"VIPER-01","VIPER-01",Friendly,Player,Active,Engage,AutomationPilot,"",0,0.85,0,"BANDIT-03",False,True,True
113.79000000002131,"VIPER-02","VIPER-02",Friendly,Wingman,Active,Engage,MissionAI,"VIPER-01",1,0.85,0,"BANDIT-03",False,True,True
113.79000000002131,"VIPER-03","VIPER-03",Friendly,Wingman,Active,Evade,MissionAI,"VIPER-01",2,0.85,0,"BANDIT-03",False,True,True
113.79000000002131,"BANDIT-01","BANDIT-01",Hostile,Patrol,Active,Engage,MissionAI,"",0,0.45,0,"VIPER-02",False,False,True
113.79000000002131,"BANDIT-02","BANDIT-02",Hostile,Patrol,Neutralized,Evade,MissionAI,"",0,0.45,0,"VIPER-03",False,True,True
113.79000000002131,"BANDIT-03","BANDIT-03",Hostile,Patrol,Active,Evade,MissionAI,"",0,0.45,0,"VIPER-03",False,True,True
113.79000000002131,"BANDIT-04","BANDIT-04",Hostile,Patrol,Active,Engage,MissionAI,"",0,0.45,0,"VIPER-02",False,True,True
113.99000000002141,"VIPER-01","VIPER-01",Friendly,Player,Active,Engage,AutomationPilot,"",0,0.85,0,"BANDIT-03",False,True,True
113.99000000002141,"VIPER-02","VIPER-02",Friendly,Wingman,Active,Engage,MissionAI,"VIPER-01",1,0.85,0,"BANDIT-03",False,True,True
113.99000000002141,"VIPER-03","VIPER-03",Friendly,Wingman,Active,Evade,MissionAI,"VIPER-01",2,0.85,0,"BANDIT-03",False,True,True
113.99000000002141,"BANDIT-01","BANDIT-01",Hostile,Patrol,Active,Engage,MissionAI,"",0,0.45,0,"VIPER-02",False,False,True
113.99000000002141,"BANDIT-02","BANDIT-02",Hostile,Patrol,Neutralized,Evade,MissionAI,"",0,0.45,0,"VIPER-03",False,True,True
113.99000000002141,"BANDIT-03","BANDIT-03",Hostile,Patrol,Active,Evade,MissionAI,"",0,0.45,0,"VIPER-03",False,True,True
113.99000000002141,"BANDIT-04","BANDIT-04",Hostile,Patrol,Active,Engage,MissionAI,"",0,0.45,0,"VIPER-02",False,True,True
114.19000000002151,"VIPER-01","VIPER-01",Friendly,Player,Active,Engage,AutomationPilot,"",0,0.85,0,"BANDIT-03",False,True,True
114.19000000002151,"VIPER-02","VIPER-02",Friendly,Wingman,Active,Engage,MissionAI,"VIPER-01",1,0.85,0,"BANDIT-03",False,True,True
114.19000000002151,"VIPER-03","VIPER-03",Friendly,Wingman,Active,Evade,MissionAI,"VIPER-01",2,0.85,0,"BANDIT-03",False,True,True
114.19000000002151,"BANDIT-01","BANDIT-01",Hostile,Patrol,Active,Engage,MissionAI,"",0,0.45,0,"VIPER-02",False,False,True
114.19000000002151,"BANDIT-02","BANDIT-02",Hostile,Patrol,Neutralized,Evade,MissionAI,"",0,0.45,0,"VIPER-03",False,True,True
114.19000000002151,"BANDIT-03","BANDIT-03",Hostile,Patrol,Active,Evade,MissionAI,"",0,0.45,0,"VIPER-03",False,True,True
114.19000000002151,"BANDIT-04","BANDIT-04",Hostile,Patrol,Active,Engage,MissionAI,"",0,0.45,0,"VIPER-02",False,True,True
114.39000000002162,"VIPER-01","VIPER-01",Friendly,Player,Active,Engage,AutomationPilot,"",0,0.85,0,"BANDIT-03",False,True,True
114.39000000002162,"VIPER-02","VIPER-02",Friendly,Wingman,Active,Engage,MissionAI,"VIPER-01",1,0.85,0,"BANDIT-03",False,True,True
114.39000000002162,"VIPER-03","VIPER-03",Friendly,Wingman,Active,Evade,MissionAI,"VIPER-01",2,0.85,0,"BANDIT-03",False,True,True
114.39000000002162,"BANDIT-01","BANDIT-01",Hostile,Patrol,Active,Engage,MissionAI,"",0,0.45,0,"VIPER-02",False,False,True
114.39000000002162,"BANDIT-02","BANDIT-02",Hostile,Patrol,Neutralized,Evade,MissionAI,"",0,0.45,0,"VIPER-03",False,True,True
114.39000000002162,"BANDIT-03","BANDIT-03",Hostile,Patrol,Active,Evade,MissionAI,"",0,0.45,0,"VIPER-03",False,True,True
114.39000000002162,"BANDIT-04","BANDIT-04",Hostile,Patrol,Active,Engage,MissionAI,"",0,0.45,0,"VIPER-02",False,True,True
114.59000000002172,"VIPER-01","VIPER-01",Friendly,Player,Active,Engage,AutomationPilot,"",0,0.85,0,"BANDIT-03",False,True,True
114.59000000002172,"VIPER-02","VIPER-02",Friendly,Wingman,Active,Engage,MissionAI,"VIPER-01",1,0.85,0,"BANDIT-03",False,True,True
114.59000000002172,"VIPER-03","VIPER-03",Friendly,Wingman,Active,Evade,MissionAI,"VIPER-01",2,0.85,0,"BANDIT-03",False,True,True
114.59000000002172,"BANDIT-01","BANDIT-01",Hostile,Patrol,Active,Engage,MissionAI,"",0,0.45,0,"VIPER-02",False,False,True
114.59000000002172,"BANDIT-02","BANDIT-02",Hostile,Patrol,Neutralized,Evade,MissionAI,"",0,0.45,0,"VIPER-03",False,True,True
114.59000000002172,"BANDIT-03","BANDIT-03",Hostile,Patrol,Active,Evade,MissionAI,"",0,0.45,0,"VIPER-03",False,True,True
114.59000000002172,"BANDIT-04","BANDIT-04",Hostile,Patrol,Active,Engage,MissionAI,"",0,0.45,0,"VIPER-02",False,True,True
114.79000000002182,"VIPER-01","VIPER-01",Friendly,Player,Active,Engage,AutomationPilot,"",0,0.85,0,"BANDIT-03",False,True,True
114.79000000002182,"VIPER-02","VIPER-02",Friendly,Wingman,Active,Engage,MissionAI,"VIPER-01",1,0.85,0,"BANDIT-03",False,True,True
114.79000000002182,"VIPER-03","VIPER-03",Friendly,Wingman,Active,Evade,MissionAI,"VIPER-01",2,0.85,0,"BANDIT-03",False,True,True
114.79000000002182,"BANDIT-01","BANDIT-01",Hostile,Patrol,Active,Engage,MissionAI,"",0,0.45,0,"VIPER-02",False,False,True
114.79000000002182,"BANDIT-02","BANDIT-02",Hostile,Patrol,Neutralized,Evade,MissionAI,"",0,0.45,0,"VIPER-03",False,True,True
114.79000000002182,"BANDIT-03","BANDIT-03",Hostile,Patrol,Active,Evade,MissionAI,"",0,0.45,0,"VIPER-03",False,True,True
114.79000000002182,"BANDIT-04","BANDIT-04",Hostile,Patrol,Active,Engage,MissionAI,"",0,0.45,0,"VIPER-02",False,True,True
114.99000000002192,"VIPER-01","VIPER-01",Friendly,Player,Active,Engage,AutomationPilot,"",0,0.85,0,"BANDIT-03",False,True,True
114.99000000002192,"VIPER-02","VIPER-02",Friendly,Wingman,Active,Engage,MissionAI,"VIPER-01",1,0.85,0,"BANDIT-03",False,True,True
114.99000000002192,"VIPER-03","VIPER-03",Friendly,Wingman,Active,Evade,MissionAI,"VIPER-01",2,0.85,0,"BANDIT-03",False,True,True
114.99000000002192,"BANDIT-01","BANDIT-01",Hostile,Patrol,Active,Engage,MissionAI,"",0,0.45,0,"VIPER-02",False,False,True
114.99000000002192,"BANDIT-02","BANDIT-02",Hostile,Patrol,Neutralized,Evade,MissionAI,"",0,0.45,0,"VIPER-03",False,True,True
114.99000000002192,"BANDIT-03","BANDIT-03",Hostile,Patrol,Active,Evade,MissionAI,"",0,0.45,0,"VIPER-03",False,True,True
114.99000000002192,"BANDIT-04","BANDIT-04",Hostile,Patrol,Active,Engage,MissionAI,"",0,0.45,0,"VIPER-02",False,True,True
115.19000000002202,"VIPER-01","VIPER-01",Friendly,Player,Active,Engage,AutomationPilot,"",0,0.85,0,"BANDIT-03",False,True,True
115.19000000002202,"VIPER-02","VIPER-02",Friendly,Wingman,Active,Engage,MissionAI,"VIPER-01",1,0.85,0,"BANDIT-03",False,True,True
115.19000000002202,"VIPER-03","VIPER-03",Friendly,Wingman,Active,Evade,MissionAI,"VIPER-01",2,0.85,0,"BANDIT-03",False,True,True
115.19000000002202,"BANDIT-01","BANDIT-01",Hostile,Patrol,Active,Engage,MissionAI,"",0,0.45,0,"VIPER-02",False,False,True
115.19000000002202,"BANDIT-02","BANDIT-02",Hostile,Patrol,Neutralized,Evade,MissionAI,"",0,0.45,0,"VIPER-03",False,True,True
115.19000000002202,"BANDIT-03","BANDIT-03",Hostile,Patrol,Active,Evade,MissionAI,"",0,0.45,0,"VIPER-03",False,True,True
115.19000000002202,"BANDIT-04","BANDIT-04",Hostile,Patrol,Active,Engage,MissionAI,"",0,0.45,0,"VIPER-02",False,True,True
115.39000000002213,"VIPER-01","VIPER-01",Friendly,Player,Active,Engage,AutomationPilot,"",0,0.85,0,"BANDIT-03",False,True,True
115.39000000002213,"VIPER-02","VIPER-02",Friendly,Wingman,Active,Engage,MissionAI,"VIPER-01",1,0.85,0,"BANDIT-03",False,True,True
115.39000000002213,"VIPER-03","VIPER-03",Friendly,Wingman,Active,Evade,MissionAI,"VIPER-01",2,0.85,0,"BANDIT-03",False,True,True
115.39000000002213,"BANDIT-01","BANDIT-01",Hostile,Patrol,Active,Engage,MissionAI,"",0,0.45,0,"VIPER-02",False,False,True
115.39000000002213,"BANDIT-02","BANDIT-02",Hostile,Patrol,Neutralized,Evade,MissionAI,"",0,0.45,0,"VIPER-03",False,True,True
115.39000000002213,"BANDIT-03","BANDIT-03",Hostile,Patrol,Active,Evade,MissionAI,"",0,0.45,0,"VIPER-03",False,True,True
115.39000000002213,"BANDIT-04","BANDIT-04",Hostile,Patrol,Active,Engage,MissionAI,"",0,0.45,0,"VIPER-02",False,True,True
115.59000000002223,"VIPER-01","VIPER-01",Friendly,Player,Active,Engage,AutomationPilot,"",0,0.85,0,"BANDIT-03",False,True,True
115.59000000002223,"VIPER-02","VIPER-02",Friendly,Wingman,Active,Engage,MissionAI,"VIPER-01",1,0.85,0,"BANDIT-03",False,True,True
115.59000000002223,"VIPER-03","VIPER-03",Friendly,Wingman,Active,Evade,MissionAI,"VIPER-01",2,0.85,0,"BANDIT-03",False,True,True
115.59000000002223,"BANDIT-01","BANDIT-01",Hostile,Patrol,Active,Engage,MissionAI,"",0,0.45,0,"VIPER-02",False,False,True
115.59000000002223,"BANDIT-02","BANDIT-02",Hostile,Patrol,Neutralized,Evade,MissionAI,"",0,0.45,0,"VIPER-03",False,True,True
115.59000000002223,"BANDIT-03","BANDIT-03",Hostile,Patrol,Active,Evade,MissionAI,"",0,0.45,0,"VIPER-03",False,True,True
115.59000000002223,"BANDIT-04","BANDIT-04",Hostile,Patrol,Active,Engage,MissionAI,"",0,0.45,0,"VIPER-02",False,True,True
115.79000000002233,"VIPER-01","VIPER-01",Friendly,Player,Active,Engage,AutomationPilot,"",0,0.85,0,"BANDIT-03",False,True,True
115.79000000002233,"VIPER-02","VIPER-02",Friendly,Wingman,Active,Engage,MissionAI,"VIPER-01",1,0.85,0,"BANDIT-03",False,True,True
115.79000000002233,"VIPER-03","VIPER-03",Friendly,Wingman,Active,Evade,MissionAI,"VIPER-01",2,0.85,0,"BANDIT-03",False,True,True
115.79000000002233,"BANDIT-01","BANDIT-01",Hostile,Patrol,Active,Engage,MissionAI,"",0,0.45,0,"VIPER-02",False,False,True
115.79000000002233,"BANDIT-02","BANDIT-02",Hostile,Patrol,Neutralized,Evade,MissionAI,"",0,0.45,0,"VIPER-03",False,True,True
115.79000000002233,"BANDIT-03","BANDIT-03",Hostile,Patrol,Active,Evade,MissionAI,"",0,0.45,0,"VIPER-03",False,True,True
115.79000000002233,"BANDIT-04","BANDIT-04",Hostile,Patrol,Active,Engage,MissionAI,"",0,0.45,0,"VIPER-02",False,True,True
115.99000000002243,"VIPER-01","VIPER-01",Friendly,Player,Active,Engage,AutomationPilot,"",0,0.85,0,"BANDIT-03",False,True,True
115.99000000002243,"VIPER-02","VIPER-02",Friendly,Wingman,Active,Engage,MissionAI,"VIPER-01",1,0.85,0,"BANDIT-03",False,True,True
115.99000000002243,"VIPER-03","VIPER-03",Friendly,Wingman,Active,Evade,MissionAI,"VIPER-01",2,0.85,0,"BANDIT-03",False,True,True
115.99000000002243,"BANDIT-01","BANDIT-01",Hostile,Patrol,Active,Engage,MissionAI,"",0,0.45,0,"VIPER-02",False,False,True
115.99000000002243,"BANDIT-02","BANDIT-02",Hostile,Patrol,Neutralized,Evade,MissionAI,"",0,0.45,0,"VIPER-03",False,True,True
115.99000000002243,"BANDIT-03","BANDIT-03",Hostile,Patrol,Active,Evade,MissionAI,"",0,0.45,0,"VIPER-03",False,True,True
115.99000000002243,"BANDIT-04","BANDIT-04",Hostile,Patrol,Active,Engage,MissionAI,"",0,0.45,0,"VIPER-02",False,True,True
116.19000000002254,"VIPER-01","VIPER-01",Friendly,Player,Active,Engage,AutomationPilot,"",0,0.85,0,"BANDIT-03",False,True,True
116.19000000002254,"VIPER-02","VIPER-02",Friendly,Wingman,Active,Engage,MissionAI,"VIPER-01",1,0.85,0,"BANDIT-03",False,True,True
116.19000000002254,"VIPER-03","VIPER-03",Friendly,Wingman,Active,Evade,MissionAI,"VIPER-01",2,0.85,0,"BANDIT-03",False,True,True
116.19000000002254,"BANDIT-01","BANDIT-01",Hostile,Patrol,Active,Engage,MissionAI,"",0,0.45,0,"VIPER-02",False,False,True
116.19000000002254,"BANDIT-02","BANDIT-02",Hostile,Patrol,Neutralized,Evade,MissionAI,"",0,0.45,0,"VIPER-03",False,True,True
116.19000000002254,"BANDIT-03","BANDIT-03",Hostile,Patrol,Active,Evade,MissionAI,"",0,0.45,0,"VIPER-03",False,True,True
116.19000000002254,"BANDIT-04","BANDIT-04",Hostile,Patrol,Active,Engage,MissionAI,"",0,0.45,0,"VIPER-02",False,True,True
116.39000000002264,"VIPER-01","VIPER-01",Friendly,Player,Active,Engage,AutomationPilot,"",0,0.85,0,"BANDIT-03",False,True,True
116.39000000002264,"VIPER-02","VIPER-02",Friendly,Wingman,Active,Engage,MissionAI,"VIPER-01",1,0.85,0,"BANDIT-03",False,True,True
116.39000000002264,"VIPER-03","VIPER-03",Friendly,Wingman,Active,Evade,MissionAI,"VIPER-01",2,0.85,0,"BANDIT-03",False,True,True
116.39000000002264,"BANDIT-01","BANDIT-01",Hostile,Patrol,Active,Engage,MissionAI,"",0,0.45,0,"VIPER-02",False,False,True
116.39000000002264,"BANDIT-02","BANDIT-02",Hostile,Patrol,Neutralized,Evade,MissionAI,"",0,0.45,0,"VIPER-03",False,True,True
116.39000000002264,"BANDIT-03","BANDIT-03",Hostile,Patrol,Active,Evade,MissionAI,"",0,0.45,0,"VIPER-03",False,True,True
116.39000000002264,"BANDIT-04","BANDIT-04",Hostile,Patrol,Active,Engage,MissionAI,"",0,0.45,0,"VIPER-02",False,True,True
116.59000000002274,"VIPER-01","VIPER-01",Friendly,Player,Active,Engage,AutomationPilot,"",0,0.85,0,"BANDIT-03",False,True,True
116.59000000002274,"VIPER-02","VIPER-02",Friendly,Wingman,Active,Engage,MissionAI,"VIPER-01",1,0.85,0,"BANDIT-03",False,True,True
116.59000000002274,"VIPER-03","VIPER-03",Friendly,Wingman,Active,Evade,MissionAI,"VIPER-01",2,0.85,0,"BANDIT-03",False,True,True
116.59000000002274,"BANDIT-01","BANDIT-01",Hostile,Patrol,Active,Engage,MissionAI,"",0,0.45,0,"VIPER-02",False,False,True
116.59000000002274,"BANDIT-02","BANDIT-02",Hostile,Patrol,Neutralized,Evade,MissionAI,"",0,0.45,0,"VIPER-03",False,True,True
116.59000000002274,"BANDIT-03","BANDIT-03",Hostile,Patrol,Active,Evade,MissionAI,"",0,0.45,0,"VIPER-03",False,True,True
116.59000000002274,"BANDIT-04","BANDIT-04",Hostile,Patrol,Active,Engage,MissionAI,"",0,0.45,0,"VIPER-02",False,True,True
116.79000000002284,"VIPER-01","VIPER-01",Friendly,Player,Active,Engage,AutomationPilot,"",0,0.85,0,"BANDIT-03",False,True,True
116.79000000002284,"VIPER-02","VIPER-02",Friendly,Wingman,Active,Evade,MissionAI,"VIPER-01",1,0.85,0,"BANDIT-03",False,True,True
116.79000000002284,"VIPER-03","VIPER-03",Friendly,Wingman,Active,Evade,MissionAI,"VIPER-01",2,0.85,0,"BANDIT-03",False,True,True
116.79000000002284,"BANDIT-01","BANDIT-01",Hostile,Patrol,Active,Engage,MissionAI,"",0,0.45,0,"VIPER-02",False,False,True
116.79000000002284,"BANDIT-02","BANDIT-02",Hostile,Patrol,Neutralized,Evade,MissionAI,"",0,0.45,0,"VIPER-03",False,True,True
116.79000000002284,"BANDIT-03","BANDIT-03",Hostile,Patrol,Active,Evade,MissionAI,"",0,0.45,0,"VIPER-03",False,True,True
116.79000000002284,"BANDIT-04","BANDIT-04",Hostile,Patrol,Active,Engage,MissionAI,"",0,0.45,0,"VIPER-02",False,True,True
116.99000000002295,"VIPER-01","VIPER-01",Friendly,Player,Active,Engage,AutomationPilot,"",0,0.85,0,"BANDIT-03",False,True,True
116.99000000002295,"VIPER-02","VIPER-02",Friendly,Wingman,Active,Evade,MissionAI,"VIPER-01",1,0.85,0,"BANDIT-03",False,True,True
116.99000000002295,"VIPER-03","VIPER-03",Friendly,Wingman,Active,Evade,MissionAI,"VIPER-01",2,0.85,0,"BANDIT-03",False,True,True
116.99000000002295,"BANDIT-01","BANDIT-01",Hostile,Patrol,Active,Engage,MissionAI,"",0,0.45,0,"VIPER-02",False,False,True
116.99000000002295,"BANDIT-02","BANDIT-02",Hostile,Patrol,Neutralized,Evade,MissionAI,"",0,0.45,0,"VIPER-03",False,True,True
116.99000000002295,"BANDIT-03","BANDIT-03",Hostile,Patrol,Active,Evade,MissionAI,"",0,0.45,0,"VIPER-03",False,True,True
116.99000000002295,"BANDIT-04","BANDIT-04",Hostile,Patrol,Active,Engage,MissionAI,"",0,0.45,0,"VIPER-02",False,True,True
117.19000000002305,"VIPER-01","VIPER-01",Friendly,Player,Active,Engage,AutomationPilot,"",0,0.85,0,"BANDIT-03",False,True,True
117.19000000002305,"VIPER-02","VIPER-02",Friendly,Wingman,Active,Evade,MissionAI,"VIPER-01",1,0.85,0,"BANDIT-03",False,True,True
117.19000000002305,"VIPER-03","VIPER-03",Friendly,Wingman,Active,Evade,MissionAI,"VIPER-01",2,0.85,0,"BANDIT-03",False,True,True
117.19000000002305,"BANDIT-01","BANDIT-01",Hostile,Patrol,Active,Engage,MissionAI,"",0,0.45,0,"VIPER-02",False,False,True
117.19000000002305,"BANDIT-02","BANDIT-02",Hostile,Patrol,Neutralized,Evade,MissionAI,"",0,0.45,0,"VIPER-03",False,True,True
117.19000000002305,"BANDIT-03","BANDIT-03",Hostile,Patrol,Active,Evade,MissionAI,"",0,0.45,0,"VIPER-03",False,True,True
117.19000000002305,"BANDIT-04","BANDIT-04",Hostile,Patrol,Active,Engage,MissionAI,"",0,0.45,0,"VIPER-02",False,True,True
117.39000000002315,"VIPER-01","VIPER-01",Friendly,Player,Active,Engage,AutomationPilot,"",0,0.85,0,"BANDIT-03",False,True,True
117.39000000002315,"VIPER-02","VIPER-02",Friendly,Wingman,Active,Evade,MissionAI,"VIPER-01",1,0.85,0,"BANDIT-03",False,True,True
117.39000000002315,"VIPER-03","VIPER-03",Friendly,Wingman,Active,Evade,MissionAI,"VIPER-01",2,0.85,0,"BANDIT-03",False,True,True
117.39000000002315,"BANDIT-01","BANDIT-01",Hostile,Patrol,Active,Engage,MissionAI,"",0,0.45,0,"VIPER-02",False,False,True
117.39000000002315,"BANDIT-02","BANDIT-02",Hostile,Patrol,Neutralized,Evade,MissionAI,"",0,0.45,0,"VIPER-03",False,True,True
117.39000000002315,"BANDIT-03","BANDIT-03",Hostile,Patrol,Active,Evade,MissionAI,"",0,0.45,0,"VIPER-03",False,True,True
117.39000000002315,"BANDIT-04","BANDIT-04",Hostile,Patrol,Active,Engage,MissionAI,"",0,0.45,0,"VIPER-02",False,True,True
117.59000000002325,"VIPER-01","VIPER-01",Friendly,Player,Active,Engage,AutomationPilot,"",0,0.85,0,"BANDIT-03",False,True,True
117.59000000002325,"VIPER-02","VIPER-02",Friendly,Wingman,Active,Evade,MissionAI,"VIPER-01",1,0.85,0,"BANDIT-03",False,True,True
117.59000000002325,"VIPER-03","VIPER-03",Friendly,Wingman,Active,Evade,MissionAI,"VIPER-01",2,0.85,0,"BANDIT-03",False,True,True
117.59000000002325,"BANDIT-01","BANDIT-01",Hostile,Patrol,Active,Engage,MissionAI,"",0,0.45,0,"VIPER-02",False,False,True
117.59000000002325,"BANDIT-02","BANDIT-02",Hostile,Patrol,Neutralized,Evade,MissionAI,"",0,0.45,0,"VIPER-03",False,True,True
117.59000000002325,"BANDIT-03","BANDIT-03",Hostile,Patrol,Active,Evade,MissionAI,"",0,0.45,0,"VIPER-03",False,True,True
117.59000000002325,"BANDIT-04","BANDIT-04",Hostile,Patrol,Active,Engage,MissionAI,"",0,0.45,0,"VIPER-02",False,True,True
117.79000000002335,"VIPER-01","VIPER-01",Friendly,Player,Active,Engage,AutomationPilot,"",0,0.85,0,"BANDIT-03",False,True,True
117.79000000002335,"VIPER-02","VIPER-02",Friendly,Wingman,Active,Evade,MissionAI,"VIPER-01",1,0.85,0,"BANDIT-03",False,True,True
117.79000000002335,"VIPER-03","VIPER-03",Friendly,Wingman,Active,Evade,MissionAI,"VIPER-01",2,0.85,0,"BANDIT-03",False,True,True
117.79000000002335,"BANDIT-01","BANDIT-01",Hostile,Patrol,Active,Engage,MissionAI,"",0,0.45,0,"VIPER-02",False,False,True
117.79000000002335,"BANDIT-02","BANDIT-02",Hostile,Patrol,Neutralized,Evade,MissionAI,"",0,0.45,0,"VIPER-03",False,True,True
117.79000000002335,"BANDIT-03","BANDIT-03",Hostile,Patrol,Active,Evade,MissionAI,"",0,0.45,0,"VIPER-03",False,True,True
117.79000000002335,"BANDIT-04","BANDIT-04",Hostile,Patrol,Active,Engage,MissionAI,"",0,0.45,0,"VIPER-02",False,True,True
117.99000000002346,"VIPER-01","VIPER-01",Friendly,Player,Active,Engage,AutomationPilot,"",0,0.85,0,"BANDIT-03",False,True,True
117.99000000002346,"VIPER-02","VIPER-02",Friendly,Wingman,Active,Evade,MissionAI,"VIPER-01",1,0.85,0,"BANDIT-03",False,True,True
117.99000000002346,"VIPER-03","VIPER-03",Friendly,Wingman,Active,Evade,MissionAI,"VIPER-01",2,0.85,0,"BANDIT-03",False,True,True
117.99000000002346,"BANDIT-01","BANDIT-01",Hostile,Patrol,Active,Engage,MissionAI,"",0,0.45,0,"VIPER-02",False,False,True
117.99000000002346,"BANDIT-02","BANDIT-02",Hostile,Patrol,Neutralized,Evade,MissionAI,"",0,0.45,0,"VIPER-03",False,True,True
117.99000000002346,"BANDIT-03","BANDIT-03",Hostile,Patrol,Active,Evade,MissionAI,"",0,0.45,0,"VIPER-03",False,True,True
117.99000000002346,"BANDIT-04","BANDIT-04",Hostile,Patrol,Active,Engage,MissionAI,"",0,0.45,0,"VIPER-02",False,True,True
118.19000000002356,"VIPER-01","VIPER-01",Friendly,Player,Active,Engage,AutomationPilot,"",0,0.85,0,"BANDIT-03",False,True,True
118.19000000002356,"VIPER-02","VIPER-02",Friendly,Wingman,Active,Evade,MissionAI,"VIPER-01",1,0.85,0,"BANDIT-03",False,True,True
118.19000000002356,"VIPER-03","VIPER-03",Friendly,Wingman,Active,Evade,MissionAI,"VIPER-01",2,0.85,0,"BANDIT-03",False,True,True
118.19000000002356,"BANDIT-01","BANDIT-01",Hostile,Patrol,Active,Engage,MissionAI,"",0,0.45,0,"VIPER-02",False,False,True
118.19000000002356,"BANDIT-02","BANDIT-02",Hostile,Patrol,Neutralized,Evade,MissionAI,"",0,0.45,0,"VIPER-03",False,True,True
118.19000000002356,"BANDIT-03","BANDIT-03",Hostile,Patrol,Active,Evade,MissionAI,"",0,0.45,0,"VIPER-03",False,True,True
118.19000000002356,"BANDIT-04","BANDIT-04",Hostile,Patrol,Active,Engage,MissionAI,"",0,0.45,0,"VIPER-02",False,True,True
118.39000000002366,"VIPER-01","VIPER-01",Friendly,Player,Active,Engage,AutomationPilot,"",0,0.85,0,"BANDIT-03",False,True,True
118.39000000002366,"VIPER-02","VIPER-02",Friendly,Wingman,Active,Evade,MissionAI,"VIPER-01",1,0.85,0,"BANDIT-03",False,True,True
118.39000000002366,"VIPER-03","VIPER-03",Friendly,Wingman,Active,Evade,MissionAI,"VIPER-01",2,0.85,0,"BANDIT-03",False,True,True
118.39000000002366,"BANDIT-01","BANDIT-01",Hostile,Patrol,Active,Engage,MissionAI,"",0,0.45,0,"VIPER-02",False,False,True
118.39000000002366,"BANDIT-02","BANDIT-02",Hostile,Patrol,Neutralized,Evade,MissionAI,"",0,0.45,0,"VIPER-03",False,True,True
118.39000000002366,"BANDIT-03","BANDIT-03",Hostile,Patrol,Active,Evade,MissionAI,"",0,0.45,0,"VIPER-03",False,True,True
118.39000000002366,"BANDIT-04","BANDIT-04",Hostile,Patrol,Active,Engage,MissionAI,"",0,0.45,0,"VIPER-02",False,True,True
118.59000000002376,"VIPER-01","VIPER-01",Friendly,Player,Active,Engage,AutomationPilot,"",0,0.85,0,"BANDIT-03",False,True,True
118.59000000002376,"VIPER-02","VIPER-02",Friendly,Wingman,Active,Evade,MissionAI,"VIPER-01",1,0.85,0,"BANDIT-03",False,True,True
118.59000000002376,"VIPER-03","VIPER-03",Friendly,Wingman,Active,Evade,MissionAI,"VIPER-01",2,0.85,0,"BANDIT-03",False,True,True
118.59000000002376,"BANDIT-01","BANDIT-01",Hostile,Patrol,Active,Engage,MissionAI,"",0,0.45,0,"VIPER-02",False,False,True
118.59000000002376,"BANDIT-02","BANDIT-02",Hostile,Patrol,Neutralized,Evade,MissionAI,"",0,0.45,0,"VIPER-03",False,True,True
118.59000000002376,"BANDIT-03","BANDIT-03",Hostile,Patrol,Active,Evade,MissionAI,"",0,0.45,0,"VIPER-03",False,True,True
118.59000000002376,"BANDIT-04","BANDIT-04",Hostile,Patrol,Active,Engage,MissionAI,"",0,0.45,0,"VIPER-02",False,True,True
118.79000000002387,"VIPER-01","VIPER-01",Friendly,Player,Active,Engage,AutomationPilot,"",0,0.85,0,"BANDIT-03",False,True,True
118.79000000002387,"VIPER-02","VIPER-02",Friendly,Wingman,Active,Evade,MissionAI,"VIPER-01",1,0.85,0,"BANDIT-03",False,True,True
118.79000000002387,"VIPER-03","VIPER-03",Friendly,Wingman,Active,Evade,MissionAI,"VIPER-01",2,0.85,0,"BANDIT-03",False,True,True
118.79000000002387,"BANDIT-01","BANDIT-01",Hostile,Patrol,Active,Engage,MissionAI,"",0,0.45,0,"VIPER-02",False,False,True
118.79000000002387,"BANDIT-02","BANDIT-02",Hostile,Patrol,Neutralized,Evade,MissionAI,"",0,0.45,0,"VIPER-03",False,True,True
118.79000000002387,"BANDIT-03","BANDIT-03",Hostile,Patrol,Active,Evade,MissionAI,"",0,0.45,0,"VIPER-03",False,True,True
118.79000000002387,"BANDIT-04","BANDIT-04",Hostile,Patrol,Active,Engage,MissionAI,"",0,0.45,0,"VIPER-02",False,True,True
118.99000000002397,"VIPER-01","VIPER-01",Friendly,Player,Active,Engage,AutomationPilot,"",0,0.85,0,"BANDIT-03",False,True,True
118.99000000002397,"VIPER-02","VIPER-02",Friendly,Wingman,Active,Evade,MissionAI,"VIPER-01",1,0.85,0,"BANDIT-03",False,True,True
118.99000000002397,"VIPER-03","VIPER-03",Friendly,Wingman,Active,Evade,MissionAI,"VIPER-01",2,0.85,0,"BANDIT-03",False,True,True
118.99000000002397,"BANDIT-01","BANDIT-01",Hostile,Patrol,Active,Engage,MissionAI,"",0,0.45,0,"VIPER-02",False,False,True
118.99000000002397,"BANDIT-02","BANDIT-02",Hostile,Patrol,Neutralized,Evade,MissionAI,"",0,0.45,0,"VIPER-03",False,True,True
118.99000000002397,"BANDIT-03","BANDIT-03",Hostile,Patrol,Active,Evade,MissionAI,"",0,0.45,0,"VIPER-03",False,True,True
118.99000000002397,"BANDIT-04","BANDIT-04",Hostile,Patrol,Active,Engage,MissionAI,"",0,0.45,0,"VIPER-02",False,True,True
119.19000000002407,"VIPER-01","VIPER-01",Friendly,Player,Active,Engage,AutomationPilot,"",0,0.85,0,"BANDIT-03",False,True,True
119.19000000002407,"VIPER-02","VIPER-02",Friendly,Wingman,Active,Evade,MissionAI,"VIPER-01",1,0.85,0,"BANDIT-03",False,True,True
119.19000000002407,"VIPER-03","VIPER-03",Friendly,Wingman,Active,Evade,MissionAI,"VIPER-01",2,0.85,0,"BANDIT-03",False,True,True
119.19000000002407,"BANDIT-01","BANDIT-01",Hostile,Patrol,Active,Engage,MissionAI,"",0,0.45,0,"VIPER-02",False,False,True
119.19000000002407,"BANDIT-02","BANDIT-02",Hostile,Patrol,Neutralized,Evade,MissionAI,"",0,0.45,0,"VIPER-03",False,True,True
119.19000000002407,"BANDIT-03","BANDIT-03",Hostile,Patrol,Active,Evade,MissionAI,"",0,0.45,0,"VIPER-03",False,True,True
119.19000000002407,"BANDIT-04","BANDIT-04",Hostile,Patrol,Active,Engage,MissionAI,"",0,0.45,0,"VIPER-02",False,True,True
119.39000000002417,"VIPER-01","VIPER-01",Friendly,Player,Active,Engage,AutomationPilot,"",0,0.85,0,"BANDIT-03",False,True,True
119.39000000002417,"VIPER-02","VIPER-02",Friendly,Wingman,Active,Evade,MissionAI,"VIPER-01",1,0.85,0,"BANDIT-03",False,True,True
119.39000000002417,"VIPER-03","VIPER-03",Friendly,Wingman,Active,Evade,MissionAI,"VIPER-01",2,0.85,0,"BANDIT-03",False,True,True
119.39000000002417,"BANDIT-01","BANDIT-01",Hostile,Patrol,Active,Engage,MissionAI,"",0,0.45,0,"VIPER-02",False,False,True
119.39000000002417,"BANDIT-02","BANDIT-02",Hostile,Patrol,Neutralized,Evade,MissionAI,"",0,0.45,0,"VIPER-03",False,True,True
119.39000000002417,"BANDIT-03","BANDIT-03",Hostile,Patrol,Active,Evade,MissionAI,"",0,0.45,0,"VIPER-03",False,True,True
119.39000000002417,"BANDIT-04","BANDIT-04",Hostile,Patrol,Active,Engage,MissionAI,"",0,0.45,0,"VIPER-02",False,True,True
119.59000000002428,"VIPER-01","VIPER-01",Friendly,Player,Active,Engage,AutomationPilot,"",0,0.85,0,"BANDIT-03",False,True,True
119.59000000002428,"VIPER-02","VIPER-02",Friendly,Wingman,Active,Evade,MissionAI,"VIPER-01",1,0.85,0,"BANDIT-03",False,True,True
119.59000000002428,"VIPER-03","VIPER-03",Friendly,Wingman,Active,Evade,MissionAI,"VIPER-01",2,0.85,0,"BANDIT-03",False,True,True
119.59000000002428,"BANDIT-01","BANDIT-01",Hostile,Patrol,Active,Engage,MissionAI,"",0,0.45,0,"VIPER-02",False,False,True
119.59000000002428,"BANDIT-02","BANDIT-02",Hostile,Patrol,Neutralized,Evade,MissionAI,"",0,0.45,0,"VIPER-03",False,True,True
119.59000000002428,"BANDIT-03","BANDIT-03",Hostile,Patrol,Active,Evade,MissionAI,"",0,0.45,0,"VIPER-03",False,True,True
119.59000000002428,"BANDIT-04","BANDIT-04",Hostile,Patrol,Active,Engage,MissionAI,"",0,0.45,0,"VIPER-02",False,True,True
119.79000000002438,"VIPER-01","VIPER-01",Friendly,Player,Active,Engage,AutomationPilot,"",0,0.85,0,"BANDIT-03",False,True,True
119.79000000002438,"VIPER-02","VIPER-02",Friendly,Wingman,Active,Evade,MissionAI,"VIPER-01",1,0.85,0,"BANDIT-03",False,True,True
119.79000000002438,"VIPER-03","VIPER-03",Friendly,Wingman,Active,Evade,MissionAI,"VIPER-01",2,0.85,0,"BANDIT-03",False,True,True
119.79000000002438,"BANDIT-01","BANDIT-01",Hostile,Patrol,Active,Engage,MissionAI,"",0,0.45,0,"VIPER-02",False,False,True
119.79000000002438,"BANDIT-02","BANDIT-02",Hostile,Patrol,Neutralized,Evade,MissionAI,"",0,0.45,0,"VIPER-03",False,True,True
119.79000000002438,"BANDIT-03","BANDIT-03",Hostile,Patrol,Active,Evade,MissionAI,"",0,0.45,0,"VIPER-03",False,True,True
119.79000000002438,"BANDIT-04","BANDIT-04",Hostile,Patrol,Active,Engage,MissionAI,"",0,0.45,0,"VIPER-02",False,True,True
119.99000000002448,"VIPER-01","VIPER-01",Friendly,Player,Active,Engage,AutomationPilot,"",0,0.85,0,"BANDIT-03",False,True,True
119.99000000002448,"VIPER-02","VIPER-02",Friendly,Wingman,Active,Evade,MissionAI,"VIPER-01",1,0.85,0,"BANDIT-03",False,True,True
119.99000000002448,"VIPER-03","VIPER-03",Friendly,Wingman,Active,Evade,MissionAI,"VIPER-01",2,0.85,0,"BANDIT-03",False,True,True
119.99000000002448,"BANDIT-01","BANDIT-01",Hostile,Patrol,Active,Engage,MissionAI,"",0,0.45,0,"VIPER-02",False,False,True
119.99000000002448,"BANDIT-02","BANDIT-02",Hostile,Patrol,Neutralized,Evade,MissionAI,"",0,0.45,0,"VIPER-03",False,True,True
119.99000000002448,"BANDIT-03","BANDIT-03",Hostile,Patrol,Active,Evade,MissionAI,"",0,0.45,0,"VIPER-03",False,True,True
119.99000000002448,"BANDIT-04","BANDIT-04",Hostile,Patrol,Active,Engage,MissionAI,"",0,0.45,0,"VIPER-02",False,True,True
120.19000000002458,"VIPER-01","VIPER-01",Friendly,Player,Active,Engage,AutomationPilot,"",0,0.85,0,"BANDIT-03",False,True,True
120.19000000002458,"VIPER-02","VIPER-02",Friendly,Wingman,Active,Evade,MissionAI,"VIPER-01",1,0.85,0,"BANDIT-03",False,True,True
120.19000000002458,"VIPER-03","VIPER-03",Friendly,Wingman,Active,Evade,MissionAI,"VIPER-01",2,0.85,0,"BANDIT-03",False,True,True
120.19000000002458,"BANDIT-01","BANDIT-01",Hostile,Patrol,Active,Engage,MissionAI,"",0,0.45,0,"VIPER-02",False,False,True
120.19000000002458,"BANDIT-02","BANDIT-02",Hostile,Patrol,Neutralized,Evade,MissionAI,"",0,0.45,0,"VIPER-03",False,True,True
120.19000000002458,"BANDIT-03","BANDIT-03",Hostile,Patrol,Active,Evade,MissionAI,"",0,0.45,0,"VIPER-03",False,True,True
120.19000000002458,"BANDIT-04","BANDIT-04",Hostile,Patrol,Active,Engage,MissionAI,"",0,0.45,0,"VIPER-02",False,True,True
120.39000000002468,"VIPER-01","VIPER-01",Friendly,Player,Active,Engage,AutomationPilot,"",0,0.85,0,"BANDIT-03",False,True,True
120.39000000002468,"VIPER-02","VIPER-02",Friendly,Wingman,Active,Evade,MissionAI,"VIPER-01",1,0.85,0,"BANDIT-03",False,True,True
120.39000000002468,"VIPER-03","VIPER-03",Friendly,Wingman,Active,Evade,MissionAI,"VIPER-01",2,0.85,0,"BANDIT-03",False,True,True
120.39000000002468,"BANDIT-01","BANDIT-01",Hostile,Patrol,Active,Engage,MissionAI,"",0,0.45,0,"VIPER-02",False,False,True
120.39000000002468,"BANDIT-02","BANDIT-02",Hostile,Patrol,Neutralized,Evade,MissionAI,"",0,0.45,0,"VIPER-03",False,True,True
120.39000000002468,"BANDIT-03","BANDIT-03",Hostile,Patrol,Active,Evade,MissionAI,"",0,0.45,0,"VIPER-03",False,True,True
120.39000000002468,"BANDIT-04","BANDIT-04",Hostile,Patrol,Active,Engage,MissionAI,"",0,0.45,0,"VIPER-02",False,True,True
120.59000000002479,"VIPER-01","VIPER-01",Friendly,Player,Active,Engage,AutomationPilot,"",0,0.85,0,"BANDIT-03",False,True,True
120.59000000002479,"VIPER-02","VIPER-02",Friendly,Wingman,Active,Evade,MissionAI,"VIPER-01",1,0.85,0,"BANDIT-03",False,True,True
120.59000000002479,"VIPER-03","VIPER-03",Friendly,Wingman,Active,Evade,MissionAI,"VIPER-01",2,0.85,0,"BANDIT-03",False,True,True
120.59000000002479,"BANDIT-01","BANDIT-01",Hostile,Patrol,Active,Engage,MissionAI,"",0,0.45,0,"VIPER-02",False,False,True
120.59000000002479,"BANDIT-02","BANDIT-02",Hostile,Patrol,Neutralized,Evade,MissionAI,"",0,0.45,0,"VIPER-03",False,True,True
120.59000000002479,"BANDIT-03","BANDIT-03",Hostile,Patrol,Active,Evade,MissionAI,"",0,0.45,0,"VIPER-03",False,True,True
120.59000000002479,"BANDIT-04","BANDIT-04",Hostile,Patrol,Active,Engage,MissionAI,"",0,0.45,0,"VIPER-02",False,True,True
120.79000000002489,"VIPER-01","VIPER-01",Friendly,Player,Active,Engage,AutomationPilot,"",0,0.85,0,"BANDIT-03",False,True,True
120.79000000002489,"VIPER-02","VIPER-02",Friendly,Wingman,Active,Evade,MissionAI,"VIPER-01",1,0.85,0,"BANDIT-03",False,True,True
120.79000000002489,"VIPER-03","VIPER-03",Friendly,Wingman,Active,Evade,MissionAI,"VIPER-01",2,0.85,0,"BANDIT-03",False,True,True
120.79000000002489,"BANDIT-01","BANDIT-01",Hostile,Patrol,Active,Engage,MissionAI,"",0,0.45,0,"VIPER-02",False,False,True
120.79000000002489,"BANDIT-02","BANDIT-02",Hostile,Patrol,Neutralized,Evade,MissionAI,"",0,0.45,0,"VIPER-03",False,True,True
120.79000000002489,"BANDIT-03","BANDIT-03",Hostile,Patrol,Active,Evade,MissionAI,"",0,0.45,0,"VIPER-03",False,True,True
120.79000000002489,"BANDIT-04","BANDIT-04",Hostile,Patrol,Active,Engage,MissionAI,"",0,0.45,0,"VIPER-02",False,True,True
120.99000000002499,"VIPER-01","VIPER-01",Friendly,Player,Active,Engage,AutomationPilot,"",0,0.85,0,"BANDIT-03",False,True,True
120.99000000002499,"VIPER-02","VIPER-02",Friendly,Wingman,Active,Evade,MissionAI,"VIPER-01",1,0.85,0,"BANDIT-03",False,True,True
120.99000000002499,"VIPER-03","VIPER-03",Friendly,Wingman,Active,Evade,MissionAI,"VIPER-01",2,0.85,0,"BANDIT-03",False,True,True
120.99000000002499,"BANDIT-01","BANDIT-01",Hostile,Patrol,Active,Engage,MissionAI,"",0,0.45,0,"VIPER-02",False,False,True
120.99000000002499,"BANDIT-02","BANDIT-02",Hostile,Patrol,Neutralized,Evade,MissionAI,"",0,0.45,0,"VIPER-03",False,True,True
120.99000000002499,"BANDIT-03","BANDIT-03",Hostile,Patrol,Active,Engage,MissionAI,"",0,0.45,0,"VIPER-02",False,True,True
120.99000000002499,"BANDIT-04","BANDIT-04",Hostile,Patrol,Active,Engage,MissionAI,"",0,0.45,0,"VIPER-02",False,True,True
121.19000000002509,"VIPER-01","VIPER-01",Friendly,Player,Active,Engage,AutomationPilot,"",0,0.85,0,"BANDIT-03",False,True,True
121.19000000002509,"VIPER-02","VIPER-02",Friendly,Wingman,Active,Evade,MissionAI,"VIPER-01",1,0.85,0,"BANDIT-03",False,True,True
121.19000000002509,"VIPER-03","VIPER-03",Friendly,Wingman,Active,Evade,MissionAI,"VIPER-01",2,0.85,0,"BANDIT-03",False,True,True
121.19000000002509,"BANDIT-01","BANDIT-01",Hostile,Patrol,Active,Engage,MissionAI,"",0,0.45,0,"VIPER-02",False,False,True
121.19000000002509,"BANDIT-02","BANDIT-02",Hostile,Patrol,Neutralized,Evade,MissionAI,"",0,0.45,0,"VIPER-03",False,True,True
121.19000000002509,"BANDIT-03","BANDIT-03",Hostile,Patrol,Active,Engage,MissionAI,"",0,0.45,0,"VIPER-02",False,True,True
121.19000000002509,"BANDIT-04","BANDIT-04",Hostile,Patrol,Active,Engage,MissionAI,"",0,0.45,0,"VIPER-02",False,True,True
121.3900000000252,"VIPER-01","VIPER-01",Friendly,Player,Active,Engage,AutomationPilot,"",0,0.85,0,"BANDIT-03",False,True,True
121.3900000000252,"VIPER-02","VIPER-02",Friendly,Wingman,Active,Evade,MissionAI,"VIPER-01",1,0.85,0,"BANDIT-03",False,True,True
121.3900000000252,"VIPER-03","VIPER-03",Friendly,Wingman,Active,Evade,MissionAI,"VIPER-01",2,0.85,0,"BANDIT-03",False,True,True
121.3900000000252,"BANDIT-01","BANDIT-01",Hostile,Patrol,Active,Engage,MissionAI,"",0,0.45,0,"VIPER-02",False,False,True
121.3900000000252,"BANDIT-02","BANDIT-02",Hostile,Patrol,Neutralized,Evade,MissionAI,"",0,0.45,0,"VIPER-03",False,True,True
121.3900000000252,"BANDIT-03","BANDIT-03",Hostile,Patrol,Active,Engage,MissionAI,"",0,0.45,0,"VIPER-02",False,True,True
121.3900000000252,"BANDIT-04","BANDIT-04",Hostile,Patrol,Active,Engage,MissionAI,"",0,0.45,0,"VIPER-02",False,True,True
121.5900000000253,"VIPER-01","VIPER-01",Friendly,Player,Active,Engage,AutomationPilot,"",0,0.85,0,"BANDIT-03",False,True,True
121.5900000000253,"VIPER-02","VIPER-02",Friendly,Wingman,Active,Evade,MissionAI,"VIPER-01",1,0.85,0,"BANDIT-03",False,True,True
121.5900000000253,"VIPER-03","VIPER-03",Friendly,Wingman,Active,Evade,MissionAI,"VIPER-01",2,0.85,0,"BANDIT-03",False,True,True
121.5900000000253,"BANDIT-01","BANDIT-01",Hostile,Patrol,Active,Engage,MissionAI,"",0,0.45,0,"VIPER-02",False,False,True
121.5900000000253,"BANDIT-02","BANDIT-02",Hostile,Patrol,Neutralized,Evade,MissionAI,"",0,0.45,0,"VIPER-03",False,True,True
121.5900000000253,"BANDIT-03","BANDIT-03",Hostile,Patrol,Active,Engage,MissionAI,"",0,0.45,0,"VIPER-02",False,True,True
121.5900000000253,"BANDIT-04","BANDIT-04",Hostile,Patrol,Active,Engage,MissionAI,"",0,0.45,0,"VIPER-02",False,True,True
121.7900000000254,"VIPER-01","VIPER-01",Friendly,Player,Active,Engage,AutomationPilot,"",0,0.85,0,"BANDIT-03",False,True,True
121.7900000000254,"VIPER-02","VIPER-02",Friendly,Wingman,Active,Evade,MissionAI,"VIPER-01",1,0.85,0,"BANDIT-03",False,True,True
121.7900000000254,"VIPER-03","VIPER-03",Friendly,Wingman,Active,Evade,MissionAI,"VIPER-01",2,0.85,0,"BANDIT-03",False,True,True
121.7900000000254,"BANDIT-01","BANDIT-01",Hostile,Patrol,Active,Engage,MissionAI,"",0,0.45,0,"VIPER-02",False,False,True
121.7900000000254,"BANDIT-02","BANDIT-02",Hostile,Patrol,Neutralized,Evade,MissionAI,"",0,0.45,0,"VIPER-03",False,True,True
121.7900000000254,"BANDIT-03","BANDIT-03",Hostile,Patrol,Active,Engage,MissionAI,"",0,0.45,0,"VIPER-02",False,True,True
121.7900000000254,"BANDIT-04","BANDIT-04",Hostile,Patrol,Active,Engage,MissionAI,"",0,0.45,0,"VIPER-02",False,True,True
121.9900000000255,"VIPER-01","VIPER-01",Friendly,Player,Active,Engage,AutomationPilot,"",0,0.85,0,"BANDIT-04",False,True,True
121.9900000000255,"VIPER-02","VIPER-02",Friendly,Wingman,Active,Evade,MissionAI,"VIPER-01",1,0.85,0,"BANDIT-03",False,True,True
121.9900000000255,"VIPER-03","VIPER-03",Friendly,Wingman,Active,Evade,MissionAI,"VIPER-01",2,0.85,0,"BANDIT-03",False,True,True
121.9900000000255,"BANDIT-01","BANDIT-01",Hostile,Patrol,Active,Engage,MissionAI,"",0,0.45,0,"VIPER-02",False,False,True
121.9900000000255,"BANDIT-02","BANDIT-02",Hostile,Patrol,Neutralized,Evade,MissionAI,"",0,0.45,0,"VIPER-03",False,True,True
121.9900000000255,"BANDIT-03","BANDIT-03",Hostile,Patrol,Active,Engage,MissionAI,"",0,0.45,0,"VIPER-02",False,True,True
121.9900000000255,"BANDIT-04","BANDIT-04",Hostile,Patrol,Active,Engage,MissionAI,"",0,0.45,0,"VIPER-02",False,True,True
122.19000000002561,"VIPER-01","VIPER-01",Friendly,Player,Active,Engage,AutomationPilot,"",0,0.85,0,"BANDIT-04",False,True,True
122.19000000002561,"VIPER-02","VIPER-02",Friendly,Wingman,Active,Evade,MissionAI,"VIPER-01",1,0.85,0,"BANDIT-03",False,True,True
122.19000000002561,"VIPER-03","VIPER-03",Friendly,Wingman,Active,Evade,MissionAI,"VIPER-01",2,0.85,0,"BANDIT-03",False,True,True
122.19000000002561,"BANDIT-01","BANDIT-01",Hostile,Patrol,Active,Engage,MissionAI,"",0,0.45,0,"VIPER-02",False,False,True
122.19000000002561,"BANDIT-02","BANDIT-02",Hostile,Patrol,Neutralized,Evade,MissionAI,"",0,0.45,0,"VIPER-03",False,True,True
122.19000000002561,"BANDIT-03","BANDIT-03",Hostile,Patrol,Active,Engage,MissionAI,"",0,0.45,0,"VIPER-02",False,True,True
122.19000000002561,"BANDIT-04","BANDIT-04",Hostile,Patrol,Active,Engage,MissionAI,"",0,0.45,0,"VIPER-02",False,True,True
122.39000000002571,"VIPER-01","VIPER-01",Friendly,Player,Active,Engage,AutomationPilot,"",0,0.85,0,"BANDIT-04",False,True,True
122.39000000002571,"VIPER-02","VIPER-02",Friendly,Wingman,Active,Evade,MissionAI,"VIPER-01",1,0.85,0,"BANDIT-03",False,True,True
122.39000000002571,"VIPER-03","VIPER-03",Friendly,Wingman,Active,Engage,MissionAI,"VIPER-01",2,0.85,0,"BANDIT-03",False,True,True
122.39000000002571,"BANDIT-01","BANDIT-01",Hostile,Patrol,Active,Engage,MissionAI,"",0,0.45,0,"VIPER-02",False,False,True
122.39000000002571,"BANDIT-02","BANDIT-02",Hostile,Patrol,Neutralized,Evade,MissionAI,"",0,0.45,0,"VIPER-03",False,True,True
122.39000000002571,"BANDIT-03","BANDIT-03",Hostile,Patrol,Active,Evade,MissionAI,"",0,0.45,0,"VIPER-02",False,True,True
122.39000000002571,"BANDIT-04","BANDIT-04",Hostile,Patrol,Active,Engage,MissionAI,"",0,0.45,0,"VIPER-02",False,True,True
122.59000000002581,"VIPER-01","VIPER-01",Friendly,Player,Active,Engage,AutomationPilot,"",0,0.85,0,"BANDIT-04",False,True,True
122.59000000002581,"VIPER-02","VIPER-02",Friendly,Wingman,Active,Evade,MissionAI,"VIPER-01",1,0.85,0,"BANDIT-03",False,True,True
122.59000000002581,"VIPER-03","VIPER-03",Friendly,Wingman,Active,Engage,MissionAI,"VIPER-01",2,0.85,0,"BANDIT-03",False,True,True
122.59000000002581,"BANDIT-01","BANDIT-01",Hostile,Patrol,Active,Engage,MissionAI,"",0,0.45,0,"VIPER-02",False,False,True
122.59000000002581,"BANDIT-02","BANDIT-02",Hostile,Patrol,Neutralized,Evade,MissionAI,"",0,0.45,0,"VIPER-03",False,True,True
122.59000000002581,"BANDIT-03","BANDIT-03",Hostile,Patrol,Active,Evade,MissionAI,"",0,0.45,0,"VIPER-02",False,True,True
122.59000000002581,"BANDIT-04","BANDIT-04",Hostile,Patrol,Active,Engage,MissionAI,"",0,0.45,0,"VIPER-02",False,True,True
122.79000000002591,"VIPER-01","VIPER-01",Friendly,Player,Active,Engage,AutomationPilot,"",0,0.85,0,"BANDIT-04",False,True,True
122.79000000002591,"VIPER-02","VIPER-02",Friendly,Wingman,Active,Evade,MissionAI,"VIPER-01",1,0.85,0,"BANDIT-03",False,True,True
122.79000000002591,"VIPER-03","VIPER-03",Friendly,Wingman,Active,Engage,MissionAI,"VIPER-01",2,0.85,0,"BANDIT-03",False,True,True
122.79000000002591,"BANDIT-01","BANDIT-01",Hostile,Patrol,Active,Engage,MissionAI,"",0,0.45,0,"VIPER-02",False,False,True
122.79000000002591,"BANDIT-02","BANDIT-02",Hostile,Patrol,Neutralized,Evade,MissionAI,"",0,0.45,0,"VIPER-03",False,True,True
122.79000000002591,"BANDIT-03","BANDIT-03",Hostile,Patrol,Active,Evade,MissionAI,"",0,0.45,0,"VIPER-02",False,True,True
122.79000000002591,"BANDIT-04","BANDIT-04",Hostile,Patrol,Active,Engage,MissionAI,"",0,0.45,0,"VIPER-02",False,True,True
122.99000000002601,"VIPER-01","VIPER-01",Friendly,Player,Active,Engage,AutomationPilot,"",0,0.85,0,"BANDIT-04",False,True,True
122.99000000002601,"VIPER-02","VIPER-02",Friendly,Wingman,Active,Evade,MissionAI,"VIPER-01",1,0.85,0,"BANDIT-03",False,True,True
122.99000000002601,"VIPER-03","VIPER-03",Friendly,Wingman,Active,Engage,MissionAI,"VIPER-01",2,0.85,0,"BANDIT-03",False,True,True
122.99000000002601,"BANDIT-01","BANDIT-01",Hostile,Patrol,Active,Engage,MissionAI,"",0,0.45,0,"VIPER-02",False,False,True
122.99000000002601,"BANDIT-02","BANDIT-02",Hostile,Patrol,Neutralized,Evade,MissionAI,"",0,0.45,0,"VIPER-03",False,True,True
122.99000000002601,"BANDIT-03","BANDIT-03",Hostile,Patrol,Active,Evade,MissionAI,"",0,0.45,0,"VIPER-02",False,True,True
122.99000000002601,"BANDIT-04","BANDIT-04",Hostile,Patrol,Active,Engage,MissionAI,"",0,0.45,0,"VIPER-02",False,True,True
123.19000000002612,"VIPER-01","VIPER-01",Friendly,Player,Active,Engage,AutomationPilot,"",0,0.85,0,"BANDIT-04",False,True,True
123.19000000002612,"VIPER-02","VIPER-02",Friendly,Wingman,Active,Evade,MissionAI,"VIPER-01",1,0.85,0,"BANDIT-03",False,True,True
123.19000000002612,"VIPER-03","VIPER-03",Friendly,Wingman,Active,Engage,MissionAI,"VIPER-01",2,0.85,0,"BANDIT-03",False,True,True
123.19000000002612,"BANDIT-01","BANDIT-01",Hostile,Patrol,Active,Engage,MissionAI,"",0,0.45,0,"VIPER-02",False,False,True
123.19000000002612,"BANDIT-02","BANDIT-02",Hostile,Patrol,Neutralized,Evade,MissionAI,"",0,0.45,0,"VIPER-03",False,True,True
123.19000000002612,"BANDIT-03","BANDIT-03",Hostile,Patrol,Active,Evade,MissionAI,"",0,0.45,0,"VIPER-02",False,True,True
123.19000000002612,"BANDIT-04","BANDIT-04",Hostile,Patrol,Active,Engage,MissionAI,"",0,0.45,0,"VIPER-02",False,True,True
123.39000000002622,"VIPER-01","VIPER-01",Friendly,Player,Active,Engage,AutomationPilot,"",0,0.85,0,"BANDIT-04",False,True,True
123.39000000002622,"VIPER-02","VIPER-02",Friendly,Wingman,Active,Evade,MissionAI,"VIPER-01",1,0.85,0,"BANDIT-03",False,True,True
123.39000000002622,"VIPER-03","VIPER-03",Friendly,Wingman,Active,Engage,MissionAI,"VIPER-01",2,0.85,0,"BANDIT-03",False,True,True
123.39000000002622,"BANDIT-01","BANDIT-01",Hostile,Patrol,Active,Engage,MissionAI,"",0,0.45,0,"VIPER-02",False,False,True
123.39000000002622,"BANDIT-02","BANDIT-02",Hostile,Patrol,Neutralized,Evade,MissionAI,"",0,0.45,0,"VIPER-03",False,True,True
123.39000000002622,"BANDIT-03","BANDIT-03",Hostile,Patrol,Active,Evade,MissionAI,"",0,0.45,0,"VIPER-02",False,True,True
123.39000000002622,"BANDIT-04","BANDIT-04",Hostile,Patrol,Active,Engage,MissionAI,"",0,0.45,0,"VIPER-02",False,True,True
123.59000000002632,"VIPER-01","VIPER-01",Friendly,Player,Active,Engage,AutomationPilot,"",0,0.85,0,"BANDIT-04",False,True,True
123.59000000002632,"VIPER-02","VIPER-02",Friendly,Wingman,Active,Evade,MissionAI,"VIPER-01",1,0.85,0,"BANDIT-03",False,True,True
123.59000000002632,"VIPER-03","VIPER-03",Friendly,Wingman,Active,Engage,MissionAI,"VIPER-01",2,0.85,0,"BANDIT-03",False,True,True
123.59000000002632,"BANDIT-01","BANDIT-01",Hostile,Patrol,Active,Engage,MissionAI,"",0,0.45,0,"VIPER-02",False,False,True
123.59000000002632,"BANDIT-02","BANDIT-02",Hostile,Patrol,Neutralized,Evade,MissionAI,"",0,0.45,0,"VIPER-03",False,True,True
123.59000000002632,"BANDIT-03","BANDIT-03",Hostile,Patrol,Active,Evade,MissionAI,"",0,0.45,0,"VIPER-02",False,True,True
123.59000000002632,"BANDIT-04","BANDIT-04",Hostile,Patrol,Active,Engage,MissionAI,"",0,0.45,0,"VIPER-02",False,True,True
123.79000000002642,"VIPER-01","VIPER-01",Friendly,Player,Active,Engage,AutomationPilot,"",0,0.85,0,"BANDIT-04",False,True,True
123.79000000002642,"VIPER-02","VIPER-02",Friendly,Wingman,Active,Evade,MissionAI,"VIPER-01",1,0.85,0,"BANDIT-03",False,True,True
123.79000000002642,"VIPER-03","VIPER-03",Friendly,Wingman,Active,Engage,MissionAI,"VIPER-01",2,0.85,0,"BANDIT-03",False,True,True
123.79000000002642,"BANDIT-01","BANDIT-01",Hostile,Patrol,Active,Engage,MissionAI,"",0,0.45,0,"VIPER-02",False,False,True
123.79000000002642,"BANDIT-02","BANDIT-02",Hostile,Patrol,Neutralized,Evade,MissionAI,"",0,0.45,0,"VIPER-03",False,True,True
123.79000000002642,"BANDIT-03","BANDIT-03",Hostile,Patrol,Active,Evade,MissionAI,"",0,0.45,0,"VIPER-02",False,True,True
123.79000000002642,"BANDIT-04","BANDIT-04",Hostile,Patrol,Active,Engage,MissionAI,"",0,0.45,0,"VIPER-02",False,True,True
123.99000000002653,"VIPER-01","VIPER-01",Friendly,Player,Active,Engage,AutomationPilot,"",0,0.85,0,"BANDIT-04",False,True,True
123.99000000002653,"VIPER-02","VIPER-02",Friendly,Wingman,Active,Evade,MissionAI,"VIPER-01",1,0.85,0,"BANDIT-03",False,True,True
123.99000000002653,"VIPER-03","VIPER-03",Friendly,Wingman,Active,Engage,MissionAI,"VIPER-01",2,0.85,0,"BANDIT-03",False,True,True
123.99000000002653,"BANDIT-01","BANDIT-01",Hostile,Patrol,Active,Engage,MissionAI,"",0,0.45,0,"VIPER-02",False,False,True
123.99000000002653,"BANDIT-02","BANDIT-02",Hostile,Patrol,Neutralized,Evade,MissionAI,"",0,0.45,0,"VIPER-03",False,True,True
123.99000000002653,"BANDIT-03","BANDIT-03",Hostile,Patrol,Active,Evade,MissionAI,"",0,0.45,0,"VIPER-02",False,True,True
123.99000000002653,"BANDIT-04","BANDIT-04",Hostile,Patrol,Active,Engage,MissionAI,"",0,0.45,0,"VIPER-02",False,True,True
124.19000000002663,"VIPER-01","VIPER-01",Friendly,Player,Active,Engage,AutomationPilot,"",0,0.85,0,"BANDIT-04",False,True,True
124.19000000002663,"VIPER-02","VIPER-02",Friendly,Wingman,Active,Evade,MissionAI,"VIPER-01",1,0.85,0,"BANDIT-03",False,True,True
124.19000000002663,"VIPER-03","VIPER-03",Friendly,Wingman,Active,Engage,MissionAI,"VIPER-01",2,0.85,0,"BANDIT-03",False,True,True
124.19000000002663,"BANDIT-01","BANDIT-01",Hostile,Patrol,Active,Engage,MissionAI,"",0,0.45,0,"VIPER-02",False,False,True
124.19000000002663,"BANDIT-02","BANDIT-02",Hostile,Patrol,Neutralized,Evade,MissionAI,"",0,0.45,0,"VIPER-03",False,True,True
124.19000000002663,"BANDIT-03","BANDIT-03",Hostile,Patrol,Active,Evade,MissionAI,"",0,0.45,0,"VIPER-02",False,True,True
124.19000000002663,"BANDIT-04","BANDIT-04",Hostile,Patrol,Active,Engage,MissionAI,"",0,0.45,0,"VIPER-02",False,True,True
124.39000000002673,"VIPER-01","VIPER-01",Friendly,Player,Active,Engage,AutomationPilot,"",0,0.85,0,"BANDIT-04",False,True,True
124.39000000002673,"VIPER-02","VIPER-02",Friendly,Wingman,Active,Evade,MissionAI,"VIPER-01",1,0.85,0,"BANDIT-03",False,True,True
124.39000000002673,"VIPER-03","VIPER-03",Friendly,Wingman,Active,Engage,MissionAI,"VIPER-01",2,0.85,0,"BANDIT-03",False,True,True
124.39000000002673,"BANDIT-01","BANDIT-01",Hostile,Patrol,Active,Engage,MissionAI,"",0,0.45,0,"VIPER-02",False,False,True
124.39000000002673,"BANDIT-02","BANDIT-02",Hostile,Patrol,Neutralized,Evade,MissionAI,"",0,0.45,0,"VIPER-03",False,True,True
124.39000000002673,"BANDIT-03","BANDIT-03",Hostile,Patrol,Active,Evade,MissionAI,"",0,0.45,0,"VIPER-02",False,True,True
124.39000000002673,"BANDIT-04","BANDIT-04",Hostile,Patrol,Active,Engage,MissionAI,"",0,0.45,0,"VIPER-02",False,True,True
124.59000000002683,"VIPER-01","VIPER-01",Friendly,Player,Active,Engage,AutomationPilot,"",0,0.85,0,"BANDIT-04",False,True,True
124.59000000002683,"VIPER-02","VIPER-02",Friendly,Wingman,Active,Evade,MissionAI,"VIPER-01",1,0.85,0,"BANDIT-03",False,True,True
124.59000000002683,"VIPER-03","VIPER-03",Friendly,Wingman,Active,Engage,MissionAI,"VIPER-01",2,0.85,0,"BANDIT-03",False,True,True
124.59000000002683,"BANDIT-01","BANDIT-01",Hostile,Patrol,Active,Engage,MissionAI,"",0,0.45,0,"VIPER-02",False,False,True
124.59000000002683,"BANDIT-02","BANDIT-02",Hostile,Patrol,Neutralized,Evade,MissionAI,"",0,0.45,0,"VIPER-03",False,True,True
124.59000000002683,"BANDIT-03","BANDIT-03",Hostile,Patrol,Active,Evade,MissionAI,"",0,0.45,0,"VIPER-02",False,True,True
124.59000000002683,"BANDIT-04","BANDIT-04",Hostile,Patrol,Active,Engage,MissionAI,"",0,0.45,0,"VIPER-02",False,True,True
124.79000000002694,"VIPER-01","VIPER-01",Friendly,Player,Active,Engage,AutomationPilot,"",0,0.85,0,"BANDIT-04",False,True,True
124.79000000002694,"VIPER-02","VIPER-02",Friendly,Wingman,Active,Evade,MissionAI,"VIPER-01",1,0.85,0,"BANDIT-03",False,True,True
124.79000000002694,"VIPER-03","VIPER-03",Friendly,Wingman,Active,Engage,MissionAI,"VIPER-01",2,0.85,0,"BANDIT-03",False,True,True
124.79000000002694,"BANDIT-01","BANDIT-01",Hostile,Patrol,Active,Engage,MissionAI,"",0,0.45,0,"VIPER-02",False,False,True
124.79000000002694,"BANDIT-02","BANDIT-02",Hostile,Patrol,Neutralized,Evade,MissionAI,"",0,0.45,0,"VIPER-03",False,True,True
124.79000000002694,"BANDIT-03","BANDIT-03",Hostile,Patrol,Active,Evade,MissionAI,"",0,0.45,0,"VIPER-02",False,True,True
124.79000000002694,"BANDIT-04","BANDIT-04",Hostile,Patrol,Active,Engage,MissionAI,"",0,0.45,0,"VIPER-02",False,True,True
124.99000000002704,"VIPER-01","VIPER-01",Friendly,Player,Active,Engage,AutomationPilot,"",0,0.85,0,"BANDIT-04",False,True,True
124.99000000002704,"VIPER-02","VIPER-02",Friendly,Wingman,Active,Evade,MissionAI,"VIPER-01",1,0.85,0,"BANDIT-03",False,True,True
124.99000000002704,"VIPER-03","VIPER-03",Friendly,Wingman,Active,Engage,MissionAI,"VIPER-01",2,0.85,0,"BANDIT-03",False,True,True
124.99000000002704,"BANDIT-01","BANDIT-01",Hostile,Patrol,Active,Engage,MissionAI,"",0,0.45,0,"VIPER-02",False,False,True
124.99000000002704,"BANDIT-02","BANDIT-02",Hostile,Patrol,Neutralized,Evade,MissionAI,"",0,0.45,0,"VIPER-03",False,True,True
124.99000000002704,"BANDIT-03","BANDIT-03",Hostile,Patrol,Active,Evade,MissionAI,"",0,0.45,0,"VIPER-02",False,True,True
124.99000000002704,"BANDIT-04","BANDIT-04",Hostile,Patrol,Active,Engage,MissionAI,"",0,0.45,0,"VIPER-02",False,True,True
125.19000000002714,"VIPER-01","VIPER-01",Friendly,Player,Active,Engage,AutomationPilot,"",0,0.85,0,"BANDIT-04",False,True,True
125.19000000002714,"VIPER-02","VIPER-02",Friendly,Wingman,Active,Evade,MissionAI,"VIPER-01",1,0.85,0,"BANDIT-03",False,True,True
125.19000000002714,"VIPER-03","VIPER-03",Friendly,Wingman,Active,Engage,MissionAI,"VIPER-01",2,0.85,0,"BANDIT-03",False,True,True
125.19000000002714,"BANDIT-01","BANDIT-01",Hostile,Patrol,Active,Engage,MissionAI,"",0,0.45,0,"VIPER-02",False,False,True
125.19000000002714,"BANDIT-02","BANDIT-02",Hostile,Patrol,Neutralized,Evade,MissionAI,"",0,0.45,0,"VIPER-03",False,True,True
125.19000000002714,"BANDIT-03","BANDIT-03",Hostile,Patrol,Active,Evade,MissionAI,"",0,0.45,0,"VIPER-02",False,True,True
125.19000000002714,"BANDIT-04","BANDIT-04",Hostile,Patrol,Active,Engage,MissionAI,"",0,0.45,0,"VIPER-02",False,True,True
125.39000000002724,"VIPER-01","VIPER-01",Friendly,Player,Active,Engage,AutomationPilot,"",0,0.85,0,"BANDIT-04",False,True,True
125.39000000002724,"VIPER-02","VIPER-02",Friendly,Wingman,Active,Evade,MissionAI,"VIPER-01",1,0.85,0,"BANDIT-03",False,True,True
125.39000000002724,"VIPER-03","VIPER-03",Friendly,Wingman,Active,Engage,MissionAI,"VIPER-01",2,0.85,0,"BANDIT-03",False,True,True
125.39000000002724,"BANDIT-01","BANDIT-01",Hostile,Patrol,Active,Engage,MissionAI,"",0,0.45,0,"VIPER-02",False,False,True
125.39000000002724,"BANDIT-02","BANDIT-02",Hostile,Patrol,Neutralized,Evade,MissionAI,"",0,0.45,0,"VIPER-03",False,True,True
125.39000000002724,"BANDIT-03","BANDIT-03",Hostile,Patrol,Active,Evade,MissionAI,"",0,0.45,0,"VIPER-02",False,True,True
125.39000000002724,"BANDIT-04","BANDIT-04",Hostile,Patrol,Active,Engage,MissionAI,"",0,0.45,0,"VIPER-02",False,True,True
125.59000000002735,"VIPER-01","VIPER-01",Friendly,Player,Active,Engage,AutomationPilot,"",0,0.85,0,"BANDIT-04",False,True,True
125.59000000002735,"VIPER-02","VIPER-02",Friendly,Wingman,Active,Evade,MissionAI,"VIPER-01",1,0.85,0,"BANDIT-03",False,True,True
125.59000000002735,"VIPER-03","VIPER-03",Friendly,Wingman,Active,Engage,MissionAI,"VIPER-01",2,0.85,0,"BANDIT-03",False,True,True
125.59000000002735,"BANDIT-01","BANDIT-01",Hostile,Patrol,Active,Engage,MissionAI,"",0,0.45,0,"VIPER-02",False,False,True
125.59000000002735,"BANDIT-02","BANDIT-02",Hostile,Patrol,Neutralized,Evade,MissionAI,"",0,0.45,0,"VIPER-03",False,True,True
125.59000000002735,"BANDIT-03","BANDIT-03",Hostile,Patrol,Active,Evade,MissionAI,"",0,0.45,0,"VIPER-02",False,True,True
125.59000000002735,"BANDIT-04","BANDIT-04",Hostile,Patrol,Active,Engage,MissionAI,"",0,0.45,0,"VIPER-02",False,True,True
125.79000000002745,"VIPER-01","VIPER-01",Friendly,Player,Active,Engage,AutomationPilot,"",0,0.85,0,"BANDIT-04",False,True,True
125.79000000002745,"VIPER-02","VIPER-02",Friendly,Wingman,Active,Evade,MissionAI,"VIPER-01",1,0.85,0,"BANDIT-03",False,True,True
125.79000000002745,"VIPER-03","VIPER-03",Friendly,Wingman,Active,Engage,MissionAI,"VIPER-01",2,0.85,0,"BANDIT-03",False,True,True
125.79000000002745,"BANDIT-01","BANDIT-01",Hostile,Patrol,Active,Engage,MissionAI,"",0,0.45,0,"VIPER-02",False,False,True
125.79000000002745,"BANDIT-02","BANDIT-02",Hostile,Patrol,Neutralized,Evade,MissionAI,"",0,0.45,0,"VIPER-03",False,True,True
125.79000000002745,"BANDIT-03","BANDIT-03",Hostile,Patrol,Active,Evade,MissionAI,"",0,0.45,0,"VIPER-02",False,True,True
125.79000000002745,"BANDIT-04","BANDIT-04",Hostile,Patrol,Active,Engage,MissionAI,"",0,0.45,0,"VIPER-02",False,True,True
125.99000000002755,"VIPER-01","VIPER-01",Friendly,Player,Active,Engage,AutomationPilot,"",0,0.85,0,"BANDIT-04",False,True,True
125.99000000002755,"VIPER-02","VIPER-02",Friendly,Wingman,Active,Evade,MissionAI,"VIPER-01",1,0.85,0,"BANDIT-03",False,True,True
125.99000000002755,"VIPER-03","VIPER-03",Friendly,Wingman,Active,Engage,MissionAI,"VIPER-01",2,0.85,0,"BANDIT-03",False,True,True
125.99000000002755,"BANDIT-01","BANDIT-01",Hostile,Patrol,Active,Engage,MissionAI,"",0,0.45,0,"VIPER-02",False,False,True
125.99000000002755,"BANDIT-02","BANDIT-02",Hostile,Patrol,Neutralized,Evade,MissionAI,"",0,0.45,0,"VIPER-03",False,True,True
125.99000000002755,"BANDIT-03","BANDIT-03",Hostile,Patrol,Active,Evade,MissionAI,"",0,0.45,0,"VIPER-02",False,True,True
125.99000000002755,"BANDIT-04","BANDIT-04",Hostile,Patrol,Active,Engage,MissionAI,"",0,0.45,0,"VIPER-02",False,True,True
126.19000000002765,"VIPER-01","VIPER-01",Friendly,Player,Active,Engage,AutomationPilot,"",0,0.85,0,"BANDIT-04",False,True,True
126.19000000002765,"VIPER-02","VIPER-02",Friendly,Wingman,Active,Evade,MissionAI,"VIPER-01",1,0.85,0,"BANDIT-03",False,True,True
126.19000000002765,"VIPER-03","VIPER-03",Friendly,Wingman,Active,Engage,MissionAI,"VIPER-01",2,0.85,0,"BANDIT-03",False,True,True
126.19000000002765,"BANDIT-01","BANDIT-01",Hostile,Patrol,Active,Engage,MissionAI,"",0,0.45,0,"VIPER-02",False,False,True
126.19000000002765,"BANDIT-02","BANDIT-02",Hostile,Patrol,Neutralized,Evade,MissionAI,"",0,0.45,0,"VIPER-03",False,True,True
126.19000000002765,"BANDIT-03","BANDIT-03",Hostile,Patrol,Active,Evade,MissionAI,"",0,0.45,0,"VIPER-02",False,True,True
126.19000000002765,"BANDIT-04","BANDIT-04",Hostile,Patrol,Active,Engage,MissionAI,"",0,0.45,0,"VIPER-02",False,True,True
126.39000000002775,"VIPER-01","VIPER-01",Friendly,Player,Active,Engage,AutomationPilot,"",0,0.85,0,"BANDIT-04",False,True,True
126.39000000002775,"VIPER-02","VIPER-02",Friendly,Wingman,Active,Evade,MissionAI,"VIPER-01",1,0.85,0,"BANDIT-03",False,True,True
126.39000000002775,"VIPER-03","VIPER-03",Friendly,Wingman,Active,Engage,MissionAI,"VIPER-01",2,0.85,0,"BANDIT-03",False,True,True
126.39000000002775,"BANDIT-01","BANDIT-01",Hostile,Patrol,Active,Engage,MissionAI,"",0,0.45,0,"VIPER-02",False,False,True
126.39000000002775,"BANDIT-02","BANDIT-02",Hostile,Patrol,Neutralized,Evade,MissionAI,"",0,0.45,0,"VIPER-03",False,True,True
126.39000000002775,"BANDIT-03","BANDIT-03",Hostile,Patrol,Active,Evade,MissionAI,"",0,0.45,0,"VIPER-02",False,True,True
126.39000000002775,"BANDIT-04","BANDIT-04",Hostile,Patrol,Active,Engage,MissionAI,"",0,0.45,0,"VIPER-02",False,True,True
126.59000000002786,"VIPER-01","VIPER-01",Friendly,Player,Active,Engage,AutomationPilot,"",0,0.85,0,"BANDIT-04",False,True,True
126.59000000002786,"VIPER-02","VIPER-02",Friendly,Wingman,Active,Evade,MissionAI,"VIPER-01",1,0.85,0,"BANDIT-03",False,True,True
126.59000000002786,"VIPER-03","VIPER-03",Friendly,Wingman,Active,Engage,MissionAI,"VIPER-01",2,0.85,0,"BANDIT-04",False,True,True
126.59000000002786,"BANDIT-01","BANDIT-01",Hostile,Patrol,Active,Engage,MissionAI,"",0,0.45,0,"VIPER-02",False,False,True
126.59000000002786,"BANDIT-02","BANDIT-02",Hostile,Patrol,Neutralized,Evade,MissionAI,"",0,0.45,0,"VIPER-03",False,True,True
126.59000000002786,"BANDIT-03","BANDIT-03",Hostile,Patrol,Active,Evade,MissionAI,"",0,0.45,0,"VIPER-02",False,True,True
126.59000000002786,"BANDIT-04","BANDIT-04",Hostile,Patrol,Active,Engage,MissionAI,"",0,0.45,0,"VIPER-02",False,True,True
126.79000000002796,"VIPER-01","VIPER-01",Friendly,Player,Active,Engage,AutomationPilot,"",0,0.85,0,"BANDIT-04",False,True,True
126.79000000002796,"VIPER-02","VIPER-02",Friendly,Wingman,Active,Evade,MissionAI,"VIPER-01",1,0.85,0,"BANDIT-03",False,True,True
126.79000000002796,"VIPER-03","VIPER-03",Friendly,Wingman,Active,Engage,MissionAI,"VIPER-01",2,0.85,0,"BANDIT-04",False,True,True
126.79000000002796,"BANDIT-01","BANDIT-01",Hostile,Patrol,Active,Engage,MissionAI,"",0,0.45,0,"VIPER-02",False,False,True
126.79000000002796,"BANDIT-02","BANDIT-02",Hostile,Patrol,Neutralized,Evade,MissionAI,"",0,0.45,0,"VIPER-03",False,True,True
126.79000000002796,"BANDIT-03","BANDIT-03",Hostile,Patrol,Active,Evade,MissionAI,"",0,0.45,0,"VIPER-02",False,True,True
126.79000000002796,"BANDIT-04","BANDIT-04",Hostile,Patrol,Active,Engage,MissionAI,"",0,0.45,0,"VIPER-02",False,True,True
126.99000000002806,"VIPER-01","VIPER-01",Friendly,Player,Active,Engage,AutomationPilot,"",0,0.85,0,"BANDIT-04",False,True,True
126.99000000002806,"VIPER-02","VIPER-02",Friendly,Wingman,Active,Evade,MissionAI,"VIPER-01",1,0.85,0,"BANDIT-03",False,True,True
126.99000000002806,"VIPER-03","VIPER-03",Friendly,Wingman,Active,Engage,MissionAI,"VIPER-01",2,0.85,0,"BANDIT-04",False,True,True
126.99000000002806,"BANDIT-01","BANDIT-01",Hostile,Patrol,Active,Engage,MissionAI,"",0,0.45,0,"VIPER-02",False,False,True
126.99000000002806,"BANDIT-02","BANDIT-02",Hostile,Patrol,Neutralized,Evade,MissionAI,"",0,0.45,0,"VIPER-03",False,True,True
126.99000000002806,"BANDIT-03","BANDIT-03",Hostile,Patrol,Active,Evade,MissionAI,"",0,0.45,0,"VIPER-02",False,True,True
126.99000000002806,"BANDIT-04","BANDIT-04",Hostile,Patrol,Active,Engage,MissionAI,"",0,0.45,0,"VIPER-02",False,True,True
127.19000000002816,"VIPER-01","VIPER-01",Friendly,Player,Active,Engage,AutomationPilot,"",0,0.85,0,"BANDIT-04",False,True,True
127.19000000002816,"VIPER-02","VIPER-02",Friendly,Wingman,Active,Evade,MissionAI,"VIPER-01",1,0.85,0,"BANDIT-03",False,True,True
127.19000000002816,"VIPER-03","VIPER-03",Friendly,Wingman,Active,Engage,MissionAI,"VIPER-01",2,0.85,0,"BANDIT-04",False,True,True
127.19000000002816,"BANDIT-01","BANDIT-01",Hostile,Patrol,Active,Engage,MissionAI,"",0,0.45,0,"VIPER-02",False,False,True
127.19000000002816,"BANDIT-02","BANDIT-02",Hostile,Patrol,Neutralized,Evade,MissionAI,"",0,0.45,0,"VIPER-03",False,True,True
127.19000000002816,"BANDIT-03","BANDIT-03",Hostile,Patrol,Active,Evade,MissionAI,"",0,0.45,0,"VIPER-02",False,True,True
127.19000000002816,"BANDIT-04","BANDIT-04",Hostile,Patrol,Active,Engage,MissionAI,"",0,0.45,0,"VIPER-02",False,True,True
127.39000000002827,"VIPER-01","VIPER-01",Friendly,Player,Active,Engage,AutomationPilot,"",0,0.85,0,"BANDIT-04",False,True,True
127.39000000002827,"VIPER-02","VIPER-02",Friendly,Wingman,Active,Evade,MissionAI,"VIPER-01",1,0.85,0,"BANDIT-03",False,True,True
127.39000000002827,"VIPER-03","VIPER-03",Friendly,Wingman,Active,Engage,MissionAI,"VIPER-01",2,0.85,0,"BANDIT-04",False,True,True
127.39000000002827,"BANDIT-01","BANDIT-01",Hostile,Patrol,Active,Engage,MissionAI,"",0,0.45,0,"VIPER-02",False,False,True
127.39000000002827,"BANDIT-02","BANDIT-02",Hostile,Patrol,Neutralized,Evade,MissionAI,"",0,0.45,0,"VIPER-03",False,True,True
127.39000000002827,"BANDIT-03","BANDIT-03",Hostile,Patrol,Active,Evade,MissionAI,"",0,0.45,0,"VIPER-02",False,True,True
127.39000000002827,"BANDIT-04","BANDIT-04",Hostile,Patrol,Active,Engage,MissionAI,"",0,0.45,0,"VIPER-02",False,True,True
127.59000000002837,"VIPER-01","VIPER-01",Friendly,Player,Active,Engage,AutomationPilot,"",0,0.85,0,"BANDIT-04",False,True,True
127.59000000002837,"VIPER-02","VIPER-02",Friendly,Wingman,Active,Evade,MissionAI,"VIPER-01",1,0.85,0,"BANDIT-03",False,True,True
127.59000000002837,"VIPER-03","VIPER-03",Friendly,Wingman,Active,Engage,MissionAI,"VIPER-01",2,0.85,0,"BANDIT-04",False,True,True
127.59000000002837,"BANDIT-01","BANDIT-01",Hostile,Patrol,Active,Engage,MissionAI,"",0,0.45,0,"VIPER-02",False,False,True
127.59000000002837,"BANDIT-02","BANDIT-02",Hostile,Patrol,Neutralized,Evade,MissionAI,"",0,0.45,0,"VIPER-03",False,True,True
127.59000000002837,"BANDIT-03","BANDIT-03",Hostile,Patrol,Active,Evade,MissionAI,"",0,0.45,0,"VIPER-02",False,True,True
127.59000000002837,"BANDIT-04","BANDIT-04",Hostile,Patrol,Active,Engage,MissionAI,"",0,0.45,0,"VIPER-02",False,True,True
127.79000000002847,"VIPER-01","VIPER-01",Friendly,Player,Active,Engage,AutomationPilot,"",0,0.85,0,"BANDIT-04",False,True,True
127.79000000002847,"VIPER-02","VIPER-02",Friendly,Wingman,Active,Evade,MissionAI,"VIPER-01",1,0.85,0,"BANDIT-03",False,True,True
127.79000000002847,"VIPER-03","VIPER-03",Friendly,Wingman,Active,Engage,MissionAI,"VIPER-01",2,0.85,0,"BANDIT-04",False,True,True
127.79000000002847,"BANDIT-01","BANDIT-01",Hostile,Patrol,Active,Engage,MissionAI,"",0,0.45,0,"VIPER-02",False,False,True
127.79000000002847,"BANDIT-02","BANDIT-02",Hostile,Patrol,Neutralized,Evade,MissionAI,"",0,0.45,0,"VIPER-03",False,True,True
127.79000000002847,"BANDIT-03","BANDIT-03",Hostile,Patrol,Active,Evade,MissionAI,"",0,0.45,0,"VIPER-02",False,True,True
127.79000000002847,"BANDIT-04","BANDIT-04",Hostile,Patrol,Active,Engage,MissionAI,"",0,0.45,0,"VIPER-02",False,True,True
127.99000000002857,"VIPER-01","VIPER-01",Friendly,Player,Active,Engage,AutomationPilot,"",0,0.85,0,"BANDIT-04",False,True,True
127.99000000002857,"VIPER-02","VIPER-02",Friendly,Wingman,Active,Evade,MissionAI,"VIPER-01",1,0.85,0,"BANDIT-03",False,True,True
127.99000000002857,"VIPER-03","VIPER-03",Friendly,Wingman,Active,Engage,MissionAI,"VIPER-01",2,0.85,0,"BANDIT-04",False,True,True
127.99000000002857,"BANDIT-01","BANDIT-01",Hostile,Patrol,Active,Engage,MissionAI,"",0,0.45,0,"VIPER-02",False,False,True
127.99000000002857,"BANDIT-02","BANDIT-02",Hostile,Patrol,Neutralized,Evade,MissionAI,"",0,0.45,0,"VIPER-03",False,True,True
127.99000000002857,"BANDIT-03","BANDIT-03",Hostile,Patrol,Active,Evade,MissionAI,"",0,0.45,0,"VIPER-02",False,True,True
127.99000000002857,"BANDIT-04","BANDIT-04",Hostile,Patrol,Active,Engage,MissionAI,"",0,0.45,0,"VIPER-02",False,True,True
128.19000000002839,"VIPER-01","VIPER-01",Friendly,Player,Active,Engage,AutomationPilot,"",0,0.85,0,"BANDIT-04",False,True,True
128.19000000002839,"VIPER-02","VIPER-02",Friendly,Wingman,Active,Evade,MissionAI,"VIPER-01",1,0.85,0,"BANDIT-03",False,True,True
128.19000000002839,"VIPER-03","VIPER-03",Friendly,Wingman,Active,Engage,MissionAI,"VIPER-01",2,0.85,0,"BANDIT-04",False,True,True
128.19000000002839,"BANDIT-01","BANDIT-01",Hostile,Patrol,Active,Engage,MissionAI,"",0,0.45,0,"VIPER-02",False,False,True
128.19000000002839,"BANDIT-02","BANDIT-02",Hostile,Patrol,Neutralized,Evade,MissionAI,"",0,0.45,0,"VIPER-03",False,True,True
128.19000000002839,"BANDIT-03","BANDIT-03",Hostile,Patrol,Active,Evade,MissionAI,"",0,0.45,0,"VIPER-02",False,True,True
128.19000000002839,"BANDIT-04","BANDIT-04",Hostile,Patrol,Active,Engage,MissionAI,"",0,0.45,0,"VIPER-02",False,True,True
128.39000000002821,"VIPER-01","VIPER-01",Friendly,Player,Active,Engage,AutomationPilot,"",0,0.85,0,"BANDIT-04",False,True,True
128.39000000002821,"VIPER-02","VIPER-02",Friendly,Wingman,Active,Evade,MissionAI,"VIPER-01",1,0.85,0,"BANDIT-03",False,True,True
128.39000000002821,"VIPER-03","VIPER-03",Friendly,Wingman,Active,Engage,MissionAI,"VIPER-01",2,0.85,0,"BANDIT-04",False,True,True
128.39000000002821,"BANDIT-01","BANDIT-01",Hostile,Patrol,Active,Engage,MissionAI,"",0,0.45,0,"VIPER-02",False,False,True
128.39000000002821,"BANDIT-02","BANDIT-02",Hostile,Patrol,Neutralized,Evade,MissionAI,"",0,0.45,0,"VIPER-03",False,True,True
128.39000000002821,"BANDIT-03","BANDIT-03",Hostile,Patrol,Active,Evade,MissionAI,"",0,0.45,0,"VIPER-02",False,True,True
128.39000000002821,"BANDIT-04","BANDIT-04",Hostile,Patrol,Active,Engage,MissionAI,"",0,0.45,0,"VIPER-02",False,True,True
128.59000000002803,"VIPER-01","VIPER-01",Friendly,Player,Active,Engage,AutomationPilot,"",0,0.85,0,"BANDIT-04",False,True,True
128.59000000002803,"VIPER-02","VIPER-02",Friendly,Wingman,Active,Evade,MissionAI,"VIPER-01",1,0.85,0,"BANDIT-03",False,True,True
128.59000000002803,"VIPER-03","VIPER-03",Friendly,Wingman,Active,Engage,MissionAI,"VIPER-01",2,0.85,0,"BANDIT-04",False,True,True
128.59000000002803,"BANDIT-01","BANDIT-01",Hostile,Patrol,Active,Engage,MissionAI,"",0,0.45,0,"VIPER-02",False,False,True
128.59000000002803,"BANDIT-02","BANDIT-02",Hostile,Patrol,Neutralized,Evade,MissionAI,"",0,0.45,0,"VIPER-03",False,True,True
128.59000000002803,"BANDIT-03","BANDIT-03",Hostile,Patrol,Active,Evade,MissionAI,"",0,0.45,0,"VIPER-02",False,True,True
128.59000000002803,"BANDIT-04","BANDIT-04",Hostile,Patrol,Active,Engage,MissionAI,"",0,0.45,0,"VIPER-02",False,True,True
128.79000000002785,"VIPER-01","VIPER-01",Friendly,Player,Active,Engage,AutomationPilot,"",0,0.85,0,"BANDIT-04",False,True,True
128.79000000002785,"VIPER-02","VIPER-02",Friendly,Wingman,Active,Evade,MissionAI,"VIPER-01",1,0.85,0,"BANDIT-03",False,True,True
128.79000000002785,"VIPER-03","VIPER-03",Friendly,Wingman,Active,Engage,MissionAI,"VIPER-01",2,0.85,0,"BANDIT-04",False,True,True
128.79000000002785,"BANDIT-01","BANDIT-01",Hostile,Patrol,Active,Engage,MissionAI,"",0,0.45,0,"VIPER-02",False,False,True
128.79000000002785,"BANDIT-02","BANDIT-02",Hostile,Patrol,Neutralized,Evade,MissionAI,"",0,0.45,0,"VIPER-03",False,True,True
128.79000000002785,"BANDIT-03","BANDIT-03",Hostile,Patrol,Active,Evade,MissionAI,"",0,0.45,0,"VIPER-02",False,True,True
128.79000000002785,"BANDIT-04","BANDIT-04",Hostile,Patrol,Active,Engage,MissionAI,"",0,0.45,0,"VIPER-02",False,True,True
128.99000000002766,"VIPER-01","VIPER-01",Friendly,Player,Active,Engage,AutomationPilot,"",0,0.85,0,"BANDIT-04",False,True,True
128.99000000002766,"VIPER-02","VIPER-02",Friendly,Wingman,Active,Evade,MissionAI,"VIPER-01",1,0.85,0,"BANDIT-03",False,True,True
128.99000000002766,"VIPER-03","VIPER-03",Friendly,Wingman,Active,Engage,MissionAI,"VIPER-01",2,0.85,0,"BANDIT-04",False,True,True
128.99000000002766,"BANDIT-01","BANDIT-01",Hostile,Patrol,Active,Engage,MissionAI,"",0,0.45,0,"VIPER-02",False,False,True
128.99000000002766,"BANDIT-02","BANDIT-02",Hostile,Patrol,Neutralized,Evade,MissionAI,"",0,0.45,0,"VIPER-03",False,True,True
128.99000000002766,"BANDIT-03","BANDIT-03",Hostile,Patrol,Active,Evade,MissionAI,"",0,0.45,0,"VIPER-02",False,True,True
128.99000000002766,"BANDIT-04","BANDIT-04",Hostile,Patrol,Active,Engage,MissionAI,"",0,0.45,0,"VIPER-02",False,True,True
129.19000000002748,"VIPER-01","VIPER-01",Friendly,Player,Active,Engage,AutomationPilot,"",0,0.85,0,"BANDIT-04",False,True,True
129.19000000002748,"VIPER-02","VIPER-02",Friendly,Wingman,Active,Evade,MissionAI,"VIPER-01",1,0.85,0,"BANDIT-03",False,True,True
129.19000000002748,"VIPER-03","VIPER-03",Friendly,Wingman,Active,Engage,MissionAI,"VIPER-01",2,0.85,0,"BANDIT-04",False,True,True
129.19000000002748,"BANDIT-01","BANDIT-01",Hostile,Patrol,Active,Engage,MissionAI,"",0,0.45,0,"VIPER-02",False,False,True
129.19000000002748,"BANDIT-02","BANDIT-02",Hostile,Patrol,Neutralized,Evade,MissionAI,"",0,0.45,0,"VIPER-03",False,True,True
129.19000000002748,"BANDIT-03","BANDIT-03",Hostile,Patrol,Active,Evade,MissionAI,"",0,0.45,0,"VIPER-02",False,True,True
129.19000000002748,"BANDIT-04","BANDIT-04",Hostile,Patrol,Active,Engage,MissionAI,"",0,0.45,0,"VIPER-02",False,True,True
129.3900000000273,"VIPER-01","VIPER-01",Friendly,Player,Active,Engage,AutomationPilot,"",0,0.85,0,"BANDIT-04",False,True,True
129.3900000000273,"VIPER-02","VIPER-02",Friendly,Wingman,Active,Evade,MissionAI,"VIPER-01",1,0.85,0,"BANDIT-03",False,True,True
129.3900000000273,"VIPER-03","VIPER-03",Friendly,Wingman,Active,Engage,MissionAI,"VIPER-01",2,0.85,0,"BANDIT-04",False,True,True
129.3900000000273,"BANDIT-01","BANDIT-01",Hostile,Patrol,Active,Engage,MissionAI,"",0,0.45,0,"VIPER-02",False,False,True
129.3900000000273,"BANDIT-02","BANDIT-02",Hostile,Patrol,Neutralized,Evade,MissionAI,"",0,0.45,0,"VIPER-03",False,True,True
129.3900000000273,"BANDIT-03","BANDIT-03",Hostile,Patrol,Active,Evade,MissionAI,"",0,0.45,0,"VIPER-02",False,True,True
129.3900000000273,"BANDIT-04","BANDIT-04",Hostile,Patrol,Active,Engage,MissionAI,"",0,0.45,0,"VIPER-02",False,True,True
129.59000000002712,"VIPER-01","VIPER-01",Friendly,Player,Active,Engage,AutomationPilot,"",0,0.85,0,"BANDIT-04",False,True,True
129.59000000002712,"VIPER-02","VIPER-02",Friendly,Wingman,Active,Evade,MissionAI,"VIPER-01",1,0.85,0,"BANDIT-03",False,True,True
129.59000000002712,"VIPER-03","VIPER-03",Friendly,Wingman,Active,Engage,MissionAI,"VIPER-01",2,0.85,0,"BANDIT-04",False,True,True
129.59000000002712,"BANDIT-01","BANDIT-01",Hostile,Patrol,Active,Engage,MissionAI,"",0,0.45,0,"VIPER-02",False,False,True
129.59000000002712,"BANDIT-02","BANDIT-02",Hostile,Patrol,Neutralized,Evade,MissionAI,"",0,0.45,0,"VIPER-03",False,True,True
129.59000000002712,"BANDIT-03","BANDIT-03",Hostile,Patrol,Active,Evade,MissionAI,"",0,0.45,0,"VIPER-02",False,True,True
129.59000000002712,"BANDIT-04","BANDIT-04",Hostile,Patrol,Active,Engage,MissionAI,"",0,0.45,0,"VIPER-02",False,True,True
129.79000000002694,"VIPER-01","VIPER-01",Friendly,Player,Active,Engage,AutomationPilot,"",0,0.85,0,"BANDIT-04",False,True,True
129.79000000002694,"VIPER-02","VIPER-02",Friendly,Wingman,Active,Evade,MissionAI,"VIPER-01",1,0.85,0,"BANDIT-03",False,True,True
129.79000000002694,"VIPER-03","VIPER-03",Friendly,Wingman,Active,Engage,MissionAI,"VIPER-01",2,0.85,0,"BANDIT-04",False,True,True
129.79000000002694,"BANDIT-01","BANDIT-01",Hostile,Patrol,Active,Engage,MissionAI,"",0,0.45,0,"VIPER-02",False,False,True
129.79000000002694,"BANDIT-02","BANDIT-02",Hostile,Patrol,Neutralized,Evade,MissionAI,"",0,0.45,0,"VIPER-03",False,True,True
129.79000000002694,"BANDIT-03","BANDIT-03",Hostile,Patrol,Active,Evade,MissionAI,"",0,0.45,0,"VIPER-02",False,True,True
129.79000000002694,"BANDIT-04","BANDIT-04",Hostile,Patrol,Active,Engage,MissionAI,"",0,0.45,0,"VIPER-02",False,True,True
129.99000000002675,"VIPER-01","VIPER-01",Friendly,Player,Active,Engage,AutomationPilot,"",0,0.85,0,"BANDIT-04",False,True,True
129.99000000002675,"VIPER-02","VIPER-02",Friendly,Wingman,Active,Evade,MissionAI,"VIPER-01",1,0.85,0,"BANDIT-03",False,True,True
129.99000000002675,"VIPER-03","VIPER-03",Friendly,Wingman,Active,Engage,MissionAI,"VIPER-01",2,0.85,0,"BANDIT-04",False,True,True
129.99000000002675,"BANDIT-01","BANDIT-01",Hostile,Patrol,Active,Engage,MissionAI,"",0,0.45,0,"VIPER-02",False,False,True
129.99000000002675,"BANDIT-02","BANDIT-02",Hostile,Patrol,Neutralized,Evade,MissionAI,"",0,0.45,0,"VIPER-03",False,True,True
129.99000000002675,"BANDIT-03","BANDIT-03",Hostile,Patrol,Active,Evade,MissionAI,"",0,0.45,0,"VIPER-02",False,True,True
129.99000000002675,"BANDIT-04","BANDIT-04",Hostile,Patrol,Active,Engage,MissionAI,"",0,0.45,0,"VIPER-02",False,True,True
130.19000000002657,"VIPER-01","VIPER-01",Friendly,Player,Active,Engage,AutomationPilot,"",0,0.85,0,"BANDIT-04",False,True,True
130.19000000002657,"VIPER-02","VIPER-02",Friendly,Wingman,Active,Evade,MissionAI,"VIPER-01",1,0.85,0,"BANDIT-03",False,True,True
130.19000000002657,"VIPER-03","VIPER-03",Friendly,Wingman,Active,Engage,MissionAI,"VIPER-01",2,0.85,0,"BANDIT-04",False,True,True
130.19000000002657,"BANDIT-01","BANDIT-01",Hostile,Patrol,Active,Engage,MissionAI,"",0,0.45,0,"VIPER-02",False,False,True
130.19000000002657,"BANDIT-02","BANDIT-02",Hostile,Patrol,Neutralized,Evade,MissionAI,"",0,0.45,0,"VIPER-03",False,True,True
130.19000000002657,"BANDIT-03","BANDIT-03",Hostile,Patrol,Active,Evade,MissionAI,"",0,0.45,0,"VIPER-02",False,True,True
130.19000000002657,"BANDIT-04","BANDIT-04",Hostile,Patrol,Active,Engage,MissionAI,"",0,0.45,0,"VIPER-02",False,True,True
130.39000000002639,"VIPER-01","VIPER-01",Friendly,Player,Active,Engage,AutomationPilot,"",0,0.85,0,"BANDIT-04",False,True,True
130.39000000002639,"VIPER-02","VIPER-02",Friendly,Wingman,Active,Evade,MissionAI,"VIPER-01",1,0.85,0,"BANDIT-03",False,True,True
130.39000000002639,"VIPER-03","VIPER-03",Friendly,Wingman,Active,Engage,MissionAI,"VIPER-01",2,0.85,0,"BANDIT-04",False,True,True
130.39000000002639,"BANDIT-01","BANDIT-01",Hostile,Patrol,Active,Engage,MissionAI,"",0,0.45,0,"VIPER-02",False,False,True
130.39000000002639,"BANDIT-02","BANDIT-02",Hostile,Patrol,Neutralized,Evade,MissionAI,"",0,0.45,0,"VIPER-03",False,True,True
130.39000000002639,"BANDIT-03","BANDIT-03",Hostile,Patrol,Active,Evade,MissionAI,"",0,0.45,0,"VIPER-02",False,True,True
130.39000000002639,"BANDIT-04","BANDIT-04",Hostile,Patrol,Active,Engage,MissionAI,"",0,0.45,0,"VIPER-02",False,True,True
130.59000000002621,"VIPER-01","VIPER-01",Friendly,Player,Active,Engage,AutomationPilot,"",0,0.85,0,"BANDIT-04",False,True,True
130.59000000002621,"VIPER-02","VIPER-02",Friendly,Wingman,Active,Evade,MissionAI,"VIPER-01",1,0.85,0,"BANDIT-03",False,True,True
130.59000000002621,"VIPER-03","VIPER-03",Friendly,Wingman,Active,Engage,MissionAI,"VIPER-01",2,0.85,0,"BANDIT-04",False,True,True
130.59000000002621,"BANDIT-01","BANDIT-01",Hostile,Patrol,Active,Engage,MissionAI,"",0,0.45,0,"VIPER-02",False,False,True
130.59000000002621,"BANDIT-02","BANDIT-02",Hostile,Patrol,Neutralized,Evade,MissionAI,"",0,0.45,0,"VIPER-03",False,True,True
130.59000000002621,"BANDIT-03","BANDIT-03",Hostile,Patrol,Active,Evade,MissionAI,"",0,0.45,0,"VIPER-02",False,True,True
130.59000000002621,"BANDIT-04","BANDIT-04",Hostile,Patrol,Active,Engage,MissionAI,"",0,0.45,0,"VIPER-02",False,True,True
130.79000000002603,"VIPER-01","VIPER-01",Friendly,Player,Active,Engage,AutomationPilot,"",0,0.85,0,"BANDIT-04",False,True,True
130.79000000002603,"VIPER-02","VIPER-02",Friendly,Wingman,Active,Evade,MissionAI,"VIPER-01",1,0.85,0,"BANDIT-03",False,True,True
130.79000000002603,"VIPER-03","VIPER-03",Friendly,Wingman,Active,Engage,MissionAI,"VIPER-01",2,0.85,0,"BANDIT-04",False,True,True
130.79000000002603,"BANDIT-01","BANDIT-01",Hostile,Patrol,Active,Engage,MissionAI,"",0,0.45,0,"VIPER-02",False,False,True
130.79000000002603,"BANDIT-02","BANDIT-02",Hostile,Patrol,Neutralized,Evade,MissionAI,"",0,0.45,0,"VIPER-03",False,True,True
130.79000000002603,"BANDIT-03","BANDIT-03",Hostile,Patrol,Active,Evade,MissionAI,"",0,0.45,0,"VIPER-02",False,True,True
130.79000000002603,"BANDIT-04","BANDIT-04",Hostile,Patrol,Active,Engage,MissionAI,"",0,0.45,0,"VIPER-02",False,True,True
130.99000000002584,"VIPER-01","VIPER-01",Friendly,Player,Active,Engage,AutomationPilot,"",0,0.85,0,"BANDIT-04",False,True,True
130.99000000002584,"VIPER-02","VIPER-02",Friendly,Wingman,Active,Engage,MissionAI,"VIPER-01",1,0.85,0,"BANDIT-04",False,True,True
130.99000000002584,"VIPER-03","VIPER-03",Friendly,Wingman,Active,Engage,MissionAI,"VIPER-01",2,0.85,0,"BANDIT-04",False,True,True
130.99000000002584,"BANDIT-01","BANDIT-01",Hostile,Patrol,Active,Engage,MissionAI,"",0,0.45,0,"VIPER-02",False,False,True
130.99000000002584,"BANDIT-02","BANDIT-02",Hostile,Patrol,Neutralized,Evade,MissionAI,"",0,0.45,0,"VIPER-03",False,True,True
130.99000000002584,"BANDIT-03","BANDIT-03",Hostile,Patrol,Active,Evade,MissionAI,"",0,0.45,0,"VIPER-02",False,True,True
130.99000000002584,"BANDIT-04","BANDIT-04",Hostile,Patrol,Active,Evade,MissionAI,"",0,0.45,0,"VIPER-02",False,True,True
131.19000000002566,"VIPER-01","VIPER-01",Friendly,Player,Active,Engage,AutomationPilot,"",0,0.85,0,"BANDIT-04",False,True,True
131.19000000002566,"VIPER-02","VIPER-02",Friendly,Wingman,Active,Engage,MissionAI,"VIPER-01",1,0.85,0,"BANDIT-04",False,True,True
131.19000000002566,"VIPER-03","VIPER-03",Friendly,Wingman,Active,Engage,MissionAI,"VIPER-01",2,0.85,0,"BANDIT-04",False,True,True
131.19000000002566,"BANDIT-01","BANDIT-01",Hostile,Patrol,Active,Engage,MissionAI,"",0,0.45,0,"VIPER-02",False,False,True
131.19000000002566,"BANDIT-02","BANDIT-02",Hostile,Patrol,Neutralized,Evade,MissionAI,"",0,0.45,0,"VIPER-03",False,True,True
131.19000000002566,"BANDIT-03","BANDIT-03",Hostile,Patrol,Active,Evade,MissionAI,"",0,0.45,0,"VIPER-02",False,True,True
131.19000000002566,"BANDIT-04","BANDIT-04",Hostile,Patrol,Active,Evade,MissionAI,"",0,0.45,0,"VIPER-02",False,True,True
131.39000000002548,"VIPER-01","VIPER-01",Friendly,Player,Active,Engage,AutomationPilot,"",0,0.85,0,"BANDIT-04",False,True,True
131.39000000002548,"VIPER-02","VIPER-02",Friendly,Wingman,Active,Engage,MissionAI,"VIPER-01",1,0.85,0,"BANDIT-04",False,True,True
131.39000000002548,"VIPER-03","VIPER-03",Friendly,Wingman,Active,Engage,MissionAI,"VIPER-01",2,0.85,0,"BANDIT-04",False,True,True
131.39000000002548,"BANDIT-01","BANDIT-01",Hostile,Patrol,Active,Engage,MissionAI,"",0,0.45,0,"VIPER-02",False,False,True
131.39000000002548,"BANDIT-02","BANDIT-02",Hostile,Patrol,Neutralized,Evade,MissionAI,"",0,0.45,0,"VIPER-03",False,True,True
131.39000000002548,"BANDIT-03","BANDIT-03",Hostile,Patrol,Active,Evade,MissionAI,"",0,0.45,0,"VIPER-02",False,True,True
131.39000000002548,"BANDIT-04","BANDIT-04",Hostile,Patrol,Active,Evade,MissionAI,"",0,0.45,0,"VIPER-02",False,True,True
131.5900000000253,"VIPER-01","VIPER-01",Friendly,Player,Active,Engage,AutomationPilot,"",0,0.85,0,"BANDIT-04",False,True,True
131.5900000000253,"VIPER-02","VIPER-02",Friendly,Wingman,Active,Engage,MissionAI,"VIPER-01",1,0.85,0,"BANDIT-04",False,True,True
131.5900000000253,"VIPER-03","VIPER-03",Friendly,Wingman,Active,Engage,MissionAI,"VIPER-01",2,0.85,0,"BANDIT-04",False,True,True
131.5900000000253,"BANDIT-01","BANDIT-01",Hostile,Patrol,Active,Engage,MissionAI,"",0,0.45,0,"VIPER-02",False,False,True
131.5900000000253,"BANDIT-02","BANDIT-02",Hostile,Patrol,Neutralized,Evade,MissionAI,"",0,0.45,0,"VIPER-03",False,True,True
131.5900000000253,"BANDIT-03","BANDIT-03",Hostile,Patrol,Active,Evade,MissionAI,"",0,0.45,0,"VIPER-02",False,True,True
131.5900000000253,"BANDIT-04","BANDIT-04",Hostile,Patrol,Active,Evade,MissionAI,"",0,0.45,0,"VIPER-02",False,True,True
131.79000000002512,"VIPER-01","VIPER-01",Friendly,Player,Active,Engage,AutomationPilot,"",0,0.85,0,"BANDIT-04",False,True,True
131.79000000002512,"VIPER-02","VIPER-02",Friendly,Wingman,Active,Engage,MissionAI,"VIPER-01",1,0.85,0,"BANDIT-04",False,True,True
131.79000000002512,"VIPER-03","VIPER-03",Friendly,Wingman,Active,Engage,MissionAI,"VIPER-01",2,0.85,0,"BANDIT-04",False,True,True
131.79000000002512,"BANDIT-01","BANDIT-01",Hostile,Patrol,Active,Engage,MissionAI,"",0,0.45,0,"VIPER-02",False,False,True
131.79000000002512,"BANDIT-02","BANDIT-02",Hostile,Patrol,Neutralized,Evade,MissionAI,"",0,0.45,0,"VIPER-03",False,True,True
131.79000000002512,"BANDIT-03","BANDIT-03",Hostile,Patrol,Active,Evade,MissionAI,"",0,0.45,0,"VIPER-02",False,True,True
131.79000000002512,"BANDIT-04","BANDIT-04",Hostile,Patrol,Active,Evade,MissionAI,"",0,0.45,0,"VIPER-02",False,True,True
131.99000000002493,"VIPER-01","VIPER-01",Friendly,Player,Active,Engage,AutomationPilot,"",0,0.85,0,"BANDIT-04",False,True,True
131.99000000002493,"VIPER-02","VIPER-02",Friendly,Wingman,Active,Engage,MissionAI,"VIPER-01",1,0.85,0,"BANDIT-04",False,True,True
131.99000000002493,"VIPER-03","VIPER-03",Friendly,Wingman,Active,Engage,MissionAI,"VIPER-01",2,0.85,0,"BANDIT-04",False,True,True
131.99000000002493,"BANDIT-01","BANDIT-01",Hostile,Patrol,Active,Engage,MissionAI,"",0,0.45,0,"VIPER-02",False,False,True
131.99000000002493,"BANDIT-02","BANDIT-02",Hostile,Patrol,Neutralized,Evade,MissionAI,"",0,0.45,0,"VIPER-03",False,True,True
131.99000000002493,"BANDIT-03","BANDIT-03",Hostile,Patrol,Active,Evade,MissionAI,"",0,0.45,0,"VIPER-02",False,True,True
131.99000000002493,"BANDIT-04","BANDIT-04",Hostile,Patrol,Active,Evade,MissionAI,"",0,0.45,0,"VIPER-02",False,True,True
132.19000000002475,"VIPER-01","VIPER-01",Friendly,Player,Active,Engage,AutomationPilot,"",0,0.85,0,"BANDIT-04",False,True,True
132.19000000002475,"VIPER-02","VIPER-02",Friendly,Wingman,Active,Engage,MissionAI,"VIPER-01",1,0.85,0,"BANDIT-04",False,True,True
132.19000000002475,"VIPER-03","VIPER-03",Friendly,Wingman,Active,Engage,MissionAI,"VIPER-01",2,0.85,0,"BANDIT-04",False,True,True
132.19000000002475,"BANDIT-01","BANDIT-01",Hostile,Patrol,Active,Engage,MissionAI,"",0,0.45,0,"VIPER-02",False,False,True
132.19000000002475,"BANDIT-02","BANDIT-02",Hostile,Patrol,Neutralized,Evade,MissionAI,"",0,0.45,0,"VIPER-03",False,True,True
132.19000000002475,"BANDIT-03","BANDIT-03",Hostile,Patrol,Active,Evade,MissionAI,"",0,0.45,0,"VIPER-02",False,True,True
132.19000000002475,"BANDIT-04","BANDIT-04",Hostile,Patrol,Active,Evade,MissionAI,"",0,0.45,0,"VIPER-02",False,True,True
132.39000000002457,"VIPER-01","VIPER-01",Friendly,Player,Active,Engage,AutomationPilot,"",0,0.85,0,"BANDIT-04",False,True,True
132.39000000002457,"VIPER-02","VIPER-02",Friendly,Wingman,Active,Engage,MissionAI,"VIPER-01",1,0.85,0,"BANDIT-04",False,True,True
132.39000000002457,"VIPER-03","VIPER-03",Friendly,Wingman,Active,Engage,MissionAI,"VIPER-01",2,0.85,0,"BANDIT-04",False,True,True
132.39000000002457,"BANDIT-01","BANDIT-01",Hostile,Patrol,Active,Engage,MissionAI,"",0,0.45,0,"VIPER-02",False,False,True
132.39000000002457,"BANDIT-02","BANDIT-02",Hostile,Patrol,Neutralized,Evade,MissionAI,"",0,0.45,0,"VIPER-03",False,True,True
132.39000000002457,"BANDIT-03","BANDIT-03",Hostile,Patrol,Active,Evade,MissionAI,"",0,0.45,0,"VIPER-02",False,True,True
132.39000000002457,"BANDIT-04","BANDIT-04",Hostile,Patrol,Active,Evade,MissionAI,"",0,0.45,0,"VIPER-02",False,True,True
132.59000000002439,"VIPER-01","VIPER-01",Friendly,Player,Active,Engage,AutomationPilot,"",0,0.85,0,"BANDIT-04",False,True,True
132.59000000002439,"VIPER-02","VIPER-02",Friendly,Wingman,Active,Engage,MissionAI,"VIPER-01",1,0.85,0,"BANDIT-04",False,True,True
132.59000000002439,"VIPER-03","VIPER-03",Friendly,Wingman,Active,Engage,MissionAI,"VIPER-01",2,0.85,0,"BANDIT-04",False,True,True
132.59000000002439,"BANDIT-01","BANDIT-01",Hostile,Patrol,Active,Engage,MissionAI,"",0,0.45,0,"VIPER-02",False,False,True
132.59000000002439,"BANDIT-02","BANDIT-02",Hostile,Patrol,Neutralized,Evade,MissionAI,"",0,0.45,0,"VIPER-03",False,True,True
132.59000000002439,"BANDIT-03","BANDIT-03",Hostile,Patrol,Active,Evade,MissionAI,"",0,0.45,0,"VIPER-02",False,True,True
132.59000000002439,"BANDIT-04","BANDIT-04",Hostile,Patrol,Active,Evade,MissionAI,"",0,0.45,0,"VIPER-02",False,True,True
132.79000000002421,"VIPER-01","VIPER-01",Friendly,Player,Active,Engage,AutomationPilot,"",0,0.85,0,"BANDIT-04",False,True,True
132.79000000002421,"VIPER-02","VIPER-02",Friendly,Wingman,Active,Engage,MissionAI,"VIPER-01",1,0.85,0,"BANDIT-04",False,True,True
132.79000000002421,"VIPER-03","VIPER-03",Friendly,Wingman,Active,Engage,MissionAI,"VIPER-01",2,0.85,0,"BANDIT-04",False,True,True
132.79000000002421,"BANDIT-01","BANDIT-01",Hostile,Patrol,Active,Engage,MissionAI,"",0,0.45,0,"VIPER-02",False,False,True
132.79000000002421,"BANDIT-02","BANDIT-02",Hostile,Patrol,Neutralized,Evade,MissionAI,"",0,0.45,0,"VIPER-03",False,True,True
132.79000000002421,"BANDIT-03","BANDIT-03",Hostile,Patrol,Active,Evade,MissionAI,"",0,0.45,0,"VIPER-02",False,True,True
132.79000000002421,"BANDIT-04","BANDIT-04",Hostile,Patrol,Active,Evade,MissionAI,"",0,0.45,0,"VIPER-02",False,True,True
132.99000000002403,"VIPER-01","VIPER-01",Friendly,Player,Active,Engage,AutomationPilot,"",0,0.85,0,"BANDIT-04",False,True,True
132.99000000002403,"VIPER-02","VIPER-02",Friendly,Wingman,Active,Engage,MissionAI,"VIPER-01",1,0.85,0,"BANDIT-04",False,True,True
132.99000000002403,"VIPER-03","VIPER-03",Friendly,Wingman,Active,Engage,MissionAI,"VIPER-01",2,0.85,0,"BANDIT-04",False,True,True
132.99000000002403,"BANDIT-01","BANDIT-01",Hostile,Patrol,Active,Engage,MissionAI,"",0,0.45,0,"VIPER-02",False,False,True
132.99000000002403,"BANDIT-02","BANDIT-02",Hostile,Patrol,Neutralized,Evade,MissionAI,"",0,0.45,0,"VIPER-03",False,True,True
132.99000000002403,"BANDIT-03","BANDIT-03",Hostile,Patrol,Active,Evade,MissionAI,"",0,0.45,0,"VIPER-02",False,True,True
132.99000000002403,"BANDIT-04","BANDIT-04",Hostile,Patrol,Active,Evade,MissionAI,"",0,0.45,0,"VIPER-02",False,True,True
133.19000000002384,"VIPER-01","VIPER-01",Friendly,Player,Active,Engage,AutomationPilot,"",0,0.85,0,"BANDIT-04",False,True,True
133.19000000002384,"VIPER-02","VIPER-02",Friendly,Wingman,Active,Engage,MissionAI,"VIPER-01",1,0.85,0,"BANDIT-04",False,True,True
133.19000000002384,"VIPER-03","VIPER-03",Friendly,Wingman,Active,Engage,MissionAI,"VIPER-01",2,0.85,0,"BANDIT-04",False,True,True
133.19000000002384,"BANDIT-01","BANDIT-01",Hostile,Patrol,Active,Engage,MissionAI,"",0,0.45,0,"VIPER-02",False,False,True
133.19000000002384,"BANDIT-02","BANDIT-02",Hostile,Patrol,Neutralized,Evade,MissionAI,"",0,0.45,0,"VIPER-03",False,True,True
133.19000000002384,"BANDIT-03","BANDIT-03",Hostile,Patrol,Active,Evade,MissionAI,"",0,0.45,0,"VIPER-02",False,True,True
133.19000000002384,"BANDIT-04","BANDIT-04",Hostile,Patrol,Active,Evade,MissionAI,"",0,0.45,0,"VIPER-02",False,True,True
133.39000000002366,"VIPER-01","VIPER-01",Friendly,Player,Active,Engage,AutomationPilot,"",0,0.85,0,"BANDIT-04",False,True,True
133.39000000002366,"VIPER-02","VIPER-02",Friendly,Wingman,Active,Engage,MissionAI,"VIPER-01",1,0.85,0,"BANDIT-04",False,True,True
133.39000000002366,"VIPER-03","VIPER-03",Friendly,Wingman,Active,Engage,MissionAI,"VIPER-01",2,0.85,0,"BANDIT-04",False,True,True
133.39000000002366,"BANDIT-01","BANDIT-01",Hostile,Patrol,Active,Engage,MissionAI,"",0,0.45,0,"VIPER-02",False,False,True
133.39000000002366,"BANDIT-02","BANDIT-02",Hostile,Patrol,Neutralized,Evade,MissionAI,"",0,0.45,0,"VIPER-03",False,True,True
133.39000000002366,"BANDIT-03","BANDIT-03",Hostile,Patrol,Active,Evade,MissionAI,"",0,0.45,0,"VIPER-02",False,True,True
133.39000000002366,"BANDIT-04","BANDIT-04",Hostile,Patrol,Active,Evade,MissionAI,"",0,0.45,0,"VIPER-02",False,True,True
133.59000000002348,"VIPER-01","VIPER-01",Friendly,Player,Active,Engage,AutomationPilot,"",0,0.85,0,"BANDIT-04",False,True,True
133.59000000002348,"VIPER-02","VIPER-02",Friendly,Wingman,Active,Engage,MissionAI,"VIPER-01",1,0.85,0,"BANDIT-04",False,True,True
133.59000000002348,"VIPER-03","VIPER-03",Friendly,Wingman,Active,Engage,MissionAI,"VIPER-01",2,0.85,0,"BANDIT-04",False,True,True
133.59000000002348,"BANDIT-01","BANDIT-01",Hostile,Patrol,Active,Engage,MissionAI,"",0,0.45,0,"VIPER-02",False,False,True
133.59000000002348,"BANDIT-02","BANDIT-02",Hostile,Patrol,Neutralized,Evade,MissionAI,"",0,0.45,0,"VIPER-03",False,True,True
133.59000000002348,"BANDIT-03","BANDIT-03",Hostile,Patrol,Active,Evade,MissionAI,"",0,0.45,0,"VIPER-02",False,True,True
133.59000000002348,"BANDIT-04","BANDIT-04",Hostile,Patrol,Active,Evade,MissionAI,"",0,0.45,0,"VIPER-02",False,True,True
133.7900000000233,"VIPER-01","VIPER-01",Friendly,Player,Active,Engage,AutomationPilot,"",0,0.85,0,"BANDIT-04",False,True,True
133.7900000000233,"VIPER-02","VIPER-02",Friendly,Wingman,Active,Engage,MissionAI,"VIPER-01",1,0.85,0,"BANDIT-04",False,True,True
133.7900000000233,"VIPER-03","VIPER-03",Friendly,Wingman,Active,Engage,MissionAI,"VIPER-01",2,0.85,0,"BANDIT-04",False,True,True
133.7900000000233,"BANDIT-01","BANDIT-01",Hostile,Patrol,Active,Engage,MissionAI,"",0,0.45,0,"VIPER-02",False,False,True
133.7900000000233,"BANDIT-02","BANDIT-02",Hostile,Patrol,Neutralized,Evade,MissionAI,"",0,0.45,0,"VIPER-03",False,True,True
133.7900000000233,"BANDIT-03","BANDIT-03",Hostile,Patrol,Active,Evade,MissionAI,"",0,0.45,0,"VIPER-02",False,True,True
133.7900000000233,"BANDIT-04","BANDIT-04",Hostile,Patrol,Active,Evade,MissionAI,"",0,0.45,0,"VIPER-02",False,True,True
133.99000000002312,"VIPER-01","VIPER-01",Friendly,Player,Active,Engage,AutomationPilot,"",0,0.85,0,"BANDIT-04",False,True,True
133.99000000002312,"VIPER-02","VIPER-02",Friendly,Wingman,Active,Engage,MissionAI,"VIPER-01",1,0.85,0,"BANDIT-04",False,True,True
133.99000000002312,"VIPER-03","VIPER-03",Friendly,Wingman,Active,Engage,MissionAI,"VIPER-01",2,0.85,0,"BANDIT-04",False,True,True
133.99000000002312,"BANDIT-01","BANDIT-01",Hostile,Patrol,Active,Engage,MissionAI,"",0,0.45,0,"VIPER-02",False,False,True
133.99000000002312,"BANDIT-02","BANDIT-02",Hostile,Patrol,Neutralized,Evade,MissionAI,"",0,0.45,0,"VIPER-03",False,True,True
133.99000000002312,"BANDIT-03","BANDIT-03",Hostile,Patrol,Active,Evade,MissionAI,"",0,0.45,0,"VIPER-02",False,True,True
133.99000000002312,"BANDIT-04","BANDIT-04",Hostile,Patrol,Active,Evade,MissionAI,"",0,0.45,0,"VIPER-02",False,True,True
134.19000000002293,"VIPER-01","VIPER-01",Friendly,Player,Active,Engage,AutomationPilot,"",0,0.85,0,"BANDIT-04",False,True,True
134.19000000002293,"VIPER-02","VIPER-02",Friendly,Wingman,Active,Engage,MissionAI,"VIPER-01",1,0.85,0,"BANDIT-04",False,True,True
134.19000000002293,"VIPER-03","VIPER-03",Friendly,Wingman,Active,Engage,MissionAI,"VIPER-01",2,0.85,0,"BANDIT-04",False,True,True
134.19000000002293,"BANDIT-01","BANDIT-01",Hostile,Patrol,Active,Engage,MissionAI,"",0,0.45,0,"VIPER-02",False,False,True
134.19000000002293,"BANDIT-02","BANDIT-02",Hostile,Patrol,Neutralized,Evade,MissionAI,"",0,0.45,0,"VIPER-03",False,True,True
134.19000000002293,"BANDIT-03","BANDIT-03",Hostile,Patrol,Active,Evade,MissionAI,"",0,0.45,0,"VIPER-02",False,True,True
134.19000000002293,"BANDIT-04","BANDIT-04",Hostile,Patrol,Active,Evade,MissionAI,"",0,0.45,0,"VIPER-02",False,True,True
134.39000000002275,"VIPER-01","VIPER-01",Friendly,Player,Active,Engage,AutomationPilot,"",0,0.85,0,"BANDIT-04",False,True,True
134.39000000002275,"VIPER-02","VIPER-02",Friendly,Wingman,Active,Engage,MissionAI,"VIPER-01",1,0.85,0,"BANDIT-04",False,True,True
134.39000000002275,"VIPER-03","VIPER-03",Friendly,Wingman,Active,Engage,MissionAI,"VIPER-01",2,0.85,0,"BANDIT-04",False,True,True
134.39000000002275,"BANDIT-01","BANDIT-01",Hostile,Patrol,Active,Engage,MissionAI,"",0,0.45,0,"VIPER-02",False,False,True
134.39000000002275,"BANDIT-02","BANDIT-02",Hostile,Patrol,Neutralized,Evade,MissionAI,"",0,0.45,0,"VIPER-03",False,True,True
134.39000000002275,"BANDIT-03","BANDIT-03",Hostile,Patrol,Active,Evade,MissionAI,"",0,0.45,0,"VIPER-02",False,True,True
134.39000000002275,"BANDIT-04","BANDIT-04",Hostile,Patrol,Active,Evade,MissionAI,"",0,0.45,0,"VIPER-02",False,True,True
134.59000000002257,"VIPER-01","VIPER-01",Friendly,Player,Active,Engage,AutomationPilot,"",0,0.85,0,"BANDIT-04",False,True,True
134.59000000002257,"VIPER-02","VIPER-02",Friendly,Wingman,Active,Engage,MissionAI,"VIPER-01",1,0.85,0,"BANDIT-04",False,True,True
134.59000000002257,"VIPER-03","VIPER-03",Friendly,Wingman,Active,Engage,MissionAI,"VIPER-01",2,0.85,0,"BANDIT-04",False,True,True
134.59000000002257,"BANDIT-01","BANDIT-01",Hostile,Patrol,Active,Engage,MissionAI,"",0,0.45,0,"VIPER-02",False,False,True
134.59000000002257,"BANDIT-02","BANDIT-02",Hostile,Patrol,Neutralized,Evade,MissionAI,"",0,0.45,0,"VIPER-03",False,True,True
134.59000000002257,"BANDIT-03","BANDIT-03",Hostile,Patrol,Active,Evade,MissionAI,"",0,0.45,0,"VIPER-02",False,True,True
134.59000000002257,"BANDIT-04","BANDIT-04",Hostile,Patrol,Active,Evade,MissionAI,"",0,0.45,0,"VIPER-02",False,True,True
134.79000000002239,"VIPER-01","VIPER-01",Friendly,Player,Active,Engage,AutomationPilot,"",0,0.85,0,"BANDIT-04",False,True,True
134.79000000002239,"VIPER-02","VIPER-02",Friendly,Wingman,Active,Engage,MissionAI,"VIPER-01",1,0.85,0,"BANDIT-04",False,True,True
134.79000000002239,"VIPER-03","VIPER-03",Friendly,Wingman,Active,Engage,MissionAI,"VIPER-01",2,0.85,0,"BANDIT-04",False,True,True
134.79000000002239,"BANDIT-01","BANDIT-01",Hostile,Patrol,Active,Engage,MissionAI,"",0,0.45,0,"VIPER-02",False,False,True
134.79000000002239,"BANDIT-02","BANDIT-02",Hostile,Patrol,Neutralized,Evade,MissionAI,"",0,0.45,0,"VIPER-03",False,True,True
134.79000000002239,"BANDIT-03","BANDIT-03",Hostile,Patrol,Active,Evade,MissionAI,"",0,0.45,0,"VIPER-02",False,True,True
134.79000000002239,"BANDIT-04","BANDIT-04",Hostile,Patrol,Active,Evade,MissionAI,"",0,0.45,0,"VIPER-02",False,True,True
134.99000000002221,"VIPER-01","VIPER-01",Friendly,Player,Active,Engage,AutomationPilot,"",0,0.85,0,"BANDIT-04",False,True,True
134.99000000002221,"VIPER-02","VIPER-02",Friendly,Wingman,Active,Engage,MissionAI,"VIPER-01",1,0.85,0,"BANDIT-04",False,True,True
134.99000000002221,"VIPER-03","VIPER-03",Friendly,Wingman,Active,Engage,MissionAI,"VIPER-01",2,0.85,0,"BANDIT-04",False,True,True
134.99000000002221,"BANDIT-01","BANDIT-01",Hostile,Patrol,Active,Engage,MissionAI,"",0,0.45,0,"VIPER-02",False,False,True
134.99000000002221,"BANDIT-02","BANDIT-02",Hostile,Patrol,Neutralized,Evade,MissionAI,"",0,0.45,0,"VIPER-03",False,True,True
134.99000000002221,"BANDIT-03","BANDIT-03",Hostile,Patrol,Active,Evade,MissionAI,"",0,0.45,0,"VIPER-02",False,True,True
134.99000000002221,"BANDIT-04","BANDIT-04",Hostile,Patrol,Neutralized,Evade,MissionAI,"",0,0.45,0,"VIPER-02",False,True,True
135.19000000002202,"VIPER-01","VIPER-01",Friendly,Player,Active,Engage,AutomationPilot,"",0,0.85,0,"BANDIT-03",False,True,True
135.19000000002202,"VIPER-02","VIPER-02",Friendly,Wingman,Active,Engage,MissionAI,"VIPER-01",1,0.85,0,"BANDIT-03",False,True,True
135.19000000002202,"VIPER-03","VIPER-03",Friendly,Wingman,Active,Engage,MissionAI,"VIPER-01",2,0.85,0,"BANDIT-03",False,True,True
135.19000000002202,"BANDIT-01","BANDIT-01",Hostile,Patrol,Active,Engage,MissionAI,"",0,0.45,0,"VIPER-02",False,False,True
135.19000000002202,"BANDIT-02","BANDIT-02",Hostile,Patrol,Neutralized,Evade,MissionAI,"",0,0.45,0,"VIPER-03",False,True,True
135.19000000002202,"BANDIT-03","BANDIT-03",Hostile,Patrol,Active,Evade,MissionAI,"",0,0.45,0,"VIPER-02",False,True,True
135.19000000002202,"BANDIT-04","BANDIT-04",Hostile,Patrol,Neutralized,Evade,MissionAI,"",0,0.45,0,"VIPER-02",False,True,True
135.39000000002184,"VIPER-01","VIPER-01",Friendly,Player,Active,Engage,AutomationPilot,"",0,0.85,0,"BANDIT-03",False,True,True
135.39000000002184,"VIPER-02","VIPER-02",Friendly,Wingman,Active,Engage,MissionAI,"VIPER-01",1,0.85,0,"BANDIT-03",False,True,True
135.39000000002184,"VIPER-03","VIPER-03",Friendly,Wingman,Active,Engage,MissionAI,"VIPER-01",2,0.85,0,"BANDIT-03",False,True,True
135.39000000002184,"BANDIT-01","BANDIT-01",Hostile,Patrol,Active,Engage,MissionAI,"",0,0.45,0,"VIPER-02",False,False,True
135.39000000002184,"BANDIT-02","BANDIT-02",Hostile,Patrol,Neutralized,Evade,MissionAI,"",0,0.45,0,"VIPER-03",False,True,True
135.39000000002184,"BANDIT-03","BANDIT-03",Hostile,Patrol,Active,Evade,MissionAI,"",0,0.45,0,"VIPER-02",False,True,True
135.39000000002184,"BANDIT-04","BANDIT-04",Hostile,Patrol,Neutralized,Evade,MissionAI,"",0,0.45,0,"VIPER-02",False,True,True
135.59000000002166,"VIPER-01","VIPER-01",Friendly,Player,Active,Engage,AutomationPilot,"",0,0.85,0,"BANDIT-03",False,True,True
135.59000000002166,"VIPER-02","VIPER-02",Friendly,Wingman,Active,Engage,MissionAI,"VIPER-01",1,0.85,0,"BANDIT-03",False,True,True
135.59000000002166,"VIPER-03","VIPER-03",Friendly,Wingman,Active,Engage,MissionAI,"VIPER-01",2,0.85,0,"BANDIT-03",False,True,True
135.59000000002166,"BANDIT-01","BANDIT-01",Hostile,Patrol,Active,Engage,MissionAI,"",0,0.45,0,"VIPER-02",False,False,True
135.59000000002166,"BANDIT-02","BANDIT-02",Hostile,Patrol,Neutralized,Evade,MissionAI,"",0,0.45,0,"VIPER-03",False,True,True
135.59000000002166,"BANDIT-03","BANDIT-03",Hostile,Patrol,Active,Evade,MissionAI,"",0,0.45,0,"VIPER-02",False,True,True
135.59000000002166,"BANDIT-04","BANDIT-04",Hostile,Patrol,Neutralized,Evade,MissionAI,"",0,0.45,0,"VIPER-02",False,True,True
135.79000000002148,"VIPER-01","VIPER-01",Friendly,Player,Active,Engage,AutomationPilot,"",0,0.85,0,"BANDIT-03",False,True,True
135.79000000002148,"VIPER-02","VIPER-02",Friendly,Wingman,Active,Engage,MissionAI,"VIPER-01",1,0.85,0,"BANDIT-03",False,True,True
135.79000000002148,"VIPER-03","VIPER-03",Friendly,Wingman,Active,Engage,MissionAI,"VIPER-01",2,0.85,0,"BANDIT-03",False,True,True
135.79000000002148,"BANDIT-01","BANDIT-01",Hostile,Patrol,Active,Engage,MissionAI,"",0,0.45,0,"VIPER-02",False,False,True
135.79000000002148,"BANDIT-02","BANDIT-02",Hostile,Patrol,Neutralized,Evade,MissionAI,"",0,0.45,0,"VIPER-03",False,True,True
135.79000000002148,"BANDIT-03","BANDIT-03",Hostile,Patrol,Active,Evade,MissionAI,"",0,0.45,0,"VIPER-02",False,True,True
135.79000000002148,"BANDIT-04","BANDIT-04",Hostile,Patrol,Neutralized,Evade,MissionAI,"",0,0.45,0,"VIPER-02",False,True,True
135.9900000000213,"VIPER-01","VIPER-01",Friendly,Player,Active,Engage,AutomationPilot,"",0,0.85,0,"BANDIT-03",False,True,True
135.9900000000213,"VIPER-02","VIPER-02",Friendly,Wingman,Active,Engage,MissionAI,"VIPER-01",1,0.85,0,"BANDIT-03",False,True,True
135.9900000000213,"VIPER-03","VIPER-03",Friendly,Wingman,Active,Engage,MissionAI,"VIPER-01",2,0.85,0,"BANDIT-03",False,True,True
135.9900000000213,"BANDIT-01","BANDIT-01",Hostile,Patrol,Active,Engage,MissionAI,"",0,0.45,0,"VIPER-02",False,False,True
135.9900000000213,"BANDIT-02","BANDIT-02",Hostile,Patrol,Neutralized,Evade,MissionAI,"",0,0.45,0,"VIPER-03",False,True,True
135.9900000000213,"BANDIT-03","BANDIT-03",Hostile,Patrol,Active,Evade,MissionAI,"",0,0.45,0,"VIPER-02",False,True,True
135.9900000000213,"BANDIT-04","BANDIT-04",Hostile,Patrol,Neutralized,Evade,MissionAI,"",0,0.45,0,"VIPER-02",False,True,True
136.19000000002112,"VIPER-01","VIPER-01",Friendly,Player,Active,Engage,AutomationPilot,"",0,0.85,0,"BANDIT-03",False,True,True
136.19000000002112,"VIPER-02","VIPER-02",Friendly,Wingman,Active,Engage,MissionAI,"VIPER-01",1,0.85,0,"BANDIT-03",False,True,True
136.19000000002112,"VIPER-03","VIPER-03",Friendly,Wingman,Active,Engage,MissionAI,"VIPER-01",2,0.85,0,"BANDIT-03",False,True,True
136.19000000002112,"BANDIT-01","BANDIT-01",Hostile,Patrol,Active,Engage,MissionAI,"",0,0.45,0,"VIPER-02",False,False,True
136.19000000002112,"BANDIT-02","BANDIT-02",Hostile,Patrol,Neutralized,Evade,MissionAI,"",0,0.45,0,"VIPER-03",False,True,True
136.19000000002112,"BANDIT-03","BANDIT-03",Hostile,Patrol,Active,Evade,MissionAI,"",0,0.45,0,"VIPER-02",False,True,True
136.19000000002112,"BANDIT-04","BANDIT-04",Hostile,Patrol,Neutralized,Evade,MissionAI,"",0,0.45,0,"VIPER-02",False,True,True
136.39000000002093,"VIPER-01","VIPER-01",Friendly,Player,Active,Engage,AutomationPilot,"",0,0.85,0,"BANDIT-03",False,True,True
136.39000000002093,"VIPER-02","VIPER-02",Friendly,Wingman,Active,Engage,MissionAI,"VIPER-01",1,0.85,0,"BANDIT-03",False,True,True
136.39000000002093,"VIPER-03","VIPER-03",Friendly,Wingman,Active,Engage,MissionAI,"VIPER-01",2,0.85,0,"BANDIT-03",False,True,True
136.39000000002093,"BANDIT-01","BANDIT-01",Hostile,Patrol,Active,Engage,MissionAI,"",0,0.45,0,"VIPER-02",False,False,True
136.39000000002093,"BANDIT-02","BANDIT-02",Hostile,Patrol,Neutralized,Evade,MissionAI,"",0,0.45,0,"VIPER-03",False,True,True
136.39000000002093,"BANDIT-03","BANDIT-03",Hostile,Patrol,Active,Evade,MissionAI,"",0,0.45,0,"VIPER-02",False,True,True
136.39000000002093,"BANDIT-04","BANDIT-04",Hostile,Patrol,Neutralized,Evade,MissionAI,"",0,0.45,0,"VIPER-02",False,True,True
136.59000000002075,"VIPER-01","VIPER-01",Friendly,Player,Active,Engage,AutomationPilot,"",0,0.85,0,"BANDIT-03",False,True,True
136.59000000002075,"VIPER-02","VIPER-02",Friendly,Wingman,Active,Engage,MissionAI,"VIPER-01",1,0.85,0,"BANDIT-03",False,True,True
136.59000000002075,"VIPER-03","VIPER-03",Friendly,Wingman,Active,Engage,MissionAI,"VIPER-01",2,0.85,0,"BANDIT-03",False,True,True
136.59000000002075,"BANDIT-01","BANDIT-01",Hostile,Patrol,Active,Engage,MissionAI,"",0,0.45,0,"VIPER-02",False,False,True
136.59000000002075,"BANDIT-02","BANDIT-02",Hostile,Patrol,Neutralized,Evade,MissionAI,"",0,0.45,0,"VIPER-03",False,True,True
136.59000000002075,"BANDIT-03","BANDIT-03",Hostile,Patrol,Active,Evade,MissionAI,"",0,0.45,0,"VIPER-02",False,True,True
136.59000000002075,"BANDIT-04","BANDIT-04",Hostile,Patrol,Neutralized,Evade,MissionAI,"",0,0.45,0,"VIPER-02",False,True,True
136.79000000002057,"VIPER-01","VIPER-01",Friendly,Player,Active,Engage,AutomationPilot,"",0,0.85,0,"BANDIT-03",False,True,True
136.79000000002057,"VIPER-02","VIPER-02",Friendly,Wingman,Active,Engage,MissionAI,"VIPER-01",1,0.85,0,"BANDIT-03",False,True,True
136.79000000002057,"VIPER-03","VIPER-03",Friendly,Wingman,Active,Engage,MissionAI,"VIPER-01",2,0.85,0,"BANDIT-03",False,True,True
136.79000000002057,"BANDIT-01","BANDIT-01",Hostile,Patrol,Active,Engage,MissionAI,"",0,0.45,0,"VIPER-02",False,False,True
136.79000000002057,"BANDIT-02","BANDIT-02",Hostile,Patrol,Neutralized,Evade,MissionAI,"",0,0.45,0,"VIPER-03",False,True,True
136.79000000002057,"BANDIT-03","BANDIT-03",Hostile,Patrol,Active,Evade,MissionAI,"",0,0.45,0,"VIPER-02",False,True,True
136.79000000002057,"BANDIT-04","BANDIT-04",Hostile,Patrol,Neutralized,Evade,MissionAI,"",0,0.45,0,"VIPER-02",False,True,True
136.99000000002039,"VIPER-01","VIPER-01",Friendly,Player,Active,Engage,AutomationPilot,"",0,0.85,0,"BANDIT-03",False,True,True
136.99000000002039,"VIPER-02","VIPER-02",Friendly,Wingman,Active,Engage,MissionAI,"VIPER-01",1,0.85,0,"BANDIT-03",False,True,True
136.99000000002039,"VIPER-03","VIPER-03",Friendly,Wingman,Active,Engage,MissionAI,"VIPER-01",2,0.85,0,"BANDIT-03",False,True,True
136.99000000002039,"BANDIT-01","BANDIT-01",Hostile,Patrol,Active,Engage,MissionAI,"",0,0.45,0,"VIPER-02",False,False,True
136.99000000002039,"BANDIT-02","BANDIT-02",Hostile,Patrol,Neutralized,Evade,MissionAI,"",0,0.45,0,"VIPER-03",False,True,True
136.99000000002039,"BANDIT-03","BANDIT-03",Hostile,Patrol,Active,Evade,MissionAI,"",0,0.45,0,"VIPER-02",False,True,True
136.99000000002039,"BANDIT-04","BANDIT-04",Hostile,Patrol,Neutralized,Evade,MissionAI,"",0,0.45,0,"VIPER-02",False,True,True
137.19000000002021,"VIPER-01","VIPER-01",Friendly,Player,Active,Engage,AutomationPilot,"",0,0.85,0,"BANDIT-03",False,True,True
137.19000000002021,"VIPER-02","VIPER-02",Friendly,Wingman,Active,Engage,MissionAI,"VIPER-01",1,0.85,0,"BANDIT-03",False,True,True
137.19000000002021,"VIPER-03","VIPER-03",Friendly,Wingman,Active,Engage,MissionAI,"VIPER-01",2,0.85,0,"BANDIT-03",False,True,True
137.19000000002021,"BANDIT-01","BANDIT-01",Hostile,Patrol,Active,Engage,MissionAI,"",0,0.45,0,"VIPER-02",False,False,True
137.19000000002021,"BANDIT-02","BANDIT-02",Hostile,Patrol,Neutralized,Evade,MissionAI,"",0,0.45,0,"VIPER-03",False,True,True
137.19000000002021,"BANDIT-03","BANDIT-03",Hostile,Patrol,Active,Evade,MissionAI,"",0,0.45,0,"VIPER-02",False,True,True
137.19000000002021,"BANDIT-04","BANDIT-04",Hostile,Patrol,Neutralized,Evade,MissionAI,"",0,0.45,0,"VIPER-02",False,True,True
137.39000000002002,"VIPER-01","VIPER-01",Friendly,Player,Active,Engage,AutomationPilot,"",0,0.85,0,"BANDIT-03",False,True,True
137.39000000002002,"VIPER-02","VIPER-02",Friendly,Wingman,Active,Engage,MissionAI,"VIPER-01",1,0.85,0,"BANDIT-03",False,True,True
137.39000000002002,"VIPER-03","VIPER-03",Friendly,Wingman,Active,Engage,MissionAI,"VIPER-01",2,0.85,0,"BANDIT-03",False,True,True
137.39000000002002,"BANDIT-01","BANDIT-01",Hostile,Patrol,Active,Engage,MissionAI,"",0,0.45,0,"VIPER-02",False,False,True
137.39000000002002,"BANDIT-02","BANDIT-02",Hostile,Patrol,Neutralized,Evade,MissionAI,"",0,0.45,0,"VIPER-03",False,True,True
137.39000000002002,"BANDIT-03","BANDIT-03",Hostile,Patrol,Active,Evade,MissionAI,"",0,0.45,0,"VIPER-02",False,True,True
137.39000000002002,"BANDIT-04","BANDIT-04",Hostile,Patrol,Neutralized,Evade,MissionAI,"",0,0.45,0,"VIPER-02",False,True,True
137.59000000001984,"VIPER-01","VIPER-01",Friendly,Player,Active,Engage,AutomationPilot,"",0,0.85,0,"BANDIT-03",False,True,True
137.59000000001984,"VIPER-02","VIPER-02",Friendly,Wingman,Active,Engage,MissionAI,"VIPER-01",1,0.85,0,"BANDIT-03",False,True,True
137.59000000001984,"VIPER-03","VIPER-03",Friendly,Wingman,Active,Engage,MissionAI,"VIPER-01",2,0.85,0,"BANDIT-03",False,True,True
137.59000000001984,"BANDIT-01","BANDIT-01",Hostile,Patrol,Active,Engage,MissionAI,"",0,0.45,0,"VIPER-02",False,False,True
137.59000000001984,"BANDIT-02","BANDIT-02",Hostile,Patrol,Neutralized,Evade,MissionAI,"",0,0.45,0,"VIPER-03",False,True,True
137.59000000001984,"BANDIT-03","BANDIT-03",Hostile,Patrol,Active,Evade,MissionAI,"",0,0.45,0,"VIPER-02",False,True,True
137.59000000001984,"BANDIT-04","BANDIT-04",Hostile,Patrol,Neutralized,Evade,MissionAI,"",0,0.45,0,"VIPER-02",False,True,True
137.79000000001966,"VIPER-01","VIPER-01",Friendly,Player,Active,Engage,AutomationPilot,"",0,0.85,0,"BANDIT-03",False,True,True
137.79000000001966,"VIPER-02","VIPER-02",Friendly,Wingman,Active,Engage,MissionAI,"VIPER-01",1,0.85,0,"BANDIT-03",False,True,True
137.79000000001966,"VIPER-03","VIPER-03",Friendly,Wingman,Active,Engage,MissionAI,"VIPER-01",2,0.85,0,"BANDIT-03",False,True,True
137.79000000001966,"BANDIT-01","BANDIT-01",Hostile,Patrol,Active,Engage,MissionAI,"",0,0.45,0,"VIPER-02",False,False,True
137.79000000001966,"BANDIT-02","BANDIT-02",Hostile,Patrol,Neutralized,Evade,MissionAI,"",0,0.45,0,"VIPER-03",False,True,True
137.79000000001966,"BANDIT-03","BANDIT-03",Hostile,Patrol,Active,Engage,MissionAI,"",0,0.45,0,"VIPER-02",False,True,True
137.79000000001966,"BANDIT-04","BANDIT-04",Hostile,Patrol,Neutralized,Evade,MissionAI,"",0,0.45,0,"VIPER-02",False,True,True
137.99000000001948,"VIPER-01","VIPER-01",Friendly,Player,Active,Engage,AutomationPilot,"",0,0.85,0,"BANDIT-03",False,True,True
137.99000000001948,"VIPER-02","VIPER-02",Friendly,Wingman,Active,Engage,MissionAI,"VIPER-01",1,0.85,0,"BANDIT-03",False,True,True
137.99000000001948,"VIPER-03","VIPER-03",Friendly,Wingman,Active,Engage,MissionAI,"VIPER-01",2,0.85,0,"BANDIT-03",False,True,True
137.99000000001948,"BANDIT-01","BANDIT-01",Hostile,Patrol,Active,Engage,MissionAI,"",0,0.45,0,"VIPER-02",False,False,True
137.99000000001948,"BANDIT-02","BANDIT-02",Hostile,Patrol,Neutralized,Evade,MissionAI,"",0,0.45,0,"VIPER-03",False,True,True
137.99000000001948,"BANDIT-03","BANDIT-03",Hostile,Patrol,Active,Engage,MissionAI,"",0,0.45,0,"VIPER-02",False,True,True
137.99000000001948,"BANDIT-04","BANDIT-04",Hostile,Patrol,Neutralized,Evade,MissionAI,"",0,0.45,0,"VIPER-02",False,True,True
138.1900000000193,"VIPER-01","VIPER-01",Friendly,Player,Active,Engage,AutomationPilot,"",0,0.85,0,"BANDIT-03",False,True,True
138.1900000000193,"VIPER-02","VIPER-02",Friendly,Wingman,Active,Engage,MissionAI,"VIPER-01",1,0.85,0,"BANDIT-03",False,True,True
138.1900000000193,"VIPER-03","VIPER-03",Friendly,Wingman,Active,Engage,MissionAI,"VIPER-01",2,0.85,0,"BANDIT-03",False,True,True
138.1900000000193,"BANDIT-01","BANDIT-01",Hostile,Patrol,Active,Engage,MissionAI,"",0,0.45,0,"VIPER-02",False,False,True
138.1900000000193,"BANDIT-02","BANDIT-02",Hostile,Patrol,Neutralized,Evade,MissionAI,"",0,0.45,0,"VIPER-03",False,True,True
138.1900000000193,"BANDIT-03","BANDIT-03",Hostile,Patrol,Active,Engage,MissionAI,"",0,0.45,0,"VIPER-02",False,True,True
138.1900000000193,"BANDIT-04","BANDIT-04",Hostile,Patrol,Neutralized,Evade,MissionAI,"",0,0.45,0,"VIPER-02",False,True,True
138.39000000001911,"VIPER-01","VIPER-01",Friendly,Player,Active,Engage,AutomationPilot,"",0,0.85,0,"BANDIT-03",False,True,True
138.39000000001911,"VIPER-02","VIPER-02",Friendly,Wingman,Active,Engage,MissionAI,"VIPER-01",1,0.85,0,"BANDIT-03",False,True,True
138.39000000001911,"VIPER-03","VIPER-03",Friendly,Wingman,Active,Engage,MissionAI,"VIPER-01",2,0.85,0,"BANDIT-03",False,True,True
138.39000000001911,"BANDIT-01","BANDIT-01",Hostile,Patrol,Active,Engage,MissionAI,"",0,0.45,0,"VIPER-02",False,False,True
138.39000000001911,"BANDIT-02","BANDIT-02",Hostile,Patrol,Neutralized,Evade,MissionAI,"",0,0.45,0,"VIPER-03",False,True,True
138.39000000001911,"BANDIT-03","BANDIT-03",Hostile,Patrol,Active,Engage,MissionAI,"",0,0.45,0,"VIPER-02",False,True,True
138.39000000001911,"BANDIT-04","BANDIT-04",Hostile,Patrol,Neutralized,Evade,MissionAI,"",0,0.45,0,"VIPER-02",False,True,True
138.59000000001893,"VIPER-01","VIPER-01",Friendly,Player,Active,Engage,AutomationPilot,"",0,0.85,0,"BANDIT-03",False,True,True
138.59000000001893,"VIPER-02","VIPER-02",Friendly,Wingman,Active,Engage,MissionAI,"VIPER-01",1,0.85,0,"BANDIT-03",False,True,True
138.59000000001893,"VIPER-03","VIPER-03",Friendly,Wingman,Active,Engage,MissionAI,"VIPER-01",2,0.85,0,"BANDIT-03",False,True,True
138.59000000001893,"BANDIT-01","BANDIT-01",Hostile,Patrol,Active,Engage,MissionAI,"",0,0.45,0,"VIPER-02",False,False,True
138.59000000001893,"BANDIT-02","BANDIT-02",Hostile,Patrol,Neutralized,Evade,MissionAI,"",0,0.45,0,"VIPER-03",False,True,True
138.59000000001893,"BANDIT-03","BANDIT-03",Hostile,Patrol,Active,Engage,MissionAI,"",0,0.45,0,"VIPER-02",False,True,True
138.59000000001893,"BANDIT-04","BANDIT-04",Hostile,Patrol,Neutralized,Evade,MissionAI,"",0,0.45,0,"VIPER-02",False,True,True
138.79000000001875,"VIPER-01","VIPER-01",Friendly,Player,Active,Engage,AutomationPilot,"",0,0.85,0,"BANDIT-03",False,True,True
138.79000000001875,"VIPER-02","VIPER-02",Friendly,Wingman,Active,Engage,MissionAI,"VIPER-01",1,0.85,0,"BANDIT-03",False,True,True
138.79000000001875,"VIPER-03","VIPER-03",Friendly,Wingman,Active,Engage,MissionAI,"VIPER-01",2,0.85,0,"BANDIT-03",False,True,True
138.79000000001875,"BANDIT-01","BANDIT-01",Hostile,Patrol,Active,Engage,MissionAI,"",0,0.45,0,"VIPER-02",False,False,True
138.79000000001875,"BANDIT-02","BANDIT-02",Hostile,Patrol,Neutralized,Evade,MissionAI,"",0,0.45,0,"VIPER-03",False,True,True
138.79000000001875,"BANDIT-03","BANDIT-03",Hostile,Patrol,Active,Engage,MissionAI,"",0,0.45,0,"VIPER-02",False,True,True
138.79000000001875,"BANDIT-04","BANDIT-04",Hostile,Patrol,Neutralized,Evade,MissionAI,"",0,0.45,0,"VIPER-02",False,True,True
138.99000000001857,"VIPER-01","VIPER-01",Friendly,Player,Active,Engage,AutomationPilot,"",0,0.85,0,"BANDIT-03",False,True,True
138.99000000001857,"VIPER-02","VIPER-02",Friendly,Wingman,Active,Engage,MissionAI,"VIPER-01",1,0.85,0,"BANDIT-03",False,True,True
138.99000000001857,"VIPER-03","VIPER-03",Friendly,Wingman,Active,Engage,MissionAI,"VIPER-01",2,0.85,0,"BANDIT-03",False,True,True
138.99000000001857,"BANDIT-01","BANDIT-01",Hostile,Patrol,Active,Engage,MissionAI,"",0,0.45,0,"VIPER-02",False,False,True
138.99000000001857,"BANDIT-02","BANDIT-02",Hostile,Patrol,Neutralized,Evade,MissionAI,"",0,0.45,0,"VIPER-03",False,True,True
138.99000000001857,"BANDIT-03","BANDIT-03",Hostile,Patrol,Active,Engage,MissionAI,"",0,0.45,0,"VIPER-02",False,True,True
138.99000000001857,"BANDIT-04","BANDIT-04",Hostile,Patrol,Neutralized,Evade,MissionAI,"",0,0.45,0,"VIPER-02",False,True,True
139.19000000001839,"VIPER-01","VIPER-01",Friendly,Player,Active,Engage,AutomationPilot,"",0,0.85,0,"BANDIT-03",False,True,True
139.19000000001839,"VIPER-02","VIPER-02",Friendly,Wingman,Active,Engage,MissionAI,"VIPER-01",1,0.85,0,"BANDIT-03",False,True,True
139.19000000001839,"VIPER-03","VIPER-03",Friendly,Wingman,Active,Engage,MissionAI,"VIPER-01",2,0.85,0,"BANDIT-03",False,True,True
139.19000000001839,"BANDIT-01","BANDIT-01",Hostile,Patrol,Active,Engage,MissionAI,"",0,0.45,0,"VIPER-02",False,False,True
139.19000000001839,"BANDIT-02","BANDIT-02",Hostile,Patrol,Neutralized,Evade,MissionAI,"",0,0.45,0,"VIPER-03",False,True,True
139.19000000001839,"BANDIT-03","BANDIT-03",Hostile,Patrol,Active,Engage,MissionAI,"",0,0.45,0,"VIPER-02",False,True,True
139.19000000001839,"BANDIT-04","BANDIT-04",Hostile,Patrol,Neutralized,Evade,MissionAI,"",0,0.45,0,"VIPER-02",False,True,True
139.3900000000182,"VIPER-01","VIPER-01",Friendly,Player,Active,Engage,AutomationPilot,"",0,0.85,0,"BANDIT-03",False,True,True
139.3900000000182,"VIPER-02","VIPER-02",Friendly,Wingman,Active,Engage,MissionAI,"VIPER-01",1,0.85,0,"BANDIT-03",False,True,True
139.3900000000182,"VIPER-03","VIPER-03",Friendly,Wingman,Active,Engage,MissionAI,"VIPER-01",2,0.85,0,"BANDIT-03",False,True,True
139.3900000000182,"BANDIT-01","BANDIT-01",Hostile,Patrol,Active,Engage,MissionAI,"",0,0.45,0,"VIPER-02",False,False,True
139.3900000000182,"BANDIT-02","BANDIT-02",Hostile,Patrol,Neutralized,Evade,MissionAI,"",0,0.45,0,"VIPER-03",False,True,True
139.3900000000182,"BANDIT-03","BANDIT-03",Hostile,Patrol,Active,Engage,MissionAI,"",0,0.45,0,"VIPER-02",False,True,True
139.3900000000182,"BANDIT-04","BANDIT-04",Hostile,Patrol,Neutralized,Evade,MissionAI,"",0,0.45,0,"VIPER-02",False,True,True
139.59000000001802,"VIPER-01","VIPER-01",Friendly,Player,Active,Engage,AutomationPilot,"",0,0.85,0,"BANDIT-03",False,True,True
139.59000000001802,"VIPER-02","VIPER-02",Friendly,Wingman,Active,Engage,MissionAI,"VIPER-01",1,0.85,0,"BANDIT-03",False,True,True
139.59000000001802,"VIPER-03","VIPER-03",Friendly,Wingman,Active,Engage,MissionAI,"VIPER-01",2,0.85,0,"BANDIT-03",False,True,True
139.59000000001802,"BANDIT-01","BANDIT-01",Hostile,Patrol,Active,Engage,MissionAI,"",0,0.45,0,"VIPER-02",False,False,True
139.59000000001802,"BANDIT-02","BANDIT-02",Hostile,Patrol,Neutralized,Evade,MissionAI,"",0,0.45,0,"VIPER-03",False,True,True
139.59000000001802,"BANDIT-03","BANDIT-03",Hostile,Patrol,Active,Engage,MissionAI,"",0,0.45,0,"VIPER-02",False,True,True
139.59000000001802,"BANDIT-04","BANDIT-04",Hostile,Patrol,Neutralized,Evade,MissionAI,"",0,0.45,0,"VIPER-02",False,True,True
139.79000000001784,"VIPER-01","VIPER-01",Friendly,Player,Active,Engage,AutomationPilot,"",0,0.85,0,"BANDIT-03",False,True,True
139.79000000001784,"VIPER-02","VIPER-02",Friendly,Wingman,Active,Engage,MissionAI,"VIPER-01",1,0.85,0,"BANDIT-03",False,True,True
139.79000000001784,"VIPER-03","VIPER-03",Friendly,Wingman,Active,Engage,MissionAI,"VIPER-01",2,0.85,0,"BANDIT-03",False,True,True
139.79000000001784,"BANDIT-01","BANDIT-01",Hostile,Patrol,Active,Engage,MissionAI,"",0,0.45,0,"VIPER-02",False,False,True
139.79000000001784,"BANDIT-02","BANDIT-02",Hostile,Patrol,Neutralized,Evade,MissionAI,"",0,0.45,0,"VIPER-03",False,True,True
139.79000000001784,"BANDIT-03","BANDIT-03",Hostile,Patrol,Active,Engage,MissionAI,"",0,0.45,0,"VIPER-02",False,True,True
139.79000000001784,"BANDIT-04","BANDIT-04",Hostile,Patrol,Neutralized,Evade,MissionAI,"",0,0.45,0,"VIPER-02",False,True,True
139.99000000001766,"VIPER-01","VIPER-01",Friendly,Player,Active,Engage,AutomationPilot,"",0,0.85,0,"BANDIT-03",False,True,True
139.99000000001766,"VIPER-02","VIPER-02",Friendly,Wingman,Active,Engage,MissionAI,"VIPER-01",1,0.85,0,"BANDIT-03",False,True,True
139.99000000001766,"VIPER-03","VIPER-03",Friendly,Wingman,Active,Engage,MissionAI,"VIPER-01",2,0.85,0,"BANDIT-03",False,True,True
139.99000000001766,"BANDIT-01","BANDIT-01",Hostile,Patrol,Active,Engage,MissionAI,"",0,0.45,0,"VIPER-02",False,False,True
139.99000000001766,"BANDIT-02","BANDIT-02",Hostile,Patrol,Neutralized,Evade,MissionAI,"",0,0.45,0,"VIPER-03",False,True,True
139.99000000001766,"BANDIT-03","BANDIT-03",Hostile,Patrol,Active,Engage,MissionAI,"",0,0.45,0,"VIPER-02",False,True,True
139.99000000001766,"BANDIT-04","BANDIT-04",Hostile,Patrol,Neutralized,Evade,MissionAI,"",0,0.45,0,"VIPER-02",False,True,True
140.19000000001748,"VIPER-01","VIPER-01",Friendly,Player,Active,Engage,AutomationPilot,"",0,0.85,0,"BANDIT-03",False,True,True
140.19000000001748,"VIPER-02","VIPER-02",Friendly,Wingman,Active,Engage,MissionAI,"VIPER-01",1,0.85,0,"BANDIT-03",False,True,True
140.19000000001748,"VIPER-03","VIPER-03",Friendly,Wingman,Active,Engage,MissionAI,"VIPER-01",2,0.85,0,"BANDIT-03",False,True,True
140.19000000001748,"BANDIT-01","BANDIT-01",Hostile,Patrol,Active,Engage,MissionAI,"",0,0.45,0,"VIPER-02",False,False,True
140.19000000001748,"BANDIT-02","BANDIT-02",Hostile,Patrol,Neutralized,Evade,MissionAI,"",0,0.45,0,"VIPER-03",False,True,True
140.19000000001748,"BANDIT-03","BANDIT-03",Hostile,Patrol,Active,Engage,MissionAI,"",0,0.45,0,"VIPER-02",False,True,True
140.19000000001748,"BANDIT-04","BANDIT-04",Hostile,Patrol,Neutralized,Evade,MissionAI,"",0,0.45,0,"VIPER-02",False,True,True
140.3900000000173,"VIPER-01","VIPER-01",Friendly,Player,Active,Engage,AutomationPilot,"",0,0.85,0,"BANDIT-03",False,True,True
140.3900000000173,"VIPER-02","VIPER-02",Friendly,Wingman,Active,Engage,MissionAI,"VIPER-01",1,0.85,0,"BANDIT-03",False,True,True
140.3900000000173,"VIPER-03","VIPER-03",Friendly,Wingman,Active,Engage,MissionAI,"VIPER-01",2,0.85,0,"BANDIT-03",False,True,True
140.3900000000173,"BANDIT-01","BANDIT-01",Hostile,Patrol,Active,Engage,MissionAI,"",0,0.45,0,"VIPER-02",False,False,True
140.3900000000173,"BANDIT-02","BANDIT-02",Hostile,Patrol,Neutralized,Evade,MissionAI,"",0,0.45,0,"VIPER-03",False,True,True
140.3900000000173,"BANDIT-03","BANDIT-03",Hostile,Patrol,Active,Engage,MissionAI,"",0,0.45,0,"VIPER-02",False,True,True
140.3900000000173,"BANDIT-04","BANDIT-04",Hostile,Patrol,Neutralized,Evade,MissionAI,"",0,0.45,0,"VIPER-02",False,True,True
140.59000000001711,"VIPER-01","VIPER-01",Friendly,Player,Active,Engage,AutomationPilot,"",0,0.85,0,"BANDIT-03",False,True,True
140.59000000001711,"VIPER-02","VIPER-02",Friendly,Wingman,Active,Engage,MissionAI,"VIPER-01",1,0.85,0,"BANDIT-03",False,True,True
140.59000000001711,"VIPER-03","VIPER-03",Friendly,Wingman,Active,Engage,MissionAI,"VIPER-01",2,0.85,0,"BANDIT-03",False,True,True
140.59000000001711,"BANDIT-01","BANDIT-01",Hostile,Patrol,Active,Engage,MissionAI,"",0,0.45,0,"VIPER-02",False,False,True
140.59000000001711,"BANDIT-02","BANDIT-02",Hostile,Patrol,Neutralized,Evade,MissionAI,"",0,0.45,0,"VIPER-03",False,True,True
140.59000000001711,"BANDIT-03","BANDIT-03",Hostile,Patrol,Active,Engage,MissionAI,"",0,0.45,0,"VIPER-02",False,True,True
140.59000000001711,"BANDIT-04","BANDIT-04",Hostile,Patrol,Neutralized,Evade,MissionAI,"",0,0.45,0,"VIPER-02",False,True,True
140.79000000001693,"VIPER-01","VIPER-01",Friendly,Player,Active,Engage,AutomationPilot,"",0,0.85,0,"BANDIT-03",False,True,True
140.79000000001693,"VIPER-02","VIPER-02",Friendly,Wingman,Active,Engage,MissionAI,"VIPER-01",1,0.85,0,"BANDIT-03",False,True,True
140.79000000001693,"VIPER-03","VIPER-03",Friendly,Wingman,Active,Engage,MissionAI,"VIPER-01",2,0.85,0,"BANDIT-03",False,True,True
140.79000000001693,"BANDIT-01","BANDIT-01",Hostile,Patrol,Active,Engage,MissionAI,"",0,0.45,0,"VIPER-02",False,False,True
140.79000000001693,"BANDIT-02","BANDIT-02",Hostile,Patrol,Neutralized,Evade,MissionAI,"",0,0.45,0,"VIPER-03",False,True,True
140.79000000001693,"BANDIT-03","BANDIT-03",Hostile,Patrol,Active,Engage,MissionAI,"",0,0.45,0,"VIPER-02",False,True,True
140.79000000001693,"BANDIT-04","BANDIT-04",Hostile,Patrol,Neutralized,Evade,MissionAI,"",0,0.45,0,"VIPER-02",False,True,True
140.99000000001675,"VIPER-01","VIPER-01",Friendly,Player,Active,Engage,AutomationPilot,"",0,0.85,0,"BANDIT-03",False,True,True
140.99000000001675,"VIPER-02","VIPER-02",Friendly,Wingman,Active,Engage,MissionAI,"VIPER-01",1,0.85,0,"BANDIT-03",False,True,True
140.99000000001675,"VIPER-03","VIPER-03",Friendly,Wingman,Active,Engage,MissionAI,"VIPER-01",2,0.85,0,"BANDIT-03",False,True,True
140.99000000001675,"BANDIT-01","BANDIT-01",Hostile,Patrol,Active,Engage,MissionAI,"",0,0.45,0,"VIPER-02",False,False,True
140.99000000001675,"BANDIT-02","BANDIT-02",Hostile,Patrol,Neutralized,Evade,MissionAI,"",0,0.45,0,"VIPER-03",False,True,True
140.99000000001675,"BANDIT-03","BANDIT-03",Hostile,Patrol,Active,Engage,MissionAI,"",0,0.45,0,"VIPER-02",False,True,True
140.99000000001675,"BANDIT-04","BANDIT-04",Hostile,Patrol,Neutralized,Evade,MissionAI,"",0,0.45,0,"VIPER-02",False,True,True
141.19000000001657,"VIPER-01","VIPER-01",Friendly,Player,Active,Engage,AutomationPilot,"",0,0.85,0,"BANDIT-03",False,True,True
141.19000000001657,"VIPER-02","VIPER-02",Friendly,Wingman,Active,Engage,MissionAI,"VIPER-01",1,0.85,0,"BANDIT-03",False,True,True
141.19000000001657,"VIPER-03","VIPER-03",Friendly,Wingman,Active,Engage,MissionAI,"VIPER-01",2,0.85,0,"BANDIT-03",False,True,True
141.19000000001657,"BANDIT-01","BANDIT-01",Hostile,Patrol,Active,Engage,MissionAI,"",0,0.45,0,"VIPER-02",False,False,True
141.19000000001657,"BANDIT-02","BANDIT-02",Hostile,Patrol,Neutralized,Evade,MissionAI,"",0,0.45,0,"VIPER-03",False,True,True
141.19000000001657,"BANDIT-03","BANDIT-03",Hostile,Patrol,Active,Engage,MissionAI,"",0,0.45,0,"VIPER-02",False,True,True
141.19000000001657,"BANDIT-04","BANDIT-04",Hostile,Patrol,Neutralized,Evade,MissionAI,"",0,0.45,0,"VIPER-02",False,True,True
141.39000000001639,"VIPER-01","VIPER-01",Friendly,Player,Active,Engage,AutomationPilot,"",0,0.85,0,"BANDIT-03",False,True,True
141.39000000001639,"VIPER-02","VIPER-02",Friendly,Wingman,Active,Engage,MissionAI,"VIPER-01",1,0.85,0,"BANDIT-03",False,True,True
141.39000000001639,"VIPER-03","VIPER-03",Friendly,Wingman,Active,Engage,MissionAI,"VIPER-01",2,0.85,0,"BANDIT-03",False,True,True
141.39000000001639,"BANDIT-01","BANDIT-01",Hostile,Patrol,Active,Engage,MissionAI,"",0,0.45,0,"VIPER-02",False,False,True
141.39000000001639,"BANDIT-02","BANDIT-02",Hostile,Patrol,Neutralized,Evade,MissionAI,"",0,0.45,0,"VIPER-03",False,True,True
141.39000000001639,"BANDIT-03","BANDIT-03",Hostile,Patrol,Active,Engage,MissionAI,"",0,0.45,0,"VIPER-02",False,True,True
141.39000000001639,"BANDIT-04","BANDIT-04",Hostile,Patrol,Neutralized,Evade,MissionAI,"",0,0.45,0,"VIPER-02",False,True,True
141.5900000000162,"VIPER-01","VIPER-01",Friendly,Player,Active,Engage,AutomationPilot,"",0,0.85,0,"BANDIT-03",False,True,True
141.5900000000162,"VIPER-02","VIPER-02",Friendly,Wingman,Active,Engage,MissionAI,"VIPER-01",1,0.85,0,"BANDIT-03",False,True,True
141.5900000000162,"VIPER-03","VIPER-03",Friendly,Wingman,Active,Engage,MissionAI,"VIPER-01",2,0.85,0,"BANDIT-03",False,True,True
141.5900000000162,"BANDIT-01","BANDIT-01",Hostile,Patrol,Active,Engage,MissionAI,"",0,0.45,0,"VIPER-02",False,False,True
141.5900000000162,"BANDIT-02","BANDIT-02",Hostile,Patrol,Neutralized,Evade,MissionAI,"",0,0.45,0,"VIPER-03",False,True,True
141.5900000000162,"BANDIT-03","BANDIT-03",Hostile,Patrol,Active,Engage,MissionAI,"",0,0.45,0,"VIPER-02",False,True,True
141.5900000000162,"BANDIT-04","BANDIT-04",Hostile,Patrol,Neutralized,Evade,MissionAI,"",0,0.45,0,"VIPER-02",False,True,True
141.79000000001602,"VIPER-01","VIPER-01",Friendly,Player,Active,Engage,AutomationPilot,"",0,0.85,0,"BANDIT-03",False,True,True
141.79000000001602,"VIPER-02","VIPER-02",Friendly,Wingman,Active,Engage,MissionAI,"VIPER-01",1,0.85,0,"BANDIT-03",False,True,True
141.79000000001602,"VIPER-03","VIPER-03",Friendly,Wingman,Active,Engage,MissionAI,"VIPER-01",2,0.85,0,"BANDIT-03",False,True,True
141.79000000001602,"BANDIT-01","BANDIT-01",Hostile,Patrol,Active,Engage,MissionAI,"",0,0.45,0,"VIPER-02",False,False,True
141.79000000001602,"BANDIT-02","BANDIT-02",Hostile,Patrol,Neutralized,Evade,MissionAI,"",0,0.45,0,"VIPER-03",False,True,True
141.79000000001602,"BANDIT-03","BANDIT-03",Hostile,Patrol,Active,Engage,MissionAI,"",0,0.45,0,"VIPER-02",False,True,True
141.79000000001602,"BANDIT-04","BANDIT-04",Hostile,Patrol,Neutralized,Evade,MissionAI,"",0,0.45,0,"VIPER-02",False,True,True
141.99000000001584,"VIPER-01","VIPER-01",Friendly,Player,Active,Engage,AutomationPilot,"",0,0.85,0,"BANDIT-03",False,True,True
141.99000000001584,"VIPER-02","VIPER-02",Friendly,Wingman,Active,Engage,MissionAI,"VIPER-01",1,0.85,0,"BANDIT-03",False,True,True
141.99000000001584,"VIPER-03","VIPER-03",Friendly,Wingman,Active,Engage,MissionAI,"VIPER-01",2,0.85,0,"BANDIT-03",False,True,True
141.99000000001584,"BANDIT-01","BANDIT-01",Hostile,Patrol,Active,Engage,MissionAI,"",0,0.45,0,"VIPER-02",False,False,True
141.99000000001584,"BANDIT-02","BANDIT-02",Hostile,Patrol,Neutralized,Evade,MissionAI,"",0,0.45,0,"VIPER-03",False,True,True
141.99000000001584,"BANDIT-03","BANDIT-03",Hostile,Patrol,Active,Engage,MissionAI,"",0,0.45,0,"VIPER-02",False,True,True
141.99000000001584,"BANDIT-04","BANDIT-04",Hostile,Patrol,Neutralized,Evade,MissionAI,"",0,0.45,0,"VIPER-02",False,True,True
142.19000000001566,"VIPER-01","VIPER-01",Friendly,Player,Active,Engage,AutomationPilot,"",0,0.85,0,"BANDIT-03",False,True,True
142.19000000001566,"VIPER-02","VIPER-02",Friendly,Wingman,Active,Engage,MissionAI,"VIPER-01",1,0.85,0,"BANDIT-03",False,True,True
142.19000000001566,"VIPER-03","VIPER-03",Friendly,Wingman,Active,Engage,MissionAI,"VIPER-01",2,0.85,0,"BANDIT-03",False,True,True
142.19000000001566,"BANDIT-01","BANDIT-01",Hostile,Patrol,Active,Engage,MissionAI,"",0,0.45,0,"VIPER-02",False,False,True
142.19000000001566,"BANDIT-02","BANDIT-02",Hostile,Patrol,Neutralized,Evade,MissionAI,"",0,0.45,0,"VIPER-03",False,True,True
142.19000000001566,"BANDIT-03","BANDIT-03",Hostile,Patrol,Active,Engage,MissionAI,"",0,0.45,0,"VIPER-02",False,True,True
142.19000000001566,"BANDIT-04","BANDIT-04",Hostile,Patrol,Neutralized,Evade,MissionAI,"",0,0.45,0,"VIPER-02",False,True,True
142.39000000001548,"VIPER-01","VIPER-01",Friendly,Player,Active,Engage,AutomationPilot,"",0,0.85,0,"BANDIT-03",False,True,True
142.39000000001548,"VIPER-02","VIPER-02",Friendly,Wingman,Active,Engage,MissionAI,"VIPER-01",1,0.85,0,"BANDIT-03",False,True,True
142.39000000001548,"VIPER-03","VIPER-03",Friendly,Wingman,Active,Engage,MissionAI,"VIPER-01",2,0.85,0,"BANDIT-03",False,True,True
142.39000000001548,"BANDIT-01","BANDIT-01",Hostile,Patrol,Active,Engage,MissionAI,"",0,0.45,0,"VIPER-02",False,False,True
142.39000000001548,"BANDIT-02","BANDIT-02",Hostile,Patrol,Neutralized,Evade,MissionAI,"",0,0.45,0,"VIPER-03",False,True,True
142.39000000001548,"BANDIT-03","BANDIT-03",Hostile,Patrol,Active,Engage,MissionAI,"",0,0.45,0,"VIPER-02",False,True,True
142.39000000001548,"BANDIT-04","BANDIT-04",Hostile,Patrol,Neutralized,Evade,MissionAI,"",0,0.45,0,"VIPER-02",False,True,True
142.59000000001529,"VIPER-01","VIPER-01",Friendly,Player,Active,Engage,AutomationPilot,"",0,0.85,0,"BANDIT-03",False,True,True
142.59000000001529,"VIPER-02","VIPER-02",Friendly,Wingman,Active,Engage,MissionAI,"VIPER-01",1,0.85,0,"BANDIT-03",False,True,True
142.59000000001529,"VIPER-03","VIPER-03",Friendly,Wingman,Active,Engage,MissionAI,"VIPER-01",2,0.85,0,"BANDIT-03",False,True,True
142.59000000001529,"BANDIT-01","BANDIT-01",Hostile,Patrol,Active,Engage,MissionAI,"",0,0.45,0,"VIPER-02",False,False,True
142.59000000001529,"BANDIT-02","BANDIT-02",Hostile,Patrol,Neutralized,Evade,MissionAI,"",0,0.45,0,"VIPER-03",False,True,True
142.59000000001529,"BANDIT-03","BANDIT-03",Hostile,Patrol,Active,Engage,MissionAI,"",0,0.45,0,"VIPER-02",False,True,True
142.59000000001529,"BANDIT-04","BANDIT-04",Hostile,Patrol,Neutralized,Evade,MissionAI,"",0,0.45,0,"VIPER-02",False,True,True
142.79000000001511,"VIPER-01","VIPER-01",Friendly,Player,Active,Engage,AutomationPilot,"",0,0.85,0,"BANDIT-03",False,True,True
142.79000000001511,"VIPER-02","VIPER-02",Friendly,Wingman,Active,Engage,MissionAI,"VIPER-01",1,0.85,0,"BANDIT-03",False,True,True
142.79000000001511,"VIPER-03","VIPER-03",Friendly,Wingman,Active,Engage,MissionAI,"VIPER-01",2,0.85,0,"BANDIT-03",False,True,True
142.79000000001511,"BANDIT-01","BANDIT-01",Hostile,Patrol,Active,Engage,MissionAI,"",0,0.45,0,"VIPER-02",False,False,True
142.79000000001511,"BANDIT-02","BANDIT-02",Hostile,Patrol,Neutralized,Evade,MissionAI,"",0,0.45,0,"VIPER-03",False,True,True
142.79000000001511,"BANDIT-03","BANDIT-03",Hostile,Patrol,Active,Engage,MissionAI,"",0,0.45,0,"VIPER-02",False,True,True
142.79000000001511,"BANDIT-04","BANDIT-04",Hostile,Patrol,Neutralized,Evade,MissionAI,"",0,0.45,0,"VIPER-02",False,True,True
142.99000000001493,"VIPER-01","VIPER-01",Friendly,Player,Active,Engage,AutomationPilot,"",0,0.85,0,"BANDIT-03",False,True,True
142.99000000001493,"VIPER-02","VIPER-02",Friendly,Wingman,Active,Engage,MissionAI,"VIPER-01",1,0.85,0,"BANDIT-03",False,True,True
142.99000000001493,"VIPER-03","VIPER-03",Friendly,Wingman,Active,Engage,MissionAI,"VIPER-01",2,0.85,0,"BANDIT-03",False,True,True
142.99000000001493,"BANDIT-01","BANDIT-01",Hostile,Patrol,Active,Engage,MissionAI,"",0,0.45,0,"VIPER-02",False,False,True
142.99000000001493,"BANDIT-02","BANDIT-02",Hostile,Patrol,Neutralized,Evade,MissionAI,"",0,0.45,0,"VIPER-03",False,True,True
142.99000000001493,"BANDIT-03","BANDIT-03",Hostile,Patrol,Active,Engage,MissionAI,"",0,0.45,0,"VIPER-02",False,True,True
142.99000000001493,"BANDIT-04","BANDIT-04",Hostile,Patrol,Neutralized,Evade,MissionAI,"",0,0.45,0,"VIPER-02",False,True,True
143.19000000001475,"VIPER-01","VIPER-01",Friendly,Player,Active,Engage,AutomationPilot,"",0,0.85,0,"BANDIT-03",False,True,True
143.19000000001475,"VIPER-02","VIPER-02",Friendly,Wingman,Active,Engage,MissionAI,"VIPER-01",1,0.85,0,"BANDIT-03",False,True,True
143.19000000001475,"VIPER-03","VIPER-03",Friendly,Wingman,Active,Engage,MissionAI,"VIPER-01",2,0.85,0,"BANDIT-03",False,True,True
143.19000000001475,"BANDIT-01","BANDIT-01",Hostile,Patrol,Active,Engage,MissionAI,"",0,0.45,0,"VIPER-02",False,False,True
143.19000000001475,"BANDIT-02","BANDIT-02",Hostile,Patrol,Neutralized,Evade,MissionAI,"",0,0.45,0,"VIPER-03",False,True,True
143.19000000001475,"BANDIT-03","BANDIT-03",Hostile,Patrol,Active,Engage,MissionAI,"",0,0.45,0,"VIPER-02",False,True,True
143.19000000001475,"BANDIT-04","BANDIT-04",Hostile,Patrol,Neutralized,Evade,MissionAI,"",0,0.45,0,"VIPER-02",False,True,True
143.39000000001457,"VIPER-01","VIPER-01",Friendly,Player,Active,Engage,AutomationPilot,"",0,0.85,0,"BANDIT-03",False,True,True
143.39000000001457,"VIPER-02","VIPER-02",Friendly,Wingman,Active,Engage,MissionAI,"VIPER-01",1,0.85,0,"BANDIT-03",False,True,True
143.39000000001457,"VIPER-03","VIPER-03",Friendly,Wingman,Active,Engage,MissionAI,"VIPER-01",2,0.85,0,"BANDIT-03",False,True,True
143.39000000001457,"BANDIT-01","BANDIT-01",Hostile,Patrol,Active,Engage,MissionAI,"",0,0.45,0,"VIPER-02",False,False,True
143.39000000001457,"BANDIT-02","BANDIT-02",Hostile,Patrol,Neutralized,Evade,MissionAI,"",0,0.45,0,"VIPER-03",False,True,True
143.39000000001457,"BANDIT-03","BANDIT-03",Hostile,Patrol,Active,Engage,MissionAI,"",0,0.45,0,"VIPER-02",False,True,True
143.39000000001457,"BANDIT-04","BANDIT-04",Hostile,Patrol,Neutralized,Evade,MissionAI,"",0,0.45,0,"VIPER-02",False,True,True
143.59000000001438,"VIPER-01","VIPER-01",Friendly,Player,Active,Engage,AutomationPilot,"",0,0.85,0,"BANDIT-03",False,True,True
143.59000000001438,"VIPER-02","VIPER-02",Friendly,Wingman,Active,Engage,MissionAI,"VIPER-01",1,0.85,0,"BANDIT-03",False,True,True
143.59000000001438,"VIPER-03","VIPER-03",Friendly,Wingman,Active,Engage,MissionAI,"VIPER-01",2,0.85,0,"BANDIT-03",False,True,True
143.59000000001438,"BANDIT-01","BANDIT-01",Hostile,Patrol,Active,Engage,MissionAI,"",0,0.45,0,"VIPER-02",False,False,True
143.59000000001438,"BANDIT-02","BANDIT-02",Hostile,Patrol,Neutralized,Evade,MissionAI,"",0,0.45,0,"VIPER-03",False,True,True
143.59000000001438,"BANDIT-03","BANDIT-03",Hostile,Patrol,Active,Engage,MissionAI,"",0,0.45,0,"VIPER-02",False,True,True
143.59000000001438,"BANDIT-04","BANDIT-04",Hostile,Patrol,Neutralized,Evade,MissionAI,"",0,0.45,0,"VIPER-02",False,True,True
143.7900000000142,"VIPER-01","VIPER-01",Friendly,Player,Active,Engage,AutomationPilot,"",0,0.85,0,"BANDIT-03",False,True,True
143.7900000000142,"VIPER-02","VIPER-02",Friendly,Wingman,Active,Engage,MissionAI,"VIPER-01",1,0.85,0,"BANDIT-03",False,True,True
143.7900000000142,"VIPER-03","VIPER-03",Friendly,Wingman,Active,Engage,MissionAI,"VIPER-01",2,0.85,0,"BANDIT-03",False,True,True
143.7900000000142,"BANDIT-01","BANDIT-01",Hostile,Patrol,Active,Engage,MissionAI,"",0,0.45,0,"VIPER-02",False,False,True
143.7900000000142,"BANDIT-02","BANDIT-02",Hostile,Patrol,Neutralized,Evade,MissionAI,"",0,0.45,0,"VIPER-03",False,True,True
143.7900000000142,"BANDIT-03","BANDIT-03",Hostile,Patrol,Active,Engage,MissionAI,"",0,0.45,0,"VIPER-02",False,True,True
143.7900000000142,"BANDIT-04","BANDIT-04",Hostile,Patrol,Neutralized,Evade,MissionAI,"",0,0.45,0,"VIPER-02",False,True,True
143.99000000001402,"VIPER-01","VIPER-01",Friendly,Player,Active,Engage,AutomationPilot,"",0,0.85,0,"BANDIT-03",False,True,True
143.99000000001402,"VIPER-02","VIPER-02",Friendly,Wingman,Active,Engage,MissionAI,"VIPER-01",1,0.85,0,"BANDIT-03",False,True,True
143.99000000001402,"VIPER-03","VIPER-03",Friendly,Wingman,Active,Engage,MissionAI,"VIPER-01",2,0.85,0,"BANDIT-03",False,True,True
143.99000000001402,"BANDIT-01","BANDIT-01",Hostile,Patrol,Active,Engage,MissionAI,"",0,0.45,0,"VIPER-02",False,False,True
143.99000000001402,"BANDIT-02","BANDIT-02",Hostile,Patrol,Neutralized,Evade,MissionAI,"",0,0.45,0,"VIPER-03",False,True,True
143.99000000001402,"BANDIT-03","BANDIT-03",Hostile,Patrol,Active,Engage,MissionAI,"",0,0.45,0,"VIPER-02",False,True,True
143.99000000001402,"BANDIT-04","BANDIT-04",Hostile,Patrol,Neutralized,Evade,MissionAI,"",0,0.45,0,"VIPER-02",False,True,True
144.19000000001384,"VIPER-01","VIPER-01",Friendly,Player,Active,Engage,AutomationPilot,"",0,0.85,0,"BANDIT-03",False,True,True
144.19000000001384,"VIPER-02","VIPER-02",Friendly,Wingman,Active,Engage,MissionAI,"VIPER-01",1,0.85,0,"BANDIT-03",False,True,True
144.19000000001384,"VIPER-03","VIPER-03",Friendly,Wingman,Active,Engage,MissionAI,"VIPER-01",2,0.85,0,"BANDIT-03",False,True,True
144.19000000001384,"BANDIT-01","BANDIT-01",Hostile,Patrol,Active,Engage,MissionAI,"",0,0.45,0,"VIPER-02",False,False,True
144.19000000001384,"BANDIT-02","BANDIT-02",Hostile,Patrol,Neutralized,Evade,MissionAI,"",0,0.45,0,"VIPER-03",False,True,True
144.19000000001384,"BANDIT-03","BANDIT-03",Hostile,Patrol,Active,Engage,MissionAI,"",0,0.45,0,"VIPER-02",False,True,True
144.19000000001384,"BANDIT-04","BANDIT-04",Hostile,Patrol,Neutralized,Evade,MissionAI,"",0,0.45,0,"VIPER-02",False,True,True
144.39000000001366,"VIPER-01","VIPER-01",Friendly,Player,Active,Engage,AutomationPilot,"",0,0.85,0,"BANDIT-03",False,True,True
144.39000000001366,"VIPER-02","VIPER-02",Friendly,Wingman,Active,Engage,MissionAI,"VIPER-01",1,0.85,0,"BANDIT-03",False,True,True
144.39000000001366,"VIPER-03","VIPER-03",Friendly,Wingman,Active,Engage,MissionAI,"VIPER-01",2,0.85,0,"BANDIT-03",False,True,True
144.39000000001366,"BANDIT-01","BANDIT-01",Hostile,Patrol,Active,Engage,MissionAI,"",0,0.45,0,"VIPER-02",False,False,True
144.39000000001366,"BANDIT-02","BANDIT-02",Hostile,Patrol,Neutralized,Evade,MissionAI,"",0,0.45,0,"VIPER-03",False,True,True
144.39000000001366,"BANDIT-03","BANDIT-03",Hostile,Patrol,Active,Engage,MissionAI,"",0,0.45,0,"VIPER-02",False,True,True
144.39000000001366,"BANDIT-04","BANDIT-04",Hostile,Patrol,Neutralized,Evade,MissionAI,"",0,0.45,0,"VIPER-02",False,True,True
144.59000000001348,"VIPER-01","VIPER-01",Friendly,Player,Active,Engage,AutomationPilot,"",0,0.85,0,"BANDIT-03",False,True,True
144.59000000001348,"VIPER-02","VIPER-02",Friendly,Wingman,Active,Engage,MissionAI,"VIPER-01",1,0.85,0,"BANDIT-03",False,True,True
144.59000000001348,"VIPER-03","VIPER-03",Friendly,Wingman,Active,Engage,MissionAI,"VIPER-01",2,0.85,0,"BANDIT-03",False,True,True
144.59000000001348,"BANDIT-01","BANDIT-01",Hostile,Patrol,Active,Engage,MissionAI,"",0,0.45,0,"VIPER-02",False,False,True
144.59000000001348,"BANDIT-02","BANDIT-02",Hostile,Patrol,Neutralized,Evade,MissionAI,"",0,0.45,0,"VIPER-03",False,True,True
144.59000000001348,"BANDIT-03","BANDIT-03",Hostile,Patrol,Active,Engage,MissionAI,"",0,0.45,0,"VIPER-02",False,True,True
144.59000000001348,"BANDIT-04","BANDIT-04",Hostile,Patrol,Neutralized,Evade,MissionAI,"",0,0.45,0,"VIPER-02",False,True,True
144.79000000001329,"VIPER-01","VIPER-01",Friendly,Player,Active,Engage,AutomationPilot,"",0,0.85,0,"BANDIT-03",False,True,True
144.79000000001329,"VIPER-02","VIPER-02",Friendly,Wingman,Active,Engage,MissionAI,"VIPER-01",1,0.85,0,"BANDIT-03",False,True,True
144.79000000001329,"VIPER-03","VIPER-03",Friendly,Wingman,Active,Engage,MissionAI,"VIPER-01",2,0.85,0,"BANDIT-03",False,True,True
144.79000000001329,"BANDIT-01","BANDIT-01",Hostile,Patrol,Active,Engage,MissionAI,"",0,0.45,0,"VIPER-02",False,False,True
144.79000000001329,"BANDIT-02","BANDIT-02",Hostile,Patrol,Neutralized,Evade,MissionAI,"",0,0.45,0,"VIPER-03",False,True,True
144.79000000001329,"BANDIT-03","BANDIT-03",Hostile,Patrol,Active,Engage,MissionAI,"",0,0.45,0,"VIPER-02",False,True,True
144.79000000001329,"BANDIT-04","BANDIT-04",Hostile,Patrol,Neutralized,Evade,MissionAI,"",0,0.45,0,"VIPER-02",False,True,True
144.99000000001311,"VIPER-01","VIPER-01",Friendly,Player,Active,Engage,AutomationPilot,"",0,0.85,0,"BANDIT-03",False,True,True
144.99000000001311,"VIPER-02","VIPER-02",Friendly,Wingman,Active,Engage,MissionAI,"VIPER-01",1,0.85,0,"BANDIT-03",False,True,True
144.99000000001311,"VIPER-03","VIPER-03",Friendly,Wingman,Active,Engage,MissionAI,"VIPER-01",2,0.85,0,"BANDIT-03",False,True,True
144.99000000001311,"BANDIT-01","BANDIT-01",Hostile,Patrol,Active,Engage,MissionAI,"",0,0.45,0,"VIPER-02",False,False,True
144.99000000001311,"BANDIT-02","BANDIT-02",Hostile,Patrol,Neutralized,Evade,MissionAI,"",0,0.45,0,"VIPER-03",False,True,True
144.99000000001311,"BANDIT-03","BANDIT-03",Hostile,Patrol,Active,Engage,MissionAI,"",0,0.45,0,"VIPER-02",False,True,True
144.99000000001311,"BANDIT-04","BANDIT-04",Hostile,Patrol,Neutralized,Evade,MissionAI,"",0,0.45,0,"VIPER-02",False,True,True
145.19000000001293,"VIPER-01","VIPER-01",Friendly,Player,Active,Engage,AutomationPilot,"",0,0.85,0,"BANDIT-03",False,True,True
145.19000000001293,"VIPER-02","VIPER-02",Friendly,Wingman,Active,Engage,MissionAI,"VIPER-01",1,0.85,0,"BANDIT-03",False,True,True
145.19000000001293,"VIPER-03","VIPER-03",Friendly,Wingman,Active,Engage,MissionAI,"VIPER-01",2,0.85,0,"BANDIT-03",False,True,True
145.19000000001293,"BANDIT-01","BANDIT-01",Hostile,Patrol,Active,Engage,MissionAI,"",0,0.45,0,"VIPER-02",False,False,True
145.19000000001293,"BANDIT-02","BANDIT-02",Hostile,Patrol,Neutralized,Evade,MissionAI,"",0,0.45,0,"VIPER-03",False,True,True
145.19000000001293,"BANDIT-03","BANDIT-03",Hostile,Patrol,Active,Engage,MissionAI,"",0,0.45,0,"VIPER-02",False,True,True
145.19000000001293,"BANDIT-04","BANDIT-04",Hostile,Patrol,Neutralized,Evade,MissionAI,"",0,0.45,0,"VIPER-02",False,True,True
145.39000000001275,"VIPER-01","VIPER-01",Friendly,Player,Active,Engage,AutomationPilot,"",0,0.85,0,"BANDIT-03",False,True,True
145.39000000001275,"VIPER-02","VIPER-02",Friendly,Wingman,Active,Engage,MissionAI,"VIPER-01",1,0.85,0,"BANDIT-03",False,True,True
145.39000000001275,"VIPER-03","VIPER-03",Friendly,Wingman,Active,Engage,MissionAI,"VIPER-01",2,0.85,0,"BANDIT-03",False,True,True
145.39000000001275,"BANDIT-01","BANDIT-01",Hostile,Patrol,Active,Engage,MissionAI,"",0,0.45,0,"VIPER-02",False,False,True
145.39000000001275,"BANDIT-02","BANDIT-02",Hostile,Patrol,Neutralized,Evade,MissionAI,"",0,0.45,0,"VIPER-03",False,True,True
145.39000000001275,"BANDIT-03","BANDIT-03",Hostile,Patrol,Active,Engage,MissionAI,"",0,0.45,0,"VIPER-02",False,True,True
145.39000000001275,"BANDIT-04","BANDIT-04",Hostile,Patrol,Neutralized,Evade,MissionAI,"",0,0.45,0,"VIPER-02",False,True,True
145.59000000001257,"VIPER-01","VIPER-01",Friendly,Player,Active,Engage,AutomationPilot,"",0,0.85,0,"BANDIT-03",False,True,True
145.59000000001257,"VIPER-02","VIPER-02",Friendly,Wingman,Active,Engage,MissionAI,"VIPER-01",1,0.85,0,"BANDIT-03",False,True,True
145.59000000001257,"VIPER-03","VIPER-03",Friendly,Wingman,Active,Engage,MissionAI,"VIPER-01",2,0.85,0,"BANDIT-03",False,True,True
145.59000000001257,"BANDIT-01","BANDIT-01",Hostile,Patrol,Active,Engage,MissionAI,"",0,0.45,0,"VIPER-02",False,False,True
145.59000000001257,"BANDIT-02","BANDIT-02",Hostile,Patrol,Neutralized,Evade,MissionAI,"",0,0.45,0,"VIPER-03",False,True,True
145.59000000001257,"BANDIT-03","BANDIT-03",Hostile,Patrol,Active,Engage,MissionAI,"",0,0.45,0,"VIPER-02",False,True,True
145.59000000001257,"BANDIT-04","BANDIT-04",Hostile,Patrol,Neutralized,Evade,MissionAI,"",0,0.45,0,"VIPER-02",False,True,True
145.79000000001238,"VIPER-01","VIPER-01",Friendly,Player,Active,Engage,AutomationPilot,"",0,0.85,0,"BANDIT-03",False,True,True
145.79000000001238,"VIPER-02","VIPER-02",Friendly,Wingman,Active,Engage,MissionAI,"VIPER-01",1,0.85,0,"BANDIT-03",False,True,True
145.79000000001238,"VIPER-03","VIPER-03",Friendly,Wingman,Active,Engage,MissionAI,"VIPER-01",2,0.85,0,"BANDIT-03",False,True,True
145.79000000001238,"BANDIT-01","BANDIT-01",Hostile,Patrol,Active,Engage,MissionAI,"",0,0.45,0,"VIPER-02",False,False,True
145.79000000001238,"BANDIT-02","BANDIT-02",Hostile,Patrol,Neutralized,Evade,MissionAI,"",0,0.45,0,"VIPER-03",False,True,True
145.79000000001238,"BANDIT-03","BANDIT-03",Hostile,Patrol,Active,Engage,MissionAI,"",0,0.45,0,"VIPER-02",False,True,True
145.79000000001238,"BANDIT-04","BANDIT-04",Hostile,Patrol,Neutralized,Evade,MissionAI,"",0,0.45,0,"VIPER-02",False,True,True
145.9900000000122,"VIPER-01","VIPER-01",Friendly,Player,Active,Engage,AutomationPilot,"",0,0.85,0,"BANDIT-03",False,True,True
145.9900000000122,"VIPER-02","VIPER-02",Friendly,Wingman,Active,Engage,MissionAI,"VIPER-01",1,0.85,0,"BANDIT-03",False,True,True
145.9900000000122,"VIPER-03","VIPER-03",Friendly,Wingman,Active,Engage,MissionAI,"VIPER-01",2,0.85,0,"BANDIT-03",False,True,True
145.9900000000122,"BANDIT-01","BANDIT-01",Hostile,Patrol,Active,Engage,MissionAI,"",0,0.45,0,"VIPER-02",False,False,True
145.9900000000122,"BANDIT-02","BANDIT-02",Hostile,Patrol,Neutralized,Evade,MissionAI,"",0,0.45,0,"VIPER-03",False,True,True
145.9900000000122,"BANDIT-03","BANDIT-03",Hostile,Patrol,Active,Evade,MissionAI,"",0,0.45,0,"VIPER-02",False,True,True
145.9900000000122,"BANDIT-04","BANDIT-04",Hostile,Patrol,Neutralized,Evade,MissionAI,"",0,0.45,0,"VIPER-02",False,True,True
146.19000000001202,"VIPER-01","VIPER-01",Friendly,Player,Active,Engage,AutomationPilot,"",0,0.85,0,"BANDIT-03",False,True,True
146.19000000001202,"VIPER-02","VIPER-02",Friendly,Wingman,Active,Engage,MissionAI,"VIPER-01",1,0.85,0,"BANDIT-03",False,True,True
146.19000000001202,"VIPER-03","VIPER-03",Friendly,Wingman,Active,Engage,MissionAI,"VIPER-01",2,0.85,0,"BANDIT-03",False,True,True
146.19000000001202,"BANDIT-01","BANDIT-01",Hostile,Patrol,Active,Engage,MissionAI,"",0,0.45,0,"VIPER-02",False,False,True
146.19000000001202,"BANDIT-02","BANDIT-02",Hostile,Patrol,Neutralized,Evade,MissionAI,"",0,0.45,0,"VIPER-03",False,True,True
146.19000000001202,"BANDIT-03","BANDIT-03",Hostile,Patrol,Active,Evade,MissionAI,"",0,0.45,0,"VIPER-02",False,True,True
146.19000000001202,"BANDIT-04","BANDIT-04",Hostile,Patrol,Neutralized,Evade,MissionAI,"",0,0.45,0,"VIPER-02",False,True,True
146.39000000001184,"VIPER-01","VIPER-01",Friendly,Player,Active,Engage,AutomationPilot,"",0,0.85,0,"BANDIT-03",False,True,True
146.39000000001184,"VIPER-02","VIPER-02",Friendly,Wingman,Active,Engage,MissionAI,"VIPER-01",1,0.85,0,"BANDIT-03",False,True,True
146.39000000001184,"VIPER-03","VIPER-03",Friendly,Wingman,Active,Engage,MissionAI,"VIPER-01",2,0.85,0,"BANDIT-03",False,True,True
146.39000000001184,"BANDIT-01","BANDIT-01",Hostile,Patrol,Active,Engage,MissionAI,"",0,0.45,0,"VIPER-02",False,False,True
146.39000000001184,"BANDIT-02","BANDIT-02",Hostile,Patrol,Neutralized,Evade,MissionAI,"",0,0.45,0,"VIPER-03",False,True,True
146.39000000001184,"BANDIT-03","BANDIT-03",Hostile,Patrol,Active,Evade,MissionAI,"",0,0.45,0,"VIPER-02",False,True,True
146.39000000001184,"BANDIT-04","BANDIT-04",Hostile,Patrol,Neutralized,Evade,MissionAI,"",0,0.45,0,"VIPER-02",False,True,True
146.59000000001166,"VIPER-01","VIPER-01",Friendly,Player,Active,Engage,AutomationPilot,"",0,0.85,0,"BANDIT-03",False,True,True
146.59000000001166,"VIPER-02","VIPER-02",Friendly,Wingman,Active,Engage,MissionAI,"VIPER-01",1,0.85,0,"BANDIT-03",False,True,True
146.59000000001166,"VIPER-03","VIPER-03",Friendly,Wingman,Active,Engage,MissionAI,"VIPER-01",2,0.85,0,"BANDIT-03",False,True,True
146.59000000001166,"BANDIT-01","BANDIT-01",Hostile,Patrol,Active,Engage,MissionAI,"",0,0.45,0,"VIPER-02",False,False,True
146.59000000001166,"BANDIT-02","BANDIT-02",Hostile,Patrol,Neutralized,Evade,MissionAI,"",0,0.45,0,"VIPER-03",False,True,True
146.59000000001166,"BANDIT-03","BANDIT-03",Hostile,Patrol,Active,Evade,MissionAI,"",0,0.45,0,"VIPER-02",False,True,True
146.59000000001166,"BANDIT-04","BANDIT-04",Hostile,Patrol,Neutralized,Evade,MissionAI,"",0,0.45,0,"VIPER-02",False,True,True
146.79000000001147,"VIPER-01","VIPER-01",Friendly,Player,Active,Engage,AutomationPilot,"",0,0.85,0,"BANDIT-03",False,True,True
146.79000000001147,"VIPER-02","VIPER-02",Friendly,Wingman,Active,Engage,MissionAI,"VIPER-01",1,0.85,0,"BANDIT-03",False,True,True
146.79000000001147,"VIPER-03","VIPER-03",Friendly,Wingman,Active,Engage,MissionAI,"VIPER-01",2,0.85,0,"BANDIT-03",False,True,True
146.79000000001147,"BANDIT-01","BANDIT-01",Hostile,Patrol,Active,Engage,MissionAI,"",0,0.45,0,"VIPER-02",False,False,True
146.79000000001147,"BANDIT-02","BANDIT-02",Hostile,Patrol,Neutralized,Evade,MissionAI,"",0,0.45,0,"VIPER-03",False,True,True
146.79000000001147,"BANDIT-03","BANDIT-03",Hostile,Patrol,Active,Evade,MissionAI,"",0,0.45,0,"VIPER-02",False,True,True
146.79000000001147,"BANDIT-04","BANDIT-04",Hostile,Patrol,Neutralized,Evade,MissionAI,"",0,0.45,0,"VIPER-02",False,True,True
146.99000000001129,"VIPER-01","VIPER-01",Friendly,Player,Active,Engage,AutomationPilot,"",0,0.85,0,"BANDIT-03",False,True,True
146.99000000001129,"VIPER-02","VIPER-02",Friendly,Wingman,Active,Engage,MissionAI,"VIPER-01",1,0.85,0,"BANDIT-03",False,True,True
146.99000000001129,"VIPER-03","VIPER-03",Friendly,Wingman,Active,Engage,MissionAI,"VIPER-01",2,0.85,0,"BANDIT-03",False,True,True
146.99000000001129,"BANDIT-01","BANDIT-01",Hostile,Patrol,Active,Engage,MissionAI,"",0,0.45,0,"VIPER-02",False,False,True
146.99000000001129,"BANDIT-02","BANDIT-02",Hostile,Patrol,Neutralized,Evade,MissionAI,"",0,0.45,0,"VIPER-03",False,True,True
146.99000000001129,"BANDIT-03","BANDIT-03",Hostile,Patrol,Active,Evade,MissionAI,"",0,0.45,0,"VIPER-02",False,True,True
146.99000000001129,"BANDIT-04","BANDIT-04",Hostile,Patrol,Neutralized,Evade,MissionAI,"",0,0.45,0,"VIPER-02",False,True,True
147.19000000001111,"VIPER-01","VIPER-01",Friendly,Player,Active,Engage,AutomationPilot,"",0,0.85,0,"BANDIT-03",False,True,True
147.19000000001111,"VIPER-02","VIPER-02",Friendly,Wingman,Active,Engage,MissionAI,"VIPER-01",1,0.85,0,"BANDIT-03",False,True,True
147.19000000001111,"VIPER-03","VIPER-03",Friendly,Wingman,Active,Engage,MissionAI,"VIPER-01",2,0.85,0,"BANDIT-03",False,True,True
147.19000000001111,"BANDIT-01","BANDIT-01",Hostile,Patrol,Active,Engage,MissionAI,"",0,0.45,0,"VIPER-02",False,False,True
147.19000000001111,"BANDIT-02","BANDIT-02",Hostile,Patrol,Neutralized,Evade,MissionAI,"",0,0.45,0,"VIPER-03",False,True,True
147.19000000001111,"BANDIT-03","BANDIT-03",Hostile,Patrol,Active,Evade,MissionAI,"",0,0.45,0,"VIPER-02",False,True,True
147.19000000001111,"BANDIT-04","BANDIT-04",Hostile,Patrol,Neutralized,Evade,MissionAI,"",0,0.45,0,"VIPER-02",False,True,True
147.39000000001093,"VIPER-01","VIPER-01",Friendly,Player,Active,Engage,AutomationPilot,"",0,0.85,0,"BANDIT-03",False,True,True
147.39000000001093,"VIPER-02","VIPER-02",Friendly,Wingman,Active,Engage,MissionAI,"VIPER-01",1,0.85,0,"BANDIT-03",False,True,True
147.39000000001093,"VIPER-03","VIPER-03",Friendly,Wingman,Active,Engage,MissionAI,"VIPER-01",2,0.85,0,"BANDIT-03",False,True,True
147.39000000001093,"BANDIT-01","BANDIT-01",Hostile,Patrol,Active,Engage,MissionAI,"",0,0.45,0,"VIPER-02",False,False,True
147.39000000001093,"BANDIT-02","BANDIT-02",Hostile,Patrol,Neutralized,Evade,MissionAI,"",0,0.45,0,"VIPER-03",False,True,True
147.39000000001093,"BANDIT-03","BANDIT-03",Hostile,Patrol,Active,Evade,MissionAI,"",0,0.45,0,"VIPER-02",False,True,True
147.39000000001093,"BANDIT-04","BANDIT-04",Hostile,Patrol,Neutralized,Evade,MissionAI,"",0,0.45,0,"VIPER-02",False,True,True
147.59000000001075,"VIPER-01","VIPER-01",Friendly,Player,Active,Engage,AutomationPilot,"",0,0.85,0,"BANDIT-03",False,True,True
147.59000000001075,"VIPER-02","VIPER-02",Friendly,Wingman,Active,Engage,MissionAI,"VIPER-01",1,0.85,0,"BANDIT-03",False,True,True
147.59000000001075,"VIPER-03","VIPER-03",Friendly,Wingman,Active,Engage,MissionAI,"VIPER-01",2,0.85,0,"BANDIT-03",False,True,True
147.59000000001075,"BANDIT-01","BANDIT-01",Hostile,Patrol,Active,Engage,MissionAI,"",0,0.45,0,"VIPER-02",False,False,True
147.59000000001075,"BANDIT-02","BANDIT-02",Hostile,Patrol,Neutralized,Evade,MissionAI,"",0,0.45,0,"VIPER-03",False,True,True
147.59000000001075,"BANDIT-03","BANDIT-03",Hostile,Patrol,Active,Evade,MissionAI,"",0,0.45,0,"VIPER-02",False,True,True
147.59000000001075,"BANDIT-04","BANDIT-04",Hostile,Patrol,Neutralized,Evade,MissionAI,"",0,0.45,0,"VIPER-02",False,True,True
147.79000000001056,"VIPER-01","VIPER-01",Friendly,Player,Active,Engage,AutomationPilot,"",0,0.85,0,"BANDIT-03",False,True,True
147.79000000001056,"VIPER-02","VIPER-02",Friendly,Wingman,Active,Engage,MissionAI,"VIPER-01",1,0.85,0,"BANDIT-03",False,True,True
147.79000000001056,"VIPER-03","VIPER-03",Friendly,Wingman,Active,Engage,MissionAI,"VIPER-01",2,0.85,0,"BANDIT-03",False,True,True
147.79000000001056,"BANDIT-01","BANDIT-01",Hostile,Patrol,Active,Engage,MissionAI,"",0,0.45,0,"VIPER-02",False,False,True
147.79000000001056,"BANDIT-02","BANDIT-02",Hostile,Patrol,Neutralized,Evade,MissionAI,"",0,0.45,0,"VIPER-03",False,True,True
147.79000000001056,"BANDIT-03","BANDIT-03",Hostile,Patrol,Active,Evade,MissionAI,"",0,0.45,0,"VIPER-02",False,True,True
147.79000000001056,"BANDIT-04","BANDIT-04",Hostile,Patrol,Neutralized,Evade,MissionAI,"",0,0.45,0,"VIPER-02",False,True,True
147.99000000001038,"VIPER-01","VIPER-01",Friendly,Player,Active,Engage,AutomationPilot,"",0,0.85,0,"BANDIT-03",False,True,True
147.99000000001038,"VIPER-02","VIPER-02",Friendly,Wingman,Active,Engage,MissionAI,"VIPER-01",1,0.85,0,"BANDIT-03",False,True,True
147.99000000001038,"VIPER-03","VIPER-03",Friendly,Wingman,Active,Engage,MissionAI,"VIPER-01",2,0.85,0,"BANDIT-03",False,True,True
147.99000000001038,"BANDIT-01","BANDIT-01",Hostile,Patrol,Active,Engage,MissionAI,"",0,0.45,0,"VIPER-02",False,False,True
147.99000000001038,"BANDIT-02","BANDIT-02",Hostile,Patrol,Neutralized,Evade,MissionAI,"",0,0.45,0,"VIPER-03",False,True,True
147.99000000001038,"BANDIT-03","BANDIT-03",Hostile,Patrol,Active,Evade,MissionAI,"",0,0.45,0,"VIPER-02",False,True,True
147.99000000001038,"BANDIT-04","BANDIT-04",Hostile,Patrol,Neutralized,Evade,MissionAI,"",0,0.45,0,"VIPER-02",False,True,True
148.1900000000102,"VIPER-01","VIPER-01",Friendly,Player,Active,Engage,AutomationPilot,"",0,0.85,0,"BANDIT-03",False,True,True
148.1900000000102,"VIPER-02","VIPER-02",Friendly,Wingman,Active,Engage,MissionAI,"VIPER-01",1,0.85,0,"BANDIT-03",False,True,True
148.1900000000102,"VIPER-03","VIPER-03",Friendly,Wingman,Active,Engage,MissionAI,"VIPER-01",2,0.85,0,"BANDIT-03",False,True,True
148.1900000000102,"BANDIT-01","BANDIT-01",Hostile,Patrol,Active,Engage,MissionAI,"",0,0.45,0,"VIPER-02",False,False,True
148.1900000000102,"BANDIT-02","BANDIT-02",Hostile,Patrol,Neutralized,Evade,MissionAI,"",0,0.45,0,"VIPER-03",False,True,True
148.1900000000102,"BANDIT-03","BANDIT-03",Hostile,Patrol,Active,Evade,MissionAI,"",0,0.45,0,"VIPER-02",False,True,True
148.1900000000102,"BANDIT-04","BANDIT-04",Hostile,Patrol,Neutralized,Evade,MissionAI,"",0,0.45,0,"VIPER-02",False,True,True
148.39000000001002,"VIPER-01","VIPER-01",Friendly,Player,Active,Engage,AutomationPilot,"",0,0.85,0,"BANDIT-03",False,True,True
148.39000000001002,"VIPER-02","VIPER-02",Friendly,Wingman,Active,Engage,MissionAI,"VIPER-01",1,0.85,0,"BANDIT-03",False,True,True
148.39000000001002,"VIPER-03","VIPER-03",Friendly,Wingman,Active,Engage,MissionAI,"VIPER-01",2,0.85,0,"BANDIT-03",False,True,True
148.39000000001002,"BANDIT-01","BANDIT-01",Hostile,Patrol,Active,Engage,MissionAI,"",0,0.45,0,"VIPER-02",False,False,True
148.39000000001002,"BANDIT-02","BANDIT-02",Hostile,Patrol,Neutralized,Evade,MissionAI,"",0,0.45,0,"VIPER-03",False,True,True
148.39000000001002,"BANDIT-03","BANDIT-03",Hostile,Patrol,Active,Evade,MissionAI,"",0,0.45,0,"VIPER-02",False,True,True
148.39000000001002,"BANDIT-04","BANDIT-04",Hostile,Patrol,Neutralized,Evade,MissionAI,"",0,0.45,0,"VIPER-02",False,True,True
148.59000000000984,"VIPER-01","VIPER-01",Friendly,Player,Active,Engage,AutomationPilot,"",0,0.85,0,"BANDIT-03",False,True,True
148.59000000000984,"VIPER-02","VIPER-02",Friendly,Wingman,Active,Engage,MissionAI,"VIPER-01",1,0.85,0,"BANDIT-03",False,True,True
148.59000000000984,"VIPER-03","VIPER-03",Friendly,Wingman,Active,Engage,MissionAI,"VIPER-01",2,0.85,0,"BANDIT-03",False,True,True
148.59000000000984,"BANDIT-01","BANDIT-01",Hostile,Patrol,Active,Engage,MissionAI,"",0,0.45,0,"VIPER-02",False,False,True
148.59000000000984,"BANDIT-02","BANDIT-02",Hostile,Patrol,Neutralized,Evade,MissionAI,"",0,0.45,0,"VIPER-03",False,True,True
148.59000000000984,"BANDIT-03","BANDIT-03",Hostile,Patrol,Active,Evade,MissionAI,"",0,0.45,0,"VIPER-02",False,True,True
148.59000000000984,"BANDIT-04","BANDIT-04",Hostile,Patrol,Neutralized,Evade,MissionAI,"",0,0.45,0,"VIPER-02",False,True,True
148.79000000000966,"VIPER-01","VIPER-01",Friendly,Player,Active,Engage,AutomationPilot,"",0,0.85,0,"BANDIT-03",False,True,True
148.79000000000966,"VIPER-02","VIPER-02",Friendly,Wingman,Active,Engage,MissionAI,"VIPER-01",1,0.85,0,"BANDIT-03",False,True,True
148.79000000000966,"VIPER-03","VIPER-03",Friendly,Wingman,Active,Engage,MissionAI,"VIPER-01",2,0.85,0,"BANDIT-03",False,True,True
148.79000000000966,"BANDIT-01","BANDIT-01",Hostile,Patrol,Active,Engage,MissionAI,"",0,0.45,0,"VIPER-02",False,False,True
148.79000000000966,"BANDIT-02","BANDIT-02",Hostile,Patrol,Neutralized,Evade,MissionAI,"",0,0.45,0,"VIPER-03",False,True,True
148.79000000000966,"BANDIT-03","BANDIT-03",Hostile,Patrol,Active,Evade,MissionAI,"",0,0.45,0,"VIPER-02",False,True,True
148.79000000000966,"BANDIT-04","BANDIT-04",Hostile,Patrol,Neutralized,Evade,MissionAI,"",0,0.45,0,"VIPER-02",False,True,True
148.99000000000947,"VIPER-01","VIPER-01",Friendly,Player,Active,Engage,AutomationPilot,"",0,0.85,0,"BANDIT-03",False,True,True
148.99000000000947,"VIPER-02","VIPER-02",Friendly,Wingman,Active,Engage,MissionAI,"VIPER-01",1,0.85,0,"BANDIT-03",False,True,True
148.99000000000947,"VIPER-03","VIPER-03",Friendly,Wingman,Active,Engage,MissionAI,"VIPER-01",2,0.85,0,"BANDIT-03",False,True,True
148.99000000000947,"BANDIT-01","BANDIT-01",Hostile,Patrol,Active,Engage,MissionAI,"",0,0.45,0,"VIPER-02",False,False,True
148.99000000000947,"BANDIT-02","BANDIT-02",Hostile,Patrol,Neutralized,Evade,MissionAI,"",0,0.45,0,"VIPER-03",False,True,True
148.99000000000947,"BANDIT-03","BANDIT-03",Hostile,Patrol,Active,Evade,MissionAI,"",0,0.45,0,"VIPER-02",False,True,True
148.99000000000947,"BANDIT-04","BANDIT-04",Hostile,Patrol,Neutralized,Evade,MissionAI,"",0,0.45,0,"VIPER-02",False,True,True
149.19000000000929,"VIPER-01","VIPER-01",Friendly,Player,Active,Engage,AutomationPilot,"",0,0.85,0,"BANDIT-03",False,True,True
149.19000000000929,"VIPER-02","VIPER-02",Friendly,Wingman,Active,Engage,MissionAI,"VIPER-01",1,0.85,0,"BANDIT-03",False,True,True
149.19000000000929,"VIPER-03","VIPER-03",Friendly,Wingman,Active,Engage,MissionAI,"VIPER-01",2,0.85,0,"BANDIT-03",False,True,True
149.19000000000929,"BANDIT-01","BANDIT-01",Hostile,Patrol,Active,Engage,MissionAI,"",0,0.45,0,"VIPER-02",False,False,True
149.19000000000929,"BANDIT-02","BANDIT-02",Hostile,Patrol,Neutralized,Evade,MissionAI,"",0,0.45,0,"VIPER-03",False,True,True
149.19000000000929,"BANDIT-03","BANDIT-03",Hostile,Patrol,Active,Evade,MissionAI,"",0,0.45,0,"VIPER-02",False,True,True
149.19000000000929,"BANDIT-04","BANDIT-04",Hostile,Patrol,Neutralized,Evade,MissionAI,"",0,0.45,0,"VIPER-02",False,True,True
149.39000000000911,"VIPER-01","VIPER-01",Friendly,Player,Active,Engage,AutomationPilot,"",0,0.85,0,"BANDIT-03",False,True,True
149.39000000000911,"VIPER-02","VIPER-02",Friendly,Wingman,Active,Engage,MissionAI,"VIPER-01",1,0.85,0,"BANDIT-03",False,True,True
149.39000000000911,"VIPER-03","VIPER-03",Friendly,Wingman,Active,Engage,MissionAI,"VIPER-01",2,0.85,0,"BANDIT-03",False,True,True
149.39000000000911,"BANDIT-01","BANDIT-01",Hostile,Patrol,Active,Engage,MissionAI,"",0,0.45,0,"VIPER-02",False,False,True
149.39000000000911,"BANDIT-02","BANDIT-02",Hostile,Patrol,Neutralized,Evade,MissionAI,"",0,0.45,0,"VIPER-03",False,True,True
149.39000000000911,"BANDIT-03","BANDIT-03",Hostile,Patrol,Active,Evade,MissionAI,"",0,0.45,0,"VIPER-02",False,True,True
149.39000000000911,"BANDIT-04","BANDIT-04",Hostile,Patrol,Neutralized,Evade,MissionAI,"",0,0.45,0,"VIPER-02",False,True,True
149.59000000000893,"VIPER-01","VIPER-01",Friendly,Player,Active,Engage,AutomationPilot,"",0,0.85,0,"BANDIT-03",False,True,True
149.59000000000893,"VIPER-02","VIPER-02",Friendly,Wingman,Active,Engage,MissionAI,"VIPER-01",1,0.85,0,"BANDIT-03",False,True,True
149.59000000000893,"VIPER-03","VIPER-03",Friendly,Wingman,Active,Engage,MissionAI,"VIPER-01",2,0.85,0,"BANDIT-03",False,True,True
149.59000000000893,"BANDIT-01","BANDIT-01",Hostile,Patrol,Active,Engage,MissionAI,"",0,0.45,0,"VIPER-02",False,False,True
149.59000000000893,"BANDIT-02","BANDIT-02",Hostile,Patrol,Neutralized,Evade,MissionAI,"",0,0.45,0,"VIPER-03",False,True,True
149.59000000000893,"BANDIT-03","BANDIT-03",Hostile,Patrol,Active,Evade,MissionAI,"",0,0.45,0,"VIPER-02",False,True,True
149.59000000000893,"BANDIT-04","BANDIT-04",Hostile,Patrol,Neutralized,Evade,MissionAI,"",0,0.45,0,"VIPER-02",False,True,True
149.79000000000875,"VIPER-01","VIPER-01",Friendly,Player,Active,Engage,AutomationPilot,"",0,0.85,0,"BANDIT-03",False,True,True
149.79000000000875,"VIPER-02","VIPER-02",Friendly,Wingman,Active,Engage,MissionAI,"VIPER-01",1,0.85,0,"BANDIT-03",False,True,True
149.79000000000875,"VIPER-03","VIPER-03",Friendly,Wingman,Active,Engage,MissionAI,"VIPER-01",2,0.85,0,"BANDIT-03",False,True,True
149.79000000000875,"BANDIT-01","BANDIT-01",Hostile,Patrol,Active,Engage,MissionAI,"",0,0.45,0,"VIPER-02",False,False,True
149.79000000000875,"BANDIT-02","BANDIT-02",Hostile,Patrol,Neutralized,Evade,MissionAI,"",0,0.45,0,"VIPER-03",False,True,True
149.79000000000875,"BANDIT-03","BANDIT-03",Hostile,Patrol,Active,Evade,MissionAI,"",0,0.45,0,"VIPER-02",False,True,True
149.79000000000875,"BANDIT-04","BANDIT-04",Hostile,Patrol,Neutralized,Evade,MissionAI,"",0,0.45,0,"VIPER-02",False,True,True
149.99000000000856,"VIPER-01","VIPER-01",Friendly,Player,Active,Engage,AutomationPilot,"",0,0.85,0,"BANDIT-03",False,True,True
149.99000000000856,"VIPER-02","VIPER-02",Friendly,Wingman,Active,Engage,MissionAI,"VIPER-01",1,0.85,0,"BANDIT-03",False,True,True
149.99000000000856,"VIPER-03","VIPER-03",Friendly,Wingman,Active,Engage,MissionAI,"VIPER-01",2,0.85,0,"BANDIT-03",False,True,True
149.99000000000856,"BANDIT-01","BANDIT-01",Hostile,Patrol,Active,Engage,MissionAI,"",0,0.45,0,"VIPER-02",False,False,True
149.99000000000856,"BANDIT-02","BANDIT-02",Hostile,Patrol,Neutralized,Evade,MissionAI,"",0,0.45,0,"VIPER-03",False,True,True
149.99000000000856,"BANDIT-03","BANDIT-03",Hostile,Patrol,Active,Evade,MissionAI,"",0,0.45,0,"VIPER-02",False,True,True
149.99000000000856,"BANDIT-04","BANDIT-04",Hostile,Patrol,Neutralized,Evade,MissionAI,"",0,0.45,0,"VIPER-02",False,True,True
150.19000000000838,"VIPER-01","VIPER-01",Friendly,Player,Active,Engage,AutomationPilot,"",0,0.85,0,"BANDIT-03",False,True,True
150.19000000000838,"VIPER-02","VIPER-02",Friendly,Wingman,Active,Engage,MissionAI,"VIPER-01",1,0.85,0,"BANDIT-03",False,True,True
150.19000000000838,"VIPER-03","VIPER-03",Friendly,Wingman,Active,Engage,MissionAI,"VIPER-01",2,0.85,0,"BANDIT-03",False,True,True
150.19000000000838,"BANDIT-01","BANDIT-01",Hostile,Patrol,Active,Engage,MissionAI,"",0,0.45,0,"VIPER-02",False,False,True
150.19000000000838,"BANDIT-02","BANDIT-02",Hostile,Patrol,Neutralized,Evade,MissionAI,"",0,0.45,0,"VIPER-03",False,True,True
150.19000000000838,"BANDIT-03","BANDIT-03",Hostile,Patrol,Active,Evade,MissionAI,"",0,0.45,0,"VIPER-02",False,True,True
150.19000000000838,"BANDIT-04","BANDIT-04",Hostile,Patrol,Neutralized,Evade,MissionAI,"",0,0.45,0,"VIPER-02",False,True,True
150.3900000000082,"VIPER-01","VIPER-01",Friendly,Player,Active,Engage,AutomationPilot,"",0,0.85,0,"BANDIT-03",False,True,True
150.3900000000082,"VIPER-02","VIPER-02",Friendly,Wingman,Active,Engage,MissionAI,"VIPER-01",1,0.85,0,"BANDIT-03",False,True,True
150.3900000000082,"VIPER-03","VIPER-03",Friendly,Wingman,Active,Engage,MissionAI,"VIPER-01",2,0.85,0,"BANDIT-03",False,True,True
150.3900000000082,"BANDIT-01","BANDIT-01",Hostile,Patrol,Active,Engage,MissionAI,"",0,0.45,0,"VIPER-02",False,False,True
150.3900000000082,"BANDIT-02","BANDIT-02",Hostile,Patrol,Neutralized,Evade,MissionAI,"",0,0.45,0,"VIPER-03",False,True,True
150.3900000000082,"BANDIT-03","BANDIT-03",Hostile,Patrol,Active,Evade,MissionAI,"",0,0.45,0,"VIPER-02",False,True,True
150.3900000000082,"BANDIT-04","BANDIT-04",Hostile,Patrol,Neutralized,Evade,MissionAI,"",0,0.45,0,"VIPER-02",False,True,True
150.59000000000802,"VIPER-01","VIPER-01",Friendly,Player,Active,Engage,AutomationPilot,"",0,0.85,0,"BANDIT-03",False,True,True
150.59000000000802,"VIPER-02","VIPER-02",Friendly,Wingman,Active,Engage,MissionAI,"VIPER-01",1,0.85,0,"BANDIT-03",False,True,True
150.59000000000802,"VIPER-03","VIPER-03",Friendly,Wingman,Active,Engage,MissionAI,"VIPER-01",2,0.85,0,"BANDIT-03",False,True,True
150.59000000000802,"BANDIT-01","BANDIT-01",Hostile,Patrol,Active,Engage,MissionAI,"",0,0.45,0,"VIPER-02",False,False,True
150.59000000000802,"BANDIT-02","BANDIT-02",Hostile,Patrol,Neutralized,Evade,MissionAI,"",0,0.45,0,"VIPER-03",False,True,True
150.59000000000802,"BANDIT-03","BANDIT-03",Hostile,Patrol,Active,Evade,MissionAI,"",0,0.45,0,"VIPER-02",False,True,True
150.59000000000802,"BANDIT-04","BANDIT-04",Hostile,Patrol,Neutralized,Evade,MissionAI,"",0,0.45,0,"VIPER-02",False,True,True
150.79000000000784,"VIPER-01","VIPER-01",Friendly,Player,Active,Engage,AutomationPilot,"",0,0.85,0,"BANDIT-03",False,True,True
150.79000000000784,"VIPER-02","VIPER-02",Friendly,Wingman,Active,Engage,MissionAI,"VIPER-01",1,0.85,0,"BANDIT-03",False,True,True
150.79000000000784,"VIPER-03","VIPER-03",Friendly,Wingman,Active,Engage,MissionAI,"VIPER-01",2,0.85,0,"BANDIT-03",False,True,True
150.79000000000784,"BANDIT-01","BANDIT-01",Hostile,Patrol,Active,Engage,MissionAI,"",0,0.45,0,"VIPER-02",False,False,True
150.79000000000784,"BANDIT-02","BANDIT-02",Hostile,Patrol,Neutralized,Evade,MissionAI,"",0,0.45,0,"VIPER-03",False,True,True
150.79000000000784,"BANDIT-03","BANDIT-03",Hostile,Patrol,Active,Evade,MissionAI,"",0,0.45,0,"VIPER-02",False,True,True
150.79000000000784,"BANDIT-04","BANDIT-04",Hostile,Patrol,Neutralized,Evade,MissionAI,"",0,0.45,0,"VIPER-02",False,True,True
150.99000000000765,"VIPER-01","VIPER-01",Friendly,Player,Active,Engage,AutomationPilot,"",0,0.85,0,"BANDIT-03",False,True,True
150.99000000000765,"VIPER-02","VIPER-02",Friendly,Wingman,Active,Engage,MissionAI,"VIPER-01",1,0.85,0,"BANDIT-03",False,True,True
150.99000000000765,"VIPER-03","VIPER-03",Friendly,Wingman,Active,Engage,MissionAI,"VIPER-01",2,0.85,0,"BANDIT-03",False,True,True
150.99000000000765,"BANDIT-01","BANDIT-01",Hostile,Patrol,Active,Engage,MissionAI,"",0,0.45,0,"VIPER-02",False,False,True
150.99000000000765,"BANDIT-02","BANDIT-02",Hostile,Patrol,Neutralized,Evade,MissionAI,"",0,0.45,0,"VIPER-03",False,True,True
150.99000000000765,"BANDIT-03","BANDIT-03",Hostile,Patrol,Active,Evade,MissionAI,"",0,0.45,0,"VIPER-02",False,True,True
150.99000000000765,"BANDIT-04","BANDIT-04",Hostile,Patrol,Neutralized,Evade,MissionAI,"",0,0.45,0,"VIPER-02",False,True,True
151.19000000000747,"VIPER-01","VIPER-01",Friendly,Player,Active,Engage,AutomationPilot,"",0,0.85,0,"BANDIT-03",False,True,True
151.19000000000747,"VIPER-02","VIPER-02",Friendly,Wingman,Active,Engage,MissionAI,"VIPER-01",1,0.85,0,"BANDIT-03",False,True,True
151.19000000000747,"VIPER-03","VIPER-03",Friendly,Wingman,Active,Engage,MissionAI,"VIPER-01",2,0.85,0,"BANDIT-03",False,True,True
151.19000000000747,"BANDIT-01","BANDIT-01",Hostile,Patrol,Active,Engage,MissionAI,"",0,0.45,0,"VIPER-02",False,False,True
151.19000000000747,"BANDIT-02","BANDIT-02",Hostile,Patrol,Neutralized,Evade,MissionAI,"",0,0.45,0,"VIPER-03",False,True,True
151.19000000000747,"BANDIT-03","BANDIT-03",Hostile,Patrol,Active,Evade,MissionAI,"",0,0.45,0,"VIPER-02",False,True,True
151.19000000000747,"BANDIT-04","BANDIT-04",Hostile,Patrol,Neutralized,Evade,MissionAI,"",0,0.45,0,"VIPER-02",False,True,True
151.39000000000729,"VIPER-01","VIPER-01",Friendly,Player,Active,Engage,AutomationPilot,"",0,0.85,0,"BANDIT-03",False,True,True
151.39000000000729,"VIPER-02","VIPER-02",Friendly,Wingman,Active,Engage,MissionAI,"VIPER-01",1,0.85,0,"BANDIT-03",False,True,True
151.39000000000729,"VIPER-03","VIPER-03",Friendly,Wingman,Active,Engage,MissionAI,"VIPER-01",2,0.85,0,"BANDIT-03",False,True,True
151.39000000000729,"BANDIT-01","BANDIT-01",Hostile,Patrol,Active,Engage,MissionAI,"",0,0.45,0,"VIPER-02",False,False,True
151.39000000000729,"BANDIT-02","BANDIT-02",Hostile,Patrol,Neutralized,Evade,MissionAI,"",0,0.45,0,"VIPER-03",False,True,True
151.39000000000729,"BANDIT-03","BANDIT-03",Hostile,Patrol,Active,Evade,MissionAI,"",0,0.45,0,"VIPER-02",False,True,True
151.39000000000729,"BANDIT-04","BANDIT-04",Hostile,Patrol,Neutralized,Evade,MissionAI,"",0,0.45,0,"VIPER-02",False,True,True
151.59000000000711,"VIPER-01","VIPER-01",Friendly,Player,Active,Engage,AutomationPilot,"",0,0.85,0,"BANDIT-03",False,True,True
151.59000000000711,"VIPER-02","VIPER-02",Friendly,Wingman,Active,Engage,MissionAI,"VIPER-01",1,0.85,0,"BANDIT-03",False,True,True
151.59000000000711,"VIPER-03","VIPER-03",Friendly,Wingman,Active,Engage,MissionAI,"VIPER-01",2,0.85,0,"BANDIT-03",False,True,True
151.59000000000711,"BANDIT-01","BANDIT-01",Hostile,Patrol,Active,Engage,MissionAI,"",0,0.45,0,"VIPER-02",False,False,True
151.59000000000711,"BANDIT-02","BANDIT-02",Hostile,Patrol,Neutralized,Evade,MissionAI,"",0,0.45,0,"VIPER-03",False,True,True
151.59000000000711,"BANDIT-03","BANDIT-03",Hostile,Patrol,Active,Evade,MissionAI,"",0,0.45,0,"VIPER-02",False,True,True
151.59000000000711,"BANDIT-04","BANDIT-04",Hostile,Patrol,Neutralized,Evade,MissionAI,"",0,0.45,0,"VIPER-02",False,True,True
151.79000000000693,"VIPER-01","VIPER-01",Friendly,Player,Active,Engage,AutomationPilot,"",0,0.85,0,"BANDIT-03",False,True,True
151.79000000000693,"VIPER-02","VIPER-02",Friendly,Wingman,Active,Engage,MissionAI,"VIPER-01",1,0.85,0,"BANDIT-03",False,True,True
151.79000000000693,"VIPER-03","VIPER-03",Friendly,Wingman,Active,Engage,MissionAI,"VIPER-01",2,0.85,0,"BANDIT-03",False,True,True
151.79000000000693,"BANDIT-01","BANDIT-01",Hostile,Patrol,Active,Engage,MissionAI,"",0,0.45,0,"VIPER-02",False,False,True
151.79000000000693,"BANDIT-02","BANDIT-02",Hostile,Patrol,Neutralized,Evade,MissionAI,"",0,0.45,0,"VIPER-03",False,True,True
151.79000000000693,"BANDIT-03","BANDIT-03",Hostile,Patrol,Active,Evade,MissionAI,"",0,0.45,0,"VIPER-02",False,True,True
151.79000000000693,"BANDIT-04","BANDIT-04",Hostile,Patrol,Neutralized,Evade,MissionAI,"",0,0.45,0,"VIPER-02",False,True,True
151.99000000000675,"VIPER-01","VIPER-01",Friendly,Player,Active,Engage,AutomationPilot,"",0,0.85,0,"BANDIT-03",False,True,True
151.99000000000675,"VIPER-02","VIPER-02",Friendly,Wingman,Active,Engage,MissionAI,"VIPER-01",1,0.85,0,"BANDIT-03",False,True,True
151.99000000000675,"VIPER-03","VIPER-03",Friendly,Wingman,Active,Engage,MissionAI,"VIPER-01",2,0.85,0,"BANDIT-03",False,True,True
151.99000000000675,"BANDIT-01","BANDIT-01",Hostile,Patrol,Active,Engage,MissionAI,"",0,0.45,0,"VIPER-02",False,False,True
151.99000000000675,"BANDIT-02","BANDIT-02",Hostile,Patrol,Neutralized,Evade,MissionAI,"",0,0.45,0,"VIPER-03",False,True,True
151.99000000000675,"BANDIT-03","BANDIT-03",Hostile,Patrol,Active,Evade,MissionAI,"",0,0.45,0,"VIPER-02",False,True,True
151.99000000000675,"BANDIT-04","BANDIT-04",Hostile,Patrol,Neutralized,Evade,MissionAI,"",0,0.45,0,"VIPER-02",False,True,True
152.19000000000656,"VIPER-01","VIPER-01",Friendly,Player,Active,Engage,AutomationPilot,"",0,0.85,0,"BANDIT-03",False,True,True
152.19000000000656,"VIPER-02","VIPER-02",Friendly,Wingman,Active,Engage,MissionAI,"VIPER-01",1,0.85,0,"BANDIT-03",False,True,True
152.19000000000656,"VIPER-03","VIPER-03",Friendly,Wingman,Active,Engage,MissionAI,"VIPER-01",2,0.85,0,"BANDIT-03",False,True,True
152.19000000000656,"BANDIT-01","BANDIT-01",Hostile,Patrol,Active,Engage,MissionAI,"",0,0.45,0,"VIPER-02",False,False,True
152.19000000000656,"BANDIT-02","BANDIT-02",Hostile,Patrol,Neutralized,Evade,MissionAI,"",0,0.45,0,"VIPER-03",False,True,True
152.19000000000656,"BANDIT-03","BANDIT-03",Hostile,Patrol,Active,Evade,MissionAI,"",0,0.45,0,"VIPER-02",False,True,True
152.19000000000656,"BANDIT-04","BANDIT-04",Hostile,Patrol,Neutralized,Evade,MissionAI,"",0,0.45,0,"VIPER-02",False,True,True
152.39000000000638,"VIPER-01","VIPER-01",Friendly,Player,Active,Engage,AutomationPilot,"",0,0.85,0,"BANDIT-03",False,True,True
152.39000000000638,"VIPER-02","VIPER-02",Friendly,Wingman,Active,Engage,MissionAI,"VIPER-01",1,0.85,0,"BANDIT-03",False,True,True
152.39000000000638,"VIPER-03","VIPER-03",Friendly,Wingman,Active,Engage,MissionAI,"VIPER-01",2,0.85,0,"BANDIT-03",False,True,True
152.39000000000638,"BANDIT-01","BANDIT-01",Hostile,Patrol,Active,Engage,MissionAI,"",0,0.45,0,"VIPER-02",False,False,True
152.39000000000638,"BANDIT-02","BANDIT-02",Hostile,Patrol,Neutralized,Evade,MissionAI,"",0,0.45,0,"VIPER-03",False,True,True
152.39000000000638,"BANDIT-03","BANDIT-03",Hostile,Patrol,Active,Evade,MissionAI,"",0,0.45,0,"VIPER-02",False,True,True
152.39000000000638,"BANDIT-04","BANDIT-04",Hostile,Patrol,Neutralized,Evade,MissionAI,"",0,0.45,0,"VIPER-02",False,True,True
152.5900000000062,"VIPER-01","VIPER-01",Friendly,Player,Active,Engage,AutomationPilot,"",0,0.85,0,"BANDIT-03",False,True,True
152.5900000000062,"VIPER-02","VIPER-02",Friendly,Wingman,Active,Engage,MissionAI,"VIPER-01",1,0.85,0,"BANDIT-03",False,True,True
152.5900000000062,"VIPER-03","VIPER-03",Friendly,Wingman,Active,Engage,MissionAI,"VIPER-01",2,0.85,0,"BANDIT-03",False,True,True
152.5900000000062,"BANDIT-01","BANDIT-01",Hostile,Patrol,Active,Engage,MissionAI,"",0,0.45,0,"VIPER-02",False,False,True
152.5900000000062,"BANDIT-02","BANDIT-02",Hostile,Patrol,Neutralized,Evade,MissionAI,"",0,0.45,0,"VIPER-03",False,True,True
152.5900000000062,"BANDIT-03","BANDIT-03",Hostile,Patrol,Active,Evade,MissionAI,"",0,0.45,0,"VIPER-02",False,True,True
152.5900000000062,"BANDIT-04","BANDIT-04",Hostile,Patrol,Neutralized,Evade,MissionAI,"",0,0.45,0,"VIPER-02",False,True,True
152.79000000000602,"VIPER-01","VIPER-01",Friendly,Player,Active,Engage,AutomationPilot,"",0,0.85,0,"BANDIT-03",False,True,True
152.79000000000602,"VIPER-02","VIPER-02",Friendly,Wingman,Active,Engage,MissionAI,"VIPER-01",1,0.85,0,"BANDIT-03",False,True,True
152.79000000000602,"VIPER-03","VIPER-03",Friendly,Wingman,Active,Engage,MissionAI,"VIPER-01",2,0.85,0,"BANDIT-03",False,True,True
152.79000000000602,"BANDIT-01","BANDIT-01",Hostile,Patrol,Active,Engage,MissionAI,"",0,0.45,0,"VIPER-02",False,False,True
152.79000000000602,"BANDIT-02","BANDIT-02",Hostile,Patrol,Neutralized,Evade,MissionAI,"",0,0.45,0,"VIPER-03",False,True,True
152.79000000000602,"BANDIT-03","BANDIT-03",Hostile,Patrol,Active,Evade,MissionAI,"",0,0.45,0,"VIPER-02",False,True,True
152.79000000000602,"BANDIT-04","BANDIT-04",Hostile,Patrol,Neutralized,Evade,MissionAI,"",0,0.45,0,"VIPER-02",False,True,True
152.99000000000584,"VIPER-01","VIPER-01",Friendly,Player,Active,Engage,AutomationPilot,"",0,0.85,0,"BANDIT-03",False,True,True
152.99000000000584,"VIPER-02","VIPER-02",Friendly,Wingman,Active,Engage,MissionAI,"VIPER-01",1,0.85,0,"BANDIT-03",False,True,True
152.99000000000584,"VIPER-03","VIPER-03",Friendly,Wingman,Active,Engage,MissionAI,"VIPER-01",2,0.85,0,"BANDIT-03",False,True,True
152.99000000000584,"BANDIT-01","BANDIT-01",Hostile,Patrol,Active,Engage,MissionAI,"",0,0.45,0,"VIPER-02",False,False,True
152.99000000000584,"BANDIT-02","BANDIT-02",Hostile,Patrol,Neutralized,Evade,MissionAI,"",0,0.45,0,"VIPER-03",False,True,True
152.99000000000584,"BANDIT-03","BANDIT-03",Hostile,Patrol,Active,Evade,MissionAI,"",0,0.45,0,"VIPER-02",False,True,True
152.99000000000584,"BANDIT-04","BANDIT-04",Hostile,Patrol,Neutralized,Evade,MissionAI,"",0,0.45,0,"VIPER-02",False,True,True
153.19000000000565,"VIPER-01","VIPER-01",Friendly,Player,Active,Engage,AutomationPilot,"",0,0.85,0,"BANDIT-03",False,True,True
153.19000000000565,"VIPER-02","VIPER-02",Friendly,Wingman,Active,Engage,MissionAI,"VIPER-01",1,0.85,0,"BANDIT-03",False,True,True
153.19000000000565,"VIPER-03","VIPER-03",Friendly,Wingman,Active,Engage,MissionAI,"VIPER-01",2,0.85,0,"BANDIT-03",False,True,True
153.19000000000565,"BANDIT-01","BANDIT-01",Hostile,Patrol,Active,Engage,MissionAI,"",0,0.45,0,"VIPER-02",False,False,True
153.19000000000565,"BANDIT-02","BANDIT-02",Hostile,Patrol,Neutralized,Evade,MissionAI,"",0,0.45,0,"VIPER-03",False,True,True
153.19000000000565,"BANDIT-03","BANDIT-03",Hostile,Patrol,Active,Evade,MissionAI,"",0,0.45,0,"VIPER-02",False,True,True
153.19000000000565,"BANDIT-04","BANDIT-04",Hostile,Patrol,Neutralized,Evade,MissionAI,"",0,0.45,0,"VIPER-02",False,True,True
153.39000000000547,"VIPER-01","VIPER-01",Friendly,Player,Active,Engage,AutomationPilot,"",0,0.85,0,"BANDIT-03",False,True,True
153.39000000000547,"VIPER-02","VIPER-02",Friendly,Wingman,Active,Engage,MissionAI,"VIPER-01",1,0.85,0,"BANDIT-03",False,True,True
153.39000000000547,"VIPER-03","VIPER-03",Friendly,Wingman,Active,Engage,MissionAI,"VIPER-01",2,0.85,0,"BANDIT-03",False,True,True
153.39000000000547,"BANDIT-01","BANDIT-01",Hostile,Patrol,Active,Engage,MissionAI,"",0,0.45,0,"VIPER-02",False,False,True
153.39000000000547,"BANDIT-02","BANDIT-02",Hostile,Patrol,Neutralized,Evade,MissionAI,"",0,0.45,0,"VIPER-03",False,True,True
153.39000000000547,"BANDIT-03","BANDIT-03",Hostile,Patrol,Active,Evade,MissionAI,"",0,0.45,0,"VIPER-02",False,True,True
153.39000000000547,"BANDIT-04","BANDIT-04",Hostile,Patrol,Neutralized,Evade,MissionAI,"",0,0.45,0,"VIPER-02",False,True,True
153.59000000000529,"VIPER-01","VIPER-01",Friendly,Player,Active,Engage,AutomationPilot,"",0,0.85,0,"BANDIT-03",False,True,True
153.59000000000529,"VIPER-02","VIPER-02",Friendly,Wingman,Active,Engage,MissionAI,"VIPER-01",1,0.85,0,"BANDIT-03",False,True,True
153.59000000000529,"VIPER-03","VIPER-03",Friendly,Wingman,Active,Engage,MissionAI,"VIPER-01",2,0.85,0,"BANDIT-03",False,True,True
153.59000000000529,"BANDIT-01","BANDIT-01",Hostile,Patrol,Active,Engage,MissionAI,"",0,0.45,0,"VIPER-02",False,False,True
153.59000000000529,"BANDIT-02","BANDIT-02",Hostile,Patrol,Neutralized,Evade,MissionAI,"",0,0.45,0,"VIPER-03",False,True,True
153.59000000000529,"BANDIT-03","BANDIT-03",Hostile,Patrol,Active,Evade,MissionAI,"",0,0.45,0,"VIPER-02",False,True,True
153.59000000000529,"BANDIT-04","BANDIT-04",Hostile,Patrol,Neutralized,Evade,MissionAI,"",0,0.45,0,"VIPER-02",False,True,True
153.79000000000511,"VIPER-01","VIPER-01",Friendly,Player,Active,Engage,AutomationPilot,"",0,0.85,0,"BANDIT-03",False,True,True
153.79000000000511,"VIPER-02","VIPER-02",Friendly,Wingman,Active,Engage,MissionAI,"VIPER-01",1,0.85,0,"BANDIT-03",False,True,True
153.79000000000511,"VIPER-03","VIPER-03",Friendly,Wingman,Active,Engage,MissionAI,"VIPER-01",2,0.85,0,"BANDIT-03",False,True,True
153.79000000000511,"BANDIT-01","BANDIT-01",Hostile,Patrol,Active,Engage,MissionAI,"",0,0.45,0,"VIPER-02",False,False,True
153.79000000000511,"BANDIT-02","BANDIT-02",Hostile,Patrol,Neutralized,Evade,MissionAI,"",0,0.45,0,"VIPER-03",False,True,True
153.79000000000511,"BANDIT-03","BANDIT-03",Hostile,Patrol,Active,Evade,MissionAI,"",0,0.45,0,"VIPER-02",False,True,True
153.79000000000511,"BANDIT-04","BANDIT-04",Hostile,Patrol,Neutralized,Evade,MissionAI,"",0,0.45,0,"VIPER-02",False,True,True
153.99000000000493,"VIPER-01","VIPER-01",Friendly,Player,Active,Engage,AutomationPilot,"",0,0.85,0,"BANDIT-03",False,True,True
153.99000000000493,"VIPER-02","VIPER-02",Friendly,Wingman,Active,Engage,MissionAI,"VIPER-01",1,0.85,0,"BANDIT-03",False,True,True
153.99000000000493,"VIPER-03","VIPER-03",Friendly,Wingman,Active,Engage,MissionAI,"VIPER-01",2,0.85,0,"BANDIT-03",False,True,True
153.99000000000493,"BANDIT-01","BANDIT-01",Hostile,Patrol,Active,Engage,MissionAI,"",0,0.45,0,"VIPER-02",False,False,True
153.99000000000493,"BANDIT-02","BANDIT-02",Hostile,Patrol,Neutralized,Evade,MissionAI,"",0,0.45,0,"VIPER-03",False,True,True
153.99000000000493,"BANDIT-03","BANDIT-03",Hostile,Patrol,Active,Evade,MissionAI,"",0,0.45,0,"VIPER-02",False,True,True
153.99000000000493,"BANDIT-04","BANDIT-04",Hostile,Patrol,Neutralized,Evade,MissionAI,"",0,0.45,0,"VIPER-02",False,True,True
154.19000000000474,"VIPER-01","VIPER-01",Friendly,Player,Active,Engage,AutomationPilot,"",0,0.85,0,"BANDIT-03",False,True,True
154.19000000000474,"VIPER-02","VIPER-02",Friendly,Wingman,Active,Engage,MissionAI,"VIPER-01",1,0.85,0,"BANDIT-03",False,True,True
154.19000000000474,"VIPER-03","VIPER-03",Friendly,Wingman,Active,Engage,MissionAI,"VIPER-01",2,0.85,0,"BANDIT-03",False,True,True
154.19000000000474,"BANDIT-01","BANDIT-01",Hostile,Patrol,Active,Engage,MissionAI,"",0,0.45,0,"VIPER-02",False,False,True
154.19000000000474,"BANDIT-02","BANDIT-02",Hostile,Patrol,Neutralized,Evade,MissionAI,"",0,0.45,0,"VIPER-03",False,True,True
154.19000000000474,"BANDIT-03","BANDIT-03",Hostile,Patrol,Active,Evade,MissionAI,"",0,0.45,0,"VIPER-02",False,True,True
154.19000000000474,"BANDIT-04","BANDIT-04",Hostile,Patrol,Neutralized,Evade,MissionAI,"",0,0.45,0,"VIPER-02",False,True,True
154.39000000000456,"VIPER-01","VIPER-01",Friendly,Player,Active,Engage,AutomationPilot,"",0,0.85,0,"BANDIT-03",False,True,True
154.39000000000456,"VIPER-02","VIPER-02",Friendly,Wingman,Active,Engage,MissionAI,"VIPER-01",1,0.85,0,"BANDIT-03",False,True,True
154.39000000000456,"VIPER-03","VIPER-03",Friendly,Wingman,Active,Engage,MissionAI,"VIPER-01",2,0.85,0,"BANDIT-03",False,True,True
154.39000000000456,"BANDIT-01","BANDIT-01",Hostile,Patrol,Active,Engage,MissionAI,"",0,0.45,0,"VIPER-02",False,False,True
154.39000000000456,"BANDIT-02","BANDIT-02",Hostile,Patrol,Neutralized,Evade,MissionAI,"",0,0.45,0,"VIPER-03",False,True,True
154.39000000000456,"BANDIT-03","BANDIT-03",Hostile,Patrol,Active,Evade,MissionAI,"",0,0.45,0,"VIPER-02",False,True,True
154.39000000000456,"BANDIT-04","BANDIT-04",Hostile,Patrol,Neutralized,Evade,MissionAI,"",0,0.45,0,"VIPER-02",False,True,True
154.59000000000438,"VIPER-01","VIPER-01",Friendly,Player,Active,Engage,AutomationPilot,"",0,0.85,0,"BANDIT-03",False,True,True
154.59000000000438,"VIPER-02","VIPER-02",Friendly,Wingman,Active,Engage,MissionAI,"VIPER-01",1,0.85,0,"BANDIT-03",False,True,True
154.59000000000438,"VIPER-03","VIPER-03",Friendly,Wingman,Active,Engage,MissionAI,"VIPER-01",2,0.85,0,"BANDIT-03",False,True,True
154.59000000000438,"BANDIT-01","BANDIT-01",Hostile,Patrol,Active,Engage,MissionAI,"",0,0.45,0,"VIPER-02",False,False,True
154.59000000000438,"BANDIT-02","BANDIT-02",Hostile,Patrol,Neutralized,Evade,MissionAI,"",0,0.45,0,"VIPER-03",False,True,True
154.59000000000438,"BANDIT-03","BANDIT-03",Hostile,Patrol,Active,Evade,MissionAI,"",0,0.45,0,"VIPER-02",False,True,True
154.59000000000438,"BANDIT-04","BANDIT-04",Hostile,Patrol,Neutralized,Evade,MissionAI,"",0,0.45,0,"VIPER-02",False,True,True
154.7900000000042,"VIPER-01","VIPER-01",Friendly,Player,Active,Engage,AutomationPilot,"",0,0.85,0,"BANDIT-03",False,True,True
154.7900000000042,"VIPER-02","VIPER-02",Friendly,Wingman,Active,Engage,MissionAI,"VIPER-01",1,0.85,0,"BANDIT-03",False,True,True
154.7900000000042,"VIPER-03","VIPER-03",Friendly,Wingman,Active,Engage,MissionAI,"VIPER-01",2,0.85,0,"BANDIT-03",False,True,True
154.7900000000042,"BANDIT-01","BANDIT-01",Hostile,Patrol,Active,Engage,MissionAI,"",0,0.45,0,"VIPER-02",False,False,True
154.7900000000042,"BANDIT-02","BANDIT-02",Hostile,Patrol,Neutralized,Evade,MissionAI,"",0,0.45,0,"VIPER-03",False,True,True
154.7900000000042,"BANDIT-03","BANDIT-03",Hostile,Patrol,Active,Evade,MissionAI,"",0,0.45,0,"VIPER-02",False,True,True
154.7900000000042,"BANDIT-04","BANDIT-04",Hostile,Patrol,Neutralized,Evade,MissionAI,"",0,0.45,0,"VIPER-02",False,True,True
154.99000000000402,"VIPER-01","VIPER-01",Friendly,Player,Active,Engage,AutomationPilot,"",0,0.85,0,"BANDIT-03",False,True,True
154.99000000000402,"VIPER-02","VIPER-02",Friendly,Wingman,Active,Engage,MissionAI,"VIPER-01",1,0.85,0,"BANDIT-03",False,True,True
154.99000000000402,"VIPER-03","VIPER-03",Friendly,Wingman,Active,Engage,MissionAI,"VIPER-01",2,0.85,0,"BANDIT-03",False,True,True
154.99000000000402,"BANDIT-01","BANDIT-01",Hostile,Patrol,Active,Engage,MissionAI,"",0,0.45,0,"VIPER-02",False,False,True
154.99000000000402,"BANDIT-02","BANDIT-02",Hostile,Patrol,Neutralized,Evade,MissionAI,"",0,0.45,0,"VIPER-03",False,True,True
154.99000000000402,"BANDIT-03","BANDIT-03",Hostile,Patrol,Active,Evade,MissionAI,"",0,0.45,0,"VIPER-02",False,True,True
154.99000000000402,"BANDIT-04","BANDIT-04",Hostile,Patrol,Neutralized,Evade,MissionAI,"",0,0.45,0,"VIPER-02",False,True,True
155.19000000000383,"VIPER-01","VIPER-01",Friendly,Player,Active,Engage,AutomationPilot,"",0,0.85,0,"BANDIT-03",False,True,True
155.19000000000383,"VIPER-02","VIPER-02",Friendly,Wingman,Active,Engage,MissionAI,"VIPER-01",1,0.85,0,"BANDIT-03",False,True,True
155.19000000000383,"VIPER-03","VIPER-03",Friendly,Wingman,Active,Engage,MissionAI,"VIPER-01",2,0.85,0,"BANDIT-03",False,True,True
155.19000000000383,"BANDIT-01","BANDIT-01",Hostile,Patrol,Active,Engage,MissionAI,"",0,0.45,0,"VIPER-02",False,False,True
155.19000000000383,"BANDIT-02","BANDIT-02",Hostile,Patrol,Neutralized,Evade,MissionAI,"",0,0.45,0,"VIPER-03",False,True,True
155.19000000000383,"BANDIT-03","BANDIT-03",Hostile,Patrol,Active,Evade,MissionAI,"",0,0.45,0,"VIPER-02",False,True,True
155.19000000000383,"BANDIT-04","BANDIT-04",Hostile,Patrol,Neutralized,Evade,MissionAI,"",0,0.45,0,"VIPER-02",False,True,True
155.39000000000365,"VIPER-01","VIPER-01",Friendly,Player,Active,Engage,AutomationPilot,"",0,0.85,0,"BANDIT-03",False,True,True
155.39000000000365,"VIPER-02","VIPER-02",Friendly,Wingman,Active,Engage,MissionAI,"VIPER-01",1,0.85,0,"BANDIT-03",False,True,True
155.39000000000365,"VIPER-03","VIPER-03",Friendly,Wingman,Active,Engage,MissionAI,"VIPER-01",2,0.85,0,"BANDIT-03",False,True,True
155.39000000000365,"BANDIT-01","BANDIT-01",Hostile,Patrol,Active,Engage,MissionAI,"",0,0.45,0,"VIPER-02",False,False,True
155.39000000000365,"BANDIT-02","BANDIT-02",Hostile,Patrol,Neutralized,Evade,MissionAI,"",0,0.45,0,"VIPER-03",False,True,True
155.39000000000365,"BANDIT-03","BANDIT-03",Hostile,Patrol,Active,Evade,MissionAI,"",0,0.45,0,"VIPER-02",False,True,True
155.39000000000365,"BANDIT-04","BANDIT-04",Hostile,Patrol,Neutralized,Evade,MissionAI,"",0,0.45,0,"VIPER-02",False,True,True
155.59000000000347,"VIPER-01","VIPER-01",Friendly,Player,Active,Engage,AutomationPilot,"",0,0.85,0,"BANDIT-03",False,True,True
155.59000000000347,"VIPER-02","VIPER-02",Friendly,Wingman,Active,Engage,MissionAI,"VIPER-01",1,0.85,0,"BANDIT-03",False,True,True
155.59000000000347,"VIPER-03","VIPER-03",Friendly,Wingman,Active,Engage,MissionAI,"VIPER-01",2,0.85,0,"BANDIT-03",False,True,True
155.59000000000347,"BANDIT-01","BANDIT-01",Hostile,Patrol,Active,Engage,MissionAI,"",0,0.45,0,"VIPER-02",False,False,True
155.59000000000347,"BANDIT-02","BANDIT-02",Hostile,Patrol,Neutralized,Evade,MissionAI,"",0,0.45,0,"VIPER-03",False,True,True
155.59000000000347,"BANDIT-03","BANDIT-03",Hostile,Patrol,Active,Evade,MissionAI,"",0,0.45,0,"VIPER-02",False,True,True
155.59000000000347,"BANDIT-04","BANDIT-04",Hostile,Patrol,Neutralized,Evade,MissionAI,"",0,0.45,0,"VIPER-02",False,True,True
155.79000000000329,"VIPER-01","VIPER-01",Friendly,Player,Active,Engage,AutomationPilot,"",0,0.85,0,"BANDIT-03",False,True,True
155.79000000000329,"VIPER-02","VIPER-02",Friendly,Wingman,Active,Engage,MissionAI,"VIPER-01",1,0.85,0,"BANDIT-03",False,True,True
155.79000000000329,"VIPER-03","VIPER-03",Friendly,Wingman,Active,Engage,MissionAI,"VIPER-01",2,0.85,0,"BANDIT-03",False,True,True
155.79000000000329,"BANDIT-01","BANDIT-01",Hostile,Patrol,Active,Engage,MissionAI,"",0,0.45,0,"VIPER-02",False,False,True
155.79000000000329,"BANDIT-02","BANDIT-02",Hostile,Patrol,Neutralized,Evade,MissionAI,"",0,0.45,0,"VIPER-03",False,True,True
155.79000000000329,"BANDIT-03","BANDIT-03",Hostile,Patrol,Active,Evade,MissionAI,"",0,0.45,0,"VIPER-02",False,True,True
155.79000000000329,"BANDIT-04","BANDIT-04",Hostile,Patrol,Neutralized,Evade,MissionAI,"",0,0.45,0,"VIPER-02",False,True,True
155.99000000000311,"VIPER-01","VIPER-01",Friendly,Player,Active,Engage,AutomationPilot,"",0,0.85,0,"BANDIT-03",False,True,True
155.99000000000311,"VIPER-02","VIPER-02",Friendly,Wingman,Active,Engage,MissionAI,"VIPER-01",1,0.85,0,"BANDIT-03",False,True,True
155.99000000000311,"VIPER-03","VIPER-03",Friendly,Wingman,Active,Engage,MissionAI,"VIPER-01",2,0.85,0,"BANDIT-03",False,True,True
155.99000000000311,"BANDIT-01","BANDIT-01",Hostile,Patrol,Active,Engage,MissionAI,"",0,0.45,0,"VIPER-02",False,False,True
155.99000000000311,"BANDIT-02","BANDIT-02",Hostile,Patrol,Neutralized,Evade,MissionAI,"",0,0.45,0,"VIPER-03",False,True,True
155.99000000000311,"BANDIT-03","BANDIT-03",Hostile,Patrol,Active,Evade,MissionAI,"",0,0.45,0,"VIPER-02",False,True,True
155.99000000000311,"BANDIT-04","BANDIT-04",Hostile,Patrol,Neutralized,Evade,MissionAI,"",0,0.45,0,"VIPER-02",False,True,True
156.19000000000293,"VIPER-01","VIPER-01",Friendly,Player,Active,Engage,AutomationPilot,"",0,0.85,0,"BANDIT-03",False,True,True
156.19000000000293,"VIPER-02","VIPER-02",Friendly,Wingman,Active,Engage,MissionAI,"VIPER-01",1,0.85,0,"BANDIT-03",False,True,True
156.19000000000293,"VIPER-03","VIPER-03",Friendly,Wingman,Active,Engage,MissionAI,"VIPER-01",2,0.85,0,"BANDIT-03",False,True,True
156.19000000000293,"BANDIT-01","BANDIT-01",Hostile,Patrol,Active,Engage,MissionAI,"",0,0.45,0,"VIPER-02",False,False,True
156.19000000000293,"BANDIT-02","BANDIT-02",Hostile,Patrol,Neutralized,Evade,MissionAI,"",0,0.45,0,"VIPER-03",False,True,True
156.19000000000293,"BANDIT-03","BANDIT-03",Hostile,Patrol,Active,Evade,MissionAI,"",0,0.45,0,"VIPER-02",False,True,True
156.19000000000293,"BANDIT-04","BANDIT-04",Hostile,Patrol,Neutralized,Evade,MissionAI,"",0,0.45,0,"VIPER-02",False,True,True
156.39000000000274,"VIPER-01","VIPER-01",Friendly,Player,Active,Engage,AutomationPilot,"",0,0.85,0,"BANDIT-03",False,True,True
156.39000000000274,"VIPER-02","VIPER-02",Friendly,Wingman,Active,Engage,MissionAI,"VIPER-01",1,0.85,0,"BANDIT-03",False,True,True
156.39000000000274,"VIPER-03","VIPER-03",Friendly,Wingman,Active,Engage,MissionAI,"VIPER-01",2,0.85,0,"BANDIT-03",False,True,True
156.39000000000274,"BANDIT-01","BANDIT-01",Hostile,Patrol,Active,Engage,MissionAI,"",0,0.45,0,"VIPER-02",False,False,True
156.39000000000274,"BANDIT-02","BANDIT-02",Hostile,Patrol,Neutralized,Evade,MissionAI,"",0,0.45,0,"VIPER-03",False,True,True
156.39000000000274,"BANDIT-03","BANDIT-03",Hostile,Patrol,Active,Evade,MissionAI,"",0,0.45,0,"VIPER-02",False,True,True
156.39000000000274,"BANDIT-04","BANDIT-04",Hostile,Patrol,Neutralized,Evade,MissionAI,"",0,0.45,0,"VIPER-02",False,True,True
156.59000000000256,"VIPER-01","VIPER-01",Friendly,Player,Active,Engage,AutomationPilot,"",0,0.85,0,"BANDIT-03",False,True,True
156.59000000000256,"VIPER-02","VIPER-02",Friendly,Wingman,Active,Engage,MissionAI,"VIPER-01",1,0.85,0,"BANDIT-03",False,True,True
156.59000000000256,"VIPER-03","VIPER-03",Friendly,Wingman,Active,Engage,MissionAI,"VIPER-01",2,0.85,0,"BANDIT-03",False,True,True
156.59000000000256,"BANDIT-01","BANDIT-01",Hostile,Patrol,Active,Engage,MissionAI,"",0,0.45,0,"VIPER-02",False,False,True
156.59000000000256,"BANDIT-02","BANDIT-02",Hostile,Patrol,Neutralized,Evade,MissionAI,"",0,0.45,0,"VIPER-03",False,True,True
156.59000000000256,"BANDIT-03","BANDIT-03",Hostile,Patrol,Active,Evade,MissionAI,"",0,0.45,0,"VIPER-02",False,True,True
156.59000000000256,"BANDIT-04","BANDIT-04",Hostile,Patrol,Neutralized,Evade,MissionAI,"",0,0.45,0,"VIPER-02",False,True,True
156.79000000000238,"VIPER-01","VIPER-01",Friendly,Player,Active,Engage,AutomationPilot,"",0,0.85,0,"BANDIT-03",False,True,True
156.79000000000238,"VIPER-02","VIPER-02",Friendly,Wingman,Active,Engage,MissionAI,"VIPER-01",1,0.85,0,"BANDIT-03",False,True,True
156.79000000000238,"VIPER-03","VIPER-03",Friendly,Wingman,Active,Engage,MissionAI,"VIPER-01",2,0.85,0,"BANDIT-03",False,True,True
156.79000000000238,"BANDIT-01","BANDIT-01",Hostile,Patrol,Active,Engage,MissionAI,"",0,0.45,0,"VIPER-02",False,False,True
156.79000000000238,"BANDIT-02","BANDIT-02",Hostile,Patrol,Neutralized,Evade,MissionAI,"",0,0.45,0,"VIPER-03",False,True,True
156.79000000000238,"BANDIT-03","BANDIT-03",Hostile,Patrol,Active,Evade,MissionAI,"",0,0.45,0,"VIPER-02",False,True,True
156.79000000000238,"BANDIT-04","BANDIT-04",Hostile,Patrol,Neutralized,Evade,MissionAI,"",0,0.45,0,"VIPER-02",False,True,True
156.9900000000022,"VIPER-01","VIPER-01",Friendly,Player,Active,Engage,AutomationPilot,"",0,0.85,0,"BANDIT-03",False,True,True
156.9900000000022,"VIPER-02","VIPER-02",Friendly,Wingman,Active,Engage,MissionAI,"VIPER-01",1,0.85,0,"BANDIT-03",False,True,True
156.9900000000022,"VIPER-03","VIPER-03",Friendly,Wingman,Active,Engage,MissionAI,"VIPER-01",2,0.85,0,"BANDIT-03",False,True,True
156.9900000000022,"BANDIT-01","BANDIT-01",Hostile,Patrol,Active,Engage,MissionAI,"",0,0.45,0,"VIPER-02",False,False,True
156.9900000000022,"BANDIT-02","BANDIT-02",Hostile,Patrol,Neutralized,Evade,MissionAI,"",0,0.45,0,"VIPER-03",False,True,True
156.9900000000022,"BANDIT-03","BANDIT-03",Hostile,Patrol,Active,Evade,MissionAI,"",0,0.45,0,"VIPER-02",False,True,True
156.9900000000022,"BANDIT-04","BANDIT-04",Hostile,Patrol,Neutralized,Evade,MissionAI,"",0,0.45,0,"VIPER-02",False,True,True
157.19000000000202,"VIPER-01","VIPER-01",Friendly,Player,Active,Engage,AutomationPilot,"",0,0.85,0,"BANDIT-03",False,True,True
157.19000000000202,"VIPER-02","VIPER-02",Friendly,Wingman,Active,Engage,MissionAI,"VIPER-01",1,0.85,0,"BANDIT-03",False,True,True
157.19000000000202,"VIPER-03","VIPER-03",Friendly,Wingman,Active,Engage,MissionAI,"VIPER-01",2,0.85,0,"BANDIT-03",False,True,True
157.19000000000202,"BANDIT-01","BANDIT-01",Hostile,Patrol,Active,Engage,MissionAI,"",0,0.45,0,"VIPER-02",False,False,True
157.19000000000202,"BANDIT-02","BANDIT-02",Hostile,Patrol,Neutralized,Evade,MissionAI,"",0,0.45,0,"VIPER-03",False,True,True
157.19000000000202,"BANDIT-03","BANDIT-03",Hostile,Patrol,Active,Evade,MissionAI,"",0,0.45,0,"VIPER-02",False,True,True
157.19000000000202,"BANDIT-04","BANDIT-04",Hostile,Patrol,Neutralized,Evade,MissionAI,"",0,0.45,0,"VIPER-02",False,True,True
157.39000000000183,"VIPER-01","VIPER-01",Friendly,Player,Active,Engage,AutomationPilot,"",0,0.85,0,"BANDIT-03",False,True,True
157.39000000000183,"VIPER-02","VIPER-02",Friendly,Wingman,Active,Engage,MissionAI,"VIPER-01",1,0.85,0,"BANDIT-03",False,True,True
157.39000000000183,"VIPER-03","VIPER-03",Friendly,Wingman,Active,Engage,MissionAI,"VIPER-01",2,0.85,0,"BANDIT-03",False,True,True
157.39000000000183,"BANDIT-01","BANDIT-01",Hostile,Patrol,Active,Engage,MissionAI,"",0,0.45,0,"VIPER-02",False,False,True
157.39000000000183,"BANDIT-02","BANDIT-02",Hostile,Patrol,Neutralized,Evade,MissionAI,"",0,0.45,0,"VIPER-03",False,True,True
157.39000000000183,"BANDIT-03","BANDIT-03",Hostile,Patrol,Active,Evade,MissionAI,"",0,0.45,0,"VIPER-02",False,True,True
157.39000000000183,"BANDIT-04","BANDIT-04",Hostile,Patrol,Neutralized,Evade,MissionAI,"",0,0.45,0,"VIPER-02",False,True,True
157.59000000000165,"VIPER-01","VIPER-01",Friendly,Player,Active,Engage,AutomationPilot,"",0,0.85,0,"BANDIT-03",False,True,True
157.59000000000165,"VIPER-02","VIPER-02",Friendly,Wingman,Active,Engage,MissionAI,"VIPER-01",1,0.85,0,"BANDIT-03",False,True,True
157.59000000000165,"VIPER-03","VIPER-03",Friendly,Wingman,Active,Engage,MissionAI,"VIPER-01",2,0.85,0,"BANDIT-03",False,True,True
157.59000000000165,"BANDIT-01","BANDIT-01",Hostile,Patrol,Active,Engage,MissionAI,"",0,0.45,0,"VIPER-02",False,False,True
157.59000000000165,"BANDIT-02","BANDIT-02",Hostile,Patrol,Neutralized,Evade,MissionAI,"",0,0.45,0,"VIPER-03",False,True,True
157.59000000000165,"BANDIT-03","BANDIT-03",Hostile,Patrol,Active,Evade,MissionAI,"",0,0.45,0,"VIPER-02",False,True,True
157.59000000000165,"BANDIT-04","BANDIT-04",Hostile,Patrol,Neutralized,Evade,MissionAI,"",0,0.45,0,"VIPER-02",False,True,True
157.79000000000147,"VIPER-01","VIPER-01",Friendly,Player,Active,Engage,AutomationPilot,"",0,0.85,0,"BANDIT-03",False,True,True
157.79000000000147,"VIPER-02","VIPER-02",Friendly,Wingman,Active,Engage,MissionAI,"VIPER-01",1,0.85,0,"BANDIT-03",False,True,True
157.79000000000147,"VIPER-03","VIPER-03",Friendly,Wingman,Active,Engage,MissionAI,"VIPER-01",2,0.85,0,"BANDIT-03",False,True,True
157.79000000000147,"BANDIT-01","BANDIT-01",Hostile,Patrol,Active,Engage,MissionAI,"",0,0.45,0,"VIPER-02",False,False,True
157.79000000000147,"BANDIT-02","BANDIT-02",Hostile,Patrol,Neutralized,Evade,MissionAI,"",0,0.45,0,"VIPER-03",False,True,True
157.79000000000147,"BANDIT-03","BANDIT-03",Hostile,Patrol,Active,Evade,MissionAI,"",0,0.45,0,"VIPER-02",False,True,True
157.79000000000147,"BANDIT-04","BANDIT-04",Hostile,Patrol,Neutralized,Evade,MissionAI,"",0,0.45,0,"VIPER-02",False,True,True
157.99000000000129,"VIPER-01","VIPER-01",Friendly,Player,Active,Engage,AutomationPilot,"",0,0.85,0,"BANDIT-03",False,True,True
157.99000000000129,"VIPER-02","VIPER-02",Friendly,Wingman,Active,Engage,MissionAI,"VIPER-01",1,0.85,0,"BANDIT-03",False,True,True
157.99000000000129,"VIPER-03","VIPER-03",Friendly,Wingman,Active,Engage,MissionAI,"VIPER-01",2,0.85,0,"BANDIT-03",False,True,True
157.99000000000129,"BANDIT-01","BANDIT-01",Hostile,Patrol,Active,Engage,MissionAI,"",0,0.45,0,"VIPER-02",False,False,True
157.99000000000129,"BANDIT-02","BANDIT-02",Hostile,Patrol,Neutralized,Evade,MissionAI,"",0,0.45,0,"VIPER-03",False,True,True
157.99000000000129,"BANDIT-03","BANDIT-03",Hostile,Patrol,Active,Evade,MissionAI,"",0,0.45,0,"VIPER-02",False,True,True
157.99000000000129,"BANDIT-04","BANDIT-04",Hostile,Patrol,Neutralized,Evade,MissionAI,"",0,0.45,0,"VIPER-02",False,True,True
158.19000000000111,"VIPER-01","VIPER-01",Friendly,Player,Active,Engage,AutomationPilot,"",0,0.85,0,"BANDIT-03",False,True,True
158.19000000000111,"VIPER-02","VIPER-02",Friendly,Wingman,Active,Engage,MissionAI,"VIPER-01",1,0.85,0,"BANDIT-03",False,True,True
158.19000000000111,"VIPER-03","VIPER-03",Friendly,Wingman,Active,Engage,MissionAI,"VIPER-01",2,0.85,0,"BANDIT-03",False,True,True
158.19000000000111,"BANDIT-01","BANDIT-01",Hostile,Patrol,Active,Engage,MissionAI,"",0,0.45,0,"VIPER-02",False,False,True
158.19000000000111,"BANDIT-02","BANDIT-02",Hostile,Patrol,Neutralized,Evade,MissionAI,"",0,0.45,0,"VIPER-03",False,True,True
158.19000000000111,"BANDIT-03","BANDIT-03",Hostile,Patrol,Active,Evade,MissionAI,"",0,0.45,0,"VIPER-02",False,True,True
158.19000000000111,"BANDIT-04","BANDIT-04",Hostile,Patrol,Neutralized,Evade,MissionAI,"",0,0.45,0,"VIPER-02",False,True,True
158.39000000000092,"VIPER-01","VIPER-01",Friendly,Player,Active,Engage,AutomationPilot,"",0,0.85,0,"BANDIT-01",False,True,True
158.39000000000092,"VIPER-02","VIPER-02",Friendly,Wingman,Active,Engage,MissionAI,"VIPER-01",1,0.85,0,"BANDIT-01",False,True,True
158.39000000000092,"VIPER-03","VIPER-03",Friendly,Wingman,Active,Engage,MissionAI,"VIPER-01",2,0.85,0,"BANDIT-01",False,True,True
158.39000000000092,"BANDIT-01","BANDIT-01",Hostile,Patrol,Active,Engage,MissionAI,"",0,0.45,0,"VIPER-02",False,False,True
158.39000000000092,"BANDIT-02","BANDIT-02",Hostile,Patrol,Neutralized,Evade,MissionAI,"",0,0.45,0,"VIPER-03",False,True,True
158.39000000000092,"BANDIT-03","BANDIT-03",Hostile,Patrol,Neutralized,Evade,MissionAI,"",0,0.45,0,"VIPER-02",False,True,True
158.39000000000092,"BANDIT-04","BANDIT-04",Hostile,Patrol,Neutralized,Evade,MissionAI,"",0,0.45,0,"VIPER-02",False,True,True
158.59000000000074,"VIPER-01","VIPER-01",Friendly,Player,Active,Engage,AutomationPilot,"",0,0.85,0,"BANDIT-01",False,True,True
158.59000000000074,"VIPER-02","VIPER-02",Friendly,Wingman,Active,Engage,MissionAI,"VIPER-01",1,0.85,0,"BANDIT-01",False,True,True
158.59000000000074,"VIPER-03","VIPER-03",Friendly,Wingman,Active,Engage,MissionAI,"VIPER-01",2,0.85,0,"BANDIT-01",False,True,True
158.59000000000074,"BANDIT-01","BANDIT-01",Hostile,Patrol,Active,Engage,MissionAI,"",0,0.45,0,"VIPER-02",False,False,True
158.59000000000074,"BANDIT-02","BANDIT-02",Hostile,Patrol,Neutralized,Evade,MissionAI,"",0,0.45,0,"VIPER-03",False,True,True
158.59000000000074,"BANDIT-03","BANDIT-03",Hostile,Patrol,Neutralized,Evade,MissionAI,"",0,0.45,0,"VIPER-02",False,True,True
158.59000000000074,"BANDIT-04","BANDIT-04",Hostile,Patrol,Neutralized,Evade,MissionAI,"",0,0.45,0,"VIPER-02",False,True,True
158.79000000000056,"VIPER-01","VIPER-01",Friendly,Player,Active,Engage,AutomationPilot,"",0,0.85,0,"BANDIT-01",False,True,True
158.79000000000056,"VIPER-02","VIPER-02",Friendly,Wingman,Active,Engage,MissionAI,"VIPER-01",1,0.85,0,"BANDIT-01",False,True,True
158.79000000000056,"VIPER-03","VIPER-03",Friendly,Wingman,Active,Engage,MissionAI,"VIPER-01",2,0.85,0,"BANDIT-01",False,True,True
158.79000000000056,"BANDIT-01","BANDIT-01",Hostile,Patrol,Active,Engage,MissionAI,"",0,0.45,0,"VIPER-02",False,False,True
158.79000000000056,"BANDIT-02","BANDIT-02",Hostile,Patrol,Neutralized,Evade,MissionAI,"",0,0.45,0,"VIPER-03",False,True,True
158.79000000000056,"BANDIT-03","BANDIT-03",Hostile,Patrol,Neutralized,Evade,MissionAI,"",0,0.45,0,"VIPER-02",False,True,True
158.79000000000056,"BANDIT-04","BANDIT-04",Hostile,Patrol,Neutralized,Evade,MissionAI,"",0,0.45,0,"VIPER-02",False,True,True
158.99000000000038,"VIPER-01","VIPER-01",Friendly,Player,Active,Engage,AutomationPilot,"",0,0.85,0,"BANDIT-01",False,True,True
158.99000000000038,"VIPER-02","VIPER-02",Friendly,Wingman,Active,Engage,MissionAI,"VIPER-01",1,0.85,0,"BANDIT-01",False,True,True
158.99000000000038,"VIPER-03","VIPER-03",Friendly,Wingman,Active,Engage,MissionAI,"VIPER-01",2,0.85,0,"BANDIT-01",False,True,True
158.99000000000038,"BANDIT-01","BANDIT-01",Hostile,Patrol,Active,Engage,MissionAI,"",0,0.45,0,"VIPER-02",False,False,True
158.99000000000038,"BANDIT-02","BANDIT-02",Hostile,Patrol,Neutralized,Evade,MissionAI,"",0,0.45,0,"VIPER-03",False,True,True
158.99000000000038,"BANDIT-03","BANDIT-03",Hostile,Patrol,Neutralized,Evade,MissionAI,"",0,0.45,0,"VIPER-02",False,True,True
158.99000000000038,"BANDIT-04","BANDIT-04",Hostile,Patrol,Neutralized,Evade,MissionAI,"",0,0.45,0,"VIPER-02",False,True,True
159.1900000000002,"VIPER-01","VIPER-01",Friendly,Player,Active,Engage,AutomationPilot,"",0,0.85,0,"BANDIT-01",False,True,True
159.1900000000002,"VIPER-02","VIPER-02",Friendly,Wingman,Active,Engage,MissionAI,"VIPER-01",1,0.85,0,"BANDIT-01",False,True,True
159.1900000000002,"VIPER-03","VIPER-03",Friendly,Wingman,Active,Engage,MissionAI,"VIPER-01",2,0.85,0,"BANDIT-01",False,True,True
159.1900000000002,"BANDIT-01","BANDIT-01",Hostile,Patrol,Active,Engage,MissionAI,"",0,0.45,0,"VIPER-02",False,False,True
159.1900000000002,"BANDIT-02","BANDIT-02",Hostile,Patrol,Neutralized,Evade,MissionAI,"",0,0.45,0,"VIPER-03",False,True,True
159.1900000000002,"BANDIT-03","BANDIT-03",Hostile,Patrol,Neutralized,Evade,MissionAI,"",0,0.45,0,"VIPER-02",False,True,True
159.1900000000002,"BANDIT-04","BANDIT-04",Hostile,Patrol,Neutralized,Evade,MissionAI,"",0,0.45,0,"VIPER-02",False,True,True
159.39000000000001,"VIPER-01","VIPER-01",Friendly,Player,Active,Engage,AutomationPilot,"",0,0.85,0,"BANDIT-01",False,True,True
159.39000000000001,"VIPER-02","VIPER-02",Friendly,Wingman,Active,Engage,MissionAI,"VIPER-01",1,0.85,0,"BANDIT-01",False,True,True
159.39000000000001,"VIPER-03","VIPER-03",Friendly,Wingman,Active,Engage,MissionAI,"VIPER-01",2,0.85,0,"BANDIT-01",False,True,True
159.39000000000001,"BANDIT-01","BANDIT-01",Hostile,Patrol,Active,Engage,MissionAI,"",0,0.45,0,"VIPER-02",False,False,True
159.39000000000001,"BANDIT-02","BANDIT-02",Hostile,Patrol,Neutralized,Evade,MissionAI,"",0,0.45,0,"VIPER-03",False,True,True
159.39000000000001,"BANDIT-03","BANDIT-03",Hostile,Patrol,Neutralized,Evade,MissionAI,"",0,0.45,0,"VIPER-02",False,True,True
159.39000000000001,"BANDIT-04","BANDIT-04",Hostile,Patrol,Neutralized,Evade,MissionAI,"",0,0.45,0,"VIPER-02",False,True,True
159.58999999999983,"VIPER-01","VIPER-01",Friendly,Player,Active,Engage,AutomationPilot,"",0,0.85,0,"BANDIT-01",False,True,True
159.58999999999983,"VIPER-02","VIPER-02",Friendly,Wingman,Active,Engage,MissionAI,"VIPER-01",1,0.85,0,"BANDIT-01",False,True,True
159.58999999999983,"VIPER-03","VIPER-03",Friendly,Wingman,Active,Engage,MissionAI,"VIPER-01",2,0.85,0,"BANDIT-01",False,True,True
159.58999999999983,"BANDIT-01","BANDIT-01",Hostile,Patrol,Active,Engage,MissionAI,"",0,0.45,0,"VIPER-02",False,False,True
159.58999999999983,"BANDIT-02","BANDIT-02",Hostile,Patrol,Neutralized,Evade,MissionAI,"",0,0.45,0,"VIPER-03",False,True,True
159.58999999999983,"BANDIT-03","BANDIT-03",Hostile,Patrol,Neutralized,Evade,MissionAI,"",0,0.45,0,"VIPER-02",False,True,True
159.58999999999983,"BANDIT-04","BANDIT-04",Hostile,Patrol,Neutralized,Evade,MissionAI,"",0,0.45,0,"VIPER-02",False,True,True
159.78999999999965,"VIPER-01","VIPER-01",Friendly,Player,Active,Engage,AutomationPilot,"",0,0.85,0,"BANDIT-01",False,True,True
159.78999999999965,"VIPER-02","VIPER-02",Friendly,Wingman,Active,Engage,MissionAI,"VIPER-01",1,0.85,0,"BANDIT-01",False,True,True
159.78999999999965,"VIPER-03","VIPER-03",Friendly,Wingman,Active,Engage,MissionAI,"VIPER-01",2,0.85,0,"BANDIT-01",False,True,True
159.78999999999965,"BANDIT-01","BANDIT-01",Hostile,Patrol,Active,Engage,MissionAI,"",0,0.45,0,"VIPER-02",False,False,True
159.78999999999965,"BANDIT-02","BANDIT-02",Hostile,Patrol,Neutralized,Evade,MissionAI,"",0,0.45,0,"VIPER-03",False,True,True
159.78999999999965,"BANDIT-03","BANDIT-03",Hostile,Patrol,Neutralized,Evade,MissionAI,"",0,0.45,0,"VIPER-02",False,True,True
159.78999999999965,"BANDIT-04","BANDIT-04",Hostile,Patrol,Neutralized,Evade,MissionAI,"",0,0.45,0,"VIPER-02",False,True,True
159.98999999999947,"VIPER-01","VIPER-01",Friendly,Player,Active,Engage,AutomationPilot,"",0,0.85,0,"BANDIT-01",False,True,True
159.98999999999947,"VIPER-02","VIPER-02",Friendly,Wingman,Active,Engage,MissionAI,"VIPER-01",1,0.85,0,"BANDIT-01",False,True,True
159.98999999999947,"VIPER-03","VIPER-03",Friendly,Wingman,Active,Engage,MissionAI,"VIPER-01",2,0.85,0,"BANDIT-01",False,True,True
159.98999999999947,"BANDIT-01","BANDIT-01",Hostile,Patrol,Active,Engage,MissionAI,"",0,0.45,0,"VIPER-02",False,False,True
159.98999999999947,"BANDIT-02","BANDIT-02",Hostile,Patrol,Neutralized,Evade,MissionAI,"",0,0.45,0,"VIPER-03",False,True,True
159.98999999999947,"BANDIT-03","BANDIT-03",Hostile,Patrol,Neutralized,Evade,MissionAI,"",0,0.45,0,"VIPER-02",False,True,True
159.98999999999947,"BANDIT-04","BANDIT-04",Hostile,Patrol,Neutralized,Evade,MissionAI,"",0,0.45,0,"VIPER-02",False,True,True
160.18999999999929,"VIPER-01","VIPER-01",Friendly,Player,Active,Engage,AutomationPilot,"",0,0.85,0,"BANDIT-01",False,True,True
160.18999999999929,"VIPER-02","VIPER-02",Friendly,Wingman,Active,Engage,MissionAI,"VIPER-01",1,0.85,0,"BANDIT-01",False,True,True
160.18999999999929,"VIPER-03","VIPER-03",Friendly,Wingman,Active,Engage,MissionAI,"VIPER-01",2,0.85,0,"BANDIT-01",False,True,True
160.18999999999929,"BANDIT-01","BANDIT-01",Hostile,Patrol,Active,Engage,MissionAI,"",0,0.45,0,"VIPER-02",False,False,True
160.18999999999929,"BANDIT-02","BANDIT-02",Hostile,Patrol,Neutralized,Evade,MissionAI,"",0,0.45,0,"VIPER-03",False,True,True
160.18999999999929,"BANDIT-03","BANDIT-03",Hostile,Patrol,Neutralized,Evade,MissionAI,"",0,0.45,0,"VIPER-02",False,True,True
160.18999999999929,"BANDIT-04","BANDIT-04",Hostile,Patrol,Neutralized,Evade,MissionAI,"",0,0.45,0,"VIPER-02",False,True,True
160.38999999999911,"VIPER-01","VIPER-01",Friendly,Player,Active,Engage,AutomationPilot,"",0,0.85,0,"BANDIT-01",False,True,True
160.38999999999911,"VIPER-02","VIPER-02",Friendly,Wingman,Active,Engage,MissionAI,"VIPER-01",1,0.85,0,"BANDIT-01",False,True,True
160.38999999999911,"VIPER-03","VIPER-03",Friendly,Wingman,Active,Engage,MissionAI,"VIPER-01",2,0.85,0,"BANDIT-01",False,True,True
160.38999999999911,"BANDIT-01","BANDIT-01",Hostile,Patrol,Active,Engage,MissionAI,"",0,0.45,0,"VIPER-02",False,False,True
160.38999999999911,"BANDIT-02","BANDIT-02",Hostile,Patrol,Neutralized,Evade,MissionAI,"",0,0.45,0,"VIPER-03",False,True,True
160.38999999999911,"BANDIT-03","BANDIT-03",Hostile,Patrol,Neutralized,Evade,MissionAI,"",0,0.45,0,"VIPER-02",False,True,True
160.38999999999911,"BANDIT-04","BANDIT-04",Hostile,Patrol,Neutralized,Evade,MissionAI,"",0,0.45,0,"VIPER-02",False,True,True
160.58999999999892,"VIPER-01","VIPER-01",Friendly,Player,Active,Engage,AutomationPilot,"",0,0.85,0,"BANDIT-01",False,True,True
160.58999999999892,"VIPER-02","VIPER-02",Friendly,Wingman,Active,Engage,MissionAI,"VIPER-01",1,0.85,0,"BANDIT-01",False,True,True
160.58999999999892,"VIPER-03","VIPER-03",Friendly,Wingman,Active,Engage,MissionAI,"VIPER-01",2,0.85,0,"BANDIT-01",False,True,True
160.58999999999892,"BANDIT-01","BANDIT-01",Hostile,Patrol,Active,Engage,MissionAI,"",0,0.45,0,"VIPER-02",False,False,True
160.58999999999892,"BANDIT-02","BANDIT-02",Hostile,Patrol,Neutralized,Evade,MissionAI,"",0,0.45,0,"VIPER-03",False,True,True
160.58999999999892,"BANDIT-03","BANDIT-03",Hostile,Patrol,Neutralized,Evade,MissionAI,"",0,0.45,0,"VIPER-02",False,True,True
160.58999999999892,"BANDIT-04","BANDIT-04",Hostile,Patrol,Neutralized,Evade,MissionAI,"",0,0.45,0,"VIPER-02",False,True,True
160.78999999999874,"VIPER-01","VIPER-01",Friendly,Player,Active,Engage,AutomationPilot,"",0,0.85,0,"BANDIT-01",False,True,True
160.78999999999874,"VIPER-02","VIPER-02",Friendly,Wingman,Active,Engage,MissionAI,"VIPER-01",1,0.85,0,"BANDIT-01",False,True,True
160.78999999999874,"VIPER-03","VIPER-03",Friendly,Wingman,Active,Engage,MissionAI,"VIPER-01",2,0.85,0,"BANDIT-01",False,True,True
160.78999999999874,"BANDIT-01","BANDIT-01",Hostile,Patrol,Active,Engage,MissionAI,"",0,0.45,0,"VIPER-02",False,False,True
160.78999999999874,"BANDIT-02","BANDIT-02",Hostile,Patrol,Neutralized,Evade,MissionAI,"",0,0.45,0,"VIPER-03",False,True,True
160.78999999999874,"BANDIT-03","BANDIT-03",Hostile,Patrol,Neutralized,Evade,MissionAI,"",0,0.45,0,"VIPER-02",False,True,True
160.78999999999874,"BANDIT-04","BANDIT-04",Hostile,Patrol,Neutralized,Evade,MissionAI,"",0,0.45,0,"VIPER-02",False,True,True
160.98999999999856,"VIPER-01","VIPER-01",Friendly,Player,Active,Engage,AutomationPilot,"",0,0.85,0,"BANDIT-01",False,True,True
160.98999999999856,"VIPER-02","VIPER-02",Friendly,Wingman,Active,Engage,MissionAI,"VIPER-01",1,0.85,0,"BANDIT-01",False,True,True
160.98999999999856,"VIPER-03","VIPER-03",Friendly,Wingman,Active,Engage,MissionAI,"VIPER-01",2,0.85,0,"BANDIT-01",False,True,True
160.98999999999856,"BANDIT-01","BANDIT-01",Hostile,Patrol,Active,Evade,MissionAI,"",0,0.45,0,"VIPER-02",False,False,True
160.98999999999856,"BANDIT-02","BANDIT-02",Hostile,Patrol,Neutralized,Evade,MissionAI,"",0,0.45,0,"VIPER-03",False,True,True
160.98999999999856,"BANDIT-03","BANDIT-03",Hostile,Patrol,Neutralized,Evade,MissionAI,"",0,0.45,0,"VIPER-02",False,True,True
160.98999999999856,"BANDIT-04","BANDIT-04",Hostile,Patrol,Neutralized,Evade,MissionAI,"",0,0.45,0,"VIPER-02",False,True,True
161.18999999999838,"VIPER-01","VIPER-01",Friendly,Player,Active,Engage,AutomationPilot,"",0,0.85,0,"BANDIT-01",False,True,True
161.18999999999838,"VIPER-02","VIPER-02",Friendly,Wingman,Active,Engage,MissionAI,"VIPER-01",1,0.85,0,"BANDIT-01",False,True,True
161.18999999999838,"VIPER-03","VIPER-03",Friendly,Wingman,Active,Engage,MissionAI,"VIPER-01",2,0.85,0,"BANDIT-01",False,True,True
161.18999999999838,"BANDIT-01","BANDIT-01",Hostile,Patrol,Active,Evade,MissionAI,"",0,0.45,0,"VIPER-02",False,False,True
161.18999999999838,"BANDIT-02","BANDIT-02",Hostile,Patrol,Neutralized,Evade,MissionAI,"",0,0.45,0,"VIPER-03",False,True,True
161.18999999999838,"BANDIT-03","BANDIT-03",Hostile,Patrol,Neutralized,Evade,MissionAI,"",0,0.45,0,"VIPER-02",False,True,True
161.18999999999838,"BANDIT-04","BANDIT-04",Hostile,Patrol,Neutralized,Evade,MissionAI,"",0,0.45,0,"VIPER-02",False,True,True
161.3899999999982,"VIPER-01","VIPER-01",Friendly,Player,Active,Engage,AutomationPilot,"",0,0.85,0,"BANDIT-01",False,True,True
161.3899999999982,"VIPER-02","VIPER-02",Friendly,Wingman,Active,Engage,MissionAI,"VIPER-01",1,0.85,0,"BANDIT-01",False,True,True
161.3899999999982,"VIPER-03","VIPER-03",Friendly,Wingman,Active,Engage,MissionAI,"VIPER-01",2,0.85,0,"BANDIT-01",False,True,True
161.3899999999982,"BANDIT-01","BANDIT-01",Hostile,Patrol,Active,Evade,MissionAI,"",0,0.45,0,"VIPER-02",False,False,True
161.3899999999982,"BANDIT-02","BANDIT-02",Hostile,Patrol,Neutralized,Evade,MissionAI,"",0,0.45,0,"VIPER-03",False,True,True
161.3899999999982,"BANDIT-03","BANDIT-03",Hostile,Patrol,Neutralized,Evade,MissionAI,"",0,0.45,0,"VIPER-02",False,True,True
161.3899999999982,"BANDIT-04","BANDIT-04",Hostile,Patrol,Neutralized,Evade,MissionAI,"",0,0.45,0,"VIPER-02",False,True,True
161.589999999998,"VIPER-01","VIPER-01",Friendly,Player,Active,Engage,AutomationPilot,"",0,0.85,0,"BANDIT-01",False,True,True
161.589999999998,"VIPER-02","VIPER-02",Friendly,Wingman,Active,Engage,MissionAI,"VIPER-01",1,0.85,0,"BANDIT-01",False,True,True
161.589999999998,"VIPER-03","VIPER-03",Friendly,Wingman,Active,Engage,MissionAI,"VIPER-01",2,0.85,0,"BANDIT-01",False,True,True
161.589999999998,"BANDIT-01","BANDIT-01",Hostile,Patrol,Active,Evade,MissionAI,"",0,0.45,0,"VIPER-02",False,False,True
161.589999999998,"BANDIT-02","BANDIT-02",Hostile,Patrol,Neutralized,Evade,MissionAI,"",0,0.45,0,"VIPER-03",False,True,True
161.589999999998,"BANDIT-03","BANDIT-03",Hostile,Patrol,Neutralized,Evade,MissionAI,"",0,0.45,0,"VIPER-02",False,True,True
161.589999999998,"BANDIT-04","BANDIT-04",Hostile,Patrol,Neutralized,Evade,MissionAI,"",0,0.45,0,"VIPER-02",False,True,True
161.78999999999783,"VIPER-01","VIPER-01",Friendly,Player,Active,Engage,AutomationPilot,"",0,0.85,0,"BANDIT-01",False,True,True
161.78999999999783,"VIPER-02","VIPER-02",Friendly,Wingman,Active,Engage,MissionAI,"VIPER-01",1,0.85,0,"BANDIT-01",False,True,True
161.78999999999783,"VIPER-03","VIPER-03",Friendly,Wingman,Active,Engage,MissionAI,"VIPER-01",2,0.85,0,"BANDIT-01",False,True,True
161.78999999999783,"BANDIT-01","BANDIT-01",Hostile,Patrol,Active,Evade,MissionAI,"",0,0.45,0,"VIPER-02",False,False,True
161.78999999999783,"BANDIT-02","BANDIT-02",Hostile,Patrol,Neutralized,Evade,MissionAI,"",0,0.45,0,"VIPER-03",False,True,True
161.78999999999783,"BANDIT-03","BANDIT-03",Hostile,Patrol,Neutralized,Evade,MissionAI,"",0,0.45,0,"VIPER-02",False,True,True
161.78999999999783,"BANDIT-04","BANDIT-04",Hostile,Patrol,Neutralized,Evade,MissionAI,"",0,0.45,0,"VIPER-02",False,True,True
161.98999999999765,"VIPER-01","VIPER-01",Friendly,Player,Active,Engage,AutomationPilot,"",0,0.85,0,"BANDIT-01",False,True,True
161.98999999999765,"VIPER-02","VIPER-02",Friendly,Wingman,Active,Engage,MissionAI,"VIPER-01",1,0.85,0,"BANDIT-01",False,True,True
161.98999999999765,"VIPER-03","VIPER-03",Friendly,Wingman,Active,Engage,MissionAI,"VIPER-01",2,0.85,0,"BANDIT-01",False,True,True
161.98999999999765,"BANDIT-01","BANDIT-01",Hostile,Patrol,Active,Evade,MissionAI,"",0,0.45,0,"VIPER-02",False,False,True
161.98999999999765,"BANDIT-02","BANDIT-02",Hostile,Patrol,Neutralized,Evade,MissionAI,"",0,0.45,0,"VIPER-03",False,True,True
161.98999999999765,"BANDIT-03","BANDIT-03",Hostile,Patrol,Neutralized,Evade,MissionAI,"",0,0.45,0,"VIPER-02",False,True,True
161.98999999999765,"BANDIT-04","BANDIT-04",Hostile,Patrol,Neutralized,Evade,MissionAI,"",0,0.45,0,"VIPER-02",False,True,True
162.18999999999747,"VIPER-01","VIPER-01",Friendly,Player,Active,Engage,AutomationPilot,"",0,0.85,0,"BANDIT-01",False,True,True
162.18999999999747,"VIPER-02","VIPER-02",Friendly,Wingman,Active,Engage,MissionAI,"VIPER-01",1,0.85,0,"BANDIT-01",False,True,True
162.18999999999747,"VIPER-03","VIPER-03",Friendly,Wingman,Active,Engage,MissionAI,"VIPER-01",2,0.85,0,"BANDIT-01",False,True,True
162.18999999999747,"BANDIT-01","BANDIT-01",Hostile,Patrol,Active,Evade,MissionAI,"",0,0.45,0,"VIPER-02",False,False,True
162.18999999999747,"BANDIT-02","BANDIT-02",Hostile,Patrol,Neutralized,Evade,MissionAI,"",0,0.45,0,"VIPER-03",False,True,True
162.18999999999747,"BANDIT-03","BANDIT-03",Hostile,Patrol,Neutralized,Evade,MissionAI,"",0,0.45,0,"VIPER-02",False,True,True
162.18999999999747,"BANDIT-04","BANDIT-04",Hostile,Patrol,Neutralized,Evade,MissionAI,"",0,0.45,0,"VIPER-02",False,True,True
162.38999999999729,"VIPER-01","VIPER-01",Friendly,Player,Active,Engage,AutomationPilot,"",0,0.85,0,"BANDIT-01",False,True,True
162.38999999999729,"VIPER-02","VIPER-02",Friendly,Wingman,Active,Engage,MissionAI,"VIPER-01",1,0.85,0,"BANDIT-01",False,True,True
162.38999999999729,"VIPER-03","VIPER-03",Friendly,Wingman,Active,Engage,MissionAI,"VIPER-01",2,0.85,0,"BANDIT-01",False,True,True
162.38999999999729,"BANDIT-01","BANDIT-01",Hostile,Patrol,Active,Evade,MissionAI,"",0,0.45,0,"VIPER-02",False,False,True
162.38999999999729,"BANDIT-02","BANDIT-02",Hostile,Patrol,Neutralized,Evade,MissionAI,"",0,0.45,0,"VIPER-03",False,True,True
162.38999999999729,"BANDIT-03","BANDIT-03",Hostile,Patrol,Neutralized,Evade,MissionAI,"",0,0.45,0,"VIPER-02",False,True,True
162.38999999999729,"BANDIT-04","BANDIT-04",Hostile,Patrol,Neutralized,Evade,MissionAI,"",0,0.45,0,"VIPER-02",False,True,True
162.5899999999971,"VIPER-01","VIPER-01",Friendly,Player,Active,Engage,AutomationPilot,"",0,0.85,0,"BANDIT-01",False,True,True
162.5899999999971,"VIPER-02","VIPER-02",Friendly,Wingman,Active,Engage,MissionAI,"VIPER-01",1,0.85,0,"BANDIT-01",False,True,True
162.5899999999971,"VIPER-03","VIPER-03",Friendly,Wingman,Active,Engage,MissionAI,"VIPER-01",2,0.85,0,"BANDIT-01",False,True,True
162.5899999999971,"BANDIT-01","BANDIT-01",Hostile,Patrol,Active,Evade,MissionAI,"",0,0.45,0,"VIPER-02",False,False,True
162.5899999999971,"BANDIT-02","BANDIT-02",Hostile,Patrol,Neutralized,Evade,MissionAI,"",0,0.45,0,"VIPER-03",False,True,True
162.5899999999971,"BANDIT-03","BANDIT-03",Hostile,Patrol,Neutralized,Evade,MissionAI,"",0,0.45,0,"VIPER-02",False,True,True
162.5899999999971,"BANDIT-04","BANDIT-04",Hostile,Patrol,Neutralized,Evade,MissionAI,"",0,0.45,0,"VIPER-02",False,True,True
162.78999999999692,"VIPER-01","VIPER-01",Friendly,Player,Active,Engage,AutomationPilot,"",0,0.85,0,"BANDIT-01",False,True,True
162.78999999999692,"VIPER-02","VIPER-02",Friendly,Wingman,Active,Engage,MissionAI,"VIPER-01",1,0.85,0,"BANDIT-01",False,True,True
162.78999999999692,"VIPER-03","VIPER-03",Friendly,Wingman,Active,Engage,MissionAI,"VIPER-01",2,0.85,0,"BANDIT-01",False,True,True
162.78999999999692,"BANDIT-01","BANDIT-01",Hostile,Patrol,Active,Evade,MissionAI,"",0,0.45,0,"VIPER-02",False,False,True
162.78999999999692,"BANDIT-02","BANDIT-02",Hostile,Patrol,Neutralized,Evade,MissionAI,"",0,0.45,0,"VIPER-03",False,True,True
162.78999999999692,"BANDIT-03","BANDIT-03",Hostile,Patrol,Neutralized,Evade,MissionAI,"",0,0.45,0,"VIPER-02",False,True,True
162.78999999999692,"BANDIT-04","BANDIT-04",Hostile,Patrol,Neutralized,Evade,MissionAI,"",0,0.45,0,"VIPER-02",False,True,True
162.98999999999674,"VIPER-01","VIPER-01",Friendly,Player,Active,Engage,AutomationPilot,"",0,0.85,0,"BANDIT-01",False,True,True
162.98999999999674,"VIPER-02","VIPER-02",Friendly,Wingman,Active,Engage,MissionAI,"VIPER-01",1,0.85,0,"BANDIT-01",False,True,True
162.98999999999674,"VIPER-03","VIPER-03",Friendly,Wingman,Active,Engage,MissionAI,"VIPER-01",2,0.85,0,"BANDIT-01",False,True,True
162.98999999999674,"BANDIT-01","BANDIT-01",Hostile,Patrol,Active,Evade,MissionAI,"",0,0.45,0,"VIPER-02",False,False,True
162.98999999999674,"BANDIT-02","BANDIT-02",Hostile,Patrol,Neutralized,Evade,MissionAI,"",0,0.45,0,"VIPER-03",False,True,True
162.98999999999674,"BANDIT-03","BANDIT-03",Hostile,Patrol,Neutralized,Evade,MissionAI,"",0,0.45,0,"VIPER-02",False,True,True
162.98999999999674,"BANDIT-04","BANDIT-04",Hostile,Patrol,Neutralized,Evade,MissionAI,"",0,0.45,0,"VIPER-02",False,True,True
163.18999999999656,"VIPER-01","VIPER-01",Friendly,Player,Active,Engage,AutomationPilot,"",0,0.85,0,"BANDIT-01",False,True,True
163.18999999999656,"VIPER-02","VIPER-02",Friendly,Wingman,Active,Engage,MissionAI,"VIPER-01",1,0.85,0,"BANDIT-01",False,True,True
163.18999999999656,"VIPER-03","VIPER-03",Friendly,Wingman,Active,Engage,MissionAI,"VIPER-01",2,0.85,0,"BANDIT-01",False,True,True
163.18999999999656,"BANDIT-01","BANDIT-01",Hostile,Patrol,Active,Evade,MissionAI,"",0,0.45,0,"VIPER-02",False,False,True
163.18999999999656,"BANDIT-02","BANDIT-02",Hostile,Patrol,Neutralized,Evade,MissionAI,"",0,0.45,0,"VIPER-03",False,True,True
163.18999999999656,"BANDIT-03","BANDIT-03",Hostile,Patrol,Neutralized,Evade,MissionAI,"",0,0.45,0,"VIPER-02",False,True,True
163.18999999999656,"BANDIT-04","BANDIT-04",Hostile,Patrol,Neutralized,Evade,MissionAI,"",0,0.45,0,"VIPER-02",False,True,True
163.38999999999638,"VIPER-01","VIPER-01",Friendly,Player,Active,Engage,AutomationPilot,"",0,0.85,0,"BANDIT-01",False,True,True
163.38999999999638,"VIPER-02","VIPER-02",Friendly,Wingman,Active,Engage,MissionAI,"VIPER-01",1,0.85,0,"BANDIT-01",False,True,True
163.38999999999638,"VIPER-03","VIPER-03",Friendly,Wingman,Active,Engage,MissionAI,"VIPER-01",2,0.85,0,"BANDIT-01",False,True,True
163.38999999999638,"BANDIT-01","BANDIT-01",Hostile,Patrol,Active,Evade,MissionAI,"",0,0.45,0,"VIPER-02",False,False,True
163.38999999999638,"BANDIT-02","BANDIT-02",Hostile,Patrol,Neutralized,Evade,MissionAI,"",0,0.45,0,"VIPER-03",False,True,True
163.38999999999638,"BANDIT-03","BANDIT-03",Hostile,Patrol,Neutralized,Evade,MissionAI,"",0,0.45,0,"VIPER-02",False,True,True
163.38999999999638,"BANDIT-04","BANDIT-04",Hostile,Patrol,Neutralized,Evade,MissionAI,"",0,0.45,0,"VIPER-02",False,True,True
163.58999999999619,"VIPER-01","VIPER-01",Friendly,Player,Active,Engage,AutomationPilot,"",0,0.85,0,"BANDIT-01",False,True,True
163.58999999999619,"VIPER-02","VIPER-02",Friendly,Wingman,Active,Engage,MissionAI,"VIPER-01",1,0.85,0,"BANDIT-01",False,True,True
163.58999999999619,"VIPER-03","VIPER-03",Friendly,Wingman,Active,Engage,MissionAI,"VIPER-01",2,0.85,0,"BANDIT-01",False,True,True
163.58999999999619,"BANDIT-01","BANDIT-01",Hostile,Patrol,Active,Evade,MissionAI,"",0,0.45,0,"VIPER-02",False,False,True
163.58999999999619,"BANDIT-02","BANDIT-02",Hostile,Patrol,Neutralized,Evade,MissionAI,"",0,0.45,0,"VIPER-03",False,True,True
163.58999999999619,"BANDIT-03","BANDIT-03",Hostile,Patrol,Neutralized,Evade,MissionAI,"",0,0.45,0,"VIPER-02",False,True,True
163.58999999999619,"BANDIT-04","BANDIT-04",Hostile,Patrol,Neutralized,Evade,MissionAI,"",0,0.45,0,"VIPER-02",False,True,True
163.789999999996,"VIPER-01","VIPER-01",Friendly,Player,Active,Engage,AutomationPilot,"",0,0.85,0,"BANDIT-01",False,True,True
163.789999999996,"VIPER-02","VIPER-02",Friendly,Wingman,Active,Engage,MissionAI,"VIPER-01",1,0.85,0,"BANDIT-01",False,True,True
163.789999999996,"VIPER-03","VIPER-03",Friendly,Wingman,Active,Engage,MissionAI,"VIPER-01",2,0.85,0,"BANDIT-01",False,True,True
163.789999999996,"BANDIT-01","BANDIT-01",Hostile,Patrol,Active,Evade,MissionAI,"",0,0.45,0,"VIPER-02",False,False,True
163.789999999996,"BANDIT-02","BANDIT-02",Hostile,Patrol,Neutralized,Evade,MissionAI,"",0,0.45,0,"VIPER-03",False,True,True
163.789999999996,"BANDIT-03","BANDIT-03",Hostile,Patrol,Neutralized,Evade,MissionAI,"",0,0.45,0,"VIPER-02",False,True,True
163.789999999996,"BANDIT-04","BANDIT-04",Hostile,Patrol,Neutralized,Evade,MissionAI,"",0,0.45,0,"VIPER-02",False,True,True
163.98999999999583,"VIPER-01","VIPER-01",Friendly,Player,Active,Engage,AutomationPilot,"",0,0.85,0,"BANDIT-01",False,True,True
163.98999999999583,"VIPER-02","VIPER-02",Friendly,Wingman,Active,Engage,MissionAI,"VIPER-01",1,0.85,0,"BANDIT-01",False,True,True
163.98999999999583,"VIPER-03","VIPER-03",Friendly,Wingman,Active,Engage,MissionAI,"VIPER-01",2,0.85,0,"BANDIT-01",False,True,True
163.98999999999583,"BANDIT-01","BANDIT-01",Hostile,Patrol,Active,Evade,MissionAI,"",0,0.45,0,"VIPER-02",False,False,True
163.98999999999583,"BANDIT-02","BANDIT-02",Hostile,Patrol,Neutralized,Evade,MissionAI,"",0,0.45,0,"VIPER-03",False,True,True
163.98999999999583,"BANDIT-03","BANDIT-03",Hostile,Patrol,Neutralized,Evade,MissionAI,"",0,0.45,0,"VIPER-02",False,True,True
163.98999999999583,"BANDIT-04","BANDIT-04",Hostile,Patrol,Neutralized,Evade,MissionAI,"",0,0.45,0,"VIPER-02",False,True,True
164.18999999999565,"VIPER-01","VIPER-01",Friendly,Player,Active,Engage,AutomationPilot,"",0,0.85,0,"BANDIT-01",False,True,True
164.18999999999565,"VIPER-02","VIPER-02",Friendly,Wingman,Active,Engage,MissionAI,"VIPER-01",1,0.85,0,"BANDIT-01",False,True,True
164.18999999999565,"VIPER-03","VIPER-03",Friendly,Wingman,Active,Engage,MissionAI,"VIPER-01",2,0.85,0,"BANDIT-01",False,True,True
164.18999999999565,"BANDIT-01","BANDIT-01",Hostile,Patrol,Active,Evade,MissionAI,"",0,0.45,0,"VIPER-02",False,False,True
164.18999999999565,"BANDIT-02","BANDIT-02",Hostile,Patrol,Neutralized,Evade,MissionAI,"",0,0.45,0,"VIPER-03",False,True,True
164.18999999999565,"BANDIT-03","BANDIT-03",Hostile,Patrol,Neutralized,Evade,MissionAI,"",0,0.45,0,"VIPER-02",False,True,True
164.18999999999565,"BANDIT-04","BANDIT-04",Hostile,Patrol,Neutralized,Evade,MissionAI,"",0,0.45,0,"VIPER-02",False,True,True
164.38999999999547,"VIPER-01","VIPER-01",Friendly,Player,Active,Engage,AutomationPilot,"",0,0.85,0,"BANDIT-01",False,True,True
164.38999999999547,"VIPER-02","VIPER-02",Friendly,Wingman,Active,Engage,MissionAI,"VIPER-01",1,0.85,0,"BANDIT-01",False,True,True
164.38999999999547,"VIPER-03","VIPER-03",Friendly,Wingman,Active,Engage,MissionAI,"VIPER-01",2,0.85,0,"BANDIT-01",False,True,True
164.38999999999547,"BANDIT-01","BANDIT-01",Hostile,Patrol,Active,Evade,MissionAI,"",0,0.45,0,"VIPER-02",False,False,True
164.38999999999547,"BANDIT-02","BANDIT-02",Hostile,Patrol,Neutralized,Evade,MissionAI,"",0,0.45,0,"VIPER-03",False,True,True
164.38999999999547,"BANDIT-03","BANDIT-03",Hostile,Patrol,Neutralized,Evade,MissionAI,"",0,0.45,0,"VIPER-02",False,True,True
164.38999999999547,"BANDIT-04","BANDIT-04",Hostile,Patrol,Neutralized,Evade,MissionAI,"",0,0.45,0,"VIPER-02",False,True,True
164.58999999999529,"VIPER-01","VIPER-01",Friendly,Player,Active,Engage,AutomationPilot,"",0,0.85,0,"BANDIT-01",False,True,True
164.58999999999529,"VIPER-02","VIPER-02",Friendly,Wingman,Active,Engage,MissionAI,"VIPER-01",1,0.85,0,"BANDIT-01",False,True,True
164.58999999999529,"VIPER-03","VIPER-03",Friendly,Wingman,Active,Engage,MissionAI,"VIPER-01",2,0.85,0,"BANDIT-01",False,True,True
164.58999999999529,"BANDIT-01","BANDIT-01",Hostile,Patrol,Active,Evade,MissionAI,"",0,0.45,0,"VIPER-02",False,False,True
164.58999999999529,"BANDIT-02","BANDIT-02",Hostile,Patrol,Neutralized,Evade,MissionAI,"",0,0.45,0,"VIPER-03",False,True,True
164.58999999999529,"BANDIT-03","BANDIT-03",Hostile,Patrol,Neutralized,Evade,MissionAI,"",0,0.45,0,"VIPER-02",False,True,True
164.58999999999529,"BANDIT-04","BANDIT-04",Hostile,Patrol,Neutralized,Evade,MissionAI,"",0,0.45,0,"VIPER-02",False,True,True
164.7899999999951,"VIPER-01","VIPER-01",Friendly,Player,Active,Engage,AutomationPilot,"",0,0.85,0,"BANDIT-01",False,True,True
164.7899999999951,"VIPER-02","VIPER-02",Friendly,Wingman,Active,Engage,MissionAI,"VIPER-01",1,0.85,0,"BANDIT-01",False,True,True
164.7899999999951,"VIPER-03","VIPER-03",Friendly,Wingman,Active,Engage,MissionAI,"VIPER-01",2,0.85,0,"BANDIT-01",False,True,True
164.7899999999951,"BANDIT-01","BANDIT-01",Hostile,Patrol,Active,Evade,MissionAI,"",0,0.45,0,"VIPER-02",False,False,True
164.7899999999951,"BANDIT-02","BANDIT-02",Hostile,Patrol,Neutralized,Evade,MissionAI,"",0,0.45,0,"VIPER-03",False,True,True
164.7899999999951,"BANDIT-03","BANDIT-03",Hostile,Patrol,Neutralized,Evade,MissionAI,"",0,0.45,0,"VIPER-02",False,True,True
164.7899999999951,"BANDIT-04","BANDIT-04",Hostile,Patrol,Neutralized,Evade,MissionAI,"",0,0.45,0,"VIPER-02",False,True,True
164.98999999999492,"VIPER-01","VIPER-01",Friendly,Player,Active,Engage,AutomationPilot,"",0,0.85,0,"BANDIT-01",False,True,True
164.98999999999492,"VIPER-02","VIPER-02",Friendly,Wingman,Active,Engage,MissionAI,"VIPER-01",1,0.85,0,"BANDIT-01",False,True,True
164.98999999999492,"VIPER-03","VIPER-03",Friendly,Wingman,Active,Engage,MissionAI,"VIPER-01",2,0.85,0,"BANDIT-01",False,True,True
164.98999999999492,"BANDIT-01","BANDIT-01",Hostile,Patrol,Active,Evade,MissionAI,"",0,0.45,0,"VIPER-02",False,False,True
164.98999999999492,"BANDIT-02","BANDIT-02",Hostile,Patrol,Neutralized,Evade,MissionAI,"",0,0.45,0,"VIPER-03",False,True,True
164.98999999999492,"BANDIT-03","BANDIT-03",Hostile,Patrol,Neutralized,Evade,MissionAI,"",0,0.45,0,"VIPER-02",False,True,True
164.98999999999492,"BANDIT-04","BANDIT-04",Hostile,Patrol,Neutralized,Evade,MissionAI,"",0,0.45,0,"VIPER-02",False,True,True
165.18999999999474,"VIPER-01","VIPER-01",Friendly,Player,Active,Engage,AutomationPilot,"",0,0.85,0,"BANDIT-01",False,True,True
165.18999999999474,"VIPER-02","VIPER-02",Friendly,Wingman,Active,Engage,MissionAI,"VIPER-01",1,0.85,0,"BANDIT-01",False,True,True
165.18999999999474,"VIPER-03","VIPER-03",Friendly,Wingman,Active,Engage,MissionAI,"VIPER-01",2,0.85,0,"BANDIT-01",False,True,True
165.18999999999474,"BANDIT-01","BANDIT-01",Hostile,Patrol,Active,Evade,MissionAI,"",0,0.45,0,"VIPER-02",False,False,True
165.18999999999474,"BANDIT-02","BANDIT-02",Hostile,Patrol,Neutralized,Evade,MissionAI,"",0,0.45,0,"VIPER-03",False,True,True
165.18999999999474,"BANDIT-03","BANDIT-03",Hostile,Patrol,Neutralized,Evade,MissionAI,"",0,0.45,0,"VIPER-02",False,True,True
165.18999999999474,"BANDIT-04","BANDIT-04",Hostile,Patrol,Neutralized,Evade,MissionAI,"",0,0.45,0,"VIPER-02",False,True,True
165.38999999999456,"VIPER-01","VIPER-01",Friendly,Player,Active,Engage,AutomationPilot,"",0,0.85,0,"BANDIT-01",False,True,True
165.38999999999456,"VIPER-02","VIPER-02",Friendly,Wingman,Active,Engage,MissionAI,"VIPER-01",1,0.85,0,"BANDIT-01",False,True,True
165.38999999999456,"VIPER-03","VIPER-03",Friendly,Wingman,Active,Engage,MissionAI,"VIPER-01",2,0.85,0,"BANDIT-01",False,True,True
165.38999999999456,"BANDIT-01","BANDIT-01",Hostile,Patrol,Active,Evade,MissionAI,"",0,0.45,0,"VIPER-02",False,False,True
165.38999999999456,"BANDIT-02","BANDIT-02",Hostile,Patrol,Neutralized,Evade,MissionAI,"",0,0.45,0,"VIPER-03",False,True,True
165.38999999999456,"BANDIT-03","BANDIT-03",Hostile,Patrol,Neutralized,Evade,MissionAI,"",0,0.45,0,"VIPER-02",False,True,True
165.38999999999456,"BANDIT-04","BANDIT-04",Hostile,Patrol,Neutralized,Evade,MissionAI,"",0,0.45,0,"VIPER-02",False,True,True
165.58999999999438,"VIPER-01","VIPER-01",Friendly,Player,Active,Engage,AutomationPilot,"",0,0.85,0,"BANDIT-01",False,True,True
165.58999999999438,"VIPER-02","VIPER-02",Friendly,Wingman,Active,Engage,MissionAI,"VIPER-01",1,0.85,0,"BANDIT-01",False,True,True
165.58999999999438,"VIPER-03","VIPER-03",Friendly,Wingman,Active,Engage,MissionAI,"VIPER-01",2,0.85,0,"BANDIT-01",False,True,True
165.58999999999438,"BANDIT-01","BANDIT-01",Hostile,Patrol,Active,Evade,MissionAI,"",0,0.45,0,"VIPER-02",False,False,True
165.58999999999438,"BANDIT-02","BANDIT-02",Hostile,Patrol,Neutralized,Evade,MissionAI,"",0,0.45,0,"VIPER-03",False,True,True
165.58999999999438,"BANDIT-03","BANDIT-03",Hostile,Patrol,Neutralized,Evade,MissionAI,"",0,0.45,0,"VIPER-02",False,True,True
165.58999999999438,"BANDIT-04","BANDIT-04",Hostile,Patrol,Neutralized,Evade,MissionAI,"",0,0.45,0,"VIPER-02",False,True,True
165.78999999999419,"VIPER-01","VIPER-01",Friendly,Player,Active,Engage,AutomationPilot,"",0,0.85,0,"BANDIT-01",False,True,True
165.78999999999419,"VIPER-02","VIPER-02",Friendly,Wingman,Active,Engage,MissionAI,"VIPER-01",1,0.85,0,"BANDIT-01",False,True,True
165.78999999999419,"VIPER-03","VIPER-03",Friendly,Wingman,Active,Engage,MissionAI,"VIPER-01",2,0.85,0,"BANDIT-01",False,True,True
165.78999999999419,"BANDIT-01","BANDIT-01",Hostile,Patrol,Active,Evade,MissionAI,"",0,0.45,0,"VIPER-02",False,False,True
165.78999999999419,"BANDIT-02","BANDIT-02",Hostile,Patrol,Neutralized,Evade,MissionAI,"",0,0.45,0,"VIPER-03",False,True,True
165.78999999999419,"BANDIT-03","BANDIT-03",Hostile,Patrol,Neutralized,Evade,MissionAI,"",0,0.45,0,"VIPER-02",False,True,True
165.78999999999419,"BANDIT-04","BANDIT-04",Hostile,Patrol,Neutralized,Evade,MissionAI,"",0,0.45,0,"VIPER-02",False,True,True
165.989999999994,"VIPER-01","VIPER-01",Friendly,Player,Active,Engage,AutomationPilot,"",0,0.85,0,"BANDIT-01",False,True,True
165.989999999994,"VIPER-02","VIPER-02",Friendly,Wingman,Active,Engage,MissionAI,"VIPER-01",1,0.85,0,"BANDIT-01",False,True,True
165.989999999994,"VIPER-03","VIPER-03",Friendly,Wingman,Active,Engage,MissionAI,"VIPER-01",2,0.85,0,"BANDIT-01",False,True,True
165.989999999994,"BANDIT-01","BANDIT-01",Hostile,Patrol,Active,Evade,MissionAI,"",0,0.45,0,"VIPER-02",False,False,True
165.989999999994,"BANDIT-02","BANDIT-02",Hostile,Patrol,Neutralized,Evade,MissionAI,"",0,0.45,0,"VIPER-03",False,True,True
165.989999999994,"BANDIT-03","BANDIT-03",Hostile,Patrol,Neutralized,Evade,MissionAI,"",0,0.45,0,"VIPER-02",False,True,True
165.989999999994,"BANDIT-04","BANDIT-04",Hostile,Patrol,Neutralized,Evade,MissionAI,"",0,0.45,0,"VIPER-02",False,True,True
166.18999999999383,"VIPER-01","VIPER-01",Friendly,Player,Active,Engage,AutomationPilot,"",0,0.85,0,"BANDIT-01",False,True,True
166.18999999999383,"VIPER-02","VIPER-02",Friendly,Wingman,Active,Engage,MissionAI,"VIPER-01",1,0.85,0,"BANDIT-01",False,True,True
166.18999999999383,"VIPER-03","VIPER-03",Friendly,Wingman,Active,Engage,MissionAI,"VIPER-01",2,0.85,0,"BANDIT-01",False,True,True
166.18999999999383,"BANDIT-01","BANDIT-01",Hostile,Patrol,Active,Evade,MissionAI,"",0,0.45,0,"VIPER-02",False,False,True
166.18999999999383,"BANDIT-02","BANDIT-02",Hostile,Patrol,Neutralized,Evade,MissionAI,"",0,0.45,0,"VIPER-03",False,True,True
166.18999999999383,"BANDIT-03","BANDIT-03",Hostile,Patrol,Neutralized,Evade,MissionAI,"",0,0.45,0,"VIPER-02",False,True,True
166.18999999999383,"BANDIT-04","BANDIT-04",Hostile,Patrol,Neutralized,Evade,MissionAI,"",0,0.45,0,"VIPER-02",False,True,True
166.38999999999365,"VIPER-01","VIPER-01",Friendly,Player,Active,Engage,AutomationPilot,"",0,0.85,0,"BANDIT-01",False,True,True
166.38999999999365,"VIPER-02","VIPER-02",Friendly,Wingman,Active,Engage,MissionAI,"VIPER-01",1,0.85,0,"BANDIT-01",False,True,True
166.38999999999365,"VIPER-03","VIPER-03",Friendly,Wingman,Active,Engage,MissionAI,"VIPER-01",2,0.85,0,"BANDIT-01",False,True,True
166.38999999999365,"BANDIT-01","BANDIT-01",Hostile,Patrol,Active,Evade,MissionAI,"",0,0.45,0,"VIPER-02",False,False,True
166.38999999999365,"BANDIT-02","BANDIT-02",Hostile,Patrol,Neutralized,Evade,MissionAI,"",0,0.45,0,"VIPER-03",False,True,True
166.38999999999365,"BANDIT-03","BANDIT-03",Hostile,Patrol,Neutralized,Evade,MissionAI,"",0,0.45,0,"VIPER-02",False,True,True
166.38999999999365,"BANDIT-04","BANDIT-04",Hostile,Patrol,Neutralized,Evade,MissionAI,"",0,0.45,0,"VIPER-02",False,True,True
166.58999999999347,"VIPER-01","VIPER-01",Friendly,Player,Active,Engage,AutomationPilot,"",0,0.85,0,"BANDIT-01",False,True,True
166.58999999999347,"VIPER-02","VIPER-02",Friendly,Wingman,Active,Engage,MissionAI,"VIPER-01",1,0.85,0,"BANDIT-01",False,True,True
166.58999999999347,"VIPER-03","VIPER-03",Friendly,Wingman,Active,Engage,MissionAI,"VIPER-01",2,0.85,0,"BANDIT-01",False,True,True
166.58999999999347,"BANDIT-01","BANDIT-01",Hostile,Patrol,Active,Evade,MissionAI,"",0,0.45,0,"VIPER-02",False,False,True
166.58999999999347,"BANDIT-02","BANDIT-02",Hostile,Patrol,Neutralized,Evade,MissionAI,"",0,0.45,0,"VIPER-03",False,True,True
166.58999999999347,"BANDIT-03","BANDIT-03",Hostile,Patrol,Neutralized,Evade,MissionAI,"",0,0.45,0,"VIPER-02",False,True,True
166.58999999999347,"BANDIT-04","BANDIT-04",Hostile,Patrol,Neutralized,Evade,MissionAI,"",0,0.45,0,"VIPER-02",False,True,True
166.78999999999328,"VIPER-01","VIPER-01",Friendly,Player,Active,Engage,AutomationPilot,"",0,0.85,0,"BANDIT-01",False,True,True
166.78999999999328,"VIPER-02","VIPER-02",Friendly,Wingman,Active,Engage,MissionAI,"VIPER-01",1,0.85,0,"BANDIT-01",False,True,True
166.78999999999328,"VIPER-03","VIPER-03",Friendly,Wingman,Active,Engage,MissionAI,"VIPER-01",2,0.85,0,"BANDIT-01",False,True,True
166.78999999999328,"BANDIT-01","BANDIT-01",Hostile,Patrol,Active,Evade,MissionAI,"",0,0.45,0,"VIPER-02",False,False,True
166.78999999999328,"BANDIT-02","BANDIT-02",Hostile,Patrol,Neutralized,Evade,MissionAI,"",0,0.45,0,"VIPER-03",False,True,True
166.78999999999328,"BANDIT-03","BANDIT-03",Hostile,Patrol,Neutralized,Evade,MissionAI,"",0,0.45,0,"VIPER-02",False,True,True
166.78999999999328,"BANDIT-04","BANDIT-04",Hostile,Patrol,Neutralized,Evade,MissionAI,"",0,0.45,0,"VIPER-02",False,True,True
166.9899999999931,"VIPER-01","VIPER-01",Friendly,Player,Active,Engage,AutomationPilot,"",0,0.85,0,"BANDIT-01",False,True,True
166.9899999999931,"VIPER-02","VIPER-02",Friendly,Wingman,Active,Engage,MissionAI,"VIPER-01",1,0.85,0,"BANDIT-01",False,True,True
166.9899999999931,"VIPER-03","VIPER-03",Friendly,Wingman,Active,Engage,MissionAI,"VIPER-01",2,0.85,0,"BANDIT-01",False,True,True
166.9899999999931,"BANDIT-01","BANDIT-01",Hostile,Patrol,Active,Evade,MissionAI,"",0,0.45,0,"VIPER-02",False,False,True
166.9899999999931,"BANDIT-02","BANDIT-02",Hostile,Patrol,Neutralized,Evade,MissionAI,"",0,0.45,0,"VIPER-03",False,True,True
166.9899999999931,"BANDIT-03","BANDIT-03",Hostile,Patrol,Neutralized,Evade,MissionAI,"",0,0.45,0,"VIPER-02",False,True,True
166.9899999999931,"BANDIT-04","BANDIT-04",Hostile,Patrol,Neutralized,Evade,MissionAI,"",0,0.45,0,"VIPER-02",False,True,True
167.18999999999292,"VIPER-01","VIPER-01",Friendly,Player,Active,Engage,AutomationPilot,"",0,0.85,0,"BANDIT-01",False,True,True
167.18999999999292,"VIPER-02","VIPER-02",Friendly,Wingman,Active,Engage,MissionAI,"VIPER-01",1,0.85,0,"BANDIT-01",False,True,True
167.18999999999292,"VIPER-03","VIPER-03",Friendly,Wingman,Active,Engage,MissionAI,"VIPER-01",2,0.85,0,"BANDIT-01",False,True,True
167.18999999999292,"BANDIT-01","BANDIT-01",Hostile,Patrol,Active,Evade,MissionAI,"",0,0.45,0,"VIPER-02",False,False,True
167.18999999999292,"BANDIT-02","BANDIT-02",Hostile,Patrol,Neutralized,Evade,MissionAI,"",0,0.45,0,"VIPER-03",False,True,True
167.18999999999292,"BANDIT-03","BANDIT-03",Hostile,Patrol,Neutralized,Evade,MissionAI,"",0,0.45,0,"VIPER-02",False,True,True
167.18999999999292,"BANDIT-04","BANDIT-04",Hostile,Patrol,Neutralized,Evade,MissionAI,"",0,0.45,0,"VIPER-02",False,True,True
167.38999999999274,"VIPER-01","VIPER-01",Friendly,Player,Active,Engage,AutomationPilot,"",0,0.85,0,"BANDIT-01",False,True,True
167.38999999999274,"VIPER-02","VIPER-02",Friendly,Wingman,Active,Engage,MissionAI,"VIPER-01",1,0.85,0,"BANDIT-01",False,True,True
167.38999999999274,"VIPER-03","VIPER-03",Friendly,Wingman,Active,Engage,MissionAI,"VIPER-01",2,0.85,0,"BANDIT-01",False,True,True
167.38999999999274,"BANDIT-01","BANDIT-01",Hostile,Patrol,Active,Evade,MissionAI,"",0,0.45,0,"VIPER-02",False,False,True
167.38999999999274,"BANDIT-02","BANDIT-02",Hostile,Patrol,Neutralized,Evade,MissionAI,"",0,0.45,0,"VIPER-03",False,True,True
167.38999999999274,"BANDIT-03","BANDIT-03",Hostile,Patrol,Neutralized,Evade,MissionAI,"",0,0.45,0,"VIPER-02",False,True,True
167.38999999999274,"BANDIT-04","BANDIT-04",Hostile,Patrol,Neutralized,Evade,MissionAI,"",0,0.45,0,"VIPER-02",False,True,True
167.58999999999256,"VIPER-01","VIPER-01",Friendly,Player,Active,Engage,AutomationPilot,"",0,0.85,0,"BANDIT-01",False,True,True
167.58999999999256,"VIPER-02","VIPER-02",Friendly,Wingman,Active,Engage,MissionAI,"VIPER-01",1,0.85,0,"BANDIT-01",False,True,True
167.58999999999256,"VIPER-03","VIPER-03",Friendly,Wingman,Active,Engage,MissionAI,"VIPER-01",2,0.85,0,"BANDIT-01",False,True,True
167.58999999999256,"BANDIT-01","BANDIT-01",Hostile,Patrol,Active,Evade,MissionAI,"",0,0.45,0,"VIPER-02",False,False,True
167.58999999999256,"BANDIT-02","BANDIT-02",Hostile,Patrol,Neutralized,Evade,MissionAI,"",0,0.45,0,"VIPER-03",False,True,True
167.58999999999256,"BANDIT-03","BANDIT-03",Hostile,Patrol,Neutralized,Evade,MissionAI,"",0,0.45,0,"VIPER-02",False,True,True
167.58999999999256,"BANDIT-04","BANDIT-04",Hostile,Patrol,Neutralized,Evade,MissionAI,"",0,0.45,0,"VIPER-02",False,True,True
167.78999999999238,"VIPER-01","VIPER-01",Friendly,Player,Active,Engage,AutomationPilot,"",0,0.85,0,"BANDIT-01",False,True,True
167.78999999999238,"VIPER-02","VIPER-02",Friendly,Wingman,Active,Engage,MissionAI,"VIPER-01",1,0.85,0,"BANDIT-01",False,True,True
167.78999999999238,"VIPER-03","VIPER-03",Friendly,Wingman,Active,Engage,MissionAI,"VIPER-01",2,0.85,0,"BANDIT-01",False,True,True
167.78999999999238,"BANDIT-01","BANDIT-01",Hostile,Patrol,Active,Evade,MissionAI,"",0,0.45,0,"VIPER-02",False,False,True
167.78999999999238,"BANDIT-02","BANDIT-02",Hostile,Patrol,Neutralized,Evade,MissionAI,"",0,0.45,0,"VIPER-03",False,True,True
167.78999999999238,"BANDIT-03","BANDIT-03",Hostile,Patrol,Neutralized,Evade,MissionAI,"",0,0.45,0,"VIPER-02",False,True,True
167.78999999999238,"BANDIT-04","BANDIT-04",Hostile,Patrol,Neutralized,Evade,MissionAI,"",0,0.45,0,"VIPER-02",False,True,True
167.98999999999219,"VIPER-01","VIPER-01",Friendly,Player,Active,Engage,AutomationPilot,"",0,0.85,0,"BANDIT-01",False,True,True
167.98999999999219,"VIPER-02","VIPER-02",Friendly,Wingman,Active,Engage,MissionAI,"VIPER-01",1,0.85,0,"BANDIT-01",False,True,True
167.98999999999219,"VIPER-03","VIPER-03",Friendly,Wingman,Active,Engage,MissionAI,"VIPER-01",2,0.85,0,"BANDIT-01",False,True,True
167.98999999999219,"BANDIT-01","BANDIT-01",Hostile,Patrol,Active,Evade,MissionAI,"",0,0.45,0,"VIPER-02",False,False,True
167.98999999999219,"BANDIT-02","BANDIT-02",Hostile,Patrol,Neutralized,Evade,MissionAI,"",0,0.45,0,"VIPER-03",False,True,True
167.98999999999219,"BANDIT-03","BANDIT-03",Hostile,Patrol,Neutralized,Evade,MissionAI,"",0,0.45,0,"VIPER-02",False,True,True
167.98999999999219,"BANDIT-04","BANDIT-04",Hostile,Patrol,Neutralized,Evade,MissionAI,"",0,0.45,0,"VIPER-02",False,True,True
168.189999999992,"VIPER-01","VIPER-01",Friendly,Player,Active,Engage,AutomationPilot,"",0,0.85,0,"BANDIT-01",False,True,True
168.189999999992,"VIPER-02","VIPER-02",Friendly,Wingman,Active,Engage,MissionAI,"VIPER-01",1,0.85,0,"BANDIT-01",False,True,True
168.189999999992,"VIPER-03","VIPER-03",Friendly,Wingman,Active,Engage,MissionAI,"VIPER-01",2,0.85,0,"BANDIT-01",False,True,True
168.189999999992,"BANDIT-01","BANDIT-01",Hostile,Patrol,Active,Evade,MissionAI,"",0,0.45,0,"VIPER-02",False,False,True
168.189999999992,"BANDIT-02","BANDIT-02",Hostile,Patrol,Neutralized,Evade,MissionAI,"",0,0.45,0,"VIPER-03",False,True,True
168.189999999992,"BANDIT-03","BANDIT-03",Hostile,Patrol,Neutralized,Evade,MissionAI,"",0,0.45,0,"VIPER-02",False,True,True
168.189999999992,"BANDIT-04","BANDIT-04",Hostile,Patrol,Neutralized,Evade,MissionAI,"",0,0.45,0,"VIPER-02",False,True,True
168.38999999999183,"VIPER-01","VIPER-01",Friendly,Player,Active,Engage,AutomationPilot,"",0,0.85,0,"BANDIT-01",False,True,True
168.38999999999183,"VIPER-02","VIPER-02",Friendly,Wingman,Active,Engage,MissionAI,"VIPER-01",1,0.85,0,"BANDIT-01",False,True,True
168.38999999999183,"VIPER-03","VIPER-03",Friendly,Wingman,Active,Engage,MissionAI,"VIPER-01",2,0.85,0,"BANDIT-01",False,True,True
168.38999999999183,"BANDIT-01","BANDIT-01",Hostile,Patrol,Active,Evade,MissionAI,"",0,0.45,0,"VIPER-02",False,False,True
168.38999999999183,"BANDIT-02","BANDIT-02",Hostile,Patrol,Neutralized,Evade,MissionAI,"",0,0.45,0,"VIPER-03",False,True,True
168.38999999999183,"BANDIT-03","BANDIT-03",Hostile,Patrol,Neutralized,Evade,MissionAI,"",0,0.45,0,"VIPER-02",False,True,True
168.38999999999183,"BANDIT-04","BANDIT-04",Hostile,Patrol,Neutralized,Evade,MissionAI,"",0,0.45,0,"VIPER-02",False,True,True
168.58999999999165,"VIPER-01","VIPER-01",Friendly,Player,Active,Engage,AutomationPilot,"",0,0.85,0,"BANDIT-01",False,True,True
168.58999999999165,"VIPER-02","VIPER-02",Friendly,Wingman,Active,Engage,MissionAI,"VIPER-01",1,0.85,0,"BANDIT-01",False,True,True
168.58999999999165,"VIPER-03","VIPER-03",Friendly,Wingman,Active,Engage,MissionAI,"VIPER-01",2,0.85,0,"BANDIT-01",False,True,True
168.58999999999165,"BANDIT-01","BANDIT-01",Hostile,Patrol,Active,Evade,MissionAI,"",0,0.45,0,"VIPER-02",False,False,True
168.58999999999165,"BANDIT-02","BANDIT-02",Hostile,Patrol,Neutralized,Evade,MissionAI,"",0,0.45,0,"VIPER-03",False,True,True
168.58999999999165,"BANDIT-03","BANDIT-03",Hostile,Patrol,Neutralized,Evade,MissionAI,"",0,0.45,0,"VIPER-02",False,True,True
168.58999999999165,"BANDIT-04","BANDIT-04",Hostile,Patrol,Neutralized,Evade,MissionAI,"",0,0.45,0,"VIPER-02",False,True,True
168.78999999999147,"VIPER-01","VIPER-01",Friendly,Player,Active,Engage,AutomationPilot,"",0,0.85,0,"BANDIT-01",False,True,True
168.78999999999147,"VIPER-02","VIPER-02",Friendly,Wingman,Active,Engage,MissionAI,"VIPER-01",1,0.85,0,"BANDIT-01",False,True,True
168.78999999999147,"VIPER-03","VIPER-03",Friendly,Wingman,Active,Engage,MissionAI,"VIPER-01",2,0.85,0,"BANDIT-01",False,True,True
168.78999999999147,"BANDIT-01","BANDIT-01",Hostile,Patrol,Active,Evade,MissionAI,"",0,0.45,0,"VIPER-02",False,False,True
168.78999999999147,"BANDIT-02","BANDIT-02",Hostile,Patrol,Neutralized,Evade,MissionAI,"",0,0.45,0,"VIPER-03",False,True,True
168.78999999999147,"BANDIT-03","BANDIT-03",Hostile,Patrol,Neutralized,Evade,MissionAI,"",0,0.45,0,"VIPER-02",False,True,True
168.78999999999147,"BANDIT-04","BANDIT-04",Hostile,Patrol,Neutralized,Evade,MissionAI,"",0,0.45,0,"VIPER-02",False,True,True
168.98999999999128,"VIPER-01","VIPER-01",Friendly,Player,Active,Engage,AutomationPilot,"",0,0.85,0,"BANDIT-01",False,True,True
168.98999999999128,"VIPER-02","VIPER-02",Friendly,Wingman,Active,Engage,MissionAI,"VIPER-01",1,0.85,0,"BANDIT-01",False,True,True
168.98999999999128,"VIPER-03","VIPER-03",Friendly,Wingman,Active,Engage,MissionAI,"VIPER-01",2,0.85,0,"BANDIT-01",False,True,True
168.98999999999128,"BANDIT-01","BANDIT-01",Hostile,Patrol,Active,Evade,MissionAI,"",0,0.45,0,"VIPER-02",False,False,True
168.98999999999128,"BANDIT-02","BANDIT-02",Hostile,Patrol,Neutralized,Evade,MissionAI,"",0,0.45,0,"VIPER-03",False,True,True
168.98999999999128,"BANDIT-03","BANDIT-03",Hostile,Patrol,Neutralized,Evade,MissionAI,"",0,0.45,0,"VIPER-02",False,True,True
168.98999999999128,"BANDIT-04","BANDIT-04",Hostile,Patrol,Neutralized,Evade,MissionAI,"",0,0.45,0,"VIPER-02",False,True,True
169.1899999999911,"VIPER-01","VIPER-01",Friendly,Player,Active,Engage,AutomationPilot,"",0,0.85,0,"BANDIT-01",False,True,True
169.1899999999911,"VIPER-02","VIPER-02",Friendly,Wingman,Active,Engage,MissionAI,"VIPER-01",1,0.85,0,"BANDIT-01",False,True,True
169.1899999999911,"VIPER-03","VIPER-03",Friendly,Wingman,Active,Engage,MissionAI,"VIPER-01",2,0.85,0,"BANDIT-01",False,True,True
169.1899999999911,"BANDIT-01","BANDIT-01",Hostile,Patrol,Active,Evade,MissionAI,"",0,0.45,0,"VIPER-02",False,False,True
169.1899999999911,"BANDIT-02","BANDIT-02",Hostile,Patrol,Neutralized,Evade,MissionAI,"",0,0.45,0,"VIPER-03",False,True,True
169.1899999999911,"BANDIT-03","BANDIT-03",Hostile,Patrol,Neutralized,Evade,MissionAI,"",0,0.45,0,"VIPER-02",False,True,True
169.1899999999911,"BANDIT-04","BANDIT-04",Hostile,Patrol,Neutralized,Evade,MissionAI,"",0,0.45,0,"VIPER-02",False,True,True
169.38999999999092,"VIPER-01","VIPER-01",Friendly,Player,Active,Engage,AutomationPilot,"",0,0.85,0,"BANDIT-01",False,True,True
169.38999999999092,"VIPER-02","VIPER-02",Friendly,Wingman,Active,Engage,MissionAI,"VIPER-01",1,0.85,0,"BANDIT-01",False,True,True
169.38999999999092,"VIPER-03","VIPER-03",Friendly,Wingman,Active,Engage,MissionAI,"VIPER-01",2,0.85,0,"BANDIT-01",False,True,True
169.38999999999092,"BANDIT-01","BANDIT-01",Hostile,Patrol,Active,Evade,MissionAI,"",0,0.45,0,"VIPER-02",False,False,True
169.38999999999092,"BANDIT-02","BANDIT-02",Hostile,Patrol,Neutralized,Evade,MissionAI,"",0,0.45,0,"VIPER-03",False,True,True
169.38999999999092,"BANDIT-03","BANDIT-03",Hostile,Patrol,Neutralized,Evade,MissionAI,"",0,0.45,0,"VIPER-02",False,True,True
169.38999999999092,"BANDIT-04","BANDIT-04",Hostile,Patrol,Neutralized,Evade,MissionAI,"",0,0.45,0,"VIPER-02",False,True,True
169.58999999999074,"VIPER-01","VIPER-01",Friendly,Player,Active,Engage,AutomationPilot,"",0,0.85,0,"BANDIT-01",False,True,True
169.58999999999074,"VIPER-02","VIPER-02",Friendly,Wingman,Active,Engage,MissionAI,"VIPER-01",1,0.85,0,"BANDIT-01",False,True,True
169.58999999999074,"VIPER-03","VIPER-03",Friendly,Wingman,Active,Engage,MissionAI,"VIPER-01",2,0.85,0,"BANDIT-01",False,True,True
169.58999999999074,"BANDIT-01","BANDIT-01",Hostile,Patrol,Active,Evade,MissionAI,"",0,0.45,0,"VIPER-02",False,False,True
169.58999999999074,"BANDIT-02","BANDIT-02",Hostile,Patrol,Neutralized,Evade,MissionAI,"",0,0.45,0,"VIPER-03",False,True,True
169.58999999999074,"BANDIT-03","BANDIT-03",Hostile,Patrol,Neutralized,Evade,MissionAI,"",0,0.45,0,"VIPER-02",False,True,True
169.58999999999074,"BANDIT-04","BANDIT-04",Hostile,Patrol,Neutralized,Evade,MissionAI,"",0,0.45,0,"VIPER-02",False,True,True
169.78999999999056,"VIPER-01","VIPER-01",Friendly,Player,Active,Engage,AutomationPilot,"",0,0.85,0,"BANDIT-01",False,True,True
169.78999999999056,"VIPER-02","VIPER-02",Friendly,Wingman,Active,Engage,MissionAI,"VIPER-01",1,0.85,0,"BANDIT-01",False,True,True
169.78999999999056,"VIPER-03","VIPER-03",Friendly,Wingman,Active,Engage,MissionAI,"VIPER-01",2,0.85,0,"BANDIT-01",False,True,True
169.78999999999056,"BANDIT-01","BANDIT-01",Hostile,Patrol,Active,Evade,MissionAI,"",0,0.45,0,"VIPER-02",False,False,True
169.78999999999056,"BANDIT-02","BANDIT-02",Hostile,Patrol,Neutralized,Evade,MissionAI,"",0,0.45,0,"VIPER-03",False,True,True
169.78999999999056,"BANDIT-03","BANDIT-03",Hostile,Patrol,Neutralized,Evade,MissionAI,"",0,0.45,0,"VIPER-02",False,True,True
169.78999999999056,"BANDIT-04","BANDIT-04",Hostile,Patrol,Neutralized,Evade,MissionAI,"",0,0.45,0,"VIPER-02",False,True,True
169.98999999999037,"VIPER-01","VIPER-01",Friendly,Player,Active,Engage,AutomationPilot,"",0,0.85,0,"BANDIT-01",False,True,True
169.98999999999037,"VIPER-02","VIPER-02",Friendly,Wingman,Active,Engage,MissionAI,"VIPER-01",1,0.85,0,"BANDIT-01",False,True,True
169.98999999999037,"VIPER-03","VIPER-03",Friendly,Wingman,Active,Engage,MissionAI,"VIPER-01",2,0.85,0,"BANDIT-01",False,True,True
169.98999999999037,"BANDIT-01","BANDIT-01",Hostile,Patrol,Active,Evade,MissionAI,"",0,0.45,0,"VIPER-02",False,False,True
169.98999999999037,"BANDIT-02","BANDIT-02",Hostile,Patrol,Neutralized,Evade,MissionAI,"",0,0.45,0,"VIPER-03",False,True,True
169.98999999999037,"BANDIT-03","BANDIT-03",Hostile,Patrol,Neutralized,Evade,MissionAI,"",0,0.45,0,"VIPER-02",False,True,True
169.98999999999037,"BANDIT-04","BANDIT-04",Hostile,Patrol,Neutralized,Evade,MissionAI,"",0,0.45,0,"VIPER-02",False,True,True
170.18999999999019,"VIPER-01","VIPER-01",Friendly,Player,Active,Engage,AutomationPilot,"",0,0.85,0,"BANDIT-01",False,True,True
170.18999999999019,"VIPER-02","VIPER-02",Friendly,Wingman,Active,Engage,MissionAI,"VIPER-01",1,0.85,0,"BANDIT-01",False,True,True
170.18999999999019,"VIPER-03","VIPER-03",Friendly,Wingman,Active,Engage,MissionAI,"VIPER-01",2,0.85,0,"BANDIT-01",False,True,True
170.18999999999019,"BANDIT-01","BANDIT-01",Hostile,Patrol,Active,Evade,MissionAI,"",0,0.45,0,"VIPER-02",False,False,True
170.18999999999019,"BANDIT-02","BANDIT-02",Hostile,Patrol,Neutralized,Evade,MissionAI,"",0,0.45,0,"VIPER-03",False,True,True
170.18999999999019,"BANDIT-03","BANDIT-03",Hostile,Patrol,Neutralized,Evade,MissionAI,"",0,0.45,0,"VIPER-02",False,True,True
170.18999999999019,"BANDIT-04","BANDIT-04",Hostile,Patrol,Neutralized,Evade,MissionAI,"",0,0.45,0,"VIPER-02",False,True,True
170.38999999999,"VIPER-01","VIPER-01",Friendly,Player,Active,Engage,AutomationPilot,"",0,0.85,0,"BANDIT-01",False,True,True
170.38999999999,"VIPER-02","VIPER-02",Friendly,Wingman,Active,Engage,MissionAI,"VIPER-01",1,0.85,0,"BANDIT-01",False,True,True
170.38999999999,"VIPER-03","VIPER-03",Friendly,Wingman,Active,Engage,MissionAI,"VIPER-01",2,0.85,0,"BANDIT-01",False,True,True
170.38999999999,"BANDIT-01","BANDIT-01",Hostile,Patrol,Active,Evade,MissionAI,"",0,0.45,0,"VIPER-02",False,False,True
170.38999999999,"BANDIT-02","BANDIT-02",Hostile,Patrol,Neutralized,Evade,MissionAI,"",0,0.45,0,"VIPER-03",False,True,True
170.38999999999,"BANDIT-03","BANDIT-03",Hostile,Patrol,Neutralized,Evade,MissionAI,"",0,0.45,0,"VIPER-02",False,True,True
170.38999999999,"BANDIT-04","BANDIT-04",Hostile,Patrol,Neutralized,Evade,MissionAI,"",0,0.45,0,"VIPER-02",False,True,True
170.58999999998983,"VIPER-01","VIPER-01",Friendly,Player,Active,Engage,AutomationPilot,"",0,0.85,0,"BANDIT-01",False,True,True
170.58999999998983,"VIPER-02","VIPER-02",Friendly,Wingman,Active,Engage,MissionAI,"VIPER-01",1,0.85,0,"BANDIT-01",False,True,True
170.58999999998983,"VIPER-03","VIPER-03",Friendly,Wingman,Active,Engage,MissionAI,"VIPER-01",2,0.85,0,"BANDIT-01",False,True,True
170.58999999998983,"BANDIT-01","BANDIT-01",Hostile,Patrol,Active,Evade,MissionAI,"",0,0.45,0,"VIPER-02",False,False,True
170.58999999998983,"BANDIT-02","BANDIT-02",Hostile,Patrol,Neutralized,Evade,MissionAI,"",0,0.45,0,"VIPER-03",False,True,True
170.58999999998983,"BANDIT-03","BANDIT-03",Hostile,Patrol,Neutralized,Evade,MissionAI,"",0,0.45,0,"VIPER-02",False,True,True
170.58999999998983,"BANDIT-04","BANDIT-04",Hostile,Patrol,Neutralized,Evade,MissionAI,"",0,0.45,0,"VIPER-02",False,True,True
170.78999999998965,"VIPER-01","VIPER-01",Friendly,Player,Active,Engage,AutomationPilot,"",0,0.85,0,"BANDIT-01",False,True,True
170.78999999998965,"VIPER-02","VIPER-02",Friendly,Wingman,Active,Engage,MissionAI,"VIPER-01",1,0.85,0,"BANDIT-01",False,True,True
170.78999999998965,"VIPER-03","VIPER-03",Friendly,Wingman,Active,Engage,MissionAI,"VIPER-01",2,0.85,0,"BANDIT-01",False,True,True
170.78999999998965,"BANDIT-01","BANDIT-01",Hostile,Patrol,Active,Evade,MissionAI,"",0,0.45,0,"VIPER-02",False,False,True
170.78999999998965,"BANDIT-02","BANDIT-02",Hostile,Patrol,Neutralized,Evade,MissionAI,"",0,0.45,0,"VIPER-03",False,True,True
170.78999999998965,"BANDIT-03","BANDIT-03",Hostile,Patrol,Neutralized,Evade,MissionAI,"",0,0.45,0,"VIPER-02",False,True,True
170.78999999998965,"BANDIT-04","BANDIT-04",Hostile,Patrol,Neutralized,Evade,MissionAI,"",0,0.45,0,"VIPER-02",False,True,True
170.98999999998946,"VIPER-01","VIPER-01",Friendly,Player,Active,Engage,AutomationPilot,"",0,0.85,0,"BANDIT-01",False,True,True
170.98999999998946,"VIPER-02","VIPER-02",Friendly,Wingman,Active,Engage,MissionAI,"VIPER-01",1,0.85,0,"BANDIT-01",False,True,True
170.98999999998946,"VIPER-03","VIPER-03",Friendly,Wingman,Active,Engage,MissionAI,"VIPER-01",2,0.85,0,"BANDIT-01",False,True,True
170.98999999998946,"BANDIT-01","BANDIT-01",Hostile,Patrol,Active,Evade,MissionAI,"",0,0.45,0,"VIPER-02",False,False,True
170.98999999998946,"BANDIT-02","BANDIT-02",Hostile,Patrol,Neutralized,Evade,MissionAI,"",0,0.45,0,"VIPER-03",False,True,True
170.98999999998946,"BANDIT-03","BANDIT-03",Hostile,Patrol,Neutralized,Evade,MissionAI,"",0,0.45,0,"VIPER-02",False,True,True
170.98999999998946,"BANDIT-04","BANDIT-04",Hostile,Patrol,Neutralized,Evade,MissionAI,"",0,0.45,0,"VIPER-02",False,True,True
171.18999999998928,"VIPER-01","VIPER-01",Friendly,Player,Active,Engage,AutomationPilot,"",0,0.85,0,"BANDIT-01",False,True,True
171.18999999998928,"VIPER-02","VIPER-02",Friendly,Wingman,Active,Engage,MissionAI,"VIPER-01",1,0.85,0,"BANDIT-01",False,True,True
171.18999999998928,"VIPER-03","VIPER-03",Friendly,Wingman,Active,Engage,MissionAI,"VIPER-01",2,0.85,0,"BANDIT-01",False,True,True
171.18999999998928,"BANDIT-01","BANDIT-01",Hostile,Patrol,Active,Evade,MissionAI,"",0,0.45,0,"VIPER-02",False,False,True
171.18999999998928,"BANDIT-02","BANDIT-02",Hostile,Patrol,Neutralized,Evade,MissionAI,"",0,0.45,0,"VIPER-03",False,True,True
171.18999999998928,"BANDIT-03","BANDIT-03",Hostile,Patrol,Neutralized,Evade,MissionAI,"",0,0.45,0,"VIPER-02",False,True,True
171.18999999998928,"BANDIT-04","BANDIT-04",Hostile,Patrol,Neutralized,Evade,MissionAI,"",0,0.45,0,"VIPER-02",False,True,True
171.3899999999891,"VIPER-01","VIPER-01",Friendly,Player,Active,Engage,AutomationPilot,"",0,0.85,0,"BANDIT-01",False,True,True
171.3899999999891,"VIPER-02","VIPER-02",Friendly,Wingman,Active,Engage,MissionAI,"VIPER-01",1,0.85,0,"BANDIT-01",False,True,True
171.3899999999891,"VIPER-03","VIPER-03",Friendly,Wingman,Active,Engage,MissionAI,"VIPER-01",2,0.85,0,"BANDIT-01",False,True,True
171.3899999999891,"BANDIT-01","BANDIT-01",Hostile,Patrol,Active,Evade,MissionAI,"",0,0.45,0,"VIPER-02",False,False,True
171.3899999999891,"BANDIT-02","BANDIT-02",Hostile,Patrol,Neutralized,Evade,MissionAI,"",0,0.45,0,"VIPER-03",False,True,True
171.3899999999891,"BANDIT-03","BANDIT-03",Hostile,Patrol,Neutralized,Evade,MissionAI,"",0,0.45,0,"VIPER-02",False,True,True
171.3899999999891,"BANDIT-04","BANDIT-04",Hostile,Patrol,Neutralized,Evade,MissionAI,"",0,0.45,0,"VIPER-02",False,True,True
171.58999999998892,"VIPER-01","VIPER-01",Friendly,Player,Active,Engage,AutomationPilot,"",0,0.85,0,"BANDIT-01",False,True,True
171.58999999998892,"VIPER-02","VIPER-02",Friendly,Wingman,Active,Engage,MissionAI,"VIPER-01",1,0.85,0,"BANDIT-01",False,True,True
171.58999999998892,"VIPER-03","VIPER-03",Friendly,Wingman,Active,Engage,MissionAI,"VIPER-01",2,0.85,0,"BANDIT-01",False,True,True
171.58999999998892,"BANDIT-01","BANDIT-01",Hostile,Patrol,Active,Evade,MissionAI,"",0,0.45,0,"VIPER-02",False,False,True
171.58999999998892,"BANDIT-02","BANDIT-02",Hostile,Patrol,Neutralized,Evade,MissionAI,"",0,0.45,0,"VIPER-03",False,True,True
171.58999999998892,"BANDIT-03","BANDIT-03",Hostile,Patrol,Neutralized,Evade,MissionAI,"",0,0.45,0,"VIPER-02",False,True,True
171.58999999998892,"BANDIT-04","BANDIT-04",Hostile,Patrol,Neutralized,Evade,MissionAI,"",0,0.45,0,"VIPER-02",False,True,True
171.78999999998874,"VIPER-01","VIPER-01",Friendly,Player,Active,Engage,AutomationPilot,"",0,0.85,0,"BANDIT-01",False,True,True
171.78999999998874,"VIPER-02","VIPER-02",Friendly,Wingman,Active,Engage,MissionAI,"VIPER-01",1,0.85,0,"BANDIT-01",False,True,True
171.78999999998874,"VIPER-03","VIPER-03",Friendly,Wingman,Active,Engage,MissionAI,"VIPER-01",2,0.85,0,"BANDIT-01",False,True,True
171.78999999998874,"BANDIT-01","BANDIT-01",Hostile,Patrol,Active,Evade,MissionAI,"",0,0.45,0,"VIPER-02",False,False,True
171.78999999998874,"BANDIT-02","BANDIT-02",Hostile,Patrol,Neutralized,Evade,MissionAI,"",0,0.45,0,"VIPER-03",False,True,True
171.78999999998874,"BANDIT-03","BANDIT-03",Hostile,Patrol,Neutralized,Evade,MissionAI,"",0,0.45,0,"VIPER-02",False,True,True
171.78999999998874,"BANDIT-04","BANDIT-04",Hostile,Patrol,Neutralized,Evade,MissionAI,"",0,0.45,0,"VIPER-02",False,True,True
171.98999999998856,"VIPER-01","VIPER-01",Friendly,Player,Active,Engage,AutomationPilot,"",0,0.85,0,"BANDIT-01",False,True,True
171.98999999998856,"VIPER-02","VIPER-02",Friendly,Wingman,Active,Engage,MissionAI,"VIPER-01",1,0.85,0,"BANDIT-01",False,True,True
171.98999999998856,"VIPER-03","VIPER-03",Friendly,Wingman,Active,Engage,MissionAI,"VIPER-01",2,0.85,0,"BANDIT-01",False,True,True
171.98999999998856,"BANDIT-01","BANDIT-01",Hostile,Patrol,Active,Evade,MissionAI,"",0,0.45,0,"VIPER-02",False,False,True
171.98999999998856,"BANDIT-02","BANDIT-02",Hostile,Patrol,Neutralized,Evade,MissionAI,"",0,0.45,0,"VIPER-03",False,True,True
171.98999999998856,"BANDIT-03","BANDIT-03",Hostile,Patrol,Neutralized,Evade,MissionAI,"",0,0.45,0,"VIPER-02",False,True,True
171.98999999998856,"BANDIT-04","BANDIT-04",Hostile,Patrol,Neutralized,Evade,MissionAI,"",0,0.45,0,"VIPER-02",False,True,True
172.18999999998837,"VIPER-01","VIPER-01",Friendly,Player,Active,Engage,AutomationPilot,"",0,0.85,0,"BANDIT-01",False,True,True
172.18999999998837,"VIPER-02","VIPER-02",Friendly,Wingman,Active,Engage,MissionAI,"VIPER-01",1,0.85,0,"BANDIT-01",False,True,True
172.18999999998837,"VIPER-03","VIPER-03",Friendly,Wingman,Active,Engage,MissionAI,"VIPER-01",2,0.85,0,"BANDIT-01",False,True,True
172.18999999998837,"BANDIT-01","BANDIT-01",Hostile,Patrol,Active,Evade,MissionAI,"",0,0.45,0,"VIPER-02",False,False,True
172.18999999998837,"BANDIT-02","BANDIT-02",Hostile,Patrol,Neutralized,Evade,MissionAI,"",0,0.45,0,"VIPER-03",False,True,True
172.18999999998837,"BANDIT-03","BANDIT-03",Hostile,Patrol,Neutralized,Evade,MissionAI,"",0,0.45,0,"VIPER-02",False,True,True
172.18999999998837,"BANDIT-04","BANDIT-04",Hostile,Patrol,Neutralized,Evade,MissionAI,"",0,0.45,0,"VIPER-02",False,True,True
172.38999999998819,"VIPER-01","VIPER-01",Friendly,Player,Active,Engage,AutomationPilot,"",0,0.85,0,"BANDIT-01",False,True,True
172.38999999998819,"VIPER-02","VIPER-02",Friendly,Wingman,Active,Engage,MissionAI,"VIPER-01",1,0.85,0,"BANDIT-01",False,True,True
172.38999999998819,"VIPER-03","VIPER-03",Friendly,Wingman,Active,Engage,MissionAI,"VIPER-01",2,0.85,0,"BANDIT-01",False,True,True
172.38999999998819,"BANDIT-01","BANDIT-01",Hostile,Patrol,Active,Evade,MissionAI,"",0,0.45,0,"VIPER-02",False,False,True
172.38999999998819,"BANDIT-02","BANDIT-02",Hostile,Patrol,Neutralized,Evade,MissionAI,"",0,0.45,0,"VIPER-03",False,True,True
172.38999999998819,"BANDIT-03","BANDIT-03",Hostile,Patrol,Neutralized,Evade,MissionAI,"",0,0.45,0,"VIPER-02",False,True,True
172.38999999998819,"BANDIT-04","BANDIT-04",Hostile,Patrol,Neutralized,Evade,MissionAI,"",0,0.45,0,"VIPER-02",False,True,True
172.589999999988,"VIPER-01","VIPER-01",Friendly,Player,Active,Engage,AutomationPilot,"",0,0.85,0,"BANDIT-01",False,True,True
172.589999999988,"VIPER-02","VIPER-02",Friendly,Wingman,Active,Engage,MissionAI,"VIPER-01",1,0.85,0,"BANDIT-01",False,True,True
172.589999999988,"VIPER-03","VIPER-03",Friendly,Wingman,Active,Engage,MissionAI,"VIPER-01",2,0.85,0,"BANDIT-01",False,True,True
172.589999999988,"BANDIT-01","BANDIT-01",Hostile,Patrol,Active,Evade,MissionAI,"",0,0.45,0,"VIPER-02",False,False,True
172.589999999988,"BANDIT-02","BANDIT-02",Hostile,Patrol,Neutralized,Evade,MissionAI,"",0,0.45,0,"VIPER-03",False,True,True
172.589999999988,"BANDIT-03","BANDIT-03",Hostile,Patrol,Neutralized,Evade,MissionAI,"",0,0.45,0,"VIPER-02",False,True,True
172.589999999988,"BANDIT-04","BANDIT-04",Hostile,Patrol,Neutralized,Evade,MissionAI,"",0,0.45,0,"VIPER-02",False,True,True
172.78999999998783,"VIPER-01","VIPER-01",Friendly,Player,Active,Engage,AutomationPilot,"",0,0.85,0,"BANDIT-01",False,True,True
172.78999999998783,"VIPER-02","VIPER-02",Friendly,Wingman,Active,Engage,MissionAI,"VIPER-01",1,0.85,0,"BANDIT-01",False,True,True
172.78999999998783,"VIPER-03","VIPER-03",Friendly,Wingman,Active,Engage,MissionAI,"VIPER-01",2,0.85,0,"BANDIT-01",False,True,True
172.78999999998783,"BANDIT-01","BANDIT-01",Hostile,Patrol,Active,Evade,MissionAI,"",0,0.45,0,"VIPER-02",False,False,True
172.78999999998783,"BANDIT-02","BANDIT-02",Hostile,Patrol,Neutralized,Evade,MissionAI,"",0,0.45,0,"VIPER-03",False,True,True
172.78999999998783,"BANDIT-03","BANDIT-03",Hostile,Patrol,Neutralized,Evade,MissionAI,"",0,0.45,0,"VIPER-02",False,True,True
172.78999999998783,"BANDIT-04","BANDIT-04",Hostile,Patrol,Neutralized,Evade,MissionAI,"",0,0.45,0,"VIPER-02",False,True,True
172.98999999998765,"VIPER-01","VIPER-01",Friendly,Player,Active,Engage,AutomationPilot,"",0,0.85,0,"BANDIT-01",False,True,True
172.98999999998765,"VIPER-02","VIPER-02",Friendly,Wingman,Active,Engage,MissionAI,"VIPER-01",1,0.85,0,"BANDIT-01",False,True,True
172.98999999998765,"VIPER-03","VIPER-03",Friendly,Wingman,Active,Engage,MissionAI,"VIPER-01",2,0.85,0,"BANDIT-01",False,True,True
172.98999999998765,"BANDIT-01","BANDIT-01",Hostile,Patrol,Active,Evade,MissionAI,"",0,0.45,0,"VIPER-02",False,False,True
172.98999999998765,"BANDIT-02","BANDIT-02",Hostile,Patrol,Neutralized,Evade,MissionAI,"",0,0.45,0,"VIPER-03",False,True,True
172.98999999998765,"BANDIT-03","BANDIT-03",Hostile,Patrol,Neutralized,Evade,MissionAI,"",0,0.45,0,"VIPER-02",False,True,True
172.98999999998765,"BANDIT-04","BANDIT-04",Hostile,Patrol,Neutralized,Evade,MissionAI,"",0,0.45,0,"VIPER-02",False,True,True
173.18999999998746,"VIPER-01","VIPER-01",Friendly,Player,Active,Engage,AutomationPilot,"",0,0.85,0,"BANDIT-01",False,True,True
173.18999999998746,"VIPER-02","VIPER-02",Friendly,Wingman,Active,Engage,MissionAI,"VIPER-01",1,0.85,0,"BANDIT-01",False,True,True
173.18999999998746,"VIPER-03","VIPER-03",Friendly,Wingman,Active,Engage,MissionAI,"VIPER-01",2,0.85,0,"BANDIT-01",False,True,True
173.18999999998746,"BANDIT-01","BANDIT-01",Hostile,Patrol,Active,Evade,MissionAI,"",0,0.45,0,"VIPER-02",False,False,True
173.18999999998746,"BANDIT-02","BANDIT-02",Hostile,Patrol,Neutralized,Evade,MissionAI,"",0,0.45,0,"VIPER-03",False,True,True
173.18999999998746,"BANDIT-03","BANDIT-03",Hostile,Patrol,Neutralized,Evade,MissionAI,"",0,0.45,0,"VIPER-02",False,True,True
173.18999999998746,"BANDIT-04","BANDIT-04",Hostile,Patrol,Neutralized,Evade,MissionAI,"",0,0.45,0,"VIPER-02",False,True,True
173.38999999998728,"VIPER-01","VIPER-01",Friendly,Player,Active,Engage,AutomationPilot,"",0,0.85,0,"BANDIT-01",False,True,True
173.38999999998728,"VIPER-02","VIPER-02",Friendly,Wingman,Active,Engage,MissionAI,"VIPER-01",1,0.85,0,"BANDIT-01",False,True,True
173.38999999998728,"VIPER-03","VIPER-03",Friendly,Wingman,Active,Engage,MissionAI,"VIPER-01",2,0.85,0,"BANDIT-01",False,True,True
173.38999999998728,"BANDIT-01","BANDIT-01",Hostile,Patrol,Active,Evade,MissionAI,"",0,0.45,0,"VIPER-02",False,False,True
173.38999999998728,"BANDIT-02","BANDIT-02",Hostile,Patrol,Neutralized,Evade,MissionAI,"",0,0.45,0,"VIPER-03",False,True,True
173.38999999998728,"BANDIT-03","BANDIT-03",Hostile,Patrol,Neutralized,Evade,MissionAI,"",0,0.45,0,"VIPER-02",False,True,True
173.38999999998728,"BANDIT-04","BANDIT-04",Hostile,Patrol,Neutralized,Evade,MissionAI,"",0,0.45,0,"VIPER-02",False,True,True
173.5899999999871,"VIPER-01","VIPER-01",Friendly,Player,Active,Engage,AutomationPilot,"",0,0.85,0,"BANDIT-01",False,True,True
173.5899999999871,"VIPER-02","VIPER-02",Friendly,Wingman,Active,Engage,MissionAI,"VIPER-01",1,0.85,0,"BANDIT-01",False,True,True
173.5899999999871,"VIPER-03","VIPER-03",Friendly,Wingman,Active,Engage,MissionAI,"VIPER-01",2,0.85,0,"BANDIT-01",False,True,True
173.5899999999871,"BANDIT-01","BANDIT-01",Hostile,Patrol,Active,Evade,MissionAI,"",0,0.45,0,"VIPER-02",False,False,True
173.5899999999871,"BANDIT-02","BANDIT-02",Hostile,Patrol,Neutralized,Evade,MissionAI,"",0,0.45,0,"VIPER-03",False,True,True
173.5899999999871,"BANDIT-03","BANDIT-03",Hostile,Patrol,Neutralized,Evade,MissionAI,"",0,0.45,0,"VIPER-02",False,True,True
173.5899999999871,"BANDIT-04","BANDIT-04",Hostile,Patrol,Neutralized,Evade,MissionAI,"",0,0.45,0,"VIPER-02",False,True,True
173.78999999998692,"VIPER-01","VIPER-01",Friendly,Player,Active,Engage,AutomationPilot,"",0,0.85,0,"BANDIT-01",False,True,True
173.78999999998692,"VIPER-02","VIPER-02",Friendly,Wingman,Active,Engage,MissionAI,"VIPER-01",1,0.85,0,"BANDIT-01",False,True,True
173.78999999998692,"VIPER-03","VIPER-03",Friendly,Wingman,Active,Engage,MissionAI,"VIPER-01",2,0.85,0,"BANDIT-01",False,True,True
173.78999999998692,"BANDIT-01","BANDIT-01",Hostile,Patrol,Active,Evade,MissionAI,"",0,0.45,0,"VIPER-02",False,False,True
173.78999999998692,"BANDIT-02","BANDIT-02",Hostile,Patrol,Neutralized,Evade,MissionAI,"",0,0.45,0,"VIPER-03",False,True,True
173.78999999998692,"BANDIT-03","BANDIT-03",Hostile,Patrol,Neutralized,Evade,MissionAI,"",0,0.45,0,"VIPER-02",False,True,True
173.78999999998692,"BANDIT-04","BANDIT-04",Hostile,Patrol,Neutralized,Evade,MissionAI,"",0,0.45,0,"VIPER-02",False,True,True
173.98999999998674,"VIPER-01","VIPER-01",Friendly,Player,Active,Engage,AutomationPilot,"",0,0.85,0,"BANDIT-01",False,True,True
173.98999999998674,"VIPER-02","VIPER-02",Friendly,Wingman,Active,Engage,MissionAI,"VIPER-01",1,0.85,0,"BANDIT-01",False,True,True
173.98999999998674,"VIPER-03","VIPER-03",Friendly,Wingman,Active,Engage,MissionAI,"VIPER-01",2,0.85,0,"BANDIT-01",False,True,True
173.98999999998674,"BANDIT-01","BANDIT-01",Hostile,Patrol,Active,Evade,MissionAI,"",0,0.45,0,"VIPER-02",False,False,True
173.98999999998674,"BANDIT-02","BANDIT-02",Hostile,Patrol,Neutralized,Evade,MissionAI,"",0,0.45,0,"VIPER-03",False,True,True
173.98999999998674,"BANDIT-03","BANDIT-03",Hostile,Patrol,Neutralized,Evade,MissionAI,"",0,0.45,0,"VIPER-02",False,True,True
173.98999999998674,"BANDIT-04","BANDIT-04",Hostile,Patrol,Neutralized,Evade,MissionAI,"",0,0.45,0,"VIPER-02",False,True,True
174.18999999998655,"VIPER-01","VIPER-01",Friendly,Player,Active,Engage,AutomationPilot,"",0,0.85,0,"BANDIT-01",False,True,True
174.18999999998655,"VIPER-02","VIPER-02",Friendly,Wingman,Active,Engage,MissionAI,"VIPER-01",1,0.85,0,"BANDIT-01",False,True,True
174.18999999998655,"VIPER-03","VIPER-03",Friendly,Wingman,Active,Engage,MissionAI,"VIPER-01",2,0.85,0,"BANDIT-01",False,True,True
174.18999999998655,"BANDIT-01","BANDIT-01",Hostile,Patrol,Active,Evade,MissionAI,"",0,0.45,0,"VIPER-02",False,False,True
174.18999999998655,"BANDIT-02","BANDIT-02",Hostile,Patrol,Neutralized,Evade,MissionAI,"",0,0.45,0,"VIPER-03",False,True,True
174.18999999998655,"BANDIT-03","BANDIT-03",Hostile,Patrol,Neutralized,Evade,MissionAI,"",0,0.45,0,"VIPER-02",False,True,True
174.18999999998655,"BANDIT-04","BANDIT-04",Hostile,Patrol,Neutralized,Evade,MissionAI,"",0,0.45,0,"VIPER-02",False,True,True
174.38999999998637,"VIPER-01","VIPER-01",Friendly,Player,Active,Engage,AutomationPilot,"",0,0.85,0,"BANDIT-01",False,True,True
174.38999999998637,"VIPER-02","VIPER-02",Friendly,Wingman,Active,Engage,MissionAI,"VIPER-01",1,0.85,0,"BANDIT-01",False,True,True
174.38999999998637,"VIPER-03","VIPER-03",Friendly,Wingman,Active,Engage,MissionAI,"VIPER-01",2,0.85,0,"BANDIT-01",False,True,True
174.38999999998637,"BANDIT-01","BANDIT-01",Hostile,Patrol,Active,Evade,MissionAI,"",0,0.45,0,"VIPER-02",False,False,True
174.38999999998637,"BANDIT-02","BANDIT-02",Hostile,Patrol,Neutralized,Evade,MissionAI,"",0,0.45,0,"VIPER-03",False,True,True
174.38999999998637,"BANDIT-03","BANDIT-03",Hostile,Patrol,Neutralized,Evade,MissionAI,"",0,0.45,0,"VIPER-02",False,True,True
174.38999999998637,"BANDIT-04","BANDIT-04",Hostile,Patrol,Neutralized,Evade,MissionAI,"",0,0.45,0,"VIPER-02",False,True,True
174.58999999998619,"VIPER-01","VIPER-01",Friendly,Player,Active,Engage,AutomationPilot,"",0,0.85,0,"BANDIT-01",False,True,True
174.58999999998619,"VIPER-02","VIPER-02",Friendly,Wingman,Active,Engage,MissionAI,"VIPER-01",1,0.85,0,"BANDIT-01",False,True,True
174.58999999998619,"VIPER-03","VIPER-03",Friendly,Wingman,Active,Engage,MissionAI,"VIPER-01",2,0.85,0,"BANDIT-01",False,True,True
174.58999999998619,"BANDIT-01","BANDIT-01",Hostile,Patrol,Active,Evade,MissionAI,"",0,0.45,0,"VIPER-02",False,False,True
174.58999999998619,"BANDIT-02","BANDIT-02",Hostile,Patrol,Neutralized,Evade,MissionAI,"",0,0.45,0,"VIPER-03",False,True,True
174.58999999998619,"BANDIT-03","BANDIT-03",Hostile,Patrol,Neutralized,Evade,MissionAI,"",0,0.45,0,"VIPER-02",False,True,True
174.58999999998619,"BANDIT-04","BANDIT-04",Hostile,Patrol,Neutralized,Evade,MissionAI,"",0,0.45,0,"VIPER-02",False,True,True
174.789999999986,"VIPER-01","VIPER-01",Friendly,Player,Active,Engage,AutomationPilot,"",0,0.85,0,"BANDIT-01",False,True,True
174.789999999986,"VIPER-02","VIPER-02",Friendly,Wingman,Active,Engage,MissionAI,"VIPER-01",1,0.85,0,"BANDIT-01",False,True,True
174.789999999986,"VIPER-03","VIPER-03",Friendly,Wingman,Active,Engage,MissionAI,"VIPER-01",2,0.85,0,"BANDIT-01",False,True,True
174.789999999986,"BANDIT-01","BANDIT-01",Hostile,Patrol,Active,Evade,MissionAI,"",0,0.45,0,"VIPER-02",False,False,True
174.789999999986,"BANDIT-02","BANDIT-02",Hostile,Patrol,Neutralized,Evade,MissionAI,"",0,0.45,0,"VIPER-03",False,True,True
174.789999999986,"BANDIT-03","BANDIT-03",Hostile,Patrol,Neutralized,Evade,MissionAI,"",0,0.45,0,"VIPER-02",False,True,True
174.789999999986,"BANDIT-04","BANDIT-04",Hostile,Patrol,Neutralized,Evade,MissionAI,"",0,0.45,0,"VIPER-02",False,True,True
174.98999999998583,"VIPER-01","VIPER-01",Friendly,Player,Active,Engage,AutomationPilot,"",0,0.85,0,"BANDIT-01",False,True,True
174.98999999998583,"VIPER-02","VIPER-02",Friendly,Wingman,Active,Engage,MissionAI,"VIPER-01",1,0.85,0,"BANDIT-01",False,True,True
174.98999999998583,"VIPER-03","VIPER-03",Friendly,Wingman,Active,Engage,MissionAI,"VIPER-01",2,0.85,0,"BANDIT-01",False,True,True
174.98999999998583,"BANDIT-01","BANDIT-01",Hostile,Patrol,Active,Evade,MissionAI,"",0,0.45,0,"VIPER-02",False,False,True
174.98999999998583,"BANDIT-02","BANDIT-02",Hostile,Patrol,Neutralized,Evade,MissionAI,"",0,0.45,0,"VIPER-03",False,True,True
174.98999999998583,"BANDIT-03","BANDIT-03",Hostile,Patrol,Neutralized,Evade,MissionAI,"",0,0.45,0,"VIPER-02",False,True,True
174.98999999998583,"BANDIT-04","BANDIT-04",Hostile,Patrol,Neutralized,Evade,MissionAI,"",0,0.45,0,"VIPER-02",False,True,True
175.18999999998564,"VIPER-01","VIPER-01",Friendly,Player,Active,Engage,AutomationPilot,"",0,0.85,0,"BANDIT-01",False,True,True
175.18999999998564,"VIPER-02","VIPER-02",Friendly,Wingman,Active,Engage,MissionAI,"VIPER-01",1,0.85,0,"BANDIT-01",False,True,True
175.18999999998564,"VIPER-03","VIPER-03",Friendly,Wingman,Active,Engage,MissionAI,"VIPER-01",2,0.85,0,"BANDIT-01",False,True,True
175.18999999998564,"BANDIT-01","BANDIT-01",Hostile,Patrol,Active,Evade,MissionAI,"",0,0.45,0,"VIPER-02",False,False,True
175.18999999998564,"BANDIT-02","BANDIT-02",Hostile,Patrol,Neutralized,Evade,MissionAI,"",0,0.45,0,"VIPER-03",False,True,True
175.18999999998564,"BANDIT-03","BANDIT-03",Hostile,Patrol,Neutralized,Evade,MissionAI,"",0,0.45,0,"VIPER-02",False,True,True
175.18999999998564,"BANDIT-04","BANDIT-04",Hostile,Patrol,Neutralized,Evade,MissionAI,"",0,0.45,0,"VIPER-02",False,True,True
175.38999999998546,"VIPER-01","VIPER-01",Friendly,Player,Active,Engage,AutomationPilot,"",0,0.85,0,"BANDIT-01",False,True,True
175.38999999998546,"VIPER-02","VIPER-02",Friendly,Wingman,Active,Engage,MissionAI,"VIPER-01",1,0.85,0,"BANDIT-01",False,True,True
175.38999999998546,"VIPER-03","VIPER-03",Friendly,Wingman,Active,Engage,MissionAI,"VIPER-01",2,0.85,0,"BANDIT-01",False,True,True
175.38999999998546,"BANDIT-01","BANDIT-01",Hostile,Patrol,Active,Evade,MissionAI,"",0,0.45,0,"VIPER-02",False,False,True
175.38999999998546,"BANDIT-02","BANDIT-02",Hostile,Patrol,Neutralized,Evade,MissionAI,"",0,0.45,0,"VIPER-03",False,True,True
175.38999999998546,"BANDIT-03","BANDIT-03",Hostile,Patrol,Neutralized,Evade,MissionAI,"",0,0.45,0,"VIPER-02",False,True,True
175.38999999998546,"BANDIT-04","BANDIT-04",Hostile,Patrol,Neutralized,Evade,MissionAI,"",0,0.45,0,"VIPER-02",False,True,True
175.58999999998528,"VIPER-01","VIPER-01",Friendly,Player,Active,Engage,AutomationPilot,"",0,0.85,0,"BANDIT-01",False,True,True
175.58999999998528,"VIPER-02","VIPER-02",Friendly,Wingman,Active,Engage,MissionAI,"VIPER-01",1,0.85,0,"BANDIT-01",False,True,True
175.58999999998528,"VIPER-03","VIPER-03",Friendly,Wingman,Active,Engage,MissionAI,"VIPER-01",2,0.85,0,"BANDIT-01",False,True,True
175.58999999998528,"BANDIT-01","BANDIT-01",Hostile,Patrol,Active,Evade,MissionAI,"",0,0.45,0,"VIPER-02",False,False,True
175.58999999998528,"BANDIT-02","BANDIT-02",Hostile,Patrol,Neutralized,Evade,MissionAI,"",0,0.45,0,"VIPER-03",False,True,True
175.58999999998528,"BANDIT-03","BANDIT-03",Hostile,Patrol,Neutralized,Evade,MissionAI,"",0,0.45,0,"VIPER-02",False,True,True
175.58999999998528,"BANDIT-04","BANDIT-04",Hostile,Patrol,Neutralized,Evade,MissionAI,"",0,0.45,0,"VIPER-02",False,True,True
175.7899999999851,"VIPER-01","VIPER-01",Friendly,Player,Active,Engage,AutomationPilot,"",0,0.85,0,"BANDIT-01",False,True,True
175.7899999999851,"VIPER-02","VIPER-02",Friendly,Wingman,Active,Engage,MissionAI,"VIPER-01",1,0.85,0,"BANDIT-01",False,True,True
175.7899999999851,"VIPER-03","VIPER-03",Friendly,Wingman,Active,Engage,MissionAI,"VIPER-01",2,0.85,0,"BANDIT-01",False,True,True
175.7899999999851,"BANDIT-01","BANDIT-01",Hostile,Patrol,Active,Evade,MissionAI,"",0,0.45,0,"VIPER-02",False,False,True
175.7899999999851,"BANDIT-02","BANDIT-02",Hostile,Patrol,Neutralized,Evade,MissionAI,"",0,0.45,0,"VIPER-03",False,True,True
175.7899999999851,"BANDIT-03","BANDIT-03",Hostile,Patrol,Neutralized,Evade,MissionAI,"",0,0.45,0,"VIPER-02",False,True,True
175.7899999999851,"BANDIT-04","BANDIT-04",Hostile,Patrol,Neutralized,Evade,MissionAI,"",0,0.45,0,"VIPER-02",False,True,True
175.98999999998492,"VIPER-01","VIPER-01",Friendly,Player,Active,Engage,AutomationPilot,"",0,0.85,0,"BANDIT-01",False,True,True
175.98999999998492,"VIPER-02","VIPER-02",Friendly,Wingman,Active,Engage,MissionAI,"VIPER-01",1,0.85,0,"BANDIT-01",False,True,True
175.98999999998492,"VIPER-03","VIPER-03",Friendly,Wingman,Active,Engage,MissionAI,"VIPER-01",2,0.85,0,"BANDIT-01",False,True,True
175.98999999998492,"BANDIT-01","BANDIT-01",Hostile,Patrol,Active,Evade,MissionAI,"",0,0.45,0,"VIPER-02",False,False,True
175.98999999998492,"BANDIT-02","BANDIT-02",Hostile,Patrol,Neutralized,Evade,MissionAI,"",0,0.45,0,"VIPER-03",False,True,True
175.98999999998492,"BANDIT-03","BANDIT-03",Hostile,Patrol,Neutralized,Evade,MissionAI,"",0,0.45,0,"VIPER-02",False,True,True
175.98999999998492,"BANDIT-04","BANDIT-04",Hostile,Patrol,Neutralized,Evade,MissionAI,"",0,0.45,0,"VIPER-02",False,True,True
176.18999999998474,"VIPER-01","VIPER-01",Friendly,Player,Active,Engage,AutomationPilot,"",0,0.85,0,"BANDIT-01",False,True,True
176.18999999998474,"VIPER-02","VIPER-02",Friendly,Wingman,Active,Engage,MissionAI,"VIPER-01",1,0.85,0,"BANDIT-01",False,True,True
176.18999999998474,"VIPER-03","VIPER-03",Friendly,Wingman,Active,Engage,MissionAI,"VIPER-01",2,0.85,0,"BANDIT-01",False,True,True
176.18999999998474,"BANDIT-01","BANDIT-01",Hostile,Patrol,Active,Evade,MissionAI,"",0,0.45,0,"VIPER-02",False,False,True
176.18999999998474,"BANDIT-02","BANDIT-02",Hostile,Patrol,Neutralized,Evade,MissionAI,"",0,0.45,0,"VIPER-03",False,True,True
176.18999999998474,"BANDIT-03","BANDIT-03",Hostile,Patrol,Neutralized,Evade,MissionAI,"",0,0.45,0,"VIPER-02",False,True,True
176.18999999998474,"BANDIT-04","BANDIT-04",Hostile,Patrol,Neutralized,Evade,MissionAI,"",0,0.45,0,"VIPER-02",False,True,True
176.38999999998455,"VIPER-01","VIPER-01",Friendly,Player,Active,Engage,AutomationPilot,"",0,0.85,0,"BANDIT-01",False,True,True
176.38999999998455,"VIPER-02","VIPER-02",Friendly,Wingman,Active,Engage,MissionAI,"VIPER-01",1,0.85,0,"BANDIT-01",False,True,True
176.38999999998455,"VIPER-03","VIPER-03",Friendly,Wingman,Active,Engage,MissionAI,"VIPER-01",2,0.85,0,"BANDIT-01",False,True,True
176.38999999998455,"BANDIT-01","BANDIT-01",Hostile,Patrol,Active,Evade,MissionAI,"",0,0.45,0,"VIPER-02",False,False,True
176.38999999998455,"BANDIT-02","BANDIT-02",Hostile,Patrol,Neutralized,Evade,MissionAI,"",0,0.45,0,"VIPER-03",False,True,True
176.38999999998455,"BANDIT-03","BANDIT-03",Hostile,Patrol,Neutralized,Evade,MissionAI,"",0,0.45,0,"VIPER-02",False,True,True
176.38999999998455,"BANDIT-04","BANDIT-04",Hostile,Patrol,Neutralized,Evade,MissionAI,"",0,0.45,0,"VIPER-02",False,True,True
176.58999999998437,"VIPER-01","VIPER-01",Friendly,Player,Active,Engage,AutomationPilot,"",0,0.85,0,"BANDIT-01",False,True,True
176.58999999998437,"VIPER-02","VIPER-02",Friendly,Wingman,Active,Engage,MissionAI,"VIPER-01",1,0.85,0,"BANDIT-01",False,True,True
176.58999999998437,"VIPER-03","VIPER-03",Friendly,Wingman,Active,Engage,MissionAI,"VIPER-01",2,0.85,0,"BANDIT-01",False,True,True
176.58999999998437,"BANDIT-01","BANDIT-01",Hostile,Patrol,Active,Evade,MissionAI,"",0,0.45,0,"VIPER-02",False,False,True
176.58999999998437,"BANDIT-02","BANDIT-02",Hostile,Patrol,Neutralized,Evade,MissionAI,"",0,0.45,0,"VIPER-03",False,True,True
176.58999999998437,"BANDIT-03","BANDIT-03",Hostile,Patrol,Neutralized,Evade,MissionAI,"",0,0.45,0,"VIPER-02",False,True,True
176.58999999998437,"BANDIT-04","BANDIT-04",Hostile,Patrol,Neutralized,Evade,MissionAI,"",0,0.45,0,"VIPER-02",False,True,True
176.78999999998419,"VIPER-01","VIPER-01",Friendly,Player,Active,Engage,AutomationPilot,"",0,0.85,0,"BANDIT-01",False,True,True
176.78999999998419,"VIPER-02","VIPER-02",Friendly,Wingman,Active,Engage,MissionAI,"VIPER-01",1,0.85,0,"BANDIT-01",False,True,True
176.78999999998419,"VIPER-03","VIPER-03",Friendly,Wingman,Active,Engage,MissionAI,"VIPER-01",2,0.85,0,"BANDIT-01",False,True,True
176.78999999998419,"BANDIT-01","BANDIT-01",Hostile,Patrol,Active,Evade,MissionAI,"",0,0.45,0,"VIPER-02",False,False,True
176.78999999998419,"BANDIT-02","BANDIT-02",Hostile,Patrol,Neutralized,Evade,MissionAI,"",0,0.45,0,"VIPER-03",False,True,True
176.78999999998419,"BANDIT-03","BANDIT-03",Hostile,Patrol,Neutralized,Evade,MissionAI,"",0,0.45,0,"VIPER-02",False,True,True
176.78999999998419,"BANDIT-04","BANDIT-04",Hostile,Patrol,Neutralized,Evade,MissionAI,"",0,0.45,0,"VIPER-02",False,True,True
176.989999999984,"VIPER-01","VIPER-01",Friendly,Player,Active,Engage,AutomationPilot,"",0,0.85,0,"BANDIT-01",False,True,True
176.989999999984,"VIPER-02","VIPER-02",Friendly,Wingman,Active,Engage,MissionAI,"VIPER-01",1,0.85,0,"BANDIT-01",False,True,True
176.989999999984,"VIPER-03","VIPER-03",Friendly,Wingman,Active,Engage,MissionAI,"VIPER-01",2,0.85,0,"BANDIT-01",False,True,True
176.989999999984,"BANDIT-01","BANDIT-01",Hostile,Patrol,Active,Evade,MissionAI,"",0,0.45,0,"VIPER-02",False,False,True
176.989999999984,"BANDIT-02","BANDIT-02",Hostile,Patrol,Neutralized,Evade,MissionAI,"",0,0.45,0,"VIPER-03",False,True,True
176.989999999984,"BANDIT-03","BANDIT-03",Hostile,Patrol,Neutralized,Evade,MissionAI,"",0,0.45,0,"VIPER-02",False,True,True
176.989999999984,"BANDIT-04","BANDIT-04",Hostile,Patrol,Neutralized,Evade,MissionAI,"",0,0.45,0,"VIPER-02",False,True,True
177.18999999998383,"VIPER-01","VIPER-01",Friendly,Player,Active,Engage,AutomationPilot,"",0,0.85,0,"BANDIT-01",False,True,True
177.18999999998383,"VIPER-02","VIPER-02",Friendly,Wingman,Active,Engage,MissionAI,"VIPER-01",1,0.85,0,"BANDIT-01",False,True,True
177.18999999998383,"VIPER-03","VIPER-03",Friendly,Wingman,Active,Engage,MissionAI,"VIPER-01",2,0.85,0,"BANDIT-01",False,True,True
177.18999999998383,"BANDIT-01","BANDIT-01",Hostile,Patrol,Active,Evade,MissionAI,"",0,0.45,0,"VIPER-02",False,False,True
177.18999999998383,"BANDIT-02","BANDIT-02",Hostile,Patrol,Neutralized,Evade,MissionAI,"",0,0.45,0,"VIPER-03",False,True,True
177.18999999998383,"BANDIT-03","BANDIT-03",Hostile,Patrol,Neutralized,Evade,MissionAI,"",0,0.45,0,"VIPER-02",False,True,True
177.18999999998383,"BANDIT-04","BANDIT-04",Hostile,Patrol,Neutralized,Evade,MissionAI,"",0,0.45,0,"VIPER-02",False,True,True
177.38999999998364,"VIPER-01","VIPER-01",Friendly,Player,Active,Engage,AutomationPilot,"",0,0.85,0,"BANDIT-01",False,True,True
177.38999999998364,"VIPER-02","VIPER-02",Friendly,Wingman,Active,Engage,MissionAI,"VIPER-01",1,0.85,0,"BANDIT-01",False,True,True
177.38999999998364,"VIPER-03","VIPER-03",Friendly,Wingman,Active,Engage,MissionAI,"VIPER-01",2,0.85,0,"BANDIT-01",False,True,True
177.38999999998364,"BANDIT-01","BANDIT-01",Hostile,Patrol,Active,Evade,MissionAI,"",0,0.45,0,"VIPER-02",False,False,True
177.38999999998364,"BANDIT-02","BANDIT-02",Hostile,Patrol,Neutralized,Evade,MissionAI,"",0,0.45,0,"VIPER-03",False,True,True
177.38999999998364,"BANDIT-03","BANDIT-03",Hostile,Patrol,Neutralized,Evade,MissionAI,"",0,0.45,0,"VIPER-02",False,True,True
177.38999999998364,"BANDIT-04","BANDIT-04",Hostile,Patrol,Neutralized,Evade,MissionAI,"",0,0.45,0,"VIPER-02",False,True,True
177.58999999998346,"VIPER-01","VIPER-01",Friendly,Player,Active,Engage,AutomationPilot,"",0,0.85,0,"BANDIT-01",False,True,True
177.58999999998346,"VIPER-02","VIPER-02",Friendly,Wingman,Active,Engage,MissionAI,"VIPER-01",1,0.85,0,"BANDIT-01",False,True,True
177.58999999998346,"VIPER-03","VIPER-03",Friendly,Wingman,Active,Engage,MissionAI,"VIPER-01",2,0.85,0,"BANDIT-01",False,True,True
177.58999999998346,"BANDIT-01","BANDIT-01",Hostile,Patrol,Active,Evade,MissionAI,"",0,0.45,0,"VIPER-02",False,False,True
177.58999999998346,"BANDIT-02","BANDIT-02",Hostile,Patrol,Neutralized,Evade,MissionAI,"",0,0.45,0,"VIPER-03",False,True,True
177.58999999998346,"BANDIT-03","BANDIT-03",Hostile,Patrol,Neutralized,Evade,MissionAI,"",0,0.45,0,"VIPER-02",False,True,True
177.58999999998346,"BANDIT-04","BANDIT-04",Hostile,Patrol,Neutralized,Evade,MissionAI,"",0,0.45,0,"VIPER-02",False,True,True
177.78999999998328,"VIPER-01","VIPER-01",Friendly,Player,Active,Engage,AutomationPilot,"",0,0.85,0,"BANDIT-01",False,True,True
177.78999999998328,"VIPER-02","VIPER-02",Friendly,Wingman,Active,Engage,MissionAI,"VIPER-01",1,0.85,0,"BANDIT-01",False,True,True
177.78999999998328,"VIPER-03","VIPER-03",Friendly,Wingman,Active,Engage,MissionAI,"VIPER-01",2,0.85,0,"BANDIT-01",False,True,True
177.78999999998328,"BANDIT-01","BANDIT-01",Hostile,Patrol,Active,Evade,MissionAI,"",0,0.45,0,"VIPER-02",False,False,True
177.78999999998328,"BANDIT-02","BANDIT-02",Hostile,Patrol,Neutralized,Evade,MissionAI,"",0,0.45,0,"VIPER-03",False,True,True
177.78999999998328,"BANDIT-03","BANDIT-03",Hostile,Patrol,Neutralized,Evade,MissionAI,"",0,0.45,0,"VIPER-02",False,True,True
177.78999999998328,"BANDIT-04","BANDIT-04",Hostile,Patrol,Neutralized,Evade,MissionAI,"",0,0.45,0,"VIPER-02",False,True,True
177.9899999999831,"VIPER-01","VIPER-01",Friendly,Player,Active,Engage,AutomationPilot,"",0,0.85,0,"BANDIT-01",False,True,True
177.9899999999831,"VIPER-02","VIPER-02",Friendly,Wingman,Active,Engage,MissionAI,"VIPER-01",1,0.85,0,"BANDIT-01",False,True,True
177.9899999999831,"VIPER-03","VIPER-03",Friendly,Wingman,Active,Engage,MissionAI,"VIPER-01",2,0.85,0,"BANDIT-01",False,True,True
177.9899999999831,"BANDIT-01","BANDIT-01",Hostile,Patrol,Active,Evade,MissionAI,"",0,0.45,0,"VIPER-02",False,False,True
177.9899999999831,"BANDIT-02","BANDIT-02",Hostile,Patrol,Neutralized,Evade,MissionAI,"",0,0.45,0,"VIPER-03",False,True,True
177.9899999999831,"BANDIT-03","BANDIT-03",Hostile,Patrol,Neutralized,Evade,MissionAI,"",0,0.45,0,"VIPER-02",False,True,True
177.9899999999831,"BANDIT-04","BANDIT-04",Hostile,Patrol,Neutralized,Evade,MissionAI,"",0,0.45,0,"VIPER-02",False,True,True
178.18999999998292,"VIPER-01","VIPER-01",Friendly,Player,Active,Engage,AutomationPilot,"",0,0.85,0,"BANDIT-01",False,True,True
178.18999999998292,"VIPER-02","VIPER-02",Friendly,Wingman,Active,Engage,MissionAI,"VIPER-01",1,0.85,0,"BANDIT-01",False,True,True
178.18999999998292,"VIPER-03","VIPER-03",Friendly,Wingman,Active,Engage,MissionAI,"VIPER-01",2,0.85,0,"BANDIT-01",False,True,True
178.18999999998292,"BANDIT-01","BANDIT-01",Hostile,Patrol,Active,Evade,MissionAI,"",0,0.45,0,"VIPER-02",False,False,True
178.18999999998292,"BANDIT-02","BANDIT-02",Hostile,Patrol,Neutralized,Evade,MissionAI,"",0,0.45,0,"VIPER-03",False,True,True
178.18999999998292,"BANDIT-03","BANDIT-03",Hostile,Patrol,Neutralized,Evade,MissionAI,"",0,0.45,0,"VIPER-02",False,True,True
178.18999999998292,"BANDIT-04","BANDIT-04",Hostile,Patrol,Neutralized,Evade,MissionAI,"",0,0.45,0,"VIPER-02",False,True,True
178.38999999998273,"VIPER-01","VIPER-01",Friendly,Player,Active,Engage,AutomationPilot,"",0,0.85,0,"BANDIT-01",False,True,True
178.38999999998273,"VIPER-02","VIPER-02",Friendly,Wingman,Active,Engage,MissionAI,"VIPER-01",1,0.85,0,"BANDIT-01",False,True,True
178.38999999998273,"VIPER-03","VIPER-03",Friendly,Wingman,Active,Engage,MissionAI,"VIPER-01",2,0.85,0,"BANDIT-01",False,True,True
178.38999999998273,"BANDIT-01","BANDIT-01",Hostile,Patrol,Active,Evade,MissionAI,"",0,0.45,0,"VIPER-02",False,False,True
178.38999999998273,"BANDIT-02","BANDIT-02",Hostile,Patrol,Neutralized,Evade,MissionAI,"",0,0.45,0,"VIPER-03",False,True,True
178.38999999998273,"BANDIT-03","BANDIT-03",Hostile,Patrol,Neutralized,Evade,MissionAI,"",0,0.45,0,"VIPER-02",False,True,True
178.38999999998273,"BANDIT-04","BANDIT-04",Hostile,Patrol,Neutralized,Evade,MissionAI,"",0,0.45,0,"VIPER-02",False,True,True
178.58999999998255,"VIPER-01","VIPER-01",Friendly,Player,Active,Engage,AutomationPilot,"",0,0.85,0,"BANDIT-01",False,True,True
178.58999999998255,"VIPER-02","VIPER-02",Friendly,Wingman,Active,Engage,MissionAI,"VIPER-01",1,0.85,0,"BANDIT-01",False,True,True
178.58999999998255,"VIPER-03","VIPER-03",Friendly,Wingman,Active,Engage,MissionAI,"VIPER-01",2,0.85,0,"BANDIT-01",False,True,True
178.58999999998255,"BANDIT-01","BANDIT-01",Hostile,Patrol,Active,Evade,MissionAI,"",0,0.45,0,"VIPER-02",False,False,True
178.58999999998255,"BANDIT-02","BANDIT-02",Hostile,Patrol,Neutralized,Evade,MissionAI,"",0,0.45,0,"VIPER-03",False,True,True
178.58999999998255,"BANDIT-03","BANDIT-03",Hostile,Patrol,Neutralized,Evade,MissionAI,"",0,0.45,0,"VIPER-02",False,True,True
178.58999999998255,"BANDIT-04","BANDIT-04",Hostile,Patrol,Neutralized,Evade,MissionAI,"",0,0.45,0,"VIPER-02",False,True,True
178.78999999998237,"VIPER-01","VIPER-01",Friendly,Player,Active,Engage,AutomationPilot,"",0,0.85,0,"BANDIT-01",False,True,True
178.78999999998237,"VIPER-02","VIPER-02",Friendly,Wingman,Active,Engage,MissionAI,"VIPER-01",1,0.85,0,"BANDIT-01",False,True,True
178.78999999998237,"VIPER-03","VIPER-03",Friendly,Wingman,Active,Engage,MissionAI,"VIPER-01",2,0.85,0,"BANDIT-01",False,True,True
178.78999999998237,"BANDIT-01","BANDIT-01",Hostile,Patrol,Active,Evade,MissionAI,"",0,0.45,0,"VIPER-02",False,False,True
178.78999999998237,"BANDIT-02","BANDIT-02",Hostile,Patrol,Neutralized,Evade,MissionAI,"",0,0.45,0,"VIPER-03",False,True,True
178.78999999998237,"BANDIT-03","BANDIT-03",Hostile,Patrol,Neutralized,Evade,MissionAI,"",0,0.45,0,"VIPER-02",False,True,True
178.78999999998237,"BANDIT-04","BANDIT-04",Hostile,Patrol,Neutralized,Evade,MissionAI,"",0,0.45,0,"VIPER-02",False,True,True
178.98999999998219,"VIPER-01","VIPER-01",Friendly,Player,Active,Engage,AutomationPilot,"",0,0.85,0,"BANDIT-01",False,True,True
178.98999999998219,"VIPER-02","VIPER-02",Friendly,Wingman,Active,Engage,MissionAI,"VIPER-01",1,0.85,0,"BANDIT-01",False,True,True
178.98999999998219,"VIPER-03","VIPER-03",Friendly,Wingman,Active,Engage,MissionAI,"VIPER-01",2,0.85,0,"BANDIT-01",False,True,True
178.98999999998219,"BANDIT-01","BANDIT-01",Hostile,Patrol,Active,Evade,MissionAI,"",0,0.45,0,"VIPER-02",False,False,True
178.98999999998219,"BANDIT-02","BANDIT-02",Hostile,Patrol,Neutralized,Evade,MissionAI,"",0,0.45,0,"VIPER-03",False,True,True
178.98999999998219,"BANDIT-03","BANDIT-03",Hostile,Patrol,Neutralized,Evade,MissionAI,"",0,0.45,0,"VIPER-02",False,True,True
178.98999999998219,"BANDIT-04","BANDIT-04",Hostile,Patrol,Neutralized,Evade,MissionAI,"",0,0.45,0,"VIPER-02",False,True,True
179.189999999982,"VIPER-01","VIPER-01",Friendly,Player,Active,Engage,AutomationPilot,"",0,0.85,0,"BANDIT-01",False,True,True
179.189999999982,"VIPER-02","VIPER-02",Friendly,Wingman,Active,Engage,MissionAI,"VIPER-01",1,0.85,0,"BANDIT-01",False,True,True
179.189999999982,"VIPER-03","VIPER-03",Friendly,Wingman,Active,Engage,MissionAI,"VIPER-01",2,0.85,0,"BANDIT-01",False,True,True
179.189999999982,"BANDIT-01","BANDIT-01",Hostile,Patrol,Active,Evade,MissionAI,"",0,0.45,0,"VIPER-02",False,False,True
179.189999999982,"BANDIT-02","BANDIT-02",Hostile,Patrol,Neutralized,Evade,MissionAI,"",0,0.45,0,"VIPER-03",False,True,True
179.189999999982,"BANDIT-03","BANDIT-03",Hostile,Patrol,Neutralized,Evade,MissionAI,"",0,0.45,0,"VIPER-02",False,True,True
179.189999999982,"BANDIT-04","BANDIT-04",Hostile,Patrol,Neutralized,Evade,MissionAI,"",0,0.45,0,"VIPER-02",False,True,True
179.38999999998182,"VIPER-01","VIPER-01",Friendly,Player,Active,Engage,AutomationPilot,"",0,0.85,0,"BANDIT-01",False,True,True
179.38999999998182,"VIPER-02","VIPER-02",Friendly,Wingman,Active,Engage,MissionAI,"VIPER-01",1,0.85,0,"BANDIT-01",False,True,True
179.38999999998182,"VIPER-03","VIPER-03",Friendly,Wingman,Active,Engage,MissionAI,"VIPER-01",2,0.85,0,"BANDIT-01",False,True,True
179.38999999998182,"BANDIT-01","BANDIT-01",Hostile,Patrol,Active,Evade,MissionAI,"",0,0.45,0,"VIPER-02",False,False,True
179.38999999998182,"BANDIT-02","BANDIT-02",Hostile,Patrol,Neutralized,Evade,MissionAI,"",0,0.45,0,"VIPER-03",False,True,True
179.38999999998182,"BANDIT-03","BANDIT-03",Hostile,Patrol,Neutralized,Evade,MissionAI,"",0,0.45,0,"VIPER-02",False,True,True
179.38999999998182,"BANDIT-04","BANDIT-04",Hostile,Patrol,Neutralized,Evade,MissionAI,"",0,0.45,0,"VIPER-02",False,True,True
179.58999999998164,"VIPER-01","VIPER-01",Friendly,Player,Active,Engage,AutomationPilot,"",0,0.85,0,"BANDIT-01",False,True,True
179.58999999998164,"VIPER-02","VIPER-02",Friendly,Wingman,Active,Engage,MissionAI,"VIPER-01",1,0.85,0,"BANDIT-01",False,True,True
179.58999999998164,"VIPER-03","VIPER-03",Friendly,Wingman,Active,Engage,MissionAI,"VIPER-01",2,0.85,0,"BANDIT-01",False,True,True
179.58999999998164,"BANDIT-01","BANDIT-01",Hostile,Patrol,Active,Evade,MissionAI,"",0,0.45,0,"VIPER-02",False,False,True
179.58999999998164,"BANDIT-02","BANDIT-02",Hostile,Patrol,Neutralized,Evade,MissionAI,"",0,0.45,0,"VIPER-03",False,True,True
179.58999999998164,"BANDIT-03","BANDIT-03",Hostile,Patrol,Neutralized,Evade,MissionAI,"",0,0.45,0,"VIPER-02",False,True,True
179.58999999998164,"BANDIT-04","BANDIT-04",Hostile,Patrol,Neutralized,Evade,MissionAI,"",0,0.45,0,"VIPER-02",False,True,True
179.78999999998146,"VIPER-01","VIPER-01",Friendly,Player,Active,Engage,AutomationPilot,"",0,0.85,0,"BANDIT-01",False,True,True
179.78999999998146,"VIPER-02","VIPER-02",Friendly,Wingman,Active,Engage,MissionAI,"VIPER-01",1,0.85,0,"BANDIT-01",False,True,True
179.78999999998146,"VIPER-03","VIPER-03",Friendly,Wingman,Active,Engage,MissionAI,"VIPER-01",2,0.85,0,"BANDIT-01",False,True,True
179.78999999998146,"BANDIT-01","BANDIT-01",Hostile,Patrol,Active,Evade,MissionAI,"",0,0.45,0,"VIPER-02",False,False,True
179.78999999998146,"BANDIT-02","BANDIT-02",Hostile,Patrol,Neutralized,Evade,MissionAI,"",0,0.45,0,"VIPER-03",False,True,True
179.78999999998146,"BANDIT-03","BANDIT-03",Hostile,Patrol,Neutralized,Evade,MissionAI,"",0,0.45,0,"VIPER-02",False,True,True
179.78999999998146,"BANDIT-04","BANDIT-04",Hostile,Patrol,Neutralized,Evade,MissionAI,"",0,0.45,0,"VIPER-02",False,True,True
179.98999999998128,"VIPER-01","VIPER-01",Friendly,Player,Active,Engage,AutomationPilot,"",0,0.85,0,"BANDIT-01",False,True,True
179.98999999998128,"VIPER-02","VIPER-02",Friendly,Wingman,Active,Engage,MissionAI,"VIPER-01",1,0.85,0,"BANDIT-01",False,True,True
179.98999999998128,"VIPER-03","VIPER-03",Friendly,Wingman,Active,Engage,MissionAI,"VIPER-01",2,0.85,0,"BANDIT-01",False,True,True
179.98999999998128,"BANDIT-01","BANDIT-01",Hostile,Patrol,Active,Evade,MissionAI,"",0,0.45,0,"VIPER-02",False,False,True
179.98999999998128,"BANDIT-02","BANDIT-02",Hostile,Patrol,Neutralized,Evade,MissionAI,"",0,0.45,0,"VIPER-03",False,True,True
179.98999999998128,"BANDIT-03","BANDIT-03",Hostile,Patrol,Neutralized,Evade,MissionAI,"",0,0.45,0,"VIPER-02",False,True,True
179.98999999998128,"BANDIT-04","BANDIT-04",Hostile,Patrol,Neutralized,Evade,MissionAI,"",0,0.45,0,"VIPER-02",False,True,True
180.1899999999811,"VIPER-01","VIPER-01",Friendly,Player,Active,Engage,AutomationPilot,"",0,0.85,0,"BANDIT-01",False,True,True
180.1899999999811,"VIPER-02","VIPER-02",Friendly,Wingman,Active,Engage,MissionAI,"VIPER-01",1,0.85,0,"BANDIT-01",False,True,True
180.1899999999811,"VIPER-03","VIPER-03",Friendly,Wingman,Active,Engage,MissionAI,"VIPER-01",2,0.85,0,"BANDIT-01",False,True,True
180.1899999999811,"BANDIT-01","BANDIT-01",Hostile,Patrol,Active,Evade,MissionAI,"",0,0.45,0,"VIPER-02",False,False,True
180.1899999999811,"BANDIT-02","BANDIT-02",Hostile,Patrol,Neutralized,Evade,MissionAI,"",0,0.45,0,"VIPER-03",False,True,True
180.1899999999811,"BANDIT-03","BANDIT-03",Hostile,Patrol,Neutralized,Evade,MissionAI,"",0,0.45,0,"VIPER-02",False,True,True
180.1899999999811,"BANDIT-04","BANDIT-04",Hostile,Patrol,Neutralized,Evade,MissionAI,"",0,0.45,0,"VIPER-02",False,True,True
180.38999999998092,"VIPER-01","VIPER-01",Friendly,Player,Active,Engage,AutomationPilot,"",0,0.85,0,"BANDIT-01",False,True,True
180.38999999998092,"VIPER-02","VIPER-02",Friendly,Wingman,Active,Engage,MissionAI,"VIPER-01",1,0.85,0,"BANDIT-01",False,True,True
180.38999999998092,"VIPER-03","VIPER-03",Friendly,Wingman,Active,Engage,MissionAI,"VIPER-01",2,0.85,0,"BANDIT-01",False,True,True
180.38999999998092,"BANDIT-01","BANDIT-01",Hostile,Patrol,Active,Evade,MissionAI,"",0,0.45,0,"VIPER-02",False,False,True
180.38999999998092,"BANDIT-02","BANDIT-02",Hostile,Patrol,Neutralized,Evade,MissionAI,"",0,0.45,0,"VIPER-03",False,True,True
180.38999999998092,"BANDIT-03","BANDIT-03",Hostile,Patrol,Neutralized,Evade,MissionAI,"",0,0.45,0,"VIPER-02",False,True,True
180.38999999998092,"BANDIT-04","BANDIT-04",Hostile,Patrol,Neutralized,Evade,MissionAI,"",0,0.45,0,"VIPER-02",False,True,True
180.58999999998073,"VIPER-01","VIPER-01",Friendly,Player,Active,Engage,AutomationPilot,"",0,0.85,0,"BANDIT-01",False,True,True
180.58999999998073,"VIPER-02","VIPER-02",Friendly,Wingman,Active,Engage,MissionAI,"VIPER-01",1,0.85,0,"BANDIT-01",False,True,True
180.58999999998073,"VIPER-03","VIPER-03",Friendly,Wingman,Active,Engage,MissionAI,"VIPER-01",2,0.85,0,"BANDIT-01",False,True,True
180.58999999998073,"BANDIT-01","BANDIT-01",Hostile,Patrol,Active,Evade,MissionAI,"",0,0.45,0,"VIPER-02",False,False,True
180.58999999998073,"BANDIT-02","BANDIT-02",Hostile,Patrol,Neutralized,Evade,MissionAI,"",0,0.45,0,"VIPER-03",False,True,True
180.58999999998073,"BANDIT-03","BANDIT-03",Hostile,Patrol,Neutralized,Evade,MissionAI,"",0,0.45,0,"VIPER-02",False,True,True
180.58999999998073,"BANDIT-04","BANDIT-04",Hostile,Patrol,Neutralized,Evade,MissionAI,"",0,0.45,0,"VIPER-02",False,True,True
180.78999999998055,"VIPER-01","VIPER-01",Friendly,Player,Active,Engage,AutomationPilot,"",0,0.85,0,"BANDIT-01",False,True,True
180.78999999998055,"VIPER-02","VIPER-02",Friendly,Wingman,Active,Engage,MissionAI,"VIPER-01",1,0.85,0,"BANDIT-01",False,True,True
180.78999999998055,"VIPER-03","VIPER-03",Friendly,Wingman,Active,Engage,MissionAI,"VIPER-01",2,0.85,0,"BANDIT-01",False,True,True
180.78999999998055,"BANDIT-01","BANDIT-01",Hostile,Patrol,Active,Evade,MissionAI,"",0,0.45,0,"VIPER-02",False,False,True
180.78999999998055,"BANDIT-02","BANDIT-02",Hostile,Patrol,Neutralized,Evade,MissionAI,"",0,0.45,0,"VIPER-03",False,True,True
180.78999999998055,"BANDIT-03","BANDIT-03",Hostile,Patrol,Neutralized,Evade,MissionAI,"",0,0.45,0,"VIPER-02",False,True,True
180.78999999998055,"BANDIT-04","BANDIT-04",Hostile,Patrol,Neutralized,Evade,MissionAI,"",0,0.45,0,"VIPER-02",False,True,True
180.98999999998037,"VIPER-01","VIPER-01",Friendly,Player,Active,Engage,AutomationPilot,"",0,0.85,0,"BANDIT-01",False,True,True
180.98999999998037,"VIPER-02","VIPER-02",Friendly,Wingman,Active,Engage,MissionAI,"VIPER-01",1,0.85,0,"BANDIT-01",False,True,True
180.98999999998037,"VIPER-03","VIPER-03",Friendly,Wingman,Active,Engage,MissionAI,"VIPER-01",2,0.85,0,"BANDIT-01",False,True,True
180.98999999998037,"BANDIT-01","BANDIT-01",Hostile,Patrol,Active,Evade,MissionAI,"",0,0.45,0,"VIPER-02",False,False,True
180.98999999998037,"BANDIT-02","BANDIT-02",Hostile,Patrol,Neutralized,Evade,MissionAI,"",0,0.45,0,"VIPER-03",False,True,True
180.98999999998037,"BANDIT-03","BANDIT-03",Hostile,Patrol,Neutralized,Evade,MissionAI,"",0,0.45,0,"VIPER-02",False,True,True
180.98999999998037,"BANDIT-04","BANDIT-04",Hostile,Patrol,Neutralized,Evade,MissionAI,"",0,0.45,0,"VIPER-02",False,True,True
181.18999999998019,"VIPER-01","VIPER-01",Friendly,Player,Active,Engage,AutomationPilot,"",0,0.85,0,"BANDIT-01",False,True,True
181.18999999998019,"VIPER-02","VIPER-02",Friendly,Wingman,Active,Engage,MissionAI,"VIPER-01",1,0.85,0,"BANDIT-01",False,True,True
181.18999999998019,"VIPER-03","VIPER-03",Friendly,Wingman,Active,Engage,MissionAI,"VIPER-01",2,0.85,0,"BANDIT-01",False,True,True
181.18999999998019,"BANDIT-01","BANDIT-01",Hostile,Patrol,Active,Evade,MissionAI,"",0,0.45,0,"VIPER-02",False,False,True
181.18999999998019,"BANDIT-02","BANDIT-02",Hostile,Patrol,Neutralized,Evade,MissionAI,"",0,0.45,0,"VIPER-03",False,True,True
181.18999999998019,"BANDIT-03","BANDIT-03",Hostile,Patrol,Neutralized,Evade,MissionAI,"",0,0.45,0,"VIPER-02",False,True,True
181.18999999998019,"BANDIT-04","BANDIT-04",Hostile,Patrol,Neutralized,Evade,MissionAI,"",0,0.45,0,"VIPER-02",False,True,True
181.38999999998,"VIPER-01","VIPER-01",Friendly,Player,Active,Engage,AutomationPilot,"",0,0.85,0,"BANDIT-01",False,True,True
181.38999999998,"VIPER-02","VIPER-02",Friendly,Wingman,Active,Engage,MissionAI,"VIPER-01",1,0.85,0,"BANDIT-01",False,True,True
181.38999999998,"VIPER-03","VIPER-03",Friendly,Wingman,Active,Engage,MissionAI,"VIPER-01",2,0.85,0,"BANDIT-01",False,True,True
181.38999999998,"BANDIT-01","BANDIT-01",Hostile,Patrol,Active,Evade,MissionAI,"",0,0.45,0,"VIPER-02",False,False,True
181.38999999998,"BANDIT-02","BANDIT-02",Hostile,Patrol,Neutralized,Evade,MissionAI,"",0,0.45,0,"VIPER-03",False,True,True
181.38999999998,"BANDIT-03","BANDIT-03",Hostile,Patrol,Neutralized,Evade,MissionAI,"",0,0.45,0,"VIPER-02",False,True,True
181.38999999998,"BANDIT-04","BANDIT-04",Hostile,Patrol,Neutralized,Evade,MissionAI,"",0,0.45,0,"VIPER-02",False,True,True
181.58999999997982,"VIPER-01","VIPER-01",Friendly,Player,Active,Engage,AutomationPilot,"",0,0.85,0,"BANDIT-01",False,True,True
181.58999999997982,"VIPER-02","VIPER-02",Friendly,Wingman,Active,Engage,MissionAI,"VIPER-01",1,0.85,0,"BANDIT-01",False,True,True
181.58999999997982,"VIPER-03","VIPER-03",Friendly,Wingman,Active,Engage,MissionAI,"VIPER-01",2,0.85,0,"BANDIT-01",False,True,True
181.58999999997982,"BANDIT-01","BANDIT-01",Hostile,Patrol,Active,Evade,MissionAI,"",0,0.45,0,"VIPER-02",False,False,True
181.58999999997982,"BANDIT-02","BANDIT-02",Hostile,Patrol,Neutralized,Evade,MissionAI,"",0,0.45,0,"VIPER-03",False,True,True
181.58999999997982,"BANDIT-03","BANDIT-03",Hostile,Patrol,Neutralized,Evade,MissionAI,"",0,0.45,0,"VIPER-02",False,True,True
181.58999999997982,"BANDIT-04","BANDIT-04",Hostile,Patrol,Neutralized,Evade,MissionAI,"",0,0.45,0,"VIPER-02",False,True,True
181.78999999997964,"VIPER-01","VIPER-01",Friendly,Player,Active,Engage,AutomationPilot,"",0,0.85,0,"BANDIT-01",False,True,True
181.78999999997964,"VIPER-02","VIPER-02",Friendly,Wingman,Active,Engage,MissionAI,"VIPER-01",1,0.85,0,"BANDIT-01",False,True,True
181.78999999997964,"VIPER-03","VIPER-03",Friendly,Wingman,Active,Engage,MissionAI,"VIPER-01",2,0.85,0,"BANDIT-01",False,True,True
181.78999999997964,"BANDIT-01","BANDIT-01",Hostile,Patrol,Active,Evade,MissionAI,"",0,0.45,0,"VIPER-02",False,False,True
181.78999999997964,"BANDIT-02","BANDIT-02",Hostile,Patrol,Neutralized,Evade,MissionAI,"",0,0.45,0,"VIPER-03",False,True,True
181.78999999997964,"BANDIT-03","BANDIT-03",Hostile,Patrol,Neutralized,Evade,MissionAI,"",0,0.45,0,"VIPER-02",False,True,True
181.78999999997964,"BANDIT-04","BANDIT-04",Hostile,Patrol,Neutralized,Evade,MissionAI,"",0,0.45,0,"VIPER-02",False,True,True
181.98999999997946,"VIPER-01","VIPER-01",Friendly,Player,Active,Engage,AutomationPilot,"",0,0.85,0,"BANDIT-01",False,True,True
181.98999999997946,"VIPER-02","VIPER-02",Friendly,Wingman,Active,Engage,MissionAI,"VIPER-01",1,0.85,0,"BANDIT-01",False,True,True
181.98999999997946,"VIPER-03","VIPER-03",Friendly,Wingman,Active,Engage,MissionAI,"VIPER-01",2,0.85,0,"BANDIT-01",False,True,True
181.98999999997946,"BANDIT-01","BANDIT-01",Hostile,Patrol,Active,Evade,MissionAI,"",0,0.45,0,"VIPER-02",False,False,True
181.98999999997946,"BANDIT-02","BANDIT-02",Hostile,Patrol,Neutralized,Evade,MissionAI,"",0,0.45,0,"VIPER-03",False,True,True
181.98999999997946,"BANDIT-03","BANDIT-03",Hostile,Patrol,Neutralized,Evade,MissionAI,"",0,0.45,0,"VIPER-02",False,True,True
181.98999999997946,"BANDIT-04","BANDIT-04",Hostile,Patrol,Neutralized,Evade,MissionAI,"",0,0.45,0,"VIPER-02",False,True,True
182.18999999997928,"VIPER-01","VIPER-01",Friendly,Player,Active,Engage,AutomationPilot,"",0,0.85,0,"BANDIT-01",False,True,True
182.18999999997928,"VIPER-02","VIPER-02",Friendly,Wingman,Active,Engage,MissionAI,"VIPER-01",1,0.85,0,"BANDIT-01",False,True,True
182.18999999997928,"VIPER-03","VIPER-03",Friendly,Wingman,Active,Engage,MissionAI,"VIPER-01",2,0.85,0,"BANDIT-01",False,True,True
182.18999999997928,"BANDIT-01","BANDIT-01",Hostile,Patrol,Active,Evade,MissionAI,"",0,0.45,0,"VIPER-02",False,False,True
182.18999999997928,"BANDIT-02","BANDIT-02",Hostile,Patrol,Neutralized,Evade,MissionAI,"",0,0.45,0,"VIPER-03",False,True,True
182.18999999997928,"BANDIT-03","BANDIT-03",Hostile,Patrol,Neutralized,Evade,MissionAI,"",0,0.45,0,"VIPER-02",False,True,True
182.18999999997928,"BANDIT-04","BANDIT-04",Hostile,Patrol,Neutralized,Evade,MissionAI,"",0,0.45,0,"VIPER-02",False,True,True
182.3899999999791,"VIPER-01","VIPER-01",Friendly,Player,Active,Engage,AutomationPilot,"",0,0.85,0,"BANDIT-01",False,True,True
182.3899999999791,"VIPER-02","VIPER-02",Friendly,Wingman,Active,Engage,MissionAI,"VIPER-01",1,0.85,0,"BANDIT-01",False,True,True
182.3899999999791,"VIPER-03","VIPER-03",Friendly,Wingman,Active,Engage,MissionAI,"VIPER-01",2,0.85,0,"BANDIT-01",False,True,True
182.3899999999791,"BANDIT-01","BANDIT-01",Hostile,Patrol,Active,Evade,MissionAI,"",0,0.45,0,"VIPER-02",False,False,True
182.3899999999791,"BANDIT-02","BANDIT-02",Hostile,Patrol,Neutralized,Evade,MissionAI,"",0,0.45,0,"VIPER-03",False,True,True
182.3899999999791,"BANDIT-03","BANDIT-03",Hostile,Patrol,Neutralized,Evade,MissionAI,"",0,0.45,0,"VIPER-02",False,True,True
182.3899999999791,"BANDIT-04","BANDIT-04",Hostile,Patrol,Neutralized,Evade,MissionAI,"",0,0.45,0,"VIPER-02",False,True,True
182.58999999997891,"VIPER-01","VIPER-01",Friendly,Player,Active,Engage,AutomationPilot,"",0,0.85,0,"BANDIT-01",False,True,True
182.58999999997891,"VIPER-02","VIPER-02",Friendly,Wingman,Active,Engage,MissionAI,"VIPER-01",1,0.85,0,"BANDIT-01",False,True,True
182.58999999997891,"VIPER-03","VIPER-03",Friendly,Wingman,Active,Engage,MissionAI,"VIPER-01",2,0.85,0,"BANDIT-01",False,True,True
182.58999999997891,"BANDIT-01","BANDIT-01",Hostile,Patrol,Active,Evade,MissionAI,"",0,0.45,0,"VIPER-02",False,False,True
182.58999999997891,"BANDIT-02","BANDIT-02",Hostile,Patrol,Neutralized,Evade,MissionAI,"",0,0.45,0,"VIPER-03",False,True,True
182.58999999997891,"BANDIT-03","BANDIT-03",Hostile,Patrol,Neutralized,Evade,MissionAI,"",0,0.45,0,"VIPER-02",False,True,True
182.58999999997891,"BANDIT-04","BANDIT-04",Hostile,Patrol,Neutralized,Evade,MissionAI,"",0,0.45,0,"VIPER-02",False,True,True
182.78999999997873,"VIPER-01","VIPER-01",Friendly,Player,Active,Engage,AutomationPilot,"",0,0.85,0,"BANDIT-01",False,True,True
182.78999999997873,"VIPER-02","VIPER-02",Friendly,Wingman,Active,Engage,MissionAI,"VIPER-01",1,0.85,0,"BANDIT-01",False,True,True
182.78999999997873,"VIPER-03","VIPER-03",Friendly,Wingman,Active,Engage,MissionAI,"VIPER-01",2,0.85,0,"BANDIT-01",False,True,True
182.78999999997873,"BANDIT-01","BANDIT-01",Hostile,Patrol,Active,Evade,MissionAI,"",0,0.45,0,"VIPER-02",False,False,True
182.78999999997873,"BANDIT-02","BANDIT-02",Hostile,Patrol,Neutralized,Evade,MissionAI,"",0,0.45,0,"VIPER-03",False,True,True
182.78999999997873,"BANDIT-03","BANDIT-03",Hostile,Patrol,Neutralized,Evade,MissionAI,"",0,0.45,0,"VIPER-02",False,True,True
182.78999999997873,"BANDIT-04","BANDIT-04",Hostile,Patrol,Neutralized,Evade,MissionAI,"",0,0.45,0,"VIPER-02",False,True,True
182.98999999997855,"VIPER-01","VIPER-01",Friendly,Player,Active,Engage,AutomationPilot,"",0,0.85,0,"BANDIT-01",False,True,True
182.98999999997855,"VIPER-02","VIPER-02",Friendly,Wingman,Active,Engage,MissionAI,"VIPER-01",1,0.85,0,"BANDIT-01",False,True,True
182.98999999997855,"VIPER-03","VIPER-03",Friendly,Wingman,Active,Engage,MissionAI,"VIPER-01",2,0.85,0,"BANDIT-01",False,True,True
182.98999999997855,"BANDIT-01","BANDIT-01",Hostile,Patrol,Active,Evade,MissionAI,"",0,0.45,0,"VIPER-02",False,False,True
182.98999999997855,"BANDIT-02","BANDIT-02",Hostile,Patrol,Neutralized,Evade,MissionAI,"",0,0.45,0,"VIPER-03",False,True,True
182.98999999997855,"BANDIT-03","BANDIT-03",Hostile,Patrol,Neutralized,Evade,MissionAI,"",0,0.45,0,"VIPER-02",False,True,True
182.98999999997855,"BANDIT-04","BANDIT-04",Hostile,Patrol,Neutralized,Evade,MissionAI,"",0,0.45,0,"VIPER-02",False,True,True
183.18999999997837,"VIPER-01","VIPER-01",Friendly,Player,Active,Engage,AutomationPilot,"",0,0.85,0,"BANDIT-01",False,True,True
183.18999999997837,"VIPER-02","VIPER-02",Friendly,Wingman,Active,Engage,MissionAI,"VIPER-01",1,0.85,0,"BANDIT-01",False,True,True
183.18999999997837,"VIPER-03","VIPER-03",Friendly,Wingman,Active,Engage,MissionAI,"VIPER-01",2,0.85,0,"BANDIT-01",False,True,True
183.18999999997837,"BANDIT-01","BANDIT-01",Hostile,Patrol,Active,Evade,MissionAI,"",0,0.45,0,"VIPER-02",False,False,True
183.18999999997837,"BANDIT-02","BANDIT-02",Hostile,Patrol,Neutralized,Evade,MissionAI,"",0,0.45,0,"VIPER-03",False,True,True
183.18999999997837,"BANDIT-03","BANDIT-03",Hostile,Patrol,Neutralized,Evade,MissionAI,"",0,0.45,0,"VIPER-02",False,True,True
183.18999999997837,"BANDIT-04","BANDIT-04",Hostile,Patrol,Neutralized,Evade,MissionAI,"",0,0.45,0,"VIPER-02",False,True,True
183.38999999997819,"VIPER-01","VIPER-01",Friendly,Player,Active,Engage,AutomationPilot,"",0,0.85,0,"BANDIT-01",False,True,True
183.38999999997819,"VIPER-02","VIPER-02",Friendly,Wingman,Active,Engage,MissionAI,"VIPER-01",1,0.85,0,"BANDIT-01",False,True,True
183.38999999997819,"VIPER-03","VIPER-03",Friendly,Wingman,Active,Engage,MissionAI,"VIPER-01",2,0.85,0,"BANDIT-01",False,True,True
183.38999999997819,"BANDIT-01","BANDIT-01",Hostile,Patrol,Active,Evade,MissionAI,"",0,0.45,0,"VIPER-02",False,False,True
183.38999999997819,"BANDIT-02","BANDIT-02",Hostile,Patrol,Neutralized,Evade,MissionAI,"",0,0.45,0,"VIPER-03",False,True,True
183.38999999997819,"BANDIT-03","BANDIT-03",Hostile,Patrol,Neutralized,Evade,MissionAI,"",0,0.45,0,"VIPER-02",False,True,True
183.38999999997819,"BANDIT-04","BANDIT-04",Hostile,Patrol,Neutralized,Evade,MissionAI,"",0,0.45,0,"VIPER-02",False,True,True
183.589999999978,"VIPER-01","VIPER-01",Friendly,Player,Active,Engage,AutomationPilot,"",0,0.85,0,"BANDIT-01",False,True,True
183.589999999978,"VIPER-02","VIPER-02",Friendly,Wingman,Active,Engage,MissionAI,"VIPER-01",1,0.85,0,"BANDIT-01",False,True,True
183.589999999978,"VIPER-03","VIPER-03",Friendly,Wingman,Active,Engage,MissionAI,"VIPER-01",2,0.85,0,"BANDIT-01",False,True,True
183.589999999978,"BANDIT-01","BANDIT-01",Hostile,Patrol,Active,Evade,MissionAI,"",0,0.45,0,"VIPER-02",False,False,True
183.589999999978,"BANDIT-02","BANDIT-02",Hostile,Patrol,Neutralized,Evade,MissionAI,"",0,0.45,0,"VIPER-03",False,True,True
183.589999999978,"BANDIT-03","BANDIT-03",Hostile,Patrol,Neutralized,Evade,MissionAI,"",0,0.45,0,"VIPER-02",False,True,True
183.589999999978,"BANDIT-04","BANDIT-04",Hostile,Patrol,Neutralized,Evade,MissionAI,"",0,0.45,0,"VIPER-02",False,True,True
183.78999999997782,"VIPER-01","VIPER-01",Friendly,Player,Active,Engage,AutomationPilot,"",0,0.85,0,"BANDIT-01",False,True,True
183.78999999997782,"VIPER-02","VIPER-02",Friendly,Wingman,Active,Engage,MissionAI,"VIPER-01",1,0.85,0,"BANDIT-01",False,True,True
183.78999999997782,"VIPER-03","VIPER-03",Friendly,Wingman,Active,Engage,MissionAI,"VIPER-01",2,0.85,0,"BANDIT-01",False,True,True
183.78999999997782,"BANDIT-01","BANDIT-01",Hostile,Patrol,Active,Evade,MissionAI,"",0,0.45,0,"VIPER-02",False,False,True
183.78999999997782,"BANDIT-02","BANDIT-02",Hostile,Patrol,Neutralized,Evade,MissionAI,"",0,0.45,0,"VIPER-03",False,True,True
183.78999999997782,"BANDIT-03","BANDIT-03",Hostile,Patrol,Neutralized,Evade,MissionAI,"",0,0.45,0,"VIPER-02",False,True,True
183.78999999997782,"BANDIT-04","BANDIT-04",Hostile,Patrol,Neutralized,Evade,MissionAI,"",0,0.45,0,"VIPER-02",False,True,True
183.98999999997764,"VIPER-01","VIPER-01",Friendly,Player,Active,Engage,AutomationPilot,"",0,0.85,0,"BANDIT-01",False,True,True
183.98999999997764,"VIPER-02","VIPER-02",Friendly,Wingman,Active,Engage,MissionAI,"VIPER-01",1,0.85,0,"BANDIT-01",False,True,True
183.98999999997764,"VIPER-03","VIPER-03",Friendly,Wingman,Active,Engage,MissionAI,"VIPER-01",2,0.85,0,"BANDIT-01",False,True,True
183.98999999997764,"BANDIT-01","BANDIT-01",Hostile,Patrol,Active,Evade,MissionAI,"",0,0.45,0,"VIPER-02",False,False,True
183.98999999997764,"BANDIT-02","BANDIT-02",Hostile,Patrol,Neutralized,Evade,MissionAI,"",0,0.45,0,"VIPER-03",False,True,True
183.98999999997764,"BANDIT-03","BANDIT-03",Hostile,Patrol,Neutralized,Evade,MissionAI,"",0,0.45,0,"VIPER-02",False,True,True
183.98999999997764,"BANDIT-04","BANDIT-04",Hostile,Patrol,Neutralized,Evade,MissionAI,"",0,0.45,0,"VIPER-02",False,True,True
184.18999999997746,"VIPER-01","VIPER-01",Friendly,Player,Active,Engage,AutomationPilot,"",0,0.85,0,"BANDIT-01",False,True,True
184.18999999997746,"VIPER-02","VIPER-02",Friendly,Wingman,Active,Engage,MissionAI,"VIPER-01",1,0.85,0,"BANDIT-01",False,True,True
184.18999999997746,"VIPER-03","VIPER-03",Friendly,Wingman,Active,Engage,MissionAI,"VIPER-01",2,0.85,0,"BANDIT-01",False,True,True
184.18999999997746,"BANDIT-01","BANDIT-01",Hostile,Patrol,Active,Evade,MissionAI,"",0,0.45,0,"VIPER-02",False,False,True
184.18999999997746,"BANDIT-02","BANDIT-02",Hostile,Patrol,Neutralized,Evade,MissionAI,"",0,0.45,0,"VIPER-03",False,True,True
184.18999999997746,"BANDIT-03","BANDIT-03",Hostile,Patrol,Neutralized,Evade,MissionAI,"",0,0.45,0,"VIPER-02",False,True,True
184.18999999997746,"BANDIT-04","BANDIT-04",Hostile,Patrol,Neutralized,Evade,MissionAI,"",0,0.45,0,"VIPER-02",False,True,True
184.38999999997728,"VIPER-01","VIPER-01",Friendly,Player,Active,Engage,AutomationPilot,"",0,0.85,0,"BANDIT-01",False,True,True
184.38999999997728,"VIPER-02","VIPER-02",Friendly,Wingman,Active,Engage,MissionAI,"VIPER-01",1,0.85,0,"BANDIT-01",False,True,True
184.38999999997728,"VIPER-03","VIPER-03",Friendly,Wingman,Active,Engage,MissionAI,"VIPER-01",2,0.85,0,"BANDIT-01",False,True,True
184.38999999997728,"BANDIT-01","BANDIT-01",Hostile,Patrol,Active,Evade,MissionAI,"",0,0.45,0,"VIPER-02",False,False,True
184.38999999997728,"BANDIT-02","BANDIT-02",Hostile,Patrol,Neutralized,Evade,MissionAI,"",0,0.45,0,"VIPER-03",False,True,True
184.38999999997728,"BANDIT-03","BANDIT-03",Hostile,Patrol,Neutralized,Evade,MissionAI,"",0,0.45,0,"VIPER-02",False,True,True
184.38999999997728,"BANDIT-04","BANDIT-04",Hostile,Patrol,Neutralized,Evade,MissionAI,"",0,0.45,0,"VIPER-02",False,True,True
184.5899999999771,"VIPER-01","VIPER-01",Friendly,Player,Active,Engage,AutomationPilot,"",0,0.85,0,"BANDIT-01",False,True,True
184.5899999999771,"VIPER-02","VIPER-02",Friendly,Wingman,Active,Engage,MissionAI,"VIPER-01",1,0.85,0,"BANDIT-01",False,True,True
184.5899999999771,"VIPER-03","VIPER-03",Friendly,Wingman,Active,Engage,MissionAI,"VIPER-01",2,0.85,0,"BANDIT-01",False,True,True
184.5899999999771,"BANDIT-01","BANDIT-01",Hostile,Patrol,Active,Evade,MissionAI,"",0,0.45,0,"VIPER-02",False,False,True
184.5899999999771,"BANDIT-02","BANDIT-02",Hostile,Patrol,Neutralized,Evade,MissionAI,"",0,0.45,0,"VIPER-03",False,True,True
184.5899999999771,"BANDIT-03","BANDIT-03",Hostile,Patrol,Neutralized,Evade,MissionAI,"",0,0.45,0,"VIPER-02",False,True,True
184.5899999999771,"BANDIT-04","BANDIT-04",Hostile,Patrol,Neutralized,Evade,MissionAI,"",0,0.45,0,"VIPER-02",False,True,True
184.78999999997691,"VIPER-01","VIPER-01",Friendly,Player,Active,Engage,AutomationPilot,"",0,0.85,0,"BANDIT-01",False,True,True
184.78999999997691,"VIPER-02","VIPER-02",Friendly,Wingman,Active,Engage,MissionAI,"VIPER-01",1,0.85,0,"BANDIT-01",False,True,True
184.78999999997691,"VIPER-03","VIPER-03",Friendly,Wingman,Active,Engage,MissionAI,"VIPER-01",2,0.85,0,"BANDIT-01",False,True,True
184.78999999997691,"BANDIT-01","BANDIT-01",Hostile,Patrol,Active,Evade,MissionAI,"",0,0.45,0,"VIPER-02",False,False,True
184.78999999997691,"BANDIT-02","BANDIT-02",Hostile,Patrol,Neutralized,Evade,MissionAI,"",0,0.45,0,"VIPER-03",False,True,True
184.78999999997691,"BANDIT-03","BANDIT-03",Hostile,Patrol,Neutralized,Evade,MissionAI,"",0,0.45,0,"VIPER-02",False,True,True
184.78999999997691,"BANDIT-04","BANDIT-04",Hostile,Patrol,Neutralized,Evade,MissionAI,"",0,0.45,0,"VIPER-02",False,True,True
184.98999999997673,"VIPER-01","VIPER-01",Friendly,Player,Active,Engage,AutomationPilot,"",0,0.85,0,"BANDIT-01",False,True,True
184.98999999997673,"VIPER-02","VIPER-02",Friendly,Wingman,Active,Engage,MissionAI,"VIPER-01",1,0.85,0,"BANDIT-01",False,True,True
184.98999999997673,"VIPER-03","VIPER-03",Friendly,Wingman,Active,Engage,MissionAI,"VIPER-01",2,0.85,0,"BANDIT-01",False,True,True
184.98999999997673,"BANDIT-01","BANDIT-01",Hostile,Patrol,Active,Evade,MissionAI,"",0,0.45,0,"VIPER-02",False,False,True
184.98999999997673,"BANDIT-02","BANDIT-02",Hostile,Patrol,Neutralized,Evade,MissionAI,"",0,0.45,0,"VIPER-03",False,True,True
184.98999999997673,"BANDIT-03","BANDIT-03",Hostile,Patrol,Neutralized,Evade,MissionAI,"",0,0.45,0,"VIPER-02",False,True,True
184.98999999997673,"BANDIT-04","BANDIT-04",Hostile,Patrol,Neutralized,Evade,MissionAI,"",0,0.45,0,"VIPER-02",False,True,True
185.18999999997655,"VIPER-01","VIPER-01",Friendly,Player,Active,Engage,AutomationPilot,"",0,0.85,0,"BANDIT-01",False,True,True
185.18999999997655,"VIPER-02","VIPER-02",Friendly,Wingman,Active,Engage,MissionAI,"VIPER-01",1,0.85,0,"BANDIT-01",False,True,True
185.18999999997655,"VIPER-03","VIPER-03",Friendly,Wingman,Active,Engage,MissionAI,"VIPER-01",2,0.85,0,"BANDIT-01",False,True,True
185.18999999997655,"BANDIT-01","BANDIT-01",Hostile,Patrol,Active,Evade,MissionAI,"",0,0.45,0,"VIPER-02",False,False,True
185.18999999997655,"BANDIT-02","BANDIT-02",Hostile,Patrol,Neutralized,Evade,MissionAI,"",0,0.45,0,"VIPER-03",False,True,True
185.18999999997655,"BANDIT-03","BANDIT-03",Hostile,Patrol,Neutralized,Evade,MissionAI,"",0,0.45,0,"VIPER-02",False,True,True
185.18999999997655,"BANDIT-04","BANDIT-04",Hostile,Patrol,Neutralized,Evade,MissionAI,"",0,0.45,0,"VIPER-02",False,True,True
185.38999999997637,"VIPER-01","VIPER-01",Friendly,Player,Active,Engage,AutomationPilot,"",0,0.85,0,"BANDIT-01",False,True,True
185.38999999997637,"VIPER-02","VIPER-02",Friendly,Wingman,Active,Engage,MissionAI,"VIPER-01",1,0.85,0,"BANDIT-01",False,True,True
185.38999999997637,"VIPER-03","VIPER-03",Friendly,Wingman,Active,Engage,MissionAI,"VIPER-01",2,0.85,0,"BANDIT-01",False,True,True
185.38999999997637,"BANDIT-01","BANDIT-01",Hostile,Patrol,Active,Evade,MissionAI,"",0,0.45,0,"VIPER-02",False,False,True
185.38999999997637,"BANDIT-02","BANDIT-02",Hostile,Patrol,Neutralized,Evade,MissionAI,"",0,0.45,0,"VIPER-03",False,True,True
185.38999999997637,"BANDIT-03","BANDIT-03",Hostile,Patrol,Neutralized,Evade,MissionAI,"",0,0.45,0,"VIPER-02",False,True,True
185.38999999997637,"BANDIT-04","BANDIT-04",Hostile,Patrol,Neutralized,Evade,MissionAI,"",0,0.45,0,"VIPER-02",False,True,True
185.58999999997619,"VIPER-01","VIPER-01",Friendly,Player,Active,Engage,AutomationPilot,"",0,0.85,0,"BANDIT-01",False,True,True
185.58999999997619,"VIPER-02","VIPER-02",Friendly,Wingman,Active,Engage,MissionAI,"VIPER-01",1,0.85,0,"BANDIT-01",False,True,True
185.58999999997619,"VIPER-03","VIPER-03",Friendly,Wingman,Active,Engage,MissionAI,"VIPER-01",2,0.85,0,"BANDIT-01",False,True,True
185.58999999997619,"BANDIT-01","BANDIT-01",Hostile,Patrol,Active,Evade,MissionAI,"",0,0.45,0,"VIPER-02",False,False,True
185.58999999997619,"BANDIT-02","BANDIT-02",Hostile,Patrol,Neutralized,Evade,MissionAI,"",0,0.45,0,"VIPER-03",False,True,True
185.58999999997619,"BANDIT-03","BANDIT-03",Hostile,Patrol,Neutralized,Evade,MissionAI,"",0,0.45,0,"VIPER-02",False,True,True
185.58999999997619,"BANDIT-04","BANDIT-04",Hostile,Patrol,Neutralized,Evade,MissionAI,"",0,0.45,0,"VIPER-02",False,True,True
185.789999999976,"VIPER-01","VIPER-01",Friendly,Player,Active,Engage,AutomationPilot,"",0,0.85,0,"BANDIT-01",False,True,True
185.789999999976,"VIPER-02","VIPER-02",Friendly,Wingman,Active,Engage,MissionAI,"VIPER-01",1,0.85,0,"BANDIT-01",False,True,True
185.789999999976,"VIPER-03","VIPER-03",Friendly,Wingman,Active,Engage,MissionAI,"VIPER-01",2,0.85,0,"BANDIT-01",False,True,True
185.789999999976,"BANDIT-01","BANDIT-01",Hostile,Patrol,Active,Evade,MissionAI,"",0,0.45,0,"VIPER-02",False,False,True
185.789999999976,"BANDIT-02","BANDIT-02",Hostile,Patrol,Neutralized,Evade,MissionAI,"",0,0.45,0,"VIPER-03",False,True,True
185.789999999976,"BANDIT-03","BANDIT-03",Hostile,Patrol,Neutralized,Evade,MissionAI,"",0,0.45,0,"VIPER-02",False,True,True
185.789999999976,"BANDIT-04","BANDIT-04",Hostile,Patrol,Neutralized,Evade,MissionAI,"",0,0.45,0,"VIPER-02",False,True,True
185.98999999997582,"VIPER-01","VIPER-01",Friendly,Player,Active,Engage,AutomationPilot,"",0,0.85,0,"BANDIT-01",False,True,True
185.98999999997582,"VIPER-02","VIPER-02",Friendly,Wingman,Active,Engage,MissionAI,"VIPER-01",1,0.85,0,"BANDIT-01",False,True,True
185.98999999997582,"VIPER-03","VIPER-03",Friendly,Wingman,Active,Engage,MissionAI,"VIPER-01",2,0.85,0,"BANDIT-01",False,True,True
185.98999999997582,"BANDIT-01","BANDIT-01",Hostile,Patrol,Active,Evade,MissionAI,"",0,0.45,0,"VIPER-02",False,False,True
185.98999999997582,"BANDIT-02","BANDIT-02",Hostile,Patrol,Neutralized,Evade,MissionAI,"",0,0.45,0,"VIPER-03",False,True,True
185.98999999997582,"BANDIT-03","BANDIT-03",Hostile,Patrol,Neutralized,Evade,MissionAI,"",0,0.45,0,"VIPER-02",False,True,True
185.98999999997582,"BANDIT-04","BANDIT-04",Hostile,Patrol,Neutralized,Evade,MissionAI,"",0,0.45,0,"VIPER-02",False,True,True
186.18999999997564,"VIPER-01","VIPER-01",Friendly,Player,Active,Engage,AutomationPilot,"",0,0.85,0,"BANDIT-01",False,True,True
186.18999999997564,"VIPER-02","VIPER-02",Friendly,Wingman,Active,Engage,MissionAI,"VIPER-01",1,0.85,0,"BANDIT-01",False,True,True
186.18999999997564,"VIPER-03","VIPER-03",Friendly,Wingman,Active,Engage,MissionAI,"VIPER-01",2,0.85,0,"BANDIT-01",False,True,True
186.18999999997564,"BANDIT-01","BANDIT-01",Hostile,Patrol,Active,Evade,MissionAI,"",0,0.45,0,"VIPER-02",False,False,True
186.18999999997564,"BANDIT-02","BANDIT-02",Hostile,Patrol,Neutralized,Evade,MissionAI,"",0,0.45,0,"VIPER-03",False,True,True
186.18999999997564,"BANDIT-03","BANDIT-03",Hostile,Patrol,Neutralized,Evade,MissionAI,"",0,0.45,0,"VIPER-02",False,True,True
186.18999999997564,"BANDIT-04","BANDIT-04",Hostile,Patrol,Neutralized,Evade,MissionAI,"",0,0.45,0,"VIPER-02",False,True,True
186.38999999997546,"VIPER-01","VIPER-01",Friendly,Player,Active,Engage,AutomationPilot,"",0,0.85,0,"BANDIT-01",False,True,True
186.38999999997546,"VIPER-02","VIPER-02",Friendly,Wingman,Active,Engage,MissionAI,"VIPER-01",1,0.85,0,"BANDIT-01",False,True,True
186.38999999997546,"VIPER-03","VIPER-03",Friendly,Wingman,Active,Engage,MissionAI,"VIPER-01",2,0.85,0,"BANDIT-01",False,True,True
186.38999999997546,"BANDIT-01","BANDIT-01",Hostile,Patrol,Active,Evade,MissionAI,"",0,0.45,0,"VIPER-02",False,False,True
186.38999999997546,"BANDIT-02","BANDIT-02",Hostile,Patrol,Neutralized,Evade,MissionAI,"",0,0.45,0,"VIPER-03",False,True,True
186.38999999997546,"BANDIT-03","BANDIT-03",Hostile,Patrol,Neutralized,Evade,MissionAI,"",0,0.45,0,"VIPER-02",False,True,True
186.38999999997546,"BANDIT-04","BANDIT-04",Hostile,Patrol,Neutralized,Evade,MissionAI,"",0,0.45,0,"VIPER-02",False,True,True
186.43999999997541,"VIPER-01","VIPER-01",Friendly,Player,Active,Engage,AutomationPilot,"",0,0.85,0,"BANDIT-01",False,True,True
186.43999999997541,"VIPER-02","VIPER-02",Friendly,Wingman,Active,Engage,MissionAI,"VIPER-01",1,0.85,0,"BANDIT-01",False,True,True
186.43999999997541,"VIPER-03","VIPER-03",Friendly,Wingman,Active,Engage,MissionAI,"VIPER-01",2,0.85,0,"BANDIT-01",False,True,True
186.43999999997541,"BANDIT-01","BANDIT-01",Hostile,Patrol,Neutralized,Evade,MissionAI,"",0,0.45,0,"VIPER-02",False,True,True
186.43999999997541,"BANDIT-02","BANDIT-02",Hostile,Patrol,Neutralized,Evade,MissionAI,"",0,0.45,0,"VIPER-03",False,True,True
186.43999999997541,"BANDIT-03","BANDIT-03",Hostile,Patrol,Neutralized,Evade,MissionAI,"",0,0.45,0,"VIPER-02",False,True,True
186.43999999997541,"BANDIT-04","BANDIT-04",Hostile,Patrol,Neutralized,Evade,MissionAI,"",0,0.45,0,"VIPER-02",False,True,True
