time_s,objective_id,name,type,status,progress,current_count,required_count,deadline_s,failure_reason
0,"HOLD_CAP","保持CAP区域",HoldArea,Active,0,0,1,600,""
0,"CLEAR_CAP","清除空中威胁",NeutralizeHostiles,Active,0,0,4,850,""
0,"HOLD_CAP","保持CAP区域",HoldArea,Active,0,0,1,600,""
0,"CLEAR_CAP","清除空中威胁",NeutralizeHostiles,Active,0,0,4,850,""
0.19000000000000003,"HOLD_CAP","保持CAP区域",HoldArea,Active,0.0015833333333333335,0,1,600,""
0.19000000000000003,"CLEAR_CAP","清除空中威胁",NeutralizeHostiles,Active,0,0,4,850,""
0.39000000000000018,"HOLD_CAP","保持CAP区域",HoldArea,Active,0.0032500000000000016,0,1,600,""
0.39000000000000018,"CLEAR_CAP","清除空中威胁",NeutralizeHostiles,Active,0,0,4,850,""
0.5900000000000003,"HOLD_CAP","保持CAP区域",HoldArea,Active,0.004916666666666669,0,1,600,""
0.5900000000000003,"CLEAR_CAP","清除空中威胁",NeutralizeHostiles,Active,0,0,4,850,""
0.79000000000000048,"HOLD_CAP","保持CAP区域",HoldArea,Active,0.0065833333333333377,0,1,600,""
0.79000000000000048,"CLEAR_CAP","清除空中威胁",NeutralizeHostiles,Active,0,0,4,850,""
0.99000000000000066,"HOLD_CAP","保持CAP区域",HoldArea,Active,0.0082500000000000056,0,1,600,""
0.99000000000000066,"CLEAR_CAP","清除空中威胁",NeutralizeHostiles,Active,0,0,4,850,""
1.1900000000000008,"HOLD_CAP","保持CAP区域",HoldArea,Active,0.0099166666666666743,0,1,600,""
1.1900000000000008,"CLEAR_CAP","清除空中威胁",NeutralizeHostiles,Active,0,0,4,850,""
1.390000000000001,"HOLD_CAP","保持CAP区域",HoldArea,Active,0.011583333333333341,0,1,600,""
1.390000000000001,"CLEAR_CAP","清除空中威胁",NeutralizeHostiles,Active,0,0,4,850,""
1.5900000000000012,"HOLD_CAP","保持CAP区域",HoldArea,Active,0.01325000000000001,0,1,600,""
1.5900000000000012,"CLEAR_CAP","清除空中威胁",NeutralizeHostiles,Active,0,0,4,850,""
1.7900000000000014,"HOLD_CAP","保持CAP区域",HoldArea,Active,0.014916666666666679,0,1,600,""
1.7900000000000014,"CLEAR_CAP","清除空中威胁",NeutralizeHostiles,Active,0,0,4,850,""
1.9900000000000015,"HOLD_CAP","保持CAP区域",HoldArea,Active,0.016583333333333346,0,1,600,""
1.9900000000000015,"CLEAR_CAP","清除空中威胁",NeutralizeHostiles,Active,0,0,4,850,""
2.1899999999999973,"HOLD_CAP","保持CAP区域",HoldArea,Active,0.018249999999999978,0,1,600,""
2.1899999999999973,"CLEAR_CAP","清除空中威胁",NeutralizeHostiles,Active,0,0,4,850,""
2.389999999999993,"HOLD_CAP","保持CAP区域",HoldArea,Active,0.019916666666666607,0,1,600,""
2.389999999999993,"CLEAR_CAP","清除空中威胁",NeutralizeHostiles,Active,0,0,4,850,""
2.5899999999999888,"HOLD_CAP","保持CAP区域",HoldArea,Active,0.021583333333333239,0,1,600,""
2.5899999999999888,"CLEAR_CAP","清除空中威胁",NeutralizeHostiles,Active,0,0,4,850,""
2.7899999999999845,"HOLD_CAP","保持CAP区域",HoldArea,Active,0.023249999999999871,0,1,600,""
2.7899999999999845,"CLEAR_CAP","清除空中威胁",NeutralizeHostiles,Active,0,0,4,850,""
2.9899999999999802,"HOLD_CAP","保持CAP区域",HoldArea,Active,0.0249166666666665,0,1,600,""
2.9899999999999802,"CLEAR_CAP","清除空中威胁",NeutralizeHostiles,Active,0,0,4,850,""
3.189999999999976,"HOLD_CAP","保持CAP区域",HoldArea,Active,0.026583333333333133,0,1,600,""
3.189999999999976,"CLEAR_CAP","清除空中威胁",NeutralizeHostiles,Active,0,0,4,850,""
3.3899999999999717,"HOLD_CAP","保持CAP区域",HoldArea,Active,0.028249999999999765,0,1,600,""
3.3899999999999717,"CLEAR_CAP","清除空中威胁",NeutralizeHostiles,Active,0,0,4,850,""
3.5899999999999674,"HOLD_CAP","保持CAP区域",HoldArea,Active,0.029916666666666394,0,1,600,""
3.5899999999999674,"CLEAR_CAP","清除空中威胁",NeutralizeHostiles,Active,0,0,4,850,""
3.7899999999999632,"HOLD_CAP","保持CAP区域",HoldArea,Active,0.031583333333333026,0,1,600,""
3.7899999999999632,"CLEAR_CAP","清除空中威胁",NeutralizeHostiles,Active,0,0,4,850,""
3.9899999999999589,"HOLD_CAP","保持CAP区域",HoldArea,Active,0.033249999999999655,0,1,600,""
3.9899999999999589,"CLEAR_CAP","清除空中威胁",NeutralizeHostiles,Active,0,0,4,850,""
4.1899999999999551,"HOLD_CAP","保持CAP区域",HoldArea,Active,0.034916666666666291,0,1,600,""
4.1899999999999551,"CLEAR_CAP","清除空中威胁",NeutralizeHostiles,Active,0,0,4,850,""
4.3899999999999508,"HOLD_CAP","保持CAP区域",HoldArea,Active,0.036583333333332926,0,1,600,""
4.3899999999999508,"CLEAR_CAP","清除空中威胁",NeutralizeHostiles,Active,0,0,4,850,""
4.5899999999999466,"HOLD_CAP","保持CAP区域",HoldArea,Active,0.038249999999999555,0,1,600,""
4.5899999999999466,"CLEAR_CAP","清除空中威胁",NeutralizeHostiles,Active,0,0,4,850,""
4.7899999999999423,"HOLD_CAP","保持CAP区域",HoldArea,Active,0.039916666666666184,0,1,600,""
4.7899999999999423,"CLEAR_CAP","清除空中威胁",NeutralizeHostiles,Active,0,0,4,850,""
4.989999999999938,"HOLD_CAP","保持CAP区域",HoldArea,Active,0.04158333333333282,0,1,600,""
4.989999999999938,"CLEAR_CAP","清除空中威胁",NeutralizeHostiles,Active,0,0,4,850,""
5.1899999999999338,"HOLD_CAP","保持CAP区域",HoldArea,Active,0.043249999999999449,0,1,600,""
5.1899999999999338,"CLEAR_CAP","清除空中威胁",NeutralizeHostiles,Active,0,0,4,850,""
5.3899999999999295,"HOLD_CAP","保持CAP区域",HoldArea,Active,0.044916666666666077,0,1,600,""
5.3899999999999295,"CLEAR_CAP","清除空中威胁",NeutralizeHostiles,Active,0,0,4,850,""
5.5899999999999253,"HOLD_CAP","保持CAP区域",HoldArea,Active,0.046583333333332713,0,1,600,""
5.5899999999999253,"CLEAR_CAP","清除空中威胁",NeutralizeHostiles,Active,0,0,4,850,""
5.789999999999921,"HOLD_CAP","保持CAP区域",HoldArea,Active,0.048249999999999342,0,1,600,""
5.789999999999921,"CLEAR_CAP","清除空中威胁",NeutralizeHostiles,Active,0,0,4,850,""
5.9899999999999167,"HOLD_CAP","保持CAP区域",HoldArea,Active,0.049916666666665971,0,1,600,""
5.9899999999999167,"CLEAR_CAP","清除空中威胁",NeutralizeHostiles,Active,0,0,4,850,""
6.1899999999999125,"HOLD_CAP","保持CAP区域",HoldArea,Active,0.051583333333332607,0,1,600,""
6.1899999999999125,"CLEAR_CAP","清除空中威胁",NeutralizeHostiles,Active,0,0,4,850,""
6.3899999999999082,"HOLD_CAP","保持CAP区域",HoldArea,Active,0.053249999999999235,0,1,600,""
6.3899999999999082,"CLEAR_CAP","清除空中威胁",NeutralizeHostiles,Active,0,0,4,850,""
6.5899999999999039,"HOLD_CAP","保持CAP区域",HoldArea,Active,0.054916666666665864,0,1,600,""
6.5899999999999039,"CLEAR_CAP","清除空中威胁",NeutralizeHostiles,Active,0,0,4,850,""
6.7899999999999,"HOLD_CAP","保持CAP区域",HoldArea,Active,0.0565833333333325,0,1,600,""
6.7899999999999,"CLEAR_CAP","清除空中威胁",NeutralizeHostiles,Active,0,0,4,850,""
6.9899999999998954,"HOLD_CAP","保持CAP区域",HoldArea,Active,0.058249999999999129,0,1,600,""
6.9899999999998954,"CLEAR_CAP","清除空中威胁",NeutralizeHostiles,Active,0,0,4,850,""
7.1899999999998911,"HOLD_CAP","保持CAP区域",HoldArea,Active,0.059916666666665758,0,1,600,""
7.1899999999998911,"CLEAR_CAP","清除空中威胁",NeutralizeHostiles,Active,0,0,4,850,""
7.3899999999998869,"HOLD_CAP","保持CAP区域",HoldArea,Active,0.061583333333332393,0,1,600,""
7.3899999999998869,"CLEAR_CAP","清除空中威胁",NeutralizeHostiles,Active,0,0,4,850,""
7.5899999999998826,"HOLD_CAP","保持CAP区域",HoldArea,Active,0.063249999999999015,0,1,600,""
7.5899999999998826,"CLEAR_CAP","清除空中威胁",NeutralizeHostiles,Active,0,0,4,850,""
7.7899999999998784,"HOLD_CAP","保持CAP区域",HoldArea,Active,0.064916666666665651,0,1,600,""
7.7899999999998784,"CLEAR_CAP","清除空中威胁",NeutralizeHostiles,Active,0,0,4,850,""
7.9899999999998741,"HOLD_CAP","保持CAP区域",HoldArea,Active,0.066583333333332287,0,1,600,""
7.9899999999998741,"CLEAR_CAP","清除空中威胁",NeutralizeHostiles,Active,0,0,4,850,""
8.18999999999987,"HOLD_CAP","保持CAP区域",HoldArea,Active,0.068249999999998909,0,1,600,""
8.18999999999987,"CLEAR_CAP","清除空中威胁",NeutralizeHostiles,Active,0,0,4,850,""
8.3899999999998656,"HOLD_CAP","保持CAP区域",HoldArea,Active,0.069916666666665545,0,1,600,""
8.3899999999998656,"CLEAR_CAP","清除空中威胁",NeutralizeHostiles,Active,0,0,4,850,""
8.5899999999998613,"HOLD_CAP","保持CAP区域",HoldArea,Active,0.07158333333333218,0,1,600,""
8.5899999999998613,"CLEAR_CAP","清除空中威胁",NeutralizeHostiles,Active,0,0,4,850,""
8.789999999999857,"HOLD_CAP","保持CAP区域",HoldArea,Active,0.0732499999999988,0,1,600,""
8.789999999999857,"CLEAR_CAP","清除空中威胁",NeutralizeHostiles,Active,0,0,4,850,""
8.9899999999998528,"HOLD_CAP","保持CAP区域",HoldArea,Active,0.074916666666665438,0,1,600,""
8.9899999999998528,"CLEAR_CAP","清除空中威胁",NeutralizeHostiles,Active,0,0,4,850,""
9.1899999999998485,"HOLD_CAP","保持CAP区域",HoldArea,Active,0.076583333333332074,0,1,600,""
9.1899999999998485,"CLEAR_CAP","清除空中威胁",NeutralizeHostiles,Active,0,0,4,850,""
9.3899999999998442,"HOLD_CAP","保持CAP区域",HoldArea,Active,0.0782499999999987,0,1,600,""
9.3899999999998442,"CLEAR_CAP","清除空中威胁",NeutralizeHostiles,Active,0,0,4,850,""
9.58999999999984,"HOLD_CAP","保持CAP区域",HoldArea,Active,0.079916666666665331,0,1,600,""
9.58999999999984,"CLEAR_CAP","清除空中威胁",NeutralizeHostiles,Active,0,0,4,850,""
9.7899999999998357,"HOLD_CAP","保持CAP区域",HoldArea,Active,0.081583333333331967,0,1,600,""
9.7899999999998357,"CLEAR_CAP","清除空中威胁",NeutralizeHostiles,Active,0,0,4,850,""
9.9899999999998315,"HOLD_CAP","保持CAP区域",HoldArea,Active,0.083249999999998589,0,1,600,""
9.9899999999998315,"CLEAR_CAP","清除空中威胁",NeutralizeHostiles,Active,0,0,4,850,""
10.189999999999827,"HOLD_CAP","保持CAP区域",HoldArea,Active,0.084916666666665225,0,1,600,""
10.189999999999827,"CLEAR_CAP","清除空中威胁",NeutralizeHostiles,Active,0,0,4,850,""
10.389999999999823,"HOLD_CAP","保持CAP区域",HoldArea,Active,0.086583333333331861,0,1,600,""
10.389999999999823,"CLEAR_CAP","清除空中威胁",NeutralizeHostiles,Active,0,0,4,850,""
10.589999999999819,"HOLD_CAP","保持CAP区域",HoldArea,Active,0.088249999999998482,0,1,600,""
10.589999999999819,"CLEAR_CAP","清除空中威胁",NeutralizeHostiles,Active,0,0,4,850,""
10.789999999999814,"HOLD_CAP","保持CAP区域",HoldArea,Active,0.089916666666665118,0,1,600,""
10.789999999999814,"CLEAR_CAP","清除空中威胁",NeutralizeHostiles,Active,0,0,4,850,""
10.98999999999981,"HOLD_CAP","保持CAP区域",HoldArea,Active,0.091583333333331754,0,1,600,""
10.98999999999981,"CLEAR_CAP","清除空中威胁",NeutralizeHostiles,Active,0,0,4,850,""
11.189999999999806,"HOLD_CAP","保持CAP区域",HoldArea,Active,0.093249999999998376,0,1,600,""
11.189999999999806,"CLEAR_CAP","清除空中威胁",NeutralizeHostiles,Active,0,0,4,850,""
11.389999999999802,"HOLD_CAP","保持CAP区域",HoldArea,Active,0.094916666666665012,0,1,600,""
11.389999999999802,"CLEAR_CAP","清除空中威胁",NeutralizeHostiles,Active,0,0,4,850,""
11.589999999999797,"HOLD_CAP","保持CAP区域",HoldArea,Active,0.096583333333331647,0,1,600,""
11.589999999999797,"CLEAR_CAP","清除空中威胁",NeutralizeHostiles,Active,0,0,4,850,""
11.789999999999793,"HOLD_CAP","保持CAP区域",HoldArea,Active,0.098249999999998269,0,1,600,""
11.789999999999793,"CLEAR_CAP","清除空中威胁",NeutralizeHostiles,Active,0,0,4,850,""
11.989999999999789,"HOLD_CAP","保持CAP区域",HoldArea,Active,0.0999166666666649,0,1,600,""
11.989999999999789,"CLEAR_CAP","清除空中威胁",NeutralizeHostiles,Active,0,0,4,850,""
12.189999999999785,"HOLD_CAP","保持CAP区域",HoldArea,Active,0.10158333333333154,0,1,600,""
12.189999999999785,"CLEAR_CAP","清除空中威胁",NeutralizeHostiles,Active,0,0,4,850,""
12.38999999999978,"HOLD_CAP","保持CAP区域",HoldArea,Active,0.10324999999999816,0,1,600,""
12.38999999999978,"CLEAR_CAP","清除空中威胁",NeutralizeHostiles,Active,0,0,4,850,""
12.589999999999776,"HOLD_CAP","保持CAP区域",HoldArea,Active,0.1049166666666648,0,1,600,""
12.589999999999776,"CLEAR_CAP","清除空中威胁",NeutralizeHostiles,Active,0,0,4,850,""
12.789999999999772,"HOLD_CAP","保持CAP区域",HoldArea,Active,0.10658333333333143,0,1,600,""
12.789999999999772,"CLEAR_CAP","清除空中威胁",NeutralizeHostiles,Active,0,0,4,850,""
12.989999999999768,"HOLD_CAP","保持CAP区域",HoldArea,Active,0.10824999999999806,0,1,600,""
12.989999999999768,"CLEAR_CAP","清除空中威胁",NeutralizeHostiles,Active,0,0,4,850,""
13.189999999999763,"HOLD_CAP","保持CAP区域",HoldArea,Active,0.10991666666666469,0,1,600,""
13.189999999999763,"CLEAR_CAP","清除空中威胁",NeutralizeHostiles,Active,0,0,4,850,""
13.389999999999759,"HOLD_CAP","保持CAP区域",HoldArea,Active,0.11158333333333133,0,1,600,""
13.389999999999759,"CLEAR_CAP","清除空中威胁",NeutralizeHostiles,Active,0,0,4,850,""
13.589999999999755,"HOLD_CAP","保持CAP区域",HoldArea,Active,0.11324999999999795,0,1,600,""
13.589999999999755,"CLEAR_CAP","清除空中威胁",NeutralizeHostiles,Active,0,0,4,850,""
13.78999999999975,"HOLD_CAP","保持CAP区域",HoldArea,Active,0.11491666666666459,0,1,600,""
13.78999999999975,"CLEAR_CAP","清除空中威胁",NeutralizeHostiles,Active,0,0,4,850,""
13.989999999999746,"HOLD_CAP","保持CAP区域",HoldArea,Active,0.11658333333333122,0,1,600,""
13.989999999999746,"CLEAR_CAP","清除空中威胁",NeutralizeHostiles,Active,0,0,4,850,""
14.189999999999742,"HOLD_CAP","保持CAP区域",HoldArea,Active,0.11824999999999784,0,1,600,""
14.189999999999742,"CLEAR_CAP","清除空中威胁",NeutralizeHostiles,Active,0,0,4,850,""
14.389999999999738,"HOLD_CAP","保持CAP区域",HoldArea,Active,0.11991666666666448,0,1,600,""
14.389999999999738,"CLEAR_CAP","清除空中威胁",NeutralizeHostiles,Active,0,0,4,850,""
14.589999999999733,"HOLD_CAP","保持CAP区域",HoldArea,Active,0.12158333333333111,0,1,600,""
14.589999999999733,"CLEAR_CAP","清除空中威胁",NeutralizeHostiles,Active,0,0,4,850,""
14.789999999999729,"HOLD_CAP","保持CAP区域",HoldArea,Active,0.12324999999999774,0,1,600,""
14.789999999999729,"CLEAR_CAP","清除空中威胁",NeutralizeHostiles,Active,0,0,4,850,""
14.989999999999725,"HOLD_CAP","保持CAP区域",HoldArea,Active,0.12491666666666437,0,1,600,""
14.989999999999725,"CLEAR_CAP","清除空中威胁",NeutralizeHostiles,Active,0,0,4,850,""
15.189999999999721,"HOLD_CAP","保持CAP区域",HoldArea,Active,0.126583333333331,0,1,600,""
15.189999999999721,"CLEAR_CAP","清除空中威胁",NeutralizeHostiles,Active,0,0,4,850,""
15.389999999999716,"HOLD_CAP","保持CAP区域",HoldArea,Active,0.12824999999999764,0,1,600,""
15.389999999999716,"CLEAR_CAP","清除空中威胁",NeutralizeHostiles,Active,0,0,4,850,""
15.589999999999712,"HOLD_CAP","保持CAP区域",HoldArea,Active,0.12991666666666427,0,1,600,""
15.589999999999712,"CLEAR_CAP","清除空中威胁",NeutralizeHostiles,Active,0,0,4,850,""
15.789999999999708,"HOLD_CAP","保持CAP区域",HoldArea,Active,0.13158333333333089,0,1,600,""
15.789999999999708,"CLEAR_CAP","清除空中威胁",NeutralizeHostiles,Active,0,0,4,850,""
15.989999999999704,"HOLD_CAP","保持CAP区域",HoldArea,Active,0.13324999999999754,0,1,600,""
15.989999999999704,"CLEAR_CAP","清除空中威胁",NeutralizeHostiles,Active,0,0,4,850,""
16.189999999999731,"HOLD_CAP","保持CAP区域",HoldArea,Active,0.13491666666666444,0,1,600,""
16.189999999999731,"CLEAR_CAP","清除空中威胁",NeutralizeHostiles,Active,0,0,4,850,""
16.389999999999763,"HOLD_CAP","保持CAP区域",HoldArea,Active,0.13658333333333136,0,1,600,""
16.389999999999763,"CLEAR_CAP","清除空中威胁",NeutralizeHostiles,Active,0,0,4,850,""
16.589999999999794,"HOLD_CAP","保持CAP区域",HoldArea,Active,0.13824999999999829,0,1,600,""
16.589999999999794,"CLEAR_CAP","清除空中威胁",NeutralizeHostiles,Active,0,0,4,850,""
16.789999999999825,"HOLD_CAP","保持CAP区域",HoldArea,Active,0.13991666666666522,0,1,600,""
16.789999999999825,"CLEAR_CAP","清除空中威胁",NeutralizeHostiles,Active,0,0,4,850,""
16.989999999999856,"HOLD_CAP","保持CAP区域",HoldArea,Active,0.14158333333333215,0,1,600,""
16.989999999999856,"CLEAR_CAP","清除空中威胁",NeutralizeHostiles,Active,0,0,4,850,""
17.189999999999888,"HOLD_CAP","保持CAP区域",HoldArea,Active,0.14324999999999907,0,1,600,""
17.189999999999888,"CLEAR_CAP","清除空中威胁",NeutralizeHostiles,Active,0,0,4,850,""
17.389999999999919,"HOLD_CAP","保持CAP区域",HoldArea,Active,0.144916666666666,0,1,600,""
17.389999999999919,"CLEAR_CAP","清除空中威胁",NeutralizeHostiles,Active,0,0,4,850,""
17.58999999999995,"HOLD_CAP","保持CAP区域",HoldArea,Active,0.14658333333333293,0,1,600,""
17.58999999999995,"CLEAR_CAP","清除空中威胁",NeutralizeHostiles,Active,0,0,4,850,""
17.789999999999981,"HOLD_CAP","保持CAP区域",HoldArea,Active,0.14824999999999985,0,1,600,""
17.789999999999981,"CLEAR_CAP","清除空中威胁",NeutralizeHostiles,Active,0,0,4,850,""
17.990000000000013,"HOLD_CAP","保持CAP区域",HoldArea,Active,0.14991666666666678,0,1,600,""
17.990000000000013,"CLEAR_CAP","清除空中威胁",NeutralizeHostiles,Active,0,0,4,850,""
18.190000000000044,"HOLD_CAP","保持CAP区域",HoldArea,Active,0.15158333333333371,0,1,600,""
18.190000000000044,"CLEAR_CAP","清除空中威胁",NeutralizeHostiles,Active,0,0,4,850,""
18.390000000000075,"HOLD_CAP","保持CAP区域",HoldArea,Active,0.15325000000000064,0,1,600,""
18.390000000000075,"CLEAR_CAP","清除空中威胁",NeutralizeHostiles,Active,0,0,4,850,""
18.590000000000106,"HOLD_CAP","保持CAP区域",HoldArea,Active,0.15491666666666756,0,1,600,""
18.590000000000106,"CLEAR_CAP","清除空中威胁",NeutralizeHostiles,Active,0,0,4,850,""
18.790000000000138,"HOLD_CAP","保持CAP区域",HoldArea,Active,0.15658333333333449,0,1,600,""
18.790000000000138,"CLEAR_CAP","清除空中威胁",NeutralizeHostiles,Active,0,0,4,850,""
18.990000000000169,"HOLD_CAP","保持CAP区域",HoldArea,Active,0.15825000000000142,0,1,600,""
18.990000000000169,"CLEAR_CAP","清除空中威胁",NeutralizeHostiles,Active,0,0,4,850,""
19.1900000000002,"HOLD_CAP","保持CAP区域",HoldArea,Active,0.15991666666666834,0,1,600,""
19.1900000000002,"CLEAR_CAP","清除空中威胁",NeutralizeHostiles,Active,0,0,4,850,""
19.390000000000231,"HOLD_CAP","保持CAP区域",HoldArea,Active,0.16158333333333527,0,1,600,""
19.390000000000231,"CLEAR_CAP","清除空中威胁",NeutralizeHostiles,Active,0,0,4,850,""
19.590000000000263,"HOLD_CAP","保持CAP区域",HoldArea,Active,0.1632500000000022,0,1,600,""
19.590000000000263,"CLEAR_CAP","清除空中威胁",NeutralizeHostiles,Active,0,0,4,850,""
19.790000000000294,"HOLD_CAP","保持CAP区域",HoldArea,Active,0.16491666666666913,0,1,600,""
19.790000000000294,"CLEAR_CAP","清除空中威胁",NeutralizeHostiles,Active,0,0,4,850,""
19.990000000000325,"HOLD_CAP","保持CAP区域",HoldArea,Active,0.16658333333333605,0,1,600,""
19.990000000000325,"CLEAR_CAP","清除空中威胁",NeutralizeHostiles,Active,0,0,4,850,""
20.190000000000357,"HOLD_CAP","保持CAP区域",HoldArea,Active,0.16825000000000298,0,1,600,""
20.190000000000357,"CLEAR_CAP","清除空中威胁",NeutralizeHostiles,Active,0,0,4,850,""
20.390000000000388,"HOLD_CAP","保持CAP区域",HoldArea,Active,0.16991666666666991,0,1,600,""
20.390000000000388,"CLEAR_CAP","清除空中威胁",NeutralizeHostiles,Active,0,0,4,850,""
20.590000000000419,"HOLD_CAP","保持CAP区域",HoldArea,Active,0.17158333333333683,0,1,600,""
20.590000000000419,"CLEAR_CAP","清除空中威胁",NeutralizeHostiles,Active,0,0,4,850,""
20.79000000000045,"HOLD_CAP","保持CAP区域",HoldArea,Active,0.17325000000000376,0,1,600,""
20.79000000000045,"CLEAR_CAP","清除空中威胁",NeutralizeHostiles,Active,0,0,4,850,""
20.990000000000482,"HOLD_CAP","保持CAP区域",HoldArea,Active,0.17491666666667069,0,1,600,""
20.990000000000482,"CLEAR_CAP","清除空中威胁",NeutralizeHostiles,Active,0,0,4,850,""
21.190000000000513,"HOLD_CAP","保持CAP区域",HoldArea,Active,0.17658333333333762,0,1,600,""
21.190000000000513,"CLEAR_CAP","清除空中威胁",NeutralizeHostiles,Active,0,0,4,850,""
21.390000000000544,"HOLD_CAP","保持CAP区域",HoldArea,Active,0.17825000000000454,0,1,600,""
21.390000000000544,"CLEAR_CAP","清除空中威胁",NeutralizeHostiles,Active,0,0,4,850,""
21.590000000000575,"HOLD_CAP","保持CAP区域",HoldArea,Active,0.17991666666667147,0,1,600,""
21.590000000000575,"CLEAR_CAP","清除空中威胁",NeutralizeHostiles,Active,0,0,4,850,""
21.790000000000607,"HOLD_CAP","保持CAP区域",HoldArea,Active,0.1815833333333384,0,1,600,""
21.790000000000607,"CLEAR_CAP","清除空中威胁",NeutralizeHostiles,Active,0,0,4,850,""
21.990000000000638,"HOLD_CAP","保持CAP区域",HoldArea,Active,0.18325000000000533,0,1,600,""
21.990000000000638,"CLEAR_CAP","清除空中威胁",NeutralizeHostiles,Active,0,0,4,850,""
22.190000000000669,"HOLD_CAP","保持CAP区域",HoldArea,Active,0.18491666666667225,0,1,600,""
22.190000000000669,"CLEAR_CAP","清除空中威胁",NeutralizeHostiles,Active,0,0,4,850,""
22.3900000000007,"HOLD_CAP","保持CAP区域",HoldArea,Active,0.18658333333333918,0,1,600,""
22.3900000000007,"CLEAR_CAP","清除空中威胁",NeutralizeHostiles,Active,0,0,4,850,""
22.590000000000732,"HOLD_CAP","保持CAP区域",HoldArea,Active,0.18825000000000611,0,1,600,""
22.590000000000732,"CLEAR_CAP","清除空中威胁",NeutralizeHostiles,Active,0,0,4,850,""
22.790000000000763,"HOLD_CAP","保持CAP区域",HoldArea,Active,0.18991666666667303,0,1,600,""
22.790000000000763,"CLEAR_CAP","清除空中威胁",NeutralizeHostiles,Active,0,0,4,850,""
22.990000000000794,"HOLD_CAP","保持CAP区域",HoldArea,Active,0.19158333333333996,0,1,600,""
22.990000000000794,"CLEAR_CAP","清除空中威胁",NeutralizeHostiles,Active,0,0,4,850,""
23.190000000000826,"HOLD_CAP","保持CAP区域",HoldArea,Active,0.19325000000000689,0,1,600,""
23.190000000000826,"CLEAR_CAP","清除空中威胁",NeutralizeHostiles,Active,0,0,4,850,""
23.390000000000857,"HOLD_CAP","保持CAP区域",HoldArea,Active,0.19491666666667382,0,1,600,""
23.390000000000857,"CLEAR_CAP","清除空中威胁",NeutralizeHostiles,Active,0,0,4,850,""
23.590000000000888,"HOLD_CAP","保持CAP区域",HoldArea,Active,0.19658333333334074,0,1,600,""
23.590000000000888,"CLEAR_CAP","清除空中威胁",NeutralizeHostiles,Active,0,0,4,850,""
23.790000000000919,"HOLD_CAP","保持CAP区域",HoldArea,Active,0.19825000000000767,0,1,600,""
23.790000000000919,"CLEAR_CAP","清除空中威胁",NeutralizeHostiles,Active,0,0,4,850,""
23.990000000000951,"HOLD_CAP","保持CAP区域",HoldArea,Active,0.1999166666666746,0,1,600,""
23.990000000000951,"CLEAR_CAP","清除空中威胁",NeutralizeHostiles,Active,0,0,4,850,""
24.190000000000982,"HOLD_CAP","保持CAP区域",HoldArea,Active,0.20158333333334152,0,1,600,""
24.190000000000982,"CLEAR_CAP","清除空中威胁",NeutralizeHostiles,Active,0,0,4,850,""
24.390000000001013,"HOLD_CAP","保持CAP区域",HoldArea,Active,0.20325000000000845,0,1,600,""
24.390000000001013,"CLEAR_CAP","清除空中威胁",NeutralizeHostiles,Active,0,0,4,850,""
24.590000000001044,"HOLD_CAP","保持CAP区域",HoldArea,Active,0.20491666666667538,0,1,600,""
24.590000000001044,"CLEAR_CAP","清除空中威胁",NeutralizeHostiles,Active,0,0,4,850,""
24.790000000001076,"HOLD_CAP","保持CAP区域",HoldArea,Active,0.20658333333334231,0,1,600,""
24.790000000001076,"CLEAR_CAP","清除空中威胁",NeutralizeHostiles,Active,0,0,4,850,""
24.990000000001107,"HOLD_CAP","保持CAP区域",HoldArea,Active,0.20825000000000923,0,1,600,""
24.990000000001107,"CLEAR_CAP","清除空中威胁",NeutralizeHostiles,Active,0,0,4,850,""
25.190000000001138,"HOLD_CAP","保持CAP区域",HoldArea,Active,0.20991666666667616,0,1,600,""
25.190000000001138,"CLEAR_CAP","清除空中威胁",NeutralizeHostiles,Active,0,0,4,850,""
25.390000000001169,"HOLD_CAP","保持CAP区域",HoldArea,Active,0.21158333333334309,0,1,600,""
25.390000000001169,"CLEAR_CAP","清除空中威胁",NeutralizeHostiles,Active,0,0,4,850,""
25.5900000000012,"HOLD_CAP","保持CAP区域",HoldArea,Active,0.21325000000001001,0,1,600,""
25.5900000000012,"CLEAR_CAP","清除空中威胁",NeutralizeHostiles,Active,0,0,4,850,""
25.790000000001232,"HOLD_CAP","保持CAP区域",HoldArea,Active,0.21491666666667694,0,1,600,""
25.790000000001232,"CLEAR_CAP","清除空中威胁",NeutralizeHostiles,Active,0,0,4,850,""
25.990000000001263,"HOLD_CAP","保持CAP区域",HoldArea,Active,0.21658333333334387,0,1,600,""
25.990000000001263,"CLEAR_CAP","清除空中威胁",NeutralizeHostiles,Active,0,0,4,850,""
26.190000000001294,"HOLD_CAP","保持CAP区域",HoldArea,Active,0.2182500000000108,0,1,600,""
26.190000000001294,"CLEAR_CAP","清除空中威胁",NeutralizeHostiles,Active,0,0,4,850,""
26.390000000001326,"HOLD_CAP","保持CAP区域",HoldArea,Active,0.21991666666667772,0,1,600,""
26.390000000001326,"CLEAR_CAP","清除空中威胁",NeutralizeHostiles,Active,0,0,4,850,""
26.590000000001357,"HOLD_CAP","保持CAP区域",HoldArea,Active,0.22158333333334465,0,1,600,""
26.590000000001357,"CLEAR_CAP","清除空中威胁",NeutralizeHostiles,Active,0,0,4,850,""
26.790000000001388,"HOLD_CAP","保持CAP区域",HoldArea,Active,0.22325000000001158,0,1,600,""
26.790000000001388,"CLEAR_CAP","清除空中威胁",NeutralizeHostiles,Active,0,0,4,850,""
26.99000000000142,"HOLD_CAP","保持CAP区域",HoldArea,Active,0.22491666666667851,0,1,600,""
26.99000000000142,"CLEAR_CAP","清除空中威胁",NeutralizeHostiles,Active,0,0,4,850,""
27.190000000001451,"HOLD_CAP","保持CAP区域",HoldArea,Active,0.22658333333334543,0,1,600,""
27.190000000001451,"CLEAR_CAP","清除空中威胁",NeutralizeHostiles,Active,0,0,4,850,""
27.390000000001482,"HOLD_CAP","保持CAP区域",HoldArea,Active,0.22825000000001236,0,1,600,""
27.390000000001482,"CLEAR_CAP","清除空中威胁",NeutralizeHostiles,Active,0,0,4,850,""
27.590000000001513,"HOLD_CAP","保持CAP区域",HoldArea,Active,0.22991666666667929,0,1,600,""
27.590000000001513,"CLEAR_CAP","清除空中威胁",NeutralizeHostiles,Active,0,0,4,850,""
27.790000000001545,"HOLD_CAP","保持CAP区域",HoldArea,Active,0.23158333333334621,0,1,600,""
27.790000000001545,"CLEAR_CAP","清除空中威胁",NeutralizeHostiles,Active,0,0,4,850,""
27.990000000001576,"HOLD_CAP","保持CAP区域",HoldArea,Active,0.23325000000001314,0,1,600,""
27.990000000001576,"CLEAR_CAP","清除空中威胁",NeutralizeHostiles,Active,0,0,4,850,""
28.190000000001607,"HOLD_CAP","保持CAP区域",HoldArea,Active,0.23491666666668007,0,1,600,""
28.190000000001607,"CLEAR_CAP","清除空中威胁",NeutralizeHostiles,Active,0,0,4,850,""
28.390000000001638,"HOLD_CAP","保持CAP区域",HoldArea,Active,0.236583333333347,0,1,600,""
28.390000000001638,"CLEAR_CAP","清除空中威胁",NeutralizeHostiles,Active,0,0,4,850,""
28.59000000000167,"HOLD_CAP","保持CAP区域",HoldArea,Active,0.23825000000001392,0,1,600,""
28.59000000000167,"CLEAR_CAP","清除空中威胁",NeutralizeHostiles,Active,0,0,4,850,""
28.7900000000017,"HOLD_CAP","保持CAP区域",HoldArea,Active,0.23991666666668085,0,1,600,""
28.7900000000017,"CLEAR_CAP","清除空中威胁",NeutralizeHostiles,Active,0,0,4,850,""
28.990000000001732,"HOLD_CAP","保持CAP区域",HoldArea,Active,0.24158333333334778,0,1,600,""
28.990000000001732,"CLEAR_CAP","清除空中威胁",NeutralizeHostiles,Active,0,0,4,850,""
29.190000000001763,"HOLD_CAP","保持CAP区域",HoldArea,Active,0.2432500000000147,0,1,600,""
29.190000000001763,"CLEAR_CAP","清除空中威胁",NeutralizeHostiles,Active,0,0,4,850,""
29.390000000001795,"HOLD_CAP","保持CAP区域",HoldArea,Active,0.24491666666668163,0,1,600,""
29.390000000001795,"CLEAR_CAP","清除空中威胁",NeutralizeHostiles,Active,0,0,4,850,""
29.590000000001826,"HOLD_CAP","保持CAP区域",HoldArea,Active,0.24658333333334856,0,1,600,""
29.590000000001826,"CLEAR_CAP","清除空中威胁",NeutralizeHostiles,Active,0,0,4,850,""
29.790000000001857,"HOLD_CAP","保持CAP区域",HoldArea,Active,0.24825000000001549,0,1,600,""
29.790000000001857,"CLEAR_CAP","清除空中威胁",NeutralizeHostiles,Active,0,0,4,850,""
29.990000000001888,"HOLD_CAP","保持CAP区域",HoldArea,Active,0.24991666666668241,0,1,600,""
29.990000000001888,"CLEAR_CAP","清除空中威胁",NeutralizeHostiles,Active,0,0,4,850,""
30.19000000000192,"HOLD_CAP","保持CAP区域",HoldArea,Active,0.25158333333334931,0,1,600,""
30.19000000000192,"CLEAR_CAP","清除空中威胁",NeutralizeHostiles,Active,0,0,4,850,""
30.390000000001951,"HOLD_CAP","保持CAP区域",HoldArea,Active,0.25325000000001624,0,1,600,""
30.390000000001951,"CLEAR_CAP","清除空中威胁",NeutralizeHostiles,Active,0,0,4,850,""
30.590000000001982,"HOLD_CAP","保持CAP区域",HoldArea,Active,0.25491666666668317,0,1,600,""
30.590000000001982,"CLEAR_CAP","清除空中威胁",NeutralizeHostiles,Active,0,0,4,850,""
30.790000000002014,"HOLD_CAP","保持CAP区域",HoldArea,Active,0.25658333333335009,0,1,600,""
30.790000000002014,"CLEAR_CAP","清除空中威胁",NeutralizeHostiles,Active,0,0,4,850,""
30.990000000002045,"HOLD_CAP","保持CAP区域",HoldArea,Active,0.258250000000017,0,1,600,""
30.990000000002045,"CLEAR_CAP","清除空中威胁",NeutralizeHostiles,Active,0,0,4,850,""
31.190000000002076,"HOLD_CAP","保持CAP区域",HoldArea,Active,0.25991666666668395,0,1,600,""
31.190000000002076,"CLEAR_CAP","清除空中威胁",NeutralizeHostiles,Active,0,0,4,850,""
31.390000000002107,"HOLD_CAP","保持CAP区域",HoldArea,Active,0.26158333333335088,0,1,600,""
31.390000000002107,"CLEAR_CAP","清除空中威胁",NeutralizeHostiles,Active,0,0,4,850,""
31.590000000002139,"HOLD_CAP","保持CAP区域",HoldArea,Active,0.2632500000000178,0,1,600,""
31.590000000002139,"CLEAR_CAP","清除空中威胁",NeutralizeHostiles,Active,0,0,4,850,""
31.79000000000217,"HOLD_CAP","保持CAP区域",HoldArea,Active,0.26491666666668473,0,1,600,""
31.79000000000217,"CLEAR_CAP","清除空中威胁",NeutralizeHostiles,Active,0,0,4,850,""
31.9900000000022,"HOLD_CAP","保持CAP区域",HoldArea,Active,0.26658333333335166,0,1,600,""
31.9900000000022,"CLEAR_CAP","清除空中威胁",NeutralizeHostiles,Active,0,0,4,850,""
32.190000000002165,"HOLD_CAP","保持CAP区域",HoldArea,Active,0.26825000000001803,0,1,600,""
32.190000000002165,"CLEAR_CAP","清除空中威胁",NeutralizeHostiles,Active,0,0,4,850,""
32.390000000002125,"HOLD_CAP","保持CAP区域",HoldArea,Active,0.2699166666666844,0,1,600,""
32.390000000002125,"CLEAR_CAP","清除空中威胁",NeutralizeHostiles,Active,0,0,4,850,""
32.590000000002085,"HOLD_CAP","保持CAP区域",HoldArea,Active,0.27158333333335072,0,1,600,""
32.590000000002085,"CLEAR_CAP","清除空中威胁",NeutralizeHostiles,Active,0,0,4,850,""
32.790000000002046,"HOLD_CAP","保持CAP区域",HoldArea,Active,0.27325000000001703,0,1,600,""
32.790000000002046,"CLEAR_CAP","清除空中威胁",NeutralizeHostiles,Active,0,0,4,850,""
32.990000000002006,"HOLD_CAP","保持CAP区域",HoldArea,Active,0.27491666666668341,0,1,600,""
32.990000000002006,"CLEAR_CAP","清除空中威胁",NeutralizeHostiles,Active,0,0,4,850,""
33.190000000001966,"HOLD_CAP","保持CAP区域",HoldArea,Active,0.27658333333334972,0,1,600,""
33.190000000001966,"CLEAR_CAP","清除空中威胁",NeutralizeHostiles,Active,0,0,4,850,""
33.390000000001926,"HOLD_CAP","保持CAP区域",HoldArea,Active,0.27825000000001604,0,1,600,""
33.390000000001926,"CLEAR_CAP","清除空中威胁",NeutralizeHostiles,Active,0,0,4,850,""
33.590000000001886,"HOLD_CAP","保持CAP区域",HoldArea,Active,0.27991666666668241,0,1,600,""
33.590000000001886,"CLEAR_CAP","清除空中威胁",NeutralizeHostiles,Active,0,0,4,850,""
33.790000000001847,"HOLD_CAP","保持CAP区域",HoldArea,Active,0.28158333333334873,0,1,600,""
33.790000000001847,"CLEAR_CAP","清除空中威胁",NeutralizeHostiles,Active,0,0,4,850,""
33.990000000001807,"HOLD_CAP","保持CAP区域",HoldArea,Active,0.28325000000001505,0,1,600,""
33.990000000001807,"CLEAR_CAP","清除空中威胁",NeutralizeHostiles,Active,0,0,4,850,""
34.190000000001767,"HOLD_CAP","保持CAP区域",HoldArea,Active,0.28491666666668142,0,1,600,""
34.190000000001767,"CLEAR_CAP","清除空中威胁",NeutralizeHostiles,Active,0,0,4,850,""
34.390000000001727,"HOLD_CAP","保持CAP区域",HoldArea,Active,0.28658333333334773,0,1,600,""
34.390000000001727,"CLEAR_CAP","清除空中威胁",NeutralizeHostiles,Active,0,0,4,850,""
34.590000000001687,"HOLD_CAP","保持CAP区域",HoldArea,Active,0.28825000000001405,0,1,600,""
34.590000000001687,"CLEAR_CAP","清除空中威胁",NeutralizeHostiles,Active,0,0,4,850,""
34.790000000001648,"HOLD_CAP","保持CAP区域",HoldArea,Active,0.28991666666668042,0,1,600,""
34.790000000001648,"CLEAR_CAP","清除空中威胁",NeutralizeHostiles,Active,0,0,4,850,""
34.990000000001608,"HOLD_CAP","保持CAP区域",HoldArea,Active,0.29158333333334674,0,1,600,""
34.990000000001608,"CLEAR_CAP","清除空中威胁",NeutralizeHostiles,Active,0,0,4,850,""
35.190000000001568,"HOLD_CAP","保持CAP区域",HoldArea,Active,0.29325000000001306,0,1,600,""
35.190000000001568,"CLEAR_CAP","清除空中威胁",NeutralizeHostiles,Active,0,0,4,850,""
35.390000000001528,"HOLD_CAP","保持CAP区域",HoldArea,Active,0.29491666666667943,0,1,600,""
35.390000000001528,"CLEAR_CAP","清除空中威胁",NeutralizeHostiles,Active,0,0,4,850,""
35.590000000001488,"HOLD_CAP","保持CAP区域",HoldArea,Active,0.29658333333334574,0,1,600,""
35.590000000001488,"CLEAR_CAP","清除空中威胁",NeutralizeHostiles,Active,0,0,4,850,""
35.790000000001449,"HOLD_CAP","保持CAP区域",HoldArea,Active,0.29825000000001206,0,1,600,""
35.790000000001449,"CLEAR_CAP","清除空中威胁",NeutralizeHostiles,Active,0,0,4,850,""
35.990000000001409,"HOLD_CAP","保持CAP区域",HoldArea,Active,0.29991666666667843,0,1,600,""
35.990000000001409,"CLEAR_CAP","清除空中威胁",NeutralizeHostiles,Active,0,0,4,850,""
36.190000000001369,"HOLD_CAP","保持CAP区域",HoldArea,Active,0.30158333333334475,0,1,600,""
36.190000000001369,"CLEAR_CAP","清除空中威胁",NeutralizeHostiles,Active,0,0,4,850,""
36.390000000001329,"HOLD_CAP","保持CAP区域",HoldArea,Active,0.30325000000001107,0,1,600,""
36.390000000001329,"CLEAR_CAP","清除空中威胁",NeutralizeHostiles,Active,0,0,4,850,""
36.590000000001289,"HOLD_CAP","保持CAP区域",HoldArea,Active,0.30491666666667744,0,1,600,""
36.590000000001289,"CLEAR_CAP","清除空中威胁",NeutralizeHostiles,Active,0,0,4,850,""
36.79000000000125,"HOLD_CAP","保持CAP区域",HoldArea,Active,0.30658333333334375,0,1,600,""
36.79000000000125,"CLEAR_CAP","清除空中威胁",NeutralizeHostiles,Active,0,0,4,850,""
36.99000000000121,"HOLD_CAP","保持CAP区域",HoldArea,Active,0.30825000000001007,0,1,600,""
36.99000000000121,"CLEAR_CAP","清除空中威胁",NeutralizeHostiles,Active,0,0,4,850,""
37.19000000000117,"HOLD_CAP","保持CAP区域",HoldArea,Active,0.30991666666667644,0,1,600,""
37.19000000000117,"CLEAR_CAP","清除空中威胁",NeutralizeHostiles,Active,0,0,4,850,""
37.39000000000113,"HOLD_CAP","保持CAP区域",HoldArea,Active,0.31158333333334276,0,1,600,""
37.39000000000113,"CLEAR_CAP","清除空中威胁",NeutralizeHostiles,Active,0,0,4,850,""
37.590000000001091,"HOLD_CAP","保持CAP区域",HoldArea,Active,0.31325000000000908,0,1,600,""
37.590000000001091,"CLEAR_CAP","清除空中威胁",NeutralizeHostiles,Active,0,0,4,850,""
37.790000000001051,"HOLD_CAP","保持CAP区域",HoldArea,Active,0.31491666666667545,0,1,600,""
37.790000000001051,"CLEAR_CAP","清除空中威胁",NeutralizeHostiles,Active,0,0,4,850,""
37.990000000001011,"HOLD_CAP","保持CAP区域",HoldArea,Active,0.31658333333334177,0,1,600,""
37.990000000001011,"CLEAR_CAP","清除空中威胁",NeutralizeHostiles,Active,0,0,4,850,""
38.190000000000971,"HOLD_CAP","保持CAP区域",HoldArea,Active,0.31825000000000808,0,1,600,""
38.190000000000971,"CLEAR_CAP","清除空中威胁",NeutralizeHostiles,Active,0,0,4,850,""
38.390000000000931,"HOLD_CAP","保持CAP区域",HoldArea,Active,0.31991666666667445,0,1,600,""
38.390000000000931,"CLEAR_CAP","清除空中威胁",NeutralizeHostiles,Active,0,0,4,850,""
38.590000000000892,"HOLD_CAP","保持CAP区域",HoldArea,Active,0.32158333333334077,0,1,600,""
38.590000000000892,"CLEAR_CAP","清除空中威胁",NeutralizeHostiles,Active,0,0,4,850,""
38.790000000000852,"HOLD_CAP","保持CAP区域",HoldArea,Active,0.32325000000000709,0,1,600,""
38.790000000000852,"CLEAR_CAP","清除空中威胁",NeutralizeHostiles,Active,0,0,4,850,""
38.990000000000812,"HOLD_CAP","保持CAP区域",HoldArea,Active,0.32491666666667346,0,1,600,""
38.990000000000812,"CLEAR_CAP","清除空中威胁",NeutralizeHostiles,Active,0,0,4,850,""
39.190000000000772,"HOLD_CAP","保持CAP区域",HoldArea,Active,0.32658333333333978,0,1,600,""
39.190000000000772,"CLEAR_CAP","清除空中威胁",NeutralizeHostiles,Active,0,0,4,850,""
39.390000000000732,"HOLD_CAP","保持CAP区域",HoldArea,Active,0.32825000000000609,0,1,600,""
39.390000000000732,"CLEAR_CAP","清除空中威胁",NeutralizeHostiles,Active,0,0,4,850,""
39.590000000000693,"HOLD_CAP","保持CAP区域",HoldArea,Active,0.32991666666667246,0,1,600,""
39.590000000000693,"CLEAR_CAP","清除空中威胁",NeutralizeHostiles,Active,0,0,4,850,""
39.790000000000653,"HOLD_CAP","保持CAP区域",HoldArea,Active,0.33158333333333878,0,1,600,""
39.790000000000653,"CLEAR_CAP","清除空中威胁",NeutralizeHostiles,Active,0,0,4,850,""
39.990000000000613,"HOLD_CAP","保持CAP区域",HoldArea,Active,0.3332500000000051,0,1,600,""
39.990000000000613,"CLEAR_CAP","清除空中威胁",NeutralizeHostiles,Active,0,0,4,850,""
40.190000000000573,"HOLD_CAP","保持CAP区域",HoldArea,Active,0.33491666666667147,0,1,600,""
40.190000000000573,"CLEAR_CAP","清除空中威胁",NeutralizeHostiles,Active,0,0,4,850,""
40.390000000000533,"HOLD_CAP","保持CAP区域",HoldArea,Active,0.33658333333333779,0,1,600,""
40.390000000000533,"CLEAR_CAP","清除空中威胁",NeutralizeHostiles,Active,0,0,4,850,""
40.590000000000494,"HOLD_CAP","保持CAP区域",HoldArea,Active,0.3382500000000041,0,1,600,""
40.590000000000494,"CLEAR_CAP","清除空中威胁",NeutralizeHostiles,Active,0,0,4,850,""
40.790000000000454,"HOLD_CAP","保持CAP区域",HoldArea,Active,0.33991666666667048,0,1,600,""
40.790000000000454,"CLEAR_CAP","清除空中威胁",NeutralizeHostiles,Active,0,0,4,850,""
40.990000000000414,"HOLD_CAP","保持CAP区域",HoldArea,Active,0.34158333333333679,0,1,600,""
40.990000000000414,"CLEAR_CAP","清除空中威胁",NeutralizeHostiles,Active,0,0,4,850,""
41.190000000000374,"HOLD_CAP","保持CAP区域",HoldArea,Active,0.34325000000000311,0,1,600,""
41.190000000000374,"CLEAR_CAP","清除空中威胁",NeutralizeHostiles,Active,0,0,4,850,""
41.390000000000335,"HOLD_CAP","保持CAP区域",HoldArea,Active,0.34491666666666948,0,1,600,""
41.390000000000335,"CLEAR_CAP","清除空中威胁",NeutralizeHostiles,Active,0,0,4,850,""
41.590000000000295,"HOLD_CAP","保持CAP区域",HoldArea,Active,0.3465833333333358,0,1,600,""
41.590000000000295,"CLEAR_CAP","清除空中威胁",NeutralizeHostiles,Active,0,0,4,850,""
41.790000000000255,"HOLD_CAP","保持CAP区域",HoldArea,Active,0.34825000000000211,0,1,600,""
41.790000000000255,"CLEAR_CAP","清除空中威胁",NeutralizeHostiles,Active,0,0,4,850,""
41.990000000000215,"HOLD_CAP","保持CAP区域",HoldArea,Active,0.34991666666666849,0,1,600,""
41.990000000000215,"CLEAR_CAP","清除空中威胁",NeutralizeHostiles,Active,0,0,4,850,""
42.190000000000175,"HOLD_CAP","保持CAP区域",HoldArea,Active,0.3515833333333348,0,1,600,""
42.190000000000175,"CLEAR_CAP","清除空中威胁",NeutralizeHostiles,Active,0,0,4,850,""
42.390000000000136,"HOLD_CAP","保持CAP区域",HoldArea,Active,0.35325000000000112,0,1,600,""
42.390000000000136,"CLEAR_CAP","清除空中威胁",NeutralizeHostiles,Active,0,0,4,850,""
42.590000000000096,"HOLD_CAP","保持CAP区域",HoldArea,Active,0.35491666666666749,0,1,600,""
42.590000000000096,"CLEAR_CAP","清除空中威胁",NeutralizeHostiles,Active,0,0,4,850,""
42.790000000000056,"HOLD_CAP","保持CAP区域",HoldArea,Active,0.35658333333333381,0,1,600,""
42.790000000000056,"CLEAR_CAP","清除空中威胁",NeutralizeHostiles,Active,0,0,4,850,""
42.990000000000016,"HOLD_CAP","保持CAP区域",HoldArea,Active,0.35825000000000012,0,1,600,""
42.990000000000016,"CLEAR_CAP","清除空中威胁",NeutralizeHostiles,Active,0,0,4,850,""
43.189999999999976,"HOLD_CAP","保持CAP区域",HoldArea,Active,0.3599166666666665,0,1,600,""
43.189999999999976,"CLEAR_CAP","清除空中威胁",NeutralizeHostiles,Active,0,0,4,850,""
43.389999999999937,"HOLD_CAP","保持CAP区域",HoldArea,Active,0.36158333333333281,0,1,600,""
43.389999999999937,"CLEAR_CAP","清除空中威胁",NeutralizeHostiles,Active,0,0,4,850,""
43.5899999999999,"HOLD_CAP","保持CAP区域",HoldArea,Active,0.36324999999999913,0,1,600,""
43.5899999999999,"CLEAR_CAP","清除空中威胁",NeutralizeHostiles,Active,0,0,4,850,""
43.789999999999857,"HOLD_CAP","保持CAP区域",HoldArea,Active,0.3649166666666655,0,1,600,""
43.789999999999857,"CLEAR_CAP","清除空中威胁",NeutralizeHostiles,Active,0,0,4,850,""
43.989999999999817,"HOLD_CAP","保持CAP区域",HoldArea,Active,0.36658333333333182,0,1,600,""
43.989999999999817,"CLEAR_CAP","清除空中威胁",NeutralizeHostiles,Active,0,0,4,850,""
44.189999999999777,"HOLD_CAP","保持CAP区域",HoldArea,Active,0.36824999999999813,0,1,600,""
44.189999999999777,"CLEAR_CAP","清除空中威胁",NeutralizeHostiles,Active,0,0,4,850,""
44.389999999999738,"HOLD_CAP","保持CAP区域",HoldArea,Active,0.36991666666666451,0,1,600,""
44.389999999999738,"CLEAR_CAP","清除空中威胁",NeutralizeHostiles,Active,0,0,4,850,""
44.5899999999997,"HOLD_CAP","保持CAP区域",HoldArea,Active,0.37158333333333082,0,1,600,""
44.5899999999997,"CLEAR_CAP","清除空中威胁",NeutralizeHostiles,Active,0,0,4,850,""
44.789999999999658,"HOLD_CAP","保持CAP区域",HoldArea,Active,0.37324999999999714,0,1,600,""
44.789999999999658,"CLEAR_CAP","清除空中威胁",NeutralizeHostiles,Active,0,0,4,850,""
44.989999999999618,"HOLD_CAP","保持CAP区域",HoldArea,Active,0.37491666666666351,0,1,600,""
44.989999999999618,"CLEAR_CAP","清除空中威胁",NeutralizeHostiles,Active,0,0,4,850,""
45.189999999999579,"HOLD_CAP","保持CAP区域",HoldArea,Active,0.37658333333332983,0,1,600,""
45.189999999999579,"CLEAR_CAP","清除空中威胁",NeutralizeHostiles,Active,0,0,4,850,""
45.389999999999539,"HOLD_CAP","保持CAP区域",HoldArea,Active,0.37824999999999614,0,1,600,""
45.389999999999539,"CLEAR_CAP","清除空中威胁",NeutralizeHostiles,Active,0,0,4,850,""
45.5899999999995,"HOLD_CAP","保持CAP区域",HoldArea,Active,0.37991666666666252,0,1,600,""
45.5899999999995,"CLEAR_CAP","清除空中威胁",NeutralizeHostiles,Active,0,0,4,850,""
45.789999999999459,"HOLD_CAP","保持CAP区域",HoldArea,Active,0.38158333333332883,0,1,600,""
45.789999999999459,"CLEAR_CAP","清除空中威胁",NeutralizeHostiles,Active,0,0,4,850,""
45.989999999999419,"HOLD_CAP","保持CAP区域",HoldArea,Active,0.38324999999999515,0,1,600,""
45.989999999999419,"CLEAR_CAP","清除空中威胁",NeutralizeHostiles,Active,0,0,4,850,""
46.18999999999938,"HOLD_CAP","保持CAP区域",HoldArea,Active,0.38491666666666152,0,1,600,""
46.18999999999938,"CLEAR_CAP","清除空中威胁",NeutralizeHostiles,Active,0,0,4,850,""
46.38999999999934,"HOLD_CAP","保持CAP区域",HoldArea,Active,0.38658333333332784,0,1,600,""
46.38999999999934,"CLEAR_CAP","清除空中威胁",NeutralizeHostiles,Active,0,0,4,850,""
46.5899999999993,"HOLD_CAP","保持CAP区域",HoldArea,Active,0.38824999999999416,0,1,600,""
46.5899999999993,"CLEAR_CAP","清除空中威胁",NeutralizeHostiles,Active,0,0,4,850,""
46.78999999999926,"HOLD_CAP","保持CAP区域",HoldArea,Active,0.38991666666666053,0,1,600,""
46.78999999999926,"CLEAR_CAP","清除空中威胁",NeutralizeHostiles,Active,0,0,4,850,""
46.98999999999922,"HOLD_CAP","保持CAP区域",HoldArea,Active,0.39158333333332684,0,1,600,""
46.98999999999922,"CLEAR_CAP","清除空中威胁",NeutralizeHostiles,Active,0,0,4,850,""
47.189999999999181,"HOLD_CAP","保持CAP区域",HoldArea,Active,0.39324999999999316,0,1,600,""
47.189999999999181,"CLEAR_CAP","清除空中威胁",NeutralizeHostiles,Active,0,0,4,850,""
47.389999999999141,"HOLD_CAP","保持CAP区域",HoldArea,Active,0.39491666666665953,0,1,600,""
47.389999999999141,"CLEAR_CAP","清除空中威胁",NeutralizeHostiles,Active,0,0,4,850,""
47.5899999999991,"HOLD_CAP","保持CAP区域",HoldArea,Active,0.39658333333332585,0,1,600,""
47.5899999999991,"CLEAR_CAP","清除空中威胁",NeutralizeHostiles,Active,0,0,4,850,""
47.789999999999061,"HOLD_CAP","保持CAP区域",HoldArea,Active,0.39824999999999217,0,1,600,""
47.789999999999061,"CLEAR_CAP","清除空中威胁",NeutralizeHostiles,Active,0,0,4,850,""
47.989999999999021,"HOLD_CAP","保持CAP区域",HoldArea,Active,0.39991666666665854,0,1,600,""
47.989999999999021,"CLEAR_CAP","清除空中威胁",NeutralizeHostiles,Active,0,0,4,850,""
48.189999999998982,"HOLD_CAP","保持CAP区域",HoldArea,Active,0.40158333333332485,0,1,600,""
48.189999999998982,"CLEAR_CAP","清除空中威胁",NeutralizeHostiles,Active,0,0,4,850,""
48.389999999998942,"HOLD_CAP","保持CAP区域",HoldArea,Active,0.40324999999999117,0,1,600,""
48.389999999998942,"CLEAR_CAP","清除空中威胁",NeutralizeHostiles,Active,0,0,4,850,""
48.5899999999989,"HOLD_CAP","保持CAP区域",HoldArea,Active,0.40491666666665754,0,1,600,""
48.5899999999989,"CLEAR_CAP","清除空中威胁",NeutralizeHostiles,Active,0,0,4,850,""
48.789999999998862,"HOLD_CAP","保持CAP区域",HoldArea,Active,0.40658333333332386,0,1,600,""
48.789999999998862,"CLEAR_CAP","清除空中威胁",NeutralizeHostiles,Active,0,0,4,850,""
48.989999999998822,"HOLD_CAP","保持CAP区域",HoldArea,Active,0.40824999999999018,0,1,600,""
48.989999999998822,"CLEAR_CAP","清除空中威胁",NeutralizeHostiles,Active,0,0,4,850,""
49.189999999998783,"HOLD_CAP","保持CAP区域",HoldArea,Active,0.40991666666665655,0,1,600,""
49.189999999998783,"CLEAR_CAP","清除空中威胁",NeutralizeHostiles,Active,0,0,4,850,""
49.389999999998743,"HOLD_CAP","保持CAP区域",HoldArea,Active,0.41158333333332286,0,1,600,""
49.389999999998743,"CLEAR_CAP","清除空中威胁",NeutralizeHostiles,Active,0,0,4,850,""
49.5899999999987,"HOLD_CAP","保持CAP区域",HoldArea,Active,0.41324999999998918,0,1,600,""
49.5899999999987,"CLEAR_CAP","清除空中威胁",NeutralizeHostiles,Active,0,0,4,850,""
49.789999999998663,"HOLD_CAP","保持CAP区域",HoldArea,Active,0.41491666666665555,0,1,600,""
49.789999999998663,"CLEAR_CAP","清除空中威胁",NeutralizeHostiles,Active,0,0,4,850,""
49.989999999998624,"HOLD_CAP","保持CAP区域",HoldArea,Active,0.41658333333332187,0,1,600,""
49.989999999998624,"CLEAR_CAP","清除空中威胁",NeutralizeHostiles,Active,0,0,4,850,""
50.189999999998584,"HOLD_CAP","保持CAP区域",HoldArea,Active,0.41824999999998819,0,1,600,""
50.189999999998584,"CLEAR_CAP","清除空中威胁",NeutralizeHostiles,Active,0,0,4,850,""
50.389999999998544,"HOLD_CAP","保持CAP区域",HoldArea,Active,0.41991666666665456,0,1,600,""
50.389999999998544,"CLEAR_CAP","清除空中威胁",NeutralizeHostiles,Active,0,0,4,850,""
50.589999999998504,"HOLD_CAP","保持CAP区域",HoldArea,Active,0.42158333333332088,0,1,600,""
50.589999999998504,"CLEAR_CAP","清除空中威胁",NeutralizeHostiles,Active,0,0,4,850,""
50.789999999998464,"HOLD_CAP","保持CAP区域",HoldArea,Active,0.42324999999998719,0,1,600,""
50.789999999998464,"CLEAR_CAP","清除空中威胁",NeutralizeHostiles,Active,0,0,4,850,""
50.989999999998425,"HOLD_CAP","保持CAP区域",HoldArea,Active,0.42491666666665356,0,1,600,""
50.989999999998425,"CLEAR_CAP","清除空中威胁",NeutralizeHostiles,Active,0,0,4,850,""
51.189999999998385,"HOLD_CAP","保持CAP区域",HoldArea,Active,0.42658333333331988,0,1,600,""
51.189999999998385,"CLEAR_CAP","清除空中威胁",NeutralizeHostiles,Active,0,0,4,850,""
51.389999999998345,"HOLD_CAP","保持CAP区域",HoldArea,Active,0.4282499999999862,0,1,600,""
51.389999999998345,"CLEAR_CAP","清除空中威胁",NeutralizeHostiles,Active,0,0,4,850,""
51.589999999998305,"HOLD_CAP","保持CAP区域",HoldArea,Active,0.42991666666665257,0,1,600,""
51.589999999998305,"CLEAR_CAP","清除空中威胁",NeutralizeHostiles,Active,0,0,4,850,""
51.789999999998265,"HOLD_CAP","保持CAP区域",HoldArea,Active,0.43158333333331889,0,1,600,""
51.789999999998265,"CLEAR_CAP","清除空中威胁",NeutralizeHostiles,Active,0,0,4,850,""
51.989999999998226,"HOLD_CAP","保持CAP区域",HoldArea,Active,0.4332499999999852,0,1,600,""
51.989999999998226,"CLEAR_CAP","清除空中威胁",NeutralizeHostiles,Active,0,0,4,850,""
52.189999999998186,"HOLD_CAP","保持CAP区域",HoldArea,Active,0.43491666666665157,0,1,600,""
52.189999999998186,"CLEAR_CAP","清除空中威胁",NeutralizeHostiles,Active,0,0,4,850,""
52.389999999998146,"HOLD_CAP","保持CAP区域",HoldArea,Active,0.43658333333331789,0,1,600,""
52.389999999998146,"CLEAR_CAP","清除空中威胁",NeutralizeHostiles,Active,0,0,4,850,""
52.589999999998106,"HOLD_CAP","保持CAP区域",HoldArea,Active,0.43824999999998421,0,1,600,""
52.589999999998106,"CLEAR_CAP","清除空中威胁",NeutralizeHostiles,Active,0,0,4,850,""
52.789999999998066,"HOLD_CAP","保持CAP区域",HoldArea,Active,0.43991666666665058,0,1,600,""
52.789999999998066,"CLEAR_CAP","清除空中威胁",NeutralizeHostiles,Active,0,0,4,850,""
52.989999999998027,"HOLD_CAP","保持CAP区域",HoldArea,Active,0.4415833333333169,0,1,600,""
52.989999999998027,"CLEAR_CAP","清除空中威胁",NeutralizeHostiles,Active,0,0,4,850,""
53.189999999997987,"HOLD_CAP","保持CAP区域",HoldArea,Active,0.44324999999998321,0,1,600,""
53.189999999997987,"CLEAR_CAP","清除空中威胁",NeutralizeHostiles,Active,0,0,4,850,""
53.389999999997947,"HOLD_CAP","保持CAP区域",HoldArea,Active,0.44491666666664959,0,1,600,""
53.389999999997947,"CLEAR_CAP","清除空中威胁",NeutralizeHostiles,Active,0,0,4,850,""
53.589999999997907,"HOLD_CAP","保持CAP区域",HoldArea,Active,0.4465833333333159,0,1,600,""
53.589999999997907,"CLEAR_CAP","清除空中威胁",NeutralizeHostiles,Active,0,0,4,850,""
53.789999999997868,"HOLD_CAP","保持CAP区域",HoldArea,Active,0.44824999999998222,0,1,600,""
53.789999999997868,"CLEAR_CAP","清除空中威胁",NeutralizeHostiles,Active,0,0,4,850,""
53.989999999997828,"HOLD_CAP","保持CAP区域",HoldArea,Active,0.44991666666664859,0,1,600,""
53.989999999997828,"CLEAR_CAP","清除空中威胁",NeutralizeHostiles,Active,0,0,4,850,""
54.189999999997788,"HOLD_CAP","保持CAP区域",HoldArea,Active,0.45158333333331491,0,1,600,""
54.189999999997788,"CLEAR_CAP","清除空中威胁",NeutralizeHostiles,Active,0,0,4,850,""
54.389999999997748,"HOLD_CAP","保持CAP区域",HoldArea,Active,0.45324999999998122,0,1,600,""
54.389999999997748,"CLEAR_CAP","清除空中威胁",NeutralizeHostiles,Active,0,0,4,850,""
54.589999999997708,"HOLD_CAP","保持CAP区域",HoldArea,Active,0.4549166666666476,0,1,600,""
54.589999999997708,"CLEAR_CAP","清除空中威胁",NeutralizeHostiles,Active,0,0,4,850,""
54.789999999997669,"HOLD_CAP","保持CAP区域",HoldArea,Active,0.45658333333331391,0,1,600,""
54.789999999997669,"CLEAR_CAP","清除空中威胁",NeutralizeHostiles,Active,0,0,4,850,""
54.989999999997629,"HOLD_CAP","保持CAP区域",HoldArea,Active,0.45824999999998023,0,1,600,""
54.989999999997629,"CLEAR_CAP","清除空中威胁",NeutralizeHostiles,Active,0,0,4,850,""
55.189999999997589,"HOLD_CAP","保持CAP区域",HoldArea,Active,0.4599166666666466,0,1,600,""
55.189999999997589,"CLEAR_CAP","清除空中威胁",NeutralizeHostiles,Active,0,0,4,850,""
55.389999999997549,"HOLD_CAP","保持CAP区域",HoldArea,Active,0.46158333333331292,0,1,600,""
55.389999999997549,"CLEAR_CAP","清除空中威胁",NeutralizeHostiles,Active,0,0,4,850,""
55.589999999997509,"HOLD_CAP","保持CAP区域",HoldArea,Active,0.46324999999997923,0,1,600,""
55.589999999997509,"CLEAR_CAP","清除空中威胁",NeutralizeHostiles,Active,0,0,4,850,""
55.78999999999747,"HOLD_CAP","保持CAP区域",HoldArea,Active,0.46491666666664561,0,1,600,""
55.78999999999747,"CLEAR_CAP","清除空中威胁",NeutralizeHostiles,Active,0,0,4,850,""
55.98999999999743,"HOLD_CAP","保持CAP区域",HoldArea,Active,0.46658333333331192,0,1,600,""
55.98999999999743,"CLEAR_CAP","清除空中威胁",NeutralizeHostiles,Active,0,0,4,850,""
56.18999999999739,"HOLD_CAP","保持CAP区域",HoldArea,Active,0.46824999999997824,0,1,600,""
56.18999999999739,"CLEAR_CAP","清除空中威胁",NeutralizeHostiles,Active,0,0,4,850,""
56.38999999999735,"HOLD_CAP","保持CAP区域",HoldArea,Active,0.46991666666664461,0,1,600,""
56.38999999999735,"CLEAR_CAP","清除空中威胁",NeutralizeHostiles,Active,0,0,4,850,""
56.58999999999731,"HOLD_CAP","保持CAP区域",HoldArea,Active,0.47158333333331093,0,1,600,""
56.58999999999731,"CLEAR_CAP","清除空中威胁",NeutralizeHostiles,Active,0,0,4,850,""
56.789999999997271,"HOLD_CAP","保持CAP区域",HoldArea,Active,0.47324999999997724,0,1,600,""
56.789999999997271,"CLEAR_CAP","清除空中威胁",NeutralizeHostiles,Active,0,0,4,850,""
56.989999999997231,"HOLD_CAP","保持CAP区域",HoldArea,Active,0.47491666666664362,0,1,600,""
56.989999999997231,"CLEAR_CAP","清除空中威胁",NeutralizeHostiles,Active,0,0,4,850,""
57.189999999997191,"HOLD_CAP","保持CAP区域",HoldArea,Active,0.47658333333330993,0,1,600,""
57.189999999997191,"CLEAR_CAP","清除空中威胁",NeutralizeHostiles,Active,0,0,4,850,""
57.389999999997151,"HOLD_CAP","保持CAP区域",HoldArea,Active,0.47824999999997625,0,1,600,""
57.389999999997151,"CLEAR_CAP","清除空中威胁",NeutralizeHostiles,Active,0,0,4,850,""
57.589999999997112,"HOLD_CAP","保持CAP区域",HoldArea,Active,0.47991666666664262,0,1,600,""
57.589999999997112,"CLEAR_CAP","清除空中威胁",NeutralizeHostiles,Active,0,0,4,850,""
57.789999999997072,"HOLD_CAP","保持CAP区域",HoldArea,Active,0.48158333333330894,0,1,600,""
57.789999999997072,"CLEAR_CAP","清除空中威胁",NeutralizeHostiles,Active,0,0,4,850,""
57.989999999997032,"HOLD_CAP","保持CAP区域",HoldArea,Active,0.48324999999997525,0,1,600,""
57.989999999997032,"CLEAR_CAP","清除空中威胁",NeutralizeHostiles,Active,0,0,4,850,""
58.189999999996992,"HOLD_CAP","保持CAP区域",HoldArea,Active,0.48491666666664163,0,1,600,""
58.189999999996992,"CLEAR_CAP","清除空中威胁",NeutralizeHostiles,Active,0,0,4,850,""
58.389999999996952,"HOLD_CAP","保持CAP区域",HoldArea,Active,0.48658333333330794,0,1,600,""
58.389999999996952,"CLEAR_CAP","清除空中威胁",NeutralizeHostiles,Active,0,0,4,850,""
58.589999999996913,"HOLD_CAP","保持CAP区域",HoldArea,Active,0.48824999999997426,0,1,600,""
58.589999999996913,"CLEAR_CAP","清除空中威胁",NeutralizeHostiles,Active,0,0,4,850,""
58.789999999996873,"HOLD_CAP","保持CAP区域",HoldArea,Active,0.48991666666664063,0,1,600,""
58.789999999996873,"CLEAR_CAP","清除空中威胁",NeutralizeHostiles,Active,0,0,4,850,""
58.989999999996833,"HOLD_CAP","保持CAP区域",HoldArea,Active,0.49158333333330695,0,1,600,""
58.989999999996833,"CLEAR_CAP","清除空中威胁",NeutralizeHostiles,Active,0,0,4,850,""
59.189999999996793,"HOLD_CAP","保持CAP区域",HoldArea,Active,0.49324999999997327,0,1,600,""
59.189999999996793,"CLEAR_CAP","清除空中威胁",NeutralizeHostiles,Active,0,0,4,850,""
59.389999999996753,"HOLD_CAP","保持CAP区域",HoldArea,Active,0.49491666666663964,0,1,600,""
59.389999999996753,"CLEAR_CAP","清除空中威胁",NeutralizeHostiles,Active,0,0,4,850,""
59.589999999996714,"HOLD_CAP","保持CAP区域",HoldArea,Active,0.49658333333330595,0,1,600,""
59.589999999996714,"CLEAR_CAP","清除空中威胁",NeutralizeHostiles,Active,0,0,4,850,""
59.789999999996674,"HOLD_CAP","保持CAP区域",HoldArea,Active,0.49824999999997227,0,1,600,""
59.789999999996674,"CLEAR_CAP","清除空中威胁",NeutralizeHostiles,Active,0,0,4,850,""
59.989999999996634,"HOLD_CAP","保持CAP区域",HoldArea,Active,0.49991666666663864,0,1,600,""
59.989999999996634,"CLEAR_CAP","清除空中威胁",NeutralizeHostiles,Active,0,0,4,850,""
60.189999999996594,"HOLD_CAP","保持CAP区域",HoldArea,Active,0.501583333333305,0,1,600,""
60.189999999996594,"CLEAR_CAP","清除空中威胁",NeutralizeHostiles,Active,0,0,4,850,""
60.389999999996554,"HOLD_CAP","保持CAP区域",HoldArea,Active,0.50324999999997133,0,1,600,""
60.389999999996554,"CLEAR_CAP","清除空中威胁",NeutralizeHostiles,Active,0,0,4,850,""
60.589999999996515,"HOLD_CAP","保持CAP区域",HoldArea,Active,0.50491666666663759,0,1,600,""
60.589999999996515,"CLEAR_CAP","清除空中威胁",NeutralizeHostiles,Active,0,0,4,850,""
60.789999999996475,"HOLD_CAP","保持CAP区域",HoldArea,Active,0.506583333333304,0,1,600,""
60.789999999996475,"CLEAR_CAP","清除空中威胁",NeutralizeHostiles,Active,0,0,4,850,""
60.989999999996435,"HOLD_CAP","保持CAP区域",HoldArea,Active,0.50824999999997034,0,1,600,""
60.989999999996435,"CLEAR_CAP","清除空中威胁",NeutralizeHostiles,Active,0,0,4,850,""
61.189999999996395,"HOLD_CAP","保持CAP区域",HoldArea,Active,0.5099166666666366,0,1,600,""
61.189999999996395,"CLEAR_CAP","清除空中威胁",NeutralizeHostiles,Active,0,0,4,850,""
61.389999999996355,"HOLD_CAP","保持CAP区域",HoldArea,Active,0.511583333333303,0,1,600,""
61.389999999996355,"CLEAR_CAP","清除空中威胁",NeutralizeHostiles,Active,0,0,4,850,""
61.589999999996316,"HOLD_CAP","保持CAP区域",HoldArea,Active,0.51324999999996934,0,1,600,""
61.589999999996316,"CLEAR_CAP","清除空中威胁",NeutralizeHostiles,Active,0,0,4,850,""
61.789999999996276,"HOLD_CAP","保持CAP区域",HoldArea,Active,0.5149166666666356,0,1,600,""
61.789999999996276,"CLEAR_CAP","清除空中威胁",NeutralizeHostiles,Active,0,0,4,850,""
61.989999999996236,"HOLD_CAP","保持CAP区域",HoldArea,Active,0.516583333333302,0,1,600,""
61.989999999996236,"CLEAR_CAP","清除空中威胁",NeutralizeHostiles,Active,0,0,4,850,""
62.189999999996196,"HOLD_CAP","保持CAP区域",HoldArea,Active,0.51824999999996835,0,1,600,""
62.189999999996196,"CLEAR_CAP","清除空中威胁",NeutralizeHostiles,Active,0,0,4,850,""
62.389999999996157,"HOLD_CAP","保持CAP区域",HoldArea,Active,0.51991666666663461,0,1,600,""
62.389999999996157,"CLEAR_CAP","清除空中威胁",NeutralizeHostiles,Active,0,0,4,850,""
62.589999999996117,"HOLD_CAP","保持CAP区域",HoldArea,Active,0.521583333333301,0,1,600,""
62.589999999996117,"CLEAR_CAP","清除空中威胁",NeutralizeHostiles,Active,0,0,4,850,""
62.789999999996077,"HOLD_CAP","保持CAP区域",HoldArea,Active,0.52324999999996735,0,1,600,""
62.789999999996077,"CLEAR_CAP","清除空中威胁",NeutralizeHostiles,Active,0,0,4,850,""
62.989999999996037,"HOLD_CAP","保持CAP区域",HoldArea,Active,0.52491666666663361,0,1,600,""
62.989999999996037,"CLEAR_CAP","清除空中威胁",NeutralizeHostiles,Active,0,0,4,850,""
63.189999999996,"HOLD_CAP","保持CAP区域",HoldArea,Active,0.5265833333333,0,1,600,""
63.189999999996,"CLEAR_CAP","清除空中威胁",NeutralizeHostiles,Active,0,0,4,850,""
63.389999999995958,"HOLD_CAP","保持CAP区域",HoldArea,Active,0.52824999999996636,0,1,600,""
63.389999999995958,"CLEAR_CAP","清除空中威胁",NeutralizeHostiles,Active,0,0,4,850,""
63.589999999995918,"HOLD_CAP","保持CAP区域",HoldArea,Active,0.52991666666663262,0,1,600,""
63.589999999995918,"CLEAR_CAP","清除空中威胁",NeutralizeHostiles,Active,0,0,4,850,""
63.789999999995878,"HOLD_CAP","保持CAP区域",HoldArea,Active,0.531583333333299,0,1,600,""
63.789999999995878,"CLEAR_CAP","清除空中威胁",NeutralizeHostiles,Active,0,0,4,850,""
63.989999999995838,"HOLD_CAP","保持CAP区域",HoldArea,Active,0.53324999999996536,0,1,600,""
63.989999999995838,"CLEAR_CAP","清除空中威胁",NeutralizeHostiles,Active,0,0,4,850,""
64.189999999995933,"HOLD_CAP","保持CAP区域",HoldArea,Active,0.53491666666663273,0,1,600,""
64.189999999995933,"CLEAR_CAP","清除空中威胁",NeutralizeHostiles,Active,0,0,4,850,""
64.389999999996036,"HOLD_CAP","保持CAP区域",HoldArea,Active,0.53658333333330033,0,1,600,""
64.389999999996036,"CLEAR_CAP","清除空中威胁",NeutralizeHostiles,Active,0,0,4,850,""
64.589999999996138,"HOLD_CAP","保持CAP区域",HoldArea,Active,0.53824999999996781,0,1,600,""
64.589999999996138,"CLEAR_CAP","清除空中威胁",NeutralizeHostiles,Active,0,0,4,850,""
64.78999999999624,"HOLD_CAP","保持CAP区域",HoldArea,Active,0.53991666666663529,0,1,600,""
64.78999999999624,"CLEAR_CAP","清除空中威胁",NeutralizeHostiles,Active,0,0,4,850,""
64.989999999996343,"HOLD_CAP","保持CAP区域",HoldArea,Active,0.54158333333330289,0,1,600,""
64.989999999996343,"CLEAR_CAP","清除空中威胁",NeutralizeHostiles,Active,0,0,4,850,""
65.189999999996445,"HOLD_CAP","保持CAP区域",HoldArea,Active,0.54324999999997037,0,1,600,""
65.189999999996445,"CLEAR_CAP","清除空中威胁",NeutralizeHostiles,Active,0,0,4,850,""
65.389999999996547,"HOLD_CAP","保持CAP区域",HoldArea,Active,0.54491666666663785,0,1,600,""
65.389999999996547,"CLEAR_CAP","清除空中威胁",NeutralizeHostiles,Active,0,0,4,850,""
65.58999999999665,"HOLD_CAP","保持CAP区域",HoldArea,Active,0.54658333333330544,0,1,600,""
65.58999999999665,"CLEAR_CAP","清除空中威胁",NeutralizeHostiles,Active,0,0,4,850,""
65.789999999996752,"HOLD_CAP","保持CAP区域",HoldArea,Active,0.54824999999997293,0,1,600,""
65.789999999996752,"CLEAR_CAP","清除空中威胁",NeutralizeHostiles,Active,0,0,4,850,""
65.989999999996854,"HOLD_CAP","保持CAP区域",HoldArea,Active,0.54991666666664041,0,1,600,""
65.989999999996854,"CLEAR_CAP","清除空中威胁",NeutralizeHostiles,Active,0,0,4,850,""
66.189999999996957,"HOLD_CAP","保持CAP区域",HoldArea,Active,0.551583333333308,0,1,600,""
66.189999999996957,"CLEAR_CAP","清除空中威胁",NeutralizeHostiles,Active,0,0,4,850,""
66.389999999997059,"HOLD_CAP","保持CAP区域",HoldArea,Active,0.55324999999997548,0,1,600,""
66.389999999997059,"CLEAR_CAP","清除空中威胁",NeutralizeHostiles,Active,0,0,4,850,""
66.589999999997161,"HOLD_CAP","保持CAP区域",HoldArea,Active,0.554916666666643,0,1,600,""
66.589999999997161,"CLEAR_CAP","清除空中威胁",NeutralizeHostiles,Active,0,0,4,850,""
66.789999999997264,"HOLD_CAP","保持CAP区域",HoldArea,Active,0.55658333333331056,0,1,600,""
66.789999999997264,"CLEAR_CAP","清除空中威胁",NeutralizeHostiles,Active,0,0,4,850,""
66.989999999997366,"HOLD_CAP","保持CAP区域",HoldArea,Active,0.558249999999978,0,1,600,""
66.989999999997366,"CLEAR_CAP","清除空中威胁",NeutralizeHostiles,Active,0,0,4,850,""
67.189999999997468,"HOLD_CAP","保持CAP区域",HoldArea,Active,0.55991666666664552,0,1,600,""
67.189999999997468,"CLEAR_CAP","清除空中威胁",NeutralizeHostiles,Active,0,0,4,850,""
67.389999999997571,"HOLD_CAP","保持CAP区域",HoldArea,Active,0.56158333333331312,0,1,600,""
67.389999999997571,"CLEAR_CAP","清除空中威胁",NeutralizeHostiles,Active,0,0,4,850,""
67.589999999997673,"HOLD_CAP","保持CAP区域",HoldArea,Active,0.5632499999999806,0,1,600,""
67.589999999997673,"CLEAR_CAP","清除空中威胁",NeutralizeHostiles,Active,0,0,4,850,""
67.789999999997775,"HOLD_CAP","保持CAP区域",HoldArea,Active,0.56491666666664808,0,1,600,""
67.789999999997775,"CLEAR_CAP","清除空中威胁",NeutralizeHostiles,Active,0,0,4,850,""
67.989999999997877,"HOLD_CAP","保持CAP区域",HoldArea,Active,0.56658333333331568,0,1,600,""
67.989999999997877,"CLEAR_CAP","清除空中威胁",NeutralizeHostiles,Active,0,0,4,850,""
68.18999999999798,"HOLD_CAP","保持CAP区域",HoldArea,Active,0.56824999999998316,0,1,600,""
68.18999999999798,"CLEAR_CAP","清除空中威胁",NeutralizeHostiles,Active,0,0,4,850,""
68.389999999998082,"HOLD_CAP","保持CAP区域",HoldArea,Active,0.56991666666665064,0,1,600,""
68.389999999998082,"CLEAR_CAP","清除空中威胁",NeutralizeHostiles,Active,0,0,4,850,""
68.589999999998184,"HOLD_CAP","保持CAP区域",HoldArea,Active,0.57158333333331823,0,1,600,""
68.589999999998184,"CLEAR_CAP","清除空中威胁",NeutralizeHostiles,Active,0,0,4,850,""
68.789999999998287,"HOLD_CAP","保持CAP区域",HoldArea,Active,0.57324999999998572,0,1,600,""
68.789999999998287,"CLEAR_CAP","清除空中威胁",NeutralizeHostiles,Active,0,0,4,850,""
68.989999999998389,"HOLD_CAP","保持CAP区域",HoldArea,Active,0.5749166666666532,0,1,600,""
68.989999999998389,"CLEAR_CAP","清除空中威胁",NeutralizeHostiles,Active,0,0,4,850,""
69.189999999998491,"HOLD_CAP","保持CAP区域",HoldArea,Active,0.57658333333332079,0,1,600,""
69.189999999998491,"CLEAR_CAP","清除空中威胁",NeutralizeHostiles,Active,0,0,4,850,""
69.3899999999986,"HOLD_CAP","保持CAP区域",HoldArea,Active,0.57824999999998827,0,1,600,""
69.3899999999986,"CLEAR_CAP","清除空中威胁",NeutralizeHostiles,Active,0,0,4,850,""
69.5899999999987,"HOLD_CAP","保持CAP区域",HoldArea,Active,0.57991666666665576,0,1,600,""
69.5899999999987,"CLEAR_CAP","清除空中威胁",NeutralizeHostiles,Active,0,0,4,850,""
69.7899999999988,"HOLD_CAP","保持CAP区域",HoldArea,Active,0.58158333333332335,0,1,600,""
69.7899999999988,"CLEAR_CAP","清除空中威胁",NeutralizeHostiles,Active,0,0,4,850,""
69.9899999999989,"HOLD_CAP","保持CAP区域",HoldArea,Active,0.58324999999999083,0,1,600,""
69.9899999999989,"CLEAR_CAP","清除空中威胁",NeutralizeHostiles,Active,0,0,4,850,""
70.189999999999,"HOLD_CAP","保持CAP区域",HoldArea,Active,0.58491666666665831,0,1,600,""
70.189999999999,"CLEAR_CAP","清除空中威胁",NeutralizeHostiles,Active,0,0,4,850,""
70.3899999999991,"HOLD_CAP","保持CAP区域",HoldArea,Active,0.58658333333332591,0,1,600,""
70.3899999999991,"CLEAR_CAP","清除空中威胁",NeutralizeHostiles,Active,0,0,4,850,""
70.589999999999208,"HOLD_CAP","保持CAP区域",HoldArea,Active,0.58824999999999339,0,1,600,""
70.589999999999208,"CLEAR_CAP","清除空中威胁",NeutralizeHostiles,Active,0,0,4,850,""
70.78999999999931,"HOLD_CAP","保持CAP区域",HoldArea,Active,0.58991666666666087,0,1,600,""
70.78999999999931,"CLEAR_CAP","清除空中威胁",NeutralizeHostiles,Active,0,0,4,850,""
70.989999999999412,"HOLD_CAP","保持CAP区域",HoldArea,Active,0.59158333333332846,0,1,600,""
70.989999999999412,"CLEAR_CAP","清除空中威胁",NeutralizeHostiles,Active,0,0,4,850,""
71.189999999999515,"HOLD_CAP","保持CAP区域",HoldArea,Active,0.593249999999996,0,1,600,""
71.189999999999515,"CLEAR_CAP","清除空中威胁",NeutralizeHostiles,Active,0,0,4,850,""
71.389999999999617,"HOLD_CAP","保持CAP区域",HoldArea,Active,0.59491666666666343,0,1,600,""
71.389999999999617,"CLEAR_CAP","清除空中威胁",NeutralizeHostiles,Active,0,0,4,850,""
71.589999999999719,"HOLD_CAP","保持CAP区域",HoldArea,Active,0.596583333333331,0,1,600,""
71.589999999999719,"CLEAR_CAP","清除空中威胁",NeutralizeHostiles,Active,0,0,4,850,""
71.789999999999822,"HOLD_CAP","保持CAP区域",HoldArea,Active,0.59824999999999851,0,1,600,""
71.789999999999822,"CLEAR_CAP","清除空中威胁",NeutralizeHostiles,Active,0,0,4,850,""
71.989999999999924,"HOLD_CAP","保持CAP区域",HoldArea,Active,0.599916666666666,0,1,600,""
71.989999999999924,"CLEAR_CAP","清除空中威胁",NeutralizeHostiles,Active,0,0,4,850,""
72.190000000000026,"HOLD_CAP","保持CAP区域",HoldArea,Active,0.60158333333333358,0,1,600,""
72.190000000000026,"CLEAR_CAP","清除空中威胁",NeutralizeHostiles,Active,0,0,4,850,""
72.390000000000128,"HOLD_CAP","保持CAP区域",HoldArea,Active,0.60325000000000106,0,1,600,""
72.390000000000128,"CLEAR_CAP","清除空中威胁",NeutralizeHostiles,Active,0,0,4,850,""
72.590000000000231,"HOLD_CAP","保持CAP区域",HoldArea,Active,0.60491666666666855,0,1,600,""
72.590000000000231,"CLEAR_CAP","清除空中威胁",NeutralizeHostiles,Active,0,0,4,850,""
72.790000000000333,"HOLD_CAP","保持CAP区域",HoldArea,Active,0.60658333333333614,0,1,600,""
72.790000000000333,"CLEAR_CAP","清除空中威胁",NeutralizeHostiles,Active,0,0,4,850,""
72.990000000000435,"HOLD_CAP","保持CAP区域",HoldArea,Active,0.60825000000000362,0,1,600,""
72.990000000000435,"CLEAR_CAP","清除空中威胁",NeutralizeHostiles,Active,0,0,4,850,""
73.190000000000538,"HOLD_CAP","保持CAP区域",HoldArea,Active,0.6099166666666711,0,1,600,""
73.190000000000538,"CLEAR_CAP","清除空中威胁",NeutralizeHostiles,Active,0,0,4,850,""
73.39000000000064,"HOLD_CAP","保持CAP区域",HoldArea,Active,0.6115833333333387,0,1,600,""
73.39000000000064,"CLEAR_CAP","清除空中威胁",NeutralizeHostiles,Active,0,0,4,850,""
73.590000000000742,"HOLD_CAP","保持CAP区域",HoldArea,Active,0.61325000000000618,0,1,600,""
73.590000000000742,"CLEAR_CAP","清除空中威胁",NeutralizeHostiles,Active,0,0,4,850,""
73.790000000000845,"HOLD_CAP","保持CAP区域",HoldArea,Active,0.61491666666667366,0,1,600,""
73.790000000000845,"CLEAR_CAP","清除空中威胁",NeutralizeHostiles,Active,0,0,4,850,""
73.990000000000947,"HOLD_CAP","保持CAP区域",HoldArea,Active,0.61658333333334125,0,1,600,""
73.990000000000947,"CLEAR_CAP","清除空中威胁",NeutralizeHostiles,Active,0,0,4,850,""
74.190000000001049,"HOLD_CAP","保持CAP区域",HoldArea,Active,0.61825000000000874,0,1,600,""
74.190000000001049,"CLEAR_CAP","清除空中威胁",NeutralizeHostiles,Active,0,0,4,850,""
74.390000000001152,"HOLD_CAP","保持CAP区域",HoldArea,Active,0.61991666666667622,0,1,600,""
74.390000000001152,"CLEAR_CAP","清除空中威胁",NeutralizeHostiles,Active,0,0,4,850,""
74.590000000001254,"HOLD_CAP","保持CAP区域",HoldArea,Active,0.62158333333334381,0,1,600,""
74.590000000001254,"CLEAR_CAP","清除空中威胁",NeutralizeHostiles,Active,0,0,4,850,""
74.790000000001356,"HOLD_CAP","保持CAP区域",HoldArea,Active,0.62325000000001129,0,1,600,""
74.790000000001356,"CLEAR_CAP","清除空中威胁",NeutralizeHostiles,Active,0,0,4,850,""
74.990000000001459,"HOLD_CAP","保持CAP区域",HoldArea,Active,0.62491666666667878,0,1,600,""
74.990000000001459,"CLEAR_CAP","清除空中威胁",NeutralizeHostiles,Active,0,0,4,850,""
75.190000000001561,"HOLD_CAP","保持CAP区域",HoldArea,Active,0.62658333333334637,0,1,600,""
75.190000000001561,"CLEAR_CAP","清除空中威胁",NeutralizeHostiles,Active,0,0,4,850,""
75.390000000001663,"HOLD_CAP","保持CAP区域",HoldArea,Active,0.62825000000001385,0,1,600,""
75.390000000001663,"CLEAR_CAP","清除空中威胁",NeutralizeHostiles,Active,0,0,4,850,""
75.590000000001766,"HOLD_CAP","保持CAP区域",HoldArea,Active,0.62991666666668134,0,1,600,""
75.590000000001766,"CLEAR_CAP","清除空中威胁",NeutralizeHostiles,Active,0,0,4,850,""
75.790000000001868,"HOLD_CAP","保持CAP区域",HoldArea,Active,0.63158333333334893,0,1,600,""
75.790000000001868,"CLEAR_CAP","清除空中威胁",NeutralizeHostiles,Active,0,0,4,850,""
75.99000000000197,"HOLD_CAP","保持CAP区域",HoldArea,Active,0.63325000000001641,0,1,600,""
75.99000000000197,"CLEAR_CAP","清除空中威胁",NeutralizeHostiles,Active,0,0,4,850,""
76.190000000002073,"HOLD_CAP","保持CAP区域",HoldArea,Active,0.63491666666668389,0,1,600,""
76.190000000002073,"CLEAR_CAP","清除空中威胁",NeutralizeHostiles,Active,0,0,4,850,""
76.390000000002175,"HOLD_CAP","保持CAP区域",HoldArea,Active,0.63658333333335149,0,1,600,""
76.390000000002175,"CLEAR_CAP","清除空中威胁",NeutralizeHostiles,Active,0,0,4,850,""
76.590000000002277,"HOLD_CAP","保持CAP区域",HoldArea,Active,0.638250000000019,0,1,600,""
76.590000000002277,"CLEAR_CAP","清除空中威胁",NeutralizeHostiles,Active,0,0,4,850,""
76.790000000002379,"HOLD_CAP","保持CAP区域",HoldArea,Active,0.63991666666668645,0,1,600,""
76.790000000002379,"CLEAR_CAP","清除空中威胁",NeutralizeHostiles,Active,0,0,4,850,""
76.990000000002482,"HOLD_CAP","保持CAP区域",HoldArea,Active,0.641583333333354,0,1,600,""
76.990000000002482,"CLEAR_CAP","清除空中威胁",NeutralizeHostiles,Active,0,0,4,850,""
77.190000000002584,"HOLD_CAP","保持CAP区域",HoldArea,Active,0.64325000000002153,0,1,600,""
77.190000000002584,"CLEAR_CAP","清除空中威胁",NeutralizeHostiles,Active,0,0,4,850,""
77.390000000002686,"HOLD_CAP","保持CAP区域",HoldArea,Active,0.644916666666689,0,1,600,""
77.390000000002686,"CLEAR_CAP","清除空中威胁",NeutralizeHostiles,Active,0,0,4,850,""
77.590000000002789,"HOLD_CAP","保持CAP区域",HoldArea,Active,0.6465833333333566,0,1,600,""
77.590000000002789,"CLEAR_CAP","清除空中威胁",NeutralizeHostiles,Active,0,0,4,850,""
77.790000000002891,"HOLD_CAP","保持CAP区域",HoldArea,Active,0.64825000000002408,0,1,600,""
77.790000000002891,"CLEAR_CAP","清除空中威胁",NeutralizeHostiles,Active,0,0,4,850,""
77.990000000003,"HOLD_CAP","保持CAP区域",HoldArea,Active,0.64991666666669157,0,1,600,""
77.990000000003,"CLEAR_CAP","清除空中威胁",NeutralizeHostiles,Active,0,0,4,850,""
78.1900000000031,"HOLD_CAP","保持CAP区域",HoldArea,Active,0.65158333333335916,0,1,600,""
78.1900000000031,"CLEAR_CAP","清除空中威胁",NeutralizeHostiles,Active,0,0,4,850,""
78.3900000000032,"HOLD_CAP","保持CAP区域",HoldArea,Active,0.65325000000002664,0,1,600,""
78.3900000000032,"CLEAR_CAP","清除空中威胁",NeutralizeHostiles,Active,0,0,4,850,""
78.5900000000033,"HOLD_CAP","保持CAP区域",HoldArea,Active,0.65491666666669412,0,1,600,""
78.5900000000033,"CLEAR_CAP","清除空中威胁",NeutralizeHostiles,Active,0,0,4,850,""
78.7900000000034,"HOLD_CAP","保持CAP区域",HoldArea,Active,0.65658333333336172,0,1,600,""
78.7900000000034,"CLEAR_CAP","清除空中威胁",NeutralizeHostiles,Active,0,0,4,850,""
78.9900000000035,"HOLD_CAP","保持CAP区域",HoldArea,Active,0.6582500000000292,0,1,600,""
78.9900000000035,"CLEAR_CAP","清除空中威胁",NeutralizeHostiles,Active,0,0,4,850,""
79.190000000003607,"HOLD_CAP","保持CAP区域",HoldArea,Active,0.65991666666669668,0,1,600,""
79.190000000003607,"CLEAR_CAP","清除空中威胁",NeutralizeHostiles,Active,0,0,4,850,""
79.39000000000371,"HOLD_CAP","保持CAP区域",HoldArea,Active,0.66158333333336428,0,1,600,""
79.39000000000371,"CLEAR_CAP","清除空中威胁",NeutralizeHostiles,Active,0,0,4,850,""
79.590000000003812,"HOLD_CAP","保持CAP区域",HoldArea,Active,0.66325000000003176,0,1,600,""
79.590000000003812,"CLEAR_CAP","清除空中威胁",NeutralizeHostiles,Active,0,0,4,850,""
79.790000000003914,"HOLD_CAP","保持CAP区域",HoldArea,Active,0.66491666666669924,0,1,600,""
79.790000000003914,"CLEAR_CAP","清除空中威胁",NeutralizeHostiles,Active,0,0,4,850,""
79.990000000004017,"HOLD_CAP","保持CAP区域",HoldArea,Active,0.66658333333336683,0,1,600,""
79.990000000004017,"CLEAR_CAP","清除空中威胁",NeutralizeHostiles,Active,0,0,4,850,""
80.190000000004119,"HOLD_CAP","保持CAP区域",HoldArea,Active,0.66825000000003432,0,1,600,""
80.190000000004119,"CLEAR_CAP","清除空中威胁",NeutralizeHostiles,Active,0,0,4,850,""
80.390000000004221,"HOLD_CAP","保持CAP区域",HoldArea,Active,0.6699166666667018,0,1,600,""
80.390000000004221,"CLEAR_CAP","清除空中威胁",NeutralizeHostiles,Active,0,0,4,850,""
80.590000000004324,"HOLD_CAP","保持CAP区域",HoldArea,Active,0.67158333333336939,0,1,600,""
80.590000000004324,"CLEAR_CAP","清除空中威胁",NeutralizeHostiles,Active,0,0,4,850,""
80.790000000004426,"HOLD_CAP","保持CAP区域",HoldArea,Active,0.67325000000003687,0,1,600,""
80.790000000004426,"CLEAR_CAP","清除空中威胁",NeutralizeHostiles,Active,0,0,4,850,""
80.990000000004528,"HOLD_CAP","保持CAP区域",HoldArea,Active,0.67491666666670436,0,1,600,""
80.990000000004528,"CLEAR_CAP","清除空中威胁",NeutralizeHostiles,Active,0,0,4,850,""
81.19000000000463,"HOLD_CAP","保持CAP区域",HoldArea,Active,0.676583333333372,0,1,600,""
81.19000000000463,"CLEAR_CAP","清除空中威胁",NeutralizeHostiles,Active,0,0,4,850,""
81.390000000004733,"HOLD_CAP","保持CAP区域",HoldArea,Active,0.67825000000003943,0,1,600,""
81.390000000004733,"CLEAR_CAP","清除空中威胁",NeutralizeHostiles,Active,0,0,4,850,""
81.590000000004835,"HOLD_CAP","保持CAP区域",HoldArea,Active,0.67991666666670691,0,1,600,""
81.590000000004835,"CLEAR_CAP","清除空中威胁",NeutralizeHostiles,Active,0,0,4,850,""
81.790000000004937,"HOLD_CAP","保持CAP区域",HoldArea,Active,0.68158333333337451,0,1,600,""
81.790000000004937,"CLEAR_CAP","清除空中威胁",NeutralizeHostiles,Active,0,0,4,850,""
81.99000000000504,"HOLD_CAP","保持CAP区域",HoldArea,Active,0.683250000000042,0,1,600,""
81.99000000000504,"CLEAR_CAP","清除空中威胁",NeutralizeHostiles,Active,0,0,4,850,""
82.190000000005142,"HOLD_CAP","保持CAP区域",HoldArea,Active,0.68491666666670947,0,1,600,""
82.190000000005142,"CLEAR_CAP","清除空中威胁",NeutralizeHostiles,Active,0,0,4,850,""
82.390000000005244,"HOLD_CAP","保持CAP区域",HoldArea,Active,0.68658333333337707,0,1,600,""
82.390000000005244,"CLEAR_CAP","清除空中威胁",NeutralizeHostiles,Active,0,0,4,850,""
82.590000000005347,"HOLD_CAP","保持CAP区域",HoldArea,Active,0.68825000000004455,0,1,600,""
82.590000000005347,"CLEAR_CAP","清除空中威胁",NeutralizeHostiles,Active,0,0,4,850,""
82.790000000005449,"HOLD_CAP","保持CAP区域",HoldArea,Active,0.689916666666712,0,1,600,""
82.790000000005449,"CLEAR_CAP","清除空中威胁",NeutralizeHostiles,Active,0,0,4,850,""
82.990000000005551,"HOLD_CAP","保持CAP区域",HoldArea,Active,0.69158333333337962,0,1,600,""
82.990000000005551,"CLEAR_CAP","清除空中威胁",NeutralizeHostiles,Active,0,0,4,850,""
83.190000000005654,"HOLD_CAP","保持CAP区域",HoldArea,Active,0.69325000000004711,0,1,600,""
83.190000000005654,"CLEAR_CAP","清除空中威胁",NeutralizeHostiles,Active,0,0,4,850,""
83.390000000005756,"HOLD_CAP","保持CAP区域",HoldArea,Active,0.69491666666671459,0,1,600,""
83.390000000005756,"CLEAR_CAP","清除空中威胁",NeutralizeHostiles,Active,0,0,4,850,""
83.590000000005858,"HOLD_CAP","保持CAP区域",HoldArea,Active,0.69658333333338218,0,1,600,""
83.590000000005858,"CLEAR_CAP","清除空中威胁",NeutralizeHostiles,Active,0,0,4,850,""
83.790000000005961,"HOLD_CAP","保持CAP区域",HoldArea,Active,0.69825000000004966,0,1,600,""
83.790000000005961,"CLEAR_CAP","清除空中威胁",NeutralizeHostiles,Active,0,0,4,850,""
83.990000000006063,"HOLD_CAP","保持CAP区域",HoldArea,Active,0.69991666666671715,0,1,600,""
83.990000000006063,"CLEAR_CAP","清除空中威胁",NeutralizeHostiles,Active,0,0,4,850,""
84.190000000006165,"HOLD_CAP","保持CAP区域",HoldArea,Active,0.70158333333338474,0,1,600,""
84.190000000006165,"CLEAR_CAP","清除空中威胁",NeutralizeHostiles,Active,0,0,4,850,""
84.390000000006268,"HOLD_CAP","保持CAP区域",HoldArea,Active,0.70325000000005222,0,1,600,""
84.390000000006268,"CLEAR_CAP","清除空中威胁",NeutralizeHostiles,Active,0,0,4,850,""
84.59000000000637,"HOLD_CAP","保持CAP区域",HoldArea,Active,0.7049166666667197,0,1,600,""
84.59000000000637,"CLEAR_CAP","清除空中威胁",NeutralizeHostiles,Active,0,0,4,850,""
84.790000000006472,"HOLD_CAP","保持CAP区域",HoldArea,Active,0.7065833333333873,0,1,600,""
84.790000000006472,"CLEAR_CAP","清除空中威胁",NeutralizeHostiles,Active,0,0,4,850,""
84.990000000006575,"HOLD_CAP","保持CAP区域",HoldArea,Active,0.70825000000005478,0,1,600,""
84.990000000006575,"CLEAR_CAP","清除空中威胁",NeutralizeHostiles,Active,0,0,4,850,""
85.190000000006677,"HOLD_CAP","保持CAP区域",HoldArea,Active,0.70991666666672226,0,1,600,""
85.190000000006677,"CLEAR_CAP","清除空中威胁",NeutralizeHostiles,Active,0,0,4,850,""
85.390000000006779,"HOLD_CAP","保持CAP区域",HoldArea,Active,0.71158333333338986,0,1,600,""
85.390000000006779,"CLEAR_CAP","清除空中威胁",NeutralizeHostiles,Active,0,0,4,850,""
85.590000000006881,"HOLD_CAP","保持CAP区域",HoldArea,Active,0.71325000000005734,0,1,600,""
85.590000000006881,"CLEAR_CAP","清除空中威胁",NeutralizeHostiles,Active,0,0,4,850,""
85.790000000006984,"HOLD_CAP","保持CAP区域",HoldArea,Active,0.71491666666672482,0,1,600,""
85.790000000006984,"CLEAR_CAP","清除空中威胁",NeutralizeHostiles,Active,0,0,4,850,""
85.990000000007086,"HOLD_CAP","保持CAP区域",HoldArea,Active,0.71658333333339241,0,1,600,""
85.990000000007086,"CLEAR_CAP","清除空中威胁",NeutralizeHostiles,Active,0,0,4,850,""
86.190000000007188,"HOLD_CAP","保持CAP区域",HoldArea,Active,0.7182500000000599,0,1,600,""
86.190000000007188,"CLEAR_CAP","清除空中威胁",NeutralizeHostiles,Active,0,0,4,850,""
86.390000000007291,"HOLD_CAP","保持CAP区域",HoldArea,Active,0.71991666666672738,0,1,600,""
86.390000000007291,"CLEAR_CAP","清除空中威胁",NeutralizeHostiles,Active,0,0,4,850,""
86.5900000000074,"HOLD_CAP","保持CAP区域",HoldArea,Active,0.721583333333395,0,1,600,""
86.5900000000074,"CLEAR_CAP","清除空中威胁",NeutralizeHostiles,Active,0,0,4,850,""
86.7900000000075,"HOLD_CAP","保持CAP区域",HoldArea,Active,0.72325000000006245,0,1,600,""
86.7900000000075,"CLEAR_CAP","清除空中威胁",NeutralizeHostiles,Active,0,0,4,850,""
86.9900000000076,"HOLD_CAP","保持CAP区域",HoldArea,Active,0.72491666666672994,0,1,600,""
86.9900000000076,"CLEAR_CAP","清除空中威胁",NeutralizeHostiles,Active,0,0,4,850,""
87.1900000000077,"HOLD_CAP","保持CAP区域",HoldArea,Active,0.72658333333339753,0,1,600,""
87.1900000000077,"CLEAR_CAP","清除空中威胁",NeutralizeHostiles,Active,0,0,4,850,""
87.3900000000078,"HOLD_CAP","保持CAP区域",HoldArea,Active,0.728250000000065,0,1,600,""
87.3900000000078,"CLEAR_CAP","清除空中威胁",NeutralizeHostiles,Active,0,0,4,850,""
87.5900000000079,"HOLD_CAP","保持CAP区域",HoldArea,Active,0.72991666666673249,0,1,600,""
87.5900000000079,"CLEAR_CAP","清除空中威胁",NeutralizeHostiles,Active,0,0,4,850,""
87.790000000008,"HOLD_CAP","保持CAP区域",HoldArea,Active,0.73158333333340009,0,1,600,""
87.790000000008,"CLEAR_CAP","清除空中威胁",NeutralizeHostiles,Active,0,0,4,850,""
87.990000000008109,"HOLD_CAP","保持CAP区域",HoldArea,Active,0.73325000000006757,0,1,600,""
87.990000000008109,"CLEAR_CAP","清除空中威胁",NeutralizeHostiles,Active,0,0,4,850,""
88.190000000008212,"HOLD_CAP","保持CAP区域",HoldArea,Active,0.734916666666735,0,1,600,""
88.190000000008212,"CLEAR_CAP","清除空中威胁",NeutralizeHostiles,Active,0,0,4,850,""
88.390000000008314,"HOLD_CAP","保持CAP区域",HoldArea,Active,0.73658333333340265,0,1,600,""
88.390000000008314,"CLEAR_CAP","清除空中威胁",NeutralizeHostiles,Active,0,0,4,850,""
88.590000000008416,"HOLD_CAP","保持CAP区域",HoldArea,Active,0.73825000000007013,0,1,600,""
88.590000000008416,"CLEAR_CAP","清除空中威胁",NeutralizeHostiles,Active,0,0,4,850,""
88.790000000008519,"HOLD_CAP","保持CAP区域",HoldArea,Active,0.73991666666673761,0,1,600,""
88.790000000008519,"CLEAR_CAP","清除空中威胁",NeutralizeHostiles,Active,0,0,4,850,""
88.990000000008621,"HOLD_CAP","保持CAP区域",HoldArea,Active,0.7415833333334052,0,1,600,""
88.990000000008621,"CLEAR_CAP","清除空中威胁",NeutralizeHostiles,Active,0,0,4,850,""
89.190000000008723,"HOLD_CAP","保持CAP区域",HoldArea,Active,0.74325000000007269,0,1,600,""
89.190000000008723,"CLEAR_CAP","清除空中威胁",NeutralizeHostiles,Active,0,0,4,850,""
89.390000000008826,"HOLD_CAP","保持CAP区域",HoldArea,Active,0.74491666666674017,0,1,600,""
89.390000000008826,"CLEAR_CAP","清除空中威胁",NeutralizeHostiles,Active,0,0,4,850,""
89.590000000008928,"HOLD_CAP","保持CAP区域",HoldArea,Active,0.74658333333340776,0,1,600,""
89.590000000008928,"CLEAR_CAP","清除空中威胁",NeutralizeHostiles,Active,0,0,4,850,""
89.79000000000903,"HOLD_CAP","保持CAP区域",HoldArea,Active,0.74825000000007524,0,1,600,""
89.79000000000903,"CLEAR_CAP","清除空中威胁",NeutralizeHostiles,Active,0,0,4,850,""
89.990000000009132,"HOLD_CAP","保持CAP区域",HoldArea,Active,0.74991666666674273,0,1,600,""
89.990000000009132,"CLEAR_CAP","清除空中威胁",NeutralizeHostiles,Active,0,0,4,850,""
90.190000000009235,"HOLD_CAP","保持CAP区域",HoldArea,Active,0.75158333333341032,0,1,600,""
90.190000000009235,"CLEAR_CAP","清除空中威胁",NeutralizeHostiles,Active,0,0,4,850,""
90.390000000009337,"HOLD_CAP","保持CAP区域",HoldArea,Active,0.7532500000000778,0,1,600,""
90.390000000009337,"CLEAR_CAP","清除空中威胁",NeutralizeHostiles,Active,0,0,4,850,""
90.590000000009439,"HOLD_CAP","保持CAP区域",HoldArea,Active,0.75491666666674528,0,1,600,""
90.590000000009439,"CLEAR_CAP","清除空中威胁",NeutralizeHostiles,Active,0,0,4,850,""
90.790000000009542,"HOLD_CAP","保持CAP区域",HoldArea,Active,0.75658333333341288,0,1,600,""
90.790000000009542,"CLEAR_CAP","清除空中威胁",NeutralizeHostiles,Active,0,0,4,850,""
90.990000000009644,"HOLD_CAP","保持CAP区域",HoldArea,Active,0.75825000000008036,0,1,600,""
90.990000000009644,"CLEAR_CAP","清除空中威胁",NeutralizeHostiles,Active,0,0,4,850,""
91.190000000009746,"HOLD_CAP","保持CAP区域",HoldArea,Active,0.75991666666674784,0,1,600,""
91.190000000009746,"CLEAR_CAP","清除空中威胁",NeutralizeHostiles,Active,0,0,4,850,""
91.390000000009849,"HOLD_CAP","保持CAP区域",HoldArea,Active,0.76158333333341544,0,1,600,""
91.390000000009849,"CLEAR_CAP","清除空中威胁",NeutralizeHostiles,Active,0,0,4,850,""
91.590000000009951,"HOLD_CAP","保持CAP区域",HoldArea,Active,0.76325000000008292,0,1,600,""
91.590000000009951,"CLEAR_CAP","清除空中威胁",NeutralizeHostiles,Active,0,0,4,850,""
91.790000000010053,"HOLD_CAP","保持CAP区域",HoldArea,Active,0.7649166666667504,0,1,600,""
91.790000000010053,"CLEAR_CAP","清除空中威胁",NeutralizeHostiles,Active,0,0,4,850,""
91.990000000010156,"HOLD_CAP","保持CAP区域",HoldArea,Active,0.766583333333418,0,1,600,""
91.990000000010156,"CLEAR_CAP","清除空中威胁",NeutralizeHostiles,Active,0,0,4,850,""
92.190000000010258,"HOLD_CAP","保持CAP区域",HoldArea,Active,0.76825000000008548,0,1,600,""
92.190000000010258,"CLEAR_CAP","清除空中威胁",NeutralizeHostiles,Active,0,0,4,850,""
92.39000000001036,"HOLD_CAP","保持CAP区域",HoldArea,Active,0.769916666666753,0,1,600,""
92.39000000001036,"CLEAR_CAP","清除空中威胁",NeutralizeHostiles,Active,0,0,4,850,""
92.590000000010463,"HOLD_CAP","保持CAP区域",HoldArea,Active,0.77158333333342055,0,1,600,""
92.590000000010463,"CLEAR_CAP","清除空中威胁",NeutralizeHostiles,Active,0,0,4,850,""
92.790000000010565,"HOLD_CAP","保持CAP区域",HoldArea,Active,0.773250000000088,0,1,600,""
92.790000000010565,"CLEAR_CAP","清除空中威胁",NeutralizeHostiles,Active,0,0,4,850,""
92.990000000010667,"HOLD_CAP","保持CAP区域",HoldArea,Active,0.77491666666675552,0,1,600,""
92.990000000010667,"CLEAR_CAP","清除空中威胁",NeutralizeHostiles,Active,0,0,4,850,""
93.19000000001077,"HOLD_CAP","保持CAP区域",HoldArea,Active,0.77658333333342311,0,1,600,""
93.19000000001077,"CLEAR_CAP","清除空中威胁",NeutralizeHostiles,Active,0,0,4,850,""
93.390000000010872,"HOLD_CAP","保持CAP区域",HoldArea,Active,0.77825000000009059,0,1,600,""
93.390000000010872,"CLEAR_CAP","清除空中威胁",NeutralizeHostiles,Active,0,0,4,850,""
93.590000000010974,"HOLD_CAP","保持CAP区域",HoldArea,Active,0.77991666666675807,0,1,600,""
93.590000000010974,"CLEAR_CAP","清除空中威胁",NeutralizeHostiles,Active,0,0,4,850,""
93.790000000011077,"HOLD_CAP","保持CAP区域",HoldArea,Active,0.78158333333342567,0,1,600,""
93.790000000011077,"CLEAR_CAP","清除空中威胁",NeutralizeHostiles,Active,0,0,4,850,""
93.990000000011179,"HOLD_CAP","保持CAP区域",HoldArea,Active,0.78325000000009315,0,1,600,""
93.990000000011179,"CLEAR_CAP","清除空中威胁",NeutralizeHostiles,Active,0,0,4,850,""
94.190000000011281,"HOLD_CAP","保持CAP区域",HoldArea,Active,0.78491666666676063,0,1,600,""
94.190000000011281,"CLEAR_CAP","清除空中威胁",NeutralizeHostiles,Active,0,0,4,850,""
94.390000000011383,"HOLD_CAP","保持CAP区域",HoldArea,Active,0.78658333333342823,0,1,600,""
94.390000000011383,"CLEAR_CAP","清除空中威胁",NeutralizeHostiles,Active,0,0,4,850,""
94.590000000011486,"HOLD_CAP","保持CAP区域",HoldArea,Active,0.78825000000009571,0,1,600,""
94.590000000011486,"CLEAR_CAP","清除空中威胁",NeutralizeHostiles,Active,0,0,4,850,""
94.790000000011588,"HOLD_CAP","保持CAP区域",HoldArea,Active,0.78991666666676319,0,1,600,""
94.790000000011588,"CLEAR_CAP","清除空中威胁",NeutralizeHostiles,Active,0,0,4,850,""
94.99000000001169,"HOLD_CAP","保持CAP区域",HoldArea,Active,0.79158333333343078,0,1,600,""
94.99000000001169,"CLEAR_CAP","清除空中威胁",NeutralizeHostiles,Active,0,0,4,850,""
95.190000000011793,"HOLD_CAP","保持CAP区域",HoldArea,Active,0.79325000000009827,0,1,600,""
95.190000000011793,"CLEAR_CAP","清除空中威胁",NeutralizeHostiles,Active,0,0,4,850,""
95.3900000000119,"HOLD_CAP","保持CAP区域",HoldArea,Active,0.79491666666676575,0,1,600,""
95.3900000000119,"CLEAR_CAP","清除空中威胁",NeutralizeHostiles,Active,0,0,4,850,""
95.590000000012,"HOLD_CAP","保持CAP区域",HoldArea,Active,0.79658333333343334,0,1,600,""
95.590000000012,"CLEAR_CAP","清除空中威胁",NeutralizeHostiles,Active,0,0,4,850,""
95.7900000000121,"HOLD_CAP","保持CAP区域",HoldArea,Active,0.79825000000010082,0,1,600,""
95.7900000000121,"CLEAR_CAP","清除空中威胁",NeutralizeHostiles,Active,0,0,4,850,""
95.9900000000122,"HOLD_CAP","保持CAP区域",HoldArea,Active,0.79991666666676831,0,1,600,""
95.9900000000122,"CLEAR_CAP","清除空中威胁",NeutralizeHostiles,Active,0,0,4,850,""
96.1900000000123,"HOLD_CAP","保持CAP区域",HoldArea,Active,0.8015833333334359,0,1,600,""
96.1900000000123,"CLEAR_CAP","清除空中威胁",NeutralizeHostiles,Active,0,0,4,850,""
96.3900000000124,"HOLD_CAP","保持CAP区域",HoldArea,Active,0.80325000000010338,0,1,600,""
96.3900000000124,"CLEAR_CAP","清除空中威胁",NeutralizeHostiles,Active,0,0,4,850,""
96.590000000012509,"HOLD_CAP","保持CAP区域",HoldArea,Active,0.80491666666677086,0,1,600,""
96.590000000012509,"CLEAR_CAP","清除空中威胁",NeutralizeHostiles,Active,0,0,4,850,""
96.790000000012611,"HOLD_CAP","保持CAP区域",HoldArea,Active,0.80658333333343846,0,1,600,""
96.790000000012611,"CLEAR_CAP","清除空中威胁",NeutralizeHostiles,Active,0,0,4,850,""
96.990000000012714,"HOLD_CAP","保持CAP区域",HoldArea,Active,0.80825000000010594,0,1,600,""
96.990000000012714,"CLEAR_CAP","清除空中威胁",NeutralizeHostiles,Active,0,0,4,850,""
97.190000000012816,"HOLD_CAP","保持CAP区域",HoldArea,Active,0.80991666666677342,0,1,600,""
97.190000000012816,"CLEAR_CAP","清除空中威胁",NeutralizeHostiles,Active,0,0,4,850,""
97.390000000012918,"HOLD_CAP","保持CAP区域",HoldArea,Active,0.811583333333441,0,1,600,""
97.390000000012918,"CLEAR_CAP","清除空中威胁",NeutralizeHostiles,Active,0,0,4,850,""
97.590000000013021,"HOLD_CAP","保持CAP区域",HoldArea,Active,0.8132500000001085,0,1,600,""
97.590000000013021,"CLEAR_CAP","清除空中威胁",NeutralizeHostiles,Active,0,0,4,850,""
97.790000000013123,"HOLD_CAP","保持CAP区域",HoldArea,Active,0.814916666666776,0,1,600,""
97.790000000013123,"CLEAR_CAP","清除空中威胁",NeutralizeHostiles,Active,0,0,4,850,""
97.990000000013225,"HOLD_CAP","保持CAP区域",HoldArea,Active,0.81658333333344357,0,1,600,""
97.990000000013225,"CLEAR_CAP","清除空中威胁",NeutralizeHostiles,Active,0,0,4,850,""
98.190000000013328,"HOLD_CAP","保持CAP区域",HoldArea,Active,0.818250000000111,0,1,600,""
98.190000000013328,"CLEAR_CAP","清除空中威胁",NeutralizeHostiles,Active,0,0,4,850,""
98.39000000001343,"HOLD_CAP","保持CAP区域",HoldArea,Active,0.81991666666677854,0,1,600,""
98.39000000001343,"CLEAR_CAP","清除空中威胁",NeutralizeHostiles,Active,0,0,4,850,""
98.590000000013532,"HOLD_CAP","保持CAP区域",HoldArea,Active,0.82158333333344613,0,1,600,""
98.590000000013532,"CLEAR_CAP","清除空中威胁",NeutralizeHostiles,Active,0,0,4,850,""
98.790000000013634,"HOLD_CAP","保持CAP区域",HoldArea,Active,0.82325000000011361,0,1,600,""
98.790000000013634,"CLEAR_CAP","清除空中威胁",NeutralizeHostiles,Active,0,0,4,850,""
98.990000000013737,"HOLD_CAP","保持CAP区域",HoldArea,Active,0.8249166666667811,0,1,600,""
98.990000000013737,"CLEAR_CAP","清除空中威胁",NeutralizeHostiles,Active,0,0,4,850,""
99.190000000013839,"HOLD_CAP","保持CAP区域",HoldArea,Active,0.82658333333344869,0,1,600,""
99.190000000013839,"CLEAR_CAP","清除空中威胁",NeutralizeHostiles,Active,0,0,4,850,""
99.390000000013941,"HOLD_CAP","保持CAP区域",HoldArea,Active,0.82825000000011617,0,1,600,""
99.390000000013941,"CLEAR_CAP","清除空中威胁",NeutralizeHostiles,Active,0,0,4,850,""
99.590000000014044,"HOLD_CAP","保持CAP区域",HoldArea,Active,0.82991666666678365,0,1,600,""
99.590000000014044,"CLEAR_CAP","清除空中威胁",NeutralizeHostiles,Active,0,0,4,850,""
99.790000000014146,"HOLD_CAP","保持CAP区域",HoldArea,Active,0.83158333333345125,0,1,600,""
99.790000000014146,"CLEAR_CAP","清除空中威胁",NeutralizeHostiles,Active,0,0,4,850,""
99.990000000014248,"HOLD_CAP","保持CAP区域",HoldArea,Active,0.83325000000011873,0,1,600,""
99.990000000014248,"CLEAR_CAP","清除空中威胁",NeutralizeHostiles,Active,0,0,4,850,""
100.19000000001435,"HOLD_CAP","保持CAP区域",HoldArea,Active,0.83491666666678621,0,1,600,""
100.19000000001435,"CLEAR_CAP","清除空中威胁",NeutralizeHostiles,Active,0,0,4,850,""
100.39000000001445,"HOLD_CAP","保持CAP区域",HoldArea,Active,0.8365833333334538,0,1,600,""
100.39000000001445,"CLEAR_CAP","清除空中威胁",NeutralizeHostiles,Active,0,0,4,850,""
100.59000000001456,"HOLD_CAP","保持CAP区域",HoldArea,Active,0.83825000000012129,0,1,600,""
100.59000000001456,"CLEAR_CAP","清除空中威胁",NeutralizeHostiles,Active,0,0,4,850,""
100.79000000001466,"HOLD_CAP","保持CAP区域",HoldArea,Active,0.83991666666678877,0,1,600,""
100.79000000001466,"CLEAR_CAP","清除空中威胁",NeutralizeHostiles,Active,0,0,4,850,""
100.99000000001476,"HOLD_CAP","保持CAP区域",HoldArea,Active,0.84158333333345636,0,1,600,""
100.99000000001476,"CLEAR_CAP","清除空中威胁",NeutralizeHostiles,Active,0,0,4,850,""
101.19000000001486,"HOLD_CAP","保持CAP区域",HoldArea,Active,0.84325000000012384,0,1,600,""
101.19000000001486,"CLEAR_CAP","清除空中威胁",NeutralizeHostiles,Active,0,0,4,850,""
101.39000000001496,"HOLD_CAP","保持CAP区域",HoldArea,Active,0.84491666666679133,0,1,600,""
101.39000000001496,"CLEAR_CAP","清除空中威胁",NeutralizeHostiles,Active,0,0,4,850,""
101.59000000001507,"HOLD_CAP","保持CAP区域",HoldArea,Active,0.84658333333345892,0,1,600,""
101.59000000001507,"CLEAR_CAP","清除空中威胁",NeutralizeHostiles,Active,0,0,4,850,""
101.79000000001517,"HOLD_CAP","保持CAP区域",HoldArea,Active,0.8482500000001264,0,1,600,""
101.79000000001517,"CLEAR_CAP","清除空中威胁",NeutralizeHostiles,Active,0,0,4,850,""
101.99000000001527,"HOLD_CAP","保持CAP区域",HoldArea,Active,0.84991666666679389,0,1,600,""
101.99000000001527,"CLEAR_CAP","清除空中威胁",NeutralizeHostiles,Active,0,0,4,850,""
102.19000000001537,"HOLD_CAP","保持CAP区域",HoldArea,Active,0.85158333333346148,0,1,600,""
102.19000000001537,"CLEAR_CAP","清除空中威胁",NeutralizeHostiles,Active,0,0,4,850,""
102.39000000001548,"HOLD_CAP","保持CAP区域",HoldArea,Active,0.853250000000129,0,1,600,""
102.39000000001548,"CLEAR_CAP","清除空中威胁",NeutralizeHostiles,Active,0,0,4,850,""
102.59000000001558,"HOLD_CAP","保持CAP区域",HoldArea,Active,0.85491666666679644,0,1,600,""
102.59000000001558,"CLEAR_CAP","清除空中威胁",NeutralizeHostiles,Active,0,0,4,850,""
102.79000000001568,"HOLD_CAP","保持CAP区域",HoldArea,Active,0.856583333333464,0,1,600,""
102.79000000001568,"CLEAR_CAP","清除空中威胁",NeutralizeHostiles,Active,0,0,4,850,""
102.99000000001578,"HOLD_CAP","保持CAP区域",HoldArea,Active,0.85825000000013152,0,1,600,""
102.99000000001578,"CLEAR_CAP","清除空中威胁",NeutralizeHostiles,Active,0,0,4,850,""
103.19000000001589,"HOLD_CAP","保持CAP区域",HoldArea,Active,0.859916666666799,0,1,600,""
103.19000000001589,"CLEAR_CAP","清除空中威胁",NeutralizeHostiles,Active,0,0,4,850,""
103.39000000001599,"HOLD_CAP","保持CAP区域",HoldArea,Active,0.86158333333346659,0,1,600,""
103.39000000001599,"CLEAR_CAP","清除空中威胁",NeutralizeHostiles,Active,0,0,4,850,""
103.59000000001609,"HOLD_CAP","保持CAP区域",HoldArea,Active,0.86325000000013408,0,1,600,""
103.59000000001609,"CLEAR_CAP","清除空中威胁",NeutralizeHostiles,Active,0,0,4,850,""
103.79000000001619,"HOLD_CAP","保持CAP区域",HoldArea,Active,0.86491666666680156,0,1,600,""
103.79000000001619,"CLEAR_CAP","清除空中威胁",NeutralizeHostiles,Active,0,0,4,850,""
103.99000000001629,"HOLD_CAP","保持CAP区域",HoldArea,Active,0.86658333333346915,0,1,600,""
103.99000000001629,"CLEAR_CAP","清除空中威胁",NeutralizeHostiles,Active,0,0,4,850,""
104.1900000000164,"HOLD_CAP","保持CAP区域",HoldArea,Active,0.86825000000013663,0,1,600,""
104.1900000000164,"CLEAR_CAP","清除空中威胁",NeutralizeHostiles,Active,0,0,4,850,""
104.3900000000165,"HOLD_CAP","保持CAP区域",HoldArea,Active,0.86991666666680412,0,1,600,""
104.3900000000165,"CLEAR_CAP","清除空中威胁",NeutralizeHostiles,Active,0,0,4,850,""
104.5900000000166,"HOLD_CAP","保持CAP区域",HoldArea,Active,0.87158333333347171,0,1,600,""
104.5900000000166,"CLEAR_CAP","清除空中威胁",NeutralizeHostiles,Active,0,0,4,850,""
104.7900000000167,"HOLD_CAP","保持CAP区域",HoldArea,Active,0.87325000000013919,0,1,600,""
104.7900000000167,"CLEAR_CAP","清除空中威胁",NeutralizeHostiles,Active,0,0,4,850,""
104.99000000001681,"HOLD_CAP","保持CAP区域",HoldArea,Active,0.87491666666680667,0,1,600,""
104.99000000001681,"CLEAR_CAP","清除空中威胁",NeutralizeHostiles,Active,0,0,4,850,""
105.19000000001691,"HOLD_CAP","保持CAP区域",HoldArea,Active,0.87658333333347427,0,1,600,""
105.19000000001691,"CLEAR_CAP","清除空中威胁",NeutralizeHostiles,Active,0,0,4,850,""
105.39000000001701,"HOLD_CAP","保持CAP区域",HoldArea,Active,0.87825000000014175,0,1,600,""
105.39000000001701,"CLEAR_CAP","清除空中威胁",NeutralizeHostiles,Active,0,0,4,850,""
105.59000000001711,"HOLD_CAP","保持CAP区域",HoldArea,Active,0.87991666666680923,0,1,600,""
105.59000000001711,"CLEAR_CAP","清除空中威胁",NeutralizeHostiles,Active,0,0,4,850,""
105.79000000001722,"HOLD_CAP","保持CAP区域",HoldArea,Active,0.88158333333347683,0,1,600,""
105.79000000001722,"CLEAR_CAP","清除空中威胁",NeutralizeHostiles,Active,0.25,1,4,850,""
105.99000000001732,"HOLD_CAP","保持CAP区域",HoldArea,Active,0.88325000000014431,0,1,600,""
105.99000000001732,"CLEAR_CAP","清除空中威胁",NeutralizeHostiles,Active,0.25,1,4,850,""
106.19000000001742,"HOLD_CAP","保持CAP区域",HoldArea,Active,0.88491666666681179,0,1,600,""
106.19000000001742,"CLEAR_CAP","清除空中威胁",NeutralizeHostiles,Active,0.25,1,4,850,""
106.39000000001752,"HOLD_CAP","保持CAP区域",HoldArea,Active,0.88658333333347938,0,1,600,""
106.39000000001752,"CLEAR_CAP","清除空中威胁",NeutralizeHostiles,Active,0.25,1,4,850,""
106.59000000001762,"HOLD_CAP","保持CAP区域",HoldArea,Active,0.88825000000014687,0,1,600,""
106.59000000001762,"CLEAR_CAP","清除空中威胁",NeutralizeHostiles,Active,0.25,1,4,850,""
106.79000000001773,"HOLD_CAP","保持CAP区域",HoldArea,Active,0.88991666666681435,0,1,600,""
106.79000000001773,"CLEAR_CAP","清除空中威胁",NeutralizeHostiles,Active,0.25,1,4,850,""
106.99000000001783,"HOLD_CAP","保持CAP区域",HoldArea,Active,0.89158333333348194,0,1,600,""
106.99000000001783,"CLEAR_CAP","清除空中威胁",NeutralizeHostiles,Active,0.25,1,4,850,""
107.19000000001793,"HOLD_CAP","保持CAP区域",HoldArea,Active,0.89325000000014942,0,1,600,""
107.19000000001793,"CLEAR_CAP","清除空中威胁",NeutralizeHostiles,Active,0.25,1,4,850,""
107.39000000001803,"HOLD_CAP","保持CAP区域",HoldArea,Active,0.89491666666681691,0,1,600,""
107.39000000001803,"CLEAR_CAP","清除空中威胁",NeutralizeHostiles,Active,0.25,1,4,850,""
107.59000000001814,"HOLD_CAP","保持CAP区域",HoldArea,Active,0.8965833333334845,0,1,600,""
107.59000000001814,"CLEAR_CAP","清除空中威胁",NeutralizeHostiles,Active,0.25,1,4,850,""
107.79000000001824,"HOLD_CAP","保持CAP区域",HoldArea,Active,0.898250000000152,0,1,600,""
107.79000000001824,"CLEAR_CAP","清除空中威胁",NeutralizeHostiles,Active,0.25,1,4,850,""
107.99000000001834,"HOLD_CAP","保持CAP区域",HoldArea,Active,0.89991666666681946,0,1,600,""
107.99000000001834,"CLEAR_CAP","清除空中威胁",NeutralizeHostiles,Active,0.25,1,4,850,""
108.19000000001844,"HOLD_CAP","保持CAP区域",HoldArea,Active,0.90158333333348706,0,1,600,""
108.19000000001844,"CLEAR_CAP","清除空中威胁",NeutralizeHostiles,Active,0.25,1,4,850,""
108.39000000001855,"HOLD_CAP","保持CAP区域",HoldArea,Active,0.90325000000015454,0,1,600,""
108.39000000001855,"CLEAR_CAP","清除空中威胁",NeutralizeHostiles,Active,0.25,1,4,850,""
108.59000000001865,"HOLD_CAP","保持CAP区域",HoldArea,Active,0.904916666666822,0,1,600,""
108.59000000001865,"CLEAR_CAP","清除空中威胁",NeutralizeHostiles,Active,0.25,1,4,850,""
108.79000000001875,"HOLD_CAP","保持CAP区域",HoldArea,Active,0.90658333333348962,0,1,600,""
108.79000000001875,"CLEAR_CAP","清除空中威胁",NeutralizeHostiles,Active,0.25,1,4,850,""
108.99000000001885,"HOLD_CAP","保持CAP区域",HoldArea,Active,0.9082500000001571,0,1,600,""
108.99000000001885,"CLEAR_CAP","清除空中威胁",NeutralizeHostiles,Active,0.25,1,4,850,""
109.19000000001896,"HOLD_CAP","保持CAP区域",HoldArea,Active,0.90991666666682458,0,1,600,""
109.19000000001896,"CLEAR_CAP","清除空中威胁",NeutralizeHostiles,Active,0.25,1,4,850,""
109.39000000001906,"HOLD_CAP","保持CAP区域",HoldArea,Active,0.91158333333349217,0,1,600,""
109.39000000001906,"CLEAR_CAP","清除空中威胁",NeutralizeHostiles,Active,0.25,1,4,850,""
109.59000000001916,"HOLD_CAP","保持CAP区域",HoldArea,Active,0.91325000000015966,0,1,600,""
109.59000000001916,"CLEAR_CAP","清除空中威胁",NeutralizeHostiles,Active,0.25,1,4,850,""
109.79000000001926,"HOLD_CAP","保持CAP区域",HoldArea,Active,0.91491666666682714,0,1,600,""
109.79000000001926,"CLEAR_CAP","清除空中威胁",NeutralizeHostiles,Active,0.25,1,4,850,""
109.99000000001936,"HOLD_CAP","保持CAP区域",HoldArea,Active,0.91658333333349473,0,1,600,""
109.99000000001936,"CLEAR_CAP","清除空中威胁",NeutralizeHostiles,Active,0.25,1,4,850,""
110.19000000001947,"HOLD_CAP","保持CAP区域",HoldArea,Active,0.91825000000016221,0,1,600,""
110.19000000001947,"CLEAR_CAP","清除空中威胁",NeutralizeHostiles,Active,0.25,1,4,850,""
110.39000000001957,"HOLD_CAP","保持CAP区域",HoldArea,Active,0.9199166666668297,0,1,600,""
110.39000000001957,"CLEAR_CAP","清除空中威胁",NeutralizeHostiles,Active,0.25,1,4,850,""
110.59000000001967,"HOLD_CAP","保持CAP区域",HoldArea,Active,0.92158333333349729,0,1,600,""
110.59000000001967,"CLEAR_CAP","清除空中威胁",NeutralizeHostiles,Active,0.25,1,4,850,""
110.79000000001977,"HOLD_CAP","保持CAP区域",HoldArea,Active,0.92325000000016477,0,1,600,""
110.79000000001977,"CLEAR_CAP","清除空中威胁",NeutralizeHostiles,Active,0.25,1,4,850,""
110.99000000001988,"HOLD_CAP","保持CAP区域",HoldArea,Active,0.92491666666683225,0,1,600,""
110.99000000001988,"CLEAR_CAP","清除空中威胁",NeutralizeHostiles,Active,0.25,1,4,850,""
111.19000000001998,"HOLD_CAP","保持CAP区域",HoldArea,Active,0.92658333333349985,0,1,600,""
111.19000000001998,"CLEAR_CAP","清除空中威胁",NeutralizeHostiles,Active,0.25,1,4,850,""
111.39000000002008,"HOLD_CAP","保持CAP区域",HoldArea,Active,0.92825000000016733,0,1,600,""
111.39000000002008,"CLEAR_CAP","清除空中威胁",NeutralizeHostiles,Active,0.25,1,4,850,""
111.59000000002018,"HOLD_CAP","保持CAP区域",HoldArea,Active,0.92991666666683481,0,1,600,""
111.59000000002018,"CLEAR_CAP","清除空中威胁",NeutralizeHostiles,Active,0.25,1,4,850,""
111.79000000002029,"HOLD_CAP","保持CAP区域",HoldArea,Active,0.93158333333350241,0,1,600,""
111.79000000002029,"CLEAR_CAP","清除空中威胁",NeutralizeHostiles,Active,0.25,1,4,850,""
111.99000000002039,"HOLD_CAP","保持CAP区域",HoldArea,Active,0.93325000000016989,0,1,600,""
111.99000000002039,"CLEAR_CAP","清除空中威胁",NeutralizeHostiles,Active,0.25,1,4,850,""
112.19000000002049,"HOLD_CAP","保持CAP区域",HoldArea,Active,0.93491666666683737,0,1,600,""
112.19000000002049,"CLEAR_CAP","清除空中威胁",NeutralizeHostiles,Active,0.25,1,4,850,""
112.39000000002059,"HOLD_CAP","保持CAP区域",HoldArea,Active,0.936583333333505,0,1,600,""
112.39000000002059,"CLEAR_CAP","清除空中威胁",NeutralizeHostiles,Active,0.25,1,4,850,""
112.59000000002069,"HOLD_CAP","保持CAP区域",HoldArea,Active,0.93825000000017245,0,1,600,""
112.59000000002069,"CLEAR_CAP","清除空中威胁",NeutralizeHostiles,Active,0.25,1,4,850,""
112.7900000000208,"HOLD_CAP","保持CAP区域",HoldArea,Active,0.93991666666683993,0,1,600,""
112.7900000000208,"CLEAR_CAP","清除空中威胁",NeutralizeHostiles,Active,0.25,1,4,850,""
112.9900000000209,"HOLD_CAP","保持CAP区域",HoldArea,Active,0.94158333333350752,0,1,600,""
112.9900000000209,"CLEAR_CAP","清除空中威胁",NeutralizeHostiles,Active,0.25,1,4,850,""
113.190000000021,"HOLD_CAP","保持CAP区域",HoldArea,Active,0.943250000000175,0,1,600,""
113.190000000021,"CLEAR_CAP","清除空中威胁",NeutralizeHostiles,Active,0.25,1,4,850,""
113.3900000000211,"HOLD_CAP","保持CAP区域",HoldArea,Active,0.94491666666684249,0,1,600,""
113.3900000000211,"CLEAR_CAP","清除空中威胁",NeutralizeHostiles,Active,0.25,1,4,850,""
113.59000000002121,"HOLD_CAP","保持CAP区域",HoldArea,Active,0.94658333333351008,0,1,600,""
113.59000000002121,"CLEAR_CAP","清除空中威胁",NeutralizeHostiles,Active,0.25,1,4,850,""
113.79000000002131,"HOLD_CAP","保持CAP区域",HoldArea,Active,0.94825000000017756,0,1,600,""
113.79000000002131,"CLEAR_CAP","清除空中威胁",NeutralizeHostiles,Active,0.25,1,4,850,""
113.99000000002141,"HOLD_CAP","保持CAP区域",HoldArea,Active,0.949916666666845,0,1,600,""
113.99000000002141,"CLEAR_CAP","清除空中威胁",NeutralizeHostiles,Active,0.25,1,4,850,""
114.19000000002151,"HOLD_CAP","保持CAP区域",HoldArea,Active,0.95158333333351264,0,1,600,""
114.19000000002151,"CLEAR_CAP","清除空中威胁",NeutralizeHostiles,Active,0.25,1,4,850,""
114.39000000002162,"HOLD_CAP","保持CAP区域",HoldArea,Active,0.95325000000018012,0,1,600,""
114.39000000002162,"CLEAR_CAP","清除空中威胁",NeutralizeHostiles,Active,0.25,1,4,850,""
114.59000000002172,"HOLD_CAP","保持CAP区域",HoldArea,Active,0.9549166666668476,0,1,600,""
114.59000000002172,"CLEAR_CAP","清除空中威胁",NeutralizeHostiles,Active,0.25,1,4,850,""
114.79000000002182,"HOLD_CAP","保持CAP区域",HoldArea,Active,0.9565833333335152,0,1,600,""
114.79000000002182,"CLEAR_CAP","清除空中威胁",NeutralizeHostiles,Active,0.25,1,4,850,""
114.99000000002192,"HOLD_CAP","保持CAP区域",HoldArea,Active,0.95825000000018268,0,1,600,""
114.99000000002192,"CLEAR_CAP","清除空中威胁",NeutralizeHostiles,Active,0.25,1,4,850,""
115.19000000002202,"HOLD_CAP","保持CAP区域",HoldArea,Active,0.95991666666685016,0,1,600,""
115.19000000002202,"CLEAR_CAP","清除空中威胁",NeutralizeHostiles,Active,0.25,1,4,850,""
115.39000000002213,"HOLD_CAP","保持CAP区域",HoldArea,Active,0.96158333333351775,0,1,600,""
115.39000000002213,"CLEAR_CAP","清除空中威胁",NeutralizeHostiles,Active,0.25,1,4,850,""
115.59000000002223,"HOLD_CAP","保持CAP区域",HoldArea,Active,0.96325000000018524,0,1,600,""
115.59000000002223,"CLEAR_CAP","清除空中威胁",NeutralizeHostiles,Active,0.25,1,4,850,""
115.79000000002233,"HOLD_CAP","保持CAP区域",HoldArea,Active,0.96491666666685272,0,1,600,""
115.79000000002233,"CLEAR_CAP","清除空中威胁",NeutralizeHostiles,Active,0.25,1,4,850,""
115.99000000002243,"HOLD_CAP","保持CAP区域",HoldArea,Active,0.96658333333352031,0,1,600,""
115.99000000002243,"CLEAR_CAP","清除空中威胁",NeutralizeHostiles,Active,0.25,1,4,850,""
116.19000000002254,"HOLD_CAP","保持CAP区域",HoldArea,Active,0.96825000000018779,0,1,600,""
116.19000000002254,"CLEAR_CAP","清除空中威胁",NeutralizeHostiles,Active,0.25,1,4,850,""
116.39000000002264,"HOLD_CAP","保持CAP区域",HoldArea,Active,0.96991666666685528,0,1,600,""
116.39000000002264,"CLEAR_CAP","清除空中威胁",NeutralizeHostiles,Active,0.25,1,4,850,""
116.59000000002274,"HOLD_CAP","保持CAP区域",HoldArea,Active,0.97158333333352287,0,1,600,""
116.59000000002274,"CLEAR_CAP","清除空中威胁",NeutralizeHostiles,Active,0.25,1,4,850,""
116.79000000002284,"HOLD_CAP","保持CAP区域",HoldArea,Active,0.97325000000019035,0,1,600,""
116.79000000002284,"CLEAR_CAP","清除空中威胁",NeutralizeHostiles,Active,0.25,1,4,850,""
116.99000000002295,"HOLD_CAP","保持CAP区域",HoldArea,Active,0.97491666666685783,0,1,600,""
116.99000000002295,"CLEAR_CAP","清除空中威胁",NeutralizeHostiles,Active,0.25,1,4,850,""
117.19000000002305,"HOLD_CAP","保持CAP区域",HoldArea,Active,0.97658333333352543,0,1,600,""
117.19000000002305,"CLEAR_CAP","清除空中威胁",NeutralizeHostiles,Active,0.25,1,4,850,""
117.39000000002315,"HOLD_CAP","保持CAP区域",HoldArea,Active,0.97825000000019291,0,1,600,""
117.39000000002315,"CLEAR_CAP","清除空中威胁",NeutralizeHostiles,Active,0.25,1,4,850,""
117.59000000002325,"HOLD_CAP","保持CAP区域",HoldArea,Active,0.97991666666686039,0,1,600,""
117.59000000002325,"CLEAR_CAP","清除空中威胁",NeutralizeHostiles,Active,0.25,1,4,850,""
117.79000000002335,"HOLD_CAP","保持CAP区域",HoldArea,Active,0.981583333333528,0,1,600,""
117.79000000002335,"CLEAR_CAP","清除空中威胁",NeutralizeHostiles,Active,0.25,1,4,850,""
117.99000000002346,"HOLD_CAP","保持CAP区域",HoldArea,Active,0.98325000000019547,0,1,600,""
117.99000000002346,"CLEAR_CAP","清除空中威胁",NeutralizeHostiles,Active,0.25,1,4,850,""
118.19000000002356,"HOLD_CAP","保持CAP区域",HoldArea,Active,0.984916666666863,0,1,600,""
118.19000000002356,"CLEAR_CAP","清除空中威胁",NeutralizeHostiles,Active,0.25,1,4,850,""
118.39000000002366,"HOLD_CAP","保持CAP区域",HoldArea,Active,0.98658333333353054,0,1,600,""
118.39000000002366,"CLEAR_CAP","清除空中威胁",NeutralizeHostiles,Active,0.25,1,4,850,""
118.59000000002376,"HOLD_CAP","保持CAP区域",HoldArea,Active,0.988250000000198,0,1,600,""
118.59000000002376,"CLEAR_CAP","清除空中威胁",NeutralizeHostiles,Active,0.25,1,4,850,""
118.79000000002387,"HOLD_CAP","保持CAP区域",HoldArea,Active,0.98991666666686551,0,1,600,""
118.79000000002387,"CLEAR_CAP","清除空中威胁",NeutralizeHostiles,Active,0.25,1,4,850,""
118.99000000002397,"HOLD_CAP","保持CAP区域",HoldArea,Active,0.9915833333335331,0,1,600,""
118.99000000002397,"CLEAR_CAP","清除空中威胁",NeutralizeHostiles,Active,0.25,1,4,850,""
119.19000000002407,"HOLD_CAP","保持CAP区域",HoldArea,Active,0.99325000000020058,0,1,600,""
119.19000000002407,"CLEAR_CAP","清除空中威胁",NeutralizeHostiles,Active,0.25,1,4,850,""
119.39000000002417,"HOLD_CAP","保持CAP区域",HoldArea,Active,0.99491666666686807,0,1,600,""
119.39000000002417,"CLEAR_CAP","清除空中威胁",NeutralizeHostiles,Active,0.25,1,4,850,""
119.59000000002428,"HOLD_CAP","保持CAP区域",HoldArea,Active,0.99658333333353566,0,1,600,""
119.59000000002428,"CLEAR_CAP","清除空中威胁",NeutralizeHostiles,Active,0.25,1,4,850,""
119.79000000002438,"HOLD_CAP","保持CAP区域",HoldArea,Active,0.99825000000020314,0,1,600,""
119.79000000002438,"CLEAR_CAP","清除空中威胁",NeutralizeHostiles,Active,0.25,1,4,850,""
119.99000000002448,"HOLD_CAP","保持CAP区域",HoldArea,Active,0.99991666666687062,0,1,600,""
119.99000000002448,"CLEAR_CAP","清除空中威胁",NeutralizeHostiles,Active,0.25,1,4,850,""
120.19000000002458,"HOLD_CAP","保持CAP区域",HoldArea,Succeeded,1,0,1,600,""
120.19000000002458,"CLEAR_CAP","清除空中威胁",NeutralizeHostiles,Active,0.25,1,4,850,""
120.39000000002468,"HOLD_CAP","保持CAP区域",HoldArea,Succeeded,1,0,1,600,""
120.39000000002468,"CLEAR_CAP","清除空中威胁",NeutralizeHostiles,Active,0.25,1,4,850,""
120.59000000002479,"HOLD_CAP","保持CAP区域",HoldArea,Succeeded,1,0,1,600,""
120.59000000002479,"CLEAR_CAP","清除空中威胁",NeutralizeHostiles,Active,0.25,1,4,850,""
120.79000000002489,"HOLD_CAP","保持CAP区域",HoldArea,Succeeded,1,0,1,600,""
120.79000000002489,"CLEAR_CAP","清除空中威胁",NeutralizeHostiles,Active,0.25,1,4,850,""
120.99000000002499,"HOLD_CAP","保持CAP区域",HoldArea,Succeeded,1,0,1,600,""
120.99000000002499,"CLEAR_CAP","清除空中威胁",NeutralizeHostiles,Active,0.25,1,4,850,""
121.19000000002509,"HOLD_CAP","保持CAP区域",HoldArea,Succeeded,1,0,1,600,""
121.19000000002509,"CLEAR_CAP","清除空中威胁",NeutralizeHostiles,Active,0.25,1,4,850,""
121.3900000000252,"HOLD_CAP","保持CAP区域",HoldArea,Succeeded,1,0,1,600,""
121.3900000000252,"CLEAR_CAP","清除空中威胁",NeutralizeHostiles,Active,0.25,1,4,850,""
121.5900000000253,"HOLD_CAP","保持CAP区域",HoldArea,Succeeded,1,0,1,600,""
121.5900000000253,"CLEAR_CAP","清除空中威胁",NeutralizeHostiles,Active,0.25,1,4,850,""
121.7900000000254,"HOLD_CAP","保持CAP区域",HoldArea,Succeeded,1,0,1,600,""
121.7900000000254,"CLEAR_CAP","清除空中威胁",NeutralizeHostiles,Active,0.25,1,4,850,""
121.9900000000255,"HOLD_CAP","保持CAP区域",HoldArea,Succeeded,1,0,1,600,""
121.9900000000255,"CLEAR_CAP","清除空中威胁",NeutralizeHostiles,Active,0.25,1,4,850,""
122.19000000002561,"HOLD_CAP","保持CAP区域",HoldArea,Succeeded,1,0,1,600,""
122.19000000002561,"CLEAR_CAP","清除空中威胁",NeutralizeHostiles,Active,0.25,1,4,850,""
122.39000000002571,"HOLD_CAP","保持CAP区域",HoldArea,Succeeded,1,0,1,600,""
122.39000000002571,"CLEAR_CAP","清除空中威胁",NeutralizeHostiles,Active,0.25,1,4,850,""
122.59000000002581,"HOLD_CAP","保持CAP区域",HoldArea,Succeeded,1,0,1,600,""
122.59000000002581,"CLEAR_CAP","清除空中威胁",NeutralizeHostiles,Active,0.25,1,4,850,""
122.79000000002591,"HOLD_CAP","保持CAP区域",HoldArea,Succeeded,1,0,1,600,""
122.79000000002591,"CLEAR_CAP","清除空中威胁",NeutralizeHostiles,Active,0.25,1,4,850,""
122.99000000002601,"HOLD_CAP","保持CAP区域",HoldArea,Succeeded,1,0,1,600,""
122.99000000002601,"CLEAR_CAP","清除空中威胁",NeutralizeHostiles,Active,0.25,1,4,850,""
123.19000000002612,"HOLD_CAP","保持CAP区域",HoldArea,Succeeded,1,0,1,600,""
123.19000000002612,"CLEAR_CAP","清除空中威胁",NeutralizeHostiles,Active,0.25,1,4,850,""
123.39000000002622,"HOLD_CAP","保持CAP区域",HoldArea,Succeeded,1,0,1,600,""
123.39000000002622,"CLEAR_CAP","清除空中威胁",NeutralizeHostiles,Active,0.25,1,4,850,""
123.59000000002632,"HOLD_CAP","保持CAP区域",HoldArea,Succeeded,1,0,1,600,""
123.59000000002632,"CLEAR_CAP","清除空中威胁",NeutralizeHostiles,Active,0.25,1,4,850,""
123.79000000002642,"HOLD_CAP","保持CAP区域",HoldArea,Succeeded,1,0,1,600,""
123.79000000002642,"CLEAR_CAP","清除空中威胁",NeutralizeHostiles,Active,0.25,1,4,850,""
123.99000000002653,"HOLD_CAP","保持CAP区域",HoldArea,Succeeded,1,0,1,600,""
123.99000000002653,"CLEAR_CAP","清除空中威胁",NeutralizeHostiles,Active,0.25,1,4,850,""
124.19000000002663,"HOLD_CAP","保持CAP区域",HoldArea,Succeeded,1,0,1,600,""
124.19000000002663,"CLEAR_CAP","清除空中威胁",NeutralizeHostiles,Active,0.25,1,4,850,""
124.39000000002673,"HOLD_CAP","保持CAP区域",HoldArea,Succeeded,1,0,1,600,""
124.39000000002673,"CLEAR_CAP","清除空中威胁",NeutralizeHostiles,Active,0.25,1,4,850,""
124.59000000002683,"HOLD_CAP","保持CAP区域",HoldArea,Succeeded,1,0,1,600,""
124.59000000002683,"CLEAR_CAP","清除空中威胁",NeutralizeHostiles,Active,0.25,1,4,850,""
124.79000000002694,"HOLD_CAP","保持CAP区域",HoldArea,Succeeded,1,0,1,600,""
124.79000000002694,"CLEAR_CAP","清除空中威胁",NeutralizeHostiles,Active,0.25,1,4,850,""
124.99000000002704,"HOLD_CAP","保持CAP区域",HoldArea,Succeeded,1,0,1,600,""
124.99000000002704,"CLEAR_CAP","清除空中威胁",NeutralizeHostiles,Active,0.25,1,4,850,""
125.19000000002714,"HOLD_CAP","保持CAP区域",HoldArea,Succeeded,1,0,1,600,""
125.19000000002714,"CLEAR_CAP","清除空中威胁",NeutralizeHostiles,Active,0.25,1,4,850,""
125.39000000002724,"HOLD_CAP","保持CAP区域",HoldArea,Succeeded,1,0,1,600,""
125.39000000002724,"CLEAR_CAP","清除空中威胁",NeutralizeHostiles,Active,0.25,1,4,850,""
125.59000000002735,"HOLD_CAP","保持CAP区域",HoldArea,Succeeded,1,0,1,600,""
125.59000000002735,"CLEAR_CAP","清除空中威胁",NeutralizeHostiles,Active,0.25,1,4,850,""
125.79000000002745,"HOLD_CAP","保持CAP区域",HoldArea,Succeeded,1,0,1,600,""
125.79000000002745,"CLEAR_CAP","清除空中威胁",NeutralizeHostiles,Active,0.25,1,4,850,""
125.99000000002755,"HOLD_CAP","保持CAP区域",HoldArea,Succeeded,1,0,1,600,""
125.99000000002755,"CLEAR_CAP","清除空中威胁",NeutralizeHostiles,Active,0.25,1,4,850,""
126.19000000002765,"HOLD_CAP","保持CAP区域",HoldArea,Succeeded,1,0,1,600,""
126.19000000002765,"CLEAR_CAP","清除空中威胁",NeutralizeHostiles,Active,0.25,1,4,850,""
126.39000000002775,"HOLD_CAP","保持CAP区域",HoldArea,Succeeded,1,0,1,600,""
126.39000000002775,"CLEAR_CAP","清除空中威胁",NeutralizeHostiles,Active,0.25,1,4,850,""
126.59000000002786,"HOLD_CAP","保持CAP区域",HoldArea,Succeeded,1,0,1,600,""
126.59000000002786,"CLEAR_CAP","清除空中威胁",NeutralizeHostiles,Active,0.25,1,4,850,""
126.79000000002796,"HOLD_CAP","保持CAP区域",HoldArea,Succeeded,1,0,1,600,""
126.79000000002796,"CLEAR_CAP","清除空中威胁",NeutralizeHostiles,Active,0.25,1,4,850,""
126.99000000002806,"HOLD_CAP","保持CAP区域",HoldArea,Succeeded,1,0,1,600,""
126.99000000002806,"CLEAR_CAP","清除空中威胁",NeutralizeHostiles,Active,0.25,1,4,850,""
127.19000000002816,"HOLD_CAP","保持CAP区域",HoldArea,Succeeded,1,0,1,600,""
127.19000000002816,"CLEAR_CAP","清除空中威胁",NeutralizeHostiles,Active,0.25,1,4,850,""
127.39000000002827,"HOLD_CAP","保持CAP区域",HoldArea,Succeeded,1,0,1,600,""
127.39000000002827,"CLEAR_CAP","清除空中威胁",NeutralizeHostiles,Active,0.25,1,4,850,""
127.59000000002837,"HOLD_CAP","保持CAP区域",HoldArea,Succeeded,1,0,1,600,""
127.59000000002837,"CLEAR_CAP","清除空中威胁",NeutralizeHostiles,Active,0.25,1,4,850,""
127.79000000002847,"HOLD_CAP","保持CAP区域",HoldArea,Succeeded,1,0,1,600,""
127.79000000002847,"CLEAR_CAP","清除空中威胁",NeutralizeHostiles,Active,0.25,1,4,850,""
127.99000000002857,"HOLD_CAP","保持CAP区域",HoldArea,Succeeded,1,0,1,600,""
127.99000000002857,"CLEAR_CAP","清除空中威胁",NeutralizeHostiles,Active,0.25,1,4,850,""
128.19000000002839,"HOLD_CAP","保持CAP区域",HoldArea,Succeeded,1,0,1,600,""
128.19000000002839,"CLEAR_CAP","清除空中威胁",NeutralizeHostiles,Active,0.25,1,4,850,""
128.39000000002821,"HOLD_CAP","保持CAP区域",HoldArea,Succeeded,1,0,1,600,""
128.39000000002821,"CLEAR_CAP","清除空中威胁",NeutralizeHostiles,Active,0.25,1,4,850,""
128.59000000002803,"HOLD_CAP","保持CAP区域",HoldArea,Succeeded,1,0,1,600,""
128.59000000002803,"CLEAR_CAP","清除空中威胁",NeutralizeHostiles,Active,0.25,1,4,850,""
128.79000000002785,"HOLD_CAP","保持CAP区域",HoldArea,Succeeded,1,0,1,600,""
128.79000000002785,"CLEAR_CAP","清除空中威胁",NeutralizeHostiles,Active,0.25,1,4,850,""
128.99000000002766,"HOLD_CAP","保持CAP区域",HoldArea,Succeeded,1,0,1,600,""
128.99000000002766,"CLEAR_CAP","清除空中威胁",NeutralizeHostiles,Active,0.25,1,4,850,""
129.19000000002748,"HOLD_CAP","保持CAP区域",HoldArea,Succeeded,1,0,1,600,""
129.19000000002748,"CLEAR_CAP","清除空中威胁",NeutralizeHostiles,Active,0.25,1,4,850,""
129.3900000000273,"HOLD_CAP","保持CAP区域",HoldArea,Succeeded,1,0,1,600,""
129.3900000000273,"CLEAR_CAP","清除空中威胁",NeutralizeHostiles,Active,0.25,1,4,850,""
129.59000000002712,"HOLD_CAP","保持CAP区域",HoldArea,Succeeded,1,0,1,600,""
129.59000000002712,"CLEAR_CAP","清除空中威胁",NeutralizeHostiles,Active,0.25,1,4,850,""
129.79000000002694,"HOLD_CAP","保持CAP区域",HoldArea,Succeeded,1,0,1,600,""
129.79000000002694,"CLEAR_CAP","清除空中威胁",NeutralizeHostiles,Active,0.25,1,4,850,""
129.99000000002675,"HOLD_CAP","保持CAP区域",HoldArea,Succeeded,1,0,1,600,""
129.99000000002675,"CLEAR_CAP","清除空中威胁",NeutralizeHostiles,Active,0.25,1,4,850,""
130.19000000002657,"HOLD_CAP","保持CAP区域",HoldArea,Succeeded,1,0,1,600,""
130.19000000002657,"CLEAR_CAP","清除空中威胁",NeutralizeHostiles,Active,0.25,1,4,850,""
130.39000000002639,"HOLD_CAP","保持CAP区域",HoldArea,Succeeded,1,0,1,600,""
130.39000000002639,"CLEAR_CAP","清除空中威胁",NeutralizeHostiles,Active,0.25,1,4,850,""
130.59000000002621,"HOLD_CAP","保持CAP区域",HoldArea,Succeeded,1,0,1,600,""
130.59000000002621,"CLEAR_CAP","清除空中威胁",NeutralizeHostiles,Active,0.25,1,4,850,""
130.79000000002603,"HOLD_CAP","保持CAP区域",HoldArea,Succeeded,1,0,1,600,""
130.79000000002603,"CLEAR_CAP","清除空中威胁",NeutralizeHostiles,Active,0.25,1,4,850,""
130.99000000002584,"HOLD_CAP","保持CAP区域",HoldArea,Succeeded,1,0,1,600,""
130.99000000002584,"CLEAR_CAP","清除空中威胁",NeutralizeHostiles,Active,0.25,1,4,850,""
131.19000000002566,"HOLD_CAP","保持CAP区域",HoldArea,Succeeded,1,0,1,600,""
131.19000000002566,"CLEAR_CAP","清除空中威胁",NeutralizeHostiles,Active,0.25,1,4,850,""
131.39000000002548,"HOLD_CAP","保持CAP区域",HoldArea,Succeeded,1,0,1,600,""
131.39000000002548,"CLEAR_CAP","清除空中威胁",NeutralizeHostiles,Active,0.25,1,4,850,""
131.5900000000253,"HOLD_CAP","保持CAP区域",HoldArea,Succeeded,1,0,1,600,""
131.5900000000253,"CLEAR_CAP","清除空中威胁",NeutralizeHostiles,Active,0.25,1,4,850,""
131.79000000002512,"HOLD_CAP","保持CAP区域",HoldArea,Succeeded,1,0,1,600,""
131.79000000002512,"CLEAR_CAP","清除空中威胁",NeutralizeHostiles,Active,0.25,1,4,850,""
131.99000000002493,"HOLD_CAP","保持CAP区域",HoldArea,Succeeded,1,0,1,600,""
131.99000000002493,"CLEAR_CAP","清除空中威胁",NeutralizeHostiles,Active,0.25,1,4,850,""
132.19000000002475,"HOLD_CAP","保持CAP区域",HoldArea,Succeeded,1,0,1,600,""
132.19000000002475,"CLEAR_CAP","清除空中威胁",NeutralizeHostiles,Active,0.25,1,4,850,""
132.39000000002457,"HOLD_CAP","保持CAP区域",HoldArea,Succeeded,1,0,1,600,""
132.39000000002457,"CLEAR_CAP","清除空中威胁",NeutralizeHostiles,Active,0.25,1,4,850,""
132.59000000002439,"HOLD_CAP","保持CAP区域",HoldArea,Succeeded,1,0,1,600,""
132.59000000002439,"CLEAR_CAP","清除空中威胁",NeutralizeHostiles,Active,0.25,1,4,850,""
132.79000000002421,"HOLD_CAP","保持CAP区域",HoldArea,Succeeded,1,0,1,600,""
132.79000000002421,"CLEAR_CAP","清除空中威胁",NeutralizeHostiles,Active,0.25,1,4,850,""
132.99000000002403,"HOLD_CAP","保持CAP区域",HoldArea,Succeeded,1,0,1,600,""
132.99000000002403,"CLEAR_CAP","清除空中威胁",NeutralizeHostiles,Active,0.25,1,4,850,""
133.19000000002384,"HOLD_CAP","保持CAP区域",HoldArea,Succeeded,1,0,1,600,""
133.19000000002384,"CLEAR_CAP","清除空中威胁",NeutralizeHostiles,Active,0.25,1,4,850,""
133.39000000002366,"HOLD_CAP","保持CAP区域",HoldArea,Succeeded,1,0,1,600,""
133.39000000002366,"CLEAR_CAP","清除空中威胁",NeutralizeHostiles,Active,0.25,1,4,850,""
133.59000000002348,"HOLD_CAP","保持CAP区域",HoldArea,Succeeded,1,0,1,600,""
133.59000000002348,"CLEAR_CAP","清除空中威胁",NeutralizeHostiles,Active,0.25,1,4,850,""
133.7900000000233,"HOLD_CAP","保持CAP区域",HoldArea,Succeeded,1,0,1,600,""
133.7900000000233,"CLEAR_CAP","清除空中威胁",NeutralizeHostiles,Active,0.25,1,4,850,""
133.99000000002312,"HOLD_CAP","保持CAP区域",HoldArea,Succeeded,1,0,1,600,""
133.99000000002312,"CLEAR_CAP","清除空中威胁",NeutralizeHostiles,Active,0.25,1,4,850,""
134.19000000002293,"HOLD_CAP","保持CAP区域",HoldArea,Succeeded,1,0,1,600,""
134.19000000002293,"CLEAR_CAP","清除空中威胁",NeutralizeHostiles,Active,0.25,1,4,850,""
134.39000000002275,"HOLD_CAP","保持CAP区域",HoldArea,Succeeded,1,0,1,600,""
134.39000000002275,"CLEAR_CAP","清除空中威胁",NeutralizeHostiles,Active,0.25,1,4,850,""
134.59000000002257,"HOLD_CAP","保持CAP区域",HoldArea,Succeeded,1,0,1,600,""
134.59000000002257,"CLEAR_CAP","清除空中威胁",NeutralizeHostiles,Active,0.25,1,4,850,""
134.79000000002239,"HOLD_CAP","保持CAP区域",HoldArea,Succeeded,1,0,1,600,""
134.79000000002239,"CLEAR_CAP","清除空中威胁",NeutralizeHostiles,Active,0.25,1,4,850,""
134.99000000002221,"HOLD_CAP","保持CAP区域",HoldArea,Succeeded,1,0,1,600,""
134.99000000002221,"CLEAR_CAP","清除空中威胁",NeutralizeHostiles,Active,0.5,2,4,850,""
135.19000000002202,"HOLD_CAP","保持CAP区域",HoldArea,Succeeded,1,0,1,600,""
135.19000000002202,"CLEAR_CAP","清除空中威胁",NeutralizeHostiles,Active,0.5,2,4,850,""
135.39000000002184,"HOLD_CAP","保持CAP区域",HoldArea,Succeeded,1,0,1,600,""
135.39000000002184,"CLEAR_CAP","清除空中威胁",NeutralizeHostiles,Active,0.5,2,4,850,""
135.59000000002166,"HOLD_CAP","保持CAP区域",HoldArea,Succeeded,1,0,1,600,""
135.59000000002166,"CLEAR_CAP","清除空中威胁",NeutralizeHostiles,Active,0.5,2,4,850,""
135.79000000002148,"HOLD_CAP","保持CAP区域",HoldArea,Succeeded,1,0,1,600,""
135.79000000002148,"CLEAR_CAP","清除空中威胁",NeutralizeHostiles,Active,0.5,2,4,850,""
135.9900000000213,"HOLD_CAP","保持CAP区域",HoldArea,Succeeded,1,0,1,600,""
135.9900000000213,"CLEAR_CAP","清除空中威胁",NeutralizeHostiles,Active,0.5,2,4,850,""
136.19000000002112,"HOLD_CAP","保持CAP区域",HoldArea,Succeeded,1,0,1,600,""
136.19000000002112,"CLEAR_CAP","清除空中威胁",NeutralizeHostiles,Active,0.5,2,4,850,""
136.39000000002093,"HOLD_CAP","保持CAP区域",HoldArea,Succeeded,1,0,1,600,""
136.39000000002093,"CLEAR_CAP","清除空中威胁",NeutralizeHostiles,Active,0.5,2,4,850,""
136.59000000002075,"HOLD_CAP","保持CAP区域",HoldArea,Succeeded,1,0,1,600,""
136.59000000002075,"CLEAR_CAP","清除空中威胁",NeutralizeHostiles,Active,0.5,2,4,850,""
136.79000000002057,"HOLD_CAP","保持CAP区域",HoldArea,Succeeded,1,0,1,600,""
136.79000000002057,"CLEAR_CAP","清除空中威胁",NeutralizeHostiles,Active,0.5,2,4,850,""
136.99000000002039,"HOLD_CAP","保持CAP区域",HoldArea,Succeeded,1,0,1,600,""
136.99000000002039,"CLEAR_CAP","清除空中威胁",NeutralizeHostiles,Active,0.5,2,4,850,""
137.19000000002021,"HOLD_CAP","保持CAP区域",HoldArea,Succeeded,1,0,1,600,""
137.19000000002021,"CLEAR_CAP","清除空中威胁",NeutralizeHostiles,Active,0.5,2,4,850,""
137.39000000002002,"HOLD_CAP","保持CAP区域",HoldArea,Succeeded,1,0,1,600,""
137.39000000002002,"CLEAR_CAP","清除空中威胁",NeutralizeHostiles,Active,0.5,2,4,850,""
137.59000000001984,"HOLD_CAP","保持CAP区域",HoldArea,Succeeded,1,0,1,600,""
137.59000000001984,"CLEAR_CAP","清除空中威胁",NeutralizeHostiles,Active,0.5,2,4,850,""
137.79000000001966,"HOLD_CAP","保持CAP区域",HoldArea,Succeeded,1,0,1,600,""
137.79000000001966,"CLEAR_CAP","清除空中威胁",NeutralizeHostiles,Active,0.5,2,4,850,""
137.99000000001948,"HOLD_CAP","保持CAP区域",HoldArea,Succeeded,1,0,1,600,""
137.99000000001948,"CLEAR_CAP","清除空中威胁",NeutralizeHostiles,Active,0.5,2,4,850,""
138.1900000000193,"HOLD_CAP","保持CAP区域",HoldArea,Succeeded,1,0,1,600,""
138.1900000000193,"CLEAR_CAP","清除空中威胁",NeutralizeHostiles,Active,0.5,2,4,850,""
138.39000000001911,"HOLD_CAP","保持CAP区域",HoldArea,Succeeded,1,0,1,600,""
138.39000000001911,"CLEAR_CAP","清除空中威胁",NeutralizeHostiles,Active,0.5,2,4,850,""
138.59000000001893,"HOLD_CAP","保持CAP区域",HoldArea,Succeeded,1,0,1,600,""
138.59000000001893,"CLEAR_CAP","清除空中威胁",NeutralizeHostiles,Active,0.5,2,4,850,""
138.79000000001875,"HOLD_CAP","保持CAP区域",HoldArea,Succeeded,1,0,1,600,""
138.79000000001875,"CLEAR_CAP","清除空中威胁",NeutralizeHostiles,Active,0.5,2,4,850,""
138.99000000001857,"HOLD_CAP","保持CAP区域",HoldArea,Succeeded,1,0,1,600,""
138.99000000001857,"CLEAR_CAP","清除空中威胁",NeutralizeHostiles,Active,0.5,2,4,850,""
139.19000000001839,"HOLD_CAP","保持CAP区域",HoldArea,Succeeded,1,0,1,600,""
139.19000000001839,"CLEAR_CAP","清除空中威胁",NeutralizeHostiles,Active,0.5,2,4,850,""
139.3900000000182,"HOLD_CAP","保持CAP区域",HoldArea,Succeeded,1,0,1,600,""
139.3900000000182,"CLEAR_CAP","清除空中威胁",NeutralizeHostiles,Active,0.5,2,4,850,""
139.59000000001802,"HOLD_CAP","保持CAP区域",HoldArea,Succeeded,1,0,1,600,""
139.59000000001802,"CLEAR_CAP","清除空中威胁",NeutralizeHostiles,Active,0.5,2,4,850,""
139.79000000001784,"HOLD_CAP","保持CAP区域",HoldArea,Succeeded,1,0,1,600,""
139.79000000001784,"CLEAR_CAP","清除空中威胁",NeutralizeHostiles,Active,0.5,2,4,850,""
139.99000000001766,"HOLD_CAP","保持CAP区域",HoldArea,Succeeded,1,0,1,600,""
139.99000000001766,"CLEAR_CAP","清除空中威胁",NeutralizeHostiles,Active,0.5,2,4,850,""
140.19000000001748,"HOLD_CAP","保持CAP区域",HoldArea,Succeeded,1,0,1,600,""
140.19000000001748,"CLEAR_CAP","清除空中威胁",NeutralizeHostiles,Active,0.5,2,4,850,""
140.3900000000173,"HOLD_CAP","保持CAP区域",HoldArea,Succeeded,1,0,1,600,""
140.3900000000173,"CLEAR_CAP","清除空中威胁",NeutralizeHostiles,Active,0.5,2,4,850,""
140.59000000001711,"HOLD_CAP","保持CAP区域",HoldArea,Succeeded,1,0,1,600,""
140.59000000001711,"CLEAR_CAP","清除空中威胁",NeutralizeHostiles,Active,0.5,2,4,850,""
140.79000000001693,"HOLD_CAP","保持CAP区域",HoldArea,Succeeded,1,0,1,600,""
140.79000000001693,"CLEAR_CAP","清除空中威胁",NeutralizeHostiles,Active,0.5,2,4,850,""
140.99000000001675,"HOLD_CAP","保持CAP区域",HoldArea,Succeeded,1,0,1,600,""
140.99000000001675,"CLEAR_CAP","清除空中威胁",NeutralizeHostiles,Active,0.5,2,4,850,""
141.19000000001657,"HOLD_CAP","保持CAP区域",HoldArea,Succeeded,1,0,1,600,""
141.19000000001657,"CLEAR_CAP","清除空中威胁",NeutralizeHostiles,Active,0.5,2,4,850,""
141.39000000001639,"HOLD_CAP","保持CAP区域",HoldArea,Succeeded,1,0,1,600,""
141.39000000001639,"CLEAR_CAP","清除空中威胁",NeutralizeHostiles,Active,0.5,2,4,850,""
141.5900000000162,"HOLD_CAP","保持CAP区域",HoldArea,Succeeded,1,0,1,600,""
141.5900000000162,"CLEAR_CAP","清除空中威胁",NeutralizeHostiles,Active,0.5,2,4,850,""
141.79000000001602,"HOLD_CAP","保持CAP区域",HoldArea,Succeeded,1,0,1,600,""
141.79000000001602,"CLEAR_CAP","清除空中威胁",NeutralizeHostiles,Active,0.5,2,4,850,""
141.99000000001584,"HOLD_CAP","保持CAP区域",HoldArea,Succeeded,1,0,1,600,""
141.99000000001584,"CLEAR_CAP","清除空中威胁",NeutralizeHostiles,Active,0.5,2,4,850,""
142.19000000001566,"HOLD_CAP","保持CAP区域",HoldArea,Succeeded,1,0,1,600,""
142.19000000001566,"CLEAR_CAP","清除空中威胁",NeutralizeHostiles,Active,0.5,2,4,850,""
142.39000000001548,"HOLD_CAP","保持CAP区域",HoldArea,Succeeded,1,0,1,600,""
142.39000000001548,"CLEAR_CAP","清除空中威胁",NeutralizeHostiles,Active,0.5,2,4,850,""
142.59000000001529,"HOLD_CAP","保持CAP区域",HoldArea,Succeeded,1,0,1,600,""
142.59000000001529,"CLEAR_CAP","清除空中威胁",NeutralizeHostiles,Active,0.5,2,4,850,""
142.79000000001511,"HOLD_CAP","保持CAP区域",HoldArea,Succeeded,1,0,1,600,""
142.79000000001511,"CLEAR_CAP","清除空中威胁",NeutralizeHostiles,Active,0.5,2,4,850,""
142.99000000001493,"HOLD_CAP","保持CAP区域",HoldArea,Succeeded,1,0,1,600,""
142.99000000001493,"CLEAR_CAP","清除空中威胁",NeutralizeHostiles,Active,0.5,2,4,850,""
143.19000000001475,"HOLD_CAP","保持CAP区域",HoldArea,Succeeded,1,0,1,600,""
143.19000000001475,"CLEAR_CAP","清除空中威胁",NeutralizeHostiles,Active,0.5,2,4,850,""
143.39000000001457,"HOLD_CAP","保持CAP区域",HoldArea,Succeeded,1,0,1,600,""
143.39000000001457,"CLEAR_CAP","清除空中威胁",NeutralizeHostiles,Active,0.5,2,4,850,""
143.59000000001438,"HOLD_CAP","保持CAP区域",HoldArea,Succeeded,1,0,1,600,""
143.59000000001438,"CLEAR_CAP","清除空中威胁",NeutralizeHostiles,Active,0.5,2,4,850,""
143.7900000000142,"HOLD_CAP","保持CAP区域",HoldArea,Succeeded,1,0,1,600,""
143.7900000000142,"CLEAR_CAP","清除空中威胁",NeutralizeHostiles,Active,0.5,2,4,850,""
143.99000000001402,"HOLD_CAP","保持CAP区域",HoldArea,Succeeded,1,0,1,600,""
143.99000000001402,"CLEAR_CAP","清除空中威胁",NeutralizeHostiles,Active,0.5,2,4,850,""
144.19000000001384,"HOLD_CAP","保持CAP区域",HoldArea,Succeeded,1,0,1,600,""
144.19000000001384,"CLEAR_CAP","清除空中威胁",NeutralizeHostiles,Active,0.5,2,4,850,""
144.39000000001366,"HOLD_CAP","保持CAP区域",HoldArea,Succeeded,1,0,1,600,""
144.39000000001366,"CLEAR_CAP","清除空中威胁",NeutralizeHostiles,Active,0.5,2,4,850,""
144.59000000001348,"HOLD_CAP","保持CAP区域",HoldArea,Succeeded,1,0,1,600,""
144.59000000001348,"CLEAR_CAP","清除空中威胁",NeutralizeHostiles,Active,0.5,2,4,850,""
144.79000000001329,"HOLD_CAP","保持CAP区域",HoldArea,Succeeded,1,0,1,600,""
144.79000000001329,"CLEAR_CAP","清除空中威胁",NeutralizeHostiles,Active,0.5,2,4,850,""
144.99000000001311,"HOLD_CAP","保持CAP区域",HoldArea,Succeeded,1,0,1,600,""
144.99000000001311,"CLEAR_CAP","清除空中威胁",NeutralizeHostiles,Active,0.5,2,4,850,""
145.19000000001293,"HOLD_CAP","保持CAP区域",HoldArea,Succeeded,1,0,1,600,""
145.19000000001293,"CLEAR_CAP","清除空中威胁",NeutralizeHostiles,Active,0.5,2,4,850,""
145.39000000001275,"HOLD_CAP","保持CAP区域",HoldArea,Succeeded,1,0,1,600,""
145.39000000001275,"CLEAR_CAP","清除空中威胁",NeutralizeHostiles,Active,0.5,2,4,850,""
145.59000000001257,"HOLD_CAP","保持CAP区域",HoldArea,Succeeded,1,0,1,600,""
145.59000000001257,"CLEAR_CAP","清除空中威胁",NeutralizeHostiles,Active,0.5,2,4,850,""
145.79000000001238,"HOLD_CAP","保持CAP区域",HoldArea,Succeeded,1,0,1,600,""
145.79000000001238,"CLEAR_CAP","清除空中威胁",NeutralizeHostiles,Active,0.5,2,4,850,""
145.9900000000122,"HOLD_CAP","保持CAP区域",HoldArea,Succeeded,1,0,1,600,""
145.9900000000122,"CLEAR_CAP","清除空中威胁",NeutralizeHostiles,Active,0.5,2,4,850,""
146.19000000001202,"HOLD_CAP","保持CAP区域",HoldArea,Succeeded,1,0,1,600,""
146.19000000001202,"CLEAR_CAP","清除空中威胁",NeutralizeHostiles,Active,0.5,2,4,850,""
146.39000000001184,"HOLD_CAP","保持CAP区域",HoldArea,Succeeded,1,0,1,600,""
146.39000000001184,"CLEAR_CAP","清除空中威胁",NeutralizeHostiles,Active,0.5,2,4,850,""
146.59000000001166,"HOLD_CAP","保持CAP区域",HoldArea,Succeeded,1,0,1,600,""
146.59000000001166,"CLEAR_CAP","清除空中威胁",NeutralizeHostiles,Active,0.5,2,4,850,""
146.79000000001147,"HOLD_CAP","保持CAP区域",HoldArea,Succeeded,1,0,1,600,""
146.79000000001147,"CLEAR_CAP","清除空中威胁",NeutralizeHostiles,Active,0.5,2,4,850,""
146.99000000001129,"HOLD_CAP","保持CAP区域",HoldArea,Succeeded,1,0,1,600,""
146.99000000001129,"CLEAR_CAP","清除空中威胁",NeutralizeHostiles,Active,0.5,2,4,850,""
147.19000000001111,"HOLD_CAP","保持CAP区域",HoldArea,Succeeded,1,0,1,600,""
147.19000000001111,"CLEAR_CAP","清除空中威胁",NeutralizeHostiles,Active,0.5,2,4,850,""
147.39000000001093,"HOLD_CAP","保持CAP区域",HoldArea,Succeeded,1,0,1,600,""
147.39000000001093,"CLEAR_CAP","清除空中威胁",NeutralizeHostiles,Active,0.5,2,4,850,""
147.59000000001075,"HOLD_CAP","保持CAP区域",HoldArea,Succeeded,1,0,1,600,""
147.59000000001075,"CLEAR_CAP","清除空中威胁",NeutralizeHostiles,Active,0.5,2,4,850,""
147.79000000001056,"HOLD_CAP","保持CAP区域",HoldArea,Succeeded,1,0,1,600,""
147.79000000001056,"CLEAR_CAP","清除空中威胁",NeutralizeHostiles,Active,0.5,2,4,850,""
147.99000000001038,"HOLD_CAP","保持CAP区域",HoldArea,Succeeded,1,0,1,600,""
147.99000000001038,"CLEAR_CAP","清除空中威胁",NeutralizeHostiles,Active,0.5,2,4,850,""
148.1900000000102,"HOLD_CAP","保持CAP区域",HoldArea,Succeeded,1,0,1,600,""
148.1900000000102,"CLEAR_CAP","清除空中威胁",NeutralizeHostiles,Active,0.5,2,4,850,""
148.39000000001002,"HOLD_CAP","保持CAP区域",HoldArea,Succeeded,1,0,1,600,""
148.39000000001002,"CLEAR_CAP","清除空中威胁",NeutralizeHostiles,Active,0.5,2,4,850,""
148.59000000000984,"HOLD_CAP","保持CAP区域",HoldArea,Succeeded,1,0,1,600,""
148.59000000000984,"CLEAR_CAP","清除空中威胁",NeutralizeHostiles,Active,0.5,2,4,850,""
148.79000000000966,"HOLD_CAP","保持CAP区域",HoldArea,Succeeded,1,0,1,600,""
148.79000000000966,"CLEAR_CAP","清除空中威胁",NeutralizeHostiles,Active,0.5,2,4,850,""
148.99000000000947,"HOLD_CAP","保持CAP区域",HoldArea,Succeeded,1,0,1,600,""
148.99000000000947,"CLEAR_CAP","清除空中威胁",NeutralizeHostiles,Active,0.5,2,4,850,""
149.19000000000929,"HOLD_CAP","保持CAP区域",HoldArea,Succeeded,1,0,1,600,""
149.19000000000929,"CLEAR_CAP","清除空中威胁",NeutralizeHostiles,Active,0.5,2,4,850,""
149.39000000000911,"HOLD_CAP","保持CAP区域",HoldArea,Succeeded,1,0,1,600,""
149.39000000000911,"CLEAR_CAP","清除空中威胁",NeutralizeHostiles,Active,0.5,2,4,850,""
149.59000000000893,"HOLD_CAP","保持CAP区域",HoldArea,Succeeded,1,0,1,600,""
149.59000000000893,"CLEAR_CAP","清除空中威胁",NeutralizeHostiles,Active,0.5,2,4,850,""
149.79000000000875,"HOLD_CAP","保持CAP区域",HoldArea,Succeeded,1,0,1,600,""
149.79000000000875,"CLEAR_CAP","清除空中威胁",NeutralizeHostiles,Active,0.5,2,4,850,""
149.99000000000856,"HOLD_CAP","保持CAP区域",HoldArea,Succeeded,1,0,1,600,""
149.99000000000856,"CLEAR_CAP","清除空中威胁",NeutralizeHostiles,Active,0.5,2,4,850,""
150.19000000000838,"HOLD_CAP","保持CAP区域",HoldArea,Succeeded,1,0,1,600,""
150.19000000000838,"CLEAR_CAP","清除空中威胁",NeutralizeHostiles,Active,0.5,2,4,850,""
150.3900000000082,"HOLD_CAP","保持CAP区域",HoldArea,Succeeded,1,0,1,600,""
150.3900000000082,"CLEAR_CAP","清除空中威胁",NeutralizeHostiles,Active,0.5,2,4,850,""
150.59000000000802,"HOLD_CAP","保持CAP区域",HoldArea,Succeeded,1,0,1,600,""
150.59000000000802,"CLEAR_CAP","清除空中威胁",NeutralizeHostiles,Active,0.5,2,4,850,""
150.79000000000784,"HOLD_CAP","保持CAP区域",HoldArea,Succeeded,1,0,1,600,""
150.79000000000784,"CLEAR_CAP","清除空中威胁",NeutralizeHostiles,Active,0.5,2,4,850,""
150.99000000000765,"HOLD_CAP","保持CAP区域",HoldArea,Succeeded,1,0,1,600,""
150.99000000000765,"CLEAR_CAP","清除空中威胁",NeutralizeHostiles,Active,0.5,2,4,850,""
151.19000000000747,"HOLD_CAP","保持CAP区域",HoldArea,Succeeded,1,0,1,600,""
151.19000000000747,"CLEAR_CAP","清除空中威胁",NeutralizeHostiles,Active,0.5,2,4,850,""
151.39000000000729,"HOLD_CAP","保持CAP区域",HoldArea,Succeeded,1,0,1,600,""
151.39000000000729,"CLEAR_CAP","清除空中威胁",NeutralizeHostiles,Active,0.5,2,4,850,""
151.59000000000711,"HOLD_CAP","保持CAP区域",HoldArea,Succeeded,1,0,1,600,""
151.59000000000711,"CLEAR_CAP","清除空中威胁",NeutralizeHostiles,Active,0.5,2,4,850,""
151.79000000000693,"HOLD_CAP","保持CAP区域",HoldArea,Succeeded,1,0,1,600,""
151.79000000000693,"CLEAR_CAP","清除空中威胁",NeutralizeHostiles,Active,0.5,2,4,850,""
151.99000000000675,"HOLD_CAP","保持CAP区域",HoldArea,Succeeded,1,0,1,600,""
151.99000000000675,"CLEAR_CAP","清除空中威胁",NeutralizeHostiles,Active,0.5,2,4,850,""
152.19000000000656,"HOLD_CAP","保持CAP区域",HoldArea,Succeeded,1,0,1,600,""
152.19000000000656,"CLEAR_CAP","清除空中威胁",NeutralizeHostiles,Active,0.5,2,4,850,""
152.39000000000638,"HOLD_CAP","保持CAP区域",HoldArea,Succeeded,1,0,1,600,""
152.39000000000638,"CLEAR_CAP","清除空中威胁",NeutralizeHostiles,Active,0.5,2,4,850,""
152.5900000000062,"HOLD_CAP","保持CAP区域",HoldArea,Succeeded,1,0,1,600,""
152.5900000000062,"CLEAR_CAP","清除空中威胁",NeutralizeHostiles,Active,0.5,2,4,850,""
152.79000000000602,"HOLD_CAP","保持CAP区域",HoldArea,Succeeded,1,0,1,600,""
152.79000000000602,"CLEAR_CAP","清除空中威胁",NeutralizeHostiles,Active,0.5,2,4,850,""
152.99000000000584,"HOLD_CAP","保持CAP区域",HoldArea,Succeeded,1,0,1,600,""
152.99000000000584,"CLEAR_CAP","清除空中威胁",NeutralizeHostiles,Active,0.5,2,4,850,""
153.19000000000565,"HOLD_CAP","保持CAP区域",HoldArea,Succeeded,1,0,1,600,""
153.19000000000565,"CLEAR_CAP","清除空中威胁",NeutralizeHostiles,Active,0.5,2,4,850,""
153.39000000000547,"HOLD_CAP","保持CAP区域",HoldArea,Succeeded,1,0,1,600,""
153.39000000000547,"CLEAR_CAP","清除空中威胁",NeutralizeHostiles,Active,0.5,2,4,850,""
153.59000000000529,"HOLD_CAP","保持CAP区域",HoldArea,Succeeded,1,0,1,600,""
153.59000000000529,"CLEAR_CAP","清除空中威胁",NeutralizeHostiles,Active,0.5,2,4,850,""
153.79000000000511,"HOLD_CAP","保持CAP区域",HoldArea,Succeeded,1,0,1,600,""
153.79000000000511,"CLEAR_CAP","清除空中威胁",NeutralizeHostiles,Active,0.5,2,4,850,""
153.99000000000493,"HOLD_CAP","保持CAP区域",HoldArea,Succeeded,1,0,1,600,""
153.99000000000493,"CLEAR_CAP","清除空中威胁",NeutralizeHostiles,Active,0.5,2,4,850,""
154.19000000000474,"HOLD_CAP","保持CAP区域",HoldArea,Succeeded,1,0,1,600,""
154.19000000000474,"CLEAR_CAP","清除空中威胁",NeutralizeHostiles,Active,0.5,2,4,850,""
154.39000000000456,"HOLD_CAP","保持CAP区域",HoldArea,Succeeded,1,0,1,600,""
154.39000000000456,"CLEAR_CAP","清除空中威胁",NeutralizeHostiles,Active,0.5,2,4,850,""
154.59000000000438,"HOLD_CAP","保持CAP区域",HoldArea,Succeeded,1,0,1,600,""
154.59000000000438,"CLEAR_CAP","清除空中威胁",NeutralizeHostiles,Active,0.5,2,4,850,""
154.7900000000042,"HOLD_CAP","保持CAP区域",HoldArea,Succeeded,1,0,1,600,""
154.7900000000042,"CLEAR_CAP","清除空中威胁",NeutralizeHostiles,Active,0.5,2,4,850,""
154.99000000000402,"HOLD_CAP","保持CAP区域",HoldArea,Succeeded,1,0,1,600,""
154.99000000000402,"CLEAR_CAP","清除空中威胁",NeutralizeHostiles,Active,0.5,2,4,850,""
155.19000000000383,"HOLD_CAP","保持CAP区域",HoldArea,Succeeded,1,0,1,600,""
155.19000000000383,"CLEAR_CAP","清除空中威胁",NeutralizeHostiles,Active,0.5,2,4,850,""
155.39000000000365,"HOLD_CAP","保持CAP区域",HoldArea,Succeeded,1,0,1,600,""
155.39000000000365,"CLEAR_CAP","清除空中威胁",NeutralizeHostiles,Active,0.5,2,4,850,""
155.59000000000347,"HOLD_CAP","保持CAP区域",HoldArea,Succeeded,1,0,1,600,""
155.59000000000347,"CLEAR_CAP","清除空中威胁",NeutralizeHostiles,Active,0.5,2,4,850,""
155.79000000000329,"HOLD_CAP","保持CAP区域",HoldArea,Succeeded,1,0,1,600,""
155.79000000000329,"CLEAR_CAP","清除空中威胁",NeutralizeHostiles,Active,0.5,2,4,850,""
155.99000000000311,"HOLD_CAP","保持CAP区域",HoldArea,Succeeded,1,0,1,600,""
155.99000000000311,"CLEAR_CAP","清除空中威胁",NeutralizeHostiles,Active,0.5,2,4,850,""
156.19000000000293,"HOLD_CAP","保持CAP区域",HoldArea,Succeeded,1,0,1,600,""
156.19000000000293,"CLEAR_CAP","清除空中威胁",NeutralizeHostiles,Active,0.5,2,4,850,""
156.39000000000274,"HOLD_CAP","保持CAP区域",HoldArea,Succeeded,1,0,1,600,""
156.39000000000274,"CLEAR_CAP","清除空中威胁",NeutralizeHostiles,Active,0.5,2,4,850,""
156.59000000000256,"HOLD_CAP","保持CAP区域",HoldArea,Succeeded,1,0,1,600,""
156.59000000000256,"CLEAR_CAP","清除空中威胁",NeutralizeHostiles,Active,0.5,2,4,850,""
156.79000000000238,"HOLD_CAP","保持CAP区域",HoldArea,Succeeded,1,0,1,600,""
156.79000000000238,"CLEAR_CAP","清除空中威胁",NeutralizeHostiles,Active,0.5,2,4,850,""
156.9900000000022,"HOLD_CAP","保持CAP区域",HoldArea,Succeeded,1,0,1,600,""
156.9900000000022,"CLEAR_CAP","清除空中威胁",NeutralizeHostiles,Active,0.5,2,4,850,""
157.19000000000202,"HOLD_CAP","保持CAP区域",HoldArea,Succeeded,1,0,1,600,""
157.19000000000202,"CLEAR_CAP","清除空中威胁",NeutralizeHostiles,Active,0.5,2,4,850,""
157.39000000000183,"HOLD_CAP","保持CAP区域",HoldArea,Succeeded,1,0,1,600,""
157.39000000000183,"CLEAR_CAP","清除空中威胁",NeutralizeHostiles,Active,0.5,2,4,850,""
157.59000000000165,"HOLD_CAP","保持CAP区域",HoldArea,Succeeded,1,0,1,600,""
157.59000000000165,"CLEAR_CAP","清除空中威胁",NeutralizeHostiles,Active,0.5,2,4,850,""
157.79000000000147,"HOLD_CAP","保持CAP区域",HoldArea,Succeeded,1,0,1,600,""
157.79000000000147,"CLEAR_CAP","清除空中威胁",NeutralizeHostiles,Active,0.5,2,4,850,""
157.99000000000129,"HOLD_CAP","保持CAP区域",HoldArea,Succeeded,1,0,1,600,""
157.99000000000129,"CLEAR_CAP","清除空中威胁",NeutralizeHostiles,Active,0.5,2,4,850,""
158.19000000000111,"HOLD_CAP","保持CAP区域",HoldArea,Succeeded,1,0,1,600,""
158.19000000000111,"CLEAR_CAP","清除空中威胁",NeutralizeHostiles,Active,0.5,2,4,850,""
158.39000000000092,"HOLD_CAP","保持CAP区域",HoldArea,Succeeded,1,0,1,600,""
158.39000000000092,"CLEAR_CAP","清除空中威胁",NeutralizeHostiles,Active,0.75,3,4,850,""
158.59000000000074,"HOLD_CAP","保持CAP区域",HoldArea,Succeeded,1,0,1,600,""
158.59000000000074,"CLEAR_CAP","清除空中威胁",NeutralizeHostiles,Active,0.75,3,4,850,""
158.79000000000056,"HOLD_CAP","保持CAP区域",HoldArea,Succeeded,1,0,1,600,""
158.79000000000056,"CLEAR_CAP","清除空中威胁",NeutralizeHostiles,Active,0.75,3,4,850,""
158.99000000000038,"HOLD_CAP","保持CAP区域",HoldArea,Succeeded,1,0,1,600,""
158.99000000000038,"CLEAR_CAP","清除空中威胁",NeutralizeHostiles,Active,0.75,3,4,850,""
159.1900000000002,"HOLD_CAP","保持CAP区域",HoldArea,Succeeded,1,0,1,600,""
159.1900000000002,"CLEAR_CAP","清除空中威胁",NeutralizeHostiles,Active,0.75,3,4,850,""
159.39000000000001,"HOLD_CAP","保持CAP区域",HoldArea,Succeeded,1,0,1,600,""
159.39000000000001,"CLEAR_CAP","清除空中威胁",NeutralizeHostiles,Active,0.75,3,4,850,""
159.58999999999983,"HOLD_CAP","保持CAP区域",HoldArea,Succeeded,1,0,1,600,""
159.58999999999983,"CLEAR_CAP","清除空中威胁",NeutralizeHostiles,Active,0.75,3,4,850,""
159.78999999999965,"HOLD_CAP","保持CAP区域",HoldArea,Succeeded,1,0,1,600,""
159.78999999999965,"CLEAR_CAP","清除空中威胁",NeutralizeHostiles,Active,0.75,3,4,850,""
159.98999999999947,"HOLD_CAP","保持CAP区域",HoldArea,Succeeded,1,0,1,600,""
159.98999999999947,"CLEAR_CAP","清除空中威胁",NeutralizeHostiles,Active,0.75,3,4,850,""
160.18999999999929,"HOLD_CAP","保持CAP区域",HoldArea,Succeeded,1,0,1,600,""
160.18999999999929,"CLEAR_CAP","清除空中威胁",NeutralizeHostiles,Active,0.75,3,4,850,""
160.38999999999911,"HOLD_CAP","保持CAP区域",HoldArea,Succeeded,1,0,1,600,""
160.38999999999911,"CLEAR_CAP","清除空中威胁",NeutralizeHostiles,Active,0.75,3,4,850,""
160.58999999999892,"HOLD_CAP","保持CAP区域",HoldArea,Succeeded,1,0,1,600,""
160.58999999999892,"CLEAR_CAP","清除空中威胁",NeutralizeHostiles,Active,0.75,3,4,850,""
160.78999999999874,"HOLD_CAP","保持CAP区域",HoldArea,Succeeded,1,0,1,600,""
160.78999999999874,"CLEAR_CAP","清除空中威胁",NeutralizeHostiles,Active,0.75,3,4,850,""
160.98999999999856,"HOLD_CAP","保持CAP区域",HoldArea,Succeeded,1,0,1,600,""
160.98999999999856,"CLEAR_CAP","清除空中威胁",NeutralizeHostiles,Active,0.75,3,4,850,""
161.18999999999838,"HOLD_CAP","保持CAP区域",HoldArea,Succeeded,1,0,1,600,""
161.18999999999838,"CLEAR_CAP","清除空中威胁",NeutralizeHostiles,Active,0.75,3,4,850,""
161.3899999999982,"HOLD_CAP","保持CAP区域",HoldArea,Succeeded,1,0,1,600,""
161.3899999999982,"CLEAR_CAP","清除空中威胁",NeutralizeHostiles,Active,0.75,3,4,850,""
161.589999999998,"HOLD_CAP","保持CAP区域",HoldArea,Succeeded,1,0,1,600,""
161.589999999998,"CLEAR_CAP","清除空中威胁",NeutralizeHostiles,Active,0.75,3,4,850,""
161.78999999999783,"HOLD_CAP","保持CAP区域",HoldArea,Succeeded,1,0,1,600,""
161.78999999999783,"CLEAR_CAP","清除空中威胁",NeutralizeHostiles,Active,0.75,3,4,850,""
161.98999999999765,"HOLD_CAP","保持CAP区域",HoldArea,Succeeded,1,0,1,600,""
161.98999999999765,"CLEAR_CAP","清除空中威胁",NeutralizeHostiles,Active,0.75,3,4,850,""
162.18999999999747,"HOLD_CAP","保持CAP区域",HoldArea,Succeeded,1,0,1,600,""
162.18999999999747,"CLEAR_CAP","清除空中威胁",NeutralizeHostiles,Active,0.75,3,4,850,""
162.38999999999729,"HOLD_CAP","保持CAP区域",HoldArea,Succeeded,1,0,1,600,""
162.38999999999729,"CLEAR_CAP","清除空中威胁",NeutralizeHostiles,Active,0.75,3,4,850,""
162.5899999999971,"HOLD_CAP","保持CAP区域",HoldArea,Succeeded,1,0,1,600,""
162.5899999999971,"CLEAR_CAP","清除空中威胁",NeutralizeHostiles,Active,0.75,3,4,850,""
162.78999999999692,"HOLD_CAP","保持CAP区域",HoldArea,Succeeded,1,0,1,600,""
162.78999999999692,"CLEAR_CAP","清除空中威胁",NeutralizeHostiles,Active,0.75,3,4,850,""
162.98999999999674,"HOLD_CAP","保持CAP区域",HoldArea,Succeeded,1,0,1,600,""
162.98999999999674,"CLEAR_CAP","清除空中威胁",NeutralizeHostiles,Active,0.75,3,4,850,""
163.18999999999656,"HOLD_CAP","保持CAP区域",HoldArea,Succeeded,1,0,1,600,""
163.18999999999656,"CLEAR_CAP","清除空中威胁",NeutralizeHostiles,Active,0.75,3,4,850,""
163.38999999999638,"HOLD_CAP","保持CAP区域",HoldArea,Succeeded,1,0,1,600,""
163.38999999999638,"CLEAR_CAP","清除空中威胁",NeutralizeHostiles,Active,0.75,3,4,850,""
163.58999999999619,"HOLD_CAP","保持CAP区域",HoldArea,Succeeded,1,0,1,600,""
163.58999999999619,"CLEAR_CAP","清除空中威胁",NeutralizeHostiles,Active,0.75,3,4,850,""
163.789999999996,"HOLD_CAP","保持CAP区域",HoldArea,Succeeded,1,0,1,600,""
163.789999999996,"CLEAR_CAP","清除空中威胁",NeutralizeHostiles,Active,0.75,3,4,850,""
163.98999999999583,"HOLD_CAP","保持CAP区域",HoldArea,Succeeded,1,0,1,600,""
163.98999999999583,"CLEAR_CAP","清除空中威胁",NeutralizeHostiles,Active,0.75,3,4,850,""
164.18999999999565,"HOLD_CAP","保持CAP区域",HoldArea,Succeeded,1,0,1,600,""
164.18999999999565,"CLEAR_CAP","清除空中威胁",NeutralizeHostiles,Active,0.75,3,4,850,""
164.38999999999547,"HOLD_CAP","保持CAP区域",HoldArea,Succeeded,1,0,1,600,""
164.38999999999547,"CLEAR_CAP","清除空中威胁",NeutralizeHostiles,Active,0.75,3,4,850,""
164.58999999999529,"HOLD_CAP","保持CAP区域",HoldArea,Succeeded,1,0,1,600,""
164.58999999999529,"CLEAR_CAP","清除空中威胁",NeutralizeHostiles,Active,0.75,3,4,850,""
164.7899999999951,"HOLD_CAP","保持CAP区域",HoldArea,Succeeded,1,0,1,600,""
164.7899999999951,"CLEAR_CAP","清除空中威胁",NeutralizeHostiles,Active,0.75,3,4,850,""
164.98999999999492,"HOLD_CAP","保持CAP区域",HoldArea,Succeeded,1,0,1,600,""
164.98999999999492,"CLEAR_CAP","清除空中威胁",NeutralizeHostiles,Active,0.75,3,4,850,""
165.18999999999474,"HOLD_CAP","保持CAP区域",HoldArea,Succeeded,1,0,1,600,""
165.18999999999474,"CLEAR_CAP","清除空中威胁",NeutralizeHostiles,Active,0.75,3,4,850,""
165.38999999999456,"HOLD_CAP","保持CAP区域",HoldArea,Succeeded,1,0,1,600,""
165.38999999999456,"CLEAR_CAP","清除空中威胁",NeutralizeHostiles,Active,0.75,3,4,850,""
165.58999999999438,"HOLD_CAP","保持CAP区域",HoldArea,Succeeded,1,0,1,600,""
165.58999999999438,"CLEAR_CAP","清除空中威胁",NeutralizeHostiles,Active,0.75,3,4,850,""
165.78999999999419,"HOLD_CAP","保持CAP区域",HoldArea,Succeeded,1,0,1,600,""
165.78999999999419,"CLEAR_CAP","清除空中威胁",NeutralizeHostiles,Active,0.75,3,4,850,""
165.989999999994,"HOLD_CAP","保持CAP区域",HoldArea,Succeeded,1,0,1,600,""
165.989999999994,"CLEAR_CAP","清除空中威胁",NeutralizeHostiles,Active,0.75,3,4,850,""
166.18999999999383,"HOLD_CAP","保持CAP区域",HoldArea,Succeeded,1,0,1,600,""
166.18999999999383,"CLEAR_CAP","清除空中威胁",NeutralizeHostiles,Active,0.75,3,4,850,""
166.38999999999365,"HOLD_CAP","保持CAP区域",HoldArea,Succeeded,1,0,1,600,""
166.38999999999365,"CLEAR_CAP","清除空中威胁",NeutralizeHostiles,Active,0.75,3,4,850,""
166.58999999999347,"HOLD_CAP","保持CAP区域",HoldArea,Succeeded,1,0,1,600,""
166.58999999999347,"CLEAR_CAP","清除空中威胁",NeutralizeHostiles,Active,0.75,3,4,850,""
166.78999999999328,"HOLD_CAP","保持CAP区域",HoldArea,Succeeded,1,0,1,600,""
166.78999999999328,"CLEAR_CAP","清除空中威胁",NeutralizeHostiles,Active,0.75,3,4,850,""
166.9899999999931,"HOLD_CAP","保持CAP区域",HoldArea,Succeeded,1,0,1,600,""
166.9899999999931,"CLEAR_CAP","清除空中威胁",NeutralizeHostiles,Active,0.75,3,4,850,""
167.18999999999292,"HOLD_CAP","保持CAP区域",HoldArea,Succeeded,1,0,1,600,""
167.18999999999292,"CLEAR_CAP","清除空中威胁",NeutralizeHostiles,Active,0.75,3,4,850,""
167.38999999999274,"HOLD_CAP","保持CAP区域",HoldArea,Succeeded,1,0,1,600,""
167.38999999999274,"CLEAR_CAP","清除空中威胁",NeutralizeHostiles,Active,0.75,3,4,850,""
167.58999999999256,"HOLD_CAP","保持CAP区域",HoldArea,Succeeded,1,0,1,600,""
167.58999999999256,"CLEAR_CAP","清除空中威胁",NeutralizeHostiles,Active,0.75,3,4,850,""
167.78999999999238,"HOLD_CAP","保持CAP区域",HoldArea,Succeeded,1,0,1,600,""
167.78999999999238,"CLEAR_CAP","清除空中威胁",NeutralizeHostiles,Active,0.75,3,4,850,""
167.98999999999219,"HOLD_CAP","保持CAP区域",HoldArea,Succeeded,1,0,1,600,""
167.98999999999219,"CLEAR_CAP","清除空中威胁",NeutralizeHostiles,Active,0.75,3,4,850,""
168.189999999992,"HOLD_CAP","保持CAP区域",HoldArea,Succeeded,1,0,1,600,""
168.189999999992,"CLEAR_CAP","清除空中威胁",NeutralizeHostiles,Active,0.75,3,4,850,""
168.38999999999183,"HOLD_CAP","保持CAP区域",HoldArea,Succeeded,1,0,1,600,""
168.38999999999183,"CLEAR_CAP","清除空中威胁",NeutralizeHostiles,Active,0.75,3,4,850,""
168.58999999999165,"HOLD_CAP","保持CAP区域",HoldArea,Succeeded,1,0,1,600,""
168.58999999999165,"CLEAR_CAP","清除空中威胁",NeutralizeHostiles,Active,0.75,3,4,850,""
168.78999999999147,"HOLD_CAP","保持CAP区域",HoldArea,Succeeded,1,0,1,600,""
168.78999999999147,"CLEAR_CAP","清除空中威胁",NeutralizeHostiles,Active,0.75,3,4,850,""
168.98999999999128,"HOLD_CAP","保持CAP区域",HoldArea,Succeeded,1,0,1,600,""
168.98999999999128,"CLEAR_CAP","清除空中威胁",NeutralizeHostiles,Active,0.75,3,4,850,""
169.1899999999911,"HOLD_CAP","保持CAP区域",HoldArea,Succeeded,1,0,1,600,""
169.1899999999911,"CLEAR_CAP","清除空中威胁",NeutralizeHostiles,Active,0.75,3,4,850,""
169.38999999999092,"HOLD_CAP","保持CAP区域",HoldArea,Succeeded,1,0,1,600,""
169.38999999999092,"CLEAR_CAP","清除空中威胁",NeutralizeHostiles,Active,0.75,3,4,850,""
169.58999999999074,"HOLD_CAP","保持CAP区域",HoldArea,Succeeded,1,0,1,600,""
169.58999999999074,"CLEAR_CAP","清除空中威胁",NeutralizeHostiles,Active,0.75,3,4,850,""
169.78999999999056,"HOLD_CAP","保持CAP区域",HoldArea,Succeeded,1,0,1,600,""
169.78999999999056,"CLEAR_CAP","清除空中威胁",NeutralizeHostiles,Active,0.75,3,4,850,""
169.98999999999037,"HOLD_CAP","保持CAP区域",HoldArea,Succeeded,1,0,1,600,""
169.98999999999037,"CLEAR_CAP","清除空中威胁",NeutralizeHostiles,Active,0.75,3,4,850,""
170.18999999999019,"HOLD_CAP","保持CAP区域",HoldArea,Succeeded,1,0,1,600,""
170.18999999999019,"CLEAR_CAP","清除空中威胁",NeutralizeHostiles,Active,0.75,3,4,850,""
170.38999999999,"HOLD_CAP","保持CAP区域",HoldArea,Succeeded,1,0,1,600,""
170.38999999999,"CLEAR_CAP","清除空中威胁",NeutralizeHostiles,Active,0.75,3,4,850,""
170.58999999998983,"HOLD_CAP","保持CAP区域",HoldArea,Succeeded,1,0,1,600,""
170.58999999998983,"CLEAR_CAP","清除空中威胁",NeutralizeHostiles,Active,0.75,3,4,850,""
170.78999999998965,"HOLD_CAP","保持CAP区域",HoldArea,Succeeded,1,0,1,600,""
170.78999999998965,"CLEAR_CAP","清除空中威胁",NeutralizeHostiles,Active,0.75,3,4,850,""
170.98999999998946,"HOLD_CAP","保持CAP区域",HoldArea,Succeeded,1,0,1,600,""
170.98999999998946,"CLEAR_CAP","清除空中威胁",NeutralizeHostiles,Active,0.75,3,4,850,""
171.18999999998928,"HOLD_CAP","保持CAP区域",HoldArea,Succeeded,1,0,1,600,""
171.18999999998928,"CLEAR_CAP","清除空中威胁",NeutralizeHostiles,Active,0.75,3,4,850,""
171.3899999999891,"HOLD_CAP","保持CAP区域",HoldArea,Succeeded,1,0,1,600,""
171.3899999999891,"CLEAR_CAP","清除空中威胁",NeutralizeHostiles,Active,0.75,3,4,850,""
171.58999999998892,"HOLD_CAP","保持CAP区域",HoldArea,Succeeded,1,0,1,600,""
171.58999999998892,"CLEAR_CAP","清除空中威胁",NeutralizeHostiles,Active,0.75,3,4,850,""
171.78999999998874,"HOLD_CAP","保持CAP区域",HoldArea,Succeeded,1,0,1,600,""
171.78999999998874,"CLEAR_CAP","清除空中威胁",NeutralizeHostiles,Active,0.75,3,4,850,""
171.98999999998856,"HOLD_CAP","保持CAP区域",HoldArea,Succeeded,1,0,1,600,""
171.98999999998856,"CLEAR_CAP","清除空中威胁",NeutralizeHostiles,Active,0.75,3,4,850,""
172.18999999998837,"HOLD_CAP","保持CAP区域",HoldArea,Succeeded,1,0,1,600,""
172.18999999998837,"CLEAR_CAP","清除空中威胁",NeutralizeHostiles,Active,0.75,3,4,850,""
172.38999999998819,"HOLD_CAP","保持CAP区域",HoldArea,Succeeded,1,0,1,600,""
172.38999999998819,"CLEAR_CAP","清除空中威胁",NeutralizeHostiles,Active,0.75,3,4,850,""
172.589999999988,"HOLD_CAP","保持CAP区域",HoldArea,Succeeded,1,0,1,600,""
172.589999999988,"CLEAR_CAP","清除空中威胁",NeutralizeHostiles,Active,0.75,3,4,850,""
172.78999999998783,"HOLD_CAP","保持CAP区域",HoldArea,Succeeded,1,0,1,600,""
172.78999999998783,"CLEAR_CAP","清除空中威胁",NeutralizeHostiles,Active,0.75,3,4,850,""
172.98999999998765,"HOLD_CAP","保持CAP区域",HoldArea,Succeeded,1,0,1,600,""
172.98999999998765,"CLEAR_CAP","清除空中威胁",NeutralizeHostiles,Active,0.75,3,4,850,""
173.18999999998746,"HOLD_CAP","保持CAP区域",HoldArea,Succeeded,1,0,1,600,""
173.18999999998746,"CLEAR_CAP","清除空中威胁",NeutralizeHostiles,Active,0.75,3,4,850,""
173.38999999998728,"HOLD_CAP","保持CAP区域",HoldArea,Succeeded,1,0,1,600,""
173.38999999998728,"CLEAR_CAP","清除空中威胁",NeutralizeHostiles,Active,0.75,3,4,850,""
173.5899999999871,"HOLD_CAP","保持CAP区域",HoldArea,Succeeded,1,0,1,600,""
173.5899999999871,"CLEAR_CAP","清除空中威胁",NeutralizeHostiles,Active,0.75,3,4,850,""
173.78999999998692,"HOLD_CAP","保持CAP区域",HoldArea,Succeeded,1,0,1,600,""
173.78999999998692,"CLEAR_CAP","清除空中威胁",NeutralizeHostiles,Active,0.75,3,4,850,""
173.98999999998674,"HOLD_CAP","保持CAP区域",HoldArea,Succeeded,1,0,1,600,""
173.98999999998674,"CLEAR_CAP","清除空中威胁",NeutralizeHostiles,Active,0.75,3,4,850,""
174.18999999998655,"HOLD_CAP","保持CAP区域",HoldArea,Succeeded,1,0,1,600,""
174.18999999998655,"CLEAR_CAP","清除空中威胁",NeutralizeHostiles,Active,0.75,3,4,850,""
174.38999999998637,"HOLD_CAP","保持CAP区域",HoldArea,Succeeded,1,0,1,600,""
174.38999999998637,"CLEAR_CAP","清除空中威胁",NeutralizeHostiles,Active,0.75,3,4,850,""
174.58999999998619,"HOLD_CAP","保持CAP区域",HoldArea,Succeeded,1,0,1,600,""
174.58999999998619,"CLEAR_CAP","清除空中威胁",NeutralizeHostiles,Active,0.75,3,4,850,""
174.789999999986,"HOLD_CAP","保持CAP区域",HoldArea,Succeeded,1,0,1,600,""
174.789999999986,"CLEAR_CAP","清除空中威胁",NeutralizeHostiles,Active,0.75,3,4,850,""
174.98999999998583,"HOLD_CAP","保持CAP区域",HoldArea,Succeeded,1,0,1,600,""
174.98999999998583,"CLEAR_CAP","清除空中威胁",NeutralizeHostiles,Active,0.75,3,4,850,""
175.18999999998564,"HOLD_CAP","保持CAP区域",HoldArea,Succeeded,1,0,1,600,""
175.18999999998564,"CLEAR_CAP","清除空中威胁",NeutralizeHostiles,Active,0.75,3,4,850,""
175.38999999998546,"HOLD_CAP","保持CAP区域",HoldArea,Succeeded,1,0,1,600,""
175.38999999998546,"CLEAR_CAP","清除空中威胁",NeutralizeHostiles,Active,0.75,3,4,850,""
175.58999999998528,"HOLD_CAP","保持CAP区域",HoldArea,Succeeded,1,0,1,600,""
175.58999999998528,"CLEAR_CAP","清除空中威胁",NeutralizeHostiles,Active,0.75,3,4,850,""
175.7899999999851,"HOLD_CAP","保持CAP区域",HoldArea,Succeeded,1,0,1,600,""
175.7899999999851,"CLEAR_CAP","清除空中威胁",NeutralizeHostiles,Active,0.75,3,4,850,""
175.98999999998492,"HOLD_CAP","保持CAP区域",HoldArea,Succeeded,1,0,1,600,""
175.98999999998492,"CLEAR_CAP","清除空中威胁",NeutralizeHostiles,Active,0.75,3,4,850,""
176.18999999998474,"HOLD_CAP","保持CAP区域",HoldArea,Succeeded,1,0,1,600,""
176.18999999998474,"CLEAR_CAP","清除空中威胁",NeutralizeHostiles,Active,0.75,3,4,850,""
176.38999999998455,"HOLD_CAP","保持CAP区域",HoldArea,Succeeded,1,0,1,600,""
176.38999999998455,"CLEAR_CAP","清除空中威胁",NeutralizeHostiles,Active,0.75,3,4,850,""
176.58999999998437,"HOLD_CAP","保持CAP区域",HoldArea,Succeeded,1,0,1,600,""
176.58999999998437,"CLEAR_CAP","清除空中威胁",NeutralizeHostiles,Active,0.75,3,4,850,""
176.78999999998419,"HOLD_CAP","保持CAP区域",HoldArea,Succeeded,1,0,1,600,""
176.78999999998419,"CLEAR_CAP","清除空中威胁",NeutralizeHostiles,Active,0.75,3,4,850,""
176.989999999984,"HOLD_CAP","保持CAP区域",HoldArea,Succeeded,1,0,1,600,""
176.989999999984,"CLEAR_CAP","清除空中威胁",NeutralizeHostiles,Active,0.75,3,4,850,""
177.18999999998383,"HOLD_CAP","保持CAP区域",HoldArea,Succeeded,1,0,1,600,""
177.18999999998383,"CLEAR_CAP","清除空中威胁",NeutralizeHostiles,Active,0.75,3,4,850,""
177.38999999998364,"HOLD_CAP","保持CAP区域",HoldArea,Succeeded,1,0,1,600,""
177.38999999998364,"CLEAR_CAP","清除空中威胁",NeutralizeHostiles,Active,0.75,3,4,850,""
177.58999999998346,"HOLD_CAP","保持CAP区域",HoldArea,Succeeded,1,0,1,600,""
177.58999999998346,"CLEAR_CAP","清除空中威胁",NeutralizeHostiles,Active,0.75,3,4,850,""
177.78999999998328,"HOLD_CAP","保持CAP区域",HoldArea,Succeeded,1,0,1,600,""
177.78999999998328,"CLEAR_CAP","清除空中威胁",NeutralizeHostiles,Active,0.75,3,4,850,""
177.9899999999831,"HOLD_CAP","保持CAP区域",HoldArea,Succeeded,1,0,1,600,""
177.9899999999831,"CLEAR_CAP","清除空中威胁",NeutralizeHostiles,Active,0.75,3,4,850,""
178.18999999998292,"HOLD_CAP","保持CAP区域",HoldArea,Succeeded,1,0,1,600,""
178.18999999998292,"CLEAR_CAP","清除空中威胁",NeutralizeHostiles,Active,0.75,3,4,850,""
178.38999999998273,"HOLD_CAP","保持CAP区域",HoldArea,Succeeded,1,0,1,600,""
178.38999999998273,"CLEAR_CAP","清除空中威胁",NeutralizeHostiles,Active,0.75,3,4,850,""
178.58999999998255,"HOLD_CAP","保持CAP区域",HoldArea,Succeeded,1,0,1,600,""
178.58999999998255,"CLEAR_CAP","清除空中威胁",NeutralizeHostiles,Active,0.75,3,4,850,""
178.78999999998237,"HOLD_CAP","保持CAP区域",HoldArea,Succeeded,1,0,1,600,""
178.78999999998237,"CLEAR_CAP","清除空中威胁",NeutralizeHostiles,Active,0.75,3,4,850,""
178.98999999998219,"HOLD_CAP","保持CAP区域",HoldArea,Succeeded,1,0,1,600,""
178.98999999998219,"CLEAR_CAP","清除空中威胁",NeutralizeHostiles,Active,0.75,3,4,850,""
179.189999999982,"HOLD_CAP","保持CAP区域",HoldArea,Succeeded,1,0,1,600,""
179.189999999982,"CLEAR_CAP","清除空中威胁",NeutralizeHostiles,Active,0.75,3,4,850,""
179.38999999998182,"HOLD_CAP","保持CAP区域",HoldArea,Succeeded,1,0,1,600,""
179.38999999998182,"CLEAR_CAP","清除空中威胁",NeutralizeHostiles,Active,0.75,3,4,850,""
179.58999999998164,"HOLD_CAP","保持CAP区域",HoldArea,Succeeded,1,0,1,600,""
179.58999999998164,"CLEAR_CAP","清除空中威胁",NeutralizeHostiles,Active,0.75,3,4,850,""
179.78999999998146,"HOLD_CAP","保持CAP区域",HoldArea,Succeeded,1,0,1,600,""
179.78999999998146,"CLEAR_CAP","清除空中威胁",NeutralizeHostiles,Active,0.75,3,4,850,""
179.98999999998128,"HOLD_CAP","保持CAP区域",HoldArea,Succeeded,1,0,1,600,""
179.98999999998128,"CLEAR_CAP","清除空中威胁",NeutralizeHostiles,Active,0.75,3,4,850,""
180.1899999999811,"HOLD_CAP","保持CAP区域",HoldArea,Succeeded,1,0,1,600,""
180.1899999999811,"CLEAR_CAP","清除空中威胁",NeutralizeHostiles,Active,0.75,3,4,850,""
180.38999999998092,"HOLD_CAP","保持CAP区域",HoldArea,Succeeded,1,0,1,600,""
180.38999999998092,"CLEAR_CAP","清除空中威胁",NeutralizeHostiles,Active,0.75,3,4,850,""
180.58999999998073,"HOLD_CAP","保持CAP区域",HoldArea,Succeeded,1,0,1,600,""
180.58999999998073,"CLEAR_CAP","清除空中威胁",NeutralizeHostiles,Active,0.75,3,4,850,""
180.78999999998055,"HOLD_CAP","保持CAP区域",HoldArea,Succeeded,1,0,1,600,""
180.78999999998055,"CLEAR_CAP","清除空中威胁",NeutralizeHostiles,Active,0.75,3,4,850,""
180.98999999998037,"HOLD_CAP","保持CAP区域",HoldArea,Succeeded,1,0,1,600,""
180.98999999998037,"CLEAR_CAP","清除空中威胁",NeutralizeHostiles,Active,0.75,3,4,850,""
181.18999999998019,"HOLD_CAP","保持CAP区域",HoldArea,Succeeded,1,0,1,600,""
181.18999999998019,"CLEAR_CAP","清除空中威胁",NeutralizeHostiles,Active,0.75,3,4,850,""
181.38999999998,"HOLD_CAP","保持CAP区域",HoldArea,Succeeded,1,0,1,600,""
181.38999999998,"CLEAR_CAP","清除空中威胁",NeutralizeHostiles,Active,0.75,3,4,850,""
181.58999999997982,"HOLD_CAP","保持CAP区域",HoldArea,Succeeded,1,0,1,600,""
181.58999999997982,"CLEAR_CAP","清除空中威胁",NeutralizeHostiles,Active,0.75,3,4,850,""
181.78999999997964,"HOLD_CAP","保持CAP区域",HoldArea,Succeeded,1,0,1,600,""
181.78999999997964,"CLEAR_CAP","清除空中威胁",NeutralizeHostiles,Active,0.75,3,4,850,""
181.98999999997946,"HOLD_CAP","保持CAP区域",HoldArea,Succeeded,1,0,1,600,""
181.98999999997946,"CLEAR_CAP","清除空中威胁",NeutralizeHostiles,Active,0.75,3,4,850,""
182.18999999997928,"HOLD_CAP","保持CAP区域",HoldArea,Succeeded,1,0,1,600,""
182.18999999997928,"CLEAR_CAP","清除空中威胁",NeutralizeHostiles,Active,0.75,3,4,850,""
182.3899999999791,"HOLD_CAP","保持CAP区域",HoldArea,Succeeded,1,0,1,600,""
182.3899999999791,"CLEAR_CAP","清除空中威胁",NeutralizeHostiles,Active,0.75,3,4,850,""
182.58999999997891,"HOLD_CAP","保持CAP区域",HoldArea,Succeeded,1,0,1,600,""
182.58999999997891,"CLEAR_CAP","清除空中威胁",NeutralizeHostiles,Active,0.75,3,4,850,""
182.78999999997873,"HOLD_CAP","保持CAP区域",HoldArea,Succeeded,1,0,1,600,""
182.78999999997873,"CLEAR_CAP","清除空中威胁",NeutralizeHostiles,Active,0.75,3,4,850,""
182.98999999997855,"HOLD_CAP","保持CAP区域",HoldArea,Succeeded,1,0,1,600,""
182.98999999997855,"CLEAR_CAP","清除空中威胁",NeutralizeHostiles,Active,0.75,3,4,850,""
183.18999999997837,"HOLD_CAP","保持CAP区域",HoldArea,Succeeded,1,0,1,600,""
183.18999999997837,"CLEAR_CAP","清除空中威胁",NeutralizeHostiles,Active,0.75,3,4,850,""
183.38999999997819,"HOLD_CAP","保持CAP区域",HoldArea,Succeeded,1,0,1,600,""
183.38999999997819,"CLEAR_CAP","清除空中威胁",NeutralizeHostiles,Active,0.75,3,4,850,""
183.589999999978,"HOLD_CAP","保持CAP区域",HoldArea,Succeeded,1,0,1,600,""
183.589999999978,"CLEAR_CAP","清除空中威胁",NeutralizeHostiles,Active,0.75,3,4,850,""
183.78999999997782,"HOLD_CAP","保持CAP区域",HoldArea,Succeeded,1,0,1,600,""
183.78999999997782,"CLEAR_CAP","清除空中威胁",NeutralizeHostiles,Active,0.75,3,4,850,""
183.98999999997764,"HOLD_CAP","保持CAP区域",HoldArea,Succeeded,1,0,1,600,""
183.98999999997764,"CLEAR_CAP","清除空中威胁",NeutralizeHostiles,Active,0.75,3,4,850,""
184.18999999997746,"HOLD_CAP","保持CAP区域",HoldArea,Succeeded,1,0,1,600,""
184.18999999997746,"CLEAR_CAP","清除空中威胁",NeutralizeHostiles,Active,0.75,3,4,850,""
184.38999999997728,"HOLD_CAP","保持CAP区域",HoldArea,Succeeded,1,0,1,600,""
184.38999999997728,"CLEAR_CAP","清除空中威胁",NeutralizeHostiles,Active,0.75,3,4,850,""
184.5899999999771,"HOLD_CAP","保持CAP区域",HoldArea,Succeeded,1,0,1,600,""
184.5899999999771,"CLEAR_CAP","清除空中威胁",NeutralizeHostiles,Active,0.75,3,4,850,""
184.78999999997691,"HOLD_CAP","保持CAP区域",HoldArea,Succeeded,1,0,1,600,""
184.78999999997691,"CLEAR_CAP","清除空中威胁",NeutralizeHostiles,Active,0.75,3,4,850,""
184.98999999997673,"HOLD_CAP","保持CAP区域",HoldArea,Succeeded,1,0,1,600,""
184.98999999997673,"CLEAR_CAP","清除空中威胁",NeutralizeHostiles,Active,0.75,3,4,850,""
185.18999999997655,"HOLD_CAP","保持CAP区域",HoldArea,Succeeded,1,0,1,600,""
185.18999999997655,"CLEAR_CAP","清除空中威胁",NeutralizeHostiles,Active,0.75,3,4,850,""
185.38999999997637,"HOLD_CAP","保持CAP区域",HoldArea,Succeeded,1,0,1,600,""
185.38999999997637,"CLEAR_CAP","清除空中威胁",NeutralizeHostiles,Active,0.75,3,4,850,""
185.58999999997619,"HOLD_CAP","保持CAP区域",HoldArea,Succeeded,1,0,1,600,""
185.58999999997619,"CLEAR_CAP","清除空中威胁",NeutralizeHostiles,Active,0.75,3,4,850,""
185.789999999976,"HOLD_CAP","保持CAP区域",HoldArea,Succeeded,1,0,1,600,""
185.789999999976,"CLEAR_CAP","清除空中威胁",NeutralizeHostiles,Active,0.75,3,4,850,""
185.98999999997582,"HOLD_CAP","保持CAP区域",HoldArea,Succeeded,1,0,1,600,""
185.98999999997582,"CLEAR_CAP","清除空中威胁",NeutralizeHostiles,Active,0.75,3,4,850,""
186.18999999997564,"HOLD_CAP","保持CAP区域",HoldArea,Succeeded,1,0,1,600,""
186.18999999997564,"CLEAR_CAP","清除空中威胁",NeutralizeHostiles,Active,0.75,3,4,850,""
186.38999999997546,"HOLD_CAP","保持CAP区域",HoldArea,Succeeded,1,0,1,600,""
186.38999999997546,"CLEAR_CAP","清除空中威胁",NeutralizeHostiles,Active,0.75,3,4,850,""
186.43999999997541,"HOLD_CAP","保持CAP区域",HoldArea,Succeeded,1,0,1,600,""
186.43999999997541,"CLEAR_CAP","清除空中威胁",NeutralizeHostiles,Succeeded,1,4,4,850,""
