time_s,aircraft,track_count,waypoint_count,formation_mode
0.02,"VIPER-01",6,1,None
0.02,"VIPER-02",6,1,None
0.02,"VIPER-03",6,1,None
0.02,"BANDIT-01",6,1,None
0.02,"BANDIT-02",6,1,None
0.02,"BANDIT-03",6,1,None
0.02,"BANDIT-04",6,1,None
0.22000000000000006,"VIPER-01",6,1,None
0.22000000000000006,"VIPER-02",6,1,None
0.22000000000000006,"VIPER-03",6,1,None
0.22000000000000006,"BANDIT-01",6,1,None
0.22000000000000006,"BANDIT-02",6,1,None
0.22000000000000006,"BANDIT-03",6,1,None
0.22000000000000006,"BANDIT-04",6,1,None
0.42000000000000021,"VIPER-01",6,1,None
0.42000000000000021,"VIPER-02",6,1,None
0.42000000000000021,"VIPER-03",6,1,None
0.42000000000000021,"BANDIT-01",6,1,None
0.42000000000000021,"BANDIT-02",6,1,None
0.42000000000000021,"BANDIT-03",6,1,None
0.42000000000000021,"BANDIT-04",6,1,None
0.62000000000000033,"VIPER-01",6,1,None
0.62000000000000033,"VIPER-02",6,1,None
0.62000000000000033,"VIPER-03",6,1,None
0.62000000000000033,"BANDIT-01",6,1,None
0.62000000000000033,"BANDIT-02",6,1,None
0.62000000000000033,"BANDIT-03",6,1,None
0.62000000000000033,"BANDIT-04",6,1,None
0.82000000000000051,"VIPER-01",6,1,None
0.82000000000000051,"VIPER-02",6,1,None
0.82000000000000051,"VIPER-03",6,1,None
0.82000000000000051,"BANDIT-01",6,1,None
0.82000000000000051,"BANDIT-02",6,1,None
0.82000000000000051,"BANDIT-03",6,1,None
0.82000000000000051,"BANDIT-04",6,1,None
1.0200000000000007,"VIPER-01",6,1,None
1.0200000000000007,"VIPER-02",6,1,None
1.0200000000000007,"VIPER-03",6,1,None
1.0200000000000007,"BANDIT-01",6,1,None
1.0200000000000007,"BANDIT-02",6,1,None
1.0200000000000007,"BANDIT-03",6,1,None
1.0200000000000007,"BANDIT-04",6,1,None
1.2200000000000009,"VIPER-01",6,1,None
1.2200000000000009,"VIPER-02",6,1,None
1.2200000000000009,"VIPER-03",6,1,None
1.2200000000000009,"BANDIT-01",6,1,None
1.2200000000000009,"BANDIT-02",6,1,None
1.2200000000000009,"BANDIT-03",6,1,None
1.2200000000000009,"BANDIT-04",6,1,None
1.420000000000001,"VIPER-01",6,1,None
1.420000000000001,"VIPER-02",6,1,None
1.420000000000001,"VIPER-03",6,1,None
1.420000000000001,"BANDIT-01",6,1,None
1.420000000000001,"BANDIT-02",6,1,None
1.420000000000001,"BANDIT-03",6,1,None
1.420000000000001,"BANDIT-04",6,1,None
1.6200000000000012,"VIPER-01",6,1,None
1.6200000000000012,"VIPER-02",6,1,None
1.6200000000000012,"VIPER-03",6,1,None
1.6200000000000012,"BANDIT-01",6,1,None
1.6200000000000012,"BANDIT-02",6,1,None
1.6200000000000012,"BANDIT-03",6,1,None
1.6200000000000012,"BANDIT-04",6,1,None
1.8200000000000014,"VIPER-01",6,1,None
1.8200000000000014,"VIPER-02",6,1,None
1.8200000000000014,"VIPER-03",6,1,None
1.8200000000000014,"BANDIT-01",6,1,None
1.8200000000000014,"BANDIT-02",6,1,None
1.8200000000000014,"BANDIT-03",6,1,None
1.8200000000000014,"BANDIT-04",6,1,None
2.0200000000000009,"VIPER-01",6,1,None
2.0200000000000009,"VIPER-02",6,1,None
2.0200000000000009,"VIPER-03",6,1,None
2.0200000000000009,"BANDIT-01",6,1,None
2.0200000000000009,"BANDIT-02",6,1,None
2.0200000000000009,"BANDIT-03",6,1,None
2.0200000000000009,"BANDIT-04",6,1,None
2.2199999999999966,"VIPER-01",6,1,None
2.2199999999999966,"VIPER-02",6,1,None
2.2199999999999966,"VIPER-03",6,1,None
2.2199999999999966,"BANDIT-01",6,1,None
2.2199999999999966,"BANDIT-02",6,1,None
2.2199999999999966,"BANDIT-03",6,1,None
2.2199999999999966,"BANDIT-04",6,1,None
2.4199999999999924,"VIPER-01",6,1,None
2.4199999999999924,"VIPER-02",6,1,None
2.4199999999999924,"VIPER-03",6,1,None
2.4199999999999924,"BANDIT-01",6,1,None
2.4199999999999924,"BANDIT-02",6,1,None
2.4199999999999924,"BANDIT-03",6,1,None
2.4199999999999924,"BANDIT-04",6,1,None
2.6199999999999881,"VIPER-01",6,1,None
2.6199999999999881,"VIPER-02",6,1,None
2.6199999999999881,"VIPER-03",6,1,None
2.6199999999999881,"BANDIT-01",6,1,None
2.6199999999999881,"BANDIT-02",6,1,None
2.6199999999999881,"BANDIT-03",6,1,None
2.6199999999999881,"BANDIT-04",6,1,None
2.8199999999999839,"VIPER-01",6,1,None
2.8199999999999839,"VIPER-02",6,1,None
2.8199999999999839,"VIPER-03",6,1,None
2.8199999999999839,"BANDIT-01",6,1,None
2.8199999999999839,"BANDIT-02",6,1,None
2.8199999999999839,"BANDIT-03",6,1,None
2.8199999999999839,"BANDIT-04",6,1,None
3.0199999999999796,"VIPER-01",6,1,None
3.0199999999999796,"VIPER-02",6,1,None
3.0199999999999796,"VIPER-03",6,1,None
3.0199999999999796,"BANDIT-01",6,1,None
3.0199999999999796,"BANDIT-02",6,1,None
3.0199999999999796,"BANDIT-03",6,1,None
3.0199999999999796,"BANDIT-04",6,1,None
3.2199999999999753,"VIPER-01",6,1,None
3.2199999999999753,"VIPER-02",6,1,None
3.2199999999999753,"VIPER-03",6,1,None
3.2199999999999753,"BANDIT-01",6,1,None
3.2199999999999753,"BANDIT-02",6,1,None
3.2199999999999753,"BANDIT-03",6,1,None
3.2199999999999753,"BANDIT-04",6,1,None
3.4199999999999711,"VIPER-01",6,1,None
3.4199999999999711,"VIPER-02",6,1,None
3.4199999999999711,"VIPER-03",6,1,None
3.4199999999999711,"BANDIT-01",6,1,None
3.4199999999999711,"BANDIT-02",6,1,None
3.4199999999999711,"BANDIT-03",6,1,None
3.4199999999999711,"BANDIT-04",6,1,None
3.6199999999999668,"VIPER-01",6,1,None
3.6199999999999668,"VIPER-02",6,1,None
3.6199999999999668,"VIPER-03",6,1,None
3.6199999999999668,"BANDIT-01",6,1,None
3.6199999999999668,"BANDIT-02",6,1,None
3.6199999999999668,"BANDIT-03",6,1,None
3.6199999999999668,"BANDIT-04",6,1,None
3.8199999999999625,"VIPER-01",6,1,None
3.8199999999999625,"VIPER-02",6,1,None
3.8199999999999625,"VIPER-03",6,1,None
3.8199999999999625,"BANDIT-01",6,1,None
3.8199999999999625,"BANDIT-02",6,1,None
3.8199999999999625,"BANDIT-03",6,1,None
3.8199999999999625,"BANDIT-04",6,1,None
4.0199999999999587,"VIPER-01",6,1,None
4.0199999999999587,"VIPER-02",6,1,None
4.0199999999999587,"VIPER-03",6,1,None
4.0199999999999587,"BANDIT-01",6,1,None
4.0199999999999587,"BANDIT-02",6,1,None
4.0199999999999587,"BANDIT-03",6,1,None
4.0199999999999587,"BANDIT-04",6,1,None
4.2199999999999545,"VIPER-01",6,1,None
4.2199999999999545,"VIPER-02",6,1,None
4.2199999999999545,"VIPER-03",6,1,None
4.2199999999999545,"BANDIT-01",6,1,None
4.2199999999999545,"BANDIT-02",6,1,None
4.2199999999999545,"BANDIT-03",6,1,None
4.2199999999999545,"BANDIT-04",6,1,None
4.41999999999995,"VIPER-01",6,1,None
4.41999999999995,"VIPER-02",6,1,None
4.41999999999995,"VIPER-03",6,1,None
4.41999999999995,"BANDIT-01",6,1,None
4.41999999999995,"BANDIT-02",6,1,None
4.41999999999995,"BANDIT-03",6,1,None
4.41999999999995,"BANDIT-04",6,1,None
4.6199999999999459,"VIPER-01",6,1,None
4.6199999999999459,"VIPER-02",6,1,None
4.6199999999999459,"VIPER-03",6,1,None
4.6199999999999459,"BANDIT-01",6,1,None
4.6199999999999459,"BANDIT-02",6,1,None
4.6199999999999459,"BANDIT-03",6,1,None
4.6199999999999459,"BANDIT-04",6,1,None
4.8199999999999417,"VIPER-01",6,1,None
4.8199999999999417,"VIPER-02",6,1,None
4.8199999999999417,"VIPER-03",6,1,None
4.8199999999999417,"BANDIT-01",6,1,None
4.8199999999999417,"BANDIT-02",6,1,None
4.8199999999999417,"BANDIT-03",6,1,None
4.8199999999999417,"BANDIT-04",6,1,None
5.0199999999999374,"VIPER-01",6,1,None
5.0199999999999374,"VIPER-02",6,1,None
5.0199999999999374,"VIPER-03",6,1,None
5.0199999999999374,"BANDIT-01",6,1,None
5.0199999999999374,"BANDIT-02",6,1,None
5.0199999999999374,"BANDIT-03",6,1,None
5.0199999999999374,"BANDIT-04",6,1,None
5.2199999999999331,"VIPER-01",6,1,None
5.2199999999999331,"VIPER-02",6,1,None
5.2199999999999331,"VIPER-03",6,1,None
5.2199999999999331,"BANDIT-01",6,1,None
5.2199999999999331,"BANDIT-02",6,1,None
5.2199999999999331,"BANDIT-03",6,1,None
5.2199999999999331,"BANDIT-04",6,1,None
5.4199999999999289,"VIPER-01",6,1,None
5.4199999999999289,"VIPER-02",6,1,None
5.4199999999999289,"VIPER-03",6,1,None
5.4199999999999289,"BANDIT-01",6,1,None
5.4199999999999289,"BANDIT-02",6,1,None
5.4199999999999289,"BANDIT-03",6,1,None
5.4199999999999289,"BANDIT-04",6,1,None
5.6199999999999246,"VIPER-01",6,1,None
5.6199999999999246,"VIPER-02",6,1,None
5.6199999999999246,"VIPER-03",6,1,None
5.6199999999999246,"BANDIT-01",6,1,None
5.6199999999999246,"BANDIT-02",6,1,None
5.6199999999999246,"BANDIT-03",6,1,None
5.6199999999999246,"BANDIT-04",6,1,None
5.81999999999992,"VIPER-01",6,1,None
5.81999999999992,"VIPER-02",6,1,None
5.81999999999992,"VIPER-03",6,1,None
5.81999999999992,"BANDIT-01",6,1,None
5.81999999999992,"BANDIT-02",6,1,None
5.81999999999992,"BANDIT-03",6,1,None
5.81999999999992,"BANDIT-04",6,1,None
6.0199999999999161,"VIPER-01",6,1,None
6.0199999999999161,"VIPER-02",6,1,None
6.0199999999999161,"VIPER-03",6,1,None
6.0199999999999161,"BANDIT-01",6,1,None
6.0199999999999161,"BANDIT-02",6,1,None
6.0199999999999161,"BANDIT-03",6,1,None
6.0199999999999161,"BANDIT-04",6,1,None
6.2199999999999118,"VIPER-01",6,1,None
6.2199999999999118,"VIPER-02",6,1,None
6.2199999999999118,"VIPER-03",6,1,None
6.2199999999999118,"BANDIT-01",6,1,None
6.2199999999999118,"BANDIT-02",6,1,None
6.2199999999999118,"BANDIT-03",6,1,None
6.2199999999999118,"BANDIT-04",6,1,None
6.4199999999999076,"VIPER-01",6,1,None
6.4199999999999076,"VIPER-02",6,1,None
6.4199999999999076,"VIPER-03",6,1,None
6.4199999999999076,"BANDIT-01",6,1,None
6.4199999999999076,"BANDIT-02",6,1,None
6.4199999999999076,"BANDIT-03",6,1,None
6.4199999999999076,"BANDIT-04",6,1,None
6.6199999999999033,"VIPER-01",6,1,None
6.6199999999999033,"VIPER-02",6,1,None
6.6199999999999033,"VIPER-03",6,1,None
6.6199999999999033,"BANDIT-01",6,1,None
6.6199999999999033,"BANDIT-02",6,1,None
6.6199999999999033,"BANDIT-03",6,1,None
6.6199999999999033,"BANDIT-04",6,1,None
6.819999999999899,"VIPER-01",6,1,None
6.819999999999899,"VIPER-02",6,1,None
6.819999999999899,"VIPER-03",6,1,None
6.819999999999899,"BANDIT-01",6,1,None
6.819999999999899,"BANDIT-02",6,1,None
6.819999999999899,"BANDIT-03",6,1,None
6.819999999999899,"BANDIT-04",6,1,None
7.0199999999998948,"VIPER-01",6,1,None
7.0199999999998948,"VIPER-02",6,1,None
7.0199999999998948,"VIPER-03",6,1,None
7.0199999999998948,"BANDIT-01",6,1,None
7.0199999999998948,"BANDIT-02",6,1,None
7.0199999999998948,"BANDIT-03",6,1,None
7.0199999999998948,"BANDIT-04",6,1,None
7.2199999999998905,"VIPER-01",6,1,None
7.2199999999998905,"VIPER-02",6,1,None
7.2199999999998905,"VIPER-03",6,1,None
7.2199999999998905,"BANDIT-01",6,1,None
7.2199999999998905,"BANDIT-02",6,1,None
7.2199999999998905,"BANDIT-03",6,1,None
7.2199999999998905,"BANDIT-04",6,1,None
7.4199999999998862,"VIPER-01",6,1,None
7.4199999999998862,"VIPER-02",6,1,None
7.4199999999998862,"VIPER-03",6,1,None
7.4199999999998862,"BANDIT-01",6,1,None
7.4199999999998862,"BANDIT-02",6,1,None
7.4199999999998862,"BANDIT-03",6,1,None
7.4199999999998862,"BANDIT-04",6,1,None
7.619999999999882,"VIPER-01",6,1,None
7.619999999999882,"VIPER-02",6,1,None
7.619999999999882,"VIPER-03",6,1,None
7.619999999999882,"BANDIT-01",6,1,None
7.619999999999882,"BANDIT-02",6,1,None
7.619999999999882,"BANDIT-03",6,1,None
7.619999999999882,"BANDIT-04",6,1,None
7.8199999999998777,"VIPER-01",6,1,None
7.8199999999998777,"VIPER-02",6,1,None
7.8199999999998777,"VIPER-03",6,1,None
7.8199999999998777,"BANDIT-01",6,1,None
7.8199999999998777,"BANDIT-02",6,1,None
7.8199999999998777,"BANDIT-03",6,1,None
7.8199999999998777,"BANDIT-04",6,1,None
8.0199999999998735,"VIPER-01",6,1,None
8.0199999999998735,"VIPER-02",6,1,None
8.0199999999998735,"VIPER-03",6,1,None
8.0199999999998735,"BANDIT-01",6,1,None
8.0199999999998735,"BANDIT-02",6,1,None
8.0199999999998735,"BANDIT-03",6,1,None
8.0199999999998735,"BANDIT-04",6,1,None
8.21999999999987,"VIPER-01",6,1,None
8.21999999999987,"VIPER-02",6,1,None
8.21999999999987,"VIPER-03",6,1,None
8.21999999999987,"BANDIT-01",6,1,None
8.21999999999987,"BANDIT-02",6,1,None
8.21999999999987,"BANDIT-03",6,1,None
8.21999999999987,"BANDIT-04",6,1,None
8.4199999999998649,"VIPER-01",6,1,None
8.4199999999998649,"VIPER-02",6,1,None
8.4199999999998649,"VIPER-03",6,1,None
8.4199999999998649,"BANDIT-01",6,1,None
8.4199999999998649,"BANDIT-02",6,1,None
8.4199999999998649,"BANDIT-03",6,1,None
8.4199999999998649,"BANDIT-04",6,1,None
8.61999999999986,"VIPER-01",6,1,None
8.61999999999986,"VIPER-02",6,1,None
8.61999999999986,"VIPER-03",6,1,None
8.61999999999986,"BANDIT-01",6,1,None
8.61999999999986,"BANDIT-02",6,1,None
8.61999999999986,"BANDIT-03",6,1,None
8.61999999999986,"BANDIT-04",6,1,None
8.8199999999998564,"VIPER-01",6,1,None
8.8199999999998564,"VIPER-02",6,1,None
8.8199999999998564,"VIPER-03",6,1,None
8.8199999999998564,"BANDIT-01",6,1,None
8.8199999999998564,"BANDIT-02",6,1,None
8.8199999999998564,"BANDIT-03",6,1,None
8.8199999999998564,"BANDIT-04",6,1,None
9.0199999999998521,"VIPER-01",6,1,None
9.0199999999998521,"VIPER-02",6,1,None
9.0199999999998521,"VIPER-03",6,1,None
9.0199999999998521,"BANDIT-01",6,1,None
9.0199999999998521,"BANDIT-02",6,1,None
9.0199999999998521,"BANDIT-03",6,1,None
9.0199999999998521,"BANDIT-04",6,1,None
9.2199999999998479,"VIPER-01",6,1,None
9.2199999999998479,"VIPER-02",6,1,None
9.2199999999998479,"VIPER-03",6,1,None
9.2199999999998479,"BANDIT-01",6,1,None
9.2199999999998479,"BANDIT-02",6,1,None
9.2199999999998479,"BANDIT-03",6,1,None
9.2199999999998479,"BANDIT-04",6,1,None
9.4199999999998436,"VIPER-01",6,1,None
9.4199999999998436,"VIPER-02",6,1,None
9.4199999999998436,"VIPER-03",6,1,None
9.4199999999998436,"BANDIT-01",6,1,None
9.4199999999998436,"BANDIT-02",6,1,None
9.4199999999998436,"BANDIT-03",6,1,None
9.4199999999998436,"BANDIT-04",6,1,None
9.61999999999984,"VIPER-01",6,1,None
9.61999999999984,"VIPER-02",6,1,None
9.61999999999984,"VIPER-03",6,1,None
9.61999999999984,"BANDIT-01",6,1,None
9.61999999999984,"BANDIT-02",6,1,None
9.61999999999984,"BANDIT-03",6,1,None
9.61999999999984,"BANDIT-04",6,1,None
9.8199999999998351,"VIPER-01",6,1,None
9.8199999999998351,"VIPER-02",6,1,None
9.8199999999998351,"VIPER-03",6,1,None
9.8199999999998351,"BANDIT-01",6,1,None
9.8199999999998351,"BANDIT-02",6,1,None
9.8199999999998351,"BANDIT-03",6,1,None
9.8199999999998351,"BANDIT-04",6,1,None
10.019999999999831,"VIPER-01",6,1,None
10.019999999999831,"VIPER-02",6,1,None
10.019999999999831,"VIPER-03",6,1,None
10.019999999999831,"BANDIT-01",6,1,None
10.019999999999831,"BANDIT-02",6,1,None
10.019999999999831,"BANDIT-03",6,1,None
10.019999999999831,"BANDIT-04",6,1,None
10.219999999999827,"VIPER-01",6,1,None
10.219999999999827,"VIPER-02",6,1,None
10.219999999999827,"VIPER-03",6,1,None
10.219999999999827,"BANDIT-01",6,1,None
10.219999999999827,"BANDIT-02",6,1,None
10.219999999999827,"BANDIT-03",6,1,None
10.219999999999827,"BANDIT-04",6,1,None
10.419999999999822,"VIPER-01",6,1,None
10.419999999999822,"VIPER-02",6,1,None
10.419999999999822,"VIPER-03",6,1,None
10.419999999999822,"BANDIT-01",6,1,None
10.419999999999822,"BANDIT-02",6,1,None
10.419999999999822,"BANDIT-03",6,1,None
10.419999999999822,"BANDIT-04",6,1,None
10.619999999999818,"VIPER-01",6,1,None
10.619999999999818,"VIPER-02",6,1,None
10.619999999999818,"VIPER-03",6,1,None
10.619999999999818,"BANDIT-01",6,1,None
10.619999999999818,"BANDIT-02",6,1,None
10.619999999999818,"BANDIT-03",6,1,None
10.619999999999818,"BANDIT-04",6,1,None
10.819999999999814,"VIPER-01",6,1,None
10.819999999999814,"VIPER-02",6,1,None
10.819999999999814,"VIPER-03",6,1,None
10.819999999999814,"BANDIT-01",6,1,None
10.819999999999814,"BANDIT-02",6,1,None
10.819999999999814,"BANDIT-03",6,1,None
10.819999999999814,"BANDIT-04",6,1,None
11.01999999999981,"VIPER-01",6,1,None
11.01999999999981,"VIPER-02",6,1,None
11.01999999999981,"VIPER-03",6,1,None
11.01999999999981,"BANDIT-01",6,1,None
11.01999999999981,"BANDIT-02",6,1,None
11.01999999999981,"BANDIT-03",6,1,None
11.01999999999981,"BANDIT-04",6,1,None
11.219999999999805,"VIPER-01",6,1,None
11.219999999999805,"VIPER-02",6,1,None
11.219999999999805,"VIPER-03",6,1,None
11.219999999999805,"BANDIT-01",6,1,None
11.219999999999805,"BANDIT-02",6,1,None
11.219999999999805,"BANDIT-03",6,1,None
11.219999999999805,"BANDIT-04",6,1,None
11.419999999999801,"VIPER-01",6,1,None
11.419999999999801,"VIPER-02",6,1,None
11.419999999999801,"VIPER-03",6,1,None
11.419999999999801,"BANDIT-01",6,1,None
11.419999999999801,"BANDIT-02",6,1,None
11.419999999999801,"BANDIT-03",6,1,None
11.419999999999801,"BANDIT-04",6,1,None
11.619999999999797,"VIPER-01",6,1,None
11.619999999999797,"VIPER-02",6,1,None
11.619999999999797,"VIPER-03",6,1,None
11.619999999999797,"BANDIT-01",6,1,None
11.619999999999797,"BANDIT-02",6,1,None
11.619999999999797,"BANDIT-03",6,1,None
11.619999999999797,"BANDIT-04",6,1,None
11.819999999999792,"VIPER-01",6,1,None
11.819999999999792,"VIPER-02",6,1,None
11.819999999999792,"VIPER-03",6,1,None
11.819999999999792,"BANDIT-01",6,1,None
11.819999999999792,"BANDIT-02",6,1,None
11.819999999999792,"BANDIT-03",6,1,None
11.819999999999792,"BANDIT-04",6,1,None
12.019999999999788,"VIPER-01",6,1,None
12.019999999999788,"VIPER-02",6,1,None
12.019999999999788,"VIPER-03",6,1,None
12.019999999999788,"BANDIT-01",6,1,None
12.019999999999788,"BANDIT-02",6,1,None
12.019999999999788,"BANDIT-03",6,1,None
12.019999999999788,"BANDIT-04",6,1,None
12.219999999999784,"VIPER-01",6,1,None
12.219999999999784,"VIPER-02",6,1,None
12.219999999999784,"VIPER-03",6,1,None
12.219999999999784,"BANDIT-01",6,1,None
12.219999999999784,"BANDIT-02",6,1,None
12.219999999999784,"BANDIT-03",6,1,None
12.219999999999784,"BANDIT-04",6,1,None
12.41999999999978,"VIPER-01",6,1,None
12.41999999999978,"VIPER-02",6,1,None
12.41999999999978,"VIPER-03",6,1,None
12.41999999999978,"BANDIT-01",6,1,None
12.41999999999978,"BANDIT-02",6,1,None
12.41999999999978,"BANDIT-03",6,1,None
12.41999999999978,"BANDIT-04",6,1,None
12.619999999999775,"VIPER-01",6,1,None
12.619999999999775,"VIPER-02",6,1,None
12.619999999999775,"VIPER-03",6,1,None
12.619999999999775,"BANDIT-01",6,1,None
12.619999999999775,"BANDIT-02",6,1,None
12.619999999999775,"BANDIT-03",6,1,None
12.619999999999775,"BANDIT-04",6,1,None
12.819999999999771,"VIPER-01",6,1,None
12.819999999999771,"VIPER-02",6,1,None
12.819999999999771,"VIPER-03",6,1,None
12.819999999999771,"BANDIT-01",6,1,None
12.819999999999771,"BANDIT-02",6,1,None
12.819999999999771,"BANDIT-03",6,1,None
12.819999999999771,"BANDIT-04",6,1,None
13.019999999999767,"VIPER-01",6,1,None
13.019999999999767,"VIPER-02",6,1,None
13.019999999999767,"VIPER-03",6,1,None
13.019999999999767,"BANDIT-01",6,1,None
13.019999999999767,"BANDIT-02",6,1,None
13.019999999999767,"BANDIT-03",6,1,None
13.019999999999767,"BANDIT-04",6,1,None
13.219999999999763,"VIPER-01",6,1,None
13.219999999999763,"VIPER-02",6,1,None
13.219999999999763,"VIPER-03",6,1,None
13.219999999999763,"BANDIT-01",6,1,None
13.219999999999763,"BANDIT-02",6,1,None
13.219999999999763,"BANDIT-03",6,1,None
13.219999999999763,"BANDIT-04",6,1,None
13.419999999999758,"VIPER-01",6,1,None
13.419999999999758,"VIPER-02",6,1,None
13.419999999999758,"VIPER-03",6,1,None
13.419999999999758,"BANDIT-01",6,1,None
13.419999999999758,"BANDIT-02",6,1,None
13.419999999999758,"BANDIT-03",6,1,None
13.419999999999758,"BANDIT-04",6,1,None
13.619999999999754,"VIPER-01",6,1,None
13.619999999999754,"VIPER-02",6,1,None
13.619999999999754,"VIPER-03",6,1,None
13.619999999999754,"BANDIT-01",6,1,None
13.619999999999754,"BANDIT-02",6,1,None
13.619999999999754,"BANDIT-03",6,1,None
13.619999999999754,"BANDIT-04",6,1,None
13.81999999999975,"VIPER-01",6,1,None
13.81999999999975,"VIPER-02",6,1,None
13.81999999999975,"VIPER-03",6,1,None
13.81999999999975,"BANDIT-01",6,1,None
13.81999999999975,"BANDIT-02",6,1,None
13.81999999999975,"BANDIT-03",6,1,None
13.81999999999975,"BANDIT-04",6,1,None
14.019999999999746,"VIPER-01",6,1,None
14.019999999999746,"VIPER-02",6,1,None
14.019999999999746,"VIPER-03",6,1,None
14.019999999999746,"BANDIT-01",6,1,None
14.019999999999746,"BANDIT-02",6,1,None
14.019999999999746,"BANDIT-03",6,1,None
14.019999999999746,"BANDIT-04",6,1,None
14.219999999999741,"VIPER-01",6,1,None
14.219999999999741,"VIPER-02",6,1,None
14.219999999999741,"VIPER-03",6,1,None
14.219999999999741,"BANDIT-01",6,1,None
14.219999999999741,"BANDIT-02",6,1,None
14.219999999999741,"BANDIT-03",6,1,None
14.219999999999741,"BANDIT-04",6,1,None
14.419999999999737,"VIPER-01",6,1,None
14.419999999999737,"VIPER-02",6,1,None
14.419999999999737,"VIPER-03",6,1,None
14.419999999999737,"BANDIT-01",6,1,None
14.419999999999737,"BANDIT-02",6,1,None
14.419999999999737,"BANDIT-03",6,1,None
14.419999999999737,"BANDIT-04",6,1,None
14.619999999999733,"VIPER-01",6,1,None
14.619999999999733,"VIPER-02",6,1,None
14.619999999999733,"VIPER-03",6,1,None
14.619999999999733,"BANDIT-01",6,1,None
14.619999999999733,"BANDIT-02",6,1,None
14.619999999999733,"BANDIT-03",6,1,None
14.619999999999733,"BANDIT-04",6,1,None
14.819999999999729,"VIPER-01",6,1,None
14.819999999999729,"VIPER-02",6,1,None
14.819999999999729,"VIPER-03",6,1,None
14.819999999999729,"BANDIT-01",6,1,None
14.819999999999729,"BANDIT-02",6,1,None
14.819999999999729,"BANDIT-03",6,1,None
14.819999999999729,"BANDIT-04",6,1,None
15.019999999999724,"VIPER-01",6,1,None
15.019999999999724,"VIPER-02",6,1,None
15.019999999999724,"VIPER-03",6,1,None
15.019999999999724,"BANDIT-01",6,1,None
15.019999999999724,"BANDIT-02",6,1,None
15.019999999999724,"BANDIT-03",6,1,None
15.019999999999724,"BANDIT-04",6,1,None
15.21999999999972,"VIPER-01",6,1,None
15.21999999999972,"VIPER-02",6,1,None
15.21999999999972,"VIPER-03",6,1,None
15.21999999999972,"BANDIT-01",6,1,None
15.21999999999972,"BANDIT-02",6,1,None
15.21999999999972,"BANDIT-03",6,1,None
15.21999999999972,"BANDIT-04",6,1,None
15.419999999999716,"VIPER-01",6,1,None
15.419999999999716,"VIPER-02",6,1,None
15.419999999999716,"VIPER-03",6,1,None
15.419999999999716,"BANDIT-01",6,1,None
15.419999999999716,"BANDIT-02",6,1,None
15.419999999999716,"BANDIT-03",6,1,None
15.419999999999716,"BANDIT-04",6,1,None
15.619999999999711,"VIPER-01",6,1,None
15.619999999999711,"VIPER-02",6,1,None
15.619999999999711,"VIPER-03",6,1,None
15.619999999999711,"BANDIT-01",6,1,None
15.619999999999711,"BANDIT-02",6,1,None
15.619999999999711,"BANDIT-03",6,1,None
15.619999999999711,"BANDIT-04",6,1,None
15.819999999999707,"VIPER-01",6,1,None
15.819999999999707,"VIPER-02",6,1,None
15.819999999999707,"VIPER-03",6,1,None
15.819999999999707,"BANDIT-01",6,1,None
15.819999999999707,"BANDIT-02",6,1,None
15.819999999999707,"BANDIT-03",6,1,None
15.819999999999707,"BANDIT-04",6,1,None
16.019999999999705,"VIPER-01",6,1,None
16.019999999999705,"VIPER-02",6,1,None
16.019999999999705,"VIPER-03",6,1,None
16.019999999999705,"BANDIT-01",6,1,None
16.019999999999705,"BANDIT-02",6,1,None
16.019999999999705,"BANDIT-03",6,1,None
16.019999999999705,"BANDIT-04",6,1,None
16.219999999999736,"VIPER-01",6,1,None
16.219999999999736,"VIPER-02",6,1,None
16.219999999999736,"VIPER-03",6,1,None
16.219999999999736,"BANDIT-01",6,1,None
16.219999999999736,"BANDIT-02",6,1,None
16.219999999999736,"BANDIT-03",6,1,None
16.219999999999736,"BANDIT-04",6,1,None
16.419999999999767,"VIPER-01",6,1,None
16.419999999999767,"VIPER-02",6,1,None
16.419999999999767,"VIPER-03",6,1,None
16.419999999999767,"BANDIT-01",6,1,None
16.419999999999767,"BANDIT-02",6,1,None
16.419999999999767,"BANDIT-03",6,1,None
16.419999999999767,"BANDIT-04",6,1,None
16.6199999999998,"VIPER-01",6,1,None
16.6199999999998,"VIPER-02",6,1,None
16.6199999999998,"VIPER-03",6,1,None
16.6199999999998,"BANDIT-01",6,1,None
16.6199999999998,"BANDIT-02",6,1,None
16.6199999999998,"BANDIT-03",6,1,None
16.6199999999998,"BANDIT-04",6,1,None
16.81999999999983,"VIPER-01",6,1,None
16.81999999999983,"VIPER-02",6,1,None
16.81999999999983,"VIPER-03",6,1,None
16.81999999999983,"BANDIT-01",6,1,None
16.81999999999983,"BANDIT-02",6,1,None
16.81999999999983,"BANDIT-03",6,1,None
16.81999999999983,"BANDIT-04",6,1,None
17.019999999999861,"VIPER-01",6,1,None
17.019999999999861,"VIPER-02",6,1,None
17.019999999999861,"VIPER-03",6,1,None
17.019999999999861,"BANDIT-01",6,1,None
17.019999999999861,"BANDIT-02",6,1,None
17.019999999999861,"BANDIT-03",6,1,None
17.019999999999861,"BANDIT-04",6,1,None
17.219999999999892,"VIPER-01",6,1,None
17.219999999999892,"VIPER-02",6,1,None
17.219999999999892,"VIPER-03",6,1,None
17.219999999999892,"BANDIT-01",6,1,None
17.219999999999892,"BANDIT-02",6,1,None
17.219999999999892,"BANDIT-03",6,1,None
17.219999999999892,"BANDIT-04",6,1,None
17.419999999999924,"VIPER-01",6,1,None
17.419999999999924,"VIPER-02",6,1,None
17.419999999999924,"VIPER-03",6,1,None
17.419999999999924,"BANDIT-01",6,1,None
17.419999999999924,"BANDIT-02",6,1,None
17.419999999999924,"BANDIT-03",6,1,None
17.419999999999924,"BANDIT-04",6,1,None
17.619999999999955,"VIPER-01",6,1,None
17.619999999999955,"VIPER-02",6,1,None
17.619999999999955,"VIPER-03",6,1,None
17.619999999999955,"BANDIT-01",6,1,None
17.619999999999955,"BANDIT-02",6,1,None
17.619999999999955,"BANDIT-03",6,1,None
17.619999999999955,"BANDIT-04",6,1,None
17.819999999999986,"VIPER-01",6,1,None
17.819999999999986,"VIPER-02",6,1,None
17.819999999999986,"VIPER-03",6,1,None
17.819999999999986,"BANDIT-01",6,1,None
17.819999999999986,"BANDIT-02",6,1,None
17.819999999999986,"BANDIT-03",6,1,None
17.819999999999986,"BANDIT-04",6,1,None
18.020000000000017,"VIPER-01",6,1,None
18.020000000000017,"VIPER-02",6,1,None
18.020000000000017,"VIPER-03",6,1,None
18.020000000000017,"BANDIT-01",6,1,None
18.020000000000017,"BANDIT-02",6,1,None
18.020000000000017,"BANDIT-03",6,1,None
18.020000000000017,"BANDIT-04",6,1,None
18.220000000000049,"VIPER-01",6,1,None
18.220000000000049,"VIPER-02",6,1,None
18.220000000000049,"VIPER-03",6,1,None
18.220000000000049,"BANDIT-01",6,1,None
18.220000000000049,"BANDIT-02",6,1,None
18.220000000000049,"BANDIT-03",6,1,None
18.220000000000049,"BANDIT-04",6,1,None
18.42000000000008,"VIPER-01",6,1,None
18.42000000000008,"VIPER-02",6,1,None
18.42000000000008,"VIPER-03",6,1,None
18.42000000000008,"BANDIT-01",6,1,None
18.42000000000008,"BANDIT-02",6,1,None
18.42000000000008,"BANDIT-03",6,1,None
18.42000000000008,"BANDIT-04",6,1,None
18.620000000000111,"VIPER-01",6,1,None
18.620000000000111,"VIPER-02",6,1,None
18.620000000000111,"VIPER-03",6,1,None
18.620000000000111,"BANDIT-01",6,1,None
18.620000000000111,"BANDIT-02",6,1,None
18.620000000000111,"BANDIT-03",6,1,None
18.620000000000111,"BANDIT-04",6,1,None
18.820000000000142,"VIPER-01",6,1,None
18.820000000000142,"VIPER-02",6,1,None
18.820000000000142,"VIPER-03",6,1,None
18.820000000000142,"BANDIT-01",6,1,None
18.820000000000142,"BANDIT-02",6,1,None
18.820000000000142,"BANDIT-03",6,1,None
18.820000000000142,"BANDIT-04",6,1,None
19.020000000000174,"VIPER-01",6,1,None
19.020000000000174,"VIPER-02",6,1,None
19.020000000000174,"VIPER-03",6,1,None
19.020000000000174,"BANDIT-01",6,1,None
19.020000000000174,"BANDIT-02",6,1,None
19.020000000000174,"BANDIT-03",6,1,None
19.020000000000174,"BANDIT-04",6,1,None
19.220000000000205,"VIPER-01",6,1,None
19.220000000000205,"VIPER-02",6,1,None
19.220000000000205,"VIPER-03",6,1,None
19.220000000000205,"BANDIT-01",6,1,None
19.220000000000205,"BANDIT-02",6,1,None
19.220000000000205,"BANDIT-03",6,1,None
19.220000000000205,"BANDIT-04",6,1,None
19.420000000000236,"VIPER-01",6,1,None
19.420000000000236,"VIPER-02",6,1,None
19.420000000000236,"VIPER-03",6,1,None
19.420000000000236,"BANDIT-01",6,1,None
19.420000000000236,"BANDIT-02",6,1,None
19.420000000000236,"BANDIT-03",6,1,None
19.420000000000236,"BANDIT-04",6,1,None
19.620000000000267,"VIPER-01",6,1,None
19.620000000000267,"VIPER-02",6,1,None
19.620000000000267,"VIPER-03",6,1,None
19.620000000000267,"BANDIT-01",6,1,None
19.620000000000267,"BANDIT-02",6,1,None
19.620000000000267,"BANDIT-03",6,1,None
19.620000000000267,"BANDIT-04",6,1,None
19.8200000000003,"VIPER-01",6,1,None
19.8200000000003,"VIPER-02",6,1,None
19.8200000000003,"VIPER-03",6,1,None
19.8200000000003,"BANDIT-01",6,1,None
19.8200000000003,"BANDIT-02",6,1,None
19.8200000000003,"BANDIT-03",6,1,None
19.8200000000003,"BANDIT-04",6,1,None
20.02000000000033,"VIPER-01",6,1,None
20.02000000000033,"VIPER-02",6,1,None
20.02000000000033,"VIPER-03",6,1,None
20.02000000000033,"BANDIT-01",6,1,None
20.02000000000033,"BANDIT-02",6,1,None
20.02000000000033,"BANDIT-03",6,1,None
20.02000000000033,"BANDIT-04",6,1,None
20.220000000000361,"VIPER-01",6,1,None
20.220000000000361,"VIPER-02",6,1,None
20.220000000000361,"VIPER-03",6,1,None
20.220000000000361,"BANDIT-01",6,1,None
20.220000000000361,"BANDIT-02",6,1,None
20.220000000000361,"BANDIT-03",6,1,None
20.220000000000361,"BANDIT-04",6,1,None
20.420000000000393,"VIPER-01",6,1,None
20.420000000000393,"VIPER-02",6,1,None
20.420000000000393,"VIPER-03",6,1,None
20.420000000000393,"BANDIT-01",6,1,None
20.420000000000393,"BANDIT-02",6,1,None
20.420000000000393,"BANDIT-03",6,1,None
20.420000000000393,"BANDIT-04",6,1,None
20.620000000000424,"VIPER-01",6,1,None
20.620000000000424,"VIPER-02",6,1,None
20.620000000000424,"VIPER-03",6,1,None
20.620000000000424,"BANDIT-01",6,1,None
20.620000000000424,"BANDIT-02",6,1,None
20.620000000000424,"BANDIT-03",6,1,None
20.620000000000424,"BANDIT-04",6,1,None
20.820000000000455,"VIPER-01",6,1,None
20.820000000000455,"VIPER-02",6,1,None
20.820000000000455,"VIPER-03",6,1,None
20.820000000000455,"BANDIT-01",6,1,None
20.820000000000455,"BANDIT-02",6,1,None
20.820000000000455,"BANDIT-03",6,1,None
20.820000000000455,"BANDIT-04",6,1,None
21.020000000000486,"VIPER-01",6,1,None
21.020000000000486,"VIPER-02",6,1,None
21.020000000000486,"VIPER-03",6,1,None
21.020000000000486,"BANDIT-01",6,1,None
21.020000000000486,"BANDIT-02",6,1,None
21.020000000000486,"BANDIT-03",6,1,None
21.020000000000486,"BANDIT-04",6,1,None
21.220000000000518,"VIPER-01",6,1,None
21.220000000000518,"VIPER-02",6,1,None
21.220000000000518,"VIPER-03",6,1,None
21.220000000000518,"BANDIT-01",6,1,None
21.220000000000518,"BANDIT-02",6,1,None
21.220000000000518,"BANDIT-03",6,1,None
21.220000000000518,"BANDIT-04",6,1,None
21.420000000000549,"VIPER-01",6,1,None
21.420000000000549,"VIPER-02",6,1,None
21.420000000000549,"VIPER-03",6,1,None
21.420000000000549,"BANDIT-01",6,1,None
21.420000000000549,"BANDIT-02",6,1,None
21.420000000000549,"BANDIT-03",6,1,None
21.420000000000549,"BANDIT-04",6,1,None
21.62000000000058,"VIPER-01",6,1,None
21.62000000000058,"VIPER-02",6,1,None
21.62000000000058,"VIPER-03",6,1,None
21.62000000000058,"BANDIT-01",6,1,None
21.62000000000058,"BANDIT-02",6,1,None
21.62000000000058,"BANDIT-03",6,1,None
21.62000000000058,"BANDIT-04",6,1,None
21.820000000000611,"VIPER-01",6,1,None
21.820000000000611,"VIPER-02",6,1,None
21.820000000000611,"VIPER-03",6,1,None
21.820000000000611,"BANDIT-01",6,1,None
21.820000000000611,"BANDIT-02",6,1,None
21.820000000000611,"BANDIT-03",6,1,None
21.820000000000611,"BANDIT-04",6,1,None
22.020000000000643,"VIPER-01",6,1,None
22.020000000000643,"VIPER-02",6,1,None
22.020000000000643,"VIPER-03",6,1,None
22.020000000000643,"BANDIT-01",6,1,None
22.020000000000643,"BANDIT-02",6,1,None
22.020000000000643,"BANDIT-03",6,1,None
22.020000000000643,"BANDIT-04",6,1,None
22.220000000000674,"VIPER-01",6,1,None
22.220000000000674,"VIPER-02",6,1,None
22.220000000000674,"VIPER-03",6,1,None
22.220000000000674,"BANDIT-01",6,1,None
22.220000000000674,"BANDIT-02",6,1,None
22.220000000000674,"BANDIT-03",6,1,None
22.220000000000674,"BANDIT-04",6,1,None
22.420000000000705,"VIPER-01",6,1,None
22.420000000000705,"VIPER-02",6,1,None
22.420000000000705,"VIPER-03",6,1,None
22.420000000000705,"BANDIT-01",6,1,None
22.420000000000705,"BANDIT-02",6,1,None
22.420000000000705,"BANDIT-03",6,1,None
22.420000000000705,"BANDIT-04",6,1,None
22.620000000000736,"VIPER-01",6,1,None
22.620000000000736,"VIPER-02",6,1,None
22.620000000000736,"VIPER-03",6,1,None
22.620000000000736,"BANDIT-01",6,1,None
22.620000000000736,"BANDIT-02",6,1,None
22.620000000000736,"BANDIT-03",6,1,None
22.620000000000736,"BANDIT-04",6,1,None
22.820000000000768,"VIPER-01",6,1,None
22.820000000000768,"VIPER-02",6,1,None
22.820000000000768,"VIPER-03",6,1,None
22.820000000000768,"BANDIT-01",6,1,None
22.820000000000768,"BANDIT-02",6,1,None
22.820000000000768,"BANDIT-03",6,1,None
22.820000000000768,"BANDIT-04",6,1,None
23.0200000000008,"VIPER-01",6,1,None
23.0200000000008,"VIPER-02",6,1,None
23.0200000000008,"VIPER-03",6,1,None
23.0200000000008,"BANDIT-01",6,1,None
23.0200000000008,"BANDIT-02",6,1,None
23.0200000000008,"BANDIT-03",6,1,None
23.0200000000008,"BANDIT-04",6,1,None
23.22000000000083,"VIPER-01",6,1,None
23.22000000000083,"VIPER-02",6,1,None
23.22000000000083,"VIPER-03",6,1,None
23.22000000000083,"BANDIT-01",6,1,None
23.22000000000083,"BANDIT-02",6,1,None
23.22000000000083,"BANDIT-03",6,1,None
23.22000000000083,"BANDIT-04",6,1,None
23.420000000000861,"VIPER-01",6,1,None
23.420000000000861,"VIPER-02",6,1,None
23.420000000000861,"VIPER-03",6,1,None
23.420000000000861,"BANDIT-01",6,1,None
23.420000000000861,"BANDIT-02",6,1,None
23.420000000000861,"BANDIT-03",6,1,None
23.420000000000861,"BANDIT-04",6,1,None
23.620000000000893,"VIPER-01",6,1,None
23.620000000000893,"VIPER-02",6,1,None
23.620000000000893,"VIPER-03",6,1,None
23.620000000000893,"BANDIT-01",6,1,None
23.620000000000893,"BANDIT-02",6,1,None
23.620000000000893,"BANDIT-03",6,1,None
23.620000000000893,"BANDIT-04",6,1,None
23.820000000000924,"VIPER-01",6,1,None
23.820000000000924,"VIPER-02",6,1,None
23.820000000000924,"VIPER-03",6,1,None
23.820000000000924,"BANDIT-01",6,1,None
23.820000000000924,"BANDIT-02",6,1,None
23.820000000000924,"BANDIT-03",6,1,None
23.820000000000924,"BANDIT-04",6,1,None
24.020000000000955,"VIPER-01",6,1,None
24.020000000000955,"VIPER-02",6,1,None
24.020000000000955,"VIPER-03",6,1,None
24.020000000000955,"BANDIT-01",6,1,None
24.020000000000955,"BANDIT-02",6,1,None
24.020000000000955,"BANDIT-03",6,1,None
24.020000000000955,"BANDIT-04",6,1,None
24.220000000000987,"VIPER-01",6,1,None
24.220000000000987,"VIPER-02",6,1,None
24.220000000000987,"VIPER-03",6,1,None
24.220000000000987,"BANDIT-01",6,1,None
24.220000000000987,"BANDIT-02",6,1,None
24.220000000000987,"BANDIT-03",6,1,None
24.220000000000987,"BANDIT-04",6,1,None
24.420000000001018,"VIPER-01",6,1,None
24.420000000001018,"VIPER-02",6,1,None
24.420000000001018,"VIPER-03",6,1,None
24.420000000001018,"BANDIT-01",6,1,None
24.420000000001018,"BANDIT-02",6,1,None
24.420000000001018,"BANDIT-03",6,1,None
24.420000000001018,"BANDIT-04",6,1,None
24.620000000001049,"VIPER-01",6,1,None
24.620000000001049,"VIPER-02",6,1,None
24.620000000001049,"VIPER-03",6,1,None
24.620000000001049,"BANDIT-01",6,1,None
24.620000000001049,"BANDIT-02",6,1,None
24.620000000001049,"BANDIT-03",6,1,None
24.620000000001049,"BANDIT-04",6,1,None
24.82000000000108,"VIPER-01",6,1,None
24.82000000000108,"VIPER-02",6,1,None
24.82000000000108,"VIPER-03",6,1,None
24.82000000000108,"BANDIT-01",6,1,None
24.82000000000108,"BANDIT-02",6,1,None
24.82000000000108,"BANDIT-03",6,1,None
24.82000000000108,"BANDIT-04",6,1,None
25.020000000001112,"VIPER-01",6,1,None
25.020000000001112,"VIPER-02",6,1,None
25.020000000001112,"VIPER-03",6,1,None
25.020000000001112,"BANDIT-01",6,1,None
25.020000000001112,"BANDIT-02",6,1,None
25.020000000001112,"BANDIT-03",6,1,None
25.020000000001112,"BANDIT-04",6,1,None
25.220000000001143,"VIPER-01",6,1,None
25.220000000001143,"VIPER-02",6,1,None
25.220000000001143,"VIPER-03",6,1,None
25.220000000001143,"BANDIT-01",6,1,None
25.220000000001143,"BANDIT-02",6,1,None
25.220000000001143,"BANDIT-03",6,1,None
25.220000000001143,"BANDIT-04",6,1,None
25.420000000001174,"VIPER-01",6,1,None
25.420000000001174,"VIPER-02",6,1,None
25.420000000001174,"VIPER-03",6,1,None
25.420000000001174,"BANDIT-01",6,1,None
25.420000000001174,"BANDIT-02",6,1,None
25.420000000001174,"BANDIT-03",6,1,None
25.420000000001174,"BANDIT-04",6,1,None
25.620000000001205,"VIPER-01",6,1,None
25.620000000001205,"VIPER-02",6,1,None
25.620000000001205,"VIPER-03",6,1,None
25.620000000001205,"BANDIT-01",6,1,None
25.620000000001205,"BANDIT-02",6,1,None
25.620000000001205,"BANDIT-03",6,1,None
25.620000000001205,"BANDIT-04",6,1,None
25.820000000001237,"VIPER-01",6,1,None
25.820000000001237,"VIPER-02",6,1,None
25.820000000001237,"VIPER-03",6,1,None
25.820000000001237,"BANDIT-01",6,1,None
25.820000000001237,"BANDIT-02",6,1,None
25.820000000001237,"BANDIT-03",6,1,None
25.820000000001237,"BANDIT-04",6,1,None
26.020000000001268,"VIPER-01",6,1,None
26.020000000001268,"VIPER-02",6,1,None
26.020000000001268,"VIPER-03",6,1,None
26.020000000001268,"BANDIT-01",6,1,None
26.020000000001268,"BANDIT-02",6,1,None
26.020000000001268,"BANDIT-03",6,1,None
26.020000000001268,"BANDIT-04",6,1,None
26.2200000000013,"VIPER-01",6,1,None
26.2200000000013,"VIPER-02",6,1,None
26.2200000000013,"VIPER-03",6,1,None
26.2200000000013,"BANDIT-01",6,1,None
26.2200000000013,"BANDIT-02",6,1,None
26.2200000000013,"BANDIT-03",6,1,None
26.2200000000013,"BANDIT-04",6,1,None
26.42000000000133,"VIPER-01",6,1,None
26.42000000000133,"VIPER-02",6,1,None
26.42000000000133,"VIPER-03",6,1,None
26.42000000000133,"BANDIT-01",6,1,None
26.42000000000133,"BANDIT-02",6,1,None
26.42000000000133,"BANDIT-03",6,1,None
26.42000000000133,"BANDIT-04",6,1,None
26.620000000001362,"VIPER-01",6,1,None
26.620000000001362,"VIPER-02",6,1,None
26.620000000001362,"VIPER-03",6,1,None
26.620000000001362,"BANDIT-01",6,1,None
26.620000000001362,"BANDIT-02",6,1,None
26.620000000001362,"BANDIT-03",6,1,None
26.620000000001362,"BANDIT-04",6,1,None
26.820000000001393,"VIPER-01",6,1,None
26.820000000001393,"VIPER-02",6,1,None
26.820000000001393,"VIPER-03",6,1,None
26.820000000001393,"BANDIT-01",6,1,None
26.820000000001393,"BANDIT-02",6,1,None
26.820000000001393,"BANDIT-03",6,1,None
26.820000000001393,"BANDIT-04",6,1,None
27.020000000001424,"VIPER-01",6,1,None
27.020000000001424,"VIPER-02",6,1,None
27.020000000001424,"VIPER-03",6,1,None
27.020000000001424,"BANDIT-01",6,1,None
27.020000000001424,"BANDIT-02",6,1,None
27.020000000001424,"BANDIT-03",6,1,None
27.020000000001424,"BANDIT-04",6,1,None
27.220000000001455,"VIPER-01",6,1,None
27.220000000001455,"VIPER-02",6,1,None
27.220000000001455,"VIPER-03",6,1,None
27.220000000001455,"BANDIT-01",6,1,None
27.220000000001455,"BANDIT-02",6,1,None
27.220000000001455,"BANDIT-03",6,1,None
27.220000000001455,"BANDIT-04",6,1,None
27.420000000001487,"VIPER-01",6,1,None
27.420000000001487,"VIPER-02",6,1,None
27.420000000001487,"VIPER-03",6,1,None
27.420000000001487,"BANDIT-01",6,1,None
27.420000000001487,"BANDIT-02",6,1,None
27.420000000001487,"BANDIT-03",6,1,None
27.420000000001487,"BANDIT-04",6,1,None
27.620000000001518,"VIPER-01",6,1,None
27.620000000001518,"VIPER-02",6,1,None
27.620000000001518,"VIPER-03",6,1,None
27.620000000001518,"BANDIT-01",6,1,None
27.620000000001518,"BANDIT-02",6,1,None
27.620000000001518,"BANDIT-03",6,1,None
27.620000000001518,"BANDIT-04",6,1,None
27.820000000001549,"VIPER-01",6,1,None
27.820000000001549,"VIPER-02",6,1,None
27.820000000001549,"VIPER-03",6,1,None
27.820000000001549,"BANDIT-01",6,1,None
27.820000000001549,"BANDIT-02",6,1,None
27.820000000001549,"BANDIT-03",6,1,None
27.820000000001549,"BANDIT-04",6,1,None
28.020000000001581,"VIPER-01",6,1,None
28.020000000001581,"VIPER-02",6,1,None
28.020000000001581,"VIPER-03",6,1,None
28.020000000001581,"BANDIT-01",6,1,None
28.020000000001581,"BANDIT-02",6,1,None
28.020000000001581,"BANDIT-03",6,1,None
28.020000000001581,"BANDIT-04",6,1,None
28.220000000001612,"VIPER-01",6,1,None
28.220000000001612,"VIPER-02",6,1,None
28.220000000001612,"VIPER-03",6,1,None
28.220000000001612,"BANDIT-01",6,1,None
28.220000000001612,"BANDIT-02",6,1,None
28.220000000001612,"BANDIT-03",6,1,None
28.220000000001612,"BANDIT-04",6,1,None
28.420000000001643,"VIPER-01",6,1,None
28.420000000001643,"VIPER-02",6,1,None
28.420000000001643,"VIPER-03",6,1,None
28.420000000001643,"BANDIT-01",6,1,None
28.420000000001643,"BANDIT-02",6,1,None
28.420000000001643,"BANDIT-03",6,1,None
28.420000000001643,"BANDIT-04",6,1,None
28.620000000001674,"VIPER-01",6,1,None
28.620000000001674,"VIPER-02",6,1,None
28.620000000001674,"VIPER-03",6,1,None
28.620000000001674,"BANDIT-01",6,1,None
28.620000000001674,"BANDIT-02",6,1,None
28.620000000001674,"BANDIT-03",6,1,None
28.620000000001674,"BANDIT-04",6,1,None
28.820000000001706,"VIPER-01",6,1,None
28.820000000001706,"VIPER-02",6,1,None
28.820000000001706,"VIPER-03",6,1,None
28.820000000001706,"BANDIT-01",6,1,None
28.820000000001706,"BANDIT-02",6,1,None
28.820000000001706,"BANDIT-03",6,1,None
28.820000000001706,"BANDIT-04",6,1,None
29.020000000001737,"VIPER-01",6,1,None
29.020000000001737,"VIPER-02",6,1,None
29.020000000001737,"VIPER-03",6,1,None
29.020000000001737,"BANDIT-01",6,1,None
29.020000000001737,"BANDIT-02",6,1,None
29.020000000001737,"BANDIT-03",6,1,None
29.020000000001737,"BANDIT-04",6,1,None
29.220000000001768,"VIPER-01",6,1,None
29.220000000001768,"VIPER-02",6,1,None
29.220000000001768,"VIPER-03",6,1,None
29.220000000001768,"BANDIT-01",6,1,None
29.220000000001768,"BANDIT-02",6,1,None
29.220000000001768,"BANDIT-03",6,1,None
29.220000000001768,"BANDIT-04",6,1,None
29.4200000000018,"VIPER-01",6,1,None
29.4200000000018,"VIPER-02",6,1,None
29.4200000000018,"VIPER-03",6,1,None
29.4200000000018,"BANDIT-01",6,1,None
29.4200000000018,"BANDIT-02",6,1,None
29.4200000000018,"BANDIT-03",6,1,None
29.4200000000018,"BANDIT-04",6,1,None
29.620000000001831,"VIPER-01",6,1,None
29.620000000001831,"VIPER-02",6,1,None
29.620000000001831,"VIPER-03",6,1,None
29.620000000001831,"BANDIT-01",6,1,None
29.620000000001831,"BANDIT-02",6,1,None
29.620000000001831,"BANDIT-03",6,1,None
29.620000000001831,"BANDIT-04",6,1,None
29.820000000001862,"VIPER-01",6,1,None
29.820000000001862,"VIPER-02",6,1,None
29.820000000001862,"VIPER-03",6,1,None
29.820000000001862,"BANDIT-01",6,1,None
29.820000000001862,"BANDIT-02",6,1,None
29.820000000001862,"BANDIT-03",6,1,None
29.820000000001862,"BANDIT-04",6,1,None
30.020000000001893,"VIPER-01",6,1,None
30.020000000001893,"VIPER-02",6,1,None
30.020000000001893,"VIPER-03",6,1,None
30.020000000001893,"BANDIT-01",6,1,None
30.020000000001893,"BANDIT-02",6,1,None
30.020000000001893,"BANDIT-03",6,1,None
30.020000000001893,"BANDIT-04",6,1,None
30.220000000001924,"VIPER-01",6,1,None
30.220000000001924,"VIPER-02",6,1,None
30.220000000001924,"VIPER-03",6,1,None
30.220000000001924,"BANDIT-01",6,1,None
30.220000000001924,"BANDIT-02",6,1,None
30.220000000001924,"BANDIT-03",6,1,None
30.220000000001924,"BANDIT-04",6,1,None
30.420000000001956,"VIPER-01",6,1,None
30.420000000001956,"VIPER-02",6,1,None
30.420000000001956,"VIPER-03",6,1,None
30.420000000001956,"BANDIT-01",6,1,None
30.420000000001956,"BANDIT-02",6,1,None
30.420000000001956,"BANDIT-03",6,1,None
30.420000000001956,"BANDIT-04",6,1,None
30.620000000001987,"VIPER-01",6,1,None
30.620000000001987,"VIPER-02",6,1,None
30.620000000001987,"VIPER-03",6,1,None
30.620000000001987,"BANDIT-01",6,1,None
30.620000000001987,"BANDIT-02",6,1,None
30.620000000001987,"BANDIT-03",6,1,None
30.620000000001987,"BANDIT-04",6,1,None
30.820000000002018,"VIPER-01",6,1,None
30.820000000002018,"VIPER-02",6,1,None
30.820000000002018,"VIPER-03",6,1,None
30.820000000002018,"BANDIT-01",6,1,None
30.820000000002018,"BANDIT-02",6,1,None
30.820000000002018,"BANDIT-03",6,1,None
30.820000000002018,"BANDIT-04",6,1,None
31.020000000002049,"VIPER-01",6,1,None
31.020000000002049,"VIPER-02",6,1,None
31.020000000002049,"VIPER-03",6,1,None
31.020000000002049,"BANDIT-01",6,1,None
31.020000000002049,"BANDIT-02",6,1,None
31.020000000002049,"BANDIT-03",6,1,None
31.020000000002049,"BANDIT-04",6,1,None
31.220000000002081,"VIPER-01",6,1,None
31.220000000002081,"VIPER-02",6,1,None
31.220000000002081,"VIPER-03",6,1,None
31.220000000002081,"BANDIT-01",6,1,None
31.220000000002081,"BANDIT-02",6,1,None
31.220000000002081,"BANDIT-03",6,1,None
31.220000000002081,"BANDIT-04",6,1,None
31.420000000002112,"VIPER-01",6,1,None
31.420000000002112,"VIPER-02",6,1,None
31.420000000002112,"VIPER-03",6,1,None
31.420000000002112,"BANDIT-01",6,1,None
31.420000000002112,"BANDIT-02",6,1,None
31.420000000002112,"BANDIT-03",6,1,None
31.420000000002112,"BANDIT-04",6,1,None
31.620000000002143,"VIPER-01",6,1,None
31.620000000002143,"VIPER-02",6,1,None
31.620000000002143,"VIPER-03",6,1,None
31.620000000002143,"BANDIT-01",6,1,None
31.620000000002143,"BANDIT-02",6,1,None
31.620000000002143,"BANDIT-03",6,1,None
31.620000000002143,"BANDIT-04",6,1,None
31.820000000002175,"VIPER-01",6,1,None
31.820000000002175,"VIPER-02",6,1,None
31.820000000002175,"VIPER-03",6,1,None
31.820000000002175,"BANDIT-01",6,1,None
31.820000000002175,"BANDIT-02",6,1,None
31.820000000002175,"BANDIT-03",6,1,None
31.820000000002175,"BANDIT-04",6,1,None
32.0200000000022,"VIPER-01",6,1,None
32.0200000000022,"VIPER-02",6,1,None
32.0200000000022,"VIPER-03",6,1,None
32.0200000000022,"BANDIT-01",6,1,None
32.0200000000022,"BANDIT-02",6,1,None
32.0200000000022,"BANDIT-03",6,1,None
32.0200000000022,"BANDIT-04",6,1,None
32.220000000002159,"VIPER-01",6,1,None
32.220000000002159,"VIPER-02",6,1,None
32.220000000002159,"VIPER-03",6,1,None
32.220000000002159,"BANDIT-01",6,1,None
32.220000000002159,"BANDIT-02",6,1,None
32.220000000002159,"BANDIT-03",6,1,None
32.220000000002159,"BANDIT-04",6,1,None
32.420000000002119,"VIPER-01",6,1,None
32.420000000002119,"VIPER-02",6,1,None
32.420000000002119,"VIPER-03",6,1,None
32.420000000002119,"BANDIT-01",6,1,None
32.420000000002119,"BANDIT-02",6,1,None
32.420000000002119,"BANDIT-03",6,1,None
32.420000000002119,"BANDIT-04",6,1,None
32.620000000002079,"VIPER-01",6,1,None
32.620000000002079,"VIPER-02",6,1,None
32.620000000002079,"VIPER-03",6,1,None
32.620000000002079,"BANDIT-01",6,1,None
32.620000000002079,"BANDIT-02",6,1,None
32.620000000002079,"BANDIT-03",6,1,None
32.620000000002079,"BANDIT-04",6,1,None
32.82000000000204,"VIPER-01",6,1,None
32.82000000000204,"VIPER-02",6,1,None
32.82000000000204,"VIPER-03",6,1,None
32.82000000000204,"BANDIT-01",6,1,None
32.82000000000204,"BANDIT-02",6,1,None
32.82000000000204,"BANDIT-03",6,1,None
32.82000000000204,"BANDIT-04",6,1,None
33.020000000002,"VIPER-01",6,1,None
33.020000000002,"VIPER-02",6,1,None
33.020000000002,"VIPER-03",6,1,None
33.020000000002,"BANDIT-01",6,1,None
33.020000000002,"BANDIT-02",6,1,None
33.020000000002,"BANDIT-03",6,1,None
33.020000000002,"BANDIT-04",6,1,None
33.22000000000196,"VIPER-01",6,1,None
33.22000000000196,"VIPER-02",6,1,None
33.22000000000196,"VIPER-03",6,1,None
33.22000000000196,"BANDIT-01",6,1,None
33.22000000000196,"BANDIT-02",6,1,None
33.22000000000196,"BANDIT-03",6,1,None
33.22000000000196,"BANDIT-04",6,1,None
33.42000000000192,"VIPER-01",6,1,None
33.42000000000192,"VIPER-02",6,1,None
33.42000000000192,"VIPER-03",6,1,None
33.42000000000192,"BANDIT-01",6,1,None
33.42000000000192,"BANDIT-02",6,1,None
33.42000000000192,"BANDIT-03",6,1,None
33.42000000000192,"BANDIT-04",6,1,None
33.62000000000188,"VIPER-01",6,1,None
33.62000000000188,"VIPER-02",6,1,None
33.62000000000188,"VIPER-03",6,1,None
33.62000000000188,"BANDIT-01",6,1,None
33.62000000000188,"BANDIT-02",6,1,None
33.62000000000188,"BANDIT-03",6,1,None
33.62000000000188,"BANDIT-04",6,1,None
33.820000000001841,"VIPER-01",6,1,None
33.820000000001841,"VIPER-02",6,1,None
33.820000000001841,"VIPER-03",6,1,None
33.820000000001841,"BANDIT-01",6,1,None
33.820000000001841,"BANDIT-02",6,1,None
33.820000000001841,"BANDIT-03",6,1,None
33.820000000001841,"BANDIT-04",6,1,None
34.0200000000018,"VIPER-01",6,1,None
34.0200000000018,"VIPER-02",6,1,None
34.0200000000018,"VIPER-03",6,1,None
34.0200000000018,"BANDIT-01",6,1,None
34.0200000000018,"BANDIT-02",6,1,None
34.0200000000018,"BANDIT-03",6,1,None
34.0200000000018,"BANDIT-04",6,1,None
34.220000000001761,"VIPER-01",6,1,None
34.220000000001761,"VIPER-02",6,1,None
34.220000000001761,"VIPER-03",6,1,None
34.220000000001761,"BANDIT-01",6,1,None
34.220000000001761,"BANDIT-02",6,1,None
34.220000000001761,"BANDIT-03",6,1,None
34.220000000001761,"BANDIT-04",6,1,None
34.420000000001721,"VIPER-01",6,1,None
34.420000000001721,"VIPER-02",6,1,None
34.420000000001721,"VIPER-03",6,1,None
34.420000000001721,"BANDIT-01",6,1,None
34.420000000001721,"BANDIT-02",6,1,None
34.420000000001721,"BANDIT-03",6,1,None
34.420000000001721,"BANDIT-04",6,1,None
34.620000000001681,"VIPER-01",6,1,None
34.620000000001681,"VIPER-02",6,1,None
34.620000000001681,"VIPER-03",6,1,None
34.620000000001681,"BANDIT-01",6,1,None
34.620000000001681,"BANDIT-02",6,1,None
34.620000000001681,"BANDIT-03",6,1,None
34.620000000001681,"BANDIT-04",6,1,None
34.820000000001642,"VIPER-01",6,1,None
34.820000000001642,"VIPER-02",6,1,None
34.820000000001642,"VIPER-03",6,1,None
34.820000000001642,"BANDIT-01",6,1,None
34.820000000001642,"BANDIT-02",6,1,None
34.820000000001642,"BANDIT-03",6,1,None
34.820000000001642,"BANDIT-04",6,1,None
35.0200000000016,"VIPER-01",6,1,None
35.0200000000016,"VIPER-02",6,1,None
35.0200000000016,"VIPER-03",6,1,None
35.0200000000016,"BANDIT-01",6,1,None
35.0200000000016,"BANDIT-02",6,1,None
35.0200000000016,"BANDIT-03",6,1,None
35.0200000000016,"BANDIT-04",6,1,None
35.220000000001562,"VIPER-01",6,1,None
35.220000000001562,"VIPER-02",6,1,None
35.220000000001562,"VIPER-03",6,1,None
35.220000000001562,"BANDIT-01",6,1,None
35.220000000001562,"BANDIT-02",6,1,None
35.220000000001562,"BANDIT-03",6,1,None
35.220000000001562,"BANDIT-04",6,1,None
35.420000000001522,"VIPER-01",6,1,None
35.420000000001522,"VIPER-02",6,1,None
35.420000000001522,"VIPER-03",6,1,None
35.420000000001522,"BANDIT-01",6,1,None
35.420000000001522,"BANDIT-02",6,1,None
35.420000000001522,"BANDIT-03",6,1,None
35.420000000001522,"BANDIT-04",6,1,None
35.620000000001482,"VIPER-01",6,1,None
35.620000000001482,"VIPER-02",6,1,None
35.620000000001482,"VIPER-03",6,1,None
35.620000000001482,"BANDIT-01",6,1,None
35.620000000001482,"BANDIT-02",6,1,None
35.620000000001482,"BANDIT-03",6,1,None
35.620000000001482,"BANDIT-04",6,1,None
35.820000000001443,"VIPER-01",6,1,None
35.820000000001443,"VIPER-02",6,1,None
35.820000000001443,"VIPER-03",6,1,None
35.820000000001443,"BANDIT-01",6,1,None
35.820000000001443,"BANDIT-02",6,1,None
35.820000000001443,"BANDIT-03",6,1,None
35.820000000001443,"BANDIT-04",6,1,None
36.0200000000014,"VIPER-01",6,1,None
36.0200000000014,"VIPER-02",6,1,None
36.0200000000014,"VIPER-03",6,1,None
36.0200000000014,"BANDIT-01",6,1,None
36.0200000000014,"BANDIT-02",6,1,None
36.0200000000014,"BANDIT-03",6,1,None
36.0200000000014,"BANDIT-04",6,1,None
36.220000000001363,"VIPER-01",6,1,None
36.220000000001363,"VIPER-02",6,1,None
36.220000000001363,"VIPER-03",6,1,None
36.220000000001363,"BANDIT-01",6,1,None
36.220000000001363,"BANDIT-02",6,1,None
36.220000000001363,"BANDIT-03",6,1,None
36.220000000001363,"BANDIT-04",6,1,None
36.420000000001323,"VIPER-01",6,1,None
36.420000000001323,"VIPER-02",6,1,None
36.420000000001323,"VIPER-03",6,1,None
36.420000000001323,"BANDIT-01",6,1,None
36.420000000001323,"BANDIT-02",6,1,None
36.420000000001323,"BANDIT-03",6,1,None
36.420000000001323,"BANDIT-04",6,1,None
36.620000000001284,"VIPER-01",6,1,None
36.620000000001284,"VIPER-02",6,1,None
36.620000000001284,"VIPER-03",6,1,None
36.620000000001284,"BANDIT-01",6,1,None
36.620000000001284,"BANDIT-02",6,1,None
36.620000000001284,"BANDIT-03",6,1,None
36.620000000001284,"BANDIT-04",6,1,None
36.820000000001244,"VIPER-01",6,1,None
36.820000000001244,"VIPER-02",6,1,None
36.820000000001244,"VIPER-03",6,1,None
36.820000000001244,"BANDIT-01",6,1,None
36.820000000001244,"BANDIT-02",6,1,None
36.820000000001244,"BANDIT-03",6,1,None
36.820000000001244,"BANDIT-04",6,1,None
37.020000000001204,"VIPER-01",6,1,None
37.020000000001204,"VIPER-02",6,1,None
37.020000000001204,"VIPER-03",6,1,None
37.020000000001204,"BANDIT-01",6,1,None
37.020000000001204,"BANDIT-02",6,1,None
37.020000000001204,"BANDIT-03",6,1,None
37.020000000001204,"BANDIT-04",6,1,None
37.220000000001164,"VIPER-01",6,1,None
37.220000000001164,"VIPER-02",6,1,None
37.220000000001164,"VIPER-03",6,1,None
37.220000000001164,"BANDIT-01",6,1,None
37.220000000001164,"BANDIT-02",6,1,None
37.220000000001164,"BANDIT-03",6,1,None
37.220000000001164,"BANDIT-04",6,1,None
37.420000000001124,"VIPER-01",6,1,None
37.420000000001124,"VIPER-02",6,1,None
37.420000000001124,"VIPER-03",6,1,None
37.420000000001124,"BANDIT-01",6,1,None
37.420000000001124,"BANDIT-02",6,1,None
37.420000000001124,"BANDIT-03",6,1,None
37.420000000001124,"BANDIT-04",6,1,None
37.620000000001085,"VIPER-01",6,1,None
37.620000000001085,"VIPER-02",6,1,None
37.620000000001085,"VIPER-03",6,1,None
37.620000000001085,"BANDIT-01",6,1,None
37.620000000001085,"BANDIT-02",6,1,None
37.620000000001085,"BANDIT-03",6,1,None
37.620000000001085,"BANDIT-04",6,1,None
37.820000000001045,"VIPER-01",6,1,None
37.820000000001045,"VIPER-02",6,1,None
37.820000000001045,"VIPER-03",6,1,None
37.820000000001045,"BANDIT-01",6,1,None
37.820000000001045,"BANDIT-02",6,1,None
37.820000000001045,"BANDIT-03",6,1,None
37.820000000001045,"BANDIT-04",6,1,None
38.020000000001005,"VIPER-01",6,1,None
38.020000000001005,"VIPER-02",6,1,None
38.020000000001005,"VIPER-03",6,1,None
38.020000000001005,"BANDIT-01",6,1,None
38.020000000001005,"BANDIT-02",6,1,None
38.020000000001005,"BANDIT-03",6,1,None
38.020000000001005,"BANDIT-04",6,1,None
38.220000000000965,"VIPER-01",6,1,None
38.220000000000965,"VIPER-02",6,1,None
38.220000000000965,"VIPER-03",6,1,None
38.220000000000965,"BANDIT-01",6,1,None
38.220000000000965,"BANDIT-02",6,1,None
38.220000000000965,"BANDIT-03",6,1,None
38.220000000000965,"BANDIT-04",6,1,None
38.420000000000925,"VIPER-01",6,1,None
38.420000000000925,"VIPER-02",6,1,None
38.420000000000925,"VIPER-03",6,1,None
38.420000000000925,"BANDIT-01",6,1,None
38.420000000000925,"BANDIT-02",6,1,None
38.420000000000925,"BANDIT-03",6,1,None
38.420000000000925,"BANDIT-04",6,1,None
38.620000000000886,"VIPER-01",6,1,None
38.620000000000886,"VIPER-02",6,1,None
38.620000000000886,"VIPER-03",6,1,None
38.620000000000886,"BANDIT-01",6,1,None
38.620000000000886,"BANDIT-02",6,1,None
38.620000000000886,"BANDIT-03",6,1,None
38.620000000000886,"BANDIT-04",6,1,None
38.820000000000846,"VIPER-01",6,1,None
38.820000000000846,"VIPER-02",6,1,None
38.820000000000846,"VIPER-03",6,1,None
38.820000000000846,"BANDIT-01",6,1,None
38.820000000000846,"BANDIT-02",6,1,None
38.820000000000846,"BANDIT-03",6,1,None
38.820000000000846,"BANDIT-04",6,1,None
39.020000000000806,"VIPER-01",6,1,None
39.020000000000806,"VIPER-02",6,1,None
39.020000000000806,"VIPER-03",6,1,None
39.020000000000806,"BANDIT-01",6,1,None
39.020000000000806,"BANDIT-02",6,1,None
39.020000000000806,"BANDIT-03",6,1,None
39.020000000000806,"BANDIT-04",6,1,None
39.220000000000766,"VIPER-01",6,1,None
39.220000000000766,"VIPER-02",6,1,None
39.220000000000766,"VIPER-03",6,1,None
39.220000000000766,"BANDIT-01",6,1,None
39.220000000000766,"BANDIT-02",6,1,None
39.220000000000766,"BANDIT-03",6,1,None
39.220000000000766,"BANDIT-04",6,1,None
39.420000000000726,"VIPER-01",6,1,None
39.420000000000726,"VIPER-02",6,1,None
39.420000000000726,"VIPER-03",6,1,None
39.420000000000726,"BANDIT-01",6,1,None
39.420000000000726,"BANDIT-02",6,1,None
39.420000000000726,"BANDIT-03",6,1,None
39.420000000000726,"BANDIT-04",6,1,None
39.620000000000687,"VIPER-01",6,1,None
39.620000000000687,"VIPER-02",6,1,None
39.620000000000687,"VIPER-03",6,1,None
39.620000000000687,"BANDIT-01",6,1,None
39.620000000000687,"BANDIT-02",6,1,None
39.620000000000687,"BANDIT-03",6,1,None
39.620000000000687,"BANDIT-04",6,1,None
39.820000000000647,"VIPER-01",6,1,None
39.820000000000647,"VIPER-02",6,1,None
39.820000000000647,"VIPER-03",6,1,None
39.820000000000647,"BANDIT-01",6,1,None
39.820000000000647,"BANDIT-02",6,1,None
39.820000000000647,"BANDIT-03",6,1,None
39.820000000000647,"BANDIT-04",6,1,None
40.020000000000607,"VIPER-01",6,1,None
40.020000000000607,"VIPER-02",6,1,None
40.020000000000607,"VIPER-03",6,1,None
40.020000000000607,"BANDIT-01",6,1,None
40.020000000000607,"BANDIT-02",6,1,None
40.020000000000607,"BANDIT-03",6,1,None
40.020000000000607,"BANDIT-04",6,1,None
40.220000000000567,"VIPER-01",6,1,None
40.220000000000567,"VIPER-02",6,1,None
40.220000000000567,"VIPER-03",6,1,None
40.220000000000567,"BANDIT-01",6,1,None
40.220000000000567,"BANDIT-02",6,1,None
40.220000000000567,"BANDIT-03",6,1,None
40.220000000000567,"BANDIT-04",6,1,None
40.420000000000528,"VIPER-01",6,1,None
40.420000000000528,"VIPER-02",6,1,None
40.420000000000528,"VIPER-03",6,1,None
40.420000000000528,"BANDIT-01",6,1,None
40.420000000000528,"BANDIT-02",6,1,None
40.420000000000528,"BANDIT-03",6,1,None
40.420000000000528,"BANDIT-04",6,1,None
40.620000000000488,"VIPER-01",6,1,None
40.620000000000488,"VIPER-02",6,1,None
40.620000000000488,"VIPER-03",6,1,None
40.620000000000488,"BANDIT-01",6,1,None
40.620000000000488,"BANDIT-02",6,1,None
40.620000000000488,"BANDIT-03",6,1,None
40.620000000000488,"BANDIT-04",6,1,None
40.820000000000448,"VIPER-01",6,1,None
40.820000000000448,"VIPER-02",6,1,None
40.820000000000448,"VIPER-03",6,1,None
40.820000000000448,"BANDIT-01",6,1,None
40.820000000000448,"BANDIT-02",6,1,None
40.820000000000448,"BANDIT-03",6,1,None
40.820000000000448,"BANDIT-04",6,1,None
41.020000000000408,"VIPER-01",6,1,None
41.020000000000408,"VIPER-02",6,1,None
41.020000000000408,"VIPER-03",6,1,None
41.020000000000408,"BANDIT-01",6,1,None
41.020000000000408,"BANDIT-02",6,1,None
41.020000000000408,"BANDIT-03",6,1,None
41.020000000000408,"BANDIT-04",6,1,None
41.220000000000368,"VIPER-01",6,1,None
41.220000000000368,"VIPER-02",6,1,None
41.220000000000368,"VIPER-03",6,1,None
41.220000000000368,"BANDIT-01",6,1,None
41.220000000000368,"BANDIT-02",6,1,None
41.220000000000368,"BANDIT-03",6,1,None
41.220000000000368,"BANDIT-04",6,1,None
41.420000000000329,"VIPER-01",6,1,None
41.420000000000329,"VIPER-02",6,1,None
41.420000000000329,"VIPER-03",6,1,None
41.420000000000329,"BANDIT-01",6,1,None
41.420000000000329,"BANDIT-02",6,1,None
41.420000000000329,"BANDIT-03",6,1,None
41.420000000000329,"BANDIT-04",6,1,None
41.620000000000289,"VIPER-01",6,1,None
41.620000000000289,"VIPER-02",6,1,None
41.620000000000289,"VIPER-03",6,1,None
41.620000000000289,"BANDIT-01",6,1,None
41.620000000000289,"BANDIT-02",6,1,None
41.620000000000289,"BANDIT-03",6,1,None
41.620000000000289,"BANDIT-04",6,1,None
41.820000000000249,"VIPER-01",6,1,None
41.820000000000249,"VIPER-02",6,1,None
41.820000000000249,"VIPER-03",6,1,None
41.820000000000249,"BANDIT-01",6,1,None
41.820000000000249,"BANDIT-02",6,1,None
41.820000000000249,"BANDIT-03",6,1,None
41.820000000000249,"BANDIT-04",6,1,None
42.020000000000209,"VIPER-01",6,1,None
42.020000000000209,"VIPER-02",6,1,None
42.020000000000209,"VIPER-03",6,1,None
42.020000000000209,"BANDIT-01",6,1,None
42.020000000000209,"BANDIT-02",6,1,None
42.020000000000209,"BANDIT-03",6,1,None
42.020000000000209,"BANDIT-04",6,1,None
42.220000000000169,"VIPER-01",6,1,None
42.220000000000169,"VIPER-02",6,1,None
42.220000000000169,"VIPER-03",6,1,None
42.220000000000169,"BANDIT-01",6,1,None
42.220000000000169,"BANDIT-02",6,1,None
42.220000000000169,"BANDIT-03",6,1,None
42.220000000000169,"BANDIT-04",6,1,None
42.42000000000013,"VIPER-01",6,1,None
42.42000000000013,"VIPER-02",6,1,None
42.42000000000013,"VIPER-03",6,1,None
42.42000000000013,"BANDIT-01",6,1,None
42.42000000000013,"BANDIT-02",6,1,None
42.42000000000013,"BANDIT-03",6,1,None
42.42000000000013,"BANDIT-04",6,1,None
42.62000000000009,"VIPER-01",6,1,None
42.62000000000009,"VIPER-02",6,1,None
42.62000000000009,"VIPER-03",6,1,None
42.62000000000009,"BANDIT-01",6,1,None
42.62000000000009,"BANDIT-02",6,1,None
42.62000000000009,"BANDIT-03",6,1,None
42.62000000000009,"BANDIT-04",6,1,None
42.82000000000005,"VIPER-01",6,1,None
42.82000000000005,"VIPER-02",6,1,None
42.82000000000005,"VIPER-03",6,1,None
42.82000000000005,"BANDIT-01",6,1,None
42.82000000000005,"BANDIT-02",6,1,None
42.82000000000005,"BANDIT-03",6,1,None
42.82000000000005,"BANDIT-04",6,1,None
43.02000000000001,"VIPER-01",6,1,None
43.02000000000001,"VIPER-02",6,1,None
43.02000000000001,"VIPER-03",6,1,None
43.02000000000001,"BANDIT-01",6,1,None
43.02000000000001,"BANDIT-02",6,1,None
43.02000000000001,"BANDIT-03",6,1,None
43.02000000000001,"BANDIT-04",6,1,None
43.21999999999997,"VIPER-01",6,1,None
43.21999999999997,"VIPER-02",6,1,None
43.21999999999997,"VIPER-03",6,1,None
43.21999999999997,"BANDIT-01",6,1,None
43.21999999999997,"BANDIT-02",6,1,None
43.21999999999997,"BANDIT-03",6,1,None
43.21999999999997,"BANDIT-04",6,1,None
43.419999999999931,"VIPER-01",6,1,None
43.419999999999931,"VIPER-02",6,1,None
43.419999999999931,"VIPER-03",6,1,None
43.419999999999931,"BANDIT-01",6,1,None
43.419999999999931,"BANDIT-02",6,1,None
43.419999999999931,"BANDIT-03",6,1,None
43.419999999999931,"BANDIT-04",6,1,None
43.619999999999891,"VIPER-01",6,1,None
43.619999999999891,"VIPER-02",6,1,None
43.619999999999891,"VIPER-03",6,1,None
43.619999999999891,"BANDIT-01",6,1,None
43.619999999999891,"BANDIT-02",6,1,None
43.619999999999891,"BANDIT-03",6,1,None
43.619999999999891,"BANDIT-04",6,1,None
43.819999999999851,"VIPER-01",6,1,None
43.819999999999851,"VIPER-02",6,1,None
43.819999999999851,"VIPER-03",6,1,None
43.819999999999851,"BANDIT-01",6,1,None
43.819999999999851,"BANDIT-02",6,1,None
43.819999999999851,"BANDIT-03",6,1,None
43.819999999999851,"BANDIT-04",6,1,None
44.019999999999811,"VIPER-01",6,1,None
44.019999999999811,"VIPER-02",6,1,None
44.019999999999811,"VIPER-03",6,1,None
44.019999999999811,"BANDIT-01",6,1,None
44.019999999999811,"BANDIT-02",6,1,None
44.019999999999811,"BANDIT-03",6,1,None
44.019999999999811,"BANDIT-04",6,1,None
44.219999999999771,"VIPER-01",6,1,None
44.219999999999771,"VIPER-02",6,1,None
44.219999999999771,"VIPER-03",6,1,None
44.219999999999771,"BANDIT-01",6,1,None
44.219999999999771,"BANDIT-02",6,1,None
44.219999999999771,"BANDIT-03",6,1,None
44.219999999999771,"BANDIT-04",6,1,None
44.419999999999732,"VIPER-01",6,1,None
44.419999999999732,"VIPER-02",6,1,None
44.419999999999732,"VIPER-03",6,1,None
44.419999999999732,"BANDIT-01",6,1,None
44.419999999999732,"BANDIT-02",6,1,None
44.419999999999732,"BANDIT-03",6,1,None
44.419999999999732,"BANDIT-04",6,1,None
44.619999999999692,"VIPER-01",6,1,None
44.619999999999692,"VIPER-02",6,1,None
44.619999999999692,"VIPER-03",6,1,None
44.619999999999692,"BANDIT-01",6,1,None
44.619999999999692,"BANDIT-02",6,1,None
44.619999999999692,"BANDIT-03",6,1,None
44.619999999999692,"BANDIT-04",6,1,None
44.819999999999652,"VIPER-01",6,1,None
44.819999999999652,"VIPER-02",6,1,None
44.819999999999652,"VIPER-03",6,1,None
44.819999999999652,"BANDIT-01",6,1,None
44.819999999999652,"BANDIT-02",6,1,None
44.819999999999652,"BANDIT-03",6,1,None
44.819999999999652,"BANDIT-04",6,1,None
45.019999999999612,"VIPER-01",6,1,None
45.019999999999612,"VIPER-02",6,1,None
45.019999999999612,"VIPER-03",6,1,None
45.019999999999612,"BANDIT-01",6,1,None
45.019999999999612,"BANDIT-02",6,1,None
45.019999999999612,"BANDIT-03",6,1,None
45.019999999999612,"BANDIT-04",6,1,None
45.219999999999573,"VIPER-01",6,1,None
45.219999999999573,"VIPER-02",6,1,None
45.219999999999573,"VIPER-03",6,1,None
45.219999999999573,"BANDIT-01",6,1,None
45.219999999999573,"BANDIT-02",6,1,None
45.219999999999573,"BANDIT-03",6,1,None
45.219999999999573,"BANDIT-04",6,1,None
45.419999999999533,"VIPER-01",6,1,None
45.419999999999533,"VIPER-02",6,1,None
45.419999999999533,"VIPER-03",6,1,None
45.419999999999533,"BANDIT-01",6,1,None
45.419999999999533,"BANDIT-02",6,1,None
45.419999999999533,"BANDIT-03",6,1,None
45.419999999999533,"BANDIT-04",6,1,None
45.619999999999493,"VIPER-01",6,1,None
45.619999999999493,"VIPER-02",6,1,None
45.619999999999493,"VIPER-03",6,1,None
45.619999999999493,"BANDIT-01",6,1,None
45.619999999999493,"BANDIT-02",6,1,None
45.619999999999493,"BANDIT-03",6,1,None
45.619999999999493,"BANDIT-04",6,1,None
45.819999999999453,"VIPER-01",6,1,None
45.819999999999453,"VIPER-02",6,1,None
45.819999999999453,"VIPER-03",6,1,None
45.819999999999453,"BANDIT-01",6,1,None
45.819999999999453,"BANDIT-02",6,1,None
45.819999999999453,"BANDIT-03",6,1,None
45.819999999999453,"BANDIT-04",6,1,None
46.019999999999413,"VIPER-01",6,1,None
46.019999999999413,"VIPER-02",6,1,None
46.019999999999413,"VIPER-03",6,1,None
46.019999999999413,"BANDIT-01",6,1,None
46.019999999999413,"BANDIT-02",6,1,None
46.019999999999413,"BANDIT-03",6,1,None
46.019999999999413,"BANDIT-04",6,1,None
46.219999999999374,"VIPER-01",6,1,None
46.219999999999374,"VIPER-02",6,1,None
46.219999999999374,"VIPER-03",6,1,None
46.219999999999374,"BANDIT-01",6,1,None
46.219999999999374,"BANDIT-02",6,1,None
46.219999999999374,"BANDIT-03",6,1,None
46.219999999999374,"BANDIT-04",6,1,None
46.419999999999334,"VIPER-01",6,1,None
46.419999999999334,"VIPER-02",6,1,None
46.419999999999334,"VIPER-03",6,1,None
46.419999999999334,"BANDIT-01",6,1,None
46.419999999999334,"BANDIT-02",6,1,None
46.419999999999334,"BANDIT-03",6,1,None
46.419999999999334,"BANDIT-04",6,1,None
46.619999999999294,"VIPER-01",6,1,None
46.619999999999294,"VIPER-02",6,1,None
46.619999999999294,"VIPER-03",6,1,None
46.619999999999294,"BANDIT-01",6,1,None
46.619999999999294,"BANDIT-02",6,1,None
46.619999999999294,"BANDIT-03",6,1,None
46.619999999999294,"BANDIT-04",6,1,None
46.819999999999254,"VIPER-01",6,1,None
46.819999999999254,"VIPER-02",6,1,None
46.819999999999254,"VIPER-03",6,1,None
46.819999999999254,"BANDIT-01",6,1,None
46.819999999999254,"BANDIT-02",6,1,None
46.819999999999254,"BANDIT-03",6,1,None
46.819999999999254,"BANDIT-04",6,1,None
47.019999999999214,"VIPER-01",6,1,None
47.019999999999214,"VIPER-02",6,1,None
47.019999999999214,"VIPER-03",6,1,None
47.019999999999214,"BANDIT-01",6,1,None
47.019999999999214,"BANDIT-02",6,1,None
47.019999999999214,"BANDIT-03",6,1,None
47.019999999999214,"BANDIT-04",6,1,None
47.219999999999175,"VIPER-01",6,1,None
47.219999999999175,"VIPER-02",6,1,None
47.219999999999175,"VIPER-03",6,1,None
47.219999999999175,"BANDIT-01",6,1,None
47.219999999999175,"BANDIT-02",6,1,None
47.219999999999175,"BANDIT-03",6,1,None
47.219999999999175,"BANDIT-04",6,1,None
47.419999999999135,"VIPER-01",6,1,None
47.419999999999135,"VIPER-02",6,1,None
47.419999999999135,"VIPER-03",6,1,None
47.419999999999135,"BANDIT-01",6,1,None
47.419999999999135,"BANDIT-02",6,1,None
47.419999999999135,"BANDIT-03",6,1,None
47.419999999999135,"BANDIT-04",6,1,None
47.619999999999095,"VIPER-01",6,1,None
47.619999999999095,"VIPER-02",6,1,None
47.619999999999095,"VIPER-03",6,1,None
47.619999999999095,"BANDIT-01",6,1,None
47.619999999999095,"BANDIT-02",6,1,None
47.619999999999095,"BANDIT-03",6,1,None
47.619999999999095,"BANDIT-04",6,1,None
47.819999999999055,"VIPER-01",6,1,None
47.819999999999055,"VIPER-02",6,1,None
47.819999999999055,"VIPER-03",6,1,None
47.819999999999055,"BANDIT-01",6,1,None
47.819999999999055,"BANDIT-02",6,1,None
47.819999999999055,"BANDIT-03",6,1,None
47.819999999999055,"BANDIT-04",6,1,None
48.019999999999015,"VIPER-01",6,1,None
48.019999999999015,"VIPER-02",6,1,None
48.019999999999015,"VIPER-03",6,1,None
48.019999999999015,"BANDIT-01",6,1,None
48.019999999999015,"BANDIT-02",6,1,None
48.019999999999015,"BANDIT-03",6,1,None
48.019999999999015,"BANDIT-04",6,1,None
48.219999999998976,"VIPER-01",6,1,None
48.219999999998976,"VIPER-02",6,1,None
48.219999999998976,"VIPER-03",6,1,None
48.219999999998976,"BANDIT-01",6,1,None
48.219999999998976,"BANDIT-02",6,1,None
48.219999999998976,"BANDIT-03",6,1,None
48.219999999998976,"BANDIT-04",6,1,None
48.419999999998936,"VIPER-01",6,1,None
48.419999999998936,"VIPER-02",6,1,None
48.419999999998936,"VIPER-03",6,1,None
48.419999999998936,"BANDIT-01",6,1,None
48.419999999998936,"BANDIT-02",6,1,None
48.419999999998936,"BANDIT-03",6,1,None
48.419999999998936,"BANDIT-04",6,1,None
48.619999999998896,"VIPER-01",6,1,None
48.619999999998896,"VIPER-02",6,1,None
48.619999999998896,"VIPER-03",6,1,None
48.619999999998896,"BANDIT-01",6,1,None
48.619999999998896,"BANDIT-02",6,1,None
48.619999999998896,"BANDIT-03",6,1,None
48.619999999998896,"BANDIT-04",6,1,None
48.819999999998856,"VIPER-01",6,1,None
48.819999999998856,"VIPER-02",6,1,None
48.819999999998856,"VIPER-03",6,1,None
48.819999999998856,"BANDIT-01",6,1,None
48.819999999998856,"BANDIT-02",6,1,None
48.819999999998856,"BANDIT-03",6,1,None
48.819999999998856,"BANDIT-04",6,1,None
49.019999999998817,"VIPER-01",6,1,None
49.019999999998817,"VIPER-02",6,1,None
49.019999999998817,"VIPER-03",6,1,None
49.019999999998817,"BANDIT-01",6,1,None
49.019999999998817,"BANDIT-02",6,1,None
49.019999999998817,"BANDIT-03",6,1,None
49.019999999998817,"BANDIT-04",6,1,None
49.219999999998777,"VIPER-01",6,1,None
49.219999999998777,"VIPER-02",6,1,None
49.219999999998777,"VIPER-03",6,1,None
49.219999999998777,"BANDIT-01",6,1,None
49.219999999998777,"BANDIT-02",6,1,None
49.219999999998777,"BANDIT-03",6,1,None
49.219999999998777,"BANDIT-04",6,1,None
49.419999999998737,"VIPER-01",6,1,None
49.419999999998737,"VIPER-02",6,1,None
49.419999999998737,"VIPER-03",6,1,None
49.419999999998737,"BANDIT-01",6,1,None
49.419999999998737,"BANDIT-02",6,1,None
49.419999999998737,"BANDIT-03",6,1,None
49.419999999998737,"BANDIT-04",6,1,None
49.6199999999987,"VIPER-01",6,1,None
49.6199999999987,"VIPER-02",6,1,None
49.6199999999987,"VIPER-03",6,1,None
49.6199999999987,"BANDIT-01",6,1,None
49.6199999999987,"BANDIT-02",6,1,None
49.6199999999987,"BANDIT-03",6,1,None
49.6199999999987,"BANDIT-04",6,1,None
49.819999999998657,"VIPER-01",6,1,None
49.819999999998657,"VIPER-02",6,1,None
49.819999999998657,"VIPER-03",6,1,None
49.819999999998657,"BANDIT-01",6,1,None
49.819999999998657,"BANDIT-02",6,1,None
49.819999999998657,"BANDIT-03",6,1,None
49.819999999998657,"BANDIT-04",6,1,None
50.019999999998618,"VIPER-01",6,1,None
50.019999999998618,"VIPER-02",6,1,None
50.019999999998618,"VIPER-03",6,1,None
50.019999999998618,"BANDIT-01",6,1,None
50.019999999998618,"BANDIT-02",6,1,None
50.019999999998618,"BANDIT-03",6,1,None
50.019999999998618,"BANDIT-04",6,1,None
50.219999999998578,"VIPER-01",6,1,None
50.219999999998578,"VIPER-02",6,1,None
50.219999999998578,"VIPER-03",6,1,None
50.219999999998578,"BANDIT-01",6,1,None
50.219999999998578,"BANDIT-02",6,1,None
50.219999999998578,"BANDIT-03",6,1,None
50.219999999998578,"BANDIT-04",6,1,None
50.419999999998538,"VIPER-01",6,1,None
50.419999999998538,"VIPER-02",6,1,None
50.419999999998538,"VIPER-03",6,1,None
50.419999999998538,"BANDIT-01",6,1,None
50.419999999998538,"BANDIT-02",6,1,None
50.419999999998538,"BANDIT-03",6,1,None
50.419999999998538,"BANDIT-04",6,1,None
50.6199999999985,"VIPER-01",6,1,None
50.6199999999985,"VIPER-02",6,1,None
50.6199999999985,"VIPER-03",6,1,None
50.6199999999985,"BANDIT-01",6,1,None
50.6199999999985,"BANDIT-02",6,1,None
50.6199999999985,"BANDIT-03",6,1,None
50.6199999999985,"BANDIT-04",6,1,None
50.819999999998458,"VIPER-01",6,1,None
50.819999999998458,"VIPER-02",6,1,None
50.819999999998458,"VIPER-03",6,1,None
50.819999999998458,"BANDIT-01",6,1,None
50.819999999998458,"BANDIT-02",6,1,None
50.819999999998458,"BANDIT-03",6,1,None
50.819999999998458,"BANDIT-04",6,1,None
51.019999999998419,"VIPER-01",6,1,None
51.019999999998419,"VIPER-02",6,1,None
51.019999999998419,"VIPER-03",6,1,None
51.019999999998419,"BANDIT-01",6,1,None
51.019999999998419,"BANDIT-02",6,1,None
51.019999999998419,"BANDIT-03",6,1,None
51.019999999998419,"BANDIT-04",6,1,None
51.219999999998379,"VIPER-01",6,1,None
51.219999999998379,"VIPER-02",6,1,None
51.219999999998379,"VIPER-03",6,1,None
51.219999999998379,"BANDIT-01",6,1,None
51.219999999998379,"BANDIT-02",6,1,None
51.219999999998379,"BANDIT-03",6,1,None
51.219999999998379,"BANDIT-04",6,1,None
51.419999999998339,"VIPER-01",6,1,None
51.419999999998339,"VIPER-02",6,1,None
51.419999999998339,"VIPER-03",6,1,None
51.419999999998339,"BANDIT-01",6,1,None
51.419999999998339,"BANDIT-02",6,1,None
51.419999999998339,"BANDIT-03",6,1,None
51.419999999998339,"BANDIT-04",6,1,None
51.6199999999983,"VIPER-01",6,1,None
51.6199999999983,"VIPER-02",6,1,None
51.6199999999983,"VIPER-03",6,1,None
51.6199999999983,"BANDIT-01",6,1,None
51.6199999999983,"BANDIT-02",6,1,None
51.6199999999983,"BANDIT-03",6,1,None
51.6199999999983,"BANDIT-04",6,1,None
51.819999999998259,"VIPER-01",6,1,None
51.819999999998259,"VIPER-02",6,1,None
51.819999999998259,"VIPER-03",6,1,None
51.819999999998259,"BANDIT-01",6,1,None
51.819999999998259,"BANDIT-02",6,1,None
51.819999999998259,"BANDIT-03",6,1,None
51.819999999998259,"BANDIT-04",6,1,None
52.01999999999822,"VIPER-01",6,1,None
52.01999999999822,"VIPER-02",6,1,None
52.01999999999822,"VIPER-03",6,1,None
52.01999999999822,"BANDIT-01",6,1,None
52.01999999999822,"BANDIT-02",6,1,None
52.01999999999822,"BANDIT-03",6,1,None
52.01999999999822,"BANDIT-04",6,1,None
52.21999999999818,"VIPER-01",6,1,None
52.21999999999818,"VIPER-02",6,1,None
52.21999999999818,"VIPER-03",6,1,None
52.21999999999818,"BANDIT-01",6,1,None
52.21999999999818,"BANDIT-02",6,1,None
52.21999999999818,"BANDIT-03",6,1,None
52.21999999999818,"BANDIT-04",6,1,None
52.41999999999814,"VIPER-01",6,1,None
52.41999999999814,"VIPER-02",6,1,None
52.41999999999814,"VIPER-03",6,1,None
52.41999999999814,"BANDIT-01",6,1,None
52.41999999999814,"BANDIT-02",6,1,None
52.41999999999814,"BANDIT-03",6,1,None
52.41999999999814,"BANDIT-04",6,1,None
52.6199999999981,"VIPER-01",6,1,None
52.6199999999981,"VIPER-02",6,1,None
52.6199999999981,"VIPER-03",6,1,None
52.6199999999981,"BANDIT-01",6,1,None
52.6199999999981,"BANDIT-02",6,1,None
52.6199999999981,"BANDIT-03",6,1,None
52.6199999999981,"BANDIT-04",6,1,None
52.819999999998061,"VIPER-01",6,1,None
52.819999999998061,"VIPER-02",6,1,None
52.819999999998061,"VIPER-03",6,1,None
52.819999999998061,"BANDIT-01",6,1,None
52.819999999998061,"BANDIT-02",6,1,None
52.819999999998061,"BANDIT-03",6,1,None
52.819999999998061,"BANDIT-04",6,1,None
53.019999999998021,"VIPER-01",6,1,None
53.019999999998021,"VIPER-02",6,1,None
53.019999999998021,"VIPER-03",6,1,None
53.019999999998021,"BANDIT-01",6,1,None
53.019999999998021,"BANDIT-02",6,1,None
53.019999999998021,"BANDIT-03",6,1,None
53.019999999998021,"BANDIT-04",6,1,None
53.219999999997981,"VIPER-01",6,1,None
53.219999999997981,"VIPER-02",6,1,None
53.219999999997981,"VIPER-03",6,1,None
53.219999999997981,"BANDIT-01",6,1,None
53.219999999997981,"BANDIT-02",6,1,None
53.219999999997981,"BANDIT-03",6,1,None
53.219999999997981,"BANDIT-04",6,1,None
53.419999999997941,"VIPER-01",6,1,None
53.419999999997941,"VIPER-02",6,1,None
53.419999999997941,"VIPER-03",6,1,None
53.419999999997941,"BANDIT-01",6,1,None
53.419999999997941,"BANDIT-02",6,1,None
53.419999999997941,"BANDIT-03",6,1,None
53.419999999997941,"BANDIT-04",6,1,None
53.6199999999979,"VIPER-01",6,1,None
53.6199999999979,"VIPER-02",6,1,None
53.6199999999979,"VIPER-03",6,1,None
53.6199999999979,"BANDIT-01",6,1,None
53.6199999999979,"BANDIT-02",6,1,None
53.6199999999979,"BANDIT-03",6,1,None
53.6199999999979,"BANDIT-04",6,1,None
53.819999999997862,"VIPER-01",6,1,None
53.819999999997862,"VIPER-02",6,1,None
53.819999999997862,"VIPER-03",6,1,None
53.819999999997862,"BANDIT-01",6,1,None
53.819999999997862,"BANDIT-02",6,1,None
53.819999999997862,"BANDIT-03",6,1,None
53.819999999997862,"BANDIT-04",6,1,None
54.019999999997822,"VIPER-01",6,1,None
54.019999999997822,"VIPER-02",6,1,None
54.019999999997822,"VIPER-03",6,1,None
54.019999999997822,"BANDIT-01",6,1,None
54.019999999997822,"BANDIT-02",6,1,None
54.019999999997822,"BANDIT-03",6,1,None
54.019999999997822,"BANDIT-04",6,1,None
54.219999999997782,"VIPER-01",6,1,None
54.219999999997782,"VIPER-02",6,1,None
54.219999999997782,"VIPER-03",6,1,None
54.219999999997782,"BANDIT-01",6,1,None
54.219999999997782,"BANDIT-02",6,1,None
54.219999999997782,"BANDIT-03",6,1,None
54.219999999997782,"BANDIT-04",6,1,None
54.419999999997742,"VIPER-01",6,1,None
54.419999999997742,"VIPER-02",6,1,None
54.419999999997742,"VIPER-03",6,1,None
54.419999999997742,"BANDIT-01",6,1,None
54.419999999997742,"BANDIT-02",6,1,None
54.419999999997742,"BANDIT-03",6,1,None
54.419999999997742,"BANDIT-04",6,1,None
54.6199999999977,"VIPER-01",6,1,None
54.6199999999977,"VIPER-02",6,1,None
54.6199999999977,"VIPER-03",6,1,None
54.6199999999977,"BANDIT-01",6,1,None
54.6199999999977,"BANDIT-02",6,1,None
54.6199999999977,"BANDIT-03",6,1,None
54.6199999999977,"BANDIT-04",6,1,None
54.819999999997663,"VIPER-01",6,1,None
54.819999999997663,"VIPER-02",6,1,None
54.819999999997663,"VIPER-03",6,1,None
54.819999999997663,"BANDIT-01",6,1,None
54.819999999997663,"BANDIT-02",6,1,None
54.819999999997663,"BANDIT-03",6,1,None
54.819999999997663,"BANDIT-04",6,1,None
55.019999999997623,"VIPER-01",6,1,None
55.019999999997623,"VIPER-02",6,1,None
55.019999999997623,"VIPER-03",6,1,None
55.019999999997623,"BANDIT-01",6,1,None
55.019999999997623,"BANDIT-02",6,1,None
55.019999999997623,"BANDIT-03",6,1,None
55.019999999997623,"BANDIT-04",6,1,None
55.219999999997583,"VIPER-01",6,1,None
55.219999999997583,"VIPER-02",6,1,None
55.219999999997583,"VIPER-03",6,1,None
55.219999999997583,"BANDIT-01",6,1,None
55.219999999997583,"BANDIT-02",6,1,None
55.219999999997583,"BANDIT-03",6,1,None
55.219999999997583,"BANDIT-04",6,1,None
55.419999999997543,"VIPER-01",6,1,None
55.419999999997543,"VIPER-02",6,1,None
55.419999999997543,"VIPER-03",6,1,None
55.419999999997543,"BANDIT-01",6,1,None
55.419999999997543,"BANDIT-02",6,1,None
55.419999999997543,"BANDIT-03",6,1,None
55.419999999997543,"BANDIT-04",6,1,None
55.6199999999975,"VIPER-01",6,1,None
55.6199999999975,"VIPER-02",6,1,None
55.6199999999975,"VIPER-03",6,1,None
55.6199999999975,"BANDIT-01",6,1,None
55.6199999999975,"BANDIT-02",6,1,None
55.6199999999975,"BANDIT-03",6,1,None
55.6199999999975,"BANDIT-04",6,1,None
55.819999999997464,"VIPER-01",6,1,None
55.819999999997464,"VIPER-02",6,1,None
55.819999999997464,"VIPER-03",6,1,None
55.819999999997464,"BANDIT-01",6,1,None
55.819999999997464,"BANDIT-02",6,1,None
55.819999999997464,"BANDIT-03",6,1,None
55.819999999997464,"BANDIT-04",6,1,None
56.019999999997424,"VIPER-01",6,1,None
56.019999999997424,"VIPER-02",6,1,None
56.019999999997424,"VIPER-03",6,1,None
56.019999999997424,"BANDIT-01",6,1,None
56.019999999997424,"BANDIT-02",6,1,None
56.019999999997424,"BANDIT-03",6,1,None
56.019999999997424,"BANDIT-04",6,1,None
56.219999999997384,"VIPER-01",6,1,None
56.219999999997384,"VIPER-02",6,1,None
56.219999999997384,"VIPER-03",6,1,None
56.219999999997384,"BANDIT-01",6,1,None
56.219999999997384,"BANDIT-02",6,1,None
56.219999999997384,"BANDIT-03",6,1,None
56.219999999997384,"BANDIT-04",6,1,None
56.419999999997344,"VIPER-01",6,1,None
56.419999999997344,"VIPER-02",6,1,None
56.419999999997344,"VIPER-03",6,1,None
56.419999999997344,"BANDIT-01",6,1,None
56.419999999997344,"BANDIT-02",6,1,None
56.419999999997344,"BANDIT-03",6,1,None
56.419999999997344,"BANDIT-04",6,1,None
56.619999999997304,"VIPER-01",6,1,None
56.619999999997304,"VIPER-02",6,1,None
56.619999999997304,"VIPER-03",6,1,None
56.619999999997304,"BANDIT-01",6,1,None
56.619999999997304,"BANDIT-02",6,1,None
56.619999999997304,"BANDIT-03",6,1,None
56.619999999997304,"BANDIT-04",6,1,None
56.819999999997265,"VIPER-01",6,1,None
56.819999999997265,"VIPER-02",6,1,None
56.819999999997265,"VIPER-03",6,1,None
56.819999999997265,"BANDIT-01",6,1,None
56.819999999997265,"BANDIT-02",6,1,None
56.819999999997265,"BANDIT-03",6,1,None
56.819999999997265,"BANDIT-04",6,1,None
57.019999999997225,"VIPER-01",6,1,None
57.019999999997225,"VIPER-02",6,1,None
57.019999999997225,"VIPER-03",6,1,None
57.019999999997225,"BANDIT-01",6,1,None
57.019999999997225,"BANDIT-02",6,1,None
57.019999999997225,"BANDIT-03",6,1,None
57.019999999997225,"BANDIT-04",6,1,None
57.219999999997185,"VIPER-01",6,1,None
57.219999999997185,"VIPER-02",6,1,None
57.219999999997185,"VIPER-03",6,1,None
57.219999999997185,"BANDIT-01",6,1,None
57.219999999997185,"BANDIT-02",6,1,None
57.219999999997185,"BANDIT-03",6,1,None
57.219999999997185,"BANDIT-04",6,1,None
57.419999999997145,"VIPER-01",6,1,None
57.419999999997145,"VIPER-02",6,1,None
57.419999999997145,"VIPER-03",6,1,None
57.419999999997145,"BANDIT-01",6,1,None
57.419999999997145,"BANDIT-02",6,1,None
57.419999999997145,"BANDIT-03",6,1,None
57.419999999997145,"BANDIT-04",6,1,None
57.619999999997106,"VIPER-01",6,1,None
57.619999999997106,"VIPER-02",6,1,None
57.619999999997106,"VIPER-03",6,1,None
57.619999999997106,"BANDIT-01",6,1,None
57.619999999997106,"BANDIT-02",6,1,None
57.619999999997106,"BANDIT-03",6,1,None
57.619999999997106,"BANDIT-04",6,1,None
57.819999999997066,"VIPER-01",6,1,None
57.819999999997066,"VIPER-02",6,1,None
57.819999999997066,"VIPER-03",6,1,None
57.819999999997066,"BANDIT-01",6,1,None
57.819999999997066,"BANDIT-02",6,1,None
57.819999999997066,"BANDIT-03",6,1,None
57.819999999997066,"BANDIT-04",6,1,None
58.019999999997026,"VIPER-01",6,1,None
58.019999999997026,"VIPER-02",6,1,None
58.019999999997026,"VIPER-03",6,1,None
58.019999999997026,"BANDIT-01",6,1,None
58.019999999997026,"BANDIT-02",6,1,None
58.019999999997026,"BANDIT-03",6,1,None
58.019999999997026,"BANDIT-04",6,1,None
58.219999999996986,"VIPER-01",6,1,None
58.219999999996986,"VIPER-02",6,1,None
58.219999999996986,"VIPER-03",6,1,None
58.219999999996986,"BANDIT-01",6,1,None
58.219999999996986,"BANDIT-02",6,1,None
58.219999999996986,"BANDIT-03",6,1,None
58.219999999996986,"BANDIT-04",6,1,None
58.419999999996946,"VIPER-01",6,1,None
58.419999999996946,"VIPER-02",6,1,None
58.419999999996946,"VIPER-03",6,1,None
58.419999999996946,"BANDIT-01",6,1,None
58.419999999996946,"BANDIT-02",6,1,None
58.419999999996946,"BANDIT-03",6,1,None
58.419999999996946,"BANDIT-04",6,1,None
58.619999999996907,"VIPER-01",6,1,None
58.619999999996907,"VIPER-02",6,1,None
58.619999999996907,"VIPER-03",6,1,None
58.619999999996907,"BANDIT-01",6,1,None
58.619999999996907,"BANDIT-02",6,1,None
58.619999999996907,"BANDIT-03",6,1,None
58.619999999996907,"BANDIT-04",6,1,None
58.819999999996867,"VIPER-01",6,1,None
58.819999999996867,"VIPER-02",6,1,None
58.819999999996867,"VIPER-03",6,1,None
58.819999999996867,"BANDIT-01",6,1,None
58.819999999996867,"BANDIT-02",6,1,None
58.819999999996867,"BANDIT-03",6,1,None
58.819999999996867,"BANDIT-04",6,1,None
59.019999999996827,"VIPER-01",6,1,None
59.019999999996827,"VIPER-02",6,1,None
59.019999999996827,"VIPER-03",6,1,None
59.019999999996827,"BANDIT-01",6,1,None
59.019999999996827,"BANDIT-02",6,1,None
59.019999999996827,"BANDIT-03",6,1,None
59.019999999996827,"BANDIT-04",6,1,None
59.219999999996787,"VIPER-01",6,1,None
59.219999999996787,"VIPER-02",6,1,None
59.219999999996787,"VIPER-03",6,1,None
59.219999999996787,"BANDIT-01",6,1,None
59.219999999996787,"BANDIT-02",6,1,None
59.219999999996787,"BANDIT-03",6,1,None
59.219999999996787,"BANDIT-04",6,1,None
59.419999999996747,"VIPER-01",6,1,None
59.419999999996747,"VIPER-02",6,1,None
59.419999999996747,"VIPER-03",6,1,None
59.419999999996747,"BANDIT-01",6,1,None
59.419999999996747,"BANDIT-02",6,1,None
59.419999999996747,"BANDIT-03",6,1,None
59.419999999996747,"BANDIT-04",6,1,None
59.619999999996708,"VIPER-01",6,1,None
59.619999999996708,"VIPER-02",6,1,None
59.619999999996708,"VIPER-03",6,1,None
59.619999999996708,"BANDIT-01",6,1,None
59.619999999996708,"BANDIT-02",6,1,None
59.619999999996708,"BANDIT-03",6,1,None
59.619999999996708,"BANDIT-04",6,1,None
59.819999999996668,"VIPER-01",6,1,None
59.819999999996668,"VIPER-02",6,1,None
59.819999999996668,"VIPER-03",6,1,None
59.819999999996668,"BANDIT-01",6,1,None
59.819999999996668,"BANDIT-02",6,1,None
59.819999999996668,"BANDIT-03",6,1,None
59.819999999996668,"BANDIT-04",6,1,None
60.019999999996628,"VIPER-01",6,1,None
60.019999999996628,"VIPER-02",6,1,None
60.019999999996628,"VIPER-03",6,1,None
60.019999999996628,"BANDIT-01",6,1,None
60.019999999996628,"BANDIT-02",6,1,None
60.019999999996628,"BANDIT-03",6,1,None
60.019999999996628,"BANDIT-04",6,1,None
60.219999999996588,"VIPER-01",6,1,None
60.219999999996588,"VIPER-02",6,1,None
60.219999999996588,"VIPER-03",6,1,None
60.219999999996588,"BANDIT-01",6,1,None
60.219999999996588,"BANDIT-02",6,1,None
60.219999999996588,"BANDIT-03",6,1,None
60.219999999996588,"BANDIT-04",6,1,None
60.419999999996548,"VIPER-01",6,1,None
60.419999999996548,"VIPER-02",6,1,None
60.419999999996548,"VIPER-03",6,1,None
60.419999999996548,"BANDIT-01",6,1,None
60.419999999996548,"BANDIT-02",6,1,None
60.419999999996548,"BANDIT-03",6,1,None
60.419999999996548,"BANDIT-04",6,1,None
60.619999999996509,"VIPER-01",6,1,None
60.619999999996509,"VIPER-02",6,1,None
60.619999999996509,"VIPER-03",6,1,None
60.619999999996509,"BANDIT-01",6,1,None
60.619999999996509,"BANDIT-02",6,1,None
60.619999999996509,"BANDIT-03",6,1,None
60.619999999996509,"BANDIT-04",6,1,None
60.819999999996469,"VIPER-01",6,1,None
60.819999999996469,"VIPER-02",6,1,None
60.819999999996469,"VIPER-03",6,1,None
60.819999999996469,"BANDIT-01",6,1,None
60.819999999996469,"BANDIT-02",6,1,None
60.819999999996469,"BANDIT-03",6,1,None
60.819999999996469,"BANDIT-04",6,1,None
61.019999999996429,"VIPER-01",6,1,None
61.019999999996429,"VIPER-02",6,1,None
61.019999999996429,"VIPER-03",6,1,None
61.019999999996429,"BANDIT-01",6,1,None
61.019999999996429,"BANDIT-02",6,1,None
61.019999999996429,"BANDIT-03",6,1,None
61.019999999996429,"BANDIT-04",6,1,None
61.219999999996389,"VIPER-01",6,1,None
61.219999999996389,"VIPER-02",6,1,None
61.219999999996389,"VIPER-03",6,1,None
61.219999999996389,"BANDIT-01",6,1,None
61.219999999996389,"BANDIT-02",6,1,None
61.219999999996389,"BANDIT-03",6,1,None
61.219999999996389,"BANDIT-04",6,1,None
61.41999999999635,"VIPER-01",6,1,None
61.41999999999635,"VIPER-02",6,1,None
61.41999999999635,"VIPER-03",6,1,None
61.41999999999635,"BANDIT-01",6,1,None
61.41999999999635,"BANDIT-02",6,1,None
61.41999999999635,"BANDIT-03",6,1,None
61.41999999999635,"BANDIT-04",6,1,None
61.61999999999631,"VIPER-01",6,1,None
61.61999999999631,"VIPER-02",6,1,None
61.61999999999631,"VIPER-03",6,1,None
61.61999999999631,"BANDIT-01",6,1,None
61.61999999999631,"BANDIT-02",6,1,None
61.61999999999631,"BANDIT-03",6,1,None
61.61999999999631,"BANDIT-04",6,1,None
61.81999999999627,"VIPER-01",6,1,None
61.81999999999627,"VIPER-02",6,1,None
61.81999999999627,"VIPER-03",6,1,None
61.81999999999627,"BANDIT-01",6,1,None
61.81999999999627,"BANDIT-02",6,1,None
61.81999999999627,"BANDIT-03",6,1,None
61.81999999999627,"BANDIT-04",6,1,None
62.01999999999623,"VIPER-01",6,1,None
62.01999999999623,"VIPER-02",6,1,None
62.01999999999623,"VIPER-03",6,1,None
62.01999999999623,"BANDIT-01",6,1,None
62.01999999999623,"BANDIT-02",6,1,None
62.01999999999623,"BANDIT-03",6,1,None
62.01999999999623,"BANDIT-04",6,1,None
62.21999999999619,"VIPER-01",6,1,None
62.21999999999619,"VIPER-02",6,1,None
62.21999999999619,"VIPER-03",6,1,None
62.21999999999619,"BANDIT-01",6,1,None
62.21999999999619,"BANDIT-02",6,1,None
62.21999999999619,"BANDIT-03",6,1,None
62.21999999999619,"BANDIT-04",6,1,None
62.419999999996151,"VIPER-01",6,1,None
62.419999999996151,"VIPER-02",6,1,None
62.419999999996151,"VIPER-03",6,1,None
62.419999999996151,"BANDIT-01",6,1,None
62.419999999996151,"BANDIT-02",6,1,None
62.419999999996151,"BANDIT-03",6,1,None
62.419999999996151,"BANDIT-04",6,1,None
62.619999999996111,"VIPER-01",6,1,None
62.619999999996111,"VIPER-02",6,1,None
62.619999999996111,"VIPER-03",6,1,None
62.619999999996111,"BANDIT-01",6,1,None
62.619999999996111,"BANDIT-02",6,1,None
62.619999999996111,"BANDIT-03",6,1,None
62.619999999996111,"BANDIT-04",6,1,None
62.819999999996071,"VIPER-01",6,1,None
62.819999999996071,"VIPER-02",6,1,None
62.819999999996071,"VIPER-03",6,1,None
62.819999999996071,"BANDIT-01",6,1,None
62.819999999996071,"BANDIT-02",6,1,None
62.819999999996071,"BANDIT-03",6,1,None
62.819999999996071,"BANDIT-04",6,1,None
63.019999999996031,"VIPER-01",6,1,None
63.019999999996031,"VIPER-02",6,1,None
63.019999999996031,"VIPER-03",6,1,None
63.019999999996031,"BANDIT-01",6,1,None
63.019999999996031,"BANDIT-02",6,1,None
63.019999999996031,"BANDIT-03",6,1,None
63.019999999996031,"BANDIT-04",6,1,None
63.219999999995991,"VIPER-01",6,1,None
63.219999999995991,"VIPER-02",6,1,None
63.219999999995991,"VIPER-03",6,1,None
63.219999999995991,"BANDIT-01",6,1,None
63.219999999995991,"BANDIT-02",6,1,None
63.219999999995991,"BANDIT-03",6,1,None
63.219999999995991,"BANDIT-04",6,1,None
63.419999999995952,"VIPER-01",6,1,None
63.419999999995952,"VIPER-02",6,1,None
63.419999999995952,"VIPER-03",6,1,None
63.419999999995952,"BANDIT-01",6,1,None
63.419999999995952,"BANDIT-02",6,1,None
63.419999999995952,"BANDIT-03",6,1,None
63.419999999995952,"BANDIT-04",6,1,None
63.619999999995912,"VIPER-01",6,1,None
63.619999999995912,"VIPER-02",6,1,None
63.619999999995912,"VIPER-03",6,1,None
63.619999999995912,"BANDIT-01",6,1,None
63.619999999995912,"BANDIT-02",6,1,None
63.619999999995912,"BANDIT-03",6,1,None
63.619999999995912,"BANDIT-04",6,1,None
63.819999999995872,"VIPER-01",6,1,None
63.819999999995872,"VIPER-02",6,1,None
63.819999999995872,"VIPER-03",6,1,None
63.819999999995872,"BANDIT-01",6,1,None
63.819999999995872,"BANDIT-02",6,1,None
63.819999999995872,"BANDIT-03",6,1,None
63.819999999995872,"BANDIT-04",6,1,None
64.019999999995846,"VIPER-01",6,1,None
64.019999999995846,"VIPER-02",6,1,None
64.019999999995846,"VIPER-03",6,1,None
64.019999999995846,"BANDIT-01",6,1,None
64.019999999995846,"BANDIT-02",6,1,None
64.019999999995846,"BANDIT-03",6,1,None
64.019999999995846,"BANDIT-04",6,1,None
64.219999999995949,"VIPER-01",6,1,None
64.219999999995949,"VIPER-02",6,1,None
64.219999999995949,"VIPER-03",6,1,None
64.219999999995949,"BANDIT-01",6,1,None
64.219999999995949,"BANDIT-02",6,1,None
64.219999999995949,"BANDIT-03",6,1,None
64.219999999995949,"BANDIT-04",6,1,None
64.419999999996051,"VIPER-01",6,1,None
64.419999999996051,"VIPER-02",6,1,None
64.419999999996051,"VIPER-03",6,1,None
64.419999999996051,"BANDIT-01",6,1,None
64.419999999996051,"BANDIT-02",6,1,None
64.419999999996051,"BANDIT-03",6,1,None
64.419999999996051,"BANDIT-04",6,1,None
64.619999999996153,"VIPER-01",6,1,None
64.619999999996153,"VIPER-02",6,1,None
64.619999999996153,"VIPER-03",6,1,None
64.619999999996153,"BANDIT-01",6,1,None
64.619999999996153,"BANDIT-02",6,1,None
64.619999999996153,"BANDIT-03",6,1,None
64.619999999996153,"BANDIT-04",6,1,None
64.819999999996256,"VIPER-01",6,1,None
64.819999999996256,"VIPER-02",6,1,None
64.819999999996256,"VIPER-03",6,1,None
64.819999999996256,"BANDIT-01",6,1,None
64.819999999996256,"BANDIT-02",6,1,None
64.819999999996256,"BANDIT-03",6,1,None
64.819999999996256,"BANDIT-04",6,1,None
65.019999999996358,"VIPER-01",6,1,None
65.019999999996358,"VIPER-02",6,1,None
65.019999999996358,"VIPER-03",6,1,None
65.019999999996358,"BANDIT-01",6,1,None
65.019999999996358,"BANDIT-02",6,1,None
65.019999999996358,"BANDIT-03",6,1,None
65.019999999996358,"BANDIT-04",6,1,None
65.21999999999646,"VIPER-01",6,1,None
65.21999999999646,"VIPER-02",6,1,None
65.21999999999646,"VIPER-03",6,1,None
65.21999999999646,"BANDIT-01",6,1,None
65.21999999999646,"BANDIT-02",6,1,None
65.21999999999646,"BANDIT-03",6,1,None
65.21999999999646,"BANDIT-04",6,1,None
65.419999999996563,"VIPER-01",6,1,None
65.419999999996563,"VIPER-02",6,1,None
65.419999999996563,"VIPER-03",6,1,None
65.419999999996563,"BANDIT-01",6,1,None
65.419999999996563,"BANDIT-02",6,1,None
65.419999999996563,"BANDIT-03",6,1,None
65.419999999996563,"BANDIT-04",6,1,None
65.619999999996665,"VIPER-01",6,1,None
65.619999999996665,"VIPER-02",6,1,None
65.619999999996665,"VIPER-03",6,1,None
65.619999999996665,"BANDIT-01",6,1,None
65.619999999996665,"BANDIT-02",6,1,None
65.619999999996665,"BANDIT-03",6,1,None
65.619999999996665,"BANDIT-04",6,1,None
65.819999999996767,"VIPER-01",6,1,None
65.819999999996767,"VIPER-02",6,1,None
65.819999999996767,"VIPER-03",6,1,None
65.819999999996767,"BANDIT-01",6,1,None
65.819999999996767,"BANDIT-02",6,1,None
65.819999999996767,"BANDIT-03",6,1,None
65.819999999996767,"BANDIT-04",6,1,None
66.01999999999687,"VIPER-01",6,1,None
66.01999999999687,"VIPER-02",6,1,None
66.01999999999687,"VIPER-03",6,1,None
66.01999999999687,"BANDIT-01",6,1,None
66.01999999999687,"BANDIT-02",6,1,None
66.01999999999687,"BANDIT-03",6,1,None
66.01999999999687,"BANDIT-04",6,1,None
66.219999999996972,"VIPER-01",6,1,None
66.219999999996972,"VIPER-02",6,1,None
66.219999999996972,"VIPER-03",6,1,None
66.219999999996972,"BANDIT-01",6,1,None
66.219999999996972,"BANDIT-02",6,1,None
66.219999999996972,"BANDIT-03",6,1,None
66.219999999996972,"BANDIT-04",6,1,None
66.419999999997074,"VIPER-01",6,1,None
66.419999999997074,"VIPER-02",6,1,None
66.419999999997074,"VIPER-03",6,1,None
66.419999999997074,"BANDIT-01",6,1,None
66.419999999997074,"BANDIT-02",6,1,None
66.419999999997074,"BANDIT-03",6,1,None
66.419999999997074,"BANDIT-04",6,1,None
66.619999999997177,"VIPER-01",6,1,None
66.619999999997177,"VIPER-02",6,1,None
66.619999999997177,"VIPER-03",6,1,None
66.619999999997177,"BANDIT-01",6,1,None
66.619999999997177,"BANDIT-02",6,1,None
66.619999999997177,"BANDIT-03",6,1,None
66.619999999997177,"BANDIT-04",6,1,None
66.819999999997279,"VIPER-01",6,1,None
66.819999999997279,"VIPER-02",6,1,None
66.819999999997279,"VIPER-03",6,1,None
66.819999999997279,"BANDIT-01",6,1,None
66.819999999997279,"BANDIT-02",6,1,None
66.819999999997279,"BANDIT-03",6,1,None
66.819999999997279,"BANDIT-04",6,1,None
67.019999999997381,"VIPER-01",6,1,None
67.019999999997381,"VIPER-02",6,1,None
67.019999999997381,"VIPER-03",6,1,None
67.019999999997381,"BANDIT-01",6,1,None
67.019999999997381,"BANDIT-02",6,1,None
67.019999999997381,"BANDIT-03",6,1,None
67.019999999997381,"BANDIT-04",6,1,None
67.219999999997484,"VIPER-01",6,1,None
67.219999999997484,"VIPER-02",6,1,None
67.219999999997484,"VIPER-03",6,1,None
67.219999999997484,"BANDIT-01",6,1,None
67.219999999997484,"BANDIT-02",6,1,None
67.219999999997484,"BANDIT-03",6,1,None
67.219999999997484,"BANDIT-04",6,1,None
67.419999999997586,"VIPER-01",6,1,None
67.419999999997586,"VIPER-02",6,1,None
67.419999999997586,"VIPER-03",6,1,None
67.419999999997586,"BANDIT-01",6,1,None
67.419999999997586,"BANDIT-02",6,1,None
67.419999999997586,"BANDIT-03",6,1,None
67.419999999997586,"BANDIT-04",6,1,None
67.619999999997688,"VIPER-01",6,1,None
67.619999999997688,"VIPER-02",6,1,None
67.619999999997688,"VIPER-03",6,1,None
67.619999999997688,"BANDIT-01",6,1,None
67.619999999997688,"BANDIT-02",6,1,None
67.619999999997688,"BANDIT-03",6,1,None
67.619999999997688,"BANDIT-04",6,1,None
67.81999999999779,"VIPER-01",6,1,None
67.81999999999779,"VIPER-02",6,1,None
67.81999999999779,"VIPER-03",6,1,None
67.81999999999779,"BANDIT-01",6,1,None
67.81999999999779,"BANDIT-02",6,1,None
67.81999999999779,"BANDIT-03",6,1,None
67.81999999999779,"BANDIT-04",6,1,None
68.019999999997893,"VIPER-01",6,1,None
68.019999999997893,"VIPER-02",6,1,None
68.019999999997893,"VIPER-03",6,1,None
68.019999999997893,"BANDIT-01",6,1,None
68.019999999997893,"BANDIT-02",6,1,None
68.019999999997893,"BANDIT-03",6,1,None
68.019999999997893,"BANDIT-04",6,1,None
68.219999999998,"VIPER-01",6,1,None
68.219999999998,"VIPER-02",6,1,None
68.219999999998,"VIPER-03",6,1,None
68.219999999998,"BANDIT-01",6,1,None
68.219999999998,"BANDIT-02",6,1,None
68.219999999998,"BANDIT-03",6,1,None
68.219999999998,"BANDIT-04",6,1,None
68.4199999999981,"VIPER-01",6,1,None
68.4199999999981,"VIPER-02",6,1,None
68.4199999999981,"VIPER-03",6,1,None
68.4199999999981,"BANDIT-01",6,1,None
68.4199999999981,"BANDIT-02",6,1,None
68.4199999999981,"BANDIT-03",6,1,None
68.4199999999981,"BANDIT-04",6,1,None
68.6199999999982,"VIPER-01",6,1,None
68.6199999999982,"VIPER-02",6,1,None
68.6199999999982,"VIPER-03",6,1,None
68.6199999999982,"BANDIT-01",6,1,None
68.6199999999982,"BANDIT-02",6,1,None
68.6199999999982,"BANDIT-03",6,1,None
68.6199999999982,"BANDIT-04",6,1,None
68.8199999999983,"VIPER-01",6,1,None
68.8199999999983,"VIPER-02",6,1,None
68.8199999999983,"VIPER-03",6,1,None
68.8199999999983,"BANDIT-01",6,1,None
68.8199999999983,"BANDIT-02",6,1,None
68.8199999999983,"BANDIT-03",6,1,None
68.8199999999983,"BANDIT-04",6,1,None
69.0199999999984,"VIPER-01",6,1,None
69.0199999999984,"VIPER-02",6,1,None
69.0199999999984,"VIPER-03",6,1,None
69.0199999999984,"BANDIT-01",6,1,None
69.0199999999984,"BANDIT-02",6,1,None
69.0199999999984,"BANDIT-03",6,1,None
69.0199999999984,"BANDIT-04",6,1,None
69.2199999999985,"VIPER-01",6,1,None
69.2199999999985,"VIPER-02",6,1,None
69.2199999999985,"VIPER-03",6,1,None
69.2199999999985,"BANDIT-01",6,1,None
69.2199999999985,"BANDIT-02",6,1,None
69.2199999999985,"BANDIT-03",6,1,None
69.2199999999985,"BANDIT-04",6,1,None
69.419999999998609,"VIPER-01",6,1,None
69.419999999998609,"VIPER-02",6,1,None
69.419999999998609,"VIPER-03",6,1,None
69.419999999998609,"BANDIT-01",6,1,None
69.419999999998609,"BANDIT-02",6,1,None
69.419999999998609,"BANDIT-03",6,1,None
69.419999999998609,"BANDIT-04",6,1,None
69.619999999998711,"VIPER-01",6,1,None
69.619999999998711,"VIPER-02",6,1,None
69.619999999998711,"VIPER-03",6,1,None
69.619999999998711,"BANDIT-01",6,1,None
69.619999999998711,"BANDIT-02",6,1,None
69.619999999998711,"BANDIT-03",6,1,None
69.619999999998711,"BANDIT-04",6,1,None
69.819999999998814,"VIPER-01",6,1,None
69.819999999998814,"VIPER-02",6,1,None
69.819999999998814,"VIPER-03",6,1,None
69.819999999998814,"BANDIT-01",6,1,None
69.819999999998814,"BANDIT-02",6,1,None
69.819999999998814,"BANDIT-03",6,1,None
69.819999999998814,"BANDIT-04",6,1,None
70.019999999998916,"VIPER-01",6,1,None
70.019999999998916,"VIPER-02",6,1,None
70.019999999998916,"VIPER-03",6,1,None
70.019999999998916,"BANDIT-01",6,1,None
70.019999999998916,"BANDIT-02",6,1,None
70.019999999998916,"BANDIT-03",6,1,None
70.019999999998916,"BANDIT-04",6,1,None
70.219999999999018,"VIPER-01",6,1,None
70.219999999999018,"VIPER-02",6,1,None
70.219999999999018,"VIPER-03",6,1,None
70.219999999999018,"BANDIT-01",6,1,None
70.219999999999018,"BANDIT-02",6,1,None
70.219999999999018,"BANDIT-03",6,1,None
70.219999999999018,"BANDIT-04",6,1,None
70.419999999999121,"VIPER-01",6,1,None
70.419999999999121,"VIPER-02",6,1,None
70.419999999999121,"VIPER-03",6,1,None
70.419999999999121,"BANDIT-01",6,1,None
70.419999999999121,"BANDIT-02",6,1,None
70.419999999999121,"BANDIT-03",6,1,None
70.419999999999121,"BANDIT-04",6,1,None
70.619999999999223,"VIPER-01",6,1,None
70.619999999999223,"VIPER-02",6,1,None
70.619999999999223,"VIPER-03",6,1,None
70.619999999999223,"BANDIT-01",6,1,None
70.619999999999223,"BANDIT-02",6,1,None
70.619999999999223,"BANDIT-03",6,1,None
70.619999999999223,"BANDIT-04",6,1,None
70.819999999999325,"VIPER-01",6,1,None
70.819999999999325,"VIPER-02",6,1,None
70.819999999999325,"VIPER-03",6,1,None
70.819999999999325,"BANDIT-01",6,1,None
70.819999999999325,"BANDIT-02",6,1,None
70.819999999999325,"BANDIT-03",6,1,None
70.819999999999325,"BANDIT-04",6,1,None
71.019999999999428,"VIPER-01",6,1,None
71.019999999999428,"VIPER-02",6,1,None
71.019999999999428,"VIPER-03",6,1,None
71.019999999999428,"BANDIT-01",6,1,None
71.019999999999428,"BANDIT-02",6,1,None
71.019999999999428,"BANDIT-03",6,1,None
71.019999999999428,"BANDIT-04",6,1,None
71.21999999999953,"VIPER-01",6,1,None
71.21999999999953,"VIPER-02",6,1,None
71.21999999999953,"VIPER-03",6,1,None
71.21999999999953,"BANDIT-01",6,1,None
71.21999999999953,"BANDIT-02",6,1,None
71.21999999999953,"BANDIT-03",6,1,None
71.21999999999953,"BANDIT-04",6,1,None
71.419999999999632,"VIPER-01",6,1,None
71.419999999999632,"VIPER-02",6,1,None
71.419999999999632,"VIPER-03",6,1,None
71.419999999999632,"BANDIT-01",6,1,None
71.419999999999632,"BANDIT-02",6,1,None
71.419999999999632,"BANDIT-03",6,1,None
71.419999999999632,"BANDIT-04",6,1,None
71.619999999999735,"VIPER-01",6,1,None
71.619999999999735,"VIPER-02",6,1,None
71.619999999999735,"VIPER-03",6,1,None
71.619999999999735,"BANDIT-01",6,1,None
71.619999999999735,"BANDIT-02",6,1,None
71.619999999999735,"BANDIT-03",6,1,None
71.619999999999735,"BANDIT-04",6,1,None
71.819999999999837,"VIPER-01",6,1,None
71.819999999999837,"VIPER-02",6,1,None
71.819999999999837,"VIPER-03",6,1,None
71.819999999999837,"BANDIT-01",6,1,None
71.819999999999837,"BANDIT-02",6,1,None
71.819999999999837,"BANDIT-03",6,1,None
71.819999999999837,"BANDIT-04",6,1,None
72.019999999999939,"VIPER-01",6,1,None
72.019999999999939,"VIPER-02",6,1,None
72.019999999999939,"VIPER-03",6,1,None
72.019999999999939,"BANDIT-01",6,1,None
72.019999999999939,"BANDIT-02",6,1,None
72.019999999999939,"BANDIT-03",6,1,None
72.019999999999939,"BANDIT-04",6,1,None
72.220000000000041,"VIPER-01",6,1,None
72.220000000000041,"VIPER-02",6,1,None
72.220000000000041,"VIPER-03",6,1,None
72.220000000000041,"BANDIT-01",6,1,None
72.220000000000041,"BANDIT-02",6,1,None
72.220000000000041,"BANDIT-03",6,1,None
72.220000000000041,"BANDIT-04",6,1,None
72.420000000000144,"VIPER-01",6,1,None
72.420000000000144,"VIPER-02",6,1,None
72.420000000000144,"VIPER-03",6,1,None
72.420000000000144,"BANDIT-01",6,1,None
72.420000000000144,"BANDIT-02",6,1,None
72.420000000000144,"BANDIT-03",6,1,None
72.420000000000144,"BANDIT-04",6,1,None
72.620000000000246,"VIPER-01",6,1,None
72.620000000000246,"VIPER-02",6,1,None
72.620000000000246,"VIPER-03",6,1,None
72.620000000000246,"BANDIT-01",6,1,None
72.620000000000246,"BANDIT-02",6,1,None
72.620000000000246,"BANDIT-03",6,1,None
72.620000000000246,"BANDIT-04",6,1,None
72.820000000000348,"VIPER-01",6,1,None
72.820000000000348,"VIPER-02",6,1,None
72.820000000000348,"VIPER-03",6,1,None
72.820000000000348,"BANDIT-01",6,1,None
72.820000000000348,"BANDIT-02",6,1,None
72.820000000000348,"BANDIT-03",6,1,None
72.820000000000348,"BANDIT-04",6,1,None
73.020000000000451,"VIPER-01",6,1,None
73.020000000000451,"VIPER-02",6,1,None
73.020000000000451,"VIPER-03",6,1,None
73.020000000000451,"BANDIT-01",6,1,None
73.020000000000451,"BANDIT-02",6,1,None
73.020000000000451,"BANDIT-03",6,1,None
73.020000000000451,"BANDIT-04",6,1,None
73.220000000000553,"VIPER-01",6,1,None
73.220000000000553,"VIPER-02",6,1,None
73.220000000000553,"VIPER-03",6,1,None
73.220000000000553,"BANDIT-01",6,1,None
73.220000000000553,"BANDIT-02",6,1,None
73.220000000000553,"BANDIT-03",6,1,None
73.220000000000553,"BANDIT-04",6,1,None
73.420000000000655,"VIPER-01",6,1,None
73.420000000000655,"VIPER-02",6,1,None
73.420000000000655,"VIPER-03",6,1,None
73.420000000000655,"BANDIT-01",6,1,None
73.420000000000655,"BANDIT-02",6,1,None
73.420000000000655,"BANDIT-03",6,1,None
73.420000000000655,"BANDIT-04",6,1,None
73.620000000000758,"VIPER-01",6,1,None
73.620000000000758,"VIPER-02",6,1,None
73.620000000000758,"VIPER-03",6,1,None
73.620000000000758,"BANDIT-01",6,1,None
73.620000000000758,"BANDIT-02",6,1,None
73.620000000000758,"BANDIT-03",6,1,None
73.620000000000758,"BANDIT-04",6,1,None
73.82000000000086,"VIPER-01",6,1,None
73.82000000000086,"VIPER-02",6,1,None
73.82000000000086,"VIPER-03",6,1,None
73.82000000000086,"BANDIT-01",6,1,None
73.82000000000086,"BANDIT-02",6,1,None
73.82000000000086,"BANDIT-03",6,1,None
73.82000000000086,"BANDIT-04",6,1,None
74.020000000000962,"VIPER-01",6,1,None
74.020000000000962,"VIPER-02",6,1,None
74.020000000000962,"VIPER-03",6,1,None
74.020000000000962,"BANDIT-01",6,1,None
74.020000000000962,"BANDIT-02",6,1,None
74.020000000000962,"BANDIT-03",6,1,None
74.020000000000962,"BANDIT-04",6,1,None
74.220000000001065,"VIPER-01",6,1,None
74.220000000001065,"VIPER-02",6,1,None
74.220000000001065,"VIPER-03",6,1,None
74.220000000001065,"BANDIT-01",6,1,None
74.220000000001065,"BANDIT-02",6,1,None
74.220000000001065,"BANDIT-03",6,1,None
74.220000000001065,"BANDIT-04",6,1,None
74.420000000001167,"VIPER-01",6,1,None
74.420000000001167,"VIPER-02",6,1,None
74.420000000001167,"VIPER-03",6,1,None
74.420000000001167,"BANDIT-01",6,1,None
74.420000000001167,"BANDIT-02",6,1,None
74.420000000001167,"BANDIT-03",6,1,None
74.420000000001167,"BANDIT-04",6,1,None
74.620000000001269,"VIPER-01",6,1,None
74.620000000001269,"VIPER-02",6,1,None
74.620000000001269,"VIPER-03",6,1,None
74.620000000001269,"BANDIT-01",6,1,None
74.620000000001269,"BANDIT-02",6,1,None
74.620000000001269,"BANDIT-03",6,1,None
74.620000000001269,"BANDIT-04",6,1,None
74.820000000001372,"VIPER-01",6,1,None
74.820000000001372,"VIPER-02",6,1,None
74.820000000001372,"VIPER-03",6,1,None
74.820000000001372,"BANDIT-01",6,1,None
74.820000000001372,"BANDIT-02",6,1,None
74.820000000001372,"BANDIT-03",6,1,None
74.820000000001372,"BANDIT-04",6,1,None
75.020000000001474,"VIPER-01",6,1,None
75.020000000001474,"VIPER-02",6,1,None
75.020000000001474,"VIPER-03",6,1,None
75.020000000001474,"BANDIT-01",6,1,None
75.020000000001474,"BANDIT-02",6,1,None
75.020000000001474,"BANDIT-03",6,1,None
75.020000000001474,"BANDIT-04",6,1,None
75.220000000001576,"VIPER-01",6,1,None
75.220000000001576,"VIPER-02",6,1,None
75.220000000001576,"VIPER-03",6,1,None
75.220000000001576,"BANDIT-01",6,1,None
75.220000000001576,"BANDIT-02",6,1,None
75.220000000001576,"BANDIT-03",6,1,None
75.220000000001576,"BANDIT-04",6,1,None
75.420000000001679,"VIPER-01",6,1,None
75.420000000001679,"VIPER-02",6,1,None
75.420000000001679,"VIPER-03",6,1,None
75.420000000001679,"BANDIT-01",6,1,None
75.420000000001679,"BANDIT-02",6,1,None
75.420000000001679,"BANDIT-03",6,1,None
75.420000000001679,"BANDIT-04",6,1,None
75.620000000001781,"VIPER-01",6,1,None
75.620000000001781,"VIPER-02",6,1,None
75.620000000001781,"VIPER-03",6,1,None
75.620000000001781,"BANDIT-01",6,1,None
75.620000000001781,"BANDIT-02",6,1,None
75.620000000001781,"BANDIT-03",6,1,None
75.620000000001781,"BANDIT-04",6,1,None
75.820000000001883,"VIPER-01",6,1,None
75.820000000001883,"VIPER-02",6,1,None
75.820000000001883,"VIPER-03",6,1,None
75.820000000001883,"BANDIT-01",6,1,None
75.820000000001883,"BANDIT-02",6,1,None
75.820000000001883,"BANDIT-03",6,1,None
75.820000000001883,"BANDIT-04",6,1,None
76.020000000001986,"VIPER-01",6,1,None
76.020000000001986,"VIPER-02",6,1,None
76.020000000001986,"VIPER-03",6,1,None
76.020000000001986,"BANDIT-01",6,1,None
76.020000000001986,"BANDIT-02",6,1,None
76.020000000001986,"BANDIT-03",6,1,None
76.020000000001986,"BANDIT-04",6,1,None
76.220000000002088,"VIPER-01",6,1,None
76.220000000002088,"VIPER-02",6,1,None
76.220000000002088,"VIPER-03",6,1,None
76.220000000002088,"BANDIT-01",6,1,None
76.220000000002088,"BANDIT-02",6,1,None
76.220000000002088,"BANDIT-03",6,1,None
76.220000000002088,"BANDIT-04",6,1,None
76.42000000000219,"VIPER-01",6,1,None
76.42000000000219,"VIPER-02",6,1,None
76.42000000000219,"VIPER-03",6,1,None
76.42000000000219,"BANDIT-01",6,1,None
76.42000000000219,"BANDIT-02",6,1,None
76.42000000000219,"BANDIT-03",6,1,None
76.42000000000219,"BANDIT-04",6,1,None
76.620000000002292,"VIPER-01",6,1,None
76.620000000002292,"VIPER-02",6,1,None
76.620000000002292,"VIPER-03",6,1,None
76.620000000002292,"BANDIT-01",6,1,None
76.620000000002292,"BANDIT-02",6,1,None
76.620000000002292,"BANDIT-03",6,1,None
76.620000000002292,"BANDIT-04",6,1,None
76.8200000000024,"VIPER-01",6,1,None
76.8200000000024,"VIPER-02",6,1,None
76.8200000000024,"VIPER-03",6,1,None
76.8200000000024,"BANDIT-01",6,1,None
76.8200000000024,"BANDIT-02",6,1,None
76.8200000000024,"BANDIT-03",6,1,None
76.8200000000024,"BANDIT-04",6,1,None
77.0200000000025,"VIPER-01",6,1,None
77.0200000000025,"VIPER-02",6,1,None
77.0200000000025,"VIPER-03",6,1,None
77.0200000000025,"BANDIT-01",6,1,None
77.0200000000025,"BANDIT-02",6,1,None
77.0200000000025,"BANDIT-03",6,1,None
77.0200000000025,"BANDIT-04",6,1,None
77.2200000000026,"VIPER-01",6,1,None
77.2200000000026,"VIPER-02",6,1,None
77.2200000000026,"VIPER-03",6,1,None
77.2200000000026,"BANDIT-01",6,1,None
77.2200000000026,"BANDIT-02",6,1,None
77.2200000000026,"BANDIT-03",6,1,None
77.2200000000026,"BANDIT-04",6,1,None
77.4200000000027,"VIPER-01",6,1,None
77.4200000000027,"VIPER-02",6,1,None
77.4200000000027,"VIPER-03",6,1,None
77.4200000000027,"BANDIT-01",6,1,None
77.4200000000027,"BANDIT-02",6,1,None
77.4200000000027,"BANDIT-03",6,1,None
77.4200000000027,"BANDIT-04",6,1,None
77.6200000000028,"VIPER-01",6,1,None
77.6200000000028,"VIPER-02",6,1,None
77.6200000000028,"VIPER-03",6,1,None
77.6200000000028,"BANDIT-01",6,1,None
77.6200000000028,"BANDIT-02",6,1,None
77.6200000000028,"BANDIT-03",6,1,None
77.6200000000028,"BANDIT-04",6,1,None
77.8200000000029,"VIPER-01",6,1,None
77.8200000000029,"VIPER-02",6,1,None
77.8200000000029,"VIPER-03",6,1,None
77.8200000000029,"BANDIT-01",6,1,None
77.8200000000029,"BANDIT-02",6,1,None
77.8200000000029,"BANDIT-03",6,1,None
77.8200000000029,"BANDIT-04",6,1,None
78.020000000003009,"VIPER-01",6,1,None
78.020000000003009,"VIPER-02",6,1,None
78.020000000003009,"VIPER-03",6,1,None
78.020000000003009,"BANDIT-01",6,1,None
78.020000000003009,"BANDIT-02",6,1,None
78.020000000003009,"BANDIT-03",6,1,None
78.020000000003009,"BANDIT-04",6,1,None
78.220000000003111,"VIPER-01",6,1,None
78.220000000003111,"VIPER-02",6,1,None
78.220000000003111,"VIPER-03",6,1,None
78.220000000003111,"BANDIT-01",6,1,None
78.220000000003111,"BANDIT-02",6,1,None
78.220000000003111,"BANDIT-03",6,1,None
78.220000000003111,"BANDIT-04",6,1,None
78.420000000003213,"VIPER-01",6,1,None
78.420000000003213,"VIPER-02",6,1,None
78.420000000003213,"VIPER-03",6,1,None
78.420000000003213,"BANDIT-01",6,1,None
78.420000000003213,"BANDIT-02",6,1,None
78.420000000003213,"BANDIT-03",6,1,None
78.420000000003213,"BANDIT-04",6,1,None
78.620000000003316,"VIPER-01",6,1,None
78.620000000003316,"VIPER-02",6,1,None
78.620000000003316,"VIPER-03",6,1,None
78.620000000003316,"BANDIT-01",6,1,None
78.620000000003316,"BANDIT-02",6,1,None
78.620000000003316,"BANDIT-03",6,1,None
78.620000000003316,"BANDIT-04",6,1,None
78.820000000003418,"VIPER-01",6,1,None
78.820000000003418,"VIPER-02",6,1,None
78.820000000003418,"VIPER-03",6,1,None
78.820000000003418,"BANDIT-01",6,1,None
78.820000000003418,"BANDIT-02",6,1,None
78.820000000003418,"BANDIT-03",6,1,None
78.820000000003418,"BANDIT-04",6,1,None
79.02000000000352,"VIPER-01",6,1,None
79.02000000000352,"VIPER-02",6,1,None
79.02000000000352,"VIPER-03",6,1,None
79.02000000000352,"BANDIT-01",6,1,None
79.02000000000352,"BANDIT-02",6,1,None
79.02000000000352,"BANDIT-03",6,1,None
79.02000000000352,"BANDIT-04",6,1,None
79.220000000003623,"VIPER-01",6,1,None
79.220000000003623,"VIPER-02",6,1,None
79.220000000003623,"VIPER-03",6,1,None
79.220000000003623,"BANDIT-01",6,1,None
79.220000000003623,"BANDIT-02",6,1,None
79.220000000003623,"BANDIT-03",6,1,None
79.220000000003623,"BANDIT-04",6,1,None
79.420000000003725,"VIPER-01",6,1,None
79.420000000003725,"VIPER-02",6,1,None
79.420000000003725,"VIPER-03",6,1,None
79.420000000003725,"BANDIT-01",6,1,None
79.420000000003725,"BANDIT-02",6,1,None
79.420000000003725,"BANDIT-03",6,1,None
79.420000000003725,"BANDIT-04",6,1,None
79.620000000003827,"VIPER-01",6,1,None
79.620000000003827,"VIPER-02",6,1,None
79.620000000003827,"VIPER-03",6,1,None
79.620000000003827,"BANDIT-01",6,1,None
79.620000000003827,"BANDIT-02",6,1,None
79.620000000003827,"BANDIT-03",6,1,None
79.620000000003827,"BANDIT-04",6,1,None
79.82000000000393,"VIPER-01",6,1,None
79.82000000000393,"VIPER-02",6,1,None
79.82000000000393,"VIPER-03",6,1,None
79.82000000000393,"BANDIT-01",6,1,None
79.82000000000393,"BANDIT-02",6,1,None
79.82000000000393,"BANDIT-03",6,1,None
79.82000000000393,"BANDIT-04",6,1,None
80.020000000004032,"VIPER-01",6,1,None
80.020000000004032,"VIPER-02",6,1,None
80.020000000004032,"VIPER-03",6,1,None
80.020000000004032,"BANDIT-01",6,1,None
80.020000000004032,"BANDIT-02",6,1,None
80.020000000004032,"BANDIT-03",6,1,None
80.020000000004032,"BANDIT-04",6,1,None
80.220000000004134,"VIPER-01",6,1,None
80.220000000004134,"VIPER-02",6,1,None
80.220000000004134,"VIPER-03",6,1,None
80.220000000004134,"BANDIT-01",6,1,None
80.220000000004134,"BANDIT-02",6,1,None
80.220000000004134,"BANDIT-03",6,1,None
80.220000000004134,"BANDIT-04",6,1,None
80.420000000004237,"VIPER-01",6,1,None
80.420000000004237,"VIPER-02",6,1,None
80.420000000004237,"VIPER-03",6,1,None
80.420000000004237,"BANDIT-01",6,1,None
80.420000000004237,"BANDIT-02",6,1,None
80.420000000004237,"BANDIT-03",6,1,None
80.420000000004237,"BANDIT-04",6,1,None
80.620000000004339,"VIPER-01",6,1,None
80.620000000004339,"VIPER-02",6,1,None
80.620000000004339,"VIPER-03",6,1,None
80.620000000004339,"BANDIT-01",6,1,None
80.620000000004339,"BANDIT-02",6,1,None
80.620000000004339,"BANDIT-03",6,1,None
80.620000000004339,"BANDIT-04",6,1,None
80.820000000004441,"VIPER-01",6,1,None
80.820000000004441,"VIPER-02",6,1,None
80.820000000004441,"VIPER-03",6,1,None
80.820000000004441,"BANDIT-01",6,1,None
80.820000000004441,"BANDIT-02",6,1,None
80.820000000004441,"BANDIT-03",6,1,None
80.820000000004441,"BANDIT-04",6,1,None
81.020000000004543,"VIPER-01",6,1,None
81.020000000004543,"VIPER-02",6,1,None
81.020000000004543,"VIPER-03",6,1,None
81.020000000004543,"BANDIT-01",6,1,None
81.020000000004543,"BANDIT-02",6,1,None
81.020000000004543,"BANDIT-03",6,1,None
81.020000000004543,"BANDIT-04",6,1,None
81.220000000004646,"VIPER-01",6,1,None
81.220000000004646,"VIPER-02",6,1,None
81.220000000004646,"VIPER-03",6,1,None
81.220000000004646,"BANDIT-01",6,1,None
81.220000000004646,"BANDIT-02",6,1,None
81.220000000004646,"BANDIT-03",6,1,None
81.220000000004646,"BANDIT-04",6,1,None
81.420000000004748,"VIPER-01",6,1,None
81.420000000004748,"VIPER-02",6,1,None
81.420000000004748,"VIPER-03",6,1,None
81.420000000004748,"BANDIT-01",6,1,None
81.420000000004748,"BANDIT-02",6,1,None
81.420000000004748,"BANDIT-03",6,1,None
81.420000000004748,"BANDIT-04",6,1,None
81.62000000000485,"VIPER-01",6,1,None
81.62000000000485,"VIPER-02",6,1,None
81.62000000000485,"VIPER-03",6,1,None
81.62000000000485,"BANDIT-01",6,1,None
81.62000000000485,"BANDIT-02",6,1,None
81.62000000000485,"BANDIT-03",6,1,None
81.62000000000485,"BANDIT-04",6,1,None
81.820000000004953,"VIPER-01",6,1,None
81.820000000004953,"VIPER-02",6,1,None
81.820000000004953,"VIPER-03",6,1,None
81.820000000004953,"BANDIT-01",6,1,None
81.820000000004953,"BANDIT-02",6,1,None
81.820000000004953,"BANDIT-03",6,1,None
81.820000000004953,"BANDIT-04",6,1,None
82.020000000005055,"VIPER-01",6,1,None
82.020000000005055,"VIPER-02",6,1,None
82.020000000005055,"VIPER-03",6,1,None
82.020000000005055,"BANDIT-01",6,1,None
82.020000000005055,"BANDIT-02",6,1,None
82.020000000005055,"BANDIT-03",6,1,None
82.020000000005055,"BANDIT-04",6,1,None
82.220000000005157,"VIPER-01",6,1,None
82.220000000005157,"VIPER-02",6,1,None
82.220000000005157,"VIPER-03",6,1,None
82.220000000005157,"BANDIT-01",6,1,None
82.220000000005157,"BANDIT-02",6,1,None
82.220000000005157,"BANDIT-03",6,1,None
82.220000000005157,"BANDIT-04",6,1,None
82.42000000000526,"VIPER-01",6,1,None
82.42000000000526,"VIPER-02",6,1,None
82.42000000000526,"VIPER-03",6,1,None
82.42000000000526,"BANDIT-01",6,1,None
82.42000000000526,"BANDIT-02",6,1,None
82.42000000000526,"BANDIT-03",6,1,None
82.42000000000526,"BANDIT-04",6,1,None
82.620000000005362,"VIPER-01",6,1,None
82.620000000005362,"VIPER-02",6,1,None
82.620000000005362,"VIPER-03",6,1,None
82.620000000005362,"BANDIT-01",6,1,None
82.620000000005362,"BANDIT-02",6,1,None
82.620000000005362,"BANDIT-03",6,1,None
82.620000000005362,"BANDIT-04",6,1,None
82.820000000005464,"VIPER-01",6,1,None
82.820000000005464,"VIPER-02",6,1,None
82.820000000005464,"VIPER-03",6,1,None
82.820000000005464,"BANDIT-01",6,1,None
82.820000000005464,"BANDIT-02",6,1,None
82.820000000005464,"BANDIT-03",6,1,None
82.820000000005464,"BANDIT-04",6,1,None
83.020000000005567,"VIPER-01",6,1,None
83.020000000005567,"VIPER-02",6,1,None
83.020000000005567,"VIPER-03",6,1,None
83.020000000005567,"BANDIT-01",6,1,None
83.020000000005567,"BANDIT-02",6,1,None
83.020000000005567,"BANDIT-03",6,1,None
83.020000000005567,"BANDIT-04",6,1,None
83.220000000005669,"VIPER-01",6,1,None
83.220000000005669,"VIPER-02",6,1,None
83.220000000005669,"VIPER-03",6,1,None
83.220000000005669,"BANDIT-01",6,1,None
83.220000000005669,"BANDIT-02",6,1,None
83.220000000005669,"BANDIT-03",6,1,None
83.220000000005669,"BANDIT-04",6,1,None
83.420000000005771,"VIPER-01",6,1,None
83.420000000005771,"VIPER-02",6,1,None
83.420000000005771,"VIPER-03",6,1,None
83.420000000005771,"BANDIT-01",6,1,None
83.420000000005771,"BANDIT-02",6,1,None
83.420000000005771,"BANDIT-03",6,1,None
83.420000000005771,"BANDIT-04",6,1,None
83.620000000005874,"VIPER-01",6,1,None
83.620000000005874,"VIPER-02",6,1,None
83.620000000005874,"VIPER-03",6,1,None
83.620000000005874,"BANDIT-01",6,1,None
83.620000000005874,"BANDIT-02",6,1,None
83.620000000005874,"BANDIT-03",6,1,None
83.620000000005874,"BANDIT-04",6,1,None
83.820000000005976,"VIPER-01",6,1,None
83.820000000005976,"VIPER-02",6,1,None
83.820000000005976,"VIPER-03",6,1,None
83.820000000005976,"BANDIT-01",6,1,None
83.820000000005976,"BANDIT-02",6,1,None
83.820000000005976,"BANDIT-03",6,1,None
83.820000000005976,"BANDIT-04",6,1,None
84.020000000006078,"VIPER-01",6,1,None
84.020000000006078,"VIPER-02",6,1,None
84.020000000006078,"VIPER-03",6,1,None
84.020000000006078,"BANDIT-01",6,1,None
84.020000000006078,"BANDIT-02",6,1,None
84.020000000006078,"BANDIT-03",6,1,None
84.020000000006078,"BANDIT-04",6,1,None
84.220000000006181,"VIPER-01",6,1,None
84.220000000006181,"VIPER-02",6,1,None
84.220000000006181,"VIPER-03",6,1,None
84.220000000006181,"BANDIT-01",6,1,None
84.220000000006181,"BANDIT-02",6,1,None
84.220000000006181,"BANDIT-03",6,1,None
84.220000000006181,"BANDIT-04",6,1,None
84.420000000006283,"VIPER-01",6,1,None
84.420000000006283,"VIPER-02",6,1,None
84.420000000006283,"VIPER-03",6,1,None
84.420000000006283,"BANDIT-01",6,1,None
84.420000000006283,"BANDIT-02",6,1,None
84.420000000006283,"BANDIT-03",6,1,None
84.420000000006283,"BANDIT-04",6,1,None
84.620000000006385,"VIPER-01",6,1,None
84.620000000006385,"VIPER-02",6,1,None
84.620000000006385,"VIPER-03",6,1,None
84.620000000006385,"BANDIT-01",6,1,None
84.620000000006385,"BANDIT-02",6,1,None
84.620000000006385,"BANDIT-03",6,1,None
84.620000000006385,"BANDIT-04",6,1,None
84.820000000006488,"VIPER-01",6,1,None
84.820000000006488,"VIPER-02",6,1,None
84.820000000006488,"VIPER-03",6,1,None
84.820000000006488,"BANDIT-01",6,1,None
84.820000000006488,"BANDIT-02",6,1,None
84.820000000006488,"BANDIT-03",6,1,None
84.820000000006488,"BANDIT-04",6,1,None
85.02000000000659,"VIPER-01",6,1,None
85.02000000000659,"VIPER-02",6,1,None
85.02000000000659,"VIPER-03",6,1,None
85.02000000000659,"BANDIT-01",6,1,None
85.02000000000659,"BANDIT-02",6,1,None
85.02000000000659,"BANDIT-03",6,1,None
85.02000000000659,"BANDIT-04",6,1,None
85.220000000006692,"VIPER-01",6,1,None
85.220000000006692,"VIPER-02",6,1,None
85.220000000006692,"VIPER-03",6,1,None
85.220000000006692,"BANDIT-01",6,1,None
85.220000000006692,"BANDIT-02",6,1,None
85.220000000006692,"BANDIT-03",6,1,None
85.220000000006692,"BANDIT-04",6,1,None
85.4200000000068,"VIPER-01",6,1,None
85.4200000000068,"VIPER-02",6,1,None
85.4200000000068,"VIPER-03",6,1,None
85.4200000000068,"BANDIT-01",6,1,None
85.4200000000068,"BANDIT-02",6,1,None
85.4200000000068,"BANDIT-03",6,1,None
85.4200000000068,"BANDIT-04",6,1,None
85.6200000000069,"VIPER-01",6,1,None
85.6200000000069,"VIPER-02",6,1,None
85.6200000000069,"VIPER-03",6,1,None
85.6200000000069,"BANDIT-01",6,1,None
85.6200000000069,"BANDIT-02",6,1,None
85.6200000000069,"BANDIT-03",6,1,None
85.6200000000069,"BANDIT-04",6,1,None
85.820000000007,"VIPER-01",6,1,None
85.820000000007,"VIPER-02",6,1,None
85.820000000007,"VIPER-03",6,1,None
85.820000000007,"BANDIT-01",6,1,None
85.820000000007,"BANDIT-02",6,1,None
85.820000000007,"BANDIT-03",6,1,None
85.820000000007,"BANDIT-04",6,1,None
86.0200000000071,"VIPER-01",6,1,None
86.0200000000071,"VIPER-02",6,1,None
86.0200000000071,"VIPER-03",6,1,None
86.0200000000071,"BANDIT-01",6,1,None
86.0200000000071,"BANDIT-02",6,1,None
86.0200000000071,"BANDIT-03",6,1,None
86.0200000000071,"BANDIT-04",6,1,None
86.2200000000072,"VIPER-01",6,1,None
86.2200000000072,"VIPER-02",6,1,None
86.2200000000072,"VIPER-03",6,1,None
86.2200000000072,"BANDIT-01",6,1,None
86.2200000000072,"BANDIT-02",6,1,None
86.2200000000072,"BANDIT-03",6,1,None
86.2200000000072,"BANDIT-04",6,1,None
86.4200000000073,"VIPER-01",6,1,None
86.4200000000073,"VIPER-02",6,1,None
86.4200000000073,"VIPER-03",6,1,None
86.4200000000073,"BANDIT-01",6,1,None
86.4200000000073,"BANDIT-02",6,1,None
86.4200000000073,"BANDIT-03",6,1,None
86.4200000000073,"BANDIT-04",6,1,None
86.620000000007408,"VIPER-01",6,1,None
86.620000000007408,"VIPER-02",6,1,None
86.620000000007408,"VIPER-03",6,1,None
86.620000000007408,"BANDIT-01",6,1,None
86.620000000007408,"BANDIT-02",6,1,None
86.620000000007408,"BANDIT-03",6,1,None
86.620000000007408,"BANDIT-04",6,1,None
86.820000000007511,"VIPER-01",6,1,None
86.820000000007511,"VIPER-02",6,1,None
86.820000000007511,"VIPER-03",6,1,None
86.820000000007511,"BANDIT-01",6,1,None
86.820000000007511,"BANDIT-02",6,1,None
86.820000000007511,"BANDIT-03",6,1,None
86.820000000007511,"BANDIT-04",6,1,None
87.020000000007613,"VIPER-01",6,1,None
87.020000000007613,"VIPER-02",6,1,None
87.020000000007613,"VIPER-03",6,1,None
87.020000000007613,"BANDIT-01",6,1,None
87.020000000007613,"BANDIT-02",6,1,None
87.020000000007613,"BANDIT-03",6,1,None
87.020000000007613,"BANDIT-04",6,1,None
87.220000000007715,"VIPER-01",6,1,None
87.220000000007715,"VIPER-02",6,1,None
87.220000000007715,"VIPER-03",6,1,None
87.220000000007715,"BANDIT-01",6,1,None
87.220000000007715,"BANDIT-02",6,1,None
87.220000000007715,"BANDIT-03",6,1,None
87.220000000007715,"BANDIT-04",6,1,None
87.420000000007818,"VIPER-01",6,1,None
87.420000000007818,"VIPER-02",6,1,None
87.420000000007818,"VIPER-03",6,1,None
87.420000000007818,"BANDIT-01",6,1,None
87.420000000007818,"BANDIT-02",6,1,None
87.420000000007818,"BANDIT-03",6,1,None
87.420000000007818,"BANDIT-04",6,1,None
87.62000000000792,"VIPER-01",6,1,None
87.62000000000792,"VIPER-02",6,1,None
87.62000000000792,"VIPER-03",6,1,None
87.62000000000792,"BANDIT-01",6,1,None
87.62000000000792,"BANDIT-02",6,1,None
87.62000000000792,"BANDIT-03",6,1,None
87.62000000000792,"BANDIT-04",6,1,None
87.820000000008022,"VIPER-01",6,1,None
87.820000000008022,"VIPER-02",6,1,None
87.820000000008022,"VIPER-03",6,1,None
87.820000000008022,"BANDIT-01",6,1,None
87.820000000008022,"BANDIT-02",6,1,None
87.820000000008022,"BANDIT-03",6,1,None
87.820000000008022,"BANDIT-04",6,1,None
88.020000000008125,"VIPER-01",6,1,None
88.020000000008125,"VIPER-02",6,1,None
88.020000000008125,"VIPER-03",6,1,None
88.020000000008125,"BANDIT-01",6,1,None
88.020000000008125,"BANDIT-02",6,1,None
88.020000000008125,"BANDIT-03",6,1,None
88.020000000008125,"BANDIT-04",6,1,None
88.220000000008227,"VIPER-01",6,1,None
88.220000000008227,"VIPER-02",6,1,None
88.220000000008227,"VIPER-03",6,1,None
88.220000000008227,"BANDIT-01",6,1,None
88.220000000008227,"BANDIT-02",6,1,None
88.220000000008227,"BANDIT-03",6,1,None
88.220000000008227,"BANDIT-04",6,1,None
88.420000000008329,"VIPER-01",6,1,None
88.420000000008329,"VIPER-02",6,1,None
88.420000000008329,"VIPER-03",6,1,None
88.420000000008329,"BANDIT-01",6,1,None
88.420000000008329,"BANDIT-02",6,1,None
88.420000000008329,"BANDIT-03",6,1,None
88.420000000008329,"BANDIT-04",6,1,None
88.620000000008432,"VIPER-01",6,1,None
88.620000000008432,"VIPER-02",6,1,None
88.620000000008432,"VIPER-03",6,1,None
88.620000000008432,"BANDIT-01",6,1,None
88.620000000008432,"BANDIT-02",6,1,None
88.620000000008432,"BANDIT-03",6,1,None
88.620000000008432,"BANDIT-04",6,1,None
88.820000000008534,"VIPER-01",6,1,None
88.820000000008534,"VIPER-02",6,1,None
88.820000000008534,"VIPER-03",6,1,None
88.820000000008534,"BANDIT-01",6,1,None
88.820000000008534,"BANDIT-02",6,1,None
88.820000000008534,"BANDIT-03",6,1,None
88.820000000008534,"BANDIT-04",6,1,None
89.020000000008636,"VIPER-01",6,1,None
89.020000000008636,"VIPER-02",6,1,None
89.020000000008636,"VIPER-03",6,1,None
89.020000000008636,"BANDIT-01",6,1,None
89.020000000008636,"BANDIT-02",6,1,None
89.020000000008636,"BANDIT-03",6,1,None
89.020000000008636,"BANDIT-04",6,1,None
89.220000000008739,"VIPER-01",6,1,None
89.220000000008739,"VIPER-02",6,1,None
89.220000000008739,"VIPER-03",6,1,None
89.220000000008739,"BANDIT-01",6,1,None
89.220000000008739,"BANDIT-02",6,1,None
89.220000000008739,"BANDIT-03",6,1,None
89.220000000008739,"BANDIT-04",6,1,None
89.420000000008841,"VIPER-01",6,1,None
89.420000000008841,"VIPER-02",6,1,None
89.420000000008841,"VIPER-03",6,1,None
89.420000000008841,"BANDIT-01",6,1,None
89.420000000008841,"BANDIT-02",6,1,None
89.420000000008841,"BANDIT-03",6,1,None
89.420000000008841,"BANDIT-04",6,1,None
89.620000000008943,"VIPER-01",6,1,None
89.620000000008943,"VIPER-02",6,1,None
89.620000000008943,"VIPER-03",6,1,None
89.620000000008943,"BANDIT-01",6,1,None
89.620000000008943,"BANDIT-02",6,1,None
89.620000000008943,"BANDIT-03",6,1,None
89.620000000008943,"BANDIT-04",6,1,None
89.820000000009045,"VIPER-01",6,1,None
89.820000000009045,"VIPER-02",6,1,None
89.820000000009045,"VIPER-03",6,1,None
89.820000000009045,"BANDIT-01",6,1,None
89.820000000009045,"BANDIT-02",6,1,None
89.820000000009045,"BANDIT-03",6,1,None
89.820000000009045,"BANDIT-04",6,1,None
90.020000000009148,"VIPER-01",6,1,None
90.020000000009148,"VIPER-02",6,1,None
90.020000000009148,"VIPER-03",6,1,None
90.020000000009148,"BANDIT-01",6,1,None
90.020000000009148,"BANDIT-02",6,1,None
90.020000000009148,"BANDIT-03",6,1,None
90.020000000009148,"BANDIT-04",6,1,None
90.22000000000925,"VIPER-01",6,1,None
90.22000000000925,"VIPER-02",6,1,None
90.22000000000925,"VIPER-03",6,1,None
90.22000000000925,"BANDIT-01",6,1,None
90.22000000000925,"BANDIT-02",6,1,None
90.22000000000925,"BANDIT-03",6,1,None
90.22000000000925,"BANDIT-04",6,1,None
90.420000000009352,"VIPER-01",6,1,None
90.420000000009352,"VIPER-02",6,1,None
90.420000000009352,"VIPER-03",6,1,None
90.420000000009352,"BANDIT-01",6,1,None
90.420000000009352,"BANDIT-02",6,1,None
90.420000000009352,"BANDIT-03",6,1,None
90.420000000009352,"BANDIT-04",6,1,None
90.620000000009455,"VIPER-01",6,1,None
90.620000000009455,"VIPER-02",6,1,None
90.620000000009455,"VIPER-03",6,1,None
90.620000000009455,"BANDIT-01",6,1,None
90.620000000009455,"BANDIT-02",6,1,None
90.620000000009455,"BANDIT-03",6,1,None
90.620000000009455,"BANDIT-04",6,1,None
90.820000000009557,"VIPER-01",6,1,None
90.820000000009557,"VIPER-02",6,1,None
90.820000000009557,"VIPER-03",6,1,None
90.820000000009557,"BANDIT-01",6,1,None
90.820000000009557,"BANDIT-02",6,1,None
90.820000000009557,"BANDIT-03",6,1,None
90.820000000009557,"BANDIT-04",6,1,None
91.020000000009659,"VIPER-01",6,1,None
91.020000000009659,"VIPER-02",6,1,None
91.020000000009659,"VIPER-03",6,1,None
91.020000000009659,"BANDIT-01",6,1,None
91.020000000009659,"BANDIT-02",6,1,None
91.020000000009659,"BANDIT-03",6,1,None
91.020000000009659,"BANDIT-04",6,1,None
91.220000000009762,"VIPER-01",6,1,None
91.220000000009762,"VIPER-02",6,1,None
91.220000000009762,"VIPER-03",6,1,None
91.220000000009762,"BANDIT-01",6,1,None
91.220000000009762,"BANDIT-02",6,1,None
91.220000000009762,"BANDIT-03",6,1,None
91.220000000009762,"BANDIT-04",6,1,None
91.420000000009864,"VIPER-01",6,1,None
91.420000000009864,"VIPER-02",6,1,None
91.420000000009864,"VIPER-03",6,1,None
91.420000000009864,"BANDIT-01",6,1,None
91.420000000009864,"BANDIT-02",6,1,None
91.420000000009864,"BANDIT-03",6,1,None
91.420000000009864,"BANDIT-04",6,1,None
91.620000000009966,"VIPER-01",6,1,None
91.620000000009966,"VIPER-02",6,1,None
91.620000000009966,"VIPER-03",6,1,None
91.620000000009966,"BANDIT-01",6,1,None
91.620000000009966,"BANDIT-02",6,1,None
91.620000000009966,"BANDIT-03",6,1,None
91.620000000009966,"BANDIT-04",6,1,None
91.820000000010069,"VIPER-01",6,1,None
91.820000000010069,"VIPER-02",6,1,None
91.820000000010069,"VIPER-03",6,1,None
91.820000000010069,"BANDIT-01",6,1,None
91.820000000010069,"BANDIT-02",6,1,None
91.820000000010069,"BANDIT-03",6,1,None
91.820000000010069,"BANDIT-04",6,1,None
92.020000000010171,"VIPER-01",6,1,None
92.020000000010171,"VIPER-02",6,1,None
92.020000000010171,"VIPER-03",6,1,None
92.020000000010171,"BANDIT-01",6,1,None
92.020000000010171,"BANDIT-02",6,1,None
92.020000000010171,"BANDIT-03",6,1,None
92.020000000010171,"BANDIT-04",6,1,None
92.220000000010273,"VIPER-01",6,1,None
92.220000000010273,"VIPER-02",6,1,None
92.220000000010273,"VIPER-03",6,1,None
92.220000000010273,"BANDIT-01",6,1,None
92.220000000010273,"BANDIT-02",6,1,None
92.220000000010273,"BANDIT-03",6,1,None
92.220000000010273,"BANDIT-04",6,1,None
92.420000000010376,"VIPER-01",6,1,None
92.420000000010376,"VIPER-02",6,1,None
92.420000000010376,"VIPER-03",6,1,None
92.420000000010376,"BANDIT-01",6,1,None
92.420000000010376,"BANDIT-02",6,1,None
92.420000000010376,"BANDIT-03",6,1,None
92.420000000010376,"BANDIT-04",6,1,None
92.620000000010478,"VIPER-01",6,1,None
92.620000000010478,"VIPER-02",6,1,None
92.620000000010478,"VIPER-03",6,1,None
92.620000000010478,"BANDIT-01",6,1,None
92.620000000010478,"BANDIT-02",6,1,None
92.620000000010478,"BANDIT-03",6,1,None
92.620000000010478,"BANDIT-04",6,1,None
92.82000000001058,"VIPER-01",6,1,None
92.82000000001058,"VIPER-02",6,1,None
92.82000000001058,"VIPER-03",6,1,None
92.82000000001058,"BANDIT-01",6,1,None
92.82000000001058,"BANDIT-02",6,1,None
92.82000000001058,"BANDIT-03",6,1,None
92.82000000001058,"BANDIT-04",6,1,None
93.020000000010683,"VIPER-01",6,1,None
93.020000000010683,"VIPER-02",6,1,None
93.020000000010683,"VIPER-03",6,1,None
93.020000000010683,"BANDIT-01",6,1,None
93.020000000010683,"BANDIT-02",6,1,None
93.020000000010683,"BANDIT-03",6,1,None
93.020000000010683,"BANDIT-04",6,1,None
93.220000000010785,"VIPER-01",6,1,None
93.220000000010785,"VIPER-02",6,1,None
93.220000000010785,"VIPER-03",6,1,None
93.220000000010785,"BANDIT-01",6,1,None
93.220000000010785,"BANDIT-02",6,1,None
93.220000000010785,"BANDIT-03",6,1,None
93.220000000010785,"BANDIT-04",6,1,None
93.420000000010887,"VIPER-01",6,1,None
93.420000000010887,"VIPER-02",6,1,None
93.420000000010887,"VIPER-03",6,1,None
93.420000000010887,"BANDIT-01",6,1,None
93.420000000010887,"BANDIT-02",6,1,None
93.420000000010887,"BANDIT-03",6,1,None
93.420000000010887,"BANDIT-04",6,1,None
93.62000000001099,"VIPER-01",6,1,None
93.62000000001099,"VIPER-02",6,1,None
93.62000000001099,"VIPER-03",6,1,None
93.62000000001099,"BANDIT-01",6,1,None
93.62000000001099,"BANDIT-02",6,1,None
93.62000000001099,"BANDIT-03",6,1,None
93.62000000001099,"BANDIT-04",6,1,None
93.820000000011092,"VIPER-01",6,1,None
93.820000000011092,"VIPER-02",6,1,None
93.820000000011092,"VIPER-03",6,1,None
93.820000000011092,"BANDIT-01",6,1,None
93.820000000011092,"BANDIT-02",6,1,None
93.820000000011092,"BANDIT-03",6,1,None
93.820000000011092,"BANDIT-04",6,1,None
94.0200000000112,"VIPER-01",6,1,None
94.0200000000112,"VIPER-02",6,1,None
94.0200000000112,"VIPER-03",6,1,None
94.0200000000112,"BANDIT-01",6,1,None
94.0200000000112,"BANDIT-02",6,1,None
94.0200000000112,"BANDIT-03",6,1,None
94.0200000000112,"BANDIT-04",6,1,None
94.2200000000113,"VIPER-01",6,1,None
94.2200000000113,"VIPER-02",6,1,None
94.2200000000113,"VIPER-03",6,1,None
94.2200000000113,"BANDIT-01",6,1,None
94.2200000000113,"BANDIT-02",6,1,None
94.2200000000113,"BANDIT-03",6,1,None
94.2200000000113,"BANDIT-04",6,1,None
94.4200000000114,"VIPER-01",6,1,None
94.4200000000114,"VIPER-02",6,1,None
94.4200000000114,"VIPER-03",6,1,None
94.4200000000114,"BANDIT-01",6,1,None
94.4200000000114,"BANDIT-02",6,1,None
94.4200000000114,"BANDIT-03",6,1,None
94.4200000000114,"BANDIT-04",6,1,None
94.6200000000115,"VIPER-01",6,1,None
94.6200000000115,"VIPER-02",6,1,None
94.6200000000115,"VIPER-03",6,1,None
94.6200000000115,"BANDIT-01",6,1,None
94.6200000000115,"BANDIT-02",6,1,None
94.6200000000115,"BANDIT-03",6,1,None
94.6200000000115,"BANDIT-04",6,1,None
94.8200000000116,"VIPER-01",6,1,None
94.8200000000116,"VIPER-02",6,1,None
94.8200000000116,"VIPER-03",6,1,None
94.8200000000116,"BANDIT-01",6,1,None
94.8200000000116,"BANDIT-02",6,1,None
94.8200000000116,"BANDIT-03",6,1,None
94.8200000000116,"BANDIT-04",6,1,None
95.0200000000117,"VIPER-01",6,1,None
95.0200000000117,"VIPER-02",6,1,None
95.0200000000117,"VIPER-03",6,1,None
95.0200000000117,"BANDIT-01",6,1,None
95.0200000000117,"BANDIT-02",6,1,None
95.0200000000117,"BANDIT-03",6,1,None
95.0200000000117,"BANDIT-04",6,1,None
95.220000000011808,"VIPER-01",6,1,None
95.220000000011808,"VIPER-02",6,1,None
95.220000000011808,"VIPER-03",6,1,None
95.220000000011808,"BANDIT-01",6,1,None
95.220000000011808,"BANDIT-02",6,1,None
95.220000000011808,"BANDIT-03",6,1,None
95.220000000011808,"BANDIT-04",6,1,None
95.42000000001191,"VIPER-01",6,1,None
95.42000000001191,"VIPER-02",6,1,None
95.42000000001191,"VIPER-03",6,1,None
95.42000000001191,"BANDIT-01",6,1,None
95.42000000001191,"BANDIT-02",6,1,None
95.42000000001191,"BANDIT-03",6,1,None
95.42000000001191,"BANDIT-04",6,1,None
95.620000000012013,"VIPER-01",6,1,None
95.620000000012013,"VIPER-02",6,1,None
95.620000000012013,"VIPER-03",6,1,None
95.620000000012013,"BANDIT-01",6,1,None
95.620000000012013,"BANDIT-02",6,1,None
95.620000000012013,"BANDIT-03",6,1,None
95.620000000012013,"BANDIT-04",6,1,None
95.820000000012115,"VIPER-01",6,1,None
95.820000000012115,"VIPER-02",6,1,None
95.820000000012115,"VIPER-03",6,1,None
95.820000000012115,"BANDIT-01",6,1,None
95.820000000012115,"BANDIT-02",6,1,None
95.820000000012115,"BANDIT-03",6,1,None
95.820000000012115,"BANDIT-04",6,1,None
96.020000000012217,"VIPER-01",6,1,None
96.020000000012217,"VIPER-02",6,1,None
96.020000000012217,"VIPER-03",6,1,None
96.020000000012217,"BANDIT-01",6,1,None
96.020000000012217,"BANDIT-02",6,1,None
96.020000000012217,"BANDIT-03",6,1,None
96.020000000012217,"BANDIT-04",6,1,None
96.22000000001232,"VIPER-01",6,1,None
96.22000000001232,"VIPER-02",6,1,None
96.22000000001232,"VIPER-03",6,1,None
96.22000000001232,"BANDIT-01",6,1,None
96.22000000001232,"BANDIT-02",6,1,None
96.22000000001232,"BANDIT-03",6,1,None
96.22000000001232,"BANDIT-04",6,1,None
96.420000000012422,"VIPER-01",6,1,None
96.420000000012422,"VIPER-02",6,1,None
96.420000000012422,"VIPER-03",6,1,None
96.420000000012422,"BANDIT-01",6,1,None
96.420000000012422,"BANDIT-02",6,1,None
96.420000000012422,"BANDIT-03",6,1,None
96.420000000012422,"BANDIT-04",6,1,None
96.620000000012524,"VIPER-01",6,1,None
96.620000000012524,"VIPER-02",6,1,None
96.620000000012524,"VIPER-03",6,1,None
96.620000000012524,"BANDIT-01",6,1,None
96.620000000012524,"BANDIT-02",6,1,None
96.620000000012524,"BANDIT-03",6,1,None
96.620000000012524,"BANDIT-04",6,1,None
96.820000000012627,"VIPER-01",6,1,None
96.820000000012627,"VIPER-02",6,1,None
96.820000000012627,"VIPER-03",6,1,None
96.820000000012627,"BANDIT-01",6,1,None
96.820000000012627,"BANDIT-02",6,1,None
96.820000000012627,"BANDIT-03",6,1,None
96.820000000012627,"BANDIT-04",6,1,None
97.020000000012729,"VIPER-01",6,1,None
97.020000000012729,"VIPER-02",6,1,None
97.020000000012729,"VIPER-03",6,1,None
97.020000000012729,"BANDIT-01",6,1,None
97.020000000012729,"BANDIT-02",6,1,None
97.020000000012729,"BANDIT-03",6,1,None
97.020000000012729,"BANDIT-04",6,1,None
97.220000000012831,"VIPER-01",6,1,None
97.220000000012831,"VIPER-02",6,1,None
97.220000000012831,"VIPER-03",6,1,None
97.220000000012831,"BANDIT-01",6,1,None
97.220000000012831,"BANDIT-02",6,1,None
97.220000000012831,"BANDIT-03",6,1,None
97.220000000012831,"BANDIT-04",6,1,None
97.420000000012934,"VIPER-01",6,1,None
97.420000000012934,"VIPER-02",6,1,None
97.420000000012934,"VIPER-03",6,1,None
97.420000000012934,"BANDIT-01",6,1,None
97.420000000012934,"BANDIT-02",6,1,None
97.420000000012934,"BANDIT-03",6,1,None
97.420000000012934,"BANDIT-04",6,1,None
97.620000000013036,"VIPER-01",6,1,None
97.620000000013036,"VIPER-02",6,1,None
97.620000000013036,"VIPER-03",6,1,None
97.620000000013036,"BANDIT-01",6,1,None
97.620000000013036,"BANDIT-02",6,1,None
97.620000000013036,"BANDIT-03",6,1,None
97.620000000013036,"BANDIT-04",6,1,None
97.820000000013138,"VIPER-01",6,1,None
97.820000000013138,"VIPER-02",6,1,None
97.820000000013138,"VIPER-03",6,1,None
97.820000000013138,"BANDIT-01",6,1,None
97.820000000013138,"BANDIT-02",6,1,None
97.820000000013138,"BANDIT-03",6,1,None
97.820000000013138,"BANDIT-04",6,1,None
98.020000000013241,"VIPER-01",6,1,None
98.020000000013241,"VIPER-02",6,1,None
98.020000000013241,"VIPER-03",6,1,None
98.020000000013241,"BANDIT-01",6,1,None
98.020000000013241,"BANDIT-02",6,1,None
98.020000000013241,"BANDIT-03",6,1,None
98.020000000013241,"BANDIT-04",6,1,None
98.220000000013343,"VIPER-01",6,1,None
98.220000000013343,"VIPER-02",6,1,None
98.220000000013343,"VIPER-03",6,1,None
98.220000000013343,"BANDIT-01",6,1,None
98.220000000013343,"BANDIT-02",6,1,None
98.220000000013343,"BANDIT-03",6,1,None
98.220000000013343,"BANDIT-04",6,1,None
98.420000000013445,"VIPER-01",6,1,None
98.420000000013445,"VIPER-02",6,1,None
98.420000000013445,"VIPER-03",6,1,None
98.420000000013445,"BANDIT-01",6,1,None
98.420000000013445,"BANDIT-02",6,1,None
98.420000000013445,"BANDIT-03",6,1,None
98.420000000013445,"BANDIT-04",6,1,None
98.620000000013547,"VIPER-01",6,1,None
98.620000000013547,"VIPER-02",6,1,None
98.620000000013547,"VIPER-03",6,1,None
98.620000000013547,"BANDIT-01",6,1,None
98.620000000013547,"BANDIT-02",6,1,None
98.620000000013547,"BANDIT-03",6,1,None
98.620000000013547,"BANDIT-04",6,1,None
98.82000000001365,"VIPER-01",6,1,None
98.82000000001365,"VIPER-02",6,1,None
98.82000000001365,"VIPER-03",6,1,None
98.82000000001365,"BANDIT-01",6,1,None
98.82000000001365,"BANDIT-02",6,1,None
98.82000000001365,"BANDIT-03",6,1,None
98.82000000001365,"BANDIT-04",6,1,None
99.020000000013752,"VIPER-01",6,1,None
99.020000000013752,"VIPER-02",6,1,None
99.020000000013752,"VIPER-03",6,1,None
99.020000000013752,"BANDIT-01",6,1,None
99.020000000013752,"BANDIT-02",6,1,None
99.020000000013752,"BANDIT-03",6,1,None
99.020000000013752,"BANDIT-04",6,1,None
99.220000000013854,"VIPER-01",6,1,None
99.220000000013854,"VIPER-02",6,1,None
99.220000000013854,"VIPER-03",6,1,None
99.220000000013854,"BANDIT-01",6,1,None
99.220000000013854,"BANDIT-02",6,1,None
99.220000000013854,"BANDIT-03",6,1,None
99.220000000013854,"BANDIT-04",6,1,None
99.420000000013957,"VIPER-01",6,1,None
99.420000000013957,"VIPER-02",6,1,None
99.420000000013957,"VIPER-03",6,1,None
99.420000000013957,"BANDIT-01",6,1,None
99.420000000013957,"BANDIT-02",6,1,None
99.420000000013957,"BANDIT-03",6,1,None
99.420000000013957,"BANDIT-04",6,1,None
99.620000000014059,"VIPER-01",6,1,None
99.620000000014059,"VIPER-02",6,1,None
99.620000000014059,"VIPER-03",6,1,None
99.620000000014059,"BANDIT-01",6,1,None
99.620000000014059,"BANDIT-02",6,1,None
99.620000000014059,"BANDIT-03",6,1,None
99.620000000014059,"BANDIT-04",6,1,None
99.820000000014161,"VIPER-01",6,1,None
99.820000000014161,"VIPER-02",6,1,None
99.820000000014161,"VIPER-03",6,1,None
99.820000000014161,"BANDIT-01",6,1,None
99.820000000014161,"BANDIT-02",6,1,None
99.820000000014161,"BANDIT-03",6,1,None
99.820000000014161,"BANDIT-04",6,1,None
100.02000000001426,"VIPER-01",6,1,None
100.02000000001426,"VIPER-02",6,1,None
100.02000000001426,"VIPER-03",6,1,None
100.02000000001426,"BANDIT-01",6,1,None
100.02000000001426,"BANDIT-02",6,1,None
100.02000000001426,"BANDIT-03",6,1,None
100.02000000001426,"BANDIT-04",6,1,None
100.22000000001437,"VIPER-01",6,1,None
100.22000000001437,"VIPER-02",6,1,None
100.22000000001437,"VIPER-03",6,1,None
100.22000000001437,"BANDIT-01",6,1,None
100.22000000001437,"BANDIT-02",6,1,None
100.22000000001437,"BANDIT-03",6,1,None
100.22000000001437,"BANDIT-04",6,1,None
100.42000000001447,"VIPER-01",6,1,None
100.42000000001447,"VIPER-02",6,1,None
100.42000000001447,"VIPER-03",6,1,None
100.42000000001447,"BANDIT-01",6,1,None
100.42000000001447,"BANDIT-02",6,1,None
100.42000000001447,"BANDIT-03",6,1,None
100.42000000001447,"BANDIT-04",6,1,None
100.62000000001457,"VIPER-01",6,1,None
100.62000000001457,"VIPER-02",6,1,None
100.62000000001457,"VIPER-03",6,1,None
100.62000000001457,"BANDIT-01",6,1,None
100.62000000001457,"BANDIT-02",6,1,None
100.62000000001457,"BANDIT-03",6,1,None
100.62000000001457,"BANDIT-04",6,1,None
100.82000000001467,"VIPER-01",6,1,None
100.82000000001467,"VIPER-02",6,1,None
100.82000000001467,"VIPER-03",6,1,None
100.82000000001467,"BANDIT-01",6,1,None
100.82000000001467,"BANDIT-02",6,1,None
100.82000000001467,"BANDIT-03",6,1,None
100.82000000001467,"BANDIT-04",6,1,None
101.02000000001478,"VIPER-01",6,1,None
101.02000000001478,"VIPER-02",6,1,None
101.02000000001478,"VIPER-03",6,1,None
101.02000000001478,"BANDIT-01",6,1,None
101.02000000001478,"BANDIT-02",6,1,None
101.02000000001478,"BANDIT-03",6,1,None
101.02000000001478,"BANDIT-04",6,1,None
101.22000000001488,"VIPER-01",6,1,None
101.22000000001488,"VIPER-02",6,1,None
101.22000000001488,"VIPER-03",6,1,None
101.22000000001488,"BANDIT-01",6,1,None
101.22000000001488,"BANDIT-02",6,1,None
101.22000000001488,"BANDIT-03",6,1,None
101.22000000001488,"BANDIT-04",6,1,None
101.42000000001498,"VIPER-01",6,1,None
101.42000000001498,"VIPER-02",6,1,None
101.42000000001498,"VIPER-03",6,1,None
101.42000000001498,"BANDIT-01",6,1,None
101.42000000001498,"BANDIT-02",6,1,None
101.42000000001498,"BANDIT-03",6,1,None
101.42000000001498,"BANDIT-04",6,1,None
101.62000000001508,"VIPER-01",6,1,None
101.62000000001508,"VIPER-02",6,1,None
101.62000000001508,"VIPER-03",6,1,None
101.62000000001508,"BANDIT-01",6,1,None
101.62000000001508,"BANDIT-02",6,1,None
101.62000000001508,"BANDIT-03",6,1,None
101.62000000001508,"BANDIT-04",6,1,None
101.82000000001518,"VIPER-01",6,1,None
101.82000000001518,"VIPER-02",6,1,None
101.82000000001518,"VIPER-03",6,1,None
101.82000000001518,"BANDIT-01",6,1,None
101.82000000001518,"BANDIT-02",6,1,None
101.82000000001518,"BANDIT-03",6,1,None
101.82000000001518,"BANDIT-04",6,1,None
102.02000000001529,"VIPER-01",6,1,None
102.02000000001529,"VIPER-02",6,1,None
102.02000000001529,"VIPER-03",6,1,None
102.02000000001529,"BANDIT-01",6,1,None
102.02000000001529,"BANDIT-02",6,1,None
102.02000000001529,"BANDIT-03",6,1,None
102.02000000001529,"BANDIT-04",6,1,None
102.22000000001539,"VIPER-01",6,1,None
102.22000000001539,"VIPER-02",6,1,None
102.22000000001539,"VIPER-03",6,1,None
102.22000000001539,"BANDIT-01",6,1,None
102.22000000001539,"BANDIT-02",6,1,None
102.22000000001539,"BANDIT-03",6,1,None
102.22000000001539,"BANDIT-04",6,1,None
102.42000000001549,"VIPER-01",6,1,None
102.42000000001549,"VIPER-02",6,1,None
102.42000000001549,"VIPER-03",6,1,None
102.42000000001549,"BANDIT-01",6,1,None
102.42000000001549,"BANDIT-02",6,1,None
102.42000000001549,"BANDIT-03",6,1,None
102.42000000001549,"BANDIT-04",6,1,None
102.62000000001559,"VIPER-01",6,1,None
102.62000000001559,"VIPER-02",6,1,None
102.62000000001559,"VIPER-03",6,1,None
102.62000000001559,"BANDIT-01",6,1,None
102.62000000001559,"BANDIT-02",6,1,None
102.62000000001559,"BANDIT-03",6,1,None
102.62000000001559,"BANDIT-04",6,1,None
102.8200000000157,"VIPER-01",6,1,None
102.8200000000157,"VIPER-02",6,1,None
102.8200000000157,"VIPER-03",6,1,None
102.8200000000157,"BANDIT-01",6,1,None
102.8200000000157,"BANDIT-02",6,1,None
102.8200000000157,"BANDIT-03",6,1,None
102.8200000000157,"BANDIT-04",6,1,None
103.0200000000158,"VIPER-01",6,1,None
103.0200000000158,"VIPER-02",6,1,None
103.0200000000158,"VIPER-03",6,1,None
103.0200000000158,"BANDIT-01",6,1,None
103.0200000000158,"BANDIT-02",6,1,None
103.0200000000158,"BANDIT-03",6,1,None
103.0200000000158,"BANDIT-04",6,1,None
103.2200000000159,"VIPER-01",6,1,None
103.2200000000159,"VIPER-02",6,1,None
103.2200000000159,"VIPER-03",6,1,None
103.2200000000159,"BANDIT-01",6,1,None
103.2200000000159,"BANDIT-02",6,1,None
103.2200000000159,"BANDIT-03",6,1,None
103.2200000000159,"BANDIT-04",6,1,None
103.420000000016,"VIPER-01",6,1,None
103.420000000016,"VIPER-02",6,1,None
103.420000000016,"VIPER-03",6,1,None
103.420000000016,"BANDIT-01",6,1,None
103.420000000016,"BANDIT-02",6,1,None
103.420000000016,"BANDIT-03",6,1,None
103.420000000016,"BANDIT-04",6,1,None
103.62000000001611,"VIPER-01",6,1,None
103.62000000001611,"VIPER-02",6,1,None
103.62000000001611,"VIPER-03",6,1,None
103.62000000001611,"BANDIT-01",6,1,None
103.62000000001611,"BANDIT-02",6,1,None
103.62000000001611,"BANDIT-03",6,1,None
103.62000000001611,"BANDIT-04",6,1,None
103.82000000001621,"VIPER-01",6,1,None
103.82000000001621,"VIPER-02",6,1,None
103.82000000001621,"VIPER-03",6,1,None
103.82000000001621,"BANDIT-01",6,1,None
103.82000000001621,"BANDIT-02",6,1,None
103.82000000001621,"BANDIT-03",6,1,None
103.82000000001621,"BANDIT-04",6,1,None
104.02000000001631,"VIPER-01",6,1,None
104.02000000001631,"VIPER-02",6,1,None
104.02000000001631,"VIPER-03",6,1,None
104.02000000001631,"BANDIT-01",6,1,None
104.02000000001631,"BANDIT-02",6,1,None
104.02000000001631,"BANDIT-03",6,1,None
104.02000000001631,"BANDIT-04",6,1,None
104.22000000001641,"VIPER-01",6,1,None
104.22000000001641,"VIPER-02",6,1,None
104.22000000001641,"VIPER-03",6,1,None
104.22000000001641,"BANDIT-01",6,1,None
104.22000000001641,"BANDIT-02",6,1,None
104.22000000001641,"BANDIT-03",6,1,None
104.22000000001641,"BANDIT-04",6,1,None
104.42000000001651,"VIPER-01",6,1,None
104.42000000001651,"VIPER-02",6,1,None
104.42000000001651,"VIPER-03",6,1,None
104.42000000001651,"BANDIT-01",6,1,None
104.42000000001651,"BANDIT-02",6,1,None
104.42000000001651,"BANDIT-03",6,1,None
104.42000000001651,"BANDIT-04",6,1,None
104.62000000001662,"VIPER-01",6,1,None
104.62000000001662,"VIPER-02",6,1,None
104.62000000001662,"VIPER-03",6,1,None
104.62000000001662,"BANDIT-01",6,1,None
104.62000000001662,"BANDIT-02",6,1,None
104.62000000001662,"BANDIT-03",6,1,None
104.62000000001662,"BANDIT-04",6,1,None
104.82000000001672,"VIPER-01",6,1,None
104.82000000001672,"VIPER-02",6,1,None
104.82000000001672,"VIPER-03",6,1,None
104.82000000001672,"BANDIT-01",6,1,None
104.82000000001672,"BANDIT-02",6,1,None
104.82000000001672,"BANDIT-03",6,1,None
104.82000000001672,"BANDIT-04",6,1,None
105.02000000001682,"VIPER-01",6,1,None
105.02000000001682,"VIPER-02",6,1,None
105.02000000001682,"VIPER-03",6,1,None
105.02000000001682,"BANDIT-01",6,1,None
105.02000000001682,"BANDIT-02",6,1,None
105.02000000001682,"BANDIT-03",6,1,None
105.02000000001682,"BANDIT-04",6,1,None
105.22000000001692,"VIPER-01",6,1,None
105.22000000001692,"VIPER-02",6,1,None
105.22000000001692,"VIPER-03",6,1,None
105.22000000001692,"BANDIT-01",6,1,None
105.22000000001692,"BANDIT-02",6,1,None
105.22000000001692,"BANDIT-03",6,1,None
105.22000000001692,"BANDIT-04",6,1,None
105.42000000001703,"VIPER-01",6,1,None
105.42000000001703,"VIPER-02",6,1,None
105.42000000001703,"VIPER-03",6,1,None
105.42000000001703,"BANDIT-01",6,1,None
105.42000000001703,"BANDIT-02",6,1,None
105.42000000001703,"BANDIT-03",6,1,None
105.42000000001703,"BANDIT-04",6,1,None
105.62000000001713,"VIPER-01",6,1,None
105.62000000001713,"VIPER-02",6,1,None
105.62000000001713,"VIPER-03",6,1,None
105.62000000001713,"BANDIT-01",6,1,None
105.62000000001713,"BANDIT-02",6,1,None
105.62000000001713,"BANDIT-03",6,1,None
105.62000000001713,"BANDIT-04",6,1,None
105.82000000001723,"VIPER-01",6,1,None
105.82000000001723,"VIPER-02",6,1,None
105.82000000001723,"VIPER-03",6,1,None
105.82000000001723,"BANDIT-01",6,1,None
105.82000000001723,"BANDIT-03",6,1,None
105.82000000001723,"BANDIT-04",6,1,None
106.02000000001733,"VIPER-01",6,1,None
106.02000000001733,"VIPER-02",6,1,None
106.02000000001733,"VIPER-03",6,1,None
106.02000000001733,"BANDIT-01",6,1,None
106.02000000001733,"BANDIT-03",6,1,None
106.02000000001733,"BANDIT-04",6,1,None
106.22000000001744,"VIPER-01",6,1,None
106.22000000001744,"VIPER-02",6,1,None
106.22000000001744,"VIPER-03",6,1,None
106.22000000001744,"BANDIT-01",6,1,None
106.22000000001744,"BANDIT-03",6,1,None
106.22000000001744,"BANDIT-04",6,1,None
106.42000000001754,"VIPER-01",6,1,None
106.42000000001754,"VIPER-02",6,1,None
106.42000000001754,"VIPER-03",6,1,None
106.42000000001754,"BANDIT-01",6,1,None
106.42000000001754,"BANDIT-03",6,1,None
106.42000000001754,"BANDIT-04",6,1,None
106.62000000001764,"VIPER-01",6,1,None
106.62000000001764,"VIPER-02",6,1,None
106.62000000001764,"VIPER-03",6,1,None
106.62000000001764,"BANDIT-01",6,1,None
106.62000000001764,"BANDIT-03",6,1,None
106.62000000001764,"BANDIT-04",6,1,None
106.82000000001774,"VIPER-01",6,1,None
106.82000000001774,"VIPER-02",6,1,None
106.82000000001774,"VIPER-03",6,1,None
106.82000000001774,"BANDIT-01",6,1,None
106.82000000001774,"BANDIT-03",6,1,None
106.82000000001774,"BANDIT-04",6,1,None
107.02000000001784,"VIPER-01",6,1,None
107.02000000001784,"VIPER-02",6,1,None
107.02000000001784,"VIPER-03",6,1,None
107.02000000001784,"BANDIT-01",6,1,None
107.02000000001784,"BANDIT-03",6,1,None
107.02000000001784,"BANDIT-04",6,1,None
107.22000000001795,"VIPER-01",6,1,None
107.22000000001795,"VIPER-02",6,1,None
107.22000000001795,"VIPER-03",6,1,None
107.22000000001795,"BANDIT-01",6,1,None
107.22000000001795,"BANDIT-03",6,1,None
107.22000000001795,"BANDIT-04",6,1,None
107.42000000001805,"VIPER-01",6,1,None
107.42000000001805,"VIPER-02",6,1,None
107.42000000001805,"VIPER-03",6,1,None
107.42000000001805,"BANDIT-01",6,1,None
107.42000000001805,"BANDIT-03",6,1,None
107.42000000001805,"BANDIT-04",6,1,None
107.62000000001815,"VIPER-01",6,1,None
107.62000000001815,"VIPER-02",6,1,None
107.62000000001815,"VIPER-03",6,1,None
107.62000000001815,"BANDIT-01",6,1,None
107.62000000001815,"BANDIT-03",6,1,None
107.62000000001815,"BANDIT-04",6,1,None
107.82000000001825,"VIPER-01",6,1,None
107.82000000001825,"VIPER-02",6,1,None
107.82000000001825,"VIPER-03",6,1,None
107.82000000001825,"BANDIT-01",6,1,None
107.82000000001825,"BANDIT-03",6,1,None
107.82000000001825,"BANDIT-04",6,1,None
108.02000000001836,"VIPER-01",6,1,None
108.02000000001836,"VIPER-02",6,1,None
108.02000000001836,"VIPER-03",6,1,None
108.02000000001836,"BANDIT-01",6,1,None
108.02000000001836,"BANDIT-03",6,1,None
108.02000000001836,"BANDIT-04",6,1,None
108.22000000001846,"VIPER-01",6,1,None
108.22000000001846,"VIPER-02",6,1,None
108.22000000001846,"VIPER-03",6,1,None
108.22000000001846,"BANDIT-01",6,1,None
108.22000000001846,"BANDIT-03",6,1,None
108.22000000001846,"BANDIT-04",6,1,None
108.42000000001856,"VIPER-01",6,1,None
108.42000000001856,"VIPER-02",6,1,None
108.42000000001856,"VIPER-03",6,1,None
108.42000000001856,"BANDIT-01",6,1,None
108.42000000001856,"BANDIT-03",6,1,None
108.42000000001856,"BANDIT-04",6,1,None
108.62000000001866,"VIPER-01",6,1,None
108.62000000001866,"VIPER-02",6,1,None
108.62000000001866,"VIPER-03",6,1,None
108.62000000001866,"BANDIT-01",6,1,None
108.62000000001866,"BANDIT-03",6,1,None
108.62000000001866,"BANDIT-04",6,1,None
108.82000000001877,"VIPER-01",6,1,None
108.82000000001877,"VIPER-02",6,1,None
108.82000000001877,"VIPER-03",6,1,None
108.82000000001877,"BANDIT-01",6,1,None
108.82000000001877,"BANDIT-03",6,1,None
108.82000000001877,"BANDIT-04",6,1,None
109.02000000001887,"VIPER-01",6,1,None
109.02000000001887,"VIPER-02",6,1,None
109.02000000001887,"VIPER-03",6,1,None
109.02000000001887,"BANDIT-01",6,1,None
109.02000000001887,"BANDIT-03",6,1,None
109.02000000001887,"BANDIT-04",6,1,None
109.22000000001897,"VIPER-01",6,1,None
109.22000000001897,"VIPER-02",6,1,None
109.22000000001897,"VIPER-03",6,1,None
109.22000000001897,"BANDIT-01",6,1,None
109.22000000001897,"BANDIT-03",6,1,None
109.22000000001897,"BANDIT-04",6,1,None
109.42000000001907,"VIPER-01",6,1,None
109.42000000001907,"VIPER-02",6,1,None
109.42000000001907,"VIPER-03",6,1,None
109.42000000001907,"BANDIT-01",6,1,None
109.42000000001907,"BANDIT-03",6,1,None
109.42000000001907,"BANDIT-04",6,1,None
109.62000000001917,"VIPER-01",6,1,None
109.62000000001917,"VIPER-02",6,1,None
109.62000000001917,"VIPER-03",6,1,None
109.62000000001917,"BANDIT-01",6,1,None
109.62000000001917,"BANDIT-03",6,1,None
109.62000000001917,"BANDIT-04",6,1,None
109.82000000001928,"VIPER-01",6,1,None
109.82000000001928,"VIPER-02",6,1,None
109.82000000001928,"VIPER-03",6,1,None
109.82000000001928,"BANDIT-01",6,1,None
109.82000000001928,"BANDIT-03",6,1,None
109.82000000001928,"BANDIT-04",6,1,None
110.02000000001938,"VIPER-01",6,1,None
110.02000000001938,"VIPER-02",6,1,None
110.02000000001938,"VIPER-03",6,1,None
110.02000000001938,"BANDIT-01",6,1,None
110.02000000001938,"BANDIT-03",6,1,None
110.02000000001938,"BANDIT-04",6,1,None
110.22000000001948,"VIPER-01",6,1,None
110.22000000001948,"VIPER-02",6,1,None
110.22000000001948,"VIPER-03",6,1,None
110.22000000001948,"BANDIT-01",6,1,None
110.22000000001948,"BANDIT-03",6,1,None
110.22000000001948,"BANDIT-04",6,1,None
110.42000000001958,"VIPER-01",6,1,None
110.42000000001958,"VIPER-02",6,1,None
110.42000000001958,"VIPER-03",6,1,None
110.42000000001958,"BANDIT-01",6,1,None
110.42000000001958,"BANDIT-03",6,1,None
110.42000000001958,"BANDIT-04",6,1,None
110.62000000001969,"VIPER-01",6,1,None
110.62000000001969,"VIPER-02",6,1,None
110.62000000001969,"VIPER-03",6,1,None
110.62000000001969,"BANDIT-01",6,1,None
110.62000000001969,"BANDIT-03",6,1,None
110.62000000001969,"BANDIT-04",6,1,None
110.82000000001979,"VIPER-01",6,1,None
110.82000000001979,"VIPER-02",6,1,None
110.82000000001979,"VIPER-03",6,1,None
110.82000000001979,"BANDIT-01",6,1,None
110.82000000001979,"BANDIT-03",6,1,None
110.82000000001979,"BANDIT-04",6,1,None
111.02000000001989,"VIPER-01",6,1,None
111.02000000001989,"VIPER-02",6,1,None
111.02000000001989,"VIPER-03",6,1,None
111.02000000001989,"BANDIT-01",6,1,None
111.02000000001989,"BANDIT-03",6,1,None
111.02000000001989,"BANDIT-04",6,1,None
111.22000000002,"VIPER-01",6,1,None
111.22000000002,"VIPER-02",6,1,None
111.22000000002,"VIPER-03",6,1,None
111.22000000002,"BANDIT-01",6,1,None
111.22000000002,"BANDIT-03",6,1,None
111.22000000002,"BANDIT-04",6,1,None
111.4200000000201,"VIPER-01",6,1,None
111.4200000000201,"VIPER-02",6,1,None
111.4200000000201,"VIPER-03",6,1,None
111.4200000000201,"BANDIT-01",6,1,None
111.4200000000201,"BANDIT-03",6,1,None
111.4200000000201,"BANDIT-04",6,1,None
111.6200000000202,"VIPER-01",6,1,None
111.6200000000202,"VIPER-02",6,1,None
111.6200000000202,"VIPER-03",6,1,None
111.6200000000202,"BANDIT-01",6,1,None
111.6200000000202,"BANDIT-03",6,1,None
111.6200000000202,"BANDIT-04",6,1,None
111.8200000000203,"VIPER-01",6,1,None
111.8200000000203,"VIPER-02",6,1,None
111.8200000000203,"VIPER-03",6,1,None
111.8200000000203,"BANDIT-01",6,1,None
111.8200000000203,"BANDIT-03",6,1,None
111.8200000000203,"BANDIT-04",6,1,None
112.0200000000204,"VIPER-01",6,1,None
112.0200000000204,"VIPER-02",6,1,None
112.0200000000204,"VIPER-03",6,1,None
112.0200000000204,"BANDIT-01",6,1,None
112.0200000000204,"BANDIT-03",6,1,None
112.0200000000204,"BANDIT-04",6,1,None
112.22000000002051,"VIPER-01",6,1,None
112.22000000002051,"VIPER-02",6,1,None
112.22000000002051,"VIPER-03",6,1,None
112.22000000002051,"BANDIT-01",6,1,None
112.22000000002051,"BANDIT-03",6,1,None
112.22000000002051,"BANDIT-04",6,1,None
112.42000000002061,"VIPER-01",6,1,None
112.42000000002061,"VIPER-02",6,1,None
112.42000000002061,"VIPER-03",6,1,None
112.42000000002061,"BANDIT-01",6,1,None
112.42000000002061,"BANDIT-03",6,1,None
112.42000000002061,"BANDIT-04",6,1,None
112.62000000002071,"VIPER-01",6,1,None
112.62000000002071,"VIPER-02",6,1,None
112.62000000002071,"VIPER-03",6,1,None
112.62000000002071,"BANDIT-01",6,1,None
112.62000000002071,"BANDIT-03",6,1,None
112.62000000002071,"BANDIT-04",6,1,None
112.82000000002081,"VIPER-01",6,1,None
112.82000000002081,"VIPER-02",6,1,None
112.82000000002081,"VIPER-03",6,1,None
112.82000000002081,"BANDIT-01",6,1,None
112.82000000002081,"BANDIT-03",6,1,None
112.82000000002081,"BANDIT-04",6,1,None
113.02000000002091,"VIPER-01",6,1,None
113.02000000002091,"VIPER-02",6,1,None
113.02000000002091,"VIPER-03",6,1,None
113.02000000002091,"BANDIT-01",6,1,None
113.02000000002091,"BANDIT-03",6,1,None
113.02000000002091,"BANDIT-04",6,1,None
113.22000000002102,"VIPER-01",6,1,None
113.22000000002102,"VIPER-02",6,1,None
113.22000000002102,"VIPER-03",6,1,None
113.22000000002102,"BANDIT-01",6,1,None
113.22000000002102,"BANDIT-03",6,1,None
113.22000000002102,"BANDIT-04",6,1,None
113.42000000002112,"VIPER-01",6,1,None
113.42000000002112,"VIPER-02",6,1,None
113.42000000002112,"VIPER-03",6,1,None
113.42000000002112,"BANDIT-01",6,1,None
113.42000000002112,"BANDIT-03",6,1,None
113.42000000002112,"BANDIT-04",6,1,None
113.62000000002122,"VIPER-01",6,1,None
113.62000000002122,"VIPER-02",6,1,None
113.62000000002122,"VIPER-03",6,1,None
113.62000000002122,"BANDIT-01",6,1,None
113.62000000002122,"BANDIT-03",6,1,None
113.62000000002122,"BANDIT-04",6,1,None
113.82000000002132,"VIPER-01",6,1,None
113.82000000002132,"VIPER-02",6,1,None
113.82000000002132,"VIPER-03",6,1,None
113.82000000002132,"BANDIT-01",6,1,None
113.82000000002132,"BANDIT-03",6,1,None
113.82000000002132,"BANDIT-04",6,1,None
114.02000000002143,"VIPER-01",6,1,None
114.02000000002143,"VIPER-02",6,1,None
114.02000000002143,"VIPER-03",6,1,None
114.02000000002143,"BANDIT-01",6,1,None
114.02000000002143,"BANDIT-03",6,1,None
114.02000000002143,"BANDIT-04",6,1,None
114.22000000002153,"VIPER-01",6,1,None
114.22000000002153,"VIPER-02",6,1,None
114.22000000002153,"VIPER-03",6,1,None
114.22000000002153,"BANDIT-01",6,1,None
114.22000000002153,"BANDIT-03",6,1,None
114.22000000002153,"BANDIT-04",6,1,None
114.42000000002163,"VIPER-01",6,1,None
114.42000000002163,"VIPER-02",6,1,None
114.42000000002163,"VIPER-03",6,1,None
114.42000000002163,"BANDIT-01",6,1,None
114.42000000002163,"BANDIT-03",6,1,None
114.42000000002163,"BANDIT-04",6,1,None
114.62000000002173,"VIPER-01",6,1,None
114.62000000002173,"VIPER-02",6,1,None
114.62000000002173,"VIPER-03",6,1,None
114.62000000002173,"BANDIT-01",6,1,None
114.62000000002173,"BANDIT-03",6,1,None
114.62000000002173,"BANDIT-04",6,1,None
114.82000000002184,"VIPER-01",6,1,None
114.82000000002184,"VIPER-02",6,1,None
114.82000000002184,"VIPER-03",6,1,None
114.82000000002184,"BANDIT-01",6,1,None
114.82000000002184,"BANDIT-03",6,1,None
114.82000000002184,"BANDIT-04",6,1,None
115.02000000002194,"VIPER-01",6,1,None
115.02000000002194,"VIPER-02",6,1,None
115.02000000002194,"VIPER-03",6,1,None
115.02000000002194,"BANDIT-01",6,1,None
115.02000000002194,"BANDIT-03",6,1,None
115.02000000002194,"BANDIT-04",6,1,None
115.22000000002204,"VIPER-01",6,1,None
115.22000000002204,"VIPER-02",6,1,None
115.22000000002204,"VIPER-03",6,1,None
115.22000000002204,"BANDIT-01",6,1,None
115.22000000002204,"BANDIT-03",6,1,None
115.22000000002204,"BANDIT-04",6,1,None
115.42000000002214,"VIPER-01",6,1,None
115.42000000002214,"VIPER-02",6,1,None
115.42000000002214,"VIPER-03",6,1,None
115.42000000002214,"BANDIT-01",6,1,None
115.42000000002214,"BANDIT-03",6,1,None
115.42000000002214,"BANDIT-04",6,1,None
115.62000000002224,"VIPER-01",6,1,None
115.62000000002224,"VIPER-02",6,1,None
115.62000000002224,"VIPER-03",6,1,None
115.62000000002224,"BANDIT-01",6,1,None
115.62000000002224,"BANDIT-03",6,1,None
115.62000000002224,"BANDIT-04",6,1,None
115.82000000002235,"VIPER-01",6,1,None
115.82000000002235,"VIPER-02",6,1,None
115.82000000002235,"VIPER-03",6,1,None
115.82000000002235,"BANDIT-01",6,1,None
115.82000000002235,"BANDIT-03",6,1,None
115.82000000002235,"BANDIT-04",6,1,None
116.02000000002245,"VIPER-01",6,1,None
116.02000000002245,"VIPER-02",6,1,None
116.02000000002245,"VIPER-03",6,1,None
116.02000000002245,"BANDIT-01",6,1,None
116.02000000002245,"BANDIT-03",6,1,None
116.02000000002245,"BANDIT-04",6,1,None
116.22000000002255,"VIPER-01",6,1,None
116.22000000002255,"VIPER-02",6,1,None
116.22000000002255,"VIPER-03",6,1,None
116.22000000002255,"BANDIT-01",6,1,None
116.22000000002255,"BANDIT-03",6,1,None
116.22000000002255,"BANDIT-04",6,1,None
116.42000000002265,"VIPER-01",6,1,None
116.42000000002265,"VIPER-02",6,1,None
116.42000000002265,"VIPER-03",6,1,None
116.42000000002265,"BANDIT-01",6,1,None
116.42000000002265,"BANDIT-03",6,1,None
116.42000000002265,"BANDIT-04",6,1,None
116.62000000002276,"VIPER-01",6,1,None
116.62000000002276,"VIPER-02",6,1,None
116.62000000002276,"VIPER-03",6,1,None
116.62000000002276,"BANDIT-01",6,1,None
116.62000000002276,"BANDIT-03",6,1,None
116.62000000002276,"BANDIT-04",6,1,None
116.82000000002286,"VIPER-01",6,1,None
116.82000000002286,"VIPER-02",6,1,None
116.82000000002286,"VIPER-03",6,1,None
116.82000000002286,"BANDIT-01",6,1,None
116.82000000002286,"BANDIT-03",6,1,None
116.82000000002286,"BANDIT-04",6,1,None
117.02000000002296,"VIPER-01",6,1,None
117.02000000002296,"VIPER-02",6,1,None
117.02000000002296,"VIPER-03",6,1,None
117.02000000002296,"BANDIT-01",6,1,None
117.02000000002296,"BANDIT-03",6,1,None
117.02000000002296,"BANDIT-04",6,1,None
117.22000000002306,"VIPER-01",6,1,None
117.22000000002306,"VIPER-02",6,1,None
117.22000000002306,"VIPER-03",6,1,None
117.22000000002306,"BANDIT-01",6,1,None
117.22000000002306,"BANDIT-03",6,1,None
117.22000000002306,"BANDIT-04",6,1,None
117.42000000002317,"VIPER-01",6,1,None
117.42000000002317,"VIPER-02",6,1,None
117.42000000002317,"VIPER-03",6,1,None
117.42000000002317,"BANDIT-01",6,1,None
117.42000000002317,"BANDIT-03",6,1,None
117.42000000002317,"BANDIT-04",6,1,None
117.62000000002327,"VIPER-01",6,1,None
117.62000000002327,"VIPER-02",6,1,None
117.62000000002327,"VIPER-03",6,1,None
117.62000000002327,"BANDIT-01",6,1,None
117.62000000002327,"BANDIT-03",6,1,None
117.62000000002327,"BANDIT-04",6,1,None
117.82000000002337,"VIPER-01",6,1,None
117.82000000002337,"VIPER-02",6,1,None
117.82000000002337,"VIPER-03",6,1,None
117.82000000002337,"BANDIT-01",6,1,None
117.82000000002337,"BANDIT-03",6,1,None
117.82000000002337,"BANDIT-04",6,1,None
118.02000000002347,"VIPER-01",6,1,None
118.02000000002347,"VIPER-02",6,1,None
118.02000000002347,"VIPER-03",6,1,None
118.02000000002347,"BANDIT-01",6,1,None
118.02000000002347,"BANDIT-03",6,1,None
118.02000000002347,"BANDIT-04",6,1,None
118.22000000002357,"VIPER-01",6,1,None
118.22000000002357,"VIPER-02",6,1,None
118.22000000002357,"VIPER-03",6,1,None
118.22000000002357,"BANDIT-01",6,1,None
118.22000000002357,"BANDIT-03",6,1,None
118.22000000002357,"BANDIT-04",6,1,None
118.42000000002368,"VIPER-01",6,1,None
118.42000000002368,"VIPER-02",6,1,None
118.42000000002368,"VIPER-03",6,1,None
118.42000000002368,"BANDIT-01",6,1,None
118.42000000002368,"BANDIT-03",6,1,None
118.42000000002368,"BANDIT-04",6,1,None
118.62000000002378,"VIPER-01",6,1,None
118.62000000002378,"VIPER-02",6,1,None
118.62000000002378,"VIPER-03",6,1,None
118.62000000002378,"BANDIT-01",6,1,None
118.62000000002378,"BANDIT-03",6,1,None
118.62000000002378,"BANDIT-04",6,1,None
118.82000000002388,"VIPER-01",6,1,None
118.82000000002388,"VIPER-02",6,1,None
118.82000000002388,"VIPER-03",6,1,None
118.82000000002388,"BANDIT-01",6,1,None
118.82000000002388,"BANDIT-03",6,1,None
118.82000000002388,"BANDIT-04",6,1,None
119.02000000002398,"VIPER-01",6,1,None
119.02000000002398,"VIPER-02",6,1,None
119.02000000002398,"VIPER-03",6,1,None
119.02000000002398,"BANDIT-01",6,1,None
119.02000000002398,"BANDIT-03",6,1,None
119.02000000002398,"BANDIT-04",6,1,None
119.22000000002409,"VIPER-01",6,1,None
119.22000000002409,"VIPER-02",6,1,None
119.22000000002409,"VIPER-03",6,1,None
119.22000000002409,"BANDIT-01",6,1,None
119.22000000002409,"BANDIT-03",6,1,None
119.22000000002409,"BANDIT-04",6,1,None
119.42000000002419,"VIPER-01",6,1,None
119.42000000002419,"VIPER-02",6,1,None
119.42000000002419,"VIPER-03",6,1,None
119.42000000002419,"BANDIT-01",6,1,None
119.42000000002419,"BANDIT-03",6,1,None
119.42000000002419,"BANDIT-04",6,1,None
119.62000000002429,"VIPER-01",6,1,None
119.62000000002429,"VIPER-02",6,1,None
119.62000000002429,"VIPER-03",6,1,None
119.62000000002429,"BANDIT-01",6,1,None
119.62000000002429,"BANDIT-03",6,1,None
119.62000000002429,"BANDIT-04",6,1,None
119.82000000002439,"VIPER-01",6,1,None
119.82000000002439,"VIPER-02",6,1,None
119.82000000002439,"VIPER-03",6,1,None
119.82000000002439,"BANDIT-01",6,1,None
119.82000000002439,"BANDIT-03",6,1,None
119.82000000002439,"BANDIT-04",6,1,None
120.0200000000245,"VIPER-01",6,1,None
120.0200000000245,"VIPER-02",6,1,None
120.0200000000245,"VIPER-03",6,1,None
120.0200000000245,"BANDIT-01",6,1,None
120.0200000000245,"BANDIT-03",6,1,None
120.0200000000245,"BANDIT-04",6,1,None
120.2200000000246,"VIPER-01",6,1,None
120.2200000000246,"VIPER-02",6,1,None
120.2200000000246,"VIPER-03",6,1,None
120.2200000000246,"BANDIT-01",6,1,None
120.2200000000246,"BANDIT-03",6,1,None
120.2200000000246,"BANDIT-04",6,1,None
120.4200000000247,"VIPER-01",6,1,None
120.4200000000247,"VIPER-02",6,1,None
120.4200000000247,"VIPER-03",6,1,None
120.4200000000247,"BANDIT-01",6,1,None
120.4200000000247,"BANDIT-03",6,1,None
120.4200000000247,"BANDIT-04",6,1,None
120.6200000000248,"VIPER-01",6,1,None
120.6200000000248,"VIPER-02",6,1,None
120.6200000000248,"VIPER-03",6,1,None
120.6200000000248,"BANDIT-01",6,1,None
120.6200000000248,"BANDIT-03",6,1,None
120.6200000000248,"BANDIT-04",6,1,None
120.8200000000249,"VIPER-01",6,1,None
120.8200000000249,"VIPER-02",6,1,None
120.8200000000249,"VIPER-03",6,1,None
120.8200000000249,"BANDIT-01",6,1,None
120.8200000000249,"BANDIT-03",6,1,None
120.8200000000249,"BANDIT-04",6,1,None
121.02000000002501,"VIPER-01",6,1,None
121.02000000002501,"VIPER-02",6,1,None
121.02000000002501,"VIPER-03",6,1,None
121.02000000002501,"BANDIT-01",6,1,None
121.02000000002501,"BANDIT-03",6,1,None
121.02000000002501,"BANDIT-04",6,1,None
121.22000000002511,"VIPER-01",6,1,None
121.22000000002511,"VIPER-02",6,1,None
121.22000000002511,"VIPER-03",6,1,None
121.22000000002511,"BANDIT-01",6,1,None
121.22000000002511,"BANDIT-03",6,1,None
121.22000000002511,"BANDIT-04",6,1,None
121.42000000002521,"VIPER-01",6,1,None
121.42000000002521,"VIPER-02",6,1,None
121.42000000002521,"VIPER-03",6,1,None
121.42000000002521,"BANDIT-01",6,1,None
121.42000000002521,"BANDIT-03",6,1,None
121.42000000002521,"BANDIT-04",6,1,None
121.62000000002531,"VIPER-01",6,1,None
121.62000000002531,"VIPER-02",6,1,None
121.62000000002531,"VIPER-03",6,1,None
121.62000000002531,"BANDIT-01",6,1,None
121.62000000002531,"BANDIT-03",6,1,None
121.62000000002531,"BANDIT-04",6,1,None
121.82000000002542,"VIPER-01",6,1,None
121.82000000002542,"VIPER-02",6,1,None
121.82000000002542,"VIPER-03",6,1,None
121.82000000002542,"BANDIT-01",6,1,None
121.82000000002542,"BANDIT-03",6,1,None
121.82000000002542,"BANDIT-04",6,1,None
122.02000000002552,"VIPER-01",6,1,None
122.02000000002552,"VIPER-02",6,1,None
122.02000000002552,"VIPER-03",6,1,None
122.02000000002552,"BANDIT-01",6,1,None
122.02000000002552,"BANDIT-03",6,1,None
122.02000000002552,"BANDIT-04",6,1,None
122.22000000002562,"VIPER-01",6,1,None
122.22000000002562,"VIPER-02",6,1,None
122.22000000002562,"VIPER-03",6,1,None
122.22000000002562,"BANDIT-01",6,1,None
122.22000000002562,"BANDIT-03",6,1,None
122.22000000002562,"BANDIT-04",6,1,None
122.42000000002572,"VIPER-01",6,1,None
122.42000000002572,"VIPER-02",6,1,None
122.42000000002572,"VIPER-03",6,1,None
122.42000000002572,"BANDIT-01",6,1,None
122.42000000002572,"BANDIT-03",6,1,None
122.42000000002572,"BANDIT-04",6,1,None
122.62000000002583,"VIPER-01",6,1,None
122.62000000002583,"VIPER-02",6,1,None
122.62000000002583,"VIPER-03",6,1,None
122.62000000002583,"BANDIT-01",6,1,None
122.62000000002583,"BANDIT-03",6,1,None
122.62000000002583,"BANDIT-04",6,1,None
122.82000000002593,"VIPER-01",6,1,None
122.82000000002593,"VIPER-02",6,1,None
122.82000000002593,"VIPER-03",6,1,None
122.82000000002593,"BANDIT-01",6,1,None
122.82000000002593,"BANDIT-03",6,1,None
122.82000000002593,"BANDIT-04",6,1,None
123.02000000002603,"VIPER-01",6,1,None
123.02000000002603,"VIPER-02",6,1,None
123.02000000002603,"VIPER-03",6,1,None
123.02000000002603,"BANDIT-01",6,1,None
123.02000000002603,"BANDIT-03",6,1,None
123.02000000002603,"BANDIT-04",6,1,None
123.22000000002613,"VIPER-01",6,1,None
123.22000000002613,"VIPER-02",6,1,None
123.22000000002613,"VIPER-03",6,1,None
123.22000000002613,"BANDIT-01",6,1,None
123.22000000002613,"BANDIT-03",6,1,None
123.22000000002613,"BANDIT-04",6,1,None
123.42000000002623,"VIPER-01",6,1,None
123.42000000002623,"VIPER-02",6,1,None
123.42000000002623,"VIPER-03",6,1,None
123.42000000002623,"BANDIT-01",6,1,None
123.42000000002623,"BANDIT-03",6,1,None
123.42000000002623,"BANDIT-04",6,1,None
123.62000000002634,"VIPER-01",6,1,None
123.62000000002634,"VIPER-02",6,1,None
123.62000000002634,"VIPER-03",6,1,None
123.62000000002634,"BANDIT-01",6,1,None
123.62000000002634,"BANDIT-03",6,1,None
123.62000000002634,"BANDIT-04",6,1,None
123.82000000002644,"VIPER-01",6,1,None
123.82000000002644,"VIPER-02",6,1,None
123.82000000002644,"VIPER-03",6,1,None
123.82000000002644,"BANDIT-01",6,1,None
123.82000000002644,"BANDIT-03",6,1,None
123.82000000002644,"BANDIT-04",6,1,None
124.02000000002654,"VIPER-01",6,1,None
124.02000000002654,"VIPER-02",6,1,None
124.02000000002654,"VIPER-03",6,1,None
124.02000000002654,"BANDIT-01",6,1,None
124.02000000002654,"BANDIT-03",6,1,None
124.02000000002654,"BANDIT-04",6,1,None
124.22000000002664,"VIPER-01",6,1,None
124.22000000002664,"VIPER-02",6,1,None
124.22000000002664,"VIPER-03",6,1,None
124.22000000002664,"BANDIT-01",6,1,None
124.22000000002664,"BANDIT-03",6,1,None
124.22000000002664,"BANDIT-04",6,1,None
124.42000000002675,"VIPER-01",6,1,None
124.42000000002675,"VIPER-02",6,1,None
124.42000000002675,"VIPER-03",6,1,None
124.42000000002675,"BANDIT-01",6,1,None
124.42000000002675,"BANDIT-03",6,1,None
124.42000000002675,"BANDIT-04",6,1,None
124.62000000002685,"VIPER-01",6,1,None
124.62000000002685,"VIPER-02",6,1,None
124.62000000002685,"VIPER-03",6,1,None
124.62000000002685,"BANDIT-01",6,1,None
124.62000000002685,"BANDIT-03",6,1,None
124.62000000002685,"BANDIT-04",6,1,None
124.82000000002695,"VIPER-01",6,1,None
124.82000000002695,"VIPER-02",6,1,None
124.82000000002695,"VIPER-03",6,1,None
124.82000000002695,"BANDIT-01",6,1,None
124.82000000002695,"BANDIT-03",6,1,None
124.82000000002695,"BANDIT-04",6,1,None
125.02000000002705,"VIPER-01",6,1,None
125.02000000002705,"VIPER-02",6,1,None
125.02000000002705,"VIPER-03",6,1,None
125.02000000002705,"BANDIT-01",6,1,None
125.02000000002705,"BANDIT-03",6,1,None
125.02000000002705,"BANDIT-04",6,1,None
125.22000000002716,"VIPER-01",6,1,None
125.22000000002716,"VIPER-02",6,1,None
125.22000000002716,"VIPER-03",6,1,None
125.22000000002716,"BANDIT-01",6,1,None
125.22000000002716,"BANDIT-03",6,1,None
125.22000000002716,"BANDIT-04",6,1,None
125.42000000002726,"VIPER-01",6,1,None
125.42000000002726,"VIPER-02",6,1,None
125.42000000002726,"VIPER-03",6,1,None
125.42000000002726,"BANDIT-01",6,1,None
125.42000000002726,"BANDIT-03",6,1,None
125.42000000002726,"BANDIT-04",6,1,None
125.62000000002736,"VIPER-01",6,1,None
125.62000000002736,"VIPER-02",6,1,None
125.62000000002736,"VIPER-03",6,1,None
125.62000000002736,"BANDIT-01",6,1,None
125.62000000002736,"BANDIT-03",6,1,None
125.62000000002736,"BANDIT-04",6,1,None
125.82000000002746,"VIPER-01",6,1,None
125.82000000002746,"VIPER-02",6,1,None
125.82000000002746,"VIPER-03",6,1,None
125.82000000002746,"BANDIT-01",6,1,None
125.82000000002746,"BANDIT-03",6,1,None
125.82000000002746,"BANDIT-04",6,1,None
126.02000000002757,"VIPER-01",6,1,None
126.02000000002757,"VIPER-02",6,1,None
126.02000000002757,"VIPER-03",6,1,None
126.02000000002757,"BANDIT-01",6,1,None
126.02000000002757,"BANDIT-03",6,1,None
126.02000000002757,"BANDIT-04",6,1,None
126.22000000002767,"VIPER-01",6,1,None
126.22000000002767,"VIPER-02",6,1,None
126.22000000002767,"VIPER-03",6,1,None
126.22000000002767,"BANDIT-01",6,1,None
126.22000000002767,"BANDIT-03",6,1,None
126.22000000002767,"BANDIT-04",6,1,None
126.42000000002777,"VIPER-01",6,1,None
126.42000000002777,"VIPER-02",6,1,None
126.42000000002777,"VIPER-03",6,1,None
126.42000000002777,"BANDIT-01",6,1,None
126.42000000002777,"BANDIT-03",6,1,None
126.42000000002777,"BANDIT-04",6,1,None
126.62000000002787,"VIPER-01",6,1,None
126.62000000002787,"VIPER-02",6,1,None
126.62000000002787,"VIPER-03",6,1,None
126.62000000002787,"BANDIT-01",6,1,None
126.62000000002787,"BANDIT-03",6,1,None
126.62000000002787,"BANDIT-04",6,1,None
126.82000000002797,"VIPER-01",6,1,None
126.82000000002797,"VIPER-02",6,1,None
126.82000000002797,"VIPER-03",6,1,None
126.82000000002797,"BANDIT-01",6,1,None
126.82000000002797,"BANDIT-03",6,1,None
126.82000000002797,"BANDIT-04",6,1,None
127.02000000002808,"VIPER-01",6,1,None
127.02000000002808,"VIPER-02",6,1,None
127.02000000002808,"VIPER-03",6,1,None
127.02000000002808,"BANDIT-01",6,1,None
127.02000000002808,"BANDIT-03",6,1,None
127.02000000002808,"BANDIT-04",6,1,None
127.22000000002818,"VIPER-01",6,1,None
127.22000000002818,"VIPER-02",6,1,None
127.22000000002818,"VIPER-03",6,1,None
127.22000000002818,"BANDIT-01",6,1,None
127.22000000002818,"BANDIT-03",6,1,None
127.22000000002818,"BANDIT-04",6,1,None
127.42000000002828,"VIPER-01",6,1,None
127.42000000002828,"VIPER-02",6,1,None
127.42000000002828,"VIPER-03",6,1,None
127.42000000002828,"BANDIT-01",6,1,None
127.42000000002828,"BANDIT-03",6,1,None
127.42000000002828,"BANDIT-04",6,1,None
127.62000000002838,"VIPER-01",6,1,None
127.62000000002838,"VIPER-02",6,1,None
127.62000000002838,"VIPER-03",6,1,None
127.62000000002838,"BANDIT-01",6,1,None
127.62000000002838,"BANDIT-03",6,1,None
127.62000000002838,"BANDIT-04",6,1,None
127.82000000002849,"VIPER-01",6,1,None
127.82000000002849,"VIPER-02",6,1,None
127.82000000002849,"VIPER-03",6,1,None
127.82000000002849,"BANDIT-01",6,1,None
127.82000000002849,"BANDIT-03",6,1,None
127.82000000002849,"BANDIT-04",6,1,None
128.02000000002855,"VIPER-01",6,1,None
128.02000000002855,"VIPER-02",6,1,None
128.02000000002855,"VIPER-03",6,1,None
128.02000000002855,"BANDIT-01",6,1,None
128.02000000002855,"BANDIT-03",6,1,None
128.02000000002855,"BANDIT-04",6,1,None
128.22000000002836,"VIPER-01",6,1,None
128.22000000002836,"VIPER-02",6,1,None
128.22000000002836,"VIPER-03",6,1,None
128.22000000002836,"BANDIT-01",6,1,None
128.22000000002836,"BANDIT-03",6,1,None
128.22000000002836,"BANDIT-04",6,1,None
128.42000000002818,"VIPER-01",6,1,None
128.42000000002818,"VIPER-02",6,1,None
128.42000000002818,"VIPER-03",6,1,None
128.42000000002818,"BANDIT-01",6,1,None
128.42000000002818,"BANDIT-03",6,1,None
128.42000000002818,"BANDIT-04",6,1,None
128.620000000028,"VIPER-01",6,1,None
128.620000000028,"VIPER-02",6,1,None
128.620000000028,"VIPER-03",6,1,None
128.620000000028,"BANDIT-01",6,1,None
128.620000000028,"BANDIT-03",6,1,None
128.620000000028,"BANDIT-04",6,1,None
128.82000000002782,"VIPER-01",6,1,None
128.82000000002782,"VIPER-02",6,1,None
128.82000000002782,"VIPER-03",6,1,None
128.82000000002782,"BANDIT-01",6,1,None
128.82000000002782,"BANDIT-03",6,1,None
128.82000000002782,"BANDIT-04",6,1,None
129.02000000002764,"VIPER-01",6,1,None
129.02000000002764,"VIPER-02",6,1,None
129.02000000002764,"VIPER-03",6,1,None
129.02000000002764,"BANDIT-01",6,1,None
129.02000000002764,"BANDIT-03",6,1,None
129.02000000002764,"BANDIT-04",6,1,None
129.22000000002745,"VIPER-01",6,1,None
129.22000000002745,"VIPER-02",6,1,None
129.22000000002745,"VIPER-03",6,1,None
129.22000000002745,"BANDIT-01",6,1,None
129.22000000002745,"BANDIT-03",6,1,None
129.22000000002745,"BANDIT-04",6,1,None
129.42000000002727,"VIPER-01",6,1,None
129.42000000002727,"VIPER-02",6,1,None
129.42000000002727,"VIPER-03",6,1,None
129.42000000002727,"BANDIT-01",6,1,None
129.42000000002727,"BANDIT-03",6,1,None
129.42000000002727,"BANDIT-04",6,1,None
129.62000000002709,"VIPER-01",6,1,None
129.62000000002709,"VIPER-02",6,1,None
129.62000000002709,"VIPER-03",6,1,None
129.62000000002709,"BANDIT-01",6,1,None
129.62000000002709,"BANDIT-03",6,1,None
129.62000000002709,"BANDIT-04",6,1,None
129.82000000002691,"VIPER-01",6,1,None
129.82000000002691,"VIPER-02",6,1,None
129.82000000002691,"VIPER-03",6,1,None
129.82000000002691,"BANDIT-01",6,1,None
129.82000000002691,"BANDIT-03",6,1,None
129.82000000002691,"BANDIT-04",6,1,None
130.02000000002673,"VIPER-01",6,1,None
130.02000000002673,"VIPER-02",6,1,None
130.02000000002673,"VIPER-03",6,1,None
130.02000000002673,"BANDIT-01",6,1,None
130.02000000002673,"BANDIT-03",6,1,None
130.02000000002673,"BANDIT-04",6,1,None
130.22000000002654,"VIPER-01",6,1,None
130.22000000002654,"VIPER-02",6,1,None
130.22000000002654,"VIPER-03",6,1,None
130.22000000002654,"BANDIT-01",6,1,None
130.22000000002654,"BANDIT-03",6,1,None
130.22000000002654,"BANDIT-04",6,1,None
130.42000000002636,"VIPER-01",6,1,None
130.42000000002636,"VIPER-02",6,1,None
130.42000000002636,"VIPER-03",6,1,None
130.42000000002636,"BANDIT-01",6,1,None
130.42000000002636,"BANDIT-03",6,1,None
130.42000000002636,"BANDIT-04",6,1,None
130.62000000002618,"VIPER-01",6,1,None
130.62000000002618,"VIPER-02",6,1,None
130.62000000002618,"VIPER-03",6,1,None
130.62000000002618,"BANDIT-01",6,1,None
130.62000000002618,"BANDIT-03",6,1,None
130.62000000002618,"BANDIT-04",6,1,None
130.820000000026,"VIPER-01",6,1,None
130.820000000026,"VIPER-02",6,1,None
130.820000000026,"VIPER-03",6,1,None
130.820000000026,"BANDIT-01",6,1,None
130.820000000026,"BANDIT-03",6,1,None
130.820000000026,"BANDIT-04",6,1,None
131.02000000002582,"VIPER-01",6,1,None
131.02000000002582,"VIPER-02",6,1,None
131.02000000002582,"VIPER-03",6,1,None
131.02000000002582,"BANDIT-01",6,1,None
131.02000000002582,"BANDIT-03",6,1,None
131.02000000002582,"BANDIT-04",6,1,None
131.22000000002564,"VIPER-01",6,1,None
131.22000000002564,"VIPER-02",6,1,None
131.22000000002564,"VIPER-03",6,1,None
131.22000000002564,"BANDIT-01",6,1,None
131.22000000002564,"BANDIT-03",6,1,None
131.22000000002564,"BANDIT-04",6,1,None
131.42000000002545,"VIPER-01",6,1,None
131.42000000002545,"VIPER-02",6,1,None
131.42000000002545,"VIPER-03",6,1,None
131.42000000002545,"BANDIT-01",6,1,None
131.42000000002545,"BANDIT-03",6,1,None
131.42000000002545,"BANDIT-04",6,1,None
131.62000000002527,"VIPER-01",6,1,None
131.62000000002527,"VIPER-02",6,1,None
131.62000000002527,"VIPER-03",6,1,None
131.62000000002527,"BANDIT-01",6,1,None
131.62000000002527,"BANDIT-03",6,1,None
131.62000000002527,"BANDIT-04",6,1,None
131.82000000002509,"VIPER-01",6,1,None
131.82000000002509,"VIPER-02",6,1,None
131.82000000002509,"VIPER-03",6,1,None
131.82000000002509,"BANDIT-01",6,1,None
131.82000000002509,"BANDIT-03",6,1,None
131.82000000002509,"BANDIT-04",6,1,None
132.02000000002491,"VIPER-01",6,1,None
132.02000000002491,"VIPER-02",6,1,None
132.02000000002491,"VIPER-03",6,1,None
132.02000000002491,"BANDIT-01",6,1,None
132.02000000002491,"BANDIT-03",6,1,None
132.02000000002491,"BANDIT-04",6,1,None
132.22000000002473,"VIPER-01",6,1,None
132.22000000002473,"VIPER-02",6,1,None
132.22000000002473,"VIPER-03",6,1,None
132.22000000002473,"BANDIT-01",6,1,None
132.22000000002473,"BANDIT-03",6,1,None
132.22000000002473,"BANDIT-04",6,1,None
132.42000000002454,"VIPER-01",6,1,None
132.42000000002454,"VIPER-02",6,1,None
132.42000000002454,"VIPER-03",6,1,None
132.42000000002454,"BANDIT-01",6,1,None
132.42000000002454,"BANDIT-03",6,1,None
132.42000000002454,"BANDIT-04",6,1,None
132.62000000002436,"VIPER-01",6,1,None
132.62000000002436,"VIPER-02",6,1,None
132.62000000002436,"VIPER-03",6,1,None
132.62000000002436,"BANDIT-01",6,1,None
132.62000000002436,"BANDIT-03",6,1,None
132.62000000002436,"BANDIT-04",6,1,None
132.82000000002418,"VIPER-01",6,1,None
132.82000000002418,"VIPER-02",6,1,None
132.82000000002418,"VIPER-03",6,1,None
132.82000000002418,"BANDIT-01",6,1,None
132.82000000002418,"BANDIT-03",6,1,None
132.82000000002418,"BANDIT-04",6,1,None
133.020000000024,"VIPER-01",6,1,None
133.020000000024,"VIPER-02",6,1,None
133.020000000024,"VIPER-03",6,1,None
133.020000000024,"BANDIT-01",6,1,None
133.020000000024,"BANDIT-03",6,1,None
133.020000000024,"BANDIT-04",6,1,None
133.22000000002382,"VIPER-01",6,1,None
133.22000000002382,"VIPER-02",6,1,None
133.22000000002382,"VIPER-03",6,1,None
133.22000000002382,"BANDIT-01",6,1,None
133.22000000002382,"BANDIT-03",6,1,None
133.22000000002382,"BANDIT-04",6,1,None
133.42000000002363,"VIPER-01",6,1,None
133.42000000002363,"VIPER-02",6,1,None
133.42000000002363,"VIPER-03",6,1,None
133.42000000002363,"BANDIT-01",6,1,None
133.42000000002363,"BANDIT-03",6,1,None
133.42000000002363,"BANDIT-04",6,1,None
133.62000000002345,"VIPER-01",6,1,None
133.62000000002345,"VIPER-02",6,1,None
133.62000000002345,"VIPER-03",6,1,None
133.62000000002345,"BANDIT-01",6,1,None
133.62000000002345,"BANDIT-03",6,1,None
133.62000000002345,"BANDIT-04",6,1,None
133.82000000002327,"VIPER-01",6,1,None
133.82000000002327,"VIPER-02",6,1,None
133.82000000002327,"VIPER-03",6,1,None
133.82000000002327,"BANDIT-01",6,1,None
133.82000000002327,"BANDIT-03",6,1,None
133.82000000002327,"BANDIT-04",6,1,None
134.02000000002309,"VIPER-01",6,1,None
134.02000000002309,"VIPER-02",6,1,None
134.02000000002309,"VIPER-03",6,1,None
134.02000000002309,"BANDIT-01",6,1,None
134.02000000002309,"BANDIT-03",6,1,None
134.02000000002309,"BANDIT-04",6,1,None
134.22000000002291,"VIPER-01",6,1,None
134.22000000002291,"VIPER-02",6,1,None
134.22000000002291,"VIPER-03",6,1,None
134.22000000002291,"BANDIT-01",6,1,None
134.22000000002291,"BANDIT-03",6,1,None
134.22000000002291,"BANDIT-04",6,1,None
134.42000000002272,"VIPER-01",6,1,None
134.42000000002272,"VIPER-02",6,1,None
134.42000000002272,"VIPER-03",6,1,None
134.42000000002272,"BANDIT-01",6,1,None
134.42000000002272,"BANDIT-03",6,1,None
134.42000000002272,"BANDIT-04",6,1,None
134.62000000002254,"VIPER-01",6,1,None
134.62000000002254,"VIPER-02",6,1,None
134.62000000002254,"VIPER-03",6,1,None
134.62000000002254,"BANDIT-01",6,1,None
134.62000000002254,"BANDIT-03",6,1,None
134.62000000002254,"BANDIT-04",6,1,None
134.82000000002236,"VIPER-01",6,1,None
134.82000000002236,"VIPER-02",6,1,None
134.82000000002236,"VIPER-03",6,1,None
134.82000000002236,"BANDIT-01",6,1,None
134.82000000002236,"BANDIT-03",6,1,None
134.82000000002236,"BANDIT-04",6,1,None
135.02000000002218,"VIPER-01",6,1,None
135.02000000002218,"VIPER-02",6,1,None
135.02000000002218,"VIPER-03",6,1,None
135.02000000002218,"BANDIT-01",6,1,None
135.02000000002218,"BANDIT-03",6,1,None
135.220000000022,"VIPER-01",6,1,None
135.220000000022,"VIPER-02",6,1,None
135.220000000022,"VIPER-03",6,1,None
135.220000000022,"BANDIT-01",6,1,None
135.220000000022,"BANDIT-03",6,1,None
135.42000000002182,"VIPER-01",6,1,None
135.42000000002182,"VIPER-02",6,1,None
135.42000000002182,"VIPER-03",6,1,None
135.42000000002182,"BANDIT-01",6,1,None
135.42000000002182,"BANDIT-03",6,1,None
135.62000000002163,"VIPER-01",6,1,None
135.62000000002163,"VIPER-02",6,1,None
135.62000000002163,"VIPER-03",6,1,None
135.62000000002163,"BANDIT-01",6,1,None
135.62000000002163,"BANDIT-03",6,1,None
135.82000000002145,"VIPER-01",6,1,None
135.82000000002145,"VIPER-02",6,1,None
135.82000000002145,"VIPER-03",6,1,None
135.82000000002145,"BANDIT-01",6,1,None
135.82000000002145,"BANDIT-03",6,1,None
136.02000000002127,"VIPER-01",6,1,None
136.02000000002127,"VIPER-02",6,1,None
136.02000000002127,"VIPER-03",6,1,None
136.02000000002127,"BANDIT-01",6,1,None
136.02000000002127,"BANDIT-03",6,1,None
136.22000000002109,"VIPER-01",6,1,None
136.22000000002109,"VIPER-02",6,1,None
136.22000000002109,"VIPER-03",6,1,None
136.22000000002109,"BANDIT-01",6,1,None
136.22000000002109,"BANDIT-03",6,1,None
136.42000000002091,"VIPER-01",6,1,None
136.42000000002091,"VIPER-02",6,1,None
136.42000000002091,"VIPER-03",6,1,None
136.42000000002091,"BANDIT-01",6,1,None
136.42000000002091,"BANDIT-03",6,1,None
136.62000000002072,"VIPER-01",6,1,None
136.62000000002072,"VIPER-02",6,1,None
136.62000000002072,"VIPER-03",6,1,None
136.62000000002072,"BANDIT-01",6,1,None
136.62000000002072,"BANDIT-03",6,1,None
136.82000000002054,"VIPER-01",6,1,None
136.82000000002054,"VIPER-02",6,1,None
136.82000000002054,"VIPER-03",6,1,None
136.82000000002054,"BANDIT-01",6,1,None
136.82000000002054,"BANDIT-03",6,1,None
137.02000000002036,"VIPER-01",6,1,None
137.02000000002036,"VIPER-02",6,1,None
137.02000000002036,"VIPER-03",6,1,None
137.02000000002036,"BANDIT-01",6,1,None
137.02000000002036,"BANDIT-03",6,1,None
137.22000000002018,"VIPER-01",6,1,None
137.22000000002018,"VIPER-02",6,1,None
137.22000000002018,"VIPER-03",6,1,None
137.22000000002018,"BANDIT-01",6,1,None
137.22000000002018,"BANDIT-03",6,1,None
137.42000000002,"VIPER-01",6,1,None
137.42000000002,"VIPER-02",6,1,None
137.42000000002,"VIPER-03",6,1,None
137.42000000002,"BANDIT-01",6,1,None
137.42000000002,"BANDIT-03",6,1,None
137.62000000001981,"VIPER-01",6,1,None
137.62000000001981,"VIPER-02",6,1,None
137.62000000001981,"VIPER-03",6,1,None
137.62000000001981,"BANDIT-01",6,1,None
137.62000000001981,"BANDIT-03",6,1,None
137.82000000001963,"VIPER-01",6,1,None
137.82000000001963,"VIPER-02",6,1,None
137.82000000001963,"VIPER-03",6,1,None
137.82000000001963,"BANDIT-01",6,1,None
137.82000000001963,"BANDIT-03",6,1,None
138.02000000001945,"VIPER-01",6,1,None
138.02000000001945,"VIPER-02",6,1,None
138.02000000001945,"VIPER-03",6,1,None
138.02000000001945,"BANDIT-01",6,1,None
138.02000000001945,"BANDIT-03",6,1,None
138.22000000001927,"VIPER-01",6,1,None
138.22000000001927,"VIPER-02",6,1,None
138.22000000001927,"VIPER-03",6,1,None
138.22000000001927,"BANDIT-01",6,1,None
138.22000000001927,"BANDIT-03",6,1,None
138.42000000001909,"VIPER-01",6,1,None
138.42000000001909,"VIPER-02",6,1,None
138.42000000001909,"VIPER-03",6,1,None
138.42000000001909,"BANDIT-01",6,1,None
138.42000000001909,"BANDIT-03",6,1,None
138.6200000000189,"VIPER-01",6,1,None
138.6200000000189,"VIPER-02",6,1,None
138.6200000000189,"VIPER-03",6,1,None
138.6200000000189,"BANDIT-01",6,1,None
138.6200000000189,"BANDIT-03",6,1,None
138.82000000001872,"VIPER-01",6,1,None
138.82000000001872,"VIPER-02",6,1,None
138.82000000001872,"VIPER-03",6,1,None
138.82000000001872,"BANDIT-01",6,1,None
138.82000000001872,"BANDIT-03",6,1,None
139.02000000001854,"VIPER-01",6,1,None
139.02000000001854,"VIPER-02",6,1,None
139.02000000001854,"VIPER-03",6,1,None
139.02000000001854,"BANDIT-01",6,1,None
139.02000000001854,"BANDIT-03",6,1,None
139.22000000001836,"VIPER-01",6,1,None
139.22000000001836,"VIPER-02",6,1,None
139.22000000001836,"VIPER-03",6,1,None
139.22000000001836,"BANDIT-01",6,1,None
139.22000000001836,"BANDIT-03",6,1,None
139.42000000001818,"VIPER-01",6,1,None
139.42000000001818,"VIPER-02",6,1,None
139.42000000001818,"VIPER-03",6,1,None
139.42000000001818,"BANDIT-01",6,1,None
139.42000000001818,"BANDIT-03",6,1,None
139.620000000018,"VIPER-01",6,1,None
139.620000000018,"VIPER-02",6,1,None
139.620000000018,"VIPER-03",6,1,None
139.620000000018,"BANDIT-01",6,1,None
139.620000000018,"BANDIT-03",6,1,None
139.82000000001781,"VIPER-01",6,1,None
139.82000000001781,"VIPER-02",6,1,None
139.82000000001781,"VIPER-03",6,1,None
139.82000000001781,"BANDIT-01",6,1,None
139.82000000001781,"BANDIT-03",6,1,None
140.02000000001763,"VIPER-01",6,1,None
140.02000000001763,"VIPER-02",6,1,None
140.02000000001763,"VIPER-03",6,1,None
140.02000000001763,"BANDIT-01",6,1,None
140.02000000001763,"BANDIT-03",6,1,None
140.22000000001745,"VIPER-01",6,1,None
140.22000000001745,"VIPER-02",6,1,None
140.22000000001745,"VIPER-03",6,1,None
140.22000000001745,"BANDIT-01",6,1,None
140.22000000001745,"BANDIT-03",6,1,None
140.42000000001727,"VIPER-01",6,1,None
140.42000000001727,"VIPER-02",6,1,None
140.42000000001727,"VIPER-03",6,1,None
140.42000000001727,"BANDIT-01",6,1,None
140.42000000001727,"BANDIT-03",6,1,None
140.62000000001709,"VIPER-01",6,1,None
140.62000000001709,"VIPER-02",6,1,None
140.62000000001709,"VIPER-03",6,1,None
140.62000000001709,"BANDIT-01",6,1,None
140.62000000001709,"BANDIT-03",6,1,None
140.8200000000169,"VIPER-01",6,1,None
140.8200000000169,"VIPER-02",6,1,None
140.8200000000169,"VIPER-03",6,1,None
140.8200000000169,"BANDIT-01",6,1,None
140.8200000000169,"BANDIT-03",6,1,None
141.02000000001672,"VIPER-01",6,1,None
141.02000000001672,"VIPER-02",6,1,None
141.02000000001672,"VIPER-03",6,1,None
141.02000000001672,"BANDIT-01",6,1,None
141.02000000001672,"BANDIT-03",6,1,None
141.22000000001654,"VIPER-01",6,1,None
141.22000000001654,"VIPER-02",6,1,None
141.22000000001654,"VIPER-03",6,1,None
141.22000000001654,"BANDIT-01",6,1,None
141.22000000001654,"BANDIT-03",6,1,None
141.42000000001636,"VIPER-01",6,1,None
141.42000000001636,"VIPER-02",6,1,None
141.42000000001636,"VIPER-03",6,1,None
141.42000000001636,"BANDIT-01",6,1,None
141.42000000001636,"BANDIT-03",6,1,None
141.62000000001618,"VIPER-01",6,1,None
141.62000000001618,"VIPER-02",6,1,None
141.62000000001618,"VIPER-03",6,1,None
141.62000000001618,"BANDIT-01",6,1,None
141.62000000001618,"BANDIT-03",6,1,None
141.820000000016,"VIPER-01",6,1,None
141.820000000016,"VIPER-02",6,1,None
141.820000000016,"VIPER-03",6,1,None
141.820000000016,"BANDIT-01",6,1,None
141.820000000016,"BANDIT-03",6,1,None
142.02000000001581,"VIPER-01",6,1,None
142.02000000001581,"VIPER-02",6,1,None
142.02000000001581,"VIPER-03",6,1,None
142.02000000001581,"BANDIT-01",6,1,None
142.02000000001581,"BANDIT-03",6,1,None
142.22000000001563,"VIPER-01",6,1,None
142.22000000001563,"VIPER-02",6,1,None
142.22000000001563,"VIPER-03",6,1,None
142.22000000001563,"BANDIT-01",6,1,None
142.22000000001563,"BANDIT-03",6,1,None
142.42000000001545,"VIPER-01",6,1,None
142.42000000001545,"VIPER-02",6,1,None
142.42000000001545,"VIPER-03",6,1,None
142.42000000001545,"BANDIT-01",6,1,None
142.42000000001545,"BANDIT-03",6,1,None
142.62000000001527,"VIPER-01",6,1,None
142.62000000001527,"VIPER-02",6,1,None
142.62000000001527,"VIPER-03",6,1,None
142.62000000001527,"BANDIT-01",6,1,None
142.62000000001527,"BANDIT-03",6,1,None
142.82000000001509,"VIPER-01",6,1,None
142.82000000001509,"VIPER-02",6,1,None
142.82000000001509,"VIPER-03",6,1,None
142.82000000001509,"BANDIT-01",6,1,None
142.82000000001509,"BANDIT-03",6,1,None
143.0200000000149,"VIPER-01",6,1,None
143.0200000000149,"VIPER-02",6,1,None
143.0200000000149,"VIPER-03",6,1,None
143.0200000000149,"BANDIT-01",6,1,None
143.0200000000149,"BANDIT-03",6,1,None
143.22000000001472,"VIPER-01",6,1,None
143.22000000001472,"VIPER-02",6,1,None
143.22000000001472,"VIPER-03",6,1,None
143.22000000001472,"BANDIT-01",6,1,None
143.22000000001472,"BANDIT-03",6,1,None
143.42000000001454,"VIPER-01",6,1,None
143.42000000001454,"VIPER-02",6,1,None
143.42000000001454,"VIPER-03",6,1,None
143.42000000001454,"BANDIT-01",6,1,None
143.42000000001454,"BANDIT-03",6,1,None
143.62000000001436,"VIPER-01",6,1,None
143.62000000001436,"VIPER-02",6,1,None
143.62000000001436,"VIPER-03",6,1,None
143.62000000001436,"BANDIT-01",6,1,None
143.62000000001436,"BANDIT-03",6,1,None
143.82000000001418,"VIPER-01",6,1,None
143.82000000001418,"VIPER-02",6,1,None
143.82000000001418,"VIPER-03",6,1,None
143.82000000001418,"BANDIT-01",6,1,None
143.82000000001418,"BANDIT-03",6,1,None
144.020000000014,"VIPER-01",6,1,None
144.020000000014,"VIPER-02",6,1,None
144.020000000014,"VIPER-03",6,1,None
144.020000000014,"BANDIT-01",6,1,None
144.020000000014,"BANDIT-03",6,1,None
144.22000000001381,"VIPER-01",6,1,None
144.22000000001381,"VIPER-02",6,1,None
144.22000000001381,"VIPER-03",6,1,None
144.22000000001381,"BANDIT-01",6,1,None
144.22000000001381,"BANDIT-03",6,1,None
144.42000000001363,"VIPER-01",6,1,None
144.42000000001363,"VIPER-02",6,1,None
144.42000000001363,"VIPER-03",6,1,None
144.42000000001363,"BANDIT-01",6,1,None
144.42000000001363,"BANDIT-03",6,1,None
144.62000000001345,"VIPER-01",6,1,None
144.62000000001345,"VIPER-02",6,1,None
144.62000000001345,"VIPER-03",6,1,None
144.62000000001345,"BANDIT-01",6,1,None
144.62000000001345,"BANDIT-03",6,1,None
144.82000000001327,"VIPER-01",6,1,None
144.82000000001327,"VIPER-02",6,1,None
144.82000000001327,"VIPER-03",6,1,None
144.82000000001327,"BANDIT-01",6,1,None
144.82000000001327,"BANDIT-03",6,1,None
145.02000000001308,"VIPER-01",6,1,None
145.02000000001308,"VIPER-02",6,1,None
145.02000000001308,"VIPER-03",6,1,None
145.02000000001308,"BANDIT-01",6,1,None
145.02000000001308,"BANDIT-03",6,1,None
145.2200000000129,"VIPER-01",6,1,None
145.2200000000129,"VIPER-02",6,1,None
145.2200000000129,"VIPER-03",6,1,None
145.2200000000129,"BANDIT-01",6,1,None
145.2200000000129,"BANDIT-03",6,1,None
145.42000000001272,"VIPER-01",6,1,None
145.42000000001272,"VIPER-02",6,1,None
145.42000000001272,"VIPER-03",6,1,None
145.42000000001272,"BANDIT-01",6,1,None
145.42000000001272,"BANDIT-03",6,1,None
145.62000000001254,"VIPER-01",6,1,None
145.62000000001254,"VIPER-02",6,1,None
145.62000000001254,"VIPER-03",6,1,None
145.62000000001254,"BANDIT-01",6,1,None
145.62000000001254,"BANDIT-03",6,1,None
145.82000000001236,"VIPER-01",6,1,None
145.82000000001236,"VIPER-02",6,1,None
145.82000000001236,"VIPER-03",6,1,None
145.82000000001236,"BANDIT-01",6,1,None
145.82000000001236,"BANDIT-03",6,1,None
146.02000000001217,"VIPER-01",6,1,None
146.02000000001217,"VIPER-02",6,1,None
146.02000000001217,"VIPER-03",6,1,None
146.02000000001217,"BANDIT-01",6,1,None
146.02000000001217,"BANDIT-03",6,1,None
146.220000000012,"VIPER-01",6,1,None
146.220000000012,"VIPER-02",6,1,None
146.220000000012,"VIPER-03",6,1,None
146.220000000012,"BANDIT-01",6,1,None
146.220000000012,"BANDIT-03",6,1,None
146.42000000001181,"VIPER-01",6,1,None
146.42000000001181,"VIPER-02",6,1,None
146.42000000001181,"VIPER-03",6,1,None
146.42000000001181,"BANDIT-01",6,1,None
146.42000000001181,"BANDIT-03",6,1,None
146.62000000001163,"VIPER-01",6,1,None
146.62000000001163,"VIPER-02",6,1,None
146.62000000001163,"VIPER-03",6,1,None
146.62000000001163,"BANDIT-01",6,1,None
146.62000000001163,"BANDIT-03",6,1,None
146.82000000001145,"VIPER-01",6,1,None
146.82000000001145,"VIPER-02",6,1,None
146.82000000001145,"VIPER-03",6,1,None
146.82000000001145,"BANDIT-01",6,1,None
146.82000000001145,"BANDIT-03",6,1,None
147.02000000001127,"VIPER-01",6,1,None
147.02000000001127,"VIPER-02",6,1,None
147.02000000001127,"VIPER-03",6,1,None
147.02000000001127,"BANDIT-01",6,1,None
147.02000000001127,"BANDIT-03",6,1,None
147.22000000001108,"VIPER-01",6,1,None
147.22000000001108,"VIPER-02",6,1,None
147.22000000001108,"VIPER-03",6,1,None
147.22000000001108,"BANDIT-01",6,1,None
147.22000000001108,"BANDIT-03",6,1,None
147.4200000000109,"VIPER-01",6,1,None
147.4200000000109,"VIPER-02",6,1,None
147.4200000000109,"VIPER-03",6,1,None
147.4200000000109,"BANDIT-01",6,1,None
147.4200000000109,"BANDIT-03",6,1,None
147.62000000001072,"VIPER-01",6,1,None
147.62000000001072,"VIPER-02",6,1,None
147.62000000001072,"VIPER-03",6,1,None
147.62000000001072,"BANDIT-01",6,1,None
147.62000000001072,"BANDIT-03",6,1,None
147.82000000001054,"VIPER-01",6,1,None
147.82000000001054,"VIPER-02",6,1,None
147.82000000001054,"VIPER-03",6,1,None
147.82000000001054,"BANDIT-01",6,1,None
147.82000000001054,"BANDIT-03",6,1,None
148.02000000001036,"VIPER-01",6,1,None
148.02000000001036,"VIPER-02",6,1,None
148.02000000001036,"VIPER-03",6,1,None
148.02000000001036,"BANDIT-01",6,1,None
148.02000000001036,"BANDIT-03",6,1,None
148.22000000001017,"VIPER-01",6,1,None
148.22000000001017,"VIPER-02",6,1,None
148.22000000001017,"VIPER-03",6,1,None
148.22000000001017,"BANDIT-01",6,1,None
148.22000000001017,"BANDIT-03",6,1,None
148.42000000001,"VIPER-01",6,1,None
148.42000000001,"VIPER-02",6,1,None
148.42000000001,"VIPER-03",6,1,None
148.42000000001,"BANDIT-01",6,1,None
148.42000000001,"BANDIT-03",6,1,None
148.62000000000981,"VIPER-01",6,1,None
148.62000000000981,"VIPER-02",6,1,None
148.62000000000981,"VIPER-03",6,1,None
148.62000000000981,"BANDIT-01",6,1,None
148.62000000000981,"BANDIT-03",6,1,None
148.82000000000963,"VIPER-01",6,1,None
148.82000000000963,"VIPER-02",6,1,None
148.82000000000963,"VIPER-03",6,1,None
148.82000000000963,"BANDIT-01",6,1,None
148.82000000000963,"BANDIT-03",6,1,None
149.02000000000945,"VIPER-01",6,1,None
149.02000000000945,"VIPER-02",6,1,None
149.02000000000945,"VIPER-03",6,1,None
149.02000000000945,"BANDIT-01",6,1,None
149.02000000000945,"BANDIT-03",6,1,None
149.22000000000926,"VIPER-01",6,1,None
149.22000000000926,"VIPER-02",6,1,None
149.22000000000926,"VIPER-03",6,1,None
149.22000000000926,"BANDIT-01",6,1,None
149.22000000000926,"BANDIT-03",6,1,None
149.42000000000908,"VIPER-01",6,1,None
149.42000000000908,"VIPER-02",6,1,None
149.42000000000908,"VIPER-03",6,1,None
149.42000000000908,"BANDIT-01",6,1,None
149.42000000000908,"BANDIT-03",6,1,None
149.6200000000089,"VIPER-01",6,1,None
149.6200000000089,"VIPER-02",6,1,None
149.6200000000089,"VIPER-03",6,1,None
149.6200000000089,"BANDIT-01",6,1,None
149.6200000000089,"BANDIT-03",6,1,None
149.82000000000872,"VIPER-01",6,1,None
149.82000000000872,"VIPER-02",6,1,None
149.82000000000872,"VIPER-03",6,1,None
149.82000000000872,"BANDIT-01",6,1,None
149.82000000000872,"BANDIT-03",6,1,None
150.02000000000854,"VIPER-01",6,1,None
150.02000000000854,"VIPER-02",6,1,None
150.02000000000854,"VIPER-03",6,1,None
150.02000000000854,"BANDIT-01",6,1,None
150.02000000000854,"BANDIT-03",6,1,None
150.22000000000835,"VIPER-01",6,1,None
150.22000000000835,"VIPER-02",6,1,None
150.22000000000835,"VIPER-03",6,1,None
150.22000000000835,"BANDIT-01",6,1,None
150.22000000000835,"BANDIT-03",6,1,None
150.42000000000817,"VIPER-01",6,1,None
150.42000000000817,"VIPER-02",6,1,None
150.42000000000817,"VIPER-03",6,1,None
150.42000000000817,"BANDIT-01",6,1,None
150.42000000000817,"BANDIT-03",6,1,None
150.620000000008,"VIPER-01",6,1,None
150.620000000008,"VIPER-02",6,1,None
150.620000000008,"VIPER-03",6,1,None
150.620000000008,"BANDIT-01",6,1,None
150.620000000008,"BANDIT-03",6,1,None
150.82000000000781,"VIPER-01",6,1,None
150.82000000000781,"VIPER-02",6,1,None
150.82000000000781,"VIPER-03",6,1,None
150.82000000000781,"BANDIT-01",6,1,None
150.82000000000781,"BANDIT-03",6,1,None
151.02000000000763,"VIPER-01",6,1,None
151.02000000000763,"VIPER-02",6,1,None
151.02000000000763,"VIPER-03",6,1,None
151.02000000000763,"BANDIT-01",6,1,None
151.02000000000763,"BANDIT-03",6,1,None
151.22000000000745,"VIPER-01",6,1,None
151.22000000000745,"VIPER-02",6,1,None
151.22000000000745,"VIPER-03",6,1,None
151.22000000000745,"BANDIT-01",6,1,None
151.22000000000745,"BANDIT-03",6,1,None
151.42000000000726,"VIPER-01",6,1,None
151.42000000000726,"VIPER-02",6,1,None
151.42000000000726,"VIPER-03",6,1,None
151.42000000000726,"BANDIT-01",6,1,None
151.42000000000726,"BANDIT-03",6,1,None
151.62000000000708,"VIPER-01",6,1,None
151.62000000000708,"VIPER-02",6,1,None
151.62000000000708,"VIPER-03",6,1,None
151.62000000000708,"BANDIT-01",6,1,None
151.62000000000708,"BANDIT-03",6,1,None
151.8200000000069,"VIPER-01",6,1,None
151.8200000000069,"VIPER-02",6,1,None
151.8200000000069,"VIPER-03",6,1,None
151.8200000000069,"BANDIT-01",6,1,None
151.8200000000069,"BANDIT-03",6,1,None
152.02000000000672,"VIPER-01",6,1,None
152.02000000000672,"VIPER-02",6,1,None
152.02000000000672,"VIPER-03",6,1,None
152.02000000000672,"BANDIT-01",6,1,None
152.02000000000672,"BANDIT-03",6,1,None
152.22000000000654,"VIPER-01",6,1,None
152.22000000000654,"VIPER-02",6,1,None
152.22000000000654,"VIPER-03",6,1,None
152.22000000000654,"BANDIT-01",6,1,None
152.22000000000654,"BANDIT-03",6,1,None
152.42000000000635,"VIPER-01",6,1,None
152.42000000000635,"VIPER-02",6,1,None
152.42000000000635,"VIPER-03",6,1,None
152.42000000000635,"BANDIT-01",6,1,None
152.42000000000635,"BANDIT-03",6,1,None
152.62000000000617,"VIPER-01",6,1,None
152.62000000000617,"VIPER-02",6,1,None
152.62000000000617,"VIPER-03",6,1,None
152.62000000000617,"BANDIT-01",6,1,None
152.62000000000617,"BANDIT-03",6,1,None
152.820000000006,"VIPER-01",6,1,None
152.820000000006,"VIPER-02",6,1,None
152.820000000006,"VIPER-03",6,1,None
152.820000000006,"BANDIT-01",6,1,None
152.820000000006,"BANDIT-03",6,1,None
153.02000000000581,"VIPER-01",6,1,None
153.02000000000581,"VIPER-02",6,1,None
153.02000000000581,"VIPER-03",6,1,None
153.02000000000581,"BANDIT-01",6,1,None
153.02000000000581,"BANDIT-03",6,1,None
153.22000000000563,"VIPER-01",6,1,None
153.22000000000563,"VIPER-02",6,1,None
153.22000000000563,"VIPER-03",6,1,None
153.22000000000563,"BANDIT-01",6,1,None
153.22000000000563,"BANDIT-03",6,1,None
153.42000000000544,"VIPER-01",6,1,None
153.42000000000544,"VIPER-02",6,1,None
153.42000000000544,"VIPER-03",6,1,None
153.42000000000544,"BANDIT-01",6,1,None
153.42000000000544,"BANDIT-03",6,1,None
153.62000000000526,"VIPER-01",6,1,None
153.62000000000526,"VIPER-02",6,1,None
153.62000000000526,"VIPER-03",6,1,None
153.62000000000526,"BANDIT-01",6,1,None
153.62000000000526,"BANDIT-03",6,1,None
153.82000000000508,"VIPER-01",6,1,None
153.82000000000508,"VIPER-02",6,1,None
153.82000000000508,"VIPER-03",6,1,None
153.82000000000508,"BANDIT-01",6,1,None
153.82000000000508,"BANDIT-03",6,1,None
154.0200000000049,"VIPER-01",6,1,None
154.0200000000049,"VIPER-02",6,1,None
154.0200000000049,"VIPER-03",6,1,None
154.0200000000049,"BANDIT-01",6,1,None
154.0200000000049,"BANDIT-03",6,1,None
154.22000000000472,"VIPER-01",6,1,None
154.22000000000472,"VIPER-02",6,1,None
154.22000000000472,"VIPER-03",6,1,None
154.22000000000472,"BANDIT-01",6,1,None
154.22000000000472,"BANDIT-03",6,1,None
154.42000000000453,"VIPER-01",6,1,None
154.42000000000453,"VIPER-02",6,1,None
154.42000000000453,"VIPER-03",6,1,None
154.42000000000453,"BANDIT-01",6,1,None
154.42000000000453,"BANDIT-03",6,1,None
154.62000000000435,"VIPER-01",6,1,None
154.62000000000435,"VIPER-02",6,1,None
154.62000000000435,"VIPER-03",6,1,None
154.62000000000435,"BANDIT-01",6,1,None
154.62000000000435,"BANDIT-03",6,1,None
154.82000000000417,"VIPER-01",6,1,None
154.82000000000417,"VIPER-02",6,1,None
154.82000000000417,"VIPER-03",6,1,None
154.82000000000417,"BANDIT-01",6,1,None
154.82000000000417,"BANDIT-03",6,1,None
155.020000000004,"VIPER-01",6,1,None
155.020000000004,"VIPER-02",6,1,None
155.020000000004,"VIPER-03",6,1,None
155.020000000004,"BANDIT-01",6,1,None
155.020000000004,"BANDIT-03",6,1,None
155.22000000000381,"VIPER-01",6,1,None
155.22000000000381,"VIPER-02",6,1,None
155.22000000000381,"VIPER-03",6,1,None
155.22000000000381,"BANDIT-01",6,1,None
155.22000000000381,"BANDIT-03",6,1,None
155.42000000000363,"VIPER-01",6,1,None
155.42000000000363,"VIPER-02",6,1,None
155.42000000000363,"VIPER-03",6,1,None
155.42000000000363,"BANDIT-01",6,1,None
155.42000000000363,"BANDIT-03",6,1,None
155.62000000000344,"VIPER-01",6,1,None
155.62000000000344,"VIPER-02",6,1,None
155.62000000000344,"VIPER-03",6,1,None
155.62000000000344,"BANDIT-01",6,1,None
155.62000000000344,"BANDIT-03",6,1,None
155.82000000000326,"VIPER-01",6,1,None
155.82000000000326,"VIPER-02",6,1,None
155.82000000000326,"VIPER-03",6,1,None
155.82000000000326,"BANDIT-01",6,1,None
155.82000000000326,"BANDIT-03",6,1,None
156.02000000000308,"VIPER-01",6,1,None
156.02000000000308,"VIPER-02",6,1,None
156.02000000000308,"VIPER-03",6,1,None
156.02000000000308,"BANDIT-01",6,1,None
156.02000000000308,"BANDIT-03",6,1,None
156.2200000000029,"VIPER-01",6,1,None
156.2200000000029,"VIPER-02",6,1,None
156.2200000000029,"VIPER-03",6,1,None
156.2200000000029,"BANDIT-01",6,1,None
156.2200000000029,"BANDIT-03",6,1,None
156.42000000000272,"VIPER-01",6,1,None
156.42000000000272,"VIPER-02",6,1,None
156.42000000000272,"VIPER-03",6,1,None
156.42000000000272,"BANDIT-01",6,1,None
156.42000000000272,"BANDIT-03",6,1,None
156.62000000000253,"VIPER-01",6,1,None
156.62000000000253,"VIPER-02",6,1,None
156.62000000000253,"VIPER-03",6,1,None
156.62000000000253,"BANDIT-01",6,1,None
156.62000000000253,"BANDIT-03",6,1,None
156.82000000000235,"VIPER-01",6,1,None
156.82000000000235,"VIPER-02",6,1,None
156.82000000000235,"VIPER-03",6,1,None
156.82000000000235,"BANDIT-01",6,1,None
156.82000000000235,"BANDIT-03",6,1,None
157.02000000000217,"VIPER-01",6,1,None
157.02000000000217,"VIPER-02",6,1,None
157.02000000000217,"VIPER-03",6,1,None
157.02000000000217,"BANDIT-01",6,1,None
157.02000000000217,"BANDIT-03",6,1,None
157.220000000002,"VIPER-01",6,1,None
157.220000000002,"VIPER-02",6,1,None
157.220000000002,"VIPER-03",6,1,None
157.220000000002,"BANDIT-01",6,1,None
157.220000000002,"BANDIT-03",6,1,None
157.42000000000181,"VIPER-01",6,1,None
157.42000000000181,"VIPER-02",6,1,None
157.42000000000181,"VIPER-03",6,1,None
157.42000000000181,"BANDIT-01",6,1,None
157.42000000000181,"BANDIT-03",6,1,None
157.62000000000162,"VIPER-01",6,1,None
157.62000000000162,"VIPER-02",6,1,None
157.62000000000162,"VIPER-03",6,1,None
157.62000000000162,"BANDIT-01",6,1,None
157.62000000000162,"BANDIT-03",6,1,None
157.82000000000144,"VIPER-01",6,1,None
157.82000000000144,"VIPER-02",6,1,None
157.82000000000144,"VIPER-03",6,1,None
157.82000000000144,"BANDIT-01",6,1,None
157.82000000000144,"BANDIT-03",6,1,None
158.02000000000126,"VIPER-01",6,1,None
158.02000000000126,"VIPER-02",6,1,None
158.02000000000126,"VIPER-03",6,1,None
158.02000000000126,"BANDIT-01",6,1,None
158.02000000000126,"BANDIT-03",6,1,None
158.22000000000108,"VIPER-01",6,1,None
158.22000000000108,"VIPER-02",6,1,None
158.22000000000108,"VIPER-03",6,1,None
158.22000000000108,"BANDIT-01",6,1,None
158.22000000000108,"BANDIT-03",6,1,None
158.4200000000009,"VIPER-01",6,1,None
158.4200000000009,"VIPER-02",6,1,None
158.4200000000009,"VIPER-03",6,1,None
158.4200000000009,"BANDIT-01",6,1,None
158.62000000000072,"VIPER-01",6,1,None
158.62000000000072,"VIPER-02",6,1,None
158.62000000000072,"VIPER-03",6,1,None
158.62000000000072,"BANDIT-01",6,1,None
158.82000000000053,"VIPER-01",6,1,None
158.82000000000053,"VIPER-02",6,1,None
158.82000000000053,"VIPER-03",6,1,None
158.82000000000053,"BANDIT-01",6,1,None
159.02000000000035,"VIPER-01",6,1,None
159.02000000000035,"VIPER-02",6,1,None
159.02000000000035,"VIPER-03",6,1,None
159.02000000000035,"BANDIT-01",6,1,None
159.22000000000017,"VIPER-01",6,1,None
159.22000000000017,"VIPER-02",6,1,None
159.22000000000017,"VIPER-03",6,1,None
159.22000000000017,"BANDIT-01",6,1,None
159.42,"VIPER-01",6,1,None
159.42,"VIPER-02",6,1,None
159.42,"VIPER-03",6,1,None
159.42,"BANDIT-01",6,1,None
159.61999999999981,"VIPER-01",6,1,None
159.61999999999981,"VIPER-02",6,1,None
159.61999999999981,"VIPER-03",6,1,None
159.61999999999981,"BANDIT-01",6,1,None
159.81999999999962,"VIPER-01",6,1,None
159.81999999999962,"VIPER-02",6,1,None
159.81999999999962,"VIPER-03",6,1,None
159.81999999999962,"BANDIT-01",6,1,None
160.01999999999944,"VIPER-01",6,1,None
160.01999999999944,"VIPER-02",6,1,None
160.01999999999944,"VIPER-03",6,1,None
160.01999999999944,"BANDIT-01",6,1,None
160.21999999999926,"VIPER-01",6,1,None
160.21999999999926,"VIPER-02",6,1,None
160.21999999999926,"VIPER-03",6,1,None
160.21999999999926,"BANDIT-01",6,1,None
160.41999999999908,"VIPER-01",6,1,None
160.41999999999908,"VIPER-02",6,1,None
160.41999999999908,"VIPER-03",6,1,None
160.41999999999908,"BANDIT-01",6,1,None
160.6199999999989,"VIPER-01",6,1,None
160.6199999999989,"VIPER-02",6,1,None
160.6199999999989,"VIPER-03",6,1,None
160.6199999999989,"BANDIT-01",6,1,None
160.81999999999871,"VIPER-01",6,1,None
160.81999999999871,"VIPER-02",6,1,None
160.81999999999871,"VIPER-03",6,1,None
160.81999999999871,"BANDIT-01",6,1,None
161.01999999999853,"VIPER-01",6,1,None
161.01999999999853,"VIPER-02",6,1,None
161.01999999999853,"VIPER-03",6,1,None
161.01999999999853,"BANDIT-01",6,1,None
161.21999999999835,"VIPER-01",6,1,None
161.21999999999835,"VIPER-02",6,1,None
161.21999999999835,"VIPER-03",6,1,None
161.21999999999835,"BANDIT-01",6,1,None
161.41999999999817,"VIPER-01",6,1,None
161.41999999999817,"VIPER-02",6,1,None
161.41999999999817,"VIPER-03",6,1,None
161.41999999999817,"BANDIT-01",6,1,None
161.619999999998,"VIPER-01",6,1,None
161.619999999998,"VIPER-02",6,1,None
161.619999999998,"VIPER-03",6,1,None
161.619999999998,"BANDIT-01",6,1,None
161.8199999999978,"VIPER-01",6,1,None
161.8199999999978,"VIPER-02",6,1,None
161.8199999999978,"VIPER-03",6,1,None
161.8199999999978,"BANDIT-01",6,1,None
162.01999999999762,"VIPER-01",6,1,None
162.01999999999762,"VIPER-02",6,1,None
162.01999999999762,"VIPER-03",6,1,None
162.01999999999762,"BANDIT-01",6,1,None
162.21999999999744,"VIPER-01",6,1,None
162.21999999999744,"VIPER-02",6,1,None
162.21999999999744,"VIPER-03",6,1,None
162.21999999999744,"BANDIT-01",6,1,None
162.41999999999726,"VIPER-01",6,1,None
162.41999999999726,"VIPER-02",6,1,None
162.41999999999726,"VIPER-03",6,1,None
162.41999999999726,"BANDIT-01",6,1,None
162.61999999999708,"VIPER-01",6,1,None
162.61999999999708,"VIPER-02",6,1,None
162.61999999999708,"VIPER-03",6,1,None
162.61999999999708,"BANDIT-01",6,1,None
162.8199999999969,"VIPER-01",6,1,None
162.8199999999969,"VIPER-02",6,1,None
162.8199999999969,"VIPER-03",6,1,None
162.8199999999969,"BANDIT-01",6,1,None
163.01999999999671,"VIPER-01",6,1,None
163.01999999999671,"VIPER-02",6,1,None
163.01999999999671,"VIPER-03",6,1,None
163.01999999999671,"BANDIT-01",6,1,None
163.21999999999653,"VIPER-01",6,1,None
163.21999999999653,"VIPER-02",6,1,None
163.21999999999653,"VIPER-03",6,1,None
163.21999999999653,"BANDIT-01",6,1,None
163.41999999999635,"VIPER-01",6,1,None
163.41999999999635,"VIPER-02",6,1,None
163.41999999999635,"VIPER-03",6,1,None
163.41999999999635,"BANDIT-01",6,1,None
163.61999999999617,"VIPER-01",6,1,None
163.61999999999617,"VIPER-02",6,1,None
163.61999999999617,"VIPER-03",6,1,None
163.61999999999617,"BANDIT-01",6,1,None
163.81999999999599,"VIPER-01",6,1,None
163.81999999999599,"VIPER-02",6,1,None
163.81999999999599,"VIPER-03",6,1,None
163.81999999999599,"BANDIT-01",6,1,None
164.0199999999958,"VIPER-01",6,1,None
164.0199999999958,"VIPER-02",6,1,None
164.0199999999958,"VIPER-03",6,1,None
164.0199999999958,"BANDIT-01",6,1,None
164.21999999999562,"VIPER-01",6,1,None
164.21999999999562,"VIPER-02",6,1,None
164.21999999999562,"VIPER-03",6,1,None
164.21999999999562,"BANDIT-01",6,1,None
164.41999999999544,"VIPER-01",6,1,None
164.41999999999544,"VIPER-02",6,1,None
164.41999999999544,"VIPER-03",6,1,None
164.41999999999544,"BANDIT-01",6,1,None
164.61999999999526,"VIPER-01",6,1,None
164.61999999999526,"VIPER-02",6,1,None
164.61999999999526,"VIPER-03",6,1,None
164.61999999999526,"BANDIT-01",6,1,None
164.81999999999508,"VIPER-01",6,1,None
164.81999999999508,"VIPER-02",6,1,None
164.81999999999508,"VIPER-03",6,1,None
164.81999999999508,"BANDIT-01",6,1,None
165.01999999999489,"VIPER-01",6,1,None
165.01999999999489,"VIPER-02",6,1,None
165.01999999999489,"VIPER-03",6,1,None
165.01999999999489,"BANDIT-01",6,1,None
165.21999999999471,"VIPER-01",6,1,None
165.21999999999471,"VIPER-02",6,1,None
165.21999999999471,"VIPER-03",6,1,None
165.21999999999471,"BANDIT-01",6,1,None
165.41999999999453,"VIPER-01",6,1,None
165.41999999999453,"VIPER-02",6,1,None
165.41999999999453,"VIPER-03",6,1,None
165.41999999999453,"BANDIT-01",6,1,None
165.61999999999435,"VIPER-01",6,1,None
165.61999999999435,"VIPER-02",6,1,None
165.61999999999435,"VIPER-03",6,1,None
165.61999999999435,"BANDIT-01",6,1,None
165.81999999999417,"VIPER-01",6,1,None
165.81999999999417,"VIPER-02",6,1,None
165.81999999999417,"VIPER-03",6,1,None
165.81999999999417,"BANDIT-01",6,1,None
166.01999999999398,"VIPER-01",6,1,None
166.01999999999398,"VIPER-02",6,1,None
166.01999999999398,"VIPER-03",6,1,None
166.01999999999398,"BANDIT-01",6,1,None
166.2199999999938,"VIPER-01",6,1,None
166.2199999999938,"VIPER-02",6,1,None
166.2199999999938,"VIPER-03",6,1,None
166.2199999999938,"BANDIT-01",6,1,None
166.41999999999362,"VIPER-01",6,1,None
166.41999999999362,"VIPER-02",6,1,None
166.41999999999362,"VIPER-03",6,1,None
166.41999999999362,"BANDIT-01",6,1,None
166.61999999999344,"VIPER-01",6,1,None
166.61999999999344,"VIPER-02",6,1,None
166.61999999999344,"VIPER-03",6,1,None
166.61999999999344,"BANDIT-01",6,1,None
166.81999999999326,"VIPER-01",6,1,None
166.81999999999326,"VIPER-02",6,1,None
166.81999999999326,"VIPER-03",6,1,None
166.81999999999326,"BANDIT-01",6,1,None
167.01999999999308,"VIPER-01",6,1,None
167.01999999999308,"VIPER-02",6,1,None
167.01999999999308,"VIPER-03",6,1,None
167.01999999999308,"BANDIT-01",6,1,None
167.21999999999289,"VIPER-01",6,1,None
167.21999999999289,"VIPER-02",6,1,None
167.21999999999289,"VIPER-03",6,1,None
167.21999999999289,"BANDIT-01",6,1,None
167.41999999999271,"VIPER-01",6,1,None
167.41999999999271,"VIPER-02",6,1,None
167.41999999999271,"VIPER-03",6,1,None
167.41999999999271,"BANDIT-01",6,1,None
167.61999999999253,"VIPER-01",6,1,None
167.61999999999253,"VIPER-02",6,1,None
167.61999999999253,"VIPER-03",6,1,None
167.61999999999253,"BANDIT-01",6,1,None
167.81999999999235,"VIPER-01",6,1,None
167.81999999999235,"VIPER-02",6,1,None
167.81999999999235,"VIPER-03",6,1,None
167.81999999999235,"BANDIT-01",6,1,None
168.01999999999217,"VIPER-01",6,1,None
168.01999999999217,"VIPER-02",6,1,None
168.01999999999217,"VIPER-03",6,1,None
168.01999999999217,"BANDIT-01",6,1,None
168.21999999999198,"VIPER-01",6,1,None
168.21999999999198,"VIPER-02",6,1,None
168.21999999999198,"VIPER-03",6,1,None
168.21999999999198,"BANDIT-01",6,1,None
168.4199999999918,"VIPER-01",6,1,None
168.4199999999918,"VIPER-02",6,1,None
168.4199999999918,"VIPER-03",6,1,None
168.4199999999918,"BANDIT-01",6,1,None
168.61999999999162,"VIPER-01",6,1,None
168.61999999999162,"VIPER-02",6,1,None
168.61999999999162,"VIPER-03",6,1,None
168.61999999999162,"BANDIT-01",6,1,None
168.81999999999144,"VIPER-01",6,1,None
168.81999999999144,"VIPER-02",6,1,None
168.81999999999144,"VIPER-03",6,1,None
168.81999999999144,"BANDIT-01",6,1,None
169.01999999999126,"VIPER-01",6,1,None
169.01999999999126,"VIPER-02",6,1,None
169.01999999999126,"VIPER-03",6,1,None
169.01999999999126,"BANDIT-01",6,1,None
169.21999999999107,"VIPER-01",6,1,None
169.21999999999107,"VIPER-02",6,1,None
169.21999999999107,"VIPER-03",6,1,None
169.21999999999107,"BANDIT-01",6,1,None
169.41999999999089,"VIPER-01",6,1,None
169.41999999999089,"VIPER-02",6,1,None
169.41999999999089,"VIPER-03",6,1,None
169.41999999999089,"BANDIT-01",6,1,None
169.61999999999071,"VIPER-01",6,1,None
169.61999999999071,"VIPER-02",6,1,None
169.61999999999071,"VIPER-03",6,1,None
169.61999999999071,"BANDIT-01",6,1,None
169.81999999999053,"VIPER-01",6,1,None
169.81999999999053,"VIPER-02",6,1,None
169.81999999999053,"VIPER-03",6,1,None
169.81999999999053,"BANDIT-01",6,1,None
170.01999999999035,"VIPER-01",6,1,None
170.01999999999035,"VIPER-02",6,1,None
170.01999999999035,"VIPER-03",6,1,None
170.01999999999035,"BANDIT-01",6,1,None
170.21999999999016,"VIPER-01",6,1,None
170.21999999999016,"VIPER-02",6,1,None
170.21999999999016,"VIPER-03",6,1,None
170.21999999999016,"BANDIT-01",6,1,None
170.41999999998998,"VIPER-01",6,1,None
170.41999999998998,"VIPER-02",6,1,None
170.41999999998998,"VIPER-03",6,1,None
170.41999999998998,"BANDIT-01",6,1,None
170.6199999999898,"VIPER-01",6,1,None
170.6199999999898,"VIPER-02",6,1,None
170.6199999999898,"VIPER-03",6,1,None
170.6199999999898,"BANDIT-01",6,1,None
170.81999999998962,"VIPER-01",6,1,None
170.81999999998962,"VIPER-02",6,1,None
170.81999999998962,"VIPER-03",6,1,None
170.81999999998962,"BANDIT-01",6,1,None
171.01999999998944,"VIPER-01",6,1,None
171.01999999998944,"VIPER-02",6,1,None
171.01999999998944,"VIPER-03",6,1,None
171.01999999998944,"BANDIT-01",6,1,None
171.21999999998926,"VIPER-01",6,1,None
171.21999999998926,"VIPER-02",6,1,None
171.21999999998926,"VIPER-03",6,1,None
171.21999999998926,"BANDIT-01",6,1,None
171.41999999998907,"VIPER-01",6,1,None
171.41999999998907,"VIPER-02",6,1,None
171.41999999998907,"VIPER-03",6,1,None
171.41999999998907,"BANDIT-01",6,1,None
171.61999999998889,"VIPER-01",6,1,None
171.61999999998889,"VIPER-02",6,1,None
171.61999999998889,"VIPER-03",6,1,None
171.61999999998889,"BANDIT-01",6,1,None
171.81999999998871,"VIPER-01",6,1,None
171.81999999998871,"VIPER-02",6,1,None
171.81999999998871,"VIPER-03",6,1,None
171.81999999998871,"BANDIT-01",6,1,None
172.01999999998853,"VIPER-01",6,1,None
172.01999999998853,"VIPER-02",6,1,None
172.01999999998853,"VIPER-03",6,1,None
172.01999999998853,"BANDIT-01",6,1,None
172.21999999998835,"VIPER-01",6,1,None
172.21999999998835,"VIPER-02",6,1,None
172.21999999998835,"VIPER-03",6,1,None
172.21999999998835,"BANDIT-01",6,1,None
172.41999999998816,"VIPER-01",6,1,None
172.41999999998816,"VIPER-02",6,1,None
172.41999999998816,"VIPER-03",6,1,None
172.41999999998816,"BANDIT-01",6,1,None
172.61999999998798,"VIPER-01",6,1,None
172.61999999998798,"VIPER-02",6,1,None
172.61999999998798,"VIPER-03",6,1,None
172.61999999998798,"BANDIT-01",6,1,None
172.8199999999878,"VIPER-01",6,1,None
172.8199999999878,"VIPER-02",6,1,None
172.8199999999878,"VIPER-03",6,1,None
172.8199999999878,"BANDIT-01",6,1,None
173.01999999998762,"VIPER-01",6,1,None
173.01999999998762,"VIPER-02",6,1,None
173.01999999998762,"VIPER-03",6,1,None
173.01999999998762,"BANDIT-01",6,1,None
173.21999999998744,"VIPER-01",6,1,None
173.21999999998744,"VIPER-02",6,1,None
173.21999999998744,"VIPER-03",6,1,None
173.21999999998744,"BANDIT-01",6,1,None
173.41999999998725,"VIPER-01",6,1,None
173.41999999998725,"VIPER-02",6,1,None
173.41999999998725,"VIPER-03",6,1,None
173.41999999998725,"BANDIT-01",6,1,None
173.61999999998707,"VIPER-01",6,1,None
173.61999999998707,"VIPER-02",6,1,None
173.61999999998707,"VIPER-03",6,1,None
173.61999999998707,"BANDIT-01",6,1,None
173.81999999998689,"VIPER-01",6,1,None
173.81999999998689,"VIPER-02",6,1,None
173.81999999998689,"VIPER-03",6,1,None
173.81999999998689,"BANDIT-01",6,1,None
174.01999999998671,"VIPER-01",6,1,None
174.01999999998671,"VIPER-02",6,1,None
174.01999999998671,"VIPER-03",6,1,None
174.01999999998671,"BANDIT-01",6,1,None
174.21999999998653,"VIPER-01",6,1,None
174.21999999998653,"VIPER-02",6,1,None
174.21999999998653,"VIPER-03",6,1,None
174.21999999998653,"BANDIT-01",6,1,None
174.41999999998635,"VIPER-01",6,1,None
174.41999999998635,"VIPER-02",6,1,None
174.41999999998635,"VIPER-03",6,1,None
174.41999999998635,"BANDIT-01",6,1,None
174.61999999998616,"VIPER-01",6,1,None
174.61999999998616,"VIPER-02",6,1,None
174.61999999998616,"VIPER-03",6,1,None
174.61999999998616,"BANDIT-01",6,1,None
174.81999999998598,"VIPER-01",6,1,None
174.81999999998598,"VIPER-02",6,1,None
174.81999999998598,"VIPER-03",6,1,None
174.81999999998598,"BANDIT-01",6,1,None
175.0199999999858,"VIPER-01",6,1,None
175.0199999999858,"VIPER-02",6,1,None
175.0199999999858,"VIPER-03",6,1,None
175.0199999999858,"BANDIT-01",6,1,None
175.21999999998562,"VIPER-01",6,1,None
175.21999999998562,"VIPER-02",6,1,None
175.21999999998562,"VIPER-03",6,1,None
175.21999999998562,"BANDIT-01",6,1,None
175.41999999998544,"VIPER-01",6,1,None
175.41999999998544,"VIPER-02",6,1,None
175.41999999998544,"VIPER-03",6,1,None
175.41999999998544,"BANDIT-01",6,1,None
175.61999999998525,"VIPER-01",6,1,None
175.61999999998525,"VIPER-02",6,1,None
175.61999999998525,"VIPER-03",6,1,None
175.61999999998525,"BANDIT-01",6,1,None
175.81999999998507,"VIPER-01",6,1,None
175.81999999998507,"VIPER-02",6,1,None
175.81999999998507,"VIPER-03",6,1,None
175.81999999998507,"BANDIT-01",6,1,None
176.01999999998489,"VIPER-01",6,1,None
176.01999999998489,"VIPER-02",6,1,None
176.01999999998489,"VIPER-03",6,1,None
176.01999999998489,"BANDIT-01",6,1,None
176.21999999998471,"VIPER-01",6,1,None
176.21999999998471,"VIPER-02",6,1,None
176.21999999998471,"VIPER-03",6,1,None
176.21999999998471,"BANDIT-01",6,1,None
176.41999999998453,"VIPER-01",6,1,None
176.41999999998453,"VIPER-02",6,1,None
176.41999999998453,"VIPER-03",6,1,None
176.41999999998453,"BANDIT-01",6,1,None
176.61999999998434,"VIPER-01",6,1,None
176.61999999998434,"VIPER-02",6,1,None
176.61999999998434,"VIPER-03",6,1,None
176.61999999998434,"BANDIT-01",6,1,None
176.81999999998416,"VIPER-01",6,1,None
176.81999999998416,"VIPER-02",6,1,None
176.81999999998416,"VIPER-03",6,1,None
176.81999999998416,"BANDIT-01",6,1,None
177.01999999998398,"VIPER-01",6,1,None
177.01999999998398,"VIPER-02",6,1,None
177.01999999998398,"VIPER-03",6,1,None
177.01999999998398,"BANDIT-01",6,1,None
177.2199999999838,"VIPER-01",6,1,None
177.2199999999838,"VIPER-02",6,1,None
177.2199999999838,"VIPER-03",6,1,None
177.2199999999838,"BANDIT-01",6,1,None
177.41999999998362,"VIPER-01",6,1,None
177.41999999998362,"VIPER-02",6,1,None
177.41999999998362,"VIPER-03",6,1,None
177.41999999998362,"BANDIT-01",6,1,None
177.61999999998343,"VIPER-01",6,1,None
177.61999999998343,"VIPER-02",6,1,None
177.61999999998343,"VIPER-03",6,1,None
177.61999999998343,"BANDIT-01",6,1,None
177.81999999998325,"VIPER-01",6,1,None
177.81999999998325,"VIPER-02",6,1,None
177.81999999998325,"VIPER-03",6,1,None
177.81999999998325,"BANDIT-01",6,1,None
178.01999999998307,"VIPER-01",6,1,None
178.01999999998307,"VIPER-02",6,1,None
178.01999999998307,"VIPER-03",6,1,None
178.01999999998307,"BANDIT-01",6,1,None
178.21999999998289,"VIPER-01",6,1,None
178.21999999998289,"VIPER-02",6,1,None
178.21999999998289,"VIPER-03",6,1,None
178.21999999998289,"BANDIT-01",6,1,None
178.41999999998271,"VIPER-01",6,1,None
178.41999999998271,"VIPER-02",6,1,None
178.41999999998271,"VIPER-03",6,1,None
178.41999999998271,"BANDIT-01",6,1,None
178.61999999998253,"VIPER-01",6,1,None
178.61999999998253,"VIPER-02",6,1,None
178.61999999998253,"VIPER-03",6,1,None
178.61999999998253,"BANDIT-01",6,1,None
178.81999999998234,"VIPER-01",6,1,None
178.81999999998234,"VIPER-02",6,1,None
178.81999999998234,"VIPER-03",6,1,None
178.81999999998234,"BANDIT-01",6,1,None
179.01999999998216,"VIPER-01",6,1,None
179.01999999998216,"VIPER-02",6,1,None
179.01999999998216,"VIPER-03",6,1,None
179.01999999998216,"BANDIT-01",6,1,None
179.21999999998198,"VIPER-01",6,1,None
179.21999999998198,"VIPER-02",6,1,None
179.21999999998198,"VIPER-03",6,1,None
179.21999999998198,"BANDIT-01",6,1,None
179.4199999999818,"VIPER-01",6,1,None
179.4199999999818,"VIPER-02",6,1,None
179.4199999999818,"VIPER-03",6,1,None
179.4199999999818,"BANDIT-01",6,1,None
179.61999999998162,"VIPER-01",6,1,None
179.61999999998162,"VIPER-02",6,1,None
179.61999999998162,"VIPER-03",6,1,None
179.61999999998162,"BANDIT-01",6,1,None
179.81999999998143,"VIPER-01",6,1,None
179.81999999998143,"VIPER-02",6,1,None
179.81999999998143,"VIPER-03",6,1,None
179.81999999998143,"BANDIT-01",6,1,None
180.01999999998125,"VIPER-01",6,1,None
180.01999999998125,"VIPER-02",6,1,None
180.01999999998125,"VIPER-03",6,1,None
180.01999999998125,"BANDIT-01",6,1,None
180.21999999998107,"VIPER-01",6,1,None
180.21999999998107,"VIPER-02",6,1,None
180.21999999998107,"VIPER-03",6,1,None
180.21999999998107,"BANDIT-01",6,1,None
180.41999999998089,"VIPER-01",6,1,None
180.41999999998089,"VIPER-02",6,1,None
180.41999999998089,"VIPER-03",6,1,None
180.41999999998089,"BANDIT-01",6,1,None
180.61999999998071,"VIPER-01",6,1,None
180.61999999998071,"VIPER-02",6,1,None
180.61999999998071,"VIPER-03",6,1,None
180.61999999998071,"BANDIT-01",6,1,None
180.81999999998052,"VIPER-01",6,1,None
180.81999999998052,"VIPER-02",6,1,None
180.81999999998052,"VIPER-03",6,1,None
180.81999999998052,"BANDIT-01",6,1,None
181.01999999998034,"VIPER-01",6,1,None
181.01999999998034,"VIPER-02",6,1,None
181.01999999998034,"VIPER-03",6,1,None
181.01999999998034,"BANDIT-01",6,1,None
181.21999999998016,"VIPER-01",6,1,None
181.21999999998016,"VIPER-02",6,1,None
181.21999999998016,"VIPER-03",6,1,None
181.21999999998016,"BANDIT-01",6,1,None
181.41999999997998,"VIPER-01",6,1,None
181.41999999997998,"VIPER-02",6,1,None
181.41999999997998,"VIPER-03",6,1,None
181.41999999997998,"BANDIT-01",6,1,None
181.6199999999798,"VIPER-01",6,1,None
181.6199999999798,"VIPER-02",6,1,None
181.6199999999798,"VIPER-03",6,1,None
181.6199999999798,"BANDIT-01",6,1,None
181.81999999997961,"VIPER-01",6,1,None
181.81999999997961,"VIPER-02",6,1,None
181.81999999997961,"VIPER-03",6,1,None
181.81999999997961,"BANDIT-01",6,1,None
182.01999999997943,"VIPER-01",6,1,None
182.01999999997943,"VIPER-02",6,1,None
182.01999999997943,"VIPER-03",6,1,None
182.01999999997943,"BANDIT-01",6,1,None
182.21999999997925,"VIPER-01",6,1,None
182.21999999997925,"VIPER-02",6,1,None
182.21999999997925,"VIPER-03",6,1,None
182.21999999997925,"BANDIT-01",6,1,None
182.41999999997907,"VIPER-01",6,1,None
182.41999999997907,"VIPER-02",6,1,None
182.41999999997907,"VIPER-03",6,1,None
182.41999999997907,"BANDIT-01",6,1,None
182.61999999997889,"VIPER-01",6,1,None
182.61999999997889,"VIPER-02",6,1,None
182.61999999997889,"VIPER-03",6,1,None
182.61999999997889,"BANDIT-01",6,1,None
182.81999999997871,"VIPER-01",6,1,None
182.81999999997871,"VIPER-02",6,1,None
182.81999999997871,"VIPER-03",6,1,None
182.81999999997871,"BANDIT-01",6,1,None
183.01999999997852,"VIPER-01",6,1,None
183.01999999997852,"VIPER-02",6,1,None
183.01999999997852,"VIPER-03",6,1,None
183.01999999997852,"BANDIT-01",6,1,None
183.21999999997834,"VIPER-01",6,1,None
183.21999999997834,"VIPER-02",6,1,None
183.21999999997834,"VIPER-03",6,1,None
183.21999999997834,"BANDIT-01",6,1,None
183.41999999997816,"VIPER-01",6,1,None
183.41999999997816,"VIPER-02",6,1,None
183.41999999997816,"VIPER-03",6,1,None
183.41999999997816,"BANDIT-01",6,1,None
183.61999999997798,"VIPER-01",6,1,None
183.61999999997798,"VIPER-02",6,1,None
183.61999999997798,"VIPER-03",6,1,None
183.61999999997798,"BANDIT-01",6,1,None
183.8199999999778,"VIPER-01",6,1,None
183.8199999999778,"VIPER-02",6,1,None
183.8199999999778,"VIPER-03",6,1,None
183.8199999999778,"BANDIT-01",6,1,None
184.01999999997761,"VIPER-01",6,1,None
184.01999999997761,"VIPER-02",6,1,None
184.01999999997761,"VIPER-03",6,1,None
184.01999999997761,"BANDIT-01",6,1,None
184.21999999997743,"VIPER-01",6,1,None
184.21999999997743,"VIPER-02",6,1,None
184.21999999997743,"VIPER-03",6,1,None
184.21999999997743,"BANDIT-01",6,1,None
184.41999999997725,"VIPER-01",6,1,None
184.41999999997725,"VIPER-02",6,1,None
184.41999999997725,"VIPER-03",6,1,None
184.41999999997725,"BANDIT-01",6,1,None
184.61999999997707,"VIPER-01",6,1,None
184.61999999997707,"VIPER-02",6,1,None
184.61999999997707,"VIPER-03",6,1,None
184.61999999997707,"BANDIT-01",6,1,None
184.81999999997689,"VIPER-01",6,1,None
184.81999999997689,"VIPER-02",6,1,None
184.81999999997689,"VIPER-03",6,1,None
184.81999999997689,"BANDIT-01",6,1,None
185.0199999999767,"VIPER-01",6,1,None
185.0199999999767,"VIPER-02",6,1,None
185.0199999999767,"VIPER-03",6,1,None
185.0199999999767,"BANDIT-01",6,1,None
185.21999999997652,"VIPER-01",6,1,None
185.21999999997652,"VIPER-02",6,1,None
185.21999999997652,"VIPER-03",6,1,None
185.21999999997652,"BANDIT-01",6,1,None
185.41999999997634,"VIPER-01",6,1,None
185.41999999997634,"VIPER-02",6,1,None
185.41999999997634,"VIPER-03",6,1,None
185.41999999997634,"BANDIT-01",6,1,None
185.61999999997616,"VIPER-01",6,1,None
185.61999999997616,"VIPER-02",6,1,None
185.61999999997616,"VIPER-03",6,1,None
185.61999999997616,"BANDIT-01",6,1,None
185.81999999997598,"VIPER-01",6,1,None
185.81999999997598,"VIPER-02",6,1,None
185.81999999997598,"VIPER-03",6,1,None
185.81999999997598,"BANDIT-01",6,1,None
186.01999999997579,"VIPER-01",6,1,None
186.01999999997579,"VIPER-02",6,1,None
186.01999999997579,"VIPER-03",6,1,None
186.01999999997579,"BANDIT-01",6,1,None
186.21999999997561,"VIPER-01",6,1,None
186.21999999997561,"VIPER-02",6,1,None
186.21999999997561,"VIPER-03",6,1,None
186.21999999997561,"BANDIT-01",6,1,None
186.41999999997543,"VIPER-01",6,1,None
186.41999999997543,"VIPER-02",6,1,None
186.41999999997543,"VIPER-03",6,1,None
186.41999999997543,"BANDIT-01",6,1,None
