"数据域","中文名称","英文字段路径","C# 类型","JSON 类型","UDP 编码类型","单位","最小值","最大值","枚举值","是否可空","有效性字段","更新频率","数据来源子系统","Unity 内部访问接口","UDP 消息类型与字段","NDJSON 类型与字段","CSV 文件与列","示例值","首次引入版本","中文语义说明","注意事项"
"actors","AI 模式","MissionActorState.AiMode","MissionAiMode","string","int32 little-endian","枚举","见枚举","见枚举","Manual | GroundStart | Takeoff | Formation | Navigate | Patrol | Intercept | Engage | Evade | Escort | ReturnToBase | Approach | Land | Stop","否","MissionActorState.IsValid","5 Hz","任务编排","IFlightDataHub.TryGetMission","MissionActorState.AiMode / int32 little-endian","data[domain=missionActor].payload.AiMode","actors.csv:AiMode","Manual","2.0.0 / Contract 2","AI 模式（MissionActorState.AiMode）由任务编排发布，用于只读仿真状态、界面展示或外部 Agent 分析。","SI 单位；仅在有效性条件满足时使用。外部接口不可据此发送控制命令。"
"actors","AI 能力归一化值","MissionActorState.AiSkillNormalized","double","number","float64 little-endian","0..1","0","1","-","否","MissionActorState.IsValid","5 Hz","任务编排","IFlightDataHub.TryGetMission","MissionActorState.AiSkillNormalized / float64 little-endian","data[domain=missionActor].payload.AiSkillNormalized","actors.csv:AiSkillNormalized","0.75","2.0.0 / Contract 2","AI 能力归一化值（MissionActorState.AiSkillNormalized）由任务编排发布，用于只读仿真状态、界面展示或外部 Agent 分析。","SI 单位；仅在有效性条件满足时使用。外部接口不可据此发送控制命令。"
"actors","飞机","MissionActorState.Aircraft","AircraftId","string","UTF-8 定长或长度前缀","标识","由模型定义","由模型定义","-","否","MissionActorState.IsValid","5 Hz","任务编排","IFlightDataHub.TryGetMission","MissionActorState.Aircraft / UTF-8 定长或长度前缀","data[domain=missionActor].payload.Aircraft","actors.csv:Aircraft","VIPER-01","2.0.0 / Contract 2","飞机（MissionActorState.Aircraft）由任务编排发布，用于只读仿真状态、界面展示或外部 Agent 分析。","SI 单位；仅在有效性条件满足时使用。外部接口不可据此发送控制命令。"
"actors","呼号","MissionActorState.Callsign","string","string","UTF-8 定长或长度前缀","无量纲","由模型定义","由模型定义","-","是","MissionActorState.IsValid","5 Hz","任务编排","IFlightDataHub.TryGetMission","MissionActorState.Callsign / UTF-8 定长或长度前缀","data[domain=missionActor].payload.Callsign","actors.csv:Callsign","示例","2.0.0 / Contract 2","呼号（MissionActorState.Callsign）由任务编排发布，用于只读仿真状态、界面展示或外部 Agent 分析。","SI 单位；仅在有效性条件满足时使用。外部接口不可据此发送控制命令。"
"actors","控制控制权","MissionActorState.ControlAuthority","ControlAuthority","string","int32 little-endian","枚举","见枚举","见枚举","ManualPilot | AutomationPilot | FormationAI | MissionAI","否","MissionActorState.IsValid","5 Hz","任务编排","IFlightDataHub.TryGetMission","MissionActorState.ControlAuthority / int32 little-endian","data[domain=missionActor].payload.ControlAuthority","actors.csv:ControlAuthority","ManualPilot","2.0.0 / Contract 2","控制控制权（MissionActorState.ControlAuthority）由任务编排发布，用于只读仿真状态、界面展示或外部 Agent 分析。","SI 单位；仅在有效性条件满足时使用。外部接口不可据此发送控制命令。"
"actors","当前航路点序号","MissionActorState.CurrentWaypointIndex","int","number","int32 little-endian","无量纲","0 或 -1（未选择）","由容量定义","-","否","MissionActorState.IsValid","5 Hz","任务编排","IFlightDataHub.TryGetMission","MissionActorState.CurrentWaypointIndex / int32 little-endian","data[domain=missionActor].payload.CurrentWaypointIndex","actors.csv:CurrentWaypointIndex","0","2.0.0 / Contract 2","当前航路点序号（MissionActorState.CurrentWaypointIndex）由任务编排发布，用于只读仿真状态、界面展示或外部 Agent 分析。","SI 单位；仅在有效性条件满足时使用。外部接口不可据此发送控制命令。"
"actors","编队槽位","MissionActorState.FormationSlot","int","number","int32 little-endian","无量纲","由模型定义","由模型定义","-","否","MissionActorState.IsValid","5 Hz","任务编排","IFlightDataHub.TryGetMission","MissionActorState.FormationSlot / int32 little-endian","data[domain=missionActor].payload.FormationSlot","actors.csv:FormationSlot","0","2.0.0 / Contract 2","编队槽位（MissionActorState.FormationSlot）由任务编排发布，用于只读仿真状态、界面展示或外部 Agent 分析。","SI 单位；仅在有效性条件满足时使用。外部接口不可据此发送控制命令。"
"actors","是否已探测","MissionActorState.IsDetected","bool","boolean","uint8 (0/1)","布尔","false","true","-","否","MissionActorState.IsValid","5 Hz","任务编排","IFlightDataHub.TryGetMission","MissionActorState.IsDetected / uint8 (0/1)","data[domain=missionActor].payload.IsDetected","actors.csv:IsDetected","true","2.0.0 / Contract 2","是否已探测（MissionActorState.IsDetected）由任务编排发布，用于只读仿真状态、界面展示或外部 Agent 分析。","SI 单位；仅在有效性条件满足时使用。外部接口不可据此发送控制命令。"
"actors","是否已交战","MissionActorState.IsEngaged","bool","boolean","uint8 (0/1)","布尔","false","true","-","否","MissionActorState.IsValid","5 Hz","任务编排","IFlightDataHub.TryGetMission","MissionActorState.IsEngaged / uint8 (0/1)","data[domain=missionActor].payload.IsEngaged","actors.csv:IsEngaged","true","2.0.0 / Contract 2","是否已交战（MissionActorState.IsEngaged）由任务编排发布，用于只读仿真状态、界面展示或外部 Agent 分析。","SI 单位；仅在有效性条件满足时使用。外部接口不可据此发送控制命令。"
"actors","数据是否有效","MissionActorState.IsValid","bool","boolean","uint8 (0/1)","布尔","false","true","-","否","自身布尔值","5 Hz","任务编排","IFlightDataHub.TryGetMission","MissionActorState.IsValid / uint8 (0/1)","data[domain=missionActor].payload.IsValid","actors.csv:IsValid","true","2.0.0 / Contract 2","数据是否有效（MissionActorState.IsValid）由任务编排发布，用于只读仿真状态、界面展示或外部 Agent 分析。","SI 单位；仅在有效性条件满足时使用。外部接口不可据此发送控制命令。"
"actors","长机标识","MissionActorState.LeaderAircraft","AircraftId","string","UTF-8 定长或长度前缀","标识","由模型定义","由模型定义","-","否","MissionActorState.IsValid","5 Hz","任务编排","IFlightDataHub.TryGetMission","MissionActorState.LeaderAircraft / UTF-8 定长或长度前缀","data[domain=missionActor].payload.LeaderAircraft","actors.csv:LeaderAircraft","VIPER-01","2.0.0 / Contract 2","长机标识（MissionActorState.LeaderAircraft）由任务编排发布，用于只读仿真状态、界面展示或外部 Agent 分析。","SI 单位；仅在有效性条件满足时使用。外部接口不可据此发送控制命令。"
"actors","角色","MissionActorState.Role","AircraftRole","string","int32 little-endian","枚举","见枚举","见枚举","Player | Wingman | Escort | Interceptor | Patrol | Threat","否","MissionActorState.IsValid","5 Hz","任务编排","IFlightDataHub.TryGetMission","MissionActorState.Role / int32 little-endian","data[domain=missionActor].payload.Role","actors.csv:Role","Player","2.0.0 / Contract 2","角色（MissionActorState.Role）由任务编排发布，用于只读仿真状态、界面展示或外部 Agent 分析。","SI 单位；仅在有效性条件满足时使用。外部接口不可据此发送控制命令。"
"actors","已选目标","MissionActorState.SelectedTarget","AircraftId","string","UTF-8 定长或长度前缀","无量纲","由模型定义","由模型定义","-","否","MissionActorState.IsValid","5 Hz","任务编排","IFlightDataHub.TryGetMission","MissionActorState.SelectedTarget / UTF-8 定长或长度前缀","data[domain=missionActor].payload.SelectedTarget","actors.csv:SelectedTarget","示例","2.0.0 / Contract 2","已选目标（MissionActorState.SelectedTarget）由任务编排发布，用于只读仿真状态、界面展示或外部 Agent 分析。","SI 单位；仅在有效性条件满足时使用。外部接口不可据此发送控制命令。"
"actors","阵营","MissionActorState.Side","AircraftSide","string","int32 little-endian","枚举","见枚举","见枚举","Neutral | Friendly | Hostile","否","MissionActorState.IsValid","5 Hz","任务编排","IFlightDataHub.TryGetMission","MissionActorState.Side / int32 little-endian","data[domain=missionActor].payload.Side","actors.csv:Side","Neutral","2.0.0 / Contract 2","阵营（MissionActorState.Side）由任务编排发布，用于只读仿真状态、界面展示或外部 Agent 分析。","SI 单位；仅在有效性条件满足时使用。外部接口不可据此发送控制命令。"
"actors","状态","MissionActorState.Status","MissionActorStatus","string","int32 little-endian","枚举","见枚举","见枚举","Ready | Active | Neutralized | Landed | Failed | Removed","否","MissionActorState.IsValid","5 Hz","任务编排","IFlightDataHub.TryGetMission","MissionActorState.Status / int32 little-endian","data[domain=missionActor].payload.Status","actors.csv:Status","Ready","2.0.0 / Contract 2","状态（MissionActorState.Status）由任务编排发布，用于只读仿真状态、界面展示或外部 Agent 分析。","SI 单位；仅在有效性条件满足时使用。外部接口不可据此发送控制命令。"
"automation","批次标识","AutomationRunState.BatchId","string","string","UTF-8 定长或长度前缀","标识","由模型定义","由模型定义","-","是","上级快照 valid / 字段定义域","5 Hz","自动运行","IFlightDataHub.TryGetMission","AutomationRunState.BatchId / UTF-8 定长或长度前缀","data[domain=automationState].payload.BatchId","automation.csv:BatchId","示例","2.0.0 / Contract 2","批次标识（AutomationRunState.BatchId）由自动运行发布，用于只读仿真状态、界面展示或外部 Agent 分析。","SI 单位；仅在有效性条件满足时使用。外部接口不可据此发送控制命令。"
"automation","完成原因","AutomationRunState.CompletionReason","string","string","UTF-8 定长或长度前缀","无量纲","由模型定义","由模型定义","-","是","上级快照 valid / 字段定义域","5 Hz","自动运行","IFlightDataHub.TryGetMission","AutomationRunState.CompletionReason / UTF-8 定长或长度前缀","data[domain=automationState].payload.CompletionReason","automation.csv:CompletionReason","示例","2.0.0 / Contract 2","完成原因（AutomationRunState.CompletionReason）由自动运行发布，用于只读仿真状态、界面展示或外部 Agent 分析。","SI 单位；仅在有效性条件满足时使用。外部接口不可据此发送控制命令。"
"automation","任务标识","AutomationRunState.MissionId","string","string","UTF-8 定长或长度前缀","标识","由模型定义","由模型定义","-","是","上级快照 valid / 字段定义域","5 Hz","自动运行","IFlightDataHub.TryGetMission","AutomationRunState.MissionId / UTF-8 定长或长度前缀","data[domain=automationState].payload.MissionId","automation.csv:MissionId","示例","2.0.0 / Contract 2","任务标识（AutomationRunState.MissionId）由自动运行发布，用于只读仿真状态、界面展示或外部 Agent 分析。","SI 单位；仅在有效性条件满足时使用。外部接口不可据此发送控制命令。"
"automation","模式","AutomationRunState.Mode","AutomationMode","string","int32 little-endian","枚举","见枚举","见枚举","Manual | Visible | Batch | Mixed","否","上级快照 valid / 字段定义域","5 Hz","自动运行","IFlightDataHub.TryGetMission","AutomationRunState.Mode / int32 little-endian","data[domain=automationState].payload.Mode","automation.csv:Mode","Manual","2.0.0 / Contract 2","模式（AutomationRunState.Mode）由自动运行发布，用于只读仿真状态、界面展示或外部 Agent 分析。","SI 单位；仅在有效性条件满足时使用。外部接口不可据此发送控制命令。"
"automation","玩家飞机控制权","AutomationRunState.PlayerControlAuthority","ControlAuthority","string","int32 little-endian","枚举","见枚举","见枚举","ManualPilot | AutomationPilot | FormationAI | MissionAI","否","上级快照 valid / 字段定义域","5 Hz","自动运行","IFlightDataHub.TryGetMission","AutomationRunState.PlayerControlAuthority / int32 little-endian","data[domain=automationState].payload.PlayerControlAuthority","automation.csv:PlayerControlAuthority","ManualPilot","2.0.0 / Contract 2","玩家飞机控制权（AutomationRunState.PlayerControlAuthority）由自动运行发布，用于只读仿真状态、界面展示或外部 Agent 分析。","SI 单位；仅在有效性条件满足时使用。外部接口不可据此发送控制命令。"
"automation","报告路径","AutomationRunState.ReportPath","string","string","UTF-8 定长或长度前缀","无量纲","由模型定义","由模型定义","-","是","上级快照 valid / 字段定义域","5 Hz","自动运行","IFlightDataHub.TryGetMission","AutomationRunState.ReportPath / UTF-8 定长或长度前缀","data[domain=automationState].payload.ReportPath","automation.csv:ReportPath","示例","2.0.0 / Contract 2","报告路径（AutomationRunState.ReportPath）由自动运行发布，用于只读仿真状态、界面展示或外部 Agent 分析。","SI 单位；仅在有效性条件满足时使用。外部接口不可据此发送控制命令。"
"automation","运行标识","AutomationRunState.RunId","string","string","UTF-8 定长或长度前缀","标识","由模型定义","由模型定义","-","是","上级快照 valid / 字段定义域","5 Hz","自动运行","IFlightDataHub.TryGetMission","AutomationRunState.RunId / UTF-8 定长或长度前缀","data[domain=automationState].payload.RunId","automation.csv:RunId","示例","2.0.0 / Contract 2","运行标识（AutomationRunState.RunId）由自动运行发布，用于只读仿真状态、界面展示或外部 Agent 分析。","SI 单位；仅在有效性条件满足时使用。外部接口不可据此发送控制命令。"
"automation","随机种子","AutomationRunState.Seed","int","number","int32 little-endian","无量纲","由模型定义","由模型定义","-","否","上级快照 valid / 字段定义域","5 Hz","自动运行","IFlightDataHub.TryGetMission","AutomationRunState.Seed / int32 little-endian","data[domain=automationState].payload.Seed","automation.csv:Seed","0","2.0.0 / Contract 2","随机种子（AutomationRunState.Seed）由自动运行发布，用于只读仿真状态、界面展示或外部 Agent 分析。","SI 单位；仅在有效性条件满足时使用。外部接口不可据此发送控制命令。"
"automation","仿真倍率","AutomationRunState.SimulationRate","double","number","float64 little-endian","无量纲","由模型定义","由模型定义","-","否","上级快照 valid / 字段定义域","5 Hz","自动运行","IFlightDataHub.TryGetMission","AutomationRunState.SimulationRate / float64 little-endian","data[domain=automationState].payload.SimulationRate","automation.csv:SimulationRate","0","2.0.0 / Contract 2","仿真倍率（AutomationRunState.SimulationRate）由自动运行发布，用于只读仿真状态、界面展示或外部 Agent 分析。","SI 单位；仅在有效性条件满足时使用。外部接口不可据此发送控制命令。"
"automation","仿真时间（秒）","AutomationRunState.SimulationTimeS","double","number","float64 little-endian","s","由模型定义","由模型定义","-","否","上级快照 valid / 字段定义域","5 Hz","自动运行","IFlightDataHub.TryGetMission","AutomationRunState.SimulationTimeS / float64 little-endian","data[domain=automationState].payload.SimulationTimeS","automation.csv:SimulationTimeS","0","2.0.0 / Contract 2","仿真时间（秒）（AutomationRunState.SimulationTimeS）由自动运行发布，用于只读仿真状态、界面展示或外部 Agent 分析。","SI 单位；仅在有效性条件满足时使用。外部接口不可据此发送控制命令。"
"automation","状态","AutomationRunState.Status","AutomationRunStatus","string","int32 little-endian","枚举","见枚举","见枚举","None | Preparing | Running | Completed | Failed | Aborted","否","上级快照 valid / 字段定义域","5 Hz","自动运行","IFlightDataHub.TryGetMission","AutomationRunState.Status / int32 little-endian","data[domain=automationState].payload.Status","automation.csv:Status","None","2.0.0 / Contract 2","状态（AutomationRunState.Status）由自动运行发布，用于只读仿真状态、界面展示或外部 Agent 分析。","SI 单位；仅在有效性条件满足时使用。外部接口不可据此发送控制命令。"
"automation","地形数据有效","AutomationRunState.TerrainDataValid","bool","boolean","uint8 (0/1)","布尔","false","true","-","否","上级快照 valid / 字段定义域","5 Hz","自动运行","IFlightDataHub.TryGetMission","AutomationRunState.TerrainDataValid / uint8 (0/1)","data[domain=automationState].payload.TerrainDataValid","automation.csv:TerrainDataValid","true","2.0.0 / Contract 2","地形数据有效（AutomationRunState.TerrainDataValid）由自动运行发布，用于只读仿真状态、界面展示或外部 Agent 分析。","SI 单位；仅在有效性条件满足时使用。外部接口不可据此发送控制命令。"
"automation","地形来源","AutomationRunState.TerrainSource","TerrainSource","string","int32 little-endian","枚举","见枚举","见枚举","None | Cesium | MissionCache | AnalyticRunway","否","上级快照 valid / 字段定义域","5 Hz","自动运行","IFlightDataHub.TryGetMission","AutomationRunState.TerrainSource / int32 little-endian","data[domain=automationState].payload.TerrainSource","automation.csv:TerrainSource","None","2.0.0 / Contract 2","地形来源（AutomationRunState.TerrainSource）由自动运行发布，用于只读仿真状态、界面展示或外部 Agent 分析。","SI 单位；仅在有效性条件满足时使用。外部接口不可据此发送控制命令。"
"automation","墙钟时间（秒）","AutomationRunState.WallClockTimeS","double","number","float64 little-endian","s","由模型定义","由模型定义","-","否","上级快照 valid / 字段定义域","5 Hz","自动运行","IFlightDataHub.TryGetMission","AutomationRunState.WallClockTimeS / float64 little-endian","data[domain=automationState].payload.WallClockTimeS","automation.csv:WallClockTimeS","0","2.0.0 / Contract 2","墙钟时间（秒）（AutomationRunState.WallClockTimeS）由自动运行发布，用于只读仿真状态、界面展示或外部 Agent 分析。","SI 单位；仅在有效性条件满足时使用。外部接口不可据此发送控制命令。"
"combat","飞机","AircraftCombatState.Aircraft","AircraftId","string","UTF-8 定长或长度前缀","标识","由模型定义","由模型定义","-","否","AircraftCombatState.IsValid","10 Hz","空战航电","IFlightDataHub.TryGetCombat","AircraftCombatState.Aircraft / UTF-8 定长或长度前缀","data[domain=combatState].payload.Aircraft","combat.csv:Aircraft","VIPER-01","2.0.0 / Contract 2","飞机（AircraftCombatState.Aircraft）由空战航电发布，用于只读仿真状态、界面展示或外部 Agent 分析。","SI 单位；仅在有效性条件满足时使用。外部接口不可据此发送控制命令。"
"combat","闭合倍率米每秒","AircraftCombatState.ClosureRateMps","double","number","float64 little-endian","m/s","由模型定义","由模型定义","-","否","AircraftCombatState.IsValid","10 Hz","空战航电","IFlightDataHub.TryGetCombat","AircraftCombatState.ClosureRateMps / float64 little-endian","data[domain=combatState].payload.ClosureRateMps","combat.csv:ClosureRateMps","150.0","2.0.0 / Contract 2","闭合倍率米每秒（AircraftCombatState.ClosureRateMps）由空战航电发布，用于只读仿真状态、界面展示或外部 Agent 分析。","SI 单位；仅在有效性条件满足时使用。外部接口不可据此发送控制命令。"
"combat","是否在发射区内","AircraftCombatState.InLaunchZone","bool","boolean","uint8 (0/1)","布尔","false","true","-","否","AircraftCombatState.IsValid","10 Hz","空战航电","IFlightDataHub.TryGetCombat","AircraftCombatState.InLaunchZone / uint8 (0/1)","data[domain=combatState].payload.InLaunchZone","combat.csv:InLaunchZone","true","2.0.0 / Contract 2","是否在发射区内（AircraftCombatState.InLaunchZone）由空战航电发布，用于只读仿真状态、界面展示或外部 Agent 分析。","SI 单位；仅在有效性条件满足时使用。外部接口不可据此发送控制命令。"
"combat","数据是否有效","AircraftCombatState.IsValid","bool","boolean","uint8 (0/1)","布尔","false","true","-","否","自身布尔值","10 Hz","空战航电","IFlightDataHub.TryGetCombat","AircraftCombatState.IsValid / uint8 (0/1)","data[domain=combatState].payload.IsValid","combat.csv:IsValid","true","2.0.0 / Contract 2","数据是否有效（AircraftCombatState.IsValid）由空战航电发布，用于只读仿真状态、界面展示或外部 Agent 分析。","SI 单位；仅在有效性条件满足时使用。外部接口不可据此发送控制命令。"
"combat","锁定质量归一化值","AircraftCombatState.LockQualityNormalized","double","number","float64 little-endian","0..1","0","1","-","否","AircraftCombatState.IsValid","10 Hz","空战航电","IFlightDataHub.TryGetCombat","AircraftCombatState.LockQualityNormalized / float64 little-endian","data[domain=combatState].payload.LockQualityNormalized","combat.csv:LockQualityNormalized","0.75","2.0.0 / Contract 2","锁定质量归一化值（AircraftCombatState.LockQualityNormalized）由空战航电发布，用于只读仿真状态、界面展示或外部 Agent 分析。","SI 单位；仅在有效性条件满足时使用。外部接口不可据此发送控制命令。"
"combat","主保险","AircraftCombatState.MasterArm","MasterArmState","string","int32 little-endian","枚举","见枚举","见枚举","Safe | Simulate | Arm","否","AircraftCombatState.IsValid","10 Hz","空战航电","IFlightDataHub.TryGetCombat","AircraftCombatState.MasterArm / int32 little-endian","data[domain=combatState].payload.MasterArm","combat.csv:MasterArm","Safe","2.0.0 / Contract 2","主保险（AircraftCombatState.MasterArm）由空战航电发布，用于只读仿真状态、界面展示或外部 Agent 分析。","SI 单位；仅在有效性条件满足时使用。外部接口不可据此发送控制命令。"
"combat","导弹发射告警","AircraftCombatState.MissileLaunchWarning","bool","boolean","uint8 (0/1)","布尔","false","true","-","否","AircraftCombatState.IsValid","10 Hz","空战航电","IFlightDataHub.TryGetCombat","AircraftCombatState.MissileLaunchWarning / uint8 (0/1)","data[domain=combatState].payload.MissileLaunchWarning","combat.csv:MissileLaunchWarning","true","2.0.0 / Contract 2","导弹发射告警（AircraftCombatState.MissileLaunchWarning）由空战航电发布，用于只读仿真状态、界面展示或外部 Agent 分析。","SI 单位；仅在有效性条件满足时使用。外部接口不可据此发送控制命令。"
"combat","雷达航迹状态","AircraftCombatState.RadarTrackState","RadarTrackState","string","int32 little-endian","枚举","见枚举","见枚举","None | Detected | Tracked | Locked","否","AircraftCombatState.IsValid","10 Hz","空战航电","IFlightDataHub.TryGetCombat","AircraftCombatState.RadarTrackState / int32 little-endian","data[domain=combatState].payload.RadarTrackState","combat.csv:RadarTrackState","None","2.0.0 / Contract 2","雷达航迹状态（AircraftCombatState.RadarTrackState）由空战航电发布，用于只读仿真状态、界面展示或外部 Agent 分析。","SI 单位；仅在有效性条件满足时使用。外部接口不可据此发送控制命令。"
"combat","已选挂点序号","AircraftCombatState.SelectedStationIndex","int","number","int32 little-endian","无量纲","0 或 -1（未选择）","由容量定义","-","否","AircraftCombatState.IsValid","10 Hz","空战航电","IFlightDataHub.TryGetCombat","AircraftCombatState.SelectedStationIndex / int32 little-endian","data[domain=combatState].payload.SelectedStationIndex","combat.csv:SelectedStationIndex","0","2.0.0 / Contract 2","已选挂点序号（AircraftCombatState.SelectedStationIndex）由空战航电发布，用于只读仿真状态、界面展示或外部 Agent 分析。","SI 单位；仅在有效性条件满足时使用。外部接口不可据此发送控制命令。"
"combat","已选挂载数量","AircraftCombatState.SelectedStoreQuantity","int","number","int32 little-endian","无量纲","0 或 -1（未选择）","由容量定义","-","否","AircraftCombatState.IsValid","10 Hz","空战航电","IFlightDataHub.TryGetCombat","AircraftCombatState.SelectedStoreQuantity / int32 little-endian","data[domain=combatState].payload.SelectedStoreQuantity","combat.csv:SelectedStoreQuantity","0","2.0.0 / Contract 2","已选挂载数量（AircraftCombatState.SelectedStoreQuantity）由空战航电发布，用于只读仿真状态、界面展示或外部 Agent 分析。","SI 单位；仅在有效性条件满足时使用。外部接口不可据此发送控制命令。"
"combat","已选挂载类型","AircraftCombatState.SelectedStoreType","string","string","UTF-8 定长或长度前缀","无量纲","由模型定义","由模型定义","-","是","AircraftCombatState.IsValid","10 Hz","空战航电","IFlightDataHub.TryGetCombat","AircraftCombatState.SelectedStoreType / UTF-8 定长或长度前缀","data[domain=combatState].payload.SelectedStoreType","combat.csv:SelectedStoreType","示例","2.0.0 / Contract 2","已选挂载类型（AircraftCombatState.SelectedStoreType）由空战航电发布，用于只读仿真状态、界面展示或外部 Agent 分析。","SI 单位；仅在有效性条件满足时使用。外部接口不可据此发送控制命令。"
"combat","已选目标","AircraftCombatState.SelectedTarget","AircraftId","string","UTF-8 定长或长度前缀","无量纲","由模型定义","由模型定义","-","否","AircraftCombatState.IsValid","10 Hz","空战航电","IFlightDataHub.TryGetCombat","AircraftCombatState.SelectedTarget / UTF-8 定长或长度前缀","data[domain=combatState].payload.SelectedTarget","combat.csv:SelectedTarget","示例","2.0.0 / Contract 2","已选目标（AircraftCombatState.SelectedTarget）由空战航电发布，用于只读仿真状态、界面展示或外部 Agent 分析。","SI 单位；仅在有效性条件满足时使用。外部接口不可据此发送控制命令。"
"combat","已选航迹标识","AircraftCombatState.SelectedTrackId","int","number","int32 little-endian","标识","由模型定义","由模型定义","-","否","AircraftCombatState.IsValid","10 Hz","空战航电","IFlightDataHub.TryGetCombat","AircraftCombatState.SelectedTrackId / int32 little-endian","data[domain=combatState].payload.SelectedTrackId","combat.csv:SelectedTrackId","0","2.0.0 / Contract 2","已选航迹标识（AircraftCombatState.SelectedTrackId）由空战航电发布，用于只读仿真状态、界面展示或外部 Agent 分析。","SI 单位；仅在有效性条件满足时使用。外部接口不可据此发送控制命令。"
"combat","发射提示","AircraftCombatState.ShootCue","bool","boolean","uint8 (0/1)","布尔","false","true","-","否","AircraftCombatState.IsValid","10 Hz","空战航电","IFlightDataHub.TryGetCombat","AircraftCombatState.ShootCue / uint8 (0/1)","data[domain=combatState].payload.ShootCue","combat.csv:ShootCue","true","2.0.0 / Contract 2","发射提示（AircraftCombatState.ShootCue）由空战航电发布，用于只读仿真状态、界面展示或外部 Agent 分析。","SI 单位；仅在有效性条件满足时使用。外部接口不可据此发送控制命令。"
"combat","仿真时间（秒）","AircraftCombatState.SimulationTimeS","double","number","float64 little-endian","s","由模型定义","由模型定义","-","否","AircraftCombatState.IsValid","10 Hz","空战航电","IFlightDataHub.TryGetCombat","AircraftCombatState.SimulationTimeS / float64 little-endian","data[domain=combatState].payload.SimulationTimeS","combat.csv:SimulationTimeS","0","2.0.0 / Contract 2","仿真时间（秒）（AircraftCombatState.SimulationTimeS）由空战航电发布，用于只读仿真状态、界面展示或外部 Agent 分析。","SI 单位；仅在有效性条件满足时使用。外部接口不可据此发送控制命令。"
"combat","目标进入角角度弧度","AircraftCombatState.TargetAspectAngleRad","double","number","float64 little-endian","rad","由模型定义","由模型定义","-","否","AircraftCombatState.IsValid","10 Hz","空战航电","IFlightDataHub.TryGetCombat","AircraftCombatState.TargetAspectAngleRad / float64 little-endian","data[domain=combatState].payload.TargetAspectAngleRad","combat.csv:TargetAspectAngleRad","0.523599","2.0.0 / Contract 2","目标进入角角度弧度（AircraftCombatState.TargetAspectAngleRad）由空战航电发布，用于只读仿真状态、界面展示或外部 Agent 分析。","SI 单位；仅在有效性条件满足时使用。外部接口不可据此发送控制命令。"
"combat","目标方位弧度","AircraftCombatState.TargetBearingRad","double","number","float64 little-endian","rad","由模型定义","由模型定义","-","否","AircraftCombatState.IsValid","10 Hz","空战航电","IFlightDataHub.TryGetCombat","AircraftCombatState.TargetBearingRad / float64 little-endian","data[domain=combatState].payload.TargetBearingRad","combat.csv:TargetBearingRad","0.523599","2.0.0 / Contract 2","目标方位弧度（AircraftCombatState.TargetBearingRad）由空战航电发布，用于只读仿真状态、界面展示或外部 Agent 分析。","SI 单位；仅在有效性条件满足时使用。外部接口不可据此发送控制命令。"
"combat","目标仰角弧度","AircraftCombatState.TargetElevationRad","double","number","float64 little-endian","rad","由模型定义","由模型定义","-","否","AircraftCombatState.IsValid","10 Hz","空战航电","IFlightDataHub.TryGetCombat","AircraftCombatState.TargetElevationRad / float64 little-endian","data[domain=combatState].payload.TargetElevationRad","combat.csv:TargetElevationRad","0.523599","2.0.0 / Contract 2","目标仰角弧度（AircraftCombatState.TargetElevationRad）由空战航电发布，用于只读仿真状态、界面展示或外部 Agent 分析。","SI 单位；仅在有效性条件满足时使用。外部接口不可据此发送控制命令。"
"combat","目标距离米","AircraftCombatState.TargetRangeM","double","number","float64 little-endian","m","由模型定义","由模型定义","-","否","AircraftCombatState.IsValid","10 Hz","空战航电","IFlightDataHub.TryGetCombat","AircraftCombatState.TargetRangeM / float64 little-endian","data[domain=combatState].payload.TargetRangeM","combat.csv:TargetRangeM","2765.0","2.0.0 / Contract 2","目标距离米（AircraftCombatState.TargetRangeM）由空战航电发布，用于只读仿真状态、界面展示或外部 Agent 分析。","SI 单位；仅在有效性条件满足时使用。外部接口不可据此发送控制命令。"
"events","代码","MissionEvent.Code","int","number","int32 little-endian","无量纲","由模型定义","由模型定义","-","否","上级快照 valid / 字段定义域","即时","事件总线","IFlightDataHub.TryReadEvent","MissionEvent.Code / int32 little-endian","event[domain=missionEvent].payload.Code","events.csv:Code","0","2.0.0 / Contract 2","代码（MissionEvent.Code）由事件总线发布，用于只读仿真状态、界面展示或外部 Agent 分析。","SI 单位；仅在有效性条件满足时使用。外部接口不可据此发送控制命令。"
"events","消息","MissionEvent.Message","string","string","UTF-8 定长或长度前缀","无量纲","由模型定义","由模型定义","-","是","上级快照 valid / 字段定义域","即时","事件总线","IFlightDataHub.TryReadEvent","MissionEvent.Message / UTF-8 定长或长度前缀","event[domain=missionEvent].payload.Message","events.csv:Message","示例","2.0.0 / Contract 2","消息（MissionEvent.Message）由事件总线发布，用于只读仿真状态、界面展示或外部 Agent 分析。","SI 单位；仅在有效性条件满足时使用。外部接口不可据此发送控制命令。"
"events","任务标识","MissionEvent.MissionId","string","string","UTF-8 定长或长度前缀","标识","由模型定义","由模型定义","-","是","上级快照 valid / 字段定义域","即时","事件总线","IFlightDataHub.TryReadEvent","MissionEvent.MissionId / UTF-8 定长或长度前缀","event[domain=missionEvent].payload.MissionId","events.csv:MissionId","示例","2.0.0 / Contract 2","任务标识（MissionEvent.MissionId）由事件总线发布，用于只读仿真状态、界面展示或外部 Agent 分析。","SI 单位；仅在有效性条件满足时使用。外部接口不可据此发送控制命令。"
"events","运行标识","MissionEvent.RunId","string","string","UTF-8 定长或长度前缀","标识","由模型定义","由模型定义","-","是","上级快照 valid / 字段定义域","即时","事件总线","IFlightDataHub.TryReadEvent","MissionEvent.RunId / UTF-8 定长或长度前缀","event[domain=missionEvent].payload.RunId","events.csv:RunId","示例","2.0.0 / Contract 2","运行标识（MissionEvent.RunId）由事件总线发布，用于只读仿真状态、界面展示或外部 Agent 分析。","SI 单位；仅在有效性条件满足时使用。外部接口不可据此发送控制命令。"
"events","仿真时间（秒）","MissionEvent.SimulationTimeS","double","number","float64 little-endian","s","由模型定义","由模型定义","-","否","上级快照 valid / 字段定义域","即时","事件总线","IFlightDataHub.TryReadEvent","MissionEvent.SimulationTimeS / float64 little-endian","event[domain=missionEvent].payload.SimulationTimeS","events.csv:SimulationTimeS","0","2.0.0 / Contract 2","仿真时间（秒）（MissionEvent.SimulationTimeS）由事件总线发布，用于只读仿真状态、界面展示或外部 Agent 分析。","SI 单位；仅在有效性条件满足时使用。外部接口不可据此发送控制命令。"
"events","来源","MissionEvent.Source","AircraftId","string","UTF-8 定长或长度前缀","无量纲","由模型定义","由模型定义","-","否","上级快照 valid / 字段定义域","即时","事件总线","IFlightDataHub.TryReadEvent","MissionEvent.Source / UTF-8 定长或长度前缀","event[domain=missionEvent].payload.Source","events.csv:Source","示例","2.0.0 / Contract 2","来源（MissionEvent.Source）由事件总线发布，用于只读仿真状态、界面展示或外部 Agent 分析。","SI 单位；仅在有效性条件满足时使用。外部接口不可据此发送控制命令。"
"events","目标","MissionEvent.Target","AircraftId","string","UTF-8 定长或长度前缀","无量纲","由模型定义","由模型定义","-","否","上级快照 valid / 字段定义域","即时","事件总线","IFlightDataHub.TryReadEvent","MissionEvent.Target / UTF-8 定长或长度前缀","event[domain=missionEvent].payload.Target","events.csv:Target","示例","2.0.0 / Contract 2","目标（MissionEvent.Target）由事件总线发布，用于只读仿真状态、界面展示或外部 Agent 分析。","SI 单位；仅在有效性条件满足时使用。外部接口不可据此发送控制命令。"
"events","类型","MissionEvent.Type","MissionEventType","string","int32 little-endian","枚举","见枚举","见枚举","Loaded | Started | PhaseChanged | ObjectiveChanged | ControlAuthorityChanged | Engagement | WeaponImpact | TerrainCollision | Completed | Failed | Aborted | ValidationFailed","否","上级快照 valid / 字段定义域","即时","事件总线","IFlightDataHub.TryReadEvent","MissionEvent.Type / int32 little-endian","event[domain=missionEvent].payload.Type","events.csv:Type","Loaded","2.0.0 / Contract 2","类型（MissionEvent.Type）由事件总线发布，用于只读仿真状态、界面展示或外部 Agent 分析。","SI 单位；仅在有效性条件满足时使用。外部接口不可据此发送控制命令。"
"events","数据域","PlatformDataEvent.Domain","FlightDataDomain","string","int32 little-endian","枚举","见枚举","见枚举","None | Simulation | Mission | Engagement","否","上级快照 valid / 字段定义域","即时","事件总线","IFlightDataHub.TryReadEvent","未编码（仅 NDJSON/CSV）","未直接发布（Unity 进程内）","events.csv:Domain","None","2.0.0 / Contract 2","数据域（PlatformDataEvent.Domain）由事件总线发布，用于只读仿真状态、界面展示或外部 Agent 分析。","SI 单位；仅在有效性条件满足时使用。外部接口不可据此发送控制命令。"
"events","交战","PlatformDataEvent.Engagement","WeaponEngagementEvent","object","嵌套结构顺序编码","无量纲","由模型定义","由模型定义","-","否","上级快照 valid / 字段定义域","即时","事件总线","IFlightDataHub.TryReadEvent","未编码（仅 NDJSON/CSV）","未直接发布（Unity 进程内）","events.csv:Engagement","0","2.0.0 / Contract 2","交战（PlatformDataEvent.Engagement）由事件总线发布，用于只读仿真状态、界面展示或外部 Agent 分析。","SI 单位；仅在有效性条件满足时使用。外部接口不可据此发送控制命令。"
"events","任务","PlatformDataEvent.Mission","MissionEvent","object","嵌套结构顺序编码","无量纲","由模型定义","由模型定义","-","否","上级快照 valid / 字段定义域","即时","事件总线","IFlightDataHub.TryReadEvent","未编码（仅 NDJSON/CSV）","未直接发布（Unity 进程内）","events.csv:Mission","0","2.0.0 / Contract 2","任务（PlatformDataEvent.Mission）由事件总线发布，用于只读仿真状态、界面展示或外部 Agent 分析。","SI 单位；仅在有效性条件满足时使用。外部接口不可据此发送控制命令。"
"events","序号","PlatformDataEvent.Sequence","ulong","number","uint64 little-endian","无量纲","由模型定义","由模型定义","-","否","上级快照 valid / 字段定义域","即时","事件总线","IFlightDataHub.TryReadEvent","未编码（仅 NDJSON/CSV）","未直接发布（Unity 进程内）","events.csv:Sequence","0","2.0.0 / Contract 2","序号（PlatformDataEvent.Sequence）由事件总线发布，用于只读仿真状态、界面展示或外部 Agent 分析。","SI 单位；仅在有效性条件满足时使用。外部接口不可据此发送控制命令。"
"events","仿真","PlatformDataEvent.Simulation","SimulationEvent","object","嵌套结构顺序编码","无量纲","由模型定义","由模型定义","-","否","上级快照 valid / 字段定义域","即时","事件总线","IFlightDataHub.TryReadEvent","未编码（仅 NDJSON/CSV）","未直接发布（Unity 进程内）","events.csv:Simulation","0","2.0.0 / Contract 2","仿真（PlatformDataEvent.Simulation）由事件总线发布，用于只读仿真状态、界面展示或外部 Agent 分析。","SI 单位；仅在有效性条件满足时使用。外部接口不可据此发送控制命令。"
"events","飞机","SimulationEvent.Aircraft","AircraftId","string","UTF-8 定长或长度前缀","标识","由模型定义","由模型定义","-","否","上级快照 valid / 字段定义域","即时","事件总线","IFlightDataHub.TryReadEvent","SimulationEvent.Aircraft / UTF-8 定长或长度前缀","event[domain=simulationEvent].payload.Aircraft","events.csv:Aircraft","VIPER-01","2.0.0 / Contract 2","飞机（SimulationEvent.Aircraft）由事件总线发布，用于只读仿真状态、界面展示或外部 Agent 分析。","SI 单位；仅在有效性条件满足时使用。外部接口不可据此发送控制命令。"
"events","代码","SimulationEvent.Code","int","number","int32 little-endian","无量纲","由模型定义","由模型定义","-","否","上级快照 valid / 字段定义域","即时","事件总线","IFlightDataHub.TryReadEvent","SimulationEvent.Code / int32 little-endian","event[domain=simulationEvent].payload.Code","events.csv:Code","0","2.0.0 / Contract 2","代码（SimulationEvent.Code）由事件总线发布，用于只读仿真状态、界面展示或外部 Agent 分析。","SI 单位；仅在有效性条件满足时使用。外部接口不可据此发送控制命令。"
"events","消息","SimulationEvent.Message","string","string","UTF-8 定长或长度前缀","无量纲","由模型定义","由模型定义","-","是","上级快照 valid / 字段定义域","即时","事件总线","IFlightDataHub.TryReadEvent","SimulationEvent.Message / UTF-8 定长或长度前缀","event[domain=simulationEvent].payload.Message","events.csv:Message","示例","2.0.0 / Contract 2","消息（SimulationEvent.Message）由事件总线发布，用于只读仿真状态、界面展示或外部 Agent 分析。","SI 单位；仅在有效性条件满足时使用。外部接口不可据此发送控制命令。"
"events","仿真时间（秒）","SimulationEvent.SimulationTimeS","double","number","float64 little-endian","s","由模型定义","由模型定义","-","否","上级快照 valid / 字段定义域","即时","事件总线","IFlightDataHub.TryReadEvent","SimulationEvent.SimulationTimeS / float64 little-endian","event[domain=simulationEvent].payload.SimulationTimeS","events.csv:SimulationTimeS","0","2.0.0 / Contract 2","仿真时间（秒）（SimulationEvent.SimulationTimeS）由事件总线发布，用于只读仿真状态、界面展示或外部 Agent 分析。","SI 单位；仅在有效性条件满足时使用。外部接口不可据此发送控制命令。"
"events","类型","SimulationEvent.Type","SimulationEventType","string","int32 little-endian","枚举","见枚举","见枚举","Information | Warning | Failure | EngineStarted | EngineStopped | StoreReleased | Touchdown | Takeoff | Crash | FormationModeChanged | TerrainDataTimeout | TelemetryTimeout | ScenarioReset","否","上级快照 valid / 字段定义域","即时","事件总线","IFlightDataHub.TryReadEvent","SimulationEvent.Type / int32 little-endian","event[domain=simulationEvent].payload.Type","events.csv:Type","Information","2.0.0 / Contract 2","类型（SimulationEvent.Type）由事件总线发布，用于只读仿真状态、界面展示或外部 Agent 分析。","SI 单位；仅在有效性条件满足时使用。外部接口不可据此发送控制命令。"
"events","闭合倍率米每秒","WeaponEngagementEvent.ClosureRateMps","double","number","float64 little-endian","m/s","由模型定义","由模型定义","-","否","上级快照 valid / 字段定义域","即时","事件总线","IFlightDataHub.TryReadEvent","WeaponEngagementEvent.ClosureRateMps / float64 little-endian","event[domain=weaponEngagementEvent].payload.ClosureRateMps","events.csv:ClosureRateMps","150.0","2.0.0 / Contract 2","闭合倍率米每秒（WeaponEngagementEvent.ClosureRateMps）由事件总线发布，用于只读仿真状态、界面展示或外部 Agent 分析。","SI 单位；仅在有效性条件满足时使用。外部接口不可据此发送控制命令。"
"events","交战序号","WeaponEngagementEvent.EngagementSequence","int","number","int32 little-endian","无量纲","由模型定义","由模型定义","-","否","上级快照 valid / 字段定义域","即时","事件总线","IFlightDataHub.TryReadEvent","WeaponEngagementEvent.EngagementSequence / int32 little-endian","event[domain=weaponEngagementEvent].payload.EngagementSequence","events.csv:EngagementSequence","0","2.0.0 / Contract 2","交战序号（WeaponEngagementEvent.EngagementSequence）由事件总线发布，用于只读仿真状态、界面展示或外部 Agent 分析。","SI 单位；仅在有效性条件满足时使用。外部接口不可据此发送控制命令。"
"events","发射距离米","WeaponEngagementEvent.LaunchRangeM","double","number","float64 little-endian","m","由模型定义","由模型定义","-","否","上级快照 valid / 字段定义域","即时","事件总线","IFlightDataHub.TryReadEvent","WeaponEngagementEvent.LaunchRangeM / float64 little-endian","event[domain=weaponEngagementEvent].payload.LaunchRangeM","events.csv:LaunchRangeM","2765.0","2.0.0 / Contract 2","发射距离米（WeaponEngagementEvent.LaunchRangeM）由事件总线发布，用于只读仿真状态、界面展示或外部 Agent 分析。","SI 单位；仅在有效性条件满足时使用。外部接口不可据此发送控制命令。"
"events","锁定质量归一化值","WeaponEngagementEvent.LockQualityNormalized","double","number","float64 little-endian","0..1","0","1","-","否","上级快照 valid / 字段定义域","即时","事件总线","IFlightDataHub.TryReadEvent","WeaponEngagementEvent.LockQualityNormalized / float64 little-endian","event[domain=weaponEngagementEvent].payload.LockQualityNormalized","events.csv:LockQualityNormalized","0.75","2.0.0 / Contract 2","锁定质量归一化值（WeaponEngagementEvent.LockQualityNormalized）由事件总线发布，用于只读仿真状态、界面展示或外部 Agent 分析。","SI 单位；仅在有效性条件满足时使用。外部接口不可据此发送控制命令。"
"events","结果","WeaponEngagementEvent.Outcome","WeaponEngagementOutcome","string","int32 little-endian","枚举","见枚举","见枚举","Rejected | Miss | Hit","否","上级快照 valid / 字段定义域","即时","事件总线","IFlightDataHub.TryReadEvent","WeaponEngagementEvent.Outcome / int32 little-endian","event[domain=weaponEngagementEvent].payload.Outcome","events.csv:Outcome","Rejected","2.0.0 / Contract 2","结果（WeaponEngagementEvent.Outcome）由事件总线发布，用于只读仿真状态、界面展示或外部 Agent 分析。","SI 单位；仅在有效性条件满足时使用。外部接口不可据此发送控制命令。"
"events","原因","WeaponEngagementEvent.Reason","string","string","UTF-8 定长或长度前缀","无量纲","由模型定义","由模型定义","-","是","上级快照 valid / 字段定义域","即时","事件总线","IFlightDataHub.TryReadEvent","WeaponEngagementEvent.Reason / UTF-8 定长或长度前缀","event[domain=weaponEngagementEvent].payload.Reason","events.csv:Reason","示例","2.0.0 / Contract 2","原因（WeaponEngagementEvent.Reason）由事件总线发布，用于只读仿真状态、界面展示或外部 Agent 分析。","SI 单位；仅在有效性条件满足时使用。外部接口不可据此发送控制命令。"
"events","运行标识","WeaponEngagementEvent.RunId","string","string","UTF-8 定长或长度前缀","标识","由模型定义","由模型定义","-","是","上级快照 valid / 字段定义域","即时","事件总线","IFlightDataHub.TryReadEvent","WeaponEngagementEvent.RunId / UTF-8 定长或长度前缀","event[domain=weaponEngagementEvent].payload.RunId","events.csv:RunId","示例","2.0.0 / Contract 2","运行标识（WeaponEngagementEvent.RunId）由事件总线发布，用于只读仿真状态、界面展示或外部 Agent 分析。","SI 单位；仅在有效性条件满足时使用。外部接口不可据此发送控制命令。"
"events","发射方","WeaponEngagementEvent.Shooter","AircraftId","string","UTF-8 定长或长度前缀","无量纲","由模型定义","由模型定义","-","否","上级快照 valid / 字段定义域","即时","事件总线","IFlightDataHub.TryReadEvent","WeaponEngagementEvent.Shooter / UTF-8 定长或长度前缀","event[domain=weaponEngagementEvent].payload.Shooter","events.csv:Shooter","示例","2.0.0 / Contract 2","发射方（WeaponEngagementEvent.Shooter）由事件总线发布，用于只读仿真状态、界面展示或外部 Agent 分析。","SI 单位；仅在有效性条件满足时使用。外部接口不可据此发送控制命令。"
"events","仿真时间（秒）","WeaponEngagementEvent.SimulationTimeS","double","number","float64 little-endian","s","由模型定义","由模型定义","-","否","上级快照 valid / 字段定义域","即时","事件总线","IFlightDataHub.TryReadEvent","WeaponEngagementEvent.SimulationTimeS / float64 little-endian","event[domain=weaponEngagementEvent].payload.SimulationTimeS","events.csv:SimulationTimeS","0","2.0.0 / Contract 2","仿真时间（秒）（WeaponEngagementEvent.SimulationTimeS）由事件总线发布，用于只读仿真状态、界面展示或外部 Agent 分析。","SI 单位；仅在有效性条件满足时使用。外部接口不可据此发送控制命令。"
"events","挂点序号","WeaponEngagementEvent.StationIndex","int","number","int32 little-endian","无量纲","0 或 -1（未选择）","由容量定义","-","否","上级快照 valid / 字段定义域","即时","事件总线","IFlightDataHub.TryReadEvent","WeaponEngagementEvent.StationIndex / int32 little-endian","event[domain=weaponEngagementEvent].payload.StationIndex","events.csv:StationIndex","0","2.0.0 / Contract 2","挂点序号（WeaponEngagementEvent.StationIndex）由事件总线发布，用于只读仿真状态、界面展示或外部 Agent 分析。","SI 单位；仅在有效性条件满足时使用。外部接口不可据此发送控制命令。"
"events","目标","WeaponEngagementEvent.Target","AircraftId","string","UTF-8 定长或长度前缀","无量纲","由模型定义","由模型定义","-","否","上级快照 valid / 字段定义域","即时","事件总线","IFlightDataHub.TryReadEvent","WeaponEngagementEvent.Target / UTF-8 定长或长度前缀","event[domain=weaponEngagementEvent].payload.Target","events.csv:Target","示例","2.0.0 / Contract 2","目标（WeaponEngagementEvent.Target）由事件总线发布，用于只读仿真状态、界面展示或外部 Agent 分析。","SI 单位；仅在有效性条件满足时使用。外部接口不可据此发送控制命令。"
"events","时间至命中秒","WeaponEngagementEvent.TimeToImpactS","double","number","float64 little-endian","无量纲","由模型定义","由模型定义","-","否","上级快照 valid / 字段定义域","即时","事件总线","IFlightDataHub.TryReadEvent","WeaponEngagementEvent.TimeToImpactS / float64 little-endian","event[domain=weaponEngagementEvent].payload.TimeToImpactS","events.csv:TimeToImpactS","0","2.0.0 / Contract 2","时间至命中秒（WeaponEngagementEvent.TimeToImpactS）由事件总线发布，用于只读仿真状态、界面展示或外部 Agent 分析。","SI 单位；仅在有效性条件满足时使用。外部接口不可据此发送控制命令。"
"events","武器类型","WeaponEngagementEvent.WeaponType","string","string","UTF-8 定长或长度前缀","无量纲","由模型定义","由模型定义","-","是","上级快照 valid / 字段定义域","即时","事件总线","IFlightDataHub.TryReadEvent","WeaponEngagementEvent.WeaponType / UTF-8 定长或长度前缀","event[domain=weaponEngagementEvent].payload.WeaponType","events.csv:WeaponType","示例","2.0.0 / Contract 2","武器类型（WeaponEngagementEvent.WeaponType）由事件总线发布，用于只读仿真状态、界面展示或外部 Agent 分析。","SI 单位；仅在有效性条件满足时使用。外部接口不可据此发送控制命令。"
"flight","离地高度（米）","AircraftFastState.AboveGroundLevelAltitudeM","double","number","float64 little-endian","m","由模型定义","由模型定义","-","否","上级快照 valid / 字段定义域","50 Hz","飞行动力学","IFlightDataHub.TryGetAircraft","FastState.AboveGroundLevelAltitudeM / float64 little-endian","data[domain=fastState].payload.AboveGroundLevelAltitudeM","flight.csv:AboveGroundLevelAltitudeM","2765.0","2.0.0 / Contract 2","离地高度（米）（AircraftFastState.AboveGroundLevelAltitudeM）由飞行动力学发布，用于只读仿真状态、界面展示或外部 Agent 分析。","SI 单位；仅在有效性条件满足时使用。外部接口不可据此发送控制命令。"
"flight","飞机","AircraftFastState.Aircraft","AircraftId","string","UTF-8 定长或长度前缀","标识","由模型定义","由模型定义","-","否","上级快照 valid / 字段定义域","50 Hz","飞行动力学","IFlightDataHub.TryGetAircraft","FastState.Aircraft / UTF-8 定长或长度前缀","data[domain=fastState].payload.Aircraft","flight.csv:Aircraft","VIPER-01","2.0.0 / Contract 2","飞机（AircraftFastState.Aircraft）由飞行动力学发布，用于只读仿真状态、界面展示或外部 Agent 分析。","SI 单位；仅在有效性条件满足时使用。外部接口不可据此发送控制命令。"
"flight","迎角（弧度）","AircraftFastState.AngleOfAttackRad","double","number","float64 little-endian","rad","由模型定义","由模型定义","-","否","上级快照 valid / 字段定义域","50 Hz","飞行动力学","IFlightDataHub.TryGetAircraft","FastState.AngleOfAttackRad / float64 little-endian","data[domain=fastState].payload.AngleOfAttackRad","flight.csv:AngleOfAttackRad","0.523599","2.0.0 / Contract 2","迎角（弧度）（AircraftFastState.AngleOfAttackRad）由飞行动力学发布，用于只读仿真状态、界面展示或外部 Agent 分析。","SI 单位；仅在有效性条件满足时使用。外部接口不可据此发送控制命令。"
"flight","机体角速度X弧度每秒","AircraftFastState.BodyAngularVelocityXRadps","double","number","float64 little-endian","rad/s","由模型定义","由模型定义","-","否","上级快照 valid / 字段定义域","50 Hz","飞行动力学","IFlightDataHub.TryGetAircraft","FastState.BodyAngularVelocityXRadps / float64 little-endian","data[domain=fastState].payload.BodyAngularVelocityXRadps","flight.csv:BodyAngularVelocityXRadps","0","2.0.0 / Contract 2","机体角速度X弧度每秒（AircraftFastState.BodyAngularVelocityXRadps）由飞行动力学发布，用于只读仿真状态、界面展示或外部 Agent 分析。","SI 单位；仅在有效性条件满足时使用。外部接口不可据此发送控制命令。"
"flight","机体角速度Y弧度每秒","AircraftFastState.BodyAngularVelocityYRadps","double","number","float64 little-endian","rad/s","由模型定义","由模型定义","-","否","上级快照 valid / 字段定义域","50 Hz","飞行动力学","IFlightDataHub.TryGetAircraft","FastState.BodyAngularVelocityYRadps / float64 little-endian","data[domain=fastState].payload.BodyAngularVelocityYRadps","flight.csv:BodyAngularVelocityYRadps","0","2.0.0 / Contract 2","机体角速度Y弧度每秒（AircraftFastState.BodyAngularVelocityYRadps）由飞行动力学发布，用于只读仿真状态、界面展示或外部 Agent 分析。","SI 单位；仅在有效性条件满足时使用。外部接口不可据此发送控制命令。"
"flight","机体角速度Z弧度每秒","AircraftFastState.BodyAngularVelocityZRadps","double","number","float64 little-endian","rad/s","由模型定义","由模型定义","-","否","上级快照 valid / 字段定义域","50 Hz","飞行动力学","IFlightDataHub.TryGetAircraft","FastState.BodyAngularVelocityZRadps / float64 little-endian","data[domain=fastState].payload.BodyAngularVelocityZRadps","flight.csv:BodyAngularVelocityZRadps","0","2.0.0 / Contract 2","机体角速度Z弧度每秒（AircraftFastState.BodyAngularVelocityZRadps）由飞行动力学发布，用于只读仿真状态、界面展示或外部 Agent 分析。","SI 单位；仅在有效性条件满足时使用。外部接口不可据此发送控制命令。"
"flight","机体至地心地固坐标四元数W","AircraftFastState.BodyToEcefQuaternionW","double","number","float64 little-endian","无量纲","由模型定义","由模型定义","-","否","上级快照 valid / 字段定义域","50 Hz","飞行动力学","IFlightDataHub.TryGetAircraft","FastState.BodyToEcefQuaternionW / float64 little-endian","data[domain=fastState].payload.BodyToEcefQuaternionW","flight.csv:BodyToEcefQuaternionW","0","2.0.0 / Contract 2","机体至地心地固坐标四元数W（AircraftFastState.BodyToEcefQuaternionW）由飞行动力学发布，用于只读仿真状态、界面展示或外部 Agent 分析。","SI 单位；仅在有效性条件满足时使用。外部接口不可据此发送控制命令。"
"flight","机体至地心地固坐标四元数X","AircraftFastState.BodyToEcefQuaternionX","double","number","float64 little-endian","无量纲","由模型定义","由模型定义","-","否","上级快照 valid / 字段定义域","50 Hz","飞行动力学","IFlightDataHub.TryGetAircraft","FastState.BodyToEcefQuaternionX / float64 little-endian","data[domain=fastState].payload.BodyToEcefQuaternionX","flight.csv:BodyToEcefQuaternionX","0","2.0.0 / Contract 2","机体至地心地固坐标四元数X（AircraftFastState.BodyToEcefQuaternionX）由飞行动力学发布，用于只读仿真状态、界面展示或外部 Agent 分析。","SI 单位；仅在有效性条件满足时使用。外部接口不可据此发送控制命令。"
"flight","机体至地心地固坐标四元数Y","AircraftFastState.BodyToEcefQuaternionY","double","number","float64 little-endian","无量纲","由模型定义","由模型定义","-","否","上级快照 valid / 字段定义域","50 Hz","飞行动力学","IFlightDataHub.TryGetAircraft","FastState.BodyToEcefQuaternionY / float64 little-endian","data[domain=fastState].payload.BodyToEcefQuaternionY","flight.csv:BodyToEcefQuaternionY","0","2.0.0 / Contract 2","机体至地心地固坐标四元数Y（AircraftFastState.BodyToEcefQuaternionY）由飞行动力学发布，用于只读仿真状态、界面展示或外部 Agent 分析。","SI 单位；仅在有效性条件满足时使用。外部接口不可据此发送控制命令。"
"flight","机体至地心地固坐标四元数Z","AircraftFastState.BodyToEcefQuaternionZ","double","number","float64 little-endian","无量纲","由模型定义","由模型定义","-","否","上级快照 valid / 字段定义域","50 Hz","飞行动力学","IFlightDataHub.TryGetAircraft","FastState.BodyToEcefQuaternionZ / float64 little-endian","data[domain=fastState].payload.BodyToEcefQuaternionZ","flight.csv:BodyToEcefQuaternionZ","0","2.0.0 / Contract 2","机体至地心地固坐标四元数Z（AircraftFastState.BodyToEcefQuaternionZ）由飞行动力学发布，用于只读仿真状态、界面展示或外部 Agent 分析。","SI 单位；仅在有效性条件满足时使用。外部接口不可据此发送控制命令。"
"flight","机体速度X米每秒","AircraftFastState.BodyVelocityXMps","double","number","float64 little-endian","m/s","由模型定义","由模型定义","-","否","上级快照 valid / 字段定义域","50 Hz","飞行动力学","IFlightDataHub.TryGetAircraft","FastState.BodyVelocityXMps / float64 little-endian","data[domain=fastState].payload.BodyVelocityXMps","flight.csv:BodyVelocityXMps","150.0","2.0.0 / Contract 2","机体速度X米每秒（AircraftFastState.BodyVelocityXMps）由飞行动力学发布，用于只读仿真状态、界面展示或外部 Agent 分析。","SI 单位；仅在有效性条件满足时使用。外部接口不可据此发送控制命令。"
"flight","机体速度Y米每秒","AircraftFastState.BodyVelocityYMps","double","number","float64 little-endian","m/s","由模型定义","由模型定义","-","否","上级快照 valid / 字段定义域","50 Hz","飞行动力学","IFlightDataHub.TryGetAircraft","FastState.BodyVelocityYMps / float64 little-endian","data[domain=fastState].payload.BodyVelocityYMps","flight.csv:BodyVelocityYMps","150.0","2.0.0 / Contract 2","机体速度Y米每秒（AircraftFastState.BodyVelocityYMps）由飞行动力学发布，用于只读仿真状态、界面展示或外部 Agent 分析。","SI 单位；仅在有效性条件满足时使用。外部接口不可据此发送控制命令。"
"flight","机体速度Z米每秒","AircraftFastState.BodyVelocityZMps","double","number","float64 little-endian","m/s","由模型定义","由模型定义","-","否","上级快照 valid / 字段定义域","50 Hz","飞行动力学","IFlightDataHub.TryGetAircraft","FastState.BodyVelocityZMps / float64 little-endian","data[domain=fastState].payload.BodyVelocityZMps","flight.csv:BodyVelocityZMps","150.0","2.0.0 / Contract 2","机体速度Z米每秒（AircraftFastState.BodyVelocityZMps）由飞行动力学发布，用于只读仿真状态、界面展示或外部 Agent 分析。","SI 单位；仅在有效性条件满足时使用。外部接口不可据此发送控制命令。"
"flight","校准空速米每秒","AircraftFastState.CalibratedAirspeedMps","double","number","float64 little-endian","m/s","由模型定义","由模型定义","-","否","上级快照 valid / 字段定义域","50 Hz","飞行动力学","IFlightDataHub.TryGetAircraft","FastState.CalibratedAirspeedMps / float64 little-endian","data[domain=fastState].payload.CalibratedAirspeedMps","flight.csv:CalibratedAirspeedMps","150.0","2.0.0 / Contract 2","校准空速米每秒（AircraftFastState.CalibratedAirspeedMps）由飞行动力学发布，用于只读仿真状态、界面展示或外部 Agent 分析。","SI 单位；仅在有效性条件满足时使用。外部接口不可据此发送控制命令。"
"flight","爬升倍率米每秒","AircraftFastState.ClimbRateMps","double","number","float64 little-endian","m/s","由模型定义","由模型定义","-","否","上级快照 valid / 字段定义域","50 Hz","飞行动力学","IFlightDataHub.TryGetAircraft","FastState.ClimbRateMps / float64 little-endian","data[domain=fastState].payload.ClimbRateMps","flight.csv:ClimbRateMps","150.0","2.0.0 / Contract 2","爬升倍率米每秒（AircraftFastState.ClimbRateMps）由飞行动力学发布，用于只读仿真状态、界面展示或外部 Agent 分析。","SI 单位；仅在有效性条件满足时使用。外部接口不可据此发送控制命令。"
"flight","地心地固坐标位置X（米）","AircraftFastState.EcefPositionXM","double","number","float64 little-endian","m","由模型定义","由模型定义","-","否","上级快照 valid / 字段定义域","50 Hz","飞行动力学","IFlightDataHub.TryGetAircraft","FastState.EcefPositionXM / float64 little-endian","data[domain=fastState].payload.EcefPositionXM","flight.csv:EcefPositionXM","2765.0","2.0.0 / Contract 2","地心地固坐标位置X（米）（AircraftFastState.EcefPositionXM）由飞行动力学发布，用于只读仿真状态、界面展示或外部 Agent 分析。","SI 单位；仅在有效性条件满足时使用。外部接口不可据此发送控制命令。"
"flight","地心地固坐标位置Y（米）","AircraftFastState.EcefPositionYM","double","number","float64 little-endian","m","由模型定义","由模型定义","-","否","上级快照 valid / 字段定义域","50 Hz","飞行动力学","IFlightDataHub.TryGetAircraft","FastState.EcefPositionYM / float64 little-endian","data[domain=fastState].payload.EcefPositionYM","flight.csv:EcefPositionYM","2765.0","2.0.0 / Contract 2","地心地固坐标位置Y（米）（AircraftFastState.EcefPositionYM）由飞行动力学发布，用于只读仿真状态、界面展示或外部 Agent 分析。","SI 单位；仅在有效性条件满足时使用。外部接口不可据此发送控制命令。"
"flight","地心地固坐标位置Z（米）","AircraftFastState.EcefPositionZM","double","number","float64 little-endian","m","由模型定义","由模型定义","-","否","上级快照 valid / 字段定义域","50 Hz","飞行动力学","IFlightDataHub.TryGetAircraft","FastState.EcefPositionZM / float64 little-endian","data[domain=fastState].payload.EcefPositionZM","flight.csv:EcefPositionZM","2765.0","2.0.0 / Contract 2","地心地固坐标位置Z（米）（AircraftFastState.EcefPositionZM）由飞行动力学发布，用于只读仿真状态、界面展示或外部 Agent 分析。","SI 单位；仅在有效性条件满足时使用。外部接口不可据此发送控制命令。"
"flight","地心地固坐标速度X米每秒","AircraftFastState.EcefVelocityXMps","double","number","float64 little-endian","m/s","由模型定义","由模型定义","-","否","上级快照 valid / 字段定义域","50 Hz","飞行动力学","IFlightDataHub.TryGetAircraft","FastState.EcefVelocityXMps / float64 little-endian","data[domain=fastState].payload.EcefVelocityXMps","flight.csv:EcefVelocityXMps","150.0","2.0.0 / Contract 2","地心地固坐标速度X米每秒（AircraftFastState.EcefVelocityXMps）由飞行动力学发布，用于只读仿真状态、界面展示或外部 Agent 分析。","SI 单位；仅在有效性条件满足时使用。外部接口不可据此发送控制命令。"
"flight","地心地固坐标速度Y米每秒","AircraftFastState.EcefVelocityYMps","double","number","float64 little-endian","m/s","由模型定义","由模型定义","-","否","上级快照 valid / 字段定义域","50 Hz","飞行动力学","IFlightDataHub.TryGetAircraft","FastState.EcefVelocityYMps / float64 little-endian","data[domain=fastState].payload.EcefVelocityYMps","flight.csv:EcefVelocityYMps","150.0","2.0.0 / Contract 2","地心地固坐标速度Y米每秒（AircraftFastState.EcefVelocityYMps）由飞行动力学发布，用于只读仿真状态、界面展示或外部 Agent 分析。","SI 单位；仅在有效性条件满足时使用。外部接口不可据此发送控制命令。"
"flight","地心地固坐标速度Z米每秒","AircraftFastState.EcefVelocityZMps","double","number","float64 little-endian","m/s","由模型定义","由模型定义","-","否","上级快照 valid / 字段定义域","50 Hz","飞行动力学","IFlightDataHub.TryGetAircraft","FastState.EcefVelocityZMps / float64 little-endian","data[domain=fastState].payload.EcefVelocityZMps","flight.csv:EcefVelocityZMps","150.0","2.0.0 / Contract 2","地心地固坐标速度Z米每秒（AircraftFastState.EcefVelocityZMps）由飞行动力学发布，用于只读仿真状态、界面展示或外部 Agent 分析。","SI 单位；仅在有效性条件满足时使用。外部接口不可据此发送控制命令。"
"flight","椭球高度米","AircraftFastState.EllipsoidHeightM","double","number","float64 little-endian","m","由模型定义","由模型定义","-","否","上级快照 valid / 字段定义域","50 Hz","飞行动力学","IFlightDataHub.TryGetAircraft","FastState.EllipsoidHeightM / float64 little-endian","data[domain=fastState].payload.EllipsoidHeightM","flight.csv:EllipsoidHeightM","2765.0","2.0.0 / Contract 2","椭球高度米（AircraftFastState.EllipsoidHeightM）由飞行动力学发布，用于只读仿真状态、界面展示或外部 Agent 分析。","SI 单位；仅在有效性条件满足时使用。外部接口不可据此发送控制命令。"
"flight","地面速度米每秒","AircraftFastState.GroundSpeedMps","double","number","float64 little-endian","m/s","由模型定义","由模型定义","-","否","上级快照 valid / 字段定义域","50 Hz","飞行动力学","IFlightDataHub.TryGetAircraft","FastState.GroundSpeedMps / float64 little-endian","data[domain=fastState].payload.GroundSpeedMps","flight.csv:GroundSpeedMps","150.0","2.0.0 / Contract 2","地面速度米每秒（AircraftFastState.GroundSpeedMps）由飞行动力学发布，用于只读仿真状态、界面展示或外部 Agent 分析。","SI 单位；仅在有效性条件满足时使用。外部接口不可据此发送控制命令。"
"flight","航向弧度","AircraftFastState.HeadingRad","double","number","float64 little-endian","rad","由模型定义","由模型定义","-","否","上级快照 valid / 字段定义域","50 Hz","飞行动力学","IFlightDataHub.TryGetAircraft","FastState.HeadingRad / float64 little-endian","data[domain=fastState].payload.HeadingRad","flight.csv:HeadingRad","0.523599","2.0.0 / Contract 2","航向弧度（AircraftFastState.HeadingRad）由飞行动力学发布，用于只读仿真状态、界面展示或外部 Agent 分析。","SI 单位；仅在有效性条件满足时使用。外部接口不可据此发送控制命令。"
"flight","纬度弧度","AircraftFastState.LatitudeRad","double","number","float64 little-endian","rad","由模型定义","由模型定义","-","否","上级快照 valid / 字段定义域","50 Hz","飞行动力学","IFlightDataHub.TryGetAircraft","FastState.LatitudeRad / float64 little-endian","data[domain=fastState].payload.LatitudeRad","flight.csv:LatitudeRad","0.523599","2.0.0 / Contract 2","纬度弧度（AircraftFastState.LatitudeRad）由飞行动力学发布，用于只读仿真状态、界面展示或外部 Agent 分析。","SI 单位；仅在有效性条件满足时使用。外部接口不可据此发送控制命令。"
"flight","经度弧度","AircraftFastState.LongitudeRad","double","number","float64 little-endian","rad","由模型定义","由模型定义","-","否","上级快照 valid / 字段定义域","50 Hz","飞行动力学","IFlightDataHub.TryGetAircraft","FastState.LongitudeRad / float64 little-endian","data[domain=fastState].payload.LongitudeRad","flight.csv:LongitudeRad","0.523599","2.0.0 / Contract 2","经度弧度（AircraftFastState.LongitudeRad）由飞行动力学发布，用于只读仿真状态、界面展示或外部 Agent 分析。","SI 单位；仅在有效性条件满足时使用。外部接口不可据此发送控制命令。"
"flight","马赫数","AircraftFastState.Mach","double","number","float64 little-endian","无量纲","由模型定义","由模型定义","-","否","上级快照 valid / 字段定义域","50 Hz","飞行动力学","IFlightDataHub.TryGetAircraft","FastState.Mach / float64 little-endian","data[domain=fastState].payload.Mach","flight.csv:Mach","0","2.0.0 / Contract 2","马赫数（AircraftFastState.Mach）由飞行动力学发布，用于只读仿真状态、界面展示或外部 Agent 分析。","SI 单位；仅在有效性条件满足时使用。外部接口不可据此发送控制命令。"
"flight","平均海平面级别高度米","AircraftFastState.MeanSeaLevelAltitudeM","double","number","float64 little-endian","m","由模型定义","由模型定义","-","否","上级快照 valid / 字段定义域","50 Hz","飞行动力学","IFlightDataHub.TryGetAircraft","FastState.MeanSeaLevelAltitudeM / float64 little-endian","data[domain=fastState].payload.MeanSeaLevelAltitudeM","flight.csv:MeanSeaLevelAltitudeM","2765.0","2.0.0 / Contract 2","平均海平面级别高度米（AircraftFastState.MeanSeaLevelAltitudeM）由飞行动力学发布，用于只读仿真状态、界面展示或外部 Agent 分析。","SI 单位；仅在有效性条件满足时使用。外部接口不可据此发送控制命令。"
"flight","法向载荷系数G","AircraftFastState.NormalLoadFactorG","double","number","float64 little-endian","g","由模型定义","由模型定义","-","否","上级快照 valid / 字段定义域","50 Hz","飞行动力学","IFlightDataHub.TryGetAircraft","FastState.NormalLoadFactorG / float64 little-endian","data[domain=fastState].payload.NormalLoadFactorG","flight.csv:NormalLoadFactorG","0","2.0.0 / Contract 2","法向载荷系数G（AircraftFastState.NormalLoadFactorG）由飞行动力学发布，用于只读仿真状态、界面展示或外部 Agent 分析。","SI 单位；仅在有效性条件满足时使用。外部接口不可据此发送控制命令。"
"flight","俯仰弧度","AircraftFastState.PitchRad","double","number","float64 little-endian","rad","由模型定义","由模型定义","-","否","上级快照 valid / 字段定义域","50 Hz","飞行动力学","IFlightDataHub.TryGetAircraft","FastState.PitchRad / float64 little-endian","data[domain=fastState].payload.PitchRad","flight.csv:PitchRad","0.523599","2.0.0 / Contract 2","俯仰弧度（AircraftFastState.PitchRad）由飞行动力学发布，用于只读仿真状态、界面展示或外部 Agent 分析。","SI 单位；仅在有效性条件满足时使用。外部接口不可据此发送控制命令。"
"flight","滚转弧度","AircraftFastState.RollRad","double","number","float64 little-endian","rad","由模型定义","由模型定义","-","否","上级快照 valid / 字段定义域","50 Hz","飞行动力学","IFlightDataHub.TryGetAircraft","FastState.RollRad / float64 little-endian","data[domain=fastState].payload.RollRad","flight.csv:RollRad","0.523599","2.0.0 / Contract 2","滚转弧度（AircraftFastState.RollRad）由飞行动力学发布，用于只读仿真状态、界面展示或外部 Agent 分析。","SI 单位；仅在有效性条件满足时使用。外部接口不可据此发送控制命令。"
"flight","侧滑弧度","AircraftFastState.SideslipRad","double","number","float64 little-endian","rad","由模型定义","由模型定义","-","否","上级快照 valid / 字段定义域","50 Hz","飞行动力学","IFlightDataHub.TryGetAircraft","FastState.SideslipRad / float64 little-endian","data[domain=fastState].payload.SideslipRad","flight.csv:SideslipRad","0.523599","2.0.0 / Contract 2","侧滑弧度（AircraftFastState.SideslipRad）由飞行动力学发布，用于只读仿真状态、界面展示或外部 Agent 分析。","SI 单位；仅在有效性条件满足时使用。外部接口不可据此发送控制命令。"
"flight","仿真时间（秒）","AircraftFastState.SimulationTimeS","double","number","float64 little-endian","s","由模型定义","由模型定义","-","否","上级快照 valid / 字段定义域","50 Hz","飞行动力学","IFlightDataHub.TryGetAircraft","FastState.SimulationTimeS / float64 little-endian","data[domain=fastState].payload.SimulationTimeS","flight.csv:SimulationTimeS","0","2.0.0 / Contract 2","仿真时间（秒）（AircraftFastState.SimulationTimeS）由飞行动力学发布，用于只读仿真状态、界面展示或外部 Agent 分析。","SI 单位；仅在有效性条件满足时使用。外部接口不可据此发送控制命令。"
"flight","地形采样时效秒","AircraftFastState.TerrainSampleAgeS","double","number","float64 little-endian","s","由模型定义","由模型定义","-","否","上级快照 valid / 字段定义域","50 Hz","飞行动力学","IFlightDataHub.TryGetAircraft","FastState.TerrainSampleAgeS / float64 little-endian","data[domain=fastState].payload.TerrainSampleAgeS","flight.csv:TerrainSampleAgeS","0","2.0.0 / Contract 2","地形采样时效秒（AircraftFastState.TerrainSampleAgeS）由飞行动力学发布，用于只读仿真状态、界面展示或外部 Agent 分析。","SI 单位；仅在有效性条件满足时使用。外部接口不可据此发送控制命令。"
"flight","地形采样有效","AircraftFastState.TerrainSampleValid","bool","boolean","uint8 (0/1)","布尔","false","true","-","否","上级快照 valid / 字段定义域","50 Hz","飞行动力学","IFlightDataHub.TryGetAircraft","FastState.TerrainSampleValid / uint8 (0/1)","data[domain=fastState].payload.TerrainSampleValid","flight.csv:TerrainSampleValid","true","2.0.0 / Contract 2","地形采样有效（AircraftFastState.TerrainSampleValid）由飞行动力学发布，用于只读仿真状态、界面展示或外部 Agent 分析。","SI 单位；仅在有效性条件满足时使用。外部接口不可据此发送控制命令。"
"flight","节拍","AircraftFastState.Tick","ulong","number","uint64 little-endian","无量纲","由模型定义","由模型定义","-","否","上级快照 valid / 字段定义域","50 Hz","飞行动力学","IFlightDataHub.TryGetAircraft","FastState.Tick / uint64 little-endian","data[domain=fastState].payload.Tick","flight.csv:Tick","0","2.0.0 / Contract 2","节拍（AircraftFastState.Tick）由飞行动力学发布，用于只读仿真状态、界面展示或外部 Agent 分析。","SI 单位；仅在有效性条件满足时使用。外部接口不可据此发送控制命令。"
"flight","真空速米每秒","AircraftFastState.TrueAirspeedMps","double","number","float64 little-endian","m/s","由模型定义","由模型定义","-","否","上级快照 valid / 字段定义域","50 Hz","飞行动力学","IFlightDataHub.TryGetAircraft","FastState.TrueAirspeedMps / float64 little-endian","data[domain=fastState].payload.TrueAirspeedMps","flight.csv:TrueAirspeedMps","150.0","2.0.0 / Contract 2","真空速米每秒（AircraftFastState.TrueAirspeedMps）由飞行动力学发布，用于只读仿真状态、界面展示或外部 Agent 分析。","SI 单位；仅在有效性条件满足时使用。外部接口不可据此发送控制命令。"
"health","飞机容量","FlightDataHealth.AircraftCapacity","int","number","int32 little-endian","标识","由模型定义","由模型定义","-","否","上级快照 valid / 字段定义域","5 Hz","平台监控","IFlightDataHub.GetHealth","未编码（仅 NDJSON/CSV）","未直接发布（Unity 进程内）","health.csv:AircraftCapacity","0","2.0.0 / Contract 2","飞机容量（FlightDataHealth.AircraftCapacity）由平台监控发布，用于只读仿真状态、界面展示或外部 Agent 分析。","SI 单位；仅在有效性条件满足时使用。外部接口不可据此发送控制命令。"
"health","事件容量","FlightDataHealth.EventCapacity","int","number","int32 little-endian","无量纲","由模型定义","由模型定义","-","否","上级快照 valid / 字段定义域","5 Hz","平台监控","IFlightDataHub.GetHealth","未编码（仅 NDJSON/CSV）","未直接发布（Unity 进程内）","health.csv:EventCapacity","0","2.0.0 / Contract 2","事件容量（FlightDataHealth.EventCapacity）由平台监控发布，用于只读仿真状态、界面展示或外部 Agent 分析。","SI 单位；仅在有效性条件满足时使用。外部接口不可据此发送控制命令。"
"health","事件数量","FlightDataHealth.EventCount","int","number","int32 little-endian","无量纲","0 或 -1（未选择）","由容量定义","-","否","上级快照 valid / 字段定义域","5 Hz","平台监控","IFlightDataHub.GetHealth","未编码（仅 NDJSON/CSV）","未直接发布（Unity 进程内）","health.csv:EventCount","0","2.0.0 / Contract 2","事件数量（FlightDataHealth.EventCount）由平台监控发布，用于只读仿真状态、界面展示或外部 Agent 分析。","SI 单位；仅在有效性条件满足时使用。外部接口不可据此发送控制命令。"
"health","是否包含任务","FlightDataHealth.HasMission","bool","boolean","uint8 (0/1)","布尔","false","true","-","否","上级快照 valid / 字段定义域","5 Hz","平台监控","IFlightDataHub.GetHealth","未编码（仅 NDJSON/CSV）","未直接发布（Unity 进程内）","health.csv:HasMission","true","2.0.0 / Contract 2","是否包含任务（FlightDataHealth.HasMission）由平台监控发布，用于只读仿真状态、界面展示或外部 Agent 分析。","SI 单位；仅在有效性条件满足时使用。外部接口不可据此发送控制命令。"
"health","最新事件序号","FlightDataHealth.NewestEventSequence","ulong","number","uint64 little-endian","无量纲","由模型定义","由模型定义","-","否","上级快照 valid / 字段定义域","5 Hz","平台监控","IFlightDataHub.GetHealth","未编码（仅 NDJSON/CSV）","未直接发布（Unity 进程内）","health.csv:NewestEventSequence","0","2.0.0 / Contract 2","最新事件序号（FlightDataHealth.NewestEventSequence）由平台监控发布，用于只读仿真状态、界面展示或外部 Agent 分析。","SI 单位；仅在有效性条件满足时使用。外部接口不可据此发送控制命令。"
"health","最早事件序号","FlightDataHealth.OldestEventSequence","ulong","number","uint64 little-endian","无量纲","由模型定义","由模型定义","-","否","上级快照 valid / 字段定义域","5 Hz","平台监控","IFlightDataHub.GetHealth","未编码（仅 NDJSON/CSV）","未直接发布（Unity 进程内）","health.csv:OldestEventSequence","0","2.0.0 / Contract 2","最早事件序号（FlightDataHealth.OldestEventSequence）由平台监控发布，用于只读仿真状态、界面展示或外部 Agent 分析。","SI 单位；仅在有效性条件满足时使用。外部接口不可据此发送控制命令。"
"health","拒绝飞机数量","FlightDataHealth.RejectedAircraftCount","int","number","int32 little-endian","标识","0 或 -1（未选择）","由容量定义","-","否","上级快照 valid / 字段定义域","5 Hz","平台监控","IFlightDataHub.GetHealth","未编码（仅 NDJSON/CSV）","未直接发布（Unity 进程内）","health.csv:RejectedAircraftCount","0","2.0.0 / Contract 2","拒绝飞机数量（FlightDataHealth.RejectedAircraftCount）由平台监控发布，用于只读仿真状态、界面展示或外部 Agent 分析。","SI 单位；仅在有效性条件满足时使用。外部接口不可据此发送控制命令。"
"health","丢弃连续帧","TelemetryPublisherHealth.DroppedContinuousFrames","Int64","number","嵌套结构顺序编码","无量纲","由模型定义","由模型定义","-","否","上级快照 valid / 字段定义域","5 Hz","平台监控","IFlightDataHub.GetHealth","未编码（仅 NDJSON/CSV）","data[domain=health].payload.DroppedContinuousFrames","health.csv:DroppedContinuousFrames","0","2.0.0 / Contract 2","丢弃连续帧（TelemetryPublisherHealth.DroppedContinuousFrames）由平台监控发布，用于只读仿真状态、界面展示或外部 Agent 分析。","SI 单位；仅在有效性条件满足时使用。外部接口不可据此发送控制命令。"
"health","事件溢出断开次数","TelemetryPublisherHealth.EventOverflowDisconnects","Int64","number","嵌套结构顺序编码","无量纲","由模型定义","由模型定义","-","否","上级快照 valid / 字段定义域","5 Hz","平台监控","IFlightDataHub.GetHealth","未编码（仅 NDJSON/CSV）","data[domain=health].payload.EventOverflowDisconnects","health.csv:EventOverflowDisconnects","0","2.0.0 / Contract 2","事件溢出断开次数（TelemetryPublisherHealth.EventOverflowDisconnects）由平台监控发布，用于只读仿真状态、界面展示或外部 Agent 分析。","SI 单位；仅在有效性条件满足时使用。外部接口不可据此发送控制命令。"
"health","是否运行","TelemetryPublisherHealth.IsRunning","bool","boolean","uint8 (0/1)","布尔","false","true","-","否","上级快照 valid / 字段定义域","5 Hz","平台监控","IFlightDataHub.GetHealth","未编码（仅 NDJSON/CSV）","data[domain=health].payload.IsRunning","health.csv:IsRunning","true","2.0.0 / Contract 2","是否运行（TelemetryPublisherHealth.IsRunning）由平台监控发布，用于只读仿真状态、界面展示或外部 Agent 分析。","SI 单位；仅在有效性条件满足时使用。外部接口不可据此发送控制命令。"
"health","最后仿真时间秒","TelemetryPublisherHealth.LastSimulationTimeS","double","number","float64 little-endian","s","由模型定义","由模型定义","-","否","上级快照 valid / 字段定义域","5 Hz","平台监控","IFlightDataHub.GetHealth","未编码（仅 NDJSON/CSV）","data[domain=health].payload.LastSimulationTimeS","health.csv:LastSimulationTimeS","0","2.0.0 / Contract 2","最后仿真时间秒（TelemetryPublisherHealth.LastSimulationTimeS）由平台监控发布，用于只读仿真状态、界面展示或外部 Agent 分析。","SI 单位；仅在有效性条件满足时使用。外部接口不可据此发送控制命令。"
"health","TCP可用","TelemetryPublisherHealth.TcpAvailable","bool","boolean","uint8 (0/1)","布尔","false","true","-","否","上级快照 valid / 字段定义域","5 Hz","平台监控","IFlightDataHub.GetHealth","未编码（仅 NDJSON/CSV）","data[domain=health].payload.TcpAvailable","health.csv:TcpAvailable","true","2.0.0 / Contract 2","TCP可用（TelemetryPublisherHealth.TcpAvailable）由平台监控发布，用于只读仿真状态、界面展示或外部 Agent 分析。","SI 单位；仅在有效性条件满足时使用。外部接口不可据此发送控制命令。"
"health","TCP客户端数量","TelemetryPublisherHealth.TcpClientCount","int","number","int32 little-endian","无量纲","0 或 -1（未选择）","由容量定义","-","否","上级快照 valid / 字段定义域","5 Hz","平台监控","IFlightDataHub.GetHealth","未编码（仅 NDJSON/CSV）","data[domain=health].payload.TcpClientCount","health.csv:TcpClientCount","0","2.0.0 / Contract 2","TCP客户端数量（TelemetryPublisherHealth.TcpClientCount）由平台监控发布，用于只读仿真状态、界面展示或外部 Agent 分析。","SI 单位；仅在有效性条件满足时使用。外部接口不可据此发送控制命令。"
"health","UDP可用","TelemetryPublisherHealth.UdpAvailable","bool","boolean","uint8 (0/1)","布尔","false","true","-","否","上级快照 valid / 字段定义域","5 Hz","平台监控","IFlightDataHub.GetHealth","未编码（仅 NDJSON/CSV）","data[domain=health].payload.UdpAvailable","health.csv:UdpAvailable","true","2.0.0 / Contract 2","UDP可用（TelemetryPublisherHealth.UdpAvailable）由平台监控发布，用于只读仿真状态、界面展示或外部 Agent 分析。","SI 单位；仅在有效性条件满足时使用。外部接口不可据此发送控制命令。"
"identity","飞机","AircraftIdentityState.Aircraft","AircraftId","string","UTF-8 定长或长度前缀","标识","由模型定义","由模型定义","-","否","上级快照 valid / 字段定义域","变化时 / 5 Hz","飞机注册","IFlightDataHub.TryGetAircraft","未编码（仅 NDJSON/CSV）","data[domain=identity].payload.Aircraft","identity.csv:Aircraft","VIPER-01","2.0.0 / Contract 2","飞机（AircraftIdentityState.Aircraft）由飞机注册发布，用于只读仿真状态、界面展示或外部 Agent 分析。","SI 单位；仅在有效性条件满足时使用。外部接口不可据此发送控制命令。"
"identity","呼号","AircraftIdentityState.Callsign","string","string","UTF-8 定长或长度前缀","无量纲","由模型定义","由模型定义","-","是","上级快照 valid / 字段定义域","变化时 / 5 Hz","飞机注册","IFlightDataHub.TryGetAircraft","未编码（仅 NDJSON/CSV）","data[domain=identity].payload.Callsign","identity.csv:Callsign","示例","2.0.0 / Contract 2","呼号（AircraftIdentityState.Callsign）由飞机注册发布，用于只读仿真状态、界面展示或外部 Agent 分析。","SI 单位；仅在有效性条件满足时使用。外部接口不可据此发送控制命令。"
"identity","角色","AircraftIdentityState.Role","AircraftRole","string","int32 little-endian","枚举","见枚举","见枚举","Player | Wingman | Escort | Interceptor | Patrol | Threat","否","上级快照 valid / 字段定义域","变化时 / 5 Hz","飞机注册","IFlightDataHub.TryGetAircraft","未编码（仅 NDJSON/CSV）","data[domain=identity].payload.Role","identity.csv:Role","Player","2.0.0 / Contract 2","角色（AircraftIdentityState.Role）由飞机注册发布，用于只读仿真状态、界面展示或外部 Agent 分析。","SI 单位；仅在有效性条件满足时使用。外部接口不可据此发送控制命令。"
"identity","阵营","AircraftIdentityState.Side","AircraftSide","string","int32 little-endian","枚举","见枚举","见枚举","Neutral | Friendly | Hostile","否","上级快照 valid / 字段定义域","变化时 / 5 Hz","飞机注册","IFlightDataHub.TryGetAircraft","未编码（仅 NDJSON/CSV）","data[domain=identity].payload.Side","identity.csv:Side","Neutral","2.0.0 / Contract 2","阵营（AircraftIdentityState.Side）由飞机注册发布，用于只读仿真状态、界面展示或外部 Agent 分析。","SI 单位；仅在有效性条件满足时使用。外部接口不可据此发送控制命令。"
"identity","仿真模型标识","AircraftIdentityState.SimulationModelId","string","string","UTF-8 定长或长度前缀","标识","由模型定义","由模型定义","-","是","上级快照 valid / 字段定义域","变化时 / 5 Hz","飞机注册","IFlightDataHub.TryGetAircraft","未编码（仅 NDJSON/CSV）","data[domain=identity].payload.SimulationModelId","identity.csv:SimulationModelId","示例","2.0.0 / Contract 2","仿真模型标识（AircraftIdentityState.SimulationModelId）由飞机注册发布，用于只读仿真状态、界面展示或外部 Agent 分析。","SI 单位；仅在有效性条件满足时使用。外部接口不可据此发送控制命令。"
"identity","视觉模型标识","AircraftIdentityState.VisualModelId","string","string","UTF-8 定长或长度前缀","标识","由模型定义","由模型定义","-","是","上级快照 valid / 字段定义域","变化时 / 5 Hz","飞机注册","IFlightDataHub.TryGetAircraft","未编码（仅 NDJSON/CSV）","data[domain=identity].payload.VisualModelId","identity.csv:VisualModelId","示例","2.0.0 / Contract 2","视觉模型标识（AircraftIdentityState.VisualModelId）由飞机注册发布，用于只读仿真状态、界面展示或外部 Agent 分析。","SI 单位；仅在有效性条件满足时使用。外部接口不可据此发送控制命令。"
"mission","当前目标数量","MissionState.ActiveObjectiveCount","int","number","int32 little-endian","无量纲","0 或 -1（未选择）","由容量定义","-","否","MissionState.IsValid","5 Hz","任务编排","IFlightDataHub.TryGetMission","MissionState.ActiveObjectiveCount / int32 little-endian","data[domain=missionState].payload.ActiveObjectiveCount","mission.csv:ActiveObjectiveCount","0","2.0.0 / Contract 2","当前目标数量（MissionState.ActiveObjectiveCount）由任务编排发布，用于只读仿真状态、界面展示或外部 Agent 分析。","SI 单位；仅在有效性条件满足时使用。外部接口不可据此发送控制命令。"
"mission","完成原因","MissionState.CompletionReason","string","string","UTF-8 定长或长度前缀","无量纲","由模型定义","由模型定义","-","是","MissionState.IsValid","5 Hz","任务编排","IFlightDataHub.TryGetMission","MissionState.CompletionReason / UTF-8 定长或长度前缀","data[domain=missionState].payload.CompletionReason","mission.csv:CompletionReason","示例","2.0.0 / Contract 2","完成原因（MissionState.CompletionReason）由任务编排发布，用于只读仿真状态、界面展示或外部 Agent 分析。","SI 单位；仅在有效性条件满足时使用。外部接口不可据此发送控制命令。"
"mission","已用时间秒","MissionState.ElapsedTimeS","double","number","float64 little-endian","s","由模型定义","由模型定义","-","否","MissionState.IsValid","5 Hz","任务编排","IFlightDataHub.TryGetMission","MissionState.ElapsedTimeS / float64 little-endian","data[domain=missionState].payload.ElapsedTimeS","mission.csv:ElapsedTimeS","0","2.0.0 / Contract 2","已用时间秒（MissionState.ElapsedTimeS）由任务编排发布，用于只读仿真状态、界面展示或外部 Agent 分析。","SI 单位；仅在有效性条件满足时使用。外部接口不可据此发送控制命令。"
"mission","失败目标数量","MissionState.FailedObjectiveCount","int","number","int32 little-endian","无量纲","0 或 -1（未选择）","由容量定义","-","否","MissionState.IsValid","5 Hz","任务编排","IFlightDataHub.TryGetMission","MissionState.FailedObjectiveCount / int32 little-endian","data[domain=missionState].payload.FailedObjectiveCount","mission.csv:FailedObjectiveCount","0","2.0.0 / Contract 2","失败目标数量（MissionState.FailedObjectiveCount）由任务编排发布，用于只读仿真状态、界面展示或外部 Agent 分析。","SI 单位；仅在有效性条件满足时使用。外部接口不可据此发送控制命令。"
"mission","数据是否有效","MissionState.IsValid","bool","boolean","uint8 (0/1)","布尔","false","true","-","否","自身布尔值","5 Hz","任务编排","IFlightDataHub.TryGetMission","MissionState.IsValid / uint8 (0/1)","data[domain=missionState].payload.IsValid","mission.csv:IsValid","true","2.0.0 / Contract 2","数据是否有效（MissionState.IsValid）由任务编排发布，用于只读仿真状态、界面展示或外部 Agent 分析。","SI 单位；仅在有效性条件满足时使用。外部接口不可据此发送控制命令。"
"mission","任务标识","MissionState.MissionId","string","string","UTF-8 定长或长度前缀","标识","由模型定义","由模型定义","-","是","MissionState.IsValid","5 Hz","任务编排","IFlightDataHub.TryGetMission","MissionState.MissionId / UTF-8 定长或长度前缀","data[domain=missionState].payload.MissionId","mission.csv:MissionId","示例","2.0.0 / Contract 2","任务标识（MissionState.MissionId）由任务编排发布，用于只读仿真状态、界面展示或外部 Agent 分析。","SI 单位；仅在有效性条件满足时使用。外部接口不可据此发送控制命令。"
"mission","阶段","MissionState.Phase","MissionPhase","string","int32 little-endian","枚举","见枚举","见枚举","None | Briefing | Running | Succeeded | Failed | Aborted","否","MissionState.IsValid","5 Hz","任务编排","IFlightDataHub.TryGetMission","MissionState.Phase / int32 little-endian","data[domain=missionState].payload.Phase","mission.csv:Phase","None","2.0.0 / Contract 2","阶段（MissionState.Phase）由任务编排发布，用于只读仿真状态、界面展示或外部 Agent 分析。","SI 单位；仅在有效性条件满足时使用。外部接口不可据此发送控制命令。"
"mission","剩余时间秒","MissionState.RemainingTimeS","double","number","float64 little-endian","s","由模型定义","由模型定义","-","否","MissionState.IsValid","5 Hz","任务编排","IFlightDataHub.TryGetMission","MissionState.RemainingTimeS / float64 little-endian","data[domain=missionState].payload.RemainingTimeS","mission.csv:RemainingTimeS","0","2.0.0 / Contract 2","剩余时间秒（MissionState.RemainingTimeS）由任务编排发布，用于只读仿真状态、界面展示或外部 Agent 分析。","SI 单位；仅在有效性条件满足时使用。外部接口不可据此发送控制命令。"
"mission","结果","MissionState.Result","MissionResult","string","int32 little-endian","枚举","见枚举","见枚举","None | Success | Failure | Aborted","否","MissionState.IsValid","5 Hz","任务编排","IFlightDataHub.TryGetMission","MissionState.Result / int32 little-endian","data[domain=missionState].payload.Result","mission.csv:Result","None","2.0.0 / Contract 2","结果（MissionState.Result）由任务编排发布，用于只读仿真状态、界面展示或外部 Agent 分析。","SI 单位；仅在有效性条件满足时使用。外部接口不可据此发送控制命令。"
"mission","运行标识","MissionState.RunId","string","string","UTF-8 定长或长度前缀","标识","由模型定义","由模型定义","-","是","MissionState.IsValid","5 Hz","任务编排","IFlightDataHub.TryGetMission","MissionState.RunId / UTF-8 定长或长度前缀","data[domain=missionState].payload.RunId","mission.csv:RunId","示例","2.0.0 / Contract 2","运行标识（MissionState.RunId）由任务编排发布，用于只读仿真状态、界面展示或外部 Agent 分析。","SI 单位；仅在有效性条件满足时使用。外部接口不可据此发送控制命令。"
"mission","架构版本","MissionState.SchemaVersion","int","number","int32 little-endian","无量纲","由模型定义","由模型定义","-","否","MissionState.IsValid","5 Hz","任务编排","IFlightDataHub.TryGetMission","MissionState.SchemaVersion / int32 little-endian","data[domain=missionState].payload.SchemaVersion","mission.csv:SchemaVersion","0","2.0.0 / Contract 2","架构版本（MissionState.SchemaVersion）由任务编排发布，用于只读仿真状态、界面展示或外部 Agent 分析。","SI 单位；仅在有效性条件满足时使用。外部接口不可据此发送控制命令。"
"mission","随机种子","MissionState.Seed","int","number","int32 little-endian","无量纲","由模型定义","由模型定义","-","否","MissionState.IsValid","5 Hz","任务编排","IFlightDataHub.TryGetMission","MissionState.Seed / int32 little-endian","data[domain=missionState].payload.Seed","mission.csv:Seed","0","2.0.0 / Contract 2","随机种子（MissionState.Seed）由任务编排发布，用于只读仿真状态、界面展示或外部 Agent 分析。","SI 单位；仅在有效性条件满足时使用。外部接口不可据此发送控制命令。"
"mission","仿真时间（秒）","MissionState.SimulationTimeS","double","number","float64 little-endian","s","由模型定义","由模型定义","-","否","MissionState.IsValid","5 Hz","任务编排","IFlightDataHub.TryGetMission","MissionState.SimulationTimeS / float64 little-endian","data[domain=missionState].payload.SimulationTimeS","mission.csv:SimulationTimeS","0","2.0.0 / Contract 2","仿真时间（秒）（MissionState.SimulationTimeS）由任务编排发布，用于只读仿真状态、界面展示或外部 Agent 分析。","SI 单位；仅在有效性条件满足时使用。外部接口不可据此发送控制命令。"
"mission","成功目标数量","MissionState.SucceededObjectiveCount","int","number","int32 little-endian","无量纲","0 或 -1（未选择）","由容量定义","-","否","MissionState.IsValid","5 Hz","任务编排","IFlightDataHub.TryGetMission","MissionState.SucceededObjectiveCount / int32 little-endian","data[domain=missionState].payload.SucceededObjectiveCount","mission.csv:SucceededObjectiveCount","0","2.0.0 / Contract 2","成功目标数量（MissionState.SucceededObjectiveCount）由任务编排发布，用于只读仿真状态、界面展示或外部 Agent 分析。","SI 单位；仅在有效性条件满足时使用。外部接口不可据此发送控制命令。"
"mission","节拍","MissionState.Tick","ulong","number","uint64 little-endian","无量纲","由模型定义","由模型定义","-","否","MissionState.IsValid","5 Hz","任务编排","IFlightDataHub.TryGetMission","MissionState.Tick / uint64 little-endian","data[domain=missionState].payload.Tick","mission.csv:Tick","0","2.0.0 / Contract 2","节拍（MissionState.Tick）由任务编排发布，用于只读仿真状态、界面展示或外部 Agent 分析。","SI 单位；仅在有效性条件满足时使用。外部接口不可据此发送控制命令。"
"objectives","当前数量","MissionObjectiveState.CurrentCount","int","number","int32 little-endian","无量纲","0 或 -1（未选择）","由容量定义","-","否","上级快照 valid / 字段定义域","5 Hz","任务编排","IFlightDataHub.TryGetMission","MissionObjectiveState.CurrentCount / int32 little-endian","data[domain=missionObjective].payload.CurrentCount","objectives.csv:CurrentCount","0","2.0.0 / Contract 2","当前数量（MissionObjectiveState.CurrentCount）由任务编排发布，用于只读仿真状态、界面展示或外部 Agent 分析。","SI 单位；仅在有效性条件满足时使用。外部接口不可据此发送控制命令。"
"objectives","截止时间秒","MissionObjectiveState.DeadlineS","double","number","float64 little-endian","无量纲","由模型定义","由模型定义","-","否","上级快照 valid / 字段定义域","5 Hz","任务编排","IFlightDataHub.TryGetMission","MissionObjectiveState.DeadlineS / float64 little-endian","data[domain=missionObjective].payload.DeadlineS","objectives.csv:DeadlineS","0","2.0.0 / Contract 2","截止时间秒（MissionObjectiveState.DeadlineS）由任务编排发布，用于只读仿真状态、界面展示或外部 Agent 分析。","SI 单位；仅在有效性条件满足时使用。外部接口不可据此发送控制命令。"
"objectives","显示名称","MissionObjectiveState.DisplayName","string","string","UTF-8 定长或长度前缀","无量纲","由模型定义","由模型定义","-","是","上级快照 valid / 字段定义域","5 Hz","任务编排","IFlightDataHub.TryGetMission","MissionObjectiveState.DisplayName / UTF-8 定长或长度前缀","data[domain=missionObjective].payload.DisplayName","objectives.csv:DisplayName","示例","2.0.0 / Contract 2","显示名称（MissionObjectiveState.DisplayName）由任务编排发布，用于只读仿真状态、界面展示或外部 Agent 分析。","SI 单位；仅在有效性条件满足时使用。外部接口不可据此发送控制命令。"
"objectives","故障原因","MissionObjectiveState.FailureReason","string","string","UTF-8 定长或长度前缀","无量纲","由模型定义","由模型定义","-","是","上级快照 valid / 字段定义域","5 Hz","任务编排","IFlightDataHub.TryGetMission","MissionObjectiveState.FailureReason / UTF-8 定长或长度前缀","data[domain=missionObjective].payload.FailureReason","objectives.csv:FailureReason","示例","2.0.0 / Contract 2","故障原因（MissionObjectiveState.FailureReason）由任务编排发布，用于只读仿真状态、界面展示或外部 Agent 分析。","SI 单位；仅在有效性条件满足时使用。外部接口不可据此发送控制命令。"
"objectives","目标标识","MissionObjectiveState.ObjectiveId","string","string","UTF-8 定长或长度前缀","标识","由模型定义","由模型定义","-","是","上级快照 valid / 字段定义域","5 Hz","任务编排","IFlightDataHub.TryGetMission","MissionObjectiveState.ObjectiveId / UTF-8 定长或长度前缀","data[domain=missionObjective].payload.ObjectiveId","objectives.csv:ObjectiveId","示例","2.0.0 / Contract 2","目标标识（MissionObjectiveState.ObjectiveId）由任务编排发布，用于只读仿真状态、界面展示或外部 Agent 分析。","SI 单位；仅在有效性条件满足时使用。外部接口不可据此发送控制命令。"
"objectives","进度归一化值","MissionObjectiveState.ProgressNormalized","double","number","float64 little-endian","0..1","0","1","-","否","上级快照 valid / 字段定义域","5 Hz","任务编排","IFlightDataHub.TryGetMission","MissionObjectiveState.ProgressNormalized / float64 little-endian","data[domain=missionObjective].payload.ProgressNormalized","objectives.csv:ProgressNormalized","0.75","2.0.0 / Contract 2","进度归一化值（MissionObjectiveState.ProgressNormalized）由任务编排发布，用于只读仿真状态、界面展示或外部 Agent 分析。","SI 单位；仅在有效性条件满足时使用。外部接口不可据此发送控制命令。"
"objectives","要求数量","MissionObjectiveState.RequiredCount","int","number","int32 little-endian","无量纲","0 或 -1（未选择）","由容量定义","-","否","上级快照 valid / 字段定义域","5 Hz","任务编排","IFlightDataHub.TryGetMission","MissionObjectiveState.RequiredCount / int32 little-endian","data[domain=missionObjective].payload.RequiredCount","objectives.csv:RequiredCount","0","2.0.0 / Contract 2","要求数量（MissionObjectiveState.RequiredCount）由任务编排发布，用于只读仿真状态、界面展示或外部 Agent 分析。","SI 单位；仅在有效性条件满足时使用。外部接口不可据此发送控制命令。"
"objectives","状态","MissionObjectiveState.Status","MissionObjectiveStatus","string","int32 little-endian","枚举","见枚举","见枚举","Pending | Active | Succeeded | Failed","否","上级快照 valid / 字段定义域","5 Hz","任务编排","IFlightDataHub.TryGetMission","MissionObjectiveState.Status / int32 little-endian","data[domain=missionObjective].payload.Status","objectives.csv:Status","Pending","2.0.0 / Contract 2","状态（MissionObjectiveState.Status）由任务编排发布，用于只读仿真状态、界面展示或外部 Agent 分析。","SI 单位；仅在有效性条件满足时使用。外部接口不可据此发送控制命令。"
"objectives","类型","MissionObjectiveState.Type","MissionObjectiveType","string","int32 little-endian","枚举","见枚举","见枚举","Takeoff | NeutralizeHostiles | HoldArea | ProtectAircraft | ReachWaypoint | LandAtKtex | Survive","否","上级快照 valid / 字段定义域","5 Hz","任务编排","IFlightDataHub.TryGetMission","MissionObjectiveState.Type / int32 little-endian","data[domain=missionObjective].payload.Type","objectives.csv:Type","Takeoff","2.0.0 / Contract 2","类型（MissionObjectiveState.Type）由任务编排发布，用于只读仿真状态、界面展示或外部 Agent 分析。","SI 单位；仅在有效性条件满足时使用。外部接口不可据此发送控制命令。"
"snapshot","空战","AircraftDataSnapshot.Combat","AircraftCombatState","object","嵌套结构顺序编码","无量纲","由模型定义","由模型定义","-","否","AircraftDataSnapshot.IsValid","随数据域","统一数据中心","IFlightDataHub","未编码（仅 NDJSON/CSV）","未直接发布（Unity 进程内）","snapshots.csv:Combat","0","2.0.0 / Contract 2","空战（AircraftDataSnapshot.Combat）由统一数据中心发布，用于只读仿真状态、界面展示或外部 Agent 分析。","SI 单位；仅在有效性条件满足时使用。外部接口不可据此发送控制命令。"
"snapshot","快速状态","AircraftDataSnapshot.Fast","AircraftFastState","object","嵌套结构顺序编码","无量纲","由模型定义","由模型定义","-","否","AircraftDataSnapshot.IsValid","随数据域","统一数据中心","IFlightDataHub","未编码（仅 NDJSON/CSV）","未直接发布（Unity 进程内）","snapshots.csv:Fast","0","2.0.0 / Contract 2","快速状态（AircraftDataSnapshot.Fast）由统一数据中心发布，用于只读仿真状态、界面展示或外部 Agent 分析。","SI 单位；仅在有效性条件满足时使用。外部接口不可据此发送控制命令。"
"snapshot","是否包含空战","AircraftDataSnapshot.HasCombat","bool","boolean","uint8 (0/1)","布尔","false","true","-","否","AircraftDataSnapshot.IsValid","随数据域","统一数据中心","IFlightDataHub","未编码（仅 NDJSON/CSV）","未直接发布（Unity 进程内）","snapshots.csv:HasCombat","true","2.0.0 / Contract 2","是否包含空战（AircraftDataSnapshot.HasCombat）由统一数据中心发布，用于只读仿真状态、界面展示或外部 Agent 分析。","SI 单位；仅在有效性条件满足时使用。外部接口不可据此发送控制命令。"
"snapshot","是否包含快速状态","AircraftDataSnapshot.HasFast","bool","boolean","uint8 (0/1)","布尔","false","true","-","否","AircraftDataSnapshot.IsValid","随数据域","统一数据中心","IFlightDataHub","未编码（仅 NDJSON/CSV）","未直接发布（Unity 进程内）","snapshots.csv:HasFast","true","2.0.0 / Contract 2","是否包含快速状态（AircraftDataSnapshot.HasFast）由统一数据中心发布，用于只读仿真状态、界面展示或外部 Agent 分析。","SI 单位；仅在有效性条件满足时使用。外部接口不可据此发送控制命令。"
"snapshot","是否包含系统","AircraftDataSnapshot.HasSystems","bool","boolean","uint8 (0/1)","布尔","false","true","-","否","AircraftDataSnapshot.IsValid","随数据域","统一数据中心","IFlightDataHub","未编码（仅 NDJSON/CSV）","未直接发布（Unity 进程内）","snapshots.csv:HasSystems","true","2.0.0 / Contract 2","是否包含系统（AircraftDataSnapshot.HasSystems）由统一数据中心发布，用于只读仿真状态、界面展示或外部 Agent 分析。","SI 单位；仅在有效性条件满足时使用。外部接口不可据此发送控制命令。"
"snapshot","是否包含态势","AircraftDataSnapshot.HasTactical","bool","boolean","uint8 (0/1)","布尔","false","true","-","否","AircraftDataSnapshot.IsValid","随数据域","统一数据中心","IFlightDataHub","未编码（仅 NDJSON/CSV）","未直接发布（Unity 进程内）","snapshots.csv:HasTactical","true","2.0.0 / Contract 2","是否包含态势（AircraftDataSnapshot.HasTactical）由统一数据中心发布，用于只读仿真状态、界面展示或外部 Agent 分析。","SI 单位；仅在有效性条件满足时使用。外部接口不可据此发送控制命令。"
"snapshot","身份","AircraftDataSnapshot.Identity","AircraftIdentityState","object","嵌套结构顺序编码","无量纲","由模型定义","由模型定义","-","否","AircraftDataSnapshot.IsValid","随数据域","统一数据中心","IFlightDataHub","未编码（仅 NDJSON/CSV）","未直接发布（Unity 进程内）","snapshots.csv:Identity","0","2.0.0 / Contract 2","身份（AircraftDataSnapshot.Identity）由统一数据中心发布，用于只读仿真状态、界面展示或外部 Agent 分析。","SI 单位；仅在有效性条件满足时使用。外部接口不可据此发送控制命令。"
"snapshot","数据是否有效","AircraftDataSnapshot.IsValid","bool","boolean","uint8 (0/1)","布尔","false","true","-","否","自身布尔值","随数据域","统一数据中心","IFlightDataHub","未编码（仅 NDJSON/CSV）","未直接发布（Unity 进程内）","snapshots.csv:IsValid","true","2.0.0 / Contract 2","数据是否有效（AircraftDataSnapshot.IsValid）由统一数据中心发布，用于只读仿真状态、界面展示或外部 Agent 分析。","SI 单位；仅在有效性条件满足时使用。外部接口不可据此发送控制命令。"
"snapshot","系统","AircraftDataSnapshot.Systems","AircraftSystemsState","object","嵌套结构顺序编码","无量纲","由模型定义","由模型定义","-","否","AircraftDataSnapshot.IsValid","随数据域","统一数据中心","IFlightDataHub","未编码（仅 NDJSON/CSV）","未直接发布（Unity 进程内）","snapshots.csv:Systems","0","2.0.0 / Contract 2","系统（AircraftDataSnapshot.Systems）由统一数据中心发布，用于只读仿真状态、界面展示或外部 Agent 分析。","SI 单位；仅在有效性条件满足时使用。外部接口不可据此发送控制命令。"
"snapshot","态势","AircraftDataSnapshot.Tactical","TacticalPictureState","object","嵌套结构顺序编码","无量纲","由模型定义","由模型定义","-","否","AircraftDataSnapshot.IsValid","随数据域","统一数据中心","IFlightDataHub","未编码（仅 NDJSON/CSV）","未直接发布（Unity 进程内）","snapshots.csv:Tactical","0","2.0.0 / Contract 2","态势（AircraftDataSnapshot.Tactical）由统一数据中心发布，用于只读仿真状态、界面展示或外部 Agent 分析。","SI 单位；仅在有效性条件满足时使用。外部接口不可据此发送控制命令。"
"snapshot","飞机","AircraftSnapshot.Aircraft","AircraftId","string","UTF-8 定长或长度前缀","标识","由模型定义","由模型定义","-","否","上级快照 valid / 字段定义域","随数据域","统一数据中心","IFlightDataHub","未编码（仅 NDJSON/CSV）","未直接发布（Unity 进程内）","snapshots.csv:Aircraft","VIPER-01","2.0.0 / Contract 2","飞机（AircraftSnapshot.Aircraft）由统一数据中心发布，用于只读仿真状态、界面展示或外部 Agent 分析。","SI 单位；仅在有效性条件满足时使用。外部接口不可据此发送控制命令。"
"snapshot","快速状态","AircraftSnapshot.Fast","AircraftFastState","object","嵌套结构顺序编码","无量纲","由模型定义","由模型定义","-","否","上级快照 valid / 字段定义域","随数据域","统一数据中心","IFlightDataHub","未编码（仅 NDJSON/CSV）","未直接发布（Unity 进程内）","snapshots.csv:Fast","0","2.0.0 / Contract 2","快速状态（AircraftSnapshot.Fast）由统一数据中心发布，用于只读仿真状态、界面展示或外部 Agent 分析。","SI 单位；仅在有效性条件满足时使用。外部接口不可据此发送控制命令。"
"snapshot","系统","AircraftSnapshot.Systems","AircraftSystemsState","object","嵌套结构顺序编码","无量纲","由模型定义","由模型定义","-","否","上级快照 valid / 字段定义域","随数据域","统一数据中心","IFlightDataHub","未编码（仅 NDJSON/CSV）","未直接发布（Unity 进程内）","snapshots.csv:Systems","0","2.0.0 / Contract 2","系统（AircraftSnapshot.Systems）由统一数据中心发布，用于只读仿真状态、界面展示或外部 Agent 分析。","SI 单位；仅在有效性条件满足时使用。外部接口不可据此发送控制命令。"
"snapshot","态势","AircraftSnapshot.Tactical","TacticalPictureState","object","嵌套结构顺序编码","无量纲","由模型定义","由模型定义","-","否","上级快照 valid / 字段定义域","随数据域","统一数据中心","IFlightDataHub","未编码（仅 NDJSON/CSV）","未直接发布（Unity 进程内）","snapshots.csv:Tactical","0","2.0.0 / Contract 2","态势（AircraftSnapshot.Tactical）由统一数据中心发布，用于只读仿真状态、界面展示或外部 Agent 分析。","SI 单位；仅在有效性条件满足时使用。外部接口不可据此发送控制命令。"
"snapshot","参与方","MissionSnapshot.Actors","MissionActorState[]","array","定长容量集合 / 元素顺序编码","无量纲","由模型定义","由模型定义","-","是","上级快照 valid / 字段定义域","随数据域","统一数据中心","IFlightDataHub","未编码（仅 NDJSON/CSV）","未直接发布（Unity 进程内）","snapshots.csv:Actors","0","2.0.0 / Contract 2","参与方（MissionSnapshot.Actors）由统一数据中心发布，用于只读仿真状态、界面展示或外部 Agent 分析。","SI 单位；仅在有效性条件满足时使用。外部接口不可据此发送控制命令。"
"snapshot","自动运行","MissionSnapshot.Automation","AutomationRunState","object","嵌套结构顺序编码","无量纲","由模型定义","由模型定义","-","否","上级快照 valid / 字段定义域","随数据域","统一数据中心","IFlightDataHub","未编码（仅 NDJSON/CSV）","未直接发布（Unity 进程内）","snapshots.csv:Automation","0","2.0.0 / Contract 2","自动运行（MissionSnapshot.Automation）由统一数据中心发布，用于只读仿真状态、界面展示或外部 Agent 分析。","SI 单位；仅在有效性条件满足时使用。外部接口不可据此发送控制命令。"
"snapshot","任务","MissionSnapshot.Mission","MissionState","object","嵌套结构顺序编码","无量纲","由模型定义","由模型定义","-","否","上级快照 valid / 字段定义域","随数据域","统一数据中心","IFlightDataHub","未编码（仅 NDJSON/CSV）","未直接发布（Unity 进程内）","snapshots.csv:Mission","0","2.0.0 / Contract 2","任务（MissionSnapshot.Mission）由统一数据中心发布，用于只读仿真状态、界面展示或外部 Agent 分析。","SI 单位；仅在有效性条件满足时使用。外部接口不可据此发送控制命令。"
"snapshot","目标","MissionSnapshot.Objectives","MissionObjectiveState[]","array","定长容量集合 / 元素顺序编码","无量纲","由模型定义","由模型定义","-","是","上级快照 valid / 字段定义域","随数据域","统一数据中心","IFlightDataHub","未编码（仅 NDJSON/CSV）","未直接发布（Unity 进程内）","snapshots.csv:Objectives","0","2.0.0 / Contract 2","目标（MissionSnapshot.Objectives）由统一数据中心发布，用于只读仿真状态、界面展示或外部 Agent 分析。","SI 单位；仅在有效性条件满足时使用。外部接口不可据此发送控制命令。"
"systems","飞机","AircraftSystemsState.Aircraft","AircraftId","string","UTF-8 定长或长度前缀","标识","由模型定义","由模型定义","-","否","上级快照 valid / 字段定义域","10 Hz","机电与飞机系统","IFlightDataHub.TryGetAircraft","SystemsState.Aircraft / UTF-8 定长或长度前缀","data[domain=systemsState].payload.Aircraft","systems.csv:Aircraft","VIPER-01","2.0.0 / Contract 2","飞机（AircraftSystemsState.Aircraft）由机电与飞机系统发布，用于只读仿真状态、界面展示或外部 Agent 分析。","SI 单位；仅在有效性条件满足时使用。外部接口不可据此发送控制命令。"
"systems","航电","AircraftSystemsState.Avionics","AvionicsState","object","嵌套结构顺序编码","无量纲","由模型定义","由模型定义","-","否","上级快照 valid / 字段定义域","10 Hz","机电与飞机系统","IFlightDataHub.TryGetAircraft","SystemsState.Avionics / 嵌套结构顺序编码","data[domain=systemsState].payload.Avionics","systems.csv:Avionics","0","2.0.0 / Contract 2","航电（AircraftSystemsState.Avionics）由机电与飞机系统发布，用于只读仿真状态、界面展示或外部 Agent 分析。","SI 单位；仅在有效性条件满足时使用。外部接口不可据此发送控制命令。"
"systems","电气","AircraftSystemsState.Electrical","ElectricalState","object","嵌套结构顺序编码","无量纲","由模型定义","由模型定义","-","否","上级快照 valid / 字段定义域","10 Hz","机电与飞机系统","IFlightDataHub.TryGetAircraft","SystemsState.Electrical / 嵌套结构顺序编码","data[domain=systemsState].payload.Electrical","systems.csv:Electrical","0","2.0.0 / Contract 2","电气（AircraftSystemsState.Electrical）由机电与飞机系统发布，用于只读仿真状态、界面展示或外部 Agent 分析。","SI 单位；仅在有效性条件满足时使用。外部接口不可据此发送控制命令。"
"systems","飞行控制","AircraftSystemsState.FlightControls","FlightControlState","object","嵌套结构顺序编码","无量纲","由模型定义","由模型定义","-","否","上级快照 valid / 字段定义域","10 Hz","机电与飞机系统","IFlightDataHub.TryGetAircraft","SystemsState.FlightControls / 嵌套结构顺序编码","data[domain=systemsState].payload.FlightControls","systems.csv:FlightControls","0","2.0.0 / Contract 2","飞行控制（AircraftSystemsState.FlightControls）由机电与飞机系统发布，用于只读仿真状态、界面展示或外部 Agent 分析。","SI 单位；仅在有效性条件满足时使用。外部接口不可据此发送控制命令。"
"systems","燃油","AircraftSystemsState.Fuel","FuelState","object","嵌套结构顺序编码","无量纲","由模型定义","由模型定义","-","否","上级快照 valid / 字段定义域","10 Hz","机电与飞机系统","IFlightDataHub.TryGetAircraft","SystemsState.Fuel / 嵌套结构顺序编码","data[domain=systemsState].payload.Fuel","systems.csv:Fuel","0","2.0.0 / Contract 2","燃油（AircraftSystemsState.Fuel）由机电与飞机系统发布，用于只读仿真状态、界面展示或外部 Agent 分析。","SI 单位；仅在有效性条件满足时使用。外部接口不可据此发送控制命令。"
"systems","液压","AircraftSystemsState.Hydraulics","HydraulicState","object","嵌套结构顺序编码","无量纲","由模型定义","由模型定义","-","否","上级快照 valid / 字段定义域","10 Hz","机电与飞机系统","IFlightDataHub.TryGetAircraft","SystemsState.Hydraulics / 嵌套结构顺序编码","data[domain=systemsState].payload.Hydraulics","systems.csv:Hydraulics","0","2.0.0 / Contract 2","液压（AircraftSystemsState.Hydraulics）由机电与飞机系统发布，用于只读仿真状态、界面展示或外部 Agent 分析。","SI 单位；仅在有效性条件满足时使用。外部接口不可据此发送控制命令。"
"systems","着陆起落架","AircraftSystemsState.LandingGear","LandingGearState","object","嵌套结构顺序编码","无量纲","由模型定义","由模型定义","-","否","上级快照 valid / 字段定义域","10 Hz","机电与飞机系统","IFlightDataHub.TryGetAircraft","SystemsState.LandingGear / 嵌套结构顺序编码","data[domain=systemsState].payload.LandingGear","systems.csv:LandingGear","0","2.0.0 / Contract 2","着陆起落架（AircraftSystemsState.LandingGear）由机电与飞机系统发布，用于只读仿真状态、界面展示或外部 Agent 分析。","SI 单位；仅在有效性条件满足时使用。外部接口不可据此发送控制命令。"
"systems","推进","AircraftSystemsState.Propulsion","PropulsionState","object","嵌套结构顺序编码","无量纲","由模型定义","由模型定义","-","否","上级快照 valid / 字段定义域","10 Hz","机电与飞机系统","IFlightDataHub.TryGetAircraft","SystemsState.Propulsion / 嵌套结构顺序编码","data[domain=systemsState].payload.Propulsion","systems.csv:Propulsion","0","2.0.0 / Contract 2","推进（AircraftSystemsState.Propulsion）由机电与飞机系统发布，用于只读仿真状态、界面展示或外部 Agent 分析。","SI 单位；仅在有效性条件满足时使用。外部接口不可据此发送控制命令。"
"systems","仿真时间（秒）","AircraftSystemsState.SimulationTimeS","double","number","float64 little-endian","s","由模型定义","由模型定义","-","否","上级快照 valid / 字段定义域","10 Hz","机电与飞机系统","IFlightDataHub.TryGetAircraft","SystemsState.SimulationTimeS / float64 little-endian","data[domain=systemsState].payload.SimulationTimeS","systems.csv:SimulationTimeS","0","2.0.0 / Contract 2","仿真时间（秒）（AircraftSystemsState.SimulationTimeS）由机电与飞机系统发布，用于只读仿真状态、界面展示或外部 Agent 分析。","SI 单位；仅在有效性条件满足时使用。外部接口不可据此发送控制命令。"
"systems","挂载","AircraftSystemsState.Stores","StoresState","object","嵌套结构顺序编码","无量纲","由模型定义","由模型定义","-","否","上级快照 valid / 字段定义域","10 Hz","机电与飞机系统","IFlightDataHub.TryGetAircraft","SystemsState.Stores / 嵌套结构顺序编码","data[domain=systemsState].payload.Stores","systems.csv:Stores","0","2.0.0 / Contract 2","挂载（AircraftSystemsState.Stores）由机电与飞机系统发布，用于只读仿真状态、界面展示或外部 Agent 分析。","SI 单位；仅在有效性条件满足时使用。外部接口不可据此发送控制命令。"
"systems","告警","AircraftSystemsState.Warnings","WarningState","object","嵌套结构顺序编码","无量纲","由模型定义","由模型定义","-","否","上级快照 valid / 字段定义域","10 Hz","机电与飞机系统","IFlightDataHub.TryGetAircraft","SystemsState.Warnings / 嵌套结构顺序编码","data[domain=systemsState].payload.Warnings","systems.csv:Warnings","0","2.0.0 / Contract 2","告警（AircraftSystemsState.Warnings）由机电与飞机系统发布，用于只读仿真状态、界面展示或外部 Agent 分析。","SI 单位；仅在有效性条件满足时使用。外部接口不可据此发送控制命令。"
"systems","当前启动预设","AvionicsState.ActiveStartupPreset","StartupPreset","string","int32 little-endian","枚举","见枚举","见枚举","ColdAndDark | RunwayReady | Airborne","否","上级快照 valid / 字段定义域","10 Hz","机电与飞机系统","IFlightDataHub.TryGetAircraft","SystemsState.ActiveStartupPreset / int32 little-endian","data[domain=systemsState].payload.ActiveStartupPreset","systems.csv:ActiveStartupPreset","ColdAndDark","2.0.0 / Contract 2","当前启动预设（AvionicsState.ActiveStartupPreset）由机电与飞机系统发布，用于只读仿真状态、界面展示或外部 Agent 分析。","SI 单位；仅在有效性条件满足时使用。外部接口不可据此发送控制命令。"
"systems","数据链路启用","AvionicsState.DataLinkEnabled","bool","boolean","uint8 (0/1)","布尔","false","true","-","否","上级快照 valid / 字段定义域","10 Hz","机电与飞机系统","IFlightDataHub.TryGetAircraft","SystemsState.DataLinkEnabled / uint8 (0/1)","data[domain=systemsState].payload.DataLinkEnabled","systems.csv:DataLinkEnabled","true","2.0.0 / Contract 2","数据链路启用（AvionicsState.DataLinkEnabled）由机电与飞机系统发布，用于只读仿真状态、界面展示或外部 Agent 分析。","SI 单位；仅在有效性条件满足时使用。外部接口不可据此发送控制命令。"
"systems","HUD 状态","AvionicsState.Hud","HudState","object","嵌套结构顺序编码","无量纲","由模型定义","由模型定义","-","否","上级快照 valid / 字段定义域","10 Hz","机电与飞机系统","IFlightDataHub.TryGetAircraft","SystemsState.Hud / 嵌套结构顺序编码","data[domain=systemsState].payload.Hud","systems.csv:Hud","0","2.0.0 / Contract 2","HUD 状态（AvionicsState.Hud）由机电与飞机系统发布，用于只读仿真状态、界面展示或外部 Agent 分析。","SI 单位；仅在有效性条件满足时使用。外部接口不可据此发送控制命令。"
"systems","HUD 是否启用","AvionicsState.HudEnabled","bool","boolean","uint8 (0/1)","布尔","false","true","-","否","上级快照 valid / 字段定义域","10 Hz","机电与飞机系统","IFlightDataHub.TryGetAircraft","SystemsState.HudEnabled / uint8 (0/1)","data[domain=systemsState].payload.HudEnabled","systems.csv:HudEnabled","true","2.0.0 / Contract 2","HUD 是否启用（AvionicsState.HudEnabled）由机电与飞机系统发布，用于只读仿真状态、界面展示或外部 Agent 分析。","SI 单位；仅在有效性条件满足时使用。外部接口不可据此发送控制命令。"
"systems","HUD 模式","AvionicsState.HudMode","HudMode","string","int32 little-endian","枚举","见枚举","见枚举","Off | Nav | Landing | AirToAir","否","上级快照 valid / 字段定义域","10 Hz","机电与飞机系统","IFlightDataHub.TryGetAircraft","SystemsState.HudMode / int32 little-endian","data[domain=systemsState].payload.HudMode","systems.csv:HudMode","Off","2.0.0 / Contract 2","HUD 模式（AvionicsState.HudMode）由机电与飞机系统发布，用于只读仿真状态、界面展示或外部 Agent 分析。","SI 单位；仅在有效性条件满足时使用。外部接口不可据此发送控制命令。"
"systems","惯导状态","AvionicsState.InsState","InertialNavigationState","string","int32 little-endian","枚举","见枚举","见枚举","Off | Aligning | Navigation | Degraded | Failed","否","上级快照 valid / 字段定义域","10 Hz","机电与飞机系统","IFlightDataHub.TryGetAircraft","SystemsState.InsState / int32 little-endian","data[domain=systemsState].payload.InsState","systems.csv:InsState","Off","2.0.0 / Contract 2","惯导状态（AvionicsState.InsState）由机电与飞机系统发布，用于只读仿真状态、界面展示或外部 Agent 分析。","SI 单位；仅在有效性条件满足时使用。外部接口不可据此发送控制命令。"
"systems","空对空主模式","AvionicsState.MasterModeAirToAir","bool","boolean","uint8 (0/1)","布尔","false","true","-","否","上级快照 valid / 字段定义域","10 Hz","机电与飞机系统","IFlightDataHub.TryGetAircraft","SystemsState.MasterModeAirToAir / uint8 (0/1)","data[domain=systemsState].payload.MasterModeAirToAir","systems.csv:MasterModeAirToAir","true","2.0.0 / Contract 2","空对空主模式（AvionicsState.MasterModeAirToAir）由机电与飞机系统发布，用于只读仿真状态、界面展示或外部 Agent 分析。","SI 单位；仅在有效性条件满足时使用。外部接口不可据此发送控制命令。"
"systems","导航计算机启用","AvionicsState.NavigationComputerEnabled","bool","boolean","uint8 (0/1)","布尔","false","true","-","否","上级快照 valid / 字段定义域","10 Hz","机电与飞机系统","IFlightDataHub.TryGetAircraft","SystemsState.NavigationComputerEnabled / uint8 (0/1)","data[domain=systemsState].payload.NavigationComputerEnabled","systems.csv:NavigationComputerEnabled","true","2.0.0 / Contract 2","导航计算机启用（AvionicsState.NavigationComputerEnabled）由机电与飞机系统发布，用于只读仿真状态、界面展示或外部 Agent 分析。","SI 单位；仅在有效性条件满足时使用。外部接口不可据此发送控制命令。"
"systems","雷达启用","AvionicsState.RadarEnabled","bool","boolean","uint8 (0/1)","布尔","false","true","-","否","上级快照 valid / 字段定义域","10 Hz","机电与飞机系统","IFlightDataHub.TryGetAircraft","SystemsState.RadarEnabled / uint8 (0/1)","data[domain=systemsState].payload.RadarEnabled","systems.csv:RadarEnabled","true","2.0.0 / Contract 2","雷达启用（AvionicsState.RadarEnabled）由机电与飞机系统发布，用于只读仿真状态、界面展示或外部 Agent 分析。","SI 单位；仅在有效性条件满足时使用。外部接口不可据此发送控制命令。"
"systems","雷达已锁定","AvionicsState.RadarLocked","bool","boolean","uint8 (0/1)","布尔","false","true","-","否","上级快照 valid / 字段定义域","10 Hz","机电与飞机系统","IFlightDataHub.TryGetAircraft","SystemsState.RadarLocked / uint8 (0/1)","data[domain=systemsState].payload.RadarLocked","systems.csv:RadarLocked","true","2.0.0 / Contract 2","雷达已锁定（AvionicsState.RadarLocked）由机电与飞机系统发布，用于只读仿真状态、界面展示或外部 Agent 分析。","SI 单位；仅在有效性条件满足时使用。外部接口不可据此发送控制命令。"
"systems","雷达距离米","AvionicsState.RadarRangeM","double","number","float64 little-endian","m","由模型定义","由模型定义","-","否","上级快照 valid / 字段定义域","10 Hz","机电与飞机系统","IFlightDataHub.TryGetAircraft","SystemsState.RadarRangeM / float64 little-endian","data[domain=systemsState].payload.RadarRangeM","systems.csv:RadarRangeM","2765.0","2.0.0 / Contract 2","雷达距离米（AvionicsState.RadarRangeM）由机电与飞机系统发布，用于只读仿真状态、界面展示或外部 Agent 分析。","SI 单位；仅在有效性条件满足时使用。外部接口不可据此发送控制命令。"
"systems","启动状态","AvionicsState.StartupState","AircraftStartupState","string","int32 little-endian","枚举","见枚举","见枚举","Off | PowerApplied | EngineStarting | SystemsInitializing | Ready","否","上级快照 valid / 字段定义域","10 Hz","机电与飞机系统","IFlightDataHub.TryGetAircraft","SystemsState.StartupState / int32 little-endian","data[domain=systemsState].payload.StartupState","systems.csv:StartupState","Off","2.0.0 / Contract 2","启动状态（AvionicsState.StartupState）由机电与飞机系统发布，用于只读仿真状态、界面展示或外部 Agent 分析。","SI 单位；仅在有效性条件满足时使用。外部接口不可据此发送控制命令。"
"systems","航电母线供电","ElectricalState.AvionicsBusPowered","bool","boolean","uint8 (0/1)","布尔","false","true","-","否","上级快照 valid / 字段定义域","10 Hz","机电与飞机系统","IFlightDataHub.TryGetAircraft","SystemsState.AvionicsBusPowered / uint8 (0/1)","data[domain=systemsState].payload.AvionicsBusPowered","systems.csv:AvionicsBusPowered","true","2.0.0 / Contract 2","航电母线供电（ElectricalState.AvionicsBusPowered）由机电与飞机系统发布，用于只读仿真状态、界面展示或外部 Agent 分析。","SI 单位；仅在有效性条件满足时使用。外部接口不可据此发送控制命令。"
"systems","航电母线电压伏特","ElectricalState.AvionicsBusVoltageV","double","number","float64 little-endian","V","由模型定义","由模型定义","-","否","上级快照 valid / 字段定义域","10 Hz","机电与飞机系统","IFlightDataHub.TryGetAircraft","SystemsState.AvionicsBusVoltageV / float64 little-endian","data[domain=systemsState].payload.AvionicsBusVoltageV","systems.csv:AvionicsBusVoltageV","0","2.0.0 / Contract 2","航电母线电压伏特（ElectricalState.AvionicsBusVoltageV）由机电与飞机系统发布，用于只读仿真状态、界面展示或外部 Agent 分析。","SI 单位；仅在有效性条件满足时使用。外部接口不可据此发送控制命令。"
"systems","电池在线","ElectricalState.BatteryOnline","bool","boolean","uint8 (0/1)","布尔","false","true","-","否","上级快照 valid / 字段定义域","10 Hz","机电与飞机系统","IFlightDataHub.TryGetAircraft","SystemsState.BatteryOnline / uint8 (0/1)","data[domain=systemsState].payload.BatteryOnline","systems.csv:BatteryOnline","true","2.0.0 / Contract 2","电池在线（ElectricalState.BatteryOnline）由机电与飞机系统发布，用于只读仿真状态、界面展示或外部 Agent 分析。","SI 单位；仅在有效性条件满足时使用。外部接口不可据此发送控制命令。"
"systems","电池电压伏特","ElectricalState.BatteryVoltageV","double","number","float64 little-endian","V","由模型定义","由模型定义","-","否","上级快照 valid / 字段定义域","10 Hz","机电与飞机系统","IFlightDataHub.TryGetAircraft","SystemsState.BatteryVoltageV / float64 little-endian","data[domain=systemsState].payload.BatteryVoltageV","systems.csv:BatteryVoltageV","0","2.0.0 / Contract 2","电池电压伏特（ElectricalState.BatteryVoltageV）由机电与飞机系统发布，用于只读仿真状态、界面展示或外部 Agent 分析。","SI 单位；仅在有效性条件满足时使用。外部接口不可据此发送控制命令。"
"systems","关键母线供电","ElectricalState.EssentialBusPowered","bool","boolean","uint8 (0/1)","布尔","false","true","-","否","上级快照 valid / 字段定义域","10 Hz","机电与飞机系统","IFlightDataHub.TryGetAircraft","SystemsState.EssentialBusPowered / uint8 (0/1)","data[domain=systemsState].payload.EssentialBusPowered","systems.csv:EssentialBusPowered","true","2.0.0 / Contract 2","关键母线供电（ElectricalState.EssentialBusPowered）由机电与飞机系统发布，用于只读仿真状态、界面展示或外部 Agent 分析。","SI 单位；仅在有效性条件满足时使用。外部接口不可据此发送控制命令。"
"systems","关键母线电压伏特","ElectricalState.EssentialBusVoltageV","double","number","float64 little-endian","V","由模型定义","由模型定义","-","否","上级快照 valid / 字段定义域","10 Hz","机电与飞机系统","IFlightDataHub.TryGetAircraft","SystemsState.EssentialBusVoltageV / float64 little-endian","data[domain=systemsState].payload.EssentialBusVoltageV","systems.csv:EssentialBusVoltageV","0","2.0.0 / Contract 2","关键母线电压伏特（ElectricalState.EssentialBusVoltageV）由机电与飞机系统发布，用于只读仿真状态、界面展示或外部 Agent 分析。","SI 单位；仅在有效性条件满足时使用。外部接口不可据此发送控制命令。"
"systems","发电机电流（安培）","ElectricalState.GeneratorCurrentA","double","number","float64 little-endian","A","由模型定义","由模型定义","-","否","上级快照 valid / 字段定义域","10 Hz","机电与飞机系统","IFlightDataHub.TryGetAircraft","SystemsState.GeneratorCurrentA / float64 little-endian","data[domain=systemsState].payload.GeneratorCurrentA","systems.csv:GeneratorCurrentA","0","2.0.0 / Contract 2","发电机电流（安培）（ElectricalState.GeneratorCurrentA）由机电与飞机系统发布，用于只读仿真状态、界面展示或外部 Agent 分析。","SI 单位；仅在有效性条件满足时使用。外部接口不可据此发送控制命令。"
"systems","发电机在线","ElectricalState.GeneratorOnline","bool","boolean","uint8 (0/1)","布尔","false","true","-","否","上级快照 valid / 字段定义域","10 Hz","机电与飞机系统","IFlightDataHub.TryGetAircraft","SystemsState.GeneratorOnline / uint8 (0/1)","data[domain=systemsState].payload.GeneratorOnline","systems.csv:GeneratorOnline","true","2.0.0 / Contract 2","发电机在线（ElectricalState.GeneratorOnline）由机电与飞机系统发布，用于只读仿真状态、界面展示或外部 Agent 分析。","SI 单位；仅在有效性条件满足时使用。外部接口不可据此发送控制命令。"
"systems","主母线供电","ElectricalState.MainBusPowered","bool","boolean","uint8 (0/1)","布尔","false","true","-","否","上级快照 valid / 字段定义域","10 Hz","机电与飞机系统","IFlightDataHub.TryGetAircraft","SystemsState.MainBusPowered / uint8 (0/1)","data[domain=systemsState].payload.MainBusPowered","systems.csv:MainBusPowered","true","2.0.0 / Contract 2","主母线供电（ElectricalState.MainBusPowered）由机电与飞机系统发布，用于只读仿真状态、界面展示或外部 Agent 分析。","SI 单位；仅在有效性条件满足时使用。外部接口不可据此发送控制命令。"
"systems","主母线电压伏特","ElectricalState.MainBusVoltageV","double","number","float64 little-endian","V","由模型定义","由模型定义","-","否","上级快照 valid / 字段定义域","10 Hz","机电与飞机系统","IFlightDataHub.TryGetAircraft","SystemsState.MainBusVoltageV / float64 little-endian","data[domain=systemsState].payload.MainBusVoltageV","systems.csv:MainBusVoltageV","0","2.0.0 / Contract 2","主母线电压伏特（ElectricalState.MainBusVoltageV）由机电与飞机系统发布，用于只读仿真状态、界面展示或外部 Agent 分析。","SI 单位；仅在有效性条件满足时使用。外部接口不可据此发送控制命令。"
"systems","当前控制权","FlightControlState.ActiveControlAuthority","ControlAuthority","string","int32 little-endian","枚举","见枚举","见枚举","ManualPilot | AutomationPilot | FormationAI | MissionAI","否","上级快照 valid / 字段定义域","10 Hz","机电与飞机系统","IFlightDataHub.TryGetAircraft","SystemsState.ActiveControlAuthority / int32 little-endian","data[domain=systemsState].payload.ActiveControlAuthority","systems.csv:ActiveControlAuthority","ManualPilot","2.0.0 / Contract 2","当前控制权（FlightControlState.ActiveControlAuthority）由机电与飞机系统发布，用于只读仿真状态、界面展示或外部 Agent 分析。","SI 单位；仅在有效性条件满足时使用。外部接口不可据此发送控制命令。"
"systems","副翼偏转弧度","FlightControlState.AileronDeflectionRad","double","number","float64 little-endian","rad","由模型定义","由模型定义","-","否","上级快照 valid / 字段定义域","10 Hz","机电与飞机系统","IFlightDataHub.TryGetAircraft","SystemsState.AileronDeflectionRad / float64 little-endian","data[domain=systemsState].payload.AileronDeflectionRad","systems.csv:AileronDeflectionRad","0.523599","2.0.0 / Contract 2","副翼偏转弧度（FlightControlState.AileronDeflectionRad）由机电与飞机系统发布，用于只读仿真状态、界面展示或外部 Agent 分析。","SI 单位；仅在有效性条件满足时使用。外部接口不可据此发送控制命令。"
"systems","迎角限制器是否生效","FlightControlState.AngleOfAttackLimiterActive","bool","boolean","uint8 (0/1)","布尔","false","true","-","否","上级快照 valid / 字段定义域","10 Hz","机电与飞机系统","IFlightDataHub.TryGetAircraft","SystemsState.AngleOfAttackLimiterActive / uint8 (0/1)","data[domain=systemsState].payload.AngleOfAttackLimiterActive","systems.csv:AngleOfAttackLimiterActive","true","2.0.0 / Contract 2","迎角限制器是否生效（FlightControlState.AngleOfAttackLimiterActive）由机电与飞机系统发布，用于只读仿真状态、界面展示或外部 Agent 分析。","SI 单位；仅在有效性条件满足时使用。外部接口不可据此发送控制命令。"
"systems","自动驾驶接通","FlightControlState.AutopilotEngaged","bool","boolean","uint8 (0/1)","布尔","false","true","-","否","上级快照 valid / 字段定义域","10 Hz","机电与飞机系统","IFlightDataHub.TryGetAircraft","SystemsState.AutopilotEngaged / uint8 (0/1)","data[domain=systemsState].payload.AutopilotEngaged","systems.csv:AutopilotEngaged","true","2.0.0 / Contract 2","自动驾驶接通（FlightControlState.AutopilotEngaged）由机电与飞机系统发布，用于只读仿真状态、界面展示或外部 Agent 分析。","SI 单位；仅在有效性条件满足时使用。外部接口不可据此发送控制命令。"
"systems","升降舵偏转弧度","FlightControlState.ElevatorDeflectionRad","double","number","float64 little-endian","rad","由模型定义","由模型定义","-","否","上级快照 valid / 字段定义域","10 Hz","机电与飞机系统","IFlightDataHub.TryGetAircraft","SystemsState.ElevatorDeflectionRad / float64 little-endian","data[domain=systemsState].payload.ElevatorDeflectionRad","systems.csv:ElevatorDeflectionRad","0.523599","2.0.0 / Contract 2","升降舵偏转弧度（FlightControlState.ElevatorDeflectionRad）由机电与飞机系统发布，用于只读仿真状态、界面展示或外部 Agent 分析。","SI 单位；仅在有效性条件满足时使用。外部接口不可据此发送控制命令。"
"systems","飞行控制计算机启用","FlightControlState.FlightControlComputerEnabled","bool","boolean","uint8 (0/1)","布尔","false","true","-","否","上级快照 valid / 字段定义域","10 Hz","机电与飞机系统","IFlightDataHub.TryGetAircraft","SystemsState.FlightControlComputerEnabled / uint8 (0/1)","data[domain=systemsState].payload.FlightControlComputerEnabled","systems.csv:FlightControlComputerEnabled","true","2.0.0 / Contract 2","飞行控制计算机启用（FlightControlState.FlightControlComputerEnabled）由机电与飞机系统发布，用于只读仿真状态、界面展示或外部 Agent 分析。","SI 单位；仅在有效性条件满足时使用。外部接口不可据此发送控制命令。"
"systems","过载限制器是否生效","FlightControlState.GForceLimiterActive","bool","boolean","uint8 (0/1)","布尔","false","true","-","否","上级快照 valid / 字段定义域","10 Hz","机电与飞机系统","IFlightDataHub.TryGetAircraft","SystemsState.GForceLimiterActive / uint8 (0/1)","data[domain=systemsState].payload.GForceLimiterActive","systems.csv:GForceLimiterActive","true","2.0.0 / Contract 2","过载限制器是否生效（FlightControlState.GForceLimiterActive）由机电与飞机系统发布，用于只读仿真状态、界面展示或外部 Agent 分析。","SI 单位；仅在有效性条件满足时使用。外部接口不可据此发送控制命令。"
"systems","前缘缘襟翼偏转弧度","FlightControlState.LeadingEdgeFlapDeflectionRad","double","number","float64 little-endian","rad","由模型定义","由模型定义","-","否","上级快照 valid / 字段定义域","10 Hz","机电与飞机系统","IFlightDataHub.TryGetAircraft","SystemsState.LeadingEdgeFlapDeflectionRad / float64 little-endian","data[domain=systemsState].payload.LeadingEdgeFlapDeflectionRad","systems.csv:LeadingEdgeFlapDeflectionRad","0.523599","2.0.0 / Contract 2","前缘缘襟翼偏转弧度（FlightControlState.LeadingEdgeFlapDeflectionRad）由机电与飞机系统发布，用于只读仿真状态、界面展示或外部 Agent 分析。","SI 单位；仅在有效性条件满足时使用。外部接口不可据此发送控制命令。"
"systems","俯仰指令归一化值","FlightControlState.PitchCommandNormalized","double","number","float64 little-endian","0..1","0","1","-","否","上级快照 valid / 字段定义域","10 Hz","机电与飞机系统","IFlightDataHub.TryGetAircraft","SystemsState.PitchCommandNormalized / float64 little-endian","data[domain=systemsState].payload.PitchCommandNormalized","systems.csv:PitchCommandNormalized","0.75","2.0.0 / Contract 2","俯仰指令归一化值（FlightControlState.PitchCommandNormalized）由机电与飞机系统发布，用于只读仿真状态、界面展示或外部 Agent 分析。","SI 单位；仅在有效性条件满足时使用。外部接口不可据此发送控制命令。"
"systems","滚转指令归一化值","FlightControlState.RollCommandNormalized","double","number","float64 little-endian","0..1","0","1","-","否","上级快照 valid / 字段定义域","10 Hz","机电与飞机系统","IFlightDataHub.TryGetAircraft","SystemsState.RollCommandNormalized / float64 little-endian","data[domain=systemsState].payload.RollCommandNormalized","systems.csv:RollCommandNormalized","0.75","2.0.0 / Contract 2","滚转指令归一化值（FlightControlState.RollCommandNormalized）由机电与飞机系统发布，用于只读仿真状态、界面展示或外部 Agent 分析。","SI 单位；仅在有效性条件满足时使用。外部接口不可据此发送控制命令。"
"systems","滚转倍率限制器当前","FlightControlState.RollRateLimiterActive","bool","boolean","uint8 (0/1)","布尔","false","true","-","否","上级快照 valid / 字段定义域","10 Hz","机电与飞机系统","IFlightDataHub.TryGetAircraft","SystemsState.RollRateLimiterActive / uint8 (0/1)","data[domain=systemsState].payload.RollRateLimiterActive","systems.csv:RollRateLimiterActive","true","2.0.0 / Contract 2","滚转倍率限制器当前（FlightControlState.RollRateLimiterActive）由机电与飞机系统发布，用于只读仿真状态、界面展示或外部 Agent 分析。","SI 单位；仅在有效性条件满足时使用。外部接口不可据此发送控制命令。"
"systems","方向舵偏转弧度","FlightControlState.RudderDeflectionRad","double","number","float64 little-endian","rad","由模型定义","由模型定义","-","否","上级快照 valid / 字段定义域","10 Hz","机电与飞机系统","IFlightDataHub.TryGetAircraft","SystemsState.RudderDeflectionRad / float64 little-endian","data[domain=systemsState].payload.RudderDeflectionRad","systems.csv:RudderDeflectionRad","0.523599","2.0.0 / Contract 2","方向舵偏转弧度（FlightControlState.RudderDeflectionRad）由机电与飞机系统发布，用于只读仿真状态、界面展示或外部 Agent 分析。","SI 单位；仅在有效性条件满足时使用。外部接口不可据此发送控制命令。"
"systems","后缘缘襟翼偏转弧度","FlightControlState.TrailingEdgeFlapDeflectionRad","double","number","float64 little-endian","rad","由模型定义","由模型定义","-","否","上级快照 valid / 字段定义域","10 Hz","机电与飞机系统","IFlightDataHub.TryGetAircraft","SystemsState.TrailingEdgeFlapDeflectionRad / float64 little-endian","data[domain=systemsState].payload.TrailingEdgeFlapDeflectionRad","systems.csv:TrailingEdgeFlapDeflectionRad","0.523599","2.0.0 / Contract 2","后缘缘襟翼偏转弧度（FlightControlState.TrailingEdgeFlapDeflectionRad）由机电与飞机系统发布，用于只读仿真状态、界面展示或外部 Agent 分析。","SI 单位；仅在有效性条件满足时使用。外部接口不可据此发送控制命令。"
"systems","偏航指令归一化值","FlightControlState.YawCommandNormalized","double","number","float64 little-endian","0..1","0","1","-","否","上级快照 valid / 字段定义域","10 Hz","机电与飞机系统","IFlightDataHub.TryGetAircraft","SystemsState.YawCommandNormalized / float64 little-endian","data[domain=systemsState].payload.YawCommandNormalized","systems.csv:YawCommandNormalized","0.75","2.0.0 / Contract 2","偏航指令归一化值（FlightControlState.YawCommandNormalized）由机电与飞机系统发布，用于只读仿真状态、界面展示或外部 Agent 分析。","SI 单位；仅在有效性条件满足时使用。外部接口不可据此发送控制命令。"
"systems","返航油量燃油千克","FuelState.BingoFuelKg","double","number","float64 little-endian","kg","由模型定义","由模型定义","-","否","上级快照 valid / 字段定义域","10 Hz","机电与飞机系统","IFlightDataHub.TryGetAircraft","SystemsState.BingoFuelKg / float64 little-endian","data[domain=systemsState].payload.BingoFuelKg","systems.csv:BingoFuelKg","0","2.0.0 / Contract 2","返航油量燃油千克（FuelState.BingoFuelKg）由机电与飞机系统发布，用于只读仿真状态、界面展示或外部 Agent 分析。","SI 单位；仅在有效性条件满足时使用。外部接口不可据此发送控制命令。"
"systems","重心位置（% MAC）","FuelState.CenterOfGravityPercentMac","double","number","float64 little-endian","无量纲","由模型定义","由模型定义","-","否","上级快照 valid / 字段定义域","10 Hz","机电与飞机系统","IFlightDataHub.TryGetAircraft","SystemsState.CenterOfGravityPercentMac / float64 little-endian","data[domain=systemsState].payload.CenterOfGravityPercentMac","systems.csv:CenterOfGravityPercentMac","0","2.0.0 / Contract 2","重心位置（% MAC）（FuelState.CenterOfGravityPercentMac）由机电与飞机系统发布，用于只读仿真状态、界面展示或外部 Agent 分析。","SI 单位；仅在有效性条件满足时使用。外部接口不可据此发送控制命令。"
"systems","外部燃油千克","FuelState.ExternalFuelKg","double","number","float64 little-endian","kg","由模型定义","由模型定义","-","否","上级快照 valid / 字段定义域","10 Hz","机电与飞机系统","IFlightDataHub.TryGetAircraft","SystemsState.ExternalFuelKg / float64 little-endian","data[domain=systemsState].payload.ExternalFuelKg","systems.csv:ExternalFuelKg","0","2.0.0 / Contract 2","外部燃油千克（FuelState.ExternalFuelKg）由机电与飞机系统发布，用于只读仿真状态、界面展示或外部 Agent 分析。","SI 单位；仅在有效性条件满足时使用。外部接口不可据此发送控制命令。"
"systems","燃油流量千克每秒","FuelState.FuelFlowKgps","double","number","float64 little-endian","kg/s","由模型定义","由模型定义","-","否","上级快照 valid / 字段定义域","10 Hz","机电与飞机系统","IFlightDataHub.TryGetAircraft","SystemsState.FuelFlowKgps / float64 little-endian","data[domain=systemsState].payload.FuelFlowKgps","systems.csv:FuelFlowKgps","0","2.0.0 / Contract 2","燃油流量千克每秒（FuelState.FuelFlowKgps）由机电与飞机系统发布，用于只读仿真状态、界面展示或外部 Agent 分析。","SI 单位；仅在有效性条件满足时使用。外部接口不可据此发送控制命令。"
"systems","燃油不平衡千克","FuelState.FuelImbalanceKg","double","number","float64 little-endian","kg","由模型定义","由模型定义","-","否","上级快照 valid / 字段定义域","10 Hz","机电与飞机系统","IFlightDataHub.TryGetAircraft","SystemsState.FuelImbalanceKg / float64 little-endian","data[domain=systemsState].payload.FuelImbalanceKg","systems.csv:FuelImbalanceKg","0","2.0.0 / Contract 2","燃油不平衡千克（FuelState.FuelImbalanceKg）由机电与飞机系统发布，用于只读仿真状态、界面展示或外部 Agent 分析。","SI 单位；仅在有效性条件满足时使用。外部接口不可据此发送控制命令。"
"systems","燃油泵启用","FuelState.FuelPumpEnabled","bool","boolean","uint8 (0/1)","布尔","false","true","-","否","上级快照 valid / 字段定义域","10 Hz","机电与飞机系统","IFlightDataHub.TryGetAircraft","SystemsState.FuelPumpEnabled / uint8 (0/1)","data[domain=systemsState].payload.FuelPumpEnabled","systems.csv:FuelPumpEnabled","true","2.0.0 / Contract 2","燃油泵启用（FuelState.FuelPumpEnabled）由机电与飞机系统发布，用于只读仿真状态、界面展示或外部 Agent 分析。","SI 单位；仅在有效性条件满足时使用。外部接口不可据此发送控制命令。"
"systems","内部燃油千克","FuelState.InternalFuelKg","double","number","float64 little-endian","kg","由模型定义","由模型定义","-","否","上级快照 valid / 字段定义域","10 Hz","机电与飞机系统","IFlightDataHub.TryGetAircraft","SystemsState.InternalFuelKg / float64 little-endian","data[domain=systemsState].payload.InternalFuelKg","systems.csv:InternalFuelKg","0","2.0.0 / Contract 2","内部燃油千克（FuelState.InternalFuelKg）由机电与飞机系统发布，用于只读仿真状态、界面展示或外部 Agent 分析。","SI 单位；仅在有效性条件满足时使用。外部接口不可据此发送控制命令。"
"systems","预警油量燃油千克","FuelState.JokerFuelKg","double","number","float64 little-endian","kg","由模型定义","由模型定义","-","否","上级快照 valid / 字段定义域","10 Hz","机电与飞机系统","IFlightDataHub.TryGetAircraft","SystemsState.JokerFuelKg / float64 little-endian","data[domain=systemsState].payload.JokerFuelKg","systems.csv:JokerFuelKg","0","2.0.0 / Contract 2","预警油量燃油千克（FuelState.JokerFuelKg）由机电与飞机系统发布，用于只读仿真状态、界面展示或外部 Agent 分析。","SI 单位；仅在有效性条件满足时使用。外部接口不可据此发送控制命令。"
"systems","左燃油千克","FuelState.LeftFuelKg","double","number","float64 little-endian","kg","由模型定义","由模型定义","-","否","上级快照 valid / 字段定义域","10 Hz","机电与飞机系统","IFlightDataHub.TryGetAircraft","SystemsState.LeftFuelKg / float64 little-endian","data[domain=systemsState].payload.LeftFuelKg","systems.csv:LeftFuelKg","0","2.0.0 / Contract 2","左燃油千克（FuelState.LeftFuelKg）由机电与飞机系统发布，用于只读仿真状态、界面展示或外部 Agent 分析。","SI 单位；仅在有效性条件满足时使用。外部接口不可据此发送控制命令。"
"systems","低燃油告警","FuelState.LowFuelWarning","bool","boolean","uint8 (0/1)","布尔","false","true","-","否","上级快照 valid / 字段定义域","10 Hz","机电与飞机系统","IFlightDataHub.TryGetAircraft","SystemsState.LowFuelWarning / uint8 (0/1)","data[domain=systemsState].payload.LowFuelWarning","systems.csv:LowFuelWarning","true","2.0.0 / Contract 2","低燃油告警（FuelState.LowFuelWarning）由机电与飞机系统发布，用于只读仿真状态、界面展示或外部 Agent 分析。","SI 单位；仅在有效性条件满足时使用。外部接口不可据此发送控制命令。"
"systems","右燃油千克","FuelState.RightFuelKg","double","number","float64 little-endian","kg","由模型定义","由模型定义","-","否","上级快照 valid / 字段定义域","10 Hz","机电与飞机系统","IFlightDataHub.TryGetAircraft","SystemsState.RightFuelKg / float64 little-endian","data[domain=systemsState].payload.RightFuelKg","systems.csv:RightFuelKg","0","2.0.0 / Contract 2","右燃油千克（FuelState.RightFuelKg）由机电与飞机系统发布，用于只读仿真状态、界面展示或外部 Agent 分析。","SI 单位；仅在有效性条件满足时使用。外部接口不可据此发送控制命令。"
"systems","总燃油千克","FuelState.TotalFuelKg","double","number","float64 little-endian","kg","由模型定义","由模型定义","-","否","上级快照 valid / 字段定义域","10 Hz","机电与飞机系统","IFlightDataHub.TryGetAircraft","SystemsState.TotalFuelKg / float64 little-endian","data[domain=systemsState].payload.TotalFuelKg","systems.csv:TotalFuelKg","0","2.0.0 / Contract 2","总燃油千克（FuelState.TotalFuelKg）由机电与飞机系统发布，用于只读仿真状态、界面展示或外部 Agent 分析。","SI 单位；仅在有效性条件满足时使用。外部接口不可据此发送控制命令。"
"systems","传输模式","FuelState.TransferMode","FuelTransferMode","string","int32 little-endian","枚举","见枚举","见枚举","Off | Automatic | Forward | Aft | ExternalToInternal","否","上级快照 valid / 字段定义域","10 Hz","机电与飞机系统","IFlightDataHub.TryGetAircraft","SystemsState.TransferMode / int32 little-endian","data[domain=systemsState].payload.TransferMode","systems.csv:TransferMode","Off","2.0.0 / Contract 2","传输模式（FuelState.TransferMode）由机电与飞机系统发布，用于只读仿真状态、界面展示或外部 Agent 分析。","SI 单位；仅在有效性条件满足时使用。外部接口不可据此发送控制命令。"
"systems","高度低告警米","HudState.AltitudeLowWarningM","double","number","float64 little-endian","m","由模型定义","由模型定义","-","否","HudState.IsValid","10 Hz","机电与飞机系统","IFlightDataHub.TryGetAircraft","SystemsState.AltitudeLowWarningM / float64 little-endian","data[domain=systemsState].payload.AltitudeLowWarningM","systems.csv:AltitudeLowWarningM","2765.0","2.0.0 / Contract 2","高度低告警米（HudState.AltitudeLowWarningM）由机电与飞机系统发布，用于只读仿真状态、界面展示或外部 Agent 分析。","SI 单位；仅在有效性条件满足时使用。外部接口不可据此发送控制命令。"
"systems","高度来源","HudState.AltitudeSource","HudAltitudeSource","string","int32 little-endian","枚举","见枚举","见枚举","Barometric | Radar | Automatic","否","HudState.IsValid","10 Hz","机电与飞机系统","IFlightDataHub.TryGetAircraft","SystemsState.AltitudeSource / int32 little-endian","data[domain=systemsState].payload.AltitudeSource","systems.csv:AltitudeSource","Barometric","2.0.0 / Contract 2","高度来源（HudState.AltitudeSource）由机电与飞机系统发布，用于只读仿真状态、界面展示或外部 Agent 分析。","SI 单位；仅在有效性条件满足时使用。外部接口不可据此发送控制命令。"
"systems","迎角（弧度）","HudState.AngleOfAttackRad","double","number","float64 little-endian","rad","由模型定义","由模型定义","-","否","HudState.IsValid","10 Hz","机电与飞机系统","IFlightDataHub.TryGetAircraft","SystemsState.AngleOfAttackRad / float64 little-endian","data[domain=systemsState].payload.AngleOfAttackRad","systems.csv:AngleOfAttackRad","0.523599","2.0.0 / Contract 2","迎角（弧度）（HudState.AngleOfAttackRad）由机电与飞机系统发布，用于只读仿真状态、界面展示或外部 Agent 分析。","SI 单位；仅在有效性条件满足时使用。外部接口不可据此发送控制命令。"
"systems","气压高度米","HudState.BarometricAltitudeM","double","number","float64 little-endian","m","由模型定义","由模型定义","-","否","HudState.IsValid","10 Hz","机电与飞机系统","IFlightDataHub.TryGetAircraft","SystemsState.BarometricAltitudeM / float64 little-endian","data[domain=systemsState].payload.BarometricAltitudeM","systems.csv:BarometricAltitudeM","2765.0","2.0.0 / Contract 2","气压高度米（HudState.BarometricAltitudeM）由机电与飞机系统发布，用于只读仿真状态、界面展示或外部 Agent 分析。","SI 单位；仅在有效性条件满足时使用。外部接口不可据此发送控制命令。"
"systems","亮度归一化值","HudState.BrightnessNormalized","double","number","float64 little-endian","0..1","0","1","-","否","HudState.IsValid","10 Hz","机电与飞机系统","IFlightDataHub.TryGetAircraft","SystemsState.BrightnessNormalized / float64 little-endian","data[domain=systemsState].payload.BrightnessNormalized","systems.csv:BrightnessNormalized","0.75","2.0.0 / Contract 2","亮度归一化值（HudState.BrightnessNormalized）由机电与飞机系统发布，用于只读仿真状态、界面展示或外部 Agent 分析。","SI 单位；仅在有效性条件满足时使用。外部接口不可据此发送控制命令。"
"systems","校准空速米每秒","HudState.CalibratedAirspeedMps","double","number","float64 little-endian","m/s","由模型定义","由模型定义","-","否","HudState.IsValid","10 Hz","机电与飞机系统","IFlightDataHub.TryGetAircraft","SystemsState.CalibratedAirspeedMps / float64 little-endian","data[domain=systemsState].payload.CalibratedAirspeedMps","systems.csv:CalibratedAirspeedMps","150.0","2.0.0 / Contract 2","校准空速米每秒（HudState.CalibratedAirspeedMps）由机电与飞机系统发布，用于只读仿真状态、界面展示或外部 Agent 分析。","SI 单位；仅在有效性条件满足时使用。外部接口不可据此发送控制命令。"
"systems","指令转向横向归一化值","HudState.CommandSteeringLateralNormalized","double","number","float64 little-endian","0..1","0","1","-","否","HudState.IsValid","10 Hz","机电与飞机系统","IFlightDataHub.TryGetAircraft","SystemsState.CommandSteeringLateralNormalized / float64 little-endian","data[domain=systemsState].payload.CommandSteeringLateralNormalized","systems.csv:CommandSteeringLateralNormalized","0.75","2.0.0 / Contract 2","指令转向横向归一化值（HudState.CommandSteeringLateralNormalized）由机电与飞机系统发布，用于只读仿真状态、界面展示或外部 Agent 分析。","SI 单位；仅在有效性条件满足时使用。外部接口不可据此发送控制命令。"
"systems","指令转向垂直归一化值","HudState.CommandSteeringVerticalNormalized","double","number","float64 little-endian","0..1","0","1","-","否","HudState.IsValid","10 Hz","机电与飞机系统","IFlightDataHub.TryGetAircraft","SystemsState.CommandSteeringVerticalNormalized / float64 little-endian","data[domain=systemsState].payload.CommandSteeringVerticalNormalized","systems.csv:CommandSteeringVerticalNormalized","0.75","2.0.0 / Contract 2","指令转向垂直归一化值（HudState.CommandSteeringVerticalNormalized）由机电与飞机系统发布，用于只读仿真状态、界面展示或外部 Agent 分析。","SI 单位；仅在有效性条件满足时使用。外部接口不可据此发送控制命令。"
"systems","偏流抑制","HudState.DriftCutout","bool","boolean","uint8 (0/1)","布尔","false","true","-","否","HudState.IsValid","10 Hz","机电与飞机系统","IFlightDataHub.TryGetAircraft","SystemsState.DriftCutout / uint8 (0/1)","data[domain=systemsState].payload.DriftCutout","systems.csv:DriftCutout","true","2.0.0 / Contract 2","偏流抑制（HudState.DriftCutout）由机电与飞机系统发布，用于只读仿真状态、界面展示或外部 Agent 分析。","SI 单位；仅在有效性条件满足时使用。外部接口不可据此发送控制命令。"
"systems","启用","HudState.Enabled","bool","boolean","uint8 (0/1)","布尔","false","true","-","否","HudState.IsValid","10 Hz","机电与飞机系统","IFlightDataHub.TryGetAircraft","SystemsState.Enabled / uint8 (0/1)","data[domain=systemsState].payload.Enabled","systems.csv:Enabled","true","2.0.0 / Contract 2","启用（HudState.Enabled）由机电与飞机系统发布，用于只读仿真状态、界面展示或外部 Agent 分析。","SI 单位；仅在有效性条件满足时使用。外部接口不可据此发送控制命令。"
"systems","飞行路径方位角弧度","HudState.FlightPathAzimuthRad","double","number","float64 little-endian","rad","由模型定义","由模型定义","-","否","HudState.IsValid","10 Hz","机电与飞机系统","IFlightDataHub.TryGetAircraft","SystemsState.FlightPathAzimuthRad / float64 little-endian","data[domain=systemsState].payload.FlightPathAzimuthRad","systems.csv:FlightPathAzimuthRad","0.523599","2.0.0 / Contract 2","飞行路径方位角弧度（HudState.FlightPathAzimuthRad）由机电与飞机系统发布，用于只读仿真状态、界面展示或外部 Agent 分析。","SI 单位；仅在有效性条件满足时使用。外部接口不可据此发送控制命令。"
"systems","飞行路径仰角弧度","HudState.FlightPathElevationRad","double","number","float64 little-endian","rad","由模型定义","由模型定义","-","否","HudState.IsValid","10 Hz","机电与飞机系统","IFlightDataHub.TryGetAircraft","SystemsState.FlightPathElevationRad / float64 little-endian","data[domain=systemsState].payload.FlightPathElevationRad","systems.csv:FlightPathElevationRad","0.523599","2.0.0 / Contract 2","飞行路径仰角弧度（HudState.FlightPathElevationRad）由机电与飞机系统发布，用于只读仿真状态、界面展示或外部 Agent 分析。","SI 单位；仅在有效性条件满足时使用。外部接口不可据此发送控制命令。"
"systems","下滑道偏差归一化值","HudState.GlideslopeDeviationNormalized","double","number","float64 little-endian","0..1","0","1","-","否","HudState.IsValid","10 Hz","机电与飞机系统","IFlightDataHub.TryGetAircraft","SystemsState.GlideslopeDeviationNormalized / float64 little-endian","data[domain=systemsState].payload.GlideslopeDeviationNormalized","systems.csv:GlideslopeDeviationNormalized","0.75","2.0.0 / Contract 2","下滑道偏差归一化值（HudState.GlideslopeDeviationNormalized）由机电与飞机系统发布，用于只读仿真状态、界面展示或外部 Agent 分析。","SI 单位；仅在有效性条件满足时使用。外部接口不可据此发送控制命令。"
"systems","下滑道有效","HudState.GlideslopeValid","bool","boolean","uint8 (0/1)","布尔","false","true","-","否","HudState.IsValid","10 Hz","机电与飞机系统","IFlightDataHub.TryGetAircraft","SystemsState.GlideslopeValid / uint8 (0/1)","data[domain=systemsState].payload.GlideslopeValid","systems.csv:GlideslopeValid","true","2.0.0 / Contract 2","下滑道有效（HudState.GlideslopeValid）由机电与飞机系统发布，用于只读仿真状态、界面展示或外部 Agent 分析。","SI 单位；仅在有效性条件满足时使用。外部接口不可据此发送控制命令。"
"systems","大圆转向误差弧度","HudState.GreatCircleSteeringErrorRad","double","number","float64 little-endian","rad","由模型定义","由模型定义","-","否","HudState.IsValid","10 Hz","机电与飞机系统","IFlightDataHub.TryGetAircraft","SystemsState.GreatCircleSteeringErrorRad / float64 little-endian","data[domain=systemsState].payload.GreatCircleSteeringErrorRad","systems.csv:GreatCircleSteeringErrorRad","0.523599","2.0.0 / Contract 2","大圆转向误差弧度（HudState.GreatCircleSteeringErrorRad）由机电与飞机系统发布，用于只读仿真状态、界面展示或外部 Agent 分析。","SI 单位；仅在有效性条件满足时使用。外部接口不可据此发送控制命令。"
"systems","地面速度米每秒","HudState.GroundSpeedMps","double","number","float64 little-endian","m/s","由模型定义","由模型定义","-","否","HudState.IsValid","10 Hz","机电与飞机系统","IFlightDataHub.TryGetAircraft","SystemsState.GroundSpeedMps / float64 little-endian","data[domain=systemsState].payload.GroundSpeedMps","systems.csv:GroundSpeedMps","150.0","2.0.0 / Contract 2","地面速度米每秒（HudState.GroundSpeedMps）由机电与飞机系统发布，用于只读仿真状态、界面展示或外部 Agent 分析。","SI 单位；仅在有效性条件满足时使用。外部接口不可据此发送控制命令。"
"systems","航向弧度","HudState.HeadingRad","double","number","float64 little-endian","rad","由模型定义","由模型定义","-","否","HudState.IsValid","10 Hz","机电与飞机系统","IFlightDataHub.TryGetAircraft","SystemsState.HeadingRad / float64 little-endian","data[domain=systemsState].payload.HeadingRad","systems.csv:HeadingRad","0.523599","2.0.0 / Contract 2","航向弧度（HudState.HeadingRad）由机电与飞机系统发布，用于只读仿真状态、界面展示或外部 Agent 分析。","SI 单位；仅在有效性条件满足时使用。外部接口不可据此发送控制命令。"
"systems","ILS启用","HudState.IlsEnabled","bool","boolean","uint8 (0/1)","布尔","false","true","-","否","HudState.IsValid","10 Hz","机电与飞机系统","IFlightDataHub.TryGetAircraft","SystemsState.IlsEnabled / uint8 (0/1)","data[domain=systemsState].payload.IlsEnabled","systems.csv:IlsEnabled","true","2.0.0 / Contract 2","ILS启用（HudState.IlsEnabled）由机电与飞机系统发布，用于只读仿真状态、界面展示或外部 Agent 分析。","SI 单位；仅在有效性条件满足时使用。外部接口不可据此发送控制命令。"
"systems","数据是否有效","HudState.IsValid","bool","boolean","uint8 (0/1)","布尔","false","true","-","否","自身布尔值","10 Hz","机电与飞机系统","IFlightDataHub.TryGetAircraft","SystemsState.IsValid / uint8 (0/1)","data[domain=systemsState].payload.IsValid","systems.csv:IsValid","true","2.0.0 / Contract 2","数据是否有效（HudState.IsValid）由机电与飞机系统发布，用于只读仿真状态、界面展示或外部 Agent 分析。","SI 单位；仅在有效性条件满足时使用。外部接口不可据此发送控制命令。"
"systems","着陆去杂波","HudState.LandingDeclutter","bool","boolean","uint8 (0/1)","布尔","false","true","-","否","HudState.IsValid","10 Hz","机电与飞机系统","IFlightDataHub.TryGetAircraft","SystemsState.LandingDeclutter / uint8 (0/1)","data[domain=systemsState].payload.LandingDeclutter","systems.csv:LandingDeclutter","true","2.0.0 / Contract 2","着陆去杂波（HudState.LandingDeclutter）由机电与飞机系统发布，用于只读仿真状态、界面展示或外部 Agent 分析。","SI 单位；仅在有效性条件满足时使用。外部接口不可据此发送控制命令。"
"systems","着陆起落架放下","HudState.LandingGearDown","bool","boolean","uint8 (0/1)","布尔","false","true","-","否","HudState.IsValid","10 Hz","机电与飞机系统","IFlightDataHub.TryGetAircraft","SystemsState.LandingGearDown / uint8 (0/1)","data[domain=systemsState].payload.LandingGearDown","systems.csv:LandingGearDown","true","2.0.0 / Contract 2","着陆起落架放下（HudState.LandingGearDown）由机电与飞机系统发布，用于只读仿真状态、界面展示或外部 Agent 分析。","SI 单位；仅在有效性条件满足时使用。外部接口不可据此发送控制命令。"
"systems","航向道偏差归一化值","HudState.LocalizerDeviationNormalized","double","number","float64 little-endian","0..1","0","1","-","否","HudState.IsValid","10 Hz","机电与飞机系统","IFlightDataHub.TryGetAircraft","SystemsState.LocalizerDeviationNormalized / float64 little-endian","data[domain=systemsState].payload.LocalizerDeviationNormalized","systems.csv:LocalizerDeviationNormalized","0.75","2.0.0 / Contract 2","航向道偏差归一化值（HudState.LocalizerDeviationNormalized）由机电与飞机系统发布，用于只读仿真状态、界面展示或外部 Agent 分析。","SI 单位；仅在有效性条件满足时使用。外部接口不可据此发送控制命令。"
"systems","航向道有效","HudState.LocalizerValid","bool","boolean","uint8 (0/1)","布尔","false","true","-","否","HudState.IsValid","10 Hz","机电与飞机系统","IFlightDataHub.TryGetAircraft","SystemsState.LocalizerValid / uint8 (0/1)","data[domain=systemsState].payload.LocalizerValid","systems.csv:LocalizerValid","true","2.0.0 / Contract 2","航向道有效（HudState.LocalizerValid）由机电与飞机系统发布，用于只读仿真状态、界面展示或外部 Agent 分析。","SI 单位；仅在有效性条件满足时使用。外部接口不可据此发送控制命令。"
"systems","马赫数","HudState.Mach","double","number","float64 little-endian","无量纲","由模型定义","由模型定义","-","否","HudState.IsValid","10 Hz","机电与飞机系统","IFlightDataHub.TryGetAircraft","SystemsState.Mach / float64 little-endian","data[domain=systemsState].payload.Mach","systems.csv:Mach","0","2.0.0 / Contract 2","马赫数（HudState.Mach）由机电与飞机系统发布，用于只读仿真状态、界面展示或外部 Agent 分析。","SI 单位；仅在有效性条件满足时使用。外部接口不可据此发送控制命令。"
"systems","主保险","HudState.MasterArm","MasterArmState","string","int32 little-endian","枚举","见枚举","见枚举","Safe | Simulate | Arm","否","HudState.IsValid","10 Hz","机电与飞机系统","IFlightDataHub.TryGetAircraft","SystemsState.MasterArm / int32 little-endian","data[domain=systemsState].payload.MasterArm","systems.csv:MasterArm","Safe","2.0.0 / Contract 2","主保险（HudState.MasterArm）由机电与飞机系统发布，用于只读仿真状态、界面展示或外部 Agent 分析。","SI 单位；仅在有效性条件满足时使用。外部接口不可据此发送控制命令。"
"systems","主保险启用","HudState.MasterArmEnabled","bool","boolean","uint8 (0/1)","布尔","false","true","-","否","HudState.IsValid","10 Hz","机电与飞机系统","IFlightDataHub.TryGetAircraft","SystemsState.MasterArmEnabled / uint8 (0/1)","data[domain=systemsState].payload.MasterArmEnabled","systems.csv:MasterArmEnabled","true","2.0.0 / Contract 2","主保险启用（HudState.MasterArmEnabled）由机电与飞机系统发布，用于只读仿真状态、界面展示或外部 Agent 分析。","SI 单位；仅在有效性条件满足时使用。外部接口不可据此发送控制命令。"
"systems","主注意","HudState.MasterCaution","bool","boolean","uint8 (0/1)","布尔","false","true","-","否","HudState.IsValid","10 Hz","机电与飞机系统","IFlightDataHub.TryGetAircraft","SystemsState.MasterCaution / uint8 (0/1)","data[domain=systemsState].payload.MasterCaution","systems.csv:MasterCaution","true","2.0.0 / Contract 2","主注意（HudState.MasterCaution）由机电与飞机系统发布，用于只读仿真状态、界面展示或外部 Agent 分析。","SI 单位；仅在有效性条件满足时使用。外部接口不可据此发送控制命令。"
"systems","主告警","HudState.MasterWarning","bool","boolean","uint8 (0/1)","布尔","false","true","-","否","HudState.IsValid","10 Hz","机电与飞机系统","IFlightDataHub.TryGetAircraft","SystemsState.MasterWarning / uint8 (0/1)","data[domain=systemsState].payload.MasterWarning","systems.csv:MasterWarning","true","2.0.0 / Contract 2","主告警（HudState.MasterWarning）由机电与飞机系统发布，用于只读仿真状态、界面展示或外部 Agent 分析。","SI 单位；仅在有效性条件满足时使用。外部接口不可据此发送控制命令。"
"systems","最大记录值载荷系数G","HudState.MaximumRecordedLoadFactorG","double","number","float64 little-endian","g","由模型定义","由模型定义","-","否","HudState.IsValid","10 Hz","机电与飞机系统","IFlightDataHub.TryGetAircraft","SystemsState.MaximumRecordedLoadFactorG / float64 little-endian","data[domain=systemsState].payload.MaximumRecordedLoadFactorG","systems.csv:MaximumRecordedLoadFactorG","0","2.0.0 / Contract 2","最大记录值载荷系数G（HudState.MaximumRecordedLoadFactorG）由机电与飞机系统发布，用于只读仿真状态、界面展示或外部 Agent 分析。","SI 单位；仅在有效性条件满足时使用。外部接口不可据此发送控制命令。"
"systems","模式","HudState.Mode","HudMode","string","int32 little-endian","枚举","见枚举","见枚举","Off | Nav | Landing | AirToAir","否","HudState.IsValid","10 Hz","机电与飞机系统","IFlightDataHub.TryGetAircraft","SystemsState.Mode / int32 little-endian","data[domain=systemsState].payload.Mode","systems.csv:Mode","Off","2.0.0 / Contract 2","模式（HudState.Mode）由机电与飞机系统发布，用于只读仿真状态、界面展示或外部 Agent 分析。","SI 单位；仅在有效性条件满足时使用。外部接口不可据此发送控制命令。"
"systems","法向载荷系数G","HudState.NormalLoadFactorG","double","number","float64 little-endian","g","由模型定义","由模型定义","-","否","HudState.IsValid","10 Hz","机电与飞机系统","IFlightDataHub.TryGetAircraft","SystemsState.NormalLoadFactorG / float64 little-endian","data[domain=systemsState].payload.NormalLoadFactorG","systems.csv:NormalLoadFactorG","0","2.0.0 / Contract 2","法向载荷系数G（HudState.NormalLoadFactorG）由机电与飞机系统发布，用于只读仿真状态、界面展示或外部 Agent 分析。","SI 单位；仅在有效性条件满足时使用。外部接口不可据此发送控制命令。"
"systems","俯仰弧度","HudState.PitchRad","double","number","float64 little-endian","rad","由模型定义","由模型定义","-","否","HudState.IsValid","10 Hz","机电与飞机系统","IFlightDataHub.TryGetAircraft","SystemsState.PitchRad / float64 little-endian","data[domain=systemsState].payload.PitchRad","systems.csv:PitchRad","0.523599","2.0.0 / Contract 2","俯仰弧度（HudState.PitchRad）由机电与飞机系统发布，用于只读仿真状态、界面展示或外部 Agent 分析。","SI 单位；仅在有效性条件满足时使用。外部接口不可据此发送控制命令。"
"systems","雷达高度米","HudState.RadarAltitudeM","double","number","float64 little-endian","m","由模型定义","由模型定义","-","否","HudState.IsValid","10 Hz","机电与飞机系统","IFlightDataHub.TryGetAircraft","SystemsState.RadarAltitudeM / float64 little-endian","data[domain=systemsState].payload.RadarAltitudeM","systems.csv:RadarAltitudeM","2765.0","2.0.0 / Contract 2","雷达高度米（HudState.RadarAltitudeM）由机电与飞机系统发布，用于只读仿真状态、界面展示或外部 Agent 分析。","SI 单位；仅在有效性条件满足时使用。外部接口不可据此发送控制命令。"
"systems","雷达高度有效","HudState.RadarAltitudeValid","bool","boolean","uint8 (0/1)","布尔","false","true","-","否","HudState.IsValid","10 Hz","机电与飞机系统","IFlightDataHub.TryGetAircraft","SystemsState.RadarAltitudeValid / uint8 (0/1)","data[domain=systemsState].payload.RadarAltitudeValid","systems.csv:RadarAltitudeValid","true","2.0.0 / Contract 2","雷达高度有效（HudState.RadarAltitudeValid）由机电与飞机系统发布，用于只读仿真状态、界面展示或外部 Agent 分析。","SI 单位；仅在有效性条件满足时使用。外部接口不可据此发送控制命令。"
"systems","滚转弧度","HudState.RollRad","double","number","float64 little-endian","rad","由模型定义","由模型定义","-","否","HudState.IsValid","10 Hz","机电与飞机系统","IFlightDataHub.TryGetAircraft","SystemsState.RollRad / float64 little-endian","data[domain=systemsState].payload.RollRad","systems.csv:RollRad","0.523599","2.0.0 / Contract 2","滚转弧度（HudState.RollRad）由机电与飞机系统发布，用于只读仿真状态、界面展示或外部 Agent 分析。","SI 单位；仅在有效性条件满足时使用。外部接口不可据此发送控制命令。"
"systems","比例模式","HudState.ScaleMode","HudScaleMode","string","int32 little-endian","枚举","见枚举","见枚举","VvVah | Vah | Off","否","HudState.IsValid","10 Hz","机电与飞机系统","IFlightDataHub.TryGetAircraft","SystemsState.ScaleMode / int32 little-endian","data[domain=systemsState].payload.ScaleMode","systems.csv:ScaleMode","VvVah","2.0.0 / Contract 2","比例模式（HudState.ScaleMode）由机电与飞机系统发布，用于只读仿真状态、界面展示或外部 Agent 分析。","SI 单位；仅在有效性条件满足时使用。外部接口不可据此发送控制命令。"
"systems","已选导航点序号","HudState.SelectedSteerpointIndex","int","number","int32 little-endian","无量纲","0 或 -1（未选择）","由容量定义","-","否","HudState.IsValid","10 Hz","机电与飞机系统","IFlightDataHub.TryGetAircraft","SystemsState.SelectedSteerpointIndex / int32 little-endian","data[domain=systemsState].payload.SelectedSteerpointIndex","systems.csv:SelectedSteerpointIndex","0","2.0.0 / Contract 2","已选导航点序号（HudState.SelectedSteerpointIndex）由机电与飞机系统发布，用于只读仿真状态、界面展示或外部 Agent 分析。","SI 单位；仅在有效性条件满足时使用。外部接口不可据此发送控制命令。"
"systems","已选挂载数量","HudState.SelectedStoreQuantity","int","number","int32 little-endian","无量纲","0 或 -1（未选择）","由容量定义","-","否","HudState.IsValid","10 Hz","机电与飞机系统","IFlightDataHub.TryGetAircraft","SystemsState.SelectedStoreQuantity / int32 little-endian","data[domain=systemsState].payload.SelectedStoreQuantity","systems.csv:SelectedStoreQuantity","0","2.0.0 / Contract 2","已选挂载数量（HudState.SelectedStoreQuantity）由机电与飞机系统发布，用于只读仿真状态、界面展示或外部 Agent 分析。","SI 单位；仅在有效性条件满足时使用。外部接口不可据此发送控制命令。"
"systems","已选挂载类型","HudState.SelectedStoreType","string","string","UTF-8 定长或长度前缀","无量纲","由模型定义","由模型定义","-","是","HudState.IsValid","10 Hz","机电与飞机系统","IFlightDataHub.TryGetAircraft","SystemsState.SelectedStoreType / UTF-8 定长或长度前缀","data[domain=systemsState].payload.SelectedStoreType","systems.csv:SelectedStoreType","示例","2.0.0 / Contract 2","已选挂载类型（HudState.SelectedStoreType）由机电与飞机系统发布，用于只读仿真状态、界面展示或外部 Agent 分析。","SI 单位；仅在有效性条件满足时使用。外部接口不可据此发送控制命令。"
"systems","显示飞行路径标记","HudState.ShowFlightPathMarker","bool","boolean","uint8 (0/1)","布尔","false","true","-","否","HudState.IsValid","10 Hz","机电与飞机系统","IFlightDataHub.TryGetAircraft","SystemsState.ShowFlightPathMarker / uint8 (0/1)","data[domain=systemsState].payload.ShowFlightPathMarker","systems.csv:ShowFlightPathMarker","true","2.0.0 / Contract 2","显示飞行路径标记（HudState.ShowFlightPathMarker）由机电与飞机系统发布，用于只读仿真状态、界面展示或外部 Agent 分析。","SI 单位；仅在有效性条件满足时使用。外部接口不可据此发送控制命令。"
"systems","导航点方位弧度","HudState.SteerpointBearingRad","double","number","float64 little-endian","rad","由模型定义","由模型定义","-","否","HudState.IsValid","10 Hz","机电与飞机系统","IFlightDataHub.TryGetAircraft","SystemsState.SteerpointBearingRad / float64 little-endian","data[domain=systemsState].payload.SteerpointBearingRad","systems.csv:SteerpointBearingRad","0.523599","2.0.0 / Contract 2","导航点方位弧度（HudState.SteerpointBearingRad）由机电与飞机系统发布，用于只读仿真状态、界面展示或外部 Agent 分析。","SI 单位；仅在有效性条件满足时使用。外部接口不可据此发送控制命令。"
"systems","导航点距离米","HudState.SteerpointDistanceM","double","number","float64 little-endian","m","由模型定义","由模型定义","-","否","HudState.IsValid","10 Hz","机电与飞机系统","IFlightDataHub.TryGetAircraft","SystemsState.SteerpointDistanceM / float64 little-endian","data[domain=systemsState].payload.SteerpointDistanceM","systems.csv:SteerpointDistanceM","2765.0","2.0.0 / Contract 2","导航点距离米（HudState.SteerpointDistanceM）由机电与飞机系统发布，用于只读仿真状态、界面展示或外部 Agent 分析。","SI 单位；仅在有效性条件满足时使用。外部接口不可据此发送控制命令。"
"systems","导航点仰角弧度","HudState.SteerpointElevationRad","double","number","float64 little-endian","rad","由模型定义","由模型定义","-","否","HudState.IsValid","10 Hz","机电与飞机系统","IFlightDataHub.TryGetAircraft","SystemsState.SteerpointElevationRad / float64 little-endian","data[domain=systemsState].payload.SteerpointElevationRad","systems.csv:SteerpointElevationRad","0.523599","2.0.0 / Contract 2","导航点仰角弧度（HudState.SteerpointElevationRad）由机电与飞机系统发布，用于只读仿真状态、界面展示或外部 Agent 分析。","SI 单位；仅在有效性条件满足时使用。外部接口不可据此发送控制命令。"
"systems","导航点斜距距离米","HudState.SteerpointSlantRangeM","double","number","float64 little-endian","m","由模型定义","由模型定义","-","否","HudState.IsValid","10 Hz","机电与飞机系统","IFlightDataHub.TryGetAircraft","SystemsState.SteerpointSlantRangeM / float64 little-endian","data[domain=systemsState].payload.SteerpointSlantRangeM","systems.csv:SteerpointSlantRangeM","2765.0","2.0.0 / Contract 2","导航点斜距距离米（HudState.SteerpointSlantRangeM）由机电与飞机系统发布，用于只读仿真状态、界面展示或外部 Agent 分析。","SI 单位；仅在有效性条件满足时使用。外部接口不可据此发送控制命令。"
"systems","导航点时间至可用秒","HudState.SteerpointTimeToGoS","double","number","float64 little-endian","无量纲","由模型定义","由模型定义","-","否","HudState.IsValid","10 Hz","机电与飞机系统","IFlightDataHub.TryGetAircraft","SystemsState.SteerpointTimeToGoS / float64 little-endian","data[domain=systemsState].payload.SteerpointTimeToGoS","systems.csv:SteerpointTimeToGoS","0","2.0.0 / Contract 2","导航点时间至可用秒（HudState.SteerpointTimeToGoS）由机电与飞机系统发布，用于只读仿真状态、界面展示或外部 Agent 分析。","SI 单位；仅在有效性条件满足时使用。外部接口不可据此发送控制命令。"
"systems","导航点有效","HudState.SteerpointValid","bool","boolean","uint8 (0/1)","布尔","false","true","-","否","HudState.IsValid","10 Hz","机电与飞机系统","IFlightDataHub.TryGetAircraft","SystemsState.SteerpointValid / uint8 (0/1)","data[domain=systemsState].payload.SteerpointValid","systems.csv:SteerpointValid","true","2.0.0 / Contract 2","导航点有效（HudState.SteerpointValid）由机电与飞机系统发布，用于只读仿真状态、界面展示或外部 Agent 分析。","SI 单位；仅在有效性条件满足时使用。外部接口不可据此发送控制命令。"
"systems","真空速米每秒","HudState.TrueAirspeedMps","double","number","float64 little-endian","m/s","由模型定义","由模型定义","-","否","HudState.IsValid","10 Hz","机电与飞机系统","IFlightDataHub.TryGetAircraft","SystemsState.TrueAirspeedMps / float64 little-endian","data[domain=systemsState].payload.TrueAirspeedMps","systems.csv:TrueAirspeedMps","150.0","2.0.0 / Contract 2","真空速米每秒（HudState.TrueAirspeedMps）由机电与飞机系统发布，用于只读仿真状态、界面展示或外部 Agent 分析。","SI 单位；仅在有效性条件满足时使用。外部接口不可据此发送控制命令。"
"systems","速度来源","HudState.VelocitySource","HudVelocitySource","string","int32 little-endian","枚举","见枚举","见枚举","Calibrated | True | Ground","否","HudState.IsValid","10 Hz","机电与飞机系统","IFlightDataHub.TryGetAircraft","SystemsState.VelocitySource / int32 little-endian","data[domain=systemsState].payload.VelocitySource","systems.csv:VelocitySource","Calibrated","2.0.0 / Contract 2","速度来源（HudState.VelocitySource）由机电与飞机系统发布，用于只读仿真状态、界面展示或外部 Agent 分析。","SI 单位；仅在有效性条件满足时使用。外部接口不可据此发送控制命令。"
"systems","垂直速度米每秒","HudState.VerticalSpeedMps","double","number","float64 little-endian","m/s","由模型定义","由模型定义","-","否","HudState.IsValid","10 Hz","机电与飞机系统","IFlightDataHub.TryGetAircraft","SystemsState.VerticalSpeedMps / float64 little-endian","data[domain=systemsState].payload.VerticalSpeedMps","systems.csv:VerticalSpeedMps","150.0","2.0.0 / Contract 2","垂直速度米每秒（HudState.VerticalSpeedMps）由机电与飞机系统发布，用于只读仿真状态、界面展示或外部 Agent 分析。","SI 单位；仅在有效性条件满足时使用。外部接口不可据此发送控制命令。"
"systems","重量接通机轮","HudState.WeightOnWheels","bool","boolean","uint8 (0/1)","布尔","false","true","-","否","HudState.IsValid","10 Hz","机电与飞机系统","IFlightDataHub.TryGetAircraft","SystemsState.WeightOnWheels / uint8 (0/1)","data[domain=systemsState].payload.WeightOnWheels","systems.csv:WeightOnWheels","true","2.0.0 / Contract 2","重量接通机轮（HudState.WeightOnWheels）由机电与飞机系统发布，用于只读仿真状态、界面展示或外部 Agent 分析。","SI 单位；仅在有效性条件满足时使用。外部接口不可据此发送控制命令。"
"systems","刹车压力帕","HydraulicState.BrakePressurePa","double","number","float64 little-endian","Pa","由模型定义","由模型定义","-","否","上级快照 valid / 字段定义域","10 Hz","机电与飞机系统","IFlightDataHub.TryGetAircraft","SystemsState.BrakePressurePa / float64 little-endian","data[domain=systemsState].payload.BrakePressurePa","systems.csv:BrakePressurePa","0","2.0.0 / Contract 2","刹车压力帕（HydraulicState.BrakePressurePa）由机电与飞机系统发布，用于只读仿真状态、界面展示或外部 Agent 分析。","SI 单位；仅在有效性条件满足时使用。外部接口不可据此发送控制命令。"
"systems","系统安培在线","HydraulicState.SystemAOnline","bool","boolean","uint8 (0/1)","布尔","false","true","-","否","上级快照 valid / 字段定义域","10 Hz","机电与飞机系统","IFlightDataHub.TryGetAircraft","SystemsState.SystemAOnline / uint8 (0/1)","data[domain=systemsState].payload.SystemAOnline","systems.csv:SystemAOnline","true","2.0.0 / Contract 2","系统安培在线（HydraulicState.SystemAOnline）由机电与飞机系统发布，用于只读仿真状态、界面展示或外部 Agent 分析。","SI 单位；仅在有效性条件满足时使用。外部接口不可据此发送控制命令。"
"systems","系统安培压力帕","HydraulicState.SystemAPressurePa","double","number","float64 little-endian","Pa","由模型定义","由模型定义","-","否","上级快照 valid / 字段定义域","10 Hz","机电与飞机系统","IFlightDataHub.TryGetAircraft","SystemsState.SystemAPressurePa / float64 little-endian","data[domain=systemsState].payload.SystemAPressurePa","systems.csv:SystemAPressurePa","0","2.0.0 / Contract 2","系统安培压力帕（HydraulicState.SystemAPressurePa）由机电与飞机系统发布，用于只读仿真状态、界面展示或外部 Agent 分析。","SI 单位；仅在有效性条件满足时使用。外部接口不可据此发送控制命令。"
"systems","系统B在线","HydraulicState.SystemBOnline","bool","boolean","uint8 (0/1)","布尔","false","true","-","否","上级快照 valid / 字段定义域","10 Hz","机电与飞机系统","IFlightDataHub.TryGetAircraft","SystemsState.SystemBOnline / uint8 (0/1)","data[domain=systemsState].payload.SystemBOnline","systems.csv:SystemBOnline","true","2.0.0 / Contract 2","系统B在线（HydraulicState.SystemBOnline）由机电与飞机系统发布，用于只读仿真状态、界面展示或外部 Agent 分析。","SI 单位；仅在有效性条件满足时使用。外部接口不可据此发送控制命令。"
"systems","系统B压力帕","HydraulicState.SystemBPressurePa","double","number","float64 little-endian","Pa","由模型定义","由模型定义","-","否","上级快照 valid / 字段定义域","10 Hz","机电与飞机系统","IFlightDataHub.TryGetAircraft","SystemsState.SystemBPressurePa / float64 little-endian","data[domain=systemsState].payload.SystemBPressurePa","systems.csv:SystemBPressurePa","0","2.0.0 / Contract 2","系统B压力帕（HydraulicState.SystemBPressurePa）由机电与飞机系统发布，用于只读仿真状态、界面展示或外部 Agent 分析。","SI 单位；仅在有效性条件满足时使用。外部接口不可据此发送控制命令。"
"systems","座舱盖位置归一化值","LandingGearState.CanopyPositionNormalized","double","number","float64 little-endian","0..1","0","1","-","否","上级快照 valid / 字段定义域","10 Hz","机电与飞机系统","IFlightDataHub.TryGetAircraft","SystemsState.CanopyPositionNormalized / float64 little-endian","data[domain=systemsState].payload.CanopyPositionNormalized","systems.csv:CanopyPositionNormalized","0.75","2.0.0 / Contract 2","座舱盖位置归一化值（LandingGearState.CanopyPositionNormalized）由机电与飞机系统发布，用于只读仿真状态、界面展示或外部 Agent 分析。","SI 单位；仅在有效性条件满足时使用。外部接口不可据此发送控制命令。"
"systems","左刹车压力帕","LandingGearState.LeftBrakePressurePa","double","number","float64 little-endian","Pa","由模型定义","由模型定义","-","否","上级快照 valid / 字段定义域","10 Hz","机电与飞机系统","IFlightDataHub.TryGetAircraft","SystemsState.LeftBrakePressurePa / float64 little-endian","data[domain=systemsState].payload.LeftBrakePressurePa","systems.csv:LeftBrakePressurePa","0","2.0.0 / Contract 2","左刹车压力帕（LandingGearState.LeftBrakePressurePa）由机电与飞机系统发布，用于只读仿真状态、界面展示或外部 Agent 分析。","SI 单位；仅在有效性条件满足时使用。外部接口不可据此发送控制命令。"
"systems","左主起落架位置归一化值","LandingGearState.LeftMainGearPositionNormalized","double","number","float64 little-endian","0..1","0","1","-","否","上级快照 valid / 字段定义域","10 Hz","机电与飞机系统","IFlightDataHub.TryGetAircraft","SystemsState.LeftMainGearPositionNormalized / float64 little-endian","data[domain=systemsState].payload.LeftMainGearPositionNormalized","systems.csv:LeftMainGearPositionNormalized","0.75","2.0.0 / Contract 2","左主起落架位置归一化值（LandingGearState.LeftMainGearPositionNormalized）由机电与飞机系统发布，用于只读仿真状态、界面展示或外部 Agent 分析。","SI 单位；仅在有效性条件满足时使用。外部接口不可据此发送控制命令。"
"systems","前起落架位置归一化值","LandingGearState.NoseGearPositionNormalized","double","number","float64 little-endian","0..1","0","1","-","否","上级快照 valid / 字段定义域","10 Hz","机电与飞机系统","IFlightDataHub.TryGetAircraft","SystemsState.NoseGearPositionNormalized / float64 little-endian","data[domain=systemsState].payload.NoseGearPositionNormalized","systems.csv:NoseGearPositionNormalized","0.75","2.0.0 / Contract 2","前起落架位置归一化值（LandingGearState.NoseGearPositionNormalized）由机电与飞机系统发布，用于只读仿真状态、界面展示或外部 Agent 分析。","SI 单位；仅在有效性条件满足时使用。外部接口不可据此发送控制命令。"
"systems","前机轮转向启用","LandingGearState.NoseWheelSteeringEnabled","bool","boolean","uint8 (0/1)","布尔","false","true","-","否","上级快照 valid / 字段定义域","10 Hz","机电与飞机系统","IFlightDataHub.TryGetAircraft","SystemsState.NoseWheelSteeringEnabled / uint8 (0/1)","data[domain=systemsState].payload.NoseWheelSteeringEnabled","systems.csv:NoseWheelSteeringEnabled","true","2.0.0 / Contract 2","前机轮转向启用（LandingGearState.NoseWheelSteeringEnabled）由机电与飞机系统发布，用于只读仿真状态、界面展示或外部 Agent 分析。","SI 单位；仅在有效性条件满足时使用。外部接口不可据此发送控制命令。"
"systems","右刹车压力帕","LandingGearState.RightBrakePressurePa","double","number","float64 little-endian","Pa","由模型定义","由模型定义","-","否","上级快照 valid / 字段定义域","10 Hz","机电与飞机系统","IFlightDataHub.TryGetAircraft","SystemsState.RightBrakePressurePa / float64 little-endian","data[domain=systemsState].payload.RightBrakePressurePa","systems.csv:RightBrakePressurePa","0","2.0.0 / Contract 2","右刹车压力帕（LandingGearState.RightBrakePressurePa）由机电与飞机系统发布，用于只读仿真状态、界面展示或外部 Agent 分析。","SI 单位；仅在有效性条件满足时使用。外部接口不可据此发送控制命令。"
"systems","右主起落架位置归一化值","LandingGearState.RightMainGearPositionNormalized","double","number","float64 little-endian","0..1","0","1","-","否","上级快照 valid / 字段定义域","10 Hz","机电与飞机系统","IFlightDataHub.TryGetAircraft","SystemsState.RightMainGearPositionNormalized / float64 little-endian","data[domain=systemsState].payload.RightMainGearPositionNormalized","systems.csv:RightMainGearPositionNormalized","0.75","2.0.0 / Contract 2","右主起落架位置归一化值（LandingGearState.RightMainGearPositionNormalized）由机电与飞机系统发布，用于只读仿真状态、界面展示或外部 Agent 分析。","SI 单位；仅在有效性条件满足时使用。外部接口不可据此发送控制命令。"
"systems","速度刹车位置归一化值","LandingGearState.SpeedBrakePositionNormalized","double","number","float64 little-endian","0..1","0","1","-","否","上级快照 valid / 字段定义域","10 Hz","机电与飞机系统","IFlightDataHub.TryGetAircraft","SystemsState.SpeedBrakePositionNormalized / float64 little-endian","data[domain=systemsState].payload.SpeedBrakePositionNormalized","systems.csv:SpeedBrakePositionNormalized","0.75","2.0.0 / Contract 2","速度刹车位置归一化值（LandingGearState.SpeedBrakePositionNormalized）由机电与飞机系统发布，用于只读仿真状态、界面展示或外部 Agent 分析。","SI 单位；仅在有效性条件满足时使用。外部接口不可据此发送控制命令。"
"systems","重量接通机轮","LandingGearState.WeightOnWheels","bool","boolean","uint8 (0/1)","布尔","false","true","-","否","上级快照 valid / 字段定义域","10 Hz","机电与飞机系统","IFlightDataHub.TryGetAircraft","SystemsState.WeightOnWheels / uint8 (0/1)","data[domain=systemsState].payload.WeightOnWheels","systems.csv:WeightOnWheels","true","2.0.0 / Contract 2","重量接通机轮（LandingGearState.WeightOnWheels）由机电与飞机系统发布，用于只读仿真状态、界面展示或外部 Agent 分析。","SI 单位；仅在有效性条件满足时使用。外部接口不可据此发送控制命令。"
"systems","加力当前","PropulsionState.AfterburnerActive","bool","boolean","uint8 (0/1)","布尔","false","true","-","否","上级快照 valid / 字段定义域","10 Hz","机电与飞机系统","IFlightDataHub.TryGetAircraft","SystemsState.AfterburnerActive / uint8 (0/1)","data[domain=systemsState].payload.AfterburnerActive","systems.csv:AfterburnerActive","true","2.0.0 / Contract 2","加力当前（PropulsionState.AfterburnerActive）由机电与飞机系统发布，用于只读仿真状态、界面展示或外部 Agent 分析。","SI 单位；仅在有效性条件满足时使用。外部接口不可据此发送控制命令。"
"systems","发动机运行","PropulsionState.EngineRunning","bool","boolean","uint8 (0/1)","布尔","false","true","-","否","上级快照 valid / 字段定义域","10 Hz","机电与飞机系统","IFlightDataHub.TryGetAircraft","SystemsState.EngineRunning / uint8 (0/1)","data[domain=systemsState].payload.EngineRunning","systems.csv:EngineRunning","true","2.0.0 / Contract 2","发动机运行（PropulsionState.EngineRunning）由机电与飞机系统发布，用于只读仿真状态、界面展示或外部 Agent 分析。","SI 单位；仅在有效性条件满足时使用。外部接口不可据此发送控制命令。"
"systems","排气燃气温度C","PropulsionState.ExhaustGasTemperatureC","double","number","float64 little-endian","degC","由模型定义","由模型定义","-","否","上级快照 valid / 字段定义域","10 Hz","机电与飞机系统","IFlightDataHub.TryGetAircraft","SystemsState.ExhaustGasTemperatureC / float64 little-endian","data[domain=systemsState].payload.ExhaustGasTemperatureC","systems.csv:ExhaustGasTemperatureC","0","2.0.0 / Contract 2","排气燃气温度C（PropulsionState.ExhaustGasTemperatureC）由机电与飞机系统发布，用于只读仿真状态、界面展示或外部 Agent 分析。","SI 单位；仅在有效性条件满足时使用。外部接口不可据此发送控制命令。"
"systems","燃油流量千克每秒","PropulsionState.FuelFlowKgps","double","number","float64 little-endian","kg/s","由模型定义","由模型定义","-","否","上级快照 valid / 字段定义域","10 Hz","机电与飞机系统","IFlightDataHub.TryGetAircraft","SystemsState.FuelFlowKgps / float64 little-endian","data[domain=systemsState].payload.FuelFlowKgps","systems.csv:FuelFlowKgps","0","2.0.0 / Contract 2","燃油流量千克每秒（PropulsionState.FuelFlowKgps）由机电与飞机系统发布，用于只读仿真状态、界面展示或外部 Agent 分析。","SI 单位；仅在有效性条件满足时使用。外部接口不可据此发送控制命令。"
"systems","模式","PropulsionState.Mode","EngineMode","string","int32 little-endian","枚举","见枚举","见枚举","Off | Starting | Idle | Military | Afterburner | Failed","否","上级快照 valid / 字段定义域","10 Hz","机电与飞机系统","IFlightDataHub.TryGetAircraft","SystemsState.Mode / int32 little-endian","data[domain=systemsState].payload.Mode","systems.csv:Mode","Off","2.0.0 / Contract 2","模式（PropulsionState.Mode）由机电与飞机系统发布，用于只读仿真状态、界面展示或外部 Agent 分析。","SI 单位；仅在有效性条件满足时使用。外部接口不可据此发送控制命令。"
"systems","N1百分比","PropulsionState.N1Percent","double","number","float64 little-endian","%","由模型定义","由模型定义","-","否","上级快照 valid / 字段定义域","10 Hz","机电与飞机系统","IFlightDataHub.TryGetAircraft","SystemsState.N1Percent / float64 little-endian","data[domain=systemsState].payload.N1Percent","systems.csv:N1Percent","0","2.0.0 / Contract 2","N1百分比（PropulsionState.N1Percent）由机电与飞机系统发布，用于只读仿真状态、界面展示或外部 Agent 分析。","SI 单位；仅在有效性条件满足时使用。外部接口不可据此发送控制命令。"
"systems","N2百分比","PropulsionState.N2Percent","double","number","float64 little-endian","%","由模型定义","由模型定义","-","否","上级快照 valid / 字段定义域","10 Hz","机电与飞机系统","IFlightDataHub.TryGetAircraft","SystemsState.N2Percent / float64 little-endian","data[domain=systemsState].payload.N2Percent","systems.csv:N2Percent","0","2.0.0 / Contract 2","N2百分比（PropulsionState.N2Percent）由机电与飞机系统发布，用于只读仿真状态、界面展示或外部 Agent 分析。","SI 单位；仅在有效性条件满足时使用。外部接口不可据此发送控制命令。"
"systems","喷口位置归一化值","PropulsionState.NozzlePositionNormalized","double","number","float64 little-endian","0..1","0","1","-","否","上级快照 valid / 字段定义域","10 Hz","机电与飞机系统","IFlightDataHub.TryGetAircraft","SystemsState.NozzlePositionNormalized / float64 little-endian","data[domain=systemsState].payload.NozzlePositionNormalized","systems.csv:NozzlePositionNormalized","0.75","2.0.0 / Contract 2","喷口位置归一化值（PropulsionState.NozzlePositionNormalized）由机电与飞机系统发布，用于只读仿真状态、界面展示或外部 Agent 分析。","SI 单位；仅在有效性条件满足时使用。外部接口不可据此发送控制命令。"
"systems","推力牛顿","PropulsionState.ThrustN","double","number","float64 little-endian","N","由模型定义","由模型定义","-","否","上级快照 valid / 字段定义域","10 Hz","机电与飞机系统","IFlightDataHub.TryGetAircraft","SystemsState.ThrustN / float64 little-endian","data[domain=systemsState].payload.ThrustN","systems.csv:ThrustN","0","2.0.0 / Contract 2","推力牛顿（PropulsionState.ThrustN）由机电与飞机系统发布，用于只读仿真状态、界面展示或外部 Agent 分析。","SI 单位；仅在有效性条件满足时使用。外部接口不可据此发送控制命令。"
"systems","Station0","StoreStationCollection.Station0","StoreStationState","object","嵌套结构顺序编码","无量纲","由模型定义","由模型定义","-","否","上级快照 valid / 字段定义域","10 Hz","机电与飞机系统","IFlightDataHub.TryGetAircraft","SystemsState.Station0 / 嵌套结构顺序编码","data[domain=systemsState].payload.Station0","systems.csv:Station0","0","2.0.0 / Contract 2","Station0（StoreStationCollection.Station0）由机电与飞机系统发布，用于只读仿真状态、界面展示或外部 Agent 分析。","SI 单位；仅在有效性条件满足时使用。外部接口不可据此发送控制命令。"
"systems","Station1","StoreStationCollection.Station1","StoreStationState","object","嵌套结构顺序编码","无量纲","由模型定义","由模型定义","-","否","上级快照 valid / 字段定义域","10 Hz","机电与飞机系统","IFlightDataHub.TryGetAircraft","SystemsState.Station1 / 嵌套结构顺序编码","data[domain=systemsState].payload.Station1","systems.csv:Station1","0","2.0.0 / Contract 2","Station1（StoreStationCollection.Station1）由机电与飞机系统发布，用于只读仿真状态、界面展示或外部 Agent 分析。","SI 单位；仅在有效性条件满足时使用。外部接口不可据此发送控制命令。"
"systems","Station2","StoreStationCollection.Station2","StoreStationState","object","嵌套结构顺序编码","无量纲","由模型定义","由模型定义","-","否","上级快照 valid / 字段定义域","10 Hz","机电与飞机系统","IFlightDataHub.TryGetAircraft","SystemsState.Station2 / 嵌套结构顺序编码","data[domain=systemsState].payload.Station2","systems.csv:Station2","0","2.0.0 / Contract 2","Station2（StoreStationCollection.Station2）由机电与飞机系统发布，用于只读仿真状态、界面展示或外部 Agent 分析。","SI 单位；仅在有效性条件满足时使用。外部接口不可据此发送控制命令。"
"systems","Station3","StoreStationCollection.Station3","StoreStationState","object","嵌套结构顺序编码","无量纲","由模型定义","由模型定义","-","否","上级快照 valid / 字段定义域","10 Hz","机电与飞机系统","IFlightDataHub.TryGetAircraft","SystemsState.Station3 / 嵌套结构顺序编码","data[domain=systemsState].payload.Station3","systems.csv:Station3","0","2.0.0 / Contract 2","Station3（StoreStationCollection.Station3）由机电与飞机系统发布，用于只读仿真状态、界面展示或外部 Agent 分析。","SI 单位；仅在有效性条件满足时使用。外部接口不可据此发送控制命令。"
"systems","Station4","StoreStationCollection.Station4","StoreStationState","object","嵌套结构顺序编码","无量纲","由模型定义","由模型定义","-","否","上级快照 valid / 字段定义域","10 Hz","机电与飞机系统","IFlightDataHub.TryGetAircraft","SystemsState.Station4 / 嵌套结构顺序编码","data[domain=systemsState].payload.Station4","systems.csv:Station4","0","2.0.0 / Contract 2","Station4（StoreStationCollection.Station4）由机电与飞机系统发布，用于只读仿真状态、界面展示或外部 Agent 分析。","SI 单位；仅在有效性条件满足时使用。外部接口不可据此发送控制命令。"
"systems","Station5","StoreStationCollection.Station5","StoreStationState","object","嵌套结构顺序编码","无量纲","由模型定义","由模型定义","-","否","上级快照 valid / 字段定义域","10 Hz","机电与飞机系统","IFlightDataHub.TryGetAircraft","SystemsState.Station5 / 嵌套结构顺序编码","data[domain=systemsState].payload.Station5","systems.csv:Station5","0","2.0.0 / Contract 2","Station5（StoreStationCollection.Station5）由机电与飞机系统发布，用于只读仿真状态、界面展示或外部 Agent 分析。","SI 单位；仅在有效性条件满足时使用。外部接口不可据此发送控制命令。"
"systems","Station6","StoreStationCollection.Station6","StoreStationState","object","嵌套结构顺序编码","无量纲","由模型定义","由模型定义","-","否","上级快照 valid / 字段定义域","10 Hz","机电与飞机系统","IFlightDataHub.TryGetAircraft","SystemsState.Station6 / 嵌套结构顺序编码","data[domain=systemsState].payload.Station6","systems.csv:Station6","0","2.0.0 / Contract 2","Station6（StoreStationCollection.Station6）由机电与飞机系统发布，用于只读仿真状态、界面展示或外部 Agent 分析。","SI 单位；仅在有效性条件满足时使用。外部接口不可据此发送控制命令。"
"systems","Station7","StoreStationCollection.Station7","StoreStationState","object","嵌套结构顺序编码","无量纲","由模型定义","由模型定义","-","否","上级快照 valid / 字段定义域","10 Hz","机电与飞机系统","IFlightDataHub.TryGetAircraft","SystemsState.Station7 / 嵌套结构顺序编码","data[domain=systemsState].payload.Station7","systems.csv:Station7","0","2.0.0 / Contract 2","Station7（StoreStationCollection.Station7）由机电与飞机系统发布，用于只读仿真状态、界面展示或外部 Agent 分析。","SI 单位；仅在有效性条件满足时使用。外部接口不可据此发送控制命令。"
"systems","Station8","StoreStationCollection.Station8","StoreStationState","object","嵌套结构顺序编码","无量纲","由模型定义","由模型定义","-","否","上级快照 valid / 字段定义域","10 Hz","机电与飞机系统","IFlightDataHub.TryGetAircraft","SystemsState.Station8 / 嵌套结构顺序编码","data[domain=systemsState].payload.Station8","systems.csv:Station8","0","2.0.0 / Contract 2","Station8（StoreStationCollection.Station8）由机电与飞机系统发布，用于只读仿真状态、界面展示或外部 Agent 分析。","SI 单位；仅在有效性条件满足时使用。外部接口不可据此发送控制命令。"
"systems","阻力系数","StoreStationState.DragCoefficient","double","number","float64 little-endian","无量纲","由模型定义","由模型定义","-","否","上级快照 valid / 字段定义域","10 Hz","机电与飞机系统","IFlightDataHub.TryGetAircraft","SystemsState.DragCoefficient / float64 little-endian","data[domain=systemsState].payload.DragCoefficient","systems.csv:DragCoefficient","0","2.0.0 / Contract 2","阻力系数（StoreStationState.DragCoefficient）由机电与飞机系统发布，用于只读仿真状态、界面展示或外部 Agent 分析。","SI 单位；仅在有效性条件满足时使用。外部接口不可据此发送控制命令。"
"systems","是否已武装","StoreStationState.IsArmed","bool","boolean","uint8 (0/1)","布尔","false","true","-","否","上级快照 valid / 字段定义域","10 Hz","机电与飞机系统","IFlightDataHub.TryGetAircraft","SystemsState.IsArmed / uint8 (0/1)","data[domain=systemsState].payload.IsArmed","systems.csv:IsArmed","true","2.0.0 / Contract 2","是否已武装（StoreStationState.IsArmed）由机电与飞机系统发布，用于只读仿真状态、界面展示或外部 Agent 分析。","SI 单位；仅在有效性条件满足时使用。外部接口不可据此发送控制命令。"
"systems","是否就绪","StoreStationState.IsReady","bool","boolean","uint8 (0/1)","布尔","false","true","-","否","上级快照 valid / 字段定义域","10 Hz","机电与飞机系统","IFlightDataHub.TryGetAircraft","SystemsState.IsReady / uint8 (0/1)","data[domain=systemsState].payload.IsReady","systems.csv:IsReady","true","2.0.0 / Contract 2","是否就绪（StoreStationState.IsReady）由机电与飞机系统发布，用于只读仿真状态、界面展示或外部 Agent 分析。","SI 单位；仅在有效性条件满足时使用。外部接口不可据此发送控制命令。"
"systems","是否已释放","StoreStationState.IsReleased","bool","boolean","uint8 (0/1)","布尔","false","true","-","否","上级快照 valid / 字段定义域","10 Hz","机电与飞机系统","IFlightDataHub.TryGetAircraft","SystemsState.IsReleased / uint8 (0/1)","data[domain=systemsState].payload.IsReleased","systems.csv:IsReleased","true","2.0.0 / Contract 2","是否已释放（StoreStationState.IsReleased）由机电与飞机系统发布，用于只读仿真状态、界面展示或外部 Agent 分析。","SI 单位；仅在有效性条件满足时使用。外部接口不可据此发送控制命令。"
"systems","是否已选","StoreStationState.IsSelected","bool","boolean","uint8 (0/1)","布尔","false","true","-","否","上级快照 valid / 字段定义域","10 Hz","机电与飞机系统","IFlightDataHub.TryGetAircraft","SystemsState.IsSelected / uint8 (0/1)","data[domain=systemsState].payload.IsSelected","systems.csv:IsSelected","true","2.0.0 / Contract 2","是否已选（StoreStationState.IsSelected）由机电与飞机系统发布，用于只读仿真状态、界面展示或外部 Agent 分析。","SI 单位；仅在有效性条件满足时使用。外部接口不可据此发送控制命令。"
"systems","横向重心米","StoreStationState.LateralCgM","double","number","float64 little-endian","m","由模型定义","由模型定义","-","否","上级快照 valid / 字段定义域","10 Hz","机电与飞机系统","IFlightDataHub.TryGetAircraft","SystemsState.LateralCgM / float64 little-endian","data[domain=systemsState].payload.LateralCgM","systems.csv:LateralCgM","2765.0","2.0.0 / Contract 2","横向重心米（StoreStationState.LateralCgM）由机电与飞机系统发布，用于只读仿真状态、界面展示或外部 Agent 分析。","SI 单位；仅在有效性条件满足时使用。外部接口不可据此发送控制命令。"
"systems","纵向重心米","StoreStationState.LongitudinalCgM","double","number","float64 little-endian","m","由模型定义","由模型定义","-","否","上级快照 valid / 字段定义域","10 Hz","机电与飞机系统","IFlightDataHub.TryGetAircraft","SystemsState.LongitudinalCgM / float64 little-endian","data[domain=systemsState].payload.LongitudinalCgM","systems.csv:LongitudinalCgM","2765.0","2.0.0 / Contract 2","纵向重心米（StoreStationState.LongitudinalCgM）由机电与飞机系统发布，用于只读仿真状态、界面展示或外部 Agent 分析。","SI 单位；仅在有效性条件满足时使用。外部接口不可据此发送控制命令。"
"systems","数量","StoreStationState.Quantity","int","number","int32 little-endian","无量纲","0 或 -1（未选择）","由容量定义","-","否","上级快照 valid / 字段定义域","10 Hz","机电与飞机系统","IFlightDataHub.TryGetAircraft","SystemsState.Quantity / int32 little-endian","data[domain=systemsState].payload.Quantity","systems.csv:Quantity","0","2.0.0 / Contract 2","数量（StoreStationState.Quantity）由机电与飞机系统发布，用于只读仿真状态、界面展示或外部 Agent 分析。","SI 单位；仅在有效性条件满足时使用。外部接口不可据此发送控制命令。"
"systems","挂点序号","StoreStationState.StationIndex","int","number","int32 little-endian","无量纲","0 或 -1（未选择）","由容量定义","-","否","上级快照 valid / 字段定义域","10 Hz","机电与飞机系统","IFlightDataHub.TryGetAircraft","SystemsState.StationIndex / int32 little-endian","data[domain=systemsState].payload.StationIndex","systems.csv:StationIndex","0","2.0.0 / Contract 2","挂点序号（StoreStationState.StationIndex）由机电与飞机系统发布，用于只读仿真状态、界面展示或外部 Agent 分析。","SI 单位；仅在有效性条件满足时使用。外部接口不可据此发送控制命令。"
"systems","挂载质量千克","StoreStationState.StoreMassKg","double","number","float64 little-endian","kg","由模型定义","由模型定义","-","否","上级快照 valid / 字段定义域","10 Hz","机电与飞机系统","IFlightDataHub.TryGetAircraft","SystemsState.StoreMassKg / float64 little-endian","data[domain=systemsState].payload.StoreMassKg","systems.csv:StoreMassKg","0","2.0.0 / Contract 2","挂载质量千克（StoreStationState.StoreMassKg）由机电与飞机系统发布，用于只读仿真状态、界面展示或外部 Agent 分析。","SI 单位；仅在有效性条件满足时使用。外部接口不可据此发送控制命令。"
"systems","挂载类型","StoreStationState.StoreType","string","string","UTF-8 定长或长度前缀","无量纲","由模型定义","由模型定义","-","是","上级快照 valid / 字段定义域","10 Hz","机电与飞机系统","IFlightDataHub.TryGetAircraft","SystemsState.StoreType / UTF-8 定长或长度前缀","data[domain=systemsState].payload.StoreType","systems.csv:StoreType","示例","2.0.0 / Contract 2","挂载类型（StoreStationState.StoreType）由机电与飞机系统发布，用于只读仿真状态、界面展示或外部 Agent 分析。","SI 单位；仅在有效性条件满足时使用。外部接口不可据此发送控制命令。"
"systems","挂点","StoresState.Stations","StoreStationCollection","object","嵌套结构顺序编码","无量纲","由模型定义","由模型定义","-","否","上级快照 valid / 字段定义域","10 Hz","机电与飞机系统","IFlightDataHub.TryGetAircraft","SystemsState.Stations / 嵌套结构顺序编码","data[domain=systemsState].payload.Stations","systems.csv:Stations","0","2.0.0 / Contract 2","挂点（StoresState.Stations）由机电与飞机系统发布，用于只读仿真状态、界面展示或外部 Agent 分析。","SI 单位；仅在有效性条件满足时使用。外部接口不可据此发送控制命令。"
"systems","座舱盖告警","WarningState.CanopyWarning","bool","boolean","uint8 (0/1)","布尔","false","true","-","否","上级快照 valid / 字段定义域","10 Hz","机电与飞机系统","IFlightDataHub.TryGetAircraft","SystemsState.CanopyWarning / uint8 (0/1)","data[domain=systemsState].payload.CanopyWarning","systems.csv:CanopyWarning","true","2.0.0 / Contract 2","座舱盖告警（WarningState.CanopyWarning）由机电与飞机系统发布，用于只读仿真状态、界面展示或外部 Agent 分析。","SI 单位；仅在有效性条件满足时使用。外部接口不可据此发送控制命令。"
"systems","电气告警","WarningState.ElectricalWarning","bool","boolean","uint8 (0/1)","布尔","false","true","-","否","上级快照 valid / 字段定义域","10 Hz","机电与飞机系统","IFlightDataHub.TryGetAircraft","SystemsState.ElectricalWarning / uint8 (0/1)","data[domain=systemsState].payload.ElectricalWarning","systems.csv:ElectricalWarning","true","2.0.0 / Contract 2","电气告警（WarningState.ElectricalWarning）由机电与飞机系统发布，用于只读仿真状态、界面展示或外部 Agent 分析。","SI 单位；仅在有效性条件满足时使用。外部接口不可据此发送控制命令。"
"systems","发射告警","WarningState.FireWarning","bool","boolean","uint8 (0/1)","布尔","false","true","-","否","上级快照 valid / 字段定义域","10 Hz","机电与飞机系统","IFlightDataHub.TryGetAircraft","SystemsState.FireWarning / uint8 (0/1)","data[domain=systemsState].payload.FireWarning","systems.csv:FireWarning","true","2.0.0 / Contract 2","发射告警（WarningState.FireWarning）由机电与飞机系统发布，用于只读仿真状态、界面展示或外部 Agent 分析。","SI 单位；仅在有效性条件满足时使用。外部接口不可据此发送控制命令。"
"systems","燃油告警","WarningState.FuelWarning","bool","boolean","uint8 (0/1)","布尔","false","true","-","否","上级快照 valid / 字段定义域","10 Hz","机电与飞机系统","IFlightDataHub.TryGetAircraft","SystemsState.FuelWarning / uint8 (0/1)","data[domain=systemsState].payload.FuelWarning","systems.csv:FuelWarning","true","2.0.0 / Contract 2","燃油告警（WarningState.FuelWarning）由机电与飞机系统发布，用于只读仿真状态、界面展示或外部 Agent 分析。","SI 单位；仅在有效性条件满足时使用。外部接口不可据此发送控制命令。"
"systems","液压告警","WarningState.HydraulicWarning","bool","boolean","uint8 (0/1)","布尔","false","true","-","否","上级快照 valid / 字段定义域","10 Hz","机电与飞机系统","IFlightDataHub.TryGetAircraft","SystemsState.HydraulicWarning / uint8 (0/1)","data[domain=systemsState].payload.HydraulicWarning","systems.csv:HydraulicWarning","true","2.0.0 / Contract 2","液压告警（WarningState.HydraulicWarning）由机电与飞机系统发布，用于只读仿真状态、界面展示或外部 Agent 分析。","SI 单位；仅在有效性条件满足时使用。外部接口不可据此发送控制命令。"
"systems","着陆起落架告警","WarningState.LandingGearWarning","bool","boolean","uint8 (0/1)","布尔","false","true","-","否","上级快照 valid / 字段定义域","10 Hz","机电与飞机系统","IFlightDataHub.TryGetAircraft","SystemsState.LandingGearWarning / uint8 (0/1)","data[domain=systemsState].payload.LandingGearWarning","systems.csv:LandingGearWarning","true","2.0.0 / Contract 2","着陆起落架告警（WarningState.LandingGearWarning）由机电与飞机系统发布，用于只读仿真状态、界面展示或外部 Agent 分析。","SI 单位；仅在有效性条件满足时使用。外部接口不可据此发送控制命令。"
"systems","低高度告警","WarningState.LowAltitudeWarning","bool","boolean","uint8 (0/1)","布尔","false","true","-","否","上级快照 valid / 字段定义域","10 Hz","机电与飞机系统","IFlightDataHub.TryGetAircraft","SystemsState.LowAltitudeWarning / uint8 (0/1)","data[domain=systemsState].payload.LowAltitudeWarning","systems.csv:LowAltitudeWarning","true","2.0.0 / Contract 2","低高度告警（WarningState.LowAltitudeWarning）由机电与飞机系统发布，用于只读仿真状态、界面展示或外部 Agent 分析。","SI 单位；仅在有效性条件满足时使用。外部接口不可据此发送控制命令。"
"systems","主注意","WarningState.MasterCaution","bool","boolean","uint8 (0/1)","布尔","false","true","-","否","上级快照 valid / 字段定义域","10 Hz","机电与飞机系统","IFlightDataHub.TryGetAircraft","SystemsState.MasterCaution / uint8 (0/1)","data[domain=systemsState].payload.MasterCaution","systems.csv:MasterCaution","true","2.0.0 / Contract 2","主注意（WarningState.MasterCaution）由机电与飞机系统发布，用于只读仿真状态、界面展示或外部 Agent 分析。","SI 单位；仅在有效性条件满足时使用。外部接口不可据此发送控制命令。"
"systems","主告警","WarningState.MasterWarning","bool","boolean","uint8 (0/1)","布尔","false","true","-","否","上级快照 valid / 字段定义域","10 Hz","机电与飞机系统","IFlightDataHub.TryGetAircraft","SystemsState.MasterWarning / uint8 (0/1)","data[domain=systemsState].payload.MasterWarning","systems.csv:MasterWarning","true","2.0.0 / Contract 2","主告警（WarningState.MasterWarning）由机电与飞机系统发布，用于只读仿真状态、界面展示或外部 Agent 分析。","SI 单位；仅在有效性条件满足时使用。外部接口不可据此发送控制命令。"
"systems","超速告警","WarningState.OverspeedWarning","bool","boolean","uint8 (0/1)","布尔","false","true","-","否","上级快照 valid / 字段定义域","10 Hz","机电与飞机系统","IFlightDataHub.TryGetAircraft","SystemsState.OverspeedWarning / uint8 (0/1)","data[domain=systemsState].payload.OverspeedWarning","systems.csv:OverspeedWarning","true","2.0.0 / Contract 2","超速告警（WarningState.OverspeedWarning）由机电与飞机系统发布，用于只读仿真状态、界面展示或外部 Agent 分析。","SI 单位；仅在有效性条件满足时使用。外部接口不可据此发送控制命令。"
"systems","失速告警","WarningState.StallWarning","bool","boolean","uint8 (0/1)","布尔","false","true","-","否","上级快照 valid / 字段定义域","10 Hz","机电与飞机系统","IFlightDataHub.TryGetAircraft","SystemsState.StallWarning / uint8 (0/1)","data[domain=systemsState].payload.StallWarning","systems.csv:StallWarning","true","2.0.0 / Contract 2","失速告警（WarningState.StallWarning）由机电与飞机系统发布，用于只读仿真状态、界面展示或外部 Agent 分析。","SI 单位；仅在有效性条件满足时使用。外部接口不可据此发送控制命令。"
"tactical","期望前向偏移米","FormationState.DesiredForwardOffsetM","double","number","float64 little-endian","m","由模型定义","由模型定义","-","否","上级快照 valid / 字段定义域","5 Hz","战术态势","IFlightDataHub.TryGetAircraft","TacticalPictureState.DesiredForwardOffsetM / float64 little-endian","data[domain=tacticalPicture].payload.DesiredForwardOffsetM","tactical.csv:DesiredForwardOffsetM","2765.0","2.0.0 / Contract 2","期望前向偏移米（FormationState.DesiredForwardOffsetM）由战术态势发布，用于只读仿真状态、界面展示或外部 Agent 分析。","SI 单位；仅在有效性条件满足时使用。外部接口不可据此发送控制命令。"
"tactical","期望右偏移米","FormationState.DesiredRightOffsetM","double","number","float64 little-endian","m","由模型定义","由模型定义","-","否","上级快照 valid / 字段定义域","5 Hz","战术态势","IFlightDataHub.TryGetAircraft","TacticalPictureState.DesiredRightOffsetM / float64 little-endian","data[domain=tacticalPicture].payload.DesiredRightOffsetM","tactical.csv:DesiredRightOffsetM","2765.0","2.0.0 / Contract 2","期望右偏移米（FormationState.DesiredRightOffsetM）由战术态势发布，用于只读仿真状态、界面展示或外部 Agent 分析。","SI 单位；仅在有效性条件满足时使用。外部接口不可据此发送控制命令。"
"tactical","期望上偏移米","FormationState.DesiredUpOffsetM","double","number","float64 little-endian","m","由模型定义","由模型定义","-","否","上级快照 valid / 字段定义域","5 Hz","战术态势","IFlightDataHub.TryGetAircraft","TacticalPictureState.DesiredUpOffsetM / float64 little-endian","data[domain=tacticalPicture].payload.DesiredUpOffsetM","tactical.csv:DesiredUpOffsetM","2765.0","2.0.0 / Contract 2","期望上偏移米（FormationState.DesiredUpOffsetM）由战术态势发布，用于只读仿真状态、界面展示或外部 Agent 分析。","SI 单位；仅在有效性条件满足时使用。外部接口不可据此发送控制命令。"
"tactical","编队槽位","FormationState.FormationSlot","int","number","int32 little-endian","无量纲","由模型定义","由模型定义","-","否","上级快照 valid / 字段定义域","5 Hz","战术态势","IFlightDataHub.TryGetAircraft","TacticalPictureState.FormationSlot / int32 little-endian","data[domain=tacticalPicture].payload.FormationSlot","tactical.csv:FormationSlot","0","2.0.0 / Contract 2","编队槽位（FormationState.FormationSlot）由战术态势发布，用于只读仿真状态、界面展示或外部 Agent 分析。","SI 单位；仅在有效性条件满足时使用。外部接口不可据此发送控制命令。"
"tactical","是否编队当前","FormationState.IsFormationActive","bool","boolean","uint8 (0/1)","布尔","false","true","-","否","上级快照 valid / 字段定义域","5 Hz","战术态势","IFlightDataHub.TryGetAircraft","TacticalPictureState.IsFormationActive / uint8 (0/1)","data[domain=tacticalPicture].payload.IsFormationActive","tactical.csv:IsFormationActive","true","2.0.0 / Contract 2","是否编队当前（FormationState.IsFormationActive）由战术态势发布，用于只读仿真状态、界面展示或外部 Agent 分析。","SI 单位；仅在有效性条件满足时使用。外部接口不可据此发送控制命令。"
"tactical","长机标识","FormationState.LeaderAircraft","AircraftId","string","UTF-8 定长或长度前缀","标识","由模型定义","由模型定义","-","否","上级快照 valid / 字段定义域","5 Hz","战术态势","IFlightDataHub.TryGetAircraft","TacticalPictureState.LeaderAircraft / UTF-8 定长或长度前缀","data[domain=tacticalPicture].payload.LeaderAircraft","tactical.csv:LeaderAircraft","VIPER-01","2.0.0 / Contract 2","长机标识（FormationState.LeaderAircraft）由战术态势发布，用于只读仿真状态、界面展示或外部 Agent 分析。","SI 单位；仅在有效性条件满足时使用。外部接口不可据此发送控制命令。"
"tactical","模式","FormationState.Mode","FormationMode","string","int32 little-endian","枚举","见枚举","见枚举","None | Rejoin | Maintain | BreakAway | ReturnToBase","否","上级快照 valid / 字段定义域","5 Hz","战术态势","IFlightDataHub.TryGetAircraft","TacticalPictureState.Mode / int32 little-endian","data[domain=tacticalPicture].payload.Mode","tactical.csv:Mode","None","2.0.0 / Contract 2","模式（FormationState.Mode）由战术态势发布，用于只读仿真状态、界面展示或外部 Agent 分析。","SI 单位；仅在有效性条件满足时使用。外部接口不可据此发送控制命令。"
"tactical","飞机","TacticalPictureState.Aircraft","AircraftId","string","UTF-8 定长或长度前缀","标识","由模型定义","由模型定义","-","否","上级快照 valid / 字段定义域","5 Hz","战术态势","IFlightDataHub.TryGetAircraft","TacticalPictureState.Aircraft / UTF-8 定长或长度前缀","data[domain=tacticalPicture].payload.Aircraft","tactical.csv:Aircraft","VIPER-01","2.0.0 / Contract 2","飞机（TacticalPictureState.Aircraft）由战术态势发布，用于只读仿真状态、界面展示或外部 Agent 分析。","SI 单位；仅在有效性条件满足时使用。外部接口不可据此发送控制命令。"
"tactical","编队","TacticalPictureState.Formation","FormationState","object","嵌套结构顺序编码","无量纲","由模型定义","由模型定义","-","否","上级快照 valid / 字段定义域","5 Hz","战术态势","IFlightDataHub.TryGetAircraft","TacticalPictureState.Formation / 嵌套结构顺序编码","data[domain=tacticalPicture].payload.Formation","tactical.csv:Formation","0","2.0.0 / Contract 2","编队（TacticalPictureState.Formation）由战术态势发布，用于只读仿真状态、界面展示或外部 Agent 分析。","SI 单位；仅在有效性条件满足时使用。外部接口不可据此发送控制命令。"
"tactical","仿真时间（秒）","TacticalPictureState.SimulationTimeS","double","number","float64 little-endian","s","由模型定义","由模型定义","-","否","上级快照 valid / 字段定义域","5 Hz","战术态势","IFlightDataHub.TryGetAircraft","TacticalPictureState.SimulationTimeS / float64 little-endian","data[domain=tacticalPicture].payload.SimulationTimeS","tactical.csv:SimulationTimeS","0","2.0.0 / Contract 2","仿真时间（秒）（TacticalPictureState.SimulationTimeS）由战术态势发布，用于只读仿真状态、界面展示或外部 Agent 分析。","SI 单位；仅在有效性条件满足时使用。外部接口不可据此发送控制命令。"
"tactical","航迹","TacticalPictureState.Tracks","TacticalTrackCollection","object","嵌套结构顺序编码","无量纲","由模型定义","由模型定义","-","否","上级快照 valid / 字段定义域","5 Hz","战术态势","IFlightDataHub.TryGetAircraft","TacticalPictureState.Tracks / 嵌套结构顺序编码","data[domain=tacticalPicture].payload.Tracks","tactical.csv:Tracks","0","2.0.0 / Contract 2","航迹（TacticalPictureState.Tracks）由战术态势发布，用于只读仿真状态、界面展示或外部 Agent 分析。","SI 单位；仅在有效性条件满足时使用。外部接口不可据此发送控制命令。"
"tactical","航路点","TacticalPictureState.Waypoints","WaypointCollection","object","嵌套结构顺序编码","无量纲","由模型定义","由模型定义","-","否","上级快照 valid / 字段定义域","5 Hz","战术态势","IFlightDataHub.TryGetAircraft","TacticalPictureState.Waypoints / 嵌套结构顺序编码","data[domain=tacticalPicture].payload.Waypoints","tactical.csv:Waypoints","0","2.0.0 / Contract 2","航路点（TacticalPictureState.Waypoints）由战术态势发布，用于只读仿真状态、界面展示或外部 Agent 分析。","SI 单位；仅在有效性条件满足时使用。外部接口不可据此发送控制命令。"
"tactical","敌我属性","TacticalTrack.Affiliation","TacticalTrackAffiliation","string","int32 little-endian","枚举","见枚举","见枚举","Unknown | Friendly | Neutral | Hostile","否","TacticalTrack.IsValid","5 Hz","战术态势","IFlightDataHub.TryGetAircraft","TacticalPictureState.Affiliation / int32 little-endian","data[domain=tacticalPicture].payload.Affiliation","tactical.csv:Affiliation","Unknown","2.0.0 / Contract 2","敌我属性（TacticalTrack.Affiliation）由战术态势发布，用于只读仿真状态、界面展示或外部 Agent 分析。","SI 单位；仅在有效性条件满足时使用。外部接口不可据此发送控制命令。"
"tactical","方位弧度","TacticalTrack.BearingRad","double","number","float64 little-endian","rad","由模型定义","由模型定义","-","否","TacticalTrack.IsValid","5 Hz","战术态势","IFlightDataHub.TryGetAircraft","TacticalPictureState.BearingRad / float64 little-endian","data[domain=tacticalPicture].payload.BearingRad","tactical.csv:BearingRad","0.523599","2.0.0 / Contract 2","方位弧度（TacticalTrack.BearingRad）由战术态势发布，用于只读仿真状态、界面展示或外部 Agent 分析。","SI 单位；仅在有效性条件满足时使用。外部接口不可据此发送控制命令。"
"tactical","分类","TacticalTrack.Classification","TacticalTrackClassification","string","int32 little-endian","枚举","见枚举","见枚举","Unknown | Air | Surface | Ground","否","TacticalTrack.IsValid","5 Hz","战术态势","IFlightDataHub.TryGetAircraft","TacticalPictureState.Classification / int32 little-endian","data[domain=tacticalPicture].payload.Classification","tactical.csv:Classification","Unknown","2.0.0 / Contract 2","分类（TacticalTrack.Classification）由战术态势发布，用于只读仿真状态、界面展示或外部 Agent 分析。","SI 单位；仅在有效性条件满足时使用。外部接口不可据此发送控制命令。"
"tactical","置信度归一化值","TacticalTrack.ConfidenceNormalized","double","number","float64 little-endian","0..1","0","1","-","否","TacticalTrack.IsValid","5 Hz","战术态势","IFlightDataHub.TryGetAircraft","TacticalPictureState.ConfidenceNormalized / float64 little-endian","data[domain=tacticalPicture].payload.ConfidenceNormalized","tactical.csv:ConfidenceNormalized","0.75","2.0.0 / Contract 2","置信度归一化值（TacticalTrack.ConfidenceNormalized）由战术态势发布，用于只读仿真状态、界面展示或外部 Agent 分析。","SI 单位；仅在有效性条件满足时使用。外部接口不可据此发送控制命令。"
"tactical","地心地固坐标位置X（米）","TacticalTrack.EcefPositionXM","double","number","float64 little-endian","m","由模型定义","由模型定义","-","否","TacticalTrack.IsValid","5 Hz","战术态势","IFlightDataHub.TryGetAircraft","TacticalPictureState.EcefPositionXM / float64 little-endian","data[domain=tacticalPicture].payload.EcefPositionXM","tactical.csv:EcefPositionXM","2765.0","2.0.0 / Contract 2","地心地固坐标位置X（米）（TacticalTrack.EcefPositionXM）由战术态势发布，用于只读仿真状态、界面展示或外部 Agent 分析。","SI 单位；仅在有效性条件满足时使用。外部接口不可据此发送控制命令。"
"tactical","地心地固坐标位置Y（米）","TacticalTrack.EcefPositionYM","double","number","float64 little-endian","m","由模型定义","由模型定义","-","否","TacticalTrack.IsValid","5 Hz","战术态势","IFlightDataHub.TryGetAircraft","TacticalPictureState.EcefPositionYM / float64 little-endian","data[domain=tacticalPicture].payload.EcefPositionYM","tactical.csv:EcefPositionYM","2765.0","2.0.0 / Contract 2","地心地固坐标位置Y（米）（TacticalTrack.EcefPositionYM）由战术态势发布，用于只读仿真状态、界面展示或外部 Agent 分析。","SI 单位；仅在有效性条件满足时使用。外部接口不可据此发送控制命令。"
"tactical","地心地固坐标位置Z（米）","TacticalTrack.EcefPositionZM","double","number","float64 little-endian","m","由模型定义","由模型定义","-","否","TacticalTrack.IsValid","5 Hz","战术态势","IFlightDataHub.TryGetAircraft","TacticalPictureState.EcefPositionZM / float64 little-endian","data[domain=tacticalPicture].payload.EcefPositionZM","tactical.csv:EcefPositionZM","2765.0","2.0.0 / Contract 2","地心地固坐标位置Z（米）（TacticalTrack.EcefPositionZM）由战术态势发布，用于只读仿真状态、界面展示或外部 Agent 分析。","SI 单位；仅在有效性条件满足时使用。外部接口不可据此发送控制命令。"
"tactical","地心地固坐标速度X米每秒","TacticalTrack.EcefVelocityXMps","double","number","float64 little-endian","m/s","由模型定义","由模型定义","-","否","TacticalTrack.IsValid","5 Hz","战术态势","IFlightDataHub.TryGetAircraft","TacticalPictureState.EcefVelocityXMps / float64 little-endian","data[domain=tacticalPicture].payload.EcefVelocityXMps","tactical.csv:EcefVelocityXMps","150.0","2.0.0 / Contract 2","地心地固坐标速度X米每秒（TacticalTrack.EcefVelocityXMps）由战术态势发布，用于只读仿真状态、界面展示或外部 Agent 分析。","SI 单位；仅在有效性条件满足时使用。外部接口不可据此发送控制命令。"
"tactical","地心地固坐标速度Y米每秒","TacticalTrack.EcefVelocityYMps","double","number","float64 little-endian","m/s","由模型定义","由模型定义","-","否","TacticalTrack.IsValid","5 Hz","战术态势","IFlightDataHub.TryGetAircraft","TacticalPictureState.EcefVelocityYMps / float64 little-endian","data[domain=tacticalPicture].payload.EcefVelocityYMps","tactical.csv:EcefVelocityYMps","150.0","2.0.0 / Contract 2","地心地固坐标速度Y米每秒（TacticalTrack.EcefVelocityYMps）由战术态势发布，用于只读仿真状态、界面展示或外部 Agent 分析。","SI 单位；仅在有效性条件满足时使用。外部接口不可据此发送控制命令。"
"tactical","地心地固坐标速度Z米每秒","TacticalTrack.EcefVelocityZMps","double","number","float64 little-endian","m/s","由模型定义","由模型定义","-","否","TacticalTrack.IsValid","5 Hz","战术态势","IFlightDataHub.TryGetAircraft","TacticalPictureState.EcefVelocityZMps / float64 little-endian","data[domain=tacticalPicture].payload.EcefVelocityZMps","tactical.csv:EcefVelocityZMps","150.0","2.0.0 / Contract 2","地心地固坐标速度Z米每秒（TacticalTrack.EcefVelocityZMps）由战术态势发布，用于只读仿真状态、界面展示或外部 Agent 分析。","SI 单位；仅在有效性条件满足时使用。外部接口不可据此发送控制命令。"
"tactical","仰角弧度","TacticalTrack.ElevationRad","double","number","float64 little-endian","rad","由模型定义","由模型定义","-","否","TacticalTrack.IsValid","5 Hz","战术态势","IFlightDataHub.TryGetAircraft","TacticalPictureState.ElevationRad / float64 little-endian","data[domain=tacticalPicture].payload.ElevationRad","tactical.csv:ElevationRad","0.523599","2.0.0 / Contract 2","仰角弧度（TacticalTrack.ElevationRad）由战术态势发布，用于只读仿真状态、界面展示或外部 Agent 分析。","SI 单位；仅在有效性条件满足时使用。外部接口不可据此发送控制命令。"
"tactical","数据是否有效","TacticalTrack.IsValid","bool","boolean","uint8 (0/1)","布尔","false","true","-","否","自身布尔值","5 Hz","战术态势","IFlightDataHub.TryGetAircraft","TacticalPictureState.IsValid / uint8 (0/1)","data[domain=tacticalPicture].payload.IsValid","tactical.csv:IsValid","true","2.0.0 / Contract 2","数据是否有效（TacticalTrack.IsValid）由战术态势发布，用于只读仿真状态、界面展示或外部 Agent 分析。","SI 单位；仅在有效性条件满足时使用。外部接口不可据此发送控制命令。"
"tactical","距离米","TacticalTrack.RangeM","double","number","float64 little-endian","m","由模型定义","由模型定义","-","否","TacticalTrack.IsValid","5 Hz","战术态势","IFlightDataHub.TryGetAircraft","TacticalPictureState.RangeM / float64 little-endian","data[domain=tacticalPicture].payload.RangeM","tactical.csv:RangeM","2765.0","2.0.0 / Contract 2","距离米（TacticalTrack.RangeM）由战术态势发布，用于只读仿真状态、界面展示或外部 Agent 分析。","SI 单位；仅在有效性条件满足时使用。外部接口不可据此发送控制命令。"
"tactical","航迹标识","TacticalTrack.TrackId","int","number","int32 little-endian","标识","由模型定义","由模型定义","-","否","TacticalTrack.IsValid","5 Hz","战术态势","IFlightDataHub.TryGetAircraft","TacticalPictureState.TrackId / int32 little-endian","data[domain=tacticalPicture].payload.TrackId","tactical.csv:TrackId","0","2.0.0 / Contract 2","航迹标识（TacticalTrack.TrackId）由战术态势发布，用于只读仿真状态、界面展示或外部 Agent 分析。","SI 单位；仅在有效性条件满足时使用。外部接口不可据此发送控制命令。"
"tactical","Track0","TacticalTrackCollection.Track0","TacticalTrack","object","嵌套结构顺序编码","无量纲","由模型定义","由模型定义","-","否","上级快照 valid / 字段定义域","5 Hz","战术态势","IFlightDataHub.TryGetAircraft","TacticalPictureState.Track0 / 嵌套结构顺序编码","data[domain=tacticalPicture].payload.Track0","tactical.csv:Track0","0","2.0.0 / Contract 2","Track0（TacticalTrackCollection.Track0）由战术态势发布，用于只读仿真状态、界面展示或外部 Agent 分析。","SI 单位；仅在有效性条件满足时使用。外部接口不可据此发送控制命令。"
"tactical","Track1","TacticalTrackCollection.Track1","TacticalTrack","object","嵌套结构顺序编码","无量纲","由模型定义","由模型定义","-","否","上级快照 valid / 字段定义域","5 Hz","战术态势","IFlightDataHub.TryGetAircraft","TacticalPictureState.Track1 / 嵌套结构顺序编码","data[domain=tacticalPicture].payload.Track1","tactical.csv:Track1","0","2.0.0 / Contract 2","Track1（TacticalTrackCollection.Track1）由战术态势发布，用于只读仿真状态、界面展示或外部 Agent 分析。","SI 单位；仅在有效性条件满足时使用。外部接口不可据此发送控制命令。"
"tactical","Track10","TacticalTrackCollection.Track10","TacticalTrack","object","嵌套结构顺序编码","无量纲","由模型定义","由模型定义","-","否","上级快照 valid / 字段定义域","5 Hz","战术态势","IFlightDataHub.TryGetAircraft","TacticalPictureState.Track10 / 嵌套结构顺序编码","data[domain=tacticalPicture].payload.Track10","tactical.csv:Track10","0","2.0.0 / Contract 2","Track10（TacticalTrackCollection.Track10）由战术态势发布，用于只读仿真状态、界面展示或外部 Agent 分析。","SI 单位；仅在有效性条件满足时使用。外部接口不可据此发送控制命令。"
"tactical","Track11","TacticalTrackCollection.Track11","TacticalTrack","object","嵌套结构顺序编码","无量纲","由模型定义","由模型定义","-","否","上级快照 valid / 字段定义域","5 Hz","战术态势","IFlightDataHub.TryGetAircraft","TacticalPictureState.Track11 / 嵌套结构顺序编码","data[domain=tacticalPicture].payload.Track11","tactical.csv:Track11","0","2.0.0 / Contract 2","Track11（TacticalTrackCollection.Track11）由战术态势发布，用于只读仿真状态、界面展示或外部 Agent 分析。","SI 单位；仅在有效性条件满足时使用。外部接口不可据此发送控制命令。"
"tactical","Track12","TacticalTrackCollection.Track12","TacticalTrack","object","嵌套结构顺序编码","无量纲","由模型定义","由模型定义","-","否","上级快照 valid / 字段定义域","5 Hz","战术态势","IFlightDataHub.TryGetAircraft","TacticalPictureState.Track12 / 嵌套结构顺序编码","data[domain=tacticalPicture].payload.Track12","tactical.csv:Track12","0","2.0.0 / Contract 2","Track12（TacticalTrackCollection.Track12）由战术态势发布，用于只读仿真状态、界面展示或外部 Agent 分析。","SI 单位；仅在有效性条件满足时使用。外部接口不可据此发送控制命令。"
"tactical","Track13","TacticalTrackCollection.Track13","TacticalTrack","object","嵌套结构顺序编码","无量纲","由模型定义","由模型定义","-","否","上级快照 valid / 字段定义域","5 Hz","战术态势","IFlightDataHub.TryGetAircraft","TacticalPictureState.Track13 / 嵌套结构顺序编码","data[domain=tacticalPicture].payload.Track13","tactical.csv:Track13","0","2.0.0 / Contract 2","Track13（TacticalTrackCollection.Track13）由战术态势发布，用于只读仿真状态、界面展示或外部 Agent 分析。","SI 单位；仅在有效性条件满足时使用。外部接口不可据此发送控制命令。"
"tactical","Track14","TacticalTrackCollection.Track14","TacticalTrack","object","嵌套结构顺序编码","无量纲","由模型定义","由模型定义","-","否","上级快照 valid / 字段定义域","5 Hz","战术态势","IFlightDataHub.TryGetAircraft","TacticalPictureState.Track14 / 嵌套结构顺序编码","data[domain=tacticalPicture].payload.Track14","tactical.csv:Track14","0","2.0.0 / Contract 2","Track14（TacticalTrackCollection.Track14）由战术态势发布，用于只读仿真状态、界面展示或外部 Agent 分析。","SI 单位；仅在有效性条件满足时使用。外部接口不可据此发送控制命令。"
"tactical","Track15","TacticalTrackCollection.Track15","TacticalTrack","object","嵌套结构顺序编码","无量纲","由模型定义","由模型定义","-","否","上级快照 valid / 字段定义域","5 Hz","战术态势","IFlightDataHub.TryGetAircraft","TacticalPictureState.Track15 / 嵌套结构顺序编码","data[domain=tacticalPicture].payload.Track15","tactical.csv:Track15","0","2.0.0 / Contract 2","Track15（TacticalTrackCollection.Track15）由战术态势发布，用于只读仿真状态、界面展示或外部 Agent 分析。","SI 单位；仅在有效性条件满足时使用。外部接口不可据此发送控制命令。"
"tactical","Track16","TacticalTrackCollection.Track16","TacticalTrack","object","嵌套结构顺序编码","无量纲","由模型定义","由模型定义","-","否","上级快照 valid / 字段定义域","5 Hz","战术态势","IFlightDataHub.TryGetAircraft","TacticalPictureState.Track16 / 嵌套结构顺序编码","data[domain=tacticalPicture].payload.Track16","tactical.csv:Track16","0","2.0.0 / Contract 2","Track16（TacticalTrackCollection.Track16）由战术态势发布，用于只读仿真状态、界面展示或外部 Agent 分析。","SI 单位；仅在有效性条件满足时使用。外部接口不可据此发送控制命令。"
"tactical","Track17","TacticalTrackCollection.Track17","TacticalTrack","object","嵌套结构顺序编码","无量纲","由模型定义","由模型定义","-","否","上级快照 valid / 字段定义域","5 Hz","战术态势","IFlightDataHub.TryGetAircraft","TacticalPictureState.Track17 / 嵌套结构顺序编码","data[domain=tacticalPicture].payload.Track17","tactical.csv:Track17","0","2.0.0 / Contract 2","Track17（TacticalTrackCollection.Track17）由战术态势发布，用于只读仿真状态、界面展示或外部 Agent 分析。","SI 单位；仅在有效性条件满足时使用。外部接口不可据此发送控制命令。"
"tactical","Track18","TacticalTrackCollection.Track18","TacticalTrack","object","嵌套结构顺序编码","无量纲","由模型定义","由模型定义","-","否","上级快照 valid / 字段定义域","5 Hz","战术态势","IFlightDataHub.TryGetAircraft","TacticalPictureState.Track18 / 嵌套结构顺序编码","data[domain=tacticalPicture].payload.Track18","tactical.csv:Track18","0","2.0.0 / Contract 2","Track18（TacticalTrackCollection.Track18）由战术态势发布，用于只读仿真状态、界面展示或外部 Agent 分析。","SI 单位；仅在有效性条件满足时使用。外部接口不可据此发送控制命令。"
"tactical","Track19","TacticalTrackCollection.Track19","TacticalTrack","object","嵌套结构顺序编码","无量纲","由模型定义","由模型定义","-","否","上级快照 valid / 字段定义域","5 Hz","战术态势","IFlightDataHub.TryGetAircraft","TacticalPictureState.Track19 / 嵌套结构顺序编码","data[domain=tacticalPicture].payload.Track19","tactical.csv:Track19","0","2.0.0 / Contract 2","Track19（TacticalTrackCollection.Track19）由战术态势发布，用于只读仿真状态、界面展示或外部 Agent 分析。","SI 单位；仅在有效性条件满足时使用。外部接口不可据此发送控制命令。"
"tactical","Track2","TacticalTrackCollection.Track2","TacticalTrack","object","嵌套结构顺序编码","无量纲","由模型定义","由模型定义","-","否","上级快照 valid / 字段定义域","5 Hz","战术态势","IFlightDataHub.TryGetAircraft","TacticalPictureState.Track2 / 嵌套结构顺序编码","data[domain=tacticalPicture].payload.Track2","tactical.csv:Track2","0","2.0.0 / Contract 2","Track2（TacticalTrackCollection.Track2）由战术态势发布，用于只读仿真状态、界面展示或外部 Agent 分析。","SI 单位；仅在有效性条件满足时使用。外部接口不可据此发送控制命令。"
"tactical","Track20","TacticalTrackCollection.Track20","TacticalTrack","object","嵌套结构顺序编码","无量纲","由模型定义","由模型定义","-","否","上级快照 valid / 字段定义域","5 Hz","战术态势","IFlightDataHub.TryGetAircraft","TacticalPictureState.Track20 / 嵌套结构顺序编码","data[domain=tacticalPicture].payload.Track20","tactical.csv:Track20","0","2.0.0 / Contract 2","Track20（TacticalTrackCollection.Track20）由战术态势发布，用于只读仿真状态、界面展示或外部 Agent 分析。","SI 单位；仅在有效性条件满足时使用。外部接口不可据此发送控制命令。"
"tactical","Track21","TacticalTrackCollection.Track21","TacticalTrack","object","嵌套结构顺序编码","无量纲","由模型定义","由模型定义","-","否","上级快照 valid / 字段定义域","5 Hz","战术态势","IFlightDataHub.TryGetAircraft","TacticalPictureState.Track21 / 嵌套结构顺序编码","data[domain=tacticalPicture].payload.Track21","tactical.csv:Track21","0","2.0.0 / Contract 2","Track21（TacticalTrackCollection.Track21）由战术态势发布，用于只读仿真状态、界面展示或外部 Agent 分析。","SI 单位；仅在有效性条件满足时使用。外部接口不可据此发送控制命令。"
"tactical","Track22","TacticalTrackCollection.Track22","TacticalTrack","object","嵌套结构顺序编码","无量纲","由模型定义","由模型定义","-","否","上级快照 valid / 字段定义域","5 Hz","战术态势","IFlightDataHub.TryGetAircraft","TacticalPictureState.Track22 / 嵌套结构顺序编码","data[domain=tacticalPicture].payload.Track22","tactical.csv:Track22","0","2.0.0 / Contract 2","Track22（TacticalTrackCollection.Track22）由战术态势发布，用于只读仿真状态、界面展示或外部 Agent 分析。","SI 单位；仅在有效性条件满足时使用。外部接口不可据此发送控制命令。"
"tactical","Track23","TacticalTrackCollection.Track23","TacticalTrack","object","嵌套结构顺序编码","无量纲","由模型定义","由模型定义","-","否","上级快照 valid / 字段定义域","5 Hz","战术态势","IFlightDataHub.TryGetAircraft","TacticalPictureState.Track23 / 嵌套结构顺序编码","data[domain=tacticalPicture].payload.Track23","tactical.csv:Track23","0","2.0.0 / Contract 2","Track23（TacticalTrackCollection.Track23）由战术态势发布，用于只读仿真状态、界面展示或外部 Agent 分析。","SI 单位；仅在有效性条件满足时使用。外部接口不可据此发送控制命令。"
"tactical","Track24","TacticalTrackCollection.Track24","TacticalTrack","object","嵌套结构顺序编码","无量纲","由模型定义","由模型定义","-","否","上级快照 valid / 字段定义域","5 Hz","战术态势","IFlightDataHub.TryGetAircraft","TacticalPictureState.Track24 / 嵌套结构顺序编码","data[domain=tacticalPicture].payload.Track24","tactical.csv:Track24","0","2.0.0 / Contract 2","Track24（TacticalTrackCollection.Track24）由战术态势发布，用于只读仿真状态、界面展示或外部 Agent 分析。","SI 单位；仅在有效性条件满足时使用。外部接口不可据此发送控制命令。"
"tactical","Track25","TacticalTrackCollection.Track25","TacticalTrack","object","嵌套结构顺序编码","无量纲","由模型定义","由模型定义","-","否","上级快照 valid / 字段定义域","5 Hz","战术态势","IFlightDataHub.TryGetAircraft","TacticalPictureState.Track25 / 嵌套结构顺序编码","data[domain=tacticalPicture].payload.Track25","tactical.csv:Track25","0","2.0.0 / Contract 2","Track25（TacticalTrackCollection.Track25）由战术态势发布，用于只读仿真状态、界面展示或外部 Agent 分析。","SI 单位；仅在有效性条件满足时使用。外部接口不可据此发送控制命令。"
"tactical","Track26","TacticalTrackCollection.Track26","TacticalTrack","object","嵌套结构顺序编码","无量纲","由模型定义","由模型定义","-","否","上级快照 valid / 字段定义域","5 Hz","战术态势","IFlightDataHub.TryGetAircraft","TacticalPictureState.Track26 / 嵌套结构顺序编码","data[domain=tacticalPicture].payload.Track26","tactical.csv:Track26","0","2.0.0 / Contract 2","Track26（TacticalTrackCollection.Track26）由战术态势发布，用于只读仿真状态、界面展示或外部 Agent 分析。","SI 单位；仅在有效性条件满足时使用。外部接口不可据此发送控制命令。"
"tactical","Track27","TacticalTrackCollection.Track27","TacticalTrack","object","嵌套结构顺序编码","无量纲","由模型定义","由模型定义","-","否","上级快照 valid / 字段定义域","5 Hz","战术态势","IFlightDataHub.TryGetAircraft","TacticalPictureState.Track27 / 嵌套结构顺序编码","data[domain=tacticalPicture].payload.Track27","tactical.csv:Track27","0","2.0.0 / Contract 2","Track27（TacticalTrackCollection.Track27）由战术态势发布，用于只读仿真状态、界面展示或外部 Agent 分析。","SI 单位；仅在有效性条件满足时使用。外部接口不可据此发送控制命令。"
"tactical","Track28","TacticalTrackCollection.Track28","TacticalTrack","object","嵌套结构顺序编码","无量纲","由模型定义","由模型定义","-","否","上级快照 valid / 字段定义域","5 Hz","战术态势","IFlightDataHub.TryGetAircraft","TacticalPictureState.Track28 / 嵌套结构顺序编码","data[domain=tacticalPicture].payload.Track28","tactical.csv:Track28","0","2.0.0 / Contract 2","Track28（TacticalTrackCollection.Track28）由战术态势发布，用于只读仿真状态、界面展示或外部 Agent 分析。","SI 单位；仅在有效性条件满足时使用。外部接口不可据此发送控制命令。"
"tactical","Track29","TacticalTrackCollection.Track29","TacticalTrack","object","嵌套结构顺序编码","无量纲","由模型定义","由模型定义","-","否","上级快照 valid / 字段定义域","5 Hz","战术态势","IFlightDataHub.TryGetAircraft","TacticalPictureState.Track29 / 嵌套结构顺序编码","data[domain=tacticalPicture].payload.Track29","tactical.csv:Track29","0","2.0.0 / Contract 2","Track29（TacticalTrackCollection.Track29）由战术态势发布，用于只读仿真状态、界面展示或外部 Agent 分析。","SI 单位；仅在有效性条件满足时使用。外部接口不可据此发送控制命令。"
"tactical","Track3","TacticalTrackCollection.Track3","TacticalTrack","object","嵌套结构顺序编码","无量纲","由模型定义","由模型定义","-","否","上级快照 valid / 字段定义域","5 Hz","战术态势","IFlightDataHub.TryGetAircraft","TacticalPictureState.Track3 / 嵌套结构顺序编码","data[domain=tacticalPicture].payload.Track3","tactical.csv:Track3","0","2.0.0 / Contract 2","Track3（TacticalTrackCollection.Track3）由战术态势发布，用于只读仿真状态、界面展示或外部 Agent 分析。","SI 单位；仅在有效性条件满足时使用。外部接口不可据此发送控制命令。"
"tactical","Track30","TacticalTrackCollection.Track30","TacticalTrack","object","嵌套结构顺序编码","无量纲","由模型定义","由模型定义","-","否","上级快照 valid / 字段定义域","5 Hz","战术态势","IFlightDataHub.TryGetAircraft","TacticalPictureState.Track30 / 嵌套结构顺序编码","data[domain=tacticalPicture].payload.Track30","tactical.csv:Track30","0","2.0.0 / Contract 2","Track30（TacticalTrackCollection.Track30）由战术态势发布，用于只读仿真状态、界面展示或外部 Agent 分析。","SI 单位；仅在有效性条件满足时使用。外部接口不可据此发送控制命令。"
"tactical","Track31","TacticalTrackCollection.Track31","TacticalTrack","object","嵌套结构顺序编码","无量纲","由模型定义","由模型定义","-","否","上级快照 valid / 字段定义域","5 Hz","战术态势","IFlightDataHub.TryGetAircraft","TacticalPictureState.Track31 / 嵌套结构顺序编码","data[domain=tacticalPicture].payload.Track31","tactical.csv:Track31","0","2.0.0 / Contract 2","Track31（TacticalTrackCollection.Track31）由战术态势发布，用于只读仿真状态、界面展示或外部 Agent 分析。","SI 单位；仅在有效性条件满足时使用。外部接口不可据此发送控制命令。"
"tactical","Track4","TacticalTrackCollection.Track4","TacticalTrack","object","嵌套结构顺序编码","无量纲","由模型定义","由模型定义","-","否","上级快照 valid / 字段定义域","5 Hz","战术态势","IFlightDataHub.TryGetAircraft","TacticalPictureState.Track4 / 嵌套结构顺序编码","data[domain=tacticalPicture].payload.Track4","tactical.csv:Track4","0","2.0.0 / Contract 2","Track4（TacticalTrackCollection.Track4）由战术态势发布，用于只读仿真状态、界面展示或外部 Agent 分析。","SI 单位；仅在有效性条件满足时使用。外部接口不可据此发送控制命令。"
"tactical","Track5","TacticalTrackCollection.Track5","TacticalTrack","object","嵌套结构顺序编码","无量纲","由模型定义","由模型定义","-","否","上级快照 valid / 字段定义域","5 Hz","战术态势","IFlightDataHub.TryGetAircraft","TacticalPictureState.Track5 / 嵌套结构顺序编码","data[domain=tacticalPicture].payload.Track5","tactical.csv:Track5","0","2.0.0 / Contract 2","Track5（TacticalTrackCollection.Track5）由战术态势发布，用于只读仿真状态、界面展示或外部 Agent 分析。","SI 单位；仅在有效性条件满足时使用。外部接口不可据此发送控制命令。"
"tactical","Track6","TacticalTrackCollection.Track6","TacticalTrack","object","嵌套结构顺序编码","无量纲","由模型定义","由模型定义","-","否","上级快照 valid / 字段定义域","5 Hz","战术态势","IFlightDataHub.TryGetAircraft","TacticalPictureState.Track6 / 嵌套结构顺序编码","data[domain=tacticalPicture].payload.Track6","tactical.csv:Track6","0","2.0.0 / Contract 2","Track6（TacticalTrackCollection.Track6）由战术态势发布，用于只读仿真状态、界面展示或外部 Agent 分析。","SI 单位；仅在有效性条件满足时使用。外部接口不可据此发送控制命令。"
"tactical","Track7","TacticalTrackCollection.Track7","TacticalTrack","object","嵌套结构顺序编码","无量纲","由模型定义","由模型定义","-","否","上级快照 valid / 字段定义域","5 Hz","战术态势","IFlightDataHub.TryGetAircraft","TacticalPictureState.Track7 / 嵌套结构顺序编码","data[domain=tacticalPicture].payload.Track7","tactical.csv:Track7","0","2.0.0 / Contract 2","Track7（TacticalTrackCollection.Track7）由战术态势发布，用于只读仿真状态、界面展示或外部 Agent 分析。","SI 单位；仅在有效性条件满足时使用。外部接口不可据此发送控制命令。"
"tactical","Track8","TacticalTrackCollection.Track8","TacticalTrack","object","嵌套结构顺序编码","无量纲","由模型定义","由模型定义","-","否","上级快照 valid / 字段定义域","5 Hz","战术态势","IFlightDataHub.TryGetAircraft","TacticalPictureState.Track8 / 嵌套结构顺序编码","data[domain=tacticalPicture].payload.Track8","tactical.csv:Track8","0","2.0.0 / Contract 2","Track8（TacticalTrackCollection.Track8）由战术态势发布，用于只读仿真状态、界面展示或外部 Agent 分析。","SI 单位；仅在有效性条件满足时使用。外部接口不可据此发送控制命令。"
"tactical","Track9","TacticalTrackCollection.Track9","TacticalTrack","object","嵌套结构顺序编码","无量纲","由模型定义","由模型定义","-","否","上级快照 valid / 字段定义域","5 Hz","战术态势","IFlightDataHub.TryGetAircraft","TacticalPictureState.Track9 / 嵌套结构顺序编码","data[domain=tacticalPicture].payload.Track9","tactical.csv:Track9","0","2.0.0 / Contract 2","Track9（TacticalTrackCollection.Track9）由战术态势发布，用于只读仿真状态、界面展示或外部 Agent 分析。","SI 单位；仅在有效性条件满足时使用。外部接口不可据此发送控制命令。"
"tactical","Waypoint0","WaypointCollection.Waypoint0","WaypointState","object","嵌套结构顺序编码","无量纲","由模型定义","由模型定义","-","否","上级快照 valid / 字段定义域","5 Hz","战术态势","IFlightDataHub.TryGetAircraft","TacticalPictureState.Waypoint0 / 嵌套结构顺序编码","data[domain=tacticalPicture].payload.Waypoint0","tactical.csv:Waypoint0","0","2.0.0 / Contract 2","Waypoint0（WaypointCollection.Waypoint0）由战术态势发布，用于只读仿真状态、界面展示或外部 Agent 分析。","SI 单位；仅在有效性条件满足时使用。外部接口不可据此发送控制命令。"
"tactical","Waypoint1","WaypointCollection.Waypoint1","WaypointState","object","嵌套结构顺序编码","无量纲","由模型定义","由模型定义","-","否","上级快照 valid / 字段定义域","5 Hz","战术态势","IFlightDataHub.TryGetAircraft","TacticalPictureState.Waypoint1 / 嵌套结构顺序编码","data[domain=tacticalPicture].payload.Waypoint1","tactical.csv:Waypoint1","0","2.0.0 / Contract 2","Waypoint1（WaypointCollection.Waypoint1）由战术态势发布，用于只读仿真状态、界面展示或外部 Agent 分析。","SI 单位；仅在有效性条件满足时使用。外部接口不可据此发送控制命令。"
"tactical","Waypoint10","WaypointCollection.Waypoint10","WaypointState","object","嵌套结构顺序编码","无量纲","由模型定义","由模型定义","-","否","上级快照 valid / 字段定义域","5 Hz","战术态势","IFlightDataHub.TryGetAircraft","TacticalPictureState.Waypoint10 / 嵌套结构顺序编码","data[domain=tacticalPicture].payload.Waypoint10","tactical.csv:Waypoint10","0","2.0.0 / Contract 2","Waypoint10（WaypointCollection.Waypoint10）由战术态势发布，用于只读仿真状态、界面展示或外部 Agent 分析。","SI 单位；仅在有效性条件满足时使用。外部接口不可据此发送控制命令。"
"tactical","Waypoint11","WaypointCollection.Waypoint11","WaypointState","object","嵌套结构顺序编码","无量纲","由模型定义","由模型定义","-","否","上级快照 valid / 字段定义域","5 Hz","战术态势","IFlightDataHub.TryGetAircraft","TacticalPictureState.Waypoint11 / 嵌套结构顺序编码","data[domain=tacticalPicture].payload.Waypoint11","tactical.csv:Waypoint11","0","2.0.0 / Contract 2","Waypoint11（WaypointCollection.Waypoint11）由战术态势发布，用于只读仿真状态、界面展示或外部 Agent 分析。","SI 单位；仅在有效性条件满足时使用。外部接口不可据此发送控制命令。"
"tactical","Waypoint12","WaypointCollection.Waypoint12","WaypointState","object","嵌套结构顺序编码","无量纲","由模型定义","由模型定义","-","否","上级快照 valid / 字段定义域","5 Hz","战术态势","IFlightDataHub.TryGetAircraft","TacticalPictureState.Waypoint12 / 嵌套结构顺序编码","data[domain=tacticalPicture].payload.Waypoint12","tactical.csv:Waypoint12","0","2.0.0 / Contract 2","Waypoint12（WaypointCollection.Waypoint12）由战术态势发布，用于只读仿真状态、界面展示或外部 Agent 分析。","SI 单位；仅在有效性条件满足时使用。外部接口不可据此发送控制命令。"
"tactical","Waypoint13","WaypointCollection.Waypoint13","WaypointState","object","嵌套结构顺序编码","无量纲","由模型定义","由模型定义","-","否","上级快照 valid / 字段定义域","5 Hz","战术态势","IFlightDataHub.TryGetAircraft","TacticalPictureState.Waypoint13 / 嵌套结构顺序编码","data[domain=tacticalPicture].payload.Waypoint13","tactical.csv:Waypoint13","0","2.0.0 / Contract 2","Waypoint13（WaypointCollection.Waypoint13）由战术态势发布，用于只读仿真状态、界面展示或外部 Agent 分析。","SI 单位；仅在有效性条件满足时使用。外部接口不可据此发送控制命令。"
"tactical","Waypoint14","WaypointCollection.Waypoint14","WaypointState","object","嵌套结构顺序编码","无量纲","由模型定义","由模型定义","-","否","上级快照 valid / 字段定义域","5 Hz","战术态势","IFlightDataHub.TryGetAircraft","TacticalPictureState.Waypoint14 / 嵌套结构顺序编码","data[domain=tacticalPicture].payload.Waypoint14","tactical.csv:Waypoint14","0","2.0.0 / Contract 2","Waypoint14（WaypointCollection.Waypoint14）由战术态势发布，用于只读仿真状态、界面展示或外部 Agent 分析。","SI 单位；仅在有效性条件满足时使用。外部接口不可据此发送控制命令。"
"tactical","Waypoint15","WaypointCollection.Waypoint15","WaypointState","object","嵌套结构顺序编码","无量纲","由模型定义","由模型定义","-","否","上级快照 valid / 字段定义域","5 Hz","战术态势","IFlightDataHub.TryGetAircraft","TacticalPictureState.Waypoint15 / 嵌套结构顺序编码","data[domain=tacticalPicture].payload.Waypoint15","tactical.csv:Waypoint15","0","2.0.0 / Contract 2","Waypoint15（WaypointCollection.Waypoint15）由战术态势发布，用于只读仿真状态、界面展示或外部 Agent 分析。","SI 单位；仅在有效性条件满足时使用。外部接口不可据此发送控制命令。"
"tactical","Waypoint2","WaypointCollection.Waypoint2","WaypointState","object","嵌套结构顺序编码","无量纲","由模型定义","由模型定义","-","否","上级快照 valid / 字段定义域","5 Hz","战术态势","IFlightDataHub.TryGetAircraft","TacticalPictureState.Waypoint2 / 嵌套结构顺序编码","data[domain=tacticalPicture].payload.Waypoint2","tactical.csv:Waypoint2","0","2.0.0 / Contract 2","Waypoint2（WaypointCollection.Waypoint2）由战术态势发布，用于只读仿真状态、界面展示或外部 Agent 分析。","SI 单位；仅在有效性条件满足时使用。外部接口不可据此发送控制命令。"
"tactical","Waypoint3","WaypointCollection.Waypoint3","WaypointState","object","嵌套结构顺序编码","无量纲","由模型定义","由模型定义","-","否","上级快照 valid / 字段定义域","5 Hz","战术态势","IFlightDataHub.TryGetAircraft","TacticalPictureState.Waypoint3 / 嵌套结构顺序编码","data[domain=tacticalPicture].payload.Waypoint3","tactical.csv:Waypoint3","0","2.0.0 / Contract 2","Waypoint3（WaypointCollection.Waypoint3）由战术态势发布，用于只读仿真状态、界面展示或外部 Agent 分析。","SI 单位；仅在有效性条件满足时使用。外部接口不可据此发送控制命令。"
"tactical","Waypoint4","WaypointCollection.Waypoint4","WaypointState","object","嵌套结构顺序编码","无量纲","由模型定义","由模型定义","-","否","上级快照 valid / 字段定义域","5 Hz","战术态势","IFlightDataHub.TryGetAircraft","TacticalPictureState.Waypoint4 / 嵌套结构顺序编码","data[domain=tacticalPicture].payload.Waypoint4","tactical.csv:Waypoint4","0","2.0.0 / Contract 2","Waypoint4（WaypointCollection.Waypoint4）由战术态势发布，用于只读仿真状态、界面展示或外部 Agent 分析。","SI 单位；仅在有效性条件满足时使用。外部接口不可据此发送控制命令。"
"tactical","Waypoint5","WaypointCollection.Waypoint5","WaypointState","object","嵌套结构顺序编码","无量纲","由模型定义","由模型定义","-","否","上级快照 valid / 字段定义域","5 Hz","战术态势","IFlightDataHub.TryGetAircraft","TacticalPictureState.Waypoint5 / 嵌套结构顺序编码","data[domain=tacticalPicture].payload.Waypoint5","tactical.csv:Waypoint5","0","2.0.0 / Contract 2","Waypoint5（WaypointCollection.Waypoint5）由战术态势发布，用于只读仿真状态、界面展示或外部 Agent 分析。","SI 单位；仅在有效性条件满足时使用。外部接口不可据此发送控制命令。"
"tactical","Waypoint6","WaypointCollection.Waypoint6","WaypointState","object","嵌套结构顺序编码","无量纲","由模型定义","由模型定义","-","否","上级快照 valid / 字段定义域","5 Hz","战术态势","IFlightDataHub.TryGetAircraft","TacticalPictureState.Waypoint6 / 嵌套结构顺序编码","data[domain=tacticalPicture].payload.Waypoint6","tactical.csv:Waypoint6","0","2.0.0 / Contract 2","Waypoint6（WaypointCollection.Waypoint6）由战术态势发布，用于只读仿真状态、界面展示或外部 Agent 分析。","SI 单位；仅在有效性条件满足时使用。外部接口不可据此发送控制命令。"
"tactical","Waypoint7","WaypointCollection.Waypoint7","WaypointState","object","嵌套结构顺序编码","无量纲","由模型定义","由模型定义","-","否","上级快照 valid / 字段定义域","5 Hz","战术态势","IFlightDataHub.TryGetAircraft","TacticalPictureState.Waypoint7 / 嵌套结构顺序编码","data[domain=tacticalPicture].payload.Waypoint7","tactical.csv:Waypoint7","0","2.0.0 / Contract 2","Waypoint7（WaypointCollection.Waypoint7）由战术态势发布，用于只读仿真状态、界面展示或外部 Agent 分析。","SI 单位；仅在有效性条件满足时使用。外部接口不可据此发送控制命令。"
"tactical","Waypoint8","WaypointCollection.Waypoint8","WaypointState","object","嵌套结构顺序编码","无量纲","由模型定义","由模型定义","-","否","上级快照 valid / 字段定义域","5 Hz","战术态势","IFlightDataHub.TryGetAircraft","TacticalPictureState.Waypoint8 / 嵌套结构顺序编码","data[domain=tacticalPicture].payload.Waypoint8","tactical.csv:Waypoint8","0","2.0.0 / Contract 2","Waypoint8（WaypointCollection.Waypoint8）由战术态势发布，用于只读仿真状态、界面展示或外部 Agent 分析。","SI 单位；仅在有效性条件满足时使用。外部接口不可据此发送控制命令。"
"tactical","Waypoint9","WaypointCollection.Waypoint9","WaypointState","object","嵌套结构顺序编码","无量纲","由模型定义","由模型定义","-","否","上级快照 valid / 字段定义域","5 Hz","战术态势","IFlightDataHub.TryGetAircraft","TacticalPictureState.Waypoint9 / 嵌套结构顺序编码","data[domain=tacticalPicture].payload.Waypoint9","tactical.csv:Waypoint9","0","2.0.0 / Contract 2","Waypoint9（WaypointCollection.Waypoint9）由战术态势发布，用于只读仿真状态、界面展示或外部 Agent 分析。","SI 单位；仅在有效性条件满足时使用。外部接口不可据此发送控制命令。"
"tactical","地心地固坐标位置X（米）","WaypointState.EcefPositionXM","double","number","float64 little-endian","m","由模型定义","由模型定义","-","否","WaypointState.IsValid","5 Hz","战术态势","IFlightDataHub.TryGetAircraft","TacticalPictureState.EcefPositionXM / float64 little-endian","data[domain=tacticalPicture].payload.EcefPositionXM","tactical.csv:EcefPositionXM","2765.0","2.0.0 / Contract 2","地心地固坐标位置X（米）（WaypointState.EcefPositionXM）由战术态势发布，用于只读仿真状态、界面展示或外部 Agent 分析。","SI 单位；仅在有效性条件满足时使用。外部接口不可据此发送控制命令。"
"tactical","地心地固坐标位置Y（米）","WaypointState.EcefPositionYM","double","number","float64 little-endian","m","由模型定义","由模型定义","-","否","WaypointState.IsValid","5 Hz","战术态势","IFlightDataHub.TryGetAircraft","TacticalPictureState.EcefPositionYM / float64 little-endian","data[domain=tacticalPicture].payload.EcefPositionYM","tactical.csv:EcefPositionYM","2765.0","2.0.0 / Contract 2","地心地固坐标位置Y（米）（WaypointState.EcefPositionYM）由战术态势发布，用于只读仿真状态、界面展示或外部 Agent 分析。","SI 单位；仅在有效性条件满足时使用。外部接口不可据此发送控制命令。"
"tactical","地心地固坐标位置Z（米）","WaypointState.EcefPositionZM","double","number","float64 little-endian","m","由模型定义","由模型定义","-","否","WaypointState.IsValid","5 Hz","战术态势","IFlightDataHub.TryGetAircraft","TacticalPictureState.EcefPositionZM / float64 little-endian","data[domain=tacticalPicture].payload.EcefPositionZM","tactical.csv:EcefPositionZM","2765.0","2.0.0 / Contract 2","地心地固坐标位置Z（米）（WaypointState.EcefPositionZM）由战术态势发布，用于只读仿真状态、界面展示或外部 Agent 分析。","SI 单位；仅在有效性条件满足时使用。外部接口不可据此发送控制命令。"
"tactical","椭球高度米","WaypointState.EllipsoidHeightM","double","number","float64 little-endian","m","由模型定义","由模型定义","-","否","WaypointState.IsValid","5 Hz","战术态势","IFlightDataHub.TryGetAircraft","TacticalPictureState.EllipsoidHeightM / float64 little-endian","data[domain=tacticalPicture].payload.EllipsoidHeightM","tactical.csv:EllipsoidHeightM","2765.0","2.0.0 / Contract 2","椭球高度米（WaypointState.EllipsoidHeightM）由战术态势发布，用于只读仿真状态、界面展示或外部 Agent 分析。","SI 单位；仅在有效性条件满足时使用。外部接口不可据此发送控制命令。"
"tactical","序号","WaypointState.Index","int","number","int32 little-endian","无量纲","0 或 -1（未选择）","由容量定义","-","否","WaypointState.IsValid","5 Hz","战术态势","IFlightDataHub.TryGetAircraft","TacticalPictureState.Index / int32 little-endian","data[domain=tacticalPicture].payload.Index","tactical.csv:Index","0","2.0.0 / Contract 2","序号（WaypointState.Index）由战术态势发布，用于只读仿真状态、界面展示或外部 Agent 分析。","SI 单位；仅在有效性条件满足时使用。外部接口不可据此发送控制命令。"
"tactical","是否当前","WaypointState.IsActive","bool","boolean","uint8 (0/1)","布尔","false","true","-","否","WaypointState.IsValid","5 Hz","战术态势","IFlightDataHub.TryGetAircraft","TacticalPictureState.IsActive / uint8 (0/1)","data[domain=tacticalPicture].payload.IsActive","tactical.csv:IsActive","true","2.0.0 / Contract 2","是否当前（WaypointState.IsActive）由战术态势发布，用于只读仿真状态、界面展示或外部 Agent 分析。","SI 单位；仅在有效性条件满足时使用。外部接口不可据此发送控制命令。"
"tactical","数据是否有效","WaypointState.IsValid","bool","boolean","uint8 (0/1)","布尔","false","true","-","否","自身布尔值","5 Hz","战术态势","IFlightDataHub.TryGetAircraft","TacticalPictureState.IsValid / uint8 (0/1)","data[domain=tacticalPicture].payload.IsValid","tactical.csv:IsValid","true","2.0.0 / Contract 2","数据是否有效（WaypointState.IsValid）由战术态势发布，用于只读仿真状态、界面展示或外部 Agent 分析。","SI 单位；仅在有效性条件满足时使用。外部接口不可据此发送控制命令。"
"tactical","纬度弧度","WaypointState.LatitudeRad","double","number","float64 little-endian","rad","由模型定义","由模型定义","-","否","WaypointState.IsValid","5 Hz","战术态势","IFlightDataHub.TryGetAircraft","TacticalPictureState.LatitudeRad / float64 little-endian","data[domain=tacticalPicture].payload.LatitudeRad","tactical.csv:LatitudeRad","0.523599","2.0.0 / Contract 2","纬度弧度（WaypointState.LatitudeRad）由战术态势发布，用于只读仿真状态、界面展示或外部 Agent 分析。","SI 单位；仅在有效性条件满足时使用。外部接口不可据此发送控制命令。"
"tactical","经度弧度","WaypointState.LongitudeRad","double","number","float64 little-endian","rad","由模型定义","由模型定义","-","否","WaypointState.IsValid","5 Hz","战术态势","IFlightDataHub.TryGetAircraft","TacticalPictureState.LongitudeRad / float64 little-endian","data[domain=tacticalPicture].payload.LongitudeRad","tactical.csv:LongitudeRad","0.523599","2.0.0 / Contract 2","经度弧度（WaypointState.LongitudeRad）由战术态势发布，用于只读仿真状态、界面展示或外部 Agent 分析。","SI 单位；仅在有效性条件满足时使用。外部接口不可据此发送控制命令。"
"tactical","名称","WaypointState.Name","string","string","UTF-8 定长或长度前缀","无量纲","由模型定义","由模型定义","-","是","WaypointState.IsValid","5 Hz","战术态势","IFlightDataHub.TryGetAircraft","TacticalPictureState.Name / UTF-8 定长或长度前缀","data[domain=tacticalPicture].payload.Name","tactical.csv:Name","示例","2.0.0 / Contract 2","名称（WaypointState.Name）由战术态势发布，用于只读仿真状态、界面展示或外部 Agent 分析。","SI 单位；仅在有效性条件满足时使用。外部接口不可据此发送控制命令。"
