time_s,batch_id,run_id,mission_id,seed,mode,status,authority,wall_time_s,simulation_rate,terrain_source,terrain_valid,completion_reason,report_path
0,"","KTEX_EMERGENCY_RTB_01-00001000","KTEX_EMERGENCY_RTB_01",1000,Manual,Running,ManualPilot,0,0,None,False,"",""
0,"","KTEX_EMERGENCY_RTB_01-00001000","KTEX_EMERGENCY_RTB_01",1000,Batch,Running,AutomationPilot,0,0,None,False,"",""
0.19000000000000003,"smoke-00001000","KTEX_EMERGENCY_RTB_01-00001000","KTEX_EMERGENCY_RTB_01",1000,Batch,Running,AutomationPilot,0.0056373,1.7738988522874428,MissionCache,True,"","D:\Workspace\MM\FlightSim\FlightSimProject\Artifacts\FoundationSmoke\smoke-00001000\KTEX_EMERGENCY_RTB_01-00001000"
0.39000000000000018,"smoke-00001000","KTEX_EMERGENCY_RTB_01-00001000","KTEX_EMERGENCY_RTB_01",1000,Batch,Running,AutomationPilot,0.0076999,27.273081468590508,MissionCache,True,"","D:\Workspace\MM\FlightSim\FlightSimProject\Artifacts\FoundationSmoke\smoke-00001000\KTEX_EMERGENCY_RTB_01-00001000"
0.5900000000000003,"smoke-00001000","KTEX_EMERGENCY_RTB_01-00001000","KTEX_EMERGENCY_RTB_01",1000,Batch,Running,AutomationPilot,0.0092131,44.501850625739458,MissionCache,True,"","D:\Workspace\MM\FlightSim\FlightSimProject\Artifacts\FoundationSmoke\smoke-00001000\KTEX_EMERGENCY_RTB_01-00001000"
0.79000000000000048,"smoke-00001000","KTEX_EMERGENCY_RTB_01-00001000","KTEX_EMERGENCY_RTB_01",1000,Batch,Running,AutomationPilot,0.0106423,57.318436804074338,MissionCache,True,"","D:\Workspace\MM\FlightSim\FlightSimProject\Artifacts\FoundationSmoke\smoke-00001000\KTEX_EMERGENCY_RTB_01-00001000"
0.99000000000000066,"smoke-00001000","KTEX_EMERGENCY_RTB_01-00001000","KTEX_EMERGENCY_RTB_01",1000,Batch,Running,AutomationPilot,0.0120377,67.288601643171077,MissionCache,True,"","D:\Workspace\MM\FlightSim\FlightSimProject\Artifacts\FoundationSmoke\smoke-00001000\KTEX_EMERGENCY_RTB_01-00001000"
1.1900000000000008,"smoke-00001000","KTEX_EMERGENCY_RTB_01-00001000","KTEX_EMERGENCY_RTB_01",1000,Batch,Running,AutomationPilot,0.013441999999999999,75.137628329117746,MissionCache,True,"","D:\Workspace\MM\FlightSim\FlightSimProject\Artifacts\FoundationSmoke\smoke-00001000\KTEX_EMERGENCY_RTB_01-00001000"
1.390000000000001,"smoke-00001000","KTEX_EMERGENCY_RTB_01-00001000","KTEX_EMERGENCY_RTB_01",1000,Batch,Running,AutomationPilot,0.0148174,81.660750199090316,MissionCache,True,"","D:\Workspace\MM\FlightSim\FlightSimProject\Artifacts\FoundationSmoke\smoke-00001000\KTEX_EMERGENCY_RTB_01-00001000"
1.5900000000000012,"smoke-00001000","KTEX_EMERGENCY_RTB_01-00001000","KTEX_EMERGENCY_RTB_01",1000,Batch,Running,AutomationPilot,0.0162108,86.979051003035067,MissionCache,True,"","D:\Workspace\MM\FlightSim\FlightSimProject\Artifacts\FoundationSmoke\smoke-00001000\KTEX_EMERGENCY_RTB_01-00001000"
1.7900000000000014,"smoke-00001000","KTEX_EMERGENCY_RTB_01-00001000","KTEX_EMERGENCY_RTB_01",1000,Batch,Running,AutomationPilot,0.0176307,91.317985105526233,MissionCache,True,"","D:\Workspace\MM\FlightSim\FlightSimProject\Artifacts\FoundationSmoke\smoke-00001000\KTEX_EMERGENCY_RTB_01-00001000"
1.9900000000000015,"smoke-00001000","KTEX_EMERGENCY_RTB_01-00001000","KTEX_EMERGENCY_RTB_01",1000,Batch,Running,AutomationPilot,0.019024,95.142977291841959,MissionCache,True,"","D:\Workspace\MM\FlightSim\FlightSimProject\Artifacts\FoundationSmoke\smoke-00001000\KTEX_EMERGENCY_RTB_01-00001000"
2.1899999999999973,"smoke-00001000","KTEX_EMERGENCY_RTB_01-00001000","KTEX_EMERGENCY_RTB_01",1000,Batch,Running,AutomationPilot,0.020391199999999998,98.571932990701939,MissionCache,True,"","D:\Workspace\MM\FlightSim\FlightSimProject\Artifacts\FoundationSmoke\smoke-00001000\KTEX_EMERGENCY_RTB_01-00001000"
2.389999999999993,"smoke-00001000","KTEX_EMERGENCY_RTB_01-00001000","KTEX_EMERGENCY_RTB_01",1000,Batch,Running,AutomationPilot,0.0217643,101.54243416971815,MissionCache,True,"","D:\Workspace\MM\FlightSim\FlightSimProject\Artifacts\FoundationSmoke\smoke-00001000\KTEX_EMERGENCY_RTB_01-00001000"
2.5899999999999888,"smoke-00001000","KTEX_EMERGENCY_RTB_01-00001000","KTEX_EMERGENCY_RTB_01",1000,Batch,Running,AutomationPilot,0.023528499999999997,102.4289691225532,MissionCache,True,"","D:\Workspace\MM\FlightSim\FlightSimProject\Artifacts\FoundationSmoke\smoke-00001000\KTEX_EMERGENCY_RTB_01-00001000"
2.7899999999999845,"smoke-00001000","KTEX_EMERGENCY_RTB_01-00001000","KTEX_EMERGENCY_RTB_01",1000,Batch,Running,AutomationPilot,0.0249526,104.59831841170814,MissionCache,True,"","D:\Workspace\MM\FlightSim\FlightSimProject\Artifacts\FoundationSmoke\smoke-00001000\KTEX_EMERGENCY_RTB_01-00001000"
2.9899999999999802,"smoke-00001000","KTEX_EMERGENCY_RTB_01-00001000","KTEX_EMERGENCY_RTB_01",1000,Batch,Running,AutomationPilot,0.0273675,102.67653238330078,MissionCache,True,"","D:\Workspace\MM\FlightSim\FlightSimProject\Artifacts\FoundationSmoke\smoke-00001000\KTEX_EMERGENCY_RTB_01-00001000"
3.189999999999976,"smoke-00001000","KTEX_EMERGENCY_RTB_01-00001000","KTEX_EMERGENCY_RTB_01",1000,Batch,Running,AutomationPilot,0.0287673,104.63269058966186,MissionCache,True,"","D:\Workspace\MM\FlightSim\FlightSimProject\Artifacts\FoundationSmoke\smoke-00001000\KTEX_EMERGENCY_RTB_01-00001000"
3.3899999999999717,"smoke-00001000","KTEX_EMERGENCY_RTB_01-00001000","KTEX_EMERGENCY_RTB_01",1000,Batch,Running,AutomationPilot,0.030175399999999998,106.37804304168216,MissionCache,True,"","D:\Workspace\MM\FlightSim\FlightSimProject\Artifacts\FoundationSmoke\smoke-00001000\KTEX_EMERGENCY_RTB_01-00001000"
3.5899999999999674,"smoke-00001000","KTEX_EMERGENCY_RTB_01-00001000","KTEX_EMERGENCY_RTB_01",1000,Batch,Running,AutomationPilot,0.0315368,108.12764770046331,MissionCache,True,"","D:\Workspace\MM\FlightSim\FlightSimProject\Artifacts\FoundationSmoke\smoke-00001000\KTEX_EMERGENCY_RTB_01-00001000"
3.7899999999999632,"smoke-00001000","KTEX_EMERGENCY_RTB_01-00001000","KTEX_EMERGENCY_RTB_01",1000,Batch,Running,AutomationPilot,0.0329673,109.5024463635168,MissionCache,True,"","D:\Workspace\MM\FlightSim\FlightSimProject\Artifacts\FoundationSmoke\smoke-00001000\KTEX_EMERGENCY_RTB_01-00001000"
3.9899999999999589,"smoke-00001000","KTEX_EMERGENCY_RTB_01-00001000","KTEX_EMERGENCY_RTB_01",1000,Batch,Running,AutomationPilot,0.0344426,110.61882668555693,MissionCache,True,"","D:\Workspace\MM\FlightSim\FlightSimProject\Artifacts\FoundationSmoke\smoke-00001000\KTEX_EMERGENCY_RTB_01-00001000"
4.1899999999999551,"smoke-00001000","KTEX_EMERGENCY_RTB_01-00001000","KTEX_EMERGENCY_RTB_01",1000,Batch,Running,AutomationPilot,0.035802099999999996,112.00460308194099,MissionCache,True,"","D:\Workspace\MM\FlightSim\FlightSimProject\Artifacts\FoundationSmoke\smoke-00001000\KTEX_EMERGENCY_RTB_01-00001000"
4.3899999999999508,"smoke-00001000","KTEX_EMERGENCY_RTB_01-00001000","KTEX_EMERGENCY_RTB_01",1000,Batch,Running,AutomationPilot,0.0371667,113.2734410103656,MissionCache,True,"","D:\Workspace\MM\FlightSim\FlightSimProject\Artifacts\FoundationSmoke\smoke-00001000\KTEX_EMERGENCY_RTB_01-00001000"
4.5899999999999466,"smoke-00001000","KTEX_EMERGENCY_RTB_01-00001000","KTEX_EMERGENCY_RTB_01",1000,Batch,Running,AutomationPilot,0.038642699999999995,114.12246038708348,MissionCache,True,"","D:\Workspace\MM\FlightSim\FlightSimProject\Artifacts\FoundationSmoke\smoke-00001000\KTEX_EMERGENCY_RTB_01-00001000"
4.7899999999999423,"smoke-00001000","KTEX_EMERGENCY_RTB_01-00001000","KTEX_EMERGENCY_RTB_01",1000,Batch,Running,AutomationPilot,0.0403488,114.2537076691239,MissionCache,True,"","D:\Workspace\MM\FlightSim\FlightSimProject\Artifacts\FoundationSmoke\smoke-00001000\KTEX_EMERGENCY_RTB_01-00001000"
4.989999999999938,"smoke-00001000","KTEX_EMERGENCY_RTB_01-00001000","KTEX_EMERGENCY_RTB_01",1000,Batch,Running,AutomationPilot,0.0417451,115.22310402897446,MissionCache,True,"","D:\Workspace\MM\FlightSim\FlightSimProject\Artifacts\FoundationSmoke\smoke-00001000\KTEX_EMERGENCY_RTB_01-00001000"
5.1899999999999338,"smoke-00001000","KTEX_EMERGENCY_RTB_01-00001000","KTEX_EMERGENCY_RTB_01",1000,Batch,Running,AutomationPilot,0.0432293,115.89361844859708,MissionCache,True,"","D:\Workspace\MM\FlightSim\FlightSimProject\Artifacts\FoundationSmoke\smoke-00001000\KTEX_EMERGENCY_RTB_01-00001000"
5.3899999999999295,"smoke-00001000","KTEX_EMERGENCY_RTB_01-00001000","KTEX_EMERGENCY_RTB_01",1000,Batch,Running,AutomationPilot,0.044598399999999996,116.82033436176934,MissionCache,True,"","D:\Workspace\MM\FlightSim\FlightSimProject\Artifacts\FoundationSmoke\smoke-00001000\KTEX_EMERGENCY_RTB_01-00001000"
5.5899999999999253,"smoke-00001000","KTEX_EMERGENCY_RTB_01-00001000","KTEX_EMERGENCY_RTB_01",1000,Batch,Running,AutomationPilot,0.0459218,117.80897090270697,MissionCache,True,"","D:\Workspace\MM\FlightSim\FlightSimProject\Artifacts\FoundationSmoke\smoke-00001000\KTEX_EMERGENCY_RTB_01-00001000"
5.789999999999921,"smoke-00001000","KTEX_EMERGENCY_RTB_01-00001000","KTEX_EMERGENCY_RTB_01",1000,Batch,Running,AutomationPilot,0.0473341,118.51920708326398,MissionCache,True,"","D:\Workspace\MM\FlightSim\FlightSimProject\Artifacts\FoundationSmoke\smoke-00001000\KTEX_EMERGENCY_RTB_01-00001000"
5.9899999999999167,"smoke-00001000","KTEX_EMERGENCY_RTB_01-00001000","KTEX_EMERGENCY_RTB_01",1000,Batch,Running,AutomationPilot,0.0496881,116.9294056323329,MissionCache,True,"","D:\Workspace\MM\FlightSim\FlightSimProject\Artifacts\FoundationSmoke\smoke-00001000\KTEX_EMERGENCY_RTB_01-00001000"
6.1899999999999125,"smoke-00001000","KTEX_EMERGENCY_RTB_01-00001000","KTEX_EMERGENCY_RTB_01",1000,Batch,Running,AutomationPilot,0.051091199999999996,117.63278216209282,MissionCache,True,"","D:\Workspace\MM\FlightSim\FlightSimProject\Artifacts\FoundationSmoke\smoke-00001000\KTEX_EMERGENCY_RTB_01-00001000"
6.3899999999999082,"smoke-00001000","KTEX_EMERGENCY_RTB_01-00001000","KTEX_EMERGENCY_RTB_01",1000,Batch,Running,AutomationPilot,0.052449699999999995,118.39915194938985,MissionCache,True,"","D:\Workspace\MM\FlightSim\FlightSimProject\Artifacts\FoundationSmoke\smoke-00001000\KTEX_EMERGENCY_RTB_01-00001000"
6.5899999999999039,"smoke-00001000","KTEX_EMERGENCY_RTB_01-00001000","KTEX_EMERGENCY_RTB_01",1000,Batch,Running,AutomationPilot,0.0539362,118.84411582573314,MissionCache,True,"","D:\Workspace\MM\FlightSim\FlightSimProject\Artifacts\FoundationSmoke\smoke-00001000\KTEX_EMERGENCY_RTB_01-00001000"
6.7899999999999,"smoke-00001000","KTEX_EMERGENCY_RTB_01-00001000","KTEX_EMERGENCY_RTB_01",1000,Batch,Running,AutomationPilot,0.0553224,119.48143970615706,MissionCache,True,"","D:\Workspace\MM\FlightSim\FlightSimProject\Artifacts\FoundationSmoke\smoke-00001000\KTEX_EMERGENCY_RTB_01-00001000"
6.9899999999998954,"smoke-00001000","KTEX_EMERGENCY_RTB_01-00001000","KTEX_EMERGENCY_RTB_01",1000,Batch,Running,AutomationPilot,0.056745199999999996,120.01015063829011,MissionCache,True,"","D:\Workspace\MM\FlightSim\FlightSimProject\Artifacts\FoundationSmoke\smoke-00001000\KTEX_EMERGENCY_RTB_01-00001000"
7.1899999999998911,"smoke-00001000","KTEX_EMERGENCY_RTB_01-00001000","KTEX_EMERGENCY_RTB_01",1000,Batch,Running,AutomationPilot,0.0581089,120.6355652920619,MissionCache,True,"","D:\Workspace\MM\FlightSim\FlightSimProject\Artifacts\FoundationSmoke\smoke-00001000\KTEX_EMERGENCY_RTB_01-00001000"
7.3899999999998869,"smoke-00001000","KTEX_EMERGENCY_RTB_01-00001000","KTEX_EMERGENCY_RTB_01",1000,Batch,Running,AutomationPilot,0.059450199999999995,121.27797719771996,MissionCache,True,"","D:\Workspace\MM\FlightSim\FlightSimProject\Artifacts\FoundationSmoke\smoke-00001000\KTEX_EMERGENCY_RTB_01-00001000"
7.5899999999998826,"smoke-00001000","KTEX_EMERGENCY_RTB_01-00001000","KTEX_EMERGENCY_RTB_01",1000,Batch,Running,AutomationPilot,0.0607821,121.91089152891865,MissionCache,True,"","D:\Workspace\MM\FlightSim\FlightSimProject\Artifacts\FoundationSmoke\smoke-00001000\KTEX_EMERGENCY_RTB_01-00001000"
7.7899999999998784,"smoke-00001000","KTEX_EMERGENCY_RTB_01-00001000","KTEX_EMERGENCY_RTB_01",1000,Batch,Running,AutomationPilot,0.0621184,122.50798475169809,MissionCache,True,"","D:\Workspace\MM\FlightSim\FlightSimProject\Artifacts\FoundationSmoke\smoke-00001000\KTEX_EMERGENCY_RTB_01-00001000"
7.9899999999998741,"smoke-00001000","KTEX_EMERGENCY_RTB_01-00001000","KTEX_EMERGENCY_RTB_01",1000,Batch,Running,AutomationPilot,0.0636673,122.66893680115032,MissionCache,True,"","D:\Workspace\MM\FlightSim\FlightSimProject\Artifacts\FoundationSmoke\smoke-00001000\KTEX_EMERGENCY_RTB_01-00001000"
8.18999999999987,"smoke-00001000","KTEX_EMERGENCY_RTB_01-00001000","KTEX_EMERGENCY_RTB_01",1000,Batch,Running,AutomationPilot,0.065979799999999991,121.40079236372155,MissionCache,True,"","D:\Workspace\MM\FlightSim\FlightSimProject\Artifacts\FoundationSmoke\smoke-00001000\KTEX_EMERGENCY_RTB_01-00001000"
8.3899999999998656,"smoke-00001000","KTEX_EMERGENCY_RTB_01-00001000","KTEX_EMERGENCY_RTB_01",1000,Batch,Running,AutomationPilot,0.0682313,120.32600873792336,MissionCache,True,"","D:\Workspace\MM\FlightSim\FlightSimProject\Artifacts\FoundationSmoke\smoke-00001000\KTEX_EMERGENCY_RTB_01-00001000"
8.5899999999998613,"smoke-00001000","KTEX_EMERGENCY_RTB_01-00001000","KTEX_EMERGENCY_RTB_01",1000,Batch,Running,AutomationPilot,0.0699926,120.15555930198143,MissionCache,True,"","D:\Workspace\MM\FlightSim\FlightSimProject\Artifacts\FoundationSmoke\smoke-00001000\KTEX_EMERGENCY_RTB_01-00001000"
8.789999999999857,"smoke-00001000","KTEX_EMERGENCY_RTB_01-00001000","KTEX_EMERGENCY_RTB_01",1000,Batch,Running,AutomationPilot,0.0714201,120.55429773970998,MissionCache,True,"","D:\Workspace\MM\FlightSim\FlightSimProject\Artifacts\FoundationSmoke\smoke-00001000\KTEX_EMERGENCY_RTB_01-00001000"
8.9899999999998528,"smoke-00001000","KTEX_EMERGENCY_RTB_01-00001000","KTEX_EMERGENCY_RTB_01",1000,Batch,Running,AutomationPilot,0.073756,119.44790932262943,MissionCache,True,"","D:\Workspace\MM\FlightSim\FlightSimProject\Artifacts\FoundationSmoke\smoke-00001000\KTEX_EMERGENCY_RTB_01-00001000"
9.1899999999998485,"smoke-00001000","KTEX_EMERGENCY_RTB_01-00001000","KTEX_EMERGENCY_RTB_01",1000,Batch,Running,AutomationPilot,0.075083,120.00053274376161,MissionCache,True,"","D:\Workspace\MM\FlightSim\FlightSimProject\Artifacts\FoundationSmoke\smoke-00001000\KTEX_EMERGENCY_RTB_01-00001000"
9.3899999999998442,"smoke-00001000","KTEX_EMERGENCY_RTB_01-00001000","KTEX_EMERGENCY_RTB_01",1000,Batch,Running,AutomationPilot,0.0763993,120.55084274332157,MissionCache,True,"","D:\Workspace\MM\FlightSim\FlightSimProject\Artifacts\FoundationSmoke\smoke-00001000\KTEX_EMERGENCY_RTB_01-00001000"
9.58999999999984,"smoke-00001000","KTEX_EMERGENCY_RTB_01-00001000","KTEX_EMERGENCY_RTB_01",1000,Batch,Running,AutomationPilot,0.077767,121.00248177247218,MissionCache,True,"","D:\Workspace\MM\FlightSim\FlightSimProject\Artifacts\FoundationSmoke\smoke-00001000\KTEX_EMERGENCY_RTB_01-00001000"
9.7899999999998357,"smoke-00001000","KTEX_EMERGENCY_RTB_01-00001000","KTEX_EMERGENCY_RTB_01",1000,Batch,Running,AutomationPilot,0.0790932,121.50222775156195,MissionCache,True,"","D:\Workspace\MM\FlightSim\FlightSimProject\Artifacts\FoundationSmoke\smoke-00001000\KTEX_EMERGENCY_RTB_01-00001000"
9.9899999999998315,"smoke-00001000","KTEX_EMERGENCY_RTB_01-00001000","KTEX_EMERGENCY_RTB_01",1000,Batch,Running,AutomationPilot,0.080409399999999992,122.00066161418735,MissionCache,True,"","D:\Workspace\MM\FlightSim\FlightSimProject\Artifacts\FoundationSmoke\smoke-00001000\KTEX_EMERGENCY_RTB_01-00001000"
10.189999999999827,"smoke-00001000","KTEX_EMERGENCY_RTB_01-00001000","KTEX_EMERGENCY_RTB_01",1000,Batch,Running,AutomationPilot,0.0817555,122.43824574493253,MissionCache,True,"","D:\Workspace\MM\FlightSim\FlightSimProject\Artifacts\FoundationSmoke\smoke-00001000\KTEX_EMERGENCY_RTB_01-00001000"
10.389999999999823,"smoke-00001000","KTEX_EMERGENCY_RTB_01-00001000","KTEX_EMERGENCY_RTB_01",1000,Batch,Running,AutomationPilot,0.0833034,122.56402499777712,MissionCache,True,"","D:\Workspace\MM\FlightSim\FlightSimProject\Artifacts\FoundationSmoke\smoke-00001000\KTEX_EMERGENCY_RTB_01-00001000"
10.589999999999819,"smoke-00001000","KTEX_EMERGENCY_RTB_01-00001000","KTEX_EMERGENCY_RTB_01",1000,Batch,Running,AutomationPilot,0.0846643,122.95619286995608,MissionCache,True,"","D:\Workspace\MM\FlightSim\FlightSimProject\Artifacts\FoundationSmoke\smoke-00001000\KTEX_EMERGENCY_RTB_01-00001000"
10.789999999999814,"smoke-00001000","KTEX_EMERGENCY_RTB_01-00001000","KTEX_EMERGENCY_RTB_01",1000,Batch,Running,AutomationPilot,0.0862033,123.08113494494781,MissionCache,True,"","D:\Workspace\MM\FlightSim\FlightSimProject\Artifacts\FoundationSmoke\smoke-00001000\KTEX_EMERGENCY_RTB_01-00001000"
10.98999999999981,"smoke-00001000","KTEX_EMERGENCY_RTB_01-00001000","KTEX_EMERGENCY_RTB_01",1000,Batch,Running,AutomationPilot,0.0875719,123.4414235616655,MissionCache,True,"","D:\Workspace\MM\FlightSim\FlightSimProject\Artifacts\FoundationSmoke\smoke-00001000\KTEX_EMERGENCY_RTB_01-00001000"
11.189999999999806,"smoke-00001000","KTEX_EMERGENCY_RTB_01-00001000","KTEX_EMERGENCY_RTB_01",1000,Batch,Running,AutomationPilot,0.0889162,123.8244549362187,MissionCache,True,"","D:\Workspace\MM\FlightSim\FlightSimProject\Artifacts\FoundationSmoke\smoke-00001000\KTEX_EMERGENCY_RTB_01-00001000"
11.389999999999802,"smoke-00001000","KTEX_EMERGENCY_RTB_01-00001000","KTEX_EMERGENCY_RTB_01",1000,Batch,Running,AutomationPilot,0.0902345,124.23186253594585,MissionCache,True,"","D:\Workspace\MM\FlightSim\FlightSimProject\Artifacts\FoundationSmoke\smoke-00001000\KTEX_EMERGENCY_RTB_01-00001000"
11.589999999999797,"smoke-00001000","KTEX_EMERGENCY_RTB_01-00001000","KTEX_EMERGENCY_RTB_01",1000,Batch,Running,AutomationPilot,0.0915457,124.63720305814256,MissionCache,True,"","D:\Workspace\MM\FlightSim\FlightSimProject\Artifacts\FoundationSmoke\smoke-00001000\KTEX_EMERGENCY_RTB_01-00001000"
11.789999999999793,"smoke-00001000","KTEX_EMERGENCY_RTB_01-00001000","KTEX_EMERGENCY_RTB_01",1000,Batch,Running,AutomationPilot,0.0928799,125.00013458239938,MissionCache,True,"","D:\Workspace\MM\FlightSim\FlightSimProject\Artifacts\FoundationSmoke\smoke-00001000\KTEX_EMERGENCY_RTB_01-00001000"
11.989999999999789,"smoke-00001000","KTEX_EMERGENCY_RTB_01-00001000","KTEX_EMERGENCY_RTB_01",1000,Batch,Running,AutomationPilot,0.0948903,124.45950745228747,MissionCache,True,"","D:\Workspace\MM\FlightSim\FlightSimProject\Artifacts\FoundationSmoke\smoke-00001000\KTEX_EMERGENCY_RTB_01-00001000"
12.189999999999785,"smoke-00001000","KTEX_EMERGENCY_RTB_01-00001000","KTEX_EMERGENCY_RTB_01",1000,Batch,Running,AutomationPilot,0.096314199999999989,124.69604689650944,MissionCache,True,"","D:\Workspace\MM\FlightSim\FlightSimProject\Artifacts\FoundationSmoke\smoke-00001000\KTEX_EMERGENCY_RTB_01-00001000"
12.38999999999978,"smoke-00001000","KTEX_EMERGENCY_RTB_01-00001000","KTEX_EMERGENCY_RTB_01",1000,Batch,Running,AutomationPilot,0.09765,125.03840245775508,MissionCache,True,"","D:\Workspace\MM\FlightSim\FlightSimProject\Artifacts\FoundationSmoke\smoke-00001000\KTEX_EMERGENCY_RTB_01-00001000"
12.589999999999776,"smoke-00001000","KTEX_EMERGENCY_RTB_01-00001000","KTEX_EMERGENCY_RTB_01",1000,Batch,Running,AutomationPilot,0.0990002,125.35328211457937,MissionCache,True,"","D:\Workspace\MM\FlightSim\FlightSimProject\Artifacts\FoundationSmoke\smoke-00001000\KTEX_EMERGENCY_RTB_01-00001000"
12.789999999999772,"smoke-00001000","KTEX_EMERGENCY_RTB_01-00001000","KTEX_EMERGENCY_RTB_01",1000,Batch,Running,AutomationPilot,0.1003717,125.63302205701186,MissionCache,True,"","D:\Workspace\MM\FlightSim\FlightSimProject\Artifacts\FoundationSmoke\smoke-00001000\KTEX_EMERGENCY_RTB_01-00001000"
12.989999999999768,"smoke-00001000","KTEX_EMERGENCY_RTB_01-00001000","KTEX_EMERGENCY_RTB_01",1000,Batch,Running,AutomationPilot,0.10170259999999999,125.95548196407735,MissionCache,True,"","D:\Workspace\MM\FlightSim\FlightSimProject\Artifacts\FoundationSmoke\smoke-00001000\KTEX_EMERGENCY_RTB_01-00001000"
13.189999999999763,"smoke-00001000","KTEX_EMERGENCY_RTB_01-00001000","KTEX_EMERGENCY_RTB_01",1000,Batch,Running,AutomationPilot,0.1031443,126.13396959405191,MissionCache,True,"","D:\Workspace\MM\FlightSim\FlightSimProject\Artifacts\FoundationSmoke\smoke-00001000\KTEX_EMERGENCY_RTB_01-00001000"
13.389999999999759,"smoke-00001000","KTEX_EMERGENCY_RTB_01-00001000","KTEX_EMERGENCY_RTB_01",1000,Batch,Running,AutomationPilot,0.104526,126.3800394160282,MissionCache,True,"","D:\Workspace\MM\FlightSim\FlightSimProject\Artifacts\FoundationSmoke\smoke-00001000\KTEX_EMERGENCY_RTB_01-00001000"
13.589999999999755,"smoke-00001000","KTEX_EMERGENCY_RTB_01-00001000","KTEX_EMERGENCY_RTB_01",1000,Batch,Running,AutomationPilot,0.10585739999999999,126.67985421897534,MissionCache,True,"","D:\Workspace\MM\FlightSim\FlightSimProject\Artifacts\FoundationSmoke\smoke-00001000\KTEX_EMERGENCY_RTB_01-00001000"
13.78999999999975,"smoke-00001000","KTEX_EMERGENCY_RTB_01-00001000","KTEX_EMERGENCY_RTB_01",1000,Batch,Running,AutomationPilot,0.1071922,126.96819358124709,MissionCache,True,"","D:\Workspace\MM\FlightSim\FlightSimProject\Artifacts\FoundationSmoke\smoke-00001000\KTEX_EMERGENCY_RTB_01-00001000"
13.989999999999746,"smoke-00001000","KTEX_EMERGENCY_RTB_01-00001000","KTEX_EMERGENCY_RTB_01",1000,Batch,Running,AutomationPilot,0.10853439999999999,127.24076421853118,MissionCache,True,"","D:\Workspace\MM\FlightSim\FlightSimProject\Artifacts\FoundationSmoke\smoke-00001000\KTEX_EMERGENCY_RTB_01-00001000"
14.189999999999742,"smoke-00001000","KTEX_EMERGENCY_RTB_01-00001000","KTEX_EMERGENCY_RTB_01",1000,Batch,Running,AutomationPilot,0.10988919999999999,127.49205563421835,MissionCache,True,"","D:\Workspace\MM\FlightSim\FlightSimProject\Artifacts\FoundationSmoke\smoke-00001000\KTEX_EMERGENCY_RTB_01-00001000"
14.389999999999738,"smoke-00001000","KTEX_EMERGENCY_RTB_01-00001000","KTEX_EMERGENCY_RTB_01",1000,Batch,Running,AutomationPilot,0.11127129999999999,127.70588642354086,MissionCache,True,"","D:\Workspace\MM\FlightSim\FlightSimProject\Artifacts\FoundationSmoke\smoke-00001000\KTEX_EMERGENCY_RTB_01-00001000"
14.589999999999733,"smoke-00001000","KTEX_EMERGENCY_RTB_01-00001000","KTEX_EMERGENCY_RTB_01",1000,Batch,Running,AutomationPilot,0.11261689999999999,127.95592846188927,MissionCache,True,"","D:\Workspace\MM\FlightSim\FlightSimProject\Artifacts\FoundationSmoke\smoke-00001000\KTEX_EMERGENCY_RTB_01-00001000"
14.789999999999729,"smoke-00001000","KTEX_EMERGENCY_RTB_01-00001000","KTEX_EMERGENCY_RTB_01",1000,Batch,Running,AutomationPilot,0.1141253,128.01718812568058,MissionCache,True,"","D:\Workspace\MM\FlightSim\FlightSimProject\Artifacts\FoundationSmoke\smoke-00001000\KTEX_EMERGENCY_RTB_01-00001000"
14.989999999999725,"smoke-00001000","KTEX_EMERGENCY_RTB_01-00001000","KTEX_EMERGENCY_RTB_01",1000,Batch,Running,AutomationPilot,0.1162281,127.42185409552189,MissionCache,True,"","D:\Workspace\MM\FlightSim\FlightSimProject\Artifacts\FoundationSmoke\smoke-00001000\KTEX_EMERGENCY_RTB_01-00001000"
15.189999999999721,"smoke-00001000","KTEX_EMERGENCY_RTB_01-00001000","KTEX_EMERGENCY_RTB_01",1000,Batch,Running,AutomationPilot,0.1176057,127.62986828019157,MissionCache,True,"","D:\Workspace\MM\FlightSim\FlightSimProject\Artifacts\FoundationSmoke\smoke-00001000\KTEX_EMERGENCY_RTB_01-00001000"
15.389999999999716,"smoke-00001000","KTEX_EMERGENCY_RTB_01-00001000","KTEX_EMERGENCY_RTB_01",1000,Batch,Running,AutomationPilot,0.11893949999999999,127.8801407438212,MissionCache,True,"","D:\Workspace\MM\FlightSim\FlightSimProject\Artifacts\FoundationSmoke\smoke-00001000\KTEX_EMERGENCY_RTB_01-00001000"
15.589999999999712,"smoke-00001000","KTEX_EMERGENCY_RTB_01-00001000","KTEX_EMERGENCY_RTB_01",1000,Batch,Running,AutomationPilot,0.1203331,128.06119014634973,MissionCache,True,"","D:\Workspace\MM\FlightSim\FlightSimProject\Artifacts\FoundationSmoke\smoke-00001000\KTEX_EMERGENCY_RTB_01-00001000"
15.789999999999708,"smoke-00001000","KTEX_EMERGENCY_RTB_01-00001000","KTEX_EMERGENCY_RTB_01",1000,Batch,Running,AutomationPilot,0.12164989999999999,128.31905328323091,MissionCache,True,"","D:\Workspace\MM\FlightSim\FlightSimProject\Artifacts\FoundationSmoke\smoke-00001000\KTEX_EMERGENCY_RTB_01-00001000"
15.989999999999704,"smoke-00001000","KTEX_EMERGENCY_RTB_01-00001000","KTEX_EMERGENCY_RTB_01",1000,Batch,Running,AutomationPilot,0.12298819999999999,128.54891770104538,MissionCache,True,"","D:\Workspace\MM\FlightSim\FlightSimProject\Artifacts\FoundationSmoke\smoke-00001000\KTEX_EMERGENCY_RTB_01-00001000"
16.189999999999731,"smoke-00001000","KTEX_EMERGENCY_RTB_01-00001000","KTEX_EMERGENCY_RTB_01",1000,Batch,Running,AutomationPilot,0.1242971,128.80429229643897,MissionCache,True,"","D:\Workspace\MM\FlightSim\FlightSimProject\Artifacts\FoundationSmoke\smoke-00001000\KTEX_EMERGENCY_RTB_01-00001000"
16.389999999999763,"smoke-00001000","KTEX_EMERGENCY_RTB_01-00001000","KTEX_EMERGENCY_RTB_01",1000,Batch,Running,AutomationPilot,0.1256202,129.03975634491695,MissionCache,True,"","D:\Workspace\MM\FlightSim\FlightSimProject\Artifacts\FoundationSmoke\smoke-00001000\KTEX_EMERGENCY_RTB_01-00001000"
16.589999999999794,"smoke-00001000","KTEX_EMERGENCY_RTB_01-00001000","KTEX_EMERGENCY_RTB_01",1000,Batch,Running,AutomationPilot,0.1269398,129.27387627836004,MissionCache,True,"","D:\Workspace\MM\FlightSim\FlightSimProject\Artifacts\FoundationSmoke\smoke-00001000\KTEX_EMERGENCY_RTB_01-00001000"
16.789999999999825,"smoke-00001000","KTEX_EMERGENCY_RTB_01-00001000","KTEX_EMERGENCY_RTB_01",1000,Batch,Running,AutomationPilot,0.128273,129.48944828607577,MissionCache,True,"","D:\Workspace\MM\FlightSim\FlightSimProject\Artifacts\FoundationSmoke\smoke-00001000\KTEX_EMERGENCY_RTB_01-00001000"
16.989999999999856,"smoke-00001000","KTEX_EMERGENCY_RTB_01-00001000","KTEX_EMERGENCY_RTB_01",1000,Batch,Running,AutomationPilot,0.129626,129.68077391881127,MissionCache,True,"","D:\Workspace\MM\FlightSim\FlightSimProject\Artifacts\FoundationSmoke\smoke-00001000\KTEX_EMERGENCY_RTB_01-00001000"
17.189999999999888,"smoke-00001000","KTEX_EMERGENCY_RTB_01-00001000","KTEX_EMERGENCY_RTB_01",1000,Batch,Running,AutomationPilot,0.13097519999999999,129.871914683084,MissionCache,True,"","D:\Workspace\MM\FlightSim\FlightSimProject\Artifacts\FoundationSmoke\smoke-00001000\KTEX_EMERGENCY_RTB_01-00001000"
17.389999999999919,"smoke-00001000","KTEX_EMERGENCY_RTB_01-00001000","KTEX_EMERGENCY_RTB_01",1000,Batch,Running,AutomationPilot,0.13234769999999998,130.03626054702795,MissionCache,True,"","D:\Workspace\MM\FlightSim\FlightSimProject\Artifacts\FoundationSmoke\smoke-00001000\KTEX_EMERGENCY_RTB_01-00001000"
17.58999999999995,"smoke-00001000","KTEX_EMERGENCY_RTB_01-00001000","KTEX_EMERGENCY_RTB_01",1000,Batch,Running,AutomationPilot,0.13374819999999998,130.16997611930421,MissionCache,True,"","D:\Workspace\MM\FlightSim\FlightSimProject\Artifacts\FoundationSmoke\smoke-00001000\KTEX_EMERGENCY_RTB_01-00001000"
17.789999999999981,"smoke-00001000","KTEX_EMERGENCY_RTB_01-00001000","KTEX_EMERGENCY_RTB_01",1000,Batch,Running,AutomationPilot,0.13506569999999998,130.38099236149486,MissionCache,True,"","D:\Workspace\MM\FlightSim\FlightSimProject\Artifacts\FoundationSmoke\smoke-00001000\KTEX_EMERGENCY_RTB_01-00001000"
17.990000000000013,"smoke-00001000","KTEX_EMERGENCY_RTB_01-00001000","KTEX_EMERGENCY_RTB_01",1000,Batch,Running,AutomationPilot,0.1369993,130.00066423697044,MissionCache,True,"","D:\Workspace\MM\FlightSim\FlightSimProject\Artifacts\FoundationSmoke\smoke-00001000\KTEX_EMERGENCY_RTB_01-00001000"
18.190000000000044,"smoke-00001000","KTEX_EMERGENCY_RTB_01-00001000","KTEX_EMERGENCY_RTB_01",1000,Batch,Running,AutomationPilot,0.1383341,130.19204953803884,MissionCache,True,"","D:\Workspace\MM\FlightSim\FlightSimProject\Artifacts\FoundationSmoke\smoke-00001000\KTEX_EMERGENCY_RTB_01-00001000"
18.390000000000075,"smoke-00001000","KTEX_EMERGENCY_RTB_01-00001000","KTEX_EMERGENCY_RTB_01",1000,Batch,Running,AutomationPilot,0.1396547,130.39303367520068,MissionCache,True,"","D:\Workspace\MM\FlightSim\FlightSimProject\Artifacts\FoundationSmoke\smoke-00001000\KTEX_EMERGENCY_RTB_01-00001000"
18.590000000000106,"smoke-00001000","KTEX_EMERGENCY_RTB_01-00001000","KTEX_EMERGENCY_RTB_01",1000,Batch,Running,AutomationPilot,0.14100949999999998,130.55857938649581,MissionCache,True,"","D:\Workspace\MM\FlightSim\FlightSimProject\Artifacts\FoundationSmoke\smoke-00001000\KTEX_EMERGENCY_RTB_01-00001000"
18.790000000000138,"smoke-00001000","KTEX_EMERGENCY_RTB_01-00001000","KTEX_EMERGENCY_RTB_01",1000,Batch,Running,AutomationPilot,0.14232999999999998,130.75247663879796,MissionCache,True,"","D:\Workspace\MM\FlightSim\FlightSimProject\Artifacts\FoundationSmoke\smoke-00001000\KTEX_EMERGENCY_RTB_01-00001000"
18.990000000000169,"smoke-00001000","KTEX_EMERGENCY_RTB_01-00001000","KTEX_EMERGENCY_RTB_01",1000,Batch,Running,AutomationPilot,0.1438426,130.76793661961159,MissionCache,True,"","D:\Workspace\MM\FlightSim\FlightSimProject\Artifacts\FoundationSmoke\smoke-00001000\KTEX_EMERGENCY_RTB_01-00001000"
19.1900000000002,"smoke-00001000","KTEX_EMERGENCY_RTB_01-00001000","KTEX_EMERGENCY_RTB_01",1000,Batch,Running,AutomationPilot,0.1451682,130.95154448426152,MissionCache,True,"","D:\Workspace\MM\FlightSim\FlightSimProject\Artifacts\FoundationSmoke\smoke-00001000\KTEX_EMERGENCY_RTB_01-00001000"
19.390000000000231,"smoke-00001000","KTEX_EMERGENCY_RTB_01-00001000","KTEX_EMERGENCY_RTB_01",1000,Batch,Running,AutomationPilot,0.1464798,131.14436256739975,MissionCache,True,"","D:\Workspace\MM\FlightSim\FlightSimProject\Artifacts\FoundationSmoke\smoke-00001000\KTEX_EMERGENCY_RTB_01-00001000"
19.590000000000263,"smoke-00001000","KTEX_EMERGENCY_RTB_01-00001000","KTEX_EMERGENCY_RTB_01",1000,Batch,Running,AutomationPilot,0.14796099999999998,131.18321719912839,MissionCache,True,"","D:\Workspace\MM\FlightSim\FlightSimProject\Artifacts\FoundationSmoke\smoke-00001000\KTEX_EMERGENCY_RTB_01-00001000"
19.790000000000294,"smoke-00001000","KTEX_EMERGENCY_RTB_01-00001000","KTEX_EMERGENCY_RTB_01",1000,Batch,Running,AutomationPilot,0.14931709999999998,131.33124069513985,MissionCache,True,"","D:\Workspace\MM\FlightSim\FlightSimProject\Artifacts\FoundationSmoke\smoke-00001000\KTEX_EMERGENCY_RTB_01-00001000"
19.990000000000325,"smoke-00001000","KTEX_EMERGENCY_RTB_01-00001000","KTEX_EMERGENCY_RTB_01",1000,Batch,Running,AutomationPilot,0.1506815,131.46935755218988,MissionCache,True,"","D:\Workspace\MM\FlightSim\FlightSimProject\Artifacts\FoundationSmoke\smoke-00001000\KTEX_EMERGENCY_RTB_01-00001000"
20.190000000000357,"smoke-00001000","KTEX_EMERGENCY_RTB_01-00001000","KTEX_EMERGENCY_RTB_01",1000,Batch,Running,AutomationPilot,0.1520059,131.63962714605373,MissionCache,True,"","D:\Workspace\MM\FlightSim\FlightSimProject\Artifacts\FoundationSmoke\smoke-00001000\KTEX_EMERGENCY_RTB_01-00001000"
20.390000000000388,"smoke-00001000","KTEX_EMERGENCY_RTB_01-00001000","KTEX_EMERGENCY_RTB_01",1000,Batch,Running,AutomationPilot,0.1535471,131.62085119159113,MissionCache,True,"","D:\Workspace\MM\FlightSim\FlightSimProject\Artifacts\FoundationSmoke\smoke-00001000\KTEX_EMERGENCY_RTB_01-00001000"
20.590000000000419,"smoke-00001000","KTEX_EMERGENCY_RTB_01-00001000","KTEX_EMERGENCY_RTB_01",1000,Batch,Running,AutomationPilot,0.15495219999999998,131.71803949863502,MissionCache,True,"","D:\Workspace\MM\FlightSim\FlightSimProject\Artifacts\FoundationSmoke\smoke-00001000\KTEX_EMERGENCY_RTB_01-00001000"
20.79000000000045,"smoke-00001000","KTEX_EMERGENCY_RTB_01-00001000","KTEX_EMERGENCY_RTB_01",1000,Batch,Running,AutomationPilot,0.15628899999999998,131.8710849771924,MissionCache,True,"","D:\Workspace\MM\FlightSim\FlightSimProject\Artifacts\FoundationSmoke\smoke-00001000\KTEX_EMERGENCY_RTB_01-00001000"
20.990000000000482,"smoke-00001000","KTEX_EMERGENCY_RTB_01-00001000","KTEX_EMERGENCY_RTB_01",1000,Batch,Running,AutomationPilot,0.15767589999999998,131.9795859735093,MissionCache,True,"","D:\Workspace\MM\FlightSim\FlightSimProject\Artifacts\FoundationSmoke\smoke-00001000\KTEX_EMERGENCY_RTB_01-00001000"
21.190000000000513,"smoke-00001000","KTEX_EMERGENCY_RTB_01-00001000","KTEX_EMERGENCY_RTB_01",1000,Batch,Running,AutomationPilot,0.159601,131.64077919311586,MissionCache,True,"","D:\Workspace\MM\FlightSim\FlightSimProject\Artifacts\FoundationSmoke\smoke-00001000\KTEX_EMERGENCY_RTB_01-00001000"
21.390000000000544,"smoke-00001000","KTEX_EMERGENCY_RTB_01-00001000","KTEX_EMERGENCY_RTB_01",1000,Batch,Running,AutomationPilot,0.1609154,131.80839124161216,MissionCache,True,"","D:\Workspace\MM\FlightSim\FlightSimProject\Artifacts\FoundationSmoke\smoke-00001000\KTEX_EMERGENCY_RTB_01-00001000"
21.590000000000575,"smoke-00001000","KTEX_EMERGENCY_RTB_01-00001000","KTEX_EMERGENCY_RTB_01",1000,Batch,Running,AutomationPilot,0.1622282,131.97458888159116,MissionCache,True,"","D:\Workspace\MM\FlightSim\FlightSimProject\Artifacts\FoundationSmoke\smoke-00001000\KTEX_EMERGENCY_RTB_01-00001000"
21.790000000000607,"smoke-00001000","KTEX_EMERGENCY_RTB_01-00001000","KTEX_EMERGENCY_RTB_01",1000,Batch,Running,AutomationPilot,0.1646425,131.25408081145864,MissionCache,True,"","D:\Workspace\MM\FlightSim\FlightSimProject\Artifacts\FoundationSmoke\smoke-00001000\KTEX_EMERGENCY_RTB_01-00001000"
21.990000000000638,"smoke-00001000","KTEX_EMERGENCY_RTB_01-00001000","KTEX_EMERGENCY_RTB_01",1000,Batch,Running,AutomationPilot,0.1669098,130.66937950917568,MissionCache,True,"","D:\Workspace\MM\FlightSim\FlightSimProject\Artifacts\FoundationSmoke\smoke-00001000\KTEX_EMERGENCY_RTB_01-00001000"
22.190000000000669,"smoke-00001000","KTEX_EMERGENCY_RTB_01-00001000","KTEX_EMERGENCY_RTB_01",1000,Batch,Running,AutomationPilot,0.16916509999999998,130.10957933995039,MissionCache,True,"","D:\Workspace\MM\FlightSim\FlightSimProject\Artifacts\FoundationSmoke\smoke-00001000\KTEX_EMERGENCY_RTB_01-00001000"
22.3900000000007,"smoke-00001000","KTEX_EMERGENCY_RTB_01-00001000","KTEX_EMERGENCY_RTB_01",1000,Batch,Running,AutomationPilot,0.1713932,129.58507105299785,MissionCache,True,"","D:\Workspace\MM\FlightSim\FlightSimProject\Artifacts\FoundationSmoke\smoke-00001000\KTEX_EMERGENCY_RTB_01-00001000"
22.590000000000732,"smoke-00001000","KTEX_EMERGENCY_RTB_01-00001000","KTEX_EMERGENCY_RTB_01",1000,Batch,Running,AutomationPilot,0.17338009999999998,129.25358792618476,MissionCache,True,"","D:\Workspace\MM\FlightSim\FlightSimProject\Artifacts\FoundationSmoke\smoke-00001000\KTEX_EMERGENCY_RTB_01-00001000"
22.790000000000763,"smoke-00001000","KTEX_EMERGENCY_RTB_01-00001000","KTEX_EMERGENCY_RTB_01",1000,Batch,Running,AutomationPilot,0.1746969,129.42416264971351,MissionCache,True,"","D:\Workspace\MM\FlightSim\FlightSimProject\Artifacts\FoundationSmoke\smoke-00001000\KTEX_EMERGENCY_RTB_01-00001000"
22.990000000000794,"smoke-00001000","KTEX_EMERGENCY_RTB_01-00001000","KTEX_EMERGENCY_RTB_01",1000,Batch,Running,AutomationPilot,0.17599299999999998,129.60742756814628,MissionCache,True,"","D:\Workspace\MM\FlightSim\FlightSimProject\Artifacts\FoundationSmoke\smoke-00001000\KTEX_EMERGENCY_RTB_01-00001000"
23.190000000000826,"smoke-00001000","KTEX_EMERGENCY_RTB_01-00001000","KTEX_EMERGENCY_RTB_01",1000,Batch,Running,AutomationPilot,0.17732509999999999,129.76166374642281,MissionCache,True,"","D:\Workspace\MM\FlightSim\FlightSimProject\Artifacts\FoundationSmoke\smoke-00001000\KTEX_EMERGENCY_RTB_01-00001000"
23.390000000000857,"smoke-00001000","KTEX_EMERGENCY_RTB_01-00001000","KTEX_EMERGENCY_RTB_01",1000,Batch,Running,AutomationPilot,0.17864719999999998,129.92087197560798,MissionCache,True,"","D:\Workspace\MM\FlightSim\FlightSimProject\Artifacts\FoundationSmoke\smoke-00001000\KTEX_EMERGENCY_RTB_01-00001000"
23.590000000000888,"smoke-00001000","KTEX_EMERGENCY_RTB_01-00001000","KTEX_EMERGENCY_RTB_01",1000,Batch,Running,AutomationPilot,0.1799761,130.07282633639056,MissionCache,True,"","D:\Workspace\MM\FlightSim\FlightSimProject\Artifacts\FoundationSmoke\smoke-00001000\KTEX_EMERGENCY_RTB_01-00001000"
23.790000000000919,"smoke-00001000","KTEX_EMERGENCY_RTB_01-00001000","KTEX_EMERGENCY_RTB_01",1000,Batch,Running,AutomationPilot,0.1812984,130.22729378748457,MissionCache,True,"","D:\Workspace\MM\FlightSim\FlightSimProject\Artifacts\FoundationSmoke\smoke-00001000\KTEX_EMERGENCY_RTB_01-00001000"
23.990000000000951,"smoke-00001000","KTEX_EMERGENCY_RTB_01-00001000","KTEX_EMERGENCY_RTB_01",1000,Batch,Running,AutomationPilot,0.1826186,130.38102361972398,MissionCache,True,"","D:\Workspace\MM\FlightSim\FlightSimProject\Artifacts\FoundationSmoke\smoke-00001000\KTEX_EMERGENCY_RTB_01-00001000"
24.190000000000982,"smoke-00001000","KTEX_EMERGENCY_RTB_01-00001000","KTEX_EMERGENCY_RTB_01",1000,Batch,Running,AutomationPilot,0.1847317,129.97227871556942,MissionCache,True,"","D:\Workspace\MM\FlightSim\FlightSimProject\Artifacts\FoundationSmoke\smoke-00001000\KTEX_EMERGENCY_RTB_01-00001000"
24.390000000001013,"smoke-00001000","KTEX_EMERGENCY_RTB_01-00001000","KTEX_EMERGENCY_RTB_01",1000,Batch,Running,AutomationPilot,0.18608149999999998,130.10428226342214,MissionCache,True,"","D:\Workspace\MM\FlightSim\FlightSimProject\Artifacts\FoundationSmoke\smoke-00001000\KTEX_EMERGENCY_RTB_01-00001000"
24.590000000001044,"smoke-00001000","KTEX_EMERGENCY_RTB_01-00001000","KTEX_EMERGENCY_RTB_01",1000,Batch,Running,AutomationPilot,0.18742689999999998,130.2374419040224,MissionCache,True,"","D:\Workspace\MM\FlightSim\FlightSimProject\Artifacts\FoundationSmoke\smoke-00001000\KTEX_EMERGENCY_RTB_01-00001000"
24.790000000001076,"smoke-00001000","KTEX_EMERGENCY_RTB_01-00001000","KTEX_EMERGENCY_RTB_01",1000,Batch,Running,AutomationPilot,0.18877249999999998,130.36856533658795,MissionCache,True,"","D:\Workspace\MM\FlightSim\FlightSimProject\Artifacts\FoundationSmoke\smoke-00001000\KTEX_EMERGENCY_RTB_01-00001000"
24.990000000001107,"smoke-00001000","KTEX_EMERGENCY_RTB_01-00001000","KTEX_EMERGENCY_RTB_01",1000,Batch,Running,AutomationPilot,0.1900787,130.5248825881126,MissionCache,True,"","D:\Workspace\MM\FlightSim\FlightSimProject\Artifacts\FoundationSmoke\smoke-00001000\KTEX_EMERGENCY_RTB_01-00001000"
25.190000000001138,"smoke-00001000","KTEX_EMERGENCY_RTB_01-00001000","KTEX_EMERGENCY_RTB_01",1000,Batch,Running,AutomationPilot,0.1914062,130.66452392869778,MissionCache,True,"","D:\Workspace\MM\FlightSim\FlightSimProject\Artifacts\FoundationSmoke\smoke-00001000\KTEX_EMERGENCY_RTB_01-00001000"
25.390000000001169,"smoke-00001000","KTEX_EMERGENCY_RTB_01-00001000","KTEX_EMERGENCY_RTB_01",1000,Batch,Running,AutomationPilot,0.1927495,130.79151956296198,MissionCache,True,"","D:\Workspace\MM\FlightSim\FlightSimProject\Artifacts\FoundationSmoke\smoke-00001000\KTEX_EMERGENCY_RTB_01-00001000"
25.5900000000012,"smoke-00001000","KTEX_EMERGENCY_RTB_01-00001000","KTEX_EMERGENCY_RTB_01",1000,Batch,Running,AutomationPilot,0.1941041,130.90913587091242,MissionCache,True,"","D:\Workspace\MM\FlightSim\FlightSimProject\Artifacts\FoundationSmoke\smoke-00001000\KTEX_EMERGENCY_RTB_01-00001000"
25.790000000001232,"smoke-00001000","KTEX_EMERGENCY_RTB_01-00001000","KTEX_EMERGENCY_RTB_01",1000,Batch,Running,AutomationPilot,0.1954135,131.05542861675988,MissionCache,True,"","D:\Workspace\MM\FlightSim\FlightSimProject\Artifacts\FoundationSmoke\smoke-00001000\KTEX_EMERGENCY_RTB_01-00001000"
25.990000000001263,"smoke-00001000","KTEX_EMERGENCY_RTB_01-00001000","KTEX_EMERGENCY_RTB_01",1000,Batch,Running,AutomationPilot,0.1966948,131.21851721550968,MissionCache,True,"","D:\Workspace\MM\FlightSim\FlightSimProject\Artifacts\FoundationSmoke\smoke-00001000\KTEX_EMERGENCY_RTB_01-00001000"
26.190000000001294,"smoke-00001000","KTEX_EMERGENCY_RTB_01-00001000","KTEX_EMERGENCY_RTB_01",1000,Batch,Running,AutomationPilot,0.1980008,131.36310560362011,MissionCache,True,"","D:\Workspace\MM\FlightSim\FlightSimProject\Artifacts\FoundationSmoke\smoke-00001000\KTEX_EMERGENCY_RTB_01-00001000"
26.390000000001326,"smoke-00001000","KTEX_EMERGENCY_RTB_01-00001000","KTEX_EMERGENCY_RTB_01",1000,Batch,Running,AutomationPilot,0.1993074,131.50540321132732,MissionCache,True,"","D:\Workspace\MM\FlightSim\FlightSimProject\Artifacts\FoundationSmoke\smoke-00001000\KTEX_EMERGENCY_RTB_01-00001000"
26.590000000001357,"smoke-00001000","KTEX_EMERGENCY_RTB_01-00001000","KTEX_EMERGENCY_RTB_01",1000,Batch,Running,AutomationPilot,0.20060029999999998,131.65483800373843,MissionCache,True,"","D:\Workspace\MM\FlightSim\FlightSimProject\Artifacts\FoundationSmoke\smoke-00001000\KTEX_EMERGENCY_RTB_01-00001000"
26.790000000001388,"smoke-00001000","KTEX_EMERGENCY_RTB_01-00001000","KTEX_EMERGENCY_RTB_01",1000,Batch,Running,AutomationPilot,0.20190319999999998,131.79583087341538,MissionCache,True,"","D:\Workspace\MM\FlightSim\FlightSimProject\Artifacts\FoundationSmoke\smoke-00001000\KTEX_EMERGENCY_RTB_01-00001000"
26.99000000000142,"smoke-00001000","KTEX_EMERGENCY_RTB_01-00001000","KTEX_EMERGENCY_RTB_01",1000,Batch,Running,AutomationPilot,0.2032429,131.91112703076658,MissionCache,True,"","D:\Workspace\MM\FlightSim\FlightSimProject\Artifacts\FoundationSmoke\smoke-00001000\KTEX_EMERGENCY_RTB_01-00001000"
27.190000000001451,"smoke-00001000","KTEX_EMERGENCY_RTB_01-00001000","KTEX_EMERGENCY_RTB_01",1000,Batch,Running,AutomationPilot,0.20517359999999998,131.64461704625461,MissionCache,True,"","D:\Workspace\MM\FlightSim\FlightSimProject\Artifacts\FoundationSmoke\smoke-00001000\KTEX_EMERGENCY_RTB_01-00001000"
27.390000000001482,"smoke-00001000","KTEX_EMERGENCY_RTB_01-00001000","KTEX_EMERGENCY_RTB_01",1000,Batch,Running,AutomationPilot,0.2064701,131.786636418549,MissionCache,True,"","D:\Workspace\MM\FlightSim\FlightSimProject\Artifacts\FoundationSmoke\smoke-00001000\KTEX_EMERGENCY_RTB_01-00001000"
27.590000000001513,"smoke-00001000","KTEX_EMERGENCY_RTB_01-00001000","KTEX_EMERGENCY_RTB_01",1000,Batch,Running,AutomationPilot,0.20777479999999998,131.92167673847592,MissionCache,True,"","D:\Workspace\MM\FlightSim\FlightSimProject\Artifacts\FoundationSmoke\smoke-00001000\KTEX_EMERGENCY_RTB_01-00001000"
27.790000000001545,"smoke-00001000","KTEX_EMERGENCY_RTB_01-00001000","KTEX_EMERGENCY_RTB_01",1000,Batch,Running,AutomationPilot,0.20924779999999998,131.94881857778921,MissionCache,True,"","D:\Workspace\MM\FlightSim\FlightSimProject\Artifacts\FoundationSmoke\smoke-00001000\KTEX_EMERGENCY_RTB_01-00001000"
27.990000000001576,"smoke-00001000","KTEX_EMERGENCY_RTB_01-00001000","KTEX_EMERGENCY_RTB_01",1000,Batch,Running,AutomationPilot,0.21060769999999998,132.04645414199743,MissionCache,True,"","D:\Workspace\MM\FlightSim\FlightSimProject\Artifacts\FoundationSmoke\smoke-00001000\KTEX_EMERGENCY_RTB_01-00001000"
28.190000000001607,"smoke-00001000","KTEX_EMERGENCY_RTB_01-00001000","KTEX_EMERGENCY_RTB_01",1000,Batch,Running,AutomationPilot,0.2119602,132.14745032322853,MissionCache,True,"","D:\Workspace\MM\FlightSim\FlightSimProject\Artifacts\FoundationSmoke\smoke-00001000\KTEX_EMERGENCY_RTB_01-00001000"
28.390000000001638,"smoke-00001000","KTEX_EMERGENCY_RTB_01-00001000","KTEX_EMERGENCY_RTB_01",1000,Batch,Running,AutomationPilot,0.2132683,132.27469811501106,MissionCache,True,"","D:\Workspace\MM\FlightSim\FlightSimProject\Artifacts\FoundationSmoke\smoke-00001000\KTEX_EMERGENCY_RTB_01-00001000"
28.59000000000167,"smoke-00001000","KTEX_EMERGENCY_RTB_01-00001000","KTEX_EMERGENCY_RTB_01",1000,Batch,Running,AutomationPilot,0.21457459999999998,132.40150511757517,MissionCache,True,"","D:\Workspace\MM\FlightSim\FlightSimProject\Artifacts\FoundationSmoke\smoke-00001000\KTEX_EMERGENCY_RTB_01-00001000"
28.7900000000017,"smoke-00001000","KTEX_EMERGENCY_RTB_01-00001000","KTEX_EMERGENCY_RTB_01",1000,Batch,Running,AutomationPilot,0.21587479999999998,132.53052232127916,MissionCache,True,"","D:\Workspace\MM\FlightSim\FlightSimProject\Artifacts\FoundationSmoke\smoke-00001000\KTEX_EMERGENCY_RTB_01-00001000"
28.990000000001732,"smoke-00001000","KTEX_EMERGENCY_RTB_01-00001000","KTEX_EMERGENCY_RTB_01",1000,Batch,Running,AutomationPilot,0.2171805,132.65463519976106,MissionCache,True,"","D:\Workspace\MM\FlightSim\FlightSimProject\Artifacts\FoundationSmoke\smoke-00001000\KTEX_EMERGENCY_RTB_01-00001000"
29.190000000001763,"smoke-00001000","KTEX_EMERGENCY_RTB_01-00001000","KTEX_EMERGENCY_RTB_01",1000,Batch,Running,AutomationPilot,0.21849659999999999,132.77094471951389,MissionCache,True,"","D:\Workspace\MM\FlightSim\FlightSimProject\Artifacts\FoundationSmoke\smoke-00001000\KTEX_EMERGENCY_RTB_01-00001000"
29.390000000001795,"smoke-00001000","KTEX_EMERGENCY_RTB_01-00001000","KTEX_EMERGENCY_RTB_01",1000,Batch,Running,AutomationPilot,0.21982959999999999,132.87564549997711,MissionCache,True,"","D:\Workspace\MM\FlightSim\FlightSimProject\Artifacts\FoundationSmoke\smoke-00001000\KTEX_EMERGENCY_RTB_01-00001000"
29.590000000001826,"smoke-00001000","KTEX_EMERGENCY_RTB_01-00001000","KTEX_EMERGENCY_RTB_01",1000,Batch,Running,AutomationPilot,0.22112369999999998,133.00247779863398,MissionCache,True,"","D:\Workspace\MM\FlightSim\FlightSimProject\Artifacts\FoundationSmoke\smoke-00001000\KTEX_EMERGENCY_RTB_01-00001000"
29.790000000001857,"smoke-00001000","KTEX_EMERGENCY_RTB_01-00001000","KTEX_EMERGENCY_RTB_01",1000,Batch,Running,AutomationPilot,0.2224321,133.119275500262,MissionCache,True,"","D:\Workspace\MM\FlightSim\FlightSimProject\Artifacts\FoundationSmoke\smoke-00001000\KTEX_EMERGENCY_RTB_01-00001000"
29.990000000001888,"smoke-00001000","KTEX_EMERGENCY_RTB_01-00001000","KTEX_EMERGENCY_RTB_01",1000,Batch,Running,AutomationPilot,0.2237311,133.24030499113383,MissionCache,True,"","D:\Workspace\MM\FlightSim\FlightSimProject\Artifacts\FoundationSmoke\smoke-00001000\KTEX_EMERGENCY_RTB_01-00001000"
30.19000000000192,"smoke-00001000","KTEX_EMERGENCY_RTB_01-00001000","KTEX_EMERGENCY_RTB_01",1000,Batch,Running,AutomationPilot,0.225902,132.84521606715253,MissionCache,True,"","D:\Workspace\MM\FlightSim\FlightSimProject\Artifacts\FoundationSmoke\smoke-00001000\KTEX_EMERGENCY_RTB_01-00001000"
30.390000000001951,"smoke-00001000","KTEX_EMERGENCY_RTB_01-00001000","KTEX_EMERGENCY_RTB_01",1000,Batch,Running,AutomationPilot,0.2272122,132.95940975001309,MissionCache,True,"","D:\Workspace\MM\FlightSim\FlightSimProject\Artifacts\FoundationSmoke\smoke-00001000\KTEX_EMERGENCY_RTB_01-00001000"
30.590000000001982,"smoke-00001000","KTEX_EMERGENCY_RTB_01-00001000","KTEX_EMERGENCY_RTB_01",1000,Batch,Running,AutomationPilot,0.2285315,133.06699514072218,MissionCache,True,"","D:\Workspace\MM\FlightSim\FlightSimProject\Artifacts\FoundationSmoke\smoke-00001000\KTEX_EMERGENCY_RTB_01-00001000"
30.790000000002014,"smoke-00001000","KTEX_EMERGENCY_RTB_01-00001000","KTEX_EMERGENCY_RTB_01",1000,Batch,Running,AutomationPilot,0.22989939999999998,133.14519307141293,MissionCache,True,"","D:\Workspace\MM\FlightSim\FlightSimProject\Artifacts\FoundationSmoke\smoke-00001000\KTEX_EMERGENCY_RTB_01-00001000"
30.990000000002045,"smoke-00001000","KTEX_EMERGENCY_RTB_01-00001000","KTEX_EMERGENCY_RTB_01",1000,Batch,Running,AutomationPilot,0.2311982,133.26228318387436,MissionCache,True,"","D:\Workspace\MM\FlightSim\FlightSimProject\Artifacts\FoundationSmoke\smoke-00001000\KTEX_EMERGENCY_RTB_01-00001000"
31.190000000002076,"smoke-00001000","KTEX_EMERGENCY_RTB_01-00001000","KTEX_EMERGENCY_RTB_01",1000,Batch,Running,AutomationPilot,0.2325141,133.36825594663742,MissionCache,True,"","D:\Workspace\MM\FlightSim\FlightSimProject\Artifacts\FoundationSmoke\smoke-00001000\KTEX_EMERGENCY_RTB_01-00001000"
31.390000000002107,"smoke-00001000","KTEX_EMERGENCY_RTB_01-00001000","KTEX_EMERGENCY_RTB_01",1000,Batch,Running,AutomationPilot,0.2339008,133.43263468958671,MissionCache,True,"","D:\Workspace\MM\FlightSim\FlightSimProject\Artifacts\FoundationSmoke\smoke-00001000\KTEX_EMERGENCY_RTB_01-00001000"
31.590000000002139,"smoke-00001000","KTEX_EMERGENCY_RTB_01-00001000","KTEX_EMERGENCY_RTB_01",1000,Batch,Running,AutomationPilot,0.2352088,133.5409219383038,MissionCache,True,"","D:\Workspace\MM\FlightSim\FlightSimProject\Artifacts\FoundationSmoke\smoke-00001000\KTEX_EMERGENCY_RTB_01-00001000"
31.79000000000217,"smoke-00001000","KTEX_EMERGENCY_RTB_01-00001000","KTEX_EMERGENCY_RTB_01",1000,Batch,Running,AutomationPilot,0.2365188,133.64688134728462,MissionCache,True,"","D:\Workspace\MM\FlightSim\FlightSimProject\Artifacts\FoundationSmoke\smoke-00001000\KTEX_EMERGENCY_RTB_01-00001000"
31.9900000000022,"smoke-00001000","KTEX_EMERGENCY_RTB_01-00001000","KTEX_EMERGENCY_RTB_01",1000,Batch,Running,AutomationPilot,0.23783379999999998,133.7488616000004,MissionCache,True,"","D:\Workspace\MM\FlightSim\FlightSimProject\Artifacts\FoundationSmoke\smoke-00001000\KTEX_EMERGENCY_RTB_01-00001000"
32.190000000002165,"smoke-00001000","KTEX_EMERGENCY_RTB_01-00001000","KTEX_EMERGENCY_RTB_01",1000,Batch,Running,AutomationPilot,0.23912719999999998,133.86181078523148,MissionCache,True,"","D:\Workspace\MM\FlightSim\FlightSimProject\Artifacts\FoundationSmoke\smoke-00001000\KTEX_EMERGENCY_RTB_01-00001000"
32.390000000002125,"smoke-00001000","KTEX_EMERGENCY_RTB_01-00001000","KTEX_EMERGENCY_RTB_01",1000,Batch,Running,AutomationPilot,0.2406383,133.85234187576194,MissionCache,True,"","D:\Workspace\MM\FlightSim\FlightSimProject\Artifacts\FoundationSmoke\smoke-00001000\KTEX_EMERGENCY_RTB_01-00001000"
32.590000000002085,"smoke-00001000","KTEX_EMERGENCY_RTB_01-00001000","KTEX_EMERGENCY_RTB_01",1000,Batch,Running,AutomationPilot,0.2419631,133.94604383892471,MissionCache,True,"","D:\Workspace\MM\FlightSim\FlightSimProject\Artifacts\FoundationSmoke\smoke-00001000\KTEX_EMERGENCY_RTB_01-00001000"
32.790000000002046,"smoke-00001000","KTEX_EMERGENCY_RTB_01-00001000","KTEX_EMERGENCY_RTB_01",1000,Batch,Running,AutomationPilot,0.2434288,133.96114182053267,MissionCache,True,"","D:\Workspace\MM\FlightSim\FlightSimProject\Artifacts\FoundationSmoke\smoke-00001000\KTEX_EMERGENCY_RTB_01-00001000"
32.990000000002006,"smoke-00001000","KTEX_EMERGENCY_RTB_01-00001000","KTEX_EMERGENCY_RTB_01",1000,Batch,Running,AutomationPilot,0.24473799999999998,134.06173132084942,MissionCache,True,"","D:\Workspace\MM\FlightSim\FlightSimProject\Artifacts\FoundationSmoke\smoke-00001000\KTEX_EMERGENCY_RTB_01-00001000"
33.190000000001966,"smoke-00001000","KTEX_EMERGENCY_RTB_01-00001000","KTEX_EMERGENCY_RTB_01",1000,Batch,Running,AutomationPilot,0.2467027,133.80477797771164,MissionCache,True,"","D:\Workspace\MM\FlightSim\FlightSimProject\Artifacts\FoundationSmoke\smoke-00001000\KTEX_EMERGENCY_RTB_01-00001000"
33.390000000001926,"smoke-00001000","KTEX_EMERGENCY_RTB_01-00001000","KTEX_EMERGENCY_RTB_01",1000,Batch,Running,AutomationPilot,0.2480568,133.88062734019775,MissionCache,True,"","D:\Workspace\MM\FlightSim\FlightSimProject\Artifacts\FoundationSmoke\smoke-00001000\KTEX_EMERGENCY_RTB_01-00001000"
33.590000000001886,"smoke-00001000","KTEX_EMERGENCY_RTB_01-00001000","KTEX_EMERGENCY_RTB_01",1000,Batch,Running,AutomationPilot,0.24936709999999998,133.97918169639027,MissionCache,True,"","D:\Workspace\MM\FlightSim\FlightSimProject\Artifacts\FoundationSmoke\smoke-00001000\KTEX_EMERGENCY_RTB_01-00001000"
33.790000000001847,"smoke-00001000","KTEX_EMERGENCY_RTB_01-00001000","KTEX_EMERGENCY_RTB_01",1000,Batch,Running,AutomationPilot,0.250702,134.06354955286309,MissionCache,True,"","D:\Workspace\MM\FlightSim\FlightSimProject\Artifacts\FoundationSmoke\smoke-00001000\KTEX_EMERGENCY_RTB_01-00001000"
33.990000000001807,"smoke-00001000","KTEX_EMERGENCY_RTB_01-00001000","KTEX_EMERGENCY_RTB_01",1000,Batch,Running,AutomationPilot,0.25201229999999997,134.16011837518187,MissionCache,True,"","D:\Workspace\MM\FlightSim\FlightSimProject\Artifacts\FoundationSmoke\smoke-00001000\KTEX_EMERGENCY_RTB_01-00001000"
34.190000000001767,"smoke-00001000","KTEX_EMERGENCY_RTB_01-00001000","KTEX_EMERGENCY_RTB_01",1000,Batch,Running,AutomationPilot,0.2537636,134.02237357919657,MissionCache,True,"","D:\Workspace\MM\FlightSim\FlightSimProject\Artifacts\FoundationSmoke\smoke-00001000\KTEX_EMERGENCY_RTB_01-00001000"
34.390000000001727,"smoke-00001000","KTEX_EMERGENCY_RTB_01-00001000","KTEX_EMERGENCY_RTB_01",1000,Batch,Running,AutomationPilot,0.2554976,133.89558258082175,MissionCache,True,"","D:\Workspace\MM\FlightSim\FlightSimProject\Artifacts\FoundationSmoke\smoke-00001000\KTEX_EMERGENCY_RTB_01-00001000"
34.590000000001687,"smoke-00001000","KTEX_EMERGENCY_RTB_01-00001000","KTEX_EMERGENCY_RTB_01",1000,Batch,Running,AutomationPilot,0.2569749,133.90412837986014,MissionCache,True,"","D:\Workspace\MM\FlightSim\FlightSimProject\Artifacts\FoundationSmoke\smoke-00001000\KTEX_EMERGENCY_RTB_01-00001000"
34.790000000001648,"smoke-00001000","KTEX_EMERGENCY_RTB_01-00001000","KTEX_EMERGENCY_RTB_01",1000,Batch,Running,AutomationPilot,0.25828809999999996,133.99765610572723,MissionCache,True,"","D:\Workspace\MM\FlightSim\FlightSimProject\Artifacts\FoundationSmoke\smoke-00001000\KTEX_EMERGENCY_RTB_01-00001000"
34.990000000001608,"smoke-00001000","KTEX_EMERGENCY_RTB_01-00001000","KTEX_EMERGENCY_RTB_01",1000,Batch,Running,AutomationPilot,0.25959489999999996,134.09354344018951,MissionCache,True,"","D:\Workspace\MM\FlightSim\FlightSimProject\Artifacts\FoundationSmoke\smoke-00001000\KTEX_EMERGENCY_RTB_01-00001000"
35.190000000001568,"smoke-00001000","KTEX_EMERGENCY_RTB_01-00001000","KTEX_EMERGENCY_RTB_01",1000,Batch,Running,AutomationPilot,0.2609015,134.18857308218466,MissionCache,True,"","D:\Workspace\MM\FlightSim\FlightSimProject\Artifacts\FoundationSmoke\smoke-00001000\KTEX_EMERGENCY_RTB_01-00001000"
35.390000000001528,"smoke-00001000","KTEX_EMERGENCY_RTB_01-00001000","KTEX_EMERGENCY_RTB_01",1000,Batch,Running,AutomationPilot,0.2622112,134.28106808557973,MissionCache,True,"","D:\Workspace\MM\FlightSim\FlightSimProject\Artifacts\FoundationSmoke\smoke-00001000\KTEX_EMERGENCY_RTB_01-00001000"
35.590000000001488,"smoke-00001000","KTEX_EMERGENCY_RTB_01-00001000","KTEX_EMERGENCY_RTB_01",1000,Batch,Running,AutomationPilot,0.2635558,134.35485009247196,MissionCache,True,"","D:\Workspace\MM\FlightSim\FlightSimProject\Artifacts\FoundationSmoke\smoke-00001000\KTEX_EMERGENCY_RTB_01-00001000"
35.790000000001449,"smoke-00001000","KTEX_EMERGENCY_RTB_01-00001000","KTEX_EMERGENCY_RTB_01",1000,Batch,Running,AutomationPilot,0.2648608,134.44798173229668,MissionCache,True,"","D:\Workspace\MM\FlightSim\FlightSimProject\Artifacts\FoundationSmoke\smoke-00001000\KTEX_EMERGENCY_RTB_01-00001000"
35.990000000001409,"smoke-00001000","KTEX_EMERGENCY_RTB_01-00001000","KTEX_EMERGENCY_RTB_01",1000,Batch,Running,AutomationPilot,0.26620469999999996,134.5205400205235,MissionCache,True,"","D:\Workspace\MM\FlightSim\FlightSimProject\Artifacts\FoundationSmoke\smoke-00001000\KTEX_EMERGENCY_RTB_01-00001000"
36.190000000001369,"smoke-00001000","KTEX_EMERGENCY_RTB_01-00001000","KTEX_EMERGENCY_RTB_01",1000,Batch,Running,AutomationPilot,0.26810249999999997,134.31430143322575,MissionCache,True,"","D:\Workspace\MM\FlightSim\FlightSimProject\Artifacts\FoundationSmoke\smoke-00001000\KTEX_EMERGENCY_RTB_01-00001000"
36.390000000001329,"smoke-00001000","KTEX_EMERGENCY_RTB_01-00001000","KTEX_EMERGENCY_RTB_01",1000,Batch,Running,AutomationPilot,0.26946329999999996,134.37822516090827,MissionCache,True,"","D:\Workspace\MM\FlightSim\FlightSimProject\Artifacts\FoundationSmoke\smoke-00001000\KTEX_EMERGENCY_RTB_01-00001000"
36.590000000001289,"smoke-00001000","KTEX_EMERGENCY_RTB_01-00001000","KTEX_EMERGENCY_RTB_01",1000,Batch,Running,AutomationPilot,0.27077809999999997,134.46434552868689,MissionCache,True,"","D:\Workspace\MM\FlightSim\FlightSimProject\Artifacts\FoundationSmoke\smoke-00001000\KTEX_EMERGENCY_RTB_01-00001000"
36.79000000000125,"smoke-00001000","KTEX_EMERGENCY_RTB_01-00001000","KTEX_EMERGENCY_RTB_01",1000,Batch,Running,AutomationPilot,0.27212939999999997,134.53158681127908,MissionCache,True,"","D:\Workspace\MM\FlightSim\FlightSimProject\Artifacts\FoundationSmoke\smoke-00001000\KTEX_EMERGENCY_RTB_01-00001000"
36.99000000000121,"smoke-00001000","KTEX_EMERGENCY_RTB_01-00001000","KTEX_EMERGENCY_RTB_01",1000,Batch,Running,AutomationPilot,0.27349619999999997,134.59053544437273,MissionCache,True,"","D:\Workspace\MM\FlightSim\FlightSimProject\Artifacts\FoundationSmoke\smoke-00001000\KTEX_EMERGENCY_RTB_01-00001000"
37.19000000000117,"smoke-00001000","KTEX_EMERGENCY_RTB_01-00001000","KTEX_EMERGENCY_RTB_01",1000,Batch,Running,AutomationPilot,0.2747938,134.6828057983885,MissionCache,True,"","D:\Workspace\MM\FlightSim\FlightSimProject\Artifacts\FoundationSmoke\smoke-00001000\KTEX_EMERGENCY_RTB_01-00001000"
37.39000000000113,"smoke-00001000","KTEX_EMERGENCY_RTB_01-00001000","KTEX_EMERGENCY_RTB_01",1000,Batch,Running,AutomationPilot,0.2760938,134.77303727936362,MissionCache,True,"","D:\Workspace\MM\FlightSim\FlightSimProject\Artifacts\FoundationSmoke\smoke-00001000\KTEX_EMERGENCY_RTB_01-00001000"
37.590000000001091,"smoke-00001000","KTEX_EMERGENCY_RTB_01-00001000","KTEX_EMERGENCY_RTB_01",1000,Batch,Running,AutomationPilot,0.2774395,134.84020840580064,MissionCache,True,"","D:\Workspace\MM\FlightSim\FlightSimProject\Artifacts\FoundationSmoke\smoke-00001000\KTEX_EMERGENCY_RTB_01-00001000"
37.790000000001051,"smoke-00001000","KTEX_EMERGENCY_RTB_01-00001000","KTEX_EMERGENCY_RTB_01",1000,Batch,Running,AutomationPilot,0.2787483,134.92458967463151,MissionCache,True,"","D:\Workspace\MM\FlightSim\FlightSimProject\Artifacts\FoundationSmoke\smoke-00001000\KTEX_EMERGENCY_RTB_01-00001000"
37.990000000001011,"smoke-00001000","KTEX_EMERGENCY_RTB_01-00001000","KTEX_EMERGENCY_RTB_01",1000,Batch,Running,AutomationPilot,0.2800513,135.01097834575683,MissionCache,True,"","D:\Workspace\MM\FlightSim\FlightSimProject\Artifacts\FoundationSmoke\smoke-00001000\KTEX_EMERGENCY_RTB_01-00001000"
38.190000000000971,"smoke-00001000","KTEX_EMERGENCY_RTB_01-00001000","KTEX_EMERGENCY_RTB_01",1000,Batch,Running,AutomationPilot,0.2813542,135.0966148719337,MissionCache,True,"","D:\Workspace\MM\FlightSim\FlightSimProject\Artifacts\FoundationSmoke\smoke-00001000\KTEX_EMERGENCY_RTB_01-00001000"
38.390000000000931,"smoke-00001000","KTEX_EMERGENCY_RTB_01-00001000","KTEX_EMERGENCY_RTB_01",1000,Batch,Running,AutomationPilot,0.28263679999999997,135.19117114261473,MissionCache,True,"","D:\Workspace\MM\FlightSim\FlightSimProject\Artifacts\FoundationSmoke\smoke-00001000\KTEX_EMERGENCY_RTB_01-00001000"
38.590000000000892,"smoke-00001000","KTEX_EMERGENCY_RTB_01-00001000","KTEX_EMERGENCY_RTB_01",1000,Batch,Running,AutomationPilot,0.2839692,135.26114804000198,MissionCache,True,"","D:\Workspace\MM\FlightSim\FlightSimProject\Artifacts\FoundationSmoke\smoke-00001000\KTEX_EMERGENCY_RTB_01-00001000"
38.790000000000852,"smoke-00001000","KTEX_EMERGENCY_RTB_01-00001000","KTEX_EMERGENCY_RTB_01",1000,Batch,Running,AutomationPilot,0.285267,135.34688554933058,MissionCache,True,"","D:\Workspace\MM\FlightSim\FlightSimProject\Artifacts\FoundationSmoke\smoke-00001000\KTEX_EMERGENCY_RTB_01-00001000"
38.990000000000812,"smoke-00001000","KTEX_EMERGENCY_RTB_01-00001000","KTEX_EMERGENCY_RTB_01",1000,Batch,Running,AutomationPilot,0.2867403,135.34895513466662,MissionCache,True,"","D:\Workspace\MM\FlightSim\FlightSimProject\Artifacts\FoundationSmoke\smoke-00001000\KTEX_EMERGENCY_RTB_01-00001000"
39.190000000000772,"smoke-00001000","KTEX_EMERGENCY_RTB_01-00001000","KTEX_EMERGENCY_RTB_01",1000,Batch,Running,AutomationPilot,0.2882244,135.34593185032497,MissionCache,True,"","D:\Workspace\MM\FlightSim\FlightSimProject\Artifacts\FoundationSmoke\smoke-00001000\KTEX_EMERGENCY_RTB_01-00001000"
39.390000000000732,"smoke-00001000","KTEX_EMERGENCY_RTB_01-00001000","KTEX_EMERGENCY_RTB_01",1000,Batch,Running,AutomationPilot,0.2902341,135.09783998503542,MissionCache,True,"","D:\Workspace\MM\FlightSim\FlightSimProject\Artifacts\FoundationSmoke\smoke-00001000\KTEX_EMERGENCY_RTB_01-00001000"
39.590000000000693,"smoke-00001000","KTEX_EMERGENCY_RTB_01-00001000","KTEX_EMERGENCY_RTB_01",1000,Batch,Running,AutomationPilot,0.2915854,135.1576587853875,MissionCache,True,"","D:\Workspace\MM\FlightSim\FlightSimProject\Artifacts\FoundationSmoke\smoke-00001000\KTEX_EMERGENCY_RTB_01-00001000"
39.790000000000653,"smoke-00001000","KTEX_EMERGENCY_RTB_01-00001000","KTEX_EMERGENCY_RTB_01",1000,Batch,Running,AutomationPilot,0.29291249999999996,135.22809712798428,MissionCache,True,"","D:\Workspace\MM\FlightSim\FlightSimProject\Artifacts\FoundationSmoke\smoke-00001000\KTEX_EMERGENCY_RTB_01-00001000"
39.990000000000613,"smoke-00001000","KTEX_EMERGENCY_RTB_01-00001000","KTEX_EMERGENCY_RTB_01",1000,Batch,Running,AutomationPilot,0.2942112,135.31096028975324,MissionCache,True,"","D:\Workspace\MM\FlightSim\FlightSimProject\Artifacts\FoundationSmoke\smoke-00001000\KTEX_EMERGENCY_RTB_01-00001000"
40.190000000000573,"smoke-00001000","KTEX_EMERGENCY_RTB_01-00001000","KTEX_EMERGENCY_RTB_01",1000,Batch,Running,AutomationPilot,0.29551299999999997,135.39167481633842,MissionCache,True,"","D:\Workspace\MM\FlightSim\FlightSimProject\Artifacts\FoundationSmoke\smoke-00001000\KTEX_EMERGENCY_RTB_01-00001000"
40.390000000000533,"smoke-00001000","KTEX_EMERGENCY_RTB_01-00001000","KTEX_EMERGENCY_RTB_01",1000,Batch,Running,AutomationPilot,0.296804,135.47661082734925,MissionCache,True,"","D:\Workspace\MM\FlightSim\FlightSimProject\Artifacts\FoundationSmoke\smoke-00001000\KTEX_EMERGENCY_RTB_01-00001000"
40.590000000000494,"smoke-00001000","KTEX_EMERGENCY_RTB_01-00001000","KTEX_EMERGENCY_RTB_01",1000,Batch,Running,AutomationPilot,0.298095,135.5608111508094,MissionCache,True,"","D:\Workspace\MM\FlightSim\FlightSimProject\Artifacts\FoundationSmoke\smoke-00001000\KTEX_EMERGENCY_RTB_01-00001000"
40.790000000000454,"smoke-00001000","KTEX_EMERGENCY_RTB_01-00001000","KTEX_EMERGENCY_RTB_01",1000,Batch,Running,AutomationPilot,0.2994017,135.63717240082636,MissionCache,True,"","D:\Workspace\MM\FlightSim\FlightSimProject\Artifacts\FoundationSmoke\smoke-00001000\KTEX_EMERGENCY_RTB_01-00001000"
40.990000000000414,"smoke-00001000","KTEX_EMERGENCY_RTB_01-00001000","KTEX_EMERGENCY_RTB_01",1000,Batch,Running,AutomationPilot,0.30070009999999997,135.71661599048505,MissionCache,True,"","D:\Workspace\MM\FlightSim\FlightSimProject\Artifacts\FoundationSmoke\smoke-00001000\KTEX_EMERGENCY_RTB_01-00001000"
41.190000000000374,"smoke-00001000","KTEX_EMERGENCY_RTB_01-00001000","KTEX_EMERGENCY_RTB_01",1000,Batch,Running,AutomationPilot,0.3020259,135.7830570159725,MissionCache,True,"","D:\Workspace\MM\FlightSim\FlightSimProject\Artifacts\FoundationSmoke\smoke-00001000\KTEX_EMERGENCY_RTB_01-00001000"
41.390000000000335,"smoke-00001000","KTEX_EMERGENCY_RTB_01-00001000","KTEX_EMERGENCY_RTB_01",1000,Batch,Running,AutomationPilot,0.3033462,135.85138037002068,MissionCache,True,"","D:\Workspace\MM\FlightSim\FlightSimProject\Artifacts\FoundationSmoke\smoke-00001000\KTEX_EMERGENCY_RTB_01-00001000"
41.590000000000295,"smoke-00001000","KTEX_EMERGENCY_RTB_01-00001000","KTEX_EMERGENCY_RTB_01",1000,Batch,Running,AutomationPilot,0.3046445,135.92892699523651,MissionCache,True,"","D:\Workspace\MM\FlightSim\FlightSimProject\Artifacts\FoundationSmoke\smoke-00001000\KTEX_EMERGENCY_RTB_01-00001000"
41.790000000000255,"smoke-00001000","KTEX_EMERGENCY_RTB_01-00001000","KTEX_EMERGENCY_RTB_01",1000,Batch,Running,AutomationPilot,0.306014,135.97417111635511,MissionCache,True,"","D:\Workspace\MM\FlightSim\FlightSimProject\Artifacts\FoundationSmoke\smoke-00001000\KTEX_EMERGENCY_RTB_01-00001000"
41.990000000000215,"smoke-00001000","KTEX_EMERGENCY_RTB_01-00001000","KTEX_EMERGENCY_RTB_01",1000,Batch,Running,AutomationPilot,0.3073071,136.05282793661536,MissionCache,True,"","D:\Workspace\MM\FlightSim\FlightSimProject\Artifacts\FoundationSmoke\smoke-00001000\KTEX_EMERGENCY_RTB_01-00001000"
42.190000000000175,"smoke-00001000","KTEX_EMERGENCY_RTB_01-00001000","KTEX_EMERGENCY_RTB_01",1000,Batch,Running,AutomationPilot,0.3086276,136.11873986642871,MissionCache,True,"","D:\Workspace\MM\FlightSim\FlightSimProject\Artifacts\FoundationSmoke\smoke-00001000\KTEX_EMERGENCY_RTB_01-00001000"
42.390000000000136,"smoke-00001000","KTEX_EMERGENCY_RTB_01-00001000","KTEX_EMERGENCY_RTB_01",1000,Batch,Running,AutomationPilot,0.31058749999999996,135.90373083269668,MissionCache,True,"","D:\Workspace\MM\FlightSim\FlightSimProject\Artifacts\FoundationSmoke\smoke-00001000\KTEX_EMERGENCY_RTB_01-00001000"
42.590000000000096,"smoke-00001000","KTEX_EMERGENCY_RTB_01-00001000","KTEX_EMERGENCY_RTB_01",1000,Batch,Running,AutomationPilot,0.3119325,135.95890136487904,MissionCache,True,"","D:\Workspace\MM\FlightSim\FlightSimProject\Artifacts\FoundationSmoke\smoke-00001000\KTEX_EMERGENCY_RTB_01-00001000"
42.790000000000056,"smoke-00001000","KTEX_EMERGENCY_RTB_01-00001000","KTEX_EMERGENCY_RTB_01",1000,Batch,Running,AutomationPilot,0.31333059999999996,135.9905480026531,MissionCache,True,"","D:\Workspace\MM\FlightSim\FlightSimProject\Artifacts\FoundationSmoke\smoke-00001000\KTEX_EMERGENCY_RTB_01-00001000"
42.990000000000016,"smoke-00001000","KTEX_EMERGENCY_RTB_01-00001000","KTEX_EMERGENCY_RTB_01",1000,Batch,Running,AutomationPilot,0.3147232,136.0242905511893,MissionCache,True,"","D:\Workspace\MM\FlightSim\FlightSimProject\Artifacts\FoundationSmoke\smoke-00001000\KTEX_EMERGENCY_RTB_01-00001000"
43.189999999999976,"smoke-00001000","KTEX_EMERGENCY_RTB_01-00001000","KTEX_EMERGENCY_RTB_01",1000,Batch,Running,AutomationPilot,0.316065,136.079603878949,MissionCache,True,"","D:\Workspace\MM\FlightSim\FlightSimProject\Artifacts\FoundationSmoke\smoke-00001000\KTEX_EMERGENCY_RTB_01-00001000"
43.389999999999937,"smoke-00001000","KTEX_EMERGENCY_RTB_01-00001000","KTEX_EMERGENCY_RTB_01",1000,Batch,Running,AutomationPilot,0.3173959,136.13912467048243,MissionCache,True,"","D:\Workspace\MM\FlightSim\FlightSimProject\Artifacts\FoundationSmoke\smoke-00001000\KTEX_EMERGENCY_RTB_01-00001000"
43.5899999999999,"smoke-00001000","KTEX_EMERGENCY_RTB_01-00001000","KTEX_EMERGENCY_RTB_01",1000,Batch,Running,AutomationPilot,0.3187364,136.19404624009036,MissionCache,True,"","D:\Workspace\MM\FlightSim\FlightSimProject\Artifacts\FoundationSmoke\smoke-00001000\KTEX_EMERGENCY_RTB_01-00001000"
43.789999999999857,"smoke-00001000","KTEX_EMERGENCY_RTB_01-00001000","KTEX_EMERGENCY_RTB_01",1000,Batch,Running,AutomationPilot,0.3200638,136.25408434193398,MissionCache,True,"","D:\Workspace\MM\FlightSim\FlightSimProject\Artifacts\FoundationSmoke\smoke-00001000\KTEX_EMERGENCY_RTB_01-00001000"
43.989999999999817,"smoke-00001000","KTEX_EMERGENCY_RTB_01-00001000","KTEX_EMERGENCY_RTB_01",1000,Batch,Running,AutomationPilot,0.32137889999999997,136.31884358307238,MissionCache,True,"","D:\Workspace\MM\FlightSim\FlightSimProject\Artifacts\FoundationSmoke\smoke-00001000\KTEX_EMERGENCY_RTB_01-00001000"
44.189999999999777,"smoke-00001000","KTEX_EMERGENCY_RTB_01-00001000","KTEX_EMERGENCY_RTB_01",1000,Batch,Running,AutomationPilot,0.3226716,136.3925427586432,MissionCache,True,"","D:\Workspace\MM\FlightSim\FlightSimProject\Artifacts\FoundationSmoke\smoke-00001000\KTEX_EMERGENCY_RTB_01-00001000"
44.389999999999738,"smoke-00001000","KTEX_EMERGENCY_RTB_01-00001000","KTEX_EMERGENCY_RTB_01",1000,Batch,Running,AutomationPilot,0.3239707,136.46295791563796,MissionCache,True,"","D:\Workspace\MM\FlightSim\FlightSimProject\Artifacts\FoundationSmoke\smoke-00001000\KTEX_EMERGENCY_RTB_01-00001000"
44.5899999999997,"smoke-00001000","KTEX_EMERGENCY_RTB_01-00001000","KTEX_EMERGENCY_RTB_01",1000,Batch,Running,AutomationPilot,0.32527809999999996,136.52932675147738,MissionCache,True,"","D:\Workspace\MM\FlightSim\FlightSimProject\Artifacts\FoundationSmoke\smoke-00001000\KTEX_EMERGENCY_RTB_01-00001000"
44.789999999999658,"smoke-00001000","KTEX_EMERGENCY_RTB_01-00001000","KTEX_EMERGENCY_RTB_01",1000,Batch,Running,AutomationPilot,0.3265806,136.59721367405075,MissionCache,True,"","D:\Workspace\MM\FlightSim\FlightSimProject\Artifacts\FoundationSmoke\smoke-00001000\KTEX_EMERGENCY_RTB_01-00001000"
44.989999999999618,"smoke-00001000","KTEX_EMERGENCY_RTB_01-00001000","KTEX_EMERGENCY_RTB_01",1000,Batch,Running,AutomationPilot,0.32788459999999997,136.66393603115139,MissionCache,True,"","D:\Workspace\MM\FlightSim\FlightSimProject\Artifacts\FoundationSmoke\smoke-00001000\KTEX_EMERGENCY_RTB_01-00001000"
45.189999999999579,"smoke-00001000","KTEX_EMERGENCY_RTB_01-00001000","KTEX_EMERGENCY_RTB_01",1000,Batch,Running,AutomationPilot,0.3291945,136.72767922914755,MissionCache,True,"","D:\Workspace\MM\FlightSim\FlightSimProject\Artifacts\FoundationSmoke\smoke-00001000\KTEX_EMERGENCY_RTB_01-00001000"
45.389999999999539,"smoke-00001000","KTEX_EMERGENCY_RTB_01-00001000","KTEX_EMERGENCY_RTB_01",1000,Batch,Running,AutomationPilot,0.3311474,136.52530564938627,MissionCache,True,"","D:\Workspace\MM\FlightSim\FlightSimProject\Artifacts\FoundationSmoke\smoke-00001000\KTEX_EMERGENCY_RTB_01-00001000"
45.5899999999995,"smoke-00001000","KTEX_EMERGENCY_RTB_01-00001000","KTEX_EMERGENCY_RTB_01",1000,Batch,Running,AutomationPilot,0.3324526,136.59090047723959,MissionCache,True,"","D:\Workspace\MM\FlightSim\FlightSimProject\Artifacts\FoundationSmoke\smoke-00001000\KTEX_EMERGENCY_RTB_01-00001000"
45.789999999999459,"smoke-00001000","KTEX_EMERGENCY_RTB_01-00001000","KTEX_EMERGENCY_RTB_01",1000,Batch,Running,AutomationPilot,0.3340287,136.54515315599974,MissionCache,True,"","D:\Workspace\MM\FlightSim\FlightSimProject\Artifacts\FoundationSmoke\smoke-00001000\KTEX_EMERGENCY_RTB_01-00001000"
45.989999999999419,"smoke-00001000","KTEX_EMERGENCY_RTB_01-00001000","KTEX_EMERGENCY_RTB_01",1000,Batch,Running,AutomationPilot,0.33552289999999996,136.53315466693766,MissionCache,True,"","D:\Workspace\MM\FlightSim\FlightSimProject\Artifacts\FoundationSmoke\smoke-00001000\KTEX_EMERGENCY_RTB_01-00001000"
46.18999999999938,"smoke-00001000","KTEX_EMERGENCY_RTB_01-00001000","KTEX_EMERGENCY_RTB_01",1000,Batch,Running,AutomationPilot,0.3371963,136.44870954989545,MissionCache,True,"","D:\Workspace\MM\FlightSim\FlightSimProject\Artifacts\FoundationSmoke\smoke-00001000\KTEX_EMERGENCY_RTB_01-00001000"
46.38999999999934,"smoke-00001000","KTEX_EMERGENCY_RTB_01-00001000","KTEX_EMERGENCY_RTB_01",1000,Batch,Running,AutomationPilot,0.3385011,136.51358887755276,MissionCache,True,"","D:\Workspace\MM\FlightSim\FlightSimProject\Artifacts\FoundationSmoke\smoke-00001000\KTEX_EMERGENCY_RTB_01-00001000"
46.5899999999993,"smoke-00001000","KTEX_EMERGENCY_RTB_01-00001000","KTEX_EMERGENCY_RTB_01",1000,Batch,Running,AutomationPilot,0.3398172,136.57342830203808,MissionCache,True,"","D:\Workspace\MM\FlightSim\FlightSimProject\Artifacts\FoundationSmoke\smoke-00001000\KTEX_EMERGENCY_RTB_01-00001000"
46.78999999999926,"smoke-00001000","KTEX_EMERGENCY_RTB_01-00001000","KTEX_EMERGENCY_RTB_01",1000,Batch,Running,AutomationPilot,0.34111379999999997,136.6406167091431,MissionCache,True,"","D:\Workspace\MM\FlightSim\FlightSimProject\Artifacts\FoundationSmoke\smoke-00001000\KTEX_EMERGENCY_RTB_01-00001000"
46.98999999999922,"smoke-00001000","KTEX_EMERGENCY_RTB_01-00001000","KTEX_EMERGENCY_RTB_01",1000,Batch,Running,AutomationPilot,0.34242439999999996,136.70170700452206,MissionCache,True,"","D:\Workspace\MM\FlightSim\FlightSimProject\Artifacts\FoundationSmoke\smoke-00001000\KTEX_EMERGENCY_RTB_01-00001000"
47.189999999999181,"smoke-00001000","KTEX_EMERGENCY_RTB_01-00001000","KTEX_EMERGENCY_RTB_01",1000,Batch,Running,AutomationPilot,0.3438961,136.69826438857322,MissionCache,True,"","D:\Workspace\MM\FlightSim\FlightSimProject\Artifacts\FoundationSmoke\smoke-00001000\KTEX_EMERGENCY_RTB_01-00001000"
47.389999999999141,"smoke-00001000","KTEX_EMERGENCY_RTB_01-00001000","KTEX_EMERGENCY_RTB_01",1000,Batch,Running,AutomationPilot,0.3452269,136.75064138976185,MissionCache,True,"","D:\Workspace\MM\FlightSim\FlightSimProject\Artifacts\FoundationSmoke\smoke-00001000\KTEX_EMERGENCY_RTB_01-00001000"
47.5899999999991,"smoke-00001000","KTEX_EMERGENCY_RTB_01-00001000","KTEX_EMERGENCY_RTB_01",1000,Batch,Running,AutomationPilot,0.3465213,136.81698643055748,MissionCache,True,"","D:\Workspace\MM\FlightSim\FlightSimProject\Artifacts\FoundationSmoke\smoke-00001000\KTEX_EMERGENCY_RTB_01-00001000"
47.789999999999061,"smoke-00001000","KTEX_EMERGENCY_RTB_01-00001000","KTEX_EMERGENCY_RTB_01",1000,Batch,Running,AutomationPilot,0.3478271,136.87835134179912,MissionCache,True,"","D:\Workspace\MM\FlightSim\FlightSimProject\Artifacts\FoundationSmoke\smoke-00001000\KTEX_EMERGENCY_RTB_01-00001000"
47.989999999999021,"smoke-00001000","KTEX_EMERGENCY_RTB_01-00001000","KTEX_EMERGENCY_RTB_01",1000,Batch,Running,AutomationPilot,0.3493807,136.84213237880357,MissionCache,True,"","D:\Workspace\MM\FlightSim\FlightSimProject\Artifacts\FoundationSmoke\smoke-00001000\KTEX_EMERGENCY_RTB_01-00001000"
48.189999999998982,"smoke-00001000","KTEX_EMERGENCY_RTB_01-00001000","KTEX_EMERGENCY_RTB_01",1000,Batch,Running,AutomationPilot,0.35074269999999996,136.88096715911414,MissionCache,True,"","D:\Workspace\MM\FlightSim\FlightSimProject\Artifacts\FoundationSmoke\smoke-00001000\KTEX_EMERGENCY_RTB_01-00001000"
48.389999999998942,"smoke-00001000","KTEX_EMERGENCY_RTB_01-00001000","KTEX_EMERGENCY_RTB_01",1000,Batch,Running,AutomationPilot,0.3526717,136.69937224903211,MissionCache,True,"","D:\Workspace\MM\FlightSim\FlightSimProject\Artifacts\FoundationSmoke\smoke-00001000\KTEX_EMERGENCY_RTB_01-00001000"
48.5899999999989,"smoke-00001000","KTEX_EMERGENCY_RTB_01-00001000","KTEX_EMERGENCY_RTB_01",1000,Batch,Running,AutomationPilot,0.3547768,136.451988968836,MissionCache,True,"","D:\Workspace\MM\FlightSim\FlightSimProject\Artifacts\FoundationSmoke\smoke-00001000\KTEX_EMERGENCY_RTB_01-00001000"
48.789999999998862,"smoke-00001000","KTEX_EMERGENCY_RTB_01-00001000","KTEX_EMERGENCY_RTB_01",1000,Batch,Running,AutomationPilot,0.3561045,136.50487427145373,MissionCache,True,"","D:\Workspace\MM\FlightSim\FlightSimProject\Artifacts\FoundationSmoke\smoke-00001000\KTEX_EMERGENCY_RTB_01-00001000"
48.989999999998822,"smoke-00001000","KTEX_EMERGENCY_RTB_01-00001000","KTEX_EMERGENCY_RTB_01",1000,Batch,Running,AutomationPilot,0.35747059999999997,136.54269749735744,MissionCache,True,"","D:\Workspace\MM\FlightSim\FlightSimProject\Artifacts\FoundationSmoke\smoke-00001000\KTEX_EMERGENCY_RTB_01-00001000"
49.189999999998783,"smoke-00001000","KTEX_EMERGENCY_RTB_01-00001000","KTEX_EMERGENCY_RTB_01",1000,Batch,Running,AutomationPilot,0.35879869999999997,136.59469780687283,MissionCache,True,"","D:\Workspace\MM\FlightSim\FlightSimProject\Artifacts\FoundationSmoke\smoke-00001000\KTEX_EMERGENCY_RTB_01-00001000"
49.389999999998743,"smoke-00001000","KTEX_EMERGENCY_RTB_01-00001000","KTEX_EMERGENCY_RTB_01",1000,Batch,Running,AutomationPilot,0.3601358,136.642899706163,MissionCache,True,"","D:\Workspace\MM\FlightSim\FlightSimProject\Artifacts\FoundationSmoke\smoke-00001000\KTEX_EMERGENCY_RTB_01-00001000"
49.5899999999987,"smoke-00001000","KTEX_EMERGENCY_RTB_01-00001000","KTEX_EMERGENCY_RTB_01",1000,Batch,Running,AutomationPilot,0.361485,136.68616955060028,MissionCache,True,"","D:\Workspace\MM\FlightSim\FlightSimProject\Artifacts\FoundationSmoke\smoke-00001000\KTEX_EMERGENCY_RTB_01-00001000"
49.789999999998663,"smoke-00001000","KTEX_EMERGENCY_RTB_01-00001000","KTEX_EMERGENCY_RTB_01",1000,Batch,Running,AutomationPilot,0.36286219999999997,136.71856699319659,MissionCache,True,"","D:\Workspace\MM\FlightSim\FlightSimProject\Artifacts\FoundationSmoke\smoke-00001000\KTEX_EMERGENCY_RTB_01-00001000"
49.989999999998624,"smoke-00001000","KTEX_EMERGENCY_RTB_01-00001000","KTEX_EMERGENCY_RTB_01",1000,Batch,Running,AutomationPilot,0.3646655,136.59093059255306,MissionCache,True,"","D:\Workspace\MM\FlightSim\FlightSimProject\Artifacts\FoundationSmoke\smoke-00001000\KTEX_EMERGENCY_RTB_01-00001000"
50.189999999998584,"smoke-00001000","KTEX_EMERGENCY_RTB_01-00001000","KTEX_EMERGENCY_RTB_01",1000,Batch,Running,AutomationPilot,0.367069,136.2414151017891,MissionCache,True,"","D:\Workspace\MM\FlightSim\FlightSimProject\Artifacts\FoundationSmoke\smoke-00001000\KTEX_EMERGENCY_RTB_01-00001000"
50.389999999998544,"smoke-00001000","KTEX_EMERGENCY_RTB_01-00001000","KTEX_EMERGENCY_RTB_01",1000,Batch,Running,AutomationPilot,0.36939249999999996,135.92587830017823,MissionCache,True,"","D:\Workspace\MM\FlightSim\FlightSimProject\Artifacts\FoundationSmoke\smoke-00001000\KTEX_EMERGENCY_RTB_01-00001000"
50.589999999998504,"smoke-00001000","KTEX_EMERGENCY_RTB_01-00001000","KTEX_EMERGENCY_RTB_01",1000,Batch,Running,AutomationPilot,0.3717044,135.61851837104575,MissionCache,True,"","D:\Workspace\MM\FlightSim\FlightSimProject\Artifacts\FoundationSmoke\smoke-00001000\KTEX_EMERGENCY_RTB_01-00001000"
50.789999999998464,"smoke-00001000","KTEX_EMERGENCY_RTB_01-00001000","KTEX_EMERGENCY_RTB_01",1000,Batch,Running,AutomationPilot,0.3736156,135.46008250190437,MissionCache,True,"","D:\Workspace\MM\FlightSim\FlightSimProject\Artifacts\FoundationSmoke\smoke-00001000\KTEX_EMERGENCY_RTB_01-00001000"
50.989999999998425,"smoke-00001000","KTEX_EMERGENCY_RTB_01-00001000","KTEX_EMERGENCY_RTB_01",1000,Batch,Running,AutomationPilot,0.37494859999999997,135.51190749878373,MissionCache,True,"","D:\Workspace\MM\FlightSim\FlightSimProject\Artifacts\FoundationSmoke\smoke-00001000\KTEX_EMERGENCY_RTB_01-00001000"
51.189999999998385,"smoke-00001000","KTEX_EMERGENCY_RTB_01-00001000","KTEX_EMERGENCY_RTB_01",1000,Batch,Running,AutomationPilot,0.37627469999999996,135.56585122517785,MissionCache,True,"","D:\Workspace\MM\FlightSim\FlightSimProject\Artifacts\FoundationSmoke\smoke-00001000\KTEX_EMERGENCY_RTB_01-00001000"
51.389999999998345,"smoke-00001000","KTEX_EMERGENCY_RTB_01-00001000","KTEX_EMERGENCY_RTB_01",1000,Batch,Running,AutomationPilot,0.37820309999999996,135.40343799402592,MissionCache,True,"","D:\Workspace\MM\FlightSim\FlightSimProject\Artifacts\FoundationSmoke\smoke-00001000\KTEX_EMERGENCY_RTB_01-00001000"
51.589999999998305,"smoke-00001000","KTEX_EMERGENCY_RTB_01-00001000","KTEX_EMERGENCY_RTB_01",1000,Batch,Running,AutomationPilot,0.3795977,135.43285430864924,MissionCache,True,"","D:\Workspace\MM\FlightSim\FlightSimProject\Artifacts\FoundationSmoke\smoke-00001000\KTEX_EMERGENCY_RTB_01-00001000"
51.789999999998265,"smoke-00001000","KTEX_EMERGENCY_RTB_01-00001000","KTEX_EMERGENCY_RTB_01",1000,Batch,Running,AutomationPilot,0.3809261,135.48559681260565,MissionCache,True,"","D:\Workspace\MM\FlightSim\FlightSimProject\Artifacts\FoundationSmoke\smoke-00001000\KTEX_EMERGENCY_RTB_01-00001000"
51.989999999998226,"smoke-00001000","KTEX_EMERGENCY_RTB_01-00001000","KTEX_EMERGENCY_RTB_01",1000,Batch,Running,AutomationPilot,0.38230939999999997,135.51850935393759,MissionCache,True,"","D:\Workspace\MM\FlightSim\FlightSimProject\Artifacts\FoundationSmoke\smoke-00001000\KTEX_EMERGENCY_RTB_01-00001000"
52.189999999998186,"smoke-00001000","KTEX_EMERGENCY_RTB_01-00001000","KTEX_EMERGENCY_RTB_01",1000,Batch,Running,AutomationPilot,0.3842691,135.34785909144978,MissionCache,True,"","D:\Workspace\MM\FlightSim\FlightSimProject\Artifacts\FoundationSmoke\smoke-00001000\KTEX_EMERGENCY_RTB_01-00001000"
52.389999999998146,"smoke-00001000","KTEX_EMERGENCY_RTB_01-00001000","KTEX_EMERGENCY_RTB_01",1000,Batch,Running,AutomationPilot,0.38567999999999997,135.37129226301127,MissionCache,True,"","D:\Workspace\MM\FlightSim\FlightSimProject\Artifacts\FoundationSmoke\smoke-00001000\KTEX_EMERGENCY_RTB_01-00001000"
52.589999999998106,"smoke-00001000","KTEX_EMERGENCY_RTB_01-00001000","KTEX_EMERGENCY_RTB_01",1000,Batch,Running,AutomationPilot,0.3870075,135.42373209821034,MissionCache,True,"","D:\Workspace\MM\FlightSim\FlightSimProject\Artifacts\FoundationSmoke\smoke-00001000\KTEX_EMERGENCY_RTB_01-00001000"
52.789999999998066,"smoke-00001000","KTEX_EMERGENCY_RTB_01-00001000","KTEX_EMERGENCY_RTB_01",1000,Batch,Running,AutomationPilot,0.38835549999999996,135.46866208924067,MissionCache,True,"","D:\Workspace\MM\FlightSim\FlightSimProject\Artifacts\FoundationSmoke\smoke-00001000\KTEX_EMERGENCY_RTB_01-00001000"
52.989999999998027,"smoke-00001000","KTEX_EMERGENCY_RTB_01-00001000","KTEX_EMERGENCY_RTB_01",1000,Batch,Running,AutomationPilot,0.38969929999999997,135.51474175087836,MissionCache,True,"","D:\Workspace\MM\FlightSim\FlightSimProject\Artifacts\FoundationSmoke\smoke-00001000\KTEX_EMERGENCY_RTB_01-00001000"
53.189999999997987,"smoke-00001000","KTEX_EMERGENCY_RTB_01-00001000","KTEX_EMERGENCY_RTB_01",1000,Batch,Running,AutomationPilot,0.39105009999999996,135.55807810814531,MissionCache,True,"","D:\Workspace\MM\FlightSim\FlightSimProject\Artifacts\FoundationSmoke\smoke-00001000\KTEX_EMERGENCY_RTB_01-00001000"
53.389999999997947,"smoke-00001000","KTEX_EMERGENCY_RTB_01-00001000","KTEX_EMERGENCY_RTB_01",1000,Batch,Running,AutomationPilot,0.3923871,135.60588510681922,MissionCache,True,"","D:\Workspace\MM\FlightSim\FlightSimProject\Artifacts\FoundationSmoke\smoke-00001000\KTEX_EMERGENCY_RTB_01-00001000"
53.589999999997907,"smoke-00001000","KTEX_EMERGENCY_RTB_01-00001000","KTEX_EMERGENCY_RTB_01",1000,Batch,Running,AutomationPilot,0.39375459999999995,135.64285979134706,MissionCache,True,"","D:\Workspace\MM\FlightSim\FlightSimProject\Artifacts\FoundationSmoke\smoke-00001000\KTEX_EMERGENCY_RTB_01-00001000"
53.789999999997868,"smoke-00001000","KTEX_EMERGENCY_RTB_01-00001000","KTEX_EMERGENCY_RTB_01",1000,Batch,Running,AutomationPilot,0.39517399999999997,135.66175912382371,MissionCache,True,"","D:\Workspace\MM\FlightSim\FlightSimProject\Artifacts\FoundationSmoke\smoke-00001000\KTEX_EMERGENCY_RTB_01-00001000"
53.989999999997828,"smoke-00001000","KTEX_EMERGENCY_RTB_01-00001000","KTEX_EMERGENCY_RTB_01",1000,Batch,Running,AutomationPilot,0.3965701,135.68849492182559,MissionCache,True,"","D:\Workspace\MM\FlightSim\FlightSimProject\Artifacts\FoundationSmoke\smoke-00001000\KTEX_EMERGENCY_RTB_01-00001000"
54.189999999997788,"smoke-00001000","KTEX_EMERGENCY_RTB_01-00001000","KTEX_EMERGENCY_RTB_01",1000,Batch,Running,AutomationPilot,0.3979629,135.71616851721058,MissionCache,True,"","D:\Workspace\MM\FlightSim\FlightSimProject\Artifacts\FoundationSmoke\smoke-00001000\KTEX_EMERGENCY_RTB_01-00001000"
54.389999999997748,"smoke-00001000","KTEX_EMERGENCY_RTB_01-00001000","KTEX_EMERGENCY_RTB_01",1000,Batch,Running,AutomationPilot,0.399284,135.7680247643226,MissionCache,True,"","D:\Workspace\MM\FlightSim\FlightSimProject\Artifacts\FoundationSmoke\smoke-00001000\KTEX_EMERGENCY_RTB_01-00001000"
54.589999999997708,"smoke-00001000","KTEX_EMERGENCY_RTB_01-00001000","KTEX_EMERGENCY_RTB_01",1000,Batch,Running,AutomationPilot,0.40344209999999997,134.86445762600817,MissionCache,True,"","D:\Workspace\MM\FlightSim\FlightSimProject\Artifacts\FoundationSmoke\smoke-00001000\KTEX_EMERGENCY_RTB_01-00001000"
54.789999999997669,"smoke-00001000","KTEX_EMERGENCY_RTB_01-00001000","KTEX_EMERGENCY_RTB_01",1000,Batch,Running,AutomationPilot,0.40478349999999996,134.91162559738157,MissionCache,True,"","D:\Workspace\MM\FlightSim\FlightSimProject\Artifacts\FoundationSmoke\smoke-00001000\KTEX_EMERGENCY_RTB_01-00001000"
54.989999999997629,"smoke-00001000","KTEX_EMERGENCY_RTB_01-00001000","KTEX_EMERGENCY_RTB_01",1000,Batch,Running,AutomationPilot,0.4061381,134.95409566351364,MissionCache,True,"","D:\Workspace\MM\FlightSim\FlightSimProject\Artifacts\FoundationSmoke\smoke-00001000\KTEX_EMERGENCY_RTB_01-00001000"
55.189999999997589,"smoke-00001000","KTEX_EMERGENCY_RTB_01-00001000","KTEX_EMERGENCY_RTB_01",1000,Batch,Running,AutomationPilot,0.4074676,135.00459913867417,MissionCache,True,"","D:\Workspace\MM\FlightSim\FlightSimProject\Artifacts\FoundationSmoke\smoke-00001000\KTEX_EMERGENCY_RTB_01-00001000"
55.389999999997549,"smoke-00001000","KTEX_EMERGENCY_RTB_01-00001000","KTEX_EMERGENCY_RTB_01",1000,Batch,Running,AutomationPilot,0.40879289999999996,135.05616168969078,MissionCache,True,"","D:\Workspace\MM\FlightSim\FlightSimProject\Artifacts\FoundationSmoke\smoke-00001000\KTEX_EMERGENCY_RTB_01-00001000"
55.589999999997509,"smoke-00001000","KTEX_EMERGENCY_RTB_01-00001000","KTEX_EMERGENCY_RTB_01",1000,Batch,Running,AutomationPilot,0.41012669999999996,135.1045908496022,MissionCache,True,"","D:\Workspace\MM\FlightSim\FlightSimProject\Artifacts\FoundationSmoke\smoke-00001000\KTEX_EMERGENCY_RTB_01-00001000"
55.78999999999747,"smoke-00001000","KTEX_EMERGENCY_RTB_01-00001000","KTEX_EMERGENCY_RTB_01",1000,Batch,Running,AutomationPilot,0.4114828,135.14538153234474,MissionCache,True,"","D:\Workspace\MM\FlightSim\FlightSimProject\Artifacts\FoundationSmoke\smoke-00001000\KTEX_EMERGENCY_RTB_01-00001000"
55.98999999999743,"smoke-00001000","KTEX_EMERGENCY_RTB_01-00001000","KTEX_EMERGENCY_RTB_01",1000,Batch,Running,AutomationPilot,0.412879,135.17277459012803,MissionCache,True,"","D:\Workspace\MM\FlightSim\FlightSimProject\Artifacts\FoundationSmoke\smoke-00001000\KTEX_EMERGENCY_RTB_01-00001000"
56.18999999999739,"smoke-00001000","KTEX_EMERGENCY_RTB_01-00001000","KTEX_EMERGENCY_RTB_01",1000,Batch,Running,AutomationPilot,0.4143503,135.1754783331819,MissionCache,True,"","D:\Workspace\MM\FlightSim\FlightSimProject\Artifacts\FoundationSmoke\smoke-00001000\KTEX_EMERGENCY_RTB_01-00001000"
56.38999999999735,"smoke-00001000","KTEX_EMERGENCY_RTB_01-00001000","KTEX_EMERGENCY_RTB_01",1000,Batch,Running,AutomationPilot,0.41568249999999995,135.22339766527912,MissionCache,True,"","D:\Workspace\MM\FlightSim\FlightSimProject\Artifacts\FoundationSmoke\smoke-00001000\KTEX_EMERGENCY_RTB_01-00001000"
56.58999999999731,"smoke-00001000","KTEX_EMERGENCY_RTB_01-00001000","KTEX_EMERGENCY_RTB_01",1000,Batch,Running,AutomationPilot,0.4170232,135.26825366070125,MissionCache,True,"","D:\Workspace\MM\FlightSim\FlightSimProject\Artifacts\FoundationSmoke\smoke-00001000\KTEX_EMERGENCY_RTB_01-00001000"
56.789999999997271,"smoke-00001000","KTEX_EMERGENCY_RTB_01-00001000","KTEX_EMERGENCY_RTB_01",1000,Batch,Running,AutomationPilot,0.4183425,135.3197439896671,MissionCache,True,"","D:\Workspace\MM\FlightSim\FlightSimProject\Artifacts\FoundationSmoke\smoke-00001000\KTEX_EMERGENCY_RTB_01-00001000"
56.989999999997231,"smoke-00001000","KTEX_EMERGENCY_RTB_01-00001000","KTEX_EMERGENCY_RTB_01",1000,Batch,Running,AutomationPilot,0.4196495,135.37487832106856,MissionCache,True,"","D:\Workspace\MM\FlightSim\FlightSimProject\Artifacts\FoundationSmoke\smoke-00001000\KTEX_EMERGENCY_RTB_01-00001000"
57.189999999997191,"smoke-00001000","KTEX_EMERGENCY_RTB_01-00001000","KTEX_EMERGENCY_RTB_01",1000,Batch,Running,AutomationPilot,0.42097219999999996,135.4246194879311,MissionCache,True,"","D:\Workspace\MM\FlightSim\FlightSimProject\Artifacts\FoundationSmoke\smoke-00001000\KTEX_EMERGENCY_RTB_01-00001000"
57.389999999997151,"smoke-00001000","KTEX_EMERGENCY_RTB_01-00001000","KTEX_EMERGENCY_RTB_01",1000,Batch,Running,AutomationPilot,0.42295659999999996,135.26210490626508,MissionCache,True,"","D:\Workspace\MM\FlightSim\FlightSimProject\Artifacts\FoundationSmoke\smoke-00001000\KTEX_EMERGENCY_RTB_01-00001000"
57.589999999997112,"smoke-00001000","KTEX_EMERGENCY_RTB_01-00001000","KTEX_EMERGENCY_RTB_01",1000,Batch,Running,AutomationPilot,0.42427099999999995,135.31445703335169,MissionCache,True,"","D:\Workspace\MM\FlightSim\FlightSimProject\Artifacts\FoundationSmoke\smoke-00001000\KTEX_EMERGENCY_RTB_01-00001000"
57.789999999997072,"smoke-00001000","KTEX_EMERGENCY_RTB_01-00001000","KTEX_EMERGENCY_RTB_01",1000,Batch,Running,AutomationPilot,0.425589,135.365340739533,MissionCache,True,"","D:\Workspace\MM\FlightSim\FlightSimProject\Artifacts\FoundationSmoke\smoke-00001000\KTEX_EMERGENCY_RTB_01-00001000"
57.989999999997032,"smoke-00001000","KTEX_EMERGENCY_RTB_01-00001000","KTEX_EMERGENCY_RTB_01",1000,Batch,Running,AutomationPilot,0.42732339999999996,135.28395589849998,MissionCache,True,"","D:\Workspace\MM\FlightSim\FlightSimProject\Artifacts\FoundationSmoke\smoke-00001000\KTEX_EMERGENCY_RTB_01-00001000"
58.189999999996992,"smoke-00001000","KTEX_EMERGENCY_RTB_01-00001000","KTEX_EMERGENCY_RTB_01",1000,Batch,Running,AutomationPilot,0.42872469999999996,135.308275916916,MissionCache,True,"","D:\Workspace\MM\FlightSim\FlightSimProject\Artifacts\FoundationSmoke\smoke-00001000\KTEX_EMERGENCY_RTB_01-00001000"
58.389999999996952,"smoke-00001000","KTEX_EMERGENCY_RTB_01-00001000","KTEX_EMERGENCY_RTB_01",1000,Batch,Running,AutomationPilot,0.43005659999999996,135.35427662311656,MissionCache,True,"","D:\Workspace\MM\FlightSim\FlightSimProject\Artifacts\FoundationSmoke\smoke-00001000\KTEX_EMERGENCY_RTB_01-00001000"
58.589999999996913,"smoke-00001000","KTEX_EMERGENCY_RTB_01-00001000","KTEX_EMERGENCY_RTB_01",1000,Batch,Running,AutomationPilot,0.43139269999999996,135.39867503552321,MissionCache,True,"","D:\Workspace\MM\FlightSim\FlightSimProject\Artifacts\FoundationSmoke\smoke-00001000\KTEX_EMERGENCY_RTB_01-00001000"
58.789999999996873,"smoke-00001000","KTEX_EMERGENCY_RTB_01-00001000","KTEX_EMERGENCY_RTB_01",1000,Batch,Running,AutomationPilot,0.43273259999999997,135.44160989950126,MissionCache,True,"","D:\Workspace\MM\FlightSim\FlightSimProject\Artifacts\FoundationSmoke\smoke-00001000\KTEX_EMERGENCY_RTB_01-00001000"
58.989999999996833,"smoke-00001000","KTEX_EMERGENCY_RTB_01-00001000","KTEX_EMERGENCY_RTB_01",1000,Batch,Running,AutomationPilot,0.4343301,135.40392434233055,MissionCache,True,"","D:\Workspace\MM\FlightSim\FlightSimProject\Artifacts\FoundationSmoke\smoke-00001000\KTEX_EMERGENCY_RTB_01-00001000"
59.189999999996793,"smoke-00001000","KTEX_EMERGENCY_RTB_01-00001000","KTEX_EMERGENCY_RTB_01",1000,Batch,Running,AutomationPilot,0.4356525,135.45199442215258,MissionCache,True,"","D:\Workspace\MM\FlightSim\FlightSimProject\Artifacts\FoundationSmoke\smoke-00001000\KTEX_EMERGENCY_RTB_01-00001000"
59.389999999996753,"smoke-00001000","KTEX_EMERGENCY_RTB_01-00001000","KTEX_EMERGENCY_RTB_01",1000,Batch,Running,AutomationPilot,0.4369569,135.50535533366516,MissionCache,True,"","D:\Workspace\MM\FlightSim\FlightSimProject\Artifacts\FoundationSmoke\smoke-00001000\KTEX_EMERGENCY_RTB_01-00001000"
59.589999999996714,"smoke-00001000","KTEX_EMERGENCY_RTB_01-00001000","KTEX_EMERGENCY_RTB_01",1000,Batch,Running,AutomationPilot,0.43829029999999997,135.54942922532567,MissionCache,True,"","D:\Workspace\MM\FlightSim\FlightSimProject\Artifacts\FoundationSmoke\smoke-00001000\KTEX_EMERGENCY_RTB_01-00001000"
59.789999999996674,"smoke-00001000","KTEX_EMERGENCY_RTB_01-00001000","KTEX_EMERGENCY_RTB_01",1000,Batch,Running,AutomationPilot,0.43964559999999997,135.58648147507154,MissionCache,True,"","D:\Workspace\MM\FlightSim\FlightSimProject\Artifacts\FoundationSmoke\smoke-00001000\KTEX_EMERGENCY_RTB_01-00001000"
59.989999999996634,"smoke-00001000","KTEX_EMERGENCY_RTB_01-00001000","KTEX_EMERGENCY_RTB_01",1000,Batch,Running,AutomationPilot,0.44100029999999996,135.62349050555449,MissionCache,True,"","D:\Workspace\MM\FlightSim\FlightSimProject\Artifacts\FoundationSmoke\smoke-00001000\KTEX_EMERGENCY_RTB_01-00001000"
60.189999999996594,"smoke-00001000","KTEX_EMERGENCY_RTB_01-00001000","KTEX_EMERGENCY_RTB_01",1000,Batch,Running,AutomationPilot,0.4425285,135.60708519337541,MissionCache,True,"","D:\Workspace\MM\FlightSim\FlightSimProject\Artifacts\FoundationSmoke\smoke-00001000\KTEX_EMERGENCY_RTB_01-00001000"
60.389999999996554,"smoke-00001000","KTEX_EMERGENCY_RTB_01-00001000","KTEX_EMERGENCY_RTB_01",1000,Batch,Running,AutomationPilot,0.44469359999999997,135.39659666790033,MissionCache,True,"","D:\Workspace\MM\FlightSim\FlightSimProject\Artifacts\FoundationSmoke\smoke-00001000\KTEX_EMERGENCY_RTB_01-00001000"
60.589999999996515,"smoke-00001000","KTEX_EMERGENCY_RTB_01-00001000","KTEX_EMERGENCY_RTB_01",1000,Batch,Running,AutomationPilot,0.4460377,135.43698212056191,MissionCache,True,"","D:\Workspace\MM\FlightSim\FlightSimProject\Artifacts\FoundationSmoke\smoke-00001000\KTEX_EMERGENCY_RTB_01-00001000"
60.789999999996475,"smoke-00001000","KTEX_EMERGENCY_RTB_01-00001000","KTEX_EMERGENCY_RTB_01",1000,Batch,Running,AutomationPilot,0.4473969,135.47255244727111,MissionCache,True,"","D:\Workspace\MM\FlightSim\FlightSimProject\Artifacts\FoundationSmoke\smoke-00001000\KTEX_EMERGENCY_RTB_01-00001000"
60.989999999996435,"smoke-00001000","KTEX_EMERGENCY_RTB_01-00001000","KTEX_EMERGENCY_RTB_01",1000,Batch,Running,AutomationPilot,0.4487789,135.50102288676334,MissionCache,True,"","D:\Workspace\MM\FlightSim\FlightSimProject\Artifacts\FoundationSmoke\smoke-00001000\KTEX_EMERGENCY_RTB_01-00001000"
61.189999999996395,"smoke-00001000","KTEX_EMERGENCY_RTB_01-00001000","KTEX_EMERGENCY_RTB_01",1000,Batch,Running,AutomationPilot,0.45010449999999996,135.54630091455749,MissionCache,True,"","D:\Workspace\MM\FlightSim\FlightSimProject\Artifacts\FoundationSmoke\smoke-00001000\KTEX_EMERGENCY_RTB_01-00001000"
61.389999999996355,"smoke-00001000","KTEX_EMERGENCY_RTB_01-00001000","KTEX_EMERGENCY_RTB_01",1000,Batch,Running,AutomationPilot,0.45144199999999995,135.5877388457352,MissionCache,True,"","D:\Workspace\MM\FlightSim\FlightSimProject\Artifacts\FoundationSmoke\smoke-00001000\KTEX_EMERGENCY_RTB_01-00001000"
61.589999999996316,"smoke-00001000","KTEX_EMERGENCY_RTB_01-00001000","KTEX_EMERGENCY_RTB_01",1000,Batch,Running,AutomationPilot,0.45277019999999996,135.63171781180907,MissionCache,True,"","D:\Workspace\MM\FlightSim\FlightSimProject\Artifacts\FoundationSmoke\smoke-00001000\KTEX_EMERGENCY_RTB_01-00001000"
61.789999999996276,"smoke-00001000","KTEX_EMERGENCY_RTB_01-00001000","KTEX_EMERGENCY_RTB_01",1000,Batch,Running,AutomationPilot,0.4549958,135.40784332513908,MissionCache,True,"","D:\Workspace\MM\FlightSim\FlightSimProject\Artifacts\FoundationSmoke\smoke-00001000\KTEX_EMERGENCY_RTB_01-00001000"
61.989999999996236,"smoke-00001000","KTEX_EMERGENCY_RTB_01-00001000","KTEX_EMERGENCY_RTB_01",1000,Batch,Running,AutomationPilot,0.4570305,135.24261509898415,MissionCache,True,"","D:\Workspace\MM\FlightSim\FlightSimProject\Artifacts\FoundationSmoke\smoke-00001000\KTEX_EMERGENCY_RTB_01-00001000"
62.189999999996196,"smoke-00001000","KTEX_EMERGENCY_RTB_01-00001000","KTEX_EMERGENCY_RTB_01",1000,Batch,Running,AutomationPilot,0.4585303,135.2364282142232,MissionCache,True,"","D:\Workspace\MM\FlightSim\FlightSimProject\Artifacts\FoundationSmoke\smoke-00001000\KTEX_EMERGENCY_RTB_01-00001000"
62.389999999996157,"smoke-00001000","KTEX_EMERGENCY_RTB_01-00001000","KTEX_EMERGENCY_RTB_01",1000,Batch,Running,AutomationPilot,0.4598886,135.27188975764173,MissionCache,True,"","D:\Workspace\MM\FlightSim\FlightSimProject\Artifacts\FoundationSmoke\smoke-00001000\KTEX_EMERGENCY_RTB_01-00001000"
62.589999999996117,"smoke-00001000","KTEX_EMERGENCY_RTB_01-00001000","KTEX_EMERGENCY_RTB_01",1000,Batch,Running,AutomationPilot,0.4612404,135.3090492506644,MissionCache,True,"","D:\Workspace\MM\FlightSim\FlightSimProject\Artifacts\FoundationSmoke\smoke-00001000\KTEX_EMERGENCY_RTB_01-00001000"
62.789999999996077,"smoke-00001000","KTEX_EMERGENCY_RTB_01-00001000","KTEX_EMERGENCY_RTB_01",1000,Batch,Running,AutomationPilot,0.4626014,135.34329986895006,MissionCache,True,"","D:\Workspace\MM\FlightSim\FlightSimProject\Artifacts\FoundationSmoke\smoke-00001000\KTEX_EMERGENCY_RTB_01-00001000"
62.989999999996037,"smoke-00001000","KTEX_EMERGENCY_RTB_01-00001000","KTEX_EMERGENCY_RTB_01",1000,Batch,Running,AutomationPilot,0.46407889999999996,135.34336510450288,MissionCache,True,"","D:\Workspace\MM\FlightSim\FlightSimProject\Artifacts\FoundationSmoke\smoke-00001000\KTEX_EMERGENCY_RTB_01-00001000"
63.189999999996,"smoke-00001000","KTEX_EMERGENCY_RTB_01-00001000","KTEX_EMERGENCY_RTB_01",1000,Batch,Running,AutomationPilot,0.46546109999999996,135.37114057435957,MissionCache,True,"","D:\Workspace\MM\FlightSim\FlightSimProject\Artifacts\FoundationSmoke\smoke-00001000\KTEX_EMERGENCY_RTB_01-00001000"
63.389999999995958,"smoke-00001000","KTEX_EMERGENCY_RTB_01-00001000","KTEX_EMERGENCY_RTB_01",1000,Batch,Running,AutomationPilot,0.46772349999999996,135.14394722522172,MissionCache,True,"","D:\Workspace\MM\FlightSim\FlightSimProject\Artifacts\FoundationSmoke\smoke-00001000\KTEX_EMERGENCY_RTB_01-00001000"
63.589999999995918,"smoke-00001000","KTEX_EMERGENCY_RTB_01-00001000","KTEX_EMERGENCY_RTB_01",1000,Batch,Running,AutomationPilot,0.46907849999999995,135.17993256991306,MissionCache,True,"","D:\Workspace\MM\FlightSim\FlightSimProject\Artifacts\FoundationSmoke\smoke-00001000\KTEX_EMERGENCY_RTB_01-00001000"
63.789999999995878,"smoke-00001000","KTEX_EMERGENCY_RTB_01-00001000","KTEX_EMERGENCY_RTB_01",1000,Batch,Running,AutomationPilot,0.47035879999999997,135.23718488948418,MissionCache,True,"","D:\Workspace\MM\FlightSim\FlightSimProject\Artifacts\FoundationSmoke\smoke-00001000\KTEX_EMERGENCY_RTB_01-00001000"
63.989999999995838,"smoke-00001000","KTEX_EMERGENCY_RTB_01-00001000","KTEX_EMERGENCY_RTB_01",1000,Batch,Running,AutomationPilot,0.4714778,135.34041263447796,MissionCache,True,"","D:\Workspace\MM\FlightSim\FlightSimProject\Artifacts\FoundationSmoke\smoke-00001000\KTEX_EMERGENCY_RTB_01-00001000"
64.189999999995933,"smoke-00001000","KTEX_EMERGENCY_RTB_01-00001000","KTEX_EMERGENCY_RTB_01",1000,Batch,Running,AutomationPilot,0.4726413,135.43039933242363,MissionCache,True,"","D:\Workspace\MM\FlightSim\FlightSimProject\Artifacts\FoundationSmoke\smoke-00001000\KTEX_EMERGENCY_RTB_01-00001000"
64.389999999996036,"smoke-00001000","KTEX_EMERGENCY_RTB_01-00001000","KTEX_EMERGENCY_RTB_01",1000,Batch,Running,AutomationPilot,0.474498,135.3219613148969,MissionCache,True,"","D:\Workspace\MM\FlightSim\FlightSimProject\Artifacts\FoundationSmoke\smoke-00001000\KTEX_EMERGENCY_RTB_01-00001000"
64.589999999996138,"smoke-00001000","KTEX_EMERGENCY_RTB_01-00001000","KTEX_EMERGENCY_RTB_01",1000,Batch,Running,AutomationPilot,0.4764343,135.19177775402829,MissionCache,True,"","D:\Workspace\MM\FlightSim\FlightSimProject\Artifacts\FoundationSmoke\smoke-00001000\KTEX_EMERGENCY_RTB_01-00001000"
64.78999999999624,"smoke-00001000","KTEX_EMERGENCY_RTB_01-00001000","KTEX_EMERGENCY_RTB_01",1000,Batch,Running,AutomationPilot,0.4783691,135.06307159052739,MissionCache,True,"","D:\Workspace\MM\FlightSim\FlightSimProject\Artifacts\FoundationSmoke\smoke-00001000\KTEX_EMERGENCY_RTB_01-00001000"
64.989999999996343,"smoke-00001000","KTEX_EMERGENCY_RTB_01-00001000","KTEX_EMERGENCY_RTB_01",1000,Batch,Running,AutomationPilot,0.48023649999999996,134.95434020528688,MissionCache,True,"","D:\Workspace\MM\FlightSim\FlightSimProject\Artifacts\FoundationSmoke\smoke-00001000\KTEX_EMERGENCY_RTB_01-00001000"
65.189999999996445,"smoke-00001000","KTEX_EMERGENCY_RTB_01-00001000","KTEX_EMERGENCY_RTB_01",1000,Batch,Running,AutomationPilot,0.4821142,134.84357025782762,MissionCache,True,"","D:\Workspace\MM\FlightSim\FlightSimProject\Artifacts\FoundationSmoke\smoke-00001000\KTEX_EMERGENCY_RTB_01-00001000"
65.389999999996547,"smoke-00001000","KTEX_EMERGENCY_RTB_01-00001000","KTEX_EMERGENCY_RTB_01",1000,Batch,Running,AutomationPilot,0.48351439999999996,134.86671751657545,MissionCache,True,"","D:\Workspace\MM\FlightSim\FlightSimProject\Artifacts\FoundationSmoke\smoke-00001000\KTEX_EMERGENCY_RTB_01-00001000"
65.58999999999665,"smoke-00001000","KTEX_EMERGENCY_RTB_01-00001000","KTEX_EMERGENCY_RTB_01",1000,Batch,Running,AutomationPilot,0.4846352,134.96749720201205,MissionCache,True,"","D:\Workspace\MM\FlightSim\FlightSimProject\Artifacts\FoundationSmoke\smoke-00001000\KTEX_EMERGENCY_RTB_01-00001000"
65.789999999996752,"smoke-00001000","KTEX_EMERGENCY_RTB_01-00001000","KTEX_EMERGENCY_RTB_01",1000,Batch,Running,AutomationPilot,0.48574009999999995,135.07223307278247,MissionCache,True,"","D:\Workspace\MM\FlightSim\FlightSimProject\Artifacts\FoundationSmoke\smoke-00001000\KTEX_EMERGENCY_RTB_01-00001000"
65.989999999996854,"smoke-00001000","KTEX_EMERGENCY_RTB_01-00001000","KTEX_EMERGENCY_RTB_01",1000,Batch,Running,AutomationPilot,0.48685239999999996,135.17443890591227,MissionCache,True,"","D:\Workspace\MM\FlightSim\FlightSimProject\Artifacts\FoundationSmoke\smoke-00001000\KTEX_EMERGENCY_RTB_01-00001000"
66.189999999996957,"smoke-00001000","KTEX_EMERGENCY_RTB_01-00001000","KTEX_EMERGENCY_RTB_01",1000,Batch,Running,AutomationPilot,0.48807249999999996,135.24630049838265,MissionCache,True,"","D:\Workspace\MM\FlightSim\FlightSimProject\Artifacts\FoundationSmoke\smoke-00001000\KTEX_EMERGENCY_RTB_01-00001000"
66.389999999997059,"smoke-00001000","KTEX_EMERGENCY_RTB_01-00001000","KTEX_EMERGENCY_RTB_01",1000,Batch,Running,AutomationPilot,0.4893266,135.30840138262863,MissionCache,True,"","D:\Workspace\MM\FlightSim\FlightSimProject\Artifacts\FoundationSmoke\smoke-00001000\KTEX_EMERGENCY_RTB_01-00001000"
66.589999999997161,"smoke-00001000","KTEX_EMERGENCY_RTB_01-00001000","KTEX_EMERGENCY_RTB_01",1000,Batch,Running,AutomationPilot,0.4904574,135.40421655376608,MissionCache,True,"","D:\Workspace\MM\FlightSim\FlightSimProject\Artifacts\FoundationSmoke\smoke-00001000\KTEX_EMERGENCY_RTB_01-00001000"
66.789999999997264,"smoke-00001000","KTEX_EMERGENCY_RTB_01-00001000","KTEX_EMERGENCY_RTB_01",1000,Batch,Running,AutomationPilot,0.49157989999999996,135.50187873832346,MissionCache,True,"","D:\Workspace\MM\FlightSim\FlightSimProject\Artifacts\FoundationSmoke\smoke-00001000\KTEX_EMERGENCY_RTB_01-00001000"
66.989999999997366,"smoke-00001000","KTEX_EMERGENCY_RTB_01-00001000","KTEX_EMERGENCY_RTB_01",1000,Batch,Running,AutomationPilot,0.4926848,135.60393988204481,MissionCache,True,"","D:\Workspace\MM\FlightSim\FlightSimProject\Artifacts\FoundationSmoke\smoke-00001000\KTEX_EMERGENCY_RTB_01-00001000"
67.189999999997468,"smoke-00001000","KTEX_EMERGENCY_RTB_01-00001000","KTEX_EMERGENCY_RTB_01",1000,Batch,Running,AutomationPilot,0.49394509999999997,135.66284998069094,MissionCache,True,"","D:\Workspace\MM\FlightSim\FlightSimProject\Artifacts\FoundationSmoke\smoke-00001000\KTEX_EMERGENCY_RTB_01-00001000"
67.389999999997571,"smoke-00001000","KTEX_EMERGENCY_RTB_01-00001000","KTEX_EMERGENCY_RTB_01",1000,Batch,Running,AutomationPilot,0.4956965,135.58699728563241,MissionCache,True,"","D:\Workspace\MM\FlightSim\FlightSimProject\Artifacts\FoundationSmoke\smoke-00001000\KTEX_EMERGENCY_RTB_01-00001000"
67.589999999997673,"smoke-00001000","KTEX_EMERGENCY_RTB_01-00001000","KTEX_EMERGENCY_RTB_01",1000,Batch,Running,AutomationPilot,0.49684599999999995,135.67584321902075,MissionCache,True,"","D:\Workspace\MM\FlightSim\FlightSimProject\Artifacts\FoundationSmoke\smoke-00001000\KTEX_EMERGENCY_RTB_01-00001000"
67.789999999997775,"smoke-00001000","KTEX_EMERGENCY_RTB_01-00001000","KTEX_EMERGENCY_RTB_01",1000,Batch,Running,AutomationPilot,0.4979784,135.76894098217448,MissionCache,True,"","D:\Workspace\MM\FlightSim\FlightSimProject\Artifacts\FoundationSmoke\smoke-00001000\KTEX_EMERGENCY_RTB_01-00001000"
67.989999999997877,"smoke-00001000","KTEX_EMERGENCY_RTB_01-00001000","KTEX_EMERGENCY_RTB_01",1000,Batch,Running,AutomationPilot,0.4991388,135.85399492084724,MissionCache,True,"","D:\Workspace\MM\FlightSim\FlightSimProject\Artifacts\FoundationSmoke\smoke-00001000\KTEX_EMERGENCY_RTB_01-00001000"
68.18999999999798,"smoke-00001000","KTEX_EMERGENCY_RTB_01-00001000","KTEX_EMERGENCY_RTB_01",1000,Batch,Running,AutomationPilot,0.5002727,135.94585513060753,MissionCache,True,"","D:\Workspace\MM\FlightSim\FlightSimProject\Artifacts\FoundationSmoke\smoke-00001000\KTEX_EMERGENCY_RTB_01-00001000"
68.389999999998082,"smoke-00001000","KTEX_EMERGENCY_RTB_01-00001000","KTEX_EMERGENCY_RTB_01",1000,Batch,Running,AutomationPilot,0.5013951,136.04042002005602,MissionCache,True,"","D:\Workspace\MM\FlightSim\FlightSimProject\Artifacts\FoundationSmoke\smoke-00001000\KTEX_EMERGENCY_RTB_01-00001000"
68.589999999998184,"smoke-00001000","KTEX_EMERGENCY_RTB_01-00001000","KTEX_EMERGENCY_RTB_01",1000,Batch,Running,AutomationPilot,0.50250339999999993,136.13838234725995,MissionCache,True,"","D:\Workspace\MM\FlightSim\FlightSimProject\Artifacts\FoundationSmoke\smoke-00001000\KTEX_EMERGENCY_RTB_01-00001000"
68.789999999998287,"smoke-00001000","KTEX_EMERGENCY_RTB_01-00001000","KTEX_EMERGENCY_RTB_01",1000,Batch,Running,AutomationPilot,0.5039192,136.15278004886139,MissionCache,True,"","D:\Workspace\MM\FlightSim\FlightSimProject\Artifacts\FoundationSmoke\smoke-00001000\KTEX_EMERGENCY_RTB_01-00001000"
68.989999999998389,"smoke-00001000","KTEX_EMERGENCY_RTB_01-00001000","KTEX_EMERGENCY_RTB_01",1000,Batch,Running,AutomationPilot,0.5050336,136.24836050511945,MissionCache,True,"","D:\Workspace\MM\FlightSim\FlightSimProject\Artifacts\FoundationSmoke\smoke-00001000\KTEX_EMERGENCY_RTB_01-00001000"
69.189999999998491,"smoke-00001000","KTEX_EMERGENCY_RTB_01-00001000","KTEX_EMERGENCY_RTB_01",1000,Batch,Running,AutomationPilot,0.5061523,136.3423617752965,MissionCache,True,"","D:\Workspace\MM\FlightSim\FlightSimProject\Artifacts\FoundationSmoke\smoke-00001000\KTEX_EMERGENCY_RTB_01-00001000"
69.3899999999986,"smoke-00001000","KTEX_EMERGENCY_RTB_01-00001000","KTEX_EMERGENCY_RTB_01",1000,Batch,Running,AutomationPilot,0.5072616,136.43847671497016,MissionCache,True,"","D:\Workspace\MM\FlightSim\FlightSimProject\Artifacts\FoundationSmoke\smoke-00001000\KTEX_EMERGENCY_RTB_01-00001000"
69.5899999999987,"smoke-00001000","KTEX_EMERGENCY_RTB_01-00001000","KTEX_EMERGENCY_RTB_01",1000,Batch,Running,AutomationPilot,0.5083546,136.5385500593456,MissionCache,True,"","D:\Workspace\MM\FlightSim\FlightSimProject\Artifacts\FoundationSmoke\smoke-00001000\KTEX_EMERGENCY_RTB_01-00001000"
69.7899999999988,"smoke-00001000","KTEX_EMERGENCY_RTB_01-00001000","KTEX_EMERGENCY_RTB_01",1000,Batch,Running,AutomationPilot,0.50945699999999994,136.63567288308673,MissionCache,True,"","D:\Workspace\MM\FlightSim\FlightSimProject\Artifacts\FoundationSmoke\smoke-00001000\KTEX_EMERGENCY_RTB_01-00001000"
69.9899999999989,"smoke-00001000","KTEX_EMERGENCY_RTB_01-00001000","KTEX_EMERGENCY_RTB_01",1000,Batch,Running,AutomationPilot,0.5105559,136.73331362931819,MissionCache,True,"","D:\Workspace\MM\FlightSim\FlightSimProject\Artifacts\FoundationSmoke\smoke-00001000\KTEX_EMERGENCY_RTB_01-00001000"
70.189999999999,"smoke-00001000","KTEX_EMERGENCY_RTB_01-00001000","KTEX_EMERGENCY_RTB_01",1000,Batch,Running,AutomationPilot,0.5116771,136.82457159016676,MissionCache,True,"","D:\Workspace\MM\FlightSim\FlightSimProject\Artifacts\FoundationSmoke\smoke-00001000\KTEX_EMERGENCY_RTB_01-00001000"
70.3899999999991,"smoke-00001000","KTEX_EMERGENCY_RTB_01-00001000","KTEX_EMERGENCY_RTB_01",1000,Batch,Running,AutomationPilot,0.5127856,136.91882143336127,MissionCache,True,"","D:\Workspace\MM\FlightSim\FlightSimProject\Artifacts\FoundationSmoke\smoke-00001000\KTEX_EMERGENCY_RTB_01-00001000"
70.589999999999208,"smoke-00001000","KTEX_EMERGENCY_RTB_01-00001000","KTEX_EMERGENCY_RTB_01",1000,Batch,Running,AutomationPilot,0.5139265,137.00402684041225,MissionCache,True,"","D:\Workspace\MM\FlightSim\FlightSimProject\Artifacts\FoundationSmoke\smoke-00001000\KTEX_EMERGENCY_RTB_01-00001000"
70.78999999999931,"smoke-00001000","KTEX_EMERGENCY_RTB_01-00001000","KTEX_EMERGENCY_RTB_01",1000,Batch,Running,AutomationPilot,0.5150459,137.09457739591602,MissionCache,True,"","D:\Workspace\MM\FlightSim\FlightSimProject\Artifacts\FoundationSmoke\smoke-00001000\KTEX_EMERGENCY_RTB_01-00001000"
70.989999999999412,"smoke-00001000","KTEX_EMERGENCY_RTB_01-00001000","KTEX_EMERGENCY_RTB_01",1000,Batch,Running,AutomationPilot,0.5161842,137.17971220351055,MissionCache,True,"","D:\Workspace\MM\FlightSim\FlightSimProject\Artifacts\FoundationSmoke\smoke-00001000\KTEX_EMERGENCY_RTB_01-00001000"
71.189999999999515,"smoke-00001000","KTEX_EMERGENCY_RTB_01-00001000","KTEX_EMERGENCY_RTB_01",1000,Batch,Running,AutomationPilot,0.5172995,137.27057536301393,MissionCache,True,"","D:\Workspace\MM\FlightSim\FlightSimProject\Artifacts\FoundationSmoke\smoke-00001000\KTEX_EMERGENCY_RTB_01-00001000"
71.389999999999617,"smoke-00001000","KTEX_EMERGENCY_RTB_01-00001000","KTEX_EMERGENCY_RTB_01",1000,Batch,Running,AutomationPilot,0.5184101,137.36229290285726,MissionCache,True,"","D:\Workspace\MM\FlightSim\FlightSimProject\Artifacts\FoundationSmoke\smoke-00001000\KTEX_EMERGENCY_RTB_01-00001000"
71.589999999999719,"smoke-00001000","KTEX_EMERGENCY_RTB_01-00001000","KTEX_EMERGENCY_RTB_01",1000,Batch,Running,AutomationPilot,0.5202374,137.2642566643606,MissionCache,True,"","D:\Workspace\MM\FlightSim\FlightSimProject\Artifacts\FoundationSmoke\smoke-00001000\KTEX_EMERGENCY_RTB_01-00001000"
71.789999999999822,"smoke-00001000","KTEX_EMERGENCY_RTB_01-00001000","KTEX_EMERGENCY_RTB_01",1000,Batch,Running,AutomationPilot,0.5213531,137.35412717407786,MissionCache,True,"","D:\Workspace\MM\FlightSim\FlightSimProject\Artifacts\FoundationSmoke\smoke-00001000\KTEX_EMERGENCY_RTB_01-00001000"
71.989999999999924,"smoke-00001000","KTEX_EMERGENCY_RTB_01-00001000","KTEX_EMERGENCY_RTB_01",1000,Batch,Running,AutomationPilot,0.5225208,137.42993580351219,MissionCache,True,"","D:\Workspace\MM\FlightSim\FlightSimProject\Artifacts\FoundationSmoke\smoke-00001000\KTEX_EMERGENCY_RTB_01-00001000"
72.190000000000026,"smoke-00001000","KTEX_EMERGENCY_RTB_01-00001000","KTEX_EMERGENCY_RTB_01",1000,Batch,Running,AutomationPilot,0.5238303,137.46818387557943,MissionCache,True,"","D:\Workspace\MM\FlightSim\FlightSimProject\Artifacts\FoundationSmoke\smoke-00001000\KTEX_EMERGENCY_RTB_01-00001000"
72.390000000000128,"smoke-00001000","KTEX_EMERGENCY_RTB_01-00001000","KTEX_EMERGENCY_RTB_01",1000,Batch,Running,AutomationPilot,0.5250752,137.52315858757,MissionCache,True,"","D:\Workspace\MM\FlightSim\FlightSimProject\Artifacts\FoundationSmoke\smoke-00001000\KTEX_EMERGENCY_RTB_01-00001000"
72.590000000000231,"smoke-00001000","KTEX_EMERGENCY_RTB_01-00001000","KTEX_EMERGENCY_RTB_01",1000,Batch,Running,AutomationPilot,0.52618809999999994,137.61238614100193,MissionCache,True,"","D:\Workspace\MM\FlightSim\FlightSimProject\Artifacts\FoundationSmoke\smoke-00001000\KTEX_EMERGENCY_RTB_01-00001000"
72.790000000000333,"smoke-00001000","KTEX_EMERGENCY_RTB_01-00001000","KTEX_EMERGENCY_RTB_01",1000,Batch,Running,AutomationPilot,0.5272899,137.70413580840491,MissionCache,True,"","D:\Workspace\MM\FlightSim\FlightSimProject\Artifacts\FoundationSmoke\smoke-00001000\KTEX_EMERGENCY_RTB_01-00001000"
72.990000000000435,"smoke-00001000","KTEX_EMERGENCY_RTB_01-00001000","KTEX_EMERGENCY_RTB_01",1000,Batch,Running,AutomationPilot,0.52838639999999992,137.796885006882,MissionCache,True,"","D:\Workspace\MM\FlightSim\FlightSimProject\Artifacts\FoundationSmoke\smoke-00001000\KTEX_EMERGENCY_RTB_01-00001000"
73.190000000000538,"smoke-00001000","KTEX_EMERGENCY_RTB_01-00001000","KTEX_EMERGENCY_RTB_01",1000,Batch,Running,AutomationPilot,0.5295027,137.88409388658536,MissionCache,True,"","D:\Workspace\MM\FlightSim\FlightSimProject\Artifacts\FoundationSmoke\smoke-00001000\KTEX_EMERGENCY_RTB_01-00001000"
73.39000000000064,"smoke-00001000","KTEX_EMERGENCY_RTB_01-00001000","KTEX_EMERGENCY_RTB_01",1000,Batch,Running,AutomationPilot,0.53063379999999993,137.96708766007848,MissionCache,True,"","D:\Workspace\MM\FlightSim\FlightSimProject\Artifacts\FoundationSmoke\smoke-00001000\KTEX_EMERGENCY_RTB_01-00001000"
73.590000000000742,"smoke-00001000","KTEX_EMERGENCY_RTB_01-00001000","KTEX_EMERGENCY_RTB_01",1000,Batch,Running,AutomationPilot,0.53174349999999992,138.05528417366767,MissionCache,True,"","D:\Workspace\MM\FlightSim\FlightSimProject\Artifacts\FoundationSmoke\smoke-00001000\KTEX_EMERGENCY_RTB_01-00001000"
73.790000000000845,"smoke-00001000","KTEX_EMERGENCY_RTB_01-00001000","KTEX_EMERGENCY_RTB_01",1000,Batch,Running,AutomationPilot,0.5328514,138.14357999247213,MissionCache,True,"","D:\Workspace\MM\FlightSim\FlightSimProject\Artifacts\FoundationSmoke\smoke-00001000\KTEX_EMERGENCY_RTB_01-00001000"
73.990000000000947,"smoke-00001000","KTEX_EMERGENCY_RTB_01-00001000","KTEX_EMERGENCY_RTB_01",1000,Batch,Running,AutomationPilot,0.5339629,138.23057744274152,MissionCache,True,"","D:\Workspace\MM\FlightSim\FlightSimProject\Artifacts\FoundationSmoke\smoke-00001000\KTEX_EMERGENCY_RTB_01-00001000"
74.190000000001049,"smoke-00001000","KTEX_EMERGENCY_RTB_01-00001000","KTEX_EMERGENCY_RTB_01",1000,Batch,Running,AutomationPilot,0.53513139999999992,138.30248047489079,MissionCache,True,"","D:\Workspace\MM\FlightSim\FlightSimProject\Artifacts\FoundationSmoke\smoke-00001000\KTEX_EMERGENCY_RTB_01-00001000"
74.390000000001152,"smoke-00001000","KTEX_EMERGENCY_RTB_01-00001000","KTEX_EMERGENCY_RTB_01",1000,Batch,Running,AutomationPilot,0.5362273,138.39280469308642,MissionCache,True,"","D:\Workspace\MM\FlightSim\FlightSimProject\Artifacts\FoundationSmoke\smoke-00001000\KTEX_EMERGENCY_RTB_01-00001000"
74.590000000001254,"smoke-00001000","KTEX_EMERGENCY_RTB_01-00001000","KTEX_EMERGENCY_RTB_01",1000,Batch,Running,AutomationPilot,0.5373376,138.47904929787376,MissionCache,True,"","D:\Workspace\MM\FlightSim\FlightSimProject\Artifacts\FoundationSmoke\smoke-00001000\KTEX_EMERGENCY_RTB_01-00001000"
74.790000000001356,"smoke-00001000","KTEX_EMERGENCY_RTB_01-00001000","KTEX_EMERGENCY_RTB_01",1000,Batch,Running,AutomationPilot,0.5384379,138.56751168519389,MissionCache,True,"","D:\Workspace\MM\FlightSim\FlightSimProject\Artifacts\FoundationSmoke\smoke-00001000\KTEX_EMERGENCY_RTB_01-00001000"
74.990000000001459,"smoke-00001000","KTEX_EMERGENCY_RTB_01-00001000","KTEX_EMERGENCY_RTB_01",1000,Batch,Running,AutomationPilot,0.5395388,138.65545906985997,MissionCache,True,"","D:\Workspace\MM\FlightSim\FlightSimProject\Artifacts\FoundationSmoke\smoke-00001000\KTEX_EMERGENCY_RTB_01-00001000"
75.190000000001561,"smoke-00001000","KTEX_EMERGENCY_RTB_01-00001000","KTEX_EMERGENCY_RTB_01",1000,Batch,Running,AutomationPilot,0.5406364,138.74389515763545,MissionCache,True,"","D:\Workspace\MM\FlightSim\FlightSimProject\Artifacts\FoundationSmoke\smoke-00001000\KTEX_EMERGENCY_RTB_01-00001000"
75.390000000001663,"smoke-00001000","KTEX_EMERGENCY_RTB_01-00001000","KTEX_EMERGENCY_RTB_01",1000,Batch,Running,AutomationPilot,0.5417809,138.81995470863143,MissionCache,True,"","D:\Workspace\MM\FlightSim\FlightSimProject\Artifacts\FoundationSmoke\smoke-00001000\KTEX_EMERGENCY_RTB_01-00001000"
75.590000000001766,"smoke-00001000","KTEX_EMERGENCY_RTB_01-00001000","KTEX_EMERGENCY_RTB_01",1000,Batch,Running,AutomationPilot,0.5428925,138.90411085067794,MissionCache,True,"","D:\Workspace\MM\FlightSim\FlightSimProject\Artifacts\FoundationSmoke\smoke-00001000\KTEX_EMERGENCY_RTB_01-00001000"
75.790000000001868,"smoke-00001000","KTEX_EMERGENCY_RTB_01-00001000","KTEX_EMERGENCY_RTB_01",1000,Batch,Running,AutomationPilot,0.5439881,138.99201103848003,MissionCache,True,"","D:\Workspace\MM\FlightSim\FlightSimProject\Artifacts\FoundationSmoke\smoke-00001000\KTEX_EMERGENCY_RTB_01-00001000"
75.99000000000197,"smoke-00001000","KTEX_EMERGENCY_RTB_01-00001000","KTEX_EMERGENCY_RTB_01",1000,Batch,Running,AutomationPilot,0.54568739999999993,138.9256926218232,MissionCache,True,"","D:\Workspace\MM\FlightSim\FlightSimProject\Artifacts\FoundationSmoke\smoke-00001000\KTEX_EMERGENCY_RTB_01-00001000"
76.190000000002073,"smoke-00001000","KTEX_EMERGENCY_RTB_01-00001000","KTEX_EMERGENCY_RTB_01",1000,Batch,Running,AutomationPilot,0.54680299999999993,139.0080156838971,MissionCache,True,"","D:\Workspace\MM\FlightSim\FlightSimProject\Artifacts\FoundationSmoke\smoke-00001000\KTEX_EMERGENCY_RTB_01-00001000"
76.390000000002175,"smoke-00001000","KTEX_EMERGENCY_RTB_01-00001000","KTEX_EMERGENCY_RTB_01",1000,Batch,Running,AutomationPilot,0.54790189999999994,139.094242965761,MissionCache,True,"","D:\Workspace\MM\FlightSim\FlightSimProject\Artifacts\FoundationSmoke\smoke-00001000\KTEX_EMERGENCY_RTB_01-00001000"
76.590000000002277,"smoke-00001000","KTEX_EMERGENCY_RTB_01-00001000","KTEX_EMERGENCY_RTB_01",1000,Batch,Running,AutomationPilot,0.5489989,139.18060673710309,MissionCache,True,"","D:\Workspace\MM\FlightSim\FlightSimProject\Artifacts\FoundationSmoke\smoke-00001000\KTEX_EMERGENCY_RTB_01-00001000"
76.790000000002379,"smoke-00001000","KTEX_EMERGENCY_RTB_01-00001000","KTEX_EMERGENCY_RTB_01",1000,Batch,Running,AutomationPilot,0.5501243,139.25943645827368,MissionCache,True,"","D:\Workspace\MM\FlightSim\FlightSimProject\Artifacts\FoundationSmoke\smoke-00001000\KTEX_EMERGENCY_RTB_01-00001000"
76.990000000002482,"smoke-00001000","KTEX_EMERGENCY_RTB_01-00001000","KTEX_EMERGENCY_RTB_01",1000,Batch,Running,AutomationPilot,0.551273,139.33205507979238,MissionCache,True,"","D:\Workspace\MM\FlightSim\FlightSimProject\Artifacts\FoundationSmoke\smoke-00001000\KTEX_EMERGENCY_RTB_01-00001000"
77.190000000002584,"smoke-00001000","KTEX_EMERGENCY_RTB_01-00001000","KTEX_EMERGENCY_RTB_01",1000,Batch,Running,AutomationPilot,0.5524293,139.40245385247033,MissionCache,True,"","D:\Workspace\MM\FlightSim\FlightSimProject\Artifacts\FoundationSmoke\smoke-00001000\KTEX_EMERGENCY_RTB_01-00001000"
77.390000000002686,"smoke-00001000","KTEX_EMERGENCY_RTB_01-00001000","KTEX_EMERGENCY_RTB_01",1000,Batch,Running,AutomationPilot,0.5538308,139.41080922188257,MissionCache,True,"","D:\Workspace\MM\FlightSim\FlightSimProject\Artifacts\FoundationSmoke\smoke-00001000\KTEX_EMERGENCY_RTB_01-00001000"
77.590000000002789,"smoke-00001000","KTEX_EMERGENCY_RTB_01-00001000","KTEX_EMERGENCY_RTB_01",1000,Batch,Running,AutomationPilot,0.55509069999999994,139.45468731506887,MissionCache,True,"","D:\Workspace\MM\FlightSim\FlightSimProject\Artifacts\FoundationSmoke\smoke-00001000\KTEX_EMERGENCY_RTB_01-00001000"
77.790000000002891,"smoke-00001000","KTEX_EMERGENCY_RTB_01-00001000","KTEX_EMERGENCY_RTB_01",1000,Batch,Running,AutomationPilot,0.55618669999999992,139.53947478428162,MissionCache,True,"","D:\Workspace\MM\FlightSim\FlightSimProject\Artifacts\FoundationSmoke\smoke-00001000\KTEX_EMERGENCY_RTB_01-00001000"
77.990000000003,"smoke-00001000","KTEX_EMERGENCY_RTB_01-00001000","KTEX_EMERGENCY_RTB_01",1000,Batch,Running,AutomationPilot,0.5573292,139.61227942121624,MissionCache,True,"","D:\Workspace\MM\FlightSim\FlightSimProject\Artifacts\FoundationSmoke\smoke-00001000\KTEX_EMERGENCY_RTB_01-00001000"
78.1900000000031,"smoke-00001000","KTEX_EMERGENCY_RTB_01-00001000","KTEX_EMERGENCY_RTB_01",1000,Batch,Running,AutomationPilot,0.5584371,139.69344085484829,MissionCache,True,"","D:\Workspace\MM\FlightSim\FlightSimProject\Artifacts\FoundationSmoke\smoke-00001000\KTEX_EMERGENCY_RTB_01-00001000"
78.3900000000032,"smoke-00001000","KTEX_EMERGENCY_RTB_01-00001000","KTEX_EMERGENCY_RTB_01",1000,Batch,Running,AutomationPilot,0.5595521,139.7725073322093,MissionCache,True,"","D:\Workspace\MM\FlightSim\FlightSimProject\Artifacts\FoundationSmoke\smoke-00001000\KTEX_EMERGENCY_RTB_01-00001000"
78.5900000000033,"smoke-00001000","KTEX_EMERGENCY_RTB_01-00001000","KTEX_EMERGENCY_RTB_01",1000,Batch,Running,AutomationPilot,0.5606578,139.853579135086,MissionCache,True,"","D:\Workspace\MM\FlightSim\FlightSimProject\Artifacts\FoundationSmoke\smoke-00001000\KTEX_EMERGENCY_RTB_01-00001000"
78.7900000000034,"smoke-00001000","KTEX_EMERGENCY_RTB_01-00001000","KTEX_EMERGENCY_RTB_01",1000,Batch,Running,AutomationPilot,0.5617521,139.93717157444237,MissionCache,True,"","D:\Workspace\MM\FlightSim\FlightSimProject\Artifacts\FoundationSmoke\smoke-00001000\KTEX_EMERGENCY_RTB_01-00001000"
78.9900000000035,"smoke-00001000","KTEX_EMERGENCY_RTB_01-00001000","KTEX_EMERGENCY_RTB_01",1000,Batch,Running,AutomationPilot,0.5628536,140.01864783311933,MissionCache,True,"","D:\Workspace\MM\FlightSim\FlightSimProject\Artifacts\FoundationSmoke\smoke-00001000\KTEX_EMERGENCY_RTB_01-00001000"
79.190000000003607,"smoke-00001000","KTEX_EMERGENCY_RTB_01-00001000","KTEX_EMERGENCY_RTB_01",1000,Batch,Running,AutomationPilot,0.5639543,140.10000455711307,MissionCache,True,"","D:\Workspace\MM\FlightSim\FlightSimProject\Artifacts\FoundationSmoke\smoke-00001000\KTEX_EMERGENCY_RTB_01-00001000"
79.39000000000371,"smoke-00001000","KTEX_EMERGENCY_RTB_01-00001000","KTEX_EMERGENCY_RTB_01",1000,Batch,Running,AutomationPilot,0.5650547,140.18111874833289,MissionCache,True,"","D:\Workspace\MM\FlightSim\FlightSimProject\Artifacts\FoundationSmoke\smoke-00001000\KTEX_EMERGENCY_RTB_01-00001000"
79.590000000003812,"smoke-00001000","KTEX_EMERGENCY_RTB_01-00001000","KTEX_EMERGENCY_RTB_01",1000,Batch,Running,AutomationPilot,0.56646869999999994,140.18426790395256,MissionCache,True,"","D:\Workspace\MM\FlightSim\FlightSimProject\Artifacts\FoundationSmoke\smoke-00001000\KTEX_EMERGENCY_RTB_01-00001000"
79.790000000003914,"smoke-00001000","KTEX_EMERGENCY_RTB_01-00001000","KTEX_EMERGENCY_RTB_01",1000,Batch,Running,AutomationPilot,0.56761699999999993,140.25302272483705,MissionCache,True,"","D:\Workspace\MM\FlightSim\FlightSimProject\Artifacts\FoundationSmoke\smoke-00001000\KTEX_EMERGENCY_RTB_01-00001000"
79.990000000004017,"smoke-00001000","KTEX_EMERGENCY_RTB_01-00001000","KTEX_EMERGENCY_RTB_01",1000,Batch,Running,AutomationPilot,0.5687473,140.32594088799001,MissionCache,True,"","D:\Workspace\MM\FlightSim\FlightSimProject\Artifacts\FoundationSmoke\smoke-00001000\KTEX_EMERGENCY_RTB_01-00001000"
80.190000000004119,"smoke-00001000","KTEX_EMERGENCY_RTB_01-00001000","KTEX_EMERGENCY_RTB_01",1000,Batch,Running,AutomationPilot,0.5704988,140.2456937683375,MissionCache,True,"","D:\Workspace\MM\FlightSim\FlightSimProject\Artifacts\FoundationSmoke\smoke-00001000\KTEX_EMERGENCY_RTB_01-00001000"
80.390000000004221,"smoke-00001000","KTEX_EMERGENCY_RTB_01-00001000","KTEX_EMERGENCY_RTB_01",1000,Batch,Running,AutomationPilot,0.5716557,140.31172959528635,MissionCache,True,"","D:\Workspace\MM\FlightSim\FlightSimProject\Artifacts\FoundationSmoke\smoke-00001000\KTEX_EMERGENCY_RTB_01-00001000"
80.590000000004324,"smoke-00001000","KTEX_EMERGENCY_RTB_01-00001000","KTEX_EMERGENCY_RTB_01",1000,Batch,Running,AutomationPilot,0.5727806,140.38534126331135,MissionCache,True,"","D:\Workspace\MM\FlightSim\FlightSimProject\Artifacts\FoundationSmoke\smoke-00001000\KTEX_EMERGENCY_RTB_01-00001000"
80.790000000004426,"smoke-00001000","KTEX_EMERGENCY_RTB_01-00001000","KTEX_EMERGENCY_RTB_01",1000,Batch,Running,AutomationPilot,0.5741834,140.39068353422326,MissionCache,True,"","D:\Workspace\MM\FlightSim\FlightSimProject\Artifacts\FoundationSmoke\smoke-00001000\KTEX_EMERGENCY_RTB_01-00001000"
80.990000000004528,"smoke-00001000","KTEX_EMERGENCY_RTB_01-00001000","KTEX_EMERGENCY_RTB_01",1000,Batch,Running,AutomationPilot,0.5753874,140.44450747445015,MissionCache,True,"","D:\Workspace\MM\FlightSim\FlightSimProject\Artifacts\FoundationSmoke\smoke-00001000\KTEX_EMERGENCY_RTB_01-00001000"
81.19000000000463,"smoke-00001000","KTEX_EMERGENCY_RTB_01-00001000","KTEX_EMERGENCY_RTB_01",1000,Batch,Running,AutomationPilot,0.5765112,140.51765169523946,MissionCache,True,"","D:\Workspace\MM\FlightSim\FlightSimProject\Artifacts\FoundationSmoke\smoke-00001000\KTEX_EMERGENCY_RTB_01-00001000"
81.390000000004733,"smoke-00001000","KTEX_EMERGENCY_RTB_01-00001000","KTEX_EMERGENCY_RTB_01",1000,Batch,Running,AutomationPilot,0.5776411,140.58902664648454,MissionCache,True,"","D:\Workspace\MM\FlightSim\FlightSimProject\Artifacts\FoundationSmoke\smoke-00001000\KTEX_EMERGENCY_RTB_01-00001000"
81.590000000004835,"smoke-00001000","KTEX_EMERGENCY_RTB_01-00001000","KTEX_EMERGENCY_RTB_01",1000,Batch,Running,AutomationPilot,0.5787293,140.67025809822439,MissionCache,True,"","D:\Workspace\MM\FlightSim\FlightSimProject\Artifacts\FoundationSmoke\smoke-00001000\KTEX_EMERGENCY_RTB_01-00001000"
81.790000000004937,"smoke-00001000","KTEX_EMERGENCY_RTB_01-00001000","KTEX_EMERGENCY_RTB_01",1000,Batch,Running,AutomationPilot,0.5798151,140.75176724442818,MissionCache,True,"","D:\Workspace\MM\FlightSim\FlightSimProject\Artifacts\FoundationSmoke\smoke-00001000\KTEX_EMERGENCY_RTB_01-00001000"
81.99000000000504,"smoke-00001000","KTEX_EMERGENCY_RTB_01-00001000","KTEX_EMERGENCY_RTB_01",1000,Batch,Running,AutomationPilot,0.580969,140.81646352904363,MissionCache,True,"","D:\Workspace\MM\FlightSim\FlightSimProject\Artifacts\FoundationSmoke\smoke-00001000\KTEX_EMERGENCY_RTB_01-00001000"
82.190000000005142,"smoke-00001000","KTEX_EMERGENCY_RTB_01-00001000","KTEX_EMERGENCY_RTB_01",1000,Batch,Running,AutomationPilot,0.5820818,140.89085073610798,MissionCache,True,"","D:\Workspace\MM\FlightSim\FlightSimProject\Artifacts\FoundationSmoke\smoke-00001000\KTEX_EMERGENCY_RTB_01-00001000"
82.390000000005244,"smoke-00001000","KTEX_EMERGENCY_RTB_01-00001000","KTEX_EMERGENCY_RTB_01",1000,Batch,Running,AutomationPilot,0.58322049999999992,140.95869401025027,MissionCache,True,"","D:\Workspace\MM\FlightSim\FlightSimProject\Artifacts\FoundationSmoke\smoke-00001000\KTEX_EMERGENCY_RTB_01-00001000"
82.590000000005347,"smoke-00001000","KTEX_EMERGENCY_RTB_01-00001000","KTEX_EMERGENCY_RTB_01",1000,Batch,Running,AutomationPilot,0.5843874,141.01946756553144,MissionCache,True,"","D:\Workspace\MM\FlightSim\FlightSimProject\Artifacts\FoundationSmoke\smoke-00001000\KTEX_EMERGENCY_RTB_01-00001000"
82.790000000005449,"smoke-00001000","KTEX_EMERGENCY_RTB_01-00001000","KTEX_EMERGENCY_RTB_01",1000,Batch,Running,AutomationPilot,0.5855075,141.09127551740218,MissionCache,True,"","D:\Workspace\MM\FlightSim\FlightSimProject\Artifacts\FoundationSmoke\smoke-00001000\KTEX_EMERGENCY_RTB_01-00001000"
82.990000000005551,"smoke-00001000","KTEX_EMERGENCY_RTB_01-00001000","KTEX_EMERGENCY_RTB_01",1000,Batch,Running,AutomationPilot,0.5866129,141.16634666575771,MissionCache,True,"","D:\Workspace\MM\FlightSim\FlightSimProject\Artifacts\FoundationSmoke\smoke-00001000\KTEX_EMERGENCY_RTB_01-00001000"
83.190000000005654,"smoke-00001000","KTEX_EMERGENCY_RTB_01-00001000","KTEX_EMERGENCY_RTB_01",1000,Batch,Running,AutomationPilot,0.5877182,141.24115945363877,MissionCache,True,"","D:\Workspace\MM\FlightSim\FlightSimProject\Artifacts\FoundationSmoke\smoke-00001000\KTEX_EMERGENCY_RTB_01-00001000"
83.390000000005756,"smoke-00001000","KTEX_EMERGENCY_RTB_01-00001000","KTEX_EMERGENCY_RTB_01",1000,Batch,Running,AutomationPilot,0.5888633,141.30614015172225,MissionCache,True,"","D:\Workspace\MM\FlightSim\FlightSimProject\Artifacts\FoundationSmoke\smoke-00001000\KTEX_EMERGENCY_RTB_01-00001000"
83.590000000005858,"smoke-00001000","KTEX_EMERGENCY_RTB_01-00001000","KTEX_EMERGENCY_RTB_01",1000,Batch,Running,AutomationPilot,0.5899729,141.37937522215981,MissionCache,True,"","D:\Workspace\MM\FlightSim\FlightSimProject\Artifacts\FoundationSmoke\smoke-00001000\KTEX_EMERGENCY_RTB_01-00001000"
83.790000000005961,"smoke-00001000","KTEX_EMERGENCY_RTB_01-00001000","KTEX_EMERGENCY_RTB_01",1000,Batch,Running,AutomationPilot,0.591089,141.4507798318119,MissionCache,True,"","D:\Workspace\MM\FlightSim\FlightSimProject\Artifacts\FoundationSmoke\smoke-00001000\KTEX_EMERGENCY_RTB_01-00001000"
83.990000000006063,"smoke-00001000","KTEX_EMERGENCY_RTB_01-00001000","KTEX_EMERGENCY_RTB_01",1000,Batch,Running,AutomationPilot,0.5921943,141.5244962675358,MissionCache,True,"","D:\Workspace\MM\FlightSim\FlightSimProject\Artifacts\FoundationSmoke\smoke-00001000\KTEX_EMERGENCY_RTB_01-00001000"
84.190000000006165,"smoke-00001000","KTEX_EMERGENCY_RTB_01-00001000","KTEX_EMERGENCY_RTB_01",1000,Batch,Running,AutomationPilot,0.5935102,141.54769370434758,MissionCache,True,"","D:\Workspace\MM\FlightSim\FlightSimProject\Artifacts\FoundationSmoke\smoke-00001000\KTEX_EMERGENCY_RTB_01-00001000"
84.390000000006268,"smoke-00001000","KTEX_EMERGENCY_RTB_01-00001000","KTEX_EMERGENCY_RTB_01",1000,Batch,Running,AutomationPilot,0.59533589999999992,141.44955814021327,MissionCache,True,"","D:\Workspace\MM\FlightSim\FlightSimProject\Artifacts\FoundationSmoke\smoke-00001000\KTEX_EMERGENCY_RTB_01-00001000"
84.59000000000637,"smoke-00001000","KTEX_EMERGENCY_RTB_01-00001000","KTEX_EMERGENCY_RTB_01",1000,Batch,Running,AutomationPilot,0.5964712,141.51563394847275,MissionCache,True,"","D:\Workspace\MM\FlightSim\FlightSimProject\Artifacts\FoundationSmoke\smoke-00001000\KTEX_EMERGENCY_RTB_01-00001000"
84.790000000006472,"smoke-00001000","KTEX_EMERGENCY_RTB_01-00001000","KTEX_EMERGENCY_RTB_01",1000,Batch,Running,AutomationPilot,0.59759909999999994,141.58321188905134,MissionCache,True,"","D:\Workspace\MM\FlightSim\FlightSimProject\Artifacts\FoundationSmoke\smoke-00001000\KTEX_EMERGENCY_RTB_01-00001000"
84.990000000006575,"smoke-00001000","KTEX_EMERGENCY_RTB_01-00001000","KTEX_EMERGENCY_RTB_01",1000,Batch,Running,AutomationPilot,0.5987213,141.65188377297832,MissionCache,True,"","D:\Workspace\MM\FlightSim\FlightSimProject\Artifacts\FoundationSmoke\smoke-00001000\KTEX_EMERGENCY_RTB_01-00001000"
85.190000000006677,"smoke-00001000","KTEX_EMERGENCY_RTB_01-00001000","KTEX_EMERGENCY_RTB_01",1000,Batch,Running,AutomationPilot,0.5998453,141.71987344071309,MissionCache,True,"","D:\Workspace\MM\FlightSim\FlightSimProject\Artifacts\FoundationSmoke\smoke-00001000\KTEX_EMERGENCY_RTB_01-00001000"
85.390000000006779,"smoke-00001000","KTEX_EMERGENCY_RTB_01-00001000","KTEX_EMERGENCY_RTB_01",1000,Batch,Running,AutomationPilot,0.60096699999999992,141.78815142929096,MissionCache,True,"","D:\Workspace\MM\FlightSim\FlightSimProject\Artifacts\FoundationSmoke\smoke-00001000\KTEX_EMERGENCY_RTB_01-00001000"
85.590000000006881,"smoke-00001000","KTEX_EMERGENCY_RTB_01-00001000","KTEX_EMERGENCY_RTB_01",1000,Batch,Running,AutomationPilot,0.6020862,141.85676403147389,MissionCache,True,"","D:\Workspace\MM\FlightSim\FlightSimProject\Artifacts\FoundationSmoke\smoke-00001000\KTEX_EMERGENCY_RTB_01-00001000"
85.790000000006984,"smoke-00001000","KTEX_EMERGENCY_RTB_01-00001000","KTEX_EMERGENCY_RTB_01",1000,Batch,Running,AutomationPilot,0.60320299999999993,141.92568670912928,MissionCache,True,"","D:\Workspace\MM\FlightSim\FlightSimProject\Artifacts\FoundationSmoke\smoke-00001000\KTEX_EMERGENCY_RTB_01-00001000"
85.990000000007086,"smoke-00001000","KTEX_EMERGENCY_RTB_01-00001000","KTEX_EMERGENCY_RTB_01",1000,Batch,Running,AutomationPilot,0.6043139,141.99574095516749,MissionCache,True,"","D:\Workspace\MM\FlightSim\FlightSimProject\Artifacts\FoundationSmoke\smoke-00001000\KTEX_EMERGENCY_RTB_01-00001000"
86.190000000007188,"smoke-00001000","KTEX_EMERGENCY_RTB_01-00001000","KTEX_EMERGENCY_RTB_01",1000,Batch,Running,AutomationPilot,0.6054231,142.06593702818259,MissionCache,True,"","D:\Workspace\MM\FlightSim\FlightSimProject\Artifacts\FoundationSmoke\smoke-00001000\KTEX_EMERGENCY_RTB_01-00001000"
86.390000000007291,"smoke-00001000","KTEX_EMERGENCY_RTB_01-00001000","KTEX_EMERGENCY_RTB_01",1000,Batch,Running,AutomationPilot,0.60652319999999993,142.13800890057826,MissionCache,True,"","D:\Workspace\MM\FlightSim\FlightSimProject\Artifacts\FoundationSmoke\smoke-00001000\KTEX_EMERGENCY_RTB_01-00001000"
86.5900000000074,"smoke-00001000","KTEX_EMERGENCY_RTB_01-00001000","KTEX_EMERGENCY_RTB_01",1000,Batch,Running,AutomationPilot,0.6076725,142.19830583086664,MissionCache,True,"","D:\Workspace\MM\FlightSim\FlightSimProject\Artifacts\FoundationSmoke\smoke-00001000\KTEX_EMERGENCY_RTB_01-00001000"
86.7900000000075,"smoke-00001000","KTEX_EMERGENCY_RTB_01-00001000","KTEX_EMERGENCY_RTB_01",1000,Batch,Running,AutomationPilot,0.6087718,142.2700591584686,MissionCache,True,"","D:\Workspace\MM\FlightSim\FlightSimProject\Artifacts\FoundationSmoke\smoke-00001000\KTEX_EMERGENCY_RTB_01-00001000"
86.9900000000076,"smoke-00001000","KTEX_EMERGENCY_RTB_01-00001000","KTEX_EMERGENCY_RTB_01",1000,Batch,Running,AutomationPilot,0.60987479999999994,142.34069025315935,MissionCache,True,"","D:\Workspace\MM\FlightSim\FlightSimProject\Artifacts\FoundationSmoke\smoke-00001000\KTEX_EMERGENCY_RTB_01-00001000"
87.1900000000077,"smoke-00001000","KTEX_EMERGENCY_RTB_01-00001000","KTEX_EMERGENCY_RTB_01",1000,Batch,Running,AutomationPilot,0.6110154,142.4023027897621,MissionCache,True,"","D:\Workspace\MM\FlightSim\FlightSimProject\Artifacts\FoundationSmoke\smoke-00001000\KTEX_EMERGENCY_RTB_01-00001000"
87.3900000000078,"smoke-00001000","KTEX_EMERGENCY_RTB_01-00001000","KTEX_EMERGENCY_RTB_01",1000,Batch,Running,AutomationPilot,0.6121343,142.46873602738435,MissionCache,True,"","D:\Workspace\MM\FlightSim\FlightSimProject\Artifacts\FoundationSmoke\smoke-00001000\KTEX_EMERGENCY_RTB_01-00001000"
87.5900000000079,"smoke-00001000","KTEX_EMERGENCY_RTB_01-00001000","KTEX_EMERGENCY_RTB_01",1000,Batch,Running,AutomationPilot,0.61323129999999992,142.54001711916501,MissionCache,True,"","D:\Workspace\MM\FlightSim\FlightSimProject\Artifacts\FoundationSmoke\smoke-00001000\KTEX_EMERGENCY_RTB_01-00001000"
87.790000000008,"smoke-00001000","KTEX_EMERGENCY_RTB_01-00001000","KTEX_EMERGENCY_RTB_01",1000,Batch,Running,AutomationPilot,0.614343,142.60763124184359,MissionCache,True,"","D:\Workspace\MM\FlightSim\FlightSimProject\Artifacts\FoundationSmoke\smoke-00001000\KTEX_EMERGENCY_RTB_01-00001000"
87.990000000008109,"smoke-00001000","KTEX_EMERGENCY_RTB_01-00001000","KTEX_EMERGENCY_RTB_01",1000,Batch,Running,AutomationPilot,0.61544809999999994,142.67653113237009,MissionCache,True,"","D:\Workspace\MM\FlightSim\FlightSimProject\Artifacts\FoundationSmoke\smoke-00001000\KTEX_EMERGENCY_RTB_01-00001000"
88.190000000008212,"smoke-00001000","KTEX_EMERGENCY_RTB_01-00001000","KTEX_EMERGENCY_RTB_01",1000,Batch,Running,AutomationPilot,0.61656179999999994,142.74319297758655,MissionCache,True,"","D:\Workspace\MM\FlightSim\FlightSimProject\Artifacts\FoundationSmoke\smoke-00001000\KTEX_EMERGENCY_RTB_01-00001000"
88.390000000008314,"smoke-00001000","KTEX_EMERGENCY_RTB_01-00001000","KTEX_EMERGENCY_RTB_01",1000,Batch,Running,AutomationPilot,0.617687,142.80695562640662,MissionCache,True,"","D:\Workspace\MM\FlightSim\FlightSimProject\Artifacts\FoundationSmoke\smoke-00001000\KTEX_EMERGENCY_RTB_01-00001000"
88.590000000008416,"smoke-00001000","KTEX_EMERGENCY_RTB_01-00001000","KTEX_EMERGENCY_RTB_01",1000,Batch,Running,AutomationPilot,0.6195915,142.69078901180589,MissionCache,True,"","D:\Workspace\MM\FlightSim\FlightSimProject\Artifacts\FoundationSmoke\smoke-00001000\KTEX_EMERGENCY_RTB_01-00001000"
88.790000000008519,"smoke-00001000","KTEX_EMERGENCY_RTB_01-00001000","KTEX_EMERGENCY_RTB_01",1000,Batch,Running,AutomationPilot,0.6207343,142.75028784458735,MissionCache,True,"","D:\Workspace\MM\FlightSim\FlightSimProject\Artifacts\FoundationSmoke\smoke-00001000\KTEX_EMERGENCY_RTB_01-00001000"
88.990000000008621,"smoke-00001000","KTEX_EMERGENCY_RTB_01-00001000","KTEX_EMERGENCY_RTB_01",1000,Batch,Running,AutomationPilot,0.62185329999999994,142.81503370651654,MissionCache,True,"","D:\Workspace\MM\FlightSim\FlightSimProject\Artifacts\FoundationSmoke\smoke-00001000\KTEX_EMERGENCY_RTB_01-00001000"
89.190000000008723,"smoke-00001000","KTEX_EMERGENCY_RTB_01-00001000","KTEX_EMERGENCY_RTB_01",1000,Batch,Running,AutomationPilot,0.622999,142.87342355286066,MissionCache,True,"","D:\Workspace\MM\FlightSim\FlightSimProject\Artifacts\FoundationSmoke\smoke-00001000\KTEX_EMERGENCY_RTB_01-00001000"
89.390000000008826,"smoke-00001000","KTEX_EMERGENCY_RTB_01-00001000","KTEX_EMERGENCY_RTB_01",1000,Batch,Running,AutomationPilot,0.6241608,142.92791216623783,MissionCache,True,"","D:\Workspace\MM\FlightSim\FlightSimProject\Artifacts\FoundationSmoke\smoke-00001000\KTEX_EMERGENCY_RTB_01-00001000"
89.590000000008928,"smoke-00001000","KTEX_EMERGENCY_RTB_01-00001000","KTEX_EMERGENCY_RTB_01",1000,Batch,Running,AutomationPilot,0.6252999,142.98738893130934,MissionCache,True,"","D:\Workspace\MM\FlightSim\FlightSimProject\Artifacts\FoundationSmoke\smoke-00001000\KTEX_EMERGENCY_RTB_01-00001000"
89.79000000000903,"smoke-00001000","KTEX_EMERGENCY_RTB_01-00001000","KTEX_EMERGENCY_RTB_01",1000,Batch,Running,AutomationPilot,0.6264177,143.05151339115886,MissionCache,True,"","D:\Workspace\MM\FlightSim\FlightSimProject\Artifacts\FoundationSmoke\smoke-00001000\KTEX_EMERGENCY_RTB_01-00001000"
89.990000000009132,"smoke-00001000","KTEX_EMERGENCY_RTB_01-00001000","KTEX_EMERGENCY_RTB_01",1000,Batch,Running,AutomationPilot,0.6275577,143.11034666614566,MissionCache,True,"","D:\Workspace\MM\FlightSim\FlightSimProject\Artifacts\FoundationSmoke\smoke-00001000\KTEX_EMERGENCY_RTB_01-00001000"
90.190000000009235,"smoke-00001000","KTEX_EMERGENCY_RTB_01-00001000","KTEX_EMERGENCY_RTB_01",1000,Batch,Running,AutomationPilot,0.6286683,143.17566195083981,MissionCache,True,"","D:\Workspace\MM\FlightSim\FlightSimProject\Artifacts\FoundationSmoke\smoke-00001000\KTEX_EMERGENCY_RTB_01-00001000"
90.390000000009337,"smoke-00001000","KTEX_EMERGENCY_RTB_01-00001000","KTEX_EMERGENCY_RTB_01",1000,Batch,Running,AutomationPilot,0.6297804,143.24040570333602,MissionCache,True,"","D:\Workspace\MM\FlightSim\FlightSimProject\Artifacts\FoundationSmoke\smoke-00001000\KTEX_EMERGENCY_RTB_01-00001000"
90.590000000009439,"smoke-00001000","KTEX_EMERGENCY_RTB_01-00001000","KTEX_EMERGENCY_RTB_01",1000,Batch,Running,AutomationPilot,0.6309408,143.29395087464522,MissionCache,True,"","D:\Workspace\MM\FlightSim\FlightSimProject\Artifacts\FoundationSmoke\smoke-00001000\KTEX_EMERGENCY_RTB_01-00001000"
90.790000000009542,"smoke-00001000","KTEX_EMERGENCY_RTB_01-00001000","KTEX_EMERGENCY_RTB_01",1000,Batch,Running,AutomationPilot,0.63205099999999992,143.35868466311967,MissionCache,True,"","D:\Workspace\MM\FlightSim\FlightSimProject\Artifacts\FoundationSmoke\smoke-00001000\KTEX_EMERGENCY_RTB_01-00001000"
90.990000000009644,"smoke-00001000","KTEX_EMERGENCY_RTB_01-00001000","KTEX_EMERGENCY_RTB_01",1000,Batch,Running,AutomationPilot,0.63321909999999992,143.41007717551406,MissionCache,True,"","D:\Workspace\MM\FlightSim\FlightSimProject\Artifacts\FoundationSmoke\smoke-00001000\KTEX_EMERGENCY_RTB_01-00001000"
91.190000000009746,"smoke-00001000","KTEX_EMERGENCY_RTB_01-00001000","KTEX_EMERGENCY_RTB_01",1000,Batch,Running,AutomationPilot,0.6343793,143.46306696957114,MissionCache,True,"","D:\Workspace\MM\FlightSim\FlightSimProject\Artifacts\FoundationSmoke\smoke-00001000\KTEX_EMERGENCY_RTB_01-00001000"
91.390000000009849,"smoke-00001000","KTEX_EMERGENCY_RTB_01-00001000","KTEX_EMERGENCY_RTB_01",1000,Batch,Running,AutomationPilot,0.63550129999999994,143.52449003646376,MissionCache,True,"","D:\Workspace\MM\FlightSim\FlightSimProject\Artifacts\FoundationSmoke\smoke-00001000\KTEX_EMERGENCY_RTB_01-00001000"
91.590000000009951,"smoke-00001000","KTEX_EMERGENCY_RTB_01-00001000","KTEX_EMERGENCY_RTB_01",1000,Batch,Running,AutomationPilot,0.6366052,143.58977903417983,MissionCache,True,"","D:\Workspace\MM\FlightSim\FlightSimProject\Artifacts\FoundationSmoke\smoke-00001000\KTEX_EMERGENCY_RTB_01-00001000"
91.790000000010053,"smoke-00001000","KTEX_EMERGENCY_RTB_01-00001000","KTEX_EMERGENCY_RTB_01",1000,Batch,Running,AutomationPilot,0.6377535,143.6448408358558,MissionCache,True,"","D:\Workspace\MM\FlightSim\FlightSimProject\Artifacts\FoundationSmoke\smoke-00001000\KTEX_EMERGENCY_RTB_01-00001000"
91.990000000010156,"smoke-00001000","KTEX_EMERGENCY_RTB_01-00001000","KTEX_EMERGENCY_RTB_01",1000,Batch,Running,AutomationPilot,0.6388728,143.70622759336453,MissionCache,True,"","D:\Workspace\MM\FlightSim\FlightSimProject\Artifacts\FoundationSmoke\smoke-00001000\KTEX_EMERGENCY_RTB_01-00001000"
92.190000000010258,"smoke-00001000","KTEX_EMERGENCY_RTB_01-00001000","KTEX_EMERGENCY_RTB_01",1000,Batch,Running,AutomationPilot,0.6399781,143.77054464834058,MissionCache,True,"","D:\Workspace\MM\FlightSim\FlightSimProject\Artifacts\FoundationSmoke\smoke-00001000\KTEX_EMERGENCY_RTB_01-00001000"
92.39000000001036,"smoke-00001000","KTEX_EMERGENCY_RTB_01-00001000","KTEX_EMERGENCY_RTB_01",1000,Batch,Running,AutomationPilot,0.64107649999999994,143.83618803685718,MissionCache,True,"","D:\Workspace\MM\FlightSim\FlightSimProject\Artifacts\FoundationSmoke\smoke-00001000\KTEX_EMERGENCY_RTB_01-00001000"
92.590000000010463,"smoke-00001000","KTEX_EMERGENCY_RTB_01-00001000","KTEX_EMERGENCY_RTB_01",1000,Batch,Running,AutomationPilot,0.6421931,143.897528640545,MissionCache,True,"","D:\Workspace\MM\FlightSim\FlightSimProject\Artifacts\FoundationSmoke\smoke-00001000\KTEX_EMERGENCY_RTB_01-00001000"
92.790000000010565,"smoke-00001000","KTEX_EMERGENCY_RTB_01-00001000","KTEX_EMERGENCY_RTB_01",1000,Batch,Running,AutomationPilot,0.6433876,143.94122609762837,MissionCache,True,"","D:\Workspace\MM\FlightSim\FlightSimProject\Artifacts\FoundationSmoke\smoke-00001000\KTEX_EMERGENCY_RTB_01-00001000"
92.990000000010667,"smoke-00001000","KTEX_EMERGENCY_RTB_01-00001000","KTEX_EMERGENCY_RTB_01",1000,Batch,Running,AutomationPilot,0.6451952,143.84793935232403,MissionCache,True,"","D:\Workspace\MM\FlightSim\FlightSimProject\Artifacts\FoundationSmoke\smoke-00001000\KTEX_EMERGENCY_RTB_01-00001000"
93.19000000001077,"smoke-00001000","KTEX_EMERGENCY_RTB_01-00001000","KTEX_EMERGENCY_RTB_01",1000,Batch,Running,AutomationPilot,0.6463006,143.91136260744719,MissionCache,True,"","D:\Workspace\MM\FlightSim\FlightSimProject\Artifacts\FoundationSmoke\smoke-00001000\KTEX_EMERGENCY_RTB_01-00001000"
93.390000000010872,"smoke-00001000","KTEX_EMERGENCY_RTB_01-00001000","KTEX_EMERGENCY_RTB_01",1000,Batch,Running,AutomationPilot,0.6474075,143.974235701642,MissionCache,True,"","D:\Workspace\MM\FlightSim\FlightSimProject\Artifacts\FoundationSmoke\smoke-00001000\KTEX_EMERGENCY_RTB_01-00001000"
93.590000000010974,"smoke-00001000","KTEX_EMERGENCY_RTB_01-00001000","KTEX_EMERGENCY_RTB_01",1000,Batch,Running,AutomationPilot,0.6485318,144.03302968337232,MissionCache,True,"","D:\Workspace\MM\FlightSim\FlightSimProject\Artifacts\FoundationSmoke\smoke-00001000\KTEX_EMERGENCY_RTB_01-00001000"
93.790000000011077,"smoke-00001000","KTEX_EMERGENCY_RTB_01-00001000","KTEX_EMERGENCY_RTB_01",1000,Batch,Running,AutomationPilot,0.6496337,144.0965885852458,MissionCache,True,"","D:\Workspace\MM\FlightSim\FlightSimProject\Artifacts\FoundationSmoke\smoke-00001000\KTEX_EMERGENCY_RTB_01-00001000"
93.990000000011179,"smoke-00001000","KTEX_EMERGENCY_RTB_01-00001000","KTEX_EMERGENCY_RTB_01",1000,Batch,Running,AutomationPilot,0.650763,144.15386246607611,MissionCache,True,"","D:\Workspace\MM\FlightSim\FlightSimProject\Artifacts\FoundationSmoke\smoke-00001000\KTEX_EMERGENCY_RTB_01-00001000"
94.190000000011281,"smoke-00001000","KTEX_EMERGENCY_RTB_01-00001000","KTEX_EMERGENCY_RTB_01",1000,Batch,Running,AutomationPilot,0.6518764,144.21445537836803,MissionCache,True,"","D:\Workspace\MM\FlightSim\FlightSimProject\Artifacts\FoundationSmoke\smoke-00001000\KTEX_EMERGENCY_RTB_01-00001000"
94.390000000011383,"smoke-00001000","KTEX_EMERGENCY_RTB_01-00001000","KTEX_EMERGENCY_RTB_01",1000,Batch,Running,AutomationPilot,0.6530634,144.2585819386162,MissionCache,True,"","D:\Workspace\MM\FlightSim\FlightSimProject\Artifacts\FoundationSmoke\smoke-00001000\KTEX_EMERGENCY_RTB_01-00001000"
94.590000000011486,"smoke-00001000","KTEX_EMERGENCY_RTB_01-00001000","KTEX_EMERGENCY_RTB_01",1000,Batch,Running,AutomationPilot,0.654243,144.30418055678302,MissionCache,True,"","D:\Workspace\MM\FlightSim\FlightSimProject\Artifacts\FoundationSmoke\smoke-00001000\KTEX_EMERGENCY_RTB_01-00001000"
94.790000000011588,"smoke-00001000","KTEX_EMERGENCY_RTB_01-00001000","KTEX_EMERGENCY_RTB_01",1000,Batch,Running,AutomationPilot,0.6553907,144.35664100819784,MissionCache,True,"","D:\Workspace\MM\FlightSim\FlightSimProject\Artifacts\FoundationSmoke\smoke-00001000\KTEX_EMERGENCY_RTB_01-00001000"
94.99000000001169,"smoke-00001000","KTEX_EMERGENCY_RTB_01-00001000","KTEX_EMERGENCY_RTB_01",1000,Batch,Running,AutomationPilot,0.6565111,144.4149230683405,MissionCache,True,"","D:\Workspace\MM\FlightSim\FlightSimProject\Artifacts\FoundationSmoke\smoke-00001000\KTEX_EMERGENCY_RTB_01-00001000"
95.190000000011793,"smoke-00001000","KTEX_EMERGENCY_RTB_01-00001000","KTEX_EMERGENCY_RTB_01",1000,Batch,Running,AutomationPilot,0.6576447,144.47010673090151,MissionCache,True,"","D:\Workspace\MM\FlightSim\FlightSimProject\Artifacts\FoundationSmoke\smoke-00001000\KTEX_EMERGENCY_RTB_01-00001000"
95.3900000000119,"smoke-00001000","KTEX_EMERGENCY_RTB_01-00001000","KTEX_EMERGENCY_RTB_01",1000,Batch,Running,AutomationPilot,0.6589394,144.48976643377495,MissionCache,True,"","D:\Workspace\MM\FlightSim\FlightSimProject\Artifacts\FoundationSmoke\smoke-00001000\KTEX_EMERGENCY_RTB_01-00001000"
95.590000000012,"smoke-00001000","KTEX_EMERGENCY_RTB_01-00001000","KTEX_EMERGENCY_RTB_01",1000,Batch,Running,AutomationPilot,0.66007169999999993,144.54490322795525,MissionCache,True,"","D:\Workspace\MM\FlightSim\FlightSimProject\Artifacts\FoundationSmoke\smoke-00001000\KTEX_EMERGENCY_RTB_01-00001000"
95.7900000000121,"smoke-00001000","KTEX_EMERGENCY_RTB_01-00001000","KTEX_EMERGENCY_RTB_01",1000,Batch,Running,AutomationPilot,0.66123199999999993,144.5937280712549,MissionCache,True,"","D:\Workspace\MM\FlightSim\FlightSimProject\Artifacts\FoundationSmoke\smoke-00001000\KTEX_EMERGENCY_RTB_01-00001000"
95.9900000000122,"smoke-00001000","KTEX_EMERGENCY_RTB_01-00001000","KTEX_EMERGENCY_RTB_01",1000,Batch,Running,AutomationPilot,0.6623082,144.66074857598338,MissionCache,True,"","D:\Workspace\MM\FlightSim\FlightSimProject\Artifacts\FoundationSmoke\smoke-00001000\KTEX_EMERGENCY_RTB_01-00001000"
96.1900000000123,"smoke-00001000","KTEX_EMERGENCY_RTB_01-00001000","KTEX_EMERGENCY_RTB_01",1000,Batch,Running,AutomationPilot,0.6634353,144.71644785861142,MissionCache,True,"","D:\Workspace\MM\FlightSim\FlightSimProject\Artifacts\FoundationSmoke\smoke-00001000\KTEX_EMERGENCY_RTB_01-00001000"
96.3900000000124,"smoke-00001000","KTEX_EMERGENCY_RTB_01-00001000","KTEX_EMERGENCY_RTB_01",1000,Batch,Running,AutomationPilot,0.664523,144.78054183228016,MissionCache,True,"","D:\Workspace\MM\FlightSim\FlightSimProject\Artifacts\FoundationSmoke\smoke-00001000\KTEX_EMERGENCY_RTB_01-00001000"
96.590000000012509,"smoke-00001000","KTEX_EMERGENCY_RTB_01-00001000","KTEX_EMERGENCY_RTB_01",1000,Batch,Running,AutomationPilot,0.6656266,144.84096639168629,MissionCache,True,"","D:\Workspace\MM\FlightSim\FlightSimProject\Artifacts\FoundationSmoke\smoke-00001000\KTEX_EMERGENCY_RTB_01-00001000"
96.790000000012611,"smoke-00001000","KTEX_EMERGENCY_RTB_01-00001000","KTEX_EMERGENCY_RTB_01",1000,Batch,Running,AutomationPilot,0.6667384,144.89940882362936,MissionCache,True,"","D:\Workspace\MM\FlightSim\FlightSimProject\Artifacts\FoundationSmoke\smoke-00001000\KTEX_EMERGENCY_RTB_01-00001000"
96.990000000012714,"smoke-00001000","KTEX_EMERGENCY_RTB_01-00001000","KTEX_EMERGENCY_RTB_01",1000,Batch,Running,AutomationPilot,0.66785529999999993,144.95654971969623,MissionCache,True,"","D:\Workspace\MM\FlightSim\FlightSimProject\Artifacts\FoundationSmoke\smoke-00001000\KTEX_EMERGENCY_RTB_01-00001000"
97.190000000012816,"smoke-00001000","KTEX_EMERGENCY_RTB_01-00001000","KTEX_EMERGENCY_RTB_01",1000,Batch,Running,AutomationPilot,0.6696015,144.87721428343983,MissionCache,True,"","D:\Workspace\MM\FlightSim\FlightSimProject\Artifacts\FoundationSmoke\smoke-00001000\KTEX_EMERGENCY_RTB_01-00001000"
97.390000000012918,"smoke-00001000","KTEX_EMERGENCY_RTB_01-00001000","KTEX_EMERGENCY_RTB_01",1000,Batch,Running,AutomationPilot,0.6707117,144.93559602436162,MissionCache,True,"","D:\Workspace\MM\FlightSim\FlightSimProject\Artifacts\FoundationSmoke\smoke-00001000\KTEX_EMERGENCY_RTB_01-00001000"
97.590000000013021,"smoke-00001000","KTEX_EMERGENCY_RTB_01-00001000","KTEX_EMERGENCY_RTB_01",1000,Batch,Running,AutomationPilot,0.6718065,144.99710854243438,MissionCache,True,"","D:\Workspace\MM\FlightSim\FlightSimProject\Artifacts\FoundationSmoke\smoke-00001000\KTEX_EMERGENCY_RTB_01-00001000"
97.790000000013123,"smoke-00001000","KTEX_EMERGENCY_RTB_01-00001000","KTEX_EMERGENCY_RTB_01",1000,Batch,Running,AutomationPilot,0.6729246,145.05339825593094,MissionCache,True,"","D:\Workspace\MM\FlightSim\FlightSimProject\Artifacts\FoundationSmoke\smoke-00001000\KTEX_EMERGENCY_RTB_01-00001000"
97.990000000013225,"smoke-00001000","KTEX_EMERGENCY_RTB_01-00001000","KTEX_EMERGENCY_RTB_01",1000,Batch,Running,AutomationPilot,0.6741086,145.09531550259578,MissionCache,True,"","D:\Workspace\MM\FlightSim\FlightSimProject\Artifacts\FoundationSmoke\smoke-00001000\KTEX_EMERGENCY_RTB_01-00001000"
98.190000000013328,"smoke-00001000","KTEX_EMERGENCY_RTB_01-00001000","KTEX_EMERGENCY_RTB_01",1000,Batch,Running,AutomationPilot,0.67529569999999994,145.13641949743385,MissionCache,True,"","D:\Workspace\MM\FlightSim\FlightSimProject\Artifacts\FoundationSmoke\smoke-00001000\KTEX_EMERGENCY_RTB_01-00001000"
98.39000000001343,"smoke-00001000","KTEX_EMERGENCY_RTB_01-00001000","KTEX_EMERGENCY_RTB_01",1000,Batch,Running,AutomationPilot,0.6764112,145.19274666063089,MissionCache,True,"","D:\Workspace\MM\FlightSim\FlightSimProject\Artifacts\FoundationSmoke\smoke-00001000\KTEX_EMERGENCY_RTB_01-00001000"
98.590000000013532,"smoke-00001000","KTEX_EMERGENCY_RTB_01-00001000","KTEX_EMERGENCY_RTB_01",1000,Batch,Running,AutomationPilot,0.6775392,145.24620863267165,MissionCache,True,"","D:\Workspace\MM\FlightSim\FlightSimProject\Artifacts\FoundationSmoke\smoke-00001000\KTEX_EMERGENCY_RTB_01-00001000"
98.790000000013634,"smoke-00001000","KTEX_EMERGENCY_RTB_01-00001000","KTEX_EMERGENCY_RTB_01",1000,Batch,Running,AutomationPilot,0.6786857,145.29553223239202,MissionCache,True,"","D:\Workspace\MM\FlightSim\FlightSimProject\Artifacts\FoundationSmoke\smoke-00001000\KTEX_EMERGENCY_RTB_01-00001000"
98.990000000013737,"smoke-00001000","KTEX_EMERGENCY_RTB_01-00001000","KTEX_EMERGENCY_RTB_01",1000,Batch,Running,AutomationPilot,0.6798352,145.3440480869682,MissionCache,True,"","D:\Workspace\MM\FlightSim\FlightSimProject\Artifacts\FoundationSmoke\smoke-00001000\KTEX_EMERGENCY_RTB_01-00001000"
99.190000000013839,"smoke-00001000","KTEX_EMERGENCY_RTB_01-00001000","KTEX_EMERGENCY_RTB_01",1000,Batch,Running,AutomationPilot,0.68096649999999992,145.39628601408992,MissionCache,True,"","D:\Workspace\MM\FlightSim\FlightSimProject\Artifacts\FoundationSmoke\smoke-00001000\KTEX_EMERGENCY_RTB_01-00001000"
99.390000000013941,"smoke-00001000","KTEX_EMERGENCY_RTB_01-00001000","KTEX_EMERGENCY_RTB_01",1000,Batch,Running,AutomationPilot,0.68209769999999992,145.44837198544118,MissionCache,True,"","D:\Workspace\MM\FlightSim\FlightSimProject\Artifacts\FoundationSmoke\smoke-00001000\KTEX_EMERGENCY_RTB_01-00001000"
99.590000000014044,"smoke-00001000","KTEX_EMERGENCY_RTB_01-00001000","KTEX_EMERGENCY_RTB_01",1000,Batch,Running,AutomationPilot,0.68339189999999994,145.46558131580716,MissionCache,True,"","D:\Workspace\MM\FlightSim\FlightSimProject\Artifacts\FoundationSmoke\smoke-00001000\KTEX_EMERGENCY_RTB_01-00001000"
99.790000000014146,"smoke-00001000","KTEX_EMERGENCY_RTB_01-00001000","KTEX_EMERGENCY_RTB_01",1000,Batch,Running,AutomationPilot,0.6845363,145.51456219343527,MissionCache,True,"","D:\Workspace\MM\FlightSim\FlightSimProject\Artifacts\FoundationSmoke\smoke-00001000\KTEX_EMERGENCY_RTB_01-00001000"
99.990000000014248,"smoke-00001000","KTEX_EMERGENCY_RTB_01-00001000","KTEX_EMERGENCY_RTB_01",1000,Batch,Running,AutomationPilot,0.6856521,145.5694513296381,MissionCache,True,"","D:\Workspace\MM\FlightSim\FlightSimProject\Artifacts\FoundationSmoke\smoke-00001000\KTEX_EMERGENCY_RTB_01-00001000"
100.19000000001435,"smoke-00001000","KTEX_EMERGENCY_RTB_01-00001000","KTEX_EMERGENCY_RTB_01",1000,Batch,Running,AutomationPilot,0.68677349999999993,145.62297467798956,MissionCache,True,"","D:\Workspace\MM\FlightSim\FlightSimProject\Artifacts\FoundationSmoke\smoke-00001000\KTEX_EMERGENCY_RTB_01-00001000"
100.39000000001445,"smoke-00001000","KTEX_EMERGENCY_RTB_01-00001000","KTEX_EMERGENCY_RTB_01",1000,Batch,Running,AutomationPilot,0.68788169999999993,145.67911895317809,MissionCache,True,"","D:\Workspace\MM\FlightSim\FlightSimProject\Artifacts\FoundationSmoke\smoke-00001000\KTEX_EMERGENCY_RTB_01-00001000"
100.59000000001456,"smoke-00001000","KTEX_EMERGENCY_RTB_01-00001000","KTEX_EMERGENCY_RTB_01",1000,Batch,Running,AutomationPilot,0.6889848,145.73616137832718,MissionCache,True,"","D:\Workspace\MM\FlightSim\FlightSimProject\Artifacts\FoundationSmoke\smoke-00001000\KTEX_EMERGENCY_RTB_01-00001000"
100.79000000001466,"smoke-00001000","KTEX_EMERGENCY_RTB_01-00001000","KTEX_EMERGENCY_RTB_01",1000,Batch,Running,AutomationPilot,0.6902015,145.76902542230721,MissionCache,True,"","D:\Workspace\MM\FlightSim\FlightSimProject\Artifacts\FoundationSmoke\smoke-00001000\KTEX_EMERGENCY_RTB_01-00001000"
100.99000000001476,"smoke-00001000","KTEX_EMERGENCY_RTB_01-00001000","KTEX_EMERGENCY_RTB_01",1000,Batch,Running,AutomationPilot,0.6913342,145.81948932949456,MissionCache,True,"","D:\Workspace\MM\FlightSim\FlightSimProject\Artifacts\FoundationSmoke\smoke-00001000\KTEX_EMERGENCY_RTB_01-00001000"
101.19000000001486,"smoke-00001000","KTEX_EMERGENCY_RTB_01-00001000","KTEX_EMERGENCY_RTB_01",1000,Batch,Running,AutomationPilot,0.69245499999999993,145.87229495059574,MissionCache,True,"","D:\Workspace\MM\FlightSim\FlightSimProject\Artifacts\FoundationSmoke\smoke-00001000\KTEX_EMERGENCY_RTB_01-00001000"
101.39000000001496,"smoke-00001000","KTEX_EMERGENCY_RTB_01-00001000","KTEX_EMERGENCY_RTB_01",1000,Batch,Running,AutomationPilot,0.6942392,145.78548719233208,MissionCache,True,"","D:\Workspace\MM\FlightSim\FlightSimProject\Artifacts\FoundationSmoke\smoke-00001000\KTEX_EMERGENCY_RTB_01-00001000"
101.59000000001507,"smoke-00001000","KTEX_EMERGENCY_RTB_01-00001000","KTEX_EMERGENCY_RTB_01",1000,Batch,Running,AutomationPilot,0.6953368,145.8429929208622,MissionCache,True,"","D:\Workspace\MM\FlightSim\FlightSimProject\Artifacts\FoundationSmoke\smoke-00001000\KTEX_EMERGENCY_RTB_01-00001000"
101.79000000001517,"smoke-00001000","KTEX_EMERGENCY_RTB_01-00001000","KTEX_EMERGENCY_RTB_01",1000,Batch,Running,AutomationPilot,0.6964756,145.891686657817,MissionCache,True,"","D:\Workspace\MM\FlightSim\FlightSimProject\Artifacts\FoundationSmoke\smoke-00001000\KTEX_EMERGENCY_RTB_01-00001000"
101.99000000001527,"smoke-00001000","KTEX_EMERGENCY_RTB_01-00001000","KTEX_EMERGENCY_RTB_01",1000,Batch,Running,AutomationPilot,0.6976157,145.93994945930143,MissionCache,True,"","D:\Workspace\MM\FlightSim\FlightSimProject\Artifacts\FoundationSmoke\smoke-00001000\KTEX_EMERGENCY_RTB_01-00001000"
102.19000000001537,"smoke-00001000","KTEX_EMERGENCY_RTB_01-00001000","KTEX_EMERGENCY_RTB_01",1000,Batch,Running,AutomationPilot,0.6987334,145.99273485425957,MissionCache,True,"","D:\Workspace\MM\FlightSim\FlightSimProject\Artifacts\FoundationSmoke\smoke-00001000\KTEX_EMERGENCY_RTB_01-00001000"
102.39000000001548,"smoke-00001000","KTEX_EMERGENCY_RTB_01-00001000","KTEX_EMERGENCY_RTB_01",1000,Batch,Running,AutomationPilot,0.6998356,146.04858626799691,MissionCache,True,"","D:\Workspace\MM\FlightSim\FlightSimProject\Artifacts\FoundationSmoke\smoke-00001000\KTEX_EMERGENCY_RTB_01-00001000"
102.59000000001558,"smoke-00001000","KTEX_EMERGENCY_RTB_01-00001000","KTEX_EMERGENCY_RTB_01",1000,Batch,Running,AutomationPilot,0.70094269999999992,146.10324067861112,MissionCache,True,"","D:\Workspace\MM\FlightSim\FlightSimProject\Artifacts\FoundationSmoke\smoke-00001000\KTEX_EMERGENCY_RTB_01-00001000"
102.79000000001568,"smoke-00001000","KTEX_EMERGENCY_RTB_01-00001000","KTEX_EMERGENCY_RTB_01",1000,Batch,Running,AutomationPilot,0.70205299999999993,146.15705651854717,MissionCache,True,"","D:\Workspace\MM\FlightSim\FlightSimProject\Artifacts\FoundationSmoke\smoke-00001000\KTEX_EMERGENCY_RTB_01-00001000"
102.99000000001578,"smoke-00001000","KTEX_EMERGENCY_RTB_01-00001000","KTEX_EMERGENCY_RTB_01",1000,Batch,Running,AutomationPilot,0.7033011,146.18205488376984,MissionCache,True,"","D:\Workspace\MM\FlightSim\FlightSimProject\Artifacts\FoundationSmoke\smoke-00001000\KTEX_EMERGENCY_RTB_01-00001000"
103.19000000001589,"smoke-00001000","KTEX_EMERGENCY_RTB_01-00001000","KTEX_EMERGENCY_RTB_01",1000,Batch,Running,AutomationPilot,0.7044368,146.23029347702419,MissionCache,True,"","D:\Workspace\MM\FlightSim\FlightSimProject\Artifacts\FoundationSmoke\smoke-00001000\KTEX_EMERGENCY_RTB_01-00001000"
103.39000000001599,"smoke-00001000","KTEX_EMERGENCY_RTB_01-00001000","KTEX_EMERGENCY_RTB_01",1000,Batch,Running,AutomationPilot,0.70562269999999994,146.26797012059831,MissionCache,True,"","D:\Workspace\MM\FlightSim\FlightSimProject\Artifacts\FoundationSmoke\smoke-00001000\KTEX_EMERGENCY_RTB_01-00001000"
103.59000000001609,"smoke-00001000","KTEX_EMERGENCY_RTB_01-00001000","KTEX_EMERGENCY_RTB_01",1000,Batch,Running,AutomationPilot,0.7067367,146.32040475613618,MissionCache,True,"","D:\Workspace\MM\FlightSim\FlightSimProject\Artifacts\FoundationSmoke\smoke-00001000\KTEX_EMERGENCY_RTB_01-00001000"
103.79000000001619,"smoke-00001000","KTEX_EMERGENCY_RTB_01-00001000","KTEX_EMERGENCY_RTB_01",1000,Batch,Running,AutomationPilot,0.7078561,146.37155772199478,MissionCache,True,"","D:\Workspace\MM\FlightSim\FlightSimProject\Artifacts\FoundationSmoke\smoke-00001000\KTEX_EMERGENCY_RTB_01-00001000"
103.99000000001629,"smoke-00001000","KTEX_EMERGENCY_RTB_01-00001000","KTEX_EMERGENCY_RTB_01",1000,Batch,Running,AutomationPilot,0.7089904,146.41947197030623,MissionCache,True,"","D:\Workspace\MM\FlightSim\FlightSimProject\Artifacts\FoundationSmoke\smoke-00001000\KTEX_EMERGENCY_RTB_01-00001000"
104.1900000000164,"smoke-00001000","KTEX_EMERGENCY_RTB_01-00001000","KTEX_EMERGENCY_RTB_01",1000,Batch,Running,AutomationPilot,0.7101081,146.47065707322068,MissionCache,True,"","D:\Workspace\MM\FlightSim\FlightSimProject\Artifacts\FoundationSmoke\smoke-00001000\KTEX_EMERGENCY_RTB_01-00001000"
104.3900000000165,"smoke-00001000","KTEX_EMERGENCY_RTB_01-00001000","KTEX_EMERGENCY_RTB_01",1000,Batch,Running,AutomationPilot,0.7112177,146.52335002351097,MissionCache,True,"","D:\Workspace\MM\FlightSim\FlightSimProject\Artifacts\FoundationSmoke\smoke-00001000\KTEX_EMERGENCY_RTB_01-00001000"
104.5900000000166,"smoke-00001000","KTEX_EMERGENCY_RTB_01-00001000","KTEX_EMERGENCY_RTB_01",1000,Batch,Running,AutomationPilot,0.71232639999999992,146.5760640066359,MissionCache,True,"","D:\Workspace\MM\FlightSim\FlightSimProject\Artifacts\FoundationSmoke\smoke-00001000\KTEX_EMERGENCY_RTB_01-00001000"
104.7900000000167,"smoke-00001000","KTEX_EMERGENCY_RTB_01-00001000","KTEX_EMERGENCY_RTB_01",1000,Batch,Running,AutomationPilot,0.7134401,146.62758653461813,MissionCache,True,"","D:\Workspace\MM\FlightSim\FlightSimProject\Artifacts\FoundationSmoke\smoke-00001000\KTEX_EMERGENCY_RTB_01-00001000"
104.99000000001681,"smoke-00001000","KTEX_EMERGENCY_RTB_01-00001000","KTEX_EMERGENCY_RTB_01",1000,Batch,Running,AutomationPilot,0.7145505,146.67962586271611,MissionCache,True,"","D:\Workspace\MM\FlightSim\FlightSimProject\Artifacts\FoundationSmoke\smoke-00001000\KTEX_EMERGENCY_RTB_01-00001000"
105.19000000001691,"smoke-00001000","KTEX_EMERGENCY_RTB_01-00001000","KTEX_EMERGENCY_RTB_01",1000,Batch,Running,AutomationPilot,0.7157279,146.7177680233184,MissionCache,True,"","D:\Workspace\MM\FlightSim\FlightSimProject\Artifacts\FoundationSmoke\smoke-00001000\KTEX_EMERGENCY_RTB_01-00001000"
105.39000000001701,"smoke-00001000","KTEX_EMERGENCY_RTB_01-00001000","KTEX_EMERGENCY_RTB_01",1000,Batch,Running,AutomationPilot,0.7168955,146.75779105883203,MissionCache,True,"","D:\Workspace\MM\FlightSim\FlightSimProject\Artifacts\FoundationSmoke\smoke-00001000\KTEX_EMERGENCY_RTB_01-00001000"
105.59000000001711,"smoke-00001000","KTEX_EMERGENCY_RTB_01-00001000","KTEX_EMERGENCY_RTB_01",1000,Batch,Running,AutomationPilot,0.7186522,146.67734962756256,MissionCache,True,"","D:\Workspace\MM\FlightSim\FlightSimProject\Artifacts\FoundationSmoke\smoke-00001000\KTEX_EMERGENCY_RTB_01-00001000"
105.79000000001722,"smoke-00001000","KTEX_EMERGENCY_RTB_01-00001000","KTEX_EMERGENCY_RTB_01",1000,Batch,Running,AutomationPilot,0.7197654,146.72836454769447,MissionCache,True,"","D:\Workspace\MM\FlightSim\FlightSimProject\Artifacts\FoundationSmoke\smoke-00001000\KTEX_EMERGENCY_RTB_01-00001000"
105.99000000001732,"smoke-00001000","KTEX_EMERGENCY_RTB_01-00001000","KTEX_EMERGENCY_RTB_01",1000,Batch,Running,AutomationPilot,0.7209032,146.77421323697445,MissionCache,True,"","D:\Workspace\MM\FlightSim\FlightSimProject\Artifacts\FoundationSmoke\smoke-00001000\KTEX_EMERGENCY_RTB_01-00001000"
106.19000000001742,"smoke-00001000","KTEX_EMERGENCY_RTB_01-00001000","KTEX_EMERGENCY_RTB_01",1000,Batch,Running,AutomationPilot,0.7220329,146.82156450214018,MissionCache,True,"","D:\Workspace\MM\FlightSim\FlightSimProject\Artifacts\FoundationSmoke\smoke-00001000\KTEX_EMERGENCY_RTB_01-00001000"
106.39000000001752,"smoke-00001000","KTEX_EMERGENCY_RTB_01-00001000","KTEX_EMERGENCY_RTB_01",1000,Batch,Running,AutomationPilot,0.7231541,146.87049413121966,MissionCache,True,"","D:\Workspace\MM\FlightSim\FlightSimProject\Artifacts\FoundationSmoke\smoke-00001000\KTEX_EMERGENCY_RTB_01-00001000"
106.59000000001762,"smoke-00001000","KTEX_EMERGENCY_RTB_01-00001000","KTEX_EMERGENCY_RTB_01",1000,Batch,Running,AutomationPilot,0.7243006,146.91414034451654,MissionCache,True,"","D:\Workspace\MM\FlightSim\FlightSimProject\Artifacts\FoundationSmoke\smoke-00001000\KTEX_EMERGENCY_RTB_01-00001000"
106.79000000001773,"smoke-00001000","KTEX_EMERGENCY_RTB_01-00001000","KTEX_EMERGENCY_RTB_01",1000,Batch,Running,AutomationPilot,0.7254319,146.96072780920943,MissionCache,True,"","D:\Workspace\MM\FlightSim\FlightSimProject\Artifacts\FoundationSmoke\smoke-00001000\KTEX_EMERGENCY_RTB_01-00001000"
106.99000000001783,"smoke-00001000","KTEX_EMERGENCY_RTB_01-00001000","KTEX_EMERGENCY_RTB_01",1000,Batch,Running,AutomationPilot,0.72654889999999994,147.01006360345153,MissionCache,True,"","D:\Workspace\MM\FlightSim\FlightSimProject\Artifacts\FoundationSmoke\smoke-00001000\KTEX_EMERGENCY_RTB_01-00001000"
107.19000000001793,"smoke-00001000","KTEX_EMERGENCY_RTB_01-00001000","KTEX_EMERGENCY_RTB_01",1000,Batch,Running,AutomationPilot,0.7276695,147.05852038599645,MissionCache,True,"","D:\Workspace\MM\FlightSim\FlightSimProject\Artifacts\FoundationSmoke\smoke-00001000\KTEX_EMERGENCY_RTB_01-00001000"
107.39000000001803,"smoke-00001000","KTEX_EMERGENCY_RTB_01-00001000","KTEX_EMERGENCY_RTB_01",1000,Batch,Running,AutomationPilot,0.7287812,147.10862464621471,MissionCache,True,"","D:\Workspace\MM\FlightSim\FlightSimProject\Artifacts\FoundationSmoke\smoke-00001000\KTEX_EMERGENCY_RTB_01-00001000"
107.59000000001814,"smoke-00001000","KTEX_EMERGENCY_RTB_01-00001000","KTEX_EMERGENCY_RTB_01",1000,Batch,Running,AutomationPilot,0.7299003,147.1570843305833,MissionCache,True,"","D:\Workspace\MM\FlightSim\FlightSimProject\Artifacts\FoundationSmoke\smoke-00001000\KTEX_EMERGENCY_RTB_01-00001000"
107.79000000001824,"smoke-00001000","KTEX_EMERGENCY_RTB_01-00001000","KTEX_EMERGENCY_RTB_01",1000,Batch,Running,AutomationPilot,0.7310071,147.20787253642015,MissionCache,True,"","D:\Workspace\MM\FlightSim\FlightSimProject\Artifacts\FoundationSmoke\smoke-00001000\KTEX_EMERGENCY_RTB_01-00001000"
107.99000000001834,"smoke-00001000","KTEX_EMERGENCY_RTB_01-00001000","KTEX_EMERGENCY_RTB_01",1000,Batch,Running,AutomationPilot,0.7321188,147.25752159351495,MissionCache,True,"","D:\Workspace\MM\FlightSim\FlightSimProject\Artifacts\FoundationSmoke\smoke-00001000\KTEX_EMERGENCY_RTB_01-00001000"
108.19000000001844,"smoke-00001000","KTEX_EMERGENCY_RTB_01-00001000","KTEX_EMERGENCY_RTB_01",1000,Batch,Running,AutomationPilot,0.7333906,147.27486280846571,MissionCache,True,"","D:\Workspace\MM\FlightSim\FlightSimProject\Artifacts\FoundationSmoke\smoke-00001000\KTEX_EMERGENCY_RTB_01-00001000"
108.39000000001855,"smoke-00001000","KTEX_EMERGENCY_RTB_01-00001000","KTEX_EMERGENCY_RTB_01",1000,Batch,Running,AutomationPilot,0.7345408,147.3165275502987,MissionCache,True,"","D:\Workspace\MM\FlightSim\FlightSimProject\Artifacts\FoundationSmoke\smoke-00001000\KTEX_EMERGENCY_RTB_01-00001000"
108.59000000001865,"smoke-00001000","KTEX_EMERGENCY_RTB_01-00001000","KTEX_EMERGENCY_RTB_01",1000,Batch,Running,AutomationPilot,0.7356551,147.3652530921332,MissionCache,True,"","D:\Workspace\MM\FlightSim\FlightSimProject\Artifacts\FoundationSmoke\smoke-00001000\KTEX_EMERGENCY_RTB_01-00001000"
108.79000000001875,"smoke-00001000","KTEX_EMERGENCY_RTB_01-00001000","KTEX_EMERGENCY_RTB_01",1000,Batch,Running,AutomationPilot,0.7368131,147.40508821031909,MissionCache,True,"","D:\Workspace\MM\FlightSim\FlightSimProject\Artifacts\FoundationSmoke\smoke-00001000\KTEX_EMERGENCY_RTB_01-00001000"
108.99000000001885,"smoke-00001000","KTEX_EMERGENCY_RTB_01-00001000","KTEX_EMERGENCY_RTB_01",1000,Batch,Running,AutomationPilot,0.7379511,147.44879437135978,MissionCache,True,"","D:\Workspace\MM\FlightSim\FlightSimProject\Artifacts\FoundationSmoke\smoke-00001000\KTEX_EMERGENCY_RTB_01-00001000"
109.19000000001896,"smoke-00001000","KTEX_EMERGENCY_RTB_01-00001000","KTEX_EMERGENCY_RTB_01",1000,Batch,Running,AutomationPilot,0.7390719,147.49579844669898,MissionCache,True,"","D:\Workspace\MM\FlightSim\FlightSimProject\Artifacts\FoundationSmoke\smoke-00001000\KTEX_EMERGENCY_RTB_01-00001000"
109.39000000001906,"smoke-00001000","KTEX_EMERGENCY_RTB_01-00001000","KTEX_EMERGENCY_RTB_01",1000,Batch,Running,AutomationPilot,0.7401939,147.54242097917717,MissionCache,True,"","D:\Workspace\MM\FlightSim\FlightSimProject\Artifacts\FoundationSmoke\smoke-00001000\KTEX_EMERGENCY_RTB_01-00001000"
109.59000000001916,"smoke-00001000","KTEX_EMERGENCY_RTB_01-00001000","KTEX_EMERGENCY_RTB_01",1000,Batch,Running,AutomationPilot,0.7413147,147.58914129184146,MissionCache,True,"","D:\Workspace\MM\FlightSim\FlightSimProject\Artifacts\FoundationSmoke\smoke-00001000\KTEX_EMERGENCY_RTB_01-00001000"
109.79000000001926,"smoke-00001000","KTEX_EMERGENCY_RTB_01-00001000","KTEX_EMERGENCY_RTB_01",1000,Batch,Running,AutomationPilot,0.7434602,147.43223645330195,MissionCache,True,"","D:\Workspace\MM\FlightSim\FlightSimProject\Artifacts\FoundationSmoke\smoke-00001000\KTEX_EMERGENCY_RTB_01-00001000"
109.99000000001936,"smoke-00001000","KTEX_EMERGENCY_RTB_01-00001000","KTEX_EMERGENCY_RTB_01",1000,Batch,Running,AutomationPilot,0.74462659999999992,147.46988624905327,MissionCache,True,"","D:\Workspace\MM\FlightSim\FlightSimProject\Artifacts\FoundationSmoke\smoke-00001000\KTEX_EMERGENCY_RTB_01-00001000"
110.19000000001947,"smoke-00001000","KTEX_EMERGENCY_RTB_01-00001000","KTEX_EMERGENCY_RTB_01",1000,Batch,Running,AutomationPilot,0.74575249999999993,147.515429046526,MissionCache,True,"","D:\Workspace\MM\FlightSim\FlightSimProject\Artifacts\FoundationSmoke\smoke-00001000\KTEX_EMERGENCY_RTB_01-00001000"
110.39000000001957,"smoke-00001000","KTEX_EMERGENCY_RTB_01-00001000","KTEX_EMERGENCY_RTB_01",1000,Batch,Running,AutomationPilot,0.7468728,147.5619409356178,MissionCache,True,"","D:\Workspace\MM\FlightSim\FlightSimProject\Artifacts\FoundationSmoke\smoke-00001000\KTEX_EMERGENCY_RTB_01-00001000"
110.59000000001967,"smoke-00001000","KTEX_EMERGENCY_RTB_01-00001000","KTEX_EMERGENCY_RTB_01",1000,Batch,Running,AutomationPilot,0.74799129999999991,147.60866871047776,MissionCache,True,"","D:\Workspace\MM\FlightSim\FlightSimProject\Artifacts\FoundationSmoke\smoke-00001000\KTEX_EMERGENCY_RTB_01-00001000"
110.79000000001977,"smoke-00001000","KTEX_EMERGENCY_RTB_01-00001000","KTEX_EMERGENCY_RTB_01",1000,Batch,Running,AutomationPilot,0.7491051,147.65618335800903,MissionCache,True,"","D:\Workspace\MM\FlightSim\FlightSimProject\Artifacts\FoundationSmoke\smoke-00001000\KTEX_EMERGENCY_RTB_01-00001000"
110.99000000001988,"smoke-00001000","KTEX_EMERGENCY_RTB_01-00001000","KTEX_EMERGENCY_RTB_01",1000,Batch,Running,AutomationPilot,0.7502223,147.70288753082892,MissionCache,True,"","D:\Workspace\MM\FlightSim\FlightSimProject\Artifacts\FoundationSmoke\smoke-00001000\KTEX_EMERGENCY_RTB_01-00001000"
111.19000000001998,"smoke-00001000","KTEX_EMERGENCY_RTB_01-00001000","KTEX_EMERGENCY_RTB_01",1000,Batch,Running,AutomationPilot,0.75135829999999992,147.74575591967226,MissionCache,True,"","D:\Workspace\MM\FlightSim\FlightSimProject\Artifacts\FoundationSmoke\smoke-00001000\KTEX_EMERGENCY_RTB_01-00001000"
111.39000000002008,"smoke-00001000","KTEX_EMERGENCY_RTB_01-00001000","KTEX_EMERGENCY_RTB_01",1000,Batch,Running,AutomationPilot,0.75274259999999993,147.73974529941577,MissionCache,True,"","D:\Workspace\MM\FlightSim\FlightSimProject\Artifacts\FoundationSmoke\smoke-00001000\KTEX_EMERGENCY_RTB_01-00001000"
111.59000000002018,"smoke-00001000","KTEX_EMERGENCY_RTB_01-00001000","KTEX_EMERGENCY_RTB_01",1000,Batch,Running,AutomationPilot,0.7538796,147.78221880525763,MissionCache,True,"","D:\Workspace\MM\FlightSim\FlightSimProject\Artifacts\FoundationSmoke\smoke-00001000\KTEX_EMERGENCY_RTB_01-00001000"
111.79000000002029,"smoke-00001000","KTEX_EMERGENCY_RTB_01-00001000","KTEX_EMERGENCY_RTB_01",1000,Batch,Running,AutomationPilot,0.7549961,147.82857818738427,MissionCache,True,"","D:\Workspace\MM\FlightSim\FlightSimProject\Artifacts\FoundationSmoke\smoke-00001000\KTEX_EMERGENCY_RTB_01-00001000"
111.99000000002039,"smoke-00001000","KTEX_EMERGENCY_RTB_01-00001000","KTEX_EMERGENCY_RTB_01",1000,Batch,Running,AutomationPilot,0.7561104,147.87523091868636,MissionCache,True,"","D:\Workspace\MM\FlightSim\FlightSimProject\Artifacts\FoundationSmoke\smoke-00001000\KTEX_EMERGENCY_RTB_01-00001000"
112.19000000002049,"smoke-00001000","KTEX_EMERGENCY_RTB_01-00001000","KTEX_EMERGENCY_RTB_01",1000,Batch,Running,AutomationPilot,0.7572331,147.92010544708148,MissionCache,True,"","D:\Workspace\MM\FlightSim\FlightSimProject\Artifacts\FoundationSmoke\smoke-00001000\KTEX_EMERGENCY_RTB_01-00001000"
112.39000000002059,"smoke-00001000","KTEX_EMERGENCY_RTB_01-00001000","KTEX_EMERGENCY_RTB_01",1000,Batch,Running,AutomationPilot,0.75834309999999994,147.96732508019196,MissionCache,True,"","D:\Workspace\MM\FlightSim\FlightSimProject\Artifacts\FoundationSmoke\smoke-00001000\KTEX_EMERGENCY_RTB_01-00001000"
112.59000000002069,"smoke-00001000","KTEX_EMERGENCY_RTB_01-00001000","KTEX_EMERGENCY_RTB_01",1000,Batch,Running,AutomationPilot,0.7594577,148.01351016655781,MissionCache,True,"","D:\Workspace\MM\FlightSim\FlightSimProject\Artifacts\FoundationSmoke\smoke-00001000\KTEX_EMERGENCY_RTB_01-00001000"
112.7900000000208,"smoke-00001000","KTEX_EMERGENCY_RTB_01-00001000","KTEX_EMERGENCY_RTB_01",1000,Batch,Running,AutomationPilot,0.76056879999999993,148.06024123001194,MissionCache,True,"","D:\Workspace\MM\FlightSim\FlightSimProject\Artifacts\FoundationSmoke\smoke-00001000\KTEX_EMERGENCY_RTB_01-00001000"
112.9900000000209,"smoke-00001000","KTEX_EMERGENCY_RTB_01-00001000","KTEX_EMERGENCY_RTB_01",1000,Batch,Running,AutomationPilot,0.7616841,148.10601928019872,MissionCache,True,"","D:\Workspace\MM\FlightSim\FlightSimProject\Artifacts\FoundationSmoke\smoke-00001000\KTEX_EMERGENCY_RTB_01-00001000"
113.190000000021,"smoke-00001000","KTEX_EMERGENCY_RTB_01-00001000","KTEX_EMERGENCY_RTB_01",1000,Batch,Running,AutomationPilot,0.76282129999999992,148.14741014706973,MissionCache,True,"","D:\Workspace\MM\FlightSim\FlightSimProject\Artifacts\FoundationSmoke\smoke-00001000\KTEX_EMERGENCY_RTB_01-00001000"
113.3900000000211,"smoke-00001000","KTEX_EMERGENCY_RTB_01-00001000","KTEX_EMERGENCY_RTB_01",1000,Batch,Running,AutomationPilot,0.7639509,148.19015201110571,MissionCache,True,"","D:\Workspace\MM\FlightSim\FlightSimProject\Artifacts\FoundationSmoke\smoke-00001000\KTEX_EMERGENCY_RTB_01-00001000"
113.59000000002121,"smoke-00001000","KTEX_EMERGENCY_RTB_01-00001000","KTEX_EMERGENCY_RTB_01",1000,Batch,Running,AutomationPilot,0.7650674,148.2353058044574,MissionCache,True,"","D:\Workspace\MM\FlightSim\FlightSimProject\Artifacts\FoundationSmoke\smoke-00001000\KTEX_EMERGENCY_RTB_01-00001000"
113.79000000002131,"smoke-00001000","KTEX_EMERGENCY_RTB_01-00001000","KTEX_EMERGENCY_RTB_01",1000,Batch,Running,AutomationPilot,0.7661717,148.28268911527431,MissionCache,True,"","D:\Workspace\MM\FlightSim\FlightSimProject\Artifacts\FoundationSmoke\smoke-00001000\KTEX_EMERGENCY_RTB_01-00001000"
113.99000000002141,"smoke-00001000","KTEX_EMERGENCY_RTB_01-00001000","KTEX_EMERGENCY_RTB_01",1000,Batch,Running,AutomationPilot,0.768084,148.17389764663932,MissionCache,True,"","D:\Workspace\MM\FlightSim\FlightSimProject\Artifacts\FoundationSmoke\smoke-00001000\KTEX_EMERGENCY_RTB_01-00001000"
114.19000000002151,"smoke-00001000","KTEX_EMERGENCY_RTB_01-00001000","KTEX_EMERGENCY_RTB_01",1000,Batch,Running,AutomationPilot,0.76924059999999994,148.21110586209494,MissionCache,True,"","D:\Workspace\MM\FlightSim\FlightSimProject\Artifacts\FoundationSmoke\smoke-00001000\KTEX_EMERGENCY_RTB_01-00001000"
114.39000000002162,"smoke-00001000","KTEX_EMERGENCY_RTB_01-00001000","KTEX_EMERGENCY_RTB_01",1000,Batch,Running,AutomationPilot,0.7703548,148.25636187380351,MissionCache,True,"","D:\Workspace\MM\FlightSim\FlightSimProject\Artifacts\FoundationSmoke\smoke-00001000\KTEX_EMERGENCY_RTB_01-00001000"
114.59000000002172,"smoke-00001000","KTEX_EMERGENCY_RTB_01-00001000","KTEX_EMERGENCY_RTB_01",1000,Batch,Running,AutomationPilot,0.7715719,148.28170906693418,MissionCache,True,"","D:\Workspace\MM\FlightSim\FlightSimProject\Artifacts\FoundationSmoke\smoke-00001000\KTEX_EMERGENCY_RTB_01-00001000"
114.79000000002182,"smoke-00001000","KTEX_EMERGENCY_RTB_01-00001000","KTEX_EMERGENCY_RTB_01",1000,Batch,Running,AutomationPilot,0.77269389999999993,148.32522943434876,MissionCache,True,"","D:\Workspace\MM\FlightSim\FlightSimProject\Artifacts\FoundationSmoke\smoke-00001000\KTEX_EMERGENCY_RTB_01-00001000"
114.99000000002192,"smoke-00001000","KTEX_EMERGENCY_RTB_01-00001000","KTEX_EMERGENCY_RTB_01",1000,Batch,Running,AutomationPilot,0.7738166,148.36848938110379,MissionCache,True,"","D:\Workspace\MM\FlightSim\FlightSimProject\Artifacts\FoundationSmoke\smoke-00001000\KTEX_EMERGENCY_RTB_01-00001000"
115.19000000002202,"smoke-00001000","KTEX_EMERGENCY_RTB_01-00001000","KTEX_EMERGENCY_RTB_01",1000,Batch,Running,AutomationPilot,0.7749562,148.40838746760389,MissionCache,True,"","D:\Workspace\MM\FlightSim\FlightSimProject\Artifacts\FoundationSmoke\smoke-00001000\KTEX_EMERGENCY_RTB_01-00001000"
115.39000000002213,"smoke-00001000","KTEX_EMERGENCY_RTB_01-00001000","KTEX_EMERGENCY_RTB_01",1000,Batch,Running,AutomationPilot,0.7760686,148.4533712612803,MissionCache,True,"","D:\Workspace\MM\FlightSim\FlightSimProject\Artifacts\FoundationSmoke\smoke-00001000\KTEX_EMERGENCY_RTB_01-00001000"
115.59000000002223,"smoke-00001000","KTEX_EMERGENCY_RTB_01-00001000","KTEX_EMERGENCY_RTB_01",1000,Batch,Running,AutomationPilot,0.7771889,148.496716821383,MissionCache,True,"","D:\Workspace\MM\FlightSim\FlightSimProject\Artifacts\FoundationSmoke\smoke-00001000\KTEX_EMERGENCY_RTB_01-00001000"
115.79000000002233,"smoke-00001000","KTEX_EMERGENCY_RTB_01-00001000","KTEX_EMERGENCY_RTB_01",1000,Batch,Running,AutomationPilot,0.77830539999999993,148.54066282981236,MissionCache,True,"","D:\Workspace\MM\FlightSim\FlightSimProject\Artifacts\FoundationSmoke\smoke-00001000\KTEX_EMERGENCY_RTB_01-00001000"
115.99000000002243,"smoke-00001000","KTEX_EMERGENCY_RTB_01-00001000","KTEX_EMERGENCY_RTB_01",1000,Batch,Running,AutomationPilot,0.7794493,148.57925974148972,MissionCache,True,"","D:\Workspace\MM\FlightSim\FlightSimProject\Artifacts\FoundationSmoke\smoke-00001000\KTEX_EMERGENCY_RTB_01-00001000"
116.19000000002254,"smoke-00001000","KTEX_EMERGENCY_RTB_01-00001000","KTEX_EMERGENCY_RTB_01",1000,Batch,Running,AutomationPilot,0.7805957,148.617267556076,MissionCache,True,"","D:\Workspace\MM\FlightSim\FlightSimProject\Artifacts\FoundationSmoke\smoke-00001000\KTEX_EMERGENCY_RTB_01-00001000"
116.39000000002264,"smoke-00001000","KTEX_EMERGENCY_RTB_01-00001000","KTEX_EMERGENCY_RTB_01",1000,Batch,Running,AutomationPilot,0.7817103,148.66121119297335,MissionCache,True,"","D:\Workspace\MM\FlightSim\FlightSimProject\Artifacts\FoundationSmoke\smoke-00001000\KTEX_EMERGENCY_RTB_01-00001000"
116.59000000002274,"smoke-00001000","KTEX_EMERGENCY_RTB_01-00001000","KTEX_EMERGENCY_RTB_01",1000,Batch,Running,AutomationPilot,0.7831933,148.63508153098687,MissionCache,True,"","D:\Workspace\MM\FlightSim\FlightSimProject\Artifacts\FoundationSmoke\smoke-00001000\KTEX_EMERGENCY_RTB_01-00001000"
116.79000000002284,"smoke-00001000","KTEX_EMERGENCY_RTB_01-00001000","KTEX_EMERGENCY_RTB_01",1000,Batch,Running,AutomationPilot,0.7851636,148.51681866049668,MissionCache,True,"","D:\Workspace\MM\FlightSim\FlightSimProject\Artifacts\FoundationSmoke\smoke-00001000\KTEX_EMERGENCY_RTB_01-00001000"
116.99000000002295,"smoke-00001000","KTEX_EMERGENCY_RTB_01-00001000","KTEX_EMERGENCY_RTB_01",1000,Batch,Running,AutomationPilot,0.7870851,148.40834872877514,MissionCache,True,"","D:\Workspace\MM\FlightSim\FlightSimProject\Artifacts\FoundationSmoke\smoke-00001000\KTEX_EMERGENCY_RTB_01-00001000"
117.19000000002305,"smoke-00001000","KTEX_EMERGENCY_RTB_01-00001000","KTEX_EMERGENCY_RTB_01",1000,Batch,Running,AutomationPilot,0.7890096,148.29984324654981,MissionCache,True,"","D:\Workspace\MM\FlightSim\FlightSimProject\Artifacts\FoundationSmoke\smoke-00001000\KTEX_EMERGENCY_RTB_01-00001000"
117.39000000002315,"smoke-00001000","KTEX_EMERGENCY_RTB_01-00001000","KTEX_EMERGENCY_RTB_01",1000,Batch,Running,AutomationPilot,0.79092259999999992,148.19402050216175,MissionCache,True,"","D:\Workspace\MM\FlightSim\FlightSimProject\Artifacts\FoundationSmoke\smoke-00001000\KTEX_EMERGENCY_RTB_01-00001000"
117.59000000002325,"smoke-00001000","KTEX_EMERGENCY_RTB_01-00001000","KTEX_EMERGENCY_RTB_01",1000,Batch,Running,AutomationPilot,0.79286079999999992,148.08400163058027,MissionCache,True,"","D:\Workspace\MM\FlightSim\FlightSimProject\Artifacts\FoundationSmoke\smoke-00001000\KTEX_EMERGENCY_RTB_01-00001000"
117.79000000002335,"smoke-00001000","KTEX_EMERGENCY_RTB_01-00001000","KTEX_EMERGENCY_RTB_01",1000,Batch,Running,AutomationPilot,0.794713,147.990532431234,MissionCache,True,"","D:\Workspace\MM\FlightSim\FlightSimProject\Artifacts\FoundationSmoke\smoke-00001000\KTEX_EMERGENCY_RTB_01-00001000"
117.99000000002346,"smoke-00001000","KTEX_EMERGENCY_RTB_01-00001000","KTEX_EMERGENCY_RTB_01",1000,Batch,Running,AutomationPilot,0.7965711,147.8964024680576,MissionCache,True,"","D:\Workspace\MM\FlightSim\FlightSimProject\Artifacts\FoundationSmoke\smoke-00001000\KTEX_EMERGENCY_RTB_01-00001000"
118.19000000002356,"smoke-00001000","KTEX_EMERGENCY_RTB_01-00001000","KTEX_EMERGENCY_RTB_01",1000,Batch,Running,AutomationPilot,0.7977824,147.92254128446987,MissionCache,True,"","D:\Workspace\MM\FlightSim\FlightSimProject\Artifacts\FoundationSmoke\smoke-00001000\KTEX_EMERGENCY_RTB_01-00001000"
118.39000000002366,"smoke-00001000","KTEX_EMERGENCY_RTB_01-00001000","KTEX_EMERGENCY_RTB_01",1000,Batch,Running,AutomationPilot,0.79978339999999992,147.80251753165118,MissionCache,True,"","D:\Workspace\MM\FlightSim\FlightSimProject\Artifacts\FoundationSmoke\smoke-00001000\KTEX_EMERGENCY_RTB_01-00001000"
118.59000000002376,"smoke-00001000","KTEX_EMERGENCY_RTB_01-00001000","KTEX_EMERGENCY_RTB_01",1000,Batch,Running,AutomationPilot,0.80092389999999991,147.84176124601061,MissionCache,True,"","D:\Workspace\MM\FlightSim\FlightSimProject\Artifacts\FoundationSmoke\smoke-00001000\KTEX_EMERGENCY_RTB_01-00001000"
118.79000000002387,"smoke-00001000","KTEX_EMERGENCY_RTB_01-00001000","KTEX_EMERGENCY_RTB_01",1000,Batch,Running,AutomationPilot,0.80203039999999992,147.88716238190446,MissionCache,True,"","D:\Workspace\MM\FlightSim\FlightSimProject\Artifacts\FoundationSmoke\smoke-00001000\KTEX_EMERGENCY_RTB_01-00001000"
118.99000000002397,"smoke-00001000","KTEX_EMERGENCY_RTB_01-00001000","KTEX_EMERGENCY_RTB_01",1000,Batch,Running,AutomationPilot,0.80318839999999991,147.9229530705671,MissionCache,True,"","D:\Workspace\MM\FlightSim\FlightSimProject\Artifacts\FoundationSmoke\smoke-00001000\KTEX_EMERGENCY_RTB_01-00001000"
119.19000000002407,"smoke-00001000","KTEX_EMERGENCY_RTB_01-00001000","KTEX_EMERGENCY_RTB_01",1000,Batch,Running,AutomationPilot,0.8043034,147.96655093093474,MissionCache,True,"","D:\Workspace\MM\FlightSim\FlightSimProject\Artifacts\FoundationSmoke\smoke-00001000\KTEX_EMERGENCY_RTB_01-00001000"
119.39000000002417,"smoke-00001000","KTEX_EMERGENCY_RTB_01-00001000","KTEX_EMERGENCY_RTB_01",1000,Batch,Running,AutomationPilot,0.80540669999999992,148.01217819522,MissionCache,True,"","D:\Workspace\MM\FlightSim\FlightSimProject\Artifacts\FoundationSmoke\smoke-00001000\KTEX_EMERGENCY_RTB_01-00001000"
119.59000000002428,"smoke-00001000","KTEX_EMERGENCY_RTB_01-00001000","KTEX_EMERGENCY_RTB_01",1000,Batch,Running,AutomationPilot,0.80653009999999992,148.05399079343002,MissionCache,True,"","D:\Workspace\MM\FlightSim\FlightSimProject\Artifacts\FoundationSmoke\smoke-00001000\KTEX_EMERGENCY_RTB_01-00001000"
119.79000000002438,"smoke-00001000","KTEX_EMERGENCY_RTB_01-00001000","KTEX_EMERGENCY_RTB_01",1000,Batch,Running,AutomationPilot,0.8076352,148.09904273615649,MissionCache,True,"","D:\Workspace\MM\FlightSim\FlightSimProject\Artifacts\FoundationSmoke\smoke-00001000\KTEX_EMERGENCY_RTB_01-00001000"
119.99000000002448,"smoke-00001000","KTEX_EMERGENCY_RTB_01-00001000","KTEX_EMERGENCY_RTB_01",1000,Batch,Running,AutomationPilot,0.8087553,148.14122392771262,MissionCache,True,"","D:\Workspace\MM\FlightSim\FlightSimProject\Artifacts\FoundationSmoke\smoke-00001000\KTEX_EMERGENCY_RTB_01-00001000"
120.19000000002458,"smoke-00001000","KTEX_EMERGENCY_RTB_01-00001000","KTEX_EMERGENCY_RTB_01",1000,Batch,Running,AutomationPilot,0.8098825,148.1819893626847,MissionCache,True,"","D:\Workspace\MM\FlightSim\FlightSimProject\Artifacts\FoundationSmoke\smoke-00001000\KTEX_EMERGENCY_RTB_01-00001000"
120.39000000002468,"smoke-00001000","KTEX_EMERGENCY_RTB_01-00001000","KTEX_EMERGENCY_RTB_01",1000,Batch,Running,AutomationPilot,0.8110037,148.22373806682336,MissionCache,True,"","D:\Workspace\MM\FlightSim\FlightSimProject\Artifacts\FoundationSmoke\smoke-00001000\KTEX_EMERGENCY_RTB_01-00001000"
120.59000000002479,"smoke-00001000","KTEX_EMERGENCY_RTB_01-00001000","KTEX_EMERGENCY_RTB_01",1000,Batch,Running,AutomationPilot,0.8121332,148.26385622460046,MissionCache,True,"","D:\Workspace\MM\FlightSim\FlightSimProject\Artifacts\FoundationSmoke\smoke-00001000\KTEX_EMERGENCY_RTB_01-00001000"
120.79000000002489,"smoke-00001000","KTEX_EMERGENCY_RTB_01-00001000","KTEX_EMERGENCY_RTB_01",1000,Batch,Running,AutomationPilot,0.81339449999999991,148.27983223395881,MissionCache,True,"","D:\Workspace\MM\FlightSim\FlightSimProject\Artifacts\FoundationSmoke\smoke-00001000\KTEX_EMERGENCY_RTB_01-00001000"
120.99000000002499,"smoke-00001000","KTEX_EMERGENCY_RTB_01-00001000","KTEX_EMERGENCY_RTB_01",1000,Batch,Running,AutomationPilot,0.8145397,148.31689603345902,MissionCache,True,"","D:\Workspace\MM\FlightSim\FlightSimProject\Artifacts\FoundationSmoke\smoke-00001000\KTEX_EMERGENCY_RTB_01-00001000"
121.19000000002509,"smoke-00001000","KTEX_EMERGENCY_RTB_01-00001000","KTEX_EMERGENCY_RTB_01",1000,Batch,Running,AutomationPilot,0.8156578,148.35878477472417,MissionCache,True,"","D:\Workspace\MM\FlightSim\FlightSimProject\Artifacts\FoundationSmoke\smoke-00001000\KTEX_EMERGENCY_RTB_01-00001000"
121.3900000000252,"smoke-00001000","KTEX_EMERGENCY_RTB_01-00001000","KTEX_EMERGENCY_RTB_01",1000,Batch,Running,AutomationPilot,0.8167997,148.39623471950969,MissionCache,True,"","D:\Workspace\MM\FlightSim\FlightSimProject\Artifacts\FoundationSmoke\smoke-00001000\KTEX_EMERGENCY_RTB_01-00001000"
121.5900000000253,"smoke-00001000","KTEX_EMERGENCY_RTB_01-00001000","KTEX_EMERGENCY_RTB_01",1000,Batch,Running,AutomationPilot,0.81793679999999991,148.4344511703413,MissionCache,True,"","D:\Workspace\MM\FlightSim\FlightSimProject\Artifacts\FoundationSmoke\smoke-00001000\KTEX_EMERGENCY_RTB_01-00001000"
121.7900000000254,"smoke-00001000","KTEX_EMERGENCY_RTB_01-00001000","KTEX_EMERGENCY_RTB_01",1000,Batch,Running,AutomationPilot,0.8190388,148.47892431961137,MissionCache,True,"","D:\Workspace\MM\FlightSim\FlightSimProject\Artifacts\FoundationSmoke\smoke-00001000\KTEX_EMERGENCY_RTB_01-00001000"
121.9900000000255,"smoke-00001000","KTEX_EMERGENCY_RTB_01-00001000","KTEX_EMERGENCY_RTB_01",1000,Batch,Running,AutomationPilot,0.8201569,148.52036238435039,MissionCache,True,"","D:\Workspace\MM\FlightSim\FlightSimProject\Artifacts\FoundationSmoke\smoke-00001000\KTEX_EMERGENCY_RTB_01-00001000"
122.19000000002561,"smoke-00001000","KTEX_EMERGENCY_RTB_01-00001000","KTEX_EMERGENCY_RTB_01",1000,Batch,Running,AutomationPilot,0.82129009999999991,148.558956208075,MissionCache,True,"","D:\Workspace\MM\FlightSim\FlightSimProject\Artifacts\FoundationSmoke\smoke-00001000\KTEX_EMERGENCY_RTB_01-00001000"
122.39000000002571,"smoke-00001000","KTEX_EMERGENCY_RTB_01-00001000","KTEX_EMERGENCY_RTB_01",1000,Batch,Running,AutomationPilot,0.82239279999999992,148.60295469515981,MissionCache,True,"","D:\Workspace\MM\FlightSim\FlightSimProject\Artifacts\FoundationSmoke\smoke-00001000\KTEX_EMERGENCY_RTB_01-00001000"
122.59000000002581,"smoke-00001000","KTEX_EMERGENCY_RTB_01-00001000","KTEX_EMERGENCY_RTB_01",1000,Batch,Running,AutomationPilot,0.8242586,148.50921785957189,MissionCache,True,"","D:\Workspace\MM\FlightSim\FlightSimProject\Artifacts\FoundationSmoke\smoke-00001000\KTEX_EMERGENCY_RTB_01-00001000"
122.79000000002591,"smoke-00001000","KTEX_EMERGENCY_RTB_01-00001000","KTEX_EMERGENCY_RTB_01",1000,Batch,Running,AutomationPilot,0.8253731,148.5510007535087,MissionCache,True,"","D:\Workspace\MM\FlightSim\FlightSimProject\Artifacts\FoundationSmoke\smoke-00001000\KTEX_EMERGENCY_RTB_01-00001000"
122.99000000002601,"smoke-00001000","KTEX_EMERGENCY_RTB_01-00001000","KTEX_EMERGENCY_RTB_01",1000,Batch,Running,AutomationPilot,0.8266279,148.56745096557464,MissionCache,True,"","D:\Workspace\MM\FlightSim\FlightSimProject\Artifacts\FoundationSmoke\smoke-00001000\KTEX_EMERGENCY_RTB_01-00001000"
123.19000000002612,"smoke-00001000","KTEX_EMERGENCY_RTB_01-00001000","KTEX_EMERGENCY_RTB_01",1000,Batch,Running,AutomationPilot,0.8277399,148.60948469443846,MissionCache,True,"","D:\Workspace\MM\FlightSim\FlightSimProject\Artifacts\FoundationSmoke\smoke-00001000\KTEX_EMERGENCY_RTB_01-00001000"
123.39000000002622,"smoke-00001000","KTEX_EMERGENCY_RTB_01-00001000","KTEX_EMERGENCY_RTB_01",1000,Batch,Running,AutomationPilot,0.8288707,148.64803400581795,MissionCache,True,"","D:\Workspace\MM\FlightSim\FlightSimProject\Artifacts\FoundationSmoke\smoke-00001000\KTEX_EMERGENCY_RTB_01-00001000"
123.59000000002632,"smoke-00001000","KTEX_EMERGENCY_RTB_01-00001000","KTEX_EMERGENCY_RTB_01",1000,Batch,Running,AutomationPilot,0.8303355,148.62666958118282,MissionCache,True,"","D:\Workspace\MM\FlightSim\FlightSimProject\Artifacts\FoundationSmoke\smoke-00001000\KTEX_EMERGENCY_RTB_01-00001000"
123.79000000002642,"smoke-00001000","KTEX_EMERGENCY_RTB_01-00001000","KTEX_EMERGENCY_RTB_01",1000,Batch,Running,AutomationPilot,0.83148119999999992,148.6624111285094,MissionCache,True,"","D:\Workspace\MM\FlightSim\FlightSimProject\Artifacts\FoundationSmoke\smoke-00001000\KTEX_EMERGENCY_RTB_01-00001000"
123.99000000002653,"smoke-00001000","KTEX_EMERGENCY_RTB_01-00001000","KTEX_EMERGENCY_RTB_01",1000,Batch,Running,AutomationPilot,0.832618,148.69964377424753,MissionCache,True,"","D:\Workspace\MM\FlightSim\FlightSimProject\Artifacts\FoundationSmoke\smoke-00001000\KTEX_EMERGENCY_RTB_01-00001000"
124.19000000002663,"smoke-00001000","KTEX_EMERGENCY_RTB_01-00001000","KTEX_EMERGENCY_RTB_01",1000,Batch,Running,AutomationPilot,0.83403549999999993,148.68671657264775,MissionCache,True,"","D:\Workspace\MM\FlightSim\FlightSimProject\Artifacts\FoundationSmoke\smoke-00001000\KTEX_EMERGENCY_RTB_01-00001000"
124.39000000002673,"smoke-00001000","KTEX_EMERGENCY_RTB_01-00001000","KTEX_EMERGENCY_RTB_01",1000,Batch,Running,AutomationPilot,0.8351388,148.72976803380067,MissionCache,True,"","D:\Workspace\MM\FlightSim\FlightSimProject\Artifacts\FoundationSmoke\smoke-00001000\KTEX_EMERGENCY_RTB_01-00001000"
124.59000000002683,"smoke-00001000","KTEX_EMERGENCY_RTB_01-00001000","KTEX_EMERGENCY_RTB_01",1000,Batch,Running,AutomationPilot,0.836256,148.77023303871869,MissionCache,True,"","D:\Workspace\MM\FlightSim\FlightSimProject\Artifacts\FoundationSmoke\smoke-00001000\KTEX_EMERGENCY_RTB_01-00001000"
124.79000000002694,"smoke-00001000","KTEX_EMERGENCY_RTB_01-00001000","KTEX_EMERGENCY_RTB_01",1000,Batch,Running,AutomationPilot,0.83738799999999991,148.80795998990536,MissionCache,True,"","D:\Workspace\MM\FlightSim\FlightSimProject\Artifacts\FoundationSmoke\smoke-00001000\KTEX_EMERGENCY_RTB_01-00001000"
124.99000000002704,"smoke-00001000","KTEX_EMERGENCY_RTB_01-00001000","KTEX_EMERGENCY_RTB_01",1000,Batch,Running,AutomationPilot,0.8385034,148.84853180085727,MissionCache,True,"","D:\Workspace\MM\FlightSim\FlightSimProject\Artifacts\FoundationSmoke\smoke-00001000\KTEX_EMERGENCY_RTB_01-00001000"
125.19000000002714,"smoke-00001000","KTEX_EMERGENCY_RTB_01-00001000","KTEX_EMERGENCY_RTB_01",1000,Batch,Running,AutomationPilot,0.8396131,148.89000659950048,MissionCache,True,"","D:\Workspace\MM\FlightSim\FlightSimProject\Artifacts\FoundationSmoke\smoke-00001000\KTEX_EMERGENCY_RTB_01-00001000"
125.39000000002724,"smoke-00001000","KTEX_EMERGENCY_RTB_01-00001000","KTEX_EMERGENCY_RTB_01",1000,Batch,Running,AutomationPilot,0.8407293,148.93022046457421,MissionCache,True,"","D:\Workspace\MM\FlightSim\FlightSimProject\Artifacts\FoundationSmoke\smoke-00001000\KTEX_EMERGENCY_RTB_01-00001000"
125.59000000002735,"smoke-00001000","KTEX_EMERGENCY_RTB_01-00001000","KTEX_EMERGENCY_RTB_01",1000,Batch,Running,AutomationPilot,0.8418448,148.9704515607001,MissionCache,True,"","D:\Workspace\MM\FlightSim\FlightSimProject\Artifacts\FoundationSmoke\smoke-00001000\KTEX_EMERGENCY_RTB_01-00001000"
125.79000000002745,"smoke-00001000","KTEX_EMERGENCY_RTB_01-00001000","KTEX_EMERGENCY_RTB_01",1000,Batch,Running,AutomationPilot,0.84295369999999992,149.01174287511563,MissionCache,True,"","D:\Workspace\MM\FlightSim\FlightSimProject\Artifacts\FoundationSmoke\smoke-00001000\KTEX_EMERGENCY_RTB_01-00001000"
125.99000000002755,"smoke-00001000","KTEX_EMERGENCY_RTB_01-00001000","KTEX_EMERGENCY_RTB_01",1000,Batch,Running,AutomationPilot,0.8440753,149.05068303743454,MissionCache,True,"","D:\Workspace\MM\FlightSim\FlightSimProject\Artifacts\FoundationSmoke\smoke-00001000\KTEX_EMERGENCY_RTB_01-00001000"
126.19000000002765,"smoke-00001000","KTEX_EMERGENCY_RTB_01-00001000","KTEX_EMERGENCY_RTB_01",1000,Batch,Running,AutomationPilot,0.8453613,149.06052595502959,MissionCache,True,"","D:\Workspace\MM\FlightSim\FlightSimProject\Artifacts\FoundationSmoke\smoke-00001000\KTEX_EMERGENCY_RTB_01-00001000"
126.39000000002775,"smoke-00001000","KTEX_EMERGENCY_RTB_01-00001000","KTEX_EMERGENCY_RTB_01",1000,Batch,Running,AutomationPilot,0.8464797,149.09985437338625,MissionCache,True,"","D:\Workspace\MM\FlightSim\FlightSimProject\Artifacts\FoundationSmoke\smoke-00001000\KTEX_EMERGENCY_RTB_01-00001000"
126.59000000002786,"smoke-00001000","KTEX_EMERGENCY_RTB_01-00001000","KTEX_EMERGENCY_RTB_01",1000,Batch,Running,AutomationPilot,0.84759809999999991,149.13907900457514,MissionCache,True,"","D:\Workspace\MM\FlightSim\FlightSimProject\Artifacts\FoundationSmoke\smoke-00001000\KTEX_EMERGENCY_RTB_01-00001000"
126.79000000002796,"smoke-00001000","KTEX_EMERGENCY_RTB_01-00001000","KTEX_EMERGENCY_RTB_01",1000,Batch,Running,AutomationPilot,0.8493658,149.06416057725409,MissionCache,True,"","D:\Workspace\MM\FlightSim\FlightSimProject\Artifacts\FoundationSmoke\smoke-00001000\KTEX_EMERGENCY_RTB_01-00001000"
126.99000000002806,"smoke-00001000","KTEX_EMERGENCY_RTB_01-00001000","KTEX_EMERGENCY_RTB_01",1000,Batch,Running,AutomationPilot,0.85051879999999991,149.09723335924846,MissionCache,True,"","D:\Workspace\MM\FlightSim\FlightSimProject\Artifacts\FoundationSmoke\smoke-00001000\KTEX_EMERGENCY_RTB_01-00001000"
127.19000000002816,"smoke-00001000","KTEX_EMERGENCY_RTB_01-00001000","KTEX_EMERGENCY_RTB_01",1000,Batch,Running,AutomationPilot,0.85162019999999994,149.13925245083206,MissionCache,True,"","D:\Workspace\MM\FlightSim\FlightSimProject\Artifacts\FoundationSmoke\smoke-00001000\KTEX_EMERGENCY_RTB_01-00001000"
127.39000000002827,"smoke-00001000","KTEX_EMERGENCY_RTB_01-00001000","KTEX_EMERGENCY_RTB_01",1000,Batch,Running,AutomationPilot,0.8527777,149.17134911012351,MissionCache,True,"","D:\Workspace\MM\FlightSim\FlightSimProject\Artifacts\FoundationSmoke\smoke-00001000\KTEX_EMERGENCY_RTB_01-00001000"
127.59000000002837,"smoke-00001000","KTEX_EMERGENCY_RTB_01-00001000","KTEX_EMERGENCY_RTB_01",1000,Batch,Running,AutomationPilot,0.8540433,149.18447343364005,MissionCache,True,"","D:\Workspace\MM\FlightSim\FlightSimProject\Artifacts\FoundationSmoke\smoke-00001000\KTEX_EMERGENCY_RTB_01-00001000"
127.79000000002847,"smoke-00001000","KTEX_EMERGENCY_RTB_01-00001000","KTEX_EMERGENCY_RTB_01",1000,Batch,Running,AutomationPilot,0.85515179999999991,149.22496801156052,MissionCache,True,"","D:\Workspace\MM\FlightSim\FlightSimProject\Artifacts\FoundationSmoke\smoke-00001000\KTEX_EMERGENCY_RTB_01-00001000"
127.99000000002857,"smoke-00001000","KTEX_EMERGENCY_RTB_01-00001000","KTEX_EMERGENCY_RTB_01",1000,Batch,Running,AutomationPilot,0.856304,149.25774024181655,MissionCache,True,"","D:\Workspace\MM\FlightSim\FlightSimProject\Artifacts\FoundationSmoke\smoke-00001000\KTEX_EMERGENCY_RTB_01-00001000"
128.19000000002839,"smoke-00001000","KTEX_EMERGENCY_RTB_01-00001000","KTEX_EMERGENCY_RTB_01",1000,Batch,Running,AutomationPilot,0.85747149999999994,149.28776058449589,MissionCache,True,"","D:\Workspace\MM\FlightSim\FlightSimProject\Artifacts\FoundationSmoke\smoke-00001000\KTEX_EMERGENCY_RTB_01-00001000"
128.39000000002821,"smoke-00001000","KTEX_EMERGENCY_RTB_01-00001000","KTEX_EMERGENCY_RTB_01",1000,Batch,Running,AutomationPilot,0.8585862,149.32688179710829,MissionCache,True,"","D:\Workspace\MM\FlightSim\FlightSimProject\Artifacts\FoundationSmoke\smoke-00001000\KTEX_EMERGENCY_RTB_01-00001000"
128.59000000002803,"smoke-00001000","KTEX_EMERGENCY_RTB_01-00001000","KTEX_EMERGENCY_RTB_01",1000,Batch,Running,AutomationPilot,0.859684,149.36883785208076,MissionCache,True,"","D:\Workspace\MM\FlightSim\FlightSimProject\Artifacts\FoundationSmoke\smoke-00001000\KTEX_EMERGENCY_RTB_01-00001000"
128.79000000002785,"smoke-00001000","KTEX_EMERGENCY_RTB_01-00001000","KTEX_EMERGENCY_RTB_01",1000,Batch,Running,AutomationPilot,0.8610643,149.36166788012,MissionCache,True,"","D:\Workspace\MM\FlightSim\FlightSimProject\Artifacts\FoundationSmoke\smoke-00001000\KTEX_EMERGENCY_RTB_01-00001000"
128.99000000002766,"smoke-00001000","KTEX_EMERGENCY_RTB_01-00001000","KTEX_EMERGENCY_RTB_01",1000,Batch,Running,AutomationPilot,0.86219209999999991,149.39826055008837,MissionCache,True,"","D:\Workspace\MM\FlightSim\FlightSimProject\Artifacts\FoundationSmoke\smoke-00001000\KTEX_EMERGENCY_RTB_01-00001000"
129.19000000002748,"smoke-00001000","KTEX_EMERGENCY_RTB_01-00001000","KTEX_EMERGENCY_RTB_01",1000,Batch,Running,AutomationPilot,0.8633052,149.43730212678858,MissionCache,True,"","D:\Workspace\MM\FlightSim\FlightSimProject\Artifacts\FoundationSmoke\smoke-00001000\KTEX_EMERGENCY_RTB_01-00001000"
129.3900000000273,"smoke-00001000","KTEX_EMERGENCY_RTB_01-00001000","KTEX_EMERGENCY_RTB_01",1000,Batch,Running,AutomationPilot,0.8644324,149.47380500780335,MissionCache,True,"","D:\Workspace\MM\FlightSim\FlightSimProject\Artifacts\FoundationSmoke\smoke-00001000\KTEX_EMERGENCY_RTB_01-00001000"
129.59000000002712,"smoke-00001000","KTEX_EMERGENCY_RTB_01-00001000","KTEX_EMERGENCY_RTB_01",1000,Batch,Running,AutomationPilot,0.86556479999999991,149.50931461171629,MissionCache,True,"","D:\Workspace\MM\FlightSim\FlightSimProject\Artifacts\FoundationSmoke\smoke-00001000\KTEX_EMERGENCY_RTB_01-00001000"
129.79000000002694,"smoke-00001000","KTEX_EMERGENCY_RTB_01-00001000","KTEX_EMERGENCY_RTB_01",1000,Batch,Running,AutomationPilot,0.8666702,149.54939029867083,MissionCache,True,"","D:\Workspace\MM\FlightSim\FlightSimProject\Artifacts\FoundationSmoke\smoke-00001000\KTEX_EMERGENCY_RTB_01-00001000"
129.99000000002675,"smoke-00001000","KTEX_EMERGENCY_RTB_01-00001000","KTEX_EMERGENCY_RTB_01",1000,Batch,Running,AutomationPilot,0.8678169,149.58224482609975,MissionCache,True,"","D:\Workspace\MM\FlightSim\FlightSimProject\Artifacts\FoundationSmoke\smoke-00001000\KTEX_EMERGENCY_RTB_01-00001000"
130.19000000002657,"smoke-00001000","KTEX_EMERGENCY_RTB_01-00001000","KTEX_EMERGENCY_RTB_01",1000,Batch,Running,AutomationPilot,0.86892989999999992,149.62081521193682,MissionCache,True,"","D:\Workspace\MM\FlightSim\FlightSimProject\Artifacts\FoundationSmoke\smoke-00001000\KTEX_EMERGENCY_RTB_01-00001000"
130.39000000002639,"smoke-00001000","KTEX_EMERGENCY_RTB_01-00001000","KTEX_EMERGENCY_RTB_01",1000,Batch,Running,AutomationPilot,0.870054,149.65737758808828,MissionCache,True,"","D:\Workspace\MM\FlightSim\FlightSimProject\Artifacts\FoundationSmoke\smoke-00001000\KTEX_EMERGENCY_RTB_01-00001000"
130.59000000002621,"smoke-00001000","KTEX_EMERGENCY_RTB_01-00001000","KTEX_EMERGENCY_RTB_01",1000,Batch,Running,AutomationPilot,0.87116889999999991,149.69542645522171,MissionCache,True,"","D:\Workspace\MM\FlightSim\FlightSimProject\Artifacts\FoundationSmoke\smoke-00001000\KTEX_EMERGENCY_RTB_01-00001000"
130.79000000002603,"smoke-00001000","KTEX_EMERGENCY_RTB_01-00001000","KTEX_EMERGENCY_RTB_01",1000,Batch,Running,AutomationPilot,0.8722897,149.73236529105662,MissionCache,True,"","D:\Workspace\MM\FlightSim\FlightSimProject\Artifacts\FoundationSmoke\smoke-00001000\KTEX_EMERGENCY_RTB_01-00001000"
130.99000000002584,"smoke-00001000","KTEX_EMERGENCY_RTB_01-00001000","KTEX_EMERGENCY_RTB_01",1000,Batch,Running,AutomationPilot,0.8740024,149.66778123266712,MissionCache,True,"","D:\Workspace\MM\FlightSim\FlightSimProject\Artifacts\FoundationSmoke\smoke-00001000\KTEX_EMERGENCY_RTB_01-00001000"
131.19000000002566,"smoke-00001000","KTEX_EMERGENCY_RTB_01-00001000","KTEX_EMERGENCY_RTB_01",1000,Batch,Running,AutomationPilot,0.87512289999999993,149.70468719310836,MissionCache,True,"","D:\Workspace\MM\FlightSim\FlightSimProject\Artifacts\FoundationSmoke\smoke-00001000\KTEX_EMERGENCY_RTB_01-00001000"
131.39000000002548,"smoke-00001000","KTEX_EMERGENCY_RTB_01-00001000","KTEX_EMERGENCY_RTB_01",1000,Batch,Running,AutomationPilot,0.8764962,149.69831015813378,MissionCache,True,"","D:\Workspace\MM\FlightSim\FlightSimProject\Artifacts\FoundationSmoke\smoke-00001000\KTEX_EMERGENCY_RTB_01-00001000"
131.5900000000253,"smoke-00001000","KTEX_EMERGENCY_RTB_01-00001000","KTEX_EMERGENCY_RTB_01",1000,Batch,Running,AutomationPilot,0.8776438,149.73044873105178,MissionCache,True,"","D:\Workspace\MM\FlightSim\FlightSimProject\Artifacts\FoundationSmoke\smoke-00001000\KTEX_EMERGENCY_RTB_01-00001000"
131.79000000002512,"smoke-00001000","KTEX_EMERGENCY_RTB_01-00001000","KTEX_EMERGENCY_RTB_01",1000,Batch,Running,AutomationPilot,0.8787539,149.76889434007097,MissionCache,True,"","D:\Workspace\MM\FlightSim\FlightSimProject\Artifacts\FoundationSmoke\smoke-00001000\KTEX_EMERGENCY_RTB_01-00001000"
131.99000000002493,"smoke-00001000","KTEX_EMERGENCY_RTB_01-00001000","KTEX_EMERGENCY_RTB_01",1000,Batch,Running,AutomationPilot,0.8798684,149.80649378932702,MissionCache,True,"","D:\Workspace\MM\FlightSim\FlightSimProject\Artifacts\FoundationSmoke\smoke-00001000\KTEX_EMERGENCY_RTB_01-00001000"
132.19000000002475,"smoke-00001000","KTEX_EMERGENCY_RTB_01-00001000","KTEX_EMERGENCY_RTB_01",1000,Batch,Running,AutomationPilot,0.88097249999999994,149.84576703588922,MissionCache,True,"","D:\Workspace\MM\FlightSim\FlightSimProject\Artifacts\FoundationSmoke\smoke-00001000\KTEX_EMERGENCY_RTB_01-00001000"
132.39000000002457,"smoke-00001000","KTEX_EMERGENCY_RTB_01-00001000","KTEX_EMERGENCY_RTB_01",1000,Batch,Running,AutomationPilot,0.8820927,149.88220625794176,MissionCache,True,"","D:\Workspace\MM\FlightSim\FlightSimProject\Artifacts\FoundationSmoke\smoke-00001000\KTEX_EMERGENCY_RTB_01-00001000"
132.59000000002439,"smoke-00001000","KTEX_EMERGENCY_RTB_01-00001000","KTEX_EMERGENCY_RTB_01",1000,Batch,Running,AutomationPilot,0.88321569999999994,149.91807776970515,MissionCache,True,"","D:\Workspace\MM\FlightSim\FlightSimProject\Artifacts\FoundationSmoke\smoke-00001000\KTEX_EMERGENCY_RTB_01-00001000"
132.79000000002421,"smoke-00001000","KTEX_EMERGENCY_RTB_01-00001000","KTEX_EMERGENCY_RTB_01",1000,Batch,Running,AutomationPilot,0.88438699999999992,149.94566858176836,MissionCache,True,"","D:\Workspace\MM\FlightSim\FlightSimProject\Artifacts\FoundationSmoke\smoke-00001000\KTEX_EMERGENCY_RTB_01-00001000"
132.99000000002403,"smoke-00001000","KTEX_EMERGENCY_RTB_01-00001000","KTEX_EMERGENCY_RTB_01",1000,Batch,Running,AutomationPilot,0.88550409999999991,149.98236597665013,MissionCache,True,"","D:\Workspace\MM\FlightSim\FlightSimProject\Artifacts\FoundationSmoke\smoke-00001000\KTEX_EMERGENCY_RTB_01-00001000"
133.19000000002384,"smoke-00001000","KTEX_EMERGENCY_RTB_01-00001000","KTEX_EMERGENCY_RTB_01",1000,Batch,Running,AutomationPilot,0.88664329999999991,150.01523160443892,MissionCache,True,"","D:\Workspace\MM\FlightSim\FlightSimProject\Artifacts\FoundationSmoke\smoke-00001000\KTEX_EMERGENCY_RTB_01-00001000"
133.39000000002366,"smoke-00001000","KTEX_EMERGENCY_RTB_01-00001000","KTEX_EMERGENCY_RTB_01",1000,Batch,Running,AutomationPilot,0.8877537,150.05288065825445,MissionCache,True,"","D:\Workspace\MM\FlightSim\FlightSimProject\Artifacts\FoundationSmoke\smoke-00001000\KTEX_EMERGENCY_RTB_01-00001000"
133.59000000002348,"smoke-00001000","KTEX_EMERGENCY_RTB_01-00001000","KTEX_EMERGENCY_RTB_01",1000,Batch,Running,AutomationPilot,0.88887889999999992,150.08793661321431,MissionCache,True,"","D:\Workspace\MM\FlightSim\FlightSimProject\Artifacts\FoundationSmoke\smoke-00001000\KTEX_EMERGENCY_RTB_01-00001000"
133.7900000000233,"smoke-00001000","KTEX_EMERGENCY_RTB_01-00001000","KTEX_EMERGENCY_RTB_01",1000,Batch,Running,AutomationPilot,0.88998899999999992,150.12545098874645,MissionCache,True,"","D:\Workspace\MM\FlightSim\FlightSimProject\Artifacts\FoundationSmoke\smoke-00001000\KTEX_EMERGENCY_RTB_01-00001000"
133.99000000002312,"smoke-00001000","KTEX_EMERGENCY_RTB_01-00001000","KTEX_EMERGENCY_RTB_01",1000,Batch,Running,AutomationPilot,0.891285,150.131551636147,MissionCache,True,"","D:\Workspace\MM\FlightSim\FlightSimProject\Artifacts\FoundationSmoke\smoke-00001000\KTEX_EMERGENCY_RTB_01-00001000"
134.19000000002293,"smoke-00001000","KTEX_EMERGENCY_RTB_01-00001000","KTEX_EMERGENCY_RTB_01",1000,Batch,Running,AutomationPilot,0.8924647,150.15719949486305,MissionCache,True,"","D:\Workspace\MM\FlightSim\FlightSimProject\Artifacts\FoundationSmoke\smoke-00001000\KTEX_EMERGENCY_RTB_01-00001000"
134.39000000002275,"smoke-00001000","KTEX_EMERGENCY_RTB_01-00001000","KTEX_EMERGENCY_RTB_01",1000,Batch,Running,AutomationPilot,0.89412019999999992,150.10286089054125,MissionCache,True,"","D:\Workspace\MM\FlightSim\FlightSimProject\Artifacts\FoundationSmoke\smoke-00001000\KTEX_EMERGENCY_RTB_01-00001000"
134.59000000002257,"smoke-00001000","KTEX_EMERGENCY_RTB_01-00001000","KTEX_EMERGENCY_RTB_01",1000,Batch,Running,AutomationPilot,0.8959775,150.01492783024432,MissionCache,True,"","D:\Workspace\MM\FlightSim\FlightSimProject\Artifacts\FoundationSmoke\smoke-00001000\KTEX_EMERGENCY_RTB_01-00001000"
134.79000000002239,"smoke-00001000","KTEX_EMERGENCY_RTB_01-00001000","KTEX_EMERGENCY_RTB_01",1000,Batch,Running,AutomationPilot,0.8977326,149.94442665892109,MissionCache,True,"","D:\Workspace\MM\FlightSim\FlightSimProject\Artifacts\FoundationSmoke\smoke-00001000\KTEX_EMERGENCY_RTB_01-00001000"
134.99000000002221,"smoke-00001000","KTEX_EMERGENCY_RTB_01-00001000","KTEX_EMERGENCY_RTB_01",1000,Batch,Running,AutomationPilot,0.8989895,149.9572575653246,MissionCache,True,"","D:\Workspace\MM\FlightSim\FlightSimProject\Artifacts\FoundationSmoke\smoke-00001000\KTEX_EMERGENCY_RTB_01-00001000"
135.19000000002202,"smoke-00001000","KTEX_EMERGENCY_RTB_01-00001000","KTEX_EMERGENCY_RTB_01",1000,Batch,Running,AutomationPilot,0.9028634,149.53535606828473,MissionCache,True,"","D:\Workspace\MM\FlightSim\FlightSimProject\Artifacts\FoundationSmoke\smoke-00001000\KTEX_EMERGENCY_RTB_01-00001000"
135.39000000002184,"smoke-00001000","KTEX_EMERGENCY_RTB_01-00001000","KTEX_EMERGENCY_RTB_01",1000,Batch,Running,AutomationPilot,0.9040111,149.56674757646451,MissionCache,True,"","D:\Workspace\MM\FlightSim\FlightSimProject\Artifacts\FoundationSmoke\smoke-00001000\KTEX_EMERGENCY_RTB_01-00001000"
135.59000000002166,"smoke-00001000","KTEX_EMERGENCY_RTB_01-00001000","KTEX_EMERGENCY_RTB_01",1000,Batch,Running,AutomationPilot,0.9051509,149.59936514455416,MissionCache,True,"","D:\Workspace\MM\FlightSim\FlightSimProject\Artifacts\FoundationSmoke\smoke-00001000\KTEX_EMERGENCY_RTB_01-00001000"
135.79000000002148,"smoke-00001000","KTEX_EMERGENCY_RTB_01-00001000","KTEX_EMERGENCY_RTB_01",1000,Batch,Running,AutomationPilot,0.9063053,149.62949019499462,MissionCache,True,"","D:\Workspace\MM\FlightSim\FlightSimProject\Artifacts\FoundationSmoke\smoke-00001000\KTEX_EMERGENCY_RTB_01-00001000"
135.9900000000213,"smoke-00001000","KTEX_EMERGENCY_RTB_01-00001000","KTEX_EMERGENCY_RTB_01",1000,Batch,Running,AutomationPilot,0.9075346,149.64718700534553,MissionCache,True,"","D:\Workspace\MM\FlightSim\FlightSimProject\Artifacts\FoundationSmoke\smoke-00001000\KTEX_EMERGENCY_RTB_01-00001000"
136.19000000002112,"smoke-00001000","KTEX_EMERGENCY_RTB_01-00001000","KTEX_EMERGENCY_RTB_01",1000,Batch,Running,AutomationPilot,0.9087232,149.67153914417645,MissionCache,True,"","D:\Workspace\MM\FlightSim\FlightSimProject\Artifacts\FoundationSmoke\smoke-00001000\KTEX_EMERGENCY_RTB_01-00001000"
136.39000000002093,"smoke-00001000","KTEX_EMERGENCY_RTB_01-00001000","KTEX_EMERGENCY_RTB_01",1000,Batch,Running,AutomationPilot,0.9098429,149.70716373125634,MissionCache,True,"","D:\Workspace\MM\FlightSim\FlightSimProject\Artifacts\FoundationSmoke\smoke-00001000\KTEX_EMERGENCY_RTB_01-00001000"
136.59000000002075,"smoke-00001000","KTEX_EMERGENCY_RTB_01-00001000","KTEX_EMERGENCY_RTB_01",1000,Batch,Running,AutomationPilot,0.9109452,149.74556098437196,MissionCache,True,"","D:\Workspace\MM\FlightSim\FlightSimProject\Artifacts\FoundationSmoke\smoke-00001000\KTEX_EMERGENCY_RTB_01-00001000"
136.79000000002057,"smoke-00001000","KTEX_EMERGENCY_RTB_01-00001000","KTEX_EMERGENCY_RTB_01",1000,Batch,Running,AutomationPilot,0.9120558,149.78250234253292,MissionCache,True,"","D:\Workspace\MM\FlightSim\FlightSimProject\Artifacts\FoundationSmoke\smoke-00001000\KTEX_EMERGENCY_RTB_01-00001000"
136.99000000002039,"smoke-00001000","KTEX_EMERGENCY_RTB_01-00001000","KTEX_EMERGENCY_RTB_01",1000,Batch,Running,AutomationPilot,0.9133007,149.79732305036069,MissionCache,True,"","D:\Workspace\MM\FlightSim\FlightSimProject\Artifacts\FoundationSmoke\smoke-00001000\KTEX_EMERGENCY_RTB_01-00001000"
137.19000000002021,"smoke-00001000","KTEX_EMERGENCY_RTB_01-00001000","KTEX_EMERGENCY_RTB_01",1000,Batch,Running,AutomationPilot,0.91444399999999992,149.82874839795591,MissionCache,True,"","D:\Workspace\MM\FlightSim\FlightSimProject\Artifacts\FoundationSmoke\smoke-00001000\KTEX_EMERGENCY_RTB_01-00001000"
137.39000000002002,"smoke-00001000","KTEX_EMERGENCY_RTB_01-00001000","KTEX_EMERGENCY_RTB_01",1000,Batch,Running,AutomationPilot,0.9156109,149.85623259838889,MissionCache,True,"","D:\Workspace\MM\FlightSim\FlightSimProject\Artifacts\FoundationSmoke\smoke-00001000\KTEX_EMERGENCY_RTB_01-00001000"
137.59000000001984,"smoke-00001000","KTEX_EMERGENCY_RTB_01-00001000","KTEX_EMERGENCY_RTB_01",1000,Batch,Running,AutomationPilot,0.9167401,149.88981064537268,MissionCache,True,"","D:\Workspace\MM\FlightSim\FlightSimProject\Artifacts\FoundationSmoke\smoke-00001000\KTEX_EMERGENCY_RTB_01-00001000"
137.79000000001966,"smoke-00001000","KTEX_EMERGENCY_RTB_01-00001000","KTEX_EMERGENCY_RTB_01",1000,Batch,Running,AutomationPilot,0.91788439999999993,149.92083970489077,MissionCache,True,"","D:\Workspace\MM\FlightSim\FlightSimProject\Artifacts\FoundationSmoke\smoke-00001000\KTEX_EMERGENCY_RTB_01-00001000"
137.99000000001948,"smoke-00001000","KTEX_EMERGENCY_RTB_01-00001000","KTEX_EMERGENCY_RTB_01",1000,Batch,Running,AutomationPilot,0.919006,149.95549539395788,MissionCache,True,"","D:\Workspace\MM\FlightSim\FlightSimProject\Artifacts\FoundationSmoke\smoke-00001000\KTEX_EMERGENCY_RTB_01-00001000"
138.1900000000193,"smoke-00001000","KTEX_EMERGENCY_RTB_01-00001000","KTEX_EMERGENCY_RTB_01",1000,Batch,Running,AutomationPilot,0.9201269,149.99018070226995,MissionCache,True,"","D:\Workspace\MM\FlightSim\FlightSimProject\Artifacts\FoundationSmoke\smoke-00001000\KTEX_EMERGENCY_RTB_01-00001000"
138.39000000001911,"smoke-00001000","KTEX_EMERGENCY_RTB_01-00001000","KTEX_EMERGENCY_RTB_01",1000,Batch,Running,AutomationPilot,0.92124719999999993,150.02487931580069,MissionCache,True,"","D:\Workspace\MM\FlightSim\FlightSimProject\Artifacts\FoundationSmoke\smoke-00001000\KTEX_EMERGENCY_RTB_01-00001000"
138.59000000001893,"smoke-00001000","KTEX_EMERGENCY_RTB_01-00001000","KTEX_EMERGENCY_RTB_01",1000,Batch,Running,AutomationPilot,0.9223884,150.05609350683409,MissionCache,True,"","D:\Workspace\MM\FlightSim\FlightSimProject\Artifacts\FoundationSmoke\smoke-00001000\KTEX_EMERGENCY_RTB_01-00001000"
138.79000000001875,"smoke-00001000","KTEX_EMERGENCY_RTB_01-00001000","KTEX_EMERGENCY_RTB_01",1000,Batch,Running,AutomationPilot,0.9235124,150.09002586215291,MissionCache,True,"","D:\Workspace\MM\FlightSim\FlightSimProject\Artifacts\FoundationSmoke\smoke-00001000\KTEX_EMERGENCY_RTB_01-00001000"
138.99000000001857,"smoke-00001000","KTEX_EMERGENCY_RTB_01-00001000","KTEX_EMERGENCY_RTB_01",1000,Batch,Running,AutomationPilot,0.9246376,150.12368088861922,MissionCache,True,"","D:\Workspace\MM\FlightSim\FlightSimProject\Artifacts\FoundationSmoke\smoke-00001000\KTEX_EMERGENCY_RTB_01-00001000"
139.19000000001839,"smoke-00001000","KTEX_EMERGENCY_RTB_01-00001000","KTEX_EMERGENCY_RTB_01",1000,Batch,Running,AutomationPilot,0.9257685,150.15632957917509,MissionCache,True,"","D:\Workspace\MM\FlightSim\FlightSimProject\Artifacts\FoundationSmoke\smoke-00001000\KTEX_EMERGENCY_RTB_01-00001000"
139.3900000000182,"smoke-00001000","KTEX_EMERGENCY_RTB_01-00001000","KTEX_EMERGENCY_RTB_01",1000,Batch,Running,AutomationPilot,0.92762369999999994,150.07162926089359,MissionCache,True,"","D:\Workspace\MM\FlightSim\FlightSimProject\Artifacts\FoundationSmoke\smoke-00001000\KTEX_EMERGENCY_RTB_01-00001000"
139.59000000001802,"smoke-00001000","KTEX_EMERGENCY_RTB_01-00001000","KTEX_EMERGENCY_RTB_01",1000,Batch,Running,AutomationPilot,0.9287706,150.10165050446062,MissionCache,True,"","D:\Workspace\MM\FlightSim\FlightSimProject\Artifacts\FoundationSmoke\smoke-00001000\KTEX_EMERGENCY_RTB_01-00001000"
139.79000000001784,"smoke-00001000","KTEX_EMERGENCY_RTB_01-00001000","KTEX_EMERGENCY_RTB_01",1000,Batch,Running,AutomationPilot,0.9299075,150.13321217434853,MissionCache,True,"","D:\Workspace\MM\FlightSim\FlightSimProject\Artifacts\FoundationSmoke\smoke-00001000\KTEX_EMERGENCY_RTB_01-00001000"
139.99000000001766,"smoke-00001000","KTEX_EMERGENCY_RTB_01-00001000","KTEX_EMERGENCY_RTB_01",1000,Batch,Running,AutomationPilot,0.9310273,150.16745481042051,MissionCache,True,"","D:\Workspace\MM\FlightSim\FlightSimProject\Artifacts\FoundationSmoke\smoke-00001000\KTEX_EMERGENCY_RTB_01-00001000"
140.19000000001748,"smoke-00001000","KTEX_EMERGENCY_RTB_01-00001000","KTEX_EMERGENCY_RTB_01",1000,Batch,Running,AutomationPilot,0.9321411,150.20258199109304,MissionCache,True,"","D:\Workspace\MM\FlightSim\FlightSimProject\Artifacts\FoundationSmoke\smoke-00001000\KTEX_EMERGENCY_RTB_01-00001000"
140.3900000000173,"smoke-00001000","KTEX_EMERGENCY_RTB_01-00001000","KTEX_EMERGENCY_RTB_01",1000,Batch,Running,AutomationPilot,0.9332804,150.23352038681779,MissionCache,True,"","D:\Workspace\MM\FlightSim\FlightSimProject\Artifacts\FoundationSmoke\smoke-00001000\KTEX_EMERGENCY_RTB_01-00001000"
140.59000000001711,"smoke-00001000","KTEX_EMERGENCY_RTB_01-00001000","KTEX_EMERGENCY_RTB_01",1000,Batch,Running,AutomationPilot,0.93439679999999992,150.26806598654585,MissionCache,True,"","D:\Workspace\MM\FlightSim\FlightSimProject\Artifacts\FoundationSmoke\smoke-00001000\KTEX_EMERGENCY_RTB_01-00001000"
140.79000000001693,"smoke-00001000","KTEX_EMERGENCY_RTB_01-00001000","KTEX_EMERGENCY_RTB_01",1000,Batch,Running,AutomationPilot,0.93551149999999994,150.3028022638066,MissionCache,True,"","D:\Workspace\MM\FlightSim\FlightSimProject\Artifacts\FoundationSmoke\smoke-00001000\KTEX_EMERGENCY_RTB_01-00001000"
140.99000000001675,"smoke-00001000","KTEX_EMERGENCY_RTB_01-00001000","KTEX_EMERGENCY_RTB_01",1000,Batch,Running,AutomationPilot,0.93661259999999991,150.33963882187462,MissionCache,True,"","D:\Workspace\MM\FlightSim\FlightSimProject\Artifacts\FoundationSmoke\smoke-00001000\KTEX_EMERGENCY_RTB_01-00001000"
141.19000000001657,"smoke-00001000","KTEX_EMERGENCY_RTB_01-00001000","KTEX_EMERGENCY_RTB_01",1000,Batch,Running,AutomationPilot,0.9378797,150.34977300395428,MissionCache,True,"","D:\Workspace\MM\FlightSim\FlightSimProject\Artifacts\FoundationSmoke\smoke-00001000\KTEX_EMERGENCY_RTB_01-00001000"
141.39000000001639,"smoke-00001000","KTEX_EMERGENCY_RTB_01-00001000","KTEX_EMERGENCY_RTB_01",1000,Batch,Running,AutomationPilot,0.9391849,150.35378017684968,MissionCache,True,"","D:\Workspace\MM\FlightSim\FlightSimProject\Artifacts\FoundationSmoke\smoke-00001000\KTEX_EMERGENCY_RTB_01-00001000"
141.5900000000162,"smoke-00001000","KTEX_EMERGENCY_RTB_01-00001000","KTEX_EMERGENCY_RTB_01",1000,Batch,Running,AutomationPilot,0.94036389999999992,150.37795474711055,MissionCache,True,"","D:\Workspace\MM\FlightSim\FlightSimProject\Artifacts\FoundationSmoke\smoke-00001000\KTEX_EMERGENCY_RTB_01-00001000"
141.79000000001602,"smoke-00001000","KTEX_EMERGENCY_RTB_01-00001000","KTEX_EMERGENCY_RTB_01",1000,Batch,Running,AutomationPilot,0.9415482,150.40122215731091,MissionCache,True,"","D:\Workspace\MM\FlightSim\FlightSimProject\Artifacts\FoundationSmoke\smoke-00001000\KTEX_EMERGENCY_RTB_01-00001000"
141.99000000001584,"smoke-00001000","KTEX_EMERGENCY_RTB_01-00001000","KTEX_EMERGENCY_RTB_01",1000,Batch,Running,AutomationPilot,0.9426566,150.43654285135861,MissionCache,True,"","D:\Workspace\MM\FlightSim\FlightSimProject\Artifacts\FoundationSmoke\smoke-00001000\KTEX_EMERGENCY_RTB_01-00001000"
142.19000000001566,"smoke-00001000","KTEX_EMERGENCY_RTB_01-00001000","KTEX_EMERGENCY_RTB_01",1000,Batch,Running,AutomationPilot,0.9437703,150.47093556558818,MissionCache,True,"","D:\Workspace\MM\FlightSim\FlightSimProject\Artifacts\FoundationSmoke\smoke-00001000\KTEX_EMERGENCY_RTB_01-00001000"
142.39000000001548,"smoke-00001000","KTEX_EMERGENCY_RTB_01-00001000","KTEX_EMERGENCY_RTB_01",1000,Batch,Running,AutomationPilot,0.9448804,150.50582063086043,MissionCache,True,"","D:\Workspace\MM\FlightSim\FlightSimProject\Artifacts\FoundationSmoke\smoke-00001000\KTEX_EMERGENCY_RTB_01-00001000"
142.59000000001529,"smoke-00001000","KTEX_EMERGENCY_RTB_01-00001000","KTEX_EMERGENCY_RTB_01",1000,Batch,Running,AutomationPilot,0.94601589999999991,150.53658189044759,MissionCache,True,"","D:\Workspace\MM\FlightSim\FlightSimProject\Artifacts\FoundationSmoke\smoke-00001000\KTEX_EMERGENCY_RTB_01-00001000"
142.79000000001511,"smoke-00001000","KTEX_EMERGENCY_RTB_01-00001000","KTEX_EMERGENCY_RTB_01",1000,Batch,Running,AutomationPilot,0.9471294,150.57076678225306,MissionCache,True,"","D:\Workspace\MM\FlightSim\FlightSimProject\Artifacts\FoundationSmoke\smoke-00001000\KTEX_EMERGENCY_RTB_01-00001000"
142.99000000001493,"smoke-00001000","KTEX_EMERGENCY_RTB_01-00001000","KTEX_EMERGENCY_RTB_01",1000,Batch,Running,AutomationPilot,0.9482398,150.60536374872169,MissionCache,True,"","D:\Workspace\MM\FlightSim\FlightSimProject\Artifacts\FoundationSmoke\smoke-00001000\KTEX_EMERGENCY_RTB_01-00001000"
143.19000000001475,"smoke-00001000","KTEX_EMERGENCY_RTB_01-00001000","KTEX_EMERGENCY_RTB_01",1000,Batch,Running,AutomationPilot,0.94934679999999994,150.64041928620281,MissionCache,True,"","D:\Workspace\MM\FlightSim\FlightSimProject\Artifacts\FoundationSmoke\smoke-00001000\KTEX_EMERGENCY_RTB_01-00001000"
143.39000000001457,"smoke-00001000","KTEX_EMERGENCY_RTB_01-00001000","KTEX_EMERGENCY_RTB_01",1000,Batch,Running,AutomationPilot,0.95048979999999994,150.66968630280383,MissionCache,True,"","D:\Workspace\MM\FlightSim\FlightSimProject\Artifacts\FoundationSmoke\smoke-00001000\KTEX_EMERGENCY_RTB_01-00001000"
143.59000000001438,"smoke-00001000","KTEX_EMERGENCY_RTB_01-00001000","KTEX_EMERGENCY_RTB_01",1000,Batch,Running,AutomationPilot,0.95162309999999994,150.700419105016,MissionCache,True,"","D:\Workspace\MM\FlightSim\FlightSimProject\Artifacts\FoundationSmoke\smoke-00001000\KTEX_EMERGENCY_RTB_01-00001000"
143.7900000000142,"smoke-00001000","KTEX_EMERGENCY_RTB_01-00001000","KTEX_EMERGENCY_RTB_01",1000,Batch,Running,AutomationPilot,0.95343,150.62458701741539,MissionCache,True,"","D:\Workspace\MM\FlightSim\FlightSimProject\Artifacts\FoundationSmoke\smoke-00001000\KTEX_EMERGENCY_RTB_01-00001000"
143.99000000001402,"smoke-00001000","KTEX_EMERGENCY_RTB_01-00001000","KTEX_EMERGENCY_RTB_01",1000,Batch,Running,AutomationPilot,0.95455539999999994,150.65652554059639,MissionCache,True,"","D:\Workspace\MM\FlightSim\FlightSimProject\Artifacts\FoundationSmoke\smoke-00001000\KTEX_EMERGENCY_RTB_01-00001000"
144.19000000001384,"smoke-00001000","KTEX_EMERGENCY_RTB_01-00001000","KTEX_EMERGENCY_RTB_01",1000,Batch,Running,AutomationPilot,0.95569189999999993,150.6866386541667,MissionCache,True,"","D:\Workspace\MM\FlightSim\FlightSimProject\Artifacts\FoundationSmoke\smoke-00001000\KTEX_EMERGENCY_RTB_01-00001000"
144.39000000001366,"smoke-00001000","KTEX_EMERGENCY_RTB_01-00001000","KTEX_EMERGENCY_RTB_01",1000,Batch,Running,AutomationPilot,0.9568091,150.71972037056693,MissionCache,True,"","D:\Workspace\MM\FlightSim\FlightSimProject\Artifacts\FoundationSmoke\smoke-00001000\KTEX_EMERGENCY_RTB_01-00001000"
144.59000000001348,"smoke-00001000","KTEX_EMERGENCY_RTB_01-00001000","KTEX_EMERGENCY_RTB_01",1000,Batch,Running,AutomationPilot,0.9578993,150.75697414124181,MissionCache,True,"","D:\Workspace\MM\FlightSim\FlightSimProject\Artifacts\FoundationSmoke\smoke-00001000\KTEX_EMERGENCY_RTB_01-00001000"
144.79000000001329,"smoke-00001000","KTEX_EMERGENCY_RTB_01-00001000","KTEX_EMERGENCY_RTB_01",1000,Batch,Running,AutomationPilot,0.95899819999999991,150.79277521064532,MissionCache,True,"","D:\Workspace\MM\FlightSim\FlightSimProject\Artifacts\FoundationSmoke\smoke-00001000\KTEX_EMERGENCY_RTB_01-00001000"
144.99000000001311,"smoke-00001000","KTEX_EMERGENCY_RTB_01-00001000","KTEX_EMERGENCY_RTB_01",1000,Batch,Running,AutomationPilot,0.9600972,150.82847861655389,MissionCache,True,"","D:\Workspace\MM\FlightSim\FlightSimProject\Artifacts\FoundationSmoke\smoke-00001000\KTEX_EMERGENCY_RTB_01-00001000"
145.19000000001293,"smoke-00001000","KTEX_EMERGENCY_RTB_01-00001000","KTEX_EMERGENCY_RTB_01",1000,Batch,Running,AutomationPilot,0.96118569999999992,150.86574841886755,MissionCache,True,"","D:\Workspace\MM\FlightSim\FlightSimProject\Artifacts\FoundationSmoke\smoke-00001000\KTEX_EMERGENCY_RTB_01-00001000"
145.39000000001275,"smoke-00001000","KTEX_EMERGENCY_RTB_01-00001000","KTEX_EMERGENCY_RTB_01",1000,Batch,Running,AutomationPilot,0.96233079999999993,150.89405846722659,MissionCache,True,"","D:\Workspace\MM\FlightSim\FlightSimProject\Artifacts\FoundationSmoke\smoke-00001000\KTEX_EMERGENCY_RTB_01-00001000"
145.59000000001257,"smoke-00001000","KTEX_EMERGENCY_RTB_01-00001000","KTEX_EMERGENCY_RTB_01",1000,Batch,Running,AutomationPilot,0.9639131,150.85384771719851,MissionCache,True,"","D:\Workspace\MM\FlightSim\FlightSimProject\Artifacts\FoundationSmoke\smoke-00001000\KTEX_EMERGENCY_RTB_01-00001000"
145.79000000001238,"smoke-00001000","KTEX_EMERGENCY_RTB_01-00001000","KTEX_EMERGENCY_RTB_01",1000,Batch,Running,AutomationPilot,0.9652202,150.85676822761536,MissionCache,True,"","D:\Workspace\MM\FlightSim\FlightSimProject\Artifacts\FoundationSmoke\smoke-00001000\KTEX_EMERGENCY_RTB_01-00001000"
145.9900000000122,"smoke-00001000","KTEX_EMERGENCY_RTB_01-00001000","KTEX_EMERGENCY_RTB_01",1000,Batch,Running,AutomationPilot,0.96631519999999993,150.89279357295877,MissionCache,True,"","D:\Workspace\MM\FlightSim\FlightSimProject\Artifacts\FoundationSmoke\smoke-00001000\KTEX_EMERGENCY_RTB_01-00001000"
146.19000000001202,"smoke-00001000","KTEX_EMERGENCY_RTB_01-00001000","KTEX_EMERGENCY_RTB_01",1000,Batch,Running,AutomationPilot,0.96742719999999993,150.92608518761122,MissionCache,True,"","D:\Workspace\MM\FlightSim\FlightSimProject\Artifacts\FoundationSmoke\smoke-00001000\KTEX_EMERGENCY_RTB_01-00001000"
146.39000000001184,"smoke-00001000","KTEX_EMERGENCY_RTB_01-00001000","KTEX_EMERGENCY_RTB_01",1000,Batch,Running,AutomationPilot,0.9686654,150.93963302499708,MissionCache,True,"","D:\Workspace\MM\FlightSim\FlightSimProject\Artifacts\FoundationSmoke\smoke-00001000\KTEX_EMERGENCY_RTB_01-00001000"
146.59000000001166,"smoke-00001000","KTEX_EMERGENCY_RTB_01-00001000","KTEX_EMERGENCY_RTB_01",1000,Batch,Running,AutomationPilot,0.96983469999999994,150.96387044102653,MissionCache,True,"","D:\Workspace\MM\FlightSim\FlightSimProject\Artifacts\FoundationSmoke\smoke-00001000\KTEX_EMERGENCY_RTB_01-00001000"
146.79000000001147,"smoke-00001000","KTEX_EMERGENCY_RTB_01-00001000","KTEX_EMERGENCY_RTB_01",1000,Batch,Running,AutomationPilot,0.9709511999999999,150.99626016221171,MissionCache,True,"","D:\Workspace\MM\FlightSim\FlightSimProject\Artifacts\FoundationSmoke\smoke-00001000\KTEX_EMERGENCY_RTB_01-00001000"
146.99000000001129,"smoke-00001000","KTEX_EMERGENCY_RTB_01-00001000","KTEX_EMERGENCY_RTB_01",1000,Batch,Running,AutomationPilot,0.97205789999999992,151.03009810425024,MissionCache,True,"","D:\Workspace\MM\FlightSim\FlightSimProject\Artifacts\FoundationSmoke\smoke-00001000\KTEX_EMERGENCY_RTB_01-00001000"
147.19000000001111,"smoke-00001000","KTEX_EMERGENCY_RTB_01-00001000","KTEX_EMERGENCY_RTB_01",1000,Batch,Running,AutomationPilot,0.97317349999999991,151.06247755411681,MissionCache,True,"","D:\Workspace\MM\FlightSim\FlightSimProject\Artifacts\FoundationSmoke\smoke-00001000\KTEX_EMERGENCY_RTB_01-00001000"
147.39000000001093,"smoke-00001000","KTEX_EMERGENCY_RTB_01-00001000","KTEX_EMERGENCY_RTB_01",1000,Batch,Running,AutomationPilot,0.9742963,151.09366626970777,MissionCache,True,"","D:\Workspace\MM\FlightSim\FlightSimProject\Artifacts\FoundationSmoke\smoke-00001000\KTEX_EMERGENCY_RTB_01-00001000"
147.59000000001075,"smoke-00001000","KTEX_EMERGENCY_RTB_01-00001000","KTEX_EMERGENCY_RTB_01",1000,Batch,Running,AutomationPilot,0.97539579999999992,151.12839321228461,MissionCache,True,"","D:\Workspace\MM\FlightSim\FlightSimProject\Artifacts\FoundationSmoke\smoke-00001000\KTEX_EMERGENCY_RTB_01-00001000"
147.79000000001056,"smoke-00001000","KTEX_EMERGENCY_RTB_01-00001000","KTEX_EMERGENCY_RTB_01",1000,Batch,Running,AutomationPilot,0.97652909999999993,151.15780983896,MissionCache,True,"","D:\Workspace\MM\FlightSim\FlightSimProject\Artifacts\FoundationSmoke\smoke-00001000\KTEX_EMERGENCY_RTB_01-00001000"
147.99000000001038,"smoke-00001000","KTEX_EMERGENCY_RTB_01-00001000","KTEX_EMERGENCY_RTB_01",1000,Batch,Running,AutomationPilot,0.9783061,151.08768104380678,MissionCache,True,"","D:\Workspace\MM\FlightSim\FlightSimProject\Artifacts\FoundationSmoke\smoke-00001000\KTEX_EMERGENCY_RTB_01-00001000"
148.1900000000102,"smoke-00001000","KTEX_EMERGENCY_RTB_01-00001000","KTEX_EMERGENCY_RTB_01",1000,Batch,Running,AutomationPilot,0.9794546999999999,151.11469677975958,MissionCache,True,"","D:\Workspace\MM\FlightSim\FlightSimProject\Artifacts\FoundationSmoke\smoke-00001000\KTEX_EMERGENCY_RTB_01-00001000"
148.39000000001002,"smoke-00001000","KTEX_EMERGENCY_RTB_01-00001000","KTEX_EMERGENCY_RTB_01",1000,Batch,Running,AutomationPilot,0.98060839999999994,151.14086316210447,MissionCache,True,"","D:\Workspace\MM\FlightSim\FlightSimProject\Artifacts\FoundationSmoke\smoke-00001000\KTEX_EMERGENCY_RTB_01-00001000"
148.59000000000984,"smoke-00001000","KTEX_EMERGENCY_RTB_01-00001000","KTEX_EMERGENCY_RTB_01",1000,Batch,Running,AutomationPilot,0.98175209999999991,151.16850781374444,MissionCache,True,"","D:\Workspace\MM\FlightSim\FlightSimProject\Artifacts\FoundationSmoke\smoke-00001000\KTEX_EMERGENCY_RTB_01-00001000"
148.79000000000966,"smoke-00001000","KTEX_EMERGENCY_RTB_01-00001000","KTEX_EMERGENCY_RTB_01",1000,Batch,Running,AutomationPilot,0.9829614,151.1859977411217,MissionCache,True,"","D:\Workspace\MM\FlightSim\FlightSimProject\Artifacts\FoundationSmoke\smoke-00001000\KTEX_EMERGENCY_RTB_01-00001000"
148.99000000000947,"smoke-00001000","KTEX_EMERGENCY_RTB_01-00001000","KTEX_EMERGENCY_RTB_01",1000,Batch,Running,AutomationPilot,0.9841346,151.20899112784943,MissionCache,True,"","D:\Workspace\MM\FlightSim\FlightSimProject\Artifacts\FoundationSmoke\smoke-00001000\KTEX_EMERGENCY_RTB_01-00001000"
149.19000000000929,"smoke-00001000","KTEX_EMERGENCY_RTB_01-00001000","KTEX_EMERGENCY_RTB_01",1000,Batch,Running,AutomationPilot,0.9852928,151.23423209832595,MissionCache,True,"","D:\Workspace\MM\FlightSim\FlightSimProject\Artifacts\FoundationSmoke\smoke-00001000\KTEX_EMERGENCY_RTB_01-00001000"
149.39000000000911,"smoke-00001000","KTEX_EMERGENCY_RTB_01-00001000","KTEX_EMERGENCY_RTB_01",1000,Batch,Running,AutomationPilot,0.9864742,151.25585646336143,MissionCache,True,"","D:\Workspace\MM\FlightSim\FlightSimProject\Artifacts\FoundationSmoke\smoke-00001000\KTEX_EMERGENCY_RTB_01-00001000"
149.59000000000893,"smoke-00001000","KTEX_EMERGENCY_RTB_01-00001000","KTEX_EMERGENCY_RTB_01",1000,Batch,Running,AutomationPilot,0.9876394,151.27991046125652,MissionCache,True,"","D:\Workspace\MM\FlightSim\FlightSimProject\Artifacts\FoundationSmoke\smoke-00001000\KTEX_EMERGENCY_RTB_01-00001000"
149.79000000000875,"smoke-00001000","KTEX_EMERGENCY_RTB_01-00001000","KTEX_EMERGENCY_RTB_01",1000,Batch,Running,AutomationPilot,0.9888077999999999,151.30341811624962,MissionCache,True,"","D:\Workspace\MM\FlightSim\FlightSimProject\Artifacts\FoundationSmoke\smoke-00001000\KTEX_EMERGENCY_RTB_01-00001000"
149.99000000000856,"smoke-00001000","KTEX_EMERGENCY_RTB_01-00001000","KTEX_EMERGENCY_RTB_01",1000,Batch,Running,AutomationPilot,0.989961,151.3291937763293,MissionCache,True,"","D:\Workspace\MM\FlightSim\FlightSimProject\Artifacts\FoundationSmoke\smoke-00001000\KTEX_EMERGENCY_RTB_01-00001000"
150.19000000000838,"smoke-00001000","KTEX_EMERGENCY_RTB_01-00001000","KTEX_EMERGENCY_RTB_01",1000,Batch,Running,AutomationPilot,0.99113109999999993,151.35232866772978,MissionCache,True,"","D:\Workspace\MM\FlightSim\FlightSimProject\Artifacts\FoundationSmoke\smoke-00001000\KTEX_EMERGENCY_RTB_01-00001000"
150.3900000000082,"smoke-00001000","KTEX_EMERGENCY_RTB_01-00001000","KTEX_EMERGENCY_RTB_01",1000,Batch,Running,AutomationPilot,0.9922955,151.37627853800441,MissionCache,True,"","D:\Workspace\MM\FlightSim\FlightSimProject\Artifacts\FoundationSmoke\smoke-00001000\KTEX_EMERGENCY_RTB_01-00001000"
150.59000000000802,"smoke-00001000","KTEX_EMERGENCY_RTB_01-00001000","KTEX_EMERGENCY_RTB_01",1000,Batch,Running,AutomationPilot,0.9934619,151.39986747353691,MissionCache,True,"","D:\Workspace\MM\FlightSim\FlightSimProject\Artifacts\FoundationSmoke\smoke-00001000\KTEX_EMERGENCY_RTB_01-00001000"
150.79000000000784,"smoke-00001000","KTEX_EMERGENCY_RTB_01-00001000","KTEX_EMERGENCY_RTB_01",1000,Batch,Running,AutomationPilot,0.994624,151.42405572357796,MissionCache,True,"","D:\Workspace\MM\FlightSim\FlightSimProject\Artifacts\FoundationSmoke\smoke-00001000\KTEX_EMERGENCY_RTB_01-00001000"
150.99000000000765,"smoke-00001000","KTEX_EMERGENCY_RTB_01-00001000","KTEX_EMERGENCY_RTB_01",1000,Batch,Running,AutomationPilot,0.9958402,151.43995994538867,MissionCache,True,"","D:\Workspace\MM\FlightSim\FlightSimProject\Artifacts\FoundationSmoke\smoke-00001000\KTEX_EMERGENCY_RTB_01-00001000"
151.19000000000747,"smoke-00001000","KTEX_EMERGENCY_RTB_01-00001000","KTEX_EMERGENCY_RTB_01",1000,Batch,Running,AutomationPilot,0.9969985,151.46462106011958,MissionCache,True,"","D:\Workspace\MM\FlightSim\FlightSimProject\Artifacts\FoundationSmoke\smoke-00001000\KTEX_EMERGENCY_RTB_01-00001000"
151.39000000000729,"smoke-00001000","KTEX_EMERGENCY_RTB_01-00001000","KTEX_EMERGENCY_RTB_01",1000,Batch,Running,AutomationPilot,0.99815369999999992,151.48969542467003,MissionCache,True,"","D:\Workspace\MM\FlightSim\FlightSimProject\Artifacts\FoundationSmoke\smoke-00001000\KTEX_EMERGENCY_RTB_01-00001000"
151.59000000000711,"smoke-00001000","KTEX_EMERGENCY_RTB_01-00001000","KTEX_EMERGENCY_RTB_01",1000,Batch,Running,AutomationPilot,0.9993185,151.51325628416492,MissionCache,True,"","D:\Workspace\MM\FlightSim\FlightSimProject\Artifacts\FoundationSmoke\smoke-00001000\KTEX_EMERGENCY_RTB_01-00001000"
151.79000000000693,"smoke-00001000","KTEX_EMERGENCY_RTB_01-00001000","KTEX_EMERGENCY_RTB_01",1000,Batch,Running,AutomationPilot,1.0007199,151.5009344772769,MissionCache,True,"","D:\Workspace\MM\FlightSim\FlightSimProject\Artifacts\FoundationSmoke\smoke-00001000\KTEX_EMERGENCY_RTB_01-00001000"
151.99000000000675,"smoke-00001000","KTEX_EMERGENCY_RTB_01-00001000","KTEX_EMERGENCY_RTB_01",1000,Batch,Running,AutomationPilot,1.0018738999999999,151.52605532493354,MissionCache,True,"","D:\Workspace\MM\FlightSim\FlightSimProject\Artifacts\FoundationSmoke\smoke-00001000\KTEX_EMERGENCY_RTB_01-00001000"
152.19000000000656,"smoke-00001000","KTEX_EMERGENCY_RTB_01-00001000","KTEX_EMERGENCY_RTB_01",1000,Batch,Running,AutomationPilot,1.0036566999999998,151.45617022235467,MissionCache,True,"","D:\Workspace\MM\FlightSim\FlightSimProject\Artifacts\FoundationSmoke\smoke-00001000\KTEX_EMERGENCY_RTB_01-00001000"
152.39000000000638,"smoke-00001000","KTEX_EMERGENCY_RTB_01-00001000","KTEX_EMERGENCY_RTB_01",1000,Batch,Running,AutomationPilot,1.0048279,151.47867609966497,MissionCache,True,"","D:\Workspace\MM\FlightSim\FlightSimProject\Artifacts\FoundationSmoke\smoke-00001000\KTEX_EMERGENCY_RTB_01-00001000"
152.5900000000062,"smoke-00001000","KTEX_EMERGENCY_RTB_01-00001000","KTEX_EMERGENCY_RTB_01",1000,Batch,Running,AutomationPilot,1.0059809,151.50387050092738,MissionCache,True,"","D:\Workspace\MM\FlightSim\FlightSimProject\Artifacts\FoundationSmoke\smoke-00001000\KTEX_EMERGENCY_RTB_01-00001000"
152.79000000000602,"smoke-00001000","KTEX_EMERGENCY_RTB_01-00001000","KTEX_EMERGENCY_RTB_01",1000,Batch,Running,AutomationPilot,1.0071544,151.5259229369461,MissionCache,True,"","D:\Workspace\MM\FlightSim\FlightSimProject\Artifacts\FoundationSmoke\smoke-00001000\KTEX_EMERGENCY_RTB_01-00001000"
152.99000000000584,"smoke-00001000","KTEX_EMERGENCY_RTB_01-00001000","KTEX_EMERGENCY_RTB_01",1000,Batch,Running,AutomationPilot,1.0083153,151.54981780005321,MissionCache,True,"","D:\Workspace\MM\FlightSim\FlightSimProject\Artifacts\FoundationSmoke\smoke-00001000\KTEX_EMERGENCY_RTB_01-00001000"
153.19000000000565,"smoke-00001000","KTEX_EMERGENCY_RTB_01-00001000","KTEX_EMERGENCY_RTB_01",1000,Batch,Running,AutomationPilot,1.0094768,151.57356761443731,MissionCache,True,"","D:\Workspace\MM\FlightSim\FlightSimProject\Artifacts\FoundationSmoke\smoke-00001000\KTEX_EMERGENCY_RTB_01-00001000"
153.39000000000547,"smoke-00001000","KTEX_EMERGENCY_RTB_01-00001000","KTEX_EMERGENCY_RTB_01",1000,Batch,Running,AutomationPilot,1.0106293,151.59861286428728,MissionCache,True,"","D:\Workspace\MM\FlightSim\FlightSimProject\Artifacts\FoundationSmoke\smoke-00001000\KTEX_EMERGENCY_RTB_01-00001000"
153.59000000000529,"smoke-00001000","KTEX_EMERGENCY_RTB_01-00001000","KTEX_EMERGENCY_RTB_01",1000,Batch,Running,AutomationPilot,1.0117885,151.62259701509302,MissionCache,True,"","D:\Workspace\MM\FlightSim\FlightSimProject\Artifacts\FoundationSmoke\smoke-00001000\KTEX_EMERGENCY_RTB_01-00001000"
153.79000000000511,"smoke-00001000","KTEX_EMERGENCY_RTB_01-00001000","KTEX_EMERGENCY_RTB_01",1000,Batch,Running,AutomationPilot,1.0129538,151.64561305758,MissionCache,True,"","D:\Workspace\MM\FlightSim\FlightSimProject\Artifacts\FoundationSmoke\smoke-00001000\KTEX_EMERGENCY_RTB_01-00001000"
153.99000000000493,"smoke-00001000","KTEX_EMERGENCY_RTB_01-00001000","KTEX_EMERGENCY_RTB_01",1000,Batch,Running,AutomationPilot,1.0141259999999999,151.667544269652,MissionCache,True,"","D:\Workspace\MM\FlightSim\FlightSimProject\Artifacts\FoundationSmoke\smoke-00001000\KTEX_EMERGENCY_RTB_01-00001000"
154.19000000000474,"smoke-00001000","KTEX_EMERGENCY_RTB_01-00001000","KTEX_EMERGENCY_RTB_01",1000,Batch,Running,AutomationPilot,1.0153153,151.68687007868877,MissionCache,True,"","D:\Workspace\MM\FlightSim\FlightSimProject\Artifacts\FoundationSmoke\smoke-00001000\KTEX_EMERGENCY_RTB_01-00001000"
154.39000000000456,"smoke-00001000","KTEX_EMERGENCY_RTB_01-00001000","KTEX_EMERGENCY_RTB_01",1000,Batch,Running,AutomationPilot,1.0165233,151.70335987380193,MissionCache,True,"","D:\Workspace\MM\FlightSim\FlightSimProject\Artifacts\FoundationSmoke\smoke-00001000\KTEX_EMERGENCY_RTB_01-00001000"
154.59000000000438,"smoke-00001000","KTEX_EMERGENCY_RTB_01-00001000","KTEX_EMERGENCY_RTB_01",1000,Batch,Running,AutomationPilot,1.0176914,151.72575890884463,MissionCache,True,"","D:\Workspace\MM\FlightSim\FlightSimProject\Artifacts\FoundationSmoke\smoke-00001000\KTEX_EMERGENCY_RTB_01-00001000"
154.7900000000042,"smoke-00001000","KTEX_EMERGENCY_RTB_01-00001000","KTEX_EMERGENCY_RTB_01",1000,Batch,Running,AutomationPilot,1.0188614,151.74782359995615,MissionCache,True,"","D:\Workspace\MM\FlightSim\FlightSimProject\Artifacts\FoundationSmoke\smoke-00001000\KTEX_EMERGENCY_RTB_01-00001000"
154.99000000000402,"smoke-00001000","KTEX_EMERGENCY_RTB_01-00001000","KTEX_EMERGENCY_RTB_01",1000,Batch,Running,AutomationPilot,1.0200728,151.76367804337514,MissionCache,True,"","D:\Workspace\MM\FlightSim\FlightSimProject\Artifacts\FoundationSmoke\smoke-00001000\KTEX_EMERGENCY_RTB_01-00001000"
155.19000000000383,"smoke-00001000","KTEX_EMERGENCY_RTB_01-00001000","KTEX_EMERGENCY_RTB_01",1000,Batch,Running,AutomationPilot,1.0212325,151.78717872766876,MissionCache,True,"","D:\Workspace\MM\FlightSim\FlightSimProject\Artifacts\FoundationSmoke\smoke-00001000\KTEX_EMERGENCY_RTB_01-00001000"
155.39000000000365,"smoke-00001000","KTEX_EMERGENCY_RTB_01-00001000","KTEX_EMERGENCY_RTB_01",1000,Batch,Running,AutomationPilot,1.0223815,151.81221491195197,MissionCache,True,"","D:\Workspace\MM\FlightSim\FlightSimProject\Artifacts\FoundationSmoke\smoke-00001000\KTEX_EMERGENCY_RTB_01-00001000"
155.59000000000347,"smoke-00001000","KTEX_EMERGENCY_RTB_01-00001000","KTEX_EMERGENCY_RTB_01",1000,Batch,Running,AutomationPilot,1.0235934,151.82786446259192,MissionCache,True,"","D:\Workspace\MM\FlightSim\FlightSimProject\Artifacts\FoundationSmoke\smoke-00001000\KTEX_EMERGENCY_RTB_01-00001000"
155.79000000000329,"smoke-00001000","KTEX_EMERGENCY_RTB_01-00001000","KTEX_EMERGENCY_RTB_01",1000,Batch,Running,AutomationPilot,1.0247524,151.85131549826423,MissionCache,True,"","D:\Workspace\MM\FlightSim\FlightSimProject\Artifacts\FoundationSmoke\smoke-00001000\KTEX_EMERGENCY_RTB_01-00001000"
155.99000000000311,"smoke-00001000","KTEX_EMERGENCY_RTB_01-00001000","KTEX_EMERGENCY_RTB_01",1000,Batch,Running,AutomationPilot,1.0259241,151.87283347764546,MissionCache,True,"","D:\Workspace\MM\FlightSim\FlightSimProject\Artifacts\FoundationSmoke\smoke-00001000\KTEX_EMERGENCY_RTB_01-00001000"
156.19000000000293,"smoke-00001000","KTEX_EMERGENCY_RTB_01-00001000","KTEX_EMERGENCY_RTB_01",1000,Batch,Running,AutomationPilot,1.0270865,151.89567772529682,MissionCache,True,"","D:\Workspace\MM\FlightSim\FlightSimProject\Artifacts\FoundationSmoke\smoke-00001000\KTEX_EMERGENCY_RTB_01-00001000"
156.39000000000274,"smoke-00001000","KTEX_EMERGENCY_RTB_01-00001000","KTEX_EMERGENCY_RTB_01",1000,Batch,Running,AutomationPilot,1.0288475,151.83008171765292,MissionCache,True,"","D:\Workspace\MM\FlightSim\FlightSimProject\Artifacts\FoundationSmoke\smoke-00001000\KTEX_EMERGENCY_RTB_01-00001000"
156.59000000000256,"smoke-00001000","KTEX_EMERGENCY_RTB_01-00001000","KTEX_EMERGENCY_RTB_01",1000,Batch,Running,AutomationPilot,1.0300197,151.85146458849547,MissionCache,True,"","D:\Workspace\MM\FlightSim\FlightSimProject\Artifacts\FoundationSmoke\smoke-00001000\KTEX_EMERGENCY_RTB_01-00001000"
156.79000000000238,"smoke-00001000","KTEX_EMERGENCY_RTB_01-00001000","KTEX_EMERGENCY_RTB_01",1000,Batch,Running,AutomationPilot,1.031217,151.86910223551641,MissionCache,True,"","D:\Workspace\MM\FlightSim\FlightSimProject\Artifacts\FoundationSmoke\smoke-00001000\KTEX_EMERGENCY_RTB_01-00001000"
156.9900000000022,"smoke-00001000","KTEX_EMERGENCY_RTB_01-00001000","KTEX_EMERGENCY_RTB_01",1000,Batch,Running,AutomationPilot,1.0323939,151.88970023941673,MissionCache,True,"","D:\Workspace\MM\FlightSim\FlightSimProject\Artifacts\FoundationSmoke\smoke-00001000\KTEX_EMERGENCY_RTB_01-00001000"
157.19000000000202,"smoke-00001000","KTEX_EMERGENCY_RTB_01-00001000","KTEX_EMERGENCY_RTB_01",1000,Batch,Running,AutomationPilot,1.0337352,151.88609229907445,MissionCache,True,"","D:\Workspace\MM\FlightSim\FlightSimProject\Artifacts\FoundationSmoke\smoke-00001000\KTEX_EMERGENCY_RTB_01-00001000"
157.39000000000183,"smoke-00001000","KTEX_EMERGENCY_RTB_01-00001000","KTEX_EMERGENCY_RTB_01",1000,Batch,Running,AutomationPilot,1.0349083,151.90717863602217,MissionCache,True,"","D:\Workspace\MM\FlightSim\FlightSimProject\Artifacts\FoundationSmoke\smoke-00001000\KTEX_EMERGENCY_RTB_01-00001000"
157.59000000000165,"smoke-00001000","KTEX_EMERGENCY_RTB_01-00001000","KTEX_EMERGENCY_RTB_01",1000,Batch,Running,AutomationPilot,1.0360658999999999,151.93049013581262,MissionCache,True,"","D:\Workspace\MM\FlightSim\FlightSimProject\Artifacts\FoundationSmoke\smoke-00001000\KTEX_EMERGENCY_RTB_01-00001000"
157.79000000000147,"smoke-00001000","KTEX_EMERGENCY_RTB_01-00001000","KTEX_EMERGENCY_RTB_01",1000,Batch,Running,AutomationPilot,1.0372359,151.95193301736049,MissionCache,True,"","D:\Workspace\MM\FlightSim\FlightSimProject\Artifacts\FoundationSmoke\smoke-00001000\KTEX_EMERGENCY_RTB_01-00001000"
157.99000000000129,"smoke-00001000","KTEX_EMERGENCY_RTB_01-00001000","KTEX_EMERGENCY_RTB_01",1000,Batch,Running,AutomationPilot,1.0384399,151.96835175536057,MissionCache,True,"","D:\Workspace\MM\FlightSim\FlightSimProject\Artifacts\FoundationSmoke\smoke-00001000\KTEX_EMERGENCY_RTB_01-00001000"
158.19000000000111,"smoke-00001000","KTEX_EMERGENCY_RTB_01-00001000","KTEX_EMERGENCY_RTB_01",1000,Batch,Running,AutomationPilot,1.0396106,151.98960072165605,MissionCache,True,"","D:\Workspace\MM\FlightSim\FlightSimProject\Artifacts\FoundationSmoke\smoke-00001000\KTEX_EMERGENCY_RTB_01-00001000"
158.39000000000092,"smoke-00001000","KTEX_EMERGENCY_RTB_01-00001000","KTEX_EMERGENCY_RTB_01",1000,Batch,Running,AutomationPilot,1.040786,152.01011543199186,MissionCache,True,"","D:\Workspace\MM\FlightSim\FlightSimProject\Artifacts\FoundationSmoke\smoke-00001000\KTEX_EMERGENCY_RTB_01-00001000"
158.59000000000074,"smoke-00001000","KTEX_EMERGENCY_RTB_01-00001000","KTEX_EMERGENCY_RTB_01",1000,Batch,Running,AutomationPilot,1.0419386,152.03391063542603,MissionCache,True,"","D:\Workspace\MM\FlightSim\FlightSimProject\Artifacts\FoundationSmoke\smoke-00001000\KTEX_EMERGENCY_RTB_01-00001000"
158.79000000000056,"smoke-00001000","KTEX_EMERGENCY_RTB_01-00001000","KTEX_EMERGENCY_RTB_01",1000,Batch,Running,AutomationPilot,1.0432242,152.03826751718444,MissionCache,True,"","D:\Workspace\MM\FlightSim\FlightSimProject\Artifacts\FoundationSmoke\smoke-00001000\KTEX_EMERGENCY_RTB_01-00001000"
158.99000000000038,"smoke-00001000","KTEX_EMERGENCY_RTB_01-00001000","KTEX_EMERGENCY_RTB_01",1000,Batch,Running,AutomationPilot,1.044436,152.05335702714245,MissionCache,True,"","D:\Workspace\MM\FlightSim\FlightSimProject\Artifacts\FoundationSmoke\smoke-00001000\KTEX_EMERGENCY_RTB_01-00001000"
159.1900000000002,"smoke-00001000","KTEX_EMERGENCY_RTB_01-00001000","KTEX_EMERGENCY_RTB_01",1000,Batch,Running,AutomationPilot,1.0455950999999999,152.07607610249931,MissionCache,True,"","D:\Workspace\MM\FlightSim\FlightSimProject\Artifacts\FoundationSmoke\smoke-00001000\KTEX_EMERGENCY_RTB_01-00001000"
159.39000000000001,"smoke-00001000","KTEX_EMERGENCY_RTB_01-00001000","KTEX_EMERGENCY_RTB_01",1000,Batch,Running,AutomationPilot,1.0467819,152.09472001760841,MissionCache,True,"","D:\Workspace\MM\FlightSim\FlightSimProject\Artifacts\FoundationSmoke\smoke-00001000\KTEX_EMERGENCY_RTB_01-00001000"
159.58999999999983,"smoke-00001000","KTEX_EMERGENCY_RTB_01-00001000","KTEX_EMERGENCY_RTB_01",1000,Batch,Running,AutomationPilot,1.0479327,152.11854730747498,MissionCache,True,"","D:\Workspace\MM\FlightSim\FlightSimProject\Artifacts\FoundationSmoke\smoke-00001000\KTEX_EMERGENCY_RTB_01-00001000"
159.78999999999965,"smoke-00001000","KTEX_EMERGENCY_RTB_01-00001000","KTEX_EMERGENCY_RTB_01",1000,Batch,Running,AutomationPilot,1.0490898,152.14140867635908,MissionCache,True,"","D:\Workspace\MM\FlightSim\FlightSimProject\Artifacts\FoundationSmoke\smoke-00001000\KTEX_EMERGENCY_RTB_01-00001000"
159.98999999999947,"smoke-00001000","KTEX_EMERGENCY_RTB_01-00001000","KTEX_EMERGENCY_RTB_01",1000,Batch,Running,AutomationPilot,1.0502721,152.16056867548861,MissionCache,True,"","D:\Workspace\MM\FlightSim\FlightSimProject\Artifacts\FoundationSmoke\smoke-00001000\KTEX_EMERGENCY_RTB_01-00001000"
160.18999999999929,"smoke-00001000","KTEX_EMERGENCY_RTB_01-00001000","KTEX_EMERGENCY_RTB_01",1000,Batch,Running,AutomationPilot,1.0514522,152.1800039982792,MissionCache,True,"","D:\Workspace\MM\FlightSim\FlightSimProject\Artifacts\FoundationSmoke\smoke-00001000\KTEX_EMERGENCY_RTB_01-00001000"
160.38999999999911,"smoke-00001000","KTEX_EMERGENCY_RTB_01-00001000","KTEX_EMERGENCY_RTB_01",1000,Batch,Running,AutomationPilot,1.0525969,152.20451437772547,MissionCache,True,"","D:\Workspace\MM\FlightSim\FlightSimProject\Artifacts\FoundationSmoke\smoke-00001000\KTEX_EMERGENCY_RTB_01-00001000"
160.58999999999892,"smoke-00001000","KTEX_EMERGENCY_RTB_01-00001000","KTEX_EMERGENCY_RTB_01",1000,Batch,Running,AutomationPilot,1.0543099999999999,152.14690176513466,MissionCache,True,"","D:\Workspace\MM\FlightSim\FlightSimProject\Artifacts\FoundationSmoke\smoke-00001000\KTEX_EMERGENCY_RTB_01-00001000"
160.78999999999874,"smoke-00001000","KTEX_EMERGENCY_RTB_01-00001000","KTEX_EMERGENCY_RTB_01",1000,Batch,Running,AutomationPilot,1.0554489,152.17221790652195,MissionCache,True,"","D:\Workspace\MM\FlightSim\FlightSimProject\Artifacts\FoundationSmoke\smoke-00001000\KTEX_EMERGENCY_RTB_01-00001000"
160.98999999999856,"smoke-00001000","KTEX_EMERGENCY_RTB_01-00001000","KTEX_EMERGENCY_RTB_01",1000,Batch,Running,AutomationPilot,1.0565927,152.19677364797118,MissionCache,True,"","D:\Workspace\MM\FlightSim\FlightSimProject\Artifacts\FoundationSmoke\smoke-00001000\KTEX_EMERGENCY_RTB_01-00001000"
161.18999999999838,"smoke-00001000","KTEX_EMERGENCY_RTB_01-00001000","KTEX_EMERGENCY_RTB_01",1000,Batch,Running,AutomationPilot,1.0577706999999998,152.21635464094302,MissionCache,True,"","D:\Workspace\MM\FlightSim\FlightSimProject\Artifacts\FoundationSmoke\smoke-00001000\KTEX_EMERGENCY_RTB_01-00001000"
161.3899999999982,"smoke-00001000","KTEX_EMERGENCY_RTB_01-00001000","KTEX_EMERGENCY_RTB_01",1000,Batch,Running,AutomationPilot,1.0588954,152.24355493469739,MissionCache,True,"","D:\Workspace\MM\FlightSim\FlightSimProject\Artifacts\FoundationSmoke\smoke-00001000\KTEX_EMERGENCY_RTB_01-00001000"
161.589999999998,"smoke-00001000","KTEX_EMERGENCY_RTB_01-00001000","KTEX_EMERGENCY_RTB_01",1000,Batch,Running,AutomationPilot,1.0600222,152.27039584642492,MissionCache,True,"","D:\Workspace\MM\FlightSim\FlightSimProject\Artifacts\FoundationSmoke\smoke-00001000\KTEX_EMERGENCY_RTB_01-00001000"
161.78999999999783,"smoke-00001000","KTEX_EMERGENCY_RTB_01-00001000","KTEX_EMERGENCY_RTB_01",1000,Batch,Running,AutomationPilot,1.0611475,152.29739503697459,MissionCache,True,"","D:\Workspace\MM\FlightSim\FlightSimProject\Artifacts\FoundationSmoke\smoke-00001000\KTEX_EMERGENCY_RTB_01-00001000"
161.98999999999765,"smoke-00001000","KTEX_EMERGENCY_RTB_01-00001000","KTEX_EMERGENCY_RTB_01",1000,Batch,Running,AutomationPilot,1.0624506999999999,152.29883137165595,MissionCache,True,"","D:\Workspace\MM\FlightSim\FlightSimProject\Artifacts\FoundationSmoke\smoke-00001000\KTEX_EMERGENCY_RTB_01-00001000"
162.18999999999747,"smoke-00001000","KTEX_EMERGENCY_RTB_01-00001000","KTEX_EMERGENCY_RTB_01",1000,Batch,Running,AutomationPilot,1.0635946,152.32307497612118,MissionCache,True,"","D:\Workspace\MM\FlightSim\FlightSimProject\Artifacts\FoundationSmoke\smoke-00001000\KTEX_EMERGENCY_RTB_01-00001000"
162.38999999999729,"smoke-00001000","KTEX_EMERGENCY_RTB_01-00001000","KTEX_EMERGENCY_RTB_01",1000,Batch,Running,AutomationPilot,1.0647248,152.34922676732754,MissionCache,True,"","D:\Workspace\MM\FlightSim\FlightSimProject\Artifacts\FoundationSmoke\smoke-00001000\KTEX_EMERGENCY_RTB_01-00001000"
162.5899999999971,"smoke-00001000","KTEX_EMERGENCY_RTB_01-00001000","KTEX_EMERGENCY_RTB_01",1000,Batch,Running,AutomationPilot,1.0658598,152.37463688938948,MissionCache,True,"","D:\Workspace\MM\FlightSim\FlightSimProject\Artifacts\FoundationSmoke\smoke-00001000\KTEX_EMERGENCY_RTB_01-00001000"
162.78999999999692,"smoke-00001000","KTEX_EMERGENCY_RTB_01-00001000","KTEX_EMERGENCY_RTB_01",1000,Batch,Running,AutomationPilot,1.0670068,152.39827899878154,MissionCache,True,"","D:\Workspace\MM\FlightSim\FlightSimProject\Artifacts\FoundationSmoke\smoke-00001000\KTEX_EMERGENCY_RTB_01-00001000"
162.98999999999674,"smoke-00001000","KTEX_EMERGENCY_RTB_01-00001000","KTEX_EMERGENCY_RTB_01",1000,Batch,Running,AutomationPilot,1.0681694,152.41964429986191,MissionCache,True,"","D:\Workspace\MM\FlightSim\FlightSimProject\Artifacts\FoundationSmoke\smoke-00001000\KTEX_EMERGENCY_RTB_01-00001000"
163.18999999999656,"smoke-00001000","KTEX_EMERGENCY_RTB_01-00001000","KTEX_EMERGENCY_RTB_01",1000,Batch,Running,AutomationPilot,1.0693253999999999,152.44190402659166,MissionCache,True,"","D:\Workspace\MM\FlightSim\FlightSimProject\Artifacts\FoundationSmoke\smoke-00001000\KTEX_EMERGENCY_RTB_01-00001000"
163.38999999999638,"smoke-00001000","KTEX_EMERGENCY_RTB_01-00001000","KTEX_EMERGENCY_RTB_01",1000,Batch,Running,AutomationPilot,1.0704612,152.46699273172771,MissionCache,True,"","D:\Workspace\MM\FlightSim\FlightSimProject\Artifacts\FoundationSmoke\smoke-00001000\KTEX_EMERGENCY_RTB_01-00001000"
163.58999999999619,"smoke-00001000","KTEX_EMERGENCY_RTB_01-00001000","KTEX_EMERGENCY_RTB_01",1000,Batch,Running,AutomationPilot,1.0716447999999998,152.48522644816302,MissionCache,True,"","D:\Workspace\MM\FlightSim\FlightSimProject\Artifacts\FoundationSmoke\smoke-00001000\KTEX_EMERGENCY_RTB_01-00001000"
163.789999999996,"smoke-00001000","KTEX_EMERGENCY_RTB_01-00001000","KTEX_EMERGENCY_RTB_01",1000,Batch,Running,AutomationPilot,1.0728239,152.50405961313518,MissionCache,True,"","D:\Workspace\MM\FlightSim\FlightSimProject\Artifacts\FoundationSmoke\smoke-00001000\KTEX_EMERGENCY_RTB_01-00001000"
163.98999999999583,"smoke-00001000","KTEX_EMERGENCY_RTB_01-00001000","KTEX_EMERGENCY_RTB_01",1000,Batch,Running,AutomationPilot,1.0739895,152.52476863134697,MissionCache,True,"","D:\Workspace\MM\FlightSim\FlightSimProject\Artifacts\FoundationSmoke\smoke-00001000\KTEX_EMERGENCY_RTB_01-00001000"
164.18999999999565,"smoke-00001000","KTEX_EMERGENCY_RTB_01-00001000","KTEX_EMERGENCY_RTB_01",1000,Batch,Running,AutomationPilot,1.0751591999999999,152.54485103228976,MissionCache,True,"","D:\Workspace\MM\FlightSim\FlightSimProject\Artifacts\FoundationSmoke\smoke-00001000\KTEX_EMERGENCY_RTB_01-00001000"
164.38999999999547,"smoke-00001000","KTEX_EMERGENCY_RTB_01-00001000","KTEX_EMERGENCY_RTB_01",1000,Batch,Running,AutomationPilot,1.0763094,152.56765387350109,MissionCache,True,"","D:\Workspace\MM\FlightSim\FlightSimProject\Artifacts\FoundationSmoke\smoke-00001000\KTEX_EMERGENCY_RTB_01-00001000"
164.58999999999529,"smoke-00001000","KTEX_EMERGENCY_RTB_01-00001000","KTEX_EMERGENCY_RTB_01",1000,Batch,Running,AutomationPilot,1.0776854,152.55843681281704,MissionCache,True,"","D:\Workspace\MM\FlightSim\FlightSimProject\Artifacts\FoundationSmoke\smoke-00001000\KTEX_EMERGENCY_RTB_01-00001000"
164.7899999999951,"smoke-00001000","KTEX_EMERGENCY_RTB_01-00001000","KTEX_EMERGENCY_RTB_01",1000,Batch,Running,AutomationPilot,1.0796324,152.46856244773247,MissionCache,True,"","D:\Workspace\MM\FlightSim\FlightSimProject\Artifacts\FoundationSmoke\smoke-00001000\KTEX_EMERGENCY_RTB_01-00001000"
164.98999999999492,"smoke-00001000","KTEX_EMERGENCY_RTB_01-00001000","KTEX_EMERGENCY_RTB_01",1000,Batch,Running,AutomationPilot,1.0808238,152.48553927105888,MissionCache,True,"","D:\Workspace\MM\FlightSim\FlightSimProject\Artifacts\FoundationSmoke\smoke-00001000\KTEX_EMERGENCY_RTB_01-00001000"
165.18999999999474,"smoke-00001000","KTEX_EMERGENCY_RTB_01-00001000","KTEX_EMERGENCY_RTB_01",1000,Batch,Running,AutomationPilot,1.081979,152.507581015893,MissionCache,True,"","D:\Workspace\MM\FlightSim\FlightSimProject\Artifacts\FoundationSmoke\smoke-00001000\KTEX_EMERGENCY_RTB_01-00001000"
165.38999999999456,"smoke-00001000","KTEX_EMERGENCY_RTB_01-00001000","KTEX_EMERGENCY_RTB_01",1000,Batch,Running,AutomationPilot,1.0832675,152.51080642592407,MissionCache,True,"","D:\Workspace\MM\FlightSim\FlightSimProject\Artifacts\FoundationSmoke\smoke-00001000\KTEX_EMERGENCY_RTB_01-00001000"
165.58999999999438,"smoke-00001000","KTEX_EMERGENCY_RTB_01-00001000","KTEX_EMERGENCY_RTB_01",1000,Batch,Running,AutomationPilot,1.0844696,152.52617500757469,MissionCache,True,"","D:\Workspace\MM\FlightSim\FlightSimProject\Artifacts\FoundationSmoke\smoke-00001000\KTEX_EMERGENCY_RTB_01-00001000"
165.78999999999419,"smoke-00001000","KTEX_EMERGENCY_RTB_01-00001000","KTEX_EMERGENCY_RTB_01",1000,Batch,Running,AutomationPilot,1.0856255,152.54800112929769,MissionCache,True,"","D:\Workspace\MM\FlightSim\FlightSimProject\Artifacts\FoundationSmoke\smoke-00001000\KTEX_EMERGENCY_RTB_01-00001000"
165.989999999994,"smoke-00001000","KTEX_EMERGENCY_RTB_01-00001000","KTEX_EMERGENCY_RTB_01",1000,Batch,Running,AutomationPilot,1.0868160999999998,152.56490955553033,MissionCache,True,"","D:\Workspace\MM\FlightSim\FlightSimProject\Artifacts\FoundationSmoke\smoke-00001000\KTEX_EMERGENCY_RTB_01-00001000"
166.18999999999383,"smoke-00001000","KTEX_EMERGENCY_RTB_01-00001000","KTEX_EMERGENCY_RTB_01",1000,Batch,Running,AutomationPilot,1.0879758,152.58611450732084,MissionCache,True,"","D:\Workspace\MM\FlightSim\FlightSimProject\Artifacts\FoundationSmoke\smoke-00001000\KTEX_EMERGENCY_RTB_01-00001000"
166.38999999999365,"smoke-00001000","KTEX_EMERGENCY_RTB_01-00001000","KTEX_EMERGENCY_RTB_01",1000,Batch,Running,AutomationPilot,1.0891340999999999,152.60747046667058,MissionCache,True,"","D:\Workspace\MM\FlightSim\FlightSimProject\Artifacts\FoundationSmoke\smoke-00001000\KTEX_EMERGENCY_RTB_01-00001000"
166.58999999999347,"smoke-00001000","KTEX_EMERGENCY_RTB_01-00001000","KTEX_EMERGENCY_RTB_01",1000,Batch,Running,AutomationPilot,1.0902969,152.6281511026892,MissionCache,True,"","D:\Workspace\MM\FlightSim\FlightSimProject\Artifacts\FoundationSmoke\smoke-00001000\KTEX_EMERGENCY_RTB_01-00001000"
166.78999999999328,"smoke-00001000","KTEX_EMERGENCY_RTB_01-00001000","KTEX_EMERGENCY_RTB_01",1000,Batch,Running,AutomationPilot,1.0914963,152.64366906236279,MissionCache,True,"","D:\Workspace\MM\FlightSim\FlightSimProject\Artifacts\FoundationSmoke\smoke-00001000\KTEX_EMERGENCY_RTB_01-00001000"
166.9899999999931,"smoke-00001000","KTEX_EMERGENCY_RTB_01-00001000","KTEX_EMERGENCY_RTB_01",1000,Batch,Running,AutomationPilot,1.0926797,152.66138832815625,MissionCache,True,"","D:\Workspace\MM\FlightSim\FlightSimProject\Artifacts\FoundationSmoke\smoke-00001000\KTEX_EMERGENCY_RTB_01-00001000"
167.18999999999292,"smoke-00001000","KTEX_EMERGENCY_RTB_01-00001000","KTEX_EMERGENCY_RTB_01",1000,Batch,Running,AutomationPilot,1.0940765,152.64928914933563,MissionCache,True,"","D:\Workspace\MM\FlightSim\FlightSimProject\Artifacts\FoundationSmoke\smoke-00001000\KTEX_EMERGENCY_RTB_01-00001000"
167.38999999999274,"smoke-00001000","KTEX_EMERGENCY_RTB_01-00001000","KTEX_EMERGENCY_RTB_01",1000,Batch,Running,AutomationPilot,1.0952844,152.66354565078524,MissionCache,True,"","D:\Workspace\MM\FlightSim\FlightSimProject\Artifacts\FoundationSmoke\smoke-00001000\KTEX_EMERGENCY_RTB_01-00001000"
167.58999999999256,"smoke-00001000","KTEX_EMERGENCY_RTB_01-00001000","KTEX_EMERGENCY_RTB_01",1000,Batch,Running,AutomationPilot,1.0964665,152.68136327009782,MissionCache,True,"","D:\Workspace\MM\FlightSim\FlightSimProject\Artifacts\FoundationSmoke\smoke-00001000\KTEX_EMERGENCY_RTB_01-00001000"
167.78999999999238,"smoke-00001000","KTEX_EMERGENCY_RTB_01-00001000","KTEX_EMERGENCY_RTB_01",1000,Batch,Running,AutomationPilot,1.097635,152.70103449688881,MissionCache,True,"","D:\Workspace\MM\FlightSim\FlightSimProject\Artifacts\FoundationSmoke\smoke-00001000\KTEX_EMERGENCY_RTB_01-00001000"
167.98999999999219,"smoke-00001000","KTEX_EMERGENCY_RTB_01-00001000","KTEX_EMERGENCY_RTB_01",1000,Batch,Running,AutomationPilot,1.0988288,152.71714756656576,MissionCache,True,"","D:\Workspace\MM\FlightSim\FlightSimProject\Artifacts\FoundationSmoke\smoke-00001000\KTEX_EMERGENCY_RTB_01-00001000"
168.189999999992,"smoke-00001000","KTEX_EMERGENCY_RTB_01-00001000","KTEX_EMERGENCY_RTB_01",1000,Batch,Running,AutomationPilot,1.0999895,152.73782158828988,MissionCache,True,"","D:\Workspace\MM\FlightSim\FlightSimProject\Artifacts\FoundationSmoke\smoke-00001000\KTEX_EMERGENCY_RTB_01-00001000"
168.38999999999183,"smoke-00001000","KTEX_EMERGENCY_RTB_01-00001000","KTEX_EMERGENCY_RTB_01",1000,Batch,Running,AutomationPilot,1.1011349,152.76057456719607,MissionCache,True,"","D:\Workspace\MM\FlightSim\FlightSimProject\Artifacts\FoundationSmoke\smoke-00001000\KTEX_EMERGENCY_RTB_01-00001000"
168.58999999999165,"smoke-00001000","KTEX_EMERGENCY_RTB_01-00001000","KTEX_EMERGENCY_RTB_01",1000,Batch,Running,AutomationPilot,1.1022844,152.78271197523236,MissionCache,True,"","D:\Workspace\MM\FlightSim\FlightSimProject\Artifacts\FoundationSmoke\smoke-00001000\KTEX_EMERGENCY_RTB_01-00001000"
168.78999999999147,"smoke-00001000","KTEX_EMERGENCY_RTB_01-00001000","KTEX_EMERGENCY_RTB_01",1000,Batch,Completed,AutomationPilot,1.1034327,152.80496943763913,MissionCache,True,"All required objectives succeeded.","D:\Workspace\MM\FlightSim\FlightSimProject\Artifacts\FoundationSmoke\smoke-00001000\KTEX_EMERGENCY_RTB_01-00001000"
168.78999999999147,"smoke-00001000","KTEX_EMERGENCY_RTB_01-00001000","KTEX_EMERGENCY_RTB_01",1000,Batch,Completed,AutomationPilot,1.1034327,152.80496943763913,MissionCache,True,"All required objectives succeeded.","D:\Workspace\MM\FlightSim\FlightSimProject\Artifacts\FoundationSmoke\smoke-00001000\KTEX_EMERGENCY_RTB_01-00001000"
